geo_id,source_id,country,school_name,school_name_romanized,isced_level,school_type,sector,adm0,adm1,adm2,adm3,urban_rural,ghsl_smod_code,ghsl_urban_rural,latitude,longitude,coordinate_source,coordinate_precision,status
CRI_000001,306,CRI,EL CARMEN,,1,,public,Costa Rica,Provincia San José,Escazu,San Antonio,urban,30,urban,9.8967534,-84.14121184,official_emis,exact,unknown
CRI_000002,307,CRI,DAVID MARIN HIDALGO,,1,,public,Costa Rica,Provincia San José,Escazu,San Antonio,urban,30,urban,9.90327017,-84.15965354,official_emis,exact,unknown
CRI_000003,308,CRI,BELLO HORIZONTE,,1,,public,Costa Rica,Provincia San José,Escazu,,urban,30,urban,9.91935087,-84.13000764,official_emis,exact,unknown
CRI_000004,309,CRI,BETANIA,,1,,public,Costa Rica,Provincia San José,Montes de Oca,,urban,30,urban,9.93971231,-84.0535617,official_emis,exact,unknown
CRI_000005,310,CRI,BRASIL DE SANTA ANA,,1,,public,Costa Rica,Provincia San José,Santa Ana,Brasil,urban,30,urban,9.93543488,-84.22480796,official_emis,exact,unknown
CRI_000006,311,CRI,CARMEN LYRA,,1,,public,Costa Rica,Provincia San José,Alajuelita,Concepción,urban,30,urban,9.89313568,-84.08764071,official_emis,exact,unknown
CRI_000007,312,CRI,SAN RAFAEL,,1,,public,Costa Rica,Provincia San José,Tibas,Cinco Esquinas,urban,30,urban,9.94677813,-84.08737603,official_emis,exact,unknown
CRI_000008,313,CRI,PATIO DE AGUA,,1,,public,Costa Rica,Provincia San José,Vazquez de Coronado,San Rafael,urban,12,rural,9.97489483,-83.96508638,official_emis,exact,unknown
CRI_000009,314,CRI,MONTERREY VARGAS ARAYA,,1,,public,Costa Rica,Provincia San José,Montes de Oca,San Pedro,urban,30,urban,9.93773354,-84.03428572,official_emis,exact,unknown
CRI_000010,315,CRI,BUENAVENTURA CORRALES,,1,,public,Costa Rica,Provincia San José,San Jose,Carmen,urban,30,urban,9.93611332,-84.07431514,official_emis,exact,unknown
CRI_000011,318,CRI,LA PEREGRINA,,1,,public,Costa Rica,Provincia San José,San Jose,Uruca,urban,30,urban,9.95606208,-84.10081941,official_emis,exact,unknown
CRI_000012,319,CRI,JESUS JIMENEZ ZAMORA,,1,,public,Costa Rica,Provincia San José,Tibas,San Juan,urban,30,urban,9.96619241,-84.08230782,official_emis,exact,unknown
CRI_000013,320,CRI,CARLOS SANABRIA MORA,,1,,public,Costa Rica,Provincia San José,San Jose,Pavas,urban,30,urban,9.94327177,-84.13068339,official_emis,exact,unknown
CRI_000014,321,CRI,CAROLINA DENT ALVARADO,,1,,public,Costa Rica,Provincia San José,San Jose,San Sebastián,urban,30,urban,9.91767437,-84.0883152,official_emis,exact,unknown
CRI_000015,322,CRI,PIO XII,,1,,public,Costa Rica,Provincia San José,Vazquez de Coronado,Cascajal,urban,13,rural,10.00297689,-83.95935345,official_emis,exact,unknown
CRI_000016,323,CRI,BARRIO LAMPARAS,,1,,public,Costa Rica,Provincia San José,Alajuelita,San Antonio,urban,30,urban,9.87548491,-84.10630401,official_emis,exact,unknown
CRI_000017,324,CRI,SAN RAFAEL,,1,,public,Costa Rica,Provincia San José,Santa Ana,Santa Ana,urban,30,urban,9.9252792,-84.17727623,official_emis,exact,unknown
CRI_000018,325,CRI,ESMERALDA OREAMUNO,,1,,public,Costa Rica,Provincia San José,Tibas,Cinco Esquinas,urban,30,urban,9.94681611,-84.08072828,official_emis,exact,unknown
CRI_000019,327,CRI,CORAZON DE JESUS,,1,,public,Costa Rica,Provincia San José,Escazu,Escazú,urban,30,urban,9.91443435,-84.14771007,official_emis,exact,unknown
CRI_000020,328,CRI,CIUDADELA DE PAVAS,,1,,public,Costa Rica,Provincia San José,San Jose,Pavas,urban,30,urban,9.94691426,-84.13699162,official_emis,exact,unknown
CRI_000021,329,CRI,QUINCE DE SETIEMBRE,,1,,public,Costa Rica,Provincia San José,San Jose,Hatillo,urban,30,urban,9.91184554,-84.09641482,official_emis,exact,unknown
CRI_000022,330,CRI,CONCEPCION,,1,,public,Costa Rica,Provincia San José,Alajuelita,Concepción,urban,30,urban,9.8955359,-84.09381677,official_emis,exact,unknown
CRI_000023,332,CRI,CORAZON DE JESUS,,1,,public,Costa Rica,Provincia San José,San Jose,Uruca,urban,30,urban,9.95903829,-84.11263068,official_emis,exact,unknown
CRI_000024,333,CRI,PLATANARES,,1,,public,Costa Rica,Provincia San José,Moravia,San Jerónimo,urban,21,peri_urban,10.00161599,-84.01236762,official_emis,exact,unknown
CRI_000025,334,CRI,COSTA RICA,,1,,public,Costa Rica,Provincia San José,San Jose,Merced,urban,30,urban,9.94239283,-84.09307608,official_emis,exact,unknown
CRI_000026,335,CRI,JUAN SANTAMARIA,,1,,public,Costa Rica,Provincia San José,Curridabat,Curridabat,urban,30,urban,9.91184039,-84.03741598,official_emis,exact,unknown
CRI_000027,336,CRI,LEON XIII,,1,,public,Costa Rica,Provincia San José,Tibas,León XIII,urban,30,urban,9.96051217,-84.09835411,official_emis,exact,unknown
CRI_000028,337,CRI,LAS BRISAS DEL VIRILLA,,1,,public,Costa Rica,Provincia San José,San Jose,Uruca,urban,30,urban,9.96454154,-84.12726687,official_emis,exact,unknown
CRI_000029,338,CRI,APOLINAR LOBO UMAÑA,,1,,public,Costa Rica,Provincia Heredia,Santo Domingo,Paracito,urban,30,urban,9.9931875,-84.02551454,official_emis,exact,unknown
CRI_000030,339,CRI,DULCE NOMBRE,,1,,public,Costa Rica,Provincia San José,Vazquez de Coronado,Dulce Nombre de Jesús,urban,30,urban,9.98265464,-84.01448062,official_emis,exact,unknown
CRI_000031,340,CRI,EL LLANO,,1,,public,Costa Rica,Provincia San José,Alajuelita,San Antonio,urban,30,urban,9.88540876,-84.11455814,official_emis,exact,unknown
CRI_000032,341,CRI,PABELLON,,1,,public,Costa Rica,Provincia San José,Santa Ana,Salitral,rural,11,rural,9.8948505,-84.18645662,official_emis,exact,unknown
CRI_000033,342,CRI,LOMAS DEL RIO,,1,,public,Costa Rica,Provincia San José,San Jose,Pavas,urban,30,urban,9.95963932,-84.16217913,official_emis,exact,unknown
CRI_000034,343,CRI,REPUBLICA DE VENEZUELA,,1,,public,Costa Rica,Provincia San José,Escazu,Escazú,urban,30,urban,9.91922149,-84.14063416,official_emis,exact,unknown
CRI_000035,344,CRI,ESPAÑA,,1,,public,Costa Rica,Provincia San José,San Jose,Catedral,urban,30,urban,9.93099684,-84.07465454,official_emis,exact,unknown
CRI_000036,345,CRI,ESCUELA DR. FERRAZ,,1,,public,Costa Rica,Provincia San José,Goicoechea,Calle Blancos,urban,30,urban,9.94297818,-84.06766972,official_emis,exact,unknown
CRI_000037,346,CRI,CLAUDIO CORTES CASTRO,,1,,public,Costa Rica,Provincia San José,Goicoechea,San Francisco,urban,30,urban,9.94139153,-84.06802099,official_emis,exact,unknown
CRI_000038,347,CRI,MARCELINO GARCIA FLAMENCO,,1,,public,Costa Rica,Provincia San José,San Jose,Catedral,urban,30,urban,9.92848457,-84.07837113,official_emis,exact,unknown
CRI_000039,348,CRI,LOS SITIOS,,1,,public,Costa Rica,Provincia San José,Moravia,La Trinidad,urban,30,urban,9.98301167,-84.04062984,official_emis,exact,unknown
CRI_000040,349,CRI,JOSE ANGEL VIETO RANGEL,,1,,public,Costa Rica,Provincia San José,Curridabat,Sánchez,urban,30,urban,9.92684553,-84.01360937,official_emis,exact,unknown
CRI_000041,350,CRI,GUACHIPELIN,,1,,public,Costa Rica,Provincia San José,Escazu,,urban,30,urban,9.94433536,-84.15935382,official_emis,exact,unknown
CRI_000042,351,CRI,AMERICA CENTRAL,,1,,public,Costa Rica,Provincia San José,Goicoechea,Guadalupe,urban,30,urban,9.94803255,-84.05637793,official_emis,exact,unknown
CRI_000043,352,CRI,PILAR JIMENEZ SOLIS,,1,,public,Costa Rica,Provincia San José,Goicoechea,Guadalupe,urban,30,urban,9.94896452,-84.0552527,official_emis,exact,unknown
CRI_000044,353,CRI,TEJARCILLOS,,1,,public,Costa Rica,Provincia San José,Alajuelita,,urban,30,urban,9.9028572,-84.11177758,official_emis,exact,unknown
CRI_000045,354,CRI,HONDURAS,,1,,public,Costa Rica,Provincia San José,Santa Ana,Pozos,urban,30,urban,9.96369442,-84.18887899,official_emis,exact,unknown
CRI_000046,356,CRI,CIUDADELAS UNIDAS,,1,,public,Costa Rica,Provincia San José,Alajuelita,,urban,30,urban,9.9138944,-84.11120892,official_emis,exact,unknown
CRI_000047,357,CRI,SAN FRANCISCO,,1,,public,Costa Rica,Provincia San José,Vazquez de Coronado,San Isidro,urban,30,urban,9.97299463,-83.99968052,official_emis,exact,unknown
CRI_000048,358,CRI,ABRAHAM LINCOLN,,1,,public,Costa Rica,Provincia San José,Alajuelita,Alajuelita,urban,30,urban,9.90031483,-84.09971792,official_emis,exact,unknown
CRI_000049,359,CRI,MONSERRAT,,1,,public,Costa Rica,Provincia San José,Vazquez de Coronado,Cascajal,urban,11,rural,10.03137369,-83.93509173,official_emis,exact,unknown
CRI_000050,360,CRI,LUIS DEMETRIO TINOCO CASTRO,,1,,public,Costa Rica,Provincia San José,Goicoechea,Purral,urban,30,urban,9.96010761,-84.00767912,official_emis,exact,unknown
CRI_000051,361,CRI,ANDRES BELLO LOPEZ,,1,,public,Costa Rica,Provincia San José,Santa Ana,Santa Ana,urban,30,urban,9.93250037,-84.18238192,official_emis,exact,unknown
CRI_000052,363,CRI,REPUBLICA DE PARAGUAY,,1,,public,Costa Rica,Provincia San José,San Jose,Hatillo,urban,30,urban,9.91660676,-84.09842434,official_emis,exact,unknown
CRI_000053,366,CRI,JUAN FLORES UMAÑA,,1,,public,Costa Rica,Provincia San José,Goicoechea,Ipís,urban,30,urban,9.96128226,-84.03617938,official_emis,exact,unknown
CRI_000054,368,CRI,JOSE FIDEL TRISTAN,,1,,public,Costa Rica,Provincia San José,San Jose,Merced,urban,30,urban,9.93792156,-84.0942798,official_emis,exact,unknown
CRI_000055,369,CRI,DOCTOR JOSE MARIA CASTRO MADRIZ,,1,,public,Costa Rica,Provincia San José,San Jose,Zapote,urban,30,urban,9.91870754,-84.06730412,official_emis,exact,unknown
CRI_000056,370,CRI,JUAN RAFAEL MORA  PORRAS,,1,,public,Costa Rica,Provincia San José,San Jose,Merced,urban,30,urban,9.93617244,-84.088695,official_emis,exact,unknown
CRI_000057,373,CRI,JOSE RAFAEL ARAYA ROJAS,,1,,public,Costa Rica,Provincia San José,Tibas,San Juan,urban,30,urban,9.96303155,-84.06392356,official_emis,exact,unknown
CRI_000058,374,CRI,LA ISLA,,1,,public,Costa Rica,Provincia San José,Moravia,San Vicente,urban,30,urban,9.97151745,-84.04399115,official_emis,exact,unknown
CRI_000059,375,CRI,LA MINA,,1,,public,Costa Rica,Provincia San José,Santa Ana,Uruca,urban,12,rural,9.91630812,-84.19662684,official_emis,exact,unknown
CRI_000060,376,CRI,LA TRINIDAD,,1,,public,Costa Rica,Provincia San José,Moravia,La Trinidad,urban,30,urban,9.97298652,-84.03298738,official_emis,exact,unknown
CRI_000061,377,CRI,ANTONIO JOSE DE SUCRE,,1,,public,Costa Rica,Provincia San José,San Jose,Uruca,urban,30,urban,9.94983087,-84.10042488,official_emis,exact,unknown
CRI_000062,378,CRI,ISABEL LA CATOLICA,,1,,public,Costa Rica,Provincia San José,Santa Ana,Uruca,urban,30,urban,9.9333866,-84.20034361,official_emis,exact,unknown
CRI_000063,379,CRI,PACIFICA FERNANDEZ OREAMUNO,,1,,public,Costa Rica,Provincia San José,San Jose,Hatillo,urban,30,urban,9.91433669,-84.10020121,official_emis,exact,unknown
CRI_000064,380,CRI,ESTADO DE ISRAEL,,1,,public,Costa Rica,Provincia San José,Vazquez de Coronado,Patalillo,urban,30,urban,9.97307855,-84.02591654,official_emis,exact,unknown
CRI_000065,381,CRI,LAS NUBES,,1,,public,Costa Rica,Provincia San José,Vazquez de Coronado,San Rafael,urban,21,peri_urban,9.98707665,-83.96098459,official_emis,exact,unknown
CRI_000066,382,CRI,MONSEÑOR ANSELMO LLORENTE Y LA FUENTE,,1,,public,Costa Rica,Provincia San José,Tibas,Anselmo Llorente,urban,30,urban,9.95544329,-84.06932274,official_emis,exact,unknown
CRI_000067,383,CRI,LOS ANGELES,,1,,public,Costa Rica,Provincia San José,Goicoechea,Ipís,urban,30,urban,9.9656659,-84.01832705,official_emis,exact,unknown
CRI_000068,386,CRI,DANTE ALIGHIERI,,1,,public,Costa Rica,Provincia San José,Montes de Oca,San Pedro,urban,30,urban,9.93333309,-84.04106566,official_emis,exact,unknown
CRI_000069,387,CRI,MAURO FERNANDEZ ACUÑA,,1,,public,Costa Rica,Provincia San José,San Jose,Hospital,urban,30,urban,9.93134547,-84.08392721,official_emis,exact,unknown
CRI_000070,388,CRI,GENERAL MANUEL BELGRANO GONZALEZ,,1,,public,Costa Rica,Provincia San José,San Jose,Hatillo,urban,30,urban,9.92080102,-84.09564449,official_emis,exact,unknown
CRI_000071,390,CRI,JOSE CUBERO MUÑOZ,,1,,public,Costa Rica,Provincia San José,Goicoechea,Mata de Plátano,urban,30,urban,9.95409532,-84.01194862,official_emis,exact,unknown
CRI_000072,391,CRI,JUAN ALVAREZ AZOFEIFA,,1,,public,Costa Rica,Provincia San José,Santa Ana,Salitral,rural,21,peri_urban,9.88886709,-84.17139597,official_emis,exact,unknown
CRI_000073,393,CRI,CALLE EL ALTO,,1,,public,Costa Rica,Provincia San José,Alajuelita,San Josecito,urban,30,urban,9.89273681,-84.11194483,official_emis,exact,unknown
CRI_000074,394,CRI,NACIONES UNIDAS,,1,,public,Costa Rica,Provincia San José,San Jose,Catedral,urban,30,urban,9.91814052,-84.07413467,official_emis,exact,unknown
CRI_000075,396,CRI,LABORATORIO U.C.R.,,1,,public,Costa Rica,Provincia San José,Montes de Oca,San Pedro,urban,30,urban,9.94001882,-84.03649097,official_emis,exact,unknown
CRI_000076,397,CRI,OMAR DENGO GUERRERO,,1,,public,Costa Rica,Provincia San José,San Jose,Hospital,urban,30,urban,9.92623514,-84.08827465,official_emis,exact,unknown
CRI_000077,398,CRI,RAFAEL FRANCISCO OSEJO,,1,,public,Costa Rica,Provincia San José,San Jose,Mata Redonda,urban,30,urban,9.93296876,-84.10977387,official_emis,exact,unknown
CRI_000078,400,CRI,EZEQUIEL MORALES AGUILAR,,1,,public,Costa Rica,Provincia San José,Santa Ana,Piedades,urban,30,urban,9.92854326,-84.21709113,official_emis,exact,unknown
CRI_000079,401,CRI,PORFIRIO BRENES CASTRO,,1,,public,Costa Rica,Provincia San José,Moravia,San Vicente,urban,30,urban,9.96095989,-84.04930315,official_emis,exact,unknown
CRI_000080,403,CRI,REPUBLICA DE FRANCIA,,1,,public,Costa Rica,Provincia San José,Santa Ana,Pozos,urban,30,urban,9.94766057,-84.18824544,official_emis,exact,unknown
CRI_000081,404,CRI,LAGOS DE LINDORA,,1,,public,Costa Rica,Provincia San José,Santa Ana,Pozos,urban,30,urban,9.95731123,-84.20584696,official_emis,exact,unknown
CRI_000082,405,CRI,BENJAMIN HERRERA ANGULO,,1,,public,Costa Rica,Provincia San José,Escazu,San Antonio,urban,30,urban,9.91548274,-84.13804371,official_emis,exact,unknown
CRI_000083,406,CRI,PBRO. YANUARIO QUESADA,,1,,public,Costa Rica,Provincia San José,Escazu,,urban,30,urban,9.92937764,-84.13539281,official_emis,exact,unknown
CRI_000084,408,CRI,JOSE FABIO GARNIER UGALDE,,1,,public,Costa Rica,Provincia San José,Goicoechea,Rancho Redondo,rural,12,rural,9.96059438,-83.94926137,official_emis,exact,unknown
CRI_000085,409,CRI,REPUBLICA DE ARGENTINA,,1,,public,Costa Rica,Provincia San José,San Jose,Merced,urban,30,urban,9.94091347,-84.08457985,official_emis,exact,unknown
CRI_000086,410,CRI,REPUBLICA DE CHILE,,1,,public,Costa Rica,Provincia San José,San Jose,Catedral,urban,30,urban,9.92701567,-84.07022277,official_emis,exact,unknown
CRI_000087,413,CRI,REPUBLICA DE NICARAGUA,,1,,public,Costa Rica,Provincia San José,San Jose,Hospital,urban,30,urban,9.9212627,-84.08348928,official_emis,exact,unknown
CRI_000088,414,CRI,RICARDO JIMENEZ OREAMUNO,,1,,public,Costa Rica,Provincia San José,San Jose,Catedral,urban,30,urban,9.92405904,-84.07902007,official_emis,exact,unknown
CRI_000089,415,CRI,QUINCE DE AGOSTO,,1,,public,Costa Rica,Provincia San José,Curridabat,Tirrases,urban,30,urban,9.89866082,-84.02531558,official_emis,exact,unknown
CRI_000090,418,CRI,ROBERTO CANTILLANO VINDAS,,1,,public,Costa Rica,Provincia San José,Goicoechea,Ipís,urban,30,urban,9.96542224,-84.00949889,official_emis,exact,unknown
CRI_000091,421,CRI,JOSE FIGUERES FERRER,,1,,public,Costa Rica,Provincia San José,Montes de Oca,Sabanilla,urban,30,urban,9.94510822,-84.03343558,official_emis,exact,unknown
CRI_000092,422,CRI,JORGE VOLIO JIMENEZ,,1,,public,Costa Rica,Provincia San José,Santa Ana,Salitral,rural,30,urban,9.91209606,-84.17876952,official_emis,exact,unknown
CRI_000093,423,CRI,JUAN XXIII,,1,,public,Costa Rica,Provincia San José,Escazu,San Antonio,urban,30,urban,9.90442955,-84.13451359,official_emis,exact,unknown
CRI_000094,425,CRI,SAN BLAS,,1,,public,Costa Rica,Provincia San José,Moravia,San Vicente,urban,30,urban,9.96616332,-84.03717274,official_emis,exact,unknown
CRI_000095,426,CRI,REPUBLICA DOMINICANA,,1,,public,Costa Rica,Provincia San José,San Jose,San Francisco de Dos Ríos,urban,30,urban,9.91113326,-84.05689387,official_emis,exact,unknown
CRI_000096,428,CRI,SAN FELIPE,,1,,public,Costa Rica,Provincia San José,Alajuelita,Alajuelita,urban,30,urban,9.90187905,-84.10463141,official_emis,exact,unknown
CRI_000097,429,CRI,SAN JERONIMO,,1,,public,Costa Rica,Provincia San José,Moravia,San Jerónimo,urban,21,peri_urban,10.00583572,-84.01667256,official_emis,exact,unknown
CRI_000098,431,CRI,ISMAEL COTO FERNANDEZ,,1,,public,Costa Rica,Provincia San José,Alajuelita,San Josecito,urban,30,urban,9.89224683,-84.10604531,official_emis,exact,unknown
CRI_000099,432,CRI,FRANKLIN DELANO ROOSEVELT,,1,,public,Costa Rica,Provincia San José,Montes de Oca,San Pedro,urban,30,urban,9.93020808,-84.05282103,official_emis,exact,unknown
CRI_000100,433,CRI,MANUEL MARIA GUTIERREZ ZAMORA,,1,,public,Costa Rica,Provincia San José,Vazquez de Coronado,Cascajal,urban,30,urban,9.99013393,-83.99074752,official_emis,exact,unknown
CRI_000101,434,CRI,SAN RAFAEL,,1,,public,Costa Rica,Provincia San José,Vazquez de Coronado,San Rafael,urban,30,urban,9.980542,-83.9909524,official_emis,exact,unknown
CRI_000102,435,CRI,INGLATERRA,,1,,public,Costa Rica,Provincia San José,Montes de Oca,San Rafael,urban,30,urban,9.94300937,-84.0173143,official_emis,exact,unknown
CRI_000103,436,CRI,JOSEFITA JURADO DE ALVARADO,,1,,public,Costa Rica,Provincia San José,Curridabat,Sánchez,urban,30,urban,9.91157356,-84.01702776,official_emis,exact,unknown
CRI_000104,438,CRI,GRANADILLA NORTE,,1,,public,Costa Rica,Provincia San José,Curridabat,Granadilla,urban,30,urban,9.93423034,-84.01266232,official_emis,exact,unknown
CRI_000105,439,CRI,JOSE ANA MARIN CUBERO,,1,,public,Costa Rica,Provincia San José,Vazquez de Coronado,San Isidro,urban,30,urban,9.97886548,-84.00839778,official_emis,exact,unknown
CRI_000106,441,CRI,CENTRO AMERICA,,1,,public,Costa Rica,Provincia San José,Curridabat,Tirrases,urban,30,urban,9.90732143,-84.03774447,official_emis,exact,unknown
CRI_000107,442,CRI,OTTO HUBBE,,1,,public,Costa Rica,Provincia San José,San Jose,Uruca,urban,30,urban,9.95910348,-84.1203681,official_emis,exact,unknown
CRI_000108,443,CRI,FINCA LA CAJA,,1,,public,Costa Rica,Provincia San José,San Jose,Uruca,urban,30,urban,9.96412001,-84.15239966,official_emis,exact,unknown
CRI_000109,444,CRI,FILOMENA BLANCO DE QUIROS,,1,,public,Costa Rica,Provincia San José,Goicoechea,Purral,rural,30,urban,9.96550404,-83.99780681,official_emis,exact,unknown
CRI_000110,447,CRI,NAPOLEON QUESADA SALAZAR,,1,,public,Costa Rica,Provincia San José,San Jose,Zapote,urban,30,urban,9.92181802,-84.0550425,official_emis,exact,unknown
CRI_000111,454,CRI,MIGUEL DE CERVANTES SAAVEDRA,,1,,public,Costa Rica,Provincia San José,San Jose,Hatillo,urban,30,urban,9.91527139,-84.10476982,official_emis,exact,unknown
CRI_000112,455,CRI,CEDROS,,1,,public,Costa Rica,Provincia San José,Montes de Oca,Sabanilla,urban,30,urban,9.94194378,-84.0277728,official_emis,exact,unknown
CRI_000113,457,CRI,CIPRESES,,1,,public,Costa Rica,Provincia San José,Curridabat,Curridabat,urban,30,urban,9.91833828,-84.0274963,official_emis,exact,unknown
CRI_000114,458,CRI,CUATRO REINAS,,1,,public,Costa Rica,Provincia San José,Tibas,Colima,urban,30,urban,9.96181925,-84.09152181,official_emis,exact,unknown
CRI_000115,459,CRI,LA LIA,,1,,public,Costa Rica,Provincia San José,Curridabat,Curridabat,urban,30,urban,9.90931278,-84.03084954,official_emis,exact,unknown
CRI_000116,460,CRI,BARRIO PINTO,,1,,public,Costa Rica,Provincia San José,Montes de Oca,San Pedro,urban,30,urban,9.9261535,-84.04760773,official_emis,exact,unknown
CRI_000117,461,CRI,SANTA MARTA,,1,,public,Costa Rica,Provincia San José,Montes de Oca,San Pedro,urban,30,urban,9.93108858,-84.03514825,official_emis,exact,unknown
CRI_000118,462,CRI,SANTA MARTA,,1,,public,Costa Rica,Provincia San José,San Jose,San Francisco de Dos Ríos,urban,30,urban,9.90753525,-84.06652186,official_emis,exact,unknown
CRI_000119,463,CRI,HATILLO 2,,1,,public,Costa Rica,Provincia San José,San Jose,Hatillo,urban,30,urban,9.91987961,-84.10397916,official_emis,exact,unknown
CRI_000120,464,CRI,INSTITUTO DANIEL ODUBER QUIROS,,1,,public,Costa Rica,Provincia San José,San Jose,Pavas,urban,30,urban,9.94314108,-84.14229645,official_emis,exact,unknown
CRI_000121,465,CRI,MIGUEL OBREGON LIZANO,,1,,public,Costa Rica,Provincia San José,Tibas,San Juan,urban,30,urban,9.9601184,-84.07970055,official_emis,exact,unknown
CRI_000122,466,CRI,FINCA SAN JUAN,,1,,public,Costa Rica,Provincia San José,San Jose,Pavas,urban,30,urban,9.95409079,-84.15383098,official_emis,exact,unknown
CRI_000123,469,CRI,JORGE DEBRAVO,,1,,public,Costa Rica,Provincia San José,San Jose,Hatillo,urban,30,urban,9.92716774,-84.11179702,official_emis,exact,unknown
CRI_000124,470,CRI,RINCON GRANDE,,1,,public,Costa Rica,Provincia San José,San Jose,Pavas,urban,30,urban,9.9557689,-84.15360386,official_emis,exact,unknown
CRI_000125,471,CRI,JOSE MARIA ZELEDON BRENES,,1,,public,Costa Rica,Provincia San José,Curridabat,Curridabat,urban,30,urban,9.91711529,-84.04174069,official_emis,exact,unknown
CRI_000126,472,CRI,LOS PINOS,,1,,public,Costa Rica,Provincia San José,Alajuelita,,urban,30,urban,9.91882344,-84.11800056,official_emis,exact,unknown
CRI_000127,473,CRI,HERBERTH FARRER KNIGHTS,,1,,public,Costa Rica,Provincia San José,Leon Cortes Castro,San Andrés,rural,12,rural,9.73966848,-84.09283913,official_emis,exact,unknown
CRI_000128,474,CRI,OJO DE AGUA,,1,,public,Costa Rica,Provincia San José,Aserri,Vuelta de Jorco,rural,21,peri_urban,9.80188002,-84.12332962,official_emis,exact,unknown
CRI_000129,475,CRI,AGUA BLANCA,,1,,public,Costa Rica,Provincia San José,Acosta,Palmichal,rural,21,peri_urban,9.81068115,-84.18296503,official_emis,exact,unknown
CRI_000130,476,CRI,LINDA VISTA,,1,,public,Costa Rica,Provincia Cartago,La Union,Río Azul,urban,30,urban,9.88468961,-84.02563339,official_emis,exact,unknown
CRI_000131,477,CRI,FINCA CAPRI,,1,,public,Costa Rica,Provincia San José,Desamparados,San Miguel,urban,30,urban,9.86662993,-84.06029471,official_emis,exact,unknown
CRI_000132,478,CRI,SAUREZ,,1,,public,Costa Rica,Provincia San José,Aserri,Aserrí,urban,30,urban,9.85275837,-84.09783101,official_emis,exact,unknown
CRI_000133,480,CRI,SAN RAFAEL,,1,,public,Costa Rica,Provincia San José,Desamparados,San Rafael Arriba,urban,30,urban,9.88543195,-84.07689108,official_emis,exact,unknown
CRI_000134,481,CRI,TOMAS DE ACOSTA,,1,,public,Costa Rica,Provincia San José,Acosta,Palmichal,rural,12,rural,9.81355771,-84.21927304,official_emis,exact,unknown
CRI_000135,484,CRI,ILDEFONSO CAMACHO PORTUGUEZ,,1,,public,Costa Rica,Provincia San José,Aserri,Legua,rural,12,rural,9.73499413,-84.10986462,official_emis,exact,unknown
CRI_000136,485,CRI,BAJO DE CEDRAL,,1,,public,Costa Rica,Provincia San José,Aserri,Tarbaca,rural,12,rural,9.81366694,-84.13302431,official_emis,exact,unknown
CRI_000137,487,CRI,BIJAGUAL NORTE,,1,,public,Costa Rica,Provincia San José,Aserri,Legua,rural,12,rural,9.65964309,-84.17739424,official_emis,exact,unknown
CRI_000138,489,CRI,MARIA TERESA OBREGON LORIA,,1,,public,Costa Rica,Provincia San José,Acosta,Sabanillas,rural,11,rural,9.75816551,-84.25116246,official_emis,exact,unknown
CRI_000139,490,CRI,HIGUITO,,1,,public,Costa Rica,Provincia San José,Desamparados,San Miguel,urban,30,urban,9.85202934,-84.05559258,official_emis,exact,unknown
CRI_000140,491,CRI,MARTIN MORA ROJAS,,1,,public,Costa Rica,Provincia San José,Desamparados,Frailes,rural,12,rural,9.75331923,-84.08455605,official_emis,exact,unknown
CRI_000141,492,CRI,JOSE TRINIDAD MORA VALVERDE,,1,,public,Costa Rica,Provincia San José,Desamparados,Desamparados,urban,30,urban,9.89243006,-84.07156476,official_emis,exact,unknown
CRI_000142,493,CRI,CANGREJAL,,1,,public,Costa Rica,Provincia San José,Acosta,Cangrejal,rural,12,rural,9.76400818,-84.21880726,official_emis,exact,unknown
CRI_000143,494,CRI,CARAGRAL,,1,,public,Costa Rica,Provincia San José,Acosta,Palmichal,rural,11,rural,9.82474023,-84.14863122,official_emis,exact,unknown
CRI_000144,495,CRI,LA LAGUNA,,1,,public,Costa Rica,Provincia San José,Aserri,Legua,rural,12,rural,9.64771766,-84.18500041,official_emis,exact,unknown
CRI_000145,496,CRI,CEIBA ALTA,,1,,public,Costa Rica,Provincia San José,Aserri,Cangrejal,rural,12,rural,9.757938,-84.15687903,official_emis,exact,unknown
CRI_000146,497,CRI,ENTRADA LA LUCHA,,1,,public,Costa Rica,Provincia San José,Desamparados,San Cristóbal,rural,13,rural,9.74764359,-84.00071073,official_emis,exact,unknown
CRI_000147,498,CRI,JUAN CALDERON VALVERDE,,1,,public,Costa Rica,Provincia San José,Acosta,San Ignacio,rural,12,rural,9.8127116,-84.17084726,official_emis,exact,unknown
CRI_000148,499,CRI,ISABEL LA CATOLICA,,1,,public,Costa Rica,Provincia San José,Acosta,Guaitil,rural,11,rural,9.77830044,-84.25529091,official_emis,exact,unknown
CRI_000149,500,CRI,LAGUNILLAS,,1,,public,Costa Rica,Provincia San José,Acosta,Guaitil,rural,12,rural,9.81574557,-84.19732554,official_emis,exact,unknown
CRI_000150,501,CRI,MANUEL HIDALGO MORA,,1,,public,Costa Rica,Provincia San José,Aserri,Aserrí,urban,30,urban,9.86259872,-84.09354147,official_emis,exact,unknown
CRI_000151,502,CRI,SANTA TERESITA,,1,,public,Costa Rica,Provincia San José,Aserri,Salitrillos,urban,30,urban,9.86386175,-84.08332718,official_emis,exact,unknown
CRI_000152,503,CRI,TRANQUERILLAS,,1,,public,Costa Rica,Provincia San José,Aserri,San Gabriel,rural,12,rural,9.80088812,-84.09991825,official_emis,exact,unknown
CRI_000153,504,CRI,JOAQUIN GARCIA MONGE,,1,,public,Costa Rica,Provincia San José,Desamparados,Desamparados,urban,30,urban,9.89933148,-84.06588841,official_emis,exact,unknown
CRI_000154,505,CRI,CORAZON DE JESUS,,1,,public,Costa Rica,Provincia San José,Aserri,Aserrí,urban,30,urban,9.87046416,-84.08805769,official_emis,exact,unknown
CRI_000155,506,CRI,JOSE MARIA ZELEDON BRENES,,1,,public,Costa Rica,Provincia San José,Desamparados,San Miguel,urban,30,urban,9.84947487,-84.06598539,official_emis,exact,unknown
CRI_000156,507,CRI,EL MANZANO,,1,,public,Costa Rica,Provincia San José,Desamparados,San Miguel,urban,12,rural,9.81251458,-84.06526807,official_emis,exact,unknown
CRI_000157,509,CRI,CIUDADELA FATIMA,,1,,public,Costa Rica,Provincia San José,Desamparados,Damas,urban,30,urban,9.88850754,-84.04120303,official_emis,exact,unknown
CRI_000158,510,CRI,CECILIO PIEDRA GUTIERREZ,,1,,public,Costa Rica,Provincia San José,Desamparados,Frailes,rural,13,rural,9.75102433,-84.05515587,official_emis,exact,unknown
CRI_000159,511,CRI,LEANDRO FONSECA NARANJO,,1,,public,Costa Rica,Provincia San José,Desamparados,Rosario,rural,12,rural,9.80382038,-84.07696352,official_emis,exact,unknown
CRI_000160,512,CRI,GUAITIL,,1,,public,Costa Rica,Provincia San José,Acosta,Guaitil,rural,12,rural,9.79176417,-84.2319521,official_emis,exact,unknown
CRI_000161,513,CRI,EDWIN PORRAS ULLOA,,1,,public,Costa Rica,Provincia San José,Desamparados,San Rafael Arriba,urban,30,urban,9.86473259,-84.06403992,official_emis,exact,unknown
CRI_000162,514,CRI,DOCTOR RAFAEL CALDERON MUÑOZ,,1,,public,Costa Rica,Provincia San José,Desamparados,San Miguel,urban,30,urban,9.85766863,-84.05345938,official_emis,exact,unknown
CRI_000163,516,CRI,AGUSTIN SEGURA,,1,,public,Costa Rica,Provincia San José,Desamparados,San Miguel,urban,12,rural,9.83053198,-84.06179136,official_emis,exact,unknown
CRI_000164,517,CRI,JOCOTAL ABAJO,,1,,public,Costa Rica,Provincia San José,Aserri,Vuelta de Jorco,rural,11,rural,9.7739662,-84.13339718,official_emis,exact,unknown
CRI_000165,518,CRI,LA URUCA,,1,,public,Costa Rica,Provincia San José,Aserri,Vuelta de Jorco,rural,12,rural,9.76291193,-84.13359244,official_emis,exact,unknown
CRI_000166,519,CRI,JUAN RUDIN ISELIN,,1,,public,Costa Rica,Provincia San José,Aserri,Vuelta de Jorco,rural,12,rural,9.75145785,-84.14237481,official_emis,exact,unknown
CRI_000167,520,CRI,CEIBA BAJA,,1,,public,Costa Rica,Provincia San José,Acosta,Cangrejal,rural,11,rural,9.76401692,-84.19404396,official_emis,exact,unknown
CRI_000168,521,CRI,CEIBA ESTE,,1,,public,Costa Rica,Provincia San José,Acosta,Cangrejal,rural,12,rural,9.75634136,-84.17050845,official_emis,exact,unknown
CRI_000169,522,CRI,LA CRUZ,,1,,public,Costa Rica,Provincia San José,Acosta,Guaitil,rural,12,rural,9.79281378,-84.20645394,official_emis,exact,unknown
CRI_000170,523,CRI,LA ESCUADRA,,1,,public,Costa Rica,Provincia San José,Acosta,Cangrejal,rural,12,rural,9.74288848,-84.20622437,official_emis,exact,unknown
CRI_000171,524,CRI,LA JOYA,,1,,public,Costa Rica,Provincia San José,Desamparados,Rosario,rural,12,rural,9.8163082,-84.081534,official_emis,exact,unknown
CRI_000172,525,CRI,CECILIA ORLICH FIGUERES,,1,,public,Costa Rica,Provincia San José,Desamparados,San Cristóbal,rural,13,rural,9.73899853,-83.99883269,official_emis,exact,unknown
CRI_000173,526,CRI,CHIROGRES,,1,,public,Costa Rica,Provincia San José,Desamparados,Rosario,rural,12,rural,9.80679147,-84.08556104,official_emis,exact,unknown
CRI_000174,527,CRI,LA MESA,,1,,public,Costa Rica,Provincia San José,Acosta,Cangrejal,rural,12,rural,9.77457516,-84.17208261,official_emis,exact,unknown
CRI_000175,528,CRI,LA PALMA,,1,,public,Costa Rica,Provincia San José,Acosta,Sabanillas,rural,11,rural,9.75083216,-84.24279339,official_emis,exact,unknown
CRI_000176,529,CRI,LA TRINIDAD,,1,,public,Costa Rica,Provincia San José,Desamparados,San Gabriel,rural,21,peri_urban,9.76875632,-84.10613488,official_emis,exact,unknown
CRI_000177,530,CRI,JESUS ROJAS CRUZ,,1,,public,Costa Rica,Provincia San José,Acosta,Sabanillas,rural,12,rural,9.7522416,-84.27333391,official_emis,exact,unknown
CRI_000178,531,CRI,LAS GRAVILIAS,,1,,public,Costa Rica,Provincia San José,Desamparados,Gravilias,urban,30,urban,9.89553661,-84.0592415,official_emis,exact,unknown
CRI_000179,532,CRI,LAS LIMAS,,1,,public,Costa Rica,Provincia San José,Acosta,Sabanillas,rural,11,rural,9.74701644,-84.31917711,official_emis,exact,unknown
CRI_000180,533,CRI,RICARDO JIMENEZ OREAMUNO,,1,,public,Costa Rica,Provincia San José,Aserri,San Gabriel,rural,12,rural,9.77471518,-84.11908503,official_emis,exact,unknown
CRI_000181,534,CRI,LLANO BONITO,,1,,public,Costa Rica,Provincia San José,Acosta,Cangrejal,rural,11,rural,9.7551858,-84.20620049,official_emis,exact,unknown
CRI_000182,535,CRI,MANUEL PADILLA UREÑA,,1,,public,Costa Rica,Provincia Cartago,Cartago,Corralillo,rural,21,peri_urban,9.77580946,-84.07193554,official_emis,exact,unknown
CRI_000183,536,CRI,FLORIA ZELEDON TREJOS,,1,,public,Costa Rica,Provincia San José,Aserri,Vuelta de Jorco,rural,21,peri_urban,9.78138665,-84.12609732,official_emis,exact,unknown
CRI_000184,537,CRI,BRAULIO ODIO HERRERA,,1,,public,Costa Rica,Provincia San José,Aserri,Monterrey,rural,21,peri_urban,9.75659979,-84.10818416,official_emis,exact,unknown
CRI_000185,538,CRI,NARANJAL,,1,,public,Costa Rica,Provincia San José,Acosta,Cangrejal,rural,11,rural,9.74701199,-84.22549268,official_emis,exact,unknown
CRI_000186,539,CRI,BRAULIO CASTRO CHACON,,1,,public,Costa Rica,Provincia San José,Acosta,Guaitil,rural,12,rural,9.80664155,-84.19729376,official_emis,exact,unknown
CRI_000187,540,CRI,PARRITA,,1,,public,Costa Rica,Provincia San José,Aserri,Legua,rural,12,rural,9.69179713,-84.13588959,official_emis,exact,unknown
CRI_000188,542,CRI,REPUBLICA DE HAITI,,1,,public,Costa Rica,Provincia San José,San Jose,San Sebastián,urban,30,urban,9.90786333,-84.08370034,official_emis,exact,unknown
CRI_000189,543,CRI,JUAN MONGE GUILLEN,,1,,public,Costa Rica,Provincia San José,Desamparados,Patarrá,urban,30,urban,9.88228109,-84.03522295,official_emis,exact,unknown
CRI_000190,544,CRI,MARIA GARCIA ARAYA,,1,,public,Costa Rica,Provincia San José,Aserri,Vuelta de Jorco,rural,21,peri_urban,9.79683002,-84.12083086,official_emis,exact,unknown
CRI_000191,545,CRI,ANDRES CORRALES MORA,,1,,public,Costa Rica,Provincia San José,Aserri,Aserrí,urban,30,urban,9.87230592,-84.10108475,official_emis,exact,unknown
CRI_000192,546,CRI,PRAGA,,1,,public,Costa Rica,Provincia San José,Aserri,Tarbaca,rural,21,peri_urban,9.81929014,-84.11059331,official_emis,exact,unknown
CRI_000193,547,CRI,REPUBLICA FEDERAL DE ALEMANIA,,1,,public,Costa Rica,Provincia San José,Desamparados,Patarrá,urban,21,peri_urban,9.87571431,-84.02319123,official_emis,exact,unknown
CRI_000194,548,CRI,FRANCISCO GAMBOA MORA,,1,,public,Costa Rica,Provincia Cartago,La Union,Río Azul,urban,30,urban,9.89082954,-84.03412492,official_emis,exact,unknown
CRI_000195,549,CRI,LINDA VISTA,,1,,public,Costa Rica,Provincia San José,Acosta,Cangrejal,rural,12,rural,9.76673493,-84.18283171,official_emis,exact,unknown
CRI_000196,550,CRI,LAS MERCEDES,,1,,public,Costa Rica,Provincia San José,Aserri,Aserrí,urban,30,urban,9.8561445,-84.09911755,official_emis,exact,unknown
CRI_000197,551,CRI,EL ROSARIO,,1,,public,Costa Rica,Provincia San José,Desamparados,Rosario,rural,21,peri_urban,9.79213686,-84.08575278,official_emis,exact,unknown
CRI_000198,552,CRI,LA FILA,,1,,public,Costa Rica,Provincia San José,Aserri,Rosario,rural,21,peri_urban,9.78839338,-84.09592197,official_emis,exact,unknown
CRI_000199,553,CRI,MATIAS CAMACHO CASTRO,,1,,public,Costa Rica,Provincia San José,Acosta,Sabanillas,rural,12,rural,9.73862732,-84.26985868,official_emis,exact,unknown
CRI_000200,554,CRI,SABANILLAS,,1,,public,Costa Rica,Provincia San José,Acosta,Sabanillas,rural,12,rural,9.74387724,-84.25921498,official_emis,exact,unknown
CRI_000201,556,CRI,REPUBLICA DE PANAMA,,1,,public,Costa Rica,Provincia San José,Desamparados,San Antonio,urban,30,urban,9.8991811,-84.04993251,official_emis,exact,unknown
CRI_000202,557,CRI,MIXTA SAN CRISTOBAL SUR,,1,,public,Costa Rica,Provincia San José,Desamparados,San Cristóbal,rural,12,rural,9.74909607,-84.02616772,official_emis,exact,unknown
CRI_000203,558,CRI,GABRIEL BRENES ROBLES,,1,,public,Costa Rica,Provincia San José,Aserri,San Gabriel,rural,21,peri_urban,9.78769504,-84.10563923,official_emis,exact,unknown
CRI_000204,559,CRI,CRISTOBAL COLON,,1,,public,Costa Rica,Provincia San José,Acosta,San Ignacio,rural,23,urban,9.79924684,-84.16257462,official_emis,exact,unknown
CRI_000205,560,CRI,SAN JERONIMO,,1,,public,Costa Rica,Provincia San José,Acosta,Sabanillas,rural,12,rural,9.71964278,-84.28652084,official_emis,exact,unknown
CRI_000206,561,CRI,SOTERO GONZALEZ BARQUERO,,1,,public,Costa Rica,Provincia San José,Desamparados,San Juan de Dios,urban,30,urban,9.8760198,-84.08465264,official_emis,exact,unknown
CRI_000207,563,CRI,SOLEDAD,,1,,public,Costa Rica,Provincia San José,Acosta,Sabanillas,rural,11,rural,9.7293689,-84.25215042,official_emis,exact,unknown
CRI_000208,564,CRI,SAN LUIS,,1,,public,Costa Rica,Provincia San José,Acosta,San Ignacio,rural,23,urban,9.79227708,-84.16685477,official_emis,exact,unknown
CRI_000209,565,CRI,REPUBLICA DE HONDURAS,,1,,public,Costa Rica,Provincia San José,Desamparados,San Miguel,urban,30,urban,9.87150599,-84.06221336,official_emis,exact,unknown
CRI_000210,567,CRI,ELIAS JIMENEZ CASTRO,,1,,public,Costa Rica,Provincia San José,Desamparados,San Rafael Abajo,urban,30,urban,9.89342556,-84.08111874,official_emis,exact,unknown
CRI_000211,568,CRI,CENTRAL SAN SEBASTIAN,,1,,public,Costa Rica,Provincia San José,San Jose,San Sebastián,urban,30,urban,9.90554206,-84.08929834,official_emis,exact,unknown
CRI_000212,570,CRI,BAJOS DE PRAGA,,1,,public,Costa Rica,Provincia San José,Aserri,Vuelta de Jorco,rural,21,peri_urban,9.80844,-84.12129812,official_emis,exact,unknown
CRI_000213,571,CRI,DR. MARIANO FIGUERES FORGES,,1,,public,Costa Rica,Provincia Cartago,Desamparados,Corralillo,rural,21,peri_urban,9.76682144,-84.05402521,official_emis,exact,unknown
CRI_000214,572,CRI,SEVILLA,,1,,public,Costa Rica,Provincia San José,Acosta,Palmichal,rural,12,rural,9.82189645,-84.18982821,official_emis,exact,unknown
CRI_000215,573,CRI,MANUEL ORTUÑO BOUTIN,,1,,public,Costa Rica,Provincia San José,Desamparados,San Rafael Arriba,urban,30,urban,9.87435844,-84.07538431,official_emis,exact,unknown
CRI_000216,575,CRI,SANTA MARTA,,1,,public,Costa Rica,Provincia San José,Aserri,Vuelta de Jorco,rural,11,rural,9.77746067,-84.15266281,official_emis,exact,unknown
CRI_000217,576,CRI,TERUEL,,1,,public,Costa Rica,Provincia San José,Acosta,Sabanillas,rural,12,rural,9.74059414,-84.29199621,official_emis,exact,unknown
CRI_000218,577,CRI,TIQUIRITOS,,1,,public,Costa Rica,Provincia San José,Acosta,Sabanillas,rural,11,rural,9.71064344,-84.23958848,official_emis,exact,unknown
CRI_000219,578,CRI,PAQUITA FERRER DE FIGUERES,,1,,public,Costa Rica,Provincia Cartago,Cartago,Corralillo,rural,21,peri_urban,9.7978126,-84.06973704,official_emis,exact,unknown
CRI_000220,579,CRI,JUSTO MARIA PADILLA CASTRO,,1,,public,Costa Rica,Provincia Cartago,Cartago,Corralillo,rural,21,peri_urban,9.79031856,-84.06725328,official_emis,exact,unknown
CRI_000221,580,CRI,TOLEDO,,1,,public,Costa Rica,Provincia San José,Acosta,Guaitil,rural,12,rural,9.80017428,-84.24361052,official_emis,exact,unknown
CRI_000222,581,CRI,LAS GRAVILIAS,,1,,public,Costa Rica,Provincia San José,Acosta,Cangrejal,rural,12,rural,9.74744507,-84.16499319,official_emis,exact,unknown
CRI_000223,582,CRI,FERNANDO DE ARAGON,,1,,public,Costa Rica,Provincia San José,Acosta,San Ignacio,rural,23,urban,9.79841204,-84.17096919,official_emis,exact,unknown
CRI_000224,583,CRI,ALEJANDRO RODRIGUEZ RODRIGUEZ,,1,,public,Costa Rica,Provincia San José,Aserri,Vuelta de Jorco,rural,21,peri_urban,9.79653339,-84.13024533,official_emis,exact,unknown
CRI_000225,584,CRI,BAJOS DE PLOMO,,1,,public,Costa Rica,Provincia San José,Acosta,Sabanillas,rural,11,rural,9.76229678,-84.3167706,official_emis,exact,unknown
CRI_000226,585,CRI,ZONCUANO,,1,,public,Costa Rica,Provincia San José,Acosta,Sabanillas,rural,12,rural,9.68471666,-84.23691006,official_emis,exact,unknown
CRI_000227,586,CRI,CASPIROLA,,1,,public,Costa Rica,Provincia San José,Acosta,Sabanillas,rural,12,rural,9.67740665,-84.27739235,official_emis,exact,unknown
CRI_000228,587,CRI,LAS VEGAS,,1,,public,Costa Rica,Provincia San José,Acosta,Sabanillas,rural,12,rural,9.6558131,-84.26358615,official_emis,exact,unknown
CRI_000229,588,CRI,LA PACAYA,,1,,public,Costa Rica,Provincia San José,Desamparados,San Miguel,urban,13,rural,9.81176863,-84.05381573,official_emis,exact,unknown
CRI_000230,589,CRI,TABLAZO,,1,,public,Costa Rica,Provincia San José,Acosta,San Ignacio,rural,12,rural,9.8066152,-84.15015703,official_emis,exact,unknown
CRI_000231,590,CRI,GUATUSO,,1,,public,Costa Rica,Provincia San José,Desamparados,Patarrá,urban,30,urban,9.86893795,-84.03585734,official_emis,exact,unknown
CRI_000232,591,CRI,LA ESPERANZA,,1,,public,Costa Rica,Provincia San José,Acosta,San Ignacio,rural,21,peri_urban,9.79520947,-84.14616281,official_emis,exact,unknown
CRI_000233,592,CRI,JESUS MORALES GARBANZO,,1,,public,Costa Rica,Provincia San José,Desamparados,Frailes,rural,12,rural,9.7626506,-84.04043385,official_emis,exact,unknown
CRI_000234,593,CRI,DOS CERCAS,,1,,public,Costa Rica,Provincia San José,Desamparados,Damas,urban,30,urban,9.8927015,-84.04509087,official_emis,exact,unknown
CRI_000235,594,CRI,SAN JERONIMO,,1,,public,Costa Rica,Provincia San José,Desamparados,Desamparados,urban,30,urban,9.9024134,-84.07479547,official_emis,exact,unknown
CRI_000236,595,CRI,SOR MARIA ROMERO MENESES,,1,,public,Costa Rica,Provincia San José,Desamparados,San Miguel,urban,30,urban,9.87653899,-84.06869897,official_emis,exact,unknown
CRI_000237,596,CRI,LUIS AGUILAR,,1,,public,Costa Rica,Provincia San José,Acosta,Guaitil,rural,12,rural,9.80700558,-84.23021388,official_emis,exact,unknown
CRI_000238,597,CRI,REV. FRANCISCO SCHMITS,,1,,public,Costa Rica,Provincia San José,Desamparados,Gravilias,urban,30,urban,9.88808606,-84.0570129,official_emis,exact,unknown
CRI_000239,598,CRI,LLANO BONITO,,1,,public,Costa Rica,Provincia San José,Desamparados,Rosario,rural,12,rural,9.82311202,-84.07174208,official_emis,exact,unknown
CRI_000240,599,CRI,JOSE NAVARRO ARAYA,,1,,public,Costa Rica,Provincia Cartago,Cartago,Corralillo,rural,13,rural,9.80573244,-84.05128639,official_emis,exact,unknown
CRI_000241,600,CRI,LA VALENCIA,,1,,public,Costa Rica,Provincia San José,Desamparados,San Rafael Abajo,urban,30,urban,9.8987671,-84.08342716,official_emis,exact,unknown
CRI_000242,601,CRI,LAS LETRAS,,1,,public,Costa Rica,Provincia San José,Desamparados,San Miguel,urban,30,urban,9.87068789,-84.05897433,official_emis,exact,unknown
CRI_000243,602,CRI,LOS GUIDO,,1,,public,Costa Rica,Provincia San José,Desamparados,Los Guido,urban,30,urban,9.86827626,-84.04264396,official_emis,exact,unknown
CRI_000244,603,CRI,SECTOR SIETE,,1,,public,Costa Rica,Provincia San José,Desamparados,Los Guido,urban,30,urban,9.86666028,-84.04963276,official_emis,exact,unknown
CRI_000245,605,CRI,SAN FRANCISCO,,1,,public,Costa Rica,Provincia San José,Puriscal,Santiago,urban,21,peri_urban,9.84679128,-84.32635533,official_emis,exact,unknown
CRI_000246,606,CRI,COLONIA GAMALOTILLO,,1,,public,Costa Rica,Provincia San José,Puriscal,Chires,rural,12,rural,9.60536007,-84.45795044,official_emis,exact,unknown
CRI_000247,607,CRI,MARCOS PEREZ,,1,,public,Costa Rica,Provincia San José,Turrubares,San Luis,rural,11,rural,9.85258738,-84.49975489,official_emis,exact,unknown
CRI_000248,608,CRI,BAJO LOS MURILLO,,1,,public,Costa Rica,Provincia San José,Puriscal,Mercedes Sur,rural,12,rural,9.83357382,-84.3418008,official_emis,exact,unknown
CRI_000249,609,CRI,LOS ALTOS,,1,,public,Costa Rica,Provincia San José,Mora,Colón,urban,12,rural,9.89994581,-84.22273558,official_emis,exact,unknown
CRI_000250,610,CRI,BAJO LOAIZA,,1,,public,Costa Rica,Provincia San José,Mora,Tabarcia,rural,12,rural,9.82288497,-84.25131157,official_emis,exact,unknown
CRI_000251,611,CRI,BAJO LOS BADILLA,,1,,public,Costa Rica,Provincia San José,Puriscal,Santiago,urban,11,rural,9.78418306,-84.27889093,official_emis,exact,unknown
CRI_000252,612,CRI,SANTA CECILIA,,1,,public,Costa Rica,Provincia San José,Puriscal,San Rafael,rural,12,rural,9.8432922,-84.30067242,official_emis,exact,unknown
CRI_000253,613,CRI,ROBERTO LOPEZ VARELA,,1,,public,Costa Rica,Provincia San José,Puriscal,Barbacoas,rural,21,peri_urban,9.85696107,-84.34962199,official_emis,exact,unknown
CRI_000254,614,CRI,JUNQUILLO ARRIBA,,1,,public,Costa Rica,Provincia San José,Puriscal,Mercedes Sur,rural,23,urban,9.83505589,-84.31903013,official_emis,exact,unknown
CRI_000255,615,CRI,BELLA VISTA,,1,,public,Costa Rica,Provincia San José,Puriscal,San Rafael,rural,12,rural,9.83099055,-84.28954885,official_emis,exact,unknown
CRI_000256,616,CRI,COLONIA SAN FRANCISCO,,1,,public,Costa Rica,Provincia San José,Turrubares,San Luis,rural,12,rural,9.86311453,-84.4794985,official_emis,exact,unknown
CRI_000257,617,CRI,LA ANGOSTURA,,1,,public,Costa Rica,Provincia San José,Puriscal,Chires,rural,11,rural,9.62242313,-84.47915825,official_emis,exact,unknown
CRI_000258,618,CRI,BRASIL DE MORA,,1,,public,Costa Rica,Provincia San José,Mora,Colón,urban,30,urban,9.93165788,-84.23243291,official_emis,exact,unknown
CRI_000259,619,CRI,BAJO CERDAS,,1,,public,Costa Rica,Provincia San José,Acosta,Palmichal,rural,12,rural,9.82388493,-84.20895988,official_emis,exact,unknown
CRI_000260,621,CRI,JUNQUILLO ABAJO,,1,,public,Costa Rica,Provincia San José,Puriscal,Santiago,urban,21,peri_urban,9.84169075,-84.31029219,official_emis,exact,unknown
CRI_000261,622,CRI,CAÑALES ARRIBA,,1,,public,Costa Rica,Provincia San José,Puriscal,Santiago,urban,12,rural,9.82316432,-84.30776393,official_emis,exact,unknown
CRI_000262,623,CRI,CANDELARITA,,1,,public,Costa Rica,Provincia San José,Puriscal,Candelarita,rural,12,rural,9.7954391,-84.33758659,official_emis,exact,unknown
CRI_000263,624,CRI,JUAN LUIS GARCIA GONZALEZ,,1,,public,Costa Rica,Provincia San José,Puriscal,Santiago,urban,12,rural,9.86180194,-84.33087918,official_emis,exact,unknown
CRI_000264,625,CRI,EL GALAN,,1,,public,Costa Rica,Provincia San José,Turrubares,Carara,rural,11,rural,9.74397127,-84.49289569,official_emis,exact,unknown
CRI_000265,626,CRI,CERBATANA,,1,,public,Costa Rica,Provincia San José,Puriscal,Mercedes Sur,rural,21,peri_urban,9.82599514,-84.32943697,official_emis,exact,unknown
CRI_000266,627,CRI,I.D.A. BIJAGUAL,,1,,public,Costa Rica,Provincia San José,Garabito,Tárcoles,rural,11,rural,9.74661379,-84.56763569,official_emis,exact,unknown
CRI_000267,628,CRI,ALTOS DE PEREZ ASTUA,,1,,public,Costa Rica,Provincia San José,Puriscal,Chires,rural,11,rural,9.68610373,-84.3223401,official_emis,exact,unknown
CRI_000268,630,CRI,COLONIA PASO AGRES,,1,,public,Costa Rica,Provincia San José,Turrubares,San Juan de Mata,rural,12,rural,9.88102398,-84.51118803,official_emis,exact,unknown
CRI_000269,631,CRI,LLANO GRANDE,,1,,public,Costa Rica,Provincia San José,Puriscal,Mercedes Sur,rural,11,rural,9.72721869,-84.43585571,official_emis,exact,unknown
CRI_000270,632,CRI,LLANO HERMOSO,,1,,public,Costa Rica,Provincia San José,Puriscal,Mercedes Sur,rural,12,rural,9.82757149,-84.42427494,official_emis,exact,unknown
CRI_000271,633,CRI,CONCEPCION,,1,,public,Costa Rica,Provincia San José,Puriscal,Chires,rural,11,rural,9.70548961,-84.3530342,official_emis,exact,unknown
CRI_000272,634,CRI,CORRALAR,,1,,public,Costa Rica,Provincia San José,Mora,Tabarcia,rural,12,rural,9.8490749,-84.21479396,official_emis,exact,unknown
CRI_000273,635,CRI,CORTEZAL,,1,,public,Costa Rica,Provincia San José,Puriscal,Barbacoas,rural,21,peri_urban,9.85044484,-84.36001426,official_emis,exact,unknown
CRI_000274,636,CRI,JOSE SALAZAR ZUÑIGA,,1,,public,Costa Rica,Provincia San José,Turrubares,Carara,rural,12,rural,9.72748429,-84.56767923,official_emis,exact,unknown
CRI_000275,638,CRI,GRIFO ALTO,,1,,public,Costa Rica,Provincia San José,Puriscal,Grifo Alto,rural,12,rural,9.87807281,-84.38913639,official_emis,exact,unknown
CRI_000276,639,CRI,GRIFO BAJO,,1,,public,Costa Rica,Provincia San José,Puriscal,Grifo Alto,rural,12,rural,9.89073859,-84.38091443,official_emis,exact,unknown
CRI_000277,640,CRI,LA PITA,,1,,public,Costa Rica,Provincia San José,Turrubares,San Pedro,rural,11,rural,9.86141775,-84.41773401,official_emis,exact,unknown
CRI_000278,641,CRI,EL SUR,,1,,public,Costa Rica,Provincia San José,Turrubares,Carara,rural,11,rural,9.74030804,-84.52354031,official_emis,exact,unknown
CRI_000279,642,CRI,TUFARES,,1,,public,Costa Rica,Provincia San José,Puriscal,Mercedes Sur,rural,12,rural,9.75470481,-84.38240187,official_emis,exact,unknown
CRI_000280,643,CRI,REPUBLICA DE PARAGUAY,,1,,public,Costa Rica,Provincia San José,Puriscal,Desamparaditos,rural,12,rural,9.87756188,-84.34060554,official_emis,exact,unknown
CRI_000281,644,CRI,EL PORO,,1,,public,Costa Rica,Provincia San José,Puriscal,Grifo Alto,rural,12,rural,9.88842597,-84.41519759,official_emis,exact,unknown
CRI_000282,645,CRI,ELOY MORUA CARRILLO,,1,,public,Costa Rica,Provincia San José,Puriscal,San Antonio,rural,12,rural,9.87086129,-84.30377222,official_emis,exact,unknown
CRI_000283,647,CRI,LA GLORIA,,1,,public,Costa Rica,Provincia San José,Puriscal,Chires,rural,12,rural,9.65385072,-84.45222748,official_emis,exact,unknown
CRI_000284,648,CRI,FLORALIA,,1,,public,Costa Rica,Provincia San José,Puriscal,San Rafael,rural,12,rural,9.81681341,-84.27710638,official_emis,exact,unknown
CRI_000285,649,CRI,GAMALOTILLO,,1,,public,Costa Rica,Provincia San José,Puriscal,Chires,rural,12,rural,9.60881985,-84.44258087,official_emis,exact,unknown
CRI_000286,650,CRI,GUARUMAL,,1,,public,Costa Rica,Provincia San José,Puriscal,Chires,rural,12,rural,9.68565152,-84.4214471,official_emis,exact,unknown
CRI_000287,651,CRI,JACINTO MORA GOMEZ,,1,,public,Costa Rica,Provincia San José,Mora,Guayabo,rural,21,peri_urban,9.85986678,-84.26233504,official_emis,exact,unknown
CRI_000288,652,CRI,SANTIAGO ALPIZAR JIMENEZ,,1,,public,Costa Rica,Provincia San José,Mora,Jaris,urban,21,peri_urban,9.8712829,-84.28157765,official_emis,exact,unknown
CRI_000289,653,CRI,JILGUERAL,,1,,public,Costa Rica,Provincia San José,Puriscal,Mercedes Sur,rural,11,rural,9.80077583,-84.40609573,official_emis,exact,unknown
CRI_000290,654,CRI,BOCANA,,1,,public,Costa Rica,Provincia San José,Puriscal,Mercedes Sur,rural,12,rural,9.77549067,-84.3683485,official_emis,exact,unknown
CRI_000291,655,CRI,LA ESPERANZA,,1,,public,Costa Rica,Provincia San José,Turrubares,Carara,rural,11,rural,9.70634397,-84.54342084,official_emis,exact,unknown
CRI_000292,656,CRI,ADELA RODRIGUEZ VENEGAS,,1,,public,Costa Rica,Provincia San José,Mora,Guayabo,rural,21,peri_urban,9.86357263,-84.27301414,official_emis,exact,unknown
CRI_000293,658,CRI,BAJO DE LA LEGUA,,1,,public,Costa Rica,Provincia San José,Puriscal,Mercedes Sur,rural,12,rural,9.81305705,-84.3574339,official_emis,exact,unknown
CRI_000294,659,CRI,LA LEGÜITA,,1,,public,Costa Rica,Provincia San José,Puriscal,Mercedes Sur,rural,12,rural,9.81545748,-84.3438438,official_emis,exact,unknown
CRI_000295,660,CRI,LA PALMA,,1,,public,Costa Rica,Provincia San José,Puriscal,Mercedes Sur,rural,12,rural,9.78835533,-84.38499778,official_emis,exact,unknown
CRI_000296,661,CRI,LA PALMA,,1,,public,Costa Rica,Provincia San José,Mora,Piedras Negras,rural,11,rural,9.89303459923364,-84.28877751023161,admin_centroid,approximate,unknown
CRI_000297,662,CRI,ROGELIO QUIROS VALVERDE,,1,,public,Costa Rica,Provincia San José,Turrubares,Carara,rural,11,rural,9.65730034,-84.511416,official_emis,exact,unknown
CRI_000298,663,CRI,POTENCIANA ARRIBA,,1,,public,Costa Rica,Provincia San José,Turrubares,San Luis,rural,11,rural,9.80204817,-84.45155469,official_emis,exact,unknown
CRI_000299,664,CRI,SAN BOSCO DE MORA,,1,,public,Costa Rica,Provincia San José,Mora,Colón,urban,21,peri_urban,9.89899604,-84.2380861,official_emis,exact,unknown
CRI_000300,665,CRI,LANAS,,1,,public,Costa Rica,Provincia San José,Puriscal,Mercedes Sur,rural,11,rural,9.7376248,-84.45841564,official_emis,exact,unknown
CRI_000301,666,CRI,LAS DELICIAS,,1,,public,Costa Rica,Provincia San José,Turrubares,Carara,rural,12,rural,9.71256447,-84.5186356,official_emis,exact,unknown
CRI_000302,667,CRI,LLANO GRANDE,,1,,public,Costa Rica,Provincia San José,Mora,Picagres,rural,12,rural,9.89041285,-84.35667268,official_emis,exact,unknown
CRI_000303,668,CRI,MANUEL BUSTAMANTE VARGAS,,1,,public,Costa Rica,Provincia San José,Mora,Tabarcia,rural,12,rural,9.84182954,-84.25122507,official_emis,exact,unknown
CRI_000304,669,CRI,RAFAEL SOLORZANO SABORIO,,1,,public,Costa Rica,Provincia San José,Puriscal,Chires,rural,12,rural,9.64486001,-84.42068684,official_emis,exact,unknown
CRI_000305,670,CRI,LOS ANGELES,,1,,public,Costa Rica,Provincia San José,Puriscal,Chires,rural,12,rural,9.62448338,-84.41801892,official_emis,exact,unknown
CRI_000306,671,CRI,MASTATAL,,1,,public,Costa Rica,Provincia San José,Puriscal,Chires,rural,12,rural,9.67104326,-84.37440655,official_emis,exact,unknown
CRI_000307,672,CRI,MAURO FERNANDEZ ACUÑA,,1,,public,Costa Rica,Provincia San José,Turrubares,San Juan de Mata,rural,12,rural,9.87169144,-84.52621516,official_emis,exact,unknown
CRI_000308,673,CRI,MERCEDES NORTE,,1,,public,Costa Rica,Provincia San José,Puriscal,Mercedes Sur,rural,21,peri_urban,9.83630126,-84.32693206,official_emis,exact,unknown
CRI_000309,674,CRI,MERCEDES SUR,,1,,public,Costa Rica,Provincia San José,Puriscal,Mercedes Sur,rural,12,rural,9.82289785,-84.35356628,official_emis,exact,unknown
CRI_000310,675,CRI,MONTELIMAR,,1,,public,Costa Rica,Provincia San José,Turrubares,Carara,rural,11,rural,9.62296494,-84.50915703,official_emis,exact,unknown
CRI_000311,676,CRI,MONTERREY,,1,,public,Costa Rica,Provincia San José,Turrubares,San Pablo,urban,12,rural,9.91206977,-84.46024297,official_emis,exact,unknown
CRI_000312,677,CRI,MORADO,,1,,public,Costa Rica,Provincia San José,Mora,Tabarcia,rural,21,peri_urban,9.85786045,-84.24507587,official_emis,exact,unknown
CRI_000313,678,CRI,PALMICHAL DE ACOSTA,,1,,public,Costa Rica,Provincia San José,Acosta,Palmichal,rural,21,peri_urban,9.8379735,-84.20382902,official_emis,exact,unknown
CRI_000314,679,CRI,PEDERNAL,,1,,public,Costa Rica,Provincia San José,Puriscal,Candelarita,rural,12,rural,9.81026207,-84.32716913,official_emis,exact,unknown
CRI_000315,680,CRI,LUIS MONGE MADRIGAL,,1,,public,Costa Rica,Provincia San José,Mora,Picagres,rural,12,rural,9.90468785,-84.34574317,official_emis,exact,unknown
CRI_000316,681,CRI,NAZARIO VALVERDE JIMENEZ,,1,,public,Costa Rica,Provincia San José,Puriscal,Barbacoas,rural,21,peri_urban,9.86579435,-84.36289098,official_emis,exact,unknown
CRI_000317,682,CRI,JOSE MARIA CAÑAS,,1,,public,Costa Rica,Provincia San José,Mora,Tabarcia,rural,21,peri_urban,9.83151998,-84.23437879,official_emis,exact,unknown
CRI_000318,683,CRI,ESTEBAN LORENZO DELCORO,,1,,public,Costa Rica,Provincia San José,Mora,Piedras Negras,rural,12,rural,9.91096141,-84.32296317,official_emis,exact,unknown
CRI_000319,684,CRI,POLKA,,1,,public,Costa Rica,Provincia San José,Puriscal,Candelarita,rural,12,rural,9.78460708,-84.34091108,official_emis,exact,unknown
CRI_000320,685,CRI,PURIRES,,1,,public,Costa Rica,Provincia San José,Turrubares,San Pablo,urban,12,rural,9.90812632,-84.41754022,official_emis,exact,unknown
CRI_000321,686,CRI,QUEBRADA AZUL,,1,,public,Costa Rica,Provincia San José,Turrubares,San Luis,rural,11,rural,9.83803167,-84.44923186,official_emis,exact,unknown
CRI_000322,687,CRI,QUEBRADA HONDA,,1,,public,Costa Rica,Provincia San José,Puriscal,Mercedes Sur,rural,11,rural,9.72012029,-84.449241,official_emis,exact,unknown
CRI_000323,688,CRI,NINFA CABEZAS GONZALEZ,,1,,public,Costa Rica,Provincia San José,Mora,Quitirrisí,rural,12,rural,9.86933762,-84.23932183,official_emis,exact,unknown
CRI_000324,689,CRI,JOSE ROJAS ALPIZAR,,1,,public,Costa Rica,Provincia San José,Puriscal,San Antonio,rural,12,rural,9.84726669,-84.28127012,official_emis,exact,unknown
CRI_000325,690,CRI,EL RODEO,,1,,public,Costa Rica,Provincia San José,Mora,Colón,urban,12,rural,9.92033101,-84.26911197,official_emis,exact,unknown
CRI_000326,691,CRI,SALAZAR,,1,,public,Costa Rica,Provincia San José,Puriscal,Santiago,urban,12,rural,9.80438652,-84.2928182,official_emis,exact,unknown
CRI_000327,692,CRI,ANICETO JIMENEZ BARBOZA,,1,,public,Costa Rica,Provincia San José,Puriscal,Mercedes Sur,rural,12,rural,9.76623976,-84.39954092,official_emis,exact,unknown
CRI_000328,693,CRI,SALITRILLOS,,1,,public,Costa Rica,Provincia San José,Puriscal,Grifo Alto,rural,12,rural,9.8675024,-84.38935095,official_emis,exact,unknown
CRI_000329,694,CRI,SAN ANTONIO,,1,,public,Costa Rica,Provincia San José,Turrubares,Carara,rural,12,rural,9.59591585,-84.48295837,official_emis,exact,unknown
CRI_000330,695,CRI,SAN ISIDRO,,1,,public,Costa Rica,Provincia San José,Turrubares,Carara,rural,11,rural,9.60660077,-84.49947191,official_emis,exact,unknown
CRI_000331,696,CRI,MIXTA DE SAN JUAN,,1,,public,Costa Rica,Provincia San José,Puriscal,Barbacoas,rural,21,peri_urban,9.8433692,-84.34303638,official_emis,exact,unknown
CRI_000332,697,CRI,SAN MIGUEL,,1,,public,Costa Rica,Provincia San José,Puriscal,Chires,rural,12,rural,9.64778647,-84.37514553,official_emis,exact,unknown
CRI_000333,698,CRI,SAN PABLO,,1,,public,Costa Rica,Provincia San José,Turrubares,San Pablo,urban,13,rural,9.90829089,-84.44076017,official_emis,exact,unknown
CRI_000334,699,CRI,DR. CLODOMIRO PICADO TWIGHT,,1,,public,Costa Rica,Provincia San José,Turrubares,San Pedro,rural,12,rural,9.87522523,-84.44691598,official_emis,exact,unknown
CRI_000335,700,CRI,SAN RAFAEL,,1,,public,Costa Rica,Provincia San José,Turrubares,San Luis,rural,11,rural,9.8120117,-84.46669724,official_emis,exact,unknown
CRI_000336,701,CRI,LAGUNAS,,1,,public,Costa Rica,Provincia San José,Turrubares,San Juan de Mata,rural,12,rural,9.84330403,-84.51894057,official_emis,exact,unknown
CRI_000337,702,CRI,ROSARIO SALAZAR MARIN,,1,,public,Costa Rica,Provincia San José,Puriscal,San Rafael,rural,12,rural,9.83960115,-84.28901244,official_emis,exact,unknown
CRI_000338,703,CRI,SAN VICENTE,,1,,public,Costa Rica,Provincia San José,Puriscal,Chires,rural,11,rural,9.67284553,-84.39801454,official_emis,exact,unknown
CRI_000339,704,CRI,SANTA MARTA,,1,,public,Costa Rica,Provincia San José,Puriscal,Mercedes Sur,rural,12,rural,9.81360748,-84.38547806,official_emis,exact,unknown
CRI_000340,705,CRI,DARIO FLORES HERNANDEZ,,1,,public,Costa Rica,Provincia San José,Puriscal,Santiago,urban,23,urban,9.84486672,-84.3137952,official_emis,exact,unknown
CRI_000341,706,CRI,RAMON BEDOYA MONGE,,1,,public,Costa Rica,Provincia San José,Puriscal,San Antonio,rural,21,peri_urban,9.85687811,-84.29953797,official_emis,exact,unknown
CRI_000342,707,CRI,SAN GABRIEL,,1,,public,Costa Rica,Provincia San José,Turrubares,Carara,rural,12,rural,9.6769087,-84.49929974,official_emis,exact,unknown
CRI_000343,708,CRI,FILA NEGRA,,1,,public,Costa Rica,Provincia San José,Turrubares,Carara,rural,11,rural,9.64588001,-84.55427811,official_emis,exact,unknown
CRI_000344,709,CRI,LISIMACO CHAVARRIA PALMA,,1,,public,Costa Rica,Provincia San José,Mora,Tabarcia,rural,21,peri_urban,9.84661251,-84.23437251,official_emis,exact,unknown
CRI_000345,710,CRI,TICUFRES DE MORA,,1,,public,Costa Rica,Provincia San José,Mora,Colón,urban,12,rural,9.887770021074173,-84.22861638733816,admin_centroid,approximate,unknown
CRI_000346,711,CRI,SAN PABLO DE PALMICHAL,,1,,public,Costa Rica,Provincia San José,Acosta,Palmichal,rural,12,rural,9.83856274,-84.18585639,official_emis,exact,unknown
CRI_000347,712,CRI,VISTA DE MAR,,1,,public,Costa Rica,Provincia San José,Puriscal,Chires,rural,11,rural,9.60169387,-84.41585908,official_emis,exact,unknown
CRI_000348,713,CRI,ROGELIO FERNANDEZ GÜELL,,1,,public,Costa Rica,Provincia San José,Mora,Colón,urban,30,urban,9.91334167,-84.24233205,official_emis,exact,unknown
CRI_000349,714,CRI,ZAPATON,,1,,public,Costa Rica,Provincia San José,Puriscal,Chires,rural,12,rural,9.68459517,-84.33363558,official_emis,exact,unknown
CRI_000350,715,CRI,ARENAL,,1,,public,Costa Rica,Provincia San José,Puriscal,Chires,rural,12,rural,9.64487697,-84.42070925,official_emis,exact,unknown
CRI_000351,716,CRI,SAN LUIS,,1,,public,Costa Rica,Provincia San José,Turrubares,San Luis,rural,12,rural,9.85017676,-84.45649209,official_emis,exact,unknown
CRI_000352,717,CRI,MATA DE PLATANO,,1,,public,Costa Rica,Provincia San José,Turrubares,Carara,rural,11,rural,9.60415267,-84.52641037,official_emis,exact,unknown
CRI_000353,718,CRI,SAN MARTIN,,1,,public,Costa Rica,Provincia San José,Puriscal,Chires,rural,11,rural,9.73857848,-84.39182631,official_emis,exact,unknown
CRI_000354,720,CRI,BAJO BURGOS,,1,,public,Costa Rica,Provincia San José,Puriscal,Barbacoas,rural,21,peri_urban,9.86643809,-84.34745617,official_emis,exact,unknown
CRI_000355,721,CRI,NARANJAL,,1,,public,Costa Rica,Provincia San José,Puriscal,Chires,rural,11,rural,9.68071321,-84.45157373,official_emis,exact,unknown
CRI_000356,722,CRI,LABORATORIO,,1,,public,Costa Rica,Provincia San José,Perez Zeledon,Daniel Flores,urban,30,urban,9.3578662,-83.69105273,official_emis,exact,unknown
CRI_000357,723,CRI,I.D.A. JORÓN,,1,,public,Costa Rica,Provincia San José,Perez Zeledon,Daniel Flores,urban,21,peri_urban,9.32989944,-83.67975021,official_emis,exact,unknown
CRI_000358,724,CRI,AGUAS BUENAS,,1,,public,Costa Rica,Provincia San José,Perez Zeledon,Platanares,rural,12,rural,9.22386634,-83.68731799,official_emis,exact,unknown
CRI_000359,725,CRI,LOURDES,,1,,public,Costa Rica,Provincia San José,Perez Zeledon,Daniel Flores,urban,30,urban,9.35445159,-83.67459004,official_emis,exact,unknown
CRI_000360,726,CRI,TSENE DIKOL,,1,,public,Costa Rica,Provincia Puntarenas,Buenos Aires,Potrero Grande,rural,11,rural,9.14977565,-83.18494517,official_emis,exact,unknown
CRI_000361,727,CRI,LOS ÁNGELES,,1,,public,Costa Rica,Provincia San José,Perez Zeledon,Platanares,rural,12,rural,9.23623797,-83.61696075,official_emis,exact,unknown
CRI_000362,728,CRI,LA COLONIA,,1,,public,Costa Rica,Provincia San José,Perez Zeledon,San Pedro,rural,12,rural,9.29660513,-83.47758863,official_emis,exact,unknown
CRI_000363,729,CRI,LA NUEVA HORTENSIA,,1,,public,Costa Rica,Provincia San José,Perez Zeledon,San Pedro,rural,12,rural,9.29370328,-83.49152622,official_emis,exact,unknown
CRI_000364,730,CRI,RENACER,,1,,public,Costa Rica,Provincia San José,Perez Zeledon,San Pedro,rural,12,rural,9.25813409,-83.56994626,official_emis,exact,unknown
CRI_000365,731,CRI,SONADOR,,1,,public,Costa Rica,Provincia Puntarenas,Buenos Aires,Volcán,rural,12,rural,9.26469651,-83.4919831,official_emis,exact,unknown
CRI_000366,732,CRI,ALTO DE LAS MORAS,,1,,public,Costa Rica,Provincia Puntarenas,Buenos Aires,Boruca,rural,12,rural,8.996734350000002,-83.35479402,official_emis,exact,unknown
CRI_000367,733,CRI,LA AURORA,,1,,public,Costa Rica,Provincia San José,Perez Zeledon,Daniel Flores,urban,30,urban,9.36837007,-83.68589538,official_emis,exact,unknown
CRI_000368,734,CRI,BIDYAN,,1,,public,Costa Rica,Provincia Puntarenas,Buenos Aires,Potrero Grande,rural,11,rural,9.17557775,-83.19558681,official_emis,exact,unknown
CRI_000369,735,CRI,EL PROGRESO,,1,,public,Costa Rica,Provincia San José,Perez Zeledon,Pejibaye,rural,12,rural,9.15035569,-83.54809798,official_emis,exact,unknown
CRI_000370,736,CRI,BÖKÖ BATA,,1,,public,Costa Rica,Provincia Puntarenas,Buenos Aires,Brunka,rural,12,rural,9.2150305,-83.35407658,official_emis,exact,unknown
CRI_000371,737,CRI,SANTA LUCÍA,,1,,public,Costa Rica,Provincia San José,Perez Zeledon,Río Nuevo,rural,11,rural,9.46478522,-83.82343156,official_emis,exact,unknown
CRI_000372,738,CRI,EL TIRRÁ,,1,,public,Costa Rica,Provincia San José,Perez Zeledon,Rivas,rural,12,rural,9.44015839,-83.66613761,official_emis,exact,unknown
CRI_000373,739,CRI,SANTA MARTA,,1,,public,Costa Rica,Provincia San José,Perez Zeledon,Río Nuevo,rural,12,rural,9.41172031,-83.78036463,official_emis,exact,unknown
CRI_000374,740,CRI,EL GUAYACÁN,,1,,public,Costa Rica,Provincia Puntarenas,Buenos Aires,Biolley,rural,11,rural,8.981132990000003,-83.10360101,official_emis,exact,unknown
CRI_000375,741,CRI,LAS LOMAS,,1,,public,Costa Rica,Provincia Puntarenas,Buenos Aires,Buenos Aires,urban,21,peri_urban,9.1826512,-83.33322679,official_emis,exact,unknown
CRI_000376,742,CRI,EL PROGRESO,,1,,public,Costa Rica,Provincia Puntarenas,Osa,Palmar,rural,11,rural,8.9325967,-83.3237047,official_emis,exact,unknown
CRI_000377,743,CRI,ORATORIO,,1,,public,Costa Rica,Provincia San José,Perez Zeledon,Platanares,rural,12,rural,9.21889145,-83.67172008,official_emis,exact,unknown
CRI_000378,744,CRI,CRISTO REY,,1,,public,Costa Rica,Provincia San José,Perez Zeledon,San Pedro,rural,12,rural,9.27277691,-83.49244167,official_emis,exact,unknown
CRI_000379,745,CRI,CEIBÓN,,1,,public,Costa Rica,Provincia Puntarenas,Buenos Aires,Pilas,rural,12,rural,9.060975,-83.37031031,official_emis,exact,unknown
CRI_000380,746,CRI,DR. RAFAEL ANGEL CALDERON GUARDIA,,1,,public,Costa Rica,Provincia San José,Perez Zeledon,San Isidro de El General,urban,30,urban,9.36931191,-83.71160285,official_emis,exact,unknown
CRI_000381,747,CRI,LA SABANA,,1,,public,Costa Rica,Provincia Puntarenas,Buenos Aires,Pilas,rural,11,rural,9.11947549,-83.40526413,official_emis,exact,unknown
CRI_000382,748,CRI,SAN VICENTE,,1,,public,Costa Rica,Provincia Puntarenas,Buenos Aires,Buenos Aires,urban,12,rural,9.25475605,-83.2981225,official_emis,exact,unknown
CRI_000383,749,CRI,LOS MADEROS,,1,,public,Costa Rica,Provincia Puntarenas,Buenos Aires,Biolley,rural,11,rural,8.980109000000002,-83.07192002,official_emis,exact,unknown
CRI_000384,750,CRI,BAJO DE SÁBALO,,1,,public,Costa Rica,Provincia Puntarenas,Buenos Aires,Biolley,rural,12,rural,8.96204274,-83.09676291,official_emis,exact,unknown
CRI_000385,751,CRI,YERI,,1,,public,Costa Rica,Provincia Puntarenas,Buenos Aires,Buenos Aires,urban,12,rural,9.20587337,-83.28568683,official_emis,exact,unknown
CRI_000386,752,CRI,I.D.A. SAN MARTÍN,,1,,public,Costa Rica,Provincia Puntarenas,Buenos Aires,Brunka,rural,11,rural,9.1299687,-83.37903849,official_emis,exact,unknown
CRI_000387,753,CRI,PENSILVANIA,,1,,public,Costa Rica,Provincia San José,Perez Zeledon,Barú,rural,11,rural,9.40724269,-83.8782754,official_emis,exact,unknown
CRI_000388,754,CRI,LA SHAMBA,,1,,public,Costa Rica,Provincia Puntarenas,Buenos Aires,Boruca,rural,12,rural,9.03235432,-83.34912586,official_emis,exact,unknown
CRI_000389,755,CRI,ARTURO TINOCO JIMÉNEZ,,1,,public,Costa Rica,Provincia Puntarenas,Buenos Aires,Buenos Aires,urban,12,rural,9.18852536,-83.30624382,official_emis,exact,unknown
CRI_000390,756,CRI,TALARI,,1,,public,Costa Rica,Provincia San José,Perez Zeledon,Rivas,rural,12,rural,9.46008417,-83.59363862,official_emis,exact,unknown
CRI_000391,757,CRI,PLAYA HERMOSA,,1,,public,Costa Rica,Provincia Puntarenas,Osa,Bahía Ballena,rural,12,rural,9.19390116,-83.76872785,official_emis,exact,unknown
CRI_000392,758,CRI,BAJO LAS BONITAS,,1,,public,Costa Rica,Provincia San José,Perez Zeledon,Platanares,rural,12,rural,9.16245939,-83.65148394,official_emis,exact,unknown
CRI_000393,759,CRI,VILLA HERMOSA,,1,,public,Costa Rica,Provincia Puntarenas,Buenos Aires,Buenos Aires,urban,12,rural,9.15286572,-83.27049209,official_emis,exact,unknown
CRI_000394,760,CRI,SANTA MARÍA,,1,,public,Costa Rica,Provincia Puntarenas,Buenos Aires,Brunka,rural,12,rural,9.27572757,-83.37068646,official_emis,exact,unknown
CRI_000395,761,CRI,JERUSALÉN 3M,,1,,public,Costa Rica,Provincia San José,Perez Zeledon,San Isidro de El General,urban,12,rural,9.34914311,-83.71662018,official_emis,exact,unknown
CRI_000396,762,CRI,HOLANDA,,1,,public,Costa Rica,Provincia Puntarenas,Buenos Aires,Buenos Aires,urban,23,urban,9.16424382,-83.3293425,official_emis,exact,unknown
CRI_000397,763,CRI,BOCA DE LIMÓN,,1,,public,Costa Rica,Provincia Puntarenas,Buenos Aires,Potrero Grande,rural,12,rural,8.96044455,-83.13545321,official_emis,exact,unknown
CRI_000398,764,CRI,LOS ALPES,,1,,public,Costa Rica,Provincia San José,Perez Zeledon,Rivas,rural,12,rural,9.54817683,-83.66698711,official_emis,exact,unknown
CRI_000399,765,CRI,ESCALERAS,,1,,public,Costa Rica,Provincia Puntarenas,Osa,Bahía Ballena,rural,11,rural,9.23077679,-83.81877561,official_emis,exact,unknown
CRI_000400,766,CRI,EL CAMPO,,1,,public,Costa Rica,Provincia Puntarenas,Buenos Aires,Biolley,rural,12,rural,8.998513880000003,-83.02926422,official_emis,exact,unknown
CRI_000401,767,CRI,SAN ISIDRO,,1,,public,Costa Rica,Provincia Puntarenas,Buenos Aires,Biolley,rural,12,rural,9.0051393,-82.99946833,official_emis,exact,unknown
CRI_000402,769,CRI,EL TORITO,,1,,public,Costa Rica,Provincia San José,Perez Zeledon,Barú,rural,11,rural,9.34715546,-83.83232644,official_emis,exact,unknown
CRI_000403,770,CRI,PUERTO NUEVO,,1,,public,Costa Rica,Provincia Puntarenas,Osa,Bahía Ballena,rural,12,rural,9.20998347,-83.80350383,official_emis,exact,unknown
CRI_000404,771,CRI,BARRIO NUEVO,,1,,public,Costa Rica,Provincia San José,Perez Zeledon,Pejibaye,rural,12,rural,9.15871415,-83.58587242,official_emis,exact,unknown
CRI_000405,772,CRI,PROVIDENCIA,,1,,public,Costa Rica,Provincia San José,Perez Zeledon,Río Nuevo,rural,12,rural,9.40401352,-83.74607395,official_emis,exact,unknown
CRI_000406,773,CRI,TOLEDO,,1,,public,Costa Rica,Provincia San José,Perez Zeledon,San Isidro de El General,urban,12,rural,9.30516572,-83.71557263,official_emis,exact,unknown
CRI_000407,774,CRI,BARÚ,,1,,public,Costa Rica,Provincia San José,Perez Zeledon,Barú,rural,11,rural,9.28141528,-83.84425618,official_emis,exact,unknown
CRI_000408,776,CRI,LA SUIZA,,1,,public,Costa Rica,Provincia San José,Perez Zeledon,San Isidro de El General,urban,12,rural,9.23898183,-83.68623101,official_emis,exact,unknown
CRI_000409,777,CRI,OASIS,,1,,public,Costa Rica,Provincia Puntarenas,Buenos Aires,Brunka,rural,12,rural,9.17761616,-83.42015575,official_emis,exact,unknown
CRI_000410,778,CRI,NUEVA SANTA ANA,,1,,public,Costa Rica,Provincia San José,Perez Zeledon,San Pedro,rural,13,rural,9.25948326,-83.55282188,official_emis,exact,unknown
CRI_000411,779,CRI,SAN MARTÍN,,1,,public,Costa Rica,Provincia Puntarenas,Buenos Aires,Buenos Aires,urban,23,urban,9.17332349,-83.33043286,official_emis,exact,unknown
CRI_000412,780,CRI,SAN LUIS,,1,,public,Costa Rica,Provincia San José,Perez Zeledon,El General,rural,12,rural,9.3621622,-83.64070249,official_emis,exact,unknown
CRI_000413,781,CRI,BOLAS,,1,,public,Costa Rica,Provincia Puntarenas,Buenos Aires,Buenos Aires,urban,12,rural,9.09161771,-83.21257562,official_emis,exact,unknown
CRI_000414,782,CRI,REPÚBLICA DE BOLIVIA,,1,,public,Costa Rica,Provincia San José,Perez Zeledon,Platanares,rural,12,rural,9.18634834,-83.61962756,official_emis,exact,unknown
CRI_000415,783,CRI,BUENA VISTA,,1,,public,Costa Rica,Provincia San José,Perez Zeledon,Rivas,rural,12,rural,9.50114236,-83.66364915,official_emis,exact,unknown
CRI_000416,785,CRI,CAÑAS,,1,,public,Costa Rica,Provincia Puntarenas,Buenos Aires,Brunka,rural,12,rural,9.19503583,-83.41273308,official_emis,exact,unknown
CRI_000417,786,CRI,CORRALILLO,,1,,public,Costa Rica,Provincia San José,Perez Zeledon,La Amistad,rural,12,rural,9.1858352,-83.53180635,official_emis,exact,unknown
CRI_000418,787,CRI,SAN ANDRES,,1,,public,Costa Rica,Provincia San José,Perez Zeledon,San Isidro de El General,urban,21,peri_urban,9.38389215,-83.69743155,official_emis,exact,unknown
CRI_000419,788,CRI,SAN JOSÉ,,1,,public,Costa Rica,Provincia San José,Perez Zeledon,Rivas,rural,12,rural,9.44787041,-83.63514634,official_emis,exact,unknown
CRI_000420,789,CRI,CAJÓN,,1,,public,Costa Rica,Provincia Puntarenas,Buenos Aires,Boruca,rural,12,rural,8.943071720000003,-83.3402632,official_emis,exact,unknown
CRI_000421,790,CRI,ALTO DE VERAGUA,,1,,public,Costa Rica,Provincia Puntarenas,Buenos Aires,Boruca,rural,11,rural,9.05708832,-83.32514389,official_emis,exact,unknown
CRI_000422,791,CRI,LOS ÁNGELES,,1,,public,Costa Rica,Provincia San José,Perez Zeledon,Daniel Flores,urban,30,urban,9.34663156,-83.67824246,official_emis,exact,unknown
CRI_000423,792,CRI,CALLE MORA ARRIBA,,1,,public,Costa Rica,Provincia San José,Perez Zeledon,Río Nuevo,rural,12,rural,9.40081745,-83.79466106,official_emis,exact,unknown
CRI_000424,793,CRI,CALLE MORA,,1,,public,Costa Rica,Provincia San José,Perez Zeledon,Río Nuevo,rural,12,rural,9.40307563,-83.78102294,official_emis,exact,unknown
CRI_000425,794,CRI,VILLA MILLS,,1,,public,Costa Rica,Provincia San José,Paraiso,Páramo,rural,12,rural,9.55698153,-83.70548503,official_emis,exact,unknown
CRI_000426,795,CRI,VILLA HERMOSA,,1,,public,Costa Rica,Provincia San José,Perez Zeledon,Pejibaye,rural,11,rural,9.17724301,-83.5610967,official_emis,exact,unknown
CRI_000427,796,CRI,LA FILA,,1,,public,Costa Rica,Provincia Puntarenas,Buenos Aires,Boruca,rural,11,rural,9.05855966,-83.33733027,official_emis,exact,unknown
CRI_000428,797,CRI,OJO DE AGUA,,1,,public,Costa Rica,Provincia Puntarenas,Buenos Aires,Boruca,rural,11,rural,9.017281,-83.3828918,official_emis,exact,unknown
CRI_000429,799,CRI,CANAÁN,,1,,public,Costa Rica,Provincia San José,Perez Zeledon,Rivas,rural,11,rural,9.45252655,-83.60810489,official_emis,exact,unknown
CRI_000430,800,CRI,BERLÍN,,1,,public,Costa Rica,Provincia San José,Perez Zeledon,Páramo,rural,12,rural,9.42967355,-83.75461132,official_emis,exact,unknown
CRI_000431,801,CRI,SAGRADA FAMILIA,,1,,public,Costa Rica,Provincia San José,Perez Zeledon,San Isidro de El General,urban,30,urban,9.36127918,-83.69564741,official_emis,exact,unknown
CRI_000432,802,CRI,LA ASUNCIÓN,,1,,public,Costa Rica,Provincia San José,Perez Zeledon,San Isidro de El General,urban,30,urban,9.372214372277606,-83.69579928609815,admin_centroid,approximate,unknown
CRI_000433,803,CRI,PUEBLO NUEVO,,1,,public,Costa Rica,Provincia San José,Perez Zeledon,Cajón,rural,12,rural,9.29990063,-83.57203253,official_emis,exact,unknown
CRI_000434,804,CRI,SAN JUAN,,1,,public,Costa Rica,Provincia Puntarenas,Buenos Aires,Potrero Grande,rural,12,rural,9.15162743,-83.19574183,official_emis,exact,unknown
CRI_000435,805,CRI,PEDRO PÉREZ ZELEDÓN,,1,,public,Costa Rica,Provincia San José,Perez Zeledon,San Isidro de El General,urban,30,urban,9.36707076,-83.704793,official_emis,exact,unknown
CRI_000436,806,CRI,CHÁNGUENA,,1,,public,Costa Rica,Provincia Puntarenas,Buenos Aires,Chánguena,rural,12,rural,8.93710982,-83.20086894,official_emis,exact,unknown
CRI_000437,807,CRI,CHIMIROL,,1,,public,Costa Rica,Provincia San José,Perez Zeledon,Rivas,rural,12,rural,9.43415998,-83.63358743,official_emis,exact,unknown
CRI_000438,808,CRI,BELLA VISTA,,1,,public,Costa Rica,Provincia Puntarenas,Buenos Aires,Boruca,rural,12,rural,9.01934884,-83.32378142,official_emis,exact,unknown
CRI_000439,809,CRI,CHINA KICHÁ,,1,,public,Costa Rica,Provincia San José,Perez Zeledon,La Amistad,rural,12,rural,9.17124243,-83.50646219,official_emis,exact,unknown
CRI_000440,810,CRI,LAS DELICIAS,,1,,public,Costa Rica,Provincia Puntarenas,Buenos Aires,Potrero Grande,rural,11,rural,9.16943561,-83.16818451,official_emis,exact,unknown
CRI_000441,811,CRI,CONCEPCIÓN,,1,,public,Costa Rica,Provincia San José,Perez Zeledon,Daniel Flores,rural,12,rural,9.23285692,-83.65894853,official_emis,exact,unknown
CRI_000442,812,CRI,CONCEPCIÓN,,1,,public,Costa Rica,Provincia Puntarenas,Buenos Aires,Pilas,rural,12,rural,9.10174762,-83.46689134,official_emis,exact,unknown
CRI_000443,813,CRI,QUEBRADA DE VUELTAS,,1,,public,Costa Rica,Provincia San José,Perez Zeledon,San Isidro de El General,urban,12,rural,9.39374996,-83.72629664,official_emis,exact,unknown
CRI_000444,814,CRI,CONVENTO,,1,,public,Costa Rica,Provincia Puntarenas,Buenos Aires,Volcán,rural,12,rural,9.25940032,-83.50140334,official_emis,exact,unknown
CRI_000445,815,CRI,COLORADO,,1,,public,Costa Rica,Provincia Puntarenas,Buenos Aires,Biolley,rural,12,rural,9.00961916,-83.02983011,official_emis,exact,unknown
CRI_000446,816,CRI,EL VERGEL,,1,,public,Costa Rica,Provincia Puntarenas,Osa,Palmar,rural,12,rural,8.95541667,-83.38506234,official_emis,exact,unknown
CRI_000447,817,CRI,CORDONCILLO,,1,,public,Costa Rica,Provincia Puntarenas,Buenos Aires,Volcán,rural,12,rural,9.25369836,-83.45775718,official_emis,exact,unknown
CRI_000448,818,CRI,LA HORTENSIA,,1,,public,Costa Rica,Provincia San José,Perez Zeledon,Páramo,rural,11,rural,9.46306393,-83.70184608,official_emis,exact,unknown
CRI_000449,819,CRI,SANTA ELENA,,1,,public,Costa Rica,Provincia Puntarenas,Osa,Palmar,rural,11,rural,8.9286902,-83.30813023,official_emis,exact,unknown
CRI_000450,820,CRI,ZARAGOZA,,1,,public,Costa Rica,Provincia San José,Perez Zeledon,Río Nuevo,rural,11,rural,9.46934181,-83.85479436,official_emis,exact,unknown
CRI_000451,821,CRI,CURRÉ,,1,,public,Costa Rica,Provincia Puntarenas,Buenos Aires,Boruca,rural,12,rural,8.98154349,-83.26660431,official_emis,exact,unknown
CRI_000452,822,CRI,BOQUETE,,1,,public,Costa Rica,Provincia Puntarenas,Buenos Aires,Colinas,rural,12,rural,9.002591020000002,-83.41913603,official_emis,exact,unknown
CRI_000453,823,CRI,DANIEL FLORES ZAVALETA,,1,,public,Costa Rica,Provincia San José,Perez Zeledon,Daniel Flores,urban,21,peri_urban,9.33603781,-83.66835658,official_emis,exact,unknown
CRI_000454,824,CRI,BIJAGUAL,,1,,public,Costa Rica,Provincia Puntarenas,Buenos Aires,Pilas,rural,12,rural,9.06180205,-83.35415072,official_emis,exact,unknown
CRI_000455,825,CRI,FÁTIMA,,1,,public,Costa Rica,Provincia San José,Perez Zeledon,San Pedro,rural,12,rural,9.30753746,-83.51607898,official_emis,exact,unknown
CRI_000456,826,CRI,QUIZARRÁ,,1,,public,Costa Rica,Provincia San José,Perez Zeledon,Cajón,rural,12,rural,9.34226668,-83.62336655,official_emis,exact,unknown
CRI_000457,827,CRI,SANTA TERESA DE CAJON,,1,,public,Costa Rica,Provincia San José,Perez Zeledon,Cajón,rural,12,rural,9.33470488,-83.57318217,official_emis,exact,unknown
CRI_000458,828,CRI,BIKAKLA,,1,,public,Costa Rica,Provincia Puntarenas,Buenos Aires,Buenos Aires,urban,11,rural,9.20218214,-83.21337862,official_emis,exact,unknown
CRI_000459,829,CRI,DESAMPARADOS,,1,,public,Costa Rica,Provincia San José,Perez Zeledon,Pejibaye,rural,11,rural,9.14475852,-83.5973411,official_emis,exact,unknown
CRI_000460,830,CRI,DIVISIÓN,,1,,public,Costa Rica,Provincia San José,Perez Zeledon,Páramo,rural,12,rural,9.50995223,-83.70995041,official_emis,exact,unknown
CRI_000461,831,CRI,DOMINICAL,,1,,public,Costa Rica,Provincia Puntarenas,Osa,Bahía Ballena,rural,12,rural,9.25391855,-83.8638452,official_emis,exact,unknown
CRI_000462,832,CRI,LA FORTUNA,,1,,public,Costa Rica,Provincia Puntarenas,Buenos Aires,Pilas,rural,11,rural,9.07119075,-83.40636196,official_emis,exact,unknown
CRI_000463,833,CRI,ESCUELA LIDER DORIS Z. STONE,,1,,public,Costa Rica,Provincia Puntarenas,Buenos Aires,Boruca,rural,13,rural,9.00191229,-83.32751114,official_emis,exact,unknown
CRI_000464,834,CRI,EL ÁGUILA,,1,,public,Costa Rica,Provincia San José,Perez Zeledon,Pejibaye,rural,12,rural,9.12149518,-83.52571047,official_emis,exact,unknown
CRI_000465,835,CRI,MARAVILLA,,1,,public,Costa Rica,Provincia Puntarenas,Buenos Aires,Potrero Grande,rural,12,rural,9.09181132,-83.13543474,official_emis,exact,unknown
CRI_000466,836,CRI,BAJO LAS ESPERANZAS,,1,,public,Costa Rica,Provincia San José,Perez Zeledon,San Isidro de El General,urban,11,rural,9.29702519,-83.70521228,official_emis,exact,unknown
CRI_000467,837,CRI,EL BRUJO,,1,,public,Costa Rica,Provincia San José,Perez Zeledon,Río Nuevo,rural,12,rural,9.42534769,-83.94336777,official_emis,exact,unknown
CRI_000468,838,CRI,EL CARMEN,,1,,public,Costa Rica,Provincia San José,Perez Zeledon,Cajón,rural,13,rural,9.29102504,-83.5824746,official_emis,exact,unknown
CRI_000469,839,CRI,EL QUEMADO,,1,,public,Costa Rica,Provincia San José,Perez Zeledon,Cajón,rural,13,rural,9.28843004,-83.57170261,official_emis,exact,unknown
CRI_000470,840,CRI,EL CEDRAL,,1,,public,Costa Rica,Provincia San José,Perez Zeledon,Cajón,rural,12,rural,9.35493249,-83.55132038,official_emis,exact,unknown
CRI_000471,841,CRI,EL CEIBO,,1,,public,Costa Rica,Provincia San José,Perez Zeledon,San Isidro de El General,urban,11,rural,9.25179656,-83.70755222,official_emis,exact,unknown
CRI_000472,842,CRI,TRES RÍOS,,1,,public,Costa Rica,Provincia Puntarenas,Buenos Aires,Boruca,rural,12,rural,9.00811591,-83.37372477,official_emis,exact,unknown
CRI_000473,843,CRI,EL CEIBO,,1,,public,Costa Rica,Provincia Puntarenas,Buenos Aires,Buenos Aires,urban,11,rural,9.147224,-83.37165948,official_emis,exact,unknown
CRI_000474,844,CRI,FERNANDO VALVERDE VEGA,,1,,public,Costa Rica,Provincia San José,Perez Zeledon,El General,rural,21,peri_urban,9.37280425,-83.66163945,official_emis,exact,unknown
CRI_000475,845,CRI,EL NIVEL,,1,,public,Costa Rica,Provincia San José,Perez Zeledon,Páramo,rural,11,rural,9.54950663,-83.71375713,official_emis,exact,unknown
CRI_000476,846,CRI,EL PEJE,,1,,public,Costa Rica,Provincia Puntarenas,Buenos Aires,Volcán,rural,12,rural,9.18190276,-83.4425951,official_emis,exact,unknown
CRI_000477,847,CRI,BRAZO DE ORO,,1,,public,Costa Rica,Provincia Puntarenas,Buenos Aires,Potrero Grande,rural,11,rural,9.11977794,-83.19927389,official_emis,exact,unknown
CRI_000478,848,CRI,EL ROBLE,,1,,public,Costa Rica,Provincia San José,Perez Zeledon,San Isidro de El General,urban,12,rural,9.37036814,-83.74641729,official_emis,exact,unknown
CRI_000479,849,CRI,EL SOCORRO,,1,,public,Costa Rica,Provincia San José,Perez Zeledon,Platanares,rural,12,rural,9.20964797,-83.66170293,official_emis,exact,unknown
CRI_000480,850,CRI,EL SOCORRO,,1,,public,Costa Rica,Provincia Puntarenas,Buenos Aires,Brunka,rural,11,rural,9.20346216,-83.39823697,official_emis,exact,unknown
CRI_000481,851,CRI,GUANACASTE,,1,,public,Costa Rica,Provincia Puntarenas,Buenos Aires,Buenos Aires,urban,12,rural,9.26129625,-83.28556231,official_emis,exact,unknown
CRI_000482,852,CRI,FILADELFIA,,1,,public,Costa Rica,Provincia Puntarenas,Buenos Aires,Colinas,rural,11,rural,9.0398096,-83.47747836,official_emis,exact,unknown
CRI_000483,853,CRI,OCOCHOBI,,1,,public,Costa Rica,Provincia Puntarenas,Buenos Aires,Buenos Aires,urban,11,rural,9.09342288,-83.35809446,official_emis,exact,unknown
CRI_000484,854,CRI,GUÁCIMO,,1,,public,Costa Rica,Provincia Puntarenas,Buenos Aires,Potrero Grande,rural,12,rural,8.956367330000003,-83.12275328,official_emis,exact,unknown
CRI_000485,855,CRI,GUADALAJARA,,1,,public,Costa Rica,Provincia Puntarenas,Buenos Aires,Brunka,rural,12,rural,9.23911726,-83.38007055,official_emis,exact,unknown
CRI_000486,856,CRI,GUADALUPE,,1,,public,Costa Rica,Provincia San José,Perez Zeledon,Pejibaye,rural,12,rural,9.10734608,-83.55557305,official_emis,exact,unknown
CRI_000487,857,CRI,GUAGARAL,,1,,public,Costa Rica,Provincia Puntarenas,Buenos Aires,Colinas,rural,12,rural,9.07369942,-83.51151164,official_emis,exact,unknown
CRI_000488,858,CRI,HERRADURA,,1,,public,Costa Rica,Provincia San José,Perez Zeledon,Rivas,rural,12,rural,9.48172334,-83.61242734,official_emis,exact,unknown
CRI_000489,859,CRI,EL HOYÓN,,1,,public,Costa Rica,Provincia San José,Perez Zeledon,San Isidro de El General,urban,21,peri_urban,9.36326763,-83.72057319,official_emis,exact,unknown
CRI_000490,860,CRI,JOSÉ FABIO GÓNGORA UMAÑA,,1,,public,Costa Rica,Provincia Puntarenas,Buenos Aires,Buenos Aires,urban,12,rural,9.11717395,-83.24300983,official_emis,exact,unknown
CRI_000491,861,CRI,LA ALFOMBRA,,1,,public,Costa Rica,Provincia San José,Perez Zeledon,Barú,rural,11,rural,9.31430325,-83.77803047,official_emis,exact,unknown
CRI_000492,862,CRI,LA ANGOSTURA,,1,,public,Costa Rica,Provincia San José,Perez Zeledon,San Isidro de El General,urban,12,rural,9.28212903,-83.67507415,official_emis,exact,unknown
CRI_000493,863,CRI,LA CENIZA,,1,,public,Costa Rica,Provincia San José,Perez Zeledon,San Isidro de El General,urban,12,rural,9.3182511,-83.69419999,official_emis,exact,unknown
CRI_000494,864,CRI,LA ESE,,1,,public,Costa Rica,Provincia San José,Perez Zeledon,Páramo,rural,11,rural,9.44278086,-83.71407726,official_emis,exact,unknown
CRI_000495,865,CRI,LAS ESPERANZAS,,1,,public,Costa Rica,Provincia San José,Perez Zeledon,San Isidro de El General,urban,12,rural,9.27247482,-83.70635589,official_emis,exact,unknown
CRI_000496,866,CRI,LA FLORIDA,,1,,public,Costa Rica,Provincia San José,Perez Zeledon,Barú,rural,11,rural,9.23497517,-83.76270553,official_emis,exact,unknown
CRI_000497,867,CRI,LA FORTUNA,,1,,public,Costa Rica,Provincia San José,Perez Zeledon,San Pedro,rural,13,rural,9.256872,-83.54643597,official_emis,exact,unknown
CRI_000498,868,CRI,LA GUARIA,,1,,public,Costa Rica,Provincia San José,Perez Zeledon,San Isidro de El General,urban,11,rural,9.3579696,-83.76611756,official_emis,exact,unknown
CRI_000499,869,CRI,LA GUARIA,,1,,public,Costa Rica,Provincia Puntarenas,Buenos Aires,Potrero Grande,rural,11,rural,9.04110042,-83.12912206,official_emis,exact,unknown
CRI_000500,870,CRI,LA HERMOSA,,1,,public,Costa Rica,Provincia San José,Perez Zeledon,El General,rural,12,rural,9.34845543,-83.65711117,official_emis,exact,unknown
CRI_000501,871,CRI,HUACABATA,,1,,public,Costa Rica,Provincia Puntarenas,Buenos Aires,Potrero Grande,rural,11,rural,9.1242852,-83.14369035,official_emis,exact,unknown
CRI_000502,872,CRI,LA LINDA,,1,,public,Costa Rica,Provincia San José,Perez Zeledon,El General,rural,12,rural,9.36641777,-83.65047874,official_emis,exact,unknown
CRI_000503,873,CRI,REPÚBLICA DE MÉXICO,,1,,public,Costa Rica,Provincia San José,Perez Zeledon,Cajón,rural,13,rural,9.27460817,-83.57877551,official_emis,exact,unknown
CRI_000504,874,CRI,PALMITAL,,1,,public,Costa Rica,Provincia Puntarenas,Buenos Aires,Buenos Aires,urban,11,rural,9.23404252,-83.27746678,official_emis,exact,unknown
CRI_000505,875,CRI,CARLOS LUIS VALVERDE VEGA,,1,,public,Costa Rica,Provincia San José,Perez Zeledon,San Isidro de El General,urban,12,rural,9.35163267,-83.73416817,official_emis,exact,unknown
CRI_000506,876,CRI,LA PIÑERA,,1,,public,Costa Rica,Provincia Puntarenas,Buenos Aires,Buenos Aires,urban,21,peri_urban,9.15049969,-83.33334436,official_emis,exact,unknown
CRI_000507,877,CRI,LA PIEDRA,,1,,public,Costa Rica,Provincia San José,Perez Zeledon,Rivas,rural,12,rural,9.51293763,-83.66740552,official_emis,exact,unknown
CRI_000508,878,CRI,LA REPUNTA,,1,,public,Costa Rica,Provincia San José,Perez Zeledon,Daniel Flores,urban,21,peri_urban,9.30410876,-83.65383541,official_emis,exact,unknown
CRI_000509,879,CRI,LA SIERRA,,1,,public,Costa Rica,Provincia San José,Perez Zeledon,Platanares,rural,12,rural,9.14940271,-83.62762066,official_emis,exact,unknown
CRI_000510,880,CRI,EL JARDÍN,,1,,public,Costa Rica,Provincia San José,Perez Zeledon,Rivas,rural,12,rural,9.49839807,-83.70065131,official_emis,exact,unknown
CRI_000511,881,CRI,LA TRINIDAD,,1,,public,Costa Rica,Provincia San José,Perez Zeledon,Pejibaye,rural,12,rural,9.11868976,-83.58212497,official_emis,exact,unknown
CRI_000512,882,CRI,LA UNIÓN,,1,,public,Costa Rica,Provincia San José,Perez Zeledon,San Pedro,rural,12,rural,9.27125099,-83.53938526,official_emis,exact,unknown
CRI_000513,883,CRI,LAGARTO,,1,,public,Costa Rica,Provincia Puntarenas,Buenos Aires,Chánguena,rural,11,rural,8.95907862,-83.30524319,official_emis,exact,unknown
CRI_000514,884,CRI,LA ESPERANZA,,1,,public,Costa Rica,Provincia San José,Perez Zeledon,San Pedro,rural,12,rural,9.24125674,-83.51975523,official_emis,exact,unknown
CRI_000515,885,CRI,LAGUNA,,1,,public,Costa Rica,Provincia San José,Perez Zeledon,San Pedro,rural,12,rural,9.30583741,-83.54590061,official_emis,exact,unknown
CRI_000516,886,CRI,LAS BONITAS,,1,,public,Costa Rica,Provincia San José,Perez Zeledon,Platanares,rural,12,rural,9.19869773,-83.64488979,official_emis,exact,unknown
CRI_000517,887,CRI,COCORI,,1,,public,Costa Rica,Provincia San José,Perez Zeledon,San Isidro de El General,urban,21,peri_urban,9.35674613,-83.70592054,official_emis,exact,unknown
CRI_000518,888,CRI,LAS JUNTAS DE PACUAR,,1,,public,Costa Rica,Provincia San José,Perez Zeledon,Daniel Flores,urban,12,rural,9.26930892,-83.636572,official_emis,exact,unknown
CRI_000519,889,CRI,LAS MERCEDES,,1,,public,Costa Rica,Provincia San José,Perez Zeledon,Cajón,rural,12,rural,9.26144737,-83.58073465,official_emis,exact,unknown
CRI_000520,890,CRI,LAS MESAS,,1,,public,Costa Rica,Provincia San José,Perez Zeledon,Pejibaye,rural,12,rural,9.19566873,-83.5901837,official_emis,exact,unknown
CRI_000521,891,CRI,LAS PILAS,,1,,public,Costa Rica,Provincia Puntarenas,Buenos Aires,Pilas,rural,12,rural,9.08191749,-83.43292388,official_emis,exact,unknown
CRI_000522,892,CRI,LAS TUMBAS,,1,,public,Costa Rica,Provincia San José,Perez Zeledon,Barú,rural,12,rural,9.27895414,-83.77799755,official_emis,exact,unknown
CRI_000523,893,CRI,SANTA FÉ,,1,,public,Costa Rica,Provincia San José,Perez Zeledon,Pejibaye,rural,11,rural,9.09590557,-83.55684452,official_emis,exact,unknown
CRI_000524,894,CRI,LAS VUELTAS,,1,,public,Costa Rica,Provincia Puntarenas,Buenos Aires,Potrero Grande,rural,12,rural,8.96604734,-83.17207419,official_emis,exact,unknown
CRI_000525,895,CRI,LA UVITA DE OSA,,1,,public,Costa Rica,Provincia Puntarenas,Osa,Bahía Ballena,rural,13,rural,9.16929359,-83.74301057,official_emis,exact,unknown
CRI_000526,896,CRI,LINDA VISTA,,1,,public,Costa Rica,Provincia Puntarenas,Buenos Aires,Buenos Aires,rural,11,rural,9.04356029,-83.23179899,official_emis,exact,unknown
CRI_000527,897,CRI,LLANO BONITO,,1,,public,Costa Rica,Provincia Puntarenas,Buenos Aires,Brunka,rural,12,rural,9.22197251,-83.40905637,official_emis,exact,unknown
CRI_000528,898,CRI,EL LLANO,,1,,public,Costa Rica,Provincia San José,Perez Zeledon,Río Nuevo,rural,11,rural,9.42984123,-83.88888994,official_emis,exact,unknown
CRI_000529,899,CRI,PUEBLO NUEVO,,1,,public,Costa Rica,Provincia Puntarenas,Buenos Aires,Potrero Grande,rural,12,rural,9.02658733,-83.14367129,official_emis,exact,unknown
CRI_000530,900,CRI,IGNACIO DURÁN VEGA,,1,,public,Costa Rica,Provincia San José,Perez Zeledon,Páramo,rural,12,rural,9.47832378,-83.80052171,official_emis,exact,unknown
CRI_000531,901,CRI,JOSÉ BREINDERHOFF,,1,,public,Costa Rica,Provincia San José,Perez Zeledon,Daniel Flores,urban,30,urban,9.363461,-83.67586928,official_emis,exact,unknown
CRI_000532,902,CRI,LOS NARANJOS,,1,,public,Costa Rica,Provincia Puntarenas,Buenos Aires,Biolley,rural,12,rural,9.003556440000002,-83.083559,official_emis,exact,unknown
CRI_000533,903,CRI,LOS REYES,,1,,public,Costa Rica,Provincia San José,Perez Zeledon,Daniel Flores,urban,12,rural,9.2485298,-83.63952697,official_emis,exact,unknown
CRI_000534,904,CRI,LA LIRA,,1,,public,Costa Rica,Provincia San José,Perez Zeledon,Páramo,rural,11,rural,9.49751799,-83.82072101,official_emis,exact,unknown
CRI_000535,905,CRI,MAÍZ DE LOS BORUCAS,,1,,public,Costa Rica,Provincia Puntarenas,Buenos Aires,Colinas,rural,12,rural,9.02183598,-83.4104935,official_emis,exact,unknown
CRI_000536,906,CRI,MAÍZ DE LOS UVA,,1,,public,Costa Rica,Provincia Puntarenas,Buenos Aires,Colinas,rural,11,rural,9.04926545,-83.45842343,official_emis,exact,unknown
CRI_000537,907,CRI,LAS CAVERNAS,,1,,public,Costa Rica,Provincia San José,Perez Zeledon,Río Nuevo,rural,11,rural,9.48437494,-83.92983966,official_emis,exact,unknown
CRI_000538,908,CRI,MIRAFLORES,,1,,public,Costa Rica,Provincia San José,Perez Zeledon,El General,rural,12,rural,9.40436203,-83.65842364,official_emis,exact,unknown
CRI_000539,909,CRI,MIRAVALLES,,1,,public,Costa Rica,Provincia San José,Perez Zeledon,San Isidro de El General,urban,12,rural,9.42060805,-83.67924377,official_emis,exact,unknown
CRI_000540,910,CRI,MOLLEJONES,,1,,public,Costa Rica,Provincia San José,Perez Zeledon,Platanares,rural,12,rural,9.23108016,-83.64058475,official_emis,exact,unknown
CRI_000541,911,CRI,MONTECARLO,,1,,public,Costa Rica,Provincia San José,Perez Zeledon,Cajón,rural,12,rural,9.3550298,-83.60649571,official_emis,exact,unknown
CRI_000542,912,CRI,FRANCISCO MORAZÁN QUESADA,,1,,public,Costa Rica,Provincia San José,Perez Zeledon,San Isidro de El General,urban,21,peri_urban,9.40016165,-83.70344201,official_emis,exact,unknown
CRI_000543,913,CRI,MORETE,,1,,public,Costa Rica,Provincia San José,Perez Zeledon,San Isidro de El General,urban,11,rural,9.24997965,-83.72755645,official_emis,exact,unknown
CRI_000544,914,CRI,NARANJO,,1,,public,Costa Rica,Provincia San José,Perez Zeledon,Platanares,rural,12,rural,9.20112763,-83.63253799,official_emis,exact,unknown
CRI_000545,915,CRI,OLAN,,1,,public,Costa Rica,Provincia Puntarenas,Buenos Aires,Buenos Aires,urban,11,rural,9.28013159,-83.20921268,official_emis,exact,unknown
CRI_000546,916,CRI,SAN JOAQUÍN,,1,,public,Costa Rica,Provincia Puntarenas,Buenos Aires,Boruca,rural,12,rural,9.01375222,-83.34635588,official_emis,exact,unknown
CRI_000547,917,CRI,BAJO DE VERAGUA,,1,,public,Costa Rica,Provincia Puntarenas,Buenos Aires,Boruca,rural,11,rural,9.04203529,-83.33286915,official_emis,exact,unknown
CRI_000548,918,CRI,MIRAVALLES,,1,,public,Costa Rica,Provincia Puntarenas,Buenos Aires,Boruca,rural,11,rural,9.000058,-83.373345,official_emis,exact,unknown
CRI_000549,919,CRI,OJO DE AGUA,,1,,public,Costa Rica,Provincia San José,Perez Zeledon,San Isidro de El General,urban,11,rural,9.2811602,-83.73069491,official_emis,exact,unknown
CRI_000550,920,CRI,LAS LAGUNAS,,1,,public,Costa Rica,Provincia San José,Perez Zeledon,Daniel Flores,urban,21,peri_urban,9.31884114,-83.68071817,official_emis,exact,unknown
CRI_000551,921,CRI,ROSARIO ARRÓNIZ,,1,,public,Costa Rica,Provincia San José,Perez Zeledon,San Isidro de El General,urban,12,rural,9.33270474,-83.72110129,official_emis,exact,unknown
CRI_000552,922,CRI,HERNÁN RODRÍGUEZ RUÍZ,,1,,public,Costa Rica,Provincia San José,Perez Zeledon,Daniel Flores,urban,21,peri_urban,9.32090566,-83.66215356,official_emis,exact,unknown
CRI_000553,923,CRI,PALMITAL,,1,,public,Costa Rica,Provincia San José,Perez Zeledon,Rivas,rural,12,rural,9.47648083,-83.65949892,official_emis,exact,unknown
CRI_000554,924,CRI,SANTA CECILIA,,1,,public,Costa Rica,Provincia San José,Perez Zeledon,San Pedro,rural,12,rural,9.2422788,-83.53015531,official_emis,exact,unknown
CRI_000555,925,CRI,PARAÍSO,,1,,public,Costa Rica,Provincia Puntarenas,Buenos Aires,Buenos Aires,urban,12,rural,9.11129231,-83.32234501,official_emis,exact,unknown
CRI_000556,926,CRI,PARAÍSO,,1,,public,Costa Rica,Provincia San José,Perez Zeledon,Pejibaye,rural,11,rural,9.14236043,-83.58122026,official_emis,exact,unknown
CRI_000557,927,CRI,SANTA ANA,,1,,public,Costa Rica,Provincia San José,Perez Zeledon,San Pedro,rural,12,rural,9.2551963,-83.55976836,official_emis,exact,unknown
CRI_000558,928,CRI,PAVONES,,1,,public,Costa Rica,Provincia San José,Perez Zeledon,San Isidro de El General,urban,30,urban,9.35009149,-83.69602813,official_emis,exact,unknown
CRI_000559,929,CRI,PEÑAS BLANCAS,,1,,public,Costa Rica,Provincia San José,Perez Zeledon,El General,rural,21,peri_urban,9.3160722,-83.64221356,official_emis,exact,unknown
CRI_000560,930,CRI,LOS JILGUEROS,,1,,public,Costa Rica,Provincia San José,Perez Zeledon,Rivas,rural,11,rural,9.52784057,-83.68981805,official_emis,exact,unknown
CRI_000561,931,CRI,MIXTA PEDREGOSO,,1,,public,Costa Rica,Provincia San José,Perez Zeledon,San Isidro de El General,urban,30,urban,9.3752147,-83.72188067,official_emis,exact,unknown
CRI_000562,933,CRI,PACUARITO,,1,,public,Costa Rica,Provincia San José,Perez Zeledon,San Isidro de El General,urban,12,rural,9.31380519,-83.73965275,official_emis,exact,unknown
CRI_000563,934,CRI,PLATANARES,,1,,public,Costa Rica,Provincia Puntarenas,Buenos Aires,Buenos Aires,urban,11,rural,9.12615345,-83.27448921,official_emis,exact,unknown
CRI_000564,935,CRI,POTRERO GRANDE,,1,,public,Costa Rica,Provincia Puntarenas,Buenos Aires,Potrero Grande,rural,13,rural,9.01667628,-83.17474484,official_emis,exact,unknown
CRI_000565,936,CRI,MARÍA MORA UREÑA,,1,,public,Costa Rica,Provincia San José,Perez Zeledon,Rivas,rural,12,rural,9.4512869,-83.65671894,official_emis,exact,unknown
CRI_000566,937,CRI,LA DIBUJADA,,1,,public,Costa Rica,Provincia Puntarenas,Buenos Aires,Pilas,rural,11,rural,9.11104932,-83.41546247,official_emis,exact,unknown
CRI_000567,938,CRI,PUEBLO NUEVO,,1,,public,Costa Rica,Provincia Puntarenas,Buenos Aires,Pilas,rural,11,rural,9.13089495,-83.46052082,official_emis,exact,unknown
CRI_000568,939,CRI,PUNTO DE MIRA,,1,,public,Costa Rica,Provincia Puntarenas,Quepos,Savegre,rural,12,rural,9.32933023,-83.87596963,official_emis,exact,unknown
CRI_000569,940,CRI,QUEBRADAS,,1,,public,Costa Rica,Provincia San José,Perez Zeledon,San Isidro de El General,urban,12,rural,9.42062025,-83.7010002,official_emis,exact,unknown
CRI_000570,941,CRI,LA VIRGEN,,1,,public,Costa Rica,Provincia Puntarenas,Buenos Aires,Colinas,rural,11,rural,9.06687461,-83.5187812,official_emis,exact,unknown
CRI_000571,942,CRI,SAN RAFAEL,,1,,public,Costa Rica,Provincia Puntarenas,Buenos Aires,Potrero Grande,rural,12,rural,9.13718841,-83.19623187,official_emis,exact,unknown
CRI_000572,943,CRI,PILÓN,,1,,public,Costa Rica,Provincia Puntarenas,Buenos Aires,Chánguena,rural,12,rural,8.90619766,-83.17480286,official_emis,exact,unknown
CRI_000573,944,CRI,RÍO GRANDE,,1,,public,Costa Rica,Provincia Puntarenas,Buenos Aires,Volcán,rural,12,rural,9.2378746,-83.50587277,official_emis,exact,unknown
CRI_000574,945,CRI,RÍO GRANDE,,1,,public,Costa Rica,Provincia San José,Perez Zeledon,Platanares,rural,12,rural,9.24409524,-83.6194856,official_emis,exact,unknown
CRI_000575,946,CRI,ZAPOTAL,,1,,public,Costa Rica,Provincia Puntarenas,Buenos Aires,Chánguena,rural,11,rural,8.95595812,-83.23802228,official_emis,exact,unknown
CRI_000576,947,CRI,JUAN VALVERDE MORA,,1,,public,Costa Rica,Provincia San José,Perez Zeledon,Rivas,rural,13,rural,9.42104412,-83.65909186,official_emis,exact,unknown
CRI_000577,948,CRI,LA REINA,,1,,public,Costa Rica,Provincia San José,Perez Zeledon,Barú,rural,11,rural,9.33775455,-83.82452027,official_emis,exact,unknown
CRI_000578,949,CRI,LAS JUNTAS,,1,,public,Costa Rica,Provincia Puntarenas,Buenos Aires,Potrero Grande,rural,11,rural,9.09931139,-83.19997269,official_emis,exact,unknown
CRI_000579,950,CRI,RÍO AZUL,,1,,public,Costa Rica,Provincia Puntarenas,Buenos Aires,Buenos Aires,urban,11,rural,9.20612109,-83.2556652,official_emis,exact,unknown
CRI_000580,951,CRI,SAN ANTONIO ABAJO,,1,,public,Costa Rica,Provincia San José,Perez Zeledon,La Amistad,rural,12,rural,9.20978613,-83.54573964,official_emis,exact,unknown
CRI_000581,952,CRI,ALTO DE LA TRINIDAD,,1,,public,Costa Rica,Provincia San José,Perez Zeledon,Pejibaye,rural,11,rural,9.1279342,-83.58384994,official_emis,exact,unknown
CRI_000582,953,CRI,RODRIGO FACIO BRENES,,1,,public,Costa Rica,Provincia San José,Perez Zeledon,San Isidro de El General,urban,12,rural,9.39599035,-83.68056326,official_emis,exact,unknown
CRI_000583,954,CRI,LIDER ROGELIO FERNÁNDEZ GÜELL,,1,,public,Costa Rica,Provincia Puntarenas,Buenos Aires,Buenos Aires,urban,23,urban,9.17096691,-83.33609076,official_emis,exact,unknown
CRI_000584,955,CRI,SAN AGUSTÍN,,1,,public,Costa Rica,Provincia San José,Perez Zeledon,San Isidro de El General,urban,11,rural,9.25903594,-83.68720186,official_emis,exact,unknown
CRI_000585,956,CRI,SAN ANTONIO,,1,,public,Costa Rica,Provincia San José,Perez Zeledon,La Amistad,rural,12,rural,9.19456547,-83.5449664,official_emis,exact,unknown
CRI_000586,957,CRI,EL CARMEN,,1,,public,Costa Rica,Provincia Puntarenas,Buenos Aires,Buenos Aires,urban,12,rural,9.27446858,-83.297674,official_emis,exact,unknown
CRI_000587,958,CRI,SAN ANTONIO,,1,,public,Costa Rica,Provincia San José,Perez Zeledon,Río Nuevo,rural,11,rural,9.38159868,-83.78744504,official_emis,exact,unknown
CRI_000588,959,CRI,SAN ANTONIO,,1,,public,Costa Rica,Provincia Puntarenas,Buenos Aires,Potrero Grande,rural,12,rural,9.02948362,-83.29861359,official_emis,exact,unknown
CRI_000589,960,CRI,SAN BLAS,,1,,public,Costa Rica,Provincia San José,Perez Zeledon,El General,rural,11,rural,9.38937322,-83.63799683,official_emis,exact,unknown
CRI_000590,961,CRI,SAN JUAN BOSCO,,1,,public,Costa Rica,Provincia San José,Perez Zeledon,Daniel Flores,urban,12,rural,9.24883838,-83.66481683,official_emis,exact,unknown
CRI_000591,962,CRI,SAN CARLOS,,1,,public,Costa Rica,Provincia San José,Perez Zeledon,La Amistad,rural,12,rural,9.23464977,-83.59291678,official_emis,exact,unknown
CRI_000592,963,CRI,SAN CAYETANO,,1,,public,Costa Rica,Provincia San José,Perez Zeledon,Río Nuevo,rural,12,rural,9.4189199,-83.7930191,official_emis,exact,unknown
CRI_000593,964,CRI,SAN FRANCISCO,,1,,public,Costa Rica,Provincia San José,Perez Zeledon,Cajón,rural,12,rural,9.32307241,-83.60016606,official_emis,exact,unknown
CRI_000594,965,CRI,SAN GABRIEL,,1,,public,Costa Rica,Provincia San José,Perez Zeledon,La Amistad,rural,12,rural,9.20525328,-83.5741738,official_emis,exact,unknown
CRI_000595,966,CRI,SAN GERARDO,,1,,public,Costa Rica,Provincia San José,Perez Zeledon,Rivas,rural,12,rural,9.46638777,-83.59604902,official_emis,exact,unknown
CRI_000596,967,CRI,SAN GERARDO DE PLATANARES,,1,,public,Costa Rica,Provincia San José,Perez Zeledon,Platanares,rural,12,rural,9.16688298,-83.65166562,official_emis,exact,unknown
CRI_000597,968,CRI,SAN JERÓNIMO,,1,,public,Costa Rica,Provincia San José,Perez Zeledon,San Pedro,rural,12,rural,9.34120615,-83.50399178,official_emis,exact,unknown
CRI_000598,969,CRI,SAN JUAN DE DIOS,,1,,public,Costa Rica,Provincia San José,Perez Zeledon,Barú,rural,12,rural,9.31947884,-83.83015649,official_emis,exact,unknown
CRI_000599,970,CRI,SAN JUAN MIRAMAR,,1,,public,Costa Rica,Provincia San José,Perez Zeledon,San Isidro de El General,urban,12,rural,9.32565982,-83.74523268,official_emis,exact,unknown
CRI_000600,971,CRI,SAN JUAN NORTE,,1,,public,Costa Rica,Provincia San José,Perez Zeledon,Rivas,rural,12,rural,9.48681307,-83.66772651,official_emis,exact,unknown
CRI_000601,972,CRI,JOSE MARIA CHAVERRI PICADO,,1,,public,Costa Rica,Provincia San José,Perez Zeledon,Barú,rural,12,rural,9.28872503,-83.80362884,official_emis,exact,unknown
CRI_000602,973,CRI,SAN LORENZO,,1,,public,Costa Rica,Provincia San José,Perez Zeledon,San Isidro de El General,urban,11,rural,9.29686542,-83.72672093,official_emis,exact,unknown
CRI_000603,974,CRI,SAN LUIS,,1,,public,Costa Rica,Provincia Puntarenas,Buenos Aires,Buenos Aires,urban,12,rural,9.10125348,-83.28146407,official_emis,exact,unknown
CRI_000604,975,CRI,SAN MARCOS,,1,,public,Costa Rica,Provincia San José,Perez Zeledon,Pejibaye,rural,12,rural,9.17738605,-83.57830069,official_emis,exact,unknown
CRI_000605,976,CRI,SAN MARTÍN,,1,,public,Costa Rica,Provincia San José,Perez Zeledon,Pejibaye,rural,12,rural,9.13136107,-83.50641579,official_emis,exact,unknown
CRI_000606,977,CRI,SAN MIGUEL,,1,,public,Costa Rica,Provincia San José,Perez Zeledon,Pejibaye,rural,12,rural,9.16623515,-83.60441734,official_emis,exact,unknown
CRI_000607,978,CRI,SAN LUIS,,1,,public,Costa Rica,Provincia Puntarenas,Buenos Aires,Colinas,rural,11,rural,9.03423117,-83.4300882,official_emis,exact,unknown
CRI_000608,980,CRI,SAN PABLO,,1,,public,Costa Rica,Provincia San José,Perez Zeledon,Platanares,rural,12,rural,9.21849433,-83.6166218,official_emis,exact,unknown
CRI_000609,981,CRI,SAN PEDRITO,,1,,public,Costa Rica,Provincia San José,Perez Zeledon,Cajón,rural,12,rural,9.31116051,-83.56626886,official_emis,exact,unknown
CRI_000610,982,CRI,SAN PEDRO,,1,,public,Costa Rica,Provincia San José,Perez Zeledon,San Pedro,rural,13,rural,9.27981677,-83.55074685,official_emis,exact,unknown
CRI_000611,983,CRI,SAN RAFAEL,,1,,public,Costa Rica,Provincia Puntarenas,Buenos Aires,Brunka,rural,11,rural,9.22522725,-83.38312585,official_emis,exact,unknown
CRI_000612,984,CRI,MELICO SALAZAR ZÚÑIGA,,1,,public,Costa Rica,Provincia San José,Perez Zeledon,San Isidro de El General,urban,12,rural,9.40790134,-83.71149854,official_emis,exact,unknown
CRI_000613,985,CRI,SAN RAMÓN NORTE,,1,,public,Costa Rica,Provincia San José,Perez Zeledon,Páramo,rural,12,rural,9.43479439,-83.72966335,official_emis,exact,unknown
CRI_000614,986,CRI,BAJO LAS BRISAS,,1,,public,Costa Rica,Provincia San José,Perez Zeledon,Cajón,rural,12,rural,9.25389468,-83.60477138,official_emis,exact,unknown
CRI_000615,987,CRI,LAS BRISAS,,1,,public,Costa Rica,Provincia San José,Perez Zeledon,Cajón,rural,12,rural,9.26305711,-83.61386294,official_emis,exact,unknown
CRI_000616,988,CRI,GUSTAVO AGUERO BARRANTES,,1,,public,Costa Rica,Provincia San José,Perez Zeledon,Páramo,rural,12,rural,9.4151785,-83.73407766,official_emis,exact,unknown
CRI_000617,989,CRI,FLORENCIA DE MATAZANOS,,1,,public,Costa Rica,Provincia San José,Perez Zeledon,Páramo,rural,13,rural,9.4165041,-83.72593689,official_emis,exact,unknown
CRI_000618,990,CRI,SAN SALVADOR,,1,,public,Costa Rica,Provincia San José,Perez Zeledon,Barú,rural,12,rural,9.25634576,-83.795836,official_emis,exact,unknown
CRI_000619,992,CRI,SANTA EDUVIGES,,1,,public,Costa Rica,Provincia San José,Perez Zeledon,Páramo,rural,12,rural,9.48718086,-83.75884995,official_emis,exact,unknown
CRI_000620,993,CRI,SANTA CRUZ,,1,,public,Costa Rica,Provincia Puntarenas,Buenos Aires,Buenos Aires,urban,23,urban,9.17337795,-83.32542698,official_emis,exact,unknown
CRI_000621,994,CRI,EL PEJE,,1,,public,Costa Rica,Provincia San José,Perez Zeledon,Daniel Flores,urban,12,rural,9.27640428,-83.65179829,official_emis,exact,unknown
CRI_000622,995,CRI,SANTA ELENA,,1,,public,Costa Rica,Provincia San José,Perez Zeledon,El General,rural,12,rural,9.35438283,-83.62556194,official_emis,exact,unknown
CRI_000623,996,CRI,SANTA LUCÍA,,1,,public,Costa Rica,Provincia Puntarenas,Buenos Aires,Chánguena,rural,12,rural,8.90659999,-83.21332385,official_emis,exact,unknown
CRI_000624,997,CRI,SANTA LUCÍA DE PEJIBAYE,,1,,public,Costa Rica,Provincia San José,Perez Zeledon,La Amistad,rural,12,rural,9.21715099,-83.57000163,official_emis,exact,unknown
CRI_000625,998,CRI,SANTA MARÍA,,1,,public,Costa Rica,Provincia San José,Perez Zeledon,Cajón,rural,12,rural,9.32066193,-83.58342635,official_emis,exact,unknown
CRI_000626,999,CRI,SANTA MARTA,,1,,public,Costa Rica,Provincia Puntarenas,Buenos Aires,Brunka,rural,13,rural,9.16955353,-83.40553096,official_emis,exact,unknown
CRI_000627,1000,CRI,JUAN RAFAEL MORA PORRAS,,1,,public,Costa Rica,Provincia Puntarenas,Buenos Aires,Biolley,rural,12,rural,8.986882700000002,-83.03055889,official_emis,exact,unknown
CRI_000628,1001,CRI,SANTA ROSA,,1,,public,Costa Rica,Provincia Puntarenas,Buenos Aires,Brunka,rural,12,rural,9.24789625,-83.37995946,official_emis,exact,unknown
CRI_000629,1002,CRI,LAS CRUCES,,1,,public,Costa Rica,Provincia Puntarenas,Buenos Aires,Chánguena,rural,12,rural,8.89321504,-83.14744446,official_emis,exact,unknown
CRI_000630,1003,CRI,SANTIAGO,,1,,public,Costa Rica,Provincia San José,Perez Zeledon,San Pedro,rural,12,rural,9.28908898,-83.50055981,official_emis,exact,unknown
CRI_000631,1004,CRI,SANTO TOMÁS,,1,,public,Costa Rica,Provincia San José,Perez Zeledon,Páramo,rural,12,rural,9.47816829,-83.7794897,official_emis,exact,unknown
CRI_000632,1005,CRI,RIO NUEVO SAVEGRE,,1,,public,Costa Rica,Provincia San José,Perez Zeledon,Río Nuevo,rural,12,rural,9.43243989,-83.84262301,official_emis,exact,unknown
CRI_000633,1006,CRI,SINAÍ,,1,,public,Costa Rica,Provincia San José,Perez Zeledon,San Isidro de El General,urban,30,urban,9.37018844,-83.69453042,official_emis,exact,unknown
CRI_000634,1007,CRI,SAN JOSECITO,,1,,public,Costa Rica,Provincia Puntarenas,Osa,Bahía Ballena,rural,11,rural,9.20785102,-83.75279444,official_emis,exact,unknown
CRI_000635,1008,CRI,SAN RAFAEL,,1,,public,Costa Rica,Provincia San José,Perez Zeledon,San Pedro,rural,12,rural,9.31504682,-83.5221893,official_emis,exact,unknown
CRI_000636,1009,CRI,SAN RAFAEL,,1,,public,Costa Rica,Provincia San José,Perez Zeledon,Platanares,rural,13,rural,9.20715177,-83.64182656,official_emis,exact,unknown
CRI_000637,1010,CRI,SANTA ROSA,,1,,public,Costa Rica,Provincia San José,Perez Zeledon,Río Nuevo,rural,12,rural,9.39461051,-83.75968161,official_emis,exact,unknown
CRI_000638,1011,CRI,TÉRRABA,,1,,public,Costa Rica,Provincia Puntarenas,Buenos Aires,Potrero Grande,rural,12,rural,9.06764761,-83.28805427,official_emis,exact,unknown
CRI_000639,1012,CRI,TRES PIEDRAS,,1,,public,Costa Rica,Provincia Puntarenas,Quepos,Savegre,rural,11,rural,9.32696065,-83.85206439,official_emis,exact,unknown
CRI_000640,1013,CRI,UJARRÁS,,1,,public,Costa Rica,Provincia Puntarenas,Buenos Aires,Buenos Aires,urban,12,rural,9.23119412,-83.30456933,official_emis,exact,unknown
CRI_000641,1014,CRI,VALENCIA,,1,,public,Costa Rica,Provincia San José,Perez Zeledon,Páramo,rural,12,rural,9.45142458,-83.72889899,official_emis,exact,unknown
CRI_000642,1015,CRI,VALLE DE LA CRUZ,,1,,public,Costa Rica,Provincia San José,Perez Zeledon,Pejibaye,rural,13,rural,9.15846192,-83.5738505,official_emis,exact,unknown
CRI_000643,1016,CRI,VERACRUZ,,1,,public,Costa Rica,Provincia San José,Perez Zeledon,Pejibaye,rural,12,rural,9.09940105,-83.54335015,official_emis,exact,unknown
CRI_000644,1017,CRI,VILLA ARGENTINA,,1,,public,Costa Rica,Provincia San José,Perez Zeledon,Platanares,rural,12,rural,9.18351535,-83.64089739,official_emis,exact,unknown
CRI_000645,1018,CRI,VILLA BONITA,,1,,public,Costa Rica,Provincia San José,Perez Zeledon,Barú,rural,11,rural,9.37669805,-83.87147119,official_emis,exact,unknown
CRI_000646,1019,CRI,VILLA LIGIA,,1,,public,Costa Rica,Provincia San José,Perez Zeledon,Daniel Flores,urban,30,urban,9.35620995,-83.6882594,official_emis,exact,unknown
CRI_000647,1020,CRI,VILLA NUEVA,,1,,public,Costa Rica,Provincia San José,Perez Zeledon,San Isidro de El General,rural,12,rural,9.3795081,-83.73275364,official_emis,exact,unknown
CRI_000648,1021,CRI,VISTA DE MAR,,1,,public,Costa Rica,Provincia San José,Perez Zeledon,Platanares,rural,12,rural,9.18320097,-83.65552283,official_emis,exact,unknown
CRI_000649,1022,CRI,VOLCÁN,,1,,public,Costa Rica,Provincia Puntarenas,Buenos Aires,Volcán,rural,12,rural,9.20842935,-83.44807004,official_emis,exact,unknown
CRI_000650,1023,CRI,EL JORÓN,,1,,public,Costa Rica,Provincia Puntarenas,Buenos Aires,Potrero Grande,rural,11,rural,9.06119737,-83.13532544,official_emis,exact,unknown
CRI_000651,1024,CRI,DOMINICALITO,,1,,public,Costa Rica,Provincia Puntarenas,Osa,Bahía Ballena,rural,12,rural,9.23469958,-83.83954232,official_emis,exact,unknown
CRI_000652,1025,CRI,QUEBRADA HONDA,,1,,public,Costa Rica,Provincia San José,Perez Zeledon,Daniel Flores,urban,12,rural,9.296596,-83.66795573,official_emis,exact,unknown
CRI_000653,1026,CRI,EL ZAPOTE,,1,,public,Costa Rica,Provincia San José,Perez Zeledon,Pejibaye,rural,12,rural,9.12981737,-83.55652901,official_emis,exact,unknown
CRI_000654,1027,CRI,LA ARENILLA,,1,,public,Costa Rica,Provincia San José,Perez Zeledon,San Pedro,rural,12,rural,9.26555328,-83.56205298,official_emis,exact,unknown
CRI_000655,1028,CRI,12 DE MARZO DE 1948,,1,,public,Costa Rica,Provincia San José,Perez Zeledon,San Isidro de El General,urban,30,urban,9.3790006,-83.7052752,official_emis,exact,unknown
CRI_000656,1029,CRI,SAN IGNACIO,,1,,public,Costa Rica,Provincia San José,Perez Zeledon,Cajón,rural,11,rural,9.33590008,-83.59517528,official_emis,exact,unknown
CRI_000657,1030,CRI,EL TRÉBOL,,1,,public,Costa Rica,Provincia Puntarenas,Buenos Aires,Potrero Grande,rural,11,rural,9.0149221,-83.15141954,official_emis,exact,unknown
CRI_000658,1031,CRI,SAN BOSCO,,1,,public,Costa Rica,Provincia Puntarenas,Buenos Aires,Boruca,rural,11,rural,9.00730924,-83.28588551,official_emis,exact,unknown
CRI_000659,1032,CRI,CAPRI,,1,,public,Costa Rica,Provincia Puntarenas,Buenos Aires,Potrero Grande,rural,12,rural,9.10910617,-83.14580148,official_emis,exact,unknown
CRI_000660,1033,CRI,CALDERÓN,,1,,public,Costa Rica,Provincia Puntarenas,Buenos Aires,Buenos Aires,urban,11,rural,9.16840248,-83.24661817,official_emis,exact,unknown
CRI_000661,1034,CRI,BIOLLEY,,1,,public,Costa Rica,Provincia Puntarenas,Buenos Aires,Biolley,rural,12,rural,9.02576811,-83.05077506,official_emis,exact,unknown
CRI_000662,1035,CRI,SAN CARLOS,,1,,public,Costa Rica,Provincia Puntarenas,Buenos Aires,Buenos Aires,urban,12,rural,9.13987106,-83.30927877,official_emis,exact,unknown
CRI_000663,1036,CRI,ALTAMIRA,,1,,public,Costa Rica,Provincia Puntarenas,Buenos Aires,Biolley,rural,12,rural,9.00830408,-83.01489234,official_emis,exact,unknown
CRI_000664,1037,CRI,ZAPOTAL,,1,,public,Costa Rica,Provincia San José,Perez Zeledon,San Pedro,rural,12,rural,9.32722976,-83.50682019,official_emis,exact,unknown
CRI_000665,1038,CRI,LOS ÁNGELES,,1,,public,Costa Rica,Provincia Puntarenas,Buenos Aires,Volcán,rural,12,rural,9.20121673,-83.47128785,official_emis,exact,unknown
CRI_000666,1039,CRI,SAN RAFAEL ARRIBA,,1,,public,Costa Rica,Provincia San José,Perez Zeledon,San Pedro,rural,12,rural,9.29212562,-83.5303408,official_emis,exact,unknown
CRI_000667,1040,CRI,EL PUENTE,,1,,public,Costa Rica,Provincia Puntarenas,Buenos Aires,Buenos Aires,urban,12,rural,9.17954675,-83.27532578,official_emis,exact,unknown
CRI_000668,1041,CRI,ALTAMIRA,,1,,public,Costa Rica,Provincia Puntarenas,Buenos Aires,Volcán,rural,11,rural,9.28409388,-83.45945058,official_emis,exact,unknown
CRI_000669,1042,CRI,PASO REAL,,1,,public,Costa Rica,Provincia Puntarenas,Buenos Aires,Potrero Grande,rural,11,rural,9.01517047716457,-83.22945174615772,admin_centroid,approximate,unknown
CRI_000670,1043,CRI,CLAVERA,,1,,public,Costa Rica,Provincia Puntarenas,Buenos Aires,Potrero Grande,rural,11,rural,8.987855870000002,-83.19488956,official_emis,exact,unknown
CRI_000671,1044,CRI,LA RIBERA,,1,,public,Costa Rica,Provincia San José,Perez Zeledon,Daniel Flores,urban,11,rural,9.26811264,-83.67070904,official_emis,exact,unknown
CRI_000672,1045,CRI,CHONTALES,,1,,public,Costa Rica,Provincia San José,Perez Zeledon,Barú,rural,11,rural,9.3650372,-83.84172901,official_emis,exact,unknown
CRI_000673,1046,CRI,EL PILAR,,1,,public,Costa Rica,Provincia San José,Perez Zeledon,Cajón,rural,12,rural,9.28731587,-83.61092752,official_emis,exact,unknown
CRI_000674,1047,CRI,LAS DELICIAS,,1,,public,Costa Rica,Provincia San José,Perez Zeledon,Pejibaye,rural,12,rural,9.10360679,-83.51257063,official_emis,exact,unknown
CRI_000675,1048,CRI,JALISCO,,1,,public,Costa Rica,Provincia Puntarenas,Buenos Aires,Colinas,rural,11,rural,9.01413486,-83.45388622,official_emis,exact,unknown
CRI_000676,1049,CRI,MOCTEZUMA,,1,,public,Costa Rica,Provincia San José,Perez Zeledon,La Amistad,rural,11,rural,9.16104176,-83.52378648,official_emis,exact,unknown
CRI_000677,1050,CRI,LA TINTA,,1,,public,Costa Rica,Provincia Puntarenas,Buenos Aires,Pilas,rural,11,rural,9.09008159,-83.37329386,official_emis,exact,unknown
CRI_000678,1051,CRI,LAS BRISAS,,1,,public,Costa Rica,Provincia Puntarenas,Buenos Aires,Buenos Aires,urban,12,rural,9.14332843,-83.22235189,official_emis,exact,unknown
CRI_000679,1052,CRI,LA GLORIA,,1,,public,Costa Rica,Provincia Puntarenas,Buenos Aires,Pilas,rural,11,rural,9.08160773,-83.46399855,official_emis,exact,unknown
CRI_000680,1053,CRI,YUAVIN,,1,,public,Costa Rica,Provincia Puntarenas,Buenos Aires,Buenos Aires,urban,11,rural,9.18748778,-83.21188884,official_emis,exact,unknown
CRI_000681,1054,CRI,QUEBRADA BONITA,,1,,public,Costa Rica,Provincia Puntarenas,Buenos Aires,Chánguena,rural,12,rural,8.91854624,-83.19008938,official_emis,exact,unknown
CRI_000682,1055,CRI,LA BONGA,,1,,public,Costa Rica,Provincia Puntarenas,Buenos Aires,Chánguena,rural,12,rural,8.92735399,-83.21764846,official_emis,exact,unknown
CRI_000683,1056,CRI,BAJOS DE MAMEY,,1,,public,Costa Rica,Provincia Puntarenas,Buenos Aires,Chánguena,rural,11,rural,8.9358987,-83.24977052,official_emis,exact,unknown
CRI_000684,1057,CRI,TIERRAS MORENAS,,1,,public,Costa Rica,Provincia Puntarenas,Quepos,Savegre,rural,12,rural,9.34256828,-83.86485828,official_emis,exact,unknown
CRI_000685,1059,CRI,TINAMASTE,,1,,public,Costa Rica,Provincia San José,Perez Zeledon,Barú,rural,12,rural,9.29915149,-83.78357146,official_emis,exact,unknown
CRI_000686,1060,CRI,LA PUNA,,1,,public,Costa Rica,Provincia Puntarenas,Buenos Aires,Biolley,rural,12,rural,9.03423022,-83.07719743,official_emis,exact,unknown
CRI_000687,1061,CRI,EL CACAO,,1,,public,Costa Rica,Provincia Puntarenas,Buenos Aires,Volcán,rural,12,rural,9.22561595,-83.47425031,official_emis,exact,unknown
CRI_000688,1062,CRI,PÁRAMO,,1,,public,Costa Rica,Provincia San José,Perez Zeledon,Páramo,rural,12,rural,9.41199035,-83.74363155,official_emis,exact,unknown
CRI_000689,1063,CRI,SIKÉBATA,,1,,public,Costa Rica,Provincia Puntarenas,Buenos Aires,Potrero Grande,rural,11,rural,9.1324881,-83.15126882,official_emis,exact,unknown
CRI_000690,1064,CRI,ALTO DE LA PERLA,,1,,public,Costa Rica,Provincia San José,Perez Zeledon,Barú,rural,11,rural,9.34329804,-83.80529308,official_emis,exact,unknown
CRI_000691,1065,CRI,LAS VEGAS,,1,,public,Costa Rica,Provincia Puntarenas,Buenos Aires,Chánguena,rural,12,rural,8.95765132,-83.27149849,official_emis,exact,unknown
CRI_000692,1066,CRI,EL CACIQUE,,1,,public,Costa Rica,Provincia Puntarenas,Buenos Aires,Chánguena,rural,11,rural,8.883581680000002,-83.19757764,official_emis,exact,unknown
CRI_000693,1067,CRI,LOS VEGA,,1,,public,Costa Rica,Provincia San José,Perez Zeledon,San Pedro,rural,12,rural,9.32493655,-83.56527475,official_emis,exact,unknown
CRI_000694,1068,CRI,LA GUARIA,,1,,public,Costa Rica,Provincia San José,Perez Zeledon,San Pedro,rural,12,rural,9.28956583,-83.52030515,official_emis,exact,unknown
CRI_000695,1069,CRI,BELLA VISTA,,1,,public,Costa Rica,Provincia San José,Perez Zeledon,Pejibaye,rural,11,rural,9.10743192,-83.57502208,official_emis,exact,unknown
CRI_000696,1070,CRI,TIERRA PROMETIDA,,1,,public,Costa Rica,Provincia San José,Perez Zeledon,San Isidro de El General,urban,30,urban,9.38147694,-83.71177784,official_emis,exact,unknown
CRI_000697,1071,CRI,SANTA CECILIA,,1,,public,Costa Rica,Provincia San José,Perez Zeledon,La Amistad,rural,11,rural,9.215558,-83.552894,official_emis,exact,unknown
CRI_000698,1072,CRI,SANTO DOMINGO,,1,,public,Costa Rica,Provincia San José,Perez Zeledon,San Pedro,rural,12,rural,9.30500381,-83.53187071,official_emis,exact,unknown
CRI_000699,1073,CRI,BUENOS AIRES,,1,,public,Costa Rica,Provincia San José,Perez Zeledon,Platanares,rural,11,rural,9.21919966,-83.6525627,official_emis,exact,unknown
CRI_000700,1074,CRI,PALMIRA,,1,,public,Costa Rica,Provincia Puntarenas,Buenos Aires,Potrero Grande,rural,11,rural,9.11591692,-83.17147363,official_emis,exact,unknown
CRI_000701,1076,CRI,CALIFORNIA,,1,,public,Costa Rica,Provincia San José,Perez Zeledon,Río Nuevo,rural,11,rural,9.47018068,-83.81120181,official_emis,exact,unknown
CRI_000702,1077,CRI,LA FLOR DE BAHÍA,,1,,public,Costa Rica,Provincia Puntarenas,Osa,Bahía Ballena,rural,13,rural,9.1590924,-83.73981275,official_emis,exact,unknown
CRI_000703,1078,CRI,SÁBALO,,1,,public,Costa Rica,Provincia Puntarenas,Buenos Aires,Biolley,rural,11,rural,8.98251434,-83.04481297,official_emis,exact,unknown
CRI_000704,1079,CRI,LOS NARANJOS,,1,,public,Costa Rica,Provincia San José,Perez Zeledon,La Amistad,rural,12,rural,9.21884585,-83.59314981,official_emis,exact,unknown
CRI_000705,1080,CRI,MALLAL,,1,,public,Costa Rica,Provincia Puntarenas,Buenos Aires,Colinas,rural,11,rural,9.002344170000002,-83.39091066,official_emis,exact,unknown
CRI_000706,1081,CRI,GUATUSA,,1,,public,Costa Rica,Provincia Alajuela,Poas,San Rafael,rural,21,peri_urban,10.10595555,-84.25181413,official_emis,exact,unknown
CRI_000707,1082,CRI,MARIA INMACULADA,,1,,public,Costa Rica,Provincia Alajuela,Grecia,Grecia,urban,23,urban,10.07240619088294,-84.30877177735779,admin_centroid,approximate,unknown
CRI_000708,1083,CRI,AEROPUERTO,,1,,public,Costa Rica,Provincia Alajuela,Alajuela,Río Segundo,urban,30,urban,10.00031953,-84.20095893,official_emis,exact,unknown
CRI_000709,1084,CRI,ALFREDO GOMEZ ZAMORA,,1,,public,Costa Rica,Provincia Alajuela,Grecia,San Roque,urban,23,urban,10.08087333,-84.31962798,official_emis,exact,unknown
CRI_000710,1085,CRI,MIGUEL HIDALGO BASTOS,,1,,public,Costa Rica,Provincia Alajuela,Alajuela,Río Segundo,urban,30,urban,10.01007671,-84.17444749,official_emis,exact,unknown
CRI_000711,1086,CRI,I.D.A. SALINAS,,1,,public,Costa Rica,Provincia Alajuela,Orotina,La Ceiba,rural,11,rural,9.89384837,-84.66452475,official_emis,exact,unknown
CRI_000712,1087,CRI,RAFAEL ANGEL CALDERON GUARDIA,,1,,public,Costa Rica,Provincia Alajuela,Grecia,Puente de Piedra,urban,21,peri_urban,10.01931655,-84.34086269,official_emis,exact,unknown
CRI_000713,1088,CRI,GUADALAJARA,,1,,public,Costa Rica,Provincia Alajuela,Alajuela,San José,urban,30,urban,10.0209035,-84.22329494,official_emis,exact,unknown
CRI_000714,1089,CRI,ALTO LOPEZ,,1,,public,Costa Rica,Provincia Alajuela,Atenas,San José,urban,21,peri_urban,10.00689505,-84.39701048,official_emis,exact,unknown
CRI_000715,1090,CRI,LA PRADERA,,1,,public,Costa Rica,Provincia Alajuela,Alajuela,Guácima,urban,30,urban,9.97358405,-84.25672142,official_emis,exact,unknown
CRI_000716,1091,CRI,FATIMA,,1,,public,Costa Rica,Provincia Alajuela,Atenas,Mercedes,rural,23,urban,9.98825243,-84.37972928,official_emis,exact,unknown
CRI_000717,1092,CRI,JOSE MIGUEL ZUMBADO SOTO,,1,,public,Costa Rica,Provincia Alajuela,Poas,Carrillos,urban,30,urban,10.03627055,-84.26483439,official_emis,exact,unknown
CRI_000718,1093,CRI,ALTOS DE NARANJO,,1,,public,Costa Rica,Provincia Alajuela,Atenas,San Isidro,rural,21,peri_urban,10.00229141,-84.43904522,official_emis,exact,unknown
CRI_000719,1094,CRI,JOSE MANUEL PERALTA QUESADA,,1,,public,Costa Rica,Provincia Alajuela,Grecia,Puente de Piedra,urban,21,peri_urban,10.04810924,-84.34300849,official_emis,exact,unknown
CRI_000720,1095,CRI,EL ACHIOTE,,1,,public,Costa Rica,Provincia Alajuela,Grecia,San Isidro,urban,21,peri_urban,10.0961157,-84.28058133,official_emis,exact,unknown
CRI_000721,1096,CRI,LAGOS DEL COYOL,,1,,public,Costa Rica,Provincia Alajuela,Alajuela,La Garita,urban,12,rural,9.99081652,-84.30391696,official_emis,exact,unknown
CRI_000722,1097,CRI,NICOLAS CHACON VARGAS,,1,,public,Costa Rica,Provincia Alajuela,Alajuela,Sabanilla,rural,21,peri_urban,10.08662391,-84.2214973,official_emis,exact,unknown
CRI_000723,1098,CRI,LA LAGUNA,,1,,public,Costa Rica,Provincia Alajuela,Alajuela,San Isidro,urban,12,rural,10.12693738,-84.19090689,official_emis,exact,unknown
CRI_000724,1099,CRI,CALIFORNIA,,1,,public,Costa Rica,Provincia Alajuela,Alajuela,Río Segundo,urban,30,urban,9.99283477,-84.2009463,official_emis,exact,unknown
CRI_000725,1100,CRI,SANTA CECILIA,,1,,public,Costa Rica,Provincia Alajuela,Poas,San Pedro,urban,23,urban,10.06941797,-84.24208163,official_emis,exact,unknown
CRI_000726,1101,CRI,CALLE LILES,,1,,public,Costa Rica,Provincia Alajuela,Poas,San Rafael,rural,21,peri_urban,10.11529613,-84.24340021,official_emis,exact,unknown
CRI_000727,1102,CRI,BARROETA,,1,,public,Costa Rica,Provincia Alajuela,Atenas,Jesús,rural,12,rural,9.94428789,-84.45765247,official_emis,exact,unknown
CRI_000728,1103,CRI,BARTOLOME ANDROVETTO GARELLO,,1,,public,Costa Rica,Provincia Alajuela,San Mateo,Desmonte,rural,12,rural,9.95901114,-84.46949407,official_emis,exact,unknown
CRI_000729,1104,CRI,BERNARDO SOTO ALFARO,,1,,public,Costa Rica,Provincia Alajuela,Alajuela,Alajuela,urban,30,urban,10.01725847,-84.2115695,official_emis,exact,unknown
CRI_000730,1105,CRI,GUADALUPE,,1,,public,Costa Rica,Provincia Alajuela,Alajuela,Alajuela,urban,21,peri_urban,10.04750322,-84.18796995,official_emis,exact,unknown
CRI_000731,1106,CRI,SAN RAFAEL,,1,,public,Costa Rica,Provincia Alajuela,Grecia,San José,urban,21,peri_urban,10.08449536,-84.27500255,official_emis,exact,unknown
CRI_000732,1107,CRI,PACTO DEL JOCOTE,,1,,public,Costa Rica,Provincia Alajuela,Alajuela,San José,urban,30,urban,10.00821619,-84.238324,official_emis,exact,unknown
CRI_000733,1108,CRI,RINCON DE HERRERA,,1,,public,Costa Rica,Provincia Alajuela,Alajuela,Guácima,urban,30,urban,9.98083793,-84.24074132,official_emis,exact,unknown
CRI_000734,1109,CRI,CARLOS MARIA RODRIGUEZ,,1,,public,Costa Rica,Provincia Alajuela,Grecia,San José,urban,21,peri_urban,10.11897374,-84.26294323,official_emis,exact,unknown
CRI_000735,1110,CRI,MANUEL FRANCISCO CARRILLO SABORIO,,1,,public,Costa Rica,Provincia Alajuela,Alajuela,Alajuela,urban,30,urban,10.03058005,-84.20350508,official_emis,exact,unknown
CRI_000736,1111,CRI,ESCUELA JACINTO PANIAGÜA RODRIGUEZ,,1,,public,Costa Rica,Provincia Alajuela,Grecia,San Roque,urban,12,rural,10.11742541,-84.28483867,official_emis,exact,unknown
CRI_000737,1112,CRI,ASCENSION ESQUIVEL IBARRA,,1,,public,Costa Rica,Provincia Alajuela,Alajuela,Alajuela,urban,30,urban,10.01921436,-84.21112767,official_emis,exact,unknown
CRI_000738,1113,CRI,SAN LUIS DE CARRILLOS,,1,,public,Costa Rica,Provincia Alajuela,Poas,Carrillos,urban,30,urban,10.02721376,-84.27398762,official_emis,exact,unknown
CRI_000739,1114,CRI,LEON CORTES CASTRO,,1,,public,Costa Rica,Provincia Alajuela,Alajuela,Carrizal,urban,21,peri_urban,10.08522889,-84.17008929,official_emis,exact,unknown
CRI_000740,1115,CRI,RINCON DE CACAO,,1,,public,Costa Rica,Provincia Alajuela,Alajuela,Tambor,urban,30,urban,10.0201281,-84.27807266,official_emis,exact,unknown
CRI_000741,1116,CRI,RICARDO BATALLA PEREZ,,1,,public,Costa Rica,Provincia Alajuela,Orotina,La Ceiba,rural,11,rural,9.90214787,-84.62568937,official_emis,exact,unknown
CRI_000742,1117,CRI,CATALUÑA,,1,,public,Costa Rica,Provincia Alajuela,Grecia,Tacares,rural,12,rural,10.02851135,-84.31179224,official_emis,exact,unknown
CRI_000743,1118,CRI,VICTOR ARGÜELLO MURILLO,,1,,public,Costa Rica,Provincia Alajuela,Alajuela,Turrúcares,urban,21,peri_urban,9.9556109,-84.34421254,official_emis,exact,unknown
CRI_000744,1119,CRI,CENTRAL DE ATENAS,,1,,public,Costa Rica,Provincia Alajuela,Atenas,Atenas,urban,23,urban,9.97561042,-84.38074826,official_emis,exact,unknown
CRI_000745,1120,CRI,SAN MIGUEL,,1,,public,Costa Rica,Provincia Alajuela,Alajuela,Turrúcares,urban,21,peri_urban,9.94569219,-84.32162573,official_emis,exact,unknown
CRI_000746,1121,CRI,CHILAMATE,,1,,public,Costa Rica,Provincia Alajuela,Poas,San Pedro,urban,12,rural,10.054852,-84.26745245,official_emis,exact,unknown
CRI_000747,1122,CRI,MIGUEL RODRIGUEZ VILLARREAL,,1,,public,Costa Rica,Provincia Alajuela,Orotina,La Ceiba,rural,12,rural,9.89985427,-84.59939411,official_emis,exact,unknown
CRI_000748,1123,CRI,CHUCAZ,,1,,public,Costa Rica,Provincia San José,Mora,Picagres,rural,12,rural,9.92567502,-84.3905989,official_emis,exact,unknown
CRI_000749,1124,CRI,MARIA VARGAS RODRIGUEZ,,1,,public,Costa Rica,Provincia Alajuela,Alajuela,San Antonio,urban,30,urban,9.98178418,-84.25935352,official_emis,exact,unknown
CRI_000750,1125,CRI,SANTA FE,,1,,public,Costa Rica,Provincia Alajuela,Alajuela,San Antonio,urban,30,urban,9.98403155,-84.25270448,official_emis,exact,unknown
CRI_000751,1126,CRI,THOMAS JEFFERSON,,1,,public,Costa Rica,Provincia Alajuela,Atenas,Concepción,urban,12,rural,9.96070736,-84.36299665,official_emis,exact,unknown
CRI_000752,1127,CRI,NUEVA SANTA RITA,,1,,public,Costa Rica,Provincia Alajuela,Orotina,Coyolar,rural,21,peri_urban,9.87967553,-84.58478205,official_emis,exact,unknown
CRI_000753,1128,CRI,ARTURO QUIROS CARRANZA,,1,,public,Costa Rica,Provincia Alajuela,Orotina,Coyolar,rural,21,peri_urban,9.89131657,-84.56073325,official_emis,exact,unknown
CRI_000754,1129,CRI,ROBERTO CASTRO VARGAS,,1,,public,Costa Rica,Provincia Alajuela,Orotina,Orotina,urban,21,peri_urban,9.92357323,-84.51987784,official_emis,exact,unknown
CRI_000755,1130,CRI,SANTA RITA,,1,,public,Costa Rica,Provincia Alajuela,Alajuela,San José,urban,30,urban,10.02023672,-84.24352878,official_emis,exact,unknown
CRI_000756,1131,CRI,I.M.A.S.,,1,,public,Costa Rica,Provincia Alajuela,Poas,San Pedro,urban,23,urban,10.07562272,-84.25245012,official_emis,exact,unknown
CRI_000757,1132,CRI,MARIO AGÜERO GONZALEZ,,1,,public,Costa Rica,Provincia Alajuela,Alajuela,San Isidro,urban,12,rural,10.0968399,-84.18532006,official_emis,exact,unknown
CRI_000758,1133,CRI,RAFAEL ALBERTO LUNA HERRERA,,1,,public,Costa Rica,Provincia Alajuela,Alajuela,Sabanilla,rural,21,peri_urban,10.06599166,-84.2242545,official_emis,exact,unknown
CRI_000759,1134,CRI,FRAIJANES,,1,,public,Costa Rica,Provincia Alajuela,Alajuela,Sabanilla,rural,13,rural,10.14776165,-84.19397041,official_emis,exact,unknown
CRI_000760,1135,CRI,CARBONAL,,1,,public,Costa Rica,Provincia Alajuela,Alajuela,San Isidro,urban,30,urban,10.03892339,-84.20424281,official_emis,exact,unknown
CRI_000761,1136,CRI,PAVAS,,1,,public,Costa Rica,Provincia Alajuela,Atenas,San Isidro,rural,12,rural,9.98981522,-84.43053167,official_emis,exact,unknown
CRI_000762,1137,CRI,POASITO,,1,,public,Costa Rica,Provincia Alajuela,Alajuela,Sabanilla,rural,13,rural,10.16438956,-84.19406157,official_emis,exact,unknown
CRI_000763,1138,CRI,DESAMPARADOS,,1,,public,Costa Rica,Provincia Alajuela,San Mateo,San Mateo,rural,12,rural,9.94726305,-84.50685129,official_emis,exact,unknown
CRI_000764,1139,CRI,MANUELA SANTAMARIA,,1,,public,Costa Rica,Provincia Alajuela,Alajuela,Desamparados,urban,30,urban,10.02236709,-84.18867114,official_emis,exact,unknown
CRI_000765,1140,CRI,DULCE NOMBRE,,1,,public,Costa Rica,Provincia Alajuela,San Mateo,San Mateo,rural,11,rural,9.98531466,-84.52394319,official_emis,exact,unknown
CRI_000766,1141,CRI,SILVIA MONTERO ZAMORA,,1,,public,Costa Rica,Provincia Alajuela,Alajuela,San Isidro,urban,12,rural,10.11041025,-84.19112713,official_emis,exact,unknown
CRI_000767,1142,CRI,JESUS MAGDALENO VARGAS AGUILAR,,1,,public,Costa Rica,Provincia Alajuela,Alajuela,Tambor,urban,30,urban,10.02155195,-84.26429018,official_emis,exact,unknown
CRI_000768,1143,CRI,HOLANDA,,1,,public,Costa Rica,Provincia Alajuela,Alajuela,Alajuela,urban,30,urban,10.01293429,-84.21618865,official_emis,exact,unknown
CRI_000769,1144,CRI,LEON CORTES CASTRO,,1,,public,Costa Rica,Provincia Alajuela,Alajuela,Guácima,urban,30,urban,9.98673633,-84.21978725,official_emis,exact,unknown
CRI_000770,1146,CRI,JULIO PEÑA MORUA,,1,,public,Costa Rica,Provincia Alajuela,Grecia,San Isidro,urban,21,peri_urban,10.09504096,-84.29121646,official_emis,exact,unknown
CRI_000771,1147,CRI,ALTOS DE CAJON,,1,,public,Costa Rica,Provincia Alajuela,Grecia,Bolívar,rural,12,rural,10.13829422,-84.29014709,official_emis,exact,unknown
CRI_000772,1148,CRI,EL ROBLE,,1,,public,Costa Rica,Provincia Alajuela,Alajuela,San Antonio,urban,30,urban,9.98768825,-84.24349532,official_emis,exact,unknown
CRI_000773,1149,CRI,CARLOS MANUEL ROJAS QUIROS,,1,,public,Costa Rica,Provincia Alajuela,Grecia,San José,urban,21,peri_urban,10.08982439,-84.28140549,official_emis,exact,unknown
CRI_000774,1150,CRI,TOMAS SANDOVAL,,1,,public,Costa Rica,Provincia Alajuela,Atenas,,rural,12,rural,9.93453117,-84.43307619,official_emis,exact,unknown
CRI_000775,1151,CRI,ESTANQUILLOS,,1,,public,Costa Rica,Provincia Alajuela,San Mateo,Desmonte,rural,12,rural,9.9854517,-84.45542395,official_emis,exact,unknown
CRI_000776,1152,CRI,EULOGIA RUIZ RUIZ,,1,,public,Costa Rica,Provincia Alajuela,Grecia,Grecia,urban,23,urban,10.07451121,-84.30768299,official_emis,exact,unknown
CRI_000777,1153,CRI,GUACIMO,,1,,public,Costa Rica,Provincia Alajuela,Atenas,,rural,12,rural,9.95237096,-84.40312809,official_emis,exact,unknown
CRI_000778,1154,CRI,JOSE MANUEL HERRERA SALAS,,1,,public,Costa Rica,Provincia Alajuela,Alajuela,Carrizal,urban,21,peri_urban,10.06934659,-84.18259108,official_emis,exact,unknown
CRI_000779,1155,CRI,HACIENDA VIEJA,,1,,public,Costa Rica,Provincia Alajuela,Orotina,Hacienda Vieja,urban,21,peri_urban,9.92035271,-84.49984533,official_emis,exact,unknown
CRI_000780,1156,CRI,ITIQUIS,,1,,public,Costa Rica,Provincia Alajuela,Alajuela,San Isidro,urban,21,peri_urban,10.04715091,-84.20873511,official_emis,exact,unknown
CRI_000781,1157,CRI,JESUS DE ATENAS,,1,,public,Costa Rica,Provincia Alajuela,Atenas,Jesús,rural,21,peri_urban,9.97475587,-84.42242141,official_emis,exact,unknown
CRI_000782,1158,CRI,ROGELIO SOTELA BONILLA,,1,,public,Costa Rica,Provincia Alajuela,San Mateo,Jesús María,rural,12,rural,9.95968885,-84.59059584,official_emis,exact,unknown
CRI_000783,1159,CRI,JESUS OCAÑA ROJAS,,1,,public,Costa Rica,Provincia Alajuela,Alajuela,San José,urban,30,urban,10.00147082,-84.25513785,official_emis,exact,unknown
CRI_000784,1160,CRI,GENERAL JOSE DE SAN MARTIN,,1,,public,Costa Rica,Provincia Alajuela,Alajuela,San José,urban,30,urban,10.01449602,-84.24668119,official_emis,exact,unknown
CRI_000785,1162,CRI,JUAN RAFAEL MEOÑO HIDALGO,,1,,public,Costa Rica,Provincia Alajuela,Alajuela,Alajuela,urban,30,urban,10.01956895,-84.20572617,official_emis,exact,unknown
CRI_000786,1163,CRI,JUAN SANTAMARIA,,1,,public,Costa Rica,Provincia Alajuela,Alajuela,Guácima,urban,21,peri_urban,9.94710128,-84.29020519,official_emis,exact,unknown
CRI_000787,1164,CRI,JULIA FERNANDEZ DE CORTES,,1,,public,Costa Rica,Provincia Alajuela,Alajuela,La Garita,urban,21,peri_urban,10.00942639,-84.28891192,official_emis,exact,unknown
CRI_000788,1165,CRI,FRANCISCO ALFARO ROJAS,,1,,public,Costa Rica,Provincia Alajuela,Grecia,San José,urban,21,peri_urban,10.06545863,-84.29724157,official_emis,exact,unknown
CRI_000789,1166,CRI,LA BALSA,,1,,public,Costa Rica,Provincia Alajuela,Atenas,Concepción,urban,12,rural,9.94252997,-84.37974666,official_emis,exact,unknown
CRI_000790,1167,CRI,GABRIELA MISTRAL,,1,,public,Costa Rica,Provincia Alajuela,Alajuela,Guácima,urban,30,urban,9.96293529,-84.25556894,official_emis,exact,unknown
CRI_000791,1169,CRI,RAMON HERRERO VITORIA,,1,,public,Costa Rica,Provincia Alajuela,Grecia,Puente de Piedra,urban,12,rural,10.03496243,-84.35250073,official_emis,exact,unknown
CRI_000792,1170,CRI,LABRADOR,,1,,public,Costa Rica,Provincia Alajuela,San Mateo,Labrador,rural,12,rural,9.94447411,-84.61227097,official_emis,exact,unknown
CRI_000793,1171,CRI,ENRIQUE RIBA MORELLA,,1,,public,Costa Rica,Provincia Alajuela,Alajuela,San Isidro,urban,21,peri_urban,10.05900968,-84.1994974,official_emis,exact,unknown
CRI_000794,1172,CRI,TRANQUILINO VIQUEZ RODRIGUEZ,,1,,public,Costa Rica,Provincia Alajuela,Atenas,Atenas,urban,21,peri_urban,9.98696772,-84.36519876,official_emis,exact,unknown
CRI_000795,1173,CRI,LOS ANGELES,,1,,public,Costa Rica,Provincia Alajuela,Grecia,Bolívar,rural,23,urban,10.09513957,-84.31507657,official_emis,exact,unknown
CRI_000796,1174,CRI,MADERAL,,1,,public,Costa Rica,Provincia Alajuela,San Mateo,San Mateo,rural,11,rural,9.96776544,-84.51075096,official_emis,exact,unknown
CRI_000797,1175,CRI,RAMONA SOSA MORENO,,1,,public,Costa Rica,Provincia Alajuela,Orotina,El Mastate,rural,21,peri_urban,9.91374227,-84.54230038,official_emis,exact,unknown
CRI_000798,1176,CRI,MONSEÑOR SANABRIA MARTINEZ,,1,,public,Costa Rica,Provincia Alajuela,Atenas,Mercedes,rural,21,peri_urban,9.98783504,-84.40273215,official_emis,exact,unknown
CRI_000799,1177,CRI,MIGUEL OBREGON LIZANO,,1,,public,Costa Rica,Provincia Alajuela,Alajuela,Alajuela,urban,30,urban,10.01562201,-84.21288257,official_emis,exact,unknown
CRI_000800,1178,CRI,MAURILIO SOTO ALFARO,,1,,public,Costa Rica,Provincia Alajuela,Alajuela,San Antonio,urban,30,urban,10.00668413,-84.2269516,official_emis,exact,unknown
CRI_000801,1179,CRI,MORAZAN,,1,,public,Costa Rica,Provincia Alajuela,Atenas,San Isidro,rural,21,peri_urban,9.999319,-84.41464047,official_emis,exact,unknown
CRI_000802,1180,CRI,ONCE DE ABRIL,,1,,public,Costa Rica,Provincia Alajuela,Alajuela,Guácima,urban,21,peri_urban,9.94598527,-84.26287842,official_emis,exact,unknown
CRI_000803,1181,CRI,PARCELAS DEL I.T.C.O.,,1,,public,Costa Rica,Provincia Alajuela,Orotina,La Ceiba,rural,12,rural,9.90029486,-84.65505823,official_emis,exact,unknown
CRI_000804,1182,CRI,EDUARDO PINTO HERNANDEZ,,1,,public,Costa Rica,Provincia Alajuela,Grecia,Tacares,rural,21,peri_urban,10.02829857,-84.29168173,official_emis,exact,unknown
CRI_000805,1183,CRI,PRIMO VARGAS VALVERDE,,1,,public,Costa Rica,Provincia Alajuela,Orotina,Orotina,urban,23,urban,9.90782686,-84.52263454,official_emis,exact,unknown
CRI_000806,1184,CRI,PUENTE DE PIEDRA,,1,,public,Costa Rica,Provincia Alajuela,Grecia,Puente de Piedra,urban,21,peri_urban,10.04770165,-84.31612092,official_emis,exact,unknown
CRI_000807,1185,CRI,QUEBRADAS,,1,,public,Costa Rica,Provincia Alajuela,Alajuela,Tambor,urban,21,peri_urban,10.04181671,-84.24495418,official_emis,exact,unknown
CRI_000808,1186,CRI,RAMADAS,,1,,public,Costa Rica,Provincia Alajuela,San Mateo,San Mateo,rural,12,rural,9.94508418,-84.5492567,official_emis,exact,unknown
CRI_000809,1187,CRI,REPUBLICA DE GUATEMALA,,1,,public,Costa Rica,Provincia Alajuela,Alajuela,Alajuela,urban,30,urban,10.01910611,-84.21728936,official_emis,exact,unknown
CRI_000810,1189,CRI,RICARDO FERNANDEZ GUARDIA,,1,,public,Costa Rica,Provincia Alajuela,Alajuela,La Garita,urban,21,peri_urban,9.9918454,-84.32142107,official_emis,exact,unknown
CRI_000811,1190,CRI,JUAN ARRIETA MIRANDA,,1,,public,Costa Rica,Provincia Alajuela,Grecia,Grecia,urban,21,peri_urban,10.06820947,-84.32782065,official_emis,exact,unknown
CRI_000812,1191,CRI,MARIA TERESA OBREGON LORIA,,1,,public,Costa Rica,Provincia Alajuela,Grecia,Puente de Piedra,urban,12,rural,10.02971064,-84.32943749,official_emis,exact,unknown
CRI_000813,1192,CRI,DAVID GONZALEZ ALFARO,,1,,public,Costa Rica,Provincia Alajuela,Alajuela,Río Segundo,urban,30,urban,10.00210845,-84.18735048,official_emis,exact,unknown
CRI_000814,1193,CRI,ERMIDA BLANCO GONZALEZ,,1,,public,Costa Rica,Provincia Alajuela,Alajuela,Sabanilla,rural,12,rural,10.08492754,-84.20882655,official_emis,exact,unknown
CRI_000815,1194,CRI,TIMOLEON MORERA SOTO,,1,,public,Costa Rica,Provincia Alajuela,Alajuela,San Isidro,urban,30,urban,10.02968641,-84.21524994,official_emis,exact,unknown
CRI_000816,1195,CRI,SABANA LARGA,,1,,public,Costa Rica,Provincia Alajuela,Atenas,Jesús,rural,21,peri_urban,9.9755976,-84.40047879,official_emis,exact,unknown
CRI_000817,1196,CRI,MONSEÑOR DELFIN QUESADA CASTRO,,1,,public,Costa Rica,Provincia Alajuela,Poas,Sabana Redonda,rural,12,rural,10.11344233,-84.21565033,official_emis,exact,unknown
CRI_000818,1197,CRI,LUIS FELIPE GONZALEZ FLORES,,1,,public,Costa Rica,Provincia Alajuela,Alajuela,Sabanilla,rural,21,peri_urban,10.07489544,-84.21624773,official_emis,exact,unknown
CRI_000819,1198,CRI,SAN ANTONIO,,1,,public,Costa Rica,Provincia Alajuela,Alajuela,San Antonio,urban,30,urban,9.9965975,-84.22265811,official_emis,exact,unknown
CRI_000820,1199,CRI,ALBERTO ECHANDI MONTERO,,1,,public,Costa Rica,Provincia Alajuela,Alajuela,San Isidro,urban,21,peri_urban,10.08076283,-84.19287558,official_emis,exact,unknown
CRI_000821,1200,CRI,SAN ISIDRO,,1,,public,Costa Rica,Provincia Alajuela,Atenas,San Isidro,rural,21,peri_urban,9.991784,-84.42193623,official_emis,exact,unknown
CRI_000822,1201,CRI,SAN JERONIMO,,1,,public,Costa Rica,Provincia Alajuela,Orotina,Coyolar,rural,12,rural,9.85668785,-84.5770217,official_emis,exact,unknown
CRI_000823,1202,CRI,SAN JOSE NORTE,,1,,public,Costa Rica,Provincia Alajuela,Atenas,San José,urban,12,rural,10.01071585,-84.40714528,official_emis,exact,unknown
CRI_000824,1203,CRI,SAN JOSE SUR,,1,,public,Costa Rica,Provincia Alajuela,Atenas,San José,urban,21,peri_urban,9.99896894,-84.39692477,official_emis,exact,unknown
CRI_000825,1204,CRI,SAN JUAN SUR,,1,,public,Costa Rica,Provincia Alajuela,Poas,San Juan,urban,21,peri_urban,10.09916395,-84.243626,official_emis,exact,unknown
CRI_000826,1205,CRI,SAN JUAN NORTE,,1,,public,Costa Rica,Provincia Alajuela,Poas,San Juan,urban,21,peri_urban,10.11883953,-84.23603195,official_emis,exact,unknown
CRI_000827,1206,CRI,SAN JUAN,,1,,public,Costa Rica,Provincia Alajuela,Grecia,Bolívar,rural,21,peri_urban,10.10269855,-84.31749767,official_emis,exact,unknown
CRI_000828,1207,CRI,SAN LUIS,,1,,public,Costa Rica,Provincia Alajuela,Grecia,Bolívar,rural,12,rural,10.13107066,-84.30563331,official_emis,exact,unknown
CRI_000829,1208,CRI,SAN MIGUEL ARRIBA,,1,,public,Costa Rica,Provincia Alajuela,Grecia,San Roque,urban,12,rural,10.13733975,-84.28200317,official_emis,exact,unknown
CRI_000830,1209,CRI,SAN MIGUEL ABAJO,,1,,public,Costa Rica,Provincia Alajuela,Grecia,San Roque,urban,21,peri_urban,10.11862104,-84.29310128,official_emis,exact,unknown
CRI_000831,1210,CRI,PEDRO AGUIRRE CERDA,,1,,public,Costa Rica,Provincia Alajuela,Poas,San Pedro,urban,23,urban,10.07591807,-84.24605702,official_emis,exact,unknown
CRI_000832,1211,CRI,LUIS RODRIGUEZ SALAS,,1,,public,Costa Rica,Provincia Alajuela,Poas,San Rafael,rural,21,peri_urban,10.09096853,-84.2564136,official_emis,exact,unknown
CRI_000833,1212,CRI,ENRIQUE PINTO FERNANDEZ,,1,,public,Costa Rica,Provincia Alajuela,Alajuela,San Rafael,urban,30,urban,9.96865581,-84.22334479,official_emis,exact,unknown
CRI_000834,1213,CRI,ALICE MOYA RODRIGUEZ,,1,,public,Costa Rica,Provincia Alajuela,Grecia,San Roque,urban,23,urban,10.09537876,-84.30190624,official_emis,exact,unknown
CRI_000835,1214,CRI,OTTO KOPPER STEFFENS,,1,,public,Costa Rica,Provincia Alajuela,Grecia,Grecia,urban,21,peri_urban,10.06737942,-84.30181576,official_emis,exact,unknown
CRI_000836,1215,CRI,SANTA ELENA,,1,,public,Costa Rica,Provincia Alajuela,Grecia,San Isidro,urban,21,peri_urban,10.11505624,-84.27198026,official_emis,exact,unknown
CRI_000837,1216,CRI,SANTA EULALIA,,1,,public,Costa Rica,Provincia Alajuela,Atenas,Santa Eulalia,urban,21,peri_urban,10.01065318,-84.37464269,official_emis,exact,unknown
CRI_000838,1217,CRI,SANTA RITA,,1,,public,Costa Rica,Provincia Alajuela,Orotina,Coyolar,rural,11,rural,9.86942578,-84.59037364,official_emis,exact,unknown
CRI_000839,1218,CRI,SIMON BOLIVAR PALACIOS,,1,,public,Costa Rica,Provincia Alajuela,Grecia,Grecia,urban,23,urban,10.06858103,-84.31035836,official_emis,exact,unknown
CRI_000840,1219,CRI,RAUL ROJAS RODRIGUEZ,,1,,public,Costa Rica,Provincia Alajuela,Grecia,Puente de Piedra,urban,23,urban,10.0570486,-84.3129427,official_emis,exact,unknown
CRI_000841,1220,CRI,MIXTA DE SIQUIARES,,1,,public,Costa Rica,Provincia Alajuela,Alajuela,Turrúcares,urban,12,rural,9.96900362,-84.29476422,official_emis,exact,unknown
CRI_000842,1221,CRI,JULIA FERNANDEZ RODRIGUEZ,,1,,public,Costa Rica,Provincia Alajuela,Alajuela,San Rafael,urban,30,urban,9.97373511,-84.21431441,official_emis,exact,unknown
CRI_000843,1222,CRI,URBANO OVIEDO ALFARO,,1,,public,Costa Rica,Provincia Alajuela,Grecia,San José,urban,21,peri_urban,10.09593008,-84.27480698,official_emis,exact,unknown
CRI_000844,1223,CRI,SANTA GERTRUDIS SUR,,1,,public,Costa Rica,Provincia Alajuela,Grecia,San José,urban,21,peri_urban,10.07357672,-84.27551735,official_emis,exact,unknown
CRI_000845,1224,CRI,SANTA ROSA,,1,,public,Costa Rica,Provincia Alajuela,Poas,San Rafael,rural,21,peri_urban,10.10502081,-84.26266376,official_emis,exact,unknown
CRI_000846,1225,CRI,LUIS SIBAJA GARCIA,,1,,public,Costa Rica,Provincia Alajuela,Alajuela,San Isidro,urban,21,peri_urban,10.0495601,-84.21759305,official_emis,exact,unknown
CRI_000847,1226,CRI,SILVESTRE ROJAS MURILLO,,1,,public,Costa Rica,Provincia Alajuela,Grecia,Tacares,rural,21,peri_urban,10.03755958,-84.29583206,official_emis,exact,unknown
CRI_000848,1227,CRI,DR. ADOLFO JIMENEZ DE LA GUARDIA,,1,,public,Costa Rica,Provincia Alajuela,Alajuela,Tambor,urban,30,urban,10.03738701,-84.24094328,official_emis,exact,unknown
CRI_000849,1228,CRI,TOBIAS GUZMAN BRENES,,1,,public,Costa Rica,Provincia Alajuela,San Mateo,San Mateo,rural,13,rural,9.93490534,-84.52209489,official_emis,exact,unknown
CRI_000850,1229,CRI,MARIANA MADRIGAL DE LA O,,1,,public,Costa Rica,Provincia Alajuela,Alajuela,Tambor,urban,30,urban,10.03300981,-84.22813156,official_emis,exact,unknown
CRI_000851,1230,CRI,TURRUCARES,,1,,public,Costa Rica,Provincia Alajuela,Alajuela,Turrúcares,urban,23,urban,9.95935164,-84.31775818,official_emis,exact,unknown
CRI_000852,1231,CRI,NUEVA DE LOS ALTOS,,1,,public,Costa Rica,Provincia Alajuela,Atenas,San Isidro,rural,12,rural,9.99899442,-84.42973685,official_emis,exact,unknown
CRI_000853,1232,CRI,CINCO ESQUINAS,,1,,public,Costa Rica,Provincia Alajuela,Alajuela,Carrizal,urban,21,peri_urban,10.10323834,-84.16832086,official_emis,exact,unknown
CRI_000854,1233,CRI,EL CAJON,,1,,public,Costa Rica,Provincia Alajuela,Grecia,Bolívar,rural,21,peri_urban,10.11924886,-84.30002076,official_emis,exact,unknown
CRI_000855,1234,CRI,ALTO DEL MONTE,,1,,public,Costa Rica,Provincia Alajuela,Atenas,Jesús,rural,12,rural,9.97178599,-84.43970608,official_emis,exact,unknown
CRI_000856,1235,CRI,INVU LAS CAÑAS,,1,,public,Costa Rica,Provincia Alajuela,Alajuela,Desamparados,urban,30,urban,10.00909143,-84.20318799,official_emis,exact,unknown
CRI_000857,1236,CRI,LA LIBERTAD,,1,,public,Costa Rica,Provincia Alajuela,San Mateo,Desmonte,rural,11,rural,9.9670878,-84.49174521,official_emis,exact,unknown
CRI_000858,1237,CRI,VILLA BONITA,,1,,public,Costa Rica,Provincia Alajuela,Alajuela,San Antonio,urban,30,urban,10.00197345,-84.2162771,official_emis,exact,unknown
CRI_000859,1238,CRI,SAN FRANCISCO,,1,,public,Costa Rica,Provincia Alajuela,Grecia,San Isidro,urban,21,peri_urban,10.12986016,-84.2644572,official_emis,exact,unknown
CRI_000860,1239,CRI,TUETAL SUR,,1,,public,Costa Rica,Provincia Alajuela,Alajuela,San José,urban,30,urban,10.02725639,-84.23224021,official_emis,exact,unknown
CRI_000861,1240,CRI,RINCON CHIQUITO,,1,,public,Costa Rica,Provincia Alajuela,Alajuela,Guácima,urban,21,peri_urban,9.96013716,-84.27200762,official_emis,exact,unknown
CRI_000862,1241,CRI,UNION DE ROSALES,,1,,public,Costa Rica,Provincia Alajuela,Alajuela,Desamparados,urban,30,urban,10.03675052,-84.1728505,official_emis,exact,unknown
CRI_000863,1242,CRI,ALBERTO MANUEL BRENES MORA,,1,,public,Costa Rica,Provincia Alajuela,San Ramon,San Juan,urban,23,urban,10.09516571,-84.46608556,official_emis,exact,unknown
CRI_000864,1243,CRI,PUEBLO NUEVO,,1,,public,Costa Rica,Provincia Alajuela,San Ramon,San Lorenzo,rural,12,rural,10.35054618,-84.53967076,official_emis,exact,unknown
CRI_000865,1244,CRI,GERARDO BADILLA MORA,,1,,public,Costa Rica,Provincia Alajuela,San Ramon,Alfaro,urban,23,urban,10.08746902,-84.48798626,official_emis,exact,unknown
CRI_000866,1245,CRI,ALFONSO MONGE RAMÍREZ,,1,,public,Costa Rica,Provincia Alajuela,Naranjo,Naranjo,urban,21,peri_urban,10.08522322,-84.37017394,official_emis,exact,unknown
CRI_000867,1246,CRI,SAN JORGE LAS ROCAS,,1,,public,Costa Rica,Provincia Alajuela,San Ramon,San Lorenzo,rural,11,rural,10.31038554,-84.58891521,official_emis,exact,unknown
CRI_000868,1248,CRI,BAJO TAPEZCO,,1,,public,Costa Rica,Provincia Alajuela,Zarcero,Brisas,rural,12,rural,10.22795671,-84.40542319,official_emis,exact,unknown
CRI_000869,1249,CRI,SAN BOSCO,,1,,public,Costa Rica,Provincia Alajuela,San Ramon,Piedades Sur,rural,12,rural,10.12516127,-84.52724265,official_emis,exact,unknown
CRI_000870,1250,CRI,BARRIO EL CARMEN,,1,,public,Costa Rica,Provincia Alajuela,Naranjo,Naranjo,urban,23,urban,10.10437381,-84.37930877,official_emis,exact,unknown
CRI_000871,1251,CRI,SAN RAFAEL,,1,,public,Costa Rica,Provincia Alajuela,Sarchi,Sarchí Norte,rural,21,peri_urban,10.0814277,-84.35206132,official_emis,exact,unknown
CRI_000872,1252,CRI,ÁNGELES NORTE,,1,,public,Costa Rica,Provincia Alajuela,San Ramon,Ángeles,rural,12,rural,10.14878167,-84.48558181,official_emis,exact,unknown
CRI_000873,1253,CRI,FÉLIX ÁNGEL SALAS CABEZAS,,1,,public,Costa Rica,Provincia Alajuela,San Ramon,Ángeles,rural,12,rural,10.13326163,-84.4752924,official_emis,exact,unknown
CRI_000874,1254,CRI,EL CARMEN,,1,,public,Costa Rica,Provincia Alajuela,San Ramon,Piedades Sur,rural,11,rural,10.10560831,-84.54959883,official_emis,exact,unknown
CRI_000875,1255,CRI,ARNULFO ARIAS MADRID,,1,,public,Costa Rica,Provincia Alajuela,Zarcero,Tapesco,rural,22,urban,10.21807392,-84.40234639,official_emis,exact,unknown
CRI_000876,1256,CRI,DANIEL SOLÓRZANO MURILLO,,1,,public,Costa Rica,Provincia Alajuela,Palmeras,Zaragoza,urban,21,peri_urban,10.04443216,-84.42011286,official_emis,exact,unknown
CRI_000877,1257,CRI,BAJO MATAMOROS,,1,,public,Costa Rica,Provincia Alajuela,San Ramon,Alfaro,urban,12,rural,10.10679544,-84.50755394,official_emis,exact,unknown
CRI_000878,1258,CRI,BAJOS DE TORO AMARILLO,,1,,public,Costa Rica,Provincia Alajuela,Sarchi,Toro Amarillo,rural,12,rural,10.21493711,-84.29832793,official_emis,exact,unknown
CRI_000879,1259,CRI,BALBOA,,1,,public,Costa Rica,Provincia Alajuela,San Ramon,Santiago,rural,12,rural,10.03702881,-84.49154898,official_emis,exact,unknown
CRI_000880,1260,CRI,EL LLANO,,1,,public,Costa Rica,Provincia Alajuela,Naranjo,El Rosario,rural,21,peri_urban,10.03674477,-84.36018446,official_emis,exact,unknown
CRI_000881,1261,CRI,PATA DE GALLO,,1,,public,Costa Rica,Provincia Alajuela,San Ramon,San Rafael,rural,12,rural,10.0069036,-84.45896053,official_emis,exact,unknown
CRI_000882,1262,CRI,ABRAHAM PANIAGUA NÚÑEZ,,1,,public,Costa Rica,Provincia Alajuela,San Ramon,San Isidro,rural,23,urban,10.09237824,-84.46041169,official_emis,exact,unknown
CRI_000883,1263,CRI,LA LEGUA,,1,,public,Costa Rica,Provincia Alajuela,Zarcero,Brisas,rural,12,rural,10.2449646,-84.38736493,official_emis,exact,unknown
CRI_000884,1264,CRI,FERNANDO CASTRO LÓPEZ,,1,,public,Costa Rica,Provincia Alajuela,Sarchi,Sarchí Sur,rural,21,peri_urban,10.07500069,-84.34861558,official_emis,exact,unknown
CRI_000885,1265,CRI,EL PROGRESO,,1,,public,Costa Rica,Provincia Alajuela,San Ramon,San Lorenzo,rural,12,rural,10.3348101,-84.56664726,official_emis,exact,unknown
CRI_000886,1266,CRI,BAJO CÓRDOBA,,1,,public,Costa Rica,Provincia Alajuela,San Ramon,San Lorenzo,rural,12,rural,10.26823618,-84.53059412,official_emis,exact,unknown
CRI_000887,1267,CRI,CAÑUELA,,1,,public,Costa Rica,Provincia Alajuela,Naranjo,San José,rural,12,rural,10.1419512,-84.41093323,official_emis,exact,unknown
CRI_000888,1268,CRI,YADIRA GAMBOA ALFARO,,1,,public,Costa Rica,Provincia Alajuela,San Ramon,Santiago,rural,12,rural,10.06153853,-84.50600403,official_emis,exact,unknown
CRI_000889,1269,CRI,GABINO ARAYA BLANCO,,1,,public,Costa Rica,Provincia Alajuela,San Ramon,Alfaro,urban,12,rural,10.07716508,-84.50799908,official_emis,exact,unknown
CRI_000890,1270,CRI,LA UNIÓN,,1,,public,Costa Rica,Provincia Alajuela,Palmeras,Zaragoza,urban,23,urban,10.04594226,-84.44114815,official_emis,exact,unknown
CRI_000891,1271,CRI,JACINTO ÁVILA ARAYA,,1,,public,Costa Rica,Provincia Alajuela,Palmeras,Candelaria,rural,21,peri_urban,10.03240921,-84.42442823,official_emis,exact,unknown
CRI_000892,1272,CRI,EL CRUCE DE CIRRÍ,,1,,public,Costa Rica,Provincia Alajuela,Naranjo,Cirrí Sur,rural,21,peri_urban,10.09918181,-84.36954339,official_emis,exact,unknown
CRI_000893,1273,CRI,CARLOS MARIA JIMÉNEZ ORTÍZ,,1,,public,Costa Rica,Provincia Puntarenas,San Ramon,Santiago,rural,12,rural,10.02920907,-84.57691443,official_emis,exact,unknown
CRI_000894,1274,CRI,DR. CARLOS LUIS VALVERDE VEGA,,1,,public,Costa Rica,Provincia Alajuela,San Ramon,Santiago,rural,12,rural,10.02929952,-84.5149706,official_emis,exact,unknown
CRI_000895,1275,CRI,CAROLINA RODRÍGUEZ DE MIRAMBELL,,1,,public,Costa Rica,Provincia Alajuela,San Ramon,Piedades Sur,rural,12,rural,10.12850943,-84.56122963,official_emis,exact,unknown
CRI_000896,1276,CRI,CARRERA BUENA,,1,,public,Costa Rica,Provincia Alajuela,San Ramon,Zapotal,rural,12,rural,10.10331359,-84.64185304,official_emis,exact,unknown
CRI_000897,1277,CRI,BAJO CASTILLO,,1,,public,Costa Rica,Provincia Alajuela,San Ramon,Zapotal,rural,11,rural,10.13817290763899,-84.64215938074437,admin_centroid,approximate,unknown
CRI_000898,1278,CRI,COLONIA I.D.A. ANATERI,,1,,public,Costa Rica,Provincia Alajuela,Zarcero,Guadalupe,rural,12,rural,10.19459818,-84.46541185,official_emis,exact,unknown
CRI_000899,1279,CRI,GUADALUPE,,1,,public,Costa Rica,Provincia Alajuela,Zarcero,Guadalupe,rural,12,rural,10.1829092,-84.41039284,official_emis,exact,unknown
CRI_000900,1280,CRI,VALLE AZUL,,1,,public,Costa Rica,Provincia Alajuela,San Ramon,San Lorenzo,rural,12,rural,10.33438467,-84.54806301,official_emis,exact,unknown
CRI_000901,1281,CRI,LOS JARDINES,,1,,public,Costa Rica,Provincia Alajuela,San Ramon,San Juan,rural,23,urban,10.09687198,-84.47029261,official_emis,exact,unknown
CRI_000902,1283,CRI,FERMÍN RODRÍGUEZ CORDERO,,1,,public,Costa Rica,Provincia Alajuela,San Ramon,San Lorenzo,rural,13,rural,10.30966474,-84.52985542,official_emis,exact,unknown
CRI_000903,1284,CRI,LA PALMITA,,1,,public,Costa Rica,Provincia Alajuela,Naranjo,Cirrí Sur,rural,12,rural,10.17434836,-84.38528082,official_emis,exact,unknown
CRI_000904,1285,CRI,EL ROSARIO,,1,,public,Costa Rica,Provincia Alajuela,Naranjo,El Rosario,rural,21,peri_urban,10.05193798,-84.36864742,official_emis,exact,unknown
CRI_000905,1286,CRI,EL SALVADOR,,1,,public,Costa Rica,Provincia Alajuela,San Ramon,Piedades Sur,rural,11,rural,10.08457063,-84.61162781,official_emis,exact,unknown
CRI_000906,1287,CRI,ERMELINDA MORA CARVAJAL,,1,,public,Costa Rica,Provincia Alajuela,San Ramon,Alfaro,urban,12,rural,10.08595592,-84.50326117,official_emis,exact,unknown
CRI_000907,1288,CRI,ERMIDA BLANCO GONZÁLEZ,,1,,public,Costa Rica,Provincia Alajuela,Palmeras,La Granja,urban,23,urban,10.0529851,-84.44334408,official_emis,exact,unknown
CRI_000908,1289,CRI,FEDERICO SALAS CARVAJAL,,1,,public,Costa Rica,Provincia Alajuela,San Ramon,San Juan,urban,23,urban,10.10607783,-84.46544245,official_emis,exact,unknown
CRI_000909,1290,CRI,FÉLIX VILLALOBOS VARGAS,,1,,public,Costa Rica,Provincia Alajuela,Zarcero,Laguna,rural,22,urban,10.2103589,-84.40005778,official_emis,exact,unknown
CRI_000910,1291,CRI,FRANCISCO JOSE ORLICH BOLMARCICH,,1,,public,Costa Rica,Provincia Alajuela,San Ramon,Piedades Norte,rural,12,rural,10.14477993,-84.53260136,official_emis,exact,unknown
CRI_000911,1292,CRI,GEORGINA BOLMARCICH DE ORLICH,,1,,public,Costa Rica,Provincia Alajuela,San Ramon,San Rafael,rural,12,rural,10.01454502,-84.47316037,official_emis,exact,unknown
CRI_000912,1293,CRI,HELÍ SANTAMARÍA NAVARRO,,1,,public,Costa Rica,Provincia Alajuela,San Ramon,Santiago,rural,12,rural,10.06786409,-84.51054888,official_emis,exact,unknown
CRI_000913,1294,CRI,EIDA VARGAS CARRANZA,,1,,public,Costa Rica,Provincia Alajuela,Naranjo,San José,rural,12,rural,10.16500295,-84.41943743,official_emis,exact,unknown
CRI_000914,1295,CRI,ALTO CASTRO,,1,,public,Costa Rica,Provincia Alajuela,Sarchi,Sarchí Sur,rural,23,urban,10.08192539,-84.33508554,official_emis,exact,unknown
CRI_000915,1296,CRI,JOAQUÍN LORENZO SANCHO QUESADA,,1,,public,Costa Rica,Provincia Alajuela,Palmeras,Buenos Aires,urban,23,urban,10.06988497,-84.43659945,official_emis,exact,unknown
CRI_000916,1297,CRI,JORGE WASHINGTON,,1,,public,Costa Rica,Provincia Alajuela,San Ramon,San Ramón,urban,23,urban,10.08457634,-84.47061213,official_emis,exact,unknown
CRI_000917,1299,CRI,ESCUELA PBRO. JOSÉ DEL OLMO,,1,,public,Costa Rica,Provincia Alajuela,Naranjo,Palmitos,rural,21,peri_urban,10.09093322,-84.41438322,official_emis,exact,unknown
CRI_000918,1300,CRI,JOSÉ VALENCIANO ARRIETA,,1,,public,Costa Rica,Provincia Alajuela,Zarcero,Zapote,rural,11,rural,10.25380176,-84.41676243,official_emis,exact,unknown
CRI_000919,1301,CRI,JUAN SANTAMARÍA,,1,,public,Costa Rica,Provincia Alajuela,Naranjo,Cirrí Sur,rural,21,peri_urban,10.11766835,-84.36681154,official_emis,exact,unknown
CRI_000920,1302,CRI,JUDAS TADEO CORRALES SAENZ,,1,,public,Costa Rica,Provincia Alajuela,Naranjo,Naranjo,urban,23,urban,10.10979935,-84.40098902,official_emis,exact,unknown
CRI_000921,1303,CRI,JULIA FERNÁNDEZ RODRÍGUEZ,,1,,public,Costa Rica,Provincia Alajuela,Palmeras,Esquipulas,urban,23,urban,10.05685275,-84.42228716,official_emis,exact,unknown
CRI_000922,1304,CRI,LA BALSA,,1,,public,Costa Rica,Provincia Alajuela,San Ramon,Ángeles,rural,12,rural,10.17348008,-84.4985437,official_emis,exact,unknown
CRI_000923,1305,CRI,LA BRISA,,1,,public,Costa Rica,Provincia Alajuela,Zarcero,Brisas,rural,22,urban,10.22959874,-84.39229349,official_emis,exact,unknown
CRI_000924,1306,CRI,LA CONSTANCIA,,1,,public,Costa Rica,Provincia Alajuela,San Ramon,Santiago,rural,12,rural,10.04644081,-84.50810398,official_emis,exact,unknown
CRI_000925,1307,CRI,LA CUEVA,,1,,public,Costa Rica,Provincia Alajuela,Naranjo,San Juan,rural,21,peri_urban,10.11666207,-84.42125281,official_emis,exact,unknown
CRI_000926,1308,CRI,JULIÁN VOLIO LLORENTE,,1,,public,Costa Rica,Provincia Alajuela,San Ramon,Volio,rural,21,peri_urban,10.12694194,-84.45574041,official_emis,exact,unknown
CRI_000927,1309,CRI,LA GUARIA,,1,,public,Costa Rica,Provincia Alajuela,San Ramon,Piedades Sur,rural,12,rural,10.09897693,-84.54171414,official_emis,exact,unknown
CRI_000928,1310,CRI,ÁLVARO TERÁN SECO,,1,,public,Costa Rica,Provincia Alajuela,Sarchi,Sarchí Norte,rural,21,peri_urban,10.11908565,-84.33882026,official_emis,exact,unknown
CRI_000929,1311,CRI,LA PALMA,,1,,public,Costa Rica,Provincia Alajuela,San Ramon,Piedades Sur,rural,12,rural,10.11474126,-84.51680409,official_emis,exact,unknown
CRI_000930,1312,CRI,LA PAZ,,1,,public,Costa Rica,Provincia Alajuela,San Ramon,Piedades Norte,rural,12,rural,10.15614564,-84.53600951,official_emis,exact,unknown
CRI_000931,1313,CRI,RAMÓN BARQUERO SALAS,,1,,public,Costa Rica,Provincia Alajuela,Zarcero,Laguna,rural,12,rural,10.21055163,-84.4366787,official_emis,exact,unknown
CRI_000932,1314,CRI,LA PICADA,,1,,public,Costa Rica,Provincia Alajuela,Zarcero,Palmira,urban,12,rural,10.20001167,-84.357155,official_emis,exact,unknown
CRI_000933,1315,CRI,SAN MIGUEL OESTE,,1,,public,Costa Rica,Provincia Alajuela,Naranjo,San Miguel,rural,21,peri_urban,10.07486771,-84.40868616,official_emis,exact,unknown
CRI_000934,1316,CRI,JOSÉ JOAQUÍN SALAS PÉREZ,,1,,public,Costa Rica,Provincia Alajuela,San Ramon,Alfaro,urban,23,urban,10.09211901,-84.47507683,official_emis,exact,unknown
CRI_000935,1317,CRI,BAJO SAN ANTONIO,,1,,public,Costa Rica,Provincia Alajuela,San Ramon,Zapotal,rural,11,rural,10.13932062,-84.6147496,official_emis,exact,unknown
CRI_000936,1318,CRI,LISÍMACO CHAVARRÍA PALMA,,1,,public,Costa Rica,Provincia Alajuela,San Ramon,Volio,rural,12,rural,10.15798758,-84.44636227,official_emis,exact,unknown
CRI_000937,1319,CRI,LLANO BONITO,,1,,public,Costa Rica,Provincia Alajuela,Naranjo,Cirrí Sur,rural,12,rural,10.16917606,-84.37478357,official_emis,exact,unknown
CRI_000938,1320,CRI,LLANO BRENES,,1,,public,Costa Rica,Provincia Alajuela,San Ramon,San Rafael,rural,12,rural,9.99419193,-84.47223274,official_emis,exact,unknown
CRI_000939,1321,CRI,LLANO GRANDE,,1,,public,Costa Rica,Provincia Alajuela,Sarchi,Sarchí Norte,rural,12,rural,10.14523863,-84.32692691,official_emis,exact,unknown
CRI_000940,1322,CRI,LORENZO GONZÁLEZ ARGUEDAS,,1,,public,Costa Rica,Provincia Alajuela,Naranjo,San José,rural,12,rural,10.16454571,-84.40215573,official_emis,exact,unknown
CRI_000941,1323,CRI,LOS CRIQUES,,1,,public,Costa Rica,Provincia Alajuela,San Ramon,San Lorenzo,rural,12,rural,10.31651352,-84.57211483,official_emis,exact,unknown
CRI_000942,1324,CRI,LOS PINOS,,1,,public,Costa Rica,Provincia Alajuela,Palmeras,Candelaria,rural,21,peri_urban,10.02575329,-84.43214892,official_emis,exact,unknown
CRI_000943,1325,CRI,LOS ROBLES,,1,,public,Costa Rica,Provincia Alajuela,Naranjo,San Jerónimo,urban,12,rural,10.14105574,-84.35069587,official_emis,exact,unknown
CRI_000944,1326,CRI,LOURDES,,1,,public,Costa Rica,Provincia Alajuela,Naranjo,Cirrí Sur,rural,12,rural,10.14314184,-84.37159599,official_emis,exact,unknown
CRI_000945,1327,CRI,MACARIO VALVERDE MADRIGAL,,1,,public,Costa Rica,Provincia Alajuela,San Ramon,San Rafael,rural,21,peri_urban,10.06605749,-84.46612164,official_emis,exact,unknown
CRI_000946,1329,CRI,ESCUELA PBRO. MANUEL BERNARDO GÓMEZ SALA,,1,,public,Costa Rica,Provincia Alajuela,Palmeras,Palmares,urban,23,urban,10.05825758,-84.4317329,official_emis,exact,unknown
CRI_000947,1330,CRI,MANUEL QUESADA BASTOS,,1,,public,Costa Rica,Provincia Alajuela,San Ramon,Concepción,urban,21,peri_urban,10.11562404,-84.44988898,official_emis,exact,unknown
CRI_000948,1331,CRI,MERCEDES QUESADA QUESADA,,1,,public,Costa Rica,Provincia Alajuela,San Ramon,Concepción,urban,21,peri_urban,10.12779039,-84.43442054,official_emis,exact,unknown
CRI_000949,1332,CRI,MIGUEL CARBALLO CORRALES,,1,,public,Costa Rica,Provincia Alajuela,Naranjo,Cirrí Sur,rural,12,rural,10.16017759,-84.37473804,official_emis,exact,unknown
CRI_000950,1333,CRI,LA UNIÓN,,1,,public,Costa Rica,Provincia Alajuela,San Ramon,San Rafael,rural,23,urban,10.07508795,-84.47389567,official_emis,exact,unknown
CRI_000951,1334,CRI,MONSEÑOR JUAN VICENTE SOLÍS FERNANDEZ,,1,,public,Costa Rica,Provincia Alajuela,San Ramon,Piedades Sur,rural,12,rural,10.11614224,-84.5340012,official_emis,exact,unknown
CRI_000952,1335,CRI,MONSEÑOR CLODOVEO HIDALGO SOLANO,,1,,public,Costa Rica,Provincia Alajuela,San Ramon,San Isidro,rural,21,peri_urban,10.08686892,-84.44704781,official_emis,exact,unknown
CRI_000953,1336,CRI,MORELOS,,1,,public,Costa Rica,Provincia Alajuela,Zarcero,Guadalupe,rural,12,rural,10.17770614,-84.42417199,official_emis,exact,unknown
CRI_000954,1337,CRI,NAUTILIO ACOSTA PIEPPER,,1,,public,Costa Rica,Provincia Alajuela,San Ramon,Piedades Norte,rural,21,peri_urban,10.12367124,-84.48536084,official_emis,exact,unknown
CRI_000955,1338,CRI,RUPERTO ZUÑIGA SANCHO,,1,,public,Costa Rica,Provincia Alajuela,San Ramon,Ángeles,rural,21,peri_urban,10.13894151,-84.49837228,official_emis,exact,unknown
CRI_000956,1339,CRI,OTILIO ULATE BLANCO,,1,,public,Costa Rica,Provincia Alajuela,Zarcero,Zarcero,urban,22,urban,10.18374487,-84.39112273,official_emis,exact,unknown
CRI_000957,1340,CRI,SALUSTIO CAMACHO MUÑOZ,,1,,public,Costa Rica,Provincia Alajuela,Zarcero,Palmira,urban,12,rural,10.209828,-84.37630219,official_emis,exact,unknown
CRI_000958,1341,CRI,PALMITOS,,1,,public,Costa Rica,Provincia Alajuela,Naranjo,Palmitos,rural,21,peri_urban,10.09632632,-84.42673787,official_emis,exact,unknown
CRI_000959,1342,CRI,PETERS,,1,,public,Costa Rica,Provincia Alajuela,Sarchi,Rodríguez,rural,23,urban,10.10131704,-84.35280706,official_emis,exact,unknown
CRI_000960,1343,CRI,JUAN JOSÉ VALVERDE MADRIGAL,,1,,public,Costa Rica,Provincia Alajuela,San Ramon,Piedades Norte,rural,12,rural,10.1326483,-84.50773259,official_emis,exact,unknown
CRI_000961,1344,CRI,QUEBRADILLAS,,1,,public,Costa Rica,Provincia Alajuela,San Ramon,Piedades Sur,rural,12,rural,10.1128926,-84.56019056,official_emis,exact,unknown
CRI_000962,1345,CRI,REPÚBLICA DE URUGUAY,,1,,public,Costa Rica,Provincia Alajuela,Naranjo,San Miguel,rural,21,peri_urban,10.07471093,-84.39042171,official_emis,exact,unknown
CRI_000963,1346,CRI,REPÚBLICA DE COLOMBIA,,1,,public,Costa Rica,Provincia Alajuela,Naranjo,Naranjo,urban,23,urban,10.09608704,-84.37944507,official_emis,exact,unknown
CRI_000964,1347,CRI,REPÚBLICA DE CUBA,,1,,public,Costa Rica,Provincia Alajuela,Naranjo,San José,rural,21,peri_urban,10.13987429,-84.39394116,official_emis,exact,unknown
CRI_000965,1348,CRI,REPÚBLICA DEL ECUADOR,,1,,public,Costa Rica,Provincia Alajuela,Naranjo,San Juan,rural,21,peri_urban,10.11429509,-84.39763438,official_emis,exact,unknown
CRI_000966,1349,CRI,DR. RICARDO MORENO CAÑAS,,1,,public,Costa Rica,Provincia Alajuela,Palmeras,Zaragoza,urban,23,urban,10.04085875,-84.4346624,official_emis,exact,unknown
CRI_000967,1350,CRI,RINCÓN DE MORA,,1,,public,Costa Rica,Provincia Alajuela,San Ramon,San Rafael,rural,12,rural,10.04106135,-84.47285594,official_emis,exact,unknown
CRI_000968,1351,CRI,PABLO ALVARADO VARGAS,,1,,public,Costa Rica,Provincia Alajuela,Palmeras,Zaragoza,urban,23,urban,10.03443187,-84.45105855,official_emis,exact,unknown
CRI_000969,1352,CRI,RÍO GRANDE,,1,,public,Costa Rica,Provincia Alajuela,San Ramon,San Isidro,rural,21,peri_urban,10.07501655,-84.4552771,official_emis,exact,unknown
CRI_000970,1353,CRI,SAN FRANCISCO,,1,,public,Costa Rica,Provincia Alajuela,San Ramon,Piedades Sur,rural,12,rural,10.07544522,-84.54559514,official_emis,exact,unknown
CRI_000971,1354,CRI,SAN PEDRO,,1,,public,Costa Rica,Provincia Alajuela,Sarchi,San Pedro,rural,21,peri_urban,10.11150791,-84.32846824,official_emis,exact,unknown
CRI_000972,1355,CRI,MIXTA SAN RAFAEL,,1,,public,Costa Rica,Provincia Alajuela,San Ramon,San Rafael,rural,21,peri_urban,10.06350582,-84.47394435,official_emis,exact,unknown
CRI_000973,1356,CRI,SAN ROQUE,,1,,public,Costa Rica,Provincia Alajuela,Naranjo,Palmitos,rural,21,peri_urban,10.10254864,-84.43220645,official_emis,exact,unknown
CRI_000974,1357,CRI,SANTIAGO,,1,,public,Costa Rica,Provincia Alajuela,San Ramon,Santiago,rural,12,rural,10.06396691,-84.48542667,official_emis,exact,unknown
CRI_000975,1358,CRI,SANTIAGO CRESPO CALVO,,1,,public,Costa Rica,Provincia Alajuela,Naranjo,San Jerónimo,urban,21,peri_urban,10.10714577,-84.36454702,official_emis,exact,unknown
CRI_000976,1359,CRI,SARCHÍ NORTE,,1,,public,Costa Rica,Provincia Alajuela,Sarchi,Sarchí Norte,rural,23,urban,10.08906844,-84.34784478,official_emis,exact,unknown
CRI_000977,1360,CRI,EULOGIO SALAZAR LARA,,1,,public,Costa Rica,Provincia Alajuela,Sarchi,Sarchí Sur,rural,23,urban,10.08394869,-84.34032124,official_emis,exact,unknown
CRI_000978,1361,CRI,SIMÓN BOLÍVAR,,1,,public,Costa Rica,Provincia Alajuela,San Ramon,Piedades Norte,rural,21,peri_urban,10.10883585,-84.49257471,official_emis,exact,unknown
CRI_000979,1362,CRI,JULIO ULATE GONZÁLEZ,,1,,public,Costa Rica,Provincia Alajuela,Sarchi,San Pedro,rural,12,rural,10.14081277,-84.31785827,official_emis,exact,unknown
CRI_000980,1363,CRI,SAN RAFAEL,,1,,public,Costa Rica,Provincia Alajuela,Naranjo,Naranjo,urban,21,peri_urban,10.11717357,-84.38859321,official_emis,exact,unknown
CRI_000981,1364,CRI,SANTA MARGARITA,,1,,public,Costa Rica,Provincia Alajuela,Naranjo,El Rosario,rural,12,rural,10.04301262,-84.38658512,official_emis,exact,unknown
CRI_000982,1365,CRI,ESCUELA PBRO. VENANCIO DE OÑA Y MARTÍNEZ,,1,,public,Costa Rica,Provincia Alajuela,Palmeras,Santiago,rural,21,peri_urban,10.02295147,-84.44450159,official_emis,exact,unknown
CRI_000983,1366,CRI,COOPEZAMORA,,1,,public,Costa Rica,Provincia Alajuela,San Ramon,San Lorenzo,rural,12,rural,10.32045274,-84.53696956,official_emis,exact,unknown
CRI_000984,1367,CRI,CALLE SAN MIGUEL,,1,,public,Costa Rica,Provincia Alajuela,Sarchi,Sarchí Sur,rural,21,peri_urban,10.09324754,-84.3400998,official_emis,exact,unknown
CRI_000985,1368,CRI,ZAPOTE,,1,,public,Costa Rica,Provincia Alajuela,Zarcero,Zapote,rural,12,rural,10.22452481,-84.42418893,official_emis,exact,unknown
CRI_000986,1369,CRI,LABORATORIO,,1,,public,Costa Rica,Provincia Alajuela,San Ramon,San Isidro,urban,23,urban,10.08908722,-84.4637649,official_emis,exact,unknown
CRI_000987,1370,CRI,ISABEL YGLESIAS CASTRO,,1,,public,Costa Rica,Provincia Alajuela,Naranjo,San Miguel,rural,21,peri_urban,10.07003992,-84.36256932,official_emis,exact,unknown
CRI_000988,1371,CRI,RINCÓN DE OROZCO,,1,,public,Costa Rica,Provincia Alajuela,San Ramon,San Rafael,rural,21,peri_urban,10.06807035,-84.45878163,official_emis,exact,unknown
CRI_000989,1372,CRI,SABANILLA,,1,,public,Costa Rica,Provincia Alajuela,Sarchi,Rodríguez,rural,12,rural,10.12394255,-84.34913033,official_emis,exact,unknown
CRI_000990,1373,CRI,EL SOCORRO,,1,,public,Costa Rica,Provincia Alajuela,San Ramon,Piedades Sur,rural,12,rural,10.13510104,-84.5925751,official_emis,exact,unknown
CRI_000991,1374,CRI,POTRERILLOS,,1,,public,Costa Rica,Provincia Alajuela,San Ramon,Piedades Sur,rural,12,rural,10.11477982,-84.57927681,official_emis,exact,unknown
CRI_000992,1375,CRI,LOS ANGELES,,1,,public,Costa Rica,Provincia Alajuela,San Carlos,Pocosol,rural,12,rural,10.59978831,-84.51773632,official_emis,exact,unknown
CRI_000993,1376,CRI,LA PERLA,,1,,public,Costa Rica,Provincia Alajuela,San Carlos,La Fortuna,urban,12,rural,10.45813873,-84.53093229,official_emis,exact,unknown
CRI_000994,1377,CRI,EL CASTILLO,,1,,public,Costa Rica,Provincia Alajuela,San Ramon,Peñas Blancas,rural,12,rural,10.4278021,-84.75044137,official_emis,exact,unknown
CRI_000995,1378,CRI,MONTECRISTO,,1,,public,Costa Rica,Provincia Alajuela,San Carlos,Aguas Zarcas,rural,21,peri_urban,10.35597464,-84.34716726,official_emis,exact,unknown
CRI_000996,1379,CRI,ABELARDO ROJAS QUESADA,,1,,public,Costa Rica,Provincia Alajuela,San Carlos,La Palmera,rural,13,rural,10.38031425,-84.37570402,official_emis,exact,unknown
CRI_000997,1380,CRI,DOS AGUAS,,1,,public,Costa Rica,Provincia Alajuela,Los Chiles,El Amparo,rural,11,rural,10.79515256,-84.61593349,official_emis,exact,unknown
CRI_000998,1381,CRI,EL CONCHITO,,1,,public,Costa Rica,Provincia Alajuela,San Carlos,Pocosol,rural,11,rural,10.90706683,-84.45460896,official_emis,exact,unknown
CRI_000999,1382,CRI,AGUA AZUL,,1,,public,Costa Rica,Provincia Alajuela,San Carlos,La Fortuna,urban,12,rural,10.49670104,-84.60908206,official_emis,exact,unknown
CRI_001000,1383,CRI,LAS PALMAS,,1,,public,Costa Rica,Provincia Alajuela,San Carlos,La Tigra,rural,22,urban,10.34641346,-84.56713546,official_emis,exact,unknown
CRI_001001,1384,CRI,COLONIA PARIS,,1,,public,Costa Rica,Provincia Alajuela,Los Chiles,San Jorge,rural,11,rural,10.6540108,-84.62550573,official_emis,exact,unknown
CRI_001002,1385,CRI,PENJAMO,,1,,public,Costa Rica,Provincia Alajuela,San Carlos,Florencia,urban,13,rural,10.34466761,-84.48270032,official_emis,exact,unknown
CRI_001003,1386,CRI,SAN FRANCISCO,,1,,public,Costa Rica,Provincia Heredia,Sarapiqui,Cureña,rural,12,rural,10.59275971,-84.09055944,official_emis,exact,unknown
CRI_001004,1387,CRI,TRES Y TRES,,1,,public,Costa Rica,Provincia Alajuela,San Carlos,Pocosol,rural,12,rural,10.65149101,-84.54573788,official_emis,exact,unknown
CRI_001005,1388,CRI,MARIO SALAZAR MORA,,1,,public,Costa Rica,Provincia Alajuela,San Carlos,Aguas Zarcas,rural,23,urban,10.37649369,-84.34056223,official_emis,exact,unknown
CRI_001006,1389,CRI,BARRIO LOS ANGELES,,1,,public,Costa Rica,Provincia Alajuela,San Carlos,Quesada,urban,23,urban,10.35569491,-84.439981,official_emis,exact,unknown
CRI_001007,1390,CRI,CAÑO CASTILLA,,1,,public,Costa Rica,Provincia Alajuela,Los Chiles,Los Chiles,rural,12,rural,10.92336571,-84.49018564,official_emis,exact,unknown
CRI_001008,1391,CRI,ALTAMIRA,,1,,public,Costa Rica,Provincia Alajuela,San Carlos,Aguas Zarcas,rural,11,rural,10.50264834,-84.37423465,official_emis,exact,unknown
CRI_001009,1392,CRI,EL RECREO,,1,,public,Costa Rica,Provincia Alajuela,Los Chiles,Los Chiles,rural,12,rural,10.949055,-84.52557195,official_emis,exact,unknown
CRI_001010,1393,CRI,COOPE SAN JUAN,,1,,public,Costa Rica,Provincia Alajuela,San Carlos,Aguas Zarcas,rural,12,rural,10.56381823,-84.34685838,official_emis,exact,unknown
CRI_001011,1394,CRI,SANGREGADO,,1,,public,Costa Rica,Provincia Guanacaste,Tilaran,Arenal,rural,11,rural,10.49196643,-84.77848921,official_emis,exact,unknown
CRI_001012,1395,CRI,LA PRADERA,,1,,public,Costa Rica,Provincia Alajuela,San Carlos,Pital,rural,11,rural,10.68916943,-84.19274619,official_emis,exact,unknown
CRI_001013,1396,CRI,SAN LUIS,,1,,public,Costa Rica,Provincia Alajuela,San Carlos,Quesada,urban,12,rural,10.35996748,-84.42220762,official_emis,exact,unknown
CRI_001014,1397,CRI,VUELTA DE KOOPER,,1,,public,Costa Rica,Provincia Alajuela,San Carlos,Aguas Zarcas,rural,12,rural,10.474664,-84.37151505,official_emis,exact,unknown
CRI_001015,1398,CRI,LAS BRISAS,,1,,public,Costa Rica,Provincia Alajuela,San Carlos,Venecia,rural,21,peri_urban,10.37337637,-84.31715571,official_emis,exact,unknown
CRI_001016,1399,CRI,COOPEVEGA,,1,,public,Costa Rica,Provincia Alajuela,San Carlos,Cutris,rural,13,rural,10.72102895,-84.39012469,official_emis,exact,unknown
CRI_001017,1400,CRI,EL CARMEN,,1,,public,Costa Rica,Provincia Alajuela,San Ramon,Peñas Blancas,rural,12,rural,10.43951437,-84.59632701,official_emis,exact,unknown
CRI_001018,1401,CRI,BOCA DE RIO CUREÑA,,1,,public,Costa Rica,Provincia Heredia,Sarapiqui,Cureña,rural,11,rural,10.76971108,-84.09683676,official_emis,exact,unknown
CRI_001019,1402,CRI,EL FUTURO,,1,,public,Costa Rica,Provincia Alajuela,San Carlos,La Tigra,rural,12,rural,10.36641546,-84.55000241,official_emis,exact,unknown
CRI_001020,1403,CRI,SANTA ELENA,,1,,public,Costa Rica,Provincia Alajuela,Los Chiles,Los Chiles,rural,11,rural,10.89728855,-84.55780444,official_emis,exact,unknown
CRI_001021,1404,CRI,BONANZA,,1,,public,Costa Rica,Provincia Alajuela,San Carlos,Florencia,urban,12,rural,10.46651472,-84.52240844,official_emis,exact,unknown
CRI_001022,1405,CRI,LOS ANGELES,,1,,public,Costa Rica,Provincia Alajuela,San Carlos,Pital,rural,12,rural,10.51043773,-84.30253027,official_emis,exact,unknown
CRI_001023,1406,CRI,LOS ANGELES,,1,,public,Costa Rica,Provincia Alajuela,San Carlos,La Fortuna,urban,13,rural,10.45766393,-84.55601739,official_emis,exact,unknown
CRI_001024,1407,CRI,TRES AMIGOS,,1,,public,Costa Rica,Provincia Alajuela,San Carlos,Pital,rural,12,rural,10.54329131,-84.31133395,official_emis,exact,unknown
CRI_001025,1408,CRI,SAN MARTIN,,1,,public,Costa Rica,Provincia Alajuela,San Carlos,Pocosol,rural,12,rural,10.63536307,-84.56175226,official_emis,exact,unknown
CRI_001026,1409,CRI,LA URRACA,,1,,public,Costa Rica,Provincia Alajuela,Los Chiles,San Jorge,rural,11,rural,10.78393737,-84.56802275,official_emis,exact,unknown
CRI_001027,1410,CRI,ESCALERAS,,1,,public,Costa Rica,Provincia Alajuela,Los Chiles,Los Chiles,rural,11,rural,10.91350137,-84.50530785,official_emis,exact,unknown
CRI_001028,1411,CRI,HERNANDEZ,,1,,public,Costa Rica,Provincia Alajuela,Los Chiles,Los Chiles,rural,12,rural,10.94902951,-84.64447034,official_emis,exact,unknown
CRI_001029,1412,CRI,LA UNION,,1,,public,Costa Rica,Provincia Alajuela,San Carlos,Monterrey,rural,11,rural,10.51309399,-84.56606672,official_emis,exact,unknown
CRI_001030,1413,CRI,LA TROCHA,,1,,public,Costa Rica,Provincia Alajuela,Los Chiles,Los Chiles,rural,12,rural,11.01731336,-84.53834537,official_emis,exact,unknown
CRI_001031,1414,CRI,COLONIA NARANJEÑA,,1,,public,Costa Rica,Provincia Alajuela,Guatuso,Katira,rural,12,rural,10.70987584,-84.92975526,official_emis,exact,unknown
CRI_001032,1415,CRI,I.D.A. GARABITO,,1,,public,Costa Rica,Provincia Alajuela,San Carlos,Aguas Zarcas,rural,21,peri_urban,10.3611207,-84.33467167,official_emis,exact,unknown
CRI_001033,1416,CRI,COOPE ISABEL,,1,,public,Costa Rica,Provincia Alajuela,San Carlos,Pital,rural,12,rural,10.5250792,-84.30859182,official_emis,exact,unknown
CRI_001034,1417,CRI,EL CAMPO (SAN PABLO),,1,,public,Costa Rica,Provincia Alajuela,San Carlos,Quesada,urban,23,urban,10.34487488,-84.42808454,official_emis,exact,unknown
CRI_001035,1418,CRI,SANTA ESPERANZA,,1,,public,Costa Rica,Provincia Alajuela,Los Chiles,San Jorge,rural,11,rural,10.66420998,-84.576286,official_emis,exact,unknown
CRI_001036,1419,CRI,I.D.A. LOS LAGOS,,1,,public,Costa Rica,Provincia Alajuela,Rio Cuarto,Río Cuarto,rural,12,rural,10.4630009,-84.2123934,official_emis,exact,unknown
CRI_001037,1420,CRI,CAIMITOS,,1,,public,Costa Rica,Provincia Alajuela,San Carlos,Florencia,urban,13,rural,10.37239756,-84.47592975,official_emis,exact,unknown
CRI_001038,1421,CRI,EL CARMEN,,1,,public,Costa Rica,Provincia Alajuela,San Carlos,Quesada,urban,23,urban,10.34695484,-84.43155312,official_emis,exact,unknown
CRI_001039,1422,CRI,EL ACHIOTE,,1,,public,Costa Rica,Provincia Alajuela,San Carlos,Pocosol,rural,11,rural,10.72152806,-84.46504508,official_emis,exact,unknown
CRI_001040,1423,CRI,LA CASCADA,,1,,public,Costa Rica,Provincia Alajuela,San Carlos,Cutris,rural,11,rural,10.693069,-84.33495929,official_emis,exact,unknown
CRI_001041,1424,CRI,SANTA LUCIA,,1,,public,Costa Rica,Provincia Alajuela,San Carlos,Pital,rural,11,rural,10.53679667,-84.21972765,official_emis,exact,unknown
CRI_001042,1425,CRI,LA ESPAÑOLITA,,1,,public,Costa Rica,Provincia Alajuela,Rio Cuarto,Río Cuarto,rural,12,rural,10.43510613,-84.20476183,official_emis,exact,unknown
CRI_001043,1426,CRI,YUCATAN,,1,,public,Costa Rica,Provincia Heredia,Sarapiqui,Cureña,rural,11,rural,10.64046901,-84.15806478,official_emis,exact,unknown
CRI_001044,1427,CRI,PUEBLO NUEVO,,1,,public,Costa Rica,Provincia Alajuela,San Carlos,Cutris,rural,12,rural,10.62967832,-84.39686554,official_emis,exact,unknown
CRI_001045,1428,CRI,TRECE DE NOVIEMBRE,,1,,public,Costa Rica,Provincia Alajuela,San Carlos,Monterrey,rural,11,rural,10.53125946,-84.70509865,official_emis,exact,unknown
CRI_001046,1429,CRI,CARRIZAL,,1,,public,Costa Rica,Provincia Alajuela,Rio Cuarto,Río Cuarto,rural,12,rural,10.3665998,-84.20031193,official_emis,exact,unknown
CRI_001047,1430,CRI,SAN ISIDRO,,1,,public,Costa Rica,Provincia Alajuela,Los Chiles,El Amparo,rural,12,rural,10.8370285,-84.68142839,official_emis,exact,unknown
CRI_001048,1431,CRI,SAN ALEJO,,1,,public,Costa Rica,Provincia Alajuela,San Carlos,Pocosol,rural,11,rural,10.78421938,-84.54131834,official_emis,exact,unknown
CRI_001049,1432,CRI,EL JARDIN,,1,,public,Costa Rica,Provincia Alajuela,San Carlos,Pital,rural,12,rural,10.50051806,-84.2407401,official_emis,exact,unknown
CRI_001050,1433,CRI,BETANIA,,1,,public,Costa Rica,Provincia Alajuela,Guatuso,San Rafael,rural,13,rural,10.66313953,-84.83228403,official_emis,exact,unknown
CRI_001051,1434,CRI,EL JAÚURI,,1,,public,Costa Rica,Provincia Alajuela,San Ramon,Peñas Blancas,rural,12,rural,10.44924007,-84.63819313,official_emis,exact,unknown
CRI_001052,1435,CRI,LA TRINIDAD,,1,,public,Costa Rica,Provincia Alajuela,Los Chiles,El Amparo,rural,12,rural,10.85780616,-84.65403748,official_emis,exact,unknown
CRI_001053,1436,CRI,I.D.A. EL RUBI,,1,,public,Costa Rica,Provincia Alajuela,Rio Cuarto,Río Cuarto,rural,11,rural,10.57138758,-84.16504072,official_emis,exact,unknown
CRI_001054,1437,CRI,EL ROBLE,,1,,public,Costa Rica,Provincia Alajuela,San Carlos,Cutris,rural,11,rural,10.84604187,-84.31097051,official_emis,exact,unknown
CRI_001055,1438,CRI,JUAN RAFAEL CHACON CASTRO,,1,,public,Costa Rica,Provincia Alajuela,San Carlos,Cutris,rural,13,rural,10.52738196,-84.47967333,official_emis,exact,unknown
CRI_001056,1439,CRI,BOCA DEL RIO SAN CARLOS,,1,,public,Costa Rica,Provincia Alajuela,San Carlos,Cutris,rural,12,rural,10.78133496,-84.19863406,official_emis,exact,unknown
CRI_001057,1441,CRI,LA UNION,,1,,public,Costa Rica,Provincia Alajuela,Los Chiles,El Amparo,rural,12,rural,10.82836792,-84.71457386,official_emis,exact,unknown
CRI_001058,1443,CRI,EL COROZO DE PATASTE,,1,,public,Costa Rica,Provincia Alajuela,Guatuso,San Rafael,rural,11,rural,10.66318841,-84.70798911,official_emis,exact,unknown
CRI_001059,1444,CRI,BUENA VISTA,,1,,public,Costa Rica,Provincia Alajuela,San Carlos,Buenavista,rural,12,rural,10.275551,-84.4607674,official_emis,exact,unknown
CRI_001060,1445,CRI,BUENOS AIRES,,1,,public,Costa Rica,Provincia Alajuela,San Carlos,Venecia,rural,21,peri_urban,10.38131315,-84.30311935,official_emis,exact,unknown
CRI_001061,1446,CRI,BUENOS AIRES,,1,,public,Costa Rica,Provincia Alajuela,Guatuso,San Rafael,rural,12,rural,10.6669226,-84.84934622,official_emis,exact,unknown
CRI_001062,1447,CRI,EL BURIO,,1,,public,Costa Rica,Provincia Alajuela,San Carlos,Venado,rural,11,rural,10.62269906,-84.75898674,official_emis,exact,unknown
CRI_001063,1448,CRI,ACAPULCO,,1,,public,Costa Rica,Provincia Alajuela,San Carlos,Pocosol,rural,12,rural,10.66458305,-84.54465396,official_emis,exact,unknown
CRI_001064,1449,CRI,LA VIRGEN,,1,,public,Costa Rica,Provincia Alajuela,Los Chiles,Los Chiles,rural,12,rural,10.88063153,-84.60427667,official_emis,exact,unknown
CRI_001065,1450,CRI,SANTA RITA,,1,,public,Costa Rica,Provincia Alajuela,Los Chiles,El Amparo,rural,11,rural,10.74931647,-84.64744578,official_emis,exact,unknown
CRI_001066,1451,CRI,CAÑO CIEGO,,1,,public,Costa Rica,Provincia Alajuela,Los Chiles,El Amparo,rural,11,rural,10.77431632,-84.74097026,official_emis,exact,unknown
CRI_001067,1452,CRI,LEONIDAS SEQUEIRA DUARTE,,1,,public,Costa Rica,Provincia Alajuela,Los Chiles,Caño Negro,rural,12,rural,10.89101837,-84.78591361,official_emis,exact,unknown
CRI_001068,1453,CRI,NUEVA ESPERANZA,,1,,public,Costa Rica,Provincia Alajuela,Los Chiles,Caño Negro,rural,11,rural,10.89597882,-84.82234093,official_emis,exact,unknown
CRI_001069,1454,CRI,MONTEALEGRE,,1,,public,Costa Rica,Provincia Alajuela,Los Chiles,San Jorge,rural,12,rural,10.73751933,-84.70284855,official_emis,exact,unknown
CRI_001070,1455,CRI,SANTA FE,,1,,public,Costa Rica,Provincia Alajuela,Los Chiles,Los Chiles,rural,12,rural,10.98251303,-84.56009091,official_emis,exact,unknown
CRI_001071,1456,CRI,SANTA LUCIA,,1,,public,Costa Rica,Provincia Alajuela,San Carlos,La Fortuna,urban,12,rural,10.45012593,-84.6078718,official_emis,exact,unknown
CRI_001072,1457,CRI,CHAPARRON,,1,,public,Costa Rica,Provincia Alajuela,Rio Cuarto,Pital,rural,11,rural,10.55803486,-84.20299492,official_emis,exact,unknown
CRI_001073,1458,CRI,SAN VITO,,1,,public,Costa Rica,Provincia Alajuela,San Carlos,Cutris,rural,11,rural,10.74060024,-84.31934581,official_emis,exact,unknown
CRI_001074,1459,CRI,BUENOS AIRES,,1,,public,Costa Rica,Provincia Alajuela,San Carlos,Pocosol,rural,12,rural,10.57532913,-84.5037094,official_emis,exact,unknown
CRI_001075,1460,CRI,EL CARMEN,,1,,public,Costa Rica,Provincia Alajuela,San Carlos,Cutris,rural,12,rural,10.79001422,-84.30861441,official_emis,exact,unknown
CRI_001076,1461,CRI,LA PAZ,,1,,public,Costa Rica,Provincia Alajuela,Guatuso,Katira,rural,12,rural,10.70390487,-84.97145449,official_emis,exact,unknown
CRI_001077,1462,CRI,CANANEO,,1,,public,Costa Rica,Provincia Alajuela,Los Chiles,San Jorge,rural,11,rural,10.67407656,-84.65350433,official_emis,exact,unknown
CRI_001078,1463,CRI,POCOSOL,,1,,public,Costa Rica,Provincia Alajuela,San Carlos,Pocosol,rural,11,rural,10.95091888,-84.46632464,official_emis,exact,unknown
CRI_001079,1464,CRI,SAN JUAN,,1,,public,Costa Rica,Provincia Alajuela,Guatuso,San Rafael,rural,12,rural,10.66269912,-84.76815323,official_emis,exact,unknown
CRI_001080,1465,CRI,LOS CERRITOS,,1,,public,Costa Rica,Provincia Alajuela,San Carlos,La Tigra,rural,12,rural,10.32273503,-84.59125025,official_emis,exact,unknown
CRI_001081,1466,CRI,EL PINAR,,1,,public,Costa Rica,Provincia Alajuela,Rio Cuarto,Río Cuarto,rural,11,rural,10.47948121,-84.22706954,official_emis,exact,unknown
CRI_001082,1467,CRI,CARIBLANCO,,1,,public,Costa Rica,Provincia Alajuela,Alajuela,Sarapiquí,rural,12,rural,10.27212651,-84.18253902,official_emis,exact,unknown
CRI_001083,1468,CRI,CARLOS MAROTO QUIROS,,1,,public,Costa Rica,Provincia Alajuela,San Carlos,Florencia,urban,13,rural,10.36300319,-84.47295233,official_emis,exact,unknown
CRI_001084,1469,CRI,MORAZAN,,1,,public,Costa Rica,Provincia Alajuela,San Carlos,Pocosol,rural,12,rural,10.6459178,-84.4545317,official_emis,exact,unknown
CRI_001085,1470,CRI,EL PLOMO,,1,,public,Costa Rica,Provincia Alajuela,San Carlos,Pocosol,rural,12,rural,10.66537195,-84.49450719,official_emis,exact,unknown
CRI_001086,1472,CRI,CERRO CORTES,,1,,public,Costa Rica,Provincia Alajuela,San Carlos,Aguas Zarcas,rural,13,rural,10.44403962,-84.35797184,official_emis,exact,unknown
CRI_001087,1473,CRI,SAMEN,,1,,public,Costa Rica,Provincia Alajuela,Guatuso,Buenavista,rural,11,rural,10.72310134,-84.83524083,official_emis,exact,unknown
CRI_001088,1474,CRI,ARCO IRIS,,1,,public,Costa Rica,Provincia Alajuela,Los Chiles,Los Chiles,rural,12,rural,10.911487,-84.6826136,official_emis,exact,unknown
CRI_001089,1475,CRI,PARAISO,,1,,public,Costa Rica,Provincia Alajuela,San Carlos,Pocosol,rural,11,rural,10.72217867,-84.49258284,official_emis,exact,unknown
CRI_001090,1476,CRI,CARRIZAL,,1,,public,Costa Rica,Provincia Alajuela,San Carlos,Pocosol,rural,11,rural,10.77322268,-84.47846998,official_emis,exact,unknown
CRI_001091,1477,CRI,LA FLOR,,1,,public,Costa Rica,Provincia Alajuela,Guatuso,San Rafael,rural,12,rural,10.70537622,-84.74236006,official_emis,exact,unknown
CRI_001092,1478,CRI,CHAMBACU,,1,,public,Costa Rica,Provincia Alajuela,San Carlos,Monterrey,rural,12,rural,10.58938349,-84.61363407,official_emis,exact,unknown
CRI_001093,1479,CRI,SANTA FE,,1,,public,Costa Rica,Provincia Alajuela,Guatuso,San Rafael,rural,12,rural,10.72082831,-84.72128192,official_emis,exact,unknown
CRI_001094,1480,CRI,VIENTO FRESCO,,1,,public,Costa Rica,Provincia Alajuela,Guatuso,San Rafael,rural,12,rural,10.61436557,-84.79327099,official_emis,exact,unknown
CRI_001095,1481,CRI,SAN ISIDRO,,1,,public,Costa Rica,Provincia Alajuela,Los Chiles,San Jorge,rural,12,rural,10.67898537,-84.62404486,official_emis,exact,unknown
CRI_001096,1482,CRI,COCOBOLO,,1,,public,Costa Rica,Provincia Alajuela,San Carlos,Cutris,rural,12,rural,10.70130345,-84.42799852,official_emis,exact,unknown
CRI_001097,1484,CRI,EL ENCANTO,,1,,public,Costa Rica,Provincia Alajuela,San Carlos,Pital,rural,12,rural,10.49992477,-84.29170807,official_emis,exact,unknown
CRI_001098,1485,CRI,MAJAGUA,,1,,public,Costa Rica,Provincia Alajuela,San Carlos,Pocosol,rural,12,rural,10.73969867,-84.4996356,official_emis,exact,unknown
CRI_001099,1486,CRI,CASTELMARE,,1,,public,Costa Rica,Provincia Alajuela,San Carlos,Cutris,rural,11,rural,10.61638157,-84.29363011,official_emis,exact,unknown
CRI_001100,1487,CRI,LOS ALMENDROS,,1,,public,Costa Rica,Provincia Alajuela,San Carlos,Cutris,rural,12,rural,10.62104386,-84.32507285,official_emis,exact,unknown
CRI_001101,1488,CRI,COLONIA TORO AMARILLO,,1,,public,Costa Rica,Provincia Alajuela,Rio Cuarto,Río Cuarto,rural,12,rural,10.29960847,-84.24554691,official_emis,exact,unknown
CRI_001102,1489,CRI,EL ABÁNICO,,1,,public,Costa Rica,Provincia Alajuela,San Ramon,Peñas Blancas,rural,12,rural,10.42869669,-84.58948101,official_emis,exact,unknown
CRI_001103,1490,CRI,SECTOR ÁNGELES,,1,,public,Costa Rica,Provincia Alajuela,San Ramon,Peñas Blancas,rural,12,rural,10.43544299,-84.5685677,official_emis,exact,unknown
CRI_001104,1491,CRI,COQUITALES,,1,,public,Costa Rica,Provincia Alajuela,Los Chiles,San Jorge,rural,12,rural,10.7346865,-84.54662862,official_emis,exact,unknown
CRI_001105,1492,CRI,CARLOS MARIA VÁSQUEZ ROJAS,,1,,public,Costa Rica,Provincia Alajuela,San Ramon,Peñas Blancas,rural,12,rural,10.39883002,-84.5624172,official_emis,exact,unknown
CRI_001106,1493,CRI,EL CONCHO,,1,,public,Costa Rica,Provincia Alajuela,San Carlos,Pocosol,rural,12,rural,10.82568813,-84.44299562,official_emis,exact,unknown
CRI_001107,1494,CRI,CURIRE,,1,,public,Costa Rica,Provincia Alajuela,San Carlos,Cutris,rural,12,rural,10.82018935,-84.34426735,official_emis,exact,unknown
CRI_001108,1495,CRI,QUIJONGO,,1,,public,Costa Rica,Provincia Alajuela,Los Chiles,San Jorge,rural,11,rural,10.72101375,-84.58157585,official_emis,exact,unknown
CRI_001109,1496,CRI,CONCEPCION,,1,,public,Costa Rica,Provincia Alajuela,San Carlos,Quesada,urban,21,peri_urban,10.33095388,-84.44239083,official_emis,exact,unknown
CRI_001110,1497,CRI,SONAFLUCA,,1,,public,Costa Rica,Provincia Alajuela,San Carlos,La Fortuna,urban,13,rural,10.45601038,-84.58999311,official_emis,exact,unknown
CRI_001111,1498,CRI,VILLA MARIA,,1,,public,Costa Rica,Provincia Alajuela,San Carlos,La Palmera,rural,12,rural,10.45922308,-84.39116712,official_emis,exact,unknown
CRI_001112,1499,CRI,GERMAN ROJAS ARAYA,,1,,public,Costa Rica,Provincia Alajuela,San Carlos,Cutris,rural,12,rural,10.51083007,-84.43241773,official_emis,exact,unknown
CRI_001113,1500,CRI,CORAZON DE JESUS,,1,,public,Costa Rica,Provincia Alajuela,Alajuela,Sarapiquí,rural,12,rural,10.34381061,-84.17183898,official_emis,exact,unknown
CRI_001114,1501,CRI,CONCEPCION,,1,,public,Costa Rica,Provincia Alajuela,San Carlos,La Palmera,rural,12,rural,10.43882798,-84.37683249,official_emis,exact,unknown
CRI_001115,1502,CRI,EL COBANO,,1,,public,Costa Rica,Provincia Alajuela,Los Chiles,El Amparo,rural,12,rural,10.81930271,-84.56604544,official_emis,exact,unknown
CRI_001116,1503,CRI,GUARUMAL,,1,,public,Costa Rica,Provincia Alajuela,San Carlos,Cutris,rural,12,rural,10.7793818,-84.38109273,official_emis,exact,unknown
CRI_001117,1504,CRI,SAN ANDRES,,1,,public,Costa Rica,Provincia Alajuela,San Carlos,Monterrey,rural,11,rural,10.56457698,-84.57115916,official_emis,exact,unknown
CRI_001118,1505,CRI,MARIA INMACULADA,,1,,public,Costa Rica,Provincia Alajuela,San Carlos,Quesada,urban,23,urban,10.322917072882122,-84.42183025567704,admin_centroid,approximate,unknown
CRI_001119,1506,CRI,SAN JOSE,,1,,public,Costa Rica,Provincia Alajuela,Los Chiles,El Amparo,rural,12,rural,10.85041957,-84.66866732,official_emis,exact,unknown
CRI_001120,1507,CRI,CUESTILLAS,,1,,public,Costa Rica,Provincia Alajuela,San Carlos,Florencia,urban,12,rural,10.36913963,-84.50605412,official_emis,exact,unknown
CRI_001121,1508,CRI,PUERTO NUEVO,,1,,public,Costa Rica,Provincia Alajuela,Guatuso,San Rafael,rural,11,rural,10.69713943,-84.72125306,official_emis,exact,unknown
CRI_001122,1509,CRI,EL EDEN,,1,,public,Costa Rica,Provincia Alajuela,Guatuso,San Rafael,rural,12,rural,10.65361243,-84.7791678,official_emis,exact,unknown
CRI_001123,1510,CRI,PITALITO SUR,,1,,public,Costa Rica,Provincia Alajuela,San Carlos,Aguas Zarcas,rural,12,rural,10.40059707,-84.30779071,official_emis,exact,unknown
CRI_001124,1511,CRI,LA ORQUIDEA,,1,,public,Costa Rica,Provincia Alajuela,San Carlos,Monterrey,rural,12,rural,10.62047231,-84.61909805,official_emis,exact,unknown
CRI_001125,1512,CRI,DULCE NOMBRE,,1,,public,Costa Rica,Provincia Alajuela,San Carlos,Florencia,urban,12,rural,10.38524096,-84.4353534,official_emis,exact,unknown
CRI_001126,1513,CRI,CEDRAL,,1,,public,Costa Rica,Provincia Alajuela,San Carlos,Quesada,urban,21,peri_urban,10.36694733,-84.43697944,official_emis,exact,unknown
CRI_001127,1514,CRI,EL COMBATE,,1,,public,Costa Rica,Provincia Alajuela,Los Chiles,Los Chiles,rural,12,rural,11.00016239,-84.60158109,official_emis,exact,unknown
CRI_001128,1515,CRI,SAN JOSE DE LA MONTAÑA,,1,,public,Costa Rica,Provincia Alajuela,San Carlos,Quesada,urban,11,rural,10.26466793,-84.38288746,official_emis,exact,unknown
CRI_001129,1516,CRI,LA VICTORIA,,1,,public,Costa Rica,Provincia Alajuela,Rio Cuarto,Río Cuarto,rural,12,rural,10.43100596,-84.23329383,official_emis,exact,unknown
CRI_001130,1517,CRI,ESTERITO,,1,,public,Costa Rica,Provincia Alajuela,San Carlos,Pocosol,rural,12,rural,10.54164,-84.50546909,official_emis,exact,unknown
CRI_001131,1518,CRI,EL CARMEN,,1,,public,Costa Rica,Provincia Alajuela,Rio Cuarto,Río Cuarto,rural,12,rural,10.33018085,-84.20914599,official_emis,exact,unknown
CRI_001132,1519,CRI,EL JOBO,,1,,public,Costa Rica,Provincia Alajuela,Los Chiles,Los Chiles,rural,12,rural,10.97959947,-84.67718539,official_emis,exact,unknown
CRI_001133,1520,CRI,EL MOLINO,,1,,public,Costa Rica,Provincia Alajuela,San Carlos,Florencia,urban,12,rural,10.40568168,-84.52671542,official_emis,exact,unknown
CRI_001134,1521,CRI,EL PALMAR,,1,,public,Costa Rica,Provincia Alajuela,San Carlos,Pital,rural,12,rural,10.54132441,-84.26707937,official_emis,exact,unknown
CRI_001135,1522,CRI,EL PEJE,,1,,public,Costa Rica,Provincia Alajuela,San Carlos,Florencia,urban,12,rural,10.39404936,-84.49679274,official_emis,exact,unknown
CRI_001136,1523,CRI,CARMEN LIDIA CASTRO RODRIGUEZ,,1,,public,Costa Rica,Provincia Alajuela,San Ramon,Peñas Blancas,rural,22,urban,10.37384473,-84.57921482,official_emis,exact,unknown
CRI_001137,1524,CRI,LOS ALPES,,1,,public,Costa Rica,Provincia Alajuela,San Carlos,Venecia,rural,12,rural,10.35451815,-84.29261227,official_emis,exact,unknown
CRI_001138,1525,CRI,EL SILENCIO,,1,,public,Costa Rica,Provincia Alajuela,Guatuso,San Rafael,rural,12,rural,10.63904582,-84.8057226,official_emis,exact,unknown
CRI_001139,1526,CRI,EL TANQUE,,1,,public,Costa Rica,Provincia Alajuela,San Carlos,La Fortuna,urban,13,rural,10.47774941,-84.58132746,official_emis,exact,unknown
CRI_001140,1527,CRI,EL SAINO,,1,,public,Costa Rica,Provincia Alajuela,San Carlos,Pital,rural,13,rural,10.58011484,-84.28060393,official_emis,exact,unknown
CRI_001141,1528,CRI,ELIAS UMAÑA,,1,,public,Costa Rica,Provincia Alajuela,San Carlos,Pital,rural,21,peri_urban,10.47024993,-84.2770008,official_emis,exact,unknown
CRI_001142,1529,CRI,ENTRE RIOS,,1,,public,Costa Rica,Provincia Alajuela,San Carlos,Venado,rural,12,rural,10.55730734,-84.74922755,official_emis,exact,unknown
CRI_001143,1530,CRI,ERMIDA BLANCO GONZALEZ,,1,,public,Costa Rica,Provincia Alajuela,San Carlos,Florencia,urban,12,rural,10.33013351,-84.48802594,official_emis,exact,unknown
CRI_001144,1531,CRI,JUANILAMA,,1,,public,Costa Rica,Provincia Alajuela,San Carlos,Pocosol,rural,12,rural,10.66069486,-84.56536394,official_emis,exact,unknown
CRI_001145,1532,CRI,ARISTIDES ROMAIN,,1,,public,Costa Rica,Provincia Alajuela,San Carlos,Aguas Zarcas,rural,12,rural,10.3827112,-84.31858565,official_emis,exact,unknown
CRI_001146,1533,CRI,ANTONIO JOSE DE SUCRE,,1,,public,Costa Rica,Provincia Alajuela,San Carlos,Quesada,urban,13,rural,10.27799276,-84.42734979,official_emis,exact,unknown
CRI_001147,1534,CRI,LAS MARIAS,,1,,public,Costa Rica,Provincia Alajuela,Los Chiles,Caño Negro,rural,11,rural,10.88073661,-84.87884462,official_emis,exact,unknown
CRI_001148,1535,CRI,LAS NUBES,,1,,public,Costa Rica,Provincia Alajuela,Los Chiles,Los Chiles,rural,12,rural,10.90826222,-84.55376817,official_emis,exact,unknown
CRI_001149,1536,CRI,SAN ISIDRO ZAPATÓN,,1,,public,Costa Rica,Provincia Alajuela,San Carlos,La Fortuna,rural,12,rural,10.46998193527209,-84.54619762060943,admin_centroid,approximate,unknown
CRI_001150,1537,CRI,ULIMA,,1,,public,Costa Rica,Provincia Alajuela,San Carlos,Florencia,urban,12,rural,10.45678395,-84.50430202,official_emis,exact,unknown
CRI_001151,1538,CRI,ISLA CHICA,,1,,public,Costa Rica,Provincia Alajuela,Los Chiles,Los Chiles,rural,12,rural,11.02881826,-84.5803637,official_emis,exact,unknown
CRI_001152,1539,CRI,JUAN BAUTISTA SOLIS RODRIGUEZ,,1,,public,Costa Rica,Provincia Alajuela,San Carlos,Quesada,urban,23,urban,10.33805805,-84.43176375,official_emis,exact,unknown
CRI_001153,1540,CRI,JUAN CHAVES ROJAS,,1,,public,Costa Rica,Provincia Alajuela,San Carlos,Quesada,urban,23,urban,10.32658345,-84.4321236,official_emis,exact,unknown
CRI_001154,1541,CRI,JUAN MANSO ESTEVEZ,,1,,public,Costa Rica,Provincia Alajuela,San Carlos,Florencia,urban,13,rural,10.47471052,-84.46394464,official_emis,exact,unknown
CRI_001155,1542,CRI,JUAN SANTAMARIA,,1,,public,Costa Rica,Provincia Alajuela,San Carlos,Florencia,urban,12,rural,10.39829809,-84.47397659,official_emis,exact,unknown
CRI_001156,1543,CRI,LA CABANGA,,1,,public,Costa Rica,Provincia Alajuela,Guatuso,Cote,rural,12,rural,10.60905569,-84.84783375,official_emis,exact,unknown
CRI_001157,1544,CRI,LA CEIBA,,1,,public,Costa Rica,Provincia Alajuela,San Carlos,Florencia,urban,12,rural,10.41687714,-84.44298244,official_emis,exact,unknown
CRI_001158,1545,CRI,PROCOPIO GAMBOA VILLALOBOS,,1,,public,Costa Rica,Provincia Alajuela,San Ramon,Peñas Blancas,rural,13,rural,10.40724894,-84.59656094,official_emis,exact,unknown
CRI_001159,1546,CRI,LA FLOR,,1,,public,Costa Rica,Provincia Alajuela,Rio Cuarto,Río Cuarto,rural,12,rural,10.40108396,-84.24272241,official_emis,exact,unknown
CRI_001160,1547,CRI,CRUCITAS,,1,,public,Costa Rica,Provincia Alajuela,San Carlos,Cutris,rural,11,rural,10.88721413,-84.3336016,official_emis,exact,unknown
CRI_001161,1548,CRI,LA FORTUNA,,1,,public,Costa Rica,Provincia Alajuela,San Carlos,La Fortuna,urban,22,urban,10.47217962,-84.64245608,official_emis,exact,unknown
CRI_001162,1549,CRI,LA GUARIA,,1,,public,Costa Rica,Provincia Alajuela,San Carlos,La Fortuna,urban,12,rural,10.49644917,-84.65999968,official_emis,exact,unknown
CRI_001163,1550,CRI,SAN ANTONIO,,1,,public,Costa Rica,Provincia Alajuela,Los Chiles,El Amparo,rural,12,rural,10.79144205,-84.59416162,official_emis,exact,unknown
CRI_001164,1551,CRI,LA LEGUA,,1,,public,Costa Rica,Provincia Alajuela,San Carlos,Pital,rural,12,rural,10.53140598,-84.2889032,official_emis,exact,unknown
CRI_001165,1552,CRI,LA PALMERA,,1,,public,Costa Rica,Provincia Alajuela,San Carlos,La Palmera,rural,13,rural,10.41992617,-84.38307903,official_emis,exact,unknown
CRI_001166,1553,CRI,LA NUEVA LUCHA,,1,,public,Costa Rica,Provincia Alajuela,Los Chiles,El Amparo,rural,11,rural,10.79896727,-84.67674092,official_emis,exact,unknown
CRI_001167,1554,CRI,LA TABLA,,1,,public,Costa Rica,Provincia Alajuela,Rio Cuarto,Río Cuarto,rural,12,rural,10.41425481,-84.24036731,official_emis,exact,unknown
CRI_001168,1555,CRI,LA TIGRA,,1,,public,Costa Rica,Provincia Alajuela,San Carlos,La Tigra,rural,22,urban,10.3399568,-84.58062022,official_emis,exact,unknown
CRI_001169,1556,CRI,LA TIGRA,,1,,public,Costa Rica,Provincia Alajuela,San Carlos,Venado,rural,12,rural,10.55079985,-84.77723947,official_emis,exact,unknown
CRI_001170,1557,CRI,BETANIA,,1,,public,Costa Rica,Provincia Alajuela,San Carlos,Cutris,rural,11,rural,10.65311797,-84.37575111,official_emis,exact,unknown
CRI_001171,1558,CRI,BOCA TAPADA,,1,,public,Costa Rica,Provincia Alajuela,San Carlos,Pital,rural,12,rural,10.67670464,-84.23057444,official_emis,exact,unknown
CRI_001172,1559,CRI,EL PAVON,,1,,public,Costa Rica,Provincia Alajuela,Los Chiles,El Amparo,rural,12,rural,10.83864817,-84.61798664,official_emis,exact,unknown
CRI_001173,1560,CRI,LAS BANDERAS,,1,,public,Costa Rica,Provincia Alajuela,San Carlos,Pocosol,rural,12,rural,10.8440349,-84.46809843,official_emis,exact,unknown
CRI_001174,1561,CRI,COQUITAL,,1,,public,Costa Rica,Provincia Alajuela,Los Chiles,Los Chiles,rural,12,rural,10.94443359,-84.57028745,official_emis,exact,unknown
CRI_001175,1562,CRI,RIO TICO,,1,,public,Costa Rica,Provincia Alajuela,San Carlos,Cutris,rural,11,rural,10.76019559,-84.34779243,official_emis,exact,unknown
CRI_001176,1563,CRI,LA UNION,,1,,public,Costa Rica,Provincia Alajuela,San Carlos,Venecia,rural,12,rural,10.36660349,-84.30321354,official_emis,exact,unknown
CRI_001177,1564,CRI,LA UNION,,1,,public,Costa Rica,Provincia Alajuela,San Carlos,La Palmera,rural,12,rural,10.45255195,-84.4232784,official_emis,exact,unknown
CRI_001178,1565,CRI,LA VEGA,,1,,public,Costa Rica,Provincia Alajuela,San Carlos,Florencia,urban,12,rural,10.42152049,-84.52400938,official_emis,exact,unknown
CRI_001179,1566,CRI,JOSE RODRIGUEZ MARTINEZ,,1,,public,Costa Rica,Provincia Alajuela,San Carlos,Aguas Zarcas,rural,13,rural,10.42477417,-84.31971626,official_emis,exact,unknown
CRI_001180,1567,CRI,LAS DELICIAS VENADO,,1,,public,Costa Rica,Provincia Alajuela,San Carlos,Venado,rural,12,rural,10.59220083,-84.7077068,official_emis,exact,unknown
CRI_001181,1568,CRI,LAS MERCEDES,,1,,public,Costa Rica,Provincia Alajuela,San Carlos,Quesada,urban,23,urban,10.31052998,-84.42673942,official_emis,exact,unknown
CRI_001182,1570,CRI,LINDA VISTA,,1,,public,Costa Rica,Provincia Alajuela,San Carlos,Venado,rural,11,rural,10.56634277,-84.72404331,official_emis,exact,unknown
CRI_001183,1571,CRI,LA GUARIA,,1,,public,Costa Rica,Provincia Alajuela,San Carlos,Pocosol,rural,11,rural,10.92325117,-84.43142077,official_emis,exact,unknown
CRI_001184,1572,CRI,LA TIRICIA,,1,,public,Costa Rica,Provincia Alajuela,San Carlos,Pocosol,rural,12,rural,10.92457512,-84.37420301,official_emis,exact,unknown
CRI_001185,1573,CRI,SAN ISIDRO,,1,,public,Costa Rica,Provincia Alajuela,San Carlos,Pocosol,rural,11,rural,10.94529825,-84.40580915,official_emis,exact,unknown
CRI_001186,1574,CRI,RIO CELESTE,,1,,public,Costa Rica,Provincia Alajuela,Guatuso,Katira,rural,12,rural,10.70875504,-84.94525138,official_emis,exact,unknown
CRI_001187,1575,CRI,ANGELES DE LA COLONIA SUR,,1,,public,Costa Rica,Provincia Alajuela,Rio Cuarto,Río Cuarto,rural,11,rural,10.28660699,-84.20380327,official_emis,exact,unknown
CRI_001188,1576,CRI,JOSE SANCHEZ CHAVARRIA,,1,,public,Costa Rica,Provincia Alajuela,Rio Cuarto,Río Cuarto,rural,12,rural,10.38359021,-84.18477367,official_emis,exact,unknown
CRI_001189,1577,CRI,CHIMURRIA,,1,,public,Costa Rica,Provincia Alajuela,Los Chiles,San Jorge,rural,12,rural,10.73099926,-84.56058755,official_emis,exact,unknown
CRI_001190,1578,CRI,RICARDO VARGAS MURILLO,,1,,public,Costa Rica,Provincia Alajuela,Los Chiles,Los Chiles,rural,22,urban,11.03461268,-84.71770822,official_emis,exact,unknown
CRI_001191,1579,CRI,LOS CHILES,,1,,public,Costa Rica,Provincia Alajuela,San Carlos,Aguas Zarcas,rural,21,peri_urban,10.39994412,-84.3374088,official_emis,exact,unknown
CRI_001192,1580,CRI,LOS CORRALES,,1,,public,Costa Rica,Provincia Alajuela,Los Chiles,El Amparo,rural,12,rural,10.82493596,-84.64453914,official_emis,exact,unknown
CRI_001193,1581,CRI,LOS LLANOS,,1,,public,Costa Rica,Provincia Alajuela,San Carlos,Aguas Zarcas,rural,13,rural,10.46185559,-84.34464779,official_emis,exact,unknown
CRI_001194,1582,CRI,JUAN FELIX ESTRADA,,1,,public,Costa Rica,Provincia Alajuela,San Carlos,Venecia,rural,22,urban,10.33898532,-84.25293954,official_emis,exact,unknown
CRI_001195,1583,CRI,MEDIO QUESO,,1,,public,Costa Rica,Provincia Alajuela,Los Chiles,Los Chiles,rural,12,rural,10.96543739,-84.62151819,official_emis,exact,unknown
CRI_001196,1585,CRI,MIRADOR,,1,,public,Costa Rica,Provincia Alajuela,San Carlos,Monterrey,rural,12,rural,10.52179261,-84.60031633,official_emis,exact,unknown
CRI_001197,1586,CRI,MONTERREY,,1,,public,Costa Rica,Provincia Alajuela,San Carlos,Monterrey,rural,11,rural,10.53762475,-84.65830929,official_emis,exact,unknown
CRI_001198,1587,CRI,SAN CRISTOBAL,,1,,public,Costa Rica,Provincia Alajuela,San Carlos,Pocosol,rural,12,rural,10.81951923,-84.52315866,official_emis,exact,unknown
CRI_001199,1588,CRI,EL BOTIJO,,1,,public,Costa Rica,Provincia Alajuela,Los Chiles,San Jorge,rural,11,rural,10.72697752,-84.60764338,official_emis,exact,unknown
CRI_001200,1589,CRI,MONTEALEGRE,,1,,public,Costa Rica,Provincia Alajuela,Los Chiles,El Amparo,rural,12,rural,10.84812399,-84.59027744,official_emis,exact,unknown
CRI_001201,1590,CRI,EL CRUCE,,1,,public,Costa Rica,Provincia Alajuela,Los Chiles,Los Chiles,rural,12,rural,10.98906303,-84.54422546,official_emis,exact,unknown
CRI_001202,1591,CRI,PALENQUE MARGARITA,,1,,public,Costa Rica,Provincia Alajuela,Guatuso,San Rafael,rural,12,rural,10.64823722,-84.79052607,official_emis,exact,unknown
CRI_001203,1592,CRI,LAUREL GALAN,,1,,public,Costa Rica,Provincia Alajuela,San Carlos,Pocosol,rural,11,rural,10.64879972,-84.43068562,official_emis,exact,unknown
CRI_001204,1593,CRI,FINCA ZETA TRECE,,1,,public,Costa Rica,Provincia Alajuela,San Carlos,La Fortuna,urban,22,urban,10.46679703,-84.66170032,official_emis,exact,unknown
CRI_001205,1594,CRI,LLANO VERDE,,1,,public,Costa Rica,Provincia Alajuela,San Carlos,Pocosol,rural,12,rural,10.89013645,-84.38291573,official_emis,exact,unknown
CRI_001206,1595,CRI,PALMITAL,,1,,public,Costa Rica,Provincia Alajuela,Guatuso,San Rafael,rural,12,rural,10.68918357,-84.91315837,official_emis,exact,unknown
CRI_001207,1596,CRI,PATASTE,,1,,public,Costa Rica,Provincia Alajuela,San Carlos,Monterrey,rural,11,rural,10.55696171,-84.68169654,official_emis,exact,unknown
CRI_001208,1597,CRI,PATASTILLO,,1,,public,Costa Rica,Provincia Alajuela,Guatuso,San Rafael,rural,11,rural,10.71284704,-84.77956752,official_emis,exact,unknown
CRI_001209,1598,CRI,PEJIBAYE,,1,,public,Costa Rica,Provincia Alajuela,Guatuso,Cote,rural,12,rural,10.62297587,-84.86266065,official_emis,exact,unknown
CRI_001210,1599,CRI,CERRO BLANCO,,1,,public,Costa Rica,Provincia Alajuela,San Carlos,Pital,rural,12,rural,10.54652107,-84.23197283,official_emis,exact,unknown
CRI_001211,1600,CRI,GONZALO MONGE BERMUDEZ,,1,,public,Costa Rica,Provincia Alajuela,San Carlos,Pital,rural,23,urban,10.45039351,-84.27203128,official_emis,exact,unknown
CRI_001212,1601,CRI,PLATANAR,,1,,public,Costa Rica,Provincia Alajuela,San Carlos,Florencia,urban,13,rural,10.42018558,-84.47005689,official_emis,exact,unknown
CRI_001213,1602,CRI,CONCEPCION,,1,,public,Costa Rica,Provincia Alajuela,Los Chiles,El Amparo,rural,12,rural,10.85855446,-84.62821474,official_emis,exact,unknown
CRI_001214,1603,CRI,LOS ANGELES,,1,,public,Costa Rica,Provincia Alajuela,Los Chiles,Los Chiles,rural,12,rural,10.92992132,-84.65927565,official_emis,exact,unknown
CRI_001215,1604,CRI,LA GLORIA,,1,,public,Costa Rica,Provincia Alajuela,San Carlos,Aguas Zarcas,rural,12,rural,10.53508989,-84.33340477,official_emis,exact,unknown
CRI_001216,1605,CRI,SAN RAFAEL,,1,,public,Costa Rica,Provincia Alajuela,San Carlos,Quesada,urban,12,rural,10.3618693,-84.39102526,official_emis,exact,unknown
CRI_001217,1606,CRI,PORVENIR,,1,,public,Costa Rica,Provincia Alajuela,San Carlos,Quesada,urban,13,rural,10.2908326,-84.42831174,official_emis,exact,unknown
CRI_001218,1607,CRI,ESQUIPULAS,,1,,public,Costa Rica,Provincia Alajuela,San Carlos,Aguas Zarcas,rural,12,rural,10.40692449,-84.312581,official_emis,exact,unknown
CRI_001219,1608,CRI,PUENTE CASA,,1,,public,Costa Rica,Provincia Alajuela,San Carlos,Florencia,urban,12,rural,10.36327705,-84.45018155,official_emis,exact,unknown
CRI_001220,1609,CRI,PUERTO SECO,,1,,public,Costa Rica,Provincia Alajuela,San Carlos,Venado,rural,11,rural,10.61728558,-84.7091657,official_emis,exact,unknown
CRI_001221,1610,CRI,PUNTA CORTES,,1,,public,Costa Rica,Provincia Alajuela,Los Chiles,Los Chiles,rural,12,rural,11.04875849,-84.67702823,official_emis,exact,unknown
CRI_001222,1611,CRI,QUEBRADON,,1,,public,Costa Rica,Provincia Alajuela,Guatuso,Cote,rural,11,rural,10.62544444,-84.89253018,official_emis,exact,unknown
CRI_001223,1612,CRI,SAN MIGUEL,,1,,public,Costa Rica,Provincia Alajuela,San Carlos,Pocosol,rural,12,rural,10.55468052,-84.49801656,official_emis,exact,unknown
CRI_001224,1613,CRI,RIO CUARTO,,1,,public,Costa Rica,Provincia Alajuela,Rio Cuarto,Río Cuarto,rural,13,rural,10.34346716,-84.21565823,official_emis,exact,unknown
CRI_001225,1614,CRI,PATASTILLO,,1,,public,Costa Rica,Provincia Alajuela,San Carlos,Cutris,rural,11,rural,10.71400334,-84.33031933,official_emis,exact,unknown
CRI_001226,1615,CRI,PUEBLO VIEJO,,1,,public,Costa Rica,Provincia Alajuela,San Carlos,Venecia,rural,22,urban,10.35179405,-84.28100398,official_emis,exact,unknown
CRI_001227,1616,CRI,EL BOSQUE,,1,,public,Costa Rica,Provincia Alajuela,San Ramon,Peñas Blancas,rural,12,rural,10.44225737,-84.61172015,official_emis,exact,unknown
CRI_001228,1617,CRI,LUIS DEMETRIO TINOCO,,1,,public,Costa Rica,Provincia Alajuela,Alajuela,Sarapiquí,rural,12,rural,10.31491542,-84.18221277,official_emis,exact,unknown
CRI_001229,1618,CRI,SAN PEDRO,,1,,public,Costa Rica,Provincia Alajuela,San Carlos,La Tigra,rural,22,urban,10.37369919,-84.56402931,official_emis,exact,unknown
CRI_001230,1619,CRI,SABALITO,,1,,public,Costa Rica,Provincia Alajuela,San Carlos,Monterrey,rural,11,rural,10.6025019,-84.66126384,official_emis,exact,unknown
CRI_001231,1620,CRI,SABOGAL,,1,,public,Costa Rica,Provincia Alajuela,Los Chiles,El Amparo,rural,11,rural,10.85302093,-84.6974691,official_emis,exact,unknown
CRI_001232,1621,CRI,LINDA VISTA,,1,,public,Costa Rica,Provincia Alajuela,San Ramon,Peñas Blancas,rural,12,rural,10.40992142,-84.61258017,official_emis,exact,unknown
CRI_001233,1622,CRI,MORAVIA VERDE,,1,,public,Costa Rica,Provincia Alajuela,Guatuso,San Rafael,rural,12,rural,10.68498384,-84.84430791,official_emis,exact,unknown
CRI_001234,1623,CRI,SAN ANTONIO,,1,,public,Costa Rica,Provincia Alajuela,San Carlos,Monterrey,rural,12,rural,10.55939347,-84.66174359,official_emis,exact,unknown
CRI_001235,1624,CRI,SAN BOSCO,,1,,public,Costa Rica,Provincia Alajuela,San Carlos,Pocosol,rural,11,rural,10.63301921,-84.57611911,official_emis,exact,unknown
CRI_001236,1625,CRI,SAN CRISTOBAL,,1,,public,Costa Rica,Provincia Alajuela,San Carlos,La Fortuna,urban,12,rural,10.49151523,-84.54617054,official_emis,exact,unknown
CRI_001237,1626,CRI,SAN FRANCISCO,,1,,public,Costa Rica,Provincia Alajuela,San Ramon,Peñas Blancas,rural,12,rural,10.42658474,-84.61082219,official_emis,exact,unknown
CRI_001238,1627,CRI,SAN FRANCISCO,,1,,public,Costa Rica,Provincia Alajuela,San Carlos,Florencia,urban,12,rural,10.37513154,-84.4843856,official_emis,exact,unknown
CRI_001239,1628,CRI,SAN FRANCISCO,,1,,public,Costa Rica,Provincia Alajuela,San Carlos,La Palmera,rural,12,rural,10.44836366,-84.40345687,official_emis,exact,unknown
CRI_001240,1629,CRI,SAN GERARDO,,1,,public,Costa Rica,Provincia Alajuela,San Carlos,Pocosol,rural,12,rural,10.58990135,-84.4880819,official_emis,exact,unknown
CRI_001241,1630,CRI,SAN GERARDO,,1,,public,Costa Rica,Provincia Alajuela,San Carlos,Quesada,urban,21,peri_urban,10.31578729,-84.41541088,official_emis,exact,unknown
CRI_001242,1631,CRI,HERNAN KOSCHNY CASCANTE,,1,,public,Costa Rica,Provincia Alajuela,San Carlos,La Fortuna,urban,12,rural,10.47080618,-84.54706526,official_emis,exact,unknown
CRI_001243,1632,CRI,SAN ISIDRO,,1,,public,Costa Rica,Provincia Alajuela,San Carlos,La Tigra,rural,12,rural,10.36361615,-84.58761413,official_emis,exact,unknown
CRI_001244,1633,CRI,SAN JORGE,,1,,public,Costa Rica,Provincia Alajuela,Los Chiles,San Jorge,rural,11,rural,10.7219548,-84.65044311,official_emis,exact,unknown
CRI_001245,1634,CRI,SAN JOSE,,1,,public,Costa Rica,Provincia Alajuela,San Carlos,Cutris,rural,12,rural,10.49766771,-84.52479821,official_emis,exact,unknown
CRI_001246,1635,CRI,SAN JOSE,,1,,public,Costa Rica,Provincia Alajuela,San Carlos,La Tigra,rural,12,rural,10.35737669,-84.59836645,official_emis,exact,unknown
CRI_001247,1636,CRI,SAN JUAN,,1,,public,Costa Rica,Provincia Alajuela,San Carlos,Quesada,urban,21,peri_urban,10.34347932,-84.4046155,official_emis,exact,unknown
CRI_001248,1637,CRI,SAN JUAN,,1,,public,Costa Rica,Provincia Alajuela,San Carlos,Monterrey,rural,11,rural,10.57873463,-84.68117868,official_emis,exact,unknown
CRI_001249,1638,CRI,SAN LUIS,,1,,public,Costa Rica,Provincia Alajuela,San Carlos,Pocosol,rural,12,rural,10.61433388,-84.44748266,official_emis,exact,unknown
CRI_001250,1639,CRI,SAN MARTIN,,1,,public,Costa Rica,Provincia Alajuela,San Carlos,Quesada,urban,23,urban,10.31961126,-84.4240491,official_emis,exact,unknown
CRI_001251,1640,CRI,LAS CUACAS,,1,,public,Costa Rica,Provincia Alajuela,Los Chiles,Los Chiles,rural,12,rural,11.03171225,-84.62281344,official_emis,exact,unknown
CRI_001252,1641,CRI,SAN MIGUEL,,1,,public,Costa Rica,Provincia Alajuela,San Carlos,Monterrey,rural,11,rural,10.61644412,-84.68660727,official_emis,exact,unknown
CRI_001253,1642,CRI,SAN MIGUEL,,1,,public,Costa Rica,Provincia Alajuela,San Carlos,La Tigra,rural,12,rural,10.358293,-84.6309886,official_emis,exact,unknown
CRI_001254,1643,CRI,EMILIO CASTRO GÓMEZ,,1,,public,Costa Rica,Provincia Alajuela,San Ramon,Peñas Blancas,rural,12,rural,10.38259364,-84.61075352,official_emis,exact,unknown
CRI_001255,1644,CRI,SAN PEDRO DE CUTRIS,,1,,public,Costa Rica,Provincia Alajuela,San Carlos,Cutris,rural,12,rural,10.58766472,-84.41329877,official_emis,exact,unknown
CRI_001256,1645,CRI,SAN RAFAEL,,1,,public,Costa Rica,Provincia Alajuela,San Carlos,Florencia,urban,12,rural,10.42686661,-84.42527497,official_emis,exact,unknown
CRI_001257,1647,CRI,SAN RAMON,,1,,public,Costa Rica,Provincia Alajuela,San Carlos,Quesada,rural,12,rural,10.41270577,-84.41083349,official_emis,exact,unknown
CRI_001258,1648,CRI,SAN VICENTE,,1,,public,Costa Rica,Provincia Alajuela,San Carlos,Quesada,urban,12,rural,10.280105,-84.39604833,official_emis,exact,unknown
CRI_001259,1649,CRI,SANTA CECILIA,,1,,public,Costa Rica,Provincia Alajuela,San Carlos,Pocosol,rural,11,rural,10.58511669,-84.45726442,official_emis,exact,unknown
CRI_001260,1650,CRI,REPUBLICA DE ITALIA,,1,,public,Costa Rica,Provincia Alajuela,San Carlos,Florencia,urban,13,rural,10.35805058,-84.51504479,official_emis,exact,unknown
CRI_001261,1651,CRI,SANTA EULALIA,,1,,public,Costa Rica,Provincia Alajuela,San Carlos,Monterrey,rural,11,rural,10.54157289,-84.71659973,official_emis,exact,unknown
CRI_001262,1652,CRI,SANTA FE,,1,,public,Costa Rica,Provincia Alajuela,San Carlos,Aguas Zarcas,rural,12,rural,10.47157519,-84.33189063,official_emis,exact,unknown
CRI_001263,1653,CRI,SANTA LUCIA,,1,,public,Costa Rica,Provincia Alajuela,San Carlos,Venado,rural,11,rural,10.55904746,-84.81341792,official_emis,exact,unknown
CRI_001264,1654,CRI,SANTA RITA,,1,,public,Costa Rica,Provincia Alajuela,San Carlos,Florencia,urban,12,rural,10.32268056,-84.51392628,official_emis,exact,unknown
CRI_001265,1655,CRI,SANTA TERESA NORTE,,1,,public,Costa Rica,Provincia Alajuela,San Carlos,Cutris,rural,11,rural,10.55735987,-84.45825178,official_emis,exact,unknown
CRI_001266,1656,CRI,SAN GERARDO,,1,,public,Costa Rica,Provincia Heredia,Rio Cuarto,La Virgen,rural,12,rural,10.41661463,-84.16151518,official_emis,exact,unknown
CRI_001267,1657,CRI,SAN LUIS,,1,,public,Costa Rica,Provincia Alajuela,San Carlos,Florencia,urban,12,rural,10.37099068,-84.46511082,official_emis,exact,unknown
CRI_001268,1658,CRI,SAN RAFAEL ABAJO,,1,,public,Costa Rica,Provincia Heredia,Sarapiqui,La Virgen,rural,12,rural,10.57141096,-84.14236609,official_emis,exact,unknown
CRI_001269,1659,CRI,SAN RAFAEL,,1,,public,Costa Rica,Provincia Alajuela,Guatuso,San Rafael,rural,13,rural,10.67231017,-84.82069701,official_emis,exact,unknown
CRI_001270,1660,CRI,SAN RAFAEL ARRIBA,,1,,public,Costa Rica,Provincia Alajuela,Rio Cuarto,Río Cuarto,rural,12,rural,10.51600529,-84.18440818,official_emis,exact,unknown
CRI_001271,1661,CRI,SAN JORGE,,1,,public,Costa Rica,Provincia Alajuela,San Carlos,La Fortuna,urban,13,rural,10.48615559,-84.56974268,official_emis,exact,unknown
CRI_001272,1662,CRI,SANTA ISABEL,,1,,public,Costa Rica,Provincia Alajuela,Rio Cuarto,Río Cuarto,rural,12,rural,10.45534079,-84.20104421,official_emis,exact,unknown
CRI_001273,1663,CRI,SANTA RITA,,1,,public,Costa Rica,Provincia Alajuela,Rio Cuarto,Río Cuarto,rural,13,rural,10.40573943,-84.22101904,official_emis,exact,unknown
CRI_001274,1664,CRI,SANTA ROSA,,1,,public,Costa Rica,Provincia Alajuela,San Carlos,Pocosol,rural,22,urban,10.62408259,-84.52819423,official_emis,exact,unknown
CRI_001275,1665,CRI,SANTA ROSA,,1,,public,Costa Rica,Provincia Alajuela,San Carlos,La Palmera,rural,12,rural,10.40350554,-84.38467683,official_emis,exact,unknown
CRI_001276,1666,CRI,SANTA TERESA SUR,,1,,public,Costa Rica,Provincia Alajuela,San Carlos,Cutris,rural,12,rural,10.53982412,-84.43195195,official_emis,exact,unknown
CRI_001277,1667,CRI,DOMINGO VARGAS AGUILAR,,1,,public,Costa Rica,Provincia Alajuela,San Carlos,Monterrey,rural,12,rural,10.55484451,-84.64867407,official_emis,exact,unknown
CRI_001278,1668,CRI,PALENQUE TONJIBE,,1,,public,Costa Rica,Provincia Alajuela,Guatuso,San Rafael,rural,12,rural,10.63111486,-84.7862526,official_emis,exact,unknown
CRI_001279,1669,CRI,UJARRAS,,1,,public,Costa Rica,Provincia Alajuela,Alajuela,Sarapiquí,rural,12,rural,10.278445,-84.184005,official_emis,exact,unknown
CRI_001280,1670,CRI,VASCONIA,,1,,public,Costa Rica,Provincia Alajuela,San Carlos,Aguas Zarcas,rural,11,rural,10.55620946,-84.36579761,official_emis,exact,unknown
CRI_001281,1671,CRI,JOSE MARIA VARGAS ARIAS,,1,,public,Costa Rica,Provincia Alajuela,San Carlos,Venecia,rural,22,urban,10.35381679,-84.27282758,official_emis,exact,unknown
CRI_001282,1672,CRI,OSCAR RULAMAN SALAS,,1,,public,Costa Rica,Provincia Alajuela,San Carlos,Pital,rural,13,rural,10.51418127,-84.2466119,official_emis,exact,unknown
CRI_001283,1673,CRI,VERACRUZ,,1,,public,Costa Rica,Provincia Alajuela,Los Chiles,Caño Negro,rural,12,rural,10.85520353,-84.86536108,official_emis,exact,unknown
CRI_001284,1674,CRI,RANCHO QUEMADO,,1,,public,Costa Rica,Provincia Alajuela,San Carlos,Pocosol,rural,11,rural,10.68985859,-84.4874577,official_emis,exact,unknown
CRI_001285,1675,CRI,TRES ESQUINAS,,1,,public,Costa Rica,Provincia Alajuela,San Carlos,La Fortuna,urban,13,rural,10.44492382,-84.57438637,official_emis,exact,unknown
CRI_001286,1676,CRI,LA ALTURA,,1,,public,Costa Rica,Provincia Alajuela,San Ramon,Peñas Blancas,rural,12,rural,10.36888355,-84.59766575,official_emis,exact,unknown
CRI_001287,1677,CRI,EL CACHITO,,1,,public,Costa Rica,Provincia Alajuela,Los Chiles,Los Chiles,rural,12,rural,11.03172233,-84.64326876,official_emis,exact,unknown
CRI_001288,1678,CRI,SANTIAGO,,1,,public,Costa Rica,Provincia Alajuela,Los Chiles,San Jorge,rural,12,rural,10.75914,-84.58113777,official_emis,exact,unknown
CRI_001289,1679,CRI,PUEBLO NUEVO,,1,,public,Costa Rica,Provincia Alajuela,Los Chiles,Los Chiles,rural,11,rural,10.9765514,-84.53704623,official_emis,exact,unknown
CRI_001290,1681,CRI,SAN RAFAEL,,1,,public,Costa Rica,Provincia Alajuela,Los Chiles,San Jorge,rural,11,rural,10.74418423,-84.56995796,official_emis,exact,unknown
CRI_001291,1682,CRI,SAN CAYETANO,,1,,public,Costa Rica,Provincia Alajuela,San Carlos,Venecia,rural,12,rural,10.37494577,-84.28154664,official_emis,exact,unknown
CRI_001292,1683,CRI,CRISTO REY,,1,,public,Costa Rica,Provincia Alajuela,Los Chiles,Los Chiles,rural,12,rural,10.86853159,-84.5581823,official_emis,exact,unknown
CRI_001293,1684,CRI,COLONIA GUANACASTE,,1,,public,Costa Rica,Provincia Alajuela,Los Chiles,San Jorge,rural,11,rural,10.71596156,-84.67786677,official_emis,exact,unknown
CRI_001294,1685,CRI,GALLO PINTO,,1,,public,Costa Rica,Provincia Alajuela,Los Chiles,San Jorge,rural,11,rural,10.76219262,-84.70352299,official_emis,exact,unknown
CRI_001295,1686,CRI,SAN ANTONIO,,1,,public,Costa Rica,Provincia Alajuela,Los Chiles,Caño Negro,rural,12,rural,10.90422662,-84.78009554,official_emis,exact,unknown
CRI_001296,1687,CRI,LAS DELICIAS,,1,,public,Costa Rica,Provincia Alajuela,Los Chiles,Los Chiles,rural,11,rural,10.96533945,-84.49996183,official_emis,exact,unknown
CRI_001297,1688,CRI,PUERTO ESCONDIDO,,1,,public,Costa Rica,Provincia Alajuela,San Carlos,Pital,rural,21,peri_urban,10.46112855,-84.28609854,official_emis,exact,unknown
CRI_001298,1689,CRI,LA CRUZ,,1,,public,Costa Rica,Provincia Alajuela,San Ramon,Peñas Blancas,rural,12,rural,10.41794929,-84.57035013,official_emis,exact,unknown
CRI_001299,1692,CRI,I.D.A. LAS PARCELAS (CARMEN),,1,,public,Costa Rica,Provincia Alajuela,San Carlos,Pital,rural,12,rural,10.49794236,-84.31333454,official_emis,exact,unknown
CRI_001300,1693,CRI,EL PARQUE,,1,,public,Costa Rica,Provincia Alajuela,Los Chiles,Los Chiles,rural,13,rural,10.95134972,-84.66603154,official_emis,exact,unknown
CRI_001301,1694,CRI,SAN MARCOS,,1,,public,Costa Rica,Provincia Alajuela,San Carlos,Cutris,rural,12,rural,10.60825016,-84.38917157,official_emis,exact,unknown
CRI_001302,1695,CRI,LA LUCHA,,1,,public,Costa Rica,Provincia Alajuela,San Carlos,La Tigra,rural,22,urban,10.3532701,-84.56972228,official_emis,exact,unknown
CRI_001303,1696,CRI,EL JARDIN,,1,,public,Costa Rica,Provincia Alajuela,San Carlos,Cutris,rural,11,rural,10.75347316,-84.28015664,official_emis,exact,unknown
CRI_001304,1697,CRI,LA ALDEA,,1,,public,Costa Rica,Provincia Alajuela,San Carlos,Pocosol,rural,12,rural,10.77672934,-84.51280127,official_emis,exact,unknown
CRI_001305,1698,CRI,SAN RAFAEL,,1,,public,Costa Rica,Provincia Alajuela,San Ramon,Peñas Blancas,rural,12,rural,10.39494177,-84.58688431,official_emis,exact,unknown
CRI_001306,1699,CRI,QUEBRADA GRANDE,,1,,public,Costa Rica,Provincia Alajuela,San Carlos,Pital,rural,12,rural,10.56341938,-84.30802607,official_emis,exact,unknown
CRI_001307,1700,CRI,SAN JOAQUIN,,1,,public,Costa Rica,Provincia Alajuela,San Carlos,Cutris,rural,12,rural,10.67782424,-84.44706832,official_emis,exact,unknown
CRI_001308,1701,CRI,EL COYOL,,1,,public,Costa Rica,Provincia Alajuela,Los Chiles,El Amparo,rural,11,rural,10.81053966,-84.71207359,official_emis,exact,unknown
CRI_001309,1702,CRI,LOS ANGELES,,1,,public,Costa Rica,Provincia Alajuela,Guatuso,San Rafael,rural,12,rural,10.60700759,-84.78769451,official_emis,exact,unknown
CRI_001310,1703,CRI,TIMACAR,,1,,public,Costa Rica,Provincia Alajuela,Guatuso,San Rafael,rural,12,rural,10.65789905,-84.7378016,official_emis,exact,unknown
CRI_001311,1704,CRI,SAN DIEGO,,1,,public,Costa Rica,Provincia Alajuela,San Carlos,Pocosol,rural,12,rural,10.58486309,-84.54320498,official_emis,exact,unknown
CRI_001312,1705,CRI,SAN FERNANDO,,1,,public,Costa Rica,Provincia Alajuela,San Carlos,Cutris,rural,11,rural,10.65438969,-84.33827155,official_emis,exact,unknown
CRI_001313,1706,CRI,MONTELIMAR,,1,,public,Costa Rica,Provincia Alajuela,San Carlos,Monterrey,rural,11,rural,10.54170131,-84.57370675,official_emis,exact,unknown
CRI_001314,1707,CRI,PASO REAL,,1,,public,Costa Rica,Provincia Alajuela,San Carlos,Pocosol,rural,12,rural,10.75423914,-84.45390243,official_emis,exact,unknown
CRI_001315,1708,CRI,BELLA VISTA,,1,,public,Costa Rica,Provincia Alajuela,San Carlos,Cutris,rural,12,rural,10.56163666,-84.4234425,official_emis,exact,unknown
CRI_001316,1709,CRI,SAN JOSE,,1,,public,Costa Rica,Provincia Alajuela,San Carlos,Aguas Zarcas,rural,13,rural,10.43563994,-84.34065335,official_emis,exact,unknown
CRI_001317,1710,CRI,AGUAS NEGRAS,,1,,public,Costa Rica,Provincia Alajuela,Los Chiles,Caño Negro,rural,11,rural,10.87554412,-84.83800308,official_emis,exact,unknown
CRI_001318,1711,CRI,LAS NIEVES,,1,,public,Costa Rica,Provincia Alajuela,San Carlos,Pocosol,rural,12,rural,10.60251126,-84.51339787,official_emis,exact,unknown
CRI_001319,1712,CRI,LA TESALIA,,1,,public,Costa Rica,Provincia Alajuela,San Carlos,Quesada,urban,12,rural,10.378243,-84.4028173,official_emis,exact,unknown
CRI_001320,1713,CRI,SAN GABRIEL,,1,,public,Costa Rica,Provincia Alajuela,Guatuso,San Rafael,rural,11,rural,10.67051874,-84.67733977,official_emis,exact,unknown
CRI_001321,1714,CRI,KOPPER MUELLE,,1,,public,Costa Rica,Provincia Alajuela,San Carlos,Cutris,rural,12,rural,10.48628887,-84.44123821,official_emis,exact,unknown
CRI_001322,1715,CRI,LINDA VISTA,,1,,public,Costa Rica,Provincia Alajuela,San Carlos,Quesada,urban,12,rural,10.37123341,-84.41375252,official_emis,exact,unknown
CRI_001323,1716,CRI,EL CARMEN,,1,,public,Costa Rica,Provincia Alajuela,Guatuso,San Rafael,rural,12,rural,10.69441065,-84.8102755,official_emis,exact,unknown
CRI_001324,1717,CRI,EL PORVENIR,,1,,public,Costa Rica,Provincia Alajuela,Los Chiles,San Jorge,rural,12,rural,10.68537166,-84.63869036,official_emis,exact,unknown
CRI_001325,1718,CRI,TERRON COLORADO,,1,,public,Costa Rica,Provincia Alajuela,San Carlos,Cutris,rural,12,rural,10.55416527,-84.48970272,official_emis,exact,unknown
CRI_001326,1719,CRI,LAS BRISAS,,1,,public,Costa Rica,Provincia Alajuela,San Carlos,Pocosol,rural,11,rural,10.67090096,-84.52078151,official_emis,exact,unknown
CRI_001327,1720,CRI,SAN HUMBERTO,,1,,public,Costa Rica,Provincia Alajuela,Los Chiles,San Jorge,rural,12,rural,10.69249706,-84.54946351,official_emis,exact,unknown
CRI_001328,1721,CRI,RON RON ABAJO,,1,,public,Costa Rica,Provincia Alajuela,San Carlos,Quesada,urban,11,rural,10.30208229,-84.45921144,official_emis,exact,unknown
CRI_001329,1722,CRI,LA LUISA,,1,,public,Costa Rica,Provincia Alajuela,San Carlos,Pocosol,rural,12,rural,10.62049371,-84.48668221,official_emis,exact,unknown
CRI_001330,1723,CRI,SANTA MARIA,,1,,public,Costa Rica,Provincia Alajuela,San Carlos,Pocosol,rural,12,rural,10.6388886,-84.51980013,official_emis,exact,unknown
CRI_001331,1724,CRI,WINSTON CHURCHILL SPENCER,,1,,public,Costa Rica,Provincia Cartago,Cartago,Oriental,urban,30,urban,9.86256738,-83.91400669,official_emis,exact,unknown
CRI_001332,1725,CRI,NUESTRA SEÑORA DE FATIMA,,1,,public,Costa Rica,Provincia Cartago,Cartago,Occidental,urban,30,urban,9.87045652,-83.92866255,official_emis,exact,unknown
CRI_001333,1726,CRI,CALLE MESEN,,1,,public,Costa Rica,Provincia Cartago,La Union,San Diego,urban,30,urban,9.89240876,-84.01048917,official_emis,exact,unknown
CRI_001334,1727,CRI,PIEDRA AZUL,,1,,public,Costa Rica,Provincia Cartago,Paraiso,Santiago,rural,22,urban,9.85661063,-83.80940988,official_emis,exact,unknown
CRI_001335,1728,CRI,VILLAS DE AYARCO,,1,,public,Costa Rica,Provincia Cartago,La Union,San Juan,urban,30,urban,9.90159313,-84.01353197,official_emis,exact,unknown
CRI_001336,1729,CRI,AJENJAL,,1,,public,Costa Rica,Provincia Cartago,Paraiso,Santiago,rural,12,rural,9.8369992,-83.81445772,official_emis,exact,unknown
CRI_001337,1730,CRI,ALTO DE ARAYA,,1,,public,Costa Rica,Provincia Cartago,Paraiso,Orosi,urban,22,urban,9.80184397,-83.84305498,official_emis,exact,unknown
CRI_001338,1731,CRI,GUABATA,,1,,public,Costa Rica,Provincia Cartago,Paraiso,Orosi,urban,12,rural,9.79356061,-83.82324158,official_emis,exact,unknown
CRI_001339,1732,CRI,SAN JOSE OBRERO,,1,,public,Costa Rica,Provincia Cartago,Oreamuno,Cipreses,urban,21,peri_urban,9.88958319,-83.85402701,official_emis,exact,unknown
CRI_001340,1733,CRI,LA SABANA,,1,,public,Costa Rica,Provincia San José,Tarrazu,San Marcos,urban,22,urban,9.6502954,-84.02799353,official_emis,exact,unknown
CRI_001341,1734,CRI,JABONCILLO,,1,,public,Costa Rica,Provincia San José,Dota,Copey,rural,11,rural,9.60359383,-83.7909023,official_emis,exact,unknown
CRI_001342,1735,CRI,LOS ANGELES,,1,,public,Costa Rica,Provincia San José,Tarrazu,San Lorenzo,rural,12,rural,9.65028808,-84.0634693,official_emis,exact,unknown
CRI_001343,1736,CRI,SAN BERNARDO,,1,,public,Costa Rica,Provincia San José,Tarrazu,San Lorenzo,rural,11,rural,9.60837776,-84.03663597,official_emis,exact,unknown
CRI_001344,1737,CRI,SAN JOAQUIN,,1,,public,Costa Rica,Provincia Cartago,Cartago,Corralillo,rural,12,rural,9.78818912,-84.04193579,official_emis,exact,unknown
CRI_001345,1738,CRI,SAN FRANCISCO,,1,,public,Costa Rica,Provincia Cartago,La Union,Concepción,urban,30,urban,9.92660369,-83.99077279,official_emis,exact,unknown
CRI_001346,1739,CRI,RIO REGADO,,1,,public,Costa Rica,Provincia Cartago,Paraiso,Santiago,rural,22,urban,9.84839761,-83.82326563,official_emis,exact,unknown
CRI_001347,1740,CRI,CALLE NARANJO,,1,,public,Costa Rica,Provincia Cartago,La Union,Concepción,urban,30,urban,9.93143308,-83.99532195,official_emis,exact,unknown
CRI_001348,1741,CRI,ALTO DE SAN JUAN,,1,,public,Costa Rica,Provincia San José,Tarrazu,San Carlos,rural,12,rural,9.62079039,-84.11773795,official_emis,exact,unknown
CRI_001349,1742,CRI,SAN MARTIN DE SAN CARLOS,,1,,public,Costa Rica,Provincia San José,Tarrazu,San Carlos,rural,12,rural,9.63534671,-84.08077519,official_emis,exact,unknown
CRI_001350,1743,CRI,PASTOR BARQUERO OBANDO,,1,,public,Costa Rica,Provincia Cartago,Cartago,Llano Grande,rural,21,peri_urban,9.92688845,-83.91512086,official_emis,exact,unknown
CRI_001351,1744,CRI,SANTA ROSA ARRIBA,,1,,public,Costa Rica,Provincia San José,Leon Cortes Castro,San Isidro,rural,12,rural,9.6899448,-84.09949396,official_emis,exact,unknown
CRI_001352,1745,CRI,BAJO LOS ANGELES,,1,,public,Costa Rica,Provincia San José,Leon Cortes Castro,San Antonio,rural,11,rural,9.74002788,-84.06571406,official_emis,exact,unknown
CRI_001353,1746,CRI,SAN GABRIEL,,1,,public,Costa Rica,Provincia San José,Tarrazu,San Lorenzo,rural,12,rural,9.65093006,-84.05555818,official_emis,exact,unknown
CRI_001354,1747,CRI,BAJO LA TRINIDAD,,1,,public,Costa Rica,Provincia San José,Leon Cortes Castro,San Isidro,rural,12,rural,9.65789702,-84.08420735,official_emis,exact,unknown
CRI_001355,1748,CRI,LA GUARIA,,1,,public,Costa Rica,Provincia San José,Desamparados,San Cristóbal,rural,12,rural,9.71797689,-83.95033489,official_emis,exact,unknown
CRI_001356,1749,CRI,LA LUCHA,,1,,public,Costa Rica,Provincia Cartago,El Guarco,San Isidro,urban,12,rural,9.74297282,-83.94417113,official_emis,exact,unknown
CRI_001357,1750,CRI,CASAMATA,,1,,public,Costa Rica,Provincia San José,Desamparados,San Cristóbal,urban,12,rural,9.77768183,-83.99033636,official_emis,exact,unknown
CRI_001358,1751,CRI,SIXTO CORDERO MARTINEZ,,1,,public,Costa Rica,Provincia Cartago,Cartago,Quebradilla,urban,21,peri_urban,9.86039556,-83.99360119,official_emis,exact,unknown
CRI_001359,1752,CRI,RESCATE DE UJARRAS,,1,,public,Costa Rica,Provincia Cartago,Paraiso,Llanos de Santa Lucía,urban,23,urban,9.83938344,-83.87727988,official_emis,exact,unknown
CRI_001360,1753,CRI,LA CIMA,,1,,public,Costa Rica,Provincia Cartago,La Union,Concepción,urban,30,urban,9.93230638,-83.97816752,official_emis,exact,unknown
CRI_001361,1754,CRI,SANTA LUCIA,,1,,public,Costa Rica,Provincia Cartago,Paraiso,Llanos de Santa Lucía,urban,23,urban,9.84174778,-83.88299593,official_emis,exact,unknown
CRI_001362,1755,CRI,VICENTE LACHNER SANDOVAL,,1,,public,Costa Rica,Provincia Cartago,Paraiso,Paraíso,urban,21,peri_urban,9.84910541,-83.84581615,official_emis,exact,unknown
CRI_001363,1756,CRI,LA PASTORA,,1,,public,Costa Rica,Provincia Cartago,Alvarado,Pacayas,urban,11,rural,9.9612171,-83.83592031,official_emis,exact,unknown
CRI_001364,1757,CRI,QUEBRADA SECA,,1,,public,Costa Rica,Provincia San José,Tarrazu,San Carlos,rural,12,rural,9.63568878,-84.10384184,official_emis,exact,unknown
CRI_001365,1758,CRI,PROCESO SOLANO RAMIREZ,,1,,public,Costa Rica,Provincia Cartago,Cartago,Dulce Nombre,urban,30,urban,9.85089571,-83.90064025,official_emis,exact,unknown
CRI_001366,1759,CRI,FLORENCIO DEL CASTILLO,,1,,public,Costa Rica,Provincia Cartago,Paraiso,Cachí,urban,13,rural,9.82455397,-83.80190094,official_emis,exact,unknown
CRI_001367,1760,CRI,CACIQUE GUARCO,,1,,public,Costa Rica,Provincia Cartago,Cartago,El Tejar,urban,30,urban,9.85105573,-83.94466991,official_emis,exact,unknown
CRI_001368,1761,CRI,LA PASTORA,,1,,public,Costa Rica,Provincia San José,Tarrazu,San Marcos,urban,11,rural,9.6411981,-83.9972122,official_emis,exact,unknown
CRI_001369,1762,CRI,ARGENTINA GONGORA DE ROBERT,,1,,public,Costa Rica,Provincia Cartago,Oreamuno,Santa Rosa,urban,11,rural,10.01156838,-83.83494128,official_emis,exact,unknown
CRI_001370,1763,CRI,LA ASUNCION,,1,,public,Costa Rica,Provincia Cartago,El Guarco,El Tejar,urban,30,urban,9.84408993,-83.92988703,official_emis,exact,unknown
CRI_001371,1764,CRI,ENCARNACION GAMBOA PIEDRA,,1,,public,Costa Rica,Provincia Cartago,Alvarado,Capellades,urban,13,rural,9.92274549,-83.78670963,official_emis,exact,unknown
CRI_001372,1765,CRI,CARAGRAL,,1,,public,Costa Rica,Provincia Cartago,El Guarco,Patio de Agua,rural,12,rural,9.78085092,-84.02358214,official_emis,exact,unknown
CRI_001373,1766,CRI,CARRIZAL,,1,,public,Costa Rica,Provincia San José,Leon Cortes Castro,San Pablo,urban,22,urban,9.67615184,-84.05686641,official_emis,exact,unknown
CRI_001374,1767,CRI,SAN VICENTE,,1,,public,Costa Rica,Provincia Cartago,La Union,San Rafael,urban,30,urban,9.90028452,-83.97733734,official_emis,exact,unknown
CRI_001375,1768,CRI,GUAYABAL,,1,,public,Costa Rica,Provincia Cartago,El Guarco,Aguacaliente,urban,30,urban,9.83733144,-83.93852238,official_emis,exact,unknown
CRI_001376,1769,CRI,VIRGEN DE SANTA JUANA,,1,,public,Costa Rica,Provincia Puntarenas,Quepos,Naranjito,rural,11,rural,9.53357774,-84.08291144,official_emis,exact,unknown
CRI_001377,1770,CRI,LUIS CRUZ MEZA,,1,,public,Costa Rica,Provincia Cartago,Alvarado,Cervantes,urban,22,urban,9.88767381,-83.80891817,official_emis,exact,unknown
CRI_001378,1771,CRI,LA GUARIA,,1,,public,Costa Rica,Provincia Cartago,Cartago,Corralillo,rural,21,peri_urban,9.77657837,-84.05631927,official_emis,exact,unknown
CRI_001379,1772,CRI,SANTA JUANA,,1,,public,Costa Rica,Provincia San José,Leon Cortes Castro,Llano Bonito,rural,12,rural,9.6459499,-84.12204661,official_emis,exact,unknown
CRI_001380,1773,CRI,CIPRESES,,1,,public,Costa Rica,Provincia Cartago,Oreamuno,Cipreses,urban,21,peri_urban,9.88994632,-83.84338711,official_emis,exact,unknown
CRI_001381,1774,CRI,ORATORIO,,1,,public,Costa Rica,Provincia Cartago,Alvarado,Cipreses,urban,12,rural,9.89852439,-83.83261786,official_emis,exact,unknown
CRI_001382,1776,CRI,FERNANDO TERAN VALLS,,1,,public,Costa Rica,Provincia Cartago,La Union,Concepción,urban,30,urban,9.92557403,-84.00065345,official_emis,exact,unknown
CRI_001383,1777,CRI,COPALCHI,,1,,public,Costa Rica,Provincia Cartago,Cartago,Quebradilla,urban,12,rural,9.81978732,-84.03373777,official_emis,exact,unknown
CRI_001384,1778,CRI,CORIS,,1,,public,Costa Rica,Provincia Cartago,Cartago,Quebradilla,urban,21,peri_urban,9.86657108,-83.99030847,official_emis,exact,unknown
CRI_001385,1779,CRI,CORRALILLO,,1,,public,Costa Rica,Provincia Cartago,Cartago,Corralillo,rural,21,peri_urban,9.79381507,-84.03605204,official_emis,exact,unknown
CRI_001386,1780,CRI,LEON CORTES CASTRO,,1,,public,Costa Rica,Provincia Cartago,Oreamuno,Cot,urban,23,urban,9.89476117,-83.87405577,official_emis,exact,unknown
CRI_001387,1781,CRI,SAN CRISTOBAL NORTE,,1,,public,Costa Rica,Provincia San José,Desamparados,San Cristóbal,rural,12,rural,9.76952462,-84.00753071,official_emis,exact,unknown
CRI_001388,1782,CRI,CORAZON DE JESUS,,1,,public,Costa Rica,Provincia Cartago,Oreamuno,San Rafael,urban,21,peri_urban,9.86847294,-83.89144181,official_emis,exact,unknown
CRI_001389,1783,CRI,YERBABUENA,,1,,public,Costa Rica,Provincia Cartago,La Union,Dulce Nombre,urban,30,urban,9.91535209,-83.978001,official_emis,exact,unknown
CRI_001390,1784,CRI,JOSE JOAQUIN PERALTA ESQUIVEL,,1,,public,Costa Rica,Provincia Cartago,El Guarco,El Tejar,urban,30,urban,9.84665726,-83.95781002,official_emis,exact,unknown
CRI_001391,1785,CRI,OJO DE AGUA,,1,,public,Costa Rica,Provincia San José,Leon Cortes Castro,Monterrey,rural,12,rural,9.72878468,-84.09316447,official_emis,exact,unknown
CRI_001392,1786,CRI,ESCUELA DOMINGO FAUSTINO SARMIENTO,,1,,public,Costa Rica,Provincia Cartago,Cartago,Dulce Nombre,urban,30,urban,9.84547966,-83.90863972,official_emis,exact,unknown
CRI_001393,1787,CRI,MOISES COTO FERNANDEZ,,1,,public,Costa Rica,Provincia Cartago,La Union,Dulce Nombre,urban,30,urban,9.91991308,-83.98089625,official_emis,exact,unknown
CRI_001394,1788,CRI,EL BOSQUE,,1,,public,Costa Rica,Provincia Cartago,Oreamuno,San Rafael,urban,30,urban,9.86300533,-83.90177166,official_emis,exact,unknown
CRI_001395,1789,CRI,MANUEL ORTUÑO BOUTIN,,1,,public,Costa Rica,Provincia Cartago,Dota,San Isidro,urban,12,rural,9.68318721,-83.91935955,official_emis,exact,unknown
CRI_001396,1790,CRI,JULIAN VOLIO LLORENTE,,1,,public,Costa Rica,Provincia Cartago,Cartago,Carmen,urban,30,urban,9.8724409,-83.92060839,official_emis,exact,unknown
CRI_001397,1791,CRI,EL CEDRAL,,1,,public,Costa Rica,Provincia San José,Leon Cortes Castro,Santa Cruz,rural,12,rural,9.71812393,-83.9880073,official_emis,exact,unknown
CRI_001398,1792,CRI,PEDRO PEREZ ZELEDON,,1,,public,Costa Rica,Provincia San José,Dota,Copey,rural,12,rural,9.6455251,-83.916987,official_emis,exact,unknown
CRI_001399,1793,CRI,EL EMPALME,,1,,public,Costa Rica,Provincia San José,Desamparados,San Cristóbal,rural,12,rural,9.73285638,-83.95067392,official_emis,exact,unknown
CRI_001400,1794,CRI,SAN LUIS,,1,,public,Costa Rica,Provincia San José,Leon Cortes Castro,Llano Bonito,rural,12,rural,9.65061246,-84.09101506,official_emis,exact,unknown
CRI_001401,1795,CRI,EL JARDIN,,1,,public,Costa Rica,Provincia San José,Dota,Jardín,rural,11,rural,9.71271553,-83.96890158,official_emis,exact,unknown
CRI_001402,1796,CRI,HECTOR MONESTEL SOLANO,,1,,public,Costa Rica,Provincia Cartago,Cartago,Aguacaliente,urban,12,rural,9.79079192,-83.90928073,official_emis,exact,unknown
CRI_001403,1797,CRI,ALVARO ESQUIVEL BONILLA,,1,,public,Costa Rica,Provincia Cartago,Paraiso,Orosi,urban,22,urban,9.77730651,-83.84207148,official_emis,exact,unknown
CRI_001404,1798,CRI,EL RODEO,,1,,public,Costa Rica,Provincia San José,Tarrazu,San Marcos,urban,22,urban,9.67254203,-84.01645982,official_emis,exact,unknown
CRI_001405,1799,CRI,VICTOR CAMPOS VALVERDE,,1,,public,Costa Rica,Provincia San José,Tarrazu,San Lorenzo,rural,12,rural,9.65502058,-84.04169659,official_emis,exact,unknown
CRI_001406,1800,CRI,OTTO MORA PEREZ,,1,,public,Costa Rica,Provincia Cartago,Paraiso,Santiago,rural,22,urban,9.85765849,-83.81759168,official_emis,exact,unknown
CRI_001407,1801,CRI,ASCENSION ESQUIVEL IBARRA,,1,,public,Costa Rica,Provincia Cartago,Cartago,Oriental,urban,30,urban,9.86238908,-83.92025873,official_emis,exact,unknown
CRI_001408,1802,CRI,GUADALUPE,,1,,public,Costa Rica,Provincia San José,Tarrazu,San Marcos,urban,22,urban,9.65403163,-84.00407238,official_emis,exact,unknown
CRI_001409,1803,CRI,CARLOS JOAQUIN PERALTA ECHEVERRIA,,1,,public,Costa Rica,Provincia Cartago,Cartago,Guadalupe,urban,30,urban,9.8609913,-83.93483595,official_emis,exact,unknown
CRI_001410,1806,CRI,JOSE MARIA LORIA VEGA,,1,,public,Costa Rica,Provincia Cartago,Paraiso,Cachí,urban,22,urban,9.85699098,-83.79435593,official_emis,exact,unknown
CRI_001411,1807,CRI,JUAN VAZQUEZ DE CORONADO,,1,,public,Costa Rica,Provincia Cartago,Cartago,Aguacaliente,urban,30,urban,9.84083879,-83.91600887,official_emis,exact,unknown
CRI_001412,1808,CRI,ALBERTO GONZALEZ SOTO,,1,,public,Costa Rica,Provincia Cartago,Alvarado,Pacayas,urban,12,rural,9.94587081,-83.81338793,official_emis,exact,unknown
CRI_001413,1809,CRI,JESUS JIMENEZ,,1,,public,Costa Rica,Provincia Cartago,Cartago,Oriental,urban,30,urban,9.86359963,-83.92160788,official_emis,exact,unknown
CRI_001414,1810,CRI,CUESTA DE MORAS,,1,,public,Costa Rica,Provincia San José,Tarrazu,San Carlos,rural,12,rural,9.64087882,-84.08190966,official_emis,exact,unknown
CRI_001415,1811,CRI,LA ANGOSTURA,,1,,public,Costa Rica,Provincia San José,Leon Cortes Castro,San Andrés,urban,12,rural,9.73096585,-84.06834676,official_emis,exact,unknown
CRI_001416,1812,CRI,ALEJANDRO AGUILAR MACHADO,,1,,public,Costa Rica,Provincia San José,Dota,Copey,rural,12,rural,9.67110358,-83.90485141,official_emis,exact,unknown
CRI_001417,1813,CRI,LA CUESTA,,1,,public,Costa Rica,Provincia San José,Leon Cortes Castro,San Antonio,urban,12,rural,9.73440561,-84.05153884,official_emis,exact,unknown
CRI_001418,1814,CRI,JUAN MANUEL MONGE CEDEÑO,,1,,public,Costa Rica,Provincia Cartago,El Guarco,San Isidro,urban,12,rural,9.79778254,-83.96290749,official_emis,exact,unknown
CRI_001419,1815,CRI,LA ESPERANZA,,1,,public,Costa Rica,Provincia San José,Tarrazu,San Lorenzo,rural,12,rural,9.63112034,-84.06472821,official_emis,exact,unknown
CRI_001420,1816,CRI,LA ESTRELLA,,1,,public,Costa Rica,Provincia Cartago,El Guarco,San Isidro,urban,12,rural,9.77662317,-83.95974694,official_emis,exact,unknown
CRI_001421,1818,CRI,JUAN EVANGELISTA SOJO CARTIN,,1,,public,Costa Rica,Provincia Cartago,Paraiso,Santiago,rural,22,urban,9.86895187,-83.81448275,official_emis,exact,unknown
CRI_001422,1819,CRI,LA PAZ,,1,,public,Costa Rica,Provincia Cartago,El Guarco,San Isidro,urban,12,rural,9.75463887,-83.97789676,official_emis,exact,unknown
CRI_001423,1820,CRI,PROVIDENCIA,,1,,public,Costa Rica,Provincia San José,Dota,Copey,rural,12,rural,9.55717733,-83.86066515,official_emis,exact,unknown
CRI_001424,1821,CRI,LA TRINIDAD,,1,,public,Costa Rica,Provincia San José,Dota,Copey,rural,12,rural,9.66967446,-83.88668399,official_emis,exact,unknown
CRI_001425,1822,CRI,MARIO PACHECO SAENZ,,1,,public,Costa Rica,Provincia Cartago,Paraiso,Santiago,rural,12,rural,9.88320788,-83.78272182,official_emis,exact,unknown
CRI_001426,1823,CRI,LLANO BONITO,,1,,public,Costa Rica,Provincia San José,Leon Cortes Castro,Llano Bonito,rural,13,rural,9.66210845,-84.10403053,official_emis,exact,unknown
CRI_001427,1824,CRI,LLANO GRANDE,,1,,public,Costa Rica,Provincia Cartago,Cartago,Llano Grande,rural,21,peri_urban,9.93725843,-83.90706482,official_emis,exact,unknown
CRI_001428,1825,CRI,LLANO GRANDE - PACAYAS,,1,,public,Costa Rica,Provincia Cartago,Alvarado,Pacayas,urban,12,rural,9.91528935,-83.82079367,official_emis,exact,unknown
CRI_001429,1826,CRI,LOAIZA,,1,,public,Costa Rica,Provincia Cartago,Paraiso,Cachí,urban,11,rural,9.81339567,-83.82402709,official_emis,exact,unknown
CRI_001430,1827,CRI,SAN IGNACIO DE LOYOLA,,1,,public,Costa Rica,Provincia Cartago,Cartago,San Nicolás,urban,30,urban,9.87998855,-83.92901266,official_emis,exact,unknown
CRI_001431,1828,CRI,LOS ANGELES,,1,,public,Costa Rica,Provincia Cartago,Cartago,Oriental,urban,30,urban,9.86304505,-83.91133771,official_emis,exact,unknown
CRI_001432,1829,CRI,FILADELFO SALAS CESPEDES,,1,,public,Costa Rica,Provincia Cartago,Cartago,Aguacaliente,urban,30,urban,9.82822407,-83.90967392,official_emis,exact,unknown
CRI_001433,1830,CRI,MACHO GAFF,,1,,public,Costa Rica,Provincia Cartago,Dota,San Isidro,urban,12,rural,9.68826691,-83.89951179,official_emis,exact,unknown
CRI_001434,1831,CRI,FELIX MATA VALLE,,1,,public,Costa Rica,Provincia Cartago,Cartago,Corralillo,rural,21,peri_urban,9.77199107,-84.03560477,official_emis,exact,unknown
CRI_001435,1832,CRI,NAPOLES,,1,,public,Costa Rica,Provincia San José,Tarrazu,San Lorenzo,rural,12,rural,9.60730312,-84.06614886,official_emis,exact,unknown
CRI_001436,1833,CRI,RUDECINDO VARGAS QUIROS,,1,,public,Costa Rica,Provincia Cartago,Cartago,Dulce Nombre,urban,12,rural,9.81161442,-83.8788107,official_emis,exact,unknown
CRI_001437,1834,CRI,BAJO CANET,,1,,public,Costa Rica,Provincia San José,Tarrazu,San Marcos,urban,12,rural,9.69583999,-83.99968637,official_emis,exact,unknown
CRI_001438,1835,CRI,CARLOS MONGE ALFARO,,1,,public,Costa Rica,Provincia Cartago,Cartago,San Nicolás,urban,30,urban,9.88743159,-83.9373987,official_emis,exact,unknown
CRI_001439,1836,CRI,OROSI,,1,,public,Costa Rica,Provincia Cartago,Paraiso,Orosi,urban,22,urban,9.79623838,-83.85443503,official_emis,exact,unknown
CRI_001440,1837,CRI,CALLE JUCO,,1,,public,Costa Rica,Provincia Cartago,Paraiso,Orosi,urban,22,urban,9.77956896,-83.84837139,official_emis,exact,unknown
CRI_001441,1838,CRI,PBRO. JUAN DE DIOS TREJOS,,1,,public,Costa Rica,Provincia Cartago,Alvarado,Pacayas,urban,13,rural,9.91626702,-83.81042951,official_emis,exact,unknown
CRI_001442,1839,CRI,ESCUELA DEL PADRE PERALTA,,1,,public,Costa Rica,Provincia Cartago,Cartago,Oriental,urban,30,urban,9.86413757,-83.91707923,official_emis,exact,unknown
CRI_001443,1840,CRI,JOSEFA CALDERON NARANJO,,1,,public,Costa Rica,Provincia Cartago,El Guarco,San Isidro,urban,12,rural,9.78209971,-83.97649161,official_emis,exact,unknown
CRI_001444,1841,CRI,PALMITAL SUR,,1,,public,Costa Rica,Provincia Cartago,El Guarco,San Isidro,urban,12,rural,9.7744819,-83.97689885,official_emis,exact,unknown
CRI_001445,1842,CRI,PALO VERDE,,1,,public,Costa Rica,Provincia Cartago,El Guarco,San Isidro,urban,12,rural,9.78530118,-83.94835628,official_emis,exact,unknown
CRI_001446,1843,CRI,PALOMO,,1,,public,Costa Rica,Provincia Cartago,Paraiso,Orosi,urban,22,urban,9.78592487,-83.83999075,official_emis,exact,unknown
CRI_001447,1844,CRI,LA ALEGRIA,,1,,public,Costa Rica,Provincia Cartago,Paraiso,Orosi,urban,22,urban,9.80084452,-83.85014732,official_emis,exact,unknown
CRI_001448,1845,CRI,JOSE LIENDO Y GOICOECHEA,,1,,public,Costa Rica,Provincia Cartago,Paraiso,Paraíso,urban,23,urban,9.83806143,-83.86598641,official_emis,exact,unknown
CRI_001449,1846,CRI,EUGENIO CORRALES BIANCHI,,1,,public,Costa Rica,Provincia Cartago,Paraiso,Paraíso,urban,23,urban,9.83663798,-83.86999747,official_emis,exact,unknown
CRI_001450,1847,CRI,LA LAGUNA,,1,,public,Costa Rica,Provincia Cartago,Paraiso,Paraíso,urban,23,urban,9.8313849,-83.87662154,official_emis,exact,unknown
CRI_001451,1848,CRI,RAMON AGUILAR FERNANDEZ,,1,,public,Costa Rica,Provincia Cartago,Oreamuno,Cot,urban,23,urban,9.88662739,-83.86725211,official_emis,exact,unknown
CRI_001452,1849,CRI,PATIO DE AGUA,,1,,public,Costa Rica,Provincia Cartago,El Guarco,Patio de Agua,rural,12,rural,9.80248299,-84.01037006,official_emis,exact,unknown
CRI_001453,1851,CRI,MANUEL AVILA CAMACHO,,1,,public,Costa Rica,Provincia Cartago,Oreamuno,Potrero Cerrado,urban,12,rural,9.91798382,-83.87993512,official_emis,exact,unknown
CRI_001454,1852,CRI,FELIPE ALVARADO ECHANDI,,1,,public,Costa Rica,Provincia Cartago,Paraiso,Orosi,urban,12,rural,9.8065686,-83.86798691,official_emis,exact,unknown
CRI_001455,1853,CRI,MARIANO GUARDIA CARAZO,,1,,public,Costa Rica,Provincia Cartago,El Guarco,Tobosi,urban,21,peri_urban,9.83883938,-83.96370934,official_emis,exact,unknown
CRI_001456,1854,CRI,PURISIL,,1,,public,Costa Rica,Provincia Cartago,Paraiso,Orosi,urban,12,rural,9.76026679,-83.82026104,official_emis,exact,unknown
CRI_001457,1855,CRI,QUEBRADILLA,,1,,public,Costa Rica,Provincia Cartago,Cartago,Quebradilla,urban,21,peri_urban,9.84361781,-83.98930884,official_emis,exact,unknown
CRI_001458,1856,CRI,EL ALTO DE QUEBRADILLA,,1,,public,Costa Rica,Provincia Cartago,Cartago,Quebradilla,urban,21,peri_urban,9.84806827,-83.99845723,official_emis,exact,unknown
CRI_001459,1858,CRI,QUIRCOT,,1,,public,Costa Rica,Provincia Cartago,Cartago,San Nicolás,urban,30,urban,9.88555629,-83.93297966,official_emis,exact,unknown
CRI_001460,1859,CRI,RAFAEL HERNANDEZ MADRIZ,,1,,public,Costa Rica,Provincia Cartago,Cartago,Occidental,urban,30,urban,9.86423803,-83.92800061,official_emis,exact,unknown
CRI_001461,1860,CRI,ESCUELA LA FUENTE,,1,,public,Costa Rica,Provincia Cartago,Paraiso,Santiago,rural,12,rural,9.87505011,-83.83437642,official_emis,exact,unknown
CRI_001462,1862,CRI,LA ESPERANZA,,1,,public,Costa Rica,Provincia Cartago,El Guarco,San Isidro,urban,12,rural,9.68307811,-83.88665153,official_emis,exact,unknown
CRI_001463,1863,CRI,LAS DAMITAS,,1,,public,Costa Rica,Provincia Cartago,El Guarco,San Isidro,urban,12,rural,9.695495,-83.91310355,official_emis,exact,unknown
CRI_001464,1864,CRI,BUENOS AIRES,,1,,public,Costa Rica,Provincia Cartago,Alvarado,Pacayas,urban,12,rural,9.92865824,-83.80852984,official_emis,exact,unknown
CRI_001465,1865,CRI,ANTONIO CAMACHO ORTEGA,,1,,public,Costa Rica,Provincia Cartago,Cartago,Corralillo,rural,21,peri_urban,9.78372352,-84.04716608,official_emis,exact,unknown
CRI_001466,1866,CRI,RICARDO ANDRE STRAUSS,,1,,public,Costa Rica,Provincia Cartago,La Union,Dulce Nombre,urban,30,urban,9.91900677,-83.990142,official_emis,exact,unknown
CRI_001467,1867,CRI,RIO BLANCO,,1,,public,Costa Rica,Provincia San José,Dota,Copey,rural,11,rural,9.64643879,-83.88936743,official_emis,exact,unknown
CRI_001468,1868,CRI,SAN ANDRES,,1,,public,Costa Rica,Provincia San José,Leon Cortes Castro,San Andrés,rural,12,rural,9.73850894,-84.08356818,official_emis,exact,unknown
CRI_001469,1869,CRI,SAN BLAS,,1,,public,Costa Rica,Provincia Cartago,Cartago,Carmen,urban,30,urban,9.87351887,-83.91158836,official_emis,exact,unknown
CRI_001470,1870,CRI,SAN CARLOS,,1,,public,Costa Rica,Provincia San José,Tarrazu,San Carlos,rural,12,rural,9.62919944,-84.09316036,official_emis,exact,unknown
CRI_001471,1871,CRI,SAN DIEGO,,1,,public,Costa Rica,Provincia Cartago,La Union,San Diego,urban,30,urban,9.90140857,-84.0009369,official_emis,exact,unknown
CRI_001472,1872,CRI,RAUL GRANADOS GONZALEZ,,1,,public,Costa Rica,Provincia Cartago,Paraiso,Cachí,urban,13,rural,9.81361012,-83.8083559,official_emis,exact,unknown
CRI_001473,1873,CRI,SAN GERARDO,,1,,public,Costa Rica,Provincia Cartago,Oreamuno,Santa Rosa,urban,13,rural,9.92604062,-83.8416599,official_emis,exact,unknown
CRI_001474,1874,CRI,SAN GUILLERMO,,1,,public,Costa Rica,Provincia San José,Tarrazu,San Marcos,urban,11,rural,9.63962204,-84.00550948,official_emis,exact,unknown
CRI_001475,1875,CRI,SAN ISIDRO,,1,,public,Costa Rica,Provincia San José,Leon Cortes Castro,San Isidro,rural,22,urban,9.67632275,-84.07344739,official_emis,exact,unknown
CRI_001476,1876,CRI,CARLOS LUIS VALVERDE VEGA,,1,,public,Costa Rica,Provincia Cartago,El Guarco,San Isidro,urban,30,urban,9.82900592,-83.95320791,official_emis,exact,unknown
CRI_001477,1877,CRI,SAN JERONIMO,,1,,public,Costa Rica,Provincia San José,Tarrazu,San Carlos,rural,12,rural,9.63075091,-84.11607224,official_emis,exact,unknown
CRI_001478,1878,CRI,SAN JOAQUIN,,1,,public,Costa Rica,Provincia San José,Tarrazu,San Lorenzo,rural,11,rural,9.57802426,-83.99814952,official_emis,exact,unknown
CRI_001479,1879,CRI,EMILIO ROBERT BROUCA,,1,,public,Costa Rica,Provincia Cartago,Oreamuno,Potrero Cerrado,urban,12,rural,9.94702912,-83.8629517,official_emis,exact,unknown
CRI_001480,1880,CRI,MARIA AMELIA MONTEALEGRE,,1,,public,Costa Rica,Provincia Cartago,La Union,San Juan,urban,30,urban,9.90860205,-84.00788176,official_emis,exact,unknown
CRI_001481,1881,CRI,SAN LORENZO,,1,,public,Costa Rica,Provincia San José,Tarrazu,San Lorenzo,rural,22,urban,9.6401445,-84.03051897,official_emis,exact,unknown
CRI_001482,1882,CRI,LEON CORTES CASTRO,,1,,public,Costa Rica,Provincia San José,Tarrazu,San Marcos,urban,22,urban,9.65957018,-84.02314978,official_emis,exact,unknown
CRI_001483,1883,CRI,SAN MARTIN,,1,,public,Costa Rica,Provincia San José,Leon Cortes Castro,Santa Cruz,rural,12,rural,9.72733759,-84.00214766,official_emis,exact,unknown
CRI_001484,1884,CRI,REPUBLICA FRANCESA,,1,,public,Costa Rica,Provincia Cartago,Cartago,San Nicolás,urban,30,urban,9.87923511,-83.93679507,official_emis,exact,unknown
CRI_001485,1885,CRI,MONSEÑOR SANABRIA MARTINEZ,,1,,public,Costa Rica,Provincia Cartago,Oreamuno,San Rafael,urban,30,urban,9.86919429,-83.90198977,official_emis,exact,unknown
CRI_001486,1886,CRI,SAN PABLO,,1,,public,Costa Rica,Provincia Cartago,Alvarado,Santa Rosa,urban,12,rural,9.93637924,-83.83507166,official_emis,exact,unknown
CRI_001487,1887,CRI,MANUEL CASTRO BLANCO,,1,,public,Costa Rica,Provincia San José,Leon Cortes Castro,San Pablo,urban,22,urban,9.68413002,-84.04139884,official_emis,exact,unknown
CRI_001488,1888,CRI,SAN PEDRO,,1,,public,Costa Rica,Provincia San José,Tarrazu,San Marcos,urban,12,rural,9.66920099,-83.99427448,official_emis,exact,unknown
CRI_001489,1889,CRI,SAN RAFAEL ABAJO,,1,,public,Costa Rica,Provincia San José,Leon Cortes Castro,Llano Bonito,rural,12,rural,9.65899494,-84.0993128,official_emis,exact,unknown
CRI_001490,1890,CRI,CAROLINA BELLELLI,,1,,public,Costa Rica,Provincia Cartago,La Union,San Rafael,urban,30,urban,9.9074849,-83.97414192,official_emis,exact,unknown
CRI_001491,1891,CRI,DOMINGO FAUSTINO SARMIENTO,,1,,public,Costa Rica,Provincia Cartago,La Union,San Ramón,urban,30,urban,9.94079473,-83.99433003,official_emis,exact,unknown
CRI_001492,1892,CRI,SAN RAMON,,1,,public,Costa Rica,Provincia San José,Tarrazu,San Lorenzo,rural,11,rural,9.56245543,-84.0385854,official_emis,exact,unknown
CRI_001493,1893,CRI,GUATUSO,,1,,public,Costa Rica,Provincia Cartago,El Guarco,San Isidro,urban,21,peri_urban,9.82051206,-83.9474391,official_emis,exact,unknown
CRI_001494,1894,CRI,BARRIO EL CARMEN,,1,,public,Costa Rica,Provincia Cartago,La Union,Dulce Nombre,urban,30,urban,9.92674184,-83.97386314,official_emis,exact,unknown
CRI_001495,1895,CRI,CAMILO GAMBOA VARGAS,,1,,public,Costa Rica,Provincia San José,Leon Cortes Castro,Santa Cruz,rural,12,rural,9.73228852,-84.02380479,official_emis,exact,unknown
CRI_001496,1896,CRI,JULIO SANCHO JIMENEZ,,1,,public,Costa Rica,Provincia Cartago,Oreamuno,Santa Rosa,urban,13,rural,9.91814504,-83.84044136,official_emis,exact,unknown
CRI_001497,1897,CRI,SANTA ROSA ABAJO,,1,,public,Costa Rica,Provincia San José,Leon Cortes Castro,San Isidro,rural,12,rural,9.67537097,-84.09893227,official_emis,exact,unknown
CRI_001498,1898,CRI,GUILLERMO RODRIGUEZ AGUILAR,,1,,public,Costa Rica,Provincia Cartago,Alvarado,Capellades,urban,12,rural,9.9302154,-83.77619225,official_emis,exact,unknown
CRI_001499,1899,CRI,MIGUEL PICADO BARQUERO,,1,,public,Costa Rica,Provincia Cartago,Paraiso,Santiago,rural,22,urban,9.86794198,-83.79791831,official_emis,exact,unknown
CRI_001500,1900,CRI,SANTIAGO DEL MONTE,,1,,public,Costa Rica,Provincia Cartago,La Union,San Diego,urban,21,peri_urban,9.89284397,-83.99606742,official_emis,exact,unknown
CRI_001501,1901,CRI,SAN MARTIN,,1,,public,Costa Rica,Provincia Cartago,Oreamuno,Santa Rosa,urban,13,rural,9.91067327,-83.83677042,official_emis,exact,unknown
CRI_001502,1902,CRI,SAN FRANCISCO,,1,,public,Costa Rica,Provincia San José,Leon Cortes Castro,Llano Bonito,rural,12,rural,9.69089948,-84.11454111,official_emis,exact,unknown
CRI_001503,1903,CRI,LA CONCEPCION,,1,,public,Costa Rica,Provincia San José,Leon Cortes Castro,Llano Bonito,rural,11,rural,9.68167596,-84.11445856,official_emis,exact,unknown
CRI_001504,1904,CRI,SAN MARTIN DE SAN LORENZO,,1,,public,Costa Rica,Provincia San José,Tarrazu,San Lorenzo,rural,12,rural,9.61393678,-84.0519128,official_emis,exact,unknown
CRI_001505,1905,CRI,MATA DE CAÑA,,1,,public,Costa Rica,Provincia San José,Tarrazu,San Lorenzo,rural,12,rural,9.62495514,-84.05238224,official_emis,exact,unknown
CRI_001506,1906,CRI,SAN RAFAEL DE IRAZU,,1,,public,Costa Rica,Provincia Cartago,Alvarado,Pacayas,urban,12,rural,9.95539505,-83.81561878,official_emis,exact,unknown
CRI_001507,1907,CRI,REPUBLICA DE BOLIVIA,,1,,public,Costa Rica,Provincia San José,Dota,Santa María,rural,13,rural,9.65180689,-83.96967319,official_emis,exact,unknown
CRI_001508,1908,CRI,REPUBLICA DE BRASIL,,1,,public,Costa Rica,Provincia Cartago,El Guarco,Tobosi,urban,12,rural,9.83007127,-84.00811946,official_emis,exact,unknown
CRI_001509,1909,CRI,RICARDO JIMENEZ OREAMUNO,,1,,public,Costa Rica,Provincia Cartago,El Guarco,El Tejar,urban,30,urban,9.84551987,-83.93812952,official_emis,exact,unknown
CRI_001510,1911,CRI,MANUEL DE JESUS JIMENEZ,,1,,public,Costa Rica,Provincia Cartago,Cartago,Tierra Blanca,urban,23,urban,9.91596914,-83.8943258,official_emis,exact,unknown
CRI_001511,1912,CRI,JUAN RAMIREZ RAMIREZ,,1,,public,Costa Rica,Provincia Cartago,El Guarco,Tobosi,urban,21,peri_urban,9.83830008,-83.98394974,official_emis,exact,unknown
CRI_001512,1913,CRI,CENTRAL DE TRES RIOS,,1,,public,Costa Rica,Provincia Cartago,La Union,Tres Ríos,urban,30,urban,9.90671226,-83.98491544,official_emis,exact,unknown
CRI_001513,1914,CRI,CLEMENTE AVENDAÑO SAENZ,,1,,public,Costa Rica,Provincia Cartago,Paraiso,Paraíso,urban,12,rural,9.82750595,-83.82699932,official_emis,exact,unknown
CRI_001514,1915,CRI,URASCA,,1,,public,Costa Rica,Provincia Cartago,Paraiso,Cachí,urban,12,rural,9.84255664,-83.79411845,official_emis,exact,unknown
CRI_001515,1916,CRI,VARA DEL ROBLE,,1,,public,Costa Rica,Provincia Cartago,El Guarco,San Isidro,urban,12,rural,9.74234054,-83.95928468,official_emis,exact,unknown
CRI_001516,1917,CRI,CALLE GIRALES,,1,,public,Costa Rica,Provincia Cartago,La Union,San Diego,urban,30,urban,9.89622373,-84.00220146,official_emis,exact,unknown
CRI_001517,1918,CRI,ZAPOTAL,,1,,public,Costa Rica,Provincia San José,Tarrazu,San Lorenzo,rural,11,rural,9.6447277,-84.07108219,official_emis,exact,unknown
CRI_001518,1921,CRI,QUEBRADA DEL FIERRO,,1,,public,Costa Rica,Provincia Cartago,La Union,San Rafael,urban,21,peri_urban,9.90708362,-83.96327177,official_emis,exact,unknown
CRI_001519,1922,CRI,LA LIDIA,,1,,public,Costa Rica,Provincia San José,Dota,Copey,rural,11,rural,9.55776009,-83.80393292,official_emis,exact,unknown
CRI_001520,1923,CRI,SAN ANTONIO,,1,,public,Costa Rica,Provincia San José,Leon Cortes Castro,San Antonio,urban,13,rural,9.7174644,-84.05990859,official_emis,exact,unknown
CRI_001521,1924,CRI,EL HIGUERON,,1,,public,Costa Rica,Provincia San José,Leon Cortes Castro,San Andrés,rural,11,rural,9.72132679,-84.0806179,official_emis,exact,unknown
CRI_001522,1925,CRI,BUENA VISTA,,1,,public,Costa Rica,Provincia Cartago,Alvarado,Pacayas,urban,12,rural,9.93037705,-83.79809748,official_emis,exact,unknown
CRI_001523,1926,CRI,BARRIO NUEVO,,1,,public,Costa Rica,Provincia Cartago,El Guarco,El Tejar,urban,30,urban,9.83960564,-83.95001262,official_emis,exact,unknown
CRI_001524,1927,CRI,SAN MARTIN,,1,,public,Costa Rica,Provincia Cartago,El Guarco,Patio de Agua,rural,12,rural,9.79726676,-84.02127505,official_emis,exact,unknown
CRI_001525,1929,CRI,LA PITAHAYA,,1,,public,Costa Rica,Provincia Cartago,Cartago,Aguacaliente,urban,30,urban,9.85359054,-83.92509446,official_emis,exact,unknown
CRI_001526,1930,CRI,WILLIAM BRENES FONSECA,,1,,public,Costa Rica,Provincia Cartago,Paraiso,Cachí,urban,13,rural,9.82606298,-83.79596074,official_emis,exact,unknown
CRI_001527,1931,CRI,ARTURO VOLIO JIMENEZ,,1,,public,Costa Rica,Provincia Cartago,Cartago,San Nicolás,urban,30,urban,9.87031162,-83.94338251,official_emis,exact,unknown
CRI_001528,1932,CRI,JAPON,,1,,public,Costa Rica,Provincia Cartago,El Guarco,San Isidro,urban,21,peri_urban,9.8210367,-83.95951084,official_emis,exact,unknown
CRI_001529,1933,CRI,COCORI,,1,,public,Costa Rica,Provincia Cartago,Cartago,Aguacaliente,urban,30,urban,9.84207562,-83.92280774,official_emis,exact,unknown
CRI_001530,1934,CRI,EL PROGRESO,,1,,public,Costa Rica,Provincia Cartago,Turrialba,Tuis,urban,11,rural,9.8856177,-83.55029281,official_emis,exact,unknown
CRI_001531,1935,CRI,SAN RAFAEL,,1,,public,Costa Rica,Provincia Cartago,Turrialba,Turrialba,urban,23,urban,9.90319047,-83.67759021,official_emis,exact,unknown
CRI_001532,1936,CRI,ALTO DE VARAS,,1,,public,Costa Rica,Provincia Cartago,Turrialba,La Isabel,urban,12,rural,9.94487727,-83.66364061,official_emis,exact,unknown
CRI_001533,1937,CRI,AQUIARES,,1,,public,Costa Rica,Provincia Cartago,Turrialba,Santa Rosa,urban,13,rural,9.93623213,-83.72108607,official_emis,exact,unknown
CRI_001534,1938,CRI,SAN JUAN BOSCO,,1,,public,Costa Rica,Provincia Cartago,Turrialba,Tuis,rural,12,rural,9.86584951,-83.55243142,official_emis,exact,unknown
CRI_001535,1939,CRI,CALLE VARGAS,,1,,public,Costa Rica,Provincia Cartago,Turrialba,Santa Cruz,rural,12,rural,9.98011906,-83.72726136,official_emis,exact,unknown
CRI_001536,1940,CRI,SAN RAFAEL,,1,,public,Costa Rica,Provincia Cartago,Turrialba,Santa Cruz,rural,21,peri_urban,9.94951062,-83.69983126,official_emis,exact,unknown
CRI_001537,1941,CRI,ATIRRO,,1,,public,Costa Rica,Provincia Cartago,Turrialba,La Suiza,urban,12,rural,9.84038463,-83.65144336,official_emis,exact,unknown
CRI_001538,1942,CRI,AZUL,,1,,public,Costa Rica,Provincia Cartago,Turrialba,La Isabel,urban,21,peri_urban,9.91307974,-83.66515308,official_emis,exact,unknown
CRI_001539,1943,CRI,CARLOS LUIS CASTRO ARCE,,1,,public,Costa Rica,Provincia Cartago,Turrialba,Santa Teresita,rural,12,rural,9.9979793,-83.6446153,official_emis,exact,unknown
CRI_001540,1944,CRI,JÄKUI,,1,,public,Costa Rica,Provincia Cartago,Turrialba,Chirripó,rural,11,rural,9.75372704,-83.49306214,official_emis,exact,unknown
CRI_001541,1945,CRI,BLÖRIÑAK,,1,,public,Costa Rica,Provincia Limón,Turrialba,Chirripó,rural,11,rural,9.77708011,-83.3774668,official_emis,exact,unknown
CRI_001542,1946,CRI,SIKUA DITZÄ,,1,,public,Costa Rica,Provincia Cartago,Turrialba,Chirripó,rural,12,rural,9.78941649,-83.48127568,official_emis,exact,unknown
CRI_001543,1947,CRI,SANTISIMA TRINIDAD,,1,,public,Costa Rica,Provincia Cartago,Turrialba,Tayutic,rural,12,rural,9.81629861,-83.56589168,official_emis,exact,unknown
CRI_001544,1948,CRI,CARMEN LYRA,,1,,public,Costa Rica,Provincia Cartago,Turrialba,Turrialba,urban,23,urban,9.91215821,-83.67401922,official_emis,exact,unknown
CRI_001545,1949,CRI,CANADA,,1,,public,Costa Rica,Provincia Cartago,Turrialba,La Suiza,urban,22,urban,9.85635115,-83.62443897,official_emis,exact,unknown
CRI_001546,1950,CRI,LA ESPERANZA,,1,,public,Costa Rica,Provincia Cartago,Jimenez,Pejibaye,rural,11,rural,9.80551469,-83.64657277,official_emis,exact,unknown
CRI_001547,1951,CRI,SHARABATA,,1,,public,Costa Rica,Provincia Cartago,Turrialba,Chirripó,rural,11,rural,9.76372056,-83.47219213,official_emis,exact,unknown
CRI_001548,1952,CRI,KABEBATA,,1,,public,Costa Rica,Provincia Cartago,Turrialba,Chirripó,rural,12,rural,9.78099488,-83.40897522,official_emis,exact,unknown
CRI_001549,1953,CRI,LOURDES,,1,,public,Costa Rica,Provincia Cartago,Alvarado,Capellades,urban,12,rural,9.90742713,-83.77579467,official_emis,exact,unknown
CRI_001550,1954,CRI,LA FLOR,,1,,public,Costa Rica,Provincia Cartago,Turrialba,Tres Equis,rural,12,rural,9.95558077,-83.59670245,official_emis,exact,unknown
CRI_001551,1955,CRI,SAN MARTIN,,1,,public,Costa Rica,Provincia Cartago,Turrialba,La Isabel,urban,12,rural,9.93236857,-83.6523784,official_emis,exact,unknown
CRI_001552,1956,CRI,EL PILON,,1,,public,Costa Rica,Provincia Cartago,Turrialba,Tres Equis,rural,12,rural,9.95324961,-83.58922675,official_emis,exact,unknown
CRI_001553,1957,CRI,CHITARIA,,1,,public,Costa Rica,Provincia Cartago,Turrialba,Pavones,urban,12,rural,9.93579169,-83.59021944,official_emis,exact,unknown
CRI_001554,1958,CRI,CIEN MANZANAS,,1,,public,Costa Rica,Provincia Cartago,Turrialba,Tuis,rural,12,rural,9.85356889,-83.56638767,official_emis,exact,unknown
CRI_001555,1959,CRI,CIMARRON,,1,,public,Costa Rica,Provincia Cartago,Turrialba,Santa Teresita,rural,12,rural,9.96743011,-83.65916435,official_emis,exact,unknown
CRI_001556,1960,CRI,COLONIA DE GUAYABO,,1,,public,Costa Rica,Provincia Cartago,Turrialba,Santa Teresita,rural,12,rural,9.96554181,-83.67619095,official_emis,exact,unknown
CRI_001557,1961,CRI,FRANCISCO BONILLA WEPOL,,1,,public,Costa Rica,Provincia Cartago,Turrialba,Turrialba,urban,12,rural,9.91264198,-83.70450408,official_emis,exact,unknown
CRI_001558,1962,CRI,XIQUIARI,,1,,public,Costa Rica,Provincia Limón,Limon,Valle La Estrella,rural,12,rural,9.77090958,-83.351129,official_emis,exact,unknown
CRI_001559,1963,CRI,BAYEI,,1,,public,Costa Rica,Provincia Limón,Limon,Valle La Estrella,rural,11,rural,9.79318257,-83.32336809,official_emis,exact,unknown
CRI_001560,1964,CRI,ALTO ALMIRANTE,,1,,public,Costa Rica,Provincia Limón,Limon,Valle La Estrella,rural,11,rural,9.77091947,-83.3354754,official_emis,exact,unknown
CRI_001561,1965,CRI,TSIPIRI,,1,,public,Costa Rica,Provincia Cartago,Turrialba,Chirripó,rural,12,rural,9.8207886,-83.40409155,official_emis,exact,unknown
CRI_001562,1966,CRI,TSINICLARI,,1,,public,Costa Rica,Provincia Limón,Turrialba,Chirripó,rural,12,rural,9.7982136,-83.35930525,official_emis,exact,unknown
CRI_001563,1967,CRI,SARKLI,,1,,public,Costa Rica,Provincia Cartago,Turrialba,Chirripó,rural,11,rural,9.82254098,-83.35112059,official_emis,exact,unknown
CRI_001564,1968,CRI,BONILLA,,1,,public,Costa Rica,Provincia Cartago,Turrialba,Santa Teresita,rural,12,rural,10.02278078,-83.68874663,official_emis,exact,unknown
CRI_001565,1969,CRI,EL SEIS,,1,,public,Costa Rica,Provincia Cartago,Turrialba,Peralta,rural,12,rural,9.96240884,-83.6294277,official_emis,exact,unknown
CRI_001566,1970,CRI,LA ORIETA,,1,,public,Costa Rica,Provincia Cartago,Turrialba,Santa Teresita,rural,12,rural,9.98226472,-83.6835186,official_emis,exact,unknown
CRI_001567,1971,CRI,GUAYABO,,1,,public,Costa Rica,Provincia Cartago,Turrialba,Santa Cruz,rural,12,rural,9.98178563,-83.71575334,official_emis,exact,unknown
CRI_001568,1972,CRI,RAFAEL ARAYA SEGURA,,1,,public,Costa Rica,Provincia Cartago,Turrialba,Pavones,urban,13,rural,9.87998285,-83.62546822,official_emis,exact,unknown
CRI_001569,1973,CRI,DOMINICA,,1,,public,Costa Rica,Provincia Cartago,Turrialba,Turrialba,urban,23,urban,9.91445252,-83.69429886,official_emis,exact,unknown
CRI_001570,1974,CRI,DULCE NOMBRE,,1,,public,Costa Rica,Provincia Cartago,Turrialba,Santa Teresita,rural,12,rural,9.98615093,-83.65826681,official_emis,exact,unknown
CRI_001571,1975,CRI,EL CARMEN,,1,,public,Costa Rica,Provincia Cartago,Turrialba,Santa Cruz,rural,12,rural,9.95727423,-83.71713204,official_emis,exact,unknown
CRI_001572,1976,CRI,JAKTAIN,,1,,public,Costa Rica,Provincia Cartago,Turrialba,Chirripó,rural,12,rural,9.82672709,-83.43923167,official_emis,exact,unknown
CRI_001573,1977,CRI,SINOLI,,1,,public,Costa Rica,Provincia Limón,Limon,Valle La Estrella,rural,11,rural,9.71576705,-83.41569882,official_emis,exact,unknown
CRI_001574,1978,CRI,BAYEIÑAK,,1,,public,Costa Rica,Provincia Limón,Limon,Valle La Estrella,rural,11,rural,9.81378233,-83.32393778,official_emis,exact,unknown
CRI_001575,1979,CRI,ÑARIÑAK,,1,,public,Costa Rica,Provincia Limón,Limon,Valle La Estrella,rural,11,rural,9.76612687,-83.37230414,official_emis,exact,unknown
CRI_001576,1980,CRI,KSARIÑAK,,1,,public,Costa Rica,Provincia Cartago,Turrialba,Chirripó,rural,11,rural,9.70588868,-83.54427171,official_emis,exact,unknown
CRI_001577,1981,CRI,CARLOS LUIS VALVERDE VEGA,,1,,public,Costa Rica,Provincia Cartago,Jimenez,Tucurrique,rural,12,rural,9.85978506,-83.74029746,official_emis,exact,unknown
CRI_001578,1982,CRI,EL HUMO,,1,,public,Costa Rica,Provincia Cartago,Jimenez,Pejibaye,rural,13,rural,9.80187108,-83.71572695,official_emis,exact,unknown
CRI_001579,1983,CRI,EL RECREO,,1,,public,Costa Rica,Provincia Cartago,Turrialba,Turrialba,urban,21,peri_urban,9.89775442,-83.69522117,official_emis,exact,unknown
CRI_001580,1984,CRI,EL SILENCIO,,1,,public,Costa Rica,Provincia Cartago,Turrialba,La Suiza,urban,12,rural,9.87308318,-83.61296067,official_emis,exact,unknown
CRI_001581,1985,CRI,EL SITIO,,1,,public,Costa Rica,Provincia Cartago,Jimenez,Juan Viñas,urban,12,rural,9.90616394,-83.74559429,official_emis,exact,unknown
CRI_001582,1986,CRI,EL SOL,,1,,public,Costa Rica,Provincia Cartago,Turrialba,Tres Equis,rural,11,rural,9.97743049,-83.59065973,official_emis,exact,unknown
CRI_001583,1987,CRI,ESLABON,,1,,public,Costa Rica,Provincia Cartago,Turrialba,Pavones,urban,13,rural,9.87859218,-83.63884368,official_emis,exact,unknown
CRI_001584,1988,CRI,ESCUELA EXCELEN. DR. VALERIANO FERNANDEZ,,1,,public,Costa Rica,Provincia Cartago,Turrialba,La Isabel,urban,23,urban,9.91753541,-83.67772373,official_emis,exact,unknown
CRI_001585,1989,CRI,ENRIQUE PACHECO,,1,,public,Costa Rica,Provincia Cartago,Turrialba,Turrialba,urban,11,rural,9.87451121,-83.67565637,official_emis,exact,unknown
CRI_001586,1990,CRI,GRANO DE ORO,,1,,public,Costa Rica,Provincia Cartago,Turrialba,Chirripó,rural,13,rural,9.81800037,-83.45571214,official_emis,exact,unknown
CRI_001587,1992,CRI,KOIYABA,,1,,public,Costa Rica,Provincia Limón,Limon,Valle La Estrella,rural,12,rural,9.76394229,-83.3475058,official_emis,exact,unknown
CRI_001588,1993,CRI,JOKBATA,,1,,public,Costa Rica,Provincia Cartago,Turrialba,Chirripó,rural,11,rural,9.80306185,-83.38327643,official_emis,exact,unknown
CRI_001589,1994,CRI,JABILLOS,,1,,public,Costa Rica,Provincia Cartago,Turrialba,Pavones,urban,12,rural,9.91752553,-83.61495873,official_emis,exact,unknown
CRI_001590,1995,CRI,ASENTAMIENTO YAMA,,1,,public,Costa Rica,Provincia Cartago,Turrialba,Pavones,urban,13,rural,9.91206611,-83.62066675,official_emis,exact,unknown
CRI_001591,1997,CRI,JICOTEA,,1,,public,Costa Rica,Provincia Cartago,Turrialba,Tayutic,rural,12,rural,9.81391261,-83.53963142,official_emis,exact,unknown
CRI_001592,1998,CRI,CECILIO LINDO MORALES,,1,,public,Costa Rica,Provincia Cartago,Jimenez,Juan Viñas,urban,22,urban,9.89717162,-83.74652218,official_emis,exact,unknown
CRI_001593,1999,CRI,EL SITIO DE LAS ABRAS,,1,,public,Costa Rica,Provincia Cartago,Turrialba,Santa Cruz,rural,11,rural,9.99721587,-83.72251015,official_emis,exact,unknown
CRI_001594,2000,CRI,LA ESMERALDA,,1,,public,Costa Rica,Provincia Cartago,Turrialba,Turrialba,urban,12,rural,9.91998319,-83.71827384,official_emis,exact,unknown
CRI_001595,2001,CRI,LA GLORIA,,1,,public,Costa Rica,Provincia Cartago,Jimenez,Juan Viñas,urban,11,rural,9.86811357,-83.73041677,official_emis,exact,unknown
CRI_001596,2002,CRI,LA GUARIA,,1,,public,Costa Rica,Provincia Cartago,Turrialba,Tres Equis,rural,12,rural,9.96041525,-83.57214176,official_emis,exact,unknown
CRI_001597,2003,CRI,LA MARGOT,,1,,public,Costa Rica,Provincia Cartago,Turrialba,Turrialba,urban,23,urban,9.90964665,-83.68234416,official_emis,exact,unknown
CRI_001598,2004,CRI,LA PASTORA,,1,,public,Costa Rica,Provincia Cartago,Turrialba,Santa Cruz,rural,12,rural,9.96343139,-83.75163576,official_emis,exact,unknown
CRI_001599,2005,CRI,LA REUNION,,1,,public,Costa Rica,Provincia Cartago,Turrialba,Santa Cruz,rural,11,rural,9.97614549,-83.77614752,official_emis,exact,unknown
CRI_001600,2006,CRI,RODOLFO HERZOG MULLER,,1,,public,Costa Rica,Provincia Cartago,Turrialba,La Suiza,urban,22,urban,9.85122663,-83.60997177,official_emis,exact,unknown
CRI_001601,2007,CRI,VERBENA NORTE,,1,,public,Costa Rica,Provincia Cartago,Turrialba,Santa Rosa,urban,21,peri_urban,9.94561002,-83.703556,official_emis,exact,unknown
CRI_001602,2008,CRI,YOLANDA,,1,,public,Costa Rica,Provincia Cartago,Jimenez,Tucurrique,rural,12,rural,9.84812249,-83.70080314,official_emis,exact,unknown
CRI_001603,2009,CRI,LAS AMERICAS,,1,,public,Costa Rica,Provincia Cartago,Turrialba,Turrialba,urban,23,urban,9.89945091,-83.67895522,official_emis,exact,unknown
CRI_001604,2010,CRI,LAS COLONIAS,,1,,public,Costa Rica,Provincia Cartago,Turrialba,La Suiza,urban,12,rural,9.84143937,-83.59710255,official_emis,exact,unknown
CRI_001605,2011,CRI,LAS NUBES,,1,,public,Costa Rica,Provincia Cartago,Turrialba,Tuis,rural,12,rural,9.82671302,-83.59093745,official_emis,exact,unknown
CRI_001606,2012,CRI,LAS VUELTAS,,1,,public,Costa Rica,Provincia Cartago,Jimenez,Tucurrique,rural,12,rural,9.83546309,-83.7102843,official_emis,exact,unknown
CRI_001607,2013,CRI,EL CAS,,1,,public,Costa Rica,Provincia Cartago,Turrialba,Santa Teresita,rural,12,rural,9.99228181,-83.65880499,official_emis,exact,unknown
CRI_001608,2014,CRI,MARIANO CORTES CORTES,,1,,public,Costa Rica,Provincia Cartago,Turrialba,Turrialba,urban,21,peri_urban,9.90817096,-83.68800915,official_emis,exact,unknown
CRI_001609,2015,CRI,MATA DE GUINEO,,1,,public,Costa Rica,Provincia Cartago,Turrialba,Tuis,rural,12,rural,9.86319048,-83.55942214,official_emis,exact,unknown
CRI_001610,2016,CRI,MOLLEJONES,,1,,public,Costa Rica,Provincia Cartago,Turrialba,La Suiza,urban,12,rural,9.90124827,-83.56348429,official_emis,exact,unknown
CRI_001611,2017,CRI,MURCIA,,1,,public,Costa Rica,Provincia Cartago,Turrialba,Turrialba,urban,11,rural,9.86533166,-83.70701014,official_emis,exact,unknown
CRI_001612,2018,CRI,MANUEL JIMENEZ DE LA GUARDIA,,1,,public,Costa Rica,Provincia Cartago,Jimenez,Juan Viñas,urban,12,rural,9.8927597,-83.76360684,official_emis,exact,unknown
CRI_001613,2019,CRI,JENARO BONILLA AGUILAR,,1,,public,Costa Rica,Provincia Cartago,Turrialba,Turrialba,urban,23,urban,9.9054974,-83.68368982,official_emis,exact,unknown
CRI_001614,2021,CRI,JUANA DENNIS VIVES,,1,,public,Costa Rica,Provincia Cartago,Turrialba,Turrialba,urban,21,peri_urban,9.89115198,-83.68442251,official_emis,exact,unknown
CRI_001615,2023,CRI,ORIENTE,,1,,public,Costa Rica,Provincia Cartago,Jimenez,Pejibaye,rural,11,rural,9.83618979,-83.68685577,official_emis,exact,unknown
CRI_001616,2024,CRI,PACAYITAS,,1,,public,Costa Rica,Provincia Cartago,Turrialba,La Suiza,urban,12,rural,9.88663861,-83.58321496,official_emis,exact,unknown
CRI_001617,2025,CRI,PACUARE,,1,,public,Costa Rica,Provincia Cartago,Turrialba,Tayutic,rural,12,rural,9.82830112,-83.51057499,official_emis,exact,unknown
CRI_001618,2026,CRI,PACUARE,,1,,public,Costa Rica,Provincia Cartago,Turrialba,La Suiza,rural,12,rural,9.91965045,-83.56520916,official_emis,exact,unknown
CRI_001619,2027,CRI,PALOMO,,1,,public,Costa Rica,Provincia Cartago,Turrialba,Santa Teresita,rural,12,rural,9.98877033,-83.64173049,official_emis,exact,unknown
CRI_001620,2028,CRI,LAS PAVAS,,1,,public,Costa Rica,Provincia Cartago,Turrialba,Turrialba,urban,11,rural,9.86313058,-83.6835199,official_emis,exact,unknown
CRI_001621,2029,CRI,BLAS SOLANO PEREZ,,1,,public,Costa Rica,Provincia Cartago,Turrialba,Pavones,urban,12,rural,9.90187217,-83.62332643,official_emis,exact,unknown
CRI_001622,2030,CRI,DR. JOSE MARIA CASTRO MADRIZ,,1,,public,Costa Rica,Provincia Cartago,Jimenez,Pejibaye,rural,13,rural,9.81150745,-83.70489908,official_emis,exact,unknown
CRI_001623,2031,CRI,PERALTA,,1,,public,Costa Rica,Provincia Cartago,Turrialba,Peralta,rural,12,rural,9.96697496,-83.61201276,official_emis,exact,unknown
CRI_001624,2032,CRI,EXCENCIA TAYUTIC,,1,,public,Costa Rica,Provincia Cartago,Turrialba,Tayutic,rural,13,rural,9.82157633,-83.55516347,official_emis,exact,unknown
CRI_001625,2033,CRI,SANTUBAL,,1,,public,Costa Rica,Provincia Cartago,Turrialba,Tayutic,rural,12,rural,9.82722979,-83.49880741,official_emis,exact,unknown
CRI_001626,2034,CRI,SAN MIGUEL,,1,,public,Costa Rica,Provincia Cartago,Paraiso,Cachí,rural,12,rural,9.86129923,-83.76413564,official_emis,exact,unknown
CRI_001627,2035,CRI,SAN AGUSTIN,,1,,public,Costa Rica,Provincia Cartago,Turrialba,Tayutic,rural,12,rural,9.7780182,-83.51817161,official_emis,exact,unknown
CRI_001628,2036,CRI,JULIA FERNANDEZ RODRIGUEZ,,1,,public,Costa Rica,Provincia Cartago,Turrialba,Santa Cruz,rural,12,rural,9.96181203,-83.71207626,official_emis,exact,unknown
CRI_001629,2037,CRI,IGNACIO FUENTES MOLINA,,1,,public,Costa Rica,Provincia Cartago,Turrialba,Pavones,urban,11,rural,9.89822259,-83.61508109,official_emis,exact,unknown
CRI_001630,2038,CRI,SAN JOAQUIN,,1,,public,Costa Rica,Provincia Cartago,Turrialba,Tuis,rural,12,rural,9.87872839,-83.53836182,official_emis,exact,unknown
CRI_001631,2039,CRI,RAFAEL FUENTES PIEDRA,,1,,public,Costa Rica,Provincia Cartago,Turrialba,Turrialba,urban,12,rural,9.88698817,-83.70368526,official_emis,exact,unknown
CRI_001632,2040,CRI,SAN JUAN SUR,,1,,public,Costa Rica,Provincia Cartago,Turrialba,Turrialba,urban,12,rural,9.879382,-83.69545825,official_emis,exact,unknown
CRI_001633,2041,CRI,SAN MARTIN,,1,,public,Costa Rica,Provincia Cartago,Turrialba,Tayutic,rural,12,rural,9.82286526,-83.57356251,official_emis,exact,unknown
CRI_001634,2042,CRI,LA FUENTE,,1,,public,Costa Rica,Provincia Cartago,Turrialba,Santa Teresita,rural,12,rural,9.99452099,-83.67342811,official_emis,exact,unknown
CRI_001635,2043,CRI,SANTA CRISTINA,,1,,public,Costa Rica,Provincia Cartago,Turrialba,La Suiza,urban,11,rural,9.82853343,-83.60591616,official_emis,exact,unknown
CRI_001636,2044,CRI,SANTA CRUZ,,1,,public,Costa Rica,Provincia Cartago,Turrialba,Santa Cruz,rural,12,rural,9.96620954,-83.73198577,official_emis,exact,unknown
CRI_001637,2045,CRI,ESCUELA NIMARIÑAK,,1,,public,Costa Rica,Provincia Cartago,Turrialba,Chirripó,rural,11,rural,9.87385009,-83.51380473,official_emis,exact,unknown
CRI_001638,2047,CRI,SANTA TERESITA,,1,,public,Costa Rica,Provincia Cartago,Turrialba,Santa Teresita,rural,12,rural,9.973744,-83.64276369,official_emis,exact,unknown
CRI_001639,2048,CRI,SANTA ROSA,,1,,public,Costa Rica,Provincia Cartago,Turrialba,Santa Rosa,urban,23,urban,9.92539802,-83.69702896,official_emis,exact,unknown
CRI_001640,2049,CRI,EL TORITO,,1,,public,Costa Rica,Provincia Cartago,Turrialba,Santa Cruz,rural,12,rural,9.991949,-83.69967097,official_emis,exact,unknown
CRI_001641,2050,CRI,EDUARDO PERALTA JIMENEZ,,1,,public,Costa Rica,Provincia Cartago,Jimenez,Tucurrique,rural,13,rural,9.85300335,-83.72288684,official_emis,exact,unknown
CRI_001642,2051,CRI,SAN FRANCISCO,,1,,public,Costa Rica,Provincia Cartago,Turrialba,Tuis,rural,13,rural,9.84092894,-83.58187907,official_emis,exact,unknown
CRI_001643,2052,CRI,VERBENA SUR,,1,,public,Costa Rica,Provincia Cartago,Turrialba,Santa Rosa,urban,21,peri_urban,9.94109895,-83.70143933,official_emis,exact,unknown
CRI_001644,2053,CRI,MARCO AURELIO PEREIRA RAMIREZ,,1,,public,Costa Rica,Provincia Cartago,Jimenez,Juan Viñas,urban,22,urban,9.90144523,-83.72959816,official_emis,exact,unknown
CRI_001645,2054,CRI,EL VOLCAN,,1,,public,Costa Rica,Provincia Cartago,Turrialba,Santa Cruz,rural,11,rural,10.00382371,-83.77918875,official_emis,exact,unknown
CRI_001646,2055,CRI,BAJO PACUARE,,1,,public,Costa Rica,Provincia Cartago,Turrialba,Tuis,rural,11,rural,9.88310479,-83.52579684,official_emis,exact,unknown
CRI_001647,2057,CRI,SAN PABLO,,1,,public,Costa Rica,Provincia Cartago,Turrialba,Tres Equis,rural,12,rural,9.93604951,-83.5708487,official_emis,exact,unknown
CRI_001648,2058,CRI,GUAYABO ABAJO,,1,,public,Costa Rica,Provincia Cartago,Turrialba,Santa Teresita,rural,12,rural,9.94416382,-83.64237491,official_emis,exact,unknown
CRI_001649,2059,CRI,LAS VIRTUDES,,1,,public,Costa Rica,Provincia Cartago,Turrialba,Santa Cruz,rural,11,rural,9.98417865,-83.74257183,official_emis,exact,unknown
CRI_001650,2060,CRI,SAN VICENTE,,1,,public,Costa Rica,Provincia Cartago,Turrialba,La Suiza,urban,12,rural,9.88185529,-83.56944995,official_emis,exact,unknown
CRI_001651,2061,CRI,EL CARMEN LA SUIZA,,1,,public,Costa Rica,Provincia Cartago,Turrialba,La Suiza,urban,22,urban,9.86206591,-83.62209896,official_emis,exact,unknown
CRI_001652,2062,CRI,SAN RAMON,,1,,public,Costa Rica,Provincia Cartago,Turrialba,Santa Teresita,rural,12,rural,9.95562153,-83.65775618,official_emis,exact,unknown
CRI_001653,2063,CRI,SAN BOSCO,,1,,public,Costa Rica,Provincia Heredia,Santa Barbara,Purabá,urban,21,peri_urban,10.06245583,-84.15816236,official_emis,exact,unknown
CRI_001654,2064,CRI,TICARI,,1,,public,Costa Rica,Provincia Heredia,Sarapiqui,Las Horquetas,rural,13,rural,10.353783,-83.95117684,official_emis,exact,unknown
CRI_001655,2065,CRI,TIRIMBINA,,1,,public,Costa Rica,Provincia Heredia,Sarapiqui,La Virgen,rural,11,rural,10.39785088,-84.11784064,official_emis,exact,unknown
CRI_001656,2066,CRI,LA ISLA,,1,,public,Costa Rica,Provincia Heredia,Sarapiqui,Las Horquetas,rural,11,rural,10.24086371,-83.90840184,official_emis,exact,unknown
CRI_001657,2067,CRI,SAN PABLO,,1,,public,Costa Rica,Provincia Heredia,Barva,San Pablo,urban,30,urban,10.02291448,-84.12704034,official_emis,exact,unknown
CRI_001658,2068,CRI,LUCILA GURDIÁN MORALES,,1,,public,Costa Rica,Provincia Heredia,Barva,San Pablo,urban,21,peri_urban,10.03893296,-84.11356336,official_emis,exact,unknown
CRI_001659,2069,CRI,LA ESPERANZA,,1,,public,Costa Rica,Provincia Heredia,Sarapiqui,Puerto Viejo,rural,12,rural,10.50115292,-84.05387809,official_emis,exact,unknown
CRI_001660,2070,CRI,I.D.A. LA PAZ,,1,,public,Costa Rica,Provincia Heredia,Sarapiqui,Las Horquetas,rural,11,rural,10.3926874,-83.9805483,official_emis,exact,unknown
CRI_001661,2071,CRI,LAS DELICIAS,,1,,public,Costa Rica,Provincia Heredia,Sarapiqui,La Virgen,rural,11,rural,10.53524349,-84.04640805,official_emis,exact,unknown
CRI_001662,2072,CRI,BELLA VISTA,,1,,public,Costa Rica,Provincia Heredia,Sarapiqui,Puerto Viejo,rural,12,rural,10.67890833,-83.95101381,official_emis,exact,unknown
CRI_001663,2073,CRI,SAN ISIDRO,,1,,public,Costa Rica,Provincia Heredia,Sarapiqui,La Virgen,rural,12,rural,10.42412493,-84.14303761,official_emis,exact,unknown
CRI_001664,2074,CRI,FATIMA,,1,,public,Costa Rica,Provincia Heredia,,Llanuras del Gaspar,rural,12,rural,10.7266583,-83.85478067,official_emis,exact,unknown
CRI_001665,2075,CRI,EL PROGRESO,,1,,public,Costa Rica,Provincia Heredia,Sarapiqui,Puerto Viejo,rural,12,rural,10.55106513,-84.00703937,official_emis,exact,unknown
CRI_001666,2076,CRI,ALFREDO MIRANDA GARCIA,,1,,public,Costa Rica,Provincia Alajuela,Rio Cuarto,Río Cuarto,rural,12,rural,10.4420657,-84.17403352,official_emis,exact,unknown
CRI_001667,2077,CRI,LOS LIRIOS,,1,,public,Costa Rica,Provincia Heredia,Sarapiqui,Puerto Viejo,rural,12,rural,10.53315293,-83.95380548,official_emis,exact,unknown
CRI_001668,2078,CRI,LAS VEGAS DEL RIO SUCIO,,1,,public,Costa Rica,Provincia Heredia,Sarapiqui,Las Horquetas,rural,12,rural,10.2783326,-83.8915303,official_emis,exact,unknown
CRI_001669,2079,CRI,NOGAL,,1,,public,Costa Rica,Provincia Heredia,Sarapiqui,Puerto Viejo,rural,12,rural,10.45300208,-83.9412393,official_emis,exact,unknown
CRI_001670,2080,CRI,MALINCHE,,1,,public,Costa Rica,Provincia Heredia,Sarapiqui,Puerto Viejo,rural,12,rural,10.5112434,-83.96356958,official_emis,exact,unknown
CRI_001671,2081,CRI,FÁTIMA,,1,,public,Costa Rica,Provincia Heredia,Heredia,Heredia,urban,30,urban,10.00516817,-84.11991118,official_emis,exact,unknown
CRI_001672,2082,CRI,COLONIA NAZARETH,,1,,public,Costa Rica,Provincia Heredia,Sarapiqui,Las Horquetas,rural,12,rural,10.29072687,-83.92588774,official_emis,exact,unknown
CRI_001673,2084,CRI,MANUEL DEL PILAR ZUMBADO GONZÁLEZ,,1,,public,Costa Rica,Provincia Heredia,Belen,La Asunción,urban,30,urban,9.98059131,-84.17150823,official_emis,exact,unknown
CRI_001674,2085,CRI,I.D.A. CAÑO NEGRO,,1,,public,Costa Rica,Provincia Heredia,Sarapiqui,Las Horquetas,rural,11,rural,10.44131968,-83.96040763,official_emis,exact,unknown
CRI_001675,2086,CRI,EL ALAMO,,1,,public,Costa Rica,Provincia Heredia,Sarapiqui,Las Horquetas,rural,12,rural,10.44336549,-83.91638167,official_emis,exact,unknown
CRI_001676,2087,CRI,ALFREDO GONZÁLEZ FLORES,,1,,public,Costa Rica,Provincia Heredia,Santa Barbara,Jesús,urban,21,peri_urban,10.06170997,-84.14332722,official_emis,exact,unknown
CRI_001677,2089,CRI,COYOL,,1,,public,Costa Rica,Provincia Heredia,Sarapiqui,Puerto Viejo,rural,12,rural,10.50326048,-83.98159952,official_emis,exact,unknown
CRI_001678,2090,CRI,JAVILLOS,,1,,public,Costa Rica,Provincia Heredia,Sarapiqui,Puerto Viejo,rural,12,rural,10.47792251,-83.95987064,official_emis,exact,unknown
CRI_001679,2091,CRI,ASENTAMIENTO CHIRRIPO,,1,,public,Costa Rica,Provincia Heredia,Sarapiqui,Las Horquetas,rural,12,rural,10.32069532,-83.85834664,official_emis,exact,unknown
CRI_001680,2092,CRI,EL CRUCE,,1,,public,Costa Rica,Provincia Heredia,Sarapiqui,Las Horquetas,rural,13,rural,10.32378004,-83.94222923,official_emis,exact,unknown
CRI_001681,2093,CRI,CHILAMATE,,1,,public,Costa Rica,Provincia Heredia,Sarapiqui,Puerto Viejo,rural,12,rural,10.45267633,-84.06443019,official_emis,exact,unknown
CRI_001682,2094,CRI,SANTA CRUZ,,1,,public,Costa Rica,Provincia Heredia,San Isidro,San José,urban,30,urban,10.01382451,-84.04571011,official_emis,exact,unknown
CRI_001683,2095,CRI,BAJOS DE CHILAMATE,,1,,public,Costa Rica,Provincia Heredia,Sarapiqui,La Virgen,rural,12,rural,10.46339976,-84.0959583,official_emis,exact,unknown
CRI_001684,2096,CRI,MANUEL CAMACHO HERNÁNDEZ,,1,,public,Costa Rica,Provincia Heredia,San Rafael,Santiago,urban,30,urban,10.01020966,-84.09635395,official_emis,exact,unknown
CRI_001685,2097,CRI,SONORA,,1,,public,Costa Rica,Provincia Heredia,Sarapiqui,La Virgen,rural,11,rural,10.47892049,-84.14318475,official_emis,exact,unknown
CRI_001686,2098,CRI,RAMÓN BARRANTES HERRERA,,1,,public,Costa Rica,Provincia Heredia,Flores,Barrantes,urban,30,urban,10.01470285,-84.14885419,official_emis,exact,unknown
CRI_001687,2099,CRI,I.D.A. OTOYA,,1,,public,Costa Rica,Provincia Heredia,Sarapiqui,Las Horquetas,rural,12,rural,10.34171229,-83.91991096,official_emis,exact,unknown
CRI_001688,2100,CRI,LA COOPERATIVA,,1,,public,Costa Rica,Provincia Heredia,Santo Domingo,Santa Rosa,urban,30,urban,9.96884614,-84.10777355,official_emis,exact,unknown
CRI_001689,2101,CRI,SAN VICENTE,,1,,public,Costa Rica,Provincia Heredia,Santo Domingo,San Vicente,urban,30,urban,9.9882482,-84.08490967,official_emis,exact,unknown
CRI_001690,2102,CRI,FÉLIX ARCADIO MONTERO MONGE,,1,,public,Costa Rica,Provincia Heredia,Santo Domingo,Santo Domingo,urban,30,urban,9.98096732,-84.08829834,official_emis,exact,unknown
CRI_001691,2103,CRI,ALFREDO VOLIO JIMÉNEZ,,1,,public,Costa Rica,Provincia Heredia,Santa Barbara,Jesús,urban,21,peri_urban,10.05865195,-84.1354698,official_emis,exact,unknown
CRI_001692,2104,CRI,SAN MARTÍN,,1,,public,Costa Rica,Provincia Heredia,Barva,San José de la Montaña,urban,12,rural,10.08057114,-84.1278285,official_emis,exact,unknown
CRI_001693,2105,CRI,BARRIO EL SOCORRO,,1,,public,Costa Rica,Provincia Heredia,Santo Domingo,San Miguel,urban,30,urban,9.97255353,-84.06554281,official_emis,exact,unknown
CRI_001694,2106,CRI,BOCA DE LA CEIBA,,1,,public,Costa Rica,Provincia Heredia,Sarapiqui,Puerto Viejo,rural,11,rural,10.69804366,-83.93425255,official_emis,exact,unknown
CRI_001695,2107,CRI,REMOLINITOS,,1,,public,Costa Rica,Provincia Heredia,Sarapiqui,Cureña,rural,11,rural,10.79130226,-84.0277283,official_emis,exact,unknown
CRI_001696,2108,CRI,CRISTO REY,,1,,public,Costa Rica,Provincia Heredia,Sarapiqui,Puerto Viejo,rural,22,urban,10.44833858,-84.04797547,official_emis,exact,unknown
CRI_001697,2109,CRI,BRAULIO MORALES CERVANTES,,1,,public,Costa Rica,Provincia Heredia,Heredia,Heredia,urban,30,urban,9.99563549,-84.11643713,official_emis,exact,unknown
CRI_001698,2110,CRI,EL PALENQUE,,1,,public,Costa Rica,Provincia Heredia,San Rafael,Concepción,urban,30,urban,10.0199189,-84.07264558,official_emis,exact,unknown
CRI_001699,2111,CRI,BUENOS AIRES,,1,,public,Costa Rica,Provincia Heredia,Sarapiqui,Las Horquetas,rural,13,rural,10.34028188,-83.95742741,official_emis,exact,unknown
CRI_001700,2113,CRI,ESTERO GRANDE,,1,,public,Costa Rica,Provincia Heredia,Sarapiqui,Puerto Viejo,rural,12,rural,10.50409749,-84.02966206,official_emis,exact,unknown
CRI_001701,2114,CRI,LOS ANGELES,,1,,public,Costa Rica,Provincia Heredia,Sarapiqui,Las Horquetas,rural,11,rural,10.27582866,-83.86604396,official_emis,exact,unknown
CRI_001702,2115,CRI,I.D.A. LINDO SOL,,1,,public,Costa Rica,Provincia Heredia,Sarapiqui,Puerto Viejo,rural,12,rural,10.5546785,-83.94236308,official_emis,exact,unknown
CRI_001703,2116,CRI,EL ACHIOTE,,1,,public,Costa Rica,Provincia Heredia,Sarapiqui,Puerto Viejo,rural,11,rural,10.56876049,-83.88440088,official_emis,exact,unknown
CRI_001704,2117,CRI,CASTILLA,,1,,public,Costa Rica,Provincia Heredia,Santo Domingo,San Miguel,urban,30,urban,9.98968215,-84.04524032,official_emis,exact,unknown
CRI_001705,2118,CRI,I.D.A. SARAPIQUI,,1,,public,Costa Rica,Provincia Heredia,Sarapiqui,La Virgen,rural,12,rural,10.50696065,-84.11090902,official_emis,exact,unknown
CRI_001706,2119,CRI,LA ESPERANZA,,1,,public,Costa Rica,Provincia Heredia,Sarapiqui,Las Horquetas,rural,12,rural,10.25611272,-83.91455963,official_emis,exact,unknown
CRI_001707,2120,CRI,FLAMINIA,,1,,public,Costa Rica,Provincia Heredia,Sarapiqui,Las Horquetas,rural,22,urban,10.43493027,-83.99523887,official_emis,exact,unknown
CRI_001708,2121,CRI,CLETO GONZÁLEZ VÍQUEZ,,1,,public,Costa Rica,Provincia Heredia,Heredia,Heredia,urban,30,urban,10.00245331,-84.11551901,official_emis,exact,unknown
CRI_001709,2122,CRI,FINCA GUARARÍ,,1,,public,Costa Rica,Provincia Heredia,Heredia,San Francisco,urban,30,urban,9.97874165,-84.11832187,official_emis,exact,unknown
CRI_001710,2123,CRI,JUAN SANTAMARIA,,1,,public,Costa Rica,Provincia Heredia,Sarapiqui,Las Horquetas,rural,22,urban,10.32215609,-83.91567451,official_emis,exact,unknown
CRI_001711,2124,CRI,SAN VICENTE,,1,,public,Costa Rica,Provincia Alajuela,Rio Cuarto,Río Cuarto,rural,12,rural,10.46383427,-84.16553496,official_emis,exact,unknown
CRI_001712,2125,CRI,LA DELIA,,1,,public,Costa Rica,Provincia Heredia,Sarapiqui,La Virgen,rural,12,rural,10.58850941,-84.02757894,official_emis,exact,unknown
CRI_001713,2126,CRI,COLONIA VILLALOBOS,,1,,public,Costa Rica,Provincia Heredia,Sarapiqui,Las Horquetas,rural,22,urban,10.30606539,-83.8994309,official_emis,exact,unknown
CRI_001714,2127,CRI,COLONIA ISIDREÑA,,1,,public,Costa Rica,Provincia Heredia,San Isidro,San Isidro,urban,30,urban,10.00567276,-84.05315816,official_emis,exact,unknown
CRI_001715,2128,CRI,CONCEPCIÓN,,1,,public,Costa Rica,Provincia Heredia,San Isidro,Concepción,urban,21,peri_urban,10.02641794,-84.04663541,official_emis,exact,unknown
CRI_001716,2129,CRI,LOS LAGOS,,1,,public,Costa Rica,Provincia Heredia,Heredia,San Francisco,urban,30,urban,9.97440942,-84.11639275,official_emis,exact,unknown
CRI_001717,2130,CRI,CONCEPCIÓN,,1,,public,Costa Rica,Provincia Heredia,San Rafael,Concepción,urban,21,peri_urban,10.02844791,-84.06664846,official_emis,exact,unknown
CRI_001718,2131,CRI,SANTIAGO,,1,,public,Costa Rica,Provincia Heredia,San Rafael,Santiago,urban,30,urban,10.00819803,-84.10527448,official_emis,exact,unknown
CRI_001719,2133,CRI,MIRAFLORES,,1,,public,Costa Rica,Provincia Heredia,San Pablo,Rincón de Sabanilla,urban,30,urban,9.98939468,-84.10848135,official_emis,exact,unknown
CRI_001720,2134,CRI,I.D.A. CARTAGENA,,1,,public,Costa Rica,Provincia Heredia,Sarapiqui,Las Horquetas,rural,12,rural,10.36052142,-83.91645347,official_emis,exact,unknown
CRI_001721,2135,CRI,CUBUJUQUÍ,,1,,public,Costa Rica,Provincia Heredia,Heredia,Mercedes,urban,30,urban,9.99947583,-84.12882651,official_emis,exact,unknown
CRI_001722,2136,CRI,NUEVO HORIZONTE,,1,,public,Costa Rica,Provincia Heredia,Heredia,San Francisco,urban,30,urban,9.98198631,-84.11561201,official_emis,exact,unknown
CRI_001723,2137,CRI,I.D.A. LA GATA,,1,,public,Costa Rica,Provincia Heredia,Sarapiqui,Puerto Viejo,rural,12,rural,10.63445699,-83.95334741,official_emis,exact,unknown
CRI_001724,2138,CRI,LA AURORA,,1,,public,Costa Rica,Provincia Heredia,Heredia,Ulloa,urban,30,urban,9.98756965,-84.15056621,official_emis,exact,unknown
CRI_001725,2139,CRI,LA GRAN SAMARIA,,1,,public,Costa Rica,Provincia Heredia,Heredia,San Francisco,urban,30,urban,9.99341398,-84.14510857,official_emis,exact,unknown
CRI_001726,2140,CRI,PEDRO MURILLO PÉREZ,,1,,public,Costa Rica,Provincia Heredia,Barva,Barva,urban,30,urban,10.0208344,-84.12096631,official_emis,exact,unknown
CRI_001727,2142,CRI,I.D.A. EL PALMAR,,1,,public,Costa Rica,Provincia Heredia,Sarapiqui,Las Horquetas,rural,12,rural,10.41048546,-83.93398502,official_emis,exact,unknown
CRI_001728,2143,CRI,SAN BERNARDINO,,1,,public,Costa Rica,Provincia Heredia,Sarapiqui,Las Horquetas,rural,12,rural,10.23986925,-83.89239498,official_emis,exact,unknown
CRI_001729,2144,CRI,SANTA CECILIA,,1,,public,Costa Rica,Provincia Heredia,San Isidro,Concepción,urban,21,peri_urban,10.02916121,-84.03853181,official_emis,exact,unknown
CRI_001730,2145,CRI,LOURDES DE SACRAMENTO,,1,,public,Costa Rica,Provincia Heredia,Barva,San José de la Montaña,urban,12,rural,10.1078492,-84.12139726,official_emis,exact,unknown
CRI_001731,2146,CRI,ALBERTO PANIAGUA CHAVARRÍA,,1,,public,Costa Rica,Provincia Heredia,San Rafael,Los Ángeles,urban,21,peri_urban,10.03542702,-84.10763012,official_emis,exact,unknown
CRI_001732,2147,CRI,ULLOA,,1,,public,Costa Rica,Provincia Heredia,Heredia,Ulloa,urban,30,urban,9.97504097,-84.14073272,official_emis,exact,unknown
CRI_001733,2148,CRI,LA ALDEA,,1,,public,Costa Rica,Provincia Heredia,Sarapiqui,Llanuras del Gaspar,rural,12,rural,10.65171849,-83.84105823,official_emis,exact,unknown
CRI_001734,2149,CRI,LA UNION DEL TORO,,1,,public,Costa Rica,Provincia Heredia,Sarapiqui,Cureña,rural,12,rural,10.62142848,-84.04631446,official_emis,exact,unknown
CRI_001735,2150,CRI,BOCA DEL TORO,,1,,public,Costa Rica,Provincia Heredia,Sarapiqui,Cureña,rural,11,rural,10.67172719,-84.00005555,official_emis,exact,unknown
CRI_001736,2151,CRI,KAY RICA,,1,,public,Costa Rica,Provincia Heredia,Sarapiqui,La Virgen,rural,13,rural,10.44293921,-84.09187189,official_emis,exact,unknown
CRI_001737,2152,CRI,EL ROBLE,,1,,public,Costa Rica,Provincia Heredia,Santa Barbara,Santo Domingo,rural,21,peri_urban,10.07148335,-84.15731112,official_emis,exact,unknown
CRI_001738,2154,CRI,LA PLATANERA,,1,,public,Costa Rica,Provincia Heredia,Sarapiqui,Las Horquetas,rural,12,rural,10.37776222,-83.94057889,official_emis,exact,unknown
CRI_001739,2155,CRI,JESÚS,,1,,public,Costa Rica,Provincia Heredia,Santa Barbara,Jesús,urban,30,urban,10.04000356,-84.14623438,official_emis,exact,unknown
CRI_001740,2156,CRI,JOAQUÍN LIZANO GUTIÉRREZ,,1,,public,Costa Rica,Provincia Heredia,Heredia,Heredia,urban,30,urban,9.99942077,-84.11782644,official_emis,exact,unknown
CRI_001741,2157,CRI,LA PUEBLA,,1,,public,Costa Rica,Provincia Heredia,Heredia,Heredia,urban,30,urban,9.99434698,-84.10994295,official_emis,exact,unknown
CRI_001742,2158,CRI,FINCA DOS,,1,,public,Costa Rica,Provincia Heredia,Sarapiqui,Las Horquetas,rural,12,rural,10.35407195,-83.8817484,official_emis,exact,unknown
CRI_001743,2159,CRI,FIDEL CHAVES MURILLO,,1,,public,Costa Rica,Provincia Heredia,Belen,La Ribera,urban,30,urban,9.98781614,-84.18496874,official_emis,exact,unknown
CRI_001744,2160,CRI,LA TIGRA,,1,,public,Costa Rica,Provincia Heredia,Sarapiqui,Las Horquetas,rural,12,rural,10.41725536,-83.98326319,official_emis,exact,unknown
CRI_001745,2161,CRI,I.D.A. HUETAR,,1,,public,Costa Rica,Provincia Heredia,Sarapiqui,Las Horquetas,rural,12,rural,10.27025518,-83.91625737,official_emis,exact,unknown
CRI_001746,2162,CRI,LABORATORIO,,1,,public,Costa Rica,Provincia Heredia,Heredia,Santiago,urban,30,urban,10.0056193,-84.10948556,official_emis,exact,unknown
CRI_001747,2163,CRI,LLANO GRANDE,,1,,public,Costa Rica,Provincia Heredia,Sarapiqui,La Virgen,rural,12,rural,10.44712413,-84.12896782,official_emis,exact,unknown
CRI_001748,2164,CRI,LLORENTE DE FLORES,,1,,public,Costa Rica,Provincia Heredia,Flores,Llorente,urban,30,urban,9.99897046,-84.15805414,official_emis,exact,unknown
CRI_001749,2165,CRI,EL GASPAR,,1,,public,Costa Rica,Provincia Heredia,Sarapiqui,Llanuras del Gaspar,rural,11,rural,10.63329882,-83.87421848,official_emis,exact,unknown
CRI_001750,2166,CRI,CHIMURRIA,,1,,public,Costa Rica,Provincia Heredia,Sarapiqui,Llanuras del Gaspar,rural,11,rural,10.65410328,-83.89588127,official_emis,exact,unknown
CRI_001751,2167,CRI,LOS ANGELES DE LA VIRGEN,,1,,public,Costa Rica,Provincia Heredia,Sarapiqui,La Virgen,rural,12,rural,10.31852761,-84.15353631,official_emis,exact,unknown
CRI_001752,2168,CRI,LOS ANGELES DEL RIO,,1,,public,Costa Rica,Provincia Heredia,Sarapiqui,Cureña,rural,12,rural,10.68336275,-83.97588005,official_emis,exact,unknown
CRI_001753,2169,CRI,LOS ÁNGELES,,1,,public,Costa Rica,Provincia Heredia,San Rafael,Los Ángeles,urban,21,peri_urban,10.03751339,-84.08894967,official_emis,exact,unknown
CRI_001754,2170,CRI,LOS ARBOLITOS,,1,,public,Costa Rica,Provincia Heredia,Sarapiqui,Puerto Viejo,rural,12,rural,10.64250823,-83.99678149,official_emis,exact,unknown
CRI_001755,2171,CRI,LOS CARTAGOS,,1,,public,Costa Rica,Provincia Heredia,Santa Barbara,Santo Domingo,rural,12,rural,10.14000978,-84.15859325,official_emis,exact,unknown
CRI_001756,2172,CRI,ANICETO ESQUIVEL SÁENZ,,1,,public,Costa Rica,Provincia Heredia,Santa Barbara,Santo Domingo,rural,11,rural,10.08411829,-84.15897683,official_emis,exact,unknown
CRI_001757,2173,CRI,LOURDES,,1,,public,Costa Rica,Provincia Heredia,San Isidro,San Francisco,urban,30,urban,9.9992315,-84.06225825,official_emis,exact,unknown
CRI_001758,2174,CRI,JOSÉ FIGUERES FERRER,,1,,public,Costa Rica,Provincia Heredia,Heredia,Mercedes,urban,30,urban,10.00648112,-84.13094841,official_emis,exact,unknown
CRI_001759,2175,CRI,EL MONTECITO,,1,,public,Costa Rica,Provincia Heredia,San Rafael,Los Ángeles,urban,12,rural,10.06516161,-84.09203126,official_emis,exact,unknown
CRI_001760,2176,CRI,ARTURO MORALES GUTIÉRREZ,,1,,public,Costa Rica,Provincia Heredia,Barva,San José de la Montaña,urban,21,peri_urban,10.05464452,-84.11443699,official_emis,exact,unknown
CRI_001761,2177,CRI,EL MUELLE,,1,,public,Costa Rica,Provincia Heredia,Sarapiqui,Puerto Viejo,rural,12,rural,10.47625744,-84.01739933,official_emis,exact,unknown
CRI_001762,2178,CRI,I.M.A.S. DE ULLOA,,1,,public,Costa Rica,Provincia Heredia,Heredia,Ulloa,urban,30,urban,9.98586891,-84.13410571,official_emis,exact,unknown
CRI_001763,2179,CRI,EL JARDIN,,1,,public,Costa Rica,Provincia Heredia,Sarapiqui,Puerto Viejo,rural,12,rural,10.50256722,-83.89418678,official_emis,exact,unknown
CRI_001764,2180,CRI,ZAPOTE,,1,,public,Costa Rica,Provincia Heredia,Sarapiqui,Puerto Viejo,rural,12,rural,10.47907496,-83.90961136,official_emis,exact,unknown
CRI_001765,2181,CRI,LAS PALMITAS,,1,,public,Costa Rica,Provincia Heredia,Sarapiqui,La Virgen,rural,12,rural,10.42776879,-84.12876034,official_emis,exact,unknown
CRI_001766,2182,CRI,PORROSATÍ,,1,,public,Costa Rica,Provincia Heredia,Barva,San José de la Montaña,urban,12,rural,10.09243334,-84.1093185,official_emis,exact,unknown
CRI_001767,2183,CRI,PUERTO VIEJO,,1,,public,Costa Rica,Provincia Heredia,Sarapiqui,Puerto Viejo,rural,22,urban,10.454876,-84.00763574,official_emis,exact,unknown
CRI_001768,2184,CRI,EL NARANJAL,,1,,public,Costa Rica,Provincia Heredia,Sarapiqui,Puerto Viejo,rural,22,urban,10.45446429,-83.99728773,official_emis,exact,unknown
CRI_001769,2185,CRI,LA TRINIDAD,,1,,public,Costa Rica,Provincia Heredia,Sarapiqui,Puerto Viejo,rural,22,urban,10.4467565,-84.00281588,official_emis,exact,unknown
CRI_001770,2186,CRI,PUEBLO NUEVO,,1,,public,Costa Rica,Provincia Heredia,Sarapiqui,La Virgen,rural,11,rural,10.48246743,-84.10653648,official_emis,exact,unknown
CRI_001771,2187,CRI,PUENTE SALAS,,1,,public,Costa Rica,Provincia Heredia,Barva,San Pedro,urban,21,peri_urban,10.0358279,-84.13056007,official_emis,exact,unknown
CRI_001772,2188,CRI,RAFAEL MOYA MURILLO,,1,,public,Costa Rica,Provincia Heredia,Heredia,Heredia,urban,30,urban,9.99805354,-84.12225518,official_emis,exact,unknown
CRI_001773,2190,CRI,NEFTALÍ VILLALOBOS GUTIÉRREZ,,1,,public,Costa Rica,Provincia Heredia,San Pablo,Rincón de Sabanilla,urban,30,urban,9.98296261,-84.101627,official_emis,exact,unknown
CRI_001774,2191,CRI,SAN JOSE,,1,,public,Costa Rica,Provincia Heredia,Sarapiqui,Puerto Viejo,rural,12,rural,10.56821601,-84.00416464,official_emis,exact,unknown
CRI_001775,2192,CRI,TRANQUILINO SÁENZ ROJAS,,1,,public,Costa Rica,Provincia Heredia,Santa Barbara,San Juan,urban,30,urban,10.02074779,-84.16264553,official_emis,exact,unknown
CRI_001776,2193,CRI,SAN RAFAEL DE VARA BLANCA,,1,,public,Costa Rica,Provincia Heredia,Heredia,Varablanca,rural,12,rural,10.17419,-84.13611333,official_emis,exact,unknown
CRI_001777,2194,CRI,I.D.A. LA CHIRIPA,,1,,public,Costa Rica,Provincia Heredia,Sarapiqui,Las Horquetas,rural,12,rural,10.36527001,-83.96833451,official_emis,exact,unknown
CRI_001778,2195,CRI,ESPAÑA,,1,,public,Costa Rica,Provincia Heredia,Belen,San Antonio,urban,30,urban,9.98197276,-84.18660843,official_emis,exact,unknown
CRI_001779,2197,CRI,SAN FRANCISCO,,1,,public,Costa Rica,Provincia Heredia,Heredia,San Francisco,urban,30,urban,9.99587589,-84.13133187,official_emis,exact,unknown
CRI_001780,2198,CRI,JOSÉ MARTÍ,,1,,public,Costa Rica,Provincia Heredia,San Isidro,San Isidro,urban,30,urban,10.01654662,-84.05580923,official_emis,exact,unknown
CRI_001781,2200,CRI,ESTADOS UNIDOS DE AMÉRICA,,1,,public,Costa Rica,Provincia Heredia,Flores,San Joaquín,urban,30,urban,10.00382149,-84.1530787,official_emis,exact,unknown
CRI_001782,2202,CRI,SAN JOSÉ,,1,,public,Costa Rica,Provincia Heredia,San Rafael,San Josecito,urban,30,urban,10.00844276,-84.11088882,official_emis,exact,unknown
CRI_001783,2203,CRI,JESUS ARGÜELLO VILLALOBOS,,1,,public,Costa Rica,Provincia Heredia,San Isidro,San José,urban,30,urban,10.01843348,-84.03796985,official_emis,exact,unknown
CRI_001784,2204,CRI,SAN LUIS GONZAGA,,1,,public,Costa Rica,Provincia Heredia,Santo Domingo,Pará,urban,21,peri_urban,10.00782694,-84.03041152,official_emis,exact,unknown
CRI_001785,2205,CRI,SAN MIGUEL,,1,,public,Costa Rica,Provincia Heredia,Barva,San José de la Montaña,urban,21,peri_urban,10.06822939,-84.10652824,official_emis,exact,unknown
CRI_001786,2206,CRI,CRISTÓBAL COLÓN,,1,,public,Costa Rica,Provincia Heredia,Santo Domingo,Tures,urban,30,urban,9.98916785,-84.05880141,official_emis,exact,unknown
CRI_001787,2207,CRI,ESCUELA PRESBITERO RICARDO SALAS CAMPOS,,1,,public,Costa Rica,Provincia Heredia,Santo Domingo,San Miguel,urban,30,urban,9.98544416,-84.04924302,official_emis,exact,unknown
CRI_001788,2208,CRI,JOAQUÍN CAMACHO ULATE,,1,,public,Costa Rica,Provincia Heredia,Barva,San Pedro,urban,30,urban,10.02844944,-84.13803251,official_emis,exact,unknown
CRI_001789,2209,CRI,PEDRO MARIA BADILLA BOLAÑOS,,1,,public,Costa Rica,Provincia Heredia,San Rafael,San Rafael,urban,30,urban,10.01474319,-84.10057707,official_emis,exact,unknown
CRI_001790,2211,CRI,SAN ANTONIO,,1,,public,Costa Rica,Provincia Heredia,Sarapiqui,Llanuras del Gaspar,rural,11,rural,10.74398908,-83.80940494,official_emis,exact,unknown
CRI_001791,2212,CRI,CALLE QUIRÓS,,1,,public,Costa Rica,Provincia Heredia,Santa Barbara,Purabá,urban,21,peri_urban,10.07126064,-84.1479464,official_emis,exact,unknown
CRI_001792,2213,CRI,SAN RAMON,,1,,public,Costa Rica,Provincia Heredia,Sarapiqui,La Virgen,rural,12,rural,10.34521077,-84.13193786,official_emis,exact,unknown
CRI_001793,2214,CRI,RAFAEL ARGUEDAS GUTIÉRREZ,,1,,public,Costa Rica,Provincia Heredia,Barva,San Roque,urban,30,urban,10.01574886,-84.13463299,official_emis,exact,unknown
CRI_001794,2216,CRI,JUAN MORA FERNÁNDEZ,,1,,public,Costa Rica,Provincia Heredia,Santa Barbara,Santa Bárbara,urban,30,urban,10.03663811,-84.16005016,official_emis,exact,unknown
CRI_001795,2217,CRI,CALLE HERNÁNDEZ,,1,,public,Costa Rica,Provincia Heredia,San Rafael,Los Ángeles,urban,21,peri_urban,10.03276517,-84.08361452,official_emis,exact,unknown
CRI_001796,2218,CRI,SANTA ELENA,,1,,public,Costa Rica,Provincia Heredia,San Isidro,San José,urban,21,peri_urban,10.02605041,-84.02176996,official_emis,exact,unknown
CRI_001797,2219,CRI,RUBÉN DARÍO,,1,,public,Costa Rica,Provincia Heredia,Santo Domingo,Santa Rosa,urban,30,urban,9.97475566,-84.09629096,official_emis,exact,unknown
CRI_001798,2220,CRI,SANTO TOMÁS,,1,,public,Costa Rica,Provincia Heredia,Santo Domingo,Santo Tomás,urban,30,urban,9.97996439,-84.07831063,official_emis,exact,unknown
CRI_001799,2221,CRI,JOSÉ EZEQUIEL GONZÁLEZ VINDAS,,1,,public,Costa Rica,Provincia Heredia,San Pablo,San Pablo,urban,30,urban,9.99545998,-84.09767816,official_emis,exact,unknown
CRI_001800,2223,CRI,ELISA SOTO JIMÉNEZ,,1,,public,Costa Rica,Provincia Heredia,Santa Barbara,San Pedro,urban,30,urban,10.02771735,-84.17141215,official_emis,exact,unknown
CRI_001801,2224,CRI,DOMINGO GONZÁLEZ PÉREZ,,1,,public,Costa Rica,Provincia Heredia,Barva,Santa Lucía,urban,30,urban,10.01352931,-84.11811737,official_emis,exact,unknown
CRI_001802,2225,CRI,JULIA FERNÁNDEZ DE CORTÉS,,1,,public,Costa Rica,Provincia Heredia,Heredia,Varablanca,rural,12,rural,10.17271261,-84.15781595,official_emis,exact,unknown
CRI_001803,2226,CRI,VILLALOBOS,,1,,public,Costa Rica,Provincia Heredia,Heredia,Ulloa,urban,30,urban,9.96754288,-84.12157283,official_emis,exact,unknown
CRI_001804,2227,CRI,CLAUDIO LARA CAMPOS,,1,,public,Costa Rica,Provincia Heredia,Sarapiqui,La Virgen,rural,13,rural,10.40091883,-84.13490207,official_emis,exact,unknown
CRI_001805,2228,CRI,VIRGEN DEL SOCORRO,,1,,public,Costa Rica,Provincia Alajuela,Alajuela,Sarapiquí,rural,12,rural,10.27751757,-84.16362232,official_emis,exact,unknown
CRI_001806,2229,CRI,RODOLFO PETERS SCHEIDER,,1,,public,Costa Rica,Provincia Heredia,Santa Barbara,Purabá,urban,21,peri_urban,10.05558491,-84.16410253,official_emis,exact,unknown
CRI_001807,2231,CRI,FINCA AGUA,,1,,public,Costa Rica,Provincia Heredia,Sarapiqui,Las Horquetas,rural,12,rural,10.38179931,-83.91128084,official_emis,exact,unknown
CRI_001808,2232,CRI,FINCA UNO,,1,,public,Costa Rica,Provincia Heredia,Sarapiqui,Las Horquetas,rural,12,rural,10.37457351,-83.88733331,official_emis,exact,unknown
CRI_001809,2233,CRI,CUBUJUQUI,,1,,public,Costa Rica,Provincia Heredia,Sarapiqui,Las Horquetas,rural,13,rural,10.26079549,-83.94233275,official_emis,exact,unknown
CRI_001810,2234,CRI,LA GUARIA,,1,,public,Costa Rica,Provincia Heredia,Sarapiqui,Puerto Viejo,rural,22,urban,10.4532583,-84.02569761,official_emis,exact,unknown
CRI_001811,2235,CRI,JOSÉ RAMÓN HERNÁNDEZ BADILLA,,1,,public,Costa Rica,Provincia Heredia,Heredia,Heredia,urban,30,urban,9.99303847,-84.12148356,official_emis,exact,unknown
CRI_001812,2236,CRI,FINCA SEIS,,1,,public,Costa Rica,Provincia Heredia,Sarapiqui,Las Horquetas,rural,22,urban,10.32114943,-83.88545577,official_emis,exact,unknown
CRI_001813,2237,CRI,FINCA CUATRO,,1,,public,Costa Rica,Provincia Heredia,Sarapiqui,Las Horquetas,rural,22,urban,10.33078365,-83.88135345,official_emis,exact,unknown
CRI_001814,2238,CRI,FINCA OCHO,,1,,public,Costa Rica,Provincia Heredia,Sarapiqui,Las Horquetas,rural,13,rural,10.30212684,-83.87634258,official_emis,exact,unknown
CRI_001815,2239,CRI,FINCA DIEZ,,1,,public,Costa Rica,Provincia Heredia,Sarapiqui,Las Horquetas,rural,12,rural,10.28481255,-83.87542651,official_emis,exact,unknown
CRI_001816,2240,CRI,SANTA EDUVIGES,,1,,public,Costa Rica,Provincia Heredia,Sarapiqui,Las Horquetas,rural,12,rural,10.38382454,-83.94587248,official_emis,exact,unknown
CRI_001817,2241,CRI,LA CONQUISTA,,1,,public,Costa Rica,Provincia Heredia,Sarapiqui,Las Horquetas,rural,12,rural,10.39208614,-83.95324966,official_emis,exact,unknown
CRI_001818,2242,CRI,FINCA TRES,,1,,public,Costa Rica,Provincia Heredia,Sarapiqui,Las Horquetas,rural,11,rural,10.34685011,-83.86879562,official_emis,exact,unknown
CRI_001819,2243,CRI,FINCA CINCO,,1,,public,Costa Rica,Provincia Heredia,Sarapiqui,Las Horquetas,rural,12,rural,10.33710809,-83.85775599,official_emis,exact,unknown
CRI_001820,2244,CRI,FINCA SIETE,,1,,public,Costa Rica,Provincia Heredia,Sarapiqui,Las Horquetas,rural,12,rural,10.30572918,-83.86487706,official_emis,exact,unknown
CRI_001821,2245,CRI,FINCA ONCE,,1,,public,Costa Rica,Provincia Heredia,Sarapiqui,Las Horquetas,rural,22,urban,10.32107798,-83.90254139,official_emis,exact,unknown
CRI_001822,2246,CRI,SAN JOSE DE RIO SUCIO,,1,,public,Costa Rica,Provincia Heredia,Sarapiqui,Puerto Viejo,rural,13,rural,10.52255375,-83.99396897,official_emis,exact,unknown
CRI_001823,2247,CRI,BAJO DEL VIRILLA,,1,,public,Costa Rica,Provincia Heredia,Heredia,Ulloa,urban,30,urban,9.96252216,-84.11092615,official_emis,exact,unknown
CRI_001824,2248,CRI,MERCEDES SUR,,1,,public,Costa Rica,Provincia Heredia,Heredia,Mercedes,urban,30,urban,10.00155017,-84.13999022,official_emis,exact,unknown
CRI_001825,2249,CRI,MIGUEL AGUILAR BONILLA,,1,,public,Costa Rica,Provincia Heredia,San Rafael,Los Ángeles,urban,30,urban,10.02164571,-84.10428364,official_emis,exact,unknown
CRI_001826,2250,CRI,I.D.A. SAN RAMÓN,,1,,public,Costa Rica,Provincia Guanacaste,Bagaces,Bagaces,urban,12,rural,10.49046927,-85.38229928,official_emis,exact,unknown
CRI_001827,2251,CRI,AGUA CALIENTE,,1,,public,Costa Rica,Provincia Guanacaste,Bagaces,Bagaces,urban,12,rural,10.46828615,-85.22504266,official_emis,exact,unknown
CRI_001828,2252,CRI,TEMPATAL,,1,,public,Costa Rica,Provincia Guanacaste,La Cruz,La Cruz,urban,12,rural,11.02608019,-85.66559385,official_emis,exact,unknown
CRI_001829,2253,CRI,PUEBLO NUEVO,,1,,public,Costa Rica,Provincia Guanacaste,Liberia,Liberia,urban,30,urban,10.64207681,-85.42434711,official_emis,exact,unknown
CRI_001830,2254,CRI,MAQUENCAL,,1,,public,Costa Rica,Provincia Guanacaste,La Cruz,Santa Cecilia,rural,11,rural,11.0826571,-85.39605506,official_emis,exact,unknown
CRI_001831,2255,CRI,ALBA OCAMPO ALVARADO,,1,,public,Costa Rica,Provincia Guanacaste,Liberia,Liberia,urban,30,urban,10.63017735,-85.44130796,official_emis,exact,unknown
CRI_001832,2256,CRI,EL PORVENIR,,1,,public,Costa Rica,Provincia Guanacaste,La Cruz,La Garita,rural,11,rural,11.13952818,-85.56411294,official_emis,exact,unknown
CRI_001833,2257,CRI,GENERAL TOMAS GUARDIA GUTIERREZ,,1,,public,Costa Rica,Provincia Guanacaste,Bagaces,Bagaces,urban,13,rural,10.52546533,-85.25519035,official_emis,exact,unknown
CRI_001834,2258,CRI,AGUA CALIENTE,,1,,public,Costa Rica,Provincia Guanacaste,La Cruz,Santa Elena,rural,11,rural,10.93148985,-85.65575597,official_emis,exact,unknown
CRI_001835,2259,CRI,BARRIO GUADALUPE,,1,,public,Costa Rica,Provincia Guanacaste,Liberia,Curubandé,rural,21,peri_urban,10.65906383,-85.4696442,official_emis,exact,unknown
CRI_001836,2260,CRI,CORAZÓN DE JESÚS,,1,,public,Costa Rica,Provincia Guanacaste,Bagaces,Bagaces,urban,12,rural,10.51286043,-85.24662547,official_emis,exact,unknown
CRI_001837,2261,CRI,SAN VICENTE,,1,,public,Costa Rica,Provincia Guanacaste,La Cruz,Santa Cecilia,rural,11,rural,11.10870318,-85.36531919,official_emis,exact,unknown
CRI_001838,2262,CRI,LAS DELICIAS,,1,,public,Costa Rica,Provincia Guanacaste,Liberia,Liberia,urban,12,rural,10.64629952,-85.46299069,official_emis,exact,unknown
CRI_001839,2263,CRI,BUENA VISTA,,1,,public,Costa Rica,Provincia Guanacaste,Liberia,Cañas Dulces,rural,12,rural,10.74981701,-85.46884361,official_emis,exact,unknown
CRI_001840,2264,CRI,GIL TABLADA COREA,,1,,public,Costa Rica,Provincia Guanacaste,La Cruz,La Cruz,urban,12,rural,11.01637636,-85.72378306,official_emis,exact,unknown
CRI_001841,2265,CRI,CAÑAS DULCES,,1,,public,Costa Rica,Provincia Guanacaste,Liberia,Cañas Dulces,rural,12,rural,10.73488133,-85.47771056,official_emis,exact,unknown
CRI_001842,2266,CRI,I.D.A. BAGATZI,,1,,public,Costa Rica,Provincia Guanacaste,Bagaces,Bagaces,urban,11,rural,10.40565624,-85.31031301,official_emis,exact,unknown
CRI_001843,2267,CRI,I.D.A. LAS PLAYITAS,,1,,public,Costa Rica,Provincia Guanacaste,Bagaces,Bagaces,urban,11,rural,10.44673018,-85.35920318,official_emis,exact,unknown
CRI_001844,2268,CRI,EL ARBOLITO,,1,,public,Costa Rica,Provincia Guanacaste,Bagaces,Bagaces,urban,12,rural,10.52040445,-85.23904934,official_emis,exact,unknown
CRI_001845,2269,CRI,RODEITO,,1,,public,Costa Rica,Provincia Guanacaste,Liberia,Liberia,rural,11,rural,10.63961298,-85.49323207,official_emis,exact,unknown
CRI_001846,2271,CRI,NUEVA GENERACION,,1,,public,Costa Rica,Provincia Guanacaste,Liberia,Curubandé,rural,12,rural,10.65960333,-85.45570748,official_emis,exact,unknown
CRI_001847,2273,CRI,BARRIO IRVIN,,1,,public,Costa Rica,Provincia Guanacaste,La Cruz,La Cruz,urban,22,urban,11.06476872,-85.62691189,official_emis,exact,unknown
CRI_001848,2274,CRI,EL CAPULIN,,1,,public,Costa Rica,Provincia Guanacaste,Liberia,Liberia,urban,30,urban,10.62487481,-85.4564909,official_emis,exact,unknown
CRI_001849,2275,CRI,COLONIA BOLAÑOS,,1,,public,Costa Rica,Provincia Guanacaste,La Cruz,La Cruz,urban,11,rural,10.97058592,-85.62154717,official_emis,exact,unknown
CRI_001850,2276,CRI,LA LIBERTAD,,1,,public,Costa Rica,Provincia Guanacaste,La Cruz,La Cruz,rural,11,rural,11.17661169,-85.54299439,official_emis,exact,unknown
CRI_001851,2277,CRI,COPALCHI,,1,,public,Costa Rica,Provincia Guanacaste,La Cruz,La Cruz,urban,11,rural,11.15400241,-85.61933955,official_emis,exact,unknown
CRI_001852,2278,CRI,CUAJINIQUIL,,1,,public,Costa Rica,Provincia Guanacaste,La Cruz,Santa Elena,rural,13,rural,10.94211218,-85.68163696,official_emis,exact,unknown
CRI_001853,2279,CRI,CUIPILAPA,,1,,public,Costa Rica,Provincia Guanacaste,Bagaces,La Fortuna,rural,12,rural,10.67022652,-85.15939242,official_emis,exact,unknown
CRI_001854,2280,CRI,CURUBANDE,,1,,public,Costa Rica,Provincia Guanacaste,Liberia,Curubandé,rural,12,rural,10.71993657,-85.41003116,official_emis,exact,unknown
CRI_001855,2281,CRI,SANTA ELENA,,1,,public,Costa Rica,Provincia Guanacaste,La Cruz,Santa Cecilia,rural,12,rural,11.10636524,-85.42096421,official_emis,exact,unknown
CRI_001856,2282,CRI,ESCUELA DE GUARDIA,,1,,public,Costa Rica,Provincia Guanacaste,Liberia,Nacascolo,urban,12,rural,10.56556229,-85.59016242,official_emis,exact,unknown
CRI_001857,2283,CRI,PIJIJE,,1,,public,Costa Rica,Provincia Guanacaste,Bagaces,Bagaces,urban,12,rural,10.54497186,-85.35238633,official_emis,exact,unknown
CRI_001858,2285,CRI,LOS ANGELES,,1,,public,Costa Rica,Provincia Guanacaste,La Cruz,Santa Cecilia,rural,12,rural,11.04956047,-85.40575067,official_emis,exact,unknown
CRI_001859,2286,CRI,LAS VUELTAS,,1,,public,Costa Rica,Provincia Guanacaste,La Cruz,La Cruz,urban,11,rural,11.17175718,-85.61629672,official_emis,exact,unknown
CRI_001860,2287,CRI,CORAZÓN DE JESÚS,,1,,public,Costa Rica,Provincia Guanacaste,Liberia,Liberia,urban,30,urban,10.64266177,-85.44572571,official_emis,exact,unknown
CRI_001861,2288,CRI,MARCELINO GARCÍA FLAMENCO,,1,,public,Costa Rica,Provincia Guanacaste,Liberia,Mayorga,rural,12,rural,10.84464257,-85.4921651,official_emis,exact,unknown
CRI_001862,2289,CRI,EL CONSUELO,,1,,public,Costa Rica,Provincia Guanacaste,Liberia,Mayorga,rural,12,rural,10.84976236,-85.47276481,official_emis,exact,unknown
CRI_001863,2290,CRI,GUAPINOL,,1,,public,Costa Rica,Provincia Guanacaste,La Cruz,La Garita,rural,12,rural,11.11457191,-85.57339853,official_emis,exact,unknown
CRI_001864,2291,CRI,EL GUAYABO,,1,,public,Costa Rica,Provincia Guanacaste,Bagaces,Mogote,rural,13,rural,10.70851617,-85.2255566,official_emis,exact,unknown
CRI_001865,2292,CRI,IRIGARAY,,1,,public,Costa Rica,Provincia Guanacaste,Liberia,Cañas Dulces,rural,12,rural,10.72365327,-85.51096242,official_emis,exact,unknown
CRI_001866,2293,CRI,SALVADOR VILLAR MUÑOZ,,1,,public,Costa Rica,Provincia Guanacaste,La Cruz,La Cruz,urban,22,urban,11.07713987,-85.63144203,official_emis,exact,unknown
CRI_001867,2294,CRI,RINCÓN DE LA VIEJA,,1,,public,Costa Rica,Provincia Guanacaste,Liberia,Liberia,urban,11,rural,10.73891413,-85.32868192,official_emis,exact,unknown
CRI_001868,2295,CRI,FALCONIANA,,1,,public,Costa Rica,Provincia Guanacaste,Bagaces,Bagaces,urban,11,rural,10.43049123,-85.26120495,official_emis,exact,unknown
CRI_001869,2296,CRI,FAUSTO GUZMÁN CALVO,,1,,public,Costa Rica,Provincia Guanacaste,Bagaces,La Fortuna,rural,13,rural,10.67331851,-85.19971467,official_emis,exact,unknown
CRI_001870,2297,CRI,LA GARITA,,1,,public,Costa Rica,Provincia Guanacaste,La Cruz,La Garita,rural,12,rural,11.08698558,-85.55300645,official_emis,exact,unknown
CRI_001871,2298,CRI,LA VIRGEN,,1,,public,Costa Rica,Provincia Guanacaste,La Cruz,Santa Cecilia,rural,11,rural,11.11049316,-85.38281494,official_emis,exact,unknown
CRI_001872,2299,CRI,LABORATORIO JOHN FITGERALD KENNEDY,,1,,public,Costa Rica,Provincia Guanacaste,Liberia,Liberia,urban,30,urban,10.62320797,-85.44998866,official_emis,exact,unknown
CRI_001873,2300,CRI,LAS BRISAS,,1,,public,Costa Rica,Provincia Guanacaste,La Cruz,La Cruz,rural,12,rural,11.17192944,-85.56975781,official_emis,exact,unknown
CRI_001874,2301,CRI,LAS LILAS,,1,,public,Costa Rica,Provincia Guanacaste,Liberia,Cañas Dulces,rural,12,rural,10.8310882,-85.451697,official_emis,exact,unknown
CRI_001875,2302,CRI,LIMONAL,,1,,public,Costa Rica,Provincia Guanacaste,Bagaces,Mogote,rural,11,rural,10.69536254,-85.26324788,official_emis,exact,unknown
CRI_001876,2303,CRI,LOS ANDES,,1,,public,Costa Rica,Provincia Guanacaste,La Cruz,La Garita,rural,11,rural,11.10912915,-85.51680436,official_emis,exact,unknown
CRI_001877,2305,CRI,CELESTINO ALVAREZ RUÍZ,,1,,public,Costa Rica,Provincia Guanacaste,Bagaces,Bagaces,urban,12,rural,10.52576836,-85.19010931,official_emis,exact,unknown
CRI_001878,2306,CRI,MONTENEGRO,,1,,public,Costa Rica,Provincia Guanacaste,Bagaces,Bagaces,urban,12,rural,10.47857003,-85.2090294,official_emis,exact,unknown
CRI_001879,2307,CRI,LLANOS DE CORTÉS,,1,,public,Costa Rica,Provincia Guanacaste,Bagaces,Bagaces,urban,12,rural,10.51510256,-85.29081163,official_emis,exact,unknown
CRI_001880,2308,CRI,MORACIA,,1,,public,Costa Rica,Provincia Guanacaste,Liberia,Liberia,urban,30,urban,10.63578595,-85.42984565,official_emis,exact,unknown
CRI_001881,2309,CRI,ASCENSION ESQUIVEL IBARRA,,1,,public,Costa Rica,Provincia Guanacaste,Liberia,Liberia,urban,30,urban,10.62926542,-85.43718981,official_emis,exact,unknown
CRI_001882,2310,CRI,PUEBLO NUEVO,,1,,public,Costa Rica,Provincia Guanacaste,Bagaces,Mogote,rural,12,rural,10.73081008,-85.24245592,official_emis,exact,unknown
CRI_001883,2311,CRI,RINCÓN DE LA CRUZ,,1,,public,Costa Rica,Provincia Alajuela,Bagaces,Aguas Claras,rural,12,rural,10.76038519,-85.21913733,official_emis,exact,unknown
CRI_001884,2312,CRI,SAN FERNANDO,,1,,public,Costa Rica,Provincia Guanacaste,La Cruz,La Garita,rural,11,rural,11.15218086,-85.53638094,official_emis,exact,unknown
CRI_001885,2313,CRI,SALITRAL,,1,,public,Costa Rica,Provincia Guanacaste,Bagaces,Bagaces,urban,12,rural,10.5934149,-85.2436003,official_emis,exact,unknown
CRI_001886,2314,CRI,SAN BERNARDO,,1,,public,Costa Rica,Provincia Guanacaste,Bagaces,La Fortuna,rural,12,rural,10.63605978,-85.19970046,official_emis,exact,unknown
CRI_001887,2315,CRI,SAN DIMAS,,1,,public,Costa Rica,Provincia Guanacaste,La Cruz,La Cruz,urban,12,rural,11.17776851,-85.60397973,official_emis,exact,unknown
CRI_001888,2316,CRI,SAN ISIDRO,,1,,public,Costa Rica,Provincia Guanacaste,Bagaces,Mogote,rural,11,rural,10.66409598,-85.26267303,official_emis,exact,unknown
CRI_001889,2317,CRI,SAN JORGE,,1,,public,Costa Rica,Provincia Guanacaste,Bagaces,Mogote,rural,11,rural,10.72967687,-85.29801326,official_emis,exact,unknown
CRI_001890,2318,CRI,SAN PEDRO DE MOGOTE,,1,,public,Costa Rica,Provincia Guanacaste,Bagaces,Mogote,rural,11,rural,10.66614985,-85.23637465,official_emis,exact,unknown
CRI_001891,2319,CRI,SAN ROQUE,,1,,public,Costa Rica,Provincia Guanacaste,Liberia,Liberia,urban,30,urban,10.64219329,-85.43484115,official_emis,exact,unknown
CRI_001892,2321,CRI,SANTA CECILIA,,1,,public,Costa Rica,Provincia Guanacaste,La Cruz,Santa Cecilia,rural,13,rural,11.06230569,-85.41490408,official_emis,exact,unknown
CRI_001893,2322,CRI,SANTA FE,,1,,public,Costa Rica,Provincia Guanacaste,Bagaces,La Fortuna,rural,11,rural,10.56257128,-85.15227324,official_emis,exact,unknown
CRI_001894,2323,CRI,JESÚS DE NAZARETH,,1,,public,Costa Rica,Provincia Guanacaste,Liberia,Liberia,urban,30,urban,10.64919384,-85.4341533,official_emis,exact,unknown
CRI_001895,2324,CRI,EL TRIUNFO,,1,,public,Costa Rica,Provincia Guanacaste,Liberia,Nacascolo,urban,11,rural,10.70845854,-85.62823213,official_emis,exact,unknown
CRI_001896,2325,CRI,BELLO HORIZONTE,,1,,public,Costa Rica,Provincia Guanacaste,La Cruz,La Cruz,urban,11,rural,10.99155836,-85.65261439,official_emis,exact,unknown
CRI_001897,2326,CRI,ADOLFO BERGER FAERRON,,1,,public,Costa Rica,Provincia Guanacaste,Bagaces,Mogote,rural,12,rural,10.68601434,-85.21098268,official_emis,exact,unknown
CRI_001898,2327,CRI,SONZAPOTE,,1,,public,Costa Rica,Provincia Guanacaste,La Cruz,La Cruz,urban,12,rural,11.1112802,-85.61010123,official_emis,exact,unknown
CRI_001899,2328,CRI,LA VICTORIA,,1,,public,Costa Rica,Provincia Guanacaste,Liberia,Liberia,urban,30,urban,10.62694078,-85.43060003,official_emis,exact,unknown
CRI_001900,2329,CRI,BARRIO LA CRUZ,,1,,public,Costa Rica,Provincia Guanacaste,Liberia,Liberia,urban,21,peri_urban,10.60642287,-85.43978782,official_emis,exact,unknown
CRI_001901,2330,CRI,PELON DE LA BAJURA,,1,,public,Costa Rica,Provincia Guanacaste,Liberia,Liberia,urban,12,rural,10.48963905,-85.41107366,official_emis,exact,unknown
CRI_001902,2331,CRI,ACOYAPA,,1,,public,Costa Rica,Provincia Guanacaste,Nicoya,Mansión,rural,12,rural,10.0781078,-85.27400446,official_emis,exact,unknown
CRI_001903,2332,CRI,PUERTO JESUS,,1,,public,Costa Rica,Provincia Guanacaste,Nicoya,Mansión,rural,12,rural,10.11199185,-85.2707055,official_emis,exact,unknown
CRI_001904,2333,CRI,MATAMBAS,,1,,public,Costa Rica,Provincia Guanacaste,Nicoya,San Antonio,rural,11,rural,10.17544394,-85.42166407,official_emis,exact,unknown
CRI_001905,2335,CRI,SAN FERNANDO,,1,,public,Costa Rica,Provincia Guanacaste,Nicoya,Sámara,rural,12,rural,9.92108967,-85.5356834,official_emis,exact,unknown
CRI_001906,2336,CRI,CUESTA ROJA,,1,,public,Costa Rica,Provincia Guanacaste,Hojancha,Monte Romo,urban,11,rural,9.98661676,-85.39304727,official_emis,exact,unknown
CRI_001907,2337,CRI,CAIMITALITO,,1,,public,Costa Rica,Provincia Guanacaste,Nicoya,Belén de Nosarita,rural,12,rural,10.05903691,-85.49233486,official_emis,exact,unknown
CRI_001908,2338,CRI,CHINAMPAS,,1,,public,Costa Rica,Provincia Guanacaste,Nicoya,Sámara,rural,12,rural,9.92386036,-85.491802,official_emis,exact,unknown
CRI_001909,2339,CRI,PUERTO MORENO,,1,,public,Costa Rica,Provincia Guanacaste,Nicoya,Quebrada Honda,rural,12,rural,10.20472024,-85.25150478,official_emis,exact,unknown
CRI_001910,2340,CRI,ALTOS DEL SOCORRO,,1,,public,Costa Rica,Provincia Guanacaste,Hojancha,Monte Romo,urban,11,rural,9.9587759,-85.39945162,official_emis,exact,unknown
CRI_001911,2341,CRI,ANTONIO MACEO Y GRAJALES,,1,,public,Costa Rica,Provincia Guanacaste,Nicoya,Mansión,rural,13,rural,10.10210556,-85.3719854,official_emis,exact,unknown
CRI_001912,2342,CRI,ARBOLITO,,1,,public,Costa Rica,Provincia Guanacaste,Hojancha,Puerto Carrillo,rural,12,rural,9.92597093,-85.43147749,official_emis,exact,unknown
CRI_001913,2344,CRI,ULISES DELGADO AGUILERA,,1,,public,Costa Rica,Provincia Guanacaste,Nicoya,San Antonio,rural,12,rural,10.25728994,-85.49109467,official_emis,exact,unknown
CRI_001914,2345,CRI,COLONIA DE VALLE,,1,,public,Costa Rica,Provincia Guanacaste,Nandayure,Bejuco,rural,12,rural,9.88095232,-85.33371711,official_emis,exact,unknown
CRI_001915,2346,CRI,MOROTE,,1,,public,Costa Rica,Provincia Guanacaste,Nandayure,Santa Rita,rural,11,rural,10.058397212471125,-85.25510062598568,admin_centroid,approximate,unknown
CRI_001916,2347,CRI,BARCO QUEBRADO,,1,,public,Costa Rica,Provincia Guanacaste,Nicoya,Sámara,rural,12,rural,9.90114397,-85.58866815,official_emis,exact,unknown
CRI_001917,2349,CRI,SAN GERARDO,,1,,public,Costa Rica,Provincia Guanacaste,Hojancha,Hojancha,rural,12,rural,10.05102296,-85.44192935,official_emis,exact,unknown
CRI_001918,2350,CRI,BEJUCO,,1,,public,Costa Rica,Provincia Guanacaste,Nandayure,Bejuco,rural,12,rural,9.851759,-85.32906752,official_emis,exact,unknown
CRI_001919,2352,CRI,BELEN,,1,,public,Costa Rica,Provincia Guanacaste,Nicoya,Belén de Nosarita,rural,12,rural,10.02846767,-85.50416248,official_emis,exact,unknown
CRI_001920,2353,CRI,BELLA VISTA,,1,,public,Costa Rica,Provincia Guanacaste,Nandayure,Porvenir,rural,12,rural,9.9534855,-85.28027162,official_emis,exact,unknown
CRI_001921,2354,CRI,CAMARONAL,,1,,public,Costa Rica,Provincia Guanacaste,Nandayure,Zapotal,rural,11,rural,9.86819397,-85.44260026,official_emis,exact,unknown
CRI_001922,2355,CRI,BETANIA,,1,,public,Costa Rica,Provincia Guanacaste,Hojancha,Puerto Carrillo,rural,11,rural,9.9636397,-85.44367122,official_emis,exact,unknown
CRI_001923,2356,CRI,LOS ANGELES,,1,,public,Costa Rica,Provincia Guanacaste,Nicoya,Nicoya,urban,21,peri_urban,10.1504342,-85.44760065,official_emis,exact,unknown
CRI_001924,2358,CRI,SERAPIO LOPEZ FAJARDO,,1,,public,Costa Rica,Provincia Guanacaste,Nicoya,Nosara,rural,13,rural,9.98051682,-85.65097767,official_emis,exact,unknown
CRI_001925,2359,CRI,BUENA VISTA,,1,,public,Costa Rica,Provincia Guanacaste,Nicoya,Sámara,rural,11,rural,9.91268102,-85.54070218,official_emis,exact,unknown
CRI_001926,2360,CRI,CABALLITO,,1,,public,Costa Rica,Provincia Guanacaste,Nicoya,Quebrada Honda,rural,12,rural,10.23638928,-85.34626746,official_emis,exact,unknown
CRI_001927,2361,CRI,CACAO,,1,,public,Costa Rica,Provincia Guanacaste,Nandayure,Santa Rita,rural,12,rural,10.05152611,-85.28680051,official_emis,exact,unknown
CRI_001928,2362,CRI,CUPERTINO BRICEÑO BALTODANO,,1,,public,Costa Rica,Provincia Guanacaste,Nicoya,Nicoya,urban,12,rural,10.06709856,-85.47451465,official_emis,exact,unknown
CRI_001929,2363,CRI,TORTUGUERO,,1,,public,Costa Rica,Provincia Guanacaste,Nicoya,Quebrada Honda,rural,12,rural,10.18503452,-85.27740986,official_emis,exact,unknown
CRI_001930,2364,CRI,SANTOS CARRILLO,,1,,public,Costa Rica,Provincia Guanacaste,Nicoya,Quebrada Honda,rural,12,rural,10.20237444,-85.27554307,official_emis,exact,unknown
CRI_001931,2365,CRI,CERRO NEGRO,,1,,public,Costa Rica,Provincia Guanacaste,Nicoya,Nicoya,urban,11,rural,10.09322603,-85.58413022,official_emis,exact,unknown
CRI_001932,2366,CRI,LA ESPERANZA DE GARZA,,1,,public,Costa Rica,Provincia Guanacaste,Nicoya,Nosara,rural,13,rural,9.93665411,-85.64881214,official_emis,exact,unknown
CRI_001933,2367,CRI,COLAS DE GALLO,,1,,public,Costa Rica,Provincia Guanacaste,Nicoya,Nicoya,urban,11,rural,10.16018165,-85.54896998,official_emis,exact,unknown
CRI_001934,2368,CRI,PBRO. JOSE DANIEL CARMONA BRICEÑO,,1,,public,Costa Rica,Provincia Guanacaste,Nandayure,Carmona,urban,13,rural,9.99394376,-85.25263439,official_emis,exact,unknown
CRI_001935,2369,CRI,CERRILLOS,,1,,public,Costa Rica,Provincia Guanacaste,Hojancha,Hojancha,rural,11,rural,10.08751257,-85.3938341,official_emis,exact,unknown
CRI_001936,2370,CRI,CONCEPCION,,1,,public,Costa Rica,Provincia Guanacaste,Nicoya,Belén de Nosarita,rural,11,rural,9.96025557,-85.48069529,official_emis,exact,unknown
CRI_001937,2371,CRI,BLAS MONTES LEAL,,1,,public,Costa Rica,Provincia Guanacaste,Nicoya,Quebrada Honda,rural,12,rural,10.16993922,-85.26402602,official_emis,exact,unknown
CRI_001938,2372,CRI,COROZALITO,,1,,public,Costa Rica,Provincia Guanacaste,Nandayure,Bejuco,rural,12,rural,9.86191374,-85.36654083,official_emis,exact,unknown
CRI_001939,2373,CRI,CORRAL DE PIEDRA,,1,,public,Costa Rica,Provincia Guanacaste,Nicoya,San Antonio,rural,11,rural,10.23257539,-85.32892409,official_emis,exact,unknown
CRI_001940,2374,CRI,LEON CORTES CASTRO,,1,,public,Costa Rica,Provincia Guanacaste,Nicoya,San Antonio,rural,12,rural,10.21984934,-85.37420914,official_emis,exact,unknown
CRI_001941,2375,CRI,CUAJINIQUIL,,1,,public,Costa Rica,Provincia Guanacaste,Nicoya,Belén de Nosarita,rural,12,rural,10.03588829,-85.5229891,official_emis,exact,unknown
CRI_001942,2376,CRI,CUESTA GRANDE,,1,,public,Costa Rica,Provincia Guanacaste,Nicoya,Belén de Nosarita,rural,12,rural,10.00131145,-85.5043233,official_emis,exact,unknown
CRI_001943,2377,CRI,CERRO AZUL,,1,,public,Costa Rica,Provincia Guanacaste,Nandayure,Porvenir,rural,12,rural,9.93869672,-85.29816103,official_emis,exact,unknown
CRI_001944,2378,CRI,JUAN DE LEON,,1,,public,Costa Rica,Provincia Puntarenas,Puntarenas,Lepanto,rural,11,rural,9.9000664,-85.20989174,official_emis,exact,unknown
CRI_001945,2379,CRI,NOSARITA,,1,,public,Costa Rica,Provincia Guanacaste,Nicoya,Belén de Nosarita,rural,12,rural,10.03513206,-85.48557225,official_emis,exact,unknown
CRI_001946,2380,CRI,ABRAHAN FARAH MATA,,1,,public,Costa Rica,Provincia Guanacaste,Nandayure,Zapotal,rural,12,rural,9.99959309,-85.30423273,official_emis,exact,unknown
CRI_001947,2381,CRI,ESTERONES,,1,,public,Costa Rica,Provincia Guanacaste,Nicoya,Sámara,rural,12,rural,9.89383065,-85.56012703,official_emis,exact,unknown
CRI_001948,2382,CRI,CAÑAL,,1,,public,Costa Rica,Provincia Guanacaste,Nicoya,San Antonio,rural,12,rural,10.25595113,-85.36932003,official_emis,exact,unknown
CRI_001949,2383,CRI,LAS DELICIAS,,1,,public,Costa Rica,Provincia Guanacaste,Nicoya,Nosara,rural,11,rural,9.92762242,-85.61362487,official_emis,exact,unknown
CRI_001950,2384,CRI,DULCE NOMBRE,,1,,public,Costa Rica,Provincia Guanacaste,Nicoya,Nicoya,urban,11,rural,10.08107736,-85.49427789,official_emis,exact,unknown
CRI_001951,2385,CRI,EL CARMEN,,1,,public,Costa Rica,Provincia Guanacaste,Nandayure,Zapotal,rural,11,rural,9.88540594,-85.43468507,official_emis,exact,unknown
CRI_001952,2386,CRI,EL FLOR,,1,,public,Costa Rica,Provincia Guanacaste,Nicoya,San Antonio,rural,12,rural,10.1854362,-85.37099422,official_emis,exact,unknown
CRI_001953,2387,CRI,EL JOBO NORTE,,1,,public,Costa Rica,Provincia Guanacaste,Nicoya,Nicoya,urban,11,rural,10.15238412,-85.52418187,official_emis,exact,unknown
CRI_001954,2388,CRI,MADRE TERESA DE CALCUTA,,1,,public,Costa Rica,Provincia Puntarenas,Nandayure,Bejuco,rural,11,rural,9.80554223,-85.19265181,official_emis,exact,unknown
CRI_001955,2389,CRI,EL ZAPOTE,,1,,public,Costa Rica,Provincia Guanacaste,Nandayure,Bejuco,rural,11,rural,9.83370269,-85.19066977,official_emis,exact,unknown
CRI_001956,2390,CRI,JUAN ESTRADA RAVAGO,,1,,public,Costa Rica,Provincia Guanacaste,Hojancha,Puerto Carrillo,rural,12,rural,9.88163118,-85.45191351,official_emis,exact,unknown
CRI_001957,2391,CRI,GARCIMUÑOZ,,1,,public,Costa Rica,Provincia Guanacaste,Nicoya,Nicoya,urban,11,rural,10.12738151,-85.53464572,official_emis,exact,unknown
CRI_001958,2392,CRI,GARZA,,1,,public,Costa Rica,Provincia Guanacaste,Nicoya,Nosara,rural,12,rural,9.91056854,-85.64321284,official_emis,exact,unknown
CRI_001959,2393,CRI,GAMALOTAL,,1,,public,Costa Rica,Provincia Guanacaste,Nicoya,Nicoya,urban,12,rural,10.06165171,-85.50610795,official_emis,exact,unknown
CRI_001960,2394,CRI,GUASTOMATAL,,1,,public,Costa Rica,Provincia Guanacaste,Nicoya,Mansión,rural,11,rural,10.0827001,-85.34362962,official_emis,exact,unknown
CRI_001961,2395,CRI,LA ISLITA,,1,,public,Costa Rica,Provincia Guanacaste,Nandayure,Bejuco,rural,12,rural,9.85883672,-85.39571158,official_emis,exact,unknown
CRI_001962,2396,CRI,JABILLOS,,1,,public,Costa Rica,Provincia Guanacaste,Nandayure,Bejuco,rural,11,rural,9.86811356,-85.22713201,official_emis,exact,unknown
CRI_001963,2397,CRI,JUAN DIAZ,,1,,public,Costa Rica,Provincia Guanacaste,Nicoya,Nicoya,urban,12,rural,10.16737737,-85.540721,official_emis,exact,unknown
CRI_001964,2398,CRI,JUNTAS DE NOSARA,,1,,public,Costa Rica,Provincia Guanacaste,Nicoya,Belén de Nosarita,rural,11,rural,10.01455315,-85.53375932,official_emis,exact,unknown
CRI_001965,2399,CRI,25 DE JULIO,,1,,public,Costa Rica,Provincia Guanacaste,Nicoya,San Antonio,rural,12,rural,10.23295949,-85.46179614,official_emis,exact,unknown
CRI_001966,2400,CRI,IGUANITA,,1,,public,Costa Rica,Provincia Guanacaste,Nicoya,Mansión,rural,12,rural,10.06794166,-85.35151325,official_emis,exact,unknown
CRI_001967,2401,CRI,LA JAVILLA,,1,,public,Costa Rica,Provincia Guanacaste,Nandayure,Bejuco,rural,12,rural,9.81603791,-85.29736502,official_emis,exact,unknown
CRI_001968,2402,CRI,LA LIBERTAD,,1,,public,Costa Rica,Provincia Guanacaste,Hojancha,Hojancha,rural,12,rural,10.0630668,-85.43066836,official_emis,exact,unknown
CRI_001969,2403,CRI,LA MONTAÑITA,,1,,public,Costa Rica,Provincia Guanacaste,Nicoya,San Antonio,rural,12,rural,10.2025323,-85.40819048,official_emis,exact,unknown
CRI_001970,2405,CRI,GUILLERMO MORALES PEREZ,,1,,public,Costa Rica,Provincia Guanacaste,Nicoya,Nicoya,urban,11,rural,10.04885323,-85.54238854,official_emis,exact,unknown
CRI_001971,2406,CRI,LAJAS,,1,,public,Costa Rica,Provincia Guanacaste,Hojancha,Puerto Carrillo,rural,12,rural,9.99376453,-85.45119008,official_emis,exact,unknown
CRI_001972,2408,CRI,VIRGILIO CAAMAÑO ARAUZ,,1,,public,Costa Rica,Provincia Guanacaste,Nicoya,Nicoya,urban,12,rural,10.12484261,-85.43062583,official_emis,exact,unknown
CRI_001973,2409,CRI,LAS PAMPAS,,1,,public,Costa Rica,Provincia Puntarenas,Nandayure,Bejuco,rural,11,rural,9.8765555,-85.20633785,official_emis,exact,unknown
CRI_001974,2410,CRI,LEONIDAS BRICEÑO BALTODANO,,1,,public,Costa Rica,Provincia Guanacaste,Nicoya,Nicoya,urban,23,urban,10.13971227,-85.45282338,official_emis,exact,unknown
CRI_001975,2411,CRI,LUCAS BRICEÑO FONSECA,,1,,public,Costa Rica,Provincia Guanacaste,Nicoya,Quebrada Honda,rural,12,rural,10.1409971,-85.30628804,official_emis,exact,unknown
CRI_001976,2412,CRI,LOS ANGELES,,1,,public,Costa Rica,Provincia Guanacaste,Nandayure,Porvenir,rural,12,rural,9.9005586,-85.28128549,official_emis,exact,unknown
CRI_001977,2413,CRI,PUERTO SAN PABLO,,1,,public,Costa Rica,Provincia Guanacaste,Nandayure,San Pablo,rural,12,rural,10.03915162,-85.20053964,official_emis,exact,unknown
CRI_001978,2414,CRI,LOS ANGELES,,1,,public,Costa Rica,Provincia Guanacaste,Hojancha,Hojancha,rural,12,rural,10.07802968,-85.39470056,official_emis,exact,unknown
CRI_001979,2415,CRI,LA MARAVILLA,,1,,public,Costa Rica,Provincia Guanacaste,Hojancha,Hojancha,rural,12,rural,10.01926009,-85.42295462,official_emis,exact,unknown
CRI_001980,2416,CRI,26 DE FEBRERO DE 1886,,1,,public,Costa Rica,Provincia Guanacaste,Hojancha,Hojancha,rural,12,rural,10.0872246,-85.41975759,official_emis,exact,unknown
CRI_001981,2417,CRI,MATAMBUGUITO,,1,,public,Costa Rica,Provincia Guanacaste,Nicoya,Mansión,rural,12,rural,10.10635893,-85.41063819,official_emis,exact,unknown
CRI_001982,2420,CRI,MIRAMAR,,1,,public,Costa Rica,Provincia Guanacaste,Nicoya,Nicoya,urban,11,rural,10.03779744,-85.57237333,official_emis,exact,unknown
CRI_001983,2421,CRI,MONTE GALAN,,1,,public,Costa Rica,Provincia Guanacaste,Nicoya,San Antonio,rural,12,rural,10.26090054,-85.39139992,official_emis,exact,unknown
CRI_001984,2422,CRI,MANUEL CARDENAS CARDENAS,,1,,public,Costa Rica,Provincia Guanacaste,Nicoya,San Antonio,rural,12,rural,10.23846585,-85.39852893,official_emis,exact,unknown
CRI_001985,2423,CRI,RECAREDO BRICEÑO ARAUZ,,1,,public,Costa Rica,Provincia Guanacaste,Nicoya,Mansión,rural,12,rural,10.15018261,-85.35295779,official_emis,exact,unknown
CRI_001986,2424,CRI,FRAY BARTOLOME DE LAS CASAS,,1,,public,Costa Rica,Provincia Guanacaste,Nicoya,Nicoya,urban,12,rural,10.20656401,-85.50011807,official_emis,exact,unknown
CRI_001987,2425,CRI,NARANJAL,,1,,public,Costa Rica,Provincia Guanacaste,Nicoya,Belén de Nosarita,rural,12,rural,9.97552645,-85.54486066,official_emis,exact,unknown
CRI_001988,2426,CRI,NARANJALITO,,1,,public,Costa Rica,Provincia Guanacaste,Nicoya,Belén de Nosarita,rural,11,rural,9.956107,-85.54362005,official_emis,exact,unknown
CRI_001989,2427,CRI,VICTORIANO MENA MENA,,1,,public,Costa Rica,Provincia Guanacaste,Hojancha,Hojancha,rural,13,rural,10.05930266,-85.41941199,official_emis,exact,unknown
CRI_001990,2428,CRI,ORIENTE,,1,,public,Costa Rica,Provincia Guanacaste,Nicoya,Nicoya,urban,11,rural,10.18724199,-85.52582072,official_emis,exact,unknown
CRI_001991,2429,CRI,PAVONES,,1,,public,Costa Rica,Provincia Guanacaste,Nandayure,San Pablo,rural,12,rural,9.99649299,-85.20678201,official_emis,exact,unknown
CRI_001992,2430,CRI,ARTURO SOLANO MONGE,,1,,public,Costa Rica,Provincia Guanacaste,Nicoya,Nicoya,urban,12,rural,10.1337967,-85.42334973,official_emis,exact,unknown
CRI_001993,2431,CRI,PILANGOSTA,,1,,public,Costa Rica,Provincia Guanacaste,Hojancha,Hojancha,rural,11,rural,10.02854756,-85.40200888,official_emis,exact,unknown
CRI_001994,2432,CRI,PILAS BLANCAS,,1,,public,Costa Rica,Provincia Guanacaste,Nicoya,Nicoya,urban,11,rural,10.02013012,-85.58479494,official_emis,exact,unknown
CRI_001995,2433,CRI,PILAS DE BEJUCO,,1,,public,Costa Rica,Provincia Guanacaste,Nandayure,Bejuco,rural,11,rural,9.85035288,-85.3474942,official_emis,exact,unknown
CRI_001996,2434,CRI,BILLO ZELEDON,,1,,public,Costa Rica,Provincia Guanacaste,Puntarenas,Lepanto,rural,12,rural,9.97048648,-85.21476812,official_emis,exact,unknown
CRI_001997,2435,CRI,PITA RAYADA,,1,,public,Costa Rica,Provincia Guanacaste,Hojancha,Huacas,rural,12,rural,10.04124027,-85.38387263,official_emis,exact,unknown
CRI_001998,2436,CRI,POLVAZALES,,1,,public,Costa Rica,Provincia Guanacaste,Nicoya,Mansión,rural,12,rural,10.10065041,-85.39498462,official_emis,exact,unknown
CRI_001999,2437,CRI,PORTAL DE GARZA,,1,,public,Costa Rica,Provincia Guanacaste,Nicoya,Nosara,urban,11,rural,9.97218518,-85.60032933,official_emis,exact,unknown
CRI_002000,2438,CRI,POZO DE AGUA,,1,,public,Costa Rica,Provincia Guanacaste,Nicoya,San Antonio,rural,11,rural,10.28508271,-85.33851075,official_emis,exact,unknown
CRI_002001,2439,CRI,PUEBLO NUEVO,,1,,public,Costa Rica,Provincia Guanacaste,Nandayure,Bejuco,rural,12,rural,9.83559625,-85.33025732,official_emis,exact,unknown
CRI_002002,2440,CRI,PUEBLO NUEVO,,1,,public,Costa Rica,Provincia Guanacaste,Nicoya,Sámara,rural,11,rural,9.94981835,-85.57435962,official_emis,exact,unknown
CRI_002003,2441,CRI,CARLOS MILLER,,1,,public,Costa Rica,Provincia Guanacaste,Nicoya,Mansión,rural,12,rural,10.11785551,-85.34187553,official_emis,exact,unknown
CRI_002004,2442,CRI,PUERTO HUMO,,1,,public,Costa Rica,Provincia Guanacaste,Nicoya,San Antonio,rural,12,rural,10.31490985,-85.35205327,official_emis,exact,unknown
CRI_002005,2443,CRI,PUERTO THIEL,,1,,public,Costa Rica,Provincia Guanacaste,Nandayure,San Pablo,rural,12,rural,10.02530302,-85.20187145,official_emis,exact,unknown
CRI_002006,2444,CRI,QUEBRADA BONITA,,1,,public,Costa Rica,Provincia Guanacaste,Nicoya,Belén de Nosarita,rural,12,rural,9.99840876,-85.47464887,official_emis,exact,unknown
CRI_002007,2445,CRI,QUEBRADA DE NANDO,,1,,public,Costa Rica,Provincia Guanacaste,Nandayure,Bejuco,rural,11,rural,9.76949851,-85.22716754,official_emis,exact,unknown
CRI_002008,2446,CRI,QUEBRADA GRANDE,,1,,public,Costa Rica,Provincia Guanacaste,Nandayure,Porvenir,rural,11,rural,9.88155171,-85.27532849,official_emis,exact,unknown
CRI_002009,2447,CRI,ANDRES BRICEÑO ACEVEDO,,1,,public,Costa Rica,Provincia Guanacaste,Nicoya,Quebrada Honda,rural,12,rural,10.18546703,-85.29723454,official_emis,exact,unknown
CRI_002010,2448,CRI,ANSELMO GUTIERREZ BRICEÑ,,1,,public,Costa Rica,Provincia Guanacaste,Nicoya,Nicoya,urban,12,rural,10.11061498,-85.50813406,official_emis,exact,unknown
CRI_002011,2449,CRI,CANJELITO,,1,,public,Costa Rica,Provincia Guanacaste,Nandayure,San Pablo,rural,12,rural,10.003021916220996,-85.18028117860204,admin_centroid,approximate,unknown
CRI_002012,2450,CRI,RIO MONTAÑA,,1,,public,Costa Rica,Provincia Guanacaste,Nicoya,Nosara,urban,11,rural,10.04878106,-85.5986894,official_emis,exact,unknown
CRI_002013,2451,CRI,RIO DE ORA,,1,,public,Costa Rica,Provincia Guanacaste,Nandayure,Zapotal,rural,12,rural,9.94681099,-85.33518971,official_emis,exact,unknown
CRI_002014,2452,CRI,RUFINO CARRILLO TORRES,,1,,public,Costa Rica,Provincia Guanacaste,Nicoya,Quebrada Honda,rural,12,rural,10.22595211,-85.29497014,official_emis,exact,unknown
CRI_002015,2453,CRI,ROSARIO,,1,,public,Costa Rica,Provincia Guanacaste,Nicoya,San Antonio,rural,12,rural,10.31836805,-85.38767618,official_emis,exact,unknown
CRI_002016,2454,CRI,20 DE MARZO DE 1856,,1,,public,Costa Rica,Provincia Guanacaste,Nicoya,Nicoya,urban,12,rural,10.18613253,-85.48431091,official_emis,exact,unknown
CRI_002017,2455,CRI,SAMARA,,1,,public,Costa Rica,Provincia Guanacaste,Nicoya,Sámara,rural,13,rural,9.88148313,-85.52721926,official_emis,exact,unknown
CRI_002018,2456,CRI,LUIS DOBLES SEGREDA,,1,,public,Costa Rica,Provincia Guanacaste,Nicoya,San Antonio,rural,12,rural,10.19797372,-85.4308701,official_emis,exact,unknown
CRI_002019,2457,CRI,SAN FRANCISCO,,1,,public,Costa Rica,Provincia Guanacaste,Nandayure,Bejuco,rural,12,rural,9.80368622,-85.24439301,official_emis,exact,unknown
CRI_002020,2458,CRI,SAN GABRIEL,,1,,public,Costa Rica,Provincia Guanacaste,Nandayure,Bejuco,rural,11,rural,9.89636453,-85.33697381,official_emis,exact,unknown
CRI_002021,2459,CRI,SAN JOSECITO,,1,,public,Costa Rica,Provincia Guanacaste,Nandayure,Porvenir,rural,11,rural,9.91235606,-85.2830188,official_emis,exact,unknown
CRI_002022,2460,CRI,SAN JUAN,,1,,public,Costa Rica,Provincia Guanacaste,Nandayure,Bejuco,rural,12,rural,9.81126042,-85.22901947,official_emis,exact,unknown
CRI_002023,2461,CRI,ELIAS AIZA RIOS,,1,,public,Costa Rica,Provincia Guanacaste,Nicoya,San Antonio,rural,12,rural,10.27153606,-85.4625891,official_emis,exact,unknown
CRI_002024,2462,CRI,SAN MARTIN,,1,,public,Costa Rica,Provincia Guanacaste,Nicoya,Nicoya,urban,23,urban,10.15479003,-85.45505523,official_emis,exact,unknown
CRI_002025,2463,CRI,SAN MARTIN,,1,,public,Costa Rica,Provincia Guanacaste,Nandayure,Zapotal,rural,11,rural,9.90324845,-85.42694041,official_emis,exact,unknown
CRI_002026,2464,CRI,SAN MIGUEL,,1,,public,Costa Rica,Provincia Guanacaste,Hojancha,Puerto Carrillo,rural,11,rural,9.97622893,-85.45854645,official_emis,exact,unknown
CRI_002027,2465,CRI,NANDAYURE,,1,,public,Costa Rica,Provincia Guanacaste,Nandayure,San Pablo,rural,13,rural,10.03095325,-85.22937336,official_emis,exact,unknown
CRI_002028,2466,CRI,SAN PEDRO,,1,,public,Costa Rica,Provincia Guanacaste,Nandayure,Zapotal,rural,11,rural,9.91042976,-85.37866649,official_emis,exact,unknown
CRI_002029,2467,CRI,SAN RAFAEL,,1,,public,Costa Rica,Provincia Guanacaste,Nandayure,Carmona,urban,12,rural,9.974046969588075,-85.2658300088943,admin_centroid,approximate,unknown
CRI_002030,2468,CRI,SAN RAFAEL,,1,,public,Costa Rica,Provincia Guanacaste,Hojancha,Hojancha,rural,12,rural,10.00990773,-85.43831121,official_emis,exact,unknown
CRI_002031,2469,CRI,SAN RAMON,,1,,public,Costa Rica,Provincia Guanacaste,Nicoya,Belén de Nosarita,rural,12,rural,9.96452251,-85.51728473,official_emis,exact,unknown
CRI_002032,2470,CRI,OTILIO ULATE BLANCO,,1,,public,Costa Rica,Provincia Guanacaste,Nicoya,San Antonio,rural,12,rural,10.26310449,-85.4816763,official_emis,exact,unknown
CRI_002033,2471,CRI,OMAR DENGO GUERRERO,,1,,public,Costa Rica,Provincia Guanacaste,Nicoya,Nicoya,urban,12,rural,10.16073112,-85.38645377,official_emis,exact,unknown
CRI_002034,2472,CRI,SANTA ELENA,,1,,public,Costa Rica,Provincia Guanacaste,Hojancha,Hojancha,rural,11,rural,10.00772368,-85.47093945,official_emis,exact,unknown
CRI_002035,2473,CRI,GUILLERMO ALVARADO HERNANDEZ,,1,,public,Costa Rica,Provincia Guanacaste,Nandayure,Santa Rita,rural,12,rural,10.02627176,-85.26218053,official_emis,exact,unknown
CRI_002036,2474,CRI,SANTO DOMINGO,,1,,public,Costa Rica,Provincia Guanacaste,Nicoya,Sámara,rural,12,rural,9.899573,-85.50033537,official_emis,exact,unknown
CRI_002037,2475,CRI,LA SOLEDAD,,1,,public,Costa Rica,Provincia Guanacaste,Nandayure,Zapotal,rural,12,rural,9.92514655,-85.34935186,official_emis,exact,unknown
CRI_002038,2476,CRI,TACANI,,1,,public,Costa Rica,Provincia Guanacaste,Nandayure,Santa Rita,rural,11,rural,10.03136124,-85.31595302,official_emis,exact,unknown
CRI_002039,2477,CRI,TALOLINGA,,1,,public,Costa Rica,Provincia Guanacaste,Nicoya,San Antonio,rural,12,rural,10.32211183,-85.48088565,official_emis,exact,unknown
CRI_002040,2478,CRI,TERCIOPELO,,1,,public,Costa Rica,Provincia Guanacaste,Nicoya,Sámara,rural,12,rural,9.93536487,-85.51757083,official_emis,exact,unknown
CRI_002041,2479,CRI,VALEDOR MARTINEZ MARTINEZ,,1,,public,Costa Rica,Provincia Guanacaste,Nicoya,Nicoya,urban,12,rural,10.11421223,-85.45192963,official_emis,exact,unknown
CRI_002042,2480,CRI,GIL GONZALEZ DAVILA,,1,,public,Costa Rica,Provincia Guanacaste,Nicoya,Mansión,rural,12,rural,10.1031944,-85.28560348,official_emis,exact,unknown
CRI_002043,2481,CRI,VISTA DE MAR,,1,,public,Costa Rica,Provincia Guanacaste,Nandayure,Carmona,urban,12,rural,9.99452425,-85.28333484,official_emis,exact,unknown
CRI_002044,2482,CRI,CESAR FLORES ZUÑIGA,,1,,public,Costa Rica,Provincia Guanacaste,Nicoya,Mansión,rural,12,rural,10.11099976,-85.31124497,official_emis,exact,unknown
CRI_002045,2483,CRI,ZAPOTE,,1,,public,Costa Rica,Provincia Guanacaste,Nicoya,San Antonio,rural,12,rural,10.25265038,-85.43221958,official_emis,exact,unknown
CRI_002046,2484,CRI,ZARAGOZA,,1,,public,Costa Rica,Provincia Guanacaste,Nicoya,Belén de Nosarita,rural,12,rural,9.97242429,-85.56655643,official_emis,exact,unknown
CRI_002047,2485,CRI,CERRO EL CHOMPIPE,,1,,public,Costa Rica,Provincia Guanacaste,Nandayure,Porvenir,rural,11,rural,9.88934737,-85.26074853,official_emis,exact,unknown
CRI_002048,2486,CRI,SAN JORGE,,1,,public,Costa Rica,Provincia Guanacaste,Nandayure,Bejuco,rural,12,rural,9.82823126,-85.24058233,official_emis,exact,unknown
CRI_002049,2487,CRI,SANTA MARTA,,1,,public,Costa Rica,Provincia Guanacaste,Nicoya,Nosara,urban,12,rural,9.97530855,-85.6654711,official_emis,exact,unknown
CRI_002050,2488,CRI,EL SILENCIO,,1,,public,Costa Rica,Provincia Guanacaste,Nicoya,Sámara,rural,12,rural,9.92331543,-85.56590692,official_emis,exact,unknown
CRI_002051,2489,CRI,RIO DE ORO,,1,,public,Costa Rica,Provincia Guanacaste,Nandayure,Zapotal,rural,12,rural,9.9991033,-85.35323564,official_emis,exact,unknown
CRI_002052,2490,CRI,SAN FRANCISCO,,1,,public,Costa Rica,Provincia Guanacaste,Nicoya,Belén de Nosarita,rural,11,rural,9.95333344,-85.49749392,official_emis,exact,unknown
CRI_002053,2491,CRI,EL TORITO,,1,,public,Costa Rica,Provincia Guanacaste,Nicoya,Sámara,rural,13,rural,9.88028816,-85.50943171,official_emis,exact,unknown
CRI_002054,2492,CRI,CACIQUE NICOA,,1,,public,Costa Rica,Provincia Guanacaste,Nicoya,Nicoya,urban,23,urban,10.14722853,-85.45130226,official_emis,exact,unknown
CRI_002055,2493,CRI,LA Y GRIEGA,,1,,public,Costa Rica,Provincia Guanacaste,Nandayure,Bejuco,rural,12,rural,9.84335107,-85.22972322,official_emis,exact,unknown
CRI_002056,2494,CRI,POCHOTE DE QUEBRADA HONDA,,1,,public,Costa Rica,Provincia Guanacaste,Nicoya,Quebrada Honda,rural,12,rural,10.14650162,-85.2828273,official_emis,exact,unknown
CRI_002057,2496,CRI,ALEMANIA,,1,,public,Costa Rica,Provincia Guanacaste,Santa Cruz,Cuajiniquil,rural,11,rural,10.09163332,-85.69448842,official_emis,exact,unknown
CRI_002058,2497,CRI,LAJAS,,1,,public,Costa Rica,Provincia Guanacaste,Santa Cruz,Santa Cruz,urban,23,urban,10.25807955,-85.57970427,official_emis,exact,unknown
CRI_002059,2498,CRI,ARTOLA,,1,,public,Costa Rica,Provincia Guanacaste,Carrillo,Sardinal,urban,12,rural,10.50978201,-85.68379805,official_emis,exact,unknown
CRI_002060,2499,CRI,PLAYA HERMOSA,,1,,public,Costa Rica,Provincia Guanacaste,Carrillo,Sardinal,urban,13,rural,10.57098013,-85.67666898,official_emis,exact,unknown
CRI_002061,2500,CRI,BEJUCO,,1,,public,Costa Rica,Provincia Guanacaste,Santa Cruz,Tempate,urban,11,rural,10.37662005,-85.7251892,official_emis,exact,unknown
CRI_002062,2501,CRI,LOS RANCHOS,,1,,public,Costa Rica,Provincia Guanacaste,Santa Cruz,Veintisiete de Abril,rural,12,rural,10.27484661,-85.72845773,official_emis,exact,unknown
CRI_002063,2503,CRI,ALTOS DEL ROBLE,,1,,public,Costa Rica,Provincia Guanacaste,Carrillo,Sardinal,urban,11,rural,10.61086131,-85.62092131,official_emis,exact,unknown
CRI_002064,2504,CRI,CAÑAFISTULA,,1,,public,Costa Rica,Provincia Guanacaste,Santa Cruz,Tamarindo,rural,11,rural,10.24924295,-85.78123524,official_emis,exact,unknown
CRI_002065,2505,CRI,CACIQUE,,1,,public,Costa Rica,Provincia Guanacaste,Carrillo,Sardinal,urban,12,rural,10.57881934,-85.65373515,official_emis,exact,unknown
CRI_002066,2506,CRI,CASTILLA DE ORO,,1,,public,Costa Rica,Provincia Guanacaste,Carrillo,Belén,urban,12,rural,10.44674204,-85.60502359,official_emis,exact,unknown
CRI_002067,2507,CRI,PACÍFICA GARCÍA FERNÁNDEZ,,1,,public,Costa Rica,Provincia Guanacaste,Carrillo,Palmira,urban,13,rural,10.54996225,-85.59036368,official_emis,exact,unknown
CRI_002068,2508,CRI,COYOLITO,,1,,public,Costa Rica,Provincia Guanacaste,Carrillo,Belén,urban,12,rural,10.36224275,-85.64761919,official_emis,exact,unknown
CRI_002069,2509,CRI,CHIRCÓ,,1,,public,Costa Rica,Provincia Guanacaste,Santa Cruz,Santa Cruz,urban,13,rural,10.27330846,-85.63650645,official_emis,exact,unknown
CRI_002070,2510,CRI,BENITO JUAREZ GARCÍA,,1,,public,Costa Rica,Provincia Guanacaste,Santa Cruz,Santa Cruz,urban,13,rural,10.22212614,-85.59649216,official_emis,exact,unknown
CRI_002071,2511,CRI,CARTAGENA,,1,,public,Costa Rica,Provincia Guanacaste,Santa Cruz,Cartagena,urban,13,rural,10.38023114,-85.67501392,official_emis,exact,unknown
CRI_002072,2512,CRI,BELÉN,,1,,public,Costa Rica,Provincia Guanacaste,Carrillo,Belén,urban,22,urban,10.40785126,-85.58597198,official_emis,exact,unknown
CRI_002073,2513,CRI,LA VILLITA,,1,,public,Costa Rica,Provincia Guanacaste,Carrillo,Belén,urban,22,urban,10.40520769,-85.59089563,official_emis,exact,unknown
CRI_002074,2514,CRI,FRANCISCO CHAVES CHAVES,,1,,public,Costa Rica,Provincia Guanacaste,Santa Cruz,Santa Cruz,urban,12,rural,10.32904439,-85.56278114,official_emis,exact,unknown
CRI_002075,2515,CRI,BOLSÓN,,1,,public,Costa Rica,Provincia Guanacaste,Santa Cruz,Bolsón,rural,13,rural,10.36120372,-85.44871728,official_emis,exact,unknown
CRI_002076,2516,CRI,BRASILITO,,1,,public,Costa Rica,Provincia Guanacaste,Santa Cruz,Cabo Velas,rural,13,rural,10.40766971,-85.79660495,official_emis,exact,unknown
CRI_002077,2517,CRI,MONTE VERDE,,1,,public,Costa Rica,Provincia Guanacaste,Santa Cruz,Veintisiete de Abril,rural,11,rural,10.16593202,-85.75368924,official_emis,exact,unknown
CRI_002078,2518,CRI,MATÍAS DUARTE SOTELA,,1,,public,Costa Rica,Provincia Guanacaste,Santa Cruz,Santa Cruz,urban,12,rural,10.28720224,-85.56837242,official_emis,exact,unknown
CRI_002079,2519,CRI,CORRALILLOS,,1,,public,Costa Rica,Provincia Guanacaste,Carrillo,Filadelfia,urban,12,rural,10.3886323,-85.49727981,official_emis,exact,unknown
CRI_002080,2520,CRI,DIRIÁ,,1,,public,Costa Rica,Provincia Guanacaste,Santa Cruz,Diriá,urban,12,rural,10.23848865,-85.53325426,official_emis,exact,unknown
CRI_002081,2521,CRI,FILADELFIA,,1,,public,Costa Rica,Provincia Guanacaste,Carrillo,Filadelfia,urban,22,urban,10.44580737,-85.55069362,official_emis,exact,unknown
CRI_002082,2523,CRI,FLORIDA,,1,,public,Costa Rica,Provincia Guanacaste,Santa Cruz,Veintisiete de Abril,rural,12,rural,10.14295992,-85.75688542,official_emis,exact,unknown
CRI_002083,2524,CRI,HUACAS,,1,,public,Costa Rica,Provincia Guanacaste,Santa Cruz,Tempate,urban,13,rural,10.36677166,-85.77389796,official_emis,exact,unknown
CRI_002084,2525,CRI,LINDEROS,,1,,public,Costa Rica,Provincia Guanacaste,Santa Cruz,Tamarindo,rural,12,rural,10.28805213,-85.77231872,official_emis,exact,unknown
CRI_002085,2526,CRI,MERCEDES ORTEGA HERNÁNDEZ,,1,,public,Costa Rica,Provincia Guanacaste,Santa Cruz,Bolsón,rural,13,rural,10.36130807,-85.46160661,official_emis,exact,unknown
CRI_002086,2527,CRI,PALMIRA,,1,,public,Costa Rica,Provincia Guanacaste,Carrillo,Palmira,urban,13,rural,10.51420443,-85.5753736,official_emis,exact,unknown
CRI_002087,2528,CRI,PARAISO,,1,,public,Costa Rica,Provincia Guanacaste,Santa Cruz,Veintisiete de Abril,rural,12,rural,10.18513125,-85.79690509,official_emis,exact,unknown
CRI_002088,2529,CRI,PLAYA JUNQUILLAL,,1,,public,Costa Rica,Provincia Guanacaste,Santa Cruz,Veintisiete de Abril,rural,12,rural,10.17078097,-85.8116593,official_emis,exact,unknown
CRI_002089,2530,CRI,PORTEGOLPE,,1,,public,Costa Rica,Provincia Guanacaste,Santa Cruz,Tempate,urban,13,rural,10.34522559,-85.73302406,official_emis,exact,unknown
CRI_002090,2531,CRI,PUERTO POTRERO,,1,,public,Costa Rica,Provincia Guanacaste,Santa Cruz,Tempate,urban,13,rural,10.46029791,-85.77146293,official_emis,exact,unknown
CRI_002091,2532,CRI,RÍO SECO,,1,,public,Costa Rica,Provincia Guanacaste,Santa Cruz,Veintisiete de Abril,rural,12,rural,10.2111434,-85.75886527,official_emis,exact,unknown
CRI_002092,2533,CRI,RIO TABACO,,1,,public,Costa Rica,Provincia Guanacaste,Santa Cruz,Veintisiete de Abril,rural,11,rural,10.1650065,-85.68692313,official_emis,exact,unknown
CRI_002093,2534,CRI,MARÍA MARÍN GALAGARZA,,1,,public,Costa Rica,Provincia Guanacaste,Santa Cruz,Diriá,urban,13,rural,10.28256261,-85.52647646,official_emis,exact,unknown
CRI_002094,2535,CRI,SANTA ROSA,,1,,public,Costa Rica,Provincia Guanacaste,Santa Cruz,Tamarindo,rural,12,rural,10.31265958,-85.78910958,official_emis,exact,unknown
CRI_002095,2536,CRI,DIONISIO LEAL VALLEJOS,,1,,public,Costa Rica,Provincia Guanacaste,Santa Cruz,Tempate,urban,12,rural,10.41350417,-85.72141078,official_emis,exact,unknown
CRI_002096,2537,CRI,VERACRUZ,,1,,public,Costa Rica,Provincia Guanacaste,Santa Cruz,Cuajiniquil,rural,12,rural,10.06007464,-85.75232615,official_emis,exact,unknown
CRI_002097,2538,CRI,VILLARREAL,,1,,public,Costa Rica,Provincia Guanacaste,Santa Cruz,Tamarindo,rural,13,rural,10.30442806,-85.80379123,official_emis,exact,unknown
CRI_002098,2539,CRI,EL LLANO,,1,,public,Costa Rica,Provincia Guanacaste,Santa Cruz,Tempate,urban,13,rural,10.36167895,-85.7474199,official_emis,exact,unknown
CRI_002099,2540,CRI,PASO HONDO,,1,,public,Costa Rica,Provincia Guanacaste,Santa Cruz,Veintisiete de Abril,rural,12,rural,10.24558331,-85.69396146,official_emis,exact,unknown
CRI_002100,2541,CRI,EL PROGRESO,,1,,public,Costa Rica,Provincia Guanacaste,Santa Cruz,Cuajiniquil,rural,11,rural,10.04187522,-85.67102901,official_emis,exact,unknown
CRI_002101,2542,CRI,ESPABELAR,,1,,public,Costa Rica,Provincia Guanacaste,Santa Cruz,Cuajiniquil,rural,11,rural,10.1170682,-85.7334223,official_emis,exact,unknown
CRI_002102,2543,CRI,EL SOCORRO,,1,,public,Costa Rica,Provincia Guanacaste,Santa Cruz,Cuajiniquil,rural,11,rural,10.10305641,-85.71227944,official_emis,exact,unknown
CRI_002103,2544,CRI,GUAITIL,,1,,public,Costa Rica,Provincia Guanacaste,Santa Cruz,Diriá,urban,12,rural,10.26665499,-85.51069786,official_emis,exact,unknown
CRI_002104,2545,CRI,HATILLO,,1,,public,Costa Rica,Provincia Guanacaste,Santa Cruz,Veintisiete de Abril,rural,12,rural,10.29985498,-85.71376207,official_emis,exact,unknown
CRI_002105,2546,CRI,JAZMINAL,,1,,public,Costa Rica,Provincia Guanacaste,Santa Cruz,Cuajiniquil,rural,11,rural,10.05191434,-85.65461984,official_emis,exact,unknown
CRI_002106,2547,CRI,LA ESPERANZA,,1,,public,Costa Rica,Provincia Guanacaste,Nicoya,Nicoya,urban,11,rural,10.14735184,-85.56728444,official_emis,exact,unknown
CRI_002107,2548,CRI,HERNÁNDEZ,,1,,public,Costa Rica,Provincia Guanacaste,Santa Cruz,Tamarindo,rural,12,rural,10.27820381,-85.79036799,official_emis,exact,unknown
CRI_002108,2549,CRI,RICARDO ANGULO VALLEJOS,,1,,public,Costa Rica,Provincia Guanacaste,Santa Cruz,Tamarindo,rural,12,rural,10.34906303,-85.7924058,official_emis,exact,unknown
CRI_002109,2550,CRI,GARITA VIEJA,,1,,public,Costa Rica,Provincia Guanacaste,Santa Cruz,Cabo Velas,rural,12,rural,10.35941215,-85.79235087,official_emis,exact,unknown
CRI_002110,2551,CRI,LA GUINEA,,1,,public,Costa Rica,Provincia Guanacaste,Carrillo,Filadelfia,urban,12,rural,10.42146233,-85.48981447,official_emis,exact,unknown
CRI_002111,2552,CRI,LA LIBERTAD,,1,,public,Costa Rica,Provincia Guanacaste,Carrillo,Sardinal,urban,12,rural,10.49270486,-85.63488854,official_emis,exact,unknown
CRI_002112,2553,CRI,LA UNIÓN,,1,,public,Costa Rica,Provincia Guanacaste,Santa Cruz,Cuajiniquil,rural,11,rural,10.07208735,-85.68678752,official_emis,exact,unknown
CRI_002113,2554,CRI,LAGARTO,,1,,public,Costa Rica,Provincia Guanacaste,Santa Cruz,Cuajiniquil,rural,11,rural,10.12051011,-85.79350108,official_emis,exact,unknown
CRI_002114,2555,CRI,PUERTO RICO,,1,,public,Costa Rica,Provincia Guanacaste,Santa Cruz,Santa Cruz,urban,12,rural,10.26648444,-85.64814355,official_emis,exact,unknown
CRI_002115,2556,CRI,RÍO CAÑAS,,1,,public,Costa Rica,Provincia Guanacaste,Carrillo,Belén,urban,13,rural,10.35544506,-85.56834503,official_emis,exact,unknown
CRI_002116,2557,CRI,RÍO CAÑAS VIEJO,,1,,public,Costa Rica,Provincia Guanacaste,Santa Cruz,Santa Cruz,urban,13,rural,10.35182903,-85.56368401,official_emis,exact,unknown
CRI_002117,2558,CRI,LAS DELICIAS,,1,,public,Costa Rica,Provincia Guanacaste,Santa Cruz,Veintisiete de Abril,rural,12,rural,10.23483332,-85.73181487,official_emis,exact,unknown
CRI_002118,2559,CRI,LORENA,,1,,public,Costa Rica,Provincia Guanacaste,Santa Cruz,Cartagena,urban,12,rural,10.36025231,-85.71102532,official_emis,exact,unknown
CRI_002119,2563,CRI,LOS JOCOTES,,1,,public,Costa Rica,Provincia Guanacaste,Carrillo,Filadelfia,urban,12,rural,10.47179623,-85.56209131,official_emis,exact,unknown
CRI_002120,2564,CRI,LOS PLANES,,1,,public,Costa Rica,Provincia Guanacaste,Carrillo,Belén,urban,12,rural,10.41867028,-85.6243049,official_emis,exact,unknown
CRI_002121,2565,CRI,MARBELLA,,1,,public,Costa Rica,Provincia Guanacaste,Santa Cruz,Cuajiniquil,rural,12,rural,10.0840596,-85.76258531,official_emis,exact,unknown
CRI_002122,2566,CRI,MATAPALO,,1,,public,Costa Rica,Provincia Guanacaste,Santa Cruz,Cabo Velas,rural,12,rural,10.3631533,-85.81145062,official_emis,exact,unknown
CRI_002123,2567,CRI,MARÍA LEAL RODRÍGUEZ,,1,,public,Costa Rica,Provincia Guanacaste,Santa Cruz,Santa Cruz,urban,23,urban,10.25582449,-85.59095638,official_emis,exact,unknown
CRI_002124,2568,CRI,ESTOCOLMO,,1,,public,Costa Rica,Provincia Guanacaste,Santa Cruz,Santa Cruz,urban,21,peri_urban,10.27186621,-85.58263848,official_emis,exact,unknown
CRI_002125,2569,CRI,NUEVO COLÓN,,1,,public,Costa Rica,Provincia Guanacaste,Carrillo,Sardinal,urban,11,rural,10.50297923,-85.72014538,official_emis,exact,unknown
CRI_002126,2570,CRI,OSTIONAL,,1,,public,Costa Rica,Provincia Guanacaste,Santa Cruz,Cuajiniquil,rural,12,rural,9.99795182,-85.70298619,official_emis,exact,unknown
CRI_002127,2571,CRI,PALESTINA,,1,,public,Costa Rica,Provincia Guanacaste,Carrillo,Belén,urban,12,rural,10.38571747,-85.58320607,official_emis,exact,unknown
CRI_002128,2572,CRI,PASO TEMPISQUE,,1,,public,Costa Rica,Provincia Guanacaste,Carrillo,Palmira,urban,13,rural,10.49835221,-85.5718447,official_emis,exact,unknown
CRI_002129,2573,CRI,EL COCO,,1,,public,Costa Rica,Provincia Guanacaste,Carrillo,Sardinal,urban,23,urban,10.54825885,-85.69865914,official_emis,exact,unknown
CRI_002130,2574,CRI,IGNACIO GUTIÉRREZ,,1,,public,Costa Rica,Provincia Guanacaste,Carrillo,Sardinal,urban,12,rural,10.48354015,-85.6177737,official_emis,exact,unknown
CRI_002131,2575,CRI,SAN FRANCISCO,,1,,public,Costa Rica,Provincia Guanacaste,Santa Cruz,Veintisiete de Abril,rural,12,rural,10.27000085,-85.74380248,official_emis,exact,unknown
CRI_002132,2576,CRI,SAN JOSÉ DE LA MONTAÑA,,1,,public,Costa Rica,Provincia Guanacaste,Santa Cruz,Veintisiete de Abril,rural,12,rural,10.20746908,-85.70207678,official_emis,exact,unknown
CRI_002133,2577,CRI,SAN JOSÉ DE PINILLA,,1,,public,Costa Rica,Provincia Guanacaste,Santa Cruz,Tamarindo,rural,12,rural,10.24793076,-85.81171962,official_emis,exact,unknown
CRI_002134,2578,CRI,SAN JUAN,,1,,public,Costa Rica,Provincia Guanacaste,Santa Cruz,Santa Cruz,urban,12,rural,10.21842249,-85.55683942,official_emis,exact,unknown
CRI_002135,2579,CRI,SAN JUANILLO,,1,,public,Costa Rica,Provincia Guanacaste,Santa Cruz,Cuajiniquil,rural,12,rural,10.03332356,-85.74129232,official_emis,exact,unknown
CRI_002136,2580,CRI,SAN PEDRO,,1,,public,Costa Rica,Provincia Guanacaste,Santa Cruz,Santa Cruz,urban,12,rural,10.27275327,-85.67508544,official_emis,exact,unknown
CRI_002137,2581,CRI,OMAR DENGO GUERRERO,,1,,public,Costa Rica,Provincia Guanacaste,Carrillo,Belén,urban,13,rural,10.38903402,-85.61987831,official_emis,exact,unknown
CRI_002138,2582,CRI,SANTO DOMINGO,,1,,public,Costa Rica,Provincia Guanacaste,Carrillo,Belén,urban,22,urban,10.41275708,-85.60299758,official_emis,exact,unknown
CRI_002139,2583,CRI,BERNARDO GUTIÉRREZ,,1,,public,Costa Rica,Provincia Guanacaste,Carrillo,Sardinal,urban,13,rural,10.516013,-85.64584865,official_emis,exact,unknown
CRI_002140,2584,CRI,OBANDITO,,1,,public,Costa Rica,Provincia Guanacaste,Carrillo,Sardinal,urban,12,rural,10.50423339,-85.66026492,official_emis,exact,unknown
CRI_002141,2585,CRI,JOSEFINA LÓPEZ BONILLA,,1,,public,Costa Rica,Provincia Guanacaste,Santa Cruz,Santa Cruz,urban,23,urban,10.26335467,-85.58751448,official_emis,exact,unknown
CRI_002142,2586,CRI,TALOLINGUITA,,1,,public,Costa Rica,Provincia Guanacaste,Santa Cruz,Diriá,urban,12,rural,10.30655069,-85.49762809,official_emis,exact,unknown
CRI_002143,2587,CRI,VENADO,,1,,public,Costa Rica,Provincia Guanacaste,Santa Cruz,Veintisiete de Abril,rural,12,rural,10.13997699,-85.78829424,official_emis,exact,unknown
CRI_002144,2588,CRI,27 DE ABRIL,,1,,public,Costa Rica,Provincia Guanacaste,Santa Cruz,Veintisiete de Abril,rural,13,rural,10.24598288,-85.7083302,official_emis,exact,unknown
CRI_002145,2589,CRI,LOS PARGOS,,1,,public,Costa Rica,Provincia Guanacaste,Santa Cruz,Veintisiete de Abril,rural,12,rural,10.19955369,-85.82860163,official_emis,exact,unknown
CRI_002146,2590,CRI,GUAYABAL,,1,,public,Costa Rica,Provincia Guanacaste,Santa Cruz,Santa Cruz,urban,21,peri_urban,10.25663037,-85.56682205,official_emis,exact,unknown
CRI_002147,2591,CRI,SANTA RITA,,1,,public,Costa Rica,Provincia Guanacaste,Carrillo,Sardinal,urban,12,rural,10.53012047,-85.63395159,official_emis,exact,unknown
CRI_002148,2592,CRI,EL TRAPICHE,,1,,public,Costa Rica,Provincia Guanacaste,Santa Cruz,Veintisiete de Abril,rural,12,rural,10.29112302,-85.72071576,official_emis,exact,unknown
CRI_002149,2593,CRI,BARRIO LIMÓN,,1,,public,Costa Rica,Provincia Guanacaste,Santa Cruz,Santa Cruz,urban,13,rural,10.29134012,-85.58786519,official_emis,exact,unknown
CRI_002150,2594,CRI,AGUA CALIENTE,,1,,public,Costa Rica,Provincia Guanacaste,Canas,Palmira,rural,11,rural,10.63339973,-85.03270328,official_emis,exact,unknown
CRI_002151,2595,CRI,MATAPALO,,1,,public,Costa Rica,Provincia Guanacaste,Abangares,Las Juntas,rural,13,rural,10.2454444,-85.00908555,official_emis,exact,unknown
CRI_002152,2596,CRI,SAN JUAN CHIQUITO,,1,,public,Costa Rica,Provincia Guanacaste,Abangares,Las Juntas,rural,13,rural,10.27263269,-84.97457547,official_emis,exact,unknown
CRI_002153,2597,CRI,RIO COROBICI,,1,,public,Costa Rica,Provincia Guanacaste,Canas,Cañas,urban,12,rural,10.45482515,-85.13085075,official_emis,exact,unknown
CRI_002154,2598,CRI,SANTA LUCIA,,1,,public,Costa Rica,Provincia Guanacaste,Abangares,Las Juntas,rural,11,rural,10.29285912,-84.97881276,official_emis,exact,unknown
CRI_002155,2599,CRI,ARENAL,,1,,public,Costa Rica,Provincia Guanacaste,Tilaran,Arenal,rural,13,rural,10.54646504,-84.89528823,official_emis,exact,unknown
CRI_002156,2600,CRI,ARIZONA,,1,,public,Costa Rica,Provincia Guanacaste,Abangares,San Juan,rural,11,rural,10.19670528,-84.95349472,official_emis,exact,unknown
CRI_002157,2601,CRI,LAS PALMAS,,1,,public,Costa Rica,Provincia Guanacaste,Canas,Cañas,urban,23,urban,10.43590705,-85.09488607,official_emis,exact,unknown
CRI_002158,2602,CRI,ALTOS DE CEBADILLA,,1,,public,Costa Rica,Provincia Guanacaste,Abangares,Sierra,rural,12,rural,10.32694438,-84.85705807,official_emis,exact,unknown
CRI_002159,2603,CRI,SAN FRANCISCO,,1,,public,Costa Rica,Provincia Guanacaste,Abangares,Las Juntas,rural,12,rural,10.2818666,-84.94278234,official_emis,exact,unknown
CRI_002160,2604,CRI,ANTONIO OBANDO ESPINOZA,,1,,public,Costa Rica,Provincia Guanacaste,Canas,Cañas,urban,23,urban,10.42764484,-85.09678516,official_emis,exact,unknown
CRI_002161,2605,CRI,EL CARMEN,,1,,public,Costa Rica,Provincia Guanacaste,Tilaran,Tilarán,urban,23,urban,10.46554679,-84.96978503,official_emis,exact,unknown
CRI_002162,2606,CRI,BEBEDERO,,1,,public,Costa Rica,Provincia Guanacaste,Canas,Bebedero,urban,13,rural,10.36944372,-85.19384251,official_emis,exact,unknown
CRI_002163,2607,CRI,VIEJO ARENAL,,1,,public,Costa Rica,Provincia Guanacaste,Tilaran,Tronadora,rural,11,rural,10.46495403,-84.84792868,official_emis,exact,unknown
CRI_002164,2608,CRI,MONSEÑOR MORERA VEGA,,1,,public,Costa Rica,Provincia Guanacaste,Tilaran,Tilarán,urban,12,rural,10.4560891,-84.94257967,official_emis,exact,unknown
CRI_002165,2609,CRI,LOS CEDROS,,1,,public,Costa Rica,Provincia Guanacaste,Canas,Cañas,urban,12,rural,10.4693343,-85.10574898,official_emis,exact,unknown
CRI_002166,2610,CRI,I.D.A. ASENTAMIENTO NUEVO ARENAL,,1,,public,Costa Rica,Provincia Guanacaste,Tilaran,Arenal,rural,11,rural,10.54559718,-84.86342066,official_emis,exact,unknown
CRI_002167,2611,CRI,LOS TORNOS,,1,,public,Costa Rica,Provincia Guanacaste,Abangares,Sierra,rural,12,rural,10.34432069,-84.85388745,official_emis,exact,unknown
CRI_002168,2612,CRI,PEÑAS BLANCAS,,1,,public,Costa Rica,Provincia Guanacaste,Abangares,Colorado,rural,12,rural,10.19302016,-85.16919066,official_emis,exact,unknown
CRI_002169,2613,CRI,MONSEÑOR LUIS LEIPOLD,,1,,public,Costa Rica,Provincia Guanacaste,Canas,Cañas,urban,23,urban,10.42912909,-85.0915544,official_emis,exact,unknown
CRI_002170,2614,CRI,PUEBLO NUEVO,,1,,public,Costa Rica,Provincia Guanacaste,Tilaran,Quebrada Grande,rural,12,rural,10.42613756,-84.92539284,official_emis,exact,unknown
CRI_002171,2615,CRI,CABECERA DE CAÑAS,,1,,public,Costa Rica,Provincia Guanacaste,Tilaran,Quebrada Grande,rural,12,rural,10.35809653,-84.8738857,official_emis,exact,unknown
CRI_002172,2616,CRI,CAMPOS DE ORO,,1,,public,Costa Rica,Provincia Guanacaste,Abangares,Sierra,rural,12,rural,10.37145894,-84.91937835,official_emis,exact,unknown
CRI_002173,2617,CRI,EL NISPERO,,1,,public,Costa Rica,Provincia Guanacaste,Canas,Porozal,rural,12,rural,10.21161962,-85.23085462,official_emis,exact,unknown
CRI_002174,2618,CRI,I.D.A. SAN LUIS,,1,,public,Costa Rica,Provincia Guanacaste,Canas,Cañas,urban,12,rural,10.38082438,-85.11177049,official_emis,exact,unknown
CRI_002175,2619,CRI,PASO LAJAS,,1,,public,Costa Rica,Provincia Guanacaste,Canas,Cañas,urban,12,rural,10.39025561,-85.09254582,official_emis,exact,unknown
CRI_002176,2620,CRI,COLORADO,,1,,public,Costa Rica,Provincia Guanacaste,Abangares,Colorado,rural,13,rural,10.18456303,-85.10875741,official_emis,exact,unknown
CRI_002177,2621,CRI,CONCEPCION,,1,,public,Costa Rica,Provincia Guanacaste,Abangares,Las Juntas,rural,11,rural,10.30309031,-85.00015355,official_emis,exact,unknown
CRI_002178,2622,CRI,CONCEPCION,,1,,public,Costa Rica,Provincia Guanacaste,Abangares,Colorado,rural,12,rural,10.23953877,-85.13656015,official_emis,exact,unknown
CRI_002179,2623,CRI,COROBICI,,1,,public,Costa Rica,Provincia Guanacaste,Canas,Palmira,rural,12,rural,10.54403653,-85.08745122,official_emis,exact,unknown
CRI_002180,2624,CRI,COYOLITO,,1,,public,Costa Rica,Provincia Guanacaste,Abangares,Las Juntas,rural,12,rural,10.142783465401475,-84.97919600484956,admin_centroid,approximate,unknown
CRI_002181,2625,CRI,INVU LAS CAÑAS,,1,,public,Costa Rica,Provincia Guanacaste,Canas,Cañas,urban,23,urban,10.42323504,-85.10108038,official_emis,exact,unknown
CRI_002182,2626,CRI,BARRIO JESUS,,1,,public,Costa Rica,Provincia Guanacaste,Abangares,Las Juntas,rural,11,rural,10.31543844,-85.03027517,official_emis,exact,unknown
CRI_002183,2627,CRI,LA PALMA,,1,,public,Costa Rica,Provincia Guanacaste,Tilaran,Santa Rosa,rural,11,rural,10.53297003,-85.00950423,official_emis,exact,unknown
CRI_002184,2628,CRI,LOS ANGELES,,1,,public,Costa Rica,Provincia Guanacaste,Abangares,San Juan,rural,12,rural,10.25901016,-84.8950862,official_emis,exact,unknown
CRI_002185,2629,CRI,PARAISO,,1,,public,Costa Rica,Provincia Guanacaste,Tilaran,Tierras Morenas,rural,11,rural,10.61177741,-85.04474977,official_emis,exact,unknown
CRI_002186,2630,CRI,RIO CHIQUITO,,1,,public,Costa Rica,Provincia Guanacaste,Bagaces,Río Naranjo,rural,12,rural,10.66413777,-85.09794716,official_emis,exact,unknown
CRI_002187,2631,CRI,SAN LUIS,,1,,public,Costa Rica,Provincia Guanacaste,Tilaran,Tilarán,urban,13,rural,10.50323297,-84.94236901,official_emis,exact,unknown
CRI_002188,2632,CRI,RAIZAL,,1,,public,Costa Rica,Provincia Guanacaste,Abangares,Colorado,rural,11,rural,10.18761938,-85.07791342,official_emis,exact,unknown
CRI_002189,2633,CRI,EL AGUACATE,,1,,public,Costa Rica,Provincia Guanacaste,Tilaran,Tierras Morenas,rural,12,rural,10.56259564,-84.93915929,official_emis,exact,unknown
CRI_002190,2634,CRI,CERRO SAN JOSE,,1,,public,Costa Rica,Provincia Guanacaste,Tilaran,Líbano,rural,12,rural,10.38803628,-84.96782224,official_emis,exact,unknown
CRI_002191,2635,CRI,EL DOS,,1,,public,Costa Rica,Provincia Guanacaste,Abangares,Sierra,rural,12,rural,10.36884142,-84.90304954,official_emis,exact,unknown
CRI_002192,2636,CRI,EL DOS,,1,,public,Costa Rica,Provincia Guanacaste,Tilaran,Quebrada Grande,rural,12,rural,10.38197474,-84.90315073,official_emis,exact,unknown
CRI_002193,2637,CRI,MONTE LOS OLIVOS,,1,,public,Costa Rica,Provincia Guanacaste,Tilaran,Quebrada Grande,rural,12,rural,10.35149441,-84.8365784,official_emis,exact,unknown
CRI_002194,2638,CRI,JERONIMO FERNANDEZ ROJAS,,1,,public,Costa Rica,Provincia Guanacaste,Canas,Cañas,urban,12,rural,10.37509304,-85.12155856,official_emis,exact,unknown
CRI_002195,2639,CRI,ROSITA CHAVEZ DE CABEZAS,,1,,public,Costa Rica,Provincia Guanacaste,Tilaran,Líbano,rural,12,rural,10.41625725,-84.98588945,official_emis,exact,unknown
CRI_002196,2640,CRI,SAN JOAQUIN,,1,,public,Costa Rica,Provincia Guanacaste,Abangares,Colorado,rural,12,rural,10.26468845,-85.09898417,official_emis,exact,unknown
CRI_002197,2641,CRI,EL SILENCIO,,1,,public,Costa Rica,Provincia Guanacaste,Tilaran,Tronadora,rural,12,rural,10.4776058,-84.90736309,official_emis,exact,unknown
CRI_002198,2642,CRI,EL VERGEL,,1,,public,Costa Rica,Provincia Guanacaste,Canas,Cañas,urban,11,rural,10.44319642,-85.04807068,official_emis,exact,unknown
CRI_002199,2643,CRI,BELLO HORIZONTE,,1,,public,Costa Rica,Provincia Guanacaste,Canas,Cañas,urban,21,peri_urban,10.4331394,-85.07597916,official_emis,exact,unknown
CRI_002200,2644,CRI,GUAPINOL,,1,,public,Costa Rica,Provincia Guanacaste,Canas,Porozal,rural,11,rural,10.238622951493825,-85.22049013373676,admin_centroid,approximate,unknown
CRI_002201,2645,CRI,HACIENDA TABOGA,,1,,public,Costa Rica,Provincia Guanacaste,Canas,Bebedero,urban,13,rural,10.34709388,-85.17553838,official_emis,exact,unknown
CRI_002202,2646,CRI,HACIENDA TENORIO,,1,,public,Costa Rica,Provincia Guanacaste,Canas,Palmira,rural,11,rural,10.609529124713402,-85.08785299054435,admin_centroid,approximate,unknown
CRI_002203,2647,CRI,HIGUERON,,1,,public,Costa Rica,Provincia Guanacaste,Canas,San Miguel,rural,12,rural,10.34978534,-85.05274438,official_emis,exact,unknown
CRI_002204,2648,CRI,LA CRUZ,,1,,public,Costa Rica,Provincia Guanacaste,Abangares,Sierra,rural,12,rural,10.33864754,-84.83914251,official_emis,exact,unknown
CRI_002205,2649,CRI,LAS BRISAS,,1,,public,Costa Rica,Provincia Guanacaste,Abangares,Las Juntas,rural,12,rural,10.26868076,-85.06056692,official_emis,exact,unknown
CRI_002206,2650,CRI,JOAQUIN ARROYO,,1,,public,Costa Rica,Provincia Guanacaste,Abangares,Las Juntas,rural,12,rural,10.25401769,-85.05460031,official_emis,exact,unknown
CRI_002207,2651,CRI,PIEDRA VERDE,,1,,public,Costa Rica,Provincia Guanacaste,Abangares,Las Juntas,rural,12,rural,10.26161534,-85.03981744,official_emis,exact,unknown
CRI_002208,2652,CRI,TRES AMIGOS,,1,,public,Costa Rica,Provincia Guanacaste,Abangares,Sierra,rural,12,rural,10.30153182,-84.92915429,official_emis,exact,unknown
CRI_002209,2654,CRI,LA UNION,,1,,public,Costa Rica,Provincia Guanacaste,Tilaran,Arenal,rural,12,rural,10.50179126,-84.84366157,official_emis,exact,unknown
CRI_002210,2655,CRI,DELIA OVIEDO DE ACUÑA,,1,,public,Costa Rica,Provincia Guanacaste,Abangares,Las Juntas,rural,13,rural,10.28012853,-84.95892978,official_emis,exact,unknown
CRI_002211,2656,CRI,LOURDES,,1,,public,Costa Rica,Provincia Guanacaste,Abangares,San Juan,rural,12,rural,10.18302397,-84.93687593,official_emis,exact,unknown
CRI_002212,2657,CRI,LAS NUBES,,1,,public,Costa Rica,Provincia Guanacaste,Tilaran,Quebrada Grande,rural,12,rural,10.36069126,-84.85201897,official_emis,exact,unknown
CRI_002213,2658,CRI,LIMONAL,,1,,public,Costa Rica,Provincia Guanacaste,Abangares,Las Juntas,rural,13,rural,10.25852763,-85.01526235,official_emis,exact,unknown
CRI_002214,2659,CRI,LOS ANGELES,,1,,public,Costa Rica,Provincia Guanacaste,Tilaran,Santa Rosa,rural,12,rural,10.4896775,-85.02063806,official_emis,exact,unknown
CRI_002215,2660,CRI,RANCHITOS,,1,,public,Costa Rica,Provincia Guanacaste,Tilaran,Santa Rosa,rural,11,rural,10.50155654,-84.99505816,official_emis,exact,unknown
CRI_002216,2661,CRI,LOS PATIOS,,1,,public,Costa Rica,Provincia Guanacaste,Tilaran,Quebrada Grande,rural,12,rural,10.39948807,-84.90314171,official_emis,exact,unknown
CRI_002217,2662,CRI,MATA DE CAÑA,,1,,public,Costa Rica,Provincia Guanacaste,Tilaran,Arenal,rural,12,rural,10.53986105,-84.88011796,official_emis,exact,unknown
CRI_002218,2663,CRI,SAN LUIS,,1,,public,Costa Rica,Provincia Guanacaste,Canas,Cañas,urban,21,peri_urban,10.41647425,-85.08788133,official_emis,exact,unknown
CRI_002219,2664,CRI,SAN CRISTOBAL,,1,,public,Costa Rica,Provincia Guanacaste,Canas,Cañas,urban,21,peri_urban,10.42227686,-85.09006086,official_emis,exact,unknown
CRI_002220,2665,CRI,POROZAL,,1,,public,Costa Rica,Provincia Guanacaste,Canas,Porozal,rural,12,rural,10.2608447,-85.1958896,official_emis,exact,unknown
CRI_002221,2666,CRI,POZO AZUL,,1,,public,Costa Rica,Provincia Guanacaste,Abangares,San Juan,rural,12,rural,10.18799,-84.905373,official_emis,exact,unknown
CRI_002222,2667,CRI,PUEBLO NUEVO,,1,,public,Costa Rica,Provincia Guanacaste,Abangares,Colorado,rural,12,rural,10.22849188,-85.11166525,official_emis,exact,unknown
CRI_002223,2668,CRI,QUEBRADA GRANDE,,1,,public,Costa Rica,Provincia Guanacaste,Tilaran,Quebrada Grande,rural,12,rural,10.43119053,-84.94483609,official_emis,exact,unknown
CRI_002224,2669,CRI,RIO CHIQUITO,,1,,public,Costa Rica,Provincia Guanacaste,Tilaran,Tilarán,rural,11,rural,10.43444429,-84.87337438,official_emis,exact,unknown
CRI_002225,2670,CRI,LA ESPERANZA,,1,,public,Costa Rica,Provincia Guanacaste,Tilaran,Quebrada Grande,rural,12,rural,10.37537093,-84.88067393,official_emis,exact,unknown
CRI_002226,2671,CRI,RIO PIEDRAS,,1,,public,Costa Rica,Provincia Guanacaste,Tilaran,Tierras Morenas,rural,12,rural,10.56047981,-84.97016323,official_emis,exact,unknown
CRI_002227,2672,CRI,LINDA VISTA,,1,,public,Costa Rica,Provincia Guanacaste,Tilaran,Santa Rosa,rural,12,rural,10.5144784,-84.97637255,official_emis,exact,unknown
CRI_002228,2674,CRI,SABALITO,,1,,public,Costa Rica,Provincia Guanacaste,Tilaran,Tierras Morenas,rural,12,rural,10.56028599,-84.99814001,official_emis,exact,unknown
CRI_002229,2675,CRI,CANDELARIA,,1,,public,Costa Rica,Provincia Guanacaste,Abangares,Sierra,rural,12,rural,10.3483596,-84.91120138,official_emis,exact,unknown
CRI_002230,2676,CRI,SAN ANTONIO,,1,,public,Costa Rica,Provincia Guanacaste,Canas,Cañas,urban,12,rural,10.4008596,-85.08087505,official_emis,exact,unknown
CRI_002231,2677,CRI,SAN BUENAVENTURA,,1,,public,Costa Rica,Provincia Guanacaste,Abangares,Colorado,rural,12,rural,10.18944677,-85.15507937,official_emis,exact,unknown
CRI_002232,2678,CRI,LAS PARCELAS,,1,,public,Costa Rica,Provincia Guanacaste,Tilaran,Arenal,rural,12,rural,10.55389383,-84.89274403,official_emis,exact,unknown
CRI_002233,2679,CRI,SAN ISIDRO,,1,,public,Costa Rica,Provincia Guanacaste,Canas,Palmira,rural,11,rural,10.49820722,-85.14028491,official_emis,exact,unknown
CRI_002234,2680,CRI,SAN JUAN GRANDE,,1,,public,Costa Rica,Provincia Guanacaste,Abangares,San Juan,rural,12,rural,10.2615678,-84.94623551,official_emis,exact,unknown
CRI_002235,2681,CRI,SAN JUAN,,1,,public,Costa Rica,Provincia Guanacaste,Canas,San Miguel,rural,11,rural,10.38103754,-85.03924414,official_emis,exact,unknown
CRI_002236,2682,CRI,SAN MIGUEL,,1,,public,Costa Rica,Provincia Guanacaste,Canas,San Miguel,rural,12,rural,10.35397319,-85.07888622,official_emis,exact,unknown
CRI_002237,2683,CRI,SAN MIGUEL,,1,,public,Costa Rica,Provincia Guanacaste,Tilaran,Quebrada Grande,rural,12,rural,10.41111028,-84.92790436,official_emis,exact,unknown
CRI_002238,2685,CRI,SAN RAFAEL,,1,,public,Costa Rica,Provincia Guanacaste,Abangares,Sierra,rural,12,rural,10.34340055,-84.87912414,official_emis,exact,unknown
CRI_002239,2686,CRI,SANDIAL,,1,,public,Costa Rica,Provincia Guanacaste,Canas,Cañas,urban,12,rural,10.45844859,-85.10493189,official_emis,exact,unknown
CRI_002240,2687,CRI,SANTA LUCIA,,1,,public,Costa Rica,Provincia Guanacaste,Canas,Porozal,rural,11,rural,10.23957456,-85.19070547,official_emis,exact,unknown
CRI_002241,2688,CRI,NUEVA GUATEMALA,,1,,public,Costa Rica,Provincia Guanacaste,Canas,Palmira,rural,12,rural,10.63911961,-85.0589984,official_emis,exact,unknown
CRI_002242,2689,CRI,SOLANIA,,1,,public,Costa Rica,Provincia Guanacaste,Tilaran,Líbano,rural,11,rural,10.37246764,-84.99050078,official_emis,exact,unknown
CRI_002243,2690,CRI,JAIME GUTIERREZ BRAUN,,1,,public,Costa Rica,Provincia Guanacaste,Tilaran,Tierras Morenas,rural,12,rural,10.57057285,-85.02598702,official_emis,exact,unknown
CRI_002244,2691,CRI,JOSE MARIA CALDERON,,1,,public,Costa Rica,Provincia Guanacaste,Tilaran,Tilarán,urban,23,urban,10.47126058,-84.96771097,official_emis,exact,unknown
CRI_002245,2692,CRI,TRES HERMANOS,,1,,public,Costa Rica,Provincia Guanacaste,Abangares,Sierra,rural,11,rural,10.32340244,-84.9244411,official_emis,exact,unknown
CRI_002246,2693,CRI,TRONADORA,,1,,public,Costa Rica,Provincia Guanacaste,Tilaran,Tronadora,rural,13,rural,10.50004349,-84.92163238,official_emis,exact,unknown
CRI_002247,2694,CRI,TURIN,,1,,public,Costa Rica,Provincia Guanacaste,Abangares,Quebrada Grande,rural,12,rural,10.34811963,-84.86638742,official_emis,exact,unknown
CRI_002248,2695,CRI,CAÑITAS,,1,,public,Costa Rica,Provincia Puntarenas,Abangares,Sierra,rural,12,rural,10.32758393,-84.84365146,official_emis,exact,unknown
CRI_002249,2696,CRI,BUENOS AIRES,,1,,public,Costa Rica,Provincia Guanacaste,Canas,San Miguel,rural,11,rural,10.33116816,-85.05551965,official_emis,exact,unknown
CRI_002250,2697,CRI,HIGUERILLAS,,1,,public,Costa Rica,Provincia Guanacaste,Abangares,Colorado,rural,11,rural,10.18860982,-85.03954444,official_emis,exact,unknown
CRI_002251,2698,CRI,LA MARAVILLA,,1,,public,Costa Rica,Provincia Guanacaste,Tilaran,Líbano,rural,12,rural,10.38707023,-84.99117966,official_emis,exact,unknown
CRI_002252,2699,CRI,RIOJALANDIA,,1,,public,Costa Rica,Provincia Puntarenas,Puntarenas,Barranca,urban,23,urban,9.98031881,-84.72110643,official_emis,exact,unknown
CRI_002253,2700,CRI,ABANGARITOS,,1,,public,Costa Rica,Provincia Puntarenas,Puntarenas,Manzanillo,rural,12,rural,10.15739588,-85.03861407,official_emis,exact,unknown
CRI_002254,2701,CRI,LA ABUELA,,1,,public,Costa Rica,Provincia Puntarenas,Puntarenas,Cóbano,rural,12,rural,9.70144643,-85.02584405,official_emis,exact,unknown
CRI_002255,2702,CRI,LA FLORIDA,,1,,public,Costa Rica,Provincia Puntarenas,Puntarenas,Lepanto,rural,12,rural,9.98153249,-85.05642584,official_emis,exact,unknown
CRI_002256,2703,CRI,PLAYA BLANCA,,1,,public,Costa Rica,Provincia Puntarenas,Puntarenas,Paquera,rural,11,rural,9.91839552,-84.92212635,official_emis,exact,unknown
CRI_002257,2704,CRI,BELLO HORIZONTE,,1,,public,Costa Rica,Provincia Puntarenas,Puntarenas,Cóbano,rural,12,rural,9.69099919,-85.2009801,official_emis,exact,unknown
CRI_002258,2705,CRI,SANTA TERESA,,1,,public,Costa Rica,Provincia Puntarenas,Puntarenas,Cóbano,rural,12,rural,9.63942127,-85.163397,official_emis,exact,unknown
CRI_002259,2706,CRI,I.D.A. VALLE AZUL,,1,,public,Costa Rica,Provincia Puntarenas,Puntarenas,Paquera,rural,12,rural,9.77634698,-84.9559421,official_emis,exact,unknown
CRI_002260,2708,CRI,DIEGO DE ARTIEDA CHIRINO,,1,,public,Costa Rica,Provincia Puntarenas,Esparza,Caldera,urban,11,rural,9.95679555,-84.69296454,official_emis,exact,unknown
CRI_002261,2709,CRI,GUARDIANES DE LA PIEDRA,,1,,public,Costa Rica,Provincia Puntarenas,Esparza,Caldera,rural,12,rural,9.91496511,-84.6833828,official_emis,exact,unknown
CRI_002262,2710,CRI,LA COLINA,,1,,public,Costa Rica,Provincia Puntarenas,Puntarenas,Chomes,rural,12,rural,10.14256875,-84.88480803,official_emis,exact,unknown
CRI_002263,2711,CRI,ARANJUECITO,,1,,public,Costa Rica,Provincia Puntarenas,Puntarenas,Acapulco,rural,11,rural,10.18474004,-84.76567842,official_emis,exact,unknown
CRI_002264,2712,CRI,ARANJUEZ,,1,,public,Costa Rica,Provincia Puntarenas,Puntarenas,Pitahaya,rural,12,rural,10.05575638,-84.79755168,official_emis,exact,unknown
CRI_002265,2714,CRI,EL CHAGÜITE,,1,,public,Costa Rica,Provincia Puntarenas,Puntarenas,El Roble,urban,21,peri_urban,9.98441046,-84.74460164,official_emis,exact,unknown
CRI_002266,2715,CRI,AUGUSTO COLOMBARI CHICOLI,,1,,public,Costa Rica,Provincia Puntarenas,Puntarenas,Barranca,urban,23,urban,9.98886623,-84.71279082,official_emis,exact,unknown
CRI_002267,2717,CRI,ISLA DE CEDROS,,1,,public,Costa Rica,Provincia Puntarenas,Puntarenas,,rural,11,rural,9.84409522,-84.87853609,official_emis,exact,unknown
CRI_002268,2718,CRI,LINDA VISTA,,1,,public,Costa Rica,Provincia Puntarenas,Montes de Oro,Miramar,urban,23,urban,10.08472491,-84.72683181,official_emis,exact,unknown
CRI_002269,2719,CRI,LOS LLANOS,,1,,public,Costa Rica,Provincia Puntarenas,Puntarenas,Monte Verde,urban,12,rural,10.30484372,-84.8347562,official_emis,exact,unknown
CRI_002270,2720,CRI,BAJO CALIENTE,,1,,public,Costa Rica,Provincia Puntarenas,Montes de Oro,Arancibia,rural,12,rural,10.20393795,-84.721817,official_emis,exact,unknown
CRI_002271,2721,CRI,BAJOS DE ARIO,,1,,public,Costa Rica,Provincia Puntarenas,Puntarenas,Cóbano,rural,11,rural,9.73333673,-85.20138727,official_emis,exact,unknown
CRI_002272,2722,CRI,BAJOS NEGROS,,1,,public,Costa Rica,Provincia Puntarenas,Puntarenas,Paquera,rural,12,rural,9.93008226,-84.95598924,official_emis,exact,unknown
CRI_002273,2723,CRI,JUANITO MORA PORRAS,,1,,public,Costa Rica,Provincia Puntarenas,Puntarenas,Barranca,urban,23,urban,9.97412796,-84.72577634,official_emis,exact,unknown
CRI_002274,2724,CRI,ACAPULCO,,1,,public,Costa Rica,Provincia Puntarenas,Puntarenas,Acapulco,rural,11,rural,10.14111121,-84.84485647,official_emis,exact,unknown
CRI_002275,2725,CRI,BOCANA,,1,,public,Costa Rica,Provincia Puntarenas,Puntarenas,Chira,rural,12,rural,10.09043075,-85.1181734,official_emis,exact,unknown
CRI_002276,2726,CRI,VILLA BRUSELAS,,1,,public,Costa Rica,Provincia Puntarenas,Puntarenas,Pitahaya,rural,12,rural,10.08898365,-84.79799024,official_emis,exact,unknown
CRI_002277,2727,CRI,BRISAS DEL GOLFO,,1,,public,Costa Rica,Provincia Puntarenas,Puntarenas,Manzanillo,rural,13,rural,10.10215874,-84.99732303,official_emis,exact,unknown
CRI_002278,2728,CRI,BRUSELAS,,1,,public,Costa Rica,Provincia Puntarenas,Esparza,Macacona,urban,12,rural,10.00424222,-84.61800029,official_emis,exact,unknown
CRI_002279,2729,CRI,ARTURO TORRES MARTINEZ,,1,,public,Costa Rica,Provincia Puntarenas,Esparza,Espíritu Santo,urban,23,urban,9.99041914,-84.66578203,official_emis,exact,unknown
CRI_002280,2730,CRI,CONFEDERACION SUIZA,,1,,public,Costa Rica,Provincia Puntarenas,Puntarenas,Cóbano,rural,11,rural,9.70122918,-85.05420051,official_emis,exact,unknown
CRI_002281,2731,CRI,SAN JUAN CHIQUITO,,1,,public,Costa Rica,Provincia Puntarenas,Esparza,San Juan Grande,rural,21,peri_urban,9.98843584,-84.64091033,official_emis,exact,unknown
CRI_002282,2732,CRI,LA GUARIA,,1,,public,Costa Rica,Provincia Puntarenas,Puntarenas,Barranca,urban,21,peri_urban,9.99535102,-84.70571078,official_emis,exact,unknown
CRI_002283,2734,CRI,CALDERA,,1,,public,Costa Rica,Provincia Puntarenas,Esparza,Caldera,urban,13,rural,9.93398414,-84.7224624,official_emis,exact,unknown
CRI_002284,2735,CRI,RIO BARRANCA,,1,,public,Costa Rica,Provincia Puntarenas,Puntarenas,Barranca,urban,21,peri_urban,9.99535462,-84.69746119,official_emis,exact,unknown
CRI_002285,2736,CRI,SAN AGUSTIN,,1,,public,Costa Rica,Provincia Puntarenas,Puntarenas,Chomes,rural,11,rural,10.06577331,-84.88108977,official_emis,exact,unknown
CRI_002286,2737,CRI,CARMEN LYRA,,1,,public,Costa Rica,Provincia Puntarenas,Puntarenas,Cóbano,rural,13,rural,9.68913824,-85.10374609,official_emis,exact,unknown
CRI_002287,2739,CRI,CERRILLOS,,1,,public,Costa Rica,Provincia Puntarenas,Esparza,San Jerónimo,rural,12,rural,10.08398317,-84.65344578,official_emis,exact,unknown
CRI_002288,2740,CRI,JOSE FRANCISCO PEREZ MUÑOZ,,1,,public,Costa Rica,Provincia Puntarenas,Esparza,Espíritu Santo,urban,23,urban,9.99322887,-84.65843276,official_emis,exact,unknown
CRI_002289,2741,CRI,TIVIVES,,1,,public,Costa Rica,Provincia Puntarenas,Esparza,Caldera,rural,12,rural,9.87996433,-84.70725815,official_emis,exact,unknown
CRI_002290,2742,CRI,CIRUELAS,,1,,public,Costa Rica,Provincia Puntarenas,Montes de Oro,San Isidro,rural,12,rural,10.06141267,-84.75952744,official_emis,exact,unknown
CRI_002291,2743,CRI,MONTERO Y PALITO,,1,,public,Costa Rica,Provincia Puntarenas,Puntarenas,Chira,rural,12,rural,10.10564584,-85.18086479,official_emis,exact,unknown
CRI_002292,2744,CRI,CIUDADELA KENNEDY,,1,,public,Costa Rica,Provincia Puntarenas,Puntarenas,Barranca,urban,23,urban,9.99044328,-84.72023494,official_emis,exact,unknown
CRI_002293,2745,CRI,SAN JOAQUIN,,1,,public,Costa Rica,Provincia Puntarenas,Montes de Oro,San Isidro,urban,12,rural,10.01755397,-84.72562135,official_emis,exact,unknown
CRI_002294,2746,CRI,CONCEPCION DE PAQUERA,,1,,public,Costa Rica,Provincia Puntarenas,Puntarenas,Lepanto,rural,11,rural,9.83010452,-85.16386241,official_emis,exact,unknown
CRI_002295,2747,CRI,CONCEPCION,,1,,public,Costa Rica,Provincia Puntarenas,Puntarenas,Lepanto,rural,11,rural,9.832661347866031,-85.1620434086211,admin_centroid,approximate,unknown
CRI_002296,2748,CRI,CORAZON DE JESUS,,1,,public,Costa Rica,Provincia Puntarenas,Puntarenas,Arancibia,rural,12,rural,10.24016679,-84.68768347,official_emis,exact,unknown
CRI_002297,2749,CRI,PUEBLO NUEVO,,1,,public,Costa Rica,Provincia Puntarenas,Puntarenas,Paquera,rural,11,rural,9.91743657,-84.97854126,official_emis,exact,unknown
CRI_002298,2750,CRI,EL MALINCHE,,1,,public,Costa Rica,Provincia Puntarenas,Puntarenas,Chomes,rural,12,rural,10.13336958,-84.9044824,official_emis,exact,unknown
CRI_002299,2751,CRI,PUNTA CUCHILLO,,1,,public,Costa Rica,Provincia Puntarenas,Puntarenas,Paquera,rural,11,rural,9.83257337,-84.88787037,official_emis,exact,unknown
CRI_002300,2752,CRI,CABO BLANCO,,1,,public,Costa Rica,Provincia Puntarenas,Puntarenas,Lepanto,rural,12,rural,9.93202482,-84.9955616,official_emis,exact,unknown
CRI_002301,2753,CRI,CABUYA,,1,,public,Costa Rica,Provincia Puntarenas,Puntarenas,Cóbano,rural,12,rural,9.6030178,-85.08807651,official_emis,exact,unknown
CRI_002302,2754,CRI,CAMARONAL,,1,,public,Costa Rica,Provincia Puntarenas,Puntarenas,Lepanto,rural,12,rural,9.93639536,-85.10339963,official_emis,exact,unknown
CRI_002303,2755,CRI,CAMBALACHE,,1,,public,Costa Rica,Provincia Puntarenas,Esparza,Caldera,rural,12,rural,9.92584764,-84.67768729,official_emis,exact,unknown
CRI_002304,2756,CRI,CEDRAL,,1,,public,Costa Rica,Provincia Puntarenas,Montes de Oro,La Unión,rural,12,rural,10.21557,-84.67239045,official_emis,exact,unknown
CRI_002305,2757,CRI,CERRO FRIO,,1,,public,Costa Rica,Provincia Puntarenas,Puntarenas,Lepanto,rural,11,rural,9.84217571,-85.11082239,official_emis,exact,unknown
CRI_002306,2758,CRI,RAFAEL ARGUEDAS HERRERA,,1,,public,Costa Rica,Provincia Puntarenas,Puntarenas,Monte Verde,urban,13,rural,10.31377593,-84.81679817,official_emis,exact,unknown
CRI_002307,2759,CRI,CHAPERNAL,,1,,public,Costa Rica,Provincia Puntarenas,Puntarenas,Pitahaya,rural,12,rural,10.06006063,-84.82498903,official_emis,exact,unknown
CRI_002308,2760,CRI,ISLA DE CHIRA,,1,,public,Costa Rica,Provincia Puntarenas,Puntarenas,Chira,rural,12,rural,10.10576399,-85.16029579,official_emis,exact,unknown
CRI_002309,2761,CRI,CHOMES,,1,,public,Costa Rica,Provincia Puntarenas,Puntarenas,Chomes,rural,12,rural,10.04463854,-84.90792499,official_emis,exact,unknown
CRI_002310,2762,CRI,TOBIAS MONTERO CASCANTE,,1,,public,Costa Rica,Provincia Puntarenas,Puntarenas,Lepanto,rural,12,rural,9.99190504,-85.15286102,official_emis,exact,unknown
CRI_002311,2763,CRI,COYOLITO,,1,,public,Costa Rica,Provincia Guanacaste,Puntarenas,Manzanillo,rural,12,rural,10.14344531,-84.98071033,official_emis,exact,unknown
CRI_002312,2764,CRI,I.D.A. EL BARON,,1,,public,Costa Rica,Provincia Puntarenas,Esparza,San Rafael,rural,12,rural,9.96293657,-84.63031798,official_emis,exact,unknown
CRI_002313,2765,CRI,CUAJINIQUIL,,1,,public,Costa Rica,Provincia Puntarenas,Puntarenas,Lepanto,rural,11,rural,9.92348141,-85.18214688,official_emis,exact,unknown
CRI_002314,2766,CRI,DOMINICA,,1,,public,Costa Rica,Provincia Puntarenas,Puntarenas,Lepanto,rural,12,rural,9.9198839,-85.10389979,official_emis,exact,unknown
CRI_002315,2767,CRI,FERNANDEZ,,1,,public,Costa Rica,Provincia Puntarenas,Puntarenas,Guacimal,rural,11,rural,10.17403111,-84.86611184,official_emis,exact,unknown
CRI_002316,2768,CRI,PANICA DOS,,1,,public,Costa Rica,Provincia Puntarenas,Puntarenas,Paquera,rural,12,rural,9.7171436,-85.04083769,official_emis,exact,unknown
CRI_002317,2769,CRI,JARQUIN,,1,,public,Costa Rica,Provincia Puntarenas,Puntarenas,Chomes,rural,12,rural,10.12004791,-84.94951017,official_emis,exact,unknown
CRI_002318,2770,CRI,ROSARIO VASQUEZ MONGE,,1,,public,Costa Rica,Provincia Puntarenas,Esparza,San Juan Grande,rural,13,rural,9.96980592,-84.66047225,official_emis,exact,unknown
CRI_002319,2771,CRI,LINDORA,,1,,public,Costa Rica,Provincia Puntarenas,Puntarenas,Monte Verde,urban,11,rural,10.28381751,-84.83649614,official_emis,exact,unknown
CRI_002320,2772,CRI,LA PITA,,1,,public,Costa Rica,Provincia Puntarenas,Puntarenas,Chomes,rural,12,rural,10.16764622,-84.90853509,official_emis,exact,unknown
CRI_002321,2773,CRI,LEPANTO,,1,,public,Costa Rica,Provincia Puntarenas,Puntarenas,Lepanto,rural,12,rural,9.94840667,-85.03416393,official_emis,exact,unknown
CRI_002322,2774,CRI,MAL PAIS,,1,,public,Costa Rica,Provincia Puntarenas,Puntarenas,Cóbano,rural,12,rural,9.60003652,-85.14129346,official_emis,exact,unknown
CRI_002323,2775,CRI,MESETAS ABAJO,,1,,public,Costa Rica,Provincia Puntarenas,Esparza,San Jerónimo,rural,12,rural,10.0419426,-84.67562396,official_emis,exact,unknown
CRI_002324,2776,CRI,MONTAÑA GRANDE,,1,,public,Costa Rica,Provincia Puntarenas,Puntarenas,Lepanto,rural,12,rural,9.90821439,-85.03779271,official_emis,exact,unknown
CRI_002325,2777,CRI,MOCTEZUMA,,1,,public,Costa Rica,Provincia Puntarenas,Puntarenas,Cóbano,rural,12,rural,9.65553403,-85.06685138,official_emis,exact,unknown
CRI_002326,2778,CRI,OJO DE AGUA,,1,,public,Costa Rica,Provincia Puntarenas,Puntarenas,Arancibia,rural,12,rural,10.22584094,-84.71005266,official_emis,exact,unknown
CRI_002327,2779,CRI,PEÑAS BLANCAS,,1,,public,Costa Rica,Provincia Puntarenas,Esparza,San Jerónimo,rural,11,rural,10.11679007,-84.66821026,official_emis,exact,unknown
CRI_002328,2780,CRI,SALINAS,,1,,public,Costa Rica,Provincia Puntarenas,Esparza,Caldera,rural,12,rural,9.929962,-84.69257678,official_emis,exact,unknown
CRI_002329,2781,CRI,SAN BLAS,,1,,public,Costa Rica,Provincia Puntarenas,Puntarenas,Lepanto,rural,12,rural,9.87047642,-85.16674906,official_emis,exact,unknown
CRI_002330,2782,CRI,SANTA CECILIA,,1,,public,Costa Rica,Provincia Puntarenas,Puntarenas,Paquera,rural,11,rural,9.80658526,-84.9540007,official_emis,exact,unknown
CRI_002331,2783,CRI,SANTA CLEMENCIA,,1,,public,Costa Rica,Provincia Puntarenas,Puntarenas,Cóbano,rural,11,rural,9.70521631,-85.13721208,official_emis,exact,unknown
CRI_002332,2784,CRI,JORGE BORBON CASTRO,,1,,public,Costa Rica,Provincia Puntarenas,Puntarenas,Acapulco,rural,12,rural,10.11707151,-84.82650124,official_emis,exact,unknown
CRI_002333,2785,CRI,SAN ISIDRO,,1,,public,Costa Rica,Provincia Puntarenas,Puntarenas,Cóbano,rural,12,rural,9.65235727,-85.13363057,official_emis,exact,unknown
CRI_002334,2786,CRI,TEODORO SALAMANCA,,1,,public,Costa Rica,Provincia Puntarenas,Puntarenas,Cóbano,rural,12,rural,9.71810019,-85.01887142,official_emis,exact,unknown
CRI_002335,2787,CRI,ZAPOTAL,,1,,public,Costa Rica,Provincia Puntarenas,San Ramon,Zapotal,rural,11,rural,10.17767266,-84.67757347,official_emis,exact,unknown
CRI_002336,2788,CRI,DELIA URBINA DE GUEVARA,,1,,public,Costa Rica,Provincia Puntarenas,Puntarenas,Puntarenas,urban,23,urban,9.97836989,-84.83497644,official_emis,exact,unknown
CRI_002337,2789,CRI,LAS DELICIAS,,1,,public,Costa Rica,Provincia Puntarenas,Puntarenas,Cóbano,rural,11,rural,9.65658932,-85.09675471,official_emis,exact,unknown
CRI_002338,2790,CRI,EL BARON,,1,,public,Costa Rica,Provincia Puntarenas,Esparza,San Rafael,rural,12,rural,9.96179126,-84.6161978,official_emis,exact,unknown
CRI_002339,2791,CRI,EL BRILLANTE,,1,,public,Costa Rica,Provincia Puntarenas,Puntarenas,Pitahaya,rural,12,rural,10.09487323,-84.79872539,official_emis,exact,unknown
CRI_002340,2792,CRI,EL CARMEN,,1,,public,Costa Rica,Provincia Puntarenas,Puntarenas,Puntarenas,urban,23,urban,9.97633432,-84.84603309,official_emis,exact,unknown
CRI_002341,2793,CRI,VILLA NUEVA,,1,,public,Costa Rica,Provincia Puntarenas,Esparza,Caldera,rural,13,rural,9.92220177,-84.68876517,official_emis,exact,unknown
CRI_002342,2794,CRI,EL COTO,,1,,public,Costa Rica,Provincia Puntarenas,Puntarenas,Lepanto,rural,12,rural,9.88146685,-85.12137148,official_emis,exact,unknown
CRI_002343,2795,CRI,EL MOJON,,1,,public,Costa Rica,Provincia Puntarenas,Esparza,Espíritu Santo,urban,23,urban,9.98684631,-84.67592118,official_emis,exact,unknown
CRI_002344,2796,CRI,EL NISPERO,,1,,public,Costa Rica,Provincia Puntarenas,Puntarenas,Lepanto,rural,11,rural,9.91701808,-85.12421357,official_emis,exact,unknown
CRI_002345,2797,CRI,LA ESPERANZA,,1,,public,Costa Rica,Provincia Puntarenas,Puntarenas,Paquera,rural,12,rural,9.90569744,-85.00470573,official_emis,exact,unknown
CRI_002346,2798,CRI,JUSTO ANTONIO FACIO,,1,,public,Costa Rica,Provincia Puntarenas,Esparza,San Rafael,rural,11,rural,9.99522267,-84.58886105,official_emis,exact,unknown
CRI_002347,2799,CRI,GIGANTE,,1,,public,Costa Rica,Provincia Puntarenas,Puntarenas,Paquera,rural,12,rural,9.90108842,-84.93404571,official_emis,exact,unknown
CRI_002348,2800,CRI,GIL GONZALEZ DAVILA,,1,,public,Costa Rica,Provincia Puntarenas,Esparza,San Jerónimo,rural,12,rural,10.03752518,-84.63177715,official_emis,exact,unknown
CRI_002349,2801,CRI,GREGORIO PRENDAS MONTERO,,1,,public,Costa Rica,Provincia Puntarenas,Montes de Oro,Miramar,urban,11,rural,10.0871758,-84.75483776,official_emis,exact,unknown
CRI_002350,2802,CRI,GUADALUPE,,1,,public,Costa Rica,Provincia Puntarenas,Puntarenas,Lepanto,rural,11,rural,9.83459758,-85.08955697,official_emis,exact,unknown
CRI_002351,2803,CRI,ISLA DE VENADO,,1,,public,Costa Rica,Provincia Puntarenas,Puntarenas,Lepanto,rural,12,rural,9.9916126,-85.06066976,official_emis,exact,unknown
CRI_002352,2804,CRI,JOSE MARIA ZELEDON BRENES,,1,,public,Costa Rica,Provincia Puntarenas,Montes de Oro,Miramar,urban,23,urban,10.09001957,-84.7320575,official_emis,exact,unknown
CRI_002353,2805,CRI,JOSE RICARDO ORLICH ZAMORA,,1,,public,Costa Rica,Provincia Puntarenas,Puntarenas,Chacarita,urban,23,urban,9.98045887,-84.77256587,official_emis,exact,unknown
CRI_002354,2806,CRI,JUAN RAFAEL JIMENEZ GRANADOS,,1,,public,Costa Rica,Provincia Puntarenas,Esparza,San Rafael,rural,12,rural,9.97955717,-84.60986305,official_emis,exact,unknown
CRI_002355,2807,CRI,JUDAS,,1,,public,Costa Rica,Provincia Puntarenas,Puntarenas,Chomes,rural,13,rural,10.11298695,-84.89466901,official_emis,exact,unknown
CRI_002356,2808,CRI,JULIO ACOSTA GARCIA,,1,,public,Costa Rica,Provincia Puntarenas,Puntarenas,Paquera,rural,13,rural,9.81735382,-84.93330363,official_emis,exact,unknown
CRI_002357,2809,CRI,LA ESPERANZA,,1,,public,Costa Rica,Provincia Puntarenas,Puntarenas,Paquera,rural,12,rural,9.76388272,-85.10456908,official_emis,exact,unknown
CRI_002358,2811,CRI,LA FRESCA,,1,,public,Costa Rica,Provincia Puntarenas,Puntarenas,Lepanto,rural,12,rural,9.86778241,-85.14839586,official_emis,exact,unknown
CRI_002359,2812,CRI,LA GLORIA,,1,,public,Costa Rica,Provincia Puntarenas,Puntarenas,Lepanto,rural,11,rural,9.940242773949318,-85.06278304244003,admin_centroid,approximate,unknown
CRI_002360,2813,CRI,LA GUARIA,,1,,public,Costa Rica,Provincia Puntarenas,Puntarenas,Guacimal,rural,12,rural,10.23640851,-84.85473454,official_emis,exact,unknown
CRI_002361,2814,CRI,PLAYA TORRES,,1,,public,Costa Rica,Provincia Puntarenas,Puntarenas,Puntarenas,urban,11,rural,9.98705721,-84.97060327,official_emis,exact,unknown
CRI_002362,2815,CRI,LOS MANGOS,,1,,public,Costa Rica,Provincia Puntarenas,Puntarenas,Cóbano,rural,13,rural,9.68173418,-85.11722324,official_emis,exact,unknown
CRI_002363,2816,CRI,EL PROGRESO,,1,,public,Costa Rica,Provincia Puntarenas,Puntarenas,Barranca,urban,23,urban,9.97634562,-84.73070897,official_emis,exact,unknown
CRI_002364,2818,CRI,LA ILUSION,,1,,public,Costa Rica,Provincia Puntarenas,Puntarenas,Lepanto,rural,11,rural,9.90254369,-85.0623472,official_emis,exact,unknown
CRI_002365,2819,CRI,LA ISLA,,1,,public,Costa Rica,Provincia Puntarenas,Montes de Oro,San Isidro,rural,12,rural,10.0765448,-84.71726881,official_emis,exact,unknown
CRI_002366,2820,CRI,LAGUNA,,1,,public,Costa Rica,Provincia Puntarenas,Montes de Oro,La Unión,rural,12,rural,10.15725687,-84.70174509,official_emis,exact,unknown
CRI_002367,2821,CRI,LA TIGRA,,1,,public,Costa Rica,Provincia Puntarenas,Puntarenas,Lepanto,rural,12,rural,9.93810584,-85.15495067,official_emis,exact,unknown
CRI_002368,2822,CRI,LA UNION,,1,,public,Costa Rica,Provincia Puntarenas,Montes de Oro,La Unión,rural,11,rural,10.156822457036421,-84.724746196896,admin_centroid,approximate,unknown
CRI_002369,2823,CRI,PEDRO ROSALES REYES,,1,,public,Costa Rica,Provincia Puntarenas,Puntarenas,Lepanto,rural,11,rural,9.96199466,-85.19416552,official_emis,exact,unknown
CRI_002370,2824,CRI,LAGARTOS,,1,,public,Costa Rica,Provincia Puntarenas,Puntarenas,Chomes,rural,11,rural,10.07741679,-84.92561686,official_emis,exact,unknown
CRI_002371,2825,CRI,LAS MILPAS,,1,,public,Costa Rica,Provincia Puntarenas,Puntarenas,Lepanto,rural,11,rural,9.88786359,-85.15543917,official_emis,exact,unknown
CRI_002372,2826,CRI,BARRIO SAN LUIS,,1,,public,Costa Rica,Provincia Puntarenas,Puntarenas,Chacarita,urban,23,urban,9.98745601,-84.75824543,official_emis,exact,unknown
CRI_002373,2827,CRI,LAS VENTANAS,,1,,public,Costa Rica,Provincia Puntarenas,Montes de Oro,La Unión,rural,11,rural,10.20776741,-84.70020953,official_emis,exact,unknown
CRI_002374,2828,CRI,ALTOS DE SAN LUIS,,1,,public,Costa Rica,Provincia Puntarenas,Puntarenas,Monte Verde,urban,11,rural,10.28251309,-84.80486463,official_emis,exact,unknown
CRI_002375,2829,CRI,LOS ANGELES,,1,,public,Costa Rica,Provincia Puntarenas,Puntarenas,Guacimal,rural,11,rural,10.16755262,-84.85139162,official_emis,exact,unknown
CRI_002376,2831,CRI,MANZANILLO,,1,,public,Costa Rica,Provincia Puntarenas,Puntarenas,Manzanillo,rural,12,rural,10.13157728,-85.01947503,official_emis,exact,unknown
CRI_002377,2832,CRI,MARAÑONAL,,1,,public,Costa Rica,Provincia Puntarenas,Esparza,Espíritu Santo,urban,23,urban,10.00170145,-84.65816023,official_emis,exact,unknown
CRI_002378,2833,CRI,MARATON,,1,,public,Costa Rica,Provincia Puntarenas,Esparza,San Rafael,rural,12,rural,10.00033217,-84.57046566,official_emis,exact,unknown
CRI_002379,2834,CRI,FLORA GUEVARA BARAHONA,,1,,public,Costa Rica,Provincia Puntarenas,Puntarenas,Chacarita,urban,23,urban,9.97971053,-84.75605345,official_emis,exact,unknown
CRI_002380,2835,CRI,MOJONCITO,,1,,public,Costa Rica,Provincia Puntarenas,Esparza,Espíritu Santo,urban,12,rural,9.99095836,-84.69846941,official_emis,exact,unknown
CRI_002381,2836,CRI,MORA Y CAÑAS,,1,,public,Costa Rica,Provincia Puntarenas,Puntarenas,Puntarenas,urban,23,urban,9.98036585,-84.81584463,official_emis,exact,unknown
CRI_002382,2837,CRI,COCOROCAS,,1,,public,Costa Rica,Provincia Puntarenas,Puntarenas,Chomes,rural,12,rural,10.05871406,-84.9418265,official_emis,exact,unknown
CRI_002383,2838,CRI,ARTURO GARCIA GOLCHER,,1,,public,Costa Rica,Provincia Puntarenas,Puntarenas,Chomes,rural,12,rural,10.07046497,-84.95074977,official_emis,exact,unknown
CRI_002384,2839,CRI,MORALES,,1,,public,Costa Rica,Provincia Puntarenas,Puntarenas,Chomes,rural,12,rural,10.09166448,-84.95295115,official_emis,exact,unknown
CRI_002385,2840,CRI,HERIBERTO ZELEDON RODRIGUEZ,,1,,public,Costa Rica,Provincia Puntarenas,Esparza,Macacona,urban,21,peri_urban,9.99531179,-84.64620216,official_emis,exact,unknown
CRI_002386,2841,CRI,PUNTA DEL RIO,,1,,public,Costa Rica,Provincia Puntarenas,Puntarenas,Paquera,rural,11,rural,9.84896143,-84.92428274,official_emis,exact,unknown
CRI_002387,2843,CRI,SAN MIGUELITO,,1,,public,Costa Rica,Provincia Puntarenas,Puntarenas,Barranca,urban,12,rural,10.01126546,-84.70813665,official_emis,exact,unknown
CRI_002388,2844,CRI,EL PALMAR,,1,,public,Costa Rica,Provincia Puntarenas,Puntarenas,Puntarenas,rural,12,rural,10.0245874,-84.75193918,official_emis,exact,unknown
CRI_002389,2845,CRI,PALMITAL,,1,,public,Costa Rica,Provincia Puntarenas,Montes de Oro,La Unión,rural,12,rural,10.18738328,-84.69376309,official_emis,exact,unknown
CRI_002390,2846,CRI,PAVON,,1,,public,Costa Rica,Provincia Puntarenas,Puntarenas,Cóbano,rural,11,rural,9.74436976,-85.0808814,official_emis,exact,unknown
CRI_002391,2847,CRI,PELAYO MARCET CASAJUANA,,1,,public,Costa Rica,Provincia Puntarenas,Puntarenas,Guacimal,rural,12,rural,10.20896308,-84.84836152,official_emis,exact,unknown
CRI_002392,2848,CRI,PITAHAYA,,1,,public,Costa Rica,Provincia Puntarenas,Puntarenas,Pitahaya,rural,12,rural,10.02018596,-84.80966787,official_emis,exact,unknown
CRI_002393,2849,CRI,POCHOTE,,1,,public,Costa Rica,Provincia Puntarenas,Puntarenas,Paquera,rural,12,rural,9.75163803,-84.99300224,official_emis,exact,unknown
CRI_002394,2851,CRI,DR. RICARDO MORENO CAÑAS,,1,,public,Costa Rica,Provincia Puntarenas,Puntarenas,Lepanto,rural,13,rural,9.96270693,-85.11589115,official_emis,exact,unknown
CRI_002395,2852,CRI,RIO FRIO,,1,,public,Costa Rica,Provincia Puntarenas,Puntarenas,Cóbano,rural,11,rural,9.77590168,-85.17377756,official_emis,exact,unknown
CRI_002396,2853,CRI,RIO GRANDE,,1,,public,Costa Rica,Provincia Puntarenas,Puntarenas,Paquera,rural,12,rural,9.86361184,-84.94099769,official_emis,exact,unknown
CRI_002397,2854,CRI,RIO NEGRO,,1,,public,Costa Rica,Provincia Puntarenas,Puntarenas,Cóbano,rural,12,rural,9.67946226,-85.14397413,official_emis,exact,unknown
CRI_002398,2855,CRI,SAN FRANCISCO,,1,,public,Costa Rica,Provincia Puntarenas,Montes de Oro,La Unión,rural,12,rural,10.22430947,-84.68240115,official_emis,exact,unknown
CRI_002399,2856,CRI,SAN MIGUEL,,1,,public,Costa Rica,Provincia Puntarenas,Puntarenas,Lepanto,rural,12,rural,9.88383751,-85.11040343,official_emis,exact,unknown
CRI_002400,2857,CRI,SAN ANTONIO,,1,,public,Costa Rica,Provincia Puntarenas,Puntarenas,Guacimal,rural,11,rural,10.22309316,-84.8204406,official_emis,exact,unknown
CRI_002401,2858,CRI,SAN BUENAVENTURA,,1,,public,Costa Rica,Provincia Puntarenas,Montes de Oro,La Unión,rural,11,rural,10.17310959,-84.72541201,official_emis,exact,unknown
CRI_002402,2859,CRI,SABANA BONITA,,1,,public,Costa Rica,Provincia Puntarenas,Esparza,San Jerónimo,rural,12,rural,10.0918094,-84.67305663,official_emis,exact,unknown
CRI_002403,2860,CRI,SAN FERNANDO,,1,,public,Costa Rica,Provincia Puntarenas,Puntarenas,Paquera,rural,11,rural,9.79679403,-85.09358665,official_emis,exact,unknown
CRI_002404,2861,CRI,SAN LUIS,,1,,public,Costa Rica,Provincia Puntarenas,Puntarenas,Monte Verde,urban,12,rural,10.273445,-84.81859713,official_emis,exact,unknown
CRI_002405,2862,CRI,SAN MARTIN SUR,,1,,public,Costa Rica,Provincia Puntarenas,Puntarenas,Arancibia,rural,11,rural,10.21881307,-84.73228917,official_emis,exact,unknown
CRI_002406,2863,CRI,SAN PEDRO,,1,,public,Costa Rica,Provincia Puntarenas,Puntarenas,Lepanto,rural,12,rural,9.95461008,-85.14492356,official_emis,exact,unknown
CRI_002407,2864,CRI,SAN RAFAEL,,1,,public,Costa Rica,Provincia Puntarenas,Puntarenas,Acapulco,rural,11,rural,10.16038276,-84.79916971,official_emis,exact,unknown
CRI_002408,2865,CRI,SAN RAMON,,1,,public,Costa Rica,Provincia Puntarenas,Puntarenas,Lepanto,rural,11,rural,9.87499139,-85.08593186,official_emis,exact,unknown
CRI_002409,2866,CRI,SANTA ELENA,,1,,public,Costa Rica,Provincia Puntarenas,Puntarenas,Monte Verde,urban,13,rural,10.32171109,-84.82501317,official_emis,exact,unknown
CRI_002410,2867,CRI,SANTA ROSA,,1,,public,Costa Rica,Provincia Puntarenas,Puntarenas,Acapulco,rural,12,rural,10.18541503,-84.81594173,official_emis,exact,unknown
CRI_002411,2868,CRI,DOMINGO FAUSTINO SARMIENTO,,1,,public,Costa Rica,Provincia Puntarenas,Puntarenas,Chomes,rural,12,rural,10.15661595,-84.88178358,official_emis,exact,unknown
CRI_002412,2869,CRI,SAN ISIDRO,,1,,public,Costa Rica,Provincia Puntarenas,Montes de Oro,San Isidro,rural,21,peri_urban,10.0597507,-84.7299787,official_emis,exact,unknown
CRI_002413,2870,CRI,SAN MIGUEL,,1,,public,Costa Rica,Provincia Puntarenas,Puntarenas,Barranca,urban,21,peri_urban,10.01388081,-84.69708945,official_emis,exact,unknown
CRI_002414,2871,CRI,SAN RAFAEL,,1,,public,Costa Rica,Provincia Puntarenas,Puntarenas,Paquera,rural,12,rural,9.80363506,-84.98502507,official_emis,exact,unknown
CRI_002415,2872,CRI,SAN RAFAEL,,1,,public,Costa Rica,Provincia Puntarenas,Puntarenas,Lepanto,rural,11,rural,9.88891069,-85.16776599,official_emis,exact,unknown
CRI_002416,2873,CRI,SANTA ROSA,,1,,public,Costa Rica,Provincia Puntarenas,Montes de Oro,San Isidro,rural,13,rural,10.03767907,-84.73890062,official_emis,exact,unknown
CRI_002417,2874,CRI,TAJO ALTO,,1,,public,Costa Rica,Provincia Puntarenas,Montes de Oro,Miramar,urban,12,rural,10.13108344,-84.72396831,official_emis,exact,unknown
CRI_002418,2875,CRI,ANTONIO VALLERRIESTRA,,1,,public,Costa Rica,Provincia Puntarenas,Esparza,San Juan Grande,rural,12,rural,9.97383825,-84.64181948,official_emis,exact,unknown
CRI_002419,2876,CRI,ZAGALA VIEJA,,1,,public,Costa Rica,Provincia Puntarenas,Montes de Oro,Miramar,urban,12,rural,10.09911112,-84.7846409,official_emis,exact,unknown
CRI_002420,2880,CRI,ISLA CABALLO,,1,,public,Costa Rica,Provincia Puntarenas,Puntarenas,Puntarenas,urban,12,rural,9.99292548,-84.98996741,official_emis,exact,unknown
CRI_002421,2881,CRI,MATA LIMON,,1,,public,Costa Rica,Provincia Puntarenas,Esparza,Caldera,urban,13,rural,9.92302242,-84.70916413,official_emis,exact,unknown
CRI_002422,2883,CRI,VEINTE DE NOVIEMBRE,,1,,public,Costa Rica,Provincia Puntarenas,Puntarenas,Chacarita,urban,23,urban,9.9842221,-84.76765652,official_emis,exact,unknown
CRI_002423,2884,CRI,FRAY CASIANO DE MADRID,,1,,public,Costa Rica,Provincia Puntarenas,Puntarenas,Chacarita,urban,23,urban,9.98586563,-84.77462909,official_emis,exact,unknown
CRI_002424,2886,CRI,ROSA BARQUERO AZOFEIFA,,1,,public,Costa Rica,Provincia Puntarenas,Puntarenas,Lepanto,rural,12,rural,9.97521508,-85.16732205,official_emis,exact,unknown
CRI_002425,2887,CRI,VILLA BONITA,,1,,public,Costa Rica,Provincia Puntarenas,Osa,Piedras Blancas,rural,12,rural,8.85042619,-83.32580564,official_emis,exact,unknown
CRI_002426,2889,CRI,LA BOTA,,1,,public,Costa Rica,Provincia Puntarenas,Corredores,La Cuesta,rural,12,rural,8.471301800000003,-82.88753246,official_emis,exact,unknown
CRI_002427,2890,CRI,ESCUELA ALTOS DE KM. 83,,1,,public,Costa Rica,Provincia Puntarenas,Osa,Piedras Blancas,rural,12,rural,8.74265509,-83.17781208,official_emis,exact,unknown
CRI_002428,2891,CRI,LA CHIVA,,1,,public,Costa Rica,Provincia Puntarenas,Coto Brus,,rural,12,rural,8.84144019,-83.09644634,official_emis,exact,unknown
CRI_002429,2892,CRI,FEDERICO GUTIERREZ BRAUN,,1,,public,Costa Rica,Provincia Puntarenas,Coto Brus,,rural,12,rural,8.74796366,-82.94217618,official_emis,exact,unknown
CRI_002430,2893,CRI,VIQUILLA DOS,,1,,public,Costa Rica,Provincia Puntarenas,Golfito,Guaycará,urban,12,rural,8.67517335,-83.10092049,official_emis,exact,unknown
CRI_002431,2894,CRI,PARAÍSO,,1,,public,Costa Rica,Provincia Puntarenas,Buenos Aires,Chánguena,rural,12,rural,8.8527518,-83.12335955,official_emis,exact,unknown
CRI_002432,2895,CRI,LA ORQUIDEA,,1,,public,Costa Rica,Provincia Puntarenas,Puerto Jimenez,Puerto Jiménez,rural,12,rural,8.60232431,-83.45429839,official_emis,exact,unknown
CRI_002433,2896,CRI,BRUNCA,,1,,public,Costa Rica,Provincia Puntarenas,Golfito,Guaycará,urban,13,rural,8.6556198,-83.06675031,official_emis,exact,unknown
CRI_002434,2898,CRI,ALBERTO ECHANDI MONTERO,,1,,public,Costa Rica,Provincia Puntarenas,Corredores,Corredor,urban,23,urban,8.65055767,-82.94369043,official_emis,exact,unknown
CRI_002435,2899,CRI,CENIZO,,1,,public,Costa Rica,Provincia Puntarenas,Corredores,Laurel,rural,12,rural,8.444671140000002,-82.9404873,official_emis,exact,unknown
CRI_002436,2900,CRI,LA FORTUNA,,1,,public,Costa Rica,Provincia Puntarenas,Corredores,Corredor,urban,21,peri_urban,8.64397608,-82.96113551,official_emis,exact,unknown
CRI_002437,2901,CRI,EL ROBLE,,1,,public,Costa Rica,Provincia Puntarenas,Coto Brus,,rural,12,rural,8.90376225,-82.88870895,official_emis,exact,unknown
CRI_002438,2902,CRI,BARRIO NUEVO,,1,,public,Costa Rica,Provincia Puntarenas,Corredores,Canoas,urban,13,rural,8.58635194,-82.88341865,official_emis,exact,unknown
CRI_002439,2903,CRI,ALTO LOS MOGOS,,1,,public,Costa Rica,Provincia Puntarenas,Osa,Sierpe,rural,12,rural,8.76048586,-83.3703816,official_emis,exact,unknown
CRI_002440,2904,CRI,BELLO ORIENTE,,1,,public,Costa Rica,Provincia Puntarenas,Coto Brus,,rural,12,rural,8.7155182,-82.94253774,official_emis,exact,unknown
CRI_002441,2907,CRI,VILLA ROMA,,1,,public,Costa Rica,Provincia Puntarenas,Corredores,Corredor,rural,12,rural,8.72341404,-82.90208433,official_emis,exact,unknown
CRI_002442,2908,CRI,SANTA ROSA,,1,,public,Costa Rica,Provincia Puntarenas,Corredores,Laurel,rural,11,rural,8.38870028,-83.01313833,official_emis,exact,unknown
CRI_002443,2910,CRI,LOS ÁNGELES,,1,,public,Costa Rica,Provincia Puntarenas,Osa,Piedras Blancas,rural,12,rural,8.775203360000003,-83.17929714,official_emis,exact,unknown
CRI_002444,2911,CRI,ALVARO PARIS STEFFENS,,1,,public,Costa Rica,Provincia Puntarenas,Golfito,Golfito,urban,22,urban,8.62691414,-83.15391233,official_emis,exact,unknown
CRI_002445,2912,CRI,SANTA CLARA,,1,,public,Costa Rica,Provincia Puntarenas,Golfito,Pavón,rural,12,rural,8.3718706,-83.14298603,official_emis,exact,unknown
CRI_002446,2913,CRI,LINDA VISTA,,1,,public,Costa Rica,Provincia Puntarenas,Osa,Puerto Cortés,urban,11,rural,9.0379594,-83.53769644,official_emis,exact,unknown
CRI_002447,2915,CRI,PALMIRA,,1,,public,Costa Rica,Provincia Puntarenas,Coto Brus,,rural,12,rural,8.93794631,-82.90234299,official_emis,exact,unknown
CRI_002448,2916,CRI,SAN ISIDRO,,1,,public,Costa Rica,Provincia Puntarenas,Corredores,Canoas,urban,12,rural,8.58102048,-82.85828614,official_emis,exact,unknown
CRI_002449,2918,CRI,VALLE HERMOSO,,1,,public,Costa Rica,Provincia Puntarenas,Coto Brus,,rural,12,rural,8.84562979,-82.89907767,official_emis,exact,unknown
CRI_002450,2919,CRI,VALLE LOS CEDROS,,1,,public,Costa Rica,Provincia Puntarenas,Golfito,Guaycará,urban,11,rural,8.75872592,-83.14802198,official_emis,exact,unknown
CRI_002451,2920,CRI,ALTAMIRA,,1,,public,Costa Rica,Provincia Puntarenas,Golfito,Pavón,rural,12,rural,8.37627844,-83.11060759,official_emis,exact,unknown
CRI_002452,2922,CRI,PUEBLO NUEVO,,1,,public,Costa Rica,Provincia Puntarenas,Coto Brus,,rural,12,rural,8.735500780000002,-82.95247543,official_emis,exact,unknown
CRI_002453,2923,CRI,AJUNTADERAS,,1,,public,Costa Rica,Provincia Puntarenas,Osa,Sierpe,rural,11,rural,8.85912843,-83.50601532,official_emis,exact,unknown
CRI_002454,2927,CRI,SAN MARTIN,,1,,public,Costa Rica,Provincia Puntarenas,Corredores,Canoas,urban,12,rural,8.56939864,-82.83469576,official_emis,exact,unknown
CRI_002455,2928,CRI,LA HACIENDA,,1,,public,Costa Rica,Provincia Puntarenas,Osa,Sierpe,rural,11,rural,8.853111,-83.43991566,official_emis,exact,unknown
CRI_002456,2929,CRI,ALPHA,,1,,public,Costa Rica,Provincia Puntarenas,Coto Brus,,rural,12,rural,8.885070560000003,-82.88657696,official_emis,exact,unknown
CRI_002457,2930,CRI,LA RIVIERA,,1,,public,Costa Rica,Provincia Puntarenas,Golfito,Pavón,urban,11,rural,8.52895537,-83.05706124,official_emis,exact,unknown
CRI_002458,2931,CRI,BRASILIA,,1,,public,Costa Rica,Provincia Puntarenas,Coto Brus,,rural,12,rural,8.800074670000003,-82.89253301,official_emis,exact,unknown
CRI_002459,2932,CRI,KOGOKEAIBTA,,1,,public,Costa Rica,Provincia Puntarenas,Golfito,Pavón,rural,11,rural,8.36691866,-83.11480584,official_emis,exact,unknown
CRI_002460,2933,CRI,BETANIA,,1,,public,Costa Rica,Provincia Puntarenas,Coto Brus,,rural,11,rural,8.8539662,-83.07682969,official_emis,exact,unknown
CRI_002461,2934,CRI,NGOBEGUE,,1,,public,Costa Rica,Provincia Puntarenas,Coto Brus,,rural,12,rural,8.838562100000003,-83.07275417,official_emis,exact,unknown
CRI_002462,2935,CRI,EL TRIUNFO,,1,,public,Costa Rica,Provincia Puntarenas,Corredores,Canoas,urban,12,rural,8.561246990000003,-82.85707239,official_emis,exact,unknown
CRI_002463,2936,CRI,BAHIA DE PAVON,,1,,public,Costa Rica,Provincia Puntarenas,Golfito,Pavón,rural,12,rural,8.42558781,-83.10381046,official_emis,exact,unknown
CRI_002464,2937,CRI,ALTOS DE GUAYMI,,1,,public,Costa Rica,Provincia Puntarenas,Golfito,Pavón,rural,11,rural,8.26705703,-82.9610115,official_emis,exact,unknown
CRI_002465,2938,CRI,VALLE DE EL DIQUIS,,1,,public,Costa Rica,Provincia Puntarenas,Osa,Puerto Cortés,urban,13,rural,8.97069557,-83.52289503,official_emis,exact,unknown
CRI_002466,2939,CRI,LINDA MAR,,1,,public,Costa Rica,Provincia Puntarenas,Golfito,Pavón,rural,12,rural,8.468434950000002,-83.09573597,official_emis,exact,unknown
CRI_002467,2940,CRI,RESIDENCIAL UREÑA,,1,,public,Costa Rica,Provincia Puntarenas,Golfito,Golfito,urban,22,urban,8.657730000000003,-83.1884756,official_emis,exact,unknown
CRI_002468,2941,CRI,BAJO DE REYES,,1,,public,Costa Rica,Provincia Puntarenas,Coto Brus,,rural,12,rural,8.85736695,-82.99306308,official_emis,exact,unknown
CRI_002469,2942,CRI,LA HIERBA,,1,,public,Costa Rica,Provincia Puntarenas,Golfito,Pavón,rural,11,rural,8.39314488,-83.09662057,official_emis,exact,unknown
CRI_002470,2943,CRI,SIETE COLINAS,,1,,public,Costa Rica,Provincia Puntarenas,Coto Brus,,rural,12,rural,8.879718280000002,-82.9235013,official_emis,exact,unknown
CRI_002471,2944,CRI,RIO NUEVO,,1,,public,Costa Rica,Provincia Puntarenas,Corredores,Corredor,urban,21,peri_urban,8.64951372,-82.97871505,official_emis,exact,unknown
CRI_002472,2945,CRI,LA AMISTAD,,1,,public,Costa Rica,Provincia Puntarenas,Coto Brus,,rural,12,rural,8.80924454,-82.97830988,official_emis,exact,unknown
CRI_002473,2946,CRI,BALSAR,,1,,public,Costa Rica,Provincia Puntarenas,Osa,Puerto Cortés,urban,11,rural,9.006044210000002,-83.5281251,official_emis,exact,unknown
CRI_002474,2947,CRI,BAJO DE LOS INDIOS,,1,,public,Costa Rica,Provincia Puntarenas,Corredores,Corredor,urban,11,rural,8.66758146,-82.87492066,official_emis,exact,unknown
CRI_002475,2948,CRI,VALLE AZUL,,1,,public,Costa Rica,Provincia Puntarenas,Coto Brus,,rural,12,rural,8.76503157,-82.92826496,official_emis,exact,unknown
CRI_002476,2949,CRI,LAS GEMELAS,,1,,public,Costa Rica,Provincia Puntarenas,Golfito,Pavón,rural,12,rural,8.39707921,-83.13312352,official_emis,exact,unknown
CRI_002477,2950,CRI,TRES RIOS,,1,,public,Costa Rica,Provincia Puntarenas,Coto Brus,,rural,22,urban,8.81515626,-82.96489358,official_emis,exact,unknown
CRI_002478,2951,CRI,LA VIRGEN,,1,,public,Costa Rica,Provincia Puntarenas,Golfito,Pavón,rural,12,rural,8.4808615,-83.08267485,official_emis,exact,unknown
CRI_002479,2952,CRI,I.D.A. PORTO LLANO,,1,,public,Costa Rica,Provincia Puntarenas,Coto Brus,,rural,12,rural,8.856832580000003,-82.86127054,official_emis,exact,unknown
CRI_002480,2954,CRI,CUERVITO,,1,,public,Costa Rica,Provincia Puntarenas,Golfito,Pavón,rural,11,rural,8.4383655,-83.07161738,official_emis,exact,unknown
CRI_002481,2955,CRI,GUAYACAN,,1,,public,Costa Rica,Provincia Puntarenas,Corredores,Laurel,rural,13,rural,8.43430617,-82.94323408,official_emis,exact,unknown
CRI_002482,2956,CRI,SANTA MARTA,,1,,public,Costa Rica,Provincia Puntarenas,Coto Brus,,rural,12,rural,8.8748655,-83.08244376,official_emis,exact,unknown
CRI_002483,2957,CRI,MIRAFLORES,,1,,public,Costa Rica,Provincia Puntarenas,Coto Brus,,rural,12,rural,8.83410746,-82.9243759,official_emis,exact,unknown
CRI_002484,2958,CRI,LA BALSA,,1,,public,Costa Rica,Provincia Puntarenas,Puerto Jimenez,Puerto Jiménez,rural,11,rural,8.4873926,-83.35020518,official_emis,exact,unknown
CRI_002485,2959,CRI,BRUS MALIS,,1,,public,Costa Rica,Provincia Puntarenas,Coto Brus,,rural,12,rural,8.83340028,-83.04892658,official_emis,exact,unknown
CRI_002486,2960,CRI,KOGORIBTDA,,1,,public,Costa Rica,Provincia Puntarenas,Golfito,Pavón,rural,11,rural,8.32431175,-83.05438037,official_emis,exact,unknown
CRI_002487,2961,CRI,BOCA GALLARDO,,1,,public,Costa Rica,Provincia Puntarenas,Puerto Jimenez,Puerto Jiménez,rural,12,rural,8.54235422,-83.36037593,official_emis,exact,unknown
CRI_002488,2962,CRI,LLANO BONITO,,1,,public,Costa Rica,Provincia Puntarenas,Golfito,Guaycará,urban,11,rural,8.718137430000002,-83.05060095,official_emis,exact,unknown
CRI_002489,2963,CRI,BELLA VISTA,,1,,public,Costa Rica,Provincia Puntarenas,Coto Brus,,rural,12,rural,8.904447810000002,-82.93700964,official_emis,exact,unknown
CRI_002490,2964,CRI,CARBONERA,,1,,public,Costa Rica,Provincia Puntarenas,Puerto Jimenez,Puerto Jiménez,rural,12,rural,8.40894614,-83.28453584,official_emis,exact,unknown
CRI_002491,2965,CRI,LA FUENTE,,1,,public,Costa Rica,Provincia Puntarenas,Corredores,Corredor,urban,12,rural,8.66766091,-82.94502919,official_emis,exact,unknown
CRI_002492,2966,CRI,CAÑA BLANCA,,1,,public,Costa Rica,Provincia Puntarenas,Osa,Palmar,rural,11,rural,8.967338890000002,-83.42558092,official_emis,exact,unknown
CRI_002493,2967,CRI,EL ÑEQUE,,1,,public,Costa Rica,Provincia Puntarenas,Puerto Jimenez,Puerto Jiménez,rural,12,rural,8.5516005,-83.33709457,official_emis,exact,unknown
CRI_002494,2968,CRI,ALTO MONTERREY,,1,,public,Costa Rica,Provincia Puntarenas,Coto Brus,,rural,11,rural,8.906919780000003,-82.98580089,official_emis,exact,unknown
CRI_002495,2969,CRI,CAÑAS GORDAS,,1,,public,Costa Rica,Provincia Puntarenas,Coto Brus,,rural,12,rural,8.74511296,-82.91961137,official_emis,exact,unknown
CRI_002496,2970,CRI,RIO MARZO,,1,,public,Costa Rica,Provincia Puntarenas,Coto Brus,,rural,12,rural,8.89618817,-82.87948624,official_emis,exact,unknown
CRI_002497,2971,CRI,LA JUANITA,,1,,public,Costa Rica,Provincia Puntarenas,Osa,Sierpe,rural,11,rural,8.81093258,-83.41368718,official_emis,exact,unknown
CRI_002498,2972,CRI,CAÑAZA,,1,,public,Costa Rica,Provincia Puntarenas,Puerto Jimenez,Puerto Jiménez,rural,12,rural,8.582146890000002,-83.41156073,official_emis,exact,unknown
CRI_002499,2973,CRI,LA NUBIA,,1,,public,Costa Rica,Provincia Puntarenas,Corredores,Laurel,rural,12,rural,8.510867510000002,-82.97107842,official_emis,exact,unknown
CRI_002500,2974,CRI,KAMAKIRI,,1,,public,Costa Rica,Provincia Puntarenas,Coto Brus,,rural,11,rural,8.952991190000002,-82.9966957,official_emis,exact,unknown
CRI_002501,2975,CRI,COTO SUR,,1,,public,Costa Rica,Provincia Puntarenas,Corredores,Laurel,rural,12,rural,8.474881140000003,-82.97128108,official_emis,exact,unknown
CRI_002502,2976,CRI,SURIK,,1,,public,Costa Rica,Provincia Puntarenas,Corredores,La Cuesta,rural,12,rural,8.453337660000003,-82.87126334,official_emis,exact,unknown
CRI_002503,2977,CRI,MIRAMAR,,1,,public,Costa Rica,Provincia Puntarenas,Osa,Piedras Blancas,rural,11,rural,8.87988891,-83.29938336,official_emis,exact,unknown
CRI_002504,2981,CRI,SAN RAMON DE RIO CLARO,,1,,public,Costa Rica,Provincia Puntarenas,Golfito,Guaycará,urban,21,peri_urban,8.68518181,-83.05618791,official_emis,exact,unknown
CRI_002505,2982,CRI,QUEBRADA LA TARDE,,1,,public,Costa Rica,Provincia Puntarenas,Puerto Jimenez,Puerto Jiménez,rural,11,rural,8.57765448,-83.4862107,official_emis,exact,unknown
CRI_002506,2983,CRI,SAN ISIDRO,,1,,public,Costa Rica,Provincia Puntarenas,Coto Brus,,rural,11,rural,8.718633000000002,-82.96239197,official_emis,exact,unknown
CRI_002507,2984,CRI,CAMPO DOS Y MEDIO,,1,,public,Costa Rica,Provincia Puntarenas,Corredores,Corredor,urban,12,rural,8.69742847,-82.93425836,official_emis,exact,unknown
CRI_002508,2985,CRI,CAMPO TRES,,1,,public,Costa Rica,Provincia Puntarenas,Coto Brus,,rural,12,rural,8.72429589,-82.93352141,official_emis,exact,unknown
CRI_002509,2986,CRI,SALAMÁ,,1,,public,Costa Rica,Provincia Puntarenas,Osa,Piedras Blancas,rural,12,rural,8.83138734,-83.31070407,official_emis,exact,unknown
CRI_002510,2988,CRI,LA NAVIDAD,,1,,public,Costa Rica,Provincia Puntarenas,Osa,Piedras Blancas,rural,12,rural,8.78637389,-83.26410059,official_emis,exact,unknown
CRI_002511,2989,CRI,CARACOL NORTE,,1,,public,Costa Rica,Provincia Puntarenas,Golfito,Guaycará,urban,11,rural,8.68278039,-83.00531606,official_emis,exact,unknown
CRI_002512,2990,CRI,SANTA ELENA,,1,,public,Costa Rica,Provincia Puntarenas,Coto Brus,,rural,12,rural,8.93216005,-82.9448161,official_emis,exact,unknown
CRI_002513,2991,CRI,GUAYABI,,1,,public,Costa Rica,Provincia Puntarenas,Corredores,Corredor,urban,12,rural,8.67229854,-82.91613452,official_emis,exact,unknown
CRI_002514,2992,CRI,CIUDADELA GONZALEZ,,1,,public,Costa Rica,Provincia Puntarenas,Corredores,Corredor,urban,23,urban,8.64545481,-82.93998616,official_emis,exact,unknown
CRI_002515,2993,CRI,FINCA NARANJO,,1,,public,Costa Rica,Provincia Puntarenas,Corredores,Laurel,rural,12,rural,8.43049261,-82.95704988,official_emis,exact,unknown
CRI_002516,2994,CRI,ALTO LAGUNA,,1,,public,Costa Rica,Provincia Puntarenas,Osa,Bahía Drake,rural,11,rural,8.608672240000002,-83.51419669,official_emis,exact,unknown
CRI_002517,2995,CRI,LA PRIMAVERA,,1,,public,Costa Rica,Provincia Puntarenas,Coto Brus,,rural,12,rural,8.799587000000002,-82.91955699,official_emis,exact,unknown
CRI_002518,2996,CRI,MIRAMAR,,1,,public,Costa Rica,Provincia Puntarenas,Osa,Sierpe,rural,11,rural,8.81532784,-83.50165014,official_emis,exact,unknown
CRI_002519,2998,CRI,CACORAGUA,,1,,public,Costa Rica,Provincia Puntarenas,Corredores,Corredor,urban,11,rural,8.63955386,-82.89376116,official_emis,exact,unknown
CRI_002520,2999,CRI,CARIARE,,1,,public,Costa Rica,Provincia Puntarenas,Corredores,Laurel,rural,12,rural,8.496182620000003,-82.95346448,official_emis,exact,unknown
CRI_002521,3000,CRI,LA INDEPENDENCIA,,1,,public,Costa Rica,Provincia Puntarenas,Puerto Jimenez,Puerto Jiménez,rural,13,rural,8.64696213,-83.46140535,official_emis,exact,unknown
CRI_002522,3001,CRI,LA LIBERTAD,,1,,public,Costa Rica,Provincia Puntarenas,Corredores,Laurel,rural,12,rural,8.46394599,-82.96150687,official_emis,exact,unknown
CRI_002523,3002,CRI,ESTERO GUERRA,,1,,public,Costa Rica,Provincia Puntarenas,Osa,Bahía Drake,rural,11,rural,8.75264077,-83.60013642,official_emis,exact,unknown
CRI_002524,3004,CRI,LA AMAPOLA,,1,,public,Costa Rica,Provincia Puntarenas,Puerto Jimenez,Puerto Jiménez,rural,11,rural,8.61410529,-83.4442275,official_emis,exact,unknown
CRI_002525,3005,CRI,LAS NUBES,,1,,public,Costa Rica,Provincia Puntarenas,Osa,Piedras Blancas,rural,11,rural,8.89034512,-83.28510038,official_emis,exact,unknown
CRI_002526,3006,CRI,JAIME GUTIERREZ BRAWN,,1,,public,Costa Rica,Provincia Puntarenas,Coto Brus,,rural,12,rural,8.89785704,-82.92232192,official_emis,exact,unknown
CRI_002527,3007,CRI,LA ESCUADRA,,1,,public,Costa Rica,Provincia Puntarenas,Golfito,Pavón,rural,12,rural,8.48280175,-83.03045158,official_emis,exact,unknown
CRI_002528,3008,CRI,LAUREL,,1,,public,Costa Rica,Provincia Puntarenas,Corredores,Laurel,rural,13,rural,8.44179449,-82.90468799,official_emis,exact,unknown
CRI_002529,3009,CRI,FINCA CAUCHO,,1,,public,Costa Rica,Provincia Puntarenas,Corredores,Laurel,rural,12,rural,8.4510271,-82.92885445,official_emis,exact,unknown
CRI_002530,3010,CRI,FINCA CAIMITO,,1,,public,Costa Rica,Provincia Puntarenas,Corredores,Laurel,rural,12,rural,8.46565049,-82.93469792,official_emis,exact,unknown
CRI_002531,3011,CRI,FINCA TAMARINDO,,1,,public,Costa Rica,Provincia Puntarenas,Corredores,Laurel,rural,12,rural,8.45460675,-82.94839091,official_emis,exact,unknown
CRI_002532,3012,CRI,FINCA BAMBITO,,1,,public,Costa Rica,Provincia Puntarenas,Corredores,Laurel,rural,13,rural,8.43464869,-82.91962558,official_emis,exact,unknown
CRI_002533,3013,CRI,LA CAMPIÑA,,1,,public,Costa Rica,Provincia Puntarenas,Corredores,Corredor,urban,12,rural,8.51773529,-83.01509433,official_emis,exact,unknown
CRI_002534,3014,CRI,LIDER COMTE,,1,,public,Costa Rica,Provincia Puntarenas,Golfito,Pavón,rural,12,rural,8.43991125,-83.03942207,official_emis,exact,unknown
CRI_002535,3015,CRI,BELLA LUZ,,1,,public,Costa Rica,Provincia Puntarenas,Corredores,Laurel,rural,12,rural,8.436423980000002,-82.986235,official_emis,exact,unknown
CRI_002536,3016,CRI,COPAL,,1,,public,Costa Rica,Provincia Puntarenas,Coto Brus,,rural,12,rural,8.778481040000003,-82.94993892,official_emis,exact,unknown
CRI_002537,3017,CRI,LOS CASTAÑOS,,1,,public,Costa Rica,Provincia Puntarenas,Corredores,Corredor,urban,11,rural,8.55582983,-82.99002684,official_emis,exact,unknown
CRI_002538,3018,CRI,EL LABRADOR,,1,,public,Costa Rica,Provincia Puntarenas,Corredores,Laurel,rural,12,rural,8.51687715,-82.94324856,official_emis,exact,unknown
CRI_002539,3019,CRI,BARRIO CANADA,,1,,public,Costa Rica,Provincia Puntarenas,Coto Brus,,rural,22,urban,8.8350875,-82.97235398,official_emis,exact,unknown
CRI_002540,3020,CRI,LA JULIETA,,1,,public,Costa Rica,Provincia Puntarenas,Golfito,Guaycará,urban,12,rural,8.70836682,-83.14532147,official_emis,exact,unknown
CRI_002541,3021,CRI,CORONADO,,1,,public,Costa Rica,Provincia Puntarenas,Osa,Puerto Cortés,urban,12,rural,9.04593884,-83.62087738,official_emis,exact,unknown
CRI_002542,3022,CRI,AGUAS FRESCAS,,1,,public,Costa Rica,Provincia Puntarenas,Buenos Aires,Colinas,urban,11,rural,9.04630808,-83.50743098,official_emis,exact,unknown
CRI_002543,3023,CRI,VILLA PALACIOS,,1,,public,Costa Rica,Provincia Puntarenas,Coto Brus,,rural,12,rural,8.84358686,-83.08916423,official_emis,exact,unknown
CRI_002544,3024,CRI,NIBIRIBOTDA,,1,,public,Costa Rica,Provincia Puntarenas,Corredores,Laurel,rural,11,rural,8.37652439,-83.03156174,official_emis,exact,unknown
CRI_002545,3025,CRI,COCORI,,1,,public,Costa Rica,Provincia Puntarenas,Coto Brus,,rural,11,rural,8.94984555,-83.02976003,official_emis,exact,unknown
CRI_002546,3026,CRI,AGUAS CALIENTES,,1,,public,Costa Rica,Provincia Puntarenas,Coto Brus,,rural,12,rural,8.95952823,-82.93631944,official_emis,exact,unknown
CRI_002547,3027,CRI,RIO SALTO,,1,,public,Costa Rica,Provincia Puntarenas,Coto Brus,,rural,13,rural,8.7532902,-82.94917422,official_emis,exact,unknown
CRI_002548,3028,CRI,VEREH,,1,,public,Costa Rica,Provincia Puntarenas,Corredores,Laurel,rural,12,rural,8.49438075,-82.93449081,official_emis,exact,unknown
CRI_002549,3029,CRI,ALEMANIA,,1,,public,Costa Rica,Provincia Puntarenas,Osa,Palmar,rural,22,urban,8.967672,-83.45821589,official_emis,exact,unknown
CRI_002550,3031,CRI,CHOCUACO,,1,,public,Costa Rica,Provincia Puntarenas,Osa,Sierpe,rural,11,rural,8.7623547,-83.50130436,official_emis,exact,unknown
CRI_002551,3032,CRI,COLORADO,,1,,public,Costa Rica,Provincia Puntarenas,Corredores,Canoas,urban,12,rural,8.53720491,-82.9307713,official_emis,exact,unknown
CRI_002552,3033,CRI,SAN JOSECITO,,1,,public,Costa Rica,Provincia Puntarenas,Osa,Bahía Drake,rural,11,rural,8.651136510000002,-83.71256865,official_emis,exact,unknown
CRI_002553,3035,CRI,NAZARETH,,1,,public,Costa Rica,Provincia Puntarenas,Golfito,Golfito,urban,12,rural,8.56243086,-83.07257235,official_emis,exact,unknown
CRI_002554,3036,CRI,LA ESTRELLA,,1,,public,Costa Rica,Provincia Puntarenas,Golfito,Pavón,rural,12,rural,8.44294861,-83.00843427,official_emis,exact,unknown
CRI_002555,3037,CRI,PUNTA BANCO,,1,,public,Costa Rica,Provincia Puntarenas,Golfito,Pavón,rural,12,rural,8.352510280000002,-83.13175609,official_emis,exact,unknown
CRI_002556,3038,CRI,VISTA DE TÉRRABA,,1,,public,Costa Rica,Provincia Puntarenas,Osa,Puerto Cortés,urban,11,rural,8.98839319,-83.51921952,official_emis,exact,unknown
CRI_002557,3039,CRI,JABILLO,,1,,public,Costa Rica,Provincia Puntarenas,Buenos Aires,Potrero Grande,rural,12,rural,8.93442223,-83.09185443,official_emis,exact,unknown
CRI_002558,3040,CRI,LA SANSI,,1,,public,Costa Rica,Provincia Puntarenas,Coto Brus,,rural,11,rural,8.961631730000002,-83.06923399,official_emis,exact,unknown
CRI_002559,3041,CRI,MARIA AUXILIADORA,,1,,public,Costa Rica,Provincia Puntarenas,Coto Brus,,rural,22,urban,8.82250956,-82.96738422,official_emis,exact,unknown
CRI_002560,3042,CRI,CURIME,,1,,public,Costa Rica,Provincia Puntarenas,Osa,Bahía Drake,rural,11,rural,8.66953848,-83.68466341,official_emis,exact,unknown
CRI_002561,3043,CRI,LA FLOR DEL ROBLE,,1,,public,Costa Rica,Provincia Puntarenas,Coto Brus,,rural,12,rural,8.886814040000003,-82.86932833,official_emis,exact,unknown
CRI_002562,3044,CRI,RIO INCENDIO,,1,,public,Costa Rica,Provincia Puntarenas,Corredores,Laurel,rural,12,rural,8.427052590000002,-83.00126415,official_emis,exact,unknown
CRI_002563,3045,CRI,SANTA CECILIA,,1,,public,Costa Rica,Provincia Puntarenas,Osa,Sierpe,rural,11,rural,8.75270495,-83.35041205,official_emis,exact,unknown
CRI_002564,3046,CRI,SIERPE,,1,,public,Costa Rica,Provincia Puntarenas,Osa,Sierpe,rural,12,rural,8.86134199,-83.47283606,official_emis,exact,unknown
CRI_002565,3047,CRI,ABROJO GUAYMI,,1,,public,Costa Rica,Provincia Puntarenas,Corredores,Corredor,urban,12,rural,8.65585478,-82.87640166,official_emis,exact,unknown
CRI_002566,3048,CRI,DOS BRAZOS DE RIO TIGRE,,1,,public,Costa Rica,Provincia Puntarenas,Puerto Jimenez,Puerto Jiménez,rural,11,rural,8.526557820000003,-83.40229884,official_emis,exact,unknown
CRI_002567,3049,CRI,DRAKE,,1,,public,Costa Rica,Provincia Puntarenas,Osa,Bahía Drake,rural,12,rural,8.68995033,-83.66768988,official_emis,exact,unknown
CRI_002568,3050,CRI,EL REFUGIO,,1,,public,Costa Rica,Provincia Puntarenas,Osa,Bahía Drake,rural,11,rural,8.690640030000003,-83.69607175,official_emis,exact,unknown
CRI_002569,3051,CRI,CONCEPCION,,1,,public,Costa Rica,Provincia Puntarenas,Coto Brus,,rural,12,rural,8.77433436,-82.96540973,official_emis,exact,unknown
CRI_002570,3052,CRI,EDUARDO GARNIER UGALDE,,1,,public,Costa Rica,Provincia Puntarenas,Osa,Palmar,rural,22,urban,8.96166426,-83.45525391,official_emis,exact,unknown
CRI_002571,3053,CRI,EL DANTO,,1,,public,Costa Rica,Provincia Puntarenas,Coto Brus,,rural,12,rural,8.839069950000003,-82.98646224,official_emis,exact,unknown
CRI_002572,3054,CRI,MÄDÄRíBOTDÄ,,1,,public,Costa Rica,Provincia Puntarenas,Coto Brus,,rural,11,rural,8.86053726,-83.0864101,official_emis,exact,unknown
CRI_002573,3056,CRI,ELOY MORUA CARRILLO,,1,,public,Costa Rica,Provincia Puntarenas,Golfito,Guaycará,urban,12,rural,8.71974934,-83.16461058,official_emis,exact,unknown
CRI_002574,3057,CRI,SANTA LUCIA,,1,,public,Costa Rica,Provincia Puntarenas,Corredores,Laurel,rural,12,rural,8.47036836,-82.9981717,official_emis,exact,unknown
CRI_002575,3058,CRI,JOBO CIVIL,,1,,public,Costa Rica,Provincia Puntarenas,Corredores,Laurel,rural,11,rural,8.47076363,-82.90508034,official_emis,exact,unknown
CRI_002576,3059,CRI,COQUITO,,1,,public,Costa Rica,Provincia Puntarenas,Osa,Palmar,rural,11,rural,8.92001286,-83.27949244,official_emis,exact,unknown
CRI_002577,3061,CRI,FILA GüINEA,,1,,public,Costa Rica,Provincia Puntarenas,Coto Brus,,rural,12,rural,8.90200538,-82.95700424,official_emis,exact,unknown
CRI_002578,3062,CRI,FILA DE MENDEZ,,1,,public,Costa Rica,Provincia Puntarenas,Coto Brus,,rural,12,rural,8.91561247,-82.96962554,official_emis,exact,unknown
CRI_002579,3063,CRI,FILA DE TRUCHO,,1,,public,Costa Rica,Provincia Puntarenas,Coto Brus,,rural,12,rural,8.887418350000003,-82.96061625,official_emis,exact,unknown
CRI_002580,3064,CRI,LA FLORIDA,,1,,public,Costa Rica,Provincia Puntarenas,Golfito,Golfito,urban,11,rural,8.55526213,-83.09413156,official_emis,exact,unknown
CRI_002581,3065,CRI,JOSE GONZALO ACUÑA HERNANDEZ,,1,,public,Costa Rica,Provincia Puntarenas,Coto Brus,,rural,13,rural,8.813094230000003,-82.90972754,official_emis,exact,unknown
CRI_002582,3066,CRI,EL PROGRESO,,1,,public,Costa Rica,Provincia Puntarenas,Coto Brus,,rural,11,rural,8.90254877,-82.80554485,official_emis,exact,unknown
CRI_002583,3067,CRI,LINDA VISTA,,1,,public,Costa Rica,Provincia Puntarenas,Coto Brus,,rural,12,rural,8.803885810000002,-82.95747893,official_emis,exact,unknown
CRI_002584,3068,CRI,ANA MARIA GUARDIA MORA,,1,,public,Costa Rica,Provincia Puntarenas,Golfito,Golfito,urban,22,urban,8.617012920000002,-83.14274456,official_emis,exact,unknown
CRI_002585,3069,CRI,JUAN LARA ALFARO,,1,,public,Costa Rica,Provincia Puntarenas,Corredores,La Cuesta,rural,21,peri_urban,8.491279670000003,-82.84826483,official_emis,exact,unknown
CRI_002586,3070,CRI,EL PROGRESO,,1,,public,Costa Rica,Provincia Puntarenas,Golfito,Pavón,rural,11,rural,8.40270933,-83.06234452,official_emis,exact,unknown
CRI_002587,3071,CRI,I.D.A. AGUJAS,,1,,public,Costa Rica,Provincia Puntarenas,Puerto Jimenez,Puerto Jiménez,rural,12,rural,8.56008246,-83.3813942,official_emis,exact,unknown
CRI_002588,3072,CRI,KILOMETRO 16,,1,,public,Costa Rica,Provincia Puntarenas,Golfito,Golfito,urban,12,rural,8.5918911,-83.05648738,official_emis,exact,unknown
CRI_002589,3073,CRI,KILOMETRO 20,,1,,public,Costa Rica,Provincia Puntarenas,Golfito,Golfito,urban,12,rural,8.62295741,-83.06689007,official_emis,exact,unknown
CRI_002590,3074,CRI,KILOMETRO 24,,1,,public,Costa Rica,Provincia Puntarenas,Golfito,Golfito,urban,12,rural,8.64662442,-83.07933913,official_emis,exact,unknown
CRI_002591,3075,CRI,KILOMETRO 29,,1,,public,Costa Rica,Provincia Puntarenas,Golfito,Guaycará,urban,12,rural,8.687290170000002,-83.09957429,official_emis,exact,unknown
CRI_002592,3076,CRI,KILOMETRO SIETE,,1,,public,Costa Rica,Provincia Puntarenas,Golfito,Golfito,urban,13,rural,8.6000429,-83.11660561,official_emis,exact,unknown
CRI_002593,3077,CRI,CONFRATERNIDAD,,1,,public,Costa Rica,Provincia Puntarenas,Corredores,Canoas,urban,23,urban,8.54854613,-82.84022845,official_emis,exact,unknown
CRI_002594,3078,CRI,LA FUENTE,,1,,public,Costa Rica,Provincia Puntarenas,Corredores,Corredor,urban,21,peri_urban,8.640707040000002,-82.94743555,official_emis,exact,unknown
CRI_002595,3079,CRI,LA GAMBA,,1,,public,Costa Rica,Provincia Puntarenas,Golfito,Guaycará,urban,12,rural,8.70882673,-83.18484267,official_emis,exact,unknown
CRI_002596,3080,CRI,LA GUARIA,,1,,public,Costa Rica,Provincia Puntarenas,Osa,Piedras Blancas,rural,12,rural,8.74811635,-83.20239389,official_emis,exact,unknown
CRI_002597,3081,CRI,QUIABDO,,1,,public,Costa Rica,Provincia Puntarenas,Coto Brus,,rural,11,rural,8.84651375,-83.081614,official_emis,exact,unknown
CRI_002598,3082,CRI,FILA SAN RAFAEL,,1,,public,Costa Rica,Provincia Puntarenas,Coto Brus,,rural,12,rural,8.892657440000002,-82.93676102,official_emis,exact,unknown
CRI_002599,3083,CRI,META PONTO,,1,,public,Costa Rica,Provincia Puntarenas,Coto Brus,,rural,12,rural,8.72870782,-82.94522701,official_emis,exact,unknown
CRI_002600,3084,CRI,LA ISLA,,1,,public,Costa Rica,Provincia Puntarenas,Coto Brus,,rural,12,rural,8.83692186,-82.96081042,official_emis,exact,unknown
CRI_002601,3085,CRI,LA LUCHA,,1,,public,Costa Rica,Provincia Puntarenas,Coto Brus,,rural,12,rural,8.88744516,-82.81464839,official_emis,exact,unknown
CRI_002602,3086,CRI,LA MANCHURIA,,1,,public,Costa Rica,Provincia Puntarenas,Coto Brus,,rural,12,rural,8.85643279,-83.01260986,official_emis,exact,unknown
CRI_002603,3087,CRI,LA MARAVILLA,,1,,public,Costa Rica,Provincia Puntarenas,Coto Brus,,rural,12,rural,8.887636410000002,-83.00671658,official_emis,exact,unknown
CRI_002604,3088,CRI,LA MARIPOSA,,1,,public,Costa Rica,Provincia Puntarenas,Corredores,Canoas,urban,12,rural,8.56407566,-82.90764767,official_emis,exact,unknown
CRI_002605,3089,CRI,IRIGUI,,1,,public,Costa Rica,Provincia Puntarenas,Golfito,Pavón,rural,11,rural,8.25818231,-82.97850192,official_emis,exact,unknown
CRI_002606,3090,CRI,LA MONA,,1,,public,Costa Rica,Provincia Puntarenas,Golfito,Golfito,urban,13,rural,8.60020803,-83.08967105,official_emis,exact,unknown
CRI_002607,3091,CRI,CENTRO EDUCATIVO LA PALMA,,1,,public,Costa Rica,Provincia Puntarenas,Corredores,Canoas,urban,12,rural,8.51690998,-82.89036088,official_emis,exact,unknown
CRI_002608,3092,CRI,LA PEÑA,,1,,public,Costa Rica,Provincia Puntarenas,Golfito,Pavón,rural,12,rural,8.21517927,-82.94525487,official_emis,exact,unknown
CRI_002609,3093,CRI,ADELE CLARINI,,1,,public,Costa Rica,Provincia Puntarenas,Coto Brus,,rural,12,rural,8.86890172,-82.97118936,official_emis,exact,unknown
CRI_002610,3094,CRI,BAHíA CHAL,,1,,public,Costa Rica,Provincia Puntarenas,Osa,Sierpe,rural,11,rural,8.73214485,-83.46287931,official_emis,exact,unknown
CRI_002611,3095,CRI,LA UNION,,1,,public,Costa Rica,Provincia Puntarenas,Coto Brus,,rural,12,rural,8.84859661,-83.04520823,official_emis,exact,unknown
CRI_002612,3096,CRI,LA UNION,,1,,public,Costa Rica,Provincia Puntarenas,Coto Brus,,rural,12,rural,8.83977732,-82.88072358,official_emis,exact,unknown
CRI_002613,3097,CRI,LOS ÁNGELES,,1,,public,Costa Rica,Provincia Puntarenas,Osa,Bahía Drake,rural,11,rural,8.700515920000003,-83.63176412,official_emis,exact,unknown
CRI_002614,3098,CRI,LOS ANGELES,,1,,public,Costa Rica,Provincia Puntarenas,Coto Brus,,rural,11,rural,8.870461580000002,-83.0254797,official_emis,exact,unknown
CRI_002615,3099,CRI,RIYITO,,1,,public,Costa Rica,Provincia Puntarenas,Osa,Bahía Drake,rural,11,rural,8.63435016,-83.49344306,official_emis,exact,unknown
CRI_002616,3100,CRI,LAS BRISAS,,1,,public,Costa Rica,Provincia Puntarenas,Coto Brus,,rural,12,rural,8.864559760000002,-82.92908058,official_emis,exact,unknown
CRI_002617,3101,CRI,LAS MELLIZAS,,1,,public,Costa Rica,Provincia Puntarenas,Coto Brus,,rural,12,rural,8.88675973,-82.77531445,official_emis,exact,unknown
CRI_002618,3103,CRI,LAS TRENZAS,,1,,public,Costa Rica,Provincia Puntarenas,Golfito,Golfito,urban,12,rural,8.567643520000003,-83.06182262,official_emis,exact,unknown
CRI_002619,3104,CRI,LAS VEGAS DE RIO ABROJO,,1,,public,Costa Rica,Provincia Puntarenas,Corredores,Corredor,urban,12,rural,8.62050449,-82.91257049,official_emis,exact,unknown
CRI_002620,3105,CRI,ALTO DE COMTE,,1,,public,Costa Rica,Provincia Puntarenas,Corredores,Pavón,rural,12,rural,8.37320823,-83.0553204,official_emis,exact,unknown
CRI_002621,3106,CRI,LEONOR CHINCHILLA DE FIGUEROA,,1,,public,Costa Rica,Provincia Puntarenas,Osa,Palmar,rural,12,rural,8.891362300000003,-83.37704895,official_emis,exact,unknown
CRI_002622,3107,CRI,LIMONCITO,,1,,public,Costa Rica,Provincia Puntarenas,Coto Brus,,rural,11,rural,8.82946293,-83.01549659,official_emis,exact,unknown
CRI_002623,3108,CRI,LA VICTORIA,,1,,public,Costa Rica,Provincia Puntarenas,Coto Brus,,rural,11,rural,8.82032211,-83.01331665,official_emis,exact,unknown
CRI_002624,3109,CRI,LOS ANGELES,,1,,public,Costa Rica,Provincia Puntarenas,Coto Brus,,rural,12,rural,8.78695471,-82.9433822,official_emis,exact,unknown
CRI_002625,3110,CRI,LOS PLANES,,1,,public,Costa Rica,Provincia Puntarenas,,Corredor,urban,11,rural,8.69662276,-82.8769923,official_emis,exact,unknown
CRI_002626,3111,CRI,LOURDES,,1,,public,Costa Rica,Provincia Puntarenas,Coto Brus,,rural,13,rural,8.82765,-82.94169681,official_emis,exact,unknown
CRI_002627,3112,CRI,MOISES VINCENZI PACHECO,,1,,public,Costa Rica,Provincia Puntarenas,Golfito,Guaycará,urban,11,rural,8.701896100000003,-83.12994971,official_emis,exact,unknown
CRI_002628,3113,CRI,FILA TIGRE,,1,,public,Costa Rica,Provincia Puntarenas,Coto Brus,,rural,12,rural,8.9374404,-82.9205261,official_emis,exact,unknown
CRI_002629,3114,CRI,OJO DE AGUA,,1,,public,Costa Rica,Provincia Puntarenas,Osa,Puerto Cortés,urban,12,rural,8.98349303,-83.54191047,official_emis,exact,unknown
CRI_002630,3115,CRI,PASO CANOAS,,1,,public,Costa Rica,Provincia Puntarenas,Corredores,Canoas,urban,23,urban,8.53345517,-82.84214726,official_emis,exact,unknown
CRI_002631,3116,CRI,SANTA MARIA DE PITTIER,,1,,public,Costa Rica,Provincia Puntarenas,Coto Brus,,rural,11,rural,9.01465476,-82.9652929,official_emis,exact,unknown
CRI_002632,3117,CRI,MARÍA ROSA GÁMEZ SOLANO,,1,,public,Costa Rica,Provincia Puntarenas,Osa,Piedras Blancas,rural,13,rural,8.78428398,-83.24100864,official_emis,exact,unknown
CRI_002633,3118,CRI,EL ROBLE ARRIBA,,1,,public,Costa Rica,Provincia Puntarenas,Coto Brus,,rural,12,rural,8.92367547,-82.88042733,official_emis,exact,unknown
CRI_002634,3119,CRI,FINCA JALACA,,1,,public,Costa Rica,Provincia Puntarenas,Osa,Sierpe,rural,12,rural,8.863740610000002,-83.35032476,official_emis,exact,unknown
CRI_002635,3120,CRI,DARIZARA,,1,,public,Costa Rica,Provincia Puntarenas,Corredores,Canoas,urban,12,rural,8.55603906,-82.8600543,official_emis,exact,unknown
CRI_002636,3123,CRI,POTREROS DE SIERPE,,1,,public,Costa Rica,Provincia Puntarenas,Osa,Sierpe,rural,11,rural,8.798809690000002,-83.52166772,official_emis,exact,unknown
CRI_002637,3124,CRI,VILLA NUEVA,,1,,public,Costa Rica,Provincia Puntarenas,Golfito,Guaycará,urban,11,rural,8.60179977,-83.0015604,official_emis,exact,unknown
CRI_002638,3125,CRI,SAN MIGUEL,,1,,public,Costa Rica,Provincia Puntarenas,Puerto Jimenez,Puerto Jiménez,rural,11,rural,8.56653164,-83.44457885,official_emis,exact,unknown
CRI_002639,3126,CRI,EL MANZANO,,1,,public,Costa Rica,Provincia Puntarenas,Golfito,Pavón,rural,12,rural,8.468976140000002,-83.05451149,official_emis,exact,unknown
CRI_002640,3127,CRI,LINDA VISTA,,1,,public,Costa Rica,Provincia Puntarenas,Golfito,Guaycará,urban,11,rural,8.74230731,-83.0272864,official_emis,exact,unknown
CRI_002641,3128,CRI,PUEBLO NUEVO,,1,,public,Costa Rica,Provincia Puntarenas,Corredores,Corredor,urban,12,rural,8.53830913,-83.03772639,official_emis,exact,unknown
CRI_002642,3129,CRI,PUERTO ESCONDIDO,,1,,public,Costa Rica,Provincia Puntarenas,Puerto Jimenez,Puerto Jiménez,rural,12,rural,8.66683793,-83.46892391,official_emis,exact,unknown
CRI_002643,3130,CRI,PUNTA MALA,,1,,public,Costa Rica,Provincia Puntarenas,Osa,Puerto Cortés,urban,11,rural,9.0560786,-83.63901579,official_emis,exact,unknown
CRI_002644,3131,CRI,PUNTA ZANCUDO,,1,,public,Costa Rica,Provincia Puntarenas,Golfito,Pavón,rural,12,rural,8.537287,-83.14456517,official_emis,exact,unknown
CRI_002645,3132,CRI,MONTELIMAR,,1,,public,Costa Rica,Provincia Puntarenas,Buenos Aires,Chánguena,rural,11,rural,8.90014121,-83.13267601,official_emis,exact,unknown
CRI_002646,3133,CRI,I.D.A. ALTO DE SAN JUAN,,1,,public,Costa Rica,Provincia Puntarenas,Osa,Sierpe,rural,11,rural,8.725507070000003,-83.49130888,official_emis,exact,unknown
CRI_002647,3134,CRI,NUEVA ZELANDIA,,1,,public,Costa Rica,Provincia Puntarenas,Golfito,Golfito,urban,11,rural,8.70412907,-83.21336054,official_emis,exact,unknown
CRI_002648,3135,CRI,CENTRAL RIO CLARO,,1,,public,Costa Rica,Provincia Puntarenas,Golfito,Guaycará,urban,23,urban,8.67703721,-83.06397829,official_emis,exact,unknown
CRI_002649,3136,CRI,SANTIAGO,,1,,public,Costa Rica,Provincia Puntarenas,Golfito,Guaycará,urban,21,peri_urban,8.6828878,-83.06637051,official_emis,exact,unknown
CRI_002650,3137,CRI,RIO ORO,,1,,public,Costa Rica,Provincia Puntarenas,Puerto Jimenez,Puerto Jiménez,rural,11,rural,8.42896653,-83.41662796,official_emis,exact,unknown
CRI_002651,3138,CRI,RIO ESQUINAS,,1,,public,Costa Rica,Provincia Puntarenas,Golfito,Golfito,urban,11,rural,8.73384492,-83.28984017,official_emis,exact,unknown
CRI_002652,3139,CRI,SANTA CECILIA,,1,,public,Costa Rica,Provincia Puntarenas,Corredores,Corredor,urban,11,rural,8.58840315,-82.99395599,official_emis,exact,unknown
CRI_002653,3140,CRI,LA CHACARITA,,1,,public,Costa Rica,Provincia Puntarenas,Osa,Piedras Blancas,rural,12,rural,8.799186130000002,-83.25322894,official_emis,exact,unknown
CRI_002654,3141,CRI,COYOCHE,,1,,public,Costa Rica,Provincia Puntarenas,Corredores,Laurel,rural,12,rural,8.44773768,-82.97955392,official_emis,exact,unknown
CRI_002655,3142,CRI,FINCA MANGO,,1,,public,Costa Rica,Provincia Puntarenas,Corredores,Laurel,rural,12,rural,8.45754698,-82.91680748,official_emis,exact,unknown
CRI_002656,3144,CRI,ESTRELLA DEL SUR,,1,,public,Costa Rica,Provincia Puntarenas,Corredores,Corredor,urban,11,rural,8.562826,-82.95871065,official_emis,exact,unknown
CRI_002657,3145,CRI,SAN JORGE,,1,,public,Costa Rica,Provincia Puntarenas,Corredores,Corredor,urban,11,rural,8.70184635,-82.98688472,official_emis,exact,unknown
CRI_002658,3146,CRI,TIGRITO,,1,,public,Costa Rica,Provincia Puntarenas,Golfito,Pavón,rural,12,rural,8.45347481,-83.0223288,official_emis,exact,unknown
CRI_002659,3147,CRI,SANTA MARTA,,1,,public,Costa Rica,Provincia Puntarenas,Coto Brus,,rural,11,rural,8.72486992,-82.95873799,official_emis,exact,unknown
CRI_002660,3148,CRI,CANGREJO VERDE,,1,,public,Costa Rica,Provincia Puntarenas,Corredores,Laurel,rural,11,rural,8.50488652,-82.99227127,official_emis,exact,unknown
CRI_002661,3149,CRI,VISTA DEL MAR,,1,,public,Costa Rica,Provincia Puntarenas,Golfito,Pavón,rural,11,rural,8.346490210000002,-83.11378746,official_emis,exact,unknown
CRI_002662,3151,CRI,LA CONCORDIA,,1,,public,Costa Rica,Provincia Puntarenas,Corredores,Corredor,urban,12,rural,8.563270660000002,-82.9729012,official_emis,exact,unknown
CRI_002663,3152,CRI,SÁBALO DE SIERPE,,1,,public,Costa Rica,Provincia Puntarenas,Osa,Sierpe,rural,11,rural,8.78086664,-83.5444186,official_emis,exact,unknown
CRI_002664,3153,CRI,EL PROGRESO,,1,,public,Costa Rica,Provincia Puntarenas,Osa,Bahía Drake,rural,11,rural,8.71551925,-83.63238646,official_emis,exact,unknown
CRI_002665,3154,CRI,SABANILLAS,,1,,public,Costa Rica,Provincia Puntarenas,Coto Brus,,rural,12,rural,8.8713424,-83.06321366,official_emis,exact,unknown
CRI_002666,3155,CRI,SAN ANTONIO DE SABALITO,,1,,public,Costa Rica,Provincia Puntarenas,Coto Brus,,rural,12,rural,8.778467900000003,-82.91164797,official_emis,exact,unknown
CRI_002667,3156,CRI,SAN BUENAVENTURA,,1,,public,Costa Rica,Provincia Puntarenas,Osa,Puerto Cortés,urban,12,rural,9.02131909,-83.58919684,official_emis,exact,unknown
CRI_002668,3157,CRI,RANCHO QUEMADO,,1,,public,Costa Rica,Provincia Puntarenas,Osa,Bahía Drake,rural,11,rural,8.68532254,-83.56773988,official_emis,exact,unknown
CRI_002669,3158,CRI,SAN CARLOS,,1,,public,Costa Rica,Provincia Puntarenas,Osa,Puerto Cortés,urban,12,rural,9.01898266,-83.5557819,official_emis,exact,unknown
CRI_002670,3159,CRI,SAN FRANCISCO,,1,,public,Costa Rica,Provincia Puntarenas,Coto Brus,,rural,12,rural,8.76299175,-82.9481713,official_emis,exact,unknown
CRI_002671,3160,CRI,SAN GERARDO,,1,,public,Costa Rica,Provincia Puntarenas,Coto Brus,,rural,11,rural,8.85970953,-83.06762442,official_emis,exact,unknown
CRI_002672,3161,CRI,SAN ANTONIO,,1,,public,Costa Rica,Provincia Puntarenas,Buenos Aires,Potrero Grande,rural,11,rural,8.9162384,-83.10340119,official_emis,exact,unknown
CRI_002673,3162,CRI,SAN JOAQUIN,,1,,public,Costa Rica,Provincia Puntarenas,Coto Brus,,rural,13,rural,8.82438192,-82.95347076,official_emis,exact,unknown
CRI_002674,3163,CRI,SAN GABRIEL,,1,,public,Costa Rica,Provincia Puntarenas,Osa,Palmar,rural,11,rural,8.94088153,-83.40680149,official_emis,exact,unknown
CRI_002675,3164,CRI,LUIS WACHONG LEE,,1,,public,Costa Rica,Provincia Puntarenas,Coto Brus,,rural,12,rural,8.8754787,-82.86135718,official_emis,exact,unknown
CRI_002676,3165,CRI,I.D.A. GUADALUPE,,1,,public,Costa Rica,Provincia Puntarenas,Puerto Jimenez,Puerto Jiménez,rural,12,rural,8.62316804,-83.47729311,official_emis,exact,unknown
CRI_002677,3166,CRI,SAN MIGUEL,,1,,public,Costa Rica,Provincia Puntarenas,Coto Brus,,rural,12,rural,8.85791933,-82.88256936,official_emis,exact,unknown
CRI_002678,3167,CRI,FINCA DIEZ,,1,,public,Costa Rica,Provincia Puntarenas,Osa,Palmar,rural,12,rural,8.91794779,-83.49965565,official_emis,exact,unknown
CRI_002679,3168,CRI,FINCA DOCE,,1,,public,Costa Rica,Provincia Puntarenas,Osa,Palmar,rural,12,rural,8.903604680000003,-83.4746221,official_emis,exact,unknown
CRI_002680,3169,CRI,FINCA SEIS-ONCE,,1,,public,Costa Rica,Provincia Puntarenas,Osa,Palmar,rural,12,rural,8.914750590000002,-83.4908085,official_emis,exact,unknown
CRI_002681,3170,CRI,PALMAR SUR,,1,,public,Costa Rica,Provincia Puntarenas,Osa,Palmar,rural,22,urban,8.95475507,-83.46453725,official_emis,exact,unknown
CRI_002682,3171,CRI,FINCA 2-4,,1,,public,Costa Rica,Provincia Puntarenas,Osa,Palmar,rural,12,rural,8.92856778,-83.4774272,official_emis,exact,unknown
CRI_002683,3172,CRI,FINCA TRES,,1,,public,Costa Rica,Provincia Puntarenas,Osa,Palmar,rural,12,rural,8.93302567,-83.48751866,official_emis,exact,unknown
CRI_002684,3173,CRI,FINCA CINCO,,1,,public,Costa Rica,Provincia Puntarenas,Osa,Palmar,rural,12,rural,8.922721340000002,-83.50413039,official_emis,exact,unknown
CRI_002685,3174,CRI,FINCA SIETE,,1,,public,Costa Rica,Provincia Puntarenas,Osa,Palmar,rural,12,rural,8.94048564,-83.53990421,official_emis,exact,unknown
CRI_002686,3175,CRI,23 DE MAYO,,1,,public,Costa Rica,Provincia Puntarenas,Coto Brus,,rural,12,rural,8.83536779,-83.00782477,official_emis,exact,unknown
CRI_002687,3176,CRI,FINCA OCHO,,1,,public,Costa Rica,Provincia Puntarenas,Osa,Palmar,rural,12,rural,8.93392441,-83.52023162,official_emis,exact,unknown
CRI_002688,3177,CRI,FINCA NUEVE,,1,,public,Costa Rica,Provincia Puntarenas,Osa,Palmar,rural,11,rural,8.9281518,-83.51106776,official_emis,exact,unknown
CRI_002689,3178,CRI,CENTRAL SAN JOSE,,1,,public,Costa Rica,Provincia Puntarenas,Golfito,Golfito,urban,22,urban,8.639195920000002,-83.16596235,official_emis,exact,unknown
CRI_002690,3179,CRI,KILOMETRO UNO,,1,,public,Costa Rica,Provincia Puntarenas,Golfito,Golfito,urban,22,urban,8.62984803,-83.15739277,official_emis,exact,unknown
CRI_002691,3180,CRI,COTO 45,,1,,public,Costa Rica,Provincia Puntarenas,Corredores,Corredor,urban,12,rural,8.59368273,-82.94984405,official_emis,exact,unknown
CRI_002692,3181,CRI,CENTRAL COTO 47,,1,,public,Costa Rica,Provincia Puntarenas,Corredores,Corredor,urban,12,rural,8.601294340000003,-82.96682777,official_emis,exact,unknown
CRI_002693,3182,CRI,COTO 58,,1,,public,Costa Rica,Provincia Puntarenas,Golfito,Guaycará,urban,12,rural,8.62766359,-83.03358135,official_emis,exact,unknown
CRI_002694,3183,CRI,COTO 56-57,,1,,public,Costa Rica,Provincia Puntarenas,Golfito,Guaycará,urban,11,rural,8.64591576,-83.00722594,official_emis,exact,unknown
CRI_002695,3184,CRI,COTO 52,,1,,public,Costa Rica,Provincia Puntarenas,Corredores,Corredor,urban,12,rural,8.63525627,-82.98802364,official_emis,exact,unknown
CRI_002696,3185,CRI,COTO 54-55,,1,,public,Costa Rica,Provincia Puntarenas,Golfito,Guaycará,urban,12,rural,8.62594948,-83.00619417,official_emis,exact,unknown
CRI_002697,3186,CRI,COTO 44,,1,,public,Costa Rica,Provincia Puntarenas,Corredores,Corredor,urban,11,rural,8.577645,-82.96413298,official_emis,exact,unknown
CRI_002698,3187,CRI,SAN RAMON,,1,,public,Costa Rica,Provincia Puntarenas,Coto Brus,,rural,12,rural,8.84544961,-82.92081632,official_emis,exact,unknown
CRI_002699,3188,CRI,COTO 50-51,,1,,public,Costa Rica,Provincia Puntarenas,Corredores,Corredor,urban,12,rural,8.60615301,-82.97925528,official_emis,exact,unknown
CRI_002700,3189,CRI,COTO 42,,1,,public,Costa Rica,Provincia Puntarenas,Corredores,Corredor,urban,12,rural,8.605263170000002,-82.92799433,official_emis,exact,unknown
CRI_002701,3190,CRI,COTO 62-63,,1,,public,Costa Rica,Provincia Puntarenas,Golfito,Guaycará,urban,12,rural,8.638568060000003,-83.05890589,official_emis,exact,unknown
CRI_002702,3191,CRI,ESCUELA SAN MARCOS,,1,,public,Costa Rica,Provincia Puntarenas,Osa,Puerto Cortés,urban,12,rural,9.03094878,-83.58380477,official_emis,exact,unknown
CRI_002703,3192,CRI,LAS JUNTAS,,1,,public,Costa Rica,Provincia Puntarenas,Coto Brus,,rural,12,rural,8.852110400000003,-82.94644882,official_emis,exact,unknown
CRI_002704,3193,CRI,EL SANDALO,,1,,public,Costa Rica,Provincia Puntarenas,Puerto Jimenez,Puerto Jiménez,rural,12,rural,8.55873759,-83.36379103,official_emis,exact,unknown
CRI_002705,3194,CRI,SANTA CECILIA,,1,,public,Costa Rica,Provincia Puntarenas,Coto Brus,,rural,12,rural,8.75724943,-82.9639804,official_emis,exact,unknown
CRI_002706,3195,CRI,SANTA CONSTANZA,,1,,public,Costa Rica,Provincia Puntarenas,Coto Brus,,rural,12,rural,8.851277100000003,-82.96753993,official_emis,exact,unknown
CRI_002707,3196,CRI,SANTA EDUVIGES,,1,,public,Costa Rica,Provincia Puntarenas,Osa,Palmar,rural,12,rural,8.92576276,-83.40899949,official_emis,exact,unknown
CRI_002708,3197,CRI,SANTA MARTA,,1,,public,Costa Rica,Provincia Puntarenas,Corredores,Corredor,urban,13,rural,8.606763600000003,-82.90047447,official_emis,exact,unknown
CRI_002709,3198,CRI,SANTA ROSA,,1,,public,Costa Rica,Provincia Puntarenas,Coto Brus,,rural,12,rural,8.791509270000002,-82.91088357,official_emis,exact,unknown
CRI_002710,3199,CRI,SANTIAGO DE CARACOL,,1,,public,Costa Rica,Provincia Puntarenas,Golfito,Guaycará,urban,12,rural,8.66531063,-83.00995615,official_emis,exact,unknown
CRI_002711,3200,CRI,SANTA ROSA,,1,,public,Costa Rica,Provincia Puntarenas,Osa,Piedras Blancas,rural,12,rural,8.86157871,-83.30902688,official_emis,exact,unknown
CRI_002712,3201,CRI,SATURNINO CEDEÑO CEDEÑO,,1,,public,Costa Rica,Provincia Puntarenas,Puerto Jimenez,Puerto Jiménez,rural,13,rural,8.538478380000003,-83.30614459,official_emis,exact,unknown
CRI_002713,3202,CRI,FINCA GUANACASTE,,1,,public,Costa Rica,Provincia Puntarenas,Osa,Sierpe,rural,12,rural,8.8379164,-83.33030289,official_emis,exact,unknown
CRI_002714,3203,CRI,SINAÍ,,1,,public,Costa Rica,Provincia Puntarenas,Osa,Piedras Blancas,rural,12,rural,8.87353714,-83.26500772,official_emis,exact,unknown
CRI_002715,3204,CRI,SAN MARCOS,,1,,public,Costa Rica,Provincia Puntarenas,Coto Brus,,rural,12,rural,8.811605370000002,-82.89409593,official_emis,exact,unknown
CRI_002716,3206,CRI,LA UNION DEL SUR,,1,,public,Costa Rica,Provincia Puntarenas,Golfito,Pavón,rural,11,rural,8.48766042,-83.01036209,official_emis,exact,unknown
CRI_002717,3208,CRI,SANTA CLARA,,1,,public,Costa Rica,Provincia Puntarenas,Coto Brus,,rural,11,rural,8.805867790000002,-82.99064143,official_emis,exact,unknown
CRI_002718,3209,CRI,COOPA BUENA,,1,,public,Costa Rica,Provincia Puntarenas,Coto Brus,,rural,13,rural,8.74228681,-82.95023435,official_emis,exact,unknown
CRI_002719,3210,CRI,SANTA TERESITA,,1,,public,Costa Rica,Provincia Puntarenas,Coto Brus,,rural,12,rural,8.81127708,-82.93438228,official_emis,exact,unknown
CRI_002720,3211,CRI,TRES RÍOS,,1,,public,Costa Rica,Provincia Puntarenas,Osa,Puerto Cortés,urban,12,rural,9.0566563,-83.59896668,official_emis,exact,unknown
CRI_002721,3212,CRI,TORTUGA,,1,,public,Costa Rica,Provincia Puntarenas,Osa,Puerto Cortés,urban,12,rural,9.08719341,-83.64754072,official_emis,exact,unknown
CRI_002722,3213,CRI,TORRE ALTA,,1,,public,Costa Rica,Provincia Puntarenas,Coto Brus,,rural,12,rural,8.80155155,-82.97961228,official_emis,exact,unknown
CRI_002723,3214,CRI,EL VALLE,,1,,public,Costa Rica,Provincia Puntarenas,Coto Brus,,rural,12,rural,8.90006464,-83.03561851,official_emis,exact,unknown
CRI_002724,3215,CRI,SAN ANTONIO,,1,,public,Costa Rica,Provincia Puntarenas,Corredores,Corredor,urban,11,rural,8.59925827,-82.87409735,official_emis,exact,unknown
CRI_002725,3216,CRI,LAS VEGAS DE ABROJO NORTE,,1,,public,Costa Rica,Provincia Puntarenas,Corredores,Corredor,urban,12,rural,8.62872064,-82.87466639,official_emis,exact,unknown
CRI_002726,3217,CRI,VENECIA,,1,,public,Costa Rica,Provincia Puntarenas,Osa,Piedras Blancas,rural,12,rural,8.83872805,-83.30034204,official_emis,exact,unknown
CRI_002727,3218,CRI,VILLA COLÓN,,1,,public,Costa Rica,Provincia Puntarenas,Osa,Piedras Blancas,rural,12,rural,8.87001986,-83.3395765,official_emis,exact,unknown
CRI_002728,3219,CRI,EL JARDIN,,1,,public,Costa Rica,Provincia Puntarenas,Golfito,Pavón,rural,12,rural,8.501459860000002,-83.02928962,official_emis,exact,unknown
CRI_002729,3220,CRI,LA ESPERANZA,,1,,public,Costa Rica,Provincia Puntarenas,Golfito,Golfito,urban,11,rural,8.578346700000003,-83.1057224,official_emis,exact,unknown
CRI_002730,3221,CRI,SANTA FE,,1,,public,Costa Rica,Provincia Puntarenas,Coto Brus,,rural,11,rural,8.93488253,-82.98641805,official_emis,exact,unknown
CRI_002731,3222,CRI,I.D.A. AGROINDUSTRIAL,,1,,public,Costa Rica,Provincia Puntarenas,Golfito,Golfito,urban,11,rural,8.60944146,-83.03998114,official_emis,exact,unknown
CRI_002732,3223,CRI,ALMIRANTE,,1,,public,Costa Rica,Provincia Puntarenas,Osa,Bahía Drake,rural,12,rural,8.66116122,-83.50702708,official_emis,exact,unknown
CRI_002733,3224,CRI,SANTA RITA,,1,,public,Costa Rica,Provincia Puntarenas,Coto Brus,,rural,12,rural,8.82750841,-82.99923848,official_emis,exact,unknown
CRI_002734,3225,CRI,LA LIBERTAD,,1,,public,Costa Rica,Provincia Puntarenas,Coto Brus,,rural,11,rural,8.90854332,-82.90459549,official_emis,exact,unknown
CRI_002735,3227,CRI,PLAYA CACAO,,1,,public,Costa Rica,Provincia Puntarenas,Golfito,Golfito,urban,22,urban,8.6316141,-83.17724783,official_emis,exact,unknown
CRI_002736,3228,CRI,MIRAMAR,,1,,public,Costa Rica,Provincia Puntarenas,Corredores,Corredor,urban,11,rural,8.633492070000003,-82.8565457,official_emis,exact,unknown
CRI_002737,3229,CRI,SAN RAFAEL NORTE,,1,,public,Costa Rica,Provincia Puntarenas,Corredores,Corredor,urban,12,rural,8.66966108,-82.90084453,official_emis,exact,unknown
CRI_002738,3230,CRI,SANTA CECILIA,,1,,public,Costa Rica,Provincia Puntarenas,Buenos Aires,Potrero Grande,rural,12,rural,8.88779299,-83.08546694,official_emis,exact,unknown
CRI_002739,3231,CRI,SAN ISIDRO,,1,,public,Costa Rica,Provincia Puntarenas,Osa,Palmar,rural,11,rural,8.8977382,-83.35848618,official_emis,exact,unknown
CRI_002740,3233,CRI,LA FLORIDA,,1,,public,Costa Rica,Provincia Puntarenas,Osa,Piedras Blancas,rural,12,rural,8.769167100000002,-83.22304787,official_emis,exact,unknown
CRI_002741,3234,CRI,EL CAMPO,,1,,public,Costa Rica,Provincia Puntarenas,Osa,Sierpe,rural,11,rural,8.69027234,-83.49924515,official_emis,exact,unknown
CRI_002742,3235,CRI,RIO BONITO,,1,,public,Costa Rica,Provincia Puntarenas,Corredores,Corredor,urban,12,rural,8.6612422,-82.96364845,official_emis,exact,unknown
CRI_002743,3236,CRI,LOS ANGELES,,1,,public,Costa Rica,Provincia Puntarenas,Golfito,Guaycará,urban,12,rural,8.682648220000003,-83.07733521,official_emis,exact,unknown
CRI_002744,3237,CRI,PUEBLO NUEVO,,1,,public,Costa Rica,Provincia Puntarenas,Coto Brus,,rural,12,rural,8.85932465,-82.91353915,official_emis,exact,unknown
CRI_002745,3238,CRI,LA FORTUNA,,1,,public,Costa Rica,Provincia Puntarenas,Golfito,Pavón,rural,11,rural,8.50292906,-83.0697521,official_emis,exact,unknown
CRI_002746,3239,CRI,SAN FRANCISCO,,1,,public,Costa Rica,Provincia Puntarenas,Golfito,Guaycará,urban,12,rural,8.704430539060246,-83.07321812091143,admin_centroid,approximate,unknown
CRI_002747,3240,CRI,LA PALMA,,1,,public,Costa Rica,Provincia Puntarenas,Osa,Palmar,rural,12,rural,8.92960666,-83.4409073,official_emis,exact,unknown
CRI_002748,3241,CRI,EL CEIBO,,1,,public,Costa Rica,Provincia Puntarenas,Coto Brus,,rural,12,rural,8.85549109,-82.97370867,official_emis,exact,unknown
CRI_002749,3242,CRI,SAN RAFAEL,,1,,public,Costa Rica,Provincia Puntarenas,Corredores,Corredor,urban,11,rural,8.65112197,-82.92725042,official_emis,exact,unknown
CRI_002750,3244,CRI,ONCE DE ABRIL,,1,,public,Costa Rica,Provincia Puntarenas,Osa,Palmar,rural,12,rural,8.94658327,-83.45919658,official_emis,exact,unknown
CRI_002751,3245,CRI,FILA NARANJO,,1,,public,Costa Rica,Provincia Puntarenas,Coto Brus,,rural,11,rural,8.918462590000003,-82.95445229,official_emis,exact,unknown
CRI_002752,3246,CRI,EL VALLE,,1,,public,Costa Rica,Provincia Puntarenas,Golfito,Pavón,rural,11,rural,8.24997232,-82.94923511,official_emis,exact,unknown
CRI_002753,3247,CRI,ESTERO REAL,,1,,public,Costa Rica,Provincia Puntarenas,Osa,Puerto Cortés,urban,11,rural,9.00332948,-83.57331597,official_emis,exact,unknown
CRI_002754,3248,CRI,LAS MARIAS,,1,,public,Costa Rica,Provincia Puntarenas,Coto Brus,,rural,11,rural,8.91744845,-82.92731186,official_emis,exact,unknown
CRI_002755,3249,CRI,CARACOL DE LA VACA,,1,,public,Costa Rica,Provincia Puntarenas,Corredores,Laurel,rural,12,rural,8.40818152,-82.97283721,official_emis,exact,unknown
CRI_002756,3250,CRI,LOS PILARES,,1,,public,Costa Rica,Provincia Puntarenas,Coto Brus,,rural,12,rural,8.73710275,-82.91158904,official_emis,exact,unknown
CRI_002757,3252,CRI,SAN FRANCISCO,,1,,public,Costa Rica,Provincia Puntarenas,Coto Brus,,rural,12,rural,8.87055545,-82.82295179,official_emis,exact,unknown
CRI_002758,3253,CRI,LAS VEGUITAS,,1,,public,Costa Rica,Provincia Puntarenas,Corredores,Canoas,urban,11,rural,8.5590264,-82.92810461,official_emis,exact,unknown
CRI_002759,3254,CRI,SAN MIGUEL,,1,,public,Costa Rica,Provincia Puntarenas,Corredores,Canoas,urban,12,rural,8.57651963,-82.84692228,official_emis,exact,unknown
CRI_002760,3255,CRI,LA UNION,,1,,public,Costa Rica,Provincia Puntarenas,Golfito,Guaycará,urban,11,rural,8.72434314,-83.11129881,official_emis,exact,unknown
CRI_002761,3257,CRI,LA ESPERANZA,,1,,public,Costa Rica,Provincia Puntarenas,Golfito,Guaycará,urban,21,peri_urban,8.66339097,-83.05022589,official_emis,exact,unknown
CRI_002762,3258,CRI,RINCON DE OSA,,1,,public,Costa Rica,Provincia Puntarenas,Osa,Sierpe,rural,12,rural,8.70522564,-83.4880875,official_emis,exact,unknown
CRI_002763,3259,CRI,FRAY CASIANO DE MADRID,,1,,public,Costa Rica,Provincia Puntarenas,Coto Brus,,rural,12,rural,8.744842650000002,-82.97206327,official_emis,exact,unknown
CRI_002764,3260,CRI,PUESTO LA PLAYA,,1,,public,Costa Rica,Provincia Puntarenas,Golfito,Pavón,rural,11,rural,8.09284355,-82.89841954,official_emis,exact,unknown
CRI_002765,3261,CRI,ALTOS DE SAN ANTONIO,,1,,public,Costa Rica,Provincia Puntarenas,Corredores,Canoas,urban,11,rural,8.60490267,-82.85275354,official_emis,exact,unknown
CRI_002766,3262,CRI,COTO 49,,1,,public,Costa Rica,Provincia Puntarenas,Corredores,Corredor,urban,12,rural,8.62999616,-82.96828457,official_emis,exact,unknown
CRI_002767,3263,CRI,NIEBOROWSKY,,1,,public,Costa Rica,Provincia Puntarenas,Osa,Puerto Cortés,urban,13,rural,8.95703829,-83.52316613,official_emis,exact,unknown
CRI_002768,3266,CRI,GAVILÁN CANTA,,1,,public,Costa Rica,Provincia Limón,Talamanca,Bratsi,rural,12,rural,9.59440652,-83.02599405,official_emis,exact,unknown
CRI_002769,3267,CRI,SAN RAFAEL,,1,,public,Costa Rica,Provincia Limón,Limon,Valle La Estrella,rural,12,rural,9.76185011,-82.97285728,official_emis,exact,unknown
CRI_002770,3268,CRI,DAVAO,,1,,public,Costa Rica,Provincia Limón,Matina,Batán,urban,13,rural,10.05984977,-83.34215709,official_emis,exact,unknown
CRI_002771,3269,CRI,ALTO COHEN,,1,,public,Costa Rica,Provincia Limón,Limon,Valle La Estrella,rural,11,rural,9.67896739,-83.14072942,official_emis,exact,unknown
CRI_002772,3271,CRI,ALTOS DE BONILLA,,1,,public,Costa Rica,Provincia Limón,Siquirres,Florida,rural,11,rural,10.00330939,-83.60314637,official_emis,exact,unknown
CRI_002773,3272,CRI,LAS BRISAS DE ZENT,,1,,public,Costa Rica,Provincia Limón,Matina,Carrandí,rural,12,rural,10.03401334,-83.26517584,official_emis,exact,unknown
CRI_002774,3273,CRI,TROCHA LOS CEIBOS,,1,,public,Costa Rica,Provincia Limón,Siquirres,Alegría,rural,12,rural,10.10423169,-83.59704517,official_emis,exact,unknown
CRI_002775,3274,CRI,LA JOSEFINA,,1,,public,Costa Rica,Provincia Limón,Siquirres,El Cairo,urban,12,rural,10.19610781,-83.50759561,official_emis,exact,unknown
CRI_002776,3275,CRI,BERNARDO DRÜG INGERMAN,,1,,public,Costa Rica,Provincia Limón,Talamanca,Telire,rural,13,rural,9.51797214,-82.9542833,official_emis,exact,unknown
CRI_002777,3276,CRI,LOS ALMENDROS,,1,,public,Costa Rica,Provincia Limón,Matina,Batán,urban,21,peri_urban,10.09827586,-83.35076193,official_emis,exact,unknown
CRI_002778,3277,CRI,EL PORVENIR,,1,,public,Costa Rica,Provincia Limón,Limon,Valle La Estrella,rural,12,rural,9.76337938,-82.94346338,official_emis,exact,unknown
CRI_002779,3278,CRI,CEDAR CREEK,,1,,public,Costa Rica,Provincia Limón,Limon,Río Blanco,urban,11,rural,10.00922036,-83.19771975,official_emis,exact,unknown
CRI_002780,3279,CRI,VILLA HERMOSA,,1,,public,Costa Rica,Provincia Limón,Limon,Limón,urban,21,peri_urban,9.97664436,-83.06671001,official_emis,exact,unknown
CRI_002781,3280,CRI,UNIÓN CAMPESINA,,1,,public,Costa Rica,Provincia Limón,Siquirres,Pacuarito,rural,12,rural,10.10242185,-83.39680378,official_emis,exact,unknown
CRI_002782,3281,CRI,PATIÑO,,1,,public,Costa Rica,Provincia Limón,Talamanca,Cahuita,rural,12,rural,9.64713796,-82.80108027,official_emis,exact,unknown
CRI_002783,3282,CRI,I.D.A. LOUISIANA,,1,,public,Costa Rica,Provincia Limón,Siquirres,El Cairo,urban,12,rural,10.1330665,-83.52859788,official_emis,exact,unknown
CRI_002784,3283,CRI,GANDOCA,,1,,public,Costa Rica,Provincia Limón,Talamanca,Sixaola,rural,12,rural,9.5827525,-82.61207562,official_emis,exact,unknown
CRI_002785,3284,CRI,SAN MIGUEL,,1,,public,Costa Rica,Provincia Limón,Talamanca,Sixaola,rural,11,rural,9.55809693,-82.6668267,official_emis,exact,unknown
CRI_002786,3285,CRI,ARMENIA,,1,,public,Costa Rica,Provincia Limón,Limon,Valle La Estrella,rural,11,rural,9.74844221,-82.99232574,official_emis,exact,unknown
CRI_002787,3286,CRI,LAS BRISAS DEL REVENTAZÓN,,1,,public,Costa Rica,Provincia Limón,Siquirres,Siquirres,urban,21,peri_urban,10.10972256,-83.52134683,official_emis,exact,unknown
CRI_002788,3288,CRI,CATARINA,,1,,public,Costa Rica,Provincia Limón,Talamanca,Sixaola,rural,13,rural,9.58520228,-82.7271797,official_emis,exact,unknown
CRI_002789,3289,CRI,LA AMELIA,,1,,public,Costa Rica,Provincia Limón,Siquirres,Siquirres,urban,21,peri_urban,10.10660598,-83.49709533,official_emis,exact,unknown
CRI_002790,3290,CRI,SIQUIRRITO,,1,,public,Costa Rica,Provincia Limón,Siquirres,Siquirres,urban,23,urban,10.10080591,-83.51471806,official_emis,exact,unknown
CRI_002791,3291,CRI,LLANO GRANDE,,1,,public,Costa Rica,Provincia Limón,Limon,Valle La Estrella,rural,12,rural,9.7384789,-83.03769305,official_emis,exact,unknown
CRI_002792,3292,CRI,EL CRUCE,,1,,public,Costa Rica,Provincia Limón,Siquirres,Alegría,rural,22,urban,10.10001198,-83.58444088,official_emis,exact,unknown
CRI_002793,3293,CRI,SANTO TOMÁS,,1,,public,Costa Rica,Provincia Limón,Talamanca,Telire,rural,11,rural,9.55908476,-82.98074239,official_emis,exact,unknown
CRI_002794,3294,CRI,EL PARQUE,,1,,public,Costa Rica,Provincia Limón,Talamanca,Sixaola,rural,12,rural,9.60374687,-82.75312606,official_emis,exact,unknown
CRI_002795,3295,CRI,DUCHÄBLI,,1,,public,Costa Rica,Provincia Limón,Talamanca,Telire,rural,12,rural,9.51114792,-82.97825389,official_emis,exact,unknown
CRI_002796,3296,CRI,ALTOS KACHABLI,,1,,public,Costa Rica,Provincia Limón,Talamanca,Telire,rural,11,rural,9.48975742,-82.98383853,official_emis,exact,unknown
CRI_002797,3297,CRI,PARAÍSO DE BANANITO,,1,,public,Costa Rica,Provincia Limón,Limon,Matama,rural,12,rural,9.88913875,-82.99802557,official_emis,exact,unknown
CRI_002798,3298,CRI,TOBÍAS VAGLIO,,1,,public,Costa Rica,Provincia Limón,Siquirres,Siquirres,urban,21,peri_urban,10.09884973,-83.49271968,official_emis,exact,unknown
CRI_002799,3299,CRI,SAN LUIS,,1,,public,Costa Rica,Provincia Limón,Siquirres,Pacuarito,rural,12,rural,10.11062063,-83.43931944,official_emis,exact,unknown
CRI_002800,3300,CRI,PUEBLO NUEVO,,1,,public,Costa Rica,Provincia Limón,Limon,Valle La Estrella,rural,12,rural,9.67339842,-82.98242604,official_emis,exact,unknown
CRI_002801,3301,CRI,BARRA DE PACUARE,,1,,public,Costa Rica,Provincia Limón,Matina,Batán,rural,11,rural,10.21835283,-83.27519715,official_emis,exact,unknown
CRI_002802,3302,CRI,KATUIR,,1,,public,Costa Rica,Provincia Limón,Talamanca,Cahuita,rural,11,rural,9.6562587,-82.86906177,official_emis,exact,unknown
CRI_002803,3303,CRI,BALVANERO VARGAS MOLINA,,1,,public,Costa Rica,Provincia Limón,Limon,Limón,urban,21,peri_urban,9.97458437,-83.03176502,official_emis,exact,unknown
CRI_002804,3304,CRI,BAMBÚ,,1,,public,Costa Rica,Provincia Limón,Talamanca,Bratsi,rural,12,rural,9.55744978,-82.89183187,official_emis,exact,unknown
CRI_002805,3305,CRI,BANANITO NORTE,,1,,public,Costa Rica,Provincia Limón,Limon,Matama,rural,13,rural,9.88458054,-83.01465959,official_emis,exact,unknown
CRI_002806,3306,CRI,BARRA DE PARISMINA,,1,,public,Costa Rica,Provincia Limón,Siquirres,Siquirres,urban,12,rural,10.30570365,-83.34939502,official_emis,exact,unknown
CRI_002807,3307,CRI,ATILIA MATA FRESES,,1,,public,Costa Rica,Provincia Limón,Limon,Limón,urban,30,urban,9.98710735,-83.03743576,official_emis,exact,unknown
CRI_002808,3308,CRI,BEVERLY,,1,,public,Costa Rica,Provincia Limón,Limon,Matama,rural,13,rural,9.92429389,-83.03753823,official_emis,exact,unknown
CRI_002809,3309,CRI,BETANIA,,1,,public,Costa Rica,Provincia Limón,Siquirres,Siquirres,urban,21,peri_urban,10.09414761,-83.48976627,official_emis,exact,unknown
CRI_002810,3310,CRI,LAS BRISAS,,1,,public,Costa Rica,Provincia Limón,Siquirres,Pacuarito,rural,11,rural,9.99999986,-83.46437995,official_emis,exact,unknown
CRI_002811,3311,CRI,CUATRO MILLAS,,1,,public,Costa Rica,Provincia Limón,Siquirres,El Cairo,urban,11,rural,10.17080053,-83.50174255,official_emis,exact,unknown
CRI_002812,3312,CRI,LINEA B,,1,,public,Costa Rica,Provincia Limón,Matina,Matina,rural,13,rural,10.04581869,-83.31213091,official_emis,exact,unknown
CRI_002813,3313,CRI,LA CATALINA,,1,,public,Costa Rica,Provincia Limón,Siquirres,El Cairo,urban,11,rural,10.23480313,-83.48936179,official_emis,exact,unknown
CRI_002814,3314,CRI,BORDÓN,,1,,public,Costa Rica,Provincia Limón,Talamanca,Cahuita,rural,12,rural,9.75257267,-82.87571552,official_emis,exact,unknown
CRI_002815,3315,CRI,BOSTÓN,,1,,public,Costa Rica,Provincia Limón,Matina,Carrandí,rural,22,urban,10.01341971,-83.25431955,official_emis,exact,unknown
CRI_002816,3316,CRI,SUIRI,,1,,public,Costa Rica,Provincia Limón,Talamanca,Telire,rural,12,rural,9.55126097,-82.93795638,official_emis,exact,unknown
CRI_002817,3317,CRI,SECTOR NORTE,,1,,public,Costa Rica,Provincia Limón,Siquirres,Siquirres,urban,23,urban,10.101922,-83.50499076,official_emis,exact,unknown
CRI_002818,3318,CRI,PUEBLO CIVIL,,1,,public,Costa Rica,Provincia Limón,Siquirres,Siquirres,urban,12,rural,10.18262465,-83.48196898,official_emis,exact,unknown
CRI_002819,3319,CRI,INDIANA DOS,,1,,public,Costa Rica,Provincia Limón,Siquirres,Siquirres,urban,12,rural,10.11408094,-83.47983026,official_emis,exact,unknown
CRI_002820,3320,CRI,BÚFALO,,1,,public,Costa Rica,Provincia Limón,Limon,Río Blanco,urban,12,rural,10.00308902,-83.1715838,official_emis,exact,unknown
CRI_002821,3321,CRI,BURRICO,,1,,public,Costa Rica,Provincia Limón,Limon,Valle La Estrella,rural,12,rural,9.85708471,-83.00085637,official_emis,exact,unknown
CRI_002822,3322,CRI,I.D.A. LOS ÁNGELES,,1,,public,Costa Rica,Provincia Limón,Siquirres,Siquirres,urban,12,rural,10.22240999,-83.44099254,official_emis,exact,unknown
CRI_002823,3323,CRI,CIUDADELA FLORES,,1,,public,Costa Rica,Provincia Limón,Siquirres,Siquirres,urban,12,rural,10.1977002,-83.39607884,official_emis,exact,unknown
CRI_002824,3324,CRI,CAHUITA,,1,,public,Costa Rica,Provincia Limón,Talamanca,Cahuita,rural,13,rural,9.73963834,-82.8405982,official_emis,exact,unknown
CRI_002825,3326,CRI,DONDONIA 1,,1,,public,Costa Rica,Provincia Limón,Limon,Matama,urban,12,rural,9.89016453,-83.06013909,official_emis,exact,unknown
CRI_002826,3327,CRI,CARBÓN #1,,1,,public,Costa Rica,Provincia Limón,Talamanca,Cahuita,rural,12,rural,9.70190527,-82.84398124,official_emis,exact,unknown
CRI_002827,3328,CRI,SEIS AMIGOS,,1,,public,Costa Rica,Provincia Limón,Siquirres,El Cairo,urban,12,rural,10.24690872,-83.47464226,official_emis,exact,unknown
CRI_002828,3329,CRI,BUENA VISTA,,1,,public,Costa Rica,Provincia Limón,Limon,Valle La Estrella,rural,12,rural,9.80472169,-82.95995564,official_emis,exact,unknown
CRI_002829,3330,CRI,FINCA OCHO,,1,,public,Costa Rica,Provincia Limón,Limon,Valle La Estrella,rural,12,rural,9.7349027,-82.97704905,official_emis,exact,unknown
CRI_002830,3331,CRI,CAÑO NEGRO,,1,,public,Costa Rica,Provincia Limón,Limon,Valle La Estrella,rural,11,rural,9.79957172,-83.03618131,official_emis,exact,unknown
CRI_002831,3333,CRI,CASORLA,,1,,public,Costa Rica,Provincia Limón,Siquirres,Siquirres,urban,12,rural,9.99123664,-83.58714601,official_emis,exact,unknown
CRI_002832,3334,CRI,PALESTINA DE ZENT,,1,,public,Costa Rica,Provincia Limón,Matina,Carrandí,rural,12,rural,9.97059086,-83.26018812,official_emis,exact,unknown
CRI_002833,3335,CRI,RÍO DURUY,,1,,public,Costa Rica,Provincia Limón,Limon,Valle La Estrella,rural,12,rural,9.66074511,-82.96408556,official_emis,exact,unknown
CRI_002834,3336,CRI,KATSI,,1,,public,Costa Rica,Provincia Limón,Talamanca,Telire,rural,12,rural,9.50959014,-82.9362334,official_emis,exact,unknown
CRI_002835,3337,CRI,SIBUJÚ,,1,,public,Costa Rica,Provincia Limón,Talamanca,Bratsi,rural,12,rural,9.60364674,-82.98171221,official_emis,exact,unknown
CRI_002836,3338,CRI,GAVILÁN,,1,,public,Costa Rica,Provincia Limón,Limon,Valle La Estrella,rural,12,rural,9.72493271,-83.06844486,official_emis,exact,unknown
CRI_002837,3339,CRI,CELINA,,1,,public,Costa Rica,Provincia Limón,Siquirres,Siquirres,urban,12,rural,10.20662593,-83.36882667,official_emis,exact,unknown
CRI_002838,3340,CRI,RÍO VICTORIA,,1,,public,Costa Rica,Provincia Limón,Limon,Río Blanco,urban,11,rural,9.95136611,-83.15980405,official_emis,exact,unknown
CRI_002839,3341,CRI,CHASE,,1,,public,Costa Rica,Provincia Limón,Talamanca,Bratsi,rural,12,rural,9.60224484,-82.86610738,official_emis,exact,unknown
CRI_002840,3342,CRI,CIMARRONES,,1,,public,Costa Rica,Provincia Limón,Siquirres,Pacuarito,rural,11,rural,10.09732123,-83.42410156,official_emis,exact,unknown
CRI_002841,3343,CRI,SURETKA,,1,,public,Costa Rica,Provincia Limón,Talamanca,Bratsi,rural,13,rural,9.56780754,-82.9347724,official_emis,exact,unknown
CRI_002842,3344,CRI,MARYLAND,,1,,public,Costa Rica,Provincia Limón,Siquirres,Siquirres,urban,12,rural,10.23064867,-83.41195275,official_emis,exact,unknown
CRI_002843,3345,CRI,BARRIO LIMONCITO,,1,,public,Costa Rica,Provincia Limón,Limon,Limón,urban,30,urban,9.98251331,-83.04163347,official_emis,exact,unknown
CRI_002844,3346,CRI,SIBÖDI,,1,,public,Costa Rica,Provincia Limón,Talamanca,Telire,rural,12,rural,9.54043852,-83.0190856,official_emis,exact,unknown
CRI_002845,3347,CRI,CHINA KICHÁ,,1,,public,Costa Rica,Provincia Limón,Talamanca,Bratsi,rural,12,rural,9.59394031,-83.00389825,official_emis,exact,unknown
CRI_002846,3348,CRI,MELERUK,,1,,public,Costa Rica,Provincia Limón,Talamanca,Bratsi,rural,12,rural,9.59897376,-82.9206662,official_emis,exact,unknown
CRI_002847,3349,CRI,SAN VICENTE,,1,,public,Costa Rica,Provincia Limón,Limon,Valle La Estrella,rural,12,rural,9.61524348,-83.00228029,official_emis,exact,unknown
CRI_002848,3350,CRI,LA ESPERANZA,,1,,public,Costa Rica,Provincia Limón,Siquirres,Siquirres,urban,12,rural,10.2154676,-83.3574001,official_emis,exact,unknown
CRI_002849,3351,CRI,CONCEPCIÓN,,1,,public,Costa Rica,Provincia Limón,Limon,Valle La Estrella,rural,12,rural,9.71226111,-83.02314441,official_emis,exact,unknown
CRI_002850,3352,CRI,SAN RAFAEL,,1,,public,Costa Rica,Provincia Limón,Siquirres,Siquirres,urban,23,urban,10.1094634,-83.5116588,official_emis,exact,unknown
CRI_002851,3353,CRI,BONIFACIO,,1,,public,Costa Rica,Provincia Limón,Limon,Valle La Estrella,rural,12,rural,9.79378859,-82.91930764,official_emis,exact,unknown
CRI_002852,3355,CRI,PUEBLO NUEVO,,1,,public,Costa Rica,Provincia Limón,Siquirres,Pacuarito,rural,12,rural,10.14848201,-83.39807195,official_emis,exact,unknown
CRI_002853,3356,CRI,CORINA,,1,,public,Costa Rica,Provincia Limón,Matina,Matina,rural,12,rural,9.99327933,-83.31597256,official_emis,exact,unknown
CRI_002854,3357,CRI,RÍO BANANO,,1,,public,Costa Rica,Provincia Limón,Limon,Matama,rural,13,rural,9.91887679,-83.02007326,official_emis,exact,unknown
CRI_002855,3358,CRI,COROMA,,1,,public,Costa Rica,Provincia Limón,Talamanca,Telire,rural,12,rural,9.53717888,-82.99239302,official_emis,exact,unknown
CRI_002856,3359,CRI,BAJO COÉN,,1,,public,Costa Rica,Provincia Limón,Talamanca,Telire,rural,12,rural,9.53421116,-83.01026153,official_emis,exact,unknown
CRI_002857,3360,CRI,RÍO CUBA,,1,,public,Costa Rica,Provincia Limón,Matina,Carrandí,rural,22,urban,10.01245671,-83.23500114,official_emis,exact,unknown
CRI_002858,3361,CRI,CALVERI,,1,,public,Costa Rica,Provincia Limón,Limon,Valle La Estrella,rural,12,rural,9.73240382,-83.09547448,official_emis,exact,unknown
CRI_002859,3362,CRI,DURURPE,,1,,public,Costa Rica,Provincia Limón,Talamanca,Telire,rural,12,rural,9.53074047,-82.93026894,official_emis,exact,unknown
CRI_002860,3363,CRI,CULTIVEZ,,1,,public,Costa Rica,Provincia Limón,Siquirres,Pacuarito,rural,12,rural,10.14286075,-83.42896105,official_emis,exact,unknown
CRI_002861,3364,CRI,DAYTONIA,,1,,public,Costa Rica,Provincia Limón,Talamanca,Sixaola,rural,13,rural,9.53254035,-82.66999994,official_emis,exact,unknown
CRI_002862,3365,CRI,MONTEVERDE,,1,,public,Costa Rica,Provincia Limón,Siquirres,Pacuarito,rural,13,rural,10.10106932,-83.4477413,official_emis,exact,unknown
CRI_002863,3366,CRI,DINDIRÍ,,1,,public,Costa Rica,Provincia Limón,Talamanca,Cahuita,rural,11,rural,9.70765064,-82.85301813,official_emis,exact,unknown
CRI_002864,3367,CRI,ESCUELA DE EXCELENCIA BATAÁN,,1,,public,Costa Rica,Provincia Limón,Matina,Batán,urban,23,urban,10.08368171,-83.34369683,official_emis,exact,unknown
CRI_002865,3368,CRI,VEINTISÉIS MILLAS,,1,,public,Costa Rica,Provincia Limón,Matina,Batán,urban,21,peri_urban,10.08730023,-83.35751943,official_emis,exact,unknown
CRI_002866,3370,CRI,BRISTOL,,1,,public,Costa Rica,Provincia Limón,Matina,Matina,rural,12,rural,10.02349347,-83.30416532,official_emis,exact,unknown
CRI_002867,3371,CRI,MONTECRISTO,,1,,public,Costa Rica,Provincia Limón,Siquirres,Siquirres,urban,11,rural,10.23249775,-83.47046546,official_emis,exact,unknown
CRI_002868,3372,CRI,MONTEVERDE,,1,,public,Costa Rica,Provincia Limón,Talamanca,Cahuita,rural,12,rural,9.71402269,-82.90661,official_emis,exact,unknown
CRI_002869,3373,CRI,HONE CREEK,,1,,public,Costa Rica,Provincia Limón,Talamanca,Cahuita,rural,13,rural,9.65266485,-82.79904217,official_emis,exact,unknown
CRI_002870,3374,CRI,PALACIOS,,1,,public,Costa Rica,Provincia Limón,Matina,Carrandí,rural,12,rural,10.0702088,-83.21155485,official_emis,exact,unknown
CRI_002871,3375,CRI,LIVERPOOL,,1,,public,Costa Rica,Provincia Limón,Limon,Río Blanco,urban,13,rural,9.9911824,-83.12955118,official_emis,exact,unknown
CRI_002872,3376,CRI,LUZÓN,,1,,public,Costa Rica,Provincia Limón,Matina,Batán,urban,12,rural,10.09970686,-83.31860191,official_emis,exact,unknown
CRI_002873,3379,CRI,MATINA,,1,,public,Costa Rica,Provincia Limón,Matina,Matina,rural,13,rural,10.07731544,-83.29158489,official_emis,exact,unknown
CRI_002874,3380,CRI,MOÍN,,1,,public,Costa Rica,Provincia Limón,Limon,Limón,urban,12,rural,9.9996932,-83.0812647,official_emis,exact,unknown
CRI_002875,3381,CRI,ORLANDO MOYA MOYA,,1,,public,Costa Rica,Provincia Limón,Siquirres,Siquirres,urban,12,rural,10.071038443957741,-83.5495394902353,admin_centroid,approximate,unknown
CRI_002876,3382,CRI,PACUARITO,,1,,public,Costa Rica,Provincia Limón,Siquirres,Pacuarito,rural,13,rural,10.10312672,-83.46710993,official_emis,exact,unknown
CRI_002877,3383,CRI,PENSHURT,,1,,public,Costa Rica,Provincia Limón,Limon,Valle La Estrella,rural,13,rural,9.77226302,-82.90760785,official_emis,exact,unknown
CRI_002878,3384,CRI,PUERTO VIEJO,,1,,public,Costa Rica,Provincia Limón,Talamanca,Cahuita,rural,13,rural,9.65454393,-82.75361378,official_emis,exact,unknown
CRI_002879,3385,CRI,LIMÓN 2000,,1,,public,Costa Rica,Provincia Limón,Limon,Río Blanco,urban,13,rural,9.98600006,-83.14088679,official_emis,exact,unknown
CRI_002880,3386,CRI,SAN CLEMENTE,,1,,public,Costa Rica,Provincia Limón,Limon,Valle La Estrella,rural,12,rural,9.81856098,-82.93625527,official_emis,exact,unknown
CRI_002881,3387,CRI,SANTA MARÍA,,1,,public,Costa Rica,Provincia Limón,Matina,Carrandí,rural,12,rural,10.07545412,-83.22417107,official_emis,exact,unknown
CRI_002882,3388,CRI,BOCA URÉN,,1,,public,Costa Rica,Provincia Limón,Talamanca,Telire,rural,12,rural,9.54779432,-82.92697118,official_emis,exact,unknown
CRI_002883,3389,CRI,ZENT,,1,,public,Costa Rica,Provincia Limón,Matina,Carrandí,rural,22,urban,10.02145456,-83.267052,official_emis,exact,unknown
CRI_002884,3390,CRI,BARBILLA,,1,,public,Costa Rica,Provincia Limón,Matina,Batán,urban,12,rural,10.06556932,-83.36555859,official_emis,exact,unknown
CRI_002885,3391,CRI,TUBA CREEK #1,,1,,public,Costa Rica,Provincia Limón,Limon,Cahuita,rural,11,rural,9.74733285,-82.90235896,official_emis,exact,unknown
CRI_002886,3392,CRI,RÍO NEGRO,,1,,public,Costa Rica,Provincia Limón,Talamanca,Cahuita,rural,12,rural,9.64469122,-82.73034245,official_emis,exact,unknown
CRI_002887,3393,CRI,SILVESTRE GRANT GRIFFITH,,1,,public,Costa Rica,Provincia Limón,Siquirres,El Cairo,urban,21,peri_urban,10.12191226,-83.53733912,official_emis,exact,unknown
CRI_002888,3394,CRI,GOLY,,1,,public,Costa Rica,Provincia Limón,Matina,Matina,rural,13,rural,10.08240466,-83.2848823,official_emis,exact,unknown
CRI_002889,3395,CRI,BOCA COHEN,,1,,public,Costa Rica,Provincia Limón,Limon,Valle La Estrella,rural,12,rural,9.7227651,-83.10009266,official_emis,exact,unknown
CRI_002890,3396,CRI,EL CARMEN,,1,,public,Costa Rica,Provincia Limón,Siquirres,Siquirres,urban,12,rural,10.19863696,-83.48088479,official_emis,exact,unknown
CRI_002891,3397,CRI,LA LUCHA,,1,,public,Costa Rica,Provincia Limón,Siquirres,Siquirres,urban,12,rural,10.15333081,-83.45184527,official_emis,exact,unknown
CRI_002892,3399,CRI,NUEVA ESPERANZA,,1,,public,Costa Rica,Provincia Limón,Siquirres,Siquirres,urban,12,rural,10.20277775,-83.43734062,official_emis,exact,unknown
CRI_002893,3400,CRI,NUEVA VIRGINIA,,1,,public,Costa Rica,Provincia Limón,Siquirres,Siquirres,urban,12,rural,10.2219104,-83.44976844,official_emis,exact,unknown
CRI_002894,3401,CRI,EL TRÉBOL,,1,,public,Costa Rica,Provincia Limón,Limon,Matama,rural,11,rural,9.93633812,-83.08756671,official_emis,exact,unknown
CRI_002895,3402,CRI,ESTRADA,,1,,public,Costa Rica,Provincia Limón,Matina,Carrandí,rural,13,rural,10.06132391,-83.27817696,official_emis,exact,unknown
CRI_002896,3403,CRI,BRIBRÍ,,1,,public,Costa Rica,Provincia Limón,Talamanca,Bratsi,rural,13,rural,9.62594196,-82.850044,official_emis,exact,unknown
CRI_002897,3404,CRI,FINCA COSTA RICA,,1,,public,Costa Rica,Provincia Limón,Talamanca,Sixaola,rural,23,urban,9.50151531,-82.61356484,official_emis,exact,unknown
CRI_002898,3405,CRI,SAN JUAN,,1,,public,Costa Rica,Provincia Limón,Matina,Batán,urban,12,rural,10.1602223,-83.3228891,official_emis,exact,unknown
CRI_002899,3406,CRI,VILLA DEL MAR # 2,,1,,public,Costa Rica,Provincia Limón,Limon,Limón,urban,21,peri_urban,9.9867605,-83.07988204,official_emis,exact,unknown
CRI_002900,3407,CRI,LOS CORALES,,1,,public,Costa Rica,Provincia Limón,Limon,Limón,urban,30,urban,9.9972448,-83.0431586,official_emis,exact,unknown
CRI_002901,3408,CRI,VILLA DEL MAR # 1,,1,,public,Costa Rica,Provincia Limón,Limon,Limón,urban,21,peri_urban,9.9957899,-83.0696193,official_emis,exact,unknown
CRI_002902,3409,CRI,AKBERIE,,1,,public,Costa Rica,Provincia Limón,Talamanca,Bratsi,rural,12,rural,9.59568279,-82.87484555,official_emis,exact,unknown
CRI_002903,3411,CRI,RÍO QUITO,,1,,public,Costa Rica,Provincia Limón,Limon,Río Blanco,urban,12,rural,9.95768329,-83.16668074,official_emis,exact,unknown
CRI_002904,3412,CRI,GERMANIA,,1,,public,Costa Rica,Provincia Limón,Siquirres,Germania,urban,12,rural,10.14563701,-83.57157848,official_emis,exact,unknown
CRI_002905,3413,CRI,LOS LIRIOS,,1,,public,Costa Rica,Provincia Limón,Limon,Limón,rural,12,rural,9.97472075,-83.03812016,official_emis,exact,unknown
CRI_002906,3414,CRI,GENERAL TOMÁS GUARDIA GUTIERREZ,,1,,public,Costa Rica,Provincia Limón,Limon,Limón,urban,30,urban,9.99230061,-83.02972938,official_emis,exact,unknown
CRI_002907,3415,CRI,GUAYACÁN,,1,,public,Costa Rica,Provincia Limón,Siquirres,Siquirres,urban,12,rural,10.03674589,-83.54717171,official_emis,exact,unknown
CRI_002908,3416,CRI,INDIANA TRES,,1,,public,Costa Rica,Provincia Limón,Siquirres,Siquirres,urban,12,rural,10.12943572,-83.45760022,official_emis,exact,unknown
CRI_002909,3417,CRI,JUSTO ANTONIO FACIO,,1,,public,Costa Rica,Provincia Limón,Siquirres,Siquirres,urban,23,urban,10.09692866,-83.50906655,official_emis,exact,unknown
CRI_002910,3418,CRI,ANTONIO FERNÁNDEZ GAMBOA,,1,,public,Costa Rica,Provincia Limón,Siquirres,Alegría,rural,22,urban,10.08899007,-83.6010907,official_emis,exact,unknown
CRI_002911,3419,CRI,LAS LOMAS,,1,,public,Costa Rica,Provincia Limón,Siquirres,Florida,rural,12,rural,10.06570668,-83.61090618,official_emis,exact,unknown
CRI_002912,3420,CRI,ISLA COHEN,,1,,public,Costa Rica,Provincia Limón,Limon,Valle La Estrella,rural,11,rural,9.69022247,-83.11613074,official_emis,exact,unknown
CRI_002913,3421,CRI,JABUY KEKOLDY,,1,,public,Costa Rica,Provincia Limón,Limon,Valle La Estrella,rural,12,rural,9.70545277,-83.0939186,official_emis,exact,unknown
CRI_002914,3422,CRI,NAMALDI,,1,,public,Costa Rica,Provincia Cartago,Turrialba,Chirripó,rural,12,rural,9.97842293,-83.32674033,official_emis,exact,unknown
CRI_002915,3423,CRI,LA BOMBA,,1,,public,Costa Rica,Provincia Limón,Limon,Matama,rural,13,rural,9.92138287,-83.05910472,official_emis,exact,unknown
CRI_002916,3424,CRI,DONDONIA 2,,1,,public,Costa Rica,Provincia Limón,Limon,Matama,rural,11,rural,9.9006543,-83.0500401,official_emis,exact,unknown
CRI_002917,3425,CRI,FLORIDA,,1,,public,Costa Rica,Provincia Limón,Siquirres,Florida,rural,22,urban,10.09279931,-83.57227932,official_emis,exact,unknown
CRI_002918,3426,CRI,LA FRANCIA,,1,,public,Costa Rica,Provincia Limón,Siquirres,El Cairo,urban,21,peri_urban,10.12483924,-83.54359281,official_emis,exact,unknown
CRI_002919,3427,CRI,LA HEREDIANA,,1,,public,Costa Rica,Provincia Limón,Siquirres,Germania,urban,21,peri_urban,10.13334672,-83.55577833,official_emis,exact,unknown
CRI_002920,3428,CRI,VEGAS DE IMPERIO,,1,,public,Costa Rica,Provincia Limón,Siquirres,Siquirres,urban,11,rural,10.21297118,-83.32284707,official_emis,exact,unknown
CRI_002921,3429,CRI,LA MARGARITA,,1,,public,Costa Rica,Provincia Limón,Matina,Batán,urban,21,peri_urban,10.08194342,-83.32360603,official_emis,exact,unknown
CRI_002922,3430,CRI,RAMAL SIETE,,1,,public,Costa Rica,Provincia Limón,Matina,Batán,urban,21,peri_urban,10.07760086,-83.33533392,official_emis,exact,unknown
CRI_002923,3432,CRI,FINCA MARGARITA,,1,,public,Costa Rica,Provincia Limón,Talamanca,Sixaola,rural,12,rural,9.60105965,-82.76322242,official_emis,exact,unknown
CRI_002924,3433,CRI,CAÑO BLANCO,,1,,public,Costa Rica,Provincia Limón,Siquirres,Siquirres,urban,12,rural,10.265535,-83.36462279,official_emis,exact,unknown
CRI_002925,3435,CRI,LA COLONIA,,1,,public,Costa Rica,Provincia Limón,Limon,Valle La Estrella,rural,12,rural,9.73914398,-82.98916304,official_emis,exact,unknown
CRI_002926,3436,CRI,LINDA VISTA,,1,,public,Costa Rica,Provincia Limón,Siquirres,Siquirres,urban,12,rural,9.98887747,-83.57094358,official_emis,exact,unknown
CRI_002927,3437,CRI,LARGA DISTANCIA,,1,,public,Costa Rica,Provincia Limón,Matina,Carrandí,rural,12,rural,10.02683899,-83.20220072,official_emis,exact,unknown
CRI_002928,3438,CRI,LOS ÁNGELES,,1,,public,Costa Rica,Provincia Limón,Siquirres,Siquirres,urban,12,rural,10.00731349,-83.54852955,official_emis,exact,unknown
CRI_002929,3439,CRI,BELLA VISTA,,1,,public,Costa Rica,Provincia Limón,Siquirres,Germania,urban,11,rural,10.1901403,-83.55532985,official_emis,exact,unknown
CRI_002930,3440,CRI,EL SILENCIO,,1,,public,Costa Rica,Provincia Limón,Siquirres,El Cairo,urban,11,rural,10.18222175,-83.53824659,official_emis,exact,unknown
CRI_002931,3441,CRI,MADRE DE DIOS,,1,,public,Costa Rica,Provincia Limón,Siquirres,Pacuarito,rural,12,rural,10.09234909,-83.39916551,official_emis,exact,unknown
CRI_002932,3442,CRI,MANZANILLO,,1,,public,Costa Rica,Provincia Limón,Talamanca,Cahuita,rural,12,rural,9.63312973,-82.65574748,official_emis,exact,unknown
CRI_002933,3443,CRI,MARÍA LUISA,,1,,public,Costa Rica,Provincia Limón,Limon,Matama,rural,12,rural,9.90066488,-83.0905295,official_emis,exact,unknown
CRI_002934,3444,CRI,MATA DE LIMÓN,,1,,public,Costa Rica,Provincia Limón,Talamanca,Sixaola,rural,11,rural,9.55783676,-82.62148472,official_emis,exact,unknown
CRI_002935,3445,CRI,KËKÖLDI,,1,,public,Costa Rica,Provincia Limón,Talamanca,Cahuita,rural,11,rural,9.61705048,-82.77002737,official_emis,exact,unknown
CRI_002936,3446,CRI,UNIÓN RÍO PEJE,,1,,public,Costa Rica,Provincia Limón,Matina,Carrandí,urban,12,rural,9.93910256,-83.22170138,official_emis,exact,unknown
CRI_002937,3447,CRI,SOKI,,1,,public,Costa Rica,Provincia Limón,Talamanca,Telire,rural,12,rural,9.48540073,-82.96825319,official_emis,exact,unknown
CRI_002938,3448,CRI,EL PEJE,,1,,public,Costa Rica,Provincia Limón,Siquirres,El Cairo,urban,12,rural,10.17168061,-83.52009605,official_emis,exact,unknown
CRI_002939,3449,CRI,CASTILLO NUEVO,,1,,public,Costa Rica,Provincia Limón,Limon,Matama,rural,12,rural,9.92711924,-83.05789053,official_emis,exact,unknown
CRI_002940,3450,CRI,KENT DE BANANITO NORTE,,1,,public,Costa Rica,Provincia Limón,Limon,Matama,rural,13,rural,9.91338874,-83.02183122,official_emis,exact,unknown
CRI_002941,3451,CRI,SAN CECILIO,,1,,public,Costa Rica,Provincia Limón,Limon,Matama,rural,11,rural,9.84860185,-83.04578824,official_emis,exact,unknown
CRI_002942,3452,CRI,BUENOS AIRES,,1,,public,Costa Rica,Provincia Limón,Limon,Valle La Estrella,rural,12,rural,9.8198818,-82.96980326,official_emis,exact,unknown
CRI_002943,3453,CRI,LAS PALMIRAS,,1,,public,Costa Rica,Provincia Limón,Siquirres,Siquirres,urban,23,urban,10.09015718,-83.50467604,official_emis,exact,unknown
CRI_002944,3454,CRI,OLYMPIA TREJOS LÓPEZ,,1,,public,Costa Rica,Provincia Limón,Limon,Limón,urban,30,urban,10.00262442,-83.03340695,official_emis,exact,unknown
CRI_002945,3455,CRI,OLIVIA,,1,,public,Costa Rica,Provincia Limón,Talamanca,Bratsi,rural,12,rural,9.61306666,-82.80561485,official_emis,exact,unknown
CRI_002946,3456,CRI,SAN MIGUEL,,1,,public,Costa Rica,Provincia Limón,Limon,Valle La Estrella,rural,12,rural,9.62537687,-82.97316853,official_emis,exact,unknown
CRI_002947,3457,CRI,LAS BRISAS,,1,,public,Costa Rica,Provincia Limón,Limon,Río Blanco,urban,11,rural,9.9583992,-83.19728463,official_emis,exact,unknown
CRI_002948,3458,CRI,LA COLINA,,1,,public,Costa Rica,Provincia Limón,Limon,Limón,urban,30,urban,9.98345939,-83.05061413,official_emis,exact,unknown
CRI_002949,3459,CRI,MOJONCITO,,1,,public,Costa Rica,Provincia Limón,Talamanca,Telire,rural,11,rural,9.56704467,-83.03323983,official_emis,exact,unknown
CRI_002950,3460,CRI,PANDORA OESTE,,1,,public,Costa Rica,Provincia Limón,Limon,Valle La Estrella,rural,13,rural,9.74581236,-82.96302794,official_emis,exact,unknown
CRI_002951,3461,CRI,PARAÍSO,,1,,public,Costa Rica,Provincia Limón,Talamanca,Sixaola,rural,13,rural,9.57145005,-82.71475076,official_emis,exact,unknown
CRI_002952,3462,CRI,LA PASCUA,,1,,public,Costa Rica,Provincia Limón,Siquirres,Florida,rural,12,rural,10.02628146,-83.61307157,official_emis,exact,unknown
CRI_002953,3463,CRI,EL BOSQUE,,1,,public,Costa Rica,Provincia Limón,Siquirres,Pacuarito,rural,12,rural,10.09293168,-83.47119658,official_emis,exact,unknown
CRI_002954,3464,CRI,BANANITO SUR,,1,,public,Costa Rica,Provincia Limón,Limon,Valle La Estrella,rural,13,rural,9.86998518,-83.00542112,official_emis,exact,unknown
CRI_002955,3465,CRI,PORTETE,,1,,public,Costa Rica,Provincia Limón,Limon,Limón,urban,21,peri_urban,10.006592,-83.0585066,official_emis,exact,unknown
CRI_002956,3466,CRI,MARGARITA ROJAS ZÚÑIGA,,1,,public,Costa Rica,Provincia Limón,Limon,Limón,urban,30,urban,9.98904031,-83.05424335,official_emis,exact,unknown
CRI_002957,3467,CRI,OJO DE AGUA,,1,,public,Costa Rica,Provincia Limón,Limon,Limón,urban,21,peri_urban,9.99921948,-83.06056405,official_emis,exact,unknown
CRI_002958,3468,CRI,NAMÚ WOKIR,,1,,public,Costa Rica,Provincia Limón,Talamanca,Telire,rural,11,rural,9.49762153,-82.95045723,official_emis,exact,unknown
CRI_002959,3469,CRI,RAFAEL YGLESIAS CASTRO,,1,,public,Costa Rica,Provincia Limón,Limon,Limón,urban,30,urban,9.99391374,-83.03026186,official_emis,exact,unknown
CRI_002960,3470,CRI,RÍO BLANCO,,1,,public,Costa Rica,Provincia Limón,Limon,Río Blanco,urban,11,rural,9.97461019,-83.15415748,official_emis,exact,unknown
CRI_002961,3471,CRI,EL MILANO,,1,,public,Costa Rica,Provincia Limón,Siquirres,Germania,urban,12,rural,10.19020859,-83.57598145,official_emis,exact,unknown
CRI_002962,3472,CRI,SANTA RITA,,1,,public,Costa Rica,Provincia Limón,Limon,Río Blanco,urban,12,rural,9.97061893,-83.12788023,official_emis,exact,unknown
CRI_002963,3474,CRI,EL PROGRESO,,1,,public,Costa Rica,Provincia Limón,Limon,Valle La Estrella,rural,12,rural,9.76362684,-83.04802947,official_emis,exact,unknown
CRI_002964,3475,CRI,SAN ISIDRO DE FLORIDA,,1,,public,Costa Rica,Provincia Limón,Siquirres,Florida,rural,12,rural,10.02938205,-83.64334442,official_emis,exact,unknown
CRI_002965,3476,CRI,SABORÍO,,1,,public,Costa Rica,Provincia Limón,Matina,Carrandí,rural,12,rural,10.06480881,-83.23347207,official_emis,exact,unknown
CRI_002966,3477,CRI,SAHARA,,1,,public,Costa Rica,Provincia Limón,Matina,Batán,urban,13,rural,10.13410521,-83.3556078,official_emis,exact,unknown
CRI_002967,3478,CRI,SAN ALBERTO,,1,,public,Costa Rica,Provincia Limón,Siquirres,Siquirres,urban,12,rural,10.15266576,-83.47374583,official_emis,exact,unknown
CRI_002968,3479,CRI,SAN ANDRÉS,,1,,public,Costa Rica,Provincia Limón,Limon,Valle La Estrella,rural,13,rural,9.85025392,-82.96834351,official_emis,exact,unknown
CRI_002969,3480,CRI,AGUAS ZARCAS,,1,,public,Costa Rica,Provincia Limón,Limon,Matama,rural,12,rural,9.89444388,-83.11393805,official_emis,exact,unknown
CRI_002970,3481,CRI,SAN ISIDRO,,1,,public,Costa Rica,Provincia Limón,Siquirres,Alegría,rural,22,urban,10.11765656,-83.57688527,official_emis,exact,unknown
CRI_002971,3482,CRI,LA PERLITA,,1,,public,Costa Rica,Provincia Limón,Siquirres,Pacuarito,rural,12,rural,10.20708216,-83.35161712,official_emis,exact,unknown
CRI_002972,3483,CRI,EL ENCANTO,,1,,public,Costa Rica,Provincia Limón,Siquirres,Pacuarito,rural,12,rural,10.17880589,-83.39715964,official_emis,exact,unknown
CRI_002973,3484,CRI,VALLE LA AURORA,,1,,public,Costa Rica,Provincia Limón,Limon,Limón,rural,12,rural,9.94659011,-83.09390527,official_emis,exact,unknown
CRI_002974,3485,CRI,CERERE,,1,,public,Costa Rica,Provincia Limón,Limon,Valle La Estrella,rural,12,rural,9.70213799,-83.04023334,official_emis,exact,unknown
CRI_002975,3486,CRI,SANTA EDUVIGES,,1,,public,Costa Rica,Provincia Limón,Limon,Limón,urban,30,urban,10.0010047,-83.0387501,official_emis,exact,unknown
CRI_002976,3487,CRI,EL COCO,,1,,public,Costa Rica,Provincia Limón,Siquirres,Siquirres,urban,12,rural,10.09474278,-83.53643095,official_emis,exact,unknown
CRI_002977,3488,CRI,SANTA MARTA,,1,,public,Costa Rica,Provincia Limón,Matina,Batán,urban,12,rural,10.12211895,-83.31885541,official_emis,exact,unknown
CRI_002978,3489,CRI,SEPECUE,,1,,public,Costa Rica,Provincia Limón,Talamanca,Telire,rural,12,rural,9.55551349,-83.01184911,official_emis,exact,unknown
CRI_002979,3490,CRI,SHIROLES,,1,,public,Costa Rica,Provincia Limón,Talamanca,Bratsi,rural,13,rural,9.58610402,-82.95477382,official_emis,exact,unknown
CRI_002980,3491,CRI,SAN ANTONIO,,1,,public,Costa Rica,Provincia Limón,Siquirres,Florida,rural,12,rural,10.04784906,-83.61488393,official_emis,exact,unknown
CRI_002981,3492,CRI,SANTA MARTA,,1,,public,Costa Rica,Provincia Limón,Siquirres,Siquirres,urban,12,rural,10.01212847,-83.56471969,official_emis,exact,unknown
CRI_002982,3493,CRI,SANTA ROSA,,1,,public,Costa Rica,Provincia Limón,Limon,Limón,rural,12,rural,9.95450447,-83.06644987,official_emis,exact,unknown
CRI_002983,3495,CRI,VENECIA,,1,,public,Costa Rica,Provincia Limón,Matina,Carrandí,rural,22,urban,10.02721079,-83.24347446,official_emis,exact,unknown
CRI_002984,3496,CRI,VESTA,,1,,public,Costa Rica,Provincia Limón,Limon,Valle La Estrella,rural,12,rural,9.72495605,-83.05635105,official_emis,exact,unknown
CRI_002985,3497,CRI,WATSI - VOLIO,,1,,public,Costa Rica,Provincia Limón,Talamanca,Bratsi,rural,13,rural,9.62647348,-82.87380024,official_emis,exact,unknown
CRI_002986,3498,CRI,RANCHO GRANDE,,1,,public,Costa Rica,Provincia Limón,Talamanca,Bratsi,rural,12,rural,9.62358149,-82.89047513,official_emis,exact,unknown
CRI_002987,3499,CRI,LIDER WESTFALIA,,1,,public,Costa Rica,Provincia Limón,Limon,Matama,rural,12,rural,9.942251188363516,-83.01764314136794,admin_centroid,approximate,unknown
CRI_002988,3500,CRI,YORKIN,,1,,public,Costa Rica,Provincia Limón,,Telire,rural,12,rural,9.51851202,-82.86224734,official_emis,exact,unknown
CRI_002989,3501,CRI,MIRAVALLES,,1,,public,Costa Rica,Provincia Limón,Limon,Río Blanco,urban,11,rural,9.96824508,-83.11335201,official_emis,exact,unknown
CRI_002990,3502,CRI,LA IBERIA,,1,,public,Costa Rica,Provincia Limón,Siquirres,Alegría,rural,12,rural,10.11694162,-83.60155249,official_emis,exact,unknown
CRI_002991,3503,CRI,SAN MIGUEL,,1,,public,Costa Rica,Provincia Limón,Matina,Matina,rural,12,rural,10.02820652,-83.34530167,official_emis,exact,unknown
CRI_002992,3504,CRI,EL COCAL,,1,,public,Costa Rica,Provincia Limón,Siquirres,Siquirres,urban,12,rural,10.12416458,-83.50917444,official_emis,exact,unknown
CRI_002993,3505,CRI,VEINTIOCHO MILLAS,,1,,public,Costa Rica,Provincia Limón,Matina,Batán,urban,12,rural,10.09027914,-83.37464547,official_emis,exact,unknown
CRI_002994,3506,CRI,CUATRO MILLAS,,1,,public,Costa Rica,Provincia Limón,Matina,Matina,rural,12,rural,10.10607346,-83.25723196,official_emis,exact,unknown
CRI_002995,3507,CRI,FAUSTO HERRERA CORDERO,,1,,public,Costa Rica,Provincia Limón,Siquirres,Pacuarito,rural,12,rural,10.12024008,-83.38076539,official_emis,exact,unknown
CRI_002996,3508,CRI,LA MARAVILLA,,1,,public,Costa Rica,Provincia Limón,Matina,Carrandí,rural,12,rural,10.04466977,-83.2246853,official_emis,exact,unknown
CRI_002997,3509,CRI,LOMAS DEL TORO,,1,,public,Costa Rica,Provincia Limón,Matina,Carrandí,rural,12,rural,10.00587279,-83.21575287,official_emis,exact,unknown
CRI_002998,3511,CRI,BOCUARE,,1,,public,Costa Rica,Provincia Limón,Limon,Valle La Estrella,rural,12,rural,9.69814839,-82.93731139,official_emis,exact,unknown
CRI_002999,3513,CRI,VALLE DE LAS ROSAS,,1,,public,Costa Rica,Provincia Limón,Limon,Valle La Estrella,rural,12,rural,9.67941569,-82.98940199,official_emis,exact,unknown
CRI_003000,3514,CRI,LA UNIÓN RÍO PERLA,,1,,public,Costa Rica,Provincia Limón,Guacimo,Pocora,rural,11,rural,10.10154738,-83.63046249,official_emis,exact,unknown
CRI_003001,3515,CRI,VEGAS DE MADRE DE DIOS,,1,,public,Costa Rica,Provincia Limón,Matina,Batán,urban,12,rural,10.08009957,-83.40125597,official_emis,exact,unknown
CRI_003002,3516,CRI,SAN JOAQUÍN,,1,,public,Costa Rica,Provincia Limón,Siquirres,Siquirres,urban,12,rural,10.02658177,-83.58825243,official_emis,exact,unknown
CRI_003003,3517,CRI,LA GUARIA,,1,,public,Costa Rica,Provincia Limón,Limon,Valle La Estrella,rural,13,rural,9.74160856,-82.95234338,official_emis,exact,unknown
CRI_003004,3518,CRI,SHUABB,,1,,public,Costa Rica,Provincia Limón,Talamanca,Telire,rural,12,rural,9.53708551,-82.87941446,official_emis,exact,unknown
CRI_003005,3519,CRI,LA ESPERANZA,,1,,public,Costa Rica,Provincia Limón,Matina,Matina,rural,12,rural,10.0262852,-83.32825553,official_emis,exact,unknown
CRI_003006,3520,CRI,LA PERLA,,1,,public,Costa Rica,Provincia Limón,Siquirres,Pacuarito,rural,12,rural,10.17960437,-83.37758184,official_emis,exact,unknown
CRI_003007,3521,CRI,SAN CARLOS,,1,,public,Costa Rica,Provincia Limón,Limon,Valle La Estrella,rural,12,rural,9.76763671,-83.02039697,official_emis,exact,unknown
CRI_003008,3522,CRI,IMPERIO,,1,,public,Costa Rica,Provincia Limón,Siquirres,Siquirres,urban,12,rural,10.18240123,-83.41938846,official_emis,exact,unknown
CRI_003009,3523,CRI,LA CELIA,,1,,public,Costa Rica,Provincia Limón,Talamanca,Sixaola,rural,13,rural,9.54231982,-82.68141607,official_emis,exact,unknown
CRI_003010,3525,CRI,FREEMAN,,1,,public,Costa Rica,Provincia Limón,Siquirres,Pacuarito,rural,12,rural,10.20238471,-83.33106286,official_emis,exact,unknown
CRI_003011,3526,CRI,ASUNCIÓN,,1,,public,Costa Rica,Provincia Limón,Limon,Matama,rural,11,rural,9.89586567,-83.14886849,official_emis,exact,unknown
CRI_003012,3527,CRI,LA MARINA,,1,,public,Costa Rica,Provincia Limón,Pococi,Guápiles,urban,13,rural,10.21404097,-83.84751853,official_emis,exact,unknown
CRI_003013,3528,CRI,DUACARÍ,,1,,public,Costa Rica,Provincia Limón,Guacimo,Duacarí,rural,12,rural,10.3061334,-83.65157037,official_emis,exact,unknown
CRI_003014,3529,CRI,ZURQUÍ,,1,,public,Costa Rica,Provincia Limón,Guacimo,Guácimo,urban,11,rural,10.14083961,-83.67270707,official_emis,exact,unknown
CRI_003015,3530,CRI,TÁMARA,,1,,public,Costa Rica,Provincia Limón,Pococi,Rita,rural,11,rural,10.4782346,-83.75564619,official_emis,exact,unknown
CRI_003016,3531,CRI,DÚRIKA,,1,,public,Costa Rica,Provincia Limón,Guacimo,Río Jiménez,rural,13,rural,10.25852481,-83.6067729,official_emis,exact,unknown
CRI_003017,3532,CRI,AFRICA,,1,,public,Costa Rica,Provincia Limón,Guacimo,Guácimo,urban,12,rural,10.20470639,-83.67069849,official_emis,exact,unknown
CRI_003018,3533,CRI,POCORA SUR,,1,,public,Costa Rica,Provincia Limón,Guacimo,Pocora,urban,12,rural,10.13920696,-83.63352254,official_emis,exact,unknown
CRI_003019,3534,CRI,LOS PINOS,,1,,public,Costa Rica,Provincia Limón,Pococi,Rita,rural,21,peri_urban,10.29675726,-83.76130008,official_emis,exact,unknown
CRI_003020,3535,CRI,TARIRE,,1,,public,Costa Rica,Provincia Limón,Pococi,Rita,rural,12,rural,10.32349458,-83.80827787,official_emis,exact,unknown
CRI_003021,3536,CRI,LOMAS,,1,,public,Costa Rica,Provincia Limón,Pococi,Colorado,rural,12,rural,10.31526527,-83.50759462,official_emis,exact,unknown
CRI_003022,3537,CRI,I.D.A. NAYURIBE,,1,,public,Costa Rica,Provincia Limón,Pococi,Rita,rural,12,rural,10.51066833,-83.79132203,official_emis,exact,unknown
CRI_003023,3538,CRI,NUEVO AMANECER,,1,,public,Costa Rica,Provincia Limón,Guacimo,Pocora,urban,22,urban,10.16772965,-83.60967406,official_emis,exact,unknown
CRI_003024,3539,CRI,I.D.A. LA TRINIDAD,,1,,public,Costa Rica,Provincia Limón,Pococi,Roxana,rural,21,peri_urban,10.29143909,-83.74232803,official_emis,exact,unknown
CRI_003025,3540,CRI,LAS BRISAS TORO AMARILLO,,1,,public,Costa Rica,Provincia Limón,Pococi,La Colonia,rural,12,rural,10.29769077,-83.83320385,official_emis,exact,unknown
CRI_003026,3541,CRI,ANITA GRANDE,,1,,public,Costa Rica,Provincia Limón,Pococi,Jiménez,rural,12,rural,10.24128617,-83.72902652,official_emis,exact,unknown
CRI_003027,3542,CRI,EL CEDRAL,,1,,public,Costa Rica,Provincia Limón,Pococi,Rita,rural,12,rural,10.52507671,-83.70105516,official_emis,exact,unknown
CRI_003028,3543,CRI,ASTÚA PIRIE,,1,,public,Costa Rica,Provincia Limón,Pococi,Cariari,urban,21,peri_urban,10.33584885,-83.73785199,official_emis,exact,unknown
CRI_003029,3544,CRI,LAS COLINAS,,1,,public,Costa Rica,Provincia Limón,Guacimo,Guácimo,urban,12,rural,10.16471592,-83.66764629,official_emis,exact,unknown
CRI_003030,3545,CRI,LAS BRISAS DEL RÍO BLANCO,,1,,public,Costa Rica,Provincia Limón,Pococi,Guápiles,urban,12,rural,10.17650364,-83.83517357,official_emis,exact,unknown
CRI_003031,3546,CRI,LA AURORA,,1,,public,Costa Rica,Provincia Limón,Pococi,Colorado,rural,11,rural,10.34509257,-83.51723719,official_emis,exact,unknown
CRI_003032,3547,CRI,SAN BOSCO,,1,,public,Costa Rica,Provincia Limón,Guacimo,Pocora,urban,11,rural,10.11165187,-83.61707578,official_emis,exact,unknown
CRI_003033,3548,CRI,IRLANDA,,1,,public,Costa Rica,Provincia Limón,Guacimo,Río Jiménez,rural,12,rural,10.27186782,-83.56333373,official_emis,exact,unknown
CRI_003034,3550,CRI,PATIO SAN CRISTÓBAL,,1,,public,Costa Rica,Provincia Limón,Pococi,Rita,rural,12,rural,10.3468222,-83.83392479,official_emis,exact,unknown
CRI_003035,3551,CRI,LA VICTORIA,,1,,public,Costa Rica,Provincia Limón,Pococi,Rita,rural,12,rural,10.28839019,-83.82302004,official_emis,exact,unknown
CRI_003036,3552,CRI,LAS BRISAS,,1,,public,Costa Rica,Provincia Limón,Pococi,Cariari,urban,21,peri_urban,10.37497905,-83.75727702,official_emis,exact,unknown
CRI_003037,3553,CRI,EL CARMEN,,1,,public,Costa Rica,Provincia Limón,Guacimo,Pocora,urban,22,urban,10.16288154,-83.60265454,official_emis,exact,unknown
CRI_003038,3554,CRI,BARRA DEL COLORADO NORTE,,1,,public,Costa Rica,Provincia Limón,Pococi,Colorado,urban,12,rural,10.77114285,-83.59528525,official_emis,exact,unknown
CRI_003039,3555,CRI,LA GUARIA,,1,,public,Costa Rica,Provincia Limón,Pococi,Guápiles,urban,12,rural,10.14368808,-83.80658732,official_emis,exact,unknown
CRI_003040,3556,CRI,BARRA DEL COLORADO SUR,,1,,public,Costa Rica,Provincia Limón,Pococi,Colorado,rural,12,rural,10.77103593,-83.58696538,official_emis,exact,unknown
CRI_003041,3557,CRI,BARRA DE TORTUGUERO,,1,,public,Costa Rica,Provincia Limón,Pococi,Colorado,rural,13,rural,10.54413191,-83.50337117,official_emis,exact,unknown
CRI_003042,3558,CRI,LAS LOMAS,,1,,public,Costa Rica,Provincia Limón,Pococi,Roxana,rural,11,rural,10.35921058,-83.58046269,official_emis,exact,unknown
CRI_003043,3559,CRI,CAMPO TRES OESTE,,1,,public,Costa Rica,Provincia Limón,Pococi,Cariari,urban,21,peri_urban,10.38060541,-83.73087347,official_emis,exact,unknown
CRI_003044,3560,CRI,LA TERESA,,1,,public,Costa Rica,Provincia Limón,Pococi,Rita,rural,13,rural,10.30710265,-83.80632058,official_emis,exact,unknown
CRI_003045,3561,CRI,JESÚS JIMÉNEZ ZAMORA,,1,,public,Costa Rica,Provincia Limón,Guacimo,Duacarí,rural,12,rural,10.31548575,-83.66613984,official_emis,exact,unknown
CRI_003046,3562,CRI,LUIS XV,,1,,public,Costa Rica,Provincia Limón,Pococi,Roxana,rural,13,rural,10.30392287,-83.7091563,official_emis,exact,unknown
CRI_003047,3563,CRI,HOJANCHA,,1,,public,Costa Rica,Provincia Limón,Pococi,Cariari,urban,11,rural,10.40336893,-83.72776912,official_emis,exact,unknown
CRI_003048,3564,CRI,OJO DE AGUA,,1,,public,Costa Rica,Provincia Limón,Guacimo,Pocora,urban,12,rural,10.05712743,-83.65918741,official_emis,exact,unknown
CRI_003049,3565,CRI,LOS LIRIOS,,1,,public,Costa Rica,Provincia Limón,Guacimo,Guácimo,urban,23,urban,10.20390234,-83.68669499,official_emis,exact,unknown
CRI_003050,3566,CRI,DELTA,,1,,public,Costa Rica,Provincia Heredia,Sarapiqui,Llanuras del Gaspar,rural,11,rural,10.73572672,-83.7381088,official_emis,exact,unknown
CRI_003051,3567,CRI,LAS COLINAS,,1,,public,Costa Rica,Provincia Limón,Pococi,Rita,rural,12,rural,10.49744205,-83.71463612,official_emis,exact,unknown
CRI_003052,3568,CRI,CAMPO DE ATERRIZAJE,,1,,public,Costa Rica,Provincia Limón,Pococi,Cariari,urban,21,peri_urban,10.373727,-83.72895346,official_emis,exact,unknown
CRI_003053,3569,CRI,BUENOS AIRES,,1,,public,Costa Rica,Provincia Limón,Pococi,Roxana,rural,12,rural,10.34991522,-83.6851222,official_emis,exact,unknown
CRI_003054,3570,CRI,AGRIMAGA,,1,,public,Costa Rica,Provincia Limón,Guacimo,Río Jiménez,rural,12,rural,10.22726927,-83.62521404,official_emis,exact,unknown
CRI_003055,3571,CRI,BELLA VISTA,,1,,public,Costa Rica,Provincia Limón,Pococi,Guápiles,urban,12,rural,10.16667877,-83.81149487,official_emis,exact,unknown
CRI_003056,3572,CRI,COROBICÍ,,1,,public,Costa Rica,Provincia Limón,Pococi,Cariari,urban,11,rural,10.3250594,-83.74430037,official_emis,exact,unknown
CRI_003057,3573,CRI,CAMPO KENNEDY,,1,,public,Costa Rica,Provincia Limón,Pococi,Cariari,urban,23,urban,10.36067812,-83.73429823,official_emis,exact,unknown
CRI_003058,3574,CRI,CAMPO CINCO,,1,,public,Costa Rica,Provincia Limón,Pococi,Cariari,urban,21,peri_urban,10.38687974,-83.71728981,official_emis,exact,unknown
CRI_003059,3575,CRI,PALERMO,,1,,public,Costa Rica,Provincia Limón,Pococi,Cariari,urban,23,urban,10.37165737,-83.74213387,official_emis,exact,unknown
CRI_003060,3576,CRI,HUETAR,,1,,public,Costa Rica,Provincia Limón,Pococi,Cariari,rural,21,peri_urban,10.33395662,-83.75941458,official_emis,exact,unknown
CRI_003061,3577,CRI,LA MARAVILLA,,1,,public,Costa Rica,Provincia Limón,Pococi,Roxana,rural,12,rural,10.41648802,-83.65418978,official_emis,exact,unknown
CRI_003062,3578,CRI,SAN CRISTÓBAL,,1,,public,Costa Rica,Provincia Limón,Pococi,Roxana,rural,12,rural,10.33428617,-83.70399901,official_emis,exact,unknown
CRI_003063,3579,CRI,CALLE UNO,,1,,public,Costa Rica,Provincia Limón,Pococi,Jiménez,rural,12,rural,10.22491122,-83.76529335,official_emis,exact,unknown
CRI_003064,3580,CRI,CARTAGENA,,1,,public,Costa Rica,Provincia Limón,Guacimo,Río Jiménez,rural,12,rural,10.2665782,-83.64054888,official_emis,exact,unknown
CRI_003065,3581,CRI,LAS PALMITAS,,1,,public,Costa Rica,Provincia Limón,Pococi,Rita,rural,13,rural,10.45271819,-83.70534551,official_emis,exact,unknown
CRI_003066,3582,CRI,LA CARLOTA,,1,,public,Costa Rica,Provincia Limón,Pococi,Rita,urban,12,rural,10.44790938,-83.71765658,official_emis,exact,unknown
CRI_003067,3583,CRI,CAROLINA,,1,,public,Costa Rica,Provincia Limón,Pococi,Cariari,urban,12,rural,10.42734084,-83.72297347,official_emis,exact,unknown
CRI_003068,3584,CRI,SANTA LUCÍA,,1,,public,Costa Rica,Provincia Limón,Pococi,Cariari,urban,12,rural,10.43629664,-83.67919854,official_emis,exact,unknown
CRI_003069,3585,CRI,EL PORVENIR,,1,,public,Costa Rica,Provincia Limón,Pococi,Rita,rural,12,rural,10.446042,-83.818326,official_emis,exact,unknown
CRI_003070,3586,CRI,EL CEIBO,,1,,public,Costa Rica,Provincia Limón,Pococi,Cariari,urban,12,rural,10.46547179,-83.61329255,official_emis,exact,unknown
CRI_003071,3587,CRI,POCOCÍ,,1,,public,Costa Rica,Provincia Limón,Pococi,Rita,rural,11,rural,10.57170899,-83.81348684,official_emis,exact,unknown
CRI_003072,3588,CRI,GUARANÍ,,1,,public,Costa Rica,Provincia Limón,Pococi,Rita,rural,12,rural,10.49580155,-83.83105971,official_emis,exact,unknown
CRI_003073,3589,CRI,LA GUAIRA,,1,,public,Costa Rica,Provincia Limón,Guacimo,Guácimo,urban,12,rural,10.22770542,-83.67529366,official_emis,exact,unknown
CRI_003074,3590,CRI,LAS VEGAS,,1,,public,Costa Rica,Provincia Limón,Pococi,Roxana,rural,12,rural,10.39167243,-83.66917335,official_emis,exact,unknown
CRI_003075,3591,CRI,LA VICTORIA,,1,,public,Costa Rica,Provincia Limón,Pococi,Rita,urban,12,rural,10.43577109,-83.75806201,official_emis,exact,unknown
CRI_003076,3592,CRI,SAN GERARDO,,1,,public,Costa Rica,Provincia Limón,Pococi,Colorado,rural,11,rural,10.31689743,-83.54813096,official_emis,exact,unknown
CRI_003077,3593,CRI,LA PRIMAVERA,,1,,public,Costa Rica,Provincia Limón,Pococi,Rita,rural,11,rural,10.4285435,-83.78226552,official_emis,exact,unknown
CRI_003078,3594,CRI,EL CRUCE,,1,,public,Costa Rica,Provincia Limón,Pococi,Roxana,rural,12,rural,10.30952694,-83.72919221,official_emis,exact,unknown
CRI_003079,3595,CRI,CASCADAS,,1,,public,Costa Rica,Provincia Limón,Pococi,La Colonia,urban,21,peri_urban,10.23852906,-83.78622775,official_emis,exact,unknown
CRI_003080,3596,CRI,BOCA DEL RÍO SILENCIO,,1,,public,Costa Rica,Provincia Limón,Guacimo,Río Jiménez,rural,11,rural,10.24132534,-83.5013457,official_emis,exact,unknown
CRI_003081,3597,CRI,FINCA DOS,,1,,public,Costa Rica,Provincia Limón,Pococi,Rita,rural,11,rural,10.42921186,-83.82804219,official_emis,exact,unknown
CRI_003082,3598,CRI,EL AGUACATE,,1,,public,Costa Rica,Provincia Limón,Guacimo,Guácimo,urban,12,rural,10.2689961,-83.67476718,official_emis,exact,unknown
CRI_003083,3599,CRI,AGUA FRÍA,,1,,public,Costa Rica,Provincia Limón,Pococi,Roxana,rural,11,rural,10.43882719,-83.58524568,official_emis,exact,unknown
CRI_003084,3600,CRI,BARRIOS UNIDOS,,1,,public,Costa Rica,Provincia Limón,Pococi,Guápiles,urban,12,rural,10.22861739,-83.80268716,official_emis,exact,unknown
CRI_003085,3601,CRI,CENTRAL DE GUÁPILES,,1,,public,Costa Rica,Provincia Limón,Pococi,Guápiles,urban,23,urban,10.21587601,-83.78798534,official_emis,exact,unknown
CRI_003086,3602,CRI,LLANO BONITO,,1,,public,Costa Rica,Provincia Limón,Pococi,Roxana,rural,13,rural,10.38590325,-83.65118483,official_emis,exact,unknown
CRI_003087,3603,CRI,LAGUNILLA,,1,,public,Costa Rica,Provincia Limón,Pococi,Colorado,rural,12,rural,10.62246352,-83.81247321,official_emis,exact,unknown
CRI_003088,3604,CRI,LA MANUDITA,,1,,public,Costa Rica,Provincia Limón,Guacimo,Guácimo,urban,12,rural,10.24941973,-83.69212401,official_emis,exact,unknown
CRI_003089,3605,CRI,EL BOSQUE,,1,,public,Costa Rica,Provincia Limón,Guacimo,Guácimo,urban,12,rural,10.25115593,-83.68183284,official_emis,exact,unknown
CRI_003090,3606,CRI,MATA DE LIMÓN,,1,,public,Costa Rica,Provincia Limón,Pococi,Roxana,rural,12,rural,10.41330359,-83.61788266,official_emis,exact,unknown
CRI_003091,3607,CRI,SAN RAFAEL,,1,,public,Costa Rica,Provincia Limón,Pococi,Colorado,rural,11,rural,10.54561545,-83.62157897,official_emis,exact,unknown
CRI_003092,3608,CRI,EL EDÉN,,1,,public,Costa Rica,Provincia Limón,Guacimo,Guácimo,urban,12,rural,10.23655388,-83.72079416,official_emis,exact,unknown
CRI_003093,3609,CRI,LÍNEA VIEJA,,1,,public,Costa Rica,Provincia Limón,Pococi,Colorado,rural,12,rural,10.30656604,-83.55957312,official_emis,exact,unknown
CRI_003094,3610,CRI,BUENOS AIRES SUR,,1,,public,Costa Rica,Provincia Limón,Pococi,Jiménez,urban,21,peri_urban,10.17069532,-83.78401262,official_emis,exact,unknown
CRI_003095,3611,CRI,EL HOGAR,,1,,public,Costa Rica,Provincia Limón,Guacimo,Guácimo,urban,12,rural,10.22690639,-83.70654225,official_emis,exact,unknown
CRI_003096,3612,CRI,EL MOLINO,,1,,public,Costa Rica,Provincia Limón,Pococi,Jiménez,rural,21,peri_urban,10.20999659,-83.75698292,official_emis,exact,unknown
CRI_003097,3613,CRI,LONDRES,,1,,public,Costa Rica,Provincia Limón,Pococi,Roxana,rural,12,rural,10.42598468,-83.63659512,official_emis,exact,unknown
CRI_003098,3614,CRI,EL PARQUE,,1,,public,Costa Rica,Provincia Limón,Pococi,Cariari,urban,12,rural,10.51874805,-83.63046425,official_emis,exact,unknown
CRI_003099,3615,CRI,EL BALASTRE,,1,,public,Costa Rica,Provincia Limón,Pococi,Rita,rural,12,rural,10.32352,-83.824094,official_emis,exact,unknown
CRI_003100,3616,CRI,PUERTO LINDO,,1,,public,Costa Rica,Provincia Limón,Pococi,Colorado,rural,11,rural,10.68069137,-83.66810537,official_emis,exact,unknown
CRI_003101,3617,CRI,LOS GERANIOS,,1,,public,Costa Rica,Provincia Limón,Guacimo,Guácimo,urban,23,urban,10.21345999,-83.69343738,official_emis,exact,unknown
CRI_003102,3618,CRI,IROQUOIS,,1,,public,Costa Rica,Provincia Limón,Guacimo,Mercedes,urban,12,rural,10.18182144,-83.62230001,official_emis,exact,unknown
CRI_003103,3619,CRI,JIMÉNEZ,,1,,public,Costa Rica,Provincia Limón,Pococi,Jiménez,rural,21,peri_urban,10.20869983,-83.74193241,official_emis,exact,unknown
CRI_003104,3620,CRI,EL TRIÁNGULO,,1,,public,Costa Rica,Provincia Limón,Pococi,Rita,rural,12,rural,10.47200178,-83.69724598,official_emis,exact,unknown
CRI_003105,3621,CRI,SAN MARTÍN,,1,,public,Costa Rica,Provincia Limón,Pococi,Jiménez,rural,21,peri_urban,10.21533475,-83.74728701,official_emis,exact,unknown
CRI_003106,3622,CRI,VEGA,,1,,public,Costa Rica,Provincia Limón,Pococi,Cariari,urban,12,rural,10.4958499,-83.61831224,official_emis,exact,unknown
CRI_003107,3623,CRI,SANTA CLARA,,1,,public,Costa Rica,Provincia Limón,Pococi,Roxana,rural,12,rural,10.29804672,-83.70412027,official_emis,exact,unknown
CRI_003108,3625,CRI,LAS LOMAS,,1,,public,Costa Rica,Provincia Limón,Guacimo,Río Jiménez,rural,11,rural,10.26506536,-83.50426276,official_emis,exact,unknown
CRI_003109,3626,CRI,EL CAMARÓN,,1,,public,Costa Rica,Provincia Limón,Guacimo,Río Jiménez,rural,12,rural,10.26223647,-83.55017753,official_emis,exact,unknown
CRI_003110,3627,CRI,CAÑO ZAPOTA,,1,,public,Costa Rica,Provincia Limón,Pococi,Colorado,rural,11,rural,10.59625506,-83.69966911,official_emis,exact,unknown
CRI_003111,3628,CRI,LA RITA,,1,,public,Costa Rica,Provincia Limón,Pococi,Rita,rural,23,urban,10.28084547,-83.78528862,official_emis,exact,unknown
CRI_003112,3629,CRI,MARÍA HIDALGO HIDALGO,,1,,public,Costa Rica,Provincia Limón,Guacimo,Guácimo,urban,13,rural,10.21037761,-83.70969439,official_emis,exact,unknown
CRI_003113,3630,CRI,LA UNIÓN,,1,,public,Costa Rica,Provincia Limón,Pococi,Guápiles,urban,12,rural,10.2168519,-83.87188377,official_emis,exact,unknown
CRI_003114,3631,CRI,CUATRO ESQUINAS,,1,,public,Costa Rica,Provincia Limón,Pococi,Cariari,urban,12,rural,10.45667054,-83.67128833,official_emis,exact,unknown
CRI_003115,3632,CRI,EL JARDÍN,,1,,public,Costa Rica,Provincia Limón,Pococi,Rita,rural,12,rural,10.39351829,-83.78697123,official_emis,exact,unknown
CRI_003116,3633,CRI,LOS LAGOS,,1,,public,Costa Rica,Provincia Limón,Pococi,Cariari,rural,21,peri_urban,10.37864381,-83.74181198,official_emis,exact,unknown
CRI_003117,3634,CRI,FINCA FORMOSA,,1,,public,Costa Rica,Provincia Limón,Pococi,Cariari,urban,21,peri_urban,10.36399096,-83.75384883,official_emis,exact,unknown
CRI_003118,3635,CRI,LOS ÁNGELES,,1,,public,Costa Rica,Provincia Limón,Pococi,Cariari,urban,13,rural,10.4105249,-83.71500682,official_emis,exact,unknown
CRI_003119,3636,CRI,LOS DIAMANTES,,1,,public,Costa Rica,Provincia Limón,Pococi,Guápiles,urban,23,urban,10.21365069,-83.7782168,official_emis,exact,unknown
CRI_003120,3637,CRI,EL SOTA,,1,,public,Costa Rica,Provincia Limón,Pococi,Rita,rural,11,rural,10.5353034,-83.74172129,official_emis,exact,unknown
CRI_003121,3638,CRI,MANUEL MARIA GUTIÉRREZ ZAMORA,,1,,public,Costa Rica,Provincia Limón,Guacimo,Guácimo,urban,23,urban,10.20884333,-83.68316568,official_emis,exact,unknown
CRI_003122,3639,CRI,SECTOR NUEVE,,1,,public,Costa Rica,Provincia Limón,Pococi,Rita,rural,12,rural,10.40589101,-83.85323766,official_emis,exact,unknown
CRI_003123,3640,CRI,LA LUCHA,,1,,public,Costa Rica,Provincia Limón,Guacimo,Río Jiménez,rural,12,rural,10.24705273,-83.55219577,official_emis,exact,unknown
CRI_003124,3641,CRI,EL RÓTULO,,1,,public,Costa Rica,Provincia Limón,Pococi,Rita,rural,13,rural,10.41207848,-83.76112713,official_emis,exact,unknown
CRI_003125,3642,CRI,PARISMINA,,1,,public,Costa Rica,Provincia Limón,Guacimo,Guácimo,urban,12,rural,10.19779985,-83.6485552,official_emis,exact,unknown
CRI_003126,3643,CRI,SAN BOSCO,,1,,public,Costa Rica,Provincia Limón,Pococi,La Colonia,rural,12,rural,10.27735389,-83.80910068,official_emis,exact,unknown
CRI_003127,3644,CRI,SAN GERARDO,,1,,public,Costa Rica,Provincia Limón,Pococi,Rita,rural,12,rural,10.38775987,-83.85874106,official_emis,exact,unknown
CRI_003128,3645,CRI,POCORA,,1,,public,Costa Rica,Provincia Limón,Guacimo,Pocora,urban,22,urban,10.17311529,-83.60531847,official_emis,exact,unknown
CRI_003129,3646,CRI,CARLOS CHACÓN CHAVARRÍA,,1,,public,Costa Rica,Provincia Limón,Guacimo,Mercedes,urban,12,rural,10.17540944,-83.6119353,official_emis,exact,unknown
CRI_003130,3647,CRI,DR. LUIS SHAPIRO,,1,,public,Costa Rica,Provincia Limón,Guacimo,Duacarí,rural,13,rural,10.29073636,-83.61147944,official_emis,exact,unknown
CRI_003131,3648,CRI,BALSAVILLE,,1,,public,Costa Rica,Provincia Limón,Guacimo,Río Jiménez,rural,13,rural,10.24838439,-83.60245248,official_emis,exact,unknown
CRI_003132,3649,CRI,EL TAJO,,1,,public,Costa Rica,Provincia Limón,Guacimo,Río Jiménez,rural,12,rural,10.24415653,-83.62970214,official_emis,exact,unknown
CRI_003133,3650,CRI,CAMPO TRES ESTE,,1,,public,Costa Rica,Provincia Limón,Pococi,Cariari,urban,21,peri_urban,10.3735765,-83.71311444,official_emis,exact,unknown
CRI_003134,3652,CRI,SAN ISIDRO,,1,,public,Costa Rica,Provincia Limón,Pococi,Rita,rural,11,rural,10.4761097,-83.7198805,official_emis,exact,unknown
CRI_003135,3653,CRI,CARTAGENA,,1,,public,Costa Rica,Provincia Limón,Pococi,Rita,rural,11,rural,10.37107384,-83.81318405,official_emis,exact,unknown
CRI_003136,3654,CRI,NAZARETH,,1,,public,Costa Rica,Provincia Limón,Pococi,Roxana,rural,12,rural,10.37564168,-83.60310066,official_emis,exact,unknown
CRI_003137,3655,CRI,MATA DE LIMÓN ESTE,,1,,public,Costa Rica,Provincia Limón,Pococi,Roxana,rural,12,rural,10.35930115,-83.62905052,official_emis,exact,unknown
CRI_003138,3656,CRI,ROXANA,,1,,public,Costa Rica,Provincia Limón,Pococi,Roxana,rural,21,peri_urban,10.27450778,-83.75150103,official_emis,exact,unknown
CRI_003139,3657,CRI,LEESVILLE,,1,,public,Costa Rica,Provincia Limón,Pococi,Roxana,rural,21,peri_urban,10.26417156,-83.75625563,official_emis,exact,unknown
CRI_003140,3658,CRI,SAGRADA FAMILIA,,1,,public,Costa Rica,Provincia Limón,Pococi,Cariari,urban,12,rural,10.34748029,-83.71604817,official_emis,exact,unknown
CRI_003141,3659,CRI,SAN ANTONIO,,1,,public,Costa Rica,Provincia Limón,Pococi,Roxana,rural,21,peri_urban,10.28094814,-83.72346734,official_emis,exact,unknown
CRI_003142,3660,CRI,SAN LUIS,,1,,public,Costa Rica,Provincia Limón,Pococi,Jiménez,rural,12,rural,10.26235186,-83.71085924,official_emis,exact,unknown
CRI_003143,3661,CRI,SAN LUIS,,1,,public,Costa Rica,Provincia Limón,Guacimo,Guácimo,urban,13,rural,10.24450868,-83.66030464,official_emis,exact,unknown
CRI_003144,3662,CRI,SAN RAFAEL,,1,,public,Costa Rica,Provincia Limón,Pococi,La Colonia,urban,21,peri_urban,10.24549494,-83.80433598,official_emis,exact,unknown
CRI_003145,3663,CRI,BARRIO LOS ÁNGELES,,1,,public,Costa Rica,Provincia Limón,Pococi,Guápiles,urban,23,urban,10.21022336,-83.79576277,official_emis,exact,unknown
CRI_003146,3665,CRI,SANTA MARÍA,,1,,public,Costa Rica,Provincia Limón,Guacimo,Río Jiménez,rural,12,rural,10.26812473,-83.59312527,official_emis,exact,unknown
CRI_003147,3666,CRI,SANTA ROSA,,1,,public,Costa Rica,Provincia Limón,Pococi,Rita,rural,12,rural,10.35218139,-83.80476476,official_emis,exact,unknown
CRI_003148,3667,CRI,RÍO CASCADAS,,1,,public,Costa Rica,Provincia Limón,Pococi,Roxana,rural,12,rural,10.35470409,-83.66921577,official_emis,exact,unknown
CRI_003149,3668,CRI,SUERRE,,1,,public,Costa Rica,Provincia Limón,Pococi,Jiménez,rural,21,peri_urban,10.18683398,-83.75128595,official_emis,exact,unknown
CRI_003150,3669,CRI,TORO AMARILLO,,1,,public,Costa Rica,Provincia Limón,Pococi,Guápiles,urban,23,urban,10.21182252,-83.80615351,official_emis,exact,unknown
CRI_003151,3670,CRI,COOPEMALANGA,,1,,public,Costa Rica,Provincia Limón,Pococi,Colorado,rural,11,rural,10.32663837,-83.53020193,official_emis,exact,unknown
CRI_003152,3671,CRI,LA PERLA,,1,,public,Costa Rica,Provincia Limón,Guacimo,Guácimo,urban,12,rural,10.18244977,-83.68002365,official_emis,exact,unknown
CRI_003153,3672,CRI,AGUAS FRÍAS,,1,,public,Costa Rica,Provincia Limón,Pococi,Roxana,rural,11,rural,10.37017448,-83.653725,official_emis,exact,unknown
CRI_003154,3673,CRI,EL LIMBO,,1,,public,Costa Rica,Provincia Limón,Guacimo,Duacarí,rural,13,rural,10.32479145,-83.65330288,official_emis,exact,unknown
CRI_003155,3674,CRI,CERRO NEGRO,,1,,public,Costa Rica,Provincia Heredia,Sarapiqui,Las Horquetas,rural,11,rural,10.44811569,-83.86211062,official_emis,exact,unknown
CRI_003156,3675,CRI,SAN JULIAN,,1,,public,Costa Rica,Provincia Heredia,Sarapiqui,Puerto Viejo,rural,12,rural,10.51974289,-83.87398057,official_emis,exact,unknown
CRI_003157,3676,CRI,SAN IGNACIO,,1,,public,Costa Rica,Provincia Limón,Pococi,Rita,urban,11,rural,10.49881634,-83.67246924,official_emis,exact,unknown
CRI_003158,3677,CRI,CARAMBOLA,,1,,public,Costa Rica,Provincia Limón,Guacimo,Duacarí,rural,13,rural,10.28432283,-83.61977978,official_emis,exact,unknown
CRI_003159,3678,CRI,LA SUERTE,,1,,public,Costa Rica,Provincia Limón,Pococi,Rita,rural,12,rural,10.39344269,-83.80146622,official_emis,exact,unknown
CRI_003160,3679,CRI,EL PROGRESO,,1,,public,Costa Rica,Provincia Limón,Pococi,Cariari,urban,21,peri_urban,10.37792869,-83.74752949,official_emis,exact,unknown
CRI_003161,3680,CRI,LA SIRENA,,1,,public,Costa Rica,Provincia Limón,Pococi,Rita,rural,11,rural,10.35506319,-83.77970238,official_emis,exact,unknown
CRI_003162,3681,CRI,TICABÁN,,1,,public,Costa Rica,Provincia Limón,Pococi,Rita,rural,13,rural,10.40204477,-83.83131871,official_emis,exact,unknown
CRI_003163,3682,CRI,LAS MERCEDES,,1,,public,Costa Rica,Provincia Limón,Pococi,Rita,rural,21,peri_urban,10.31978106,-83.76122614,official_emis,exact,unknown
CRI_003164,3683,CRI,BANAMOLA,,1,,public,Costa Rica,Provincia Limón,Pococi,Cariari,rural,12,rural,10.34222827,-83.77432171,official_emis,exact,unknown
CRI_003165,3684,CRI,CAMPO DOS,,1,,public,Costa Rica,Provincia Limón,Pococi,Cariari,urban,13,rural,10.40282288,-83.6939006,official_emis,exact,unknown
CRI_003166,3686,CRI,COCORÍ,,1,,public,Costa Rica,Provincia Limón,Pococi,Rita,rural,13,rural,10.41440283,-83.75084622,official_emis,exact,unknown
CRI_003167,3687,CRI,EL JARDÍN,,1,,public,Costa Rica,Provincia Limón,Pococi,La Colonia,rural,12,rural,10.25639987,-83.77843587,official_emis,exact,unknown
CRI_003168,3688,CRI,CAMPO CUATRO,,1,,public,Costa Rica,Provincia Limón,Pococi,Cariari,urban,12,rural,10.38925052,-83.6909394,official_emis,exact,unknown
CRI_003169,3689,CRI,PUEBLO NUEVO,,1,,public,Costa Rica,Provincia Limón,Guacimo,Duacarí,rural,12,rural,10.33305735,-83.59773808,official_emis,exact,unknown
CRI_003170,3690,CRI,IZTARÚ,,1,,public,Costa Rica,Provincia Limón,Pococi,Rita,rural,12,rural,10.36589711,-83.83431767,official_emis,exact,unknown
CRI_003171,3691,CRI,LOS ÁNGELES,,1,,public,Costa Rica,Provincia Limón,Guacimo,Río Jiménez,rural,12,rural,10.29283111,-83.53815834,official_emis,exact,unknown
CRI_003172,3692,CRI,SAN JORGE,,1,,public,Costa Rica,Provincia Limón,Pococi,Roxana,rural,12,rural,10.43615822,-83.61308006,official_emis,exact,unknown
CRI_003173,3693,CRI,EL MILLÓN,,1,,public,Costa Rica,Provincia Limón,Pococi,Roxana,rural,12,rural,10.40395152,-83.62911521,official_emis,exact,unknown
CRI_003174,3697,CRI,LAGUNILLAS,,1,,public,Costa Rica,Provincia Puntarenas,Garabito,Tárcoles,urban,12,rural,9.84268414,-84.60326867,official_emis,exact,unknown
CRI_003175,3698,CRI,GUAPINOL NORTE,,1,,public,Costa Rica,Provincia Puntarenas,Parrita,,urban,12,rural,9.57309781,-84.41314118,official_emis,exact,unknown
CRI_003176,3699,CRI,EL CARMEN,,1,,public,Costa Rica,Provincia Puntarenas,Parrita,,urban,11,rural,9.61659969,-84.20863149,official_emis,exact,unknown
CRI_003177,3700,CRI,LA INMACULADA,,1,,public,Costa Rica,Provincia Puntarenas,Quepos,Quepos,urban,23,urban,9.44719106,-84.14053418,official_emis,exact,unknown
CRI_003178,3701,CRI,EL COCAL,,1,,public,Costa Rica,Provincia Puntarenas,Quepos,Quepos,urban,23,urban,9.43464513,-84.16839513,official_emis,exact,unknown
CRI_003179,3702,CRI,DAMITAS,,1,,public,Costa Rica,Provincia Puntarenas,Parrita,,urban,12,rural,9.51872066,-84.20423538,official_emis,exact,unknown
CRI_003180,3703,CRI,SANTO DOMINGO,,1,,public,Costa Rica,Provincia Puntarenas,Quepos,Savegre,rural,11,rural,9.44088934,-84.01217104,official_emis,exact,unknown
CRI_003181,3704,CRI,SAN MIGUEL,,1,,public,Costa Rica,Provincia Puntarenas,Parrita,,urban,12,rural,9.52939827,-84.21921446,official_emis,exact,unknown
CRI_003182,3705,CRI,BARBUDAL,,1,,public,Costa Rica,Provincia Puntarenas,Parrita,,urban,11,rural,9.51405762,-84.29011739,official_emis,exact,unknown
CRI_003183,3706,CRI,BIJAGUAL SUR,,1,,public,Costa Rica,Provincia Puntarenas,Acosta,Sabanillas,rural,12,rural,9.63671219,-84.29386993,official_emis,exact,unknown
CRI_003184,3707,CRI,EL BAMBU,,1,,public,Costa Rica,Provincia Puntarenas,Parrita,,urban,11,rural,9.62828691,-84.27731519,official_emis,exact,unknown
CRI_003185,3708,CRI,INVU LA GUARIA,,1,,public,Costa Rica,Provincia Puntarenas,Parrita,,urban,22,urban,9.52074036,-84.34006563,official_emis,exact,unknown
CRI_003186,3710,CRI,CERRITOS,,1,,public,Costa Rica,Provincia Puntarenas,Quepos,Quepos,urban,11,rural,9.49457288,-84.14402906,official_emis,exact,unknown
CRI_003187,3711,CRI,CERROS ARRIBA,,1,,public,Costa Rica,Provincia Puntarenas,Quepos,Quepos,urban,11,rural,9.5477003,-84.12881772,official_emis,exact,unknown
CRI_003188,3712,CRI,CERROS,,1,,public,Costa Rica,Provincia Puntarenas,Quepos,Quepos,urban,13,rural,9.50545278,-84.18077122,official_emis,exact,unknown
CRI_003189,3714,CRI,CHIRES,,1,,public,Costa Rica,Provincia Puntarenas,Parrita,,urban,11,rural,9.55767151,-84.42548534,official_emis,exact,unknown
CRI_003190,3715,CRI,BAJAMAR,,1,,public,Costa Rica,Provincia Puntarenas,Garabito,Tárcoles,urban,12,rural,9.83985504,-84.66583102,official_emis,exact,unknown
CRI_003191,3716,CRI,CUARROS,,1,,public,Costa Rica,Provincia Puntarenas,Garabito,Tárcoles,urban,12,rural,9.85233329,-84.63743829,official_emis,exact,unknown
CRI_003192,3717,CRI,LA PALMA,,1,,public,Costa Rica,Provincia Puntarenas,Parrita,,urban,22,urban,9.53448407,-84.37648218,official_emis,exact,unknown
CRI_003193,3718,CRI,EL JICOTE,,1,,public,Costa Rica,Provincia Puntarenas,Parrita,,urban,12,rural,9.55821226,-84.3591436,official_emis,exact,unknown
CRI_003194,3719,CRI,LAS BRISAS,,1,,public,Costa Rica,Provincia Puntarenas,Parrita,,urban,22,urban,9.53478553,-84.39720299,official_emis,exact,unknown
CRI_003195,3720,CRI,ESTERILLOS OESTE,,1,,public,Costa Rica,Provincia Puntarenas,Parrita,,urban,13,rural,9.52783516,-84.50108516,official_emis,exact,unknown
CRI_003196,3721,CRI,EL SUKIA,,1,,public,Costa Rica,Provincia San José,Dota,Santa María,rural,11,rural,9.49074521,-83.97537477,official_emis,exact,unknown
CRI_003197,3722,CRI,PALO SECO,,1,,public,Costa Rica,Provincia Puntarenas,Parrita,,urban,12,rural,9.58237078,-84.2593804,official_emis,exact,unknown
CRI_003198,3723,CRI,HACIENDA JACO,,1,,public,Costa Rica,Provincia Puntarenas,Garabito,Jacó,urban,12,rural,9.63171239,-84.62745282,official_emis,exact,unknown
CRI_003199,3724,CRI,PORTALON,,1,,public,Costa Rica,Provincia Puntarenas,Quepos,Savegre,rural,12,rural,9.35296268,-83.98020555,official_emis,exact,unknown
CRI_003200,3725,CRI,PORTON DE NARANJO,,1,,public,Costa Rica,Provincia Puntarenas,Quepos,Naranjito,rural,13,rural,9.4723211,-84.10377224,official_emis,exact,unknown
CRI_003201,3726,CRI,SANTA MARTA,,1,,public,Costa Rica,Provincia Puntarenas,Quepos,Savegre,rural,12,rural,9.29589747,-83.90136024,official_emis,exact,unknown
CRI_003202,3727,CRI,TARCOLES,,1,,public,Costa Rica,Provincia Puntarenas,Garabito,Tárcoles,urban,13,rural,9.76002508,-84.62497589,official_emis,exact,unknown
CRI_003203,3728,CRI,DOS BOCAS,,1,,public,Costa Rica,Provincia Puntarenas,Quepos,Savegre,rural,11,rural,9.36625327,-83.91680781,official_emis,exact,unknown
CRI_003204,3729,CRI,EL HIGUITO,,1,,public,Costa Rica,Provincia Puntarenas,Parrita,,urban,11,rural,9.5700812,-84.52287088,official_emis,exact,unknown
CRI_003205,3730,CRI,EL PASITO,,1,,public,Costa Rica,Provincia Puntarenas,Quepos,Savegre,rural,11,rural,9.36082201,-84.00560659,official_emis,exact,unknown
CRI_003206,3731,CRI,EL REY,,1,,public,Costa Rica,Provincia San José,Puriscal,Chires,rural,12,rural,9.65717261,-84.30643,official_emis,exact,unknown
CRI_003207,3732,CRI,EL SILENCIO,,1,,public,Costa Rica,Provincia Puntarenas,Quepos,Savegre,rural,12,rural,9.41038665,-84.02873545,official_emis,exact,unknown
CRI_003208,3733,CRI,EL TIGRE,,1,,public,Costa Rica,Provincia Puntarenas,Parrita,,urban,12,rural,9.54579193,-84.33283717,official_emis,exact,unknown
CRI_003209,3734,CRI,ESQUIPULAS,,1,,public,Costa Rica,Provincia San José,Tarrazu,San Lorenzo,rural,11,rural,9.492200659435204,-84.04793289570786,admin_centroid,approximate,unknown
CRI_003210,3735,CRI,ESTERILLOS ANEXA,,1,,public,Costa Rica,Provincia Puntarenas,Parrita,,urban,12,rural,9.52581478,-84.43363779,official_emis,exact,unknown
CRI_003211,3736,CRI,FINCA NICOYA,,1,,public,Costa Rica,Provincia Puntarenas,Parrita,,urban,11,rural,9.55411251,-84.3001582,official_emis,exact,unknown
CRI_003212,3737,CRI,HERRADURA,,1,,public,Costa Rica,Provincia Puntarenas,Garabito,Jacó,urban,22,urban,9.66468319,-84.63626931,official_emis,exact,unknown
CRI_003213,3738,CRI,ISLA PALO SECO,,1,,public,Costa Rica,Provincia Puntarenas,Parrita,,urban,11,rural,9.48747434,-84.30299076,official_emis,exact,unknown
CRI_003214,3739,CRI,CENTRAL DE JACO,,1,,public,Costa Rica,Provincia Puntarenas,Garabito,Jacó,urban,12,rural,9.62770417,-84.62461801,official_emis,exact,unknown
CRI_003215,3740,CRI,JUNTA DE CACAO,,1,,public,Costa Rica,Provincia Puntarenas,Parrita,,urban,12,rural,9.53868808,-84.29834255,official_emis,exact,unknown
CRI_003216,3741,CRI,LA CHIRRACA,,1,,public,Costa Rica,Provincia Puntarenas,Parrita,,urban,11,rural,9.6018417,-84.34395019,official_emis,exact,unknown
CRI_003217,3742,CRI,LA GALLEGA,,1,,public,Costa Rica,Provincia Puntarenas,Quepos,Quepos,rural,11,rural,9.50250354,-84.12579578,official_emis,exact,unknown
CRI_003218,3743,CRI,LA JULIETA,,1,,public,Costa Rica,Provincia Puntarenas,Parrita,,urban,22,urban,9.52208523,-84.32864032,official_emis,exact,unknown
CRI_003219,3744,CRI,LA LOMA,,1,,public,Costa Rica,Provincia Puntarenas,Parrita,,urban,22,urban,9.54042752,-84.38823788,official_emis,exact,unknown
CRI_003220,3746,CRI,LAS MESAS,,1,,public,Costa Rica,Provincia Puntarenas,Parrita,,urban,11,rural,9.60635031,-84.36625984,official_emis,exact,unknown
CRI_003221,3747,CRI,ISLA DAMAS NUMERO N°2,,1,,public,Costa Rica,Provincia Puntarenas,Parrita,,urban,11,rural,9.45305083,-84.19412082,official_emis,exact,unknown
CRI_003222,3748,CRI,LAS VUELTAS,,1,,public,Costa Rica,Provincia Puntarenas,Parrita,,urban,12,rural,9.53451273,-84.27804848,official_emis,exact,unknown
CRI_003223,3749,CRI,LONDRES,,1,,public,Costa Rica,Provincia Puntarenas,Quepos,Naranjito,rural,13,rural,9.46268003,-84.0640023,official_emis,exact,unknown
CRI_003224,3750,CRI,LOS ANGELES,,1,,public,Costa Rica,Provincia Puntarenas,Parrita,,urban,22,urban,9.5259697,-84.35060398,official_emis,exact,unknown
CRI_003225,3751,CRI,MANUEL ANTONIO,,1,,public,Costa Rica,Provincia Puntarenas,Quepos,Quepos,urban,21,peri_urban,9.4102812,-84.15487067,official_emis,exact,unknown
CRI_003226,3752,CRI,FINCA MARITIMA,,1,,public,Costa Rica,Provincia Puntarenas,Quepos,Quepos,urban,11,rural,9.37581403,-84.04310512,official_emis,exact,unknown
CRI_003227,3753,CRI,JUAN BAUTISTA SANTAMARIA,,1,,public,Costa Rica,Provincia Puntarenas,Quepos,Savegre,rural,12,rural,9.33029232,-83.957924,official_emis,exact,unknown
CRI_003228,3754,CRI,PAQUITA,,1,,public,Costa Rica,Provincia Puntarenas,Quepos,Quepos,urban,21,peri_urban,9.46099495,-84.18086603,official_emis,exact,unknown
CRI_003229,3755,CRI,OFICIAL DE PARRITA,,1,,public,Costa Rica,Provincia Puntarenas,Parrita,,urban,12,rural,9.51114449,-84.32477933,official_emis,exact,unknown
CRI_003230,3757,CRI,PIRRIS,,1,,public,Costa Rica,Provincia Puntarenas,Parrita,,urban,11,rural,9.61913158,-84.32454556,official_emis,exact,unknown
CRI_003231,3758,CRI,PLAYA PALMA,,1,,public,Costa Rica,Provincia Puntarenas,Parrita,,urban,12,rural,9.51218198,-84.38224605,official_emis,exact,unknown
CRI_003232,3759,CRI,PLAYA HERMOSA,,1,,public,Costa Rica,Provincia Puntarenas,Garabito,Jacó,urban,12,rural,9.58390079,-84.5918569,official_emis,exact,unknown
CRI_003233,3760,CRI,POCHOTAL,,1,,public,Costa Rica,Provincia Puntarenas,Garabito,Jacó,urban,12,rural,9.57750951,-84.60653491,official_emis,exact,unknown
CRI_003234,3761,CRI,PLAYON SAN ISIDRO,,1,,public,Costa Rica,Provincia Puntarenas,Parrita,,urban,12,rural,9.60348302,-84.31102422,official_emis,exact,unknown
CRI_003235,3762,CRI,PLAYON SUR,,1,,public,Costa Rica,Provincia Puntarenas,Parrita,,urban,12,rural,9.59034253,-84.33265003,official_emis,exact,unknown
CRI_003236,3763,CRI,QUEBRADA AMARILLA,,1,,public,Costa Rica,Provincia Puntarenas,Garabito,Jacó,urban,12,rural,9.57331865,-84.55749434,official_emis,exact,unknown
CRI_003237,3764,CRI,QUEBRADA GANADO,,1,,public,Costa Rica,Provincia Puntarenas,Garabito,Tárcoles,urban,13,rural,9.71800832,-84.6276184,official_emis,exact,unknown
CRI_003238,3765,CRI,REPUBLICA DE COREA,,1,,public,Costa Rica,Provincia Puntarenas,Quepos,Quepos,urban,21,peri_urban,9.42987524,-84.16170048,official_emis,exact,unknown
CRI_003239,3766,CRI,SABALO,,1,,public,Costa Rica,Provincia Puntarenas,Quepos,Naranjito,rural,11,rural,9.43053445,-84.05963593,official_emis,exact,unknown
CRI_003240,3767,CRI,SAN ANTONIO,,1,,public,Costa Rica,Provincia Puntarenas,Parrita,,urban,11,rural,9.53595515,-84.20113988,official_emis,exact,unknown
CRI_003241,3768,CRI,LA VASCONIA,,1,,public,Costa Rica,Provincia Puntarenas,Parrita,,urban,12,rural,9.62719561,-84.31078815,official_emis,exact,unknown
CRI_003242,3769,CRI,SAN JUAN,,1,,public,Costa Rica,Provincia Puntarenas,Parrita,,urban,12,rural,9.60232471,-84.24991414,official_emis,exact,unknown
CRI_003243,3770,CRI,SAN JULIAN,,1,,public,Costa Rica,Provincia Puntarenas,Parrita,,urban,11,rural,9.560060171122815,-84.46182824401554,admin_centroid,approximate,unknown
CRI_003244,3772,CRI,MARIA LUISA DE CASTRO,,1,,public,Costa Rica,Provincia Puntarenas,Quepos,Quepos,urban,23,urban,9.43838488,-84.16536477,official_emis,exact,unknown
CRI_003245,3773,CRI,DAMAS,,1,,public,Costa Rica,Provincia Puntarenas,Quepos,Quepos,urban,13,rural,9.49036496,-84.2095996,official_emis,exact,unknown
CRI_003246,3774,CRI,FINCA LLORONA,,1,,public,Costa Rica,Provincia Puntarenas,Quepos,Quepos,urban,12,rural,9.4045174,-84.07968037,official_emis,exact,unknown
CRI_003247,3775,CRI,FINCA MONA,,1,,public,Costa Rica,Provincia Puntarenas,Quepos,Quepos,urban,12,rural,9.39500608,-84.0697571,official_emis,exact,unknown
CRI_003248,3776,CRI,FINCA POCARES,,1,,public,Costa Rica,Provincia Puntarenas,Parrita,,urban,12,rural,9.52397315,-84.24540972,official_emis,exact,unknown
CRI_003249,3777,CRI,RONCADOR,,1,,public,Costa Rica,Provincia Puntarenas,Quepos,Quepos,urban,12,rural,9.41511163,-84.0958889,official_emis,exact,unknown
CRI_003250,3778,CRI,SARDINAL,,1,,public,Costa Rica,Provincia Puntarenas,Parrita,,urban,12,rural,9.60143187,-84.30246751,official_emis,exact,unknown
CRI_003251,3779,CRI,SARDINAL SUR,,1,,public,Costa Rica,Provincia Puntarenas,Parrita,,urban,12,rural,9.57262286,-84.32412201,official_emis,exact,unknown
CRI_003252,3780,CRI,SAN RAFAEL NORTE,,1,,public,Costa Rica,Provincia Puntarenas,Parrita,,urban,12,rural,9.5562141,-84.22601393,official_emis,exact,unknown
CRI_003253,3781,CRI,VILLA NUEVA,,1,,public,Costa Rica,Provincia Puntarenas,Quepos,Naranjito,rural,13,rural,9.47345032,-84.06915376,official_emis,exact,unknown
CRI_003254,3782,CRI,VISTA DE MAR,,1,,public,Costa Rica,Provincia Puntarenas,Parrita,,urban,11,rural,9.54856899,-84.47827194,official_emis,exact,unknown
CRI_003255,3783,CRI,CAPULIN,,1,,public,Costa Rica,Provincia Puntarenas,Garabito,Tárcoles,urban,12,rural,9.82560825,-84.58653166,official_emis,exact,unknown
CRI_003256,3786,CRI,QUEBRADA ARROYO,,1,,public,Costa Rica,Provincia San José,Tarrazu,San Lorenzo,rural,11,rural,9.45573315,-84.00463428,official_emis,exact,unknown
CRI_003257,3787,CRI,PUEBLO NUEVO,,1,,public,Costa Rica,Provincia Puntarenas,Garabito,Jacó,urban,12,rural,9.6543679,-84.6196671,official_emis,exact,unknown
CRI_003258,3788,CRI,FINCA ANITA,,1,,public,Costa Rica,Provincia Puntarenas,Quepos,Quepos,urban,11,rural,9.46033709,-84.1585512,official_emis,exact,unknown
CRI_003259,3789,CRI,SAN CRISTOBAL,,1,,public,Costa Rica,Provincia Puntarenas,Quepos,Savegre,rural,11,rural,9.40930536,-84.01771769,official_emis,exact,unknown
CRI_003260,3790,CRI,SAN ANDRES,,1,,public,Costa Rica,Provincia Puntarenas,Quepos,Savegre,rural,11,rural,9.33195168,-83.94164326,official_emis,exact,unknown
CRI_003261,3791,CRI,EL NEGRO,,1,,public,Costa Rica,Provincia Puntarenas,Quepos,Naranjito,rural,11,rural,9.42210811,-84.0684335,official_emis,exact,unknown
CRI_003262,3793,CRI,SAN PABLO,,1,,public,Costa Rica,Provincia Guanacaste,La Cruz,Santa Cecilia,rural,11,rural,11.09675907,-85.32836795,official_emis,exact,unknown
CRI_003263,3794,CRI,PORFIRIO RUIZ NAVARRO,,1,,public,Costa Rica,Provincia Alajuela,Upala,Aguas Claras,rural,12,rural,10.80483595,-85.18008179,official_emis,exact,unknown
CRI_003264,3795,CRI,LOS JAZMINES,,1,,public,Costa Rica,Provincia Alajuela,Upala,Upala,rural,12,rural,10.81887553,-84.93542114,official_emis,exact,unknown
CRI_003265,3796,CRI,LOS PALMARES,,1,,public,Costa Rica,Provincia Guanacaste,La Cruz,Santa Cecilia,rural,11,rural,11.06884911,-85.36290202,official_emis,exact,unknown
CRI_003266,3797,CRI,EL CRUCE,,1,,public,Costa Rica,Provincia Alajuela,Guatuso,Buenavista,rural,11,rural,10.7960506,-84.85596123,official_emis,exact,unknown
CRI_003267,3798,CRI,PORFIRIO CAMPOS MUÑOZ,,1,,public,Costa Rica,Provincia Alajuela,Upala,Upala,rural,11,rural,10.81863203,-84.91121984,official_emis,exact,unknown
CRI_003268,3799,CRI,LA RESERVA,,1,,public,Costa Rica,Provincia Alajuela,Upala,Bijagua,rural,11,rural,10.78675325,-85.04520753,official_emis,exact,unknown
CRI_003269,3801,CRI,EL VALLE,,1,,public,Costa Rica,Provincia Alajuela,Guatuso,Katira,rural,12,rural,10.77457259,-84.90770942,official_emis,exact,unknown
CRI_003270,3802,CRI,TUJANKIR # 1,,1,,public,Costa Rica,Provincia Alajuela,Guatuso,Katira,rural,12,rural,10.76634737,-84.89035898,official_emis,exact,unknown
CRI_003271,3803,CRI,LAS LETRAS,,1,,public,Costa Rica,Provincia Alajuela,Guatuso,Katira,rural,12,rural,10.78977913,-84.91218979,official_emis,exact,unknown
CRI_003272,3804,CRI,LOS ANGELES,,1,,public,Costa Rica,Provincia Guanacaste,La Cruz,Santa Cecilia,rural,11,rural,11.09046299,-85.30155537,official_emis,exact,unknown
CRI_003273,3805,CRI,VALLE VERDE,,1,,public,Costa Rica,Provincia Alajuela,Upala,Aguas Claras,rural,11,rural,10.8314734,-85.2446793,official_emis,exact,unknown
CRI_003274,3806,CRI,LOS LEDEZMA,,1,,public,Costa Rica,Provincia Alajuela,Upala,San José,rural,12,rural,11.04428774,-85.24570666,official_emis,exact,unknown
CRI_003275,3807,CRI,TUJANKIR # 2,,1,,public,Costa Rica,Provincia Alajuela,Guatuso,Buenavista,rural,11,rural,10.77414509,-84.87074414,official_emis,exact,unknown
CRI_003276,3808,CRI,EL PARAISO,,1,,public,Costa Rica,Provincia Alajuela,Upala,Dos Ríos,rural,12,rural,11.00254322,-85.2972889,official_emis,exact,unknown
CRI_003277,3809,CRI,BETANIA,,1,,public,Costa Rica,Provincia Alajuela,Upala,San José,rural,11,rural,10.87562572,-85.09476023,official_emis,exact,unknown
CRI_003278,3810,CRI,BELLA VISTA,,1,,public,Costa Rica,Provincia Guanacaste,La Cruz,Santa Cecilia,rural,11,rural,11.09146372,-85.35303961,official_emis,exact,unknown
CRI_003279,3811,CRI,COSTA ANA,,1,,public,Costa Rica,Provincia Alajuela,Guatuso,Buenavista,rural,12,rural,10.78011436,-84.82683343,official_emis,exact,unknown
CRI_003280,3812,CRI,LIDER DE BIJAGUA,,1,,public,Costa Rica,Provincia Alajuela,Upala,Bijagua,rural,13,rural,10.73206734,-85.05762797,official_emis,exact,unknown
CRI_003281,3813,CRI,BIRMANIA,,1,,public,Costa Rica,Provincia Alajuela,Upala,San José,rural,12,rural,10.98185704,-85.27050726,official_emis,exact,unknown
CRI_003282,3814,CRI,I.D.A. EL GAVILAN,,1,,public,Costa Rica,Provincia Alajuela,Upala,Dos Ríos,rural,12,rural,10.89619441,-85.3402638,official_emis,exact,unknown
CRI_003283,3815,CRI,EL ENCANTO,,1,,public,Costa Rica,Provincia Alajuela,Upala,Dos Ríos,rural,12,rural,10.96378186,-85.35903599,official_emis,exact,unknown
CRI_003284,3816,CRI,LA PALMERA,,1,,public,Costa Rica,Provincia Alajuela,Guatuso,Katira,rural,12,rural,10.75329992,-84.9406784,official_emis,exact,unknown
CRI_003285,3817,CRI,ARGENDORA,,1,,public,Costa Rica,Provincia Alajuela,La Cruz,Santa Cecilia,rural,12,rural,11.01983436,-85.35995741,official_emis,exact,unknown
CRI_003286,3818,CRI,BRASILIA,,1,,public,Costa Rica,Provincia Alajuela,Upala,Dos Ríos,rural,12,rural,11.0105585,-85.35003689,official_emis,exact,unknown
CRI_003287,3820,CRI,PUEBLO NUEVO,,1,,public,Costa Rica,Provincia Alajuela,Upala,San José,rural,12,rural,10.97427137,-85.12645398,official_emis,exact,unknown
CRI_003288,3821,CRI,CAÑO BLANCO,,1,,public,Costa Rica,Provincia Alajuela,Upala,San José,rural,11,rural,10.93969701,-85.18216074,official_emis,exact,unknown
CRI_003289,3822,CRI,CAÑO RITO,,1,,public,Costa Rica,Provincia Alajuela,Upala,Yolillal,rural,12,rural,10.8693194,-84.89128962,official_emis,exact,unknown
CRI_003290,3823,CRI,BUENOS AIRES,,1,,public,Costa Rica,Provincia Alajuela,Upala,Aguas Claras,rural,11,rural,10.89477445,-85.31292037,official_emis,exact,unknown
CRI_003291,3824,CRI,LLANO BONITO #1,,1,,public,Costa Rica,Provincia Alajuela,Guatuso,Buenavista,rural,12,rural,10.71378575,-84.88355433,official_emis,exact,unknown
CRI_003292,3825,CRI,LAS BRISAS,,1,,public,Costa Rica,Provincia Guanacaste,La Cruz,La Cruz,rural,12,rural,11.166153378352986,-85.56675799490684,admin_centroid,approximate,unknown
CRI_003293,3826,CRI,COLONIA BLANCA,,1,,public,Costa Rica,Provincia Alajuela,Upala,Aguas Claras,rural,11,rural,10.81377958,-85.23554613,official_emis,exact,unknown
CRI_003294,3827,CRI,LINDA VISTA,,1,,public,Costa Rica,Provincia Alajuela,Upala,San José,rural,11,rural,11.00434847,-85.21651581,official_emis,exact,unknown
CRI_003295,3828,CRI,SOR MARIA ROMERO MENESES,,1,,public,Costa Rica,Provincia Alajuela,Upala,Canalete,rural,13,rural,10.83678469,-85.04091935,official_emis,exact,unknown
CRI_003296,3829,CRI,EL DELIRIO,,1,,public,Costa Rica,Provincia Alajuela,Upala,San José,rural,12,rural,11.02318615,-85.21544526,official_emis,exact,unknown
CRI_003297,3831,CRI,I.D.A. SAN LUIS,,1,,public,Costa Rica,Provincia Alajuela,Upala,Dos Ríos,rural,12,rural,10.93048244,-85.34060168,official_emis,exact,unknown
CRI_003298,3832,CRI,EL PROGRESO,,1,,public,Costa Rica,Provincia Alajuela,Upala,Canalete,rural,12,rural,10.83898567,-85.02205669,official_emis,exact,unknown
CRI_003299,3833,CRI,LAS GARZAS,,1,,public,Costa Rica,Provincia Alajuela,Upala,Upala,rural,12,rural,10.85223196,-84.95111296,official_emis,exact,unknown
CRI_003300,3834,CRI,CHIMURRIA,,1,,public,Costa Rica,Provincia Alajuela,Upala,Yolillal,rural,12,rural,10.87659614,-84.98138908,official_emis,exact,unknown
CRI_003301,3835,CRI,COLONIA PUNTARENAS,,1,,public,Costa Rica,Provincia Alajuela,Upala,Upala,rural,12,rural,10.83267565,-84.96355199,official_emis,exact,unknown
CRI_003302,3836,CRI,COLONIA LA LIBERTAD,,1,,public,Costa Rica,Provincia Alajuela,Upala,Aguas Claras,rural,11,rural,10.86345557,-85.24455101,official_emis,exact,unknown
CRI_003303,3837,CRI,LOS INGENIEROS,,1,,public,Costa Rica,Provincia Alajuela,Upala,Upala,rural,12,rural,10.88379401,-85.02255687,official_emis,exact,unknown
CRI_003304,3838,CRI,LOS TIJOS,,1,,public,Costa Rica,Provincia Alajuela,Upala,Upala,rural,11,rural,10.83912556,-84.93361827,official_emis,exact,unknown
CRI_003305,3839,CRI,NAHUATL,,1,,public,Costa Rica,Provincia Alajuela,Upala,Upala,rural,23,urban,10.90058716,-85.00564364,official_emis,exact,unknown
CRI_003306,3840,CRI,CUATRO BOCAS,,1,,public,Costa Rica,Provincia Alajuela,Upala,Aguas Claras,rural,12,rural,10.90994835,-85.19121735,official_emis,exact,unknown
CRI_003307,3841,CRI,LA KATIRA,,1,,public,Costa Rica,Provincia Alajuela,Guatuso,Katira,rural,13,rural,10.74103336,-84.91431116,official_emis,exact,unknown
CRI_003308,3842,CRI,SAN MARCOS,,1,,public,Costa Rica,Provincia Alajuela,Upala,Aguas Claras,rural,11,rural,10.85984435,-85.14915791,official_emis,exact,unknown
CRI_003309,3843,CRI,DOS RIOS,,1,,public,Costa Rica,Provincia Alajuela,Upala,Dos Ríos,rural,12,rural,10.8951687,-85.38241036,official_emis,exact,unknown
CRI_003310,3844,CRI,EL HIGUERON,,1,,public,Costa Rica,Provincia Alajuela,Upala,Bijagua,rural,12,rural,10.80662607,-85.04609717,official_emis,exact,unknown
CRI_003311,3845,CRI,EL CARMEN # 1,,1,,public,Costa Rica,Provincia Alajuela,Upala,Yolillal,rural,12,rural,10.91018088,-84.9471672,official_emis,exact,unknown
CRI_003312,3846,CRI,EL CARMEN,,1,,public,Costa Rica,Provincia Alajuela,Upala,Aguas Claras,rural,12,rural,10.76079466,-85.19337633,official_emis,exact,unknown
CRI_003313,3847,CRI,EL PORVENIR,,1,,public,Costa Rica,Provincia Alajuela,Upala,Aguas Claras,rural,12,rural,10.92545696,-85.23660875,official_emis,exact,unknown
CRI_003314,3848,CRI,EL ROSARIO,,1,,public,Costa Rica,Provincia Alajuela,Upala,Canalete,rural,12,rural,10.87316748,-85.03575943,official_emis,exact,unknown
CRI_003315,3849,CRI,EL SALTO,,1,,public,Costa Rica,Provincia Alajuela,Upala,Bijagua,rural,12,rural,10.78089319,-85.01464281,official_emis,exact,unknown
CRI_003316,3850,CRI,BUENA VISTA,,1,,public,Costa Rica,Provincia Alajuela,Upala,Canalete,rural,12,rural,10.81351333,-85.02237738,official_emis,exact,unknown
CRI_003317,3851,CRI,FATIMA,,1,,public,Costa Rica,Provincia Alajuela,Upala,San José,rural,12,rural,10.98520179,-85.18864925,official_emis,exact,unknown
CRI_003318,3852,CRI,EL FOSFORO,,1,,public,Costa Rica,Provincia Alajuela,Upala,Upala,rural,12,rural,10.92357837,-85.02465274,official_emis,exact,unknown
CRI_003319,3853,CRI,GUAYABITO,,1,,public,Costa Rica,Provincia Alajuela,Guatuso,Buenavista,rural,11,rural,10.72504647,-84.85199398,official_emis,exact,unknown
CRI_003320,3854,CRI,LLANO BONITO #2,,1,,public,Costa Rica,Provincia Alajuela,Guatuso,Buenavista,rural,12,rural,10.7235348,-84.89863378,official_emis,exact,unknown
CRI_003321,3855,CRI,JESUS DE POPOYOAPA,,1,,public,Costa Rica,Provincia Alajuela,Upala,San José,rural,12,rural,10.96231427,-85.16779654,official_emis,exact,unknown
CRI_003322,3856,CRI,LA MARAVILLA,,1,,public,Costa Rica,Provincia Alajuela,Upala,Yolillal,rural,12,rural,10.85912743,-84.96384341,official_emis,exact,unknown
CRI_003323,3857,CRI,LA CRUZ,,1,,public,Costa Rica,Provincia Alajuela,Upala,Delicias,rural,11,rural,10.96392188,-85.01378143,official_emis,exact,unknown
CRI_003324,3858,CRI,LA ESPERANZA,,1,,public,Costa Rica,Provincia Alajuela,Upala,Yolillal,rural,12,rural,10.90658222,-84.98015796,official_emis,exact,unknown
CRI_003325,3859,CRI,MONSEÑOR BERNARDO AUGUSTO THIEL,,1,,public,Costa Rica,Provincia Alajuela,Guatuso,San Rafael,rural,12,rural,10.69578608,-84.89403485,official_emis,exact,unknown
CRI_003326,3861,CRI,LA VERBENA,,1,,public,Costa Rica,Provincia Alajuela,Upala,Upala,rural,12,rural,10.8733824,-85.01639574,official_emis,exact,unknown
CRI_003327,3862,CRI,LA VICTORIA,,1,,public,Costa Rica,Provincia Alajuela,Upala,San José,rural,12,rural,10.99855125,-85.11646708,official_emis,exact,unknown
CRI_003328,3863,CRI,LAS ARMENIAS,,1,,public,Costa Rica,Provincia Alajuela,Upala,Canalete,rural,12,rural,10.81851282,-85.12363019,official_emis,exact,unknown
CRI_003329,3864,CRI,LAS DELICIAS,,1,,public,Costa Rica,Provincia Alajuela,Upala,Delicias,rural,12,rural,10.9552054,-85.03106353,official_emis,exact,unknown
CRI_003330,3865,CRI,LAS FLORES,,1,,public,Costa Rica,Provincia Alajuela,Upala,Bijagua,rural,12,rural,10.76061007,-85.02588418,official_emis,exact,unknown
CRI_003331,3866,CRI,LAS MILPAS,,1,,public,Costa Rica,Provincia Alajuela,Upala,Canalete,rural,12,rural,10.85741562,-85.10325047,official_emis,exact,unknown
CRI_003332,3867,CRI,LOS CARTAGOS,,1,,public,Costa Rica,Provincia Alajuela,Upala,San José,rural,12,rural,10.90702521,-85.164273,official_emis,exact,unknown
CRI_003333,3868,CRI,RAFAEL ANGEL SANCHEZ ARRIETA,,1,,public,Costa Rica,Provincia Alajuela,Upala,Delicias,rural,12,rural,10.99767627,-85.0643834,official_emis,exact,unknown
CRI_003334,3869,CRI,CUATRO CRUCES,,1,,public,Costa Rica,Provincia Alajuela,Upala,Canalete,rural,12,rural,10.83483759,-84.99808597,official_emis,exact,unknown
CRI_003335,3870,CRI,MIRAMAR,,1,,public,Costa Rica,Provincia Alajuela,Upala,Canalete,rural,12,rural,10.87420965,-85.07211301,official_emis,exact,unknown
CRI_003336,3871,CRI,MONICO,,1,,public,Costa Rica,Provincia Alajuela,Guatuso,Buenavista,rural,12,rural,10.80903492,-84.8477636,official_emis,exact,unknown
CRI_003337,3872,CRI,DR. RICARDO MORENO CAÑAS,,1,,public,Costa Rica,Provincia Alajuela,Upala,Upala,rural,12,rural,10.8988366,-85.08489412,official_emis,exact,unknown
CRI_003338,3873,CRI,NAZARETH,,1,,public,Costa Rica,Provincia Alajuela,Upala,Yolillal,rural,12,rural,10.95222785,-84.9880518,official_emis,exact,unknown
CRI_003339,3874,CRI,LOS CARTAGOS SUR,,1,,public,Costa Rica,Provincia Alajuela,Upala,San José,rural,11,rural,10.89283192,-85.14244396,official_emis,exact,unknown
CRI_003340,3875,CRI,EL CARMEN # 2,,1,,public,Costa Rica,Provincia Alajuela,Upala,Upala,rural,12,rural,10.92274058,-84.99928013,official_emis,exact,unknown
CRI_003341,3876,CRI,LAS PAVAS,,1,,public,Costa Rica,Provincia Alajuela,Upala,Delicias,rural,12,rural,10.96898583,-85.06071658,official_emis,exact,unknown
CRI_003342,3877,CRI,GUACALITO,,1,,public,Costa Rica,Provincia Alajuela,Upala,Canalete,rural,11,rural,10.81277246,-85.10955081,official_emis,exact,unknown
CRI_003343,3878,CRI,EL RECREO,,1,,public,Costa Rica,Provincia Alajuela,Upala,Upala,rural,12,rural,10.84029794,-84.97808238,official_emis,exact,unknown
CRI_003344,3879,CRI,LOS LAURELES,,1,,public,Costa Rica,Provincia Alajuela,Upala,Dos Ríos,rural,12,rural,10.98913587,-85.29972345,official_emis,exact,unknown
CRI_003345,3880,CRI,PUEBLO NUEVO,,1,,public,Costa Rica,Provincia Alajuela,Upala,Bijagua,rural,11,rural,10.78812326,-85.06220321,official_emis,exact,unknown
CRI_003346,3881,CRI,QUEBRADA GRANDE,,1,,public,Costa Rica,Provincia Alajuela,Upala,Yolillal,rural,12,rural,10.89201687,-84.95368532,official_emis,exact,unknown
CRI_003347,3882,CRI,QUEBRADON,,1,,public,Costa Rica,Provincia Alajuela,Upala,Delicias,rural,12,rural,10.92509407,-85.05696659,official_emis,exact,unknown
CRI_003348,3883,CRI,JUNTAS DE CAOBA,,1,,public,Costa Rica,Provincia Guanacaste,La Cruz,Santa Cecilia,rural,12,rural,11.07537492,-85.31555451,official_emis,exact,unknown
CRI_003349,3884,CRI,CAMPO VERDE,,1,,public,Costa Rica,Provincia Alajuela,Upala,Yolillal,rural,12,rural,10.8377355,-84.89438619,official_emis,exact,unknown
CRI_003350,3885,CRI,LOS CEIBOS,,1,,public,Costa Rica,Provincia Alajuela,Guatuso,Katira,rural,12,rural,10.79176262,-84.88319982,official_emis,exact,unknown
CRI_003351,3886,CRI,LA FLORIDA,,1,,public,Costa Rica,Provincia Alajuela,Guatuso,Katira,rural,12,rural,10.72460111,-84.94038092,official_emis,exact,unknown
CRI_003352,3887,CRI,SAN ANTONIO,,1,,public,Costa Rica,Provincia Alajuela,Upala,Aguas Claras,rural,12,rural,10.78419694,-85.17674642,official_emis,exact,unknown
CRI_003353,3888,CRI,SAN CRISTOBAL,,1,,public,Costa Rica,Provincia Alajuela,Upala,Canalete,rural,11,rural,10.7929318,-85.09731696,official_emis,exact,unknown
CRI_003354,3889,CRI,I.D.A. SAN JOSE,,1,,public,Costa Rica,Provincia Alajuela,Upala,San José,rural,11,rural,10.93663908,-85.14319956,official_emis,exact,unknown
CRI_003355,3890,CRI,SAN RAFAEL,,1,,public,Costa Rica,Provincia Guanacaste,La Cruz,Santa Cecilia,rural,11,rural,11.02646085,-85.27095441,official_emis,exact,unknown
CRI_003356,3892,CRI,SAN ISIDRO,,1,,public,Costa Rica,Provincia Alajuela,Upala,Yolillal,rural,12,rural,10.92370644,-84.96656981,official_emis,exact,unknown
CRI_003357,3893,CRI,RIO NEGRO,,1,,public,Costa Rica,Provincia Alajuela,Upala,Aguas Claras,rural,11,rural,10.81483925,-85.20316387,official_emis,exact,unknown
CRI_003358,3894,CRI,SAN JORGE,,1,,public,Costa Rica,Provincia Alajuela,Upala,Yolillal,rural,12,rural,10.87639591,-84.91393112,official_emis,exact,unknown
CRI_003359,3895,CRI,SAN JOSE,,1,,public,Costa Rica,Provincia Alajuela,Upala,San José,rural,12,rural,10.95555308,-85.1313512,official_emis,exact,unknown
CRI_003360,3896,CRI,PARCELAS DE PARIS,,1,,public,Costa Rica,Provincia Alajuela,Upala,San José,rural,11,rural,11.00923511,-85.14915264,official_emis,exact,unknown
CRI_003361,3897,CRI,SAN MIGUEL,,1,,public,Costa Rica,Provincia Alajuela,Upala,Bijagua,rural,11,rural,10.75058429,-85.00401303,official_emis,exact,unknown
CRI_003362,3898,CRI,I.D.A. LA JABALINA,,1,,public,Costa Rica,Provincia Alajuela,Upala,Dos Ríos,rural,11,rural,10.96621498,-85.33153305,official_emis,exact,unknown
CRI_003363,3899,CRI,SAN RAMON,,1,,public,Costa Rica,Provincia Alajuela,Upala,Delicias,rural,12,rural,10.99735457,-85.09588886,official_emis,exact,unknown
CRI_003364,3900,CRI,SANTA CLARA,,1,,public,Costa Rica,Provincia Alajuela,Upala,Delicias,rural,12,rural,10.92894019,-85.08780028,official_emis,exact,unknown
CRI_003365,3901,CRI,SUAMPITO,,1,,public,Costa Rica,Provincia Alajuela,Upala,San José,rural,11,rural,10.95670919,-85.20981627,official_emis,exact,unknown
CRI_003366,3902,CRI,SANTA ROSA,,1,,public,Costa Rica,Provincia Alajuela,Upala,Upala,rural,12,rural,10.79611868,-84.97708571,official_emis,exact,unknown
CRI_003367,3903,CRI,SANTO DOMINGO,,1,,public,Costa Rica,Provincia Alajuela,Upala,Bijagua,rural,12,rural,10.75094883,-84.96504554,official_emis,exact,unknown
CRI_003368,3904,CRI,SAN ANTONIO,,1,,public,Costa Rica,Provincia Alajuela,Upala,Yolillal,rural,12,rural,10.9446914,-84.96566762,official_emis,exact,unknown
CRI_003369,3905,CRI,SAN ISIDRO,,1,,public,Costa Rica,Provincia Alajuela,Upala,Aguas Claras,rural,12,rural,10.82301835,-85.16970278,official_emis,exact,unknown
CRI_003370,3906,CRI,SAN JOSE,,1,,public,Costa Rica,Provincia Alajuela,Guatuso,Buenavista,rural,12,rural,10.74295183,-84.83181191,official_emis,exact,unknown
CRI_003371,3907,CRI,SANTA LUCIA,,1,,public,Costa Rica,Provincia Alajuela,Upala,San José,rural,11,rural,10.9234648,-85.12672095,official_emis,exact,unknown
CRI_003372,3908,CRI,TEODORO PICADO MICHALSKY,,1,,public,Costa Rica,Provincia Alajuela,Upala,Upala,rural,23,urban,10.89847624,-85.01554103,official_emis,exact,unknown
CRI_003373,3909,CRI,EL JARDIN,,1,,public,Costa Rica,Provincia Alajuela,Upala,Bijagua,rural,11,rural,10.74212361,-85.06446857,official_emis,exact,unknown
CRI_003374,3910,CRI,VILLA HERMOSA,,1,,public,Costa Rica,Provincia Alajuela,Upala,San José,rural,12,rural,10.99854758,-85.14233789,official_emis,exact,unknown
CRI_003375,3911,CRI,VILLA NUEVA,,1,,public,Costa Rica,Provincia Alajuela,Upala,San José,rural,12,rural,11.00795637,-85.20168489,official_emis,exact,unknown
CRI_003376,3912,CRI,ZAPOTE,,1,,public,Costa Rica,Provincia Alajuela,Upala,Bijagua,rural,11,rural,10.75570922,-85.07281674,official_emis,exact,unknown
CRI_003377,3913,CRI,SAN PEDRO,,1,,public,Costa Rica,Provincia Alajuela,Upala,San José,rural,11,rural,10.9238647,-85.16804748,official_emis,exact,unknown
CRI_003378,3914,CRI,PIZOTILLO,,1,,public,Costa Rica,Provincia Alajuela,Upala,San José,rural,11,rural,10.9043354,-85.09876917,official_emis,exact,unknown
CRI_003379,3915,CRI,THIALES,,1,,public,Costa Rica,Provincia Alajuela,Guatuso,Buenavista,rural,12,rural,10.75085045,-84.86258982,official_emis,exact,unknown
CRI_003380,3916,CRI,LOS ANGELES,,1,,public,Costa Rica,Provincia Alajuela,Upala,Aguas Claras,rural,12,rural,10.88740949,-85.1753476,official_emis,exact,unknown
CRI_003381,3917,CRI,LLANO AZUL,,1,,public,Costa Rica,Provincia Alajuela,Upala,Upala,rural,12,rural,10.84993389,-85.00156847,official_emis,exact,unknown
CRI_003382,3918,CRI,SAN FERNANDO,,1,,public,Costa Rica,Provincia Alajuela,Upala,Upala,rural,12,rural,10.9092084,-85.04325948,official_emis,exact,unknown
CRI_003383,3919,CRI,SAN LUIS,,1,,public,Costa Rica,Provincia Alajuela,Upala,Upala,rural,12,rural,10.78343675,-84.93957571,official_emis,exact,unknown
CRI_003384,3921,CRI,SAN GABRIEL,,1,,public,Costa Rica,Provincia Alajuela,Upala,Yolillal,rural,12,rural,10.85156874,-84.92568918,official_emis,exact,unknown
CRI_003385,3922,CRI,SANTA CECILIA,,1,,public,Costa Rica,Provincia Alajuela,Upala,Upala,rural,12,rural,10.88014867,-85.05352225,official_emis,exact,unknown
CRI_003386,3923,CRI,BELICE,,1,,public,Costa Rica,Provincia Guanacaste,La Cruz,Santa Cecilia,rural,12,rural,11.05530063,-85.27749388,official_emis,exact,unknown
CRI_003387,3924,CRI,LA UNION,,1,,public,Costa Rica,Provincia Alajuela,Upala,San José,rural,13,rural,10.96468184,-85.13759564,official_emis,exact,unknown
CRI_003388,3925,CRI,LA CABAÑA,,1,,public,Costa Rica,Provincia Alajuela,Guatuso,Buenavista,rural,12,rural,10.73950232,-84.88581161,official_emis,exact,unknown
CRI_003389,3926,CRI,EL PROGRESO,,1,,public,Costa Rica,Provincia Alajuela,Upala,San José,rural,12,rural,10.98621399,-85.23768235,official_emis,exact,unknown
CRI_003390,3927,CRI,LA AMERICA,,1,,public,Costa Rica,Provincia Alajuela,Upala,Dos Ríos,rural,12,rural,11.00724526,-85.31389406,official_emis,exact,unknown
CRI_003391,3929,CRI,SAN BOSCO,,1,,public,Costa Rica,Provincia Alajuela,Upala,San José,rural,11,rural,11.01844649,-85.25200245,official_emis,exact,unknown
CRI_003392,3931,CRI,PIEDRAS AZULES,,1,,public,Costa Rica,Provincia Guanacaste,La Cruz,Santa Cecilia,rural,12,rural,11.05337808,-85.31873217,official_emis,exact,unknown
CRI_003393,3934,CRI,CASA MAIN (NIÑOS EN RIESGO),,1,,public,Costa Rica,Provincia Heredia,Flores,Barrantes,urban,30,urban,10.014685743694766,-84.14904531364422,admin_centroid,approximate,unknown
CRI_003394,3938,CRI,COLEGIO SUPERIOR DE SEÑORITAS,,2|3,,public,Costa Rica,Provincia San José,San Jose,Catedral,urban,30,urban,9.93165454,-84.07729674,official_emis,exact,unknown
CRI_003395,3939,CRI,LICEO ANASTASIO ALFARO,,2|3,,public,Costa Rica,Provincia San José,Montes de Oca,,urban,30,urban,9.93986054,-84.05702708,official_emis,exact,unknown
CRI_003396,3940,CRI,LICEO DE COSTA RICA,,2|3,,public,Costa Rica,Provincia San José,San Jose,Catedral,urban,30,urban,9.92535848,-84.07603388,official_emis,exact,unknown
CRI_003397,3941,CRI,LICEO DE SAN JOSE,,2|3,,public,Costa Rica,Provincia San José,San Jose,Merced,urban,30,urban,9.94316136,-84.0911065,official_emis,exact,unknown
CRI_003398,3942,CRI,LICEO DEL SUR,,2|3,,public,Costa Rica,Provincia San José,San Jose,Hospital,urban,30,urban,9.92423974,-84.08729908,official_emis,exact,unknown
CRI_003399,3943,CRI,LICEO LUIS DOBLES SEGREDA,,2|3,,public,Costa Rica,Provincia San José,San Jose,Mata Redonda,urban,30,urban,9.93464271,-84.09881554,official_emis,exact,unknown
CRI_003400,3944,CRI,LICEO JOSE JOAQUIN VARGAS CALVO,,2|3,,public,Costa Rica,Provincia San José,Montes de Oca,San Pedro,urban,30,urban,9.93366375,-84.04889079,official_emis,exact,unknown
CRI_003401,3945,CRI,LICEO NAPOLEON QUESADA SALAZAR,,2|3,,public,Costa Rica,Provincia San José,Goicoechea,Guadalupe,urban,30,urban,9.94350864,-84.06152287,official_emis,exact,unknown
CRI_003402,3946,CRI,LICEO MAURO FERNANDEZ ACUÑA,,2|3,,public,Costa Rica,Provincia San José,Tibas,San Juan,urban,30,urban,9.95754211,-84.08078931,official_emis,exact,unknown
CRI_003403,3947,CRI,LICEO RODRIGO FACIO BRENES,,2|3,,public,Costa Rica,Provincia San José,San Jose,Zapote,urban,30,urban,9.9209994,-84.05455464,official_emis,exact,unknown
CRI_003404,3948,CRI,LICEO ROBERTO BRENES MESEN,,2|3,,public,Costa Rica,Provincia San José,San Jose,Hatillo,urban,30,urban,9.92195334,-84.10373486,official_emis,exact,unknown
CRI_003405,3949,CRI,LICEO DE MORAVIA,,2|3,,public,Costa Rica,Provincia San José,Moravia,San Vicente,urban,30,urban,9.96634333,-84.04644431,official_emis,exact,unknown
CRI_003406,3950,CRI,LICEO DR. JOSE MARIA CASTRO MADRIZ,,2|3,,public,Costa Rica,Provincia San José,San Jose,Zapote,urban,30,urban,9.91860969,-84.06883458,official_emis,exact,unknown
CRI_003407,3951,CRI,LICEO FRANCO COSTARRICENSE,,2|3,,public,Costa Rica,Provincia San José,Curridabat,Sánchez,urban,30,urban,9.9284861,-84.00530998,official_emis,exact,unknown
CRI_003408,3952,CRI,LICEO DE ESCAZU,,2|3,,public,Costa Rica,Provincia San José,Escazu,San Antonio,urban,30,urban,9.91442073,-84.13802877,official_emis,exact,unknown
CRI_003409,3953,CRI,LICEO DE CORONADO,,2|3,,public,Costa Rica,Provincia San José,Vazquez de Coronado,San Isidro,urban,30,urban,9.97059879,-84.00904034,official_emis,exact,unknown
CRI_003410,3955,CRI,LICEO SALVADOR UMAÑA CASTRO,,2|3,,public,Costa Rica,Provincia San José,Goicoechea,Ipís,urban,30,urban,9.96498956,-84.02079049,official_emis,exact,unknown
CRI_003411,3956,CRI,LICEO EDGAR CERVANTES VILLALTA,,2|3,,public,Costa Rica,Provincia San José,San Jose,Hatillo,urban,30,urban,9.92003203,-84.09932397,official_emis,exact,unknown
CRI_003412,3957,CRI,UNIDAD PEDAGOGICA COLEGIO REPUBLICA DE M,,2|3,,public,Costa Rica,Provincia San José,San Jose,Carmen,urban,30,urban,9.93968814,-84.06658044,official_emis,exact,unknown
CRI_003413,3958,CRI,LICEO LABORATORIO EMMA GAMBOA UCR,,2|3,,public,Costa Rica,Provincia San José,Moravia,San Vicente,urban,30,urban,9.96429165,-84.05419984,official_emis,exact,unknown
CRI_003414,3959,CRI,LICEO SANTA ANA,,2|3,,public,Costa Rica,Provincia San José,Santa Ana,Uruca,urban,30,urban,9.9329655,-84.19190907,official_emis,exact,unknown
CRI_003415,3960,CRI,LICEO DE CURRIDABAT,,2|3,,public,Costa Rica,Provincia San José,Curridabat,Curridabat,urban,30,urban,9.90936114,-84.03230445,official_emis,exact,unknown
CRI_003416,3961,CRI,LICEO ALAJUELITA,,2|3,,public,Costa Rica,Provincia San José,Alajuelita,San Josecito,urban,30,urban,9.89700247,-84.10699815,official_emis,exact,unknown
CRI_003417,3962,CRI,COLEGIO CEDROS,,2|3,,public,Costa Rica,Provincia San José,Montes de Oca,Sabanilla,urban,30,urban,9.94237268,-84.02726083,official_emis,exact,unknown
CRI_003418,3964,CRI,LICEO JULIO FONSECA GUTIERREZ,,2|3,,public,Costa Rica,Provincia San José,San Jose,Uruca,urban,30,urban,9.95568879,-84.10016819,official_emis,exact,unknown
CRI_003419,3968,CRI,LICEO PAVAS,,2|3,,public,Costa Rica,Provincia San José,San Jose,Pavas,urban,30,urban,9.94876062,-84.13937668,official_emis,exact,unknown
CRI_003420,3973,CRI,EXPERIMENTAL BILINGÜE LA TRINIDAD,,2|3,,public,Costa Rica,Provincia San José,Moravia,La Trinidad,urban,30,urban,9.98589478,-84.02565108,official_emis,exact,unknown
CRI_003421,3977,CRI,LICEO SAN ANTONIO,,2|3,,public,Costa Rica,Provincia San José,Vazquez de Coronado,Patalillo,urban,30,urban,9.97159263,-84.0201022,official_emis,exact,unknown
CRI_003422,3978,CRI,COLEGIO RINCON GRANDE,,2|3,,public,Costa Rica,Provincia San José,San Jose,Pavas,urban,30,urban,9.95746697,-84.15784926,official_emis,exact,unknown
CRI_003423,3979,CRI,LICEO TEODORO PICADO,,2|3,,public,Costa Rica,Provincia San José,Alajuelita,,urban,30,urban,9.91858887,-84.11794283,official_emis,exact,unknown
CRI_003424,3980,CRI,LICEO HERNAN ZAMORA ELIZONDO,,2|3,,public,Costa Rica,Provincia San José,Moravia,La Trinidad,urban,30,urban,9.98290464,-84.02266122,official_emis,exact,unknown
CRI_003425,3982,CRI,LICEO MONSEÑOR RUBEN ODIO HERRERA,,2|3,,public,Costa Rica,Provincia San José,Desamparados,Desamparados,urban,30,urban,9.90180761,-84.06707439,official_emis,exact,unknown
CRI_003426,3983,CRI,LICEO DE CALLE FALLAS,,2|3,,public,Costa Rica,Provincia San José,Desamparados,Desamparados,urban,30,urban,9.89159708,-84.07111188,official_emis,exact,unknown
CRI_003427,3984,CRI,COLEGIO NUESTRA SEÑORA,,2|3,,public,Costa Rica,Provincia San José,Desamparados,Desamparados,urban,30,urban,9.894012896078276,-84.06787732258638,admin_centroid,approximate,unknown
CRI_003428,3985,CRI,LICEO SAN MIGUEL,,2|3,,public,Costa Rica,Provincia San José,Desamparados,San Miguel,urban,30,urban,9.87325415,-84.06232964,official_emis,exact,unknown
CRI_003429,3986,CRI,LICEO RICARDO FERNANDEZ GUARDIA,,2|3,,public,Costa Rica,Provincia San José,San Jose,San Sebastián,urban,30,urban,9.91145854,-84.08991294,official_emis,exact,unknown
CRI_003430,3988,CRI,LICEO SAN ANTONIO,,2|3,,public,Costa Rica,Provincia San José,Desamparados,San Antonio,urban,30,urban,9.89978677,-84.04397493,official_emis,exact,unknown
CRI_003431,3989,CRI,LICEO DE ASERRI,,2|3,,public,Costa Rica,Provincia San José,Aserri,Aserrí,urban,30,urban,9.86381276,-84.09431939,official_emis,exact,unknown
CRI_003432,3990,CRI,LICEO DE FRAILES,,2|3,,public,Costa Rica,Provincia San José,Desamparados,Frailes,rural,13,rural,9.7516193,-84.05687071,official_emis,exact,unknown
CRI_003433,3991,CRI,LICEO SAN GABRIEL DE ASERRI,,2|3,,public,Costa Rica,Provincia San José,Aserri,San Gabriel,rural,21,peri_urban,9.78664159,-84.10322999,official_emis,exact,unknown
CRI_003434,3993,CRI,LICEO DE SABANILLAS,,2|3,,public,Costa Rica,Provincia San José,Acosta,Sabanillas,rural,12,rural,9.74244369,-84.26813354,official_emis,exact,unknown
CRI_003435,3995,CRI,LICEO JOAQUIN GUTIERREZ MANGEL,,2|3,,public,Costa Rica,Provincia San José,Desamparados,San Rafael Arriba,urban,30,urban,9.87503115,-84.0779381,official_emis,exact,unknown
CRI_003436,3996,CRI,LICEO DIURNO CIUDAD COLON,,2|3,,public,Costa Rica,Provincia San José,Mora,Colón,urban,30,urban,9.91805244,-84.23730369,official_emis,exact,unknown
CRI_003437,3997,CRI,LICEO DE PURISCAL,,2|3,,public,Costa Rica,Provincia San José,Puriscal,Santiago,urban,23,urban,9.84716076,-84.31321093,official_emis,exact,unknown
CRI_003438,3998,CRI,COLEGIO DE TABARCIA,,2|3,,public,Costa Rica,Provincia San José,Mora,Tabarcia,rural,21,peri_urban,9.84884316,-84.23280087,official_emis,exact,unknown
CRI_003439,3999,CRI,LICEO SINAÍ,,2|3,,public,Costa Rica,Provincia San José,Perez Zeledon,San Isidro de El General,urban,30,urban,9.37956942,-83.68900734,official_emis,exact,unknown
CRI_003440,4002,CRI,LICEO POTRERO GRANDE,,2|3,,public,Costa Rica,Provincia Puntarenas,Buenos Aires,Potrero Grande,rural,13,rural,9.01404164,-83.17518708,official_emis,exact,unknown
CRI_003441,4003,CRI,LICEO EL CARMEN,,2|3,,public,Costa Rica,Provincia Puntarenas,Buenos Aires,Biolley,rural,12,rural,9.00084497,-83.01305436,official_emis,exact,unknown
CRI_003442,4004,CRI,LICEO BORUCA,,2|3,,public,Costa Rica,Provincia Puntarenas,Buenos Aires,Boruca,rural,13,rural,9.00393933,-83.33034305,official_emis,exact,unknown
CRI_003443,4006,CRI,LICEO YOLANDA OREAMUNO UNGER,,2|3,,public,Costa Rica,Provincia Puntarenas,Buenos Aires,Volcán,rural,12,rural,9.21398011,-83.45196899,official_emis,exact,unknown
CRI_003444,4008,CRI,LICEO FERNANDO VOLIO JIMÉNEZ,,2|3,,public,Costa Rica,Provincia San José,Perez Zeledon,Daniel Flores,urban,21,peri_urban,9.3135149,-83.66605041,official_emis,exact,unknown
CRI_003445,4009,CRI,LICEO UNESCO,,2|3,,public,Costa Rica,Provincia San José,Perez Zeledon,San Isidro de El General,urban,30,urban,9.38339536,-83.70467029,official_emis,exact,unknown
CRI_003446,4010,CRI,LICEO SAN PEDRO,,2|3,,public,Costa Rica,Provincia San José,Perez Zeledon,San Pedro,rural,12,rural,9.27921838,-83.5518999,official_emis,exact,unknown
CRI_003447,4011,CRI,LICEO DE SANTA GERTRUDIS,,2|3,,public,Costa Rica,Provincia Alajuela,Grecia,San José,urban,21,peri_urban,10.08538253,-84.28315263,official_emis,exact,unknown
CRI_003448,4012,CRI,LICEO CARRILLOS DE POAS,,2|3,,public,Costa Rica,Provincia Alajuela,Poas,Carrillos,urban,30,urban,10.02436449,-84.28217689,official_emis,exact,unknown
CRI_003449,4013,CRI,COLEGIO TUETAL NORTE,,2|3,,public,Costa Rica,Provincia Alajuela,Alajuela,Tambor,urban,30,urban,10.03364975,-84.23272838,official_emis,exact,unknown
CRI_003450,4014,CRI,LICEO SAN ROQUE,,2|3,,public,Costa Rica,Provincia Alajuela,Grecia,San Roque,urban,23,urban,10.09373582,-84.30241828,official_emis,exact,unknown
CRI_003451,4015,CRI,COLEGIO AMBIENTALISTA EL ROBLE,,2|3,,public,Costa Rica,Provincia Alajuela,Alajuela,San Antonio,urban,30,urban,9.99440601,-84.24617141,official_emis,exact,unknown
CRI_003452,4018,CRI,INSTITUTO DE ALAJUELA,,2|3,,public,Costa Rica,Provincia Alajuela,Alajuela,Alajuela,urban,30,urban,10.02089599,-84.2109207,official_emis,exact,unknown
CRI_003453,4019,CRI,LICEO DE ATENAS MARTHA MIRAMBELL UMAÑA,,2|3,,public,Costa Rica,Provincia Alajuela,Atenas,Atenas,urban,23,urban,9.97575107,-84.37699742,official_emis,exact,unknown
CRI_003454,4020,CRI,LICEO LEON CORTES CASTRO,,2|3,,public,Costa Rica,Provincia Alajuela,Grecia,San Roque,urban,23,urban,10.08214199,-84.31264387,official_emis,exact,unknown
CRI_003455,4021,CRI,LICEO DE POAS,,2|3,,public,Costa Rica,Provincia Alajuela,Poas,San Pedro,urban,23,urban,10.08064382,-84.24690194,official_emis,exact,unknown
CRI_003456,4022,CRI,COLEGIO GREGORIO JOSE RAMIREZ CASTRO,,2|3,,public,Costa Rica,Provincia Alajuela,Alajuela,Alajuela,urban,30,urban,10.00803013,-84.22528587,official_emis,exact,unknown
CRI_003457,4023,CRI,COLEGIO EL CARMEN,,2|3,,public,Costa Rica,Provincia Alajuela,Alajuela,Alajuela,urban,30,urban,10.01291763,-84.21672526,official_emis,exact,unknown
CRI_003458,4024,CRI,LICEO SAN JOSE,,2|3,,public,Costa Rica,Provincia Alajuela,Alajuela,San José,urban,30,urban,10.01331231,-84.24666855,official_emis,exact,unknown
CRI_003459,4025,CRI,LICEO OTILIO ULATE BLANCO,,2|3,,public,Costa Rica,Provincia Alajuela,Alajuela,San Isidro,urban,21,peri_urban,10.07641406,-84.19424482,official_emis,exact,unknown
CRI_003460,4026,CRI,COLEGIO MARIA INMACULADA,,2|3,,public,Costa Rica,Provincia Alajuela,Grecia,Grecia,urban,23,urban,10.07240619088294,-84.30877177735779,admin_centroid,approximate,unknown
CRI_003461,4027,CRI,LICEO SAN RAFAEL,,2|3,,public,Costa Rica,Provincia Alajuela,Alajuela,San Rafael,urban,30,urban,9.96931217,-84.22385094,official_emis,exact,unknown
CRI_003462,4028,CRI,COLEGIO REDENTORISTA SAN ALFONSO,,2|3,,public,Costa Rica,Provincia Alajuela,Alajuela,Alajuela,urban,30,urban,10.01827956,-84.20094119,official_emis,exact,unknown
CRI_003463,4029,CRI,LICEO DE TURRUCARES,,2|3,,public,Costa Rica,Provincia Alajuela,Alajuela,Turrúcares,urban,23,urban,9.95964202,-84.31737398,official_emis,exact,unknown
CRI_003464,4030,CRI,EXPERIMENTAL BILINGÜE DE GRECIA,,2|3,,public,Costa Rica,Provincia Alajuela,Grecia,San Roque,urban,23,urban,10.07903322,-84.32107945,official_emis,exact,unknown
CRI_003465,4031,CRI,LICEO DE TAMBOR,,2|3,,public,Costa Rica,Provincia Alajuela,Alajuela,Tambor,urban,30,urban,10.03472589,-84.24010388,official_emis,exact,unknown
CRI_003466,4032,CRI,LICEO NUESTRA SEÑORA DE LOS ANGELES,,2|3,,public,Costa Rica,Provincia Alajuela,San Ramon,Ángeles,rural,23,urban,10.10414003,-84.47351309,official_emis,exact,unknown
CRI_003467,4033,CRI,INSTITUTO JULIO ACOSTA GARCÍA,,2|3,,public,Costa Rica,Provincia Alajuela,San Ramon,San Rafael,urban,23,urban,10.08142287,-84.47084808,official_emis,exact,unknown
CRI_003468,4034,CRI,EXPERIMENTAL BILINGÜE DE PALMARES,,2|3,,public,Costa Rica,Provincia Alajuela,Palmeras,Palmares,urban,23,urban,10.05386587,-84.4348726,official_emis,exact,unknown
CRI_003469,4035,CRI,COLEGIO DE NARANJO,,2|3,,public,Costa Rica,Provincia Alajuela,Naranjo,Naranjo,urban,21,peri_urban,10.10426154,-84.38458004,official_emis,exact,unknown
CRI_003470,4036,CRI,COLEGIO VALLE AZUL,,2|3,,public,Costa Rica,Provincia Alajuela,San Ramon,San Lorenzo,rural,12,rural,10.33535754,-84.54915498,official_emis,exact,unknown
CRI_003471,4038,CRI,EXPERIMENTAL BILINGÜE DE NARANJO,,2|3,,public,Costa Rica,Provincia Alajuela,Naranjo,San Jerónimo,urban,21,peri_urban,10.10207037,-84.36535352,official_emis,exact,unknown
CRI_003472,4039,CRI,COLEGIO DR. RICARDO MORENO CAÑAS,,2|3,,public,Costa Rica,Provincia Alajuela,Palmeras,Zaragoza,urban,23,urban,10.03660114,-84.44088707,official_emis,exact,unknown
CRI_003473,4040,CRI,LICEO DE ALFARO RUIZ,,2|3,,public,Costa Rica,Provincia Alajuela,Zarcero,Zarcero,urban,22,urban,10.17955233,-84.39224026,official_emis,exact,unknown
CRI_003474,4041,CRI,LICEO SUCRE,,2|3,,public,Costa Rica,Provincia Alajuela,San Carlos,Quesada,urban,13,rural,10.27929716,-84.43131984,official_emis,exact,unknown
CRI_003475,4042,CRI,LICEO DE FLORENCIA,,2|3,,public,Costa Rica,Provincia Alajuela,San Carlos,Florencia,urban,13,rural,10.36563444,-84.47139714,official_emis,exact,unknown
CRI_003476,4043,CRI,LICEO PAVON,,2|3,,public,Costa Rica,Provincia Alajuela,Los Chiles,El Amparo,rural,13,rural,10.83282338,-84.62062998,official_emis,exact,unknown
CRI_003477,4044,CRI,LICEO SANTA RITA,,2|3,,public,Costa Rica,Provincia Alajuela,Rio Cuarto,Río Cuarto,rural,12,rural,10.40670784,-84.21663532,official_emis,exact,unknown
CRI_003478,4045,CRI,LICEO DE SAN CARLOS,,2|3,,public,Costa Rica,Provincia Alajuela,San Carlos,Quesada,urban,23,urban,10.33687546,-84.43363529,official_emis,exact,unknown
CRI_003479,4046,CRI,COLEGIO MARIA INMACULADA,,2|3,,public,Costa Rica,Provincia Alajuela,San Carlos,Quesada,urban,23,urban,10.322917072882122,-84.42183025567704,admin_centroid,approximate,unknown
CRI_003480,4047,CRI,LICEO CHACHAGUA,,2|3,,public,Costa Rica,Provincia Alajuela,San Ramon,Peñas Blancas,rural,13,rural,10.40928829,-84.60183411,official_emis,exact,unknown
CRI_003481,4048,CRI,LICEO ENRIQUE GUIER SAENZ,,2|3,,public,Costa Rica,Provincia Cartago,Paraiso,Cachí,urban,13,rural,9.82418677,-83.80269358,official_emis,exact,unknown
CRI_003482,4049,CRI,LICEO MANUEL EMILIO RODRIGUEZ,,2|3,,public,Costa Rica,Provincia Cartago,Alvarado,Cervantes,urban,22,urban,9.88758896,-83.81111937,official_emis,exact,unknown
CRI_003483,4050,CRI,LICEO VICENTE LACHNER SANDOVAL,,2|3,,public,Costa Rica,Provincia Cartago,Cartago,Oriental,urban,30,urban,9.86156484,-83.91407851,official_emis,exact,unknown
CRI_003484,4051,CRI,COLEGIO SAN LUIS GONZAGA,,2|3,,public,Costa Rica,Provincia Cartago,Cartago,Occidental,urban,30,urban,9.86289314,-83.92263097,official_emis,exact,unknown
CRI_003485,4052,CRI,LICEO DE PARAISO,,2|3,,public,Costa Rica,Provincia Cartago,Paraiso,Paraíso,urban,23,urban,9.83388236,-83.86794849,official_emis,exact,unknown
CRI_003486,4053,CRI,COLEGIO ELIAS LEIVA QUIROS,,2|3,,public,Costa Rica,Provincia Cartago,El Guarco,El Tejar,urban,30,urban,9.84623742,-83.93937573,official_emis,exact,unknown
CRI_003487,4057,CRI,LICEO DE TARRAZU,,2|3,,public,Costa Rica,Provincia San José,Tarrazu,San Marcos,urban,22,urban,9.67074059,-84.02695737,official_emis,exact,unknown
CRI_003488,4058,CRI,LICEO DE COT,,2|3,,public,Costa Rica,Provincia Cartago,Oreamuno,Cot,urban,23,urban,9.89203733,-83.87073209,official_emis,exact,unknown
CRI_003489,4059,CRI,LICEO SAN DIEGO,,2|3,,public,Costa Rica,Provincia Cartago,La Union,San Diego,urban,30,urban,9.90140857,-84.0009369,official_emis,exact,unknown
CRI_003490,4060,CRI,COLEGIO SAN FRANCISCO,,2|3,,public,Costa Rica,Provincia Cartago,Cartago,Aguacaliente,urban,30,urban,9.83535901,-83.91455524,official_emis,exact,unknown
CRI_003491,4061,CRI,LICEO DE CORRALILLO,,2|3,,public,Costa Rica,Provincia Cartago,Cartago,Corralillo,rural,21,peri_urban,9.79568545,-84.03528732,official_emis,exact,unknown
CRI_003492,4064,CRI,COLEGIO FRANCISCA CARRASCO JIMENEZ,,2|3,,public,Costa Rica,Provincia Cartago,Cartago,Guadalupe,urban,30,urban,9.85918203,-83.94161398,official_emis,exact,unknown
CRI_003493,4065,CRI,COLEGIO ALEJANDRO QUESADA R.,,2|3,,public,Costa Rica,Provincia Cartago,La Union,Concepción,urban,30,urban,9.93018408,-83.99258088,official_emis,exact,unknown
CRI_003494,4067,CRI,LICEO BRAULIO CARRILLO COLINA,,2|3,,public,Costa Rica,Provincia Cartago,Oreamuno,San Rafael,urban,30,urban,9.87033714,-83.895774,official_emis,exact,unknown
CRI_003495,4068,CRI,LICEO LLANO BONITO,,2|3,,public,Costa Rica,Provincia San José,Leon Cortes Castro,Llano Bonito,rural,13,rural,9.66066674,-84.10422596,official_emis,exact,unknown
CRI_003496,4069,CRI,COLEGIO DR. CLODOMIRO PICADO TWIGHT,,2|3,,public,Costa Rica,Provincia Cartago,Turrialba,Turrialba,urban,23,urban,9.90036707,-83.67636286,official_emis,exact,unknown
CRI_003497,4070,CRI,LICEO HERNAN VARGAS RAMIREZ,,2|3,,public,Costa Rica,Provincia Cartago,Jimenez,Juan Viñas,urban,22,urban,9.89259,-83.74515723,official_emis,exact,unknown
CRI_003498,4071,CRI,LICEO TUCURRIQUE,,2|3,,public,Costa Rica,Provincia Cartago,Jimenez,Tucurrique,rural,13,rural,9.84990519,-83.71499137,official_emis,exact,unknown
CRI_003499,4072,CRI,LICEO SANTA TERESITA,,2|3,,public,Costa Rica,Provincia Cartago,Turrialba,Santa Teresita,rural,12,rural,9.97878231,-83.65139461,official_emis,exact,unknown
CRI_003500,4073,CRI,EXPERIMENTAL BILINGÜE DE TURRIALBA,,2|3,,public,Costa Rica,Provincia Cartago,Turrialba,Turrialba,urban,23,urban,9.90133232,-83.67290832,official_emis,exact,unknown
CRI_003501,4074,CRI,LICEO TRES EQUIS,,2|3,,public,Costa Rica,Provincia Cartago,Turrialba,Tres Equis,rural,12,rural,9.9575335,-83.57400323,official_emis,exact,unknown
CRI_003502,4075,CRI,COLEGIO AMBIENTALISTA DE PEJIBAYE,,2|3,,public,Costa Rica,Provincia Cartago,Jimenez,Pejibaye,rural,13,rural,9.81485961,-83.70153034,official_emis,exact,unknown
CRI_003503,4076,CRI,COLEGIO SAN JOSÉ DE LA MONTAÑA,,2|3,,public,Costa Rica,Provincia Heredia,Barva,San José de la Montaña,urban,21,peri_urban,10.063855,-84.11503167,official_emis,exact,unknown
CRI_003504,4077,CRI,LICEO ING. SAMUEL SÁENZ FLORES,,2|3,,public,Costa Rica,Provincia Heredia,Heredia,Mercedes,urban,30,urban,9.99842886,-84.12895397,official_emis,exact,unknown
CRI_003505,4078,CRI,LICEO DE HEREDIA,,2|3,,public,Costa Rica,Provincia Heredia,Heredia,Heredia,urban,30,urban,9.99908348,-84.11550342,official_emis,exact,unknown
CRI_003506,4079,CRI,LICEO REGIONAL DE FLORES,,2|3,,public,Costa Rica,Provincia Heredia,Flores,San Joaquín,urban,30,urban,10.00305387,-84.15454661,official_emis,exact,unknown
CRI_003507,4080,CRI,LICEO ING. CARLOS PASCUA ZUÑIGA,,2|3,,public,Costa Rica,Provincia Heredia,San Rafael,Santiago,urban,30,urban,10.01054389,-84.09954056,official_emis,exact,unknown
CRI_003508,4082,CRI,LICEO MARIO VINDAS SALAZAR,,2|3,,public,Costa Rica,Provincia Heredia,San Pablo,San Pablo,urban,30,urban,9.99806125,-84.09545265,official_emis,exact,unknown
CRI_003509,4083,CRI,CONSERVATORIO DE CASTELLA,,2|3,,public,Costa Rica,Provincia Heredia,Heredia,Ulloa,urban,30,urban,9.96718134,-84.13689359,official_emis,exact,unknown
CRI_003510,4084,CRI,LICEO DE SANTA BÁRBARA,,2|3,,public,Costa Rica,Provincia Heredia,Santa Barbara,Santa Bárbara,urban,21,peri_urban,10.04194488,-84.15932635,official_emis,exact,unknown
CRI_003511,4085,CRI,LICEO ING. MANUEL BENAVIDES RODRIGUEZ,,2|3,,public,Costa Rica,Provincia Heredia,Heredia,Heredia,urban,30,urban,9.99198406,-84.12441154,official_emis,exact,unknown
CRI_003512,4086,CRI,LICEO DE SAN ISIDRO,,2|3,,public,Costa Rica,Provincia Heredia,San Isidro,San Isidro,urban,30,urban,10.01854087,-84.05269294,official_emis,exact,unknown
CRI_003513,4087,CRI,EXPERIMENTAL BILINGÜE DE BELÉN,,2|3,,public,Costa Rica,Provincia Heredia,Belen,San Antonio,urban,30,urban,9.97500223,-84.18735973,official_emis,exact,unknown
CRI_003514,4090,CRI,LICEO SANTO DOMINGO,,2|3,,public,Costa Rica,Provincia Heredia,Santo Domingo,San Vicente,urban,30,urban,9.99030224,-84.09003036,official_emis,exact,unknown
CRI_003515,4091,CRI,LICEO DE RIO FRIO,,2|3,,public,Costa Rica,Provincia Heredia,Sarapiqui,Las Horquetas,rural,22,urban,10.320924,-83.90684816,official_emis,exact,unknown
CRI_003516,4092,CRI,LICEO LOS LAGOS,,2|3,,public,Costa Rica,Provincia Heredia,Heredia,San Francisco,urban,30,urban,9.97274818,-84.11353075,official_emis,exact,unknown
CRI_003517,4093,CRI,COLEGIO LA AURORA,,2|3,,public,Costa Rica,Provincia Heredia,Heredia,San Francisco,urban,30,urban,9.99049926,-84.15097088,official_emis,exact,unknown
CRI_003518,4095,CRI,LICEO LA VIRGEN,,2|3,,public,Costa Rica,Provincia Heredia,Sarapiqui,La Virgen,rural,13,rural,10.38413463,-84.14551444,official_emis,exact,unknown
CRI_003519,4096,CRI,COLEGIO FELIPE PEREZ PEREZ,,2|3,,public,Costa Rica,Provincia Guanacaste,Liberia,Liberia,urban,30,urban,10.63455525,-85.42701902,official_emis,exact,unknown
CRI_003520,4097,CRI,COLEGIO JOSÉ MARÍA GUTIÉRREZ,,2|3,,public,Costa Rica,Provincia Guanacaste,Bagaces,Mogote,rural,13,rural,10.71189152,-85.22872598,official_emis,exact,unknown
CRI_003521,4098,CRI,COLEGIO CAÑAS DULCES,,2|3,,public,Costa Rica,Provincia Guanacaste,Liberia,Cañas Dulces,rural,12,rural,10.74129331,-85.48161088,official_emis,exact,unknown
CRI_003522,4099,CRI,COLEGIO SANTA CECILIA,,2|3,,public,Costa Rica,Provincia Guanacaste,La Cruz,Santa Cecilia,rural,13,rural,11.06507021,-85.41047001,official_emis,exact,unknown
CRI_003523,4100,CRI,EXPERIMENTAL BILINGÜE DE LA CRUZ,,2|3,,public,Costa Rica,Provincia Guanacaste,La Cruz,La Cruz,urban,22,urban,11.06400828,-85.6297061,official_emis,exact,unknown
CRI_003524,4101,CRI,COLEGIO DE BAGACES,,2|3,,public,Costa Rica,Provincia Guanacaste,Bagaces,Bagaces,urban,13,rural,10.52889899,-85.25244321,official_emis,exact,unknown
CRI_003525,4102,CRI,INSTITUTO DE GUANACASTE,,2|3,,public,Costa Rica,Provincia Guanacaste,Liberia,Liberia,urban,30,urban,10.62058854,-85.45166855,official_emis,exact,unknown
CRI_003526,4103,CRI,LICEO LABORATORIO DE LIBERIA,,2|3,,public,Costa Rica,Provincia Guanacaste,Liberia,Liberia,urban,21,peri_urban,10.62808937,-85.45174743,official_emis,exact,unknown
CRI_003527,4104,CRI,COLEGIO BOCAS DE NOSARA,,2|3,,public,Costa Rica,Provincia Guanacaste,Nicoya,Nosara,rural,12,rural,9.97997957,-85.6338962,official_emis,exact,unknown
CRI_003528,4105,CRI,LICEO DE NICOYA,,2|3,,public,Costa Rica,Provincia Guanacaste,Nicoya,Nicoya,urban,23,urban,10.138952,-85.45125419,official_emis,exact,unknown
CRI_003529,4106,CRI,LICEO SAN FRANCISCO DE COYOTE,,2|3,,public,Costa Rica,Provincia Guanacaste,Nandayure,Bejuco,rural,12,rural,9.81108064,-85.24234693,official_emis,exact,unknown
CRI_003530,4107,CRI,EXPERIMENTAL BILINGÜE DE SANTA CRUZ,,2|3,,public,Costa Rica,Provincia Guanacaste,Santa Cruz,Santa Cruz,urban,23,urban,10.25263352,-85.5899272,official_emis,exact,unknown
CRI_003531,4108,CRI,"LICEO SANTA CRUZ, CLIMACO A. PÉREZ",,2|3,,public,Costa Rica,Provincia Guanacaste,Santa Cruz,Santa Cruz,urban,23,urban,10.26447303,-85.58321116,official_emis,exact,unknown
CRI_003532,4109,CRI,LICEO BELÉN,,2|3,,public,Costa Rica,Provincia Guanacaste,Carrillo,Belén,urban,22,urban,10.4106051,-85.58298029,official_emis,exact,unknown
CRI_003533,4110,CRI,LICEO MAURILIO ALVARADO VARGAS,,2|3,,public,Costa Rica,Provincia Guanacaste,Tilaran,Tilarán,urban,23,urban,10.47361924,-84.96534969,official_emis,exact,unknown
CRI_003534,4111,CRI,LICEO MIGUEL ARAYA VENEGAS,,2|3,,public,Costa Rica,Provincia Guanacaste,Canas,Cañas,urban,23,urban,10.42819154,-85.08667131,official_emis,exact,unknown
CRI_003535,4112,CRI,COLEGIO SAN RAFAEL,,2|3,,public,Costa Rica,Provincia Guanacaste,Abangares,Sierra,rural,12,rural,10.34468387,-84.87296713,official_emis,exact,unknown
CRI_003536,4113,CRI,LICEO DE COLORADO,,2|3,,public,Costa Rica,Provincia Guanacaste,Abangares,Colorado,rural,12,rural,10.18358548,-85.12278499,official_emis,exact,unknown
CRI_003537,4114,CRI,EXPERIMENTAL BILINGÜE DE NUEVO ARENAL,,2|3,,public,Costa Rica,Provincia Guanacaste,Tilaran,Arenal,rural,13,rural,10.54651514,-84.89413084,official_emis,exact,unknown
CRI_003538,4115,CRI,LICEO EMILIANO ODIO MADRIGAL,,2|3,,public,Costa Rica,Provincia Puntarenas,Esparza,Macacona,urban,23,urban,10.00188979,-84.65269066,official_emis,exact,unknown
CRI_003539,4116,CRI,LICEO DIURNO JOSE MARTI,,2|3,,public,Costa Rica,Provincia Puntarenas,Puntarenas,Puntarenas,urban,23,urban,9.9775985,-84.83552861,official_emis,exact,unknown
CRI_003540,4117,CRI,LICEO DE ESPARZA,,2|3,,public,Costa Rica,Provincia Puntarenas,Esparza,Espíritu Santo,urban,23,urban,9.99248427,-84.66946126,official_emis,exact,unknown
CRI_003541,4118,CRI,LICEO DE MIRAMAR,,2|3,,public,Costa Rica,Provincia Puntarenas,Montes de Oro,Miramar,urban,23,urban,10.08768054,-84.73154042,official_emis,exact,unknown
CRI_003542,4119,CRI,LICEO CHACARITA,,2|3,,public,Costa Rica,Provincia Puntarenas,Puntarenas,Chacarita,urban,23,urban,9.9793195,-84.76714324,official_emis,exact,unknown
CRI_003543,4120,CRI,LICEO ANTONIO OBANDO CHAN,,2|3,,public,Costa Rica,Provincia Puntarenas,Puntarenas,Barranca,urban,23,urban,9.97909353,-84.72186555,official_emis,exact,unknown
CRI_003544,4121,CRI,LICEO DE CHOMES,,2|3,,public,Costa Rica,Provincia Puntarenas,Puntarenas,Chomes,rural,13,rural,10.11212545,-84.89738446,official_emis,exact,unknown
CRI_003545,4122,CRI,LICEO DE CHIRA,,2|3,,public,Costa Rica,Provincia Puntarenas,Puntarenas,Chira,rural,12,rural,10.09303137,-85.15081957,official_emis,exact,unknown
CRI_003546,4123,CRI,LICEO COMTE,,2|3,,public,Costa Rica,Provincia Puntarenas,Golfito,Pavón,rural,12,rural,8.4509284,-83.04205712,official_emis,exact,unknown
CRI_003547,4124,CRI,LICEO PACIFICO SUR,,2|3,,public,Costa Rica,Provincia Puntarenas,Osa,Puerto Cortés,urban,13,rural,8.97787175,-83.53131252,official_emis,exact,unknown
CRI_003548,4125,CRI,LICEO CIUDAD NEILY,,2|3,,public,Costa Rica,Provincia Puntarenas,Corredores,Corredor,urban,23,urban,8.6516495,-82.94416973,official_emis,exact,unknown
CRI_003549,4126,CRI,COLEGIO REPUBLICA DE ITALIA,,2|3,,public,Costa Rica,Provincia Puntarenas,Coto Brus,,rural,12,rural,8.90292025,-82.94165825,official_emis,exact,unknown
CRI_003550,4127,CRI,EXPERIMENTAL BILINGÜE DE AGUA BUENA,,2|3,,public,Costa Rica,Provincia Puntarenas,Coto Brus,,rural,13,rural,8.7471681,-82.94854703,official_emis,exact,unknown
CRI_003551,4128,CRI,LICEO RÍO BANANO,,2|3,,public,Costa Rica,Provincia Limón,Limon,Matama,rural,13,rural,9.92021073,-83.01681824,official_emis,exact,unknown
CRI_003552,4129,CRI,LICEO SIXAOLA,,2|3,,public,Costa Rica,Provincia Limón,Talamanca,Sixaola,rural,21,peri_urban,9.50630164,-82.61764999,official_emis,exact,unknown
CRI_003553,4130,CRI,LICEO RODRIGO SOLANO QUIRÓS,,2|3,,public,Costa Rica,Provincia Limón,Siquirres,El Cairo,urban,21,peri_urban,10.12170883,-83.53925899,official_emis,exact,unknown
CRI_003554,4131,CRI,LICEO DE MATINA,,2|3,,public,Costa Rica,Provincia Limón,Matina,Matina,rural,13,rural,10.07661474,-83.28200574,official_emis,exact,unknown
CRI_003555,4132,CRI,LICEO MARYLAND,,2|3,,public,Costa Rica,Provincia Limón,Siquirres,Siquirres,urban,12,rural,10.19852318,-83.45305147,official_emis,exact,unknown
CRI_003556,4133,CRI,COLEGIO DE LIMON,,2|3,,public,Costa Rica,Provincia Limón,Limon,Limón,urban,30,urban,9.99948041,-83.03361919,official_emis,exact,unknown
CRI_003557,4134,CRI,LICEO NUEVO DE LIMÓN,,2|3,,public,Costa Rica,Provincia Limón,Limon,Limón,urban,30,urban,9.98452853,-83.05841676,official_emis,exact,unknown
CRI_003558,4135,CRI,COLEGIO SULÁYÖM,,2|3,,public,Costa Rica,Provincia Limón,Talamanca,Telire,rural,12,rural,9.51975137,-82.95328089,official_emis,exact,unknown
CRI_003559,4136,CRI,LICEO DE LIVERPOOL,,2|3,,public,Costa Rica,Provincia Limón,Limon,Río Blanco,urban,13,rural,9.993198880588915,-83.13006975778956,admin_centroid,approximate,unknown
CRI_003560,4137,CRI,LICEO LA ALEGRÍA,,2|3,,public,Costa Rica,Provincia Limón,Siquirres,Alegría,rural,22,urban,10.08854211,-83.59878636,official_emis,exact,unknown
CRI_003561,4138,CRI,LICEO DE TICABÁN,,2|3,,public,Costa Rica,Provincia Limón,Pococi,Rita,rural,13,rural,10.3927967,-83.83440504,official_emis,exact,unknown
CRI_003562,4139,CRI,LICEO DE POCORA,,2|3,,public,Costa Rica,Provincia Limón,Guacimo,Pocora,urban,22,urban,10.17010301,-83.60434553,official_emis,exact,unknown
CRI_003563,4140,CRI,LICEO AMBIENTALISTA LLANO BONITO,,2|3,,public,Costa Rica,Provincia Limón,Pococi,Roxana,rural,13,rural,10.38526364,-83.65027336,official_emis,exact,unknown
CRI_003564,4141,CRI,LICEO DE CARIARI,,2|3,,public,Costa Rica,Provincia Limón,Pococi,Cariari,urban,21,peri_urban,10.3717014,-83.72749193,official_emis,exact,unknown
CRI_003565,4142,CRI,EXPERIMENTAL BILINGÜE DE POCOCÍ,,2|3,,public,Costa Rica,Provincia Limón,Pococi,Guápiles,urban,23,urban,10.22434627,-83.79333559,official_emis,exact,unknown
CRI_003566,4143,CRI,LICEO DUACARÍ,,2|3,,public,Costa Rica,Provincia Limón,Guacimo,Duacarí,rural,12,rural,10.30406579,-83.62520684,official_emis,exact,unknown
CRI_003567,4144,CRI,COLEGIO DE JIMÉNEZ,,2|3,,public,Costa Rica,Provincia Limón,Pococi,Jiménez,rural,21,peri_urban,10.21156568,-83.73994355,official_emis,exact,unknown
CRI_003568,4145,CRI,LICEO LA RITA,,2|3,,public,Costa Rica,Provincia Limón,Pococi,Rita,rural,23,urban,10.28352705,-83.79160855,official_emis,exact,unknown
CRI_003569,4147,CRI,LICEO BRASILIA,,2|3,,public,Costa Rica,Provincia Alajuela,Upala,Dos Ríos,rural,12,rural,11.00576403,-85.35820341,official_emis,exact,unknown
CRI_003570,4148,CRI,LICEO AGUAS CLARAS,,2|3,,public,Costa Rica,Provincia Alajuela,Upala,Aguas Claras,rural,12,rural,10.8146641,-85.18114504,official_emis,exact,unknown
CRI_003571,4149,CRI,LICEO KATIRA,,2|3,,public,Costa Rica,Provincia Alajuela,Guatuso,Katira,rural,13,rural,10.73802125,-84.91389857,official_emis,exact,unknown
CRI_003572,4150,CRI,LICEO BIJAGUA,,2|3,,public,Costa Rica,Provincia Alajuela,Upala,Bijagua,rural,13,rural,10.72758611,-85.05612813,official_emis,exact,unknown
CRI_003573,4151,CRI,LICEO SAN JOSE,,2|3,,public,Costa Rica,Provincia Alajuela,Upala,San José,rural,13,rural,10.96213014,-85.13194041,official_emis,exact,unknown
CRI_003574,4155,CRI,C.T.P. CALLE BLANCOS,,2|3,,public,Costa Rica,Provincia San José,Moravia,San Vicente,urban,30,urban,9.96272452,-84.0402635,official_emis,exact,unknown
CRI_003575,4156,CRI,C.T.P. EDUCACION COMERCIAL Y DE SERVICIO,,2|3,,public,Costa Rica,Provincia San José,San Jose,Mata Redonda,urban,30,urban,9.92907987,-84.10515173,official_emis,exact,unknown
CRI_003576,4157,CRI,C.T.P. SAN SEBASTIAN,,2|3,,public,Costa Rica,Provincia San José,San Jose,San Sebastián,urban,30,urban,9.91359302,-84.09063626,official_emis,exact,unknown
CRI_003577,4158,CRI,C.T.P. DOS CERCAS,,2|3,,public,Costa Rica,Provincia San José,Desamparados,Damas,urban,30,urban,9.8927015,-84.04509087,official_emis,exact,unknown
CRI_003578,4159,CRI,C.T.P. MONSEÑOR SANABRIA,,2|3,,public,Costa Rica,Provincia San José,Desamparados,Desamparados,urban,30,urban,9.88643611,-84.06828104,official_emis,exact,unknown
CRI_003579,4160,CRI,C.T.P. JOSE FIGUERES FERRER,,2|3,,public,Costa Rica,Provincia San José,Desamparados,San Cristóbal,rural,13,rural,9.73820174,-83.99624547,official_emis,exact,unknown
CRI_003580,4161,CRI,C.T.P. SAN JUAN SUR,,2|3,,public,Costa Rica,Provincia Cartago,Cartago,Corralillo,rural,21,peri_urban,9.78913395,-84.06753966,official_emis,exact,unknown
CRI_003581,4162,CRI,C.T.P. DE ACOSTA,,2|3,,public,Costa Rica,Provincia San José,Acosta,San Ignacio,rural,23,urban,9.79714268,-84.16511819,official_emis,exact,unknown
CRI_003582,4163,CRI,C.T.P. DE PURISCAL,,2|3,,public,Costa Rica,Provincia San José,Puriscal,Santiago,urban,23,urban,9.84051651,-84.31788395,official_emis,exact,unknown
CRI_003583,4164,CRI,C.T.P. DE TURRUBARES,,2|3,,public,Costa Rica,Provincia San José,Turrubares,San Pablo,urban,12,rural,9.91366261,-84.44823948,official_emis,exact,unknown
CRI_003584,4165,CRI,C.T.P. LA GLORIA,,2|3,,public,Costa Rica,Provincia San José,Puriscal,Chires,rural,12,rural,9.65273363,-84.44422926,official_emis,exact,unknown
CRI_003585,4166,CRI,C.T.P. SAN ISIDRO,,2|3,,public,Costa Rica,Provincia San José,Perez Zeledon,Daniel Flores,urban,30,urban,9.35253213,-83.68334593,official_emis,exact,unknown
CRI_003586,4167,CRI,C.T.P. PLATANARES,,2|3,,public,Costa Rica,Provincia San José,Perez Zeledon,Platanares,rural,13,rural,9.20677074,-83.6428648,official_emis,exact,unknown
CRI_003587,4168,CRI,C.T.P. PEJIBAYE,,2|3,,public,Costa Rica,Provincia San José,Perez Zeledon,Pejibaye,rural,13,rural,9.16110807,-83.56537458,official_emis,exact,unknown
CRI_003588,4169,CRI,C.T.P. GENERAL VIEJO,,2|3,,public,Costa Rica,Provincia San José,Perez Zeledon,El General,rural,21,peri_urban,9.37297818,-83.66048167,official_emis,exact,unknown
CRI_003589,4170,CRI,C.T.P. DE BUENOS AIRES,,2|3,,public,Costa Rica,Provincia Puntarenas,Buenos Aires,Buenos Aires,urban,21,peri_urban,9.18092296,-83.3329013,official_emis,exact,unknown
CRI_003590,4171,CRI,C.T.P. JESUS OCAÑA ROJAS,,2|3,,public,Costa Rica,Provincia Alajuela,Alajuela,Alajuela,urban,30,urban,10.03001299,-84.20499741,official_emis,exact,unknown
CRI_003591,4172,CRI,C.T.P. RICARDO CASTRO BEER,,2|3,,public,Costa Rica,Provincia Alajuela,Orotina,Orotina,urban,12,rural,9.90692628,-84.53386695,official_emis,exact,unknown
CRI_003592,4173,CRI,C.T.P. SAN MATEO,,2|3,,public,Costa Rica,Provincia Alajuela,San Mateo,San Mateo,rural,13,rural,9.93574875,-84.52433791,official_emis,exact,unknown
CRI_003593,4174,CRI,C.T.P. PIEDADES SUR,,2|3,,public,Costa Rica,Provincia Alajuela,San Ramon,Piedades Sur,rural,12,rural,10.11442068,-84.53269493,official_emis,exact,unknown
CRI_003594,4175,CRI,C.T.P. FRANCISCO JOSE ORLICH BOLMARCICH,,2|3,,public,Costa Rica,Provincia Alajuela,Sarchi,Sarchí Norte,rural,23,urban,10.08664252,-84.34631716,official_emis,exact,unknown
CRI_003595,4176,CRI,C.T.P. NATANIEL ARIAS MURILLO,,2|3,,public,Costa Rica,Provincia Alajuela,San Carlos,Aguas Zarcas,rural,23,urban,10.37404881,-84.34664673,official_emis,exact,unknown
CRI_003596,4177,CRI,C.T.P. LOS CHILES,,2|3,,public,Costa Rica,Provincia Alajuela,Los Chiles,Los Chiles,rural,22,urban,11.03431041,-84.71887165,official_emis,exact,unknown
CRI_003597,4178,CRI,C.T.P. DE VENECIA,,2|3,,public,Costa Rica,Provincia Alajuela,San Carlos,Venecia,rural,22,urban,10.34999672,-84.26474946,official_emis,exact,unknown
CRI_003598,4179,CRI,C.T.P. LA FORTUNA,,2|3,,public,Costa Rica,Provincia Alajuela,San Carlos,La Fortuna,urban,22,urban,10.47246231,-84.64121424,official_emis,exact,unknown
CRI_003599,4180,CRI,C.T.P. DE PITAL,,2|3,,public,Costa Rica,Provincia Alajuela,San Carlos,Pital,rural,23,urban,10.44950795,-84.27228434,official_emis,exact,unknown
CRI_003600,4181,CRI,C.T.P. DE GUATUSO,,2|3,,public,Costa Rica,Provincia Alajuela,Guatuso,San Rafael,rural,13,rural,10.6669084,-84.82177557,official_emis,exact,unknown
CRI_003601,4182,CRI,C.T.P. SANTA ROSA,,2|3,,public,Costa Rica,Provincia Alajuela,San Carlos,Pocosol,rural,22,urban,10.62793089,-84.53496606,official_emis,exact,unknown
CRI_003602,4183,CRI,C.T.P. SAN CARLOS,,2|3,,public,Costa Rica,Provincia Alajuela,San Carlos,Quesada,urban,23,urban,10.34849481,-84.43080362,official_emis,exact,unknown
CRI_003603,4185,CRI,C.T.P. DE PACAYAS,,2|3,,public,Costa Rica,Provincia Cartago,Alvarado,Pacayas,urban,13,rural,9.91611645,-83.80545307,official_emis,exact,unknown
CRI_003604,4186,CRI,C.T.P. JOSE DANIEL FLORES,,2|3,,public,Costa Rica,Provincia San José,Dota,Santa María,rural,12,rural,9.65962885,-83.96999611,official_emis,exact,unknown
CRI_003605,4188,CRI,C.T.P. SAN PABLO,,2|3,,public,Costa Rica,Provincia San José,Leon Cortes Castro,San Pablo,urban,22,urban,9.68389833,-84.0422259,official_emis,exact,unknown
CRI_003606,4189,CRI,C.T.P. LA SUIZA,,2|3,,public,Costa Rica,Provincia Cartago,Turrialba,La Suiza,urban,22,urban,9.85267715,-83.61624602,official_emis,exact,unknown
CRI_003607,4190,CRI,C.T.P. DE FLORES,,2|3,,public,Costa Rica,Provincia Heredia,Flores,San Joaquín,urban,30,urban,10.00901608,-84.16343532,official_emis,exact,unknown
CRI_003608,4191,CRI,C.T.P. DE HEREDIA,,2|3,,public,Costa Rica,Provincia Heredia,Heredia,Heredia,urban,30,urban,10.00250703,-84.11725511,official_emis,exact,unknown
CRI_003609,4192,CRI,C.T.P. DE ULLOA,,2|3,,public,Costa Rica,Provincia Heredia,Heredia,Ulloa,urban,30,urban,9.96814794,-84.13798263,official_emis,exact,unknown
CRI_003610,4193,CRI,C.T.P. PUERTO VIEJO,,2|3,,public,Costa Rica,Provincia Heredia,Sarapiqui,Puerto Viejo,rural,22,urban,10.46361163,-84.00577462,official_emis,exact,unknown
CRI_003611,4194,CRI,C.T.P. LIBERIA,,2|3,,public,Costa Rica,Provincia Guanacaste,Liberia,Liberia,urban,30,urban,10.62017852,-85.45329036,official_emis,exact,unknown
CRI_003612,4195,CRI,C.T.P. FORTUNA DE BAGACES,,2|3,,public,Costa Rica,Provincia Guanacaste,Bagaces,La Fortuna,rural,13,rural,10.67290139,-85.20284098,official_emis,exact,unknown
CRI_003613,4196,CRI,C.T.P. NANDAYURE,,2|3,,public,Costa Rica,Provincia Guanacaste,Nandayure,Carmona,urban,12,rural,10.00917909,-85.25582254,official_emis,exact,unknown
CRI_003614,4197,CRI,C.T.P. HOJANCHA,,2|3,,public,Costa Rica,Provincia Guanacaste,Hojancha,Hojancha,rural,13,rural,10.06252837,-85.42459609,official_emis,exact,unknown
CRI_003615,4198,CRI,C.T.P. DE NICOYA,,2|3,,public,Costa Rica,Provincia Guanacaste,Nicoya,Nicoya,urban,21,peri_urban,10.13741877,-85.45342858,official_emis,exact,unknown
CRI_003616,4199,CRI,C.T.P. LA MANSION,,2|3,,public,Costa Rica,Provincia Guanacaste,Nicoya,Mansión,rural,13,rural,10.09817729,-85.37399643,official_emis,exact,unknown
CRI_003617,4200,CRI,C.T.P. DE CORRALILLO,,2|3,,public,Costa Rica,Provincia Guanacaste,Nicoya,San Antonio,rural,12,rural,10.22213892,-85.37635869,official_emis,exact,unknown
CRI_003618,4201,CRI,C.T.P. CARRILLO,,2|3,,public,Costa Rica,Provincia Guanacaste,Carrillo,Filadelfia,urban,22,urban,10.4596928,-85.55864335,official_emis,exact,unknown
CRI_003619,4202,CRI,C.T.P. 27 DE ABRIL,,2|3,,public,Costa Rica,Provincia Guanacaste,Santa Cruz,Veintisiete de Abril,rural,13,rural,10.24790397,-85.71425306,official_emis,exact,unknown
CRI_003620,4203,CRI,C.T.P. SANTA CRUZ,,2|3,,public,Costa Rica,Provincia Guanacaste,Santa Cruz,Santa Cruz,urban,21,peri_urban,10.25519633,-85.5631183,official_emis,exact,unknown
CRI_003621,4204,CRI,C.T.P. SANTA BÁRBARA,,2|3,,public,Costa Rica,Provincia Guanacaste,Santa Cruz,Diriá,urban,13,rural,10.27644854,-85.52413353,official_emis,exact,unknown
CRI_003622,4205,CRI,C.T.P. DE CARTAGENA,,2|3,,public,Costa Rica,Provincia Guanacaste,Santa Cruz,Cartagena,urban,12,rural,10.39292575,-85.67275563,official_emis,exact,unknown
CRI_003623,4206,CRI,C.T.P. SARDINAL,,2|3,,public,Costa Rica,Provincia Guanacaste,Carrillo,Sardinal,urban,13,rural,10.51240279,-85.643234,official_emis,exact,unknown
CRI_003624,4207,CRI,C.T.P. DE ABANGARES,,2|3,,public,Costa Rica,Provincia Guanacaste,Abangares,Las Juntas,rural,13,rural,10.28193676,-84.96519997,official_emis,exact,unknown
CRI_003625,4208,CRI,C.T.P. DE JICARAL,,2|3,,public,Costa Rica,Provincia Puntarenas,Puntarenas,Lepanto,rural,13,rural,9.96049249,-85.11907106,official_emis,exact,unknown
CRI_003626,4209,CRI,C.T.P. DE PUNTARENAS,,2|3,,public,Costa Rica,Provincia Puntarenas,Puntarenas,Barranca,urban,23,urban,9.97884438,-84.73116618,official_emis,exact,unknown
CRI_003627,4210,CRI,C.T.P. DE PAQUERA,,2|3,,public,Costa Rica,Provincia Puntarenas,Puntarenas,Paquera,rural,12,rural,9.82190126,-84.93939341,official_emis,exact,unknown
CRI_003628,4211,CRI,C.T.P. DE COBANO,,2|3,,public,Costa Rica,Provincia Puntarenas,Puntarenas,Cóbano,rural,12,rural,9.68644685,-85.09992704,official_emis,exact,unknown
CRI_003629,4212,CRI,C.T.P. DE SANTA ELENA,,2|3,,public,Costa Rica,Provincia Puntarenas,Puntarenas,Monte Verde,urban,13,rural,10.31946793,-84.82435163,official_emis,exact,unknown
CRI_003630,4213,CRI,C.T.P. DE OSA,,2|3,,public,Costa Rica,Provincia Puntarenas,Osa,Palmar,rural,22,urban,8.963752960000003,-83.45548162,official_emis,exact,unknown
CRI_003631,4214,CRI,C.T.P. CARLOS MANUEL VICENTE CASTRO,,2|3,,public,Costa Rica,Provincia Puntarenas,Golfito,Golfito,urban,22,urban,8.64825093,-83.18082989,official_emis,exact,unknown
CRI_003632,4215,CRI,C.T.P. UMBERTO MELLONI CAMPANINI,,2|3,,public,Costa Rica,Provincia Puntarenas,Coto Brus,,rural,22,urban,8.82846887,-82.96872136,official_emis,exact,unknown
CRI_003633,4216,CRI,C.T.P. DE SABALITO,,2|3,,public,Costa Rica,Provincia Puntarenas,Coto Brus,,rural,13,rural,8.806437450000002,-82.90441352,official_emis,exact,unknown
CRI_003634,4217,CRI,C.T.P. GUAYCARA,,2|3,,public,Costa Rica,Provincia Puntarenas,Golfito,Guaycará,urban,23,urban,8.67642464,-83.0698718,official_emis,exact,unknown
CRI_003635,4218,CRI,C.T.P. DE CORREDORES,,2|3,,public,Costa Rica,Provincia Puntarenas,Corredores,La Cuesta,rural,21,peri_urban,8.50483721,-82.83785657,official_emis,exact,unknown
CRI_003636,4220,CRI,C.T.P. DE PUERTO JIMENEZ,,2|3,,public,Costa Rica,Provincia Puntarenas,Puerto Jimenez,Puerto Jiménez,rural,13,rural,8.530427420000002,-83.30511887,official_emis,exact,unknown
CRI_003637,4221,CRI,C.T.P. DE LIMÓN,,2|3,,public,Costa Rica,Provincia Limón,Limon,Limón,urban,30,urban,9.99716814,-83.0431564,official_emis,exact,unknown
CRI_003638,4222,CRI,C.T.P. DE BATAÁN,,2|3,,public,Costa Rica,Provincia Limón,Matina,Batán,urban,23,urban,10.08405869,-83.34484549,official_emis,exact,unknown
CRI_003639,4223,CRI,C.T.P. DE TALAMANCA,,2|3,,public,Costa Rica,Provincia Limón,Talamanca,Bratsi,rural,13,rural,9.62314801,-82.85664342,official_emis,exact,unknown
CRI_003640,4224,CRI,C.T.P. VALLE ESTRELLA,,2|3,,public,Costa Rica,Provincia Limón,Limon,Valle La Estrella,rural,13,rural,9.73711119,-82.96096104,official_emis,exact,unknown
CRI_003641,4225,CRI,COLEGIO DEPORTIVO DE LIMÓN,,2|3,,public,Costa Rica,Provincia Limón,Limon,Limón,urban,21,peri_urban,9.98819145,-83.06670891,official_emis,exact,unknown
CRI_003642,4226,CRI,C.T.P. PADRE ROBERTO EVANS,,2|3,,public,Costa Rica,Provincia Limón,Siquirres,Siquirres,urban,23,urban,10.09143321,-83.50943345,official_emis,exact,unknown
CRI_003643,4227,CRI,C.T.P. DE POCOCÍ,,2|3,,public,Costa Rica,Provincia Limón,Pococi,Guápiles,urban,23,urban,10.21682925,-83.77950812,official_emis,exact,unknown
CRI_003644,4228,CRI,C.T.P. GUÁCIMO,,2|3,,public,Costa Rica,Provincia Limón,Guacimo,Guácimo,urban,21,peri_urban,10.21715785,-83.66834687,official_emis,exact,unknown
CRI_003645,4229,CRI,C.T.P. DE JACO,,2|3,,public,Costa Rica,Provincia Puntarenas,Garabito,Jacó,urban,12,rural,9.62776173,-84.6231437,official_emis,exact,unknown
CRI_003646,4230,CRI,C.T.P. DE PARRITA,,2|3,,public,Costa Rica,Provincia Puntarenas,Parrita,,urban,22,urban,9.52167142,-84.32697253,official_emis,exact,unknown
CRI_003647,4231,CRI,C.T.P. DE MATAPALO,,2|3,,public,Costa Rica,Provincia Puntarenas,Quepos,Savegre,rural,12,rural,9.33085114,-83.95880656,official_emis,exact,unknown
CRI_003648,4232,CRI,C.T.P. UPALA,,2|3,,public,Costa Rica,Provincia Alajuela,Upala,Upala,rural,21,peri_urban,10.90079314,-85.02539614,official_emis,exact,unknown
CRI_003649,4822,CRI,NOCTURNO JOSE JOAQUIN JIMENEZ NUÑEZ,,2|3,,public,Costa Rica,Provincia San José,Goicoechea,Guadalupe,urban,30,urban,9.94350864,-84.06152287,official_emis,exact,unknown
CRI_003650,4824,CRI,NOCTURNO DE HATILLO,,2|3,,public,Costa Rica,Provincia San José,San Jose,Hatillo,urban,30,urban,9.92195334,-84.10373486,official_emis,exact,unknown
CRI_003651,4825,CRI,NOCTURNO BRAULIO CARRILLO COLINA,,2|3,,public,Costa Rica,Provincia San José,Tibas,San Juan,urban,30,urban,9.95754211,-84.08078931,official_emis,exact,unknown
CRI_003652,4837,CRI,NOCTURNO DESAMPARADOS,,2|3,,public,Costa Rica,Provincia San José,Desamparados,Desamparados,urban,30,urban,9.90180761,-84.06707439,official_emis,exact,unknown
CRI_003653,4838,CRI,NOCTURNO DE PURISCAL,,2|3,,public,Costa Rica,Provincia San José,Puriscal,Santiago,urban,23,urban,9.84716076,-84.31321093,official_emis,exact,unknown
CRI_003654,4839,CRI,NOCTURNO DE CIUDAD COLON,,2|3,,public,Costa Rica,Provincia San José,Mora,Colón,urban,30,urban,9.91592088,-84.23558606,official_emis,exact,unknown
CRI_003655,4840,CRI,NOCTURNO DE PEREZ ZELEDON,,2|3,,public,Costa Rica,Provincia San José,Perez Zeledon,San Isidro de El General,urban,30,urban,9.38339536,-83.70467029,official_emis,exact,unknown
CRI_003656,4841,CRI,NOCTURNO DE BUENOS AIRES,,2|3,,public,Costa Rica,Provincia Puntarenas,Buenos Aires,Buenos Aires,urban,21,peri_urban,9.18092296,-83.3329013,official_emis,exact,unknown
CRI_003657,4842,CRI,NOCTURNO MIGUEL OBREGON LIZANO,,2|3,,public,Costa Rica,Provincia Alajuela,Alajuela,Alajuela,urban,30,urban,10.02043953,-84.21142248,official_emis,exact,unknown
CRI_003658,4843,CRI,NOCTURNO DE GRECIA,,2|3,,public,Costa Rica,Provincia Alajuela,Grecia,San Roque,urban,23,urban,10.08214199,-84.31264387,official_emis,exact,unknown
CRI_003659,4844,CRI,C.T.P. NOCTURNO CARLOS FALLAS SIBAJA,,2|3,,public,Costa Rica,Provincia Alajuela,Alajuela,Alajuela,urban,30,urban,10.03009391,-84.20488758,official_emis,exact,unknown
CRI_003660,4848,CRI,NOCTURNO DE PALMARES,,2|3,,public,Costa Rica,Provincia Alajuela,Palmeras,Palmares,urban,23,urban,10.05386587,-84.4348726,official_emis,exact,unknown
CRI_003661,4849,CRI,NOCTURNO JULIAN VOLIO LLORENTE,,2|3,,public,Costa Rica,Provincia Alajuela,San Ramon,San Rafael,rural,23,urban,10.07306781,-84.47329182,official_emis,exact,unknown
CRI_003662,4850,CRI,NOCTURNO DE NARANJO,,2|3,,public,Costa Rica,Provincia Alajuela,Naranjo,Naranjo,urban,21,peri_urban,10.10353738,-84.38485648,official_emis,exact,unknown
CRI_003663,4853,CRI,NOCTURNO DE CARTAGO,,2|3,,public,Costa Rica,Provincia Cartago,Cartago,Occidental,urban,30,urban,9.86289314,-83.92263097,official_emis,exact,unknown
CRI_003664,4854,CRI,SECCION NOCTURNA ACADEMICA DE PARAISO,,2|3,,public,Costa Rica,Provincia Cartago,Paraiso,Paraíso,urban,23,urban,9.83388236,-83.86794849,official_emis,exact,unknown
CRI_003665,4855,CRI,NOCTURNO DE LA UNION,,2|3,,public,Costa Rica,Provincia Cartago,La Union,Tres Ríos,urban,30,urban,9.90358756,-83.99496993,official_emis,exact,unknown
CRI_003666,4859,CRI,NOCTURNO PBRO. ENRIQUE MENZEL,,2|3,,public,Costa Rica,Provincia Cartago,Turrialba,Turrialba,urban,23,urban,9.90713422,-83.68663266,official_emis,exact,unknown
CRI_003667,4860,CRI,NOCTURNO ALFREDO GONZALEZ FLORES,,2|3,,public,Costa Rica,Provincia Heredia,Heredia,Heredia,urban,30,urban,9.99908348,-84.11550342,official_emis,exact,unknown
CRI_003668,4861,CRI,NOCTURNO HERMAN LOPEZ HERNANDEZ,,2|3,,public,Costa Rica,Provincia Heredia,Barva,Barva,urban,30,urban,10.02128537,-84.11975967,official_emis,exact,unknown
CRI_003669,4862,CRI,NOCTURNO DE RIO FRIO,,2|3,,public,Costa Rica,Provincia Heredia,Sarapiqui,Las Horquetas,rural,22,urban,10.320924,-83.90684816,official_emis,exact,unknown
CRI_003670,4867,CRI,NOCTURNO LA CRUZ,,2|3,,public,Costa Rica,Provincia Guanacaste,La Cruz,La Cruz,rural,22,urban,11.07628628,-85.63241777,official_emis,exact,unknown
CRI_003671,4869,CRI,NOCTURNO DE LIBERIA,,2|3,,public,Costa Rica,Provincia Guanacaste,Liberia,Liberia,urban,30,urban,10.63953681,-85.42976802,official_emis,exact,unknown
CRI_003672,4871,CRI,NOCTURNO DE NICOYA,,2|3,,public,Costa Rica,Provincia Guanacaste,Nicoya,Nicoya,urban,23,urban,10.138952,-85.45125419,official_emis,exact,unknown
CRI_003673,4872,CRI,NOCTURNO DE SANTA CRUZ,,2|3,,public,Costa Rica,Provincia Guanacaste,Santa Cruz,Santa Cruz,urban,23,urban,10.26447303,-85.58321116,official_emis,exact,unknown
CRI_003674,4874,CRI,NOCTURNO MAURILIO ALVARADO VARGAS,,2|3,,public,Costa Rica,Provincia Guanacaste,Tilaran,Tilarán,urban,23,urban,10.47361924,-84.96534969,official_emis,exact,unknown
CRI_003675,4875,CRI,NOCTURNO JUAN SANTAMARIA,,2|3,,public,Costa Rica,Provincia Guanacaste,Canas,Cañas,urban,23,urban,10.42819154,-85.08667131,official_emis,exact,unknown
CRI_003676,4877,CRI,NOCTURNO JOSE MARTI,,2|3,,public,Costa Rica,Provincia Puntarenas,Puntarenas,Puntarenas,urban,23,urban,9.9775985,-84.83552861,official_emis,exact,unknown
CRI_003677,4878,CRI,NOCTURNO DE ESPARZA,,2|3,,public,Costa Rica,Provincia Puntarenas,Esparza,Espíritu Santo,urban,23,urban,9.99248427,-84.66946126,official_emis,exact,unknown
CRI_003678,4881,CRI,NOCTURNO CIUDAD NEILY,,2|3,,public,Costa Rica,Provincia Puntarenas,Corredores,Corredor,urban,23,urban,8.6516495,-82.94416973,official_emis,exact,unknown
CRI_003679,4882,CRI,NOCTURNO DE GOLFITO,,2|3,,public,Costa Rica,Provincia Puntarenas,Golfito,Golfito,urban,22,urban,8.64825093,-83.18082989,official_emis,exact,unknown
CRI_003680,4883,CRI,NOCTURNO DE SAN VITO,,2|3,,public,Costa Rica,Provincia Puntarenas,Coto Brus,,rural,12,rural,8.829023680000002,-82.96273494,official_emis,exact,unknown
CRI_003681,4884,CRI,NOCTURNO DE OSA,,2|3,,public,Costa Rica,Provincia Puntarenas,Osa,Palmar,rural,22,urban,8.963752960000003,-83.45548162,official_emis,exact,unknown
CRI_003682,4888,CRI,NOCTURNO DE LA CUESTA,,2|3,,public,Costa Rica,Provincia Puntarenas,Corredores,La Cuesta,rural,12,rural,8.47157155,-82.85948133,official_emis,exact,unknown
CRI_003683,4889,CRI,NOCTURNO LIMON,,2|3,,public,Costa Rica,Provincia Limón,Limon,Limón,urban,30,urban,9.99948041,-83.03361919,official_emis,exact,unknown
CRI_003684,4890,CRI,NOCTURNO DE BATAAN,,2|3,,public,Costa Rica,Provincia Limón,Matina,Batán,rural,23,urban,10.08405869,-83.34484549,official_emis,exact,unknown
CRI_003685,4893,CRI,NOCTURNO DE POCOCI,,2|3,,public,Costa Rica,Provincia Limón,Pococi,Guápiles,urban,23,urban,10.21682925,-83.77950812,official_emis,exact,unknown
CRI_003686,4894,CRI,NOCTURNO DE GUACIMO,,2|3,,public,Costa Rica,Provincia Limón,Guacimo,Guácimo,urban,23,urban,10.21143751,-83.67591744,official_emis,exact,unknown
CRI_003687,4896,CRI,NOCTURNO DE QUEPOS,,2|3,,public,Costa Rica,Provincia Puntarenas,Quepos,Quepos,urban,21,peri_urban,9.45162576,-84.16633996,official_emis,exact,unknown
CRI_003688,4899,CRI,JAMAICA,,1,,public,Costa Rica,Provincia Alajuela,San Carlos,Pocosol,rural,12,rural,10.61403411,-84.53258709,official_emis,exact,unknown
CRI_003689,4901,CRI,LOURDES,,1,,public,Costa Rica,Provincia Alajuela,Guatuso,San Rafael,rural,11,rural,10.61014203,-84.80825411,official_emis,exact,unknown
CRI_003690,4913,CRI,LICEO DOS RIOS,,2|3,,public,Costa Rica,Provincia Alajuela,Upala,Dos Ríos,rural,12,rural,10.89368971,-85.37989335,official_emis,exact,unknown
CRI_003691,4915,CRI,LICEO RURAL CABECERAS,,2|3,,public,Costa Rica,Provincia Guanacaste,Tilaran,Quebrada Grande,rural,12,rural,10.35925692,-84.8779508,official_emis,exact,unknown
CRI_003692,4916,CRI,NOCTURNO CARLOS MELENDEZ CHAVERRI,,2|3,,public,Costa Rica,Provincia Heredia,Heredia,San Francisco,urban,30,urban,9.97874165,-84.11832187,official_emis,exact,unknown
CRI_003693,4917,CRI,RAFAEL VARGAS QUIROS,,1,,public,Costa Rica,Provincia San José,Tibas,Colima,urban,30,urban,9.95331242,-84.08703958,official_emis,exact,unknown
CRI_003694,4919,CRI,JUAN ENRIQUE PESTALOZZI,,1,,public,Costa Rica,Provincia San José,Goicoechea,Purral,urban,30,urban,9.9564581,-84.03227517,official_emis,exact,unknown
CRI_003695,4929,CRI,ARUBA,,1,,public,Costa Rica,Provincia San José,Desamparados,San Juan de Dios,urban,30,urban,9.88328082,-84.08598069,official_emis,exact,unknown
CRI_003696,4930,CRI,DOMINGO FAUSTINO SARMIENTO,,1,,public,Costa Rica,Provincia San José,Aserri,Salitrillos,urban,30,urban,9.85419181,-84.09181387,official_emis,exact,unknown
CRI_003697,4933,CRI,PUEBLO NUEVO,,1,,public,Costa Rica,Provincia San José,Puriscal,Chires,rural,11,rural,9.63160734,-84.47514366,official_emis,exact,unknown
CRI_003698,4934,CRI,EL PITAL,,1,,public,Costa Rica,Provincia San José,Turrubares,San Luis,rural,11,rural,9.81709541,-84.45554092,official_emis,exact,unknown
CRI_003699,4939,CRI,NAVAJUELAR,,1,,public,Costa Rica,Provincia San José,Perez Zeledon,Cajón,rural,12,rural,9.2919291,-83.59541146,official_emis,exact,unknown
CRI_003700,4940,CRI,SAN VICENTE Y LAS GRANADINAS,,1,,public,Costa Rica,Provincia Puntarenas,Buenos Aires,Pilas,rural,12,rural,9.13052388,-83.47518718,official_emis,exact,unknown
CRI_003701,4941,CRI,ANTILLAS NEERLANDESAS,,1,,public,Costa Rica,Provincia Puntarenas,Buenos Aires,Potrero Grande,rural,12,rural,9.08989745,-83.11865286,official_emis,exact,unknown
CRI_003702,4942,CRI,CRISTO REY,,1,,public,Costa Rica,Provincia San José,Perez Zeledon,San Isidro de El General,urban,30,urban,9.36254904,-83.70226272,official_emis,exact,unknown
CRI_003703,4943,CRI,GUADALUPE,,1,,public,Costa Rica,Provincia San José,Perez Zeledon,Rivas,rural,12,rural,9.42817941,-83.64665306,official_emis,exact,unknown
CRI_003704,4947,CRI,LEON CORTES CASTRO,,1,,public,Costa Rica,Provincia Alajuela,Grecia,San Roque,urban,23,urban,10.08172724,-84.31202779,official_emis,exact,unknown
CRI_003705,4948,CRI,EL SITIO,,1,,public,Costa Rica,Provincia Alajuela,Poas,San Rafael,rural,23,urban,10.08119501,-84.25893005,official_emis,exact,unknown
CRI_003706,4955,CRI,SAN LUIS,,1,,public,Costa Rica,Provincia Alajuela,Guatuso,San Rafael,rural,12,rural,10.68541186,-84.7405904,official_emis,exact,unknown
CRI_003707,4956,CRI,BAHAMAS,,1,,public,Costa Rica,Provincia Alajuela,San Carlos,Cutris,rural,12,rural,10.48198395,-84.42253556,official_emis,exact,unknown
CRI_003708,4957,CRI,DOMINICA,,1,,public,Costa Rica,Provincia Alajuela,Guatuso,San Rafael,rural,12,rural,10.67986777,-84.85798933,official_emis,exact,unknown
CRI_003709,4958,CRI,GRANADA,,1,,public,Costa Rica,Provincia Alajuela,Los Chiles,El Amparo,rural,12,rural,10.83664147,-84.65447203,official_emis,exact,unknown
CRI_003710,4964,CRI,SAN RAFAEL,,1,,public,Costa Rica,Provincia San José,Dota,Santa María,rural,12,rural,9.67153102,-83.97307762,official_emis,exact,unknown
CRI_003711,4967,CRI,DR. FERNANDO GUZMAN MATA,,1,,public,Costa Rica,Provincia Cartago,Cartago,Aguacaliente,urban,30,urban,9.84947335,-83.92085634,official_emis,exact,unknown
CRI_003712,4971,CRI,TULËSI,,1,,public,Costa Rica,Provincia Cartago,Turrialba,Chirripó,rural,11,rural,9.7053132,-83.43118878,official_emis,exact,unknown
CRI_003713,4972,CRI,JÄRËI,,1,,public,Costa Rica,Provincia Limón,Limon,Valle La Estrella,rural,11,rural,9.74972727,-83.3899035,official_emis,exact,unknown
CRI_003714,4973,CRI,SHINABLA,,1,,public,Costa Rica,Provincia Limón,Limon,Valle La Estrella,rural,11,rural,9.76263883,-83.29483963,official_emis,exact,unknown
CRI_003715,4974,CRI,TSIMARI,,1,,public,Costa Rica,Provincia Cartago,Turrialba,Chirripó,rural,11,rural,9.7059542,-83.5910307,official_emis,exact,unknown
CRI_003716,4978,CRI,REPUBLICA TRINIDAD Y TOBAGO,,1,,public,Costa Rica,Provincia Alajuela,Alajuela,Sarapiquí,rural,12,rural,10.40541534,-84.16378538,official_emis,exact,unknown
CRI_003717,4979,CRI,ROJOMACA,,1,,public,Costa Rica,Provincia Heredia,Sarapiqui,Puerto Viejo,rural,11,rural,10.53524674,-84.02375328,official_emis,exact,unknown
CRI_003718,4980,CRI,RIO MAGDALENA,,1,,public,Costa Rica,Provincia Heredia,Sarapiqui,La Virgen,rural,11,rural,10.53500737,-84.12533898,official_emis,exact,unknown
CRI_003719,4981,CRI,SAN FRANCISCO,,1,,public,Costa Rica,Provincia Heredia,San Isidro,San Francisco,urban,30,urban,10.00519059,-84.07178545,official_emis,exact,unknown
CRI_003720,4986,CRI,BERMUDAS,,1,,public,Costa Rica,Provincia Guanacaste,Liberia,Liberia,urban,12,rural,10.57243474,-85.40922163,official_emis,exact,unknown
CRI_003721,4987,CRI,LOS ÁNGELES,,1,,public,Costa Rica,Provincia Guanacaste,Bagaces,Mogote,rural,12,rural,10.72772005,-85.2214563,official_emis,exact,unknown
CRI_003722,4989,CRI,JULIA ACUÑA DE SOMARRIBAS,,1,,public,Costa Rica,Provincia Guanacaste,Liberia,Liberia,urban,12,rural,10.56648378,-85.39071399,official_emis,exact,unknown
CRI_003723,4993,CRI,SAN ISIDRO,,1,,public,Costa Rica,Provincia Guanacaste,Hojancha,Monte Romo,urban,11,rural,9.97653985,-85.40215913,official_emis,exact,unknown
CRI_003724,4995,CRI,JOSE MARTIN CARRILLO CASTRILLO,,1,,public,Costa Rica,Provincia Guanacaste,Hojancha,Huacas,rural,12,rural,10.02232138,-85.36575797,official_emis,exact,unknown
CRI_003725,4996,CRI,MONTE ROMO,,1,,public,Costa Rica,Provincia Guanacaste,Hojancha,Monte Romo,urban,12,rural,9.99730217,-85.38143556,official_emis,exact,unknown
CRI_003726,4997,CRI,PUERTO CARRILLO,,1,,public,Costa Rica,Provincia Guanacaste,Hojancha,Puerto Carrillo,rural,13,rural,9.86495267,-85.47662702,official_emis,exact,unknown
CRI_003727,5004,CRI,LAJAS,,1,,public,Costa Rica,Provincia Guanacaste,Canas,San Miguel,rural,12,rural,10.30628095,-85.06080539,official_emis,exact,unknown
CRI_003728,5006,CRI,LA PLAZA,,1,,public,Costa Rica,Provincia Guanacaste,Abangares,Sierra,rural,12,rural,10.35891673,-84.91614884,official_emis,exact,unknown
CRI_003729,5009,CRI,ARANCIBIA,,1,,public,Costa Rica,Provincia Puntarenas,Puntarenas,Arancibia,rural,12,rural,10.22946424,-84.69811529,official_emis,exact,unknown
CRI_003730,5010,CRI,EL ROBLE,,1,,public,Costa Rica,Provincia Puntarenas,Puntarenas,El Roble,urban,23,urban,9.98178716,-84.73589683,official_emis,exact,unknown
CRI_003731,5011,CRI,MANUEL MORA VALVERDE,,1,,public,Costa Rica,Provincia Puntarenas,Puntarenas,Barranca,urban,23,urban,9.96809572,-84.72479211,official_emis,exact,unknown
CRI_003732,5012,CRI,SAN RAMON DE ARIO,,1,,public,Costa Rica,Provincia Puntarenas,Puntarenas,Cóbano,rural,11,rural,9.74271337,-85.11130286,official_emis,exact,unknown
CRI_003733,5013,CRI,SAN PEDRO,,1,,public,Costa Rica,Provincia Puntarenas,Puntarenas,Paquera,rural,11,rural,9.72503423,-85.08346351,official_emis,exact,unknown
CRI_003734,5016,CRI,BALLENA,,1,,public,Costa Rica,Provincia Puntarenas,Osa,Bahía Ballena,rural,11,rural,9.12206635,-83.70472331,official_emis,exact,unknown
CRI_003735,5017,CRI,LA ESMERALDA,,1,,public,Costa Rica,Provincia Puntarenas,Coto Brus,,rural,12,rural,8.88223317,-82.8324576,official_emis,exact,unknown
CRI_003736,5018,CRI,CAÑA BLANCA,,1,,public,Costa Rica,Provincia Puntarenas,Golfito,Pavón,rural,11,rural,8.31528014,-83.04036182,official_emis,exact,unknown
CRI_003737,5021,CRI,SAND BOX,,1,,public,Costa Rica,Provincia Limón,Talamanca,Bratsi,rural,12,rural,9.61773337,-82.82301966,official_emis,exact,unknown
CRI_003738,5022,CRI,ALTO URÉN,,1,,public,Costa Rica,Provincia Limón,Talamanca,Telire,rural,11,rural,9.42740898,-82.98042982,official_emis,exact,unknown
CRI_003739,5023,CRI,OROCHICO,,1,,public,Costa Rica,Provincia Limón,Talamanca,Telire,rural,11,rural,9.58609739,-83.07322635,official_emis,exact,unknown
CRI_003740,5025,CRI,SAN CRISTÓBAL Y NEVIS,,1,,public,Costa Rica,Provincia Limón,Matina,Batán,urban,11,rural,10.13594664,-83.28715332,official_emis,exact,unknown
CRI_003741,5026,CRI,ALTOS DE GERMANIA,,1,,public,Costa Rica,Provincia Limón,Siquirres,Alegría,urban,12,rural,10.13123109,-83.5845195,official_emis,exact,unknown
CRI_003742,5027,CRI,BAJO BLEY,,1,,public,Costa Rica,Provincia Limón,Talamanca,Telire,rural,11,rural,9.61101129,-83.21553329,official_emis,exact,unknown
CRI_003743,5028,CRI,GRANO DE ORO,,1,,public,Costa Rica,Provincia Limón,Siquirres,Alegría,rural,22,urban,10.10812247,-83.57278883,official_emis,exact,unknown
CRI_003744,5029,CRI,PALMERA,,1,,public,Costa Rica,Provincia Limón,Matina,Matina,rural,11,rural,9.96444949,-83.29417324,official_emis,exact,unknown
CRI_003745,5030,CRI,POZO AZUL,,1,,public,Costa Rica,Provincia Limón,Matina,Matina,rural,11,rural,9.93928603,-83.27118795,official_emis,exact,unknown
CRI_003746,5031,CRI,SERINACH,,1,,public,Costa Rica,Provincia Limón,Matina,Matina,rural,11,rural,9.94216021,-83.28324409,official_emis,exact,unknown
CRI_003747,5032,CRI,PROYECTO PACUARE,,1,,public,Costa Rica,Provincia Limón,Limon,Limón,urban,30,urban,9.99962969,-83.0509454,official_emis,exact,unknown
CRI_003748,5033,CRI,NUEVO SANTO DOMINGO,,1,,public,Costa Rica,Provincia Limón,Siquirres,Siquirres,urban,11,rural,10.19685377,-83.36993178,official_emis,exact,unknown
CRI_003749,5036,CRI,LA ESPERANZA,,1,,public,Costa Rica,Provincia Heredia,Sarapiqui,Llanuras del Gaspar,rural,12,rural,10.76740984,-83.75831061,official_emis,exact,unknown
CRI_003750,5037,CRI,BARBADOS,,1,,public,Costa Rica,Provincia Limón,Pococi,Rita,rural,11,rural,10.50543046,-83.80600504,official_emis,exact,unknown
CRI_003751,5038,CRI,SARDINA,,1,,public,Costa Rica,Provincia Limón,Pococi,Colorado,rural,11,rural,10.62941452,-83.74343463,official_emis,exact,unknown
CRI_003752,5039,CRI,ESCOCIA,,1,,public,Costa Rica,Provincia Limón,Guacimo,Río Jiménez,rural,11,rural,10.24563996,-83.57992102,official_emis,exact,unknown
CRI_003753,5041,CRI,MACADAMIA,,1,,public,Costa Rica,Provincia Limón,Guacimo,Mercedes,urban,11,rural,10.12128996,-83.67336603,official_emis,exact,unknown
CRI_003754,5044,CRI,SAN GERARDO,,1,,public,Costa Rica,Provincia Puntarenas,Parrita,,urban,11,rural,9.63565106,-84.32200872,official_emis,exact,unknown
CRI_003755,5045,CRI,REPUBLICA DE GUYANA,,1,,public,Costa Rica,Provincia Puntarenas,Garabito,Tárcoles,urban,12,rural,9.77639177,-84.63453376,official_emis,exact,unknown
CRI_003756,5047,CRI,EL PILON,,1,,public,Costa Rica,Provincia Alajuela,Guatuso,Katira,rural,11,rural,10.71601345,-84.97738431,official_emis,exact,unknown
CRI_003757,5048,CRI,RIO NARANJO,,1,,public,Costa Rica,Provincia Guanacaste,Bagaces,Río Naranjo,rural,12,rural,10.68218636,-85.08984508,official_emis,exact,unknown
CRI_003758,5053,CRI,LABORATORIO TURRIALBA,,1,,public,Costa Rica,Provincia Cartago,Turrialba,Turrialba,urban,23,urban,9.90114122,-83.67319803,official_emis,exact,unknown
CRI_003759,5065,CRI,HOGAR DE NIÑOS TÍA TERE,,1,,public,Costa Rica,Provincia Limón,Pococi,Roxana,rural,21,peri_urban,10.28530478,-83.74900235,official_emis,exact,unknown
CRI_003760,5072,CRI,COLEGIO DE GRAVILIAS,,2|3,,public,Costa Rica,Provincia San José,Desamparados,Gravilias,urban,30,urban,9.89513083,-84.05971557,official_emis,exact,unknown
CRI_003761,5073,CRI,LICEO LA UVITA,,2|3,,public,Costa Rica,Provincia Puntarenas,Osa,Bahía Ballena,rural,13,rural,9.17309824,-83.7457872,official_emis,exact,unknown
CRI_003762,5075,CRI,LICEO FRANCISCO AMIGUETTE HERRERA,,2|3,,public,Costa Rica,Provincia Alajuela,San Carlos,Quesada,urban,21,peri_urban,10.36377755,-84.43490176,official_emis,exact,unknown
CRI_003763,5076,CRI,LICEO GASTON PERALTA CARRANZA,,2|3,,public,Costa Rica,Provincia Alajuela,San Carlos,Aguas Zarcas,rural,13,rural,10.46039972,-84.34461567,official_emis,exact,unknown
CRI_003764,5077,CRI,COLEGIO RODRIGO HERNÁNDEZ VARGAS,,2|3,,public,Costa Rica,Provincia Heredia,Barva,Barva,urban,30,urban,10.02128537,-84.11975967,official_emis,exact,unknown
CRI_003765,5079,CRI,LICEO VILLARREAL,,2|3,,public,Costa Rica,Provincia Guanacaste,Santa Cruz,Tamarindo,rural,13,rural,10.30152862,-85.80665836,official_emis,exact,unknown
CRI_003766,5080,CRI,COLEGIO JORGE VOLIO JIMENEZ,,2|3,,public,Costa Rica,Provincia Puntarenas,Coto Brus,,rural,12,rural,8.88632588,-82.81558917,official_emis,exact,unknown
CRI_003767,5082,CRI,C.T.P. MARIO QUIROS SASSO,,2|3,,public,Costa Rica,Provincia Cartago,La Union,Tres Ríos,urban,30,urban,9.90369498,-83.99497837,official_emis,exact,unknown
CRI_003768,5121,CRI,LICEO RURAL LAS CEIBAS,,2|3,,public,Costa Rica,Provincia San José,Acosta,Cangrejal,rural,12,rural,9.77486402,-84.17226261,official_emis,exact,unknown
CRI_003769,5125,CRI,LICEO RURAL CHÁNGUENA,,2|3,,public,Costa Rica,Provincia Puntarenas,Buenos Aires,Chánguena,rural,12,rural,8.937432640000003,-83.20143189,official_emis,exact,unknown
CRI_003770,5128,CRI,LICEO RURAL RÍO NUEVO,,2|3,,public,Costa Rica,Provincia San José,Perez Zeledon,Río Nuevo,rural,12,rural,9.43414716,-83.84303655,official_emis,exact,unknown
CRI_003771,5129,CRI,LICEO RURAL EL JARDÍN,,2|3,,public,Costa Rica,Provincia San José,Perez Zeledon,Páramo,rural,12,rural,9.55705082,-83.70584129,official_emis,exact,unknown
CRI_003772,5131,CRI,LICEO CONCEPCIÓN DANIEL FLORES,,2|3,,public,Costa Rica,Provincia San José,Perez Zeledon,Daniel Flores,urban,12,rural,9.23432128,-83.65851335,official_emis,exact,unknown
CRI_003773,5132,CRI,LICEO RURAL MAÍZ DE LOS UVA,,2|3,,public,Costa Rica,Provincia Puntarenas,Buenos Aires,Colinas,rural,12,rural,9.04255231,-83.44233235,official_emis,exact,unknown
CRI_003774,5133,CRI,LICEO RURAL LOS ÁNGELES DE PÁRAMO,,2|3,,public,Costa Rica,Provincia San José,Perez Zeledon,Páramo,rural,12,rural,9.47923811,-83.80146885,official_emis,exact,unknown
CRI_003775,5134,CRI,LICEO RURAL SANTA EDUVIGES,,2|3,,public,Costa Rica,Provincia Puntarenas,Buenos Aires,Buenos Aires,urban,12,rural,9.11535945,-83.24390562,official_emis,exact,unknown
CRI_003776,5136,CRI,COLEGIO DE UJARRÁS,,2|3,,public,Costa Rica,Provincia Puntarenas,Buenos Aires,Buenos Aires,urban,12,rural,9.23507678,-83.29746273,official_emis,exact,unknown
CRI_003777,5137,CRI,LICEO LA GUACIMA,,2|3,,public,Costa Rica,Provincia Alajuela,Alajuela,Guácima,urban,21,peri_urban,9.9359922,-84.26703995,official_emis,exact,unknown
CRI_003778,5139,CRI,LICEO  POASITO,,2|3,,public,Costa Rica,Provincia Alajuela,Alajuela,Sabanilla,rural,13,rural,10.1636395,-84.19523084,official_emis,exact,unknown
CRI_003779,5142,CRI,LICEO RURAL SAN JORGE,,2|3,,public,Costa Rica,Provincia Alajuela,Los Chiles,San Jorge,rural,12,rural,10.70949314,-84.67858641,official_emis,exact,unknown
CRI_003780,5144,CRI,TELESECUNDARIA PONGOLA,,2|3,,public,Costa Rica,Provincia Heredia,Sarapiqui,La Virgen,rural,11,rural,10.5690984,-84.14165313,official_emis,exact,unknown
CRI_003781,5145,CRI,LICEO RURAL SAN JOAQUIN DE CUTRIS,,2|3,,public,Costa Rica,Provincia Alajuela,San Carlos,Cutris,rural,12,rural,10.68057935,-84.44771368,official_emis,exact,unknown
CRI_003782,5146,CRI,LICEO RURAL EL CONCHO,,2|3,,public,Costa Rica,Provincia Alajuela,San Carlos,Pocosol,rural,11,rural,10.820854,-84.443792,official_emis,exact,unknown
CRI_003783,5148,CRI,LICEO RURAL SAN RAFAEL,,2|3,,public,Costa Rica,Provincia Alajuela,San Carlos,Pocosol,rural,11,rural,10.7403137,-84.49926147,official_emis,exact,unknown
CRI_003784,5149,CRI,LICEO RURAL MEDIO QUESO,,2|3,,public,Costa Rica,Provincia Alajuela,Los Chiles,Los Chiles,rural,12,rural,10.96640156,-84.62076652,official_emis,exact,unknown
CRI_003785,5150,CRI,LICEO RURAL SAN MARCOS,,2|3,,public,Costa Rica,Provincia Alajuela,San Carlos,Cutris,rural,11,rural,10.6014145,-84.38871895,official_emis,exact,unknown
CRI_003786,5151,CRI,LICEO BUENOS AIRES DE POCOSOL,,2|3,,public,Costa Rica,Provincia Alajuela,San Carlos,Pocosol,rural,11,rural,10.57895767,-84.50158172,official_emis,exact,unknown
CRI_003787,5152,CRI,LICEO RURAL VERACRUZ,,2|3,,public,Costa Rica,Provincia Alajuela,Los Chiles,Caño Negro,rural,12,rural,10.85939498,-84.86820757,official_emis,exact,unknown
CRI_003788,5154,CRI,LICEO RURAL SAN JOAQUIN,,2|3,,public,Costa Rica,Provincia Cartago,Turrialba,Tuis,rural,12,rural,9.87846428,-83.5380356,official_emis,exact,unknown
CRI_003789,5155,CRI,LICEO RURAL PACAYITAS,,2|3,,public,Costa Rica,Provincia Cartago,Turrialba,La Suiza,urban,12,rural,9.88669413,-83.58318412,official_emis,exact,unknown
CRI_003790,5156,CRI,LICEO RURAL GRANO DE ORO,,2|3,,public,Costa Rica,Provincia Cartago,Turrialba,Chirripó,rural,13,rural,9.81826894,-83.45521126,official_emis,exact,unknown
CRI_003791,5159,CRI,LICEO SAMARA,,2|3,,public,Costa Rica,Provincia Guanacaste,Nicoya,Sámara,rural,13,rural,9.87462554,-85.50760763,official_emis,exact,unknown
CRI_003792,5161,CRI,LICEO RURAL LA ESPERANZA,,2|3,,public,Costa Rica,Provincia Guanacaste,Nicoya,Nicoya,urban,11,rural,10.14695453,-85.56240767,official_emis,exact,unknown
CRI_003793,5162,CRI,TELESECUNDARIA OSTIONAL,,2|3,,public,Costa Rica,Provincia Guanacaste,Santa Cruz,Cuajiniquil,rural,12,rural,9.99869284,-85.70355201,official_emis,exact,unknown
CRI_003794,5163,CRI,LICEO RURAL MARBELLA,,2|3,,public,Costa Rica,Provincia Guanacaste,Santa Cruz,Cuajiniquil,rural,12,rural,10.09080697,-85.76213418,official_emis,exact,unknown
CRI_003795,5165,CRI,LICEO RURAL ISLA VENADO,,2|3,,public,Costa Rica,Provincia Puntarenas,Puntarenas,Lepanto,rural,12,rural,9.9893887,-85.07544364,official_emis,exact,unknown
CRI_003796,5166,CRI,LICEO FINCA ALAJUELA,,2|3,,public,Costa Rica,Provincia Puntarenas,Osa,Piedras Blancas,rural,12,rural,8.78287776,-83.25698988,official_emis,exact,unknown
CRI_003797,5167,CRI,TELESECUNDARIA BAHIA DRAKE,,2|3,,public,Costa Rica,Provincia Puntarenas,Osa,Bahía Drake,rural,12,rural,8.69027427,-83.66590291,official_emis,exact,unknown
CRI_003798,5168,CRI,LICEO RURAL BOCA DE SIERPE,,2|3,,public,Costa Rica,Provincia Puntarenas,Osa,Sierpe,rural,12,rural,8.86139688,-83.47189374,official_emis,exact,unknown
CRI_003799,5170,CRI,LICEO RURAL BARRA PARISMINA,,2|3,,public,Costa Rica,Provincia Limón,Siquirres,Siquirres,urban,12,rural,10.30469724,-83.35138324,official_emis,exact,unknown
CRI_003800,5171,CRI,LICEO RURAL GAVILÁN,,2|3,,public,Costa Rica,Provincia Limón,Limon,Valle La Estrella,rural,12,rural,9.72514245,-83.05464435,official_emis,exact,unknown
CRI_003801,5173,CRI,LICEO RURAL CAHUITA,,2|3,,public,Costa Rica,Provincia Limón,Talamanca,Cahuita,rural,13,rural,9.73826396,-82.84149691,official_emis,exact,unknown
CRI_003802,5176,CRI,LICEO RURAL BARRA DE TORTUGUERO,,2|3,,public,Costa Rica,Provincia Limón,Pococi,Colorado,rural,13,rural,10.5386355,-83.50209185,official_emis,exact,unknown
CRI_003803,5177,CRI,LICEO RURAL EL PORVENIR,,2|3,,public,Costa Rica,Provincia Alajuela,Upala,Aguas Claras,rural,12,rural,10.92349344,-85.23642915,official_emis,exact,unknown
CRI_003804,5178,CRI,LICEO LAS DELICIAS,,2|3,,public,Costa Rica,Provincia Alajuela,Upala,Delicias,rural,12,rural,10.95788278,-85.03712727,official_emis,exact,unknown
CRI_003805,5284,CRI,NOCTURNO PACIFICO SUR,,2|3,,public,Costa Rica,Provincia Puntarenas,Osa,Puerto Cortés,urban,13,rural,8.97787175,-83.53131252,official_emis,exact,unknown
CRI_003806,5288,CRI,LICEO RURAL MANZANILLO,,2|3,,public,Costa Rica,Provincia Puntarenas,Puntarenas,Manzanillo,rural,12,rural,10.13093811,-85.01983588,official_emis,exact,unknown
CRI_003807,5289,CRI,LICEO RURAL DE CEDRAL,,2|3,,public,Costa Rica,Provincia Puntarenas,Montes de Oro,La Unión,rural,12,rural,10.21241118,-84.67759031,official_emis,exact,unknown
CRI_003808,5290,CRI,LICEO DE CASCAJAL,,2|3,,public,Costa Rica,Provincia San José,Vazquez de Coronado,San Rafael,urban,21,peri_urban,9.98817388,-83.95570506,official_emis,exact,unknown
CRI_003809,5291,CRI,LICEO RURAL BIJAGUAL,,2|3,,public,Costa Rica,Provincia San José,Aserri,Legua,rural,12,rural,9.65204712,-84.18813966,official_emis,exact,unknown
CRI_003810,5293,CRI,LICEO RURAL BOCA TAPADA,,2|3,,public,Costa Rica,Provincia Alajuela,San Carlos,Pital,rural,12,rural,10.67719671,-84.23162199,official_emis,exact,unknown
CRI_003811,5294,CRI,LICEO RURAL USEKLA,,2|3,,public,Costa Rica,Provincia Limón,Limon,Valle La Estrella,rural,12,rural,9.61482417,-83.00190359,official_emis,exact,unknown
CRI_003812,5295,CRI,LICEO LA PERLA,,2|3,,public,Costa Rica,Provincia Limón,Siquirres,Pacuarito,rural,12,rural,10.18005411,-83.37842496,official_emis,exact,unknown
CRI_003813,5296,CRI,LICEO RURAL SALVADOR DURAN OCAMPO,,2|3,,public,Costa Rica,Provincia Heredia,Sarapiqui,Puerto Viejo,rural,12,rural,10.48083835,-83.90975877,official_emis,exact,unknown
CRI_003814,5297,CRI,COLEGIO LA PALMA,,2|3,,public,Costa Rica,Provincia Puntarenas,Puerto Jimenez,Puerto Jiménez,rural,12,rural,8.63914133,-83.44237507,official_emis,exact,unknown
CRI_003815,5299,CRI,LICEO CANAÁN,,2|3,,public,Costa Rica,Provincia San José,Perez Zeledon,Rivas,rural,12,rural,9.45606369,-83.60564764,official_emis,exact,unknown
CRI_003816,5300,CRI,LICEO LAS ESPERANZAS,,2|3,,public,Costa Rica,Provincia San José,Perez Zeledon,San Isidro de El General,urban,12,rural,9.2738275,-83.70290407,official_emis,exact,unknown
CRI_003817,5301,CRI,LICEO PLATANILLO DE BARÚ,,2|3,,public,Costa Rica,Provincia San José,Perez Zeledon,Barú,rural,12,rural,9.28904673,-83.80073505,official_emis,exact,unknown
CRI_003818,5302,CRI,LICEO LOS ANGELES,,2|3,,public,Costa Rica,Provincia Alajuela,San Carlos,Pital,rural,12,rural,10.50996234,-84.30176117,official_emis,exact,unknown
CRI_003819,5303,CRI,LICEO CAPITAN MANUEL QUIROS,,2|3,,public,Costa Rica,Provincia Alajuela,San Carlos,Cutris,rural,13,rural,10.72239188,-84.38990219,official_emis,exact,unknown
CRI_003820,5304,CRI,LICEO NICOLAS AGUILAR MURILLO,,2|3,,public,Costa Rica,Provincia Alajuela,San Carlos,Monterrey,rural,12,rural,10.55565932,-84.65463743,official_emis,exact,unknown
CRI_003821,5305,CRI,TSIPIRI ÑAK,,1,,public,Costa Rica,Provincia Cartago,Turrialba,Chirripó,rural,11,rural,9.81771689,-83.40165604,official_emis,exact,unknown
CRI_003822,5306,CRI,NIMARI TÄWÄ,,1,,public,Costa Rica,Provincia Cartago,Turrialba,Chirripó,rural,11,rural,9.83378657,-83.49988578,official_emis,exact,unknown
CRI_003823,5307,CRI,VILLA DAMARIS,,1,,public,Costa Rica,Provincia Cartago,Turrialba,Chirripó,rural,12,rural,9.80350384,-83.44604577,official_emis,exact,unknown
CRI_003824,5308,CRI,KARKO,,1,,public,Costa Rica,Provincia Cartago,Turrialba,Chirripó,rural,11,rural,9.8946542,-83.45437037,official_emis,exact,unknown
CRI_003825,5309,CRI,YÖLDI KICHA,,1,,public,Costa Rica,Provincia Cartago,Turrialba,Chirripó,rural,11,rural,9.75923978,-83.51080752,official_emis,exact,unknown
CRI_003826,5310,CRI,MANZANILLO,,1,,public,Costa Rica,Provincia Limón,Limon,Valle La Estrella,rural,11,rural,9.64620412,-83.45058778,official_emis,exact,unknown
CRI_003827,5311,CRI,SHUKËBACHARI,,1,,public,Costa Rica,Provincia Limón,Turrialba,Chirripó,rural,11,rural,9.74441863,-83.39791565,official_emis,exact,unknown
CRI_003828,5312,CRI,SHORDI,,1,,public,Costa Rica,Provincia Limón,Limon,Valle La Estrella,rural,11,rural,9.77763625,-83.32348767,official_emis,exact,unknown
CRI_003829,5313,CRI,SHIKIARI TÄWÄ,,1,,public,Costa Rica,Provincia Limón,Limon,Valle La Estrella,rural,11,rural,9.77233226,-83.35360974,official_emis,exact,unknown
CRI_003830,5314,CRI,EL BARRO,,1,,public,Costa Rica,Provincia San José,Turrubares,San Juan de Mata,rural,12,rural,9.86113091,-84.53343895,official_emis,exact,unknown
CRI_003831,5315,CRI,CALIENTA TIGRA,,1,,public,Costa Rica,Provincia Puntarenas,Buenos Aires,Boruca,rural,12,rural,9.01965316,-83.36106335,official_emis,exact,unknown
CRI_003832,5316,CRI,LICEO CAPITÁN RAMÓN RIVAS,,2|3,,public,Costa Rica,Provincia Limón,Limon,Valle La Estrella,rural,13,rural,9.87622745,-83.0013017,official_emis,exact,unknown
CRI_003833,5317,CRI,LICEO CANALETE,,2|3,,public,Costa Rica,Provincia Alajuela,Upala,Canalete,rural,12,rural,10.83497273,-85.05510136,official_emis,exact,unknown
CRI_003834,5318,CRI,LICEO CORONEL MANUEL ARGÜELLO,,2|3,,public,Costa Rica,Provincia San José,Turrubares,Carara,rural,12,rural,9.72621828,-84.56804206,official_emis,exact,unknown
CRI_003835,5319,CRI,LA RIVERA,,1,,public,Costa Rica,Provincia Alajuela,Guatuso,San Rafael,rural,12,rural,10.68161021,-84.87958968,official_emis,exact,unknown
CRI_003836,5320,CRI,SANTA TERESITA,,1,,public,Costa Rica,Provincia Guanacaste,Nicoya,Nosara,rural,12,rural,9.98066021,-85.63370617,official_emis,exact,unknown
CRI_003837,5321,CRI,ROXANA,,1,,public,Costa Rica,Provincia Guanacaste,Nandayure,Santa Rita,rural,12,rural,10.05856986,-85.27646908,official_emis,exact,unknown
CRI_003838,5322,CRI,EL GUAPOTE,,1,,public,Costa Rica,Provincia Guanacaste,Santa Cruz,Veintisiete de Abril,rural,12,rural,10.23111125,-85.72461673,official_emis,exact,unknown
CRI_003839,5324,CRI,JOSE JOAQUIN MORA PORRAS,,1,,public,Costa Rica,Provincia Puntarenas,Puntarenas,El Roble,urban,23,urban,9.98647431,-84.73260796,official_emis,exact,unknown
CRI_003840,5325,CRI,OROCU,,1,,public,Costa Rica,Provincia Puntarenas,Puntarenas,Chomes,rural,11,rural,10.06890057,-84.91365936,official_emis,exact,unknown
CRI_003841,5326,CRI,DOS RAMAS,,1,,public,Costa Rica,Provincia Limón,Matina,Batán,urban,11,rural,10.03638759,-83.41279826,official_emis,exact,unknown
CRI_003842,5327,CRI,EL ENCANTO,,1,,public,Costa Rica,Provincia Limón,Pococi,Cariari,urban,21,peri_urban,10.39329002,-83.72100293,official_emis,exact,unknown
CRI_003843,5328,CRI,LOS NARANJOS,,1,,public,Costa Rica,Provincia Limón,Guacimo,Guácimo,urban,23,urban,10.21407569,-83.67683806,official_emis,exact,unknown
CRI_003844,5329,CRI,LAGUNA DEL TORTUGUERO,,1,,public,Costa Rica,Provincia Limón,Pococi,Colorado,urban,12,rural,10.57720964,-83.52269175,official_emis,exact,unknown
CRI_003845,5330,CRI,LA PRADERA,,1,,public,Costa Rica,Provincia Alajuela,Poas,Sabana Redonda,rural,13,rural,10.1282113,-84.20832647,official_emis,exact,unknown
CRI_003846,5331,CRI,CEBADILLA,,1,,public,Costa Rica,Provincia Alajuela,Orotina,Coyolar,rural,21,peri_urban,9.8816001,-84.59587768,official_emis,exact,unknown
CRI_003847,5332,CRI,SAN JUAN DE DIOS HIGUITO,,1,,public,Costa Rica,Provincia Alajuela,San Mateo,San Mateo,rural,11,rural,9.96910668,-84.55948196,official_emis,exact,unknown
CRI_003848,5333,CRI,LIMONCITO DE CUTRIS,,1,,public,Costa Rica,Provincia Alajuela,San Carlos,Cutris,rural,11,rural,10.71777392,-84.35967237,official_emis,exact,unknown
CRI_003849,5334,CRI,LA CAJETA,,1,,public,Costa Rica,Provincia Alajuela,San Carlos,Cutris,rural,12,rural,10.53224263,-84.44664909,official_emis,exact,unknown
CRI_003850,5342,CRI,LOS FILTROS,,1,,public,Costa Rica,Provincia San José,Alajuelita,San Antonio,urban,30,urban,9.88646919,-84.10842896,official_emis,exact,unknown
CRI_003851,5343,CRI,PLAYA GRANDE,,1,,public,Costa Rica,Provincia Guanacaste,Santa Cruz,Cabo Velas,rural,12,rural,10.33985458,-85.84530622,official_emis,exact,unknown
CRI_003852,5344,CRI,SAN FRANCISCO,,1,,public,Costa Rica,Provincia Puntarenas,Buenos Aires,Buenos Aires,urban,11,rural,9.22506345,-83.23386519,official_emis,exact,unknown
CRI_003853,5346,CRI,LA RIVIERA,,1,,public,Costa Rica,Provincia Puntarenas,Esparza,Espíritu Santo,urban,23,urban,9.99807575,-84.66470438,official_emis,exact,unknown
CRI_003854,5347,CRI,LICEO RURAL BUENA VISTA,,2|3,,public,Costa Rica,Provincia San José,Perez Zeledon,Rivas,rural,12,rural,9.50116526,-83.66349927,official_emis,exact,unknown
CRI_003855,5348,CRI,ESCUELA I.D.A. CAÑA BLANCA,,1,,public,Costa Rica,Provincia Puntarenas,Osa,Palmar,rural,12,rural,8.96799745,-83.47266589,official_emis,exact,unknown
CRI_003856,5350,CRI,LICEO SABANILLAS,,2|3,,public,Costa Rica,Provincia Puntarenas,Coto Brus,,rural,12,rural,8.87030232,-83.05709794,official_emis,exact,unknown
CRI_003857,5354,CRI,BRIS,,1,,public,Costa Rica,Provincia Limón,Talamanca,Telire,rural,11,rural,9.51802103,-82.89989952,official_emis,exact,unknown
CRI_003858,5355,CRI,SANTA CRUZ,,1,,public,Costa Rica,Provincia San José,Perez Zeledon,El General,rural,11,rural,9.40917217,-83.6371431,official_emis,exact,unknown
CRI_003859,5356,CRI,TELESECUNDARIA LOS ARBOLITOS,,2|3,,public,Costa Rica,Provincia Heredia,Sarapiqui,Puerto Viejo,rural,12,rural,10.64877132,-83.99392475,official_emis,exact,unknown
CRI_003860,5358,CRI,SANTA CRUZ-EL TABLAZO,,1,,public,Costa Rica,Provincia Guanacaste,Carrillo,Sardinal,urban,12,rural,10.53994298,-85.60044248,official_emis,exact,unknown
CRI_003861,5449,CRI,CALLE LA LUCHA,,1,,public,Costa Rica,Provincia Heredia,Sarapiqui,La Virgen,rural,12,rural,10.46037913,-84.11167096,official_emis,exact,unknown
CRI_003862,5455,CRI,TAMBOR,,1,,public,Costa Rica,Provincia Heredia,,Cureña,rural,12,rural,10.73141159,-83.96941438,official_emis,exact,unknown
CRI_003863,5457,CRI,SAN RAFAEL,,1,,public,Costa Rica,Provincia Puntarenas,Osa,Palmar,rural,11,rural,8.91195604,-83.34140888,official_emis,exact,unknown
CRI_003864,5501,CRI,SAN FRANCISCO DE ASÍS,,1,,public,Costa Rica,Provincia San José,Perez Zeledon,Daniel Flores,urban,21,peri_urban,9.34358073,-83.68470665,official_emis,exact,unknown
CRI_003865,5516,CRI,REPUBLICA PERU-VITALIA MADRIGAL,,1,,public,Costa Rica,Provincia San José,San Jose,Carmen,urban,30,urban,9.93503057,-84.07562141,official_emis,exact,unknown
CRI_003866,5520,CRI,LOS ÁNGELES,,1,,public,Costa Rica,Provincia Guanacaste,Liberia,Mayorga,rural,11,rural,10.86483315,-85.41947035,official_emis,exact,unknown
CRI_003867,5521,CRI,SIPAR,,1,,public,Costa Rica,Provincia Puntarenas,Buenos Aires,Buenos Aires,urban,11,rural,9.23944587,-83.24720757,official_emis,exact,unknown
CRI_003868,5522,CRI,CARTAGO,,1,,public,Costa Rica,Provincia Puntarenas,Buenos Aires,Potrero Grande,urban,11,rural,9.23139735,-83.19815721,official_emis,exact,unknown
CRI_003869,5523,CRI,SANTA MARÍA,,1,,public,Costa Rica,Provincia Puntarenas,Buenos Aires,Buenos Aires,urban,11,rural,9.23544056,-83.32764444,official_emis,exact,unknown
CRI_003870,5524,CRI,QUEBRADAS ARRIBA,,1,,public,Costa Rica,Provincia San José,Perez Zeledon,Páramo,urban,12,rural,9.43858491,-83.70295317,official_emis,exact,unknown
CRI_003871,5525,CRI,I.D.A. JERUSALEN,,1,,public,Costa Rica,Provincia Heredia,Sarapiqui,Puerto Viejo,rural,12,rural,10.63310229,-83.92278087,official_emis,exact,unknown
CRI_003872,5526,CRI,COOPEY,,1,,public,Costa Rica,Provincia Puntarenas,Coto Brus,,rural,11,rural,8.82702527,-83.06769334,official_emis,exact,unknown
CRI_003873,5527,CRI,DURIÑAK,,1,,public,Costa Rica,Provincia Limón,Talamanca,Telire,rural,11,rural,9.47191227,-83.02490329,official_emis,exact,unknown
CRI_003874,5528,CRI,BUENAVENTURA,,1,,public,Costa Rica,Provincia Limón,Pococi,Rita,rural,12,rural,10.45005544,-83.76133999,official_emis,exact,unknown
CRI_003875,5529,CRI,LOS PLANCITOS,,1,,public,Costa Rica,Provincia Puntarenas,Corredores,Laurel,rural,11,rural,8.36117854,-83.01195391,official_emis,exact,unknown
CRI_003876,5530,CRI,LICEO SAN FRANCISCO,,2|3,,public,Costa Rica,Provincia San José,Perez Zeledon,Cajón,rural,12,rural,9.32161624,-83.60059176,official_emis,exact,unknown
CRI_003877,5531,CRI,LICEO CONCEPCIÓN,,2|3,,public,Costa Rica,Provincia Puntarenas,Quepos,Naranjito,rural,11,rural,9.48561843,-84.13510788,official_emis,exact,unknown
CRI_003878,5532,CRI,LICEO BOCA DE ARENAL,,2|3,,public,Costa Rica,Provincia Alajuela,San Carlos,Cutris,rural,13,rural,10.53372369,-84.47831243,official_emis,exact,unknown
CRI_003879,5533,CRI,EXPERIMENTAL BILINGÜE DE LOS ÁNGELES,,2|3,,public,Costa Rica,Provincia Alajuela,San Carlos,La Fortuna,urban,13,rural,10.45577642,-84.56156481,official_emis,exact,unknown
CRI_003880,5534,CRI,CEDRAL ARRIBA,,1,,public,Costa Rica,Provincia San José,Aserri,Tarbaca,rural,12,rural,9.83164593,-84.13413496,official_emis,exact,unknown
CRI_003881,5535,CRI,LICEO DE GUARDIA,,2|3,,public,Costa Rica,Provincia Guanacaste,Liberia,Nacascolo,urban,13,rural,10.56201725,-85.5846011,official_emis,exact,unknown
CRI_003882,5536,CRI,COLEGIO BARRA DE COLORADO,,2|3,,public,Costa Rica,Provincia Limón,Pococi,Colorado,rural,12,rural,10.77102802,-83.59575446,official_emis,exact,unknown
CRI_003883,5547,CRI,LINDA VISTA,,1,,public,Costa Rica,Provincia San José,Perez Zeledon,Rivas,rural,13,rural,9.41951148,-83.66846797,official_emis,exact,unknown
CRI_003884,5548,CRI,DULCE NOMBRE,,1,,public,Costa Rica,Provincia Alajuela,San Ramon,Volio,rural,12,rural,10.1438462,-84.44666297,official_emis,exact,unknown
CRI_003885,5549,CRI,LAS DELICIAS,,1,,public,Costa Rica,Provincia Alajuela,San Carlos,Monterrey,rural,11,rural,10.58564732,-84.64254159,official_emis,exact,unknown
CRI_003886,5550,CRI,UKA TIPËY,,1,,public,Costa Rica,Provincia Limón,Limon,Valle La Estrella,rural,11,rural,9.72213395,-83.34400866,official_emis,exact,unknown
CRI_003887,5551,CRI,JAMEIKÄRI YOKSORO,,1,,public,Costa Rica,Provincia Limón,Siquirres,Pacuarito,rural,11,rural,10.01584247,-83.49671368,official_emis,exact,unknown
CRI_003888,5552,CRI,EL BAMBU,,1,,public,Costa Rica,Provincia Heredia,Sarapiqui,Las Horquetas,rural,12,rural,10.33879359,-83.94006734,official_emis,exact,unknown
CRI_003889,5553,CRI,EL CHILE,,1,,public,Costa Rica,Provincia Guanacaste,Bagaces,Bagaces,urban,12,rural,10.54290549,-85.2465358,official_emis,exact,unknown
CRI_003890,5554,CRI,BAMBEL #1,,1,,public,Costa Rica,Provincia Puntarenas,Golfito,Guaycará,urban,12,rural,8.651500220000003,-83.04893316,official_emis,exact,unknown
CRI_003891,5555,CRI,SAVEGRE,,1,,public,Costa Rica,Provincia Puntarenas,Quepos,Naranjito,rural,12,rural,9.42161428,-84.04609284,official_emis,exact,unknown
CRI_003892,5560,CRI,LINDA VISTA,,1,,public,Costa Rica,Provincia Heredia,Sarapiqui,La Virgen,rural,12,rural,10.44542616,-84.05594041,official_emis,exact,unknown
CRI_003893,5561,CRI,EL PELONCITO,,1,,public,Costa Rica,Provincia Guanacaste,Liberia,Liberia,urban,30,urban,10.62242417,-85.43286109,official_emis,exact,unknown
CRI_003894,5562,CRI,PORTICA,,1,,public,Costa Rica,Provincia Limón,Pococi,Rita,rural,12,rural,10.41608673,-83.79286081,official_emis,exact,unknown
CRI_003895,5563,CRI,PUEBLO NUEVO,,1,,public,Costa Rica,Provincia Limón,Sarapiqui,Colorado,rural,12,rural,10.61331465,-83.84392253,official_emis,exact,unknown
CRI_003896,5564,CRI,MRUSARA,,1,,public,Costa Rica,Provincia Puntarenas,Coto Brus,,rural,11,rural,8.79079179,-83.06092371,official_emis,exact,unknown
CRI_003897,5565,CRI,LOS ÁNGELES,,1,,public,Costa Rica,Provincia Puntarenas,Buenos Aires,Colinas,rural,11,rural,9.05426028,-83.48091727,official_emis,exact,unknown
CRI_003898,5566,CRI,SAN FRANCISCO,,1,,public,Costa Rica,Provincia Alajuela,Los Chiles,El Amparo,rural,12,rural,10.83159451,-84.63040679,official_emis,exact,unknown
CRI_003899,5567,CRI,LICEO VENECIA,,2|3,,public,Costa Rica,Provincia Limón,Matina,Carrandí,rural,22,urban,10.02613905,-83.24329438,official_emis,exact,unknown
CRI_003900,5568,CRI,COLEGIO SEPECUE,,2|3,,public,Costa Rica,Provincia Limón,Talamanca,Telire,rural,11,rural,9.55856851,-82.98841153,official_emis,exact,unknown
CRI_003901,5569,CRI,MARIA RAFFOLS,,1,,public,Costa Rica,Provincia Guanacaste,Abangares,Las Juntas,rural,12,rural,10.3150178,-85.0457789,official_emis,exact,unknown
CRI_003902,5570,CRI,EL ROBLE,,1,,public,Costa Rica,Provincia Guanacaste,Tilaran,Tilarán,rural,13,rural,10.49743595,-84.9383867,official_emis,exact,unknown
CRI_003903,5573,CRI,SANTA MARTA,,1,,public,Costa Rica,Provincia San José,Tarrazu,San Lorenzo,rural,22,urban,9.63029349,-84.02800448,official_emis,exact,unknown
CRI_003904,5574,CRI,BELLAVISTA,,1,,public,Costa Rica,Provincia Limón,Limon,Valle La Estrella,rural,12,rural,9.70048388,-83.1229819,official_emis,exact,unknown
CRI_003905,5575,CRI,LICEO RURAL ABROJO MOCTEZUMA,,2|3,,public,Costa Rica,Provincia Puntarenas,Corredores,Corredor,urban,12,rural,8.6546842,-82.87742114,official_emis,exact,unknown
CRI_003906,5576,CRI,TELESECUNDARIA SANTA ROSA,,2|3,,public,Costa Rica,Provincia Puntarenas,Corredores,Laurel,rural,11,rural,8.3899755,-83.01730073,official_emis,exact,unknown
CRI_003907,5577,CRI,LICEO EL SAINO,,2|3,,public,Costa Rica,Provincia Alajuela,San Carlos,Pital,rural,13,rural,10.58017122,-84.28043995,official_emis,exact,unknown
CRI_003908,5578,CRI,LICEO RURAL LA GUARIA DE POCOSOL,,2|3,,public,Costa Rica,Provincia Alajuela,San Carlos,Pocosol,rural,11,rural,10.923638,-84.43165,official_emis,exact,unknown
CRI_003909,5579,CRI,COLEGIO SAN ANTONIO,,2|3,,public,Costa Rica,Provincia San José,Perez Zeledon,La Amistad,rural,12,rural,9.19598205,-83.55590664,official_emis,exact,unknown
CRI_003910,5580,CRI,LICEO RURAL SANTIAGO,,2|3,,public,Costa Rica,Provincia San José,Perez Zeledon,San Pedro,rural,12,rural,9.28906486,-83.50062369,official_emis,exact,unknown
CRI_003911,5581,CRI,LICEO RURAL SAN RAFAEL DE CABAGRA,,2|3,,public,Costa Rica,Provincia Puntarenas,Buenos Aires,Potrero Grande,rural,12,rural,9.13472596,-83.19454996,official_emis,exact,unknown
CRI_003912,5582,CRI,TELESECUNDARIA MASTATAL,,2|3,,public,Costa Rica,Provincia San José,Puriscal,Chires,rural,12,rural,9.67242229,-84.37329154,official_emis,exact,unknown
CRI_003913,5583,CRI,LICEO CUATRO BOCAS,,2|3,,public,Costa Rica,Provincia Alajuela,Upala,Aguas Claras,rural,12,rural,10.91023896,-85.19787535,official_emis,exact,unknown
CRI_003914,5584,CRI,LICEO RURAL LA CONQUISTA,,2|3,,public,Costa Rica,Provincia Heredia,Sarapiqui,Las Horquetas,rural,12,rural,10.39267348,-83.94548627,official_emis,exact,unknown
CRI_003915,5585,CRI,LICEO RURAL LA ALDEA,,2|3,,public,Costa Rica,Provincia Heredia,Sarapiqui,Llanuras del Gaspar,rural,11,rural,10.65024727,-83.83931603,official_emis,exact,unknown
CRI_003916,5586,CRI,LICEO EL PARAISO,,2|3,,public,Costa Rica,Provincia Alajuela,Alajuela,Sarapiquí,rural,12,rural,10.40491752,-84.16454706,official_emis,exact,unknown
CRI_003917,5587,CRI,LICEO RURAL SAN JULIAN,,2|3,,public,Costa Rica,Provincia Heredia,Sarapiqui,Puerto Viejo,rural,12,rural,10.51959033,-83.87392833,official_emis,exact,unknown
CRI_003918,5588,CRI,TELESECUNDARIA LAS BRISAS,,2|3,,public,Costa Rica,Provincia Guanacaste,La Cruz,La Cruz,urban,11,rural,11.17319186,-85.56654034,official_emis,exact,unknown
CRI_003919,5590,CRI,LICEO JUNTAS DE CAOBA,,2|3,,public,Costa Rica,Provincia Guanacaste,La Cruz,Santa Cecilia,rural,12,rural,11.07605891,-85.31380885,official_emis,exact,unknown
CRI_003920,5591,CRI,LICEO SAN JORGE,,2|3,,public,Costa Rica,Provincia Alajuela,Upala,Yolillal,rural,11,rural,10.87356538,-84.92223846,official_emis,exact,unknown
CRI_003921,5593,CRI,EL CARMEN,,1,,public,Costa Rica,Provincia Heredia,Sarapiqui,Las Horquetas,rural,12,rural,10.35187505,-83.90520053,official_emis,exact,unknown
CRI_003922,5596,CRI,TELESECUNDARIA LOS JAZMINES B,,2|3,,public,Costa Rica,Provincia Alajuela,Upala,Upala,rural,11,rural,10.81903109,-84.91197668,official_emis,exact,unknown
CRI_003923,5598,CRI,LICEO RURAL COQUITAL,,2|3,,public,Costa Rica,Provincia Alajuela,Los Chiles,Los Chiles,rural,12,rural,10.94749694,-84.57734842,official_emis,exact,unknown
CRI_003924,5644,CRI,COMADRE,,1,,public,Costa Rica,Provincia Limón,Talamanca,Cahuita,rural,12,rural,9.71757618,-82.82471359,official_emis,exact,unknown
CRI_003925,5645,CRI,LICEO BEBEDERO,,2|3,,public,Costa Rica,Provincia Guanacaste,Canas,Bebedero,urban,13,rural,10.37360123,-85.18588971,official_emis,exact,unknown
CRI_003926,5646,CRI,SECTOR BARRANTES,,1,,public,Costa Rica,Provincia Alajuela,Upala,Upala,rural,11,rural,10.83382382,-84.94100683,official_emis,exact,unknown
CRI_003927,5647,CRI,MIRAVALLES,,1,,public,Costa Rica,Provincia Alajuela,Upala,Upala,rural,12,rural,10.81443573,-84.96184066,official_emis,exact,unknown
CRI_003928,5648,CRI,LA PALMERA,,1,,public,Costa Rica,Provincia Alajuela,Upala,Upala,rural,11,rural,10.92162046,-85.00782061,official_emis,exact,unknown
CRI_003929,5649,CRI,EL MANÁ,,1,,public,Costa Rica,Provincia Limón,Pococi,Cariari,urban,12,rural,10.47370225,-83.66514043,official_emis,exact,unknown
CRI_003930,5652,CRI,CHINA KICHA,,1,,public,Costa Rica,Provincia Cartago,Turrialba,Chirripó,rural,11,rural,9.68940354,-83.43004775,official_emis,exact,unknown
CRI_003931,5653,CRI,TKAK-RI,,1,,public,Costa Rica,Provincia Limón,Limon,Valle La Estrella,rural,11,rural,9.73245334,-83.3562431,official_emis,exact,unknown
CRI_003932,5654,CRI,PASO MARCOS,,1,,public,Costa Rica,Provincia Cartago,Turrialba,Chirripó,rural,11,rural,9.80983106,-83.48979574,official_emis,exact,unknown
CRI_003933,5655,CRI,LICEO DE SAN ANDRES,,2|3,,public,Costa Rica,Provincia San José,Leon Cortes Castro,San Andrés,rural,12,rural,9.73896614,-84.08497115,official_emis,exact,unknown
CRI_003934,5656,CRI,LICEO RURAL SANTA CRUZ,,2|3,,public,Costa Rica,Provincia San José,Leon Cortes Castro,Santa Cruz,rural,12,rural,9.73192231,-84.03112606,official_emis,exact,unknown
CRI_003935,5657,CRI,LICEO RURAL SAN RAFAEL,,2|3,,public,Costa Rica,Provincia Puntarenas,Corredores,Corredor,urban,11,rural,8.666066600000002,-82.90298839,official_emis,exact,unknown
CRI_003936,5658,CRI,LICEO RURAL YERI,,2|3,,public,Costa Rica,Provincia Puntarenas,Buenos Aires,Buenos Aires,urban,12,rural,9.20454222,-83.28447575,official_emis,exact,unknown
CRI_003937,5659,CRI,LICEO RURAL CARTAGENA,,2|3,,public,Costa Rica,Provincia Limón,Guacimo,Río Jiménez,rural,12,rural,10.26688934,-83.64051156,official_emis,exact,unknown
CRI_003938,5660,CRI,TELESECUNDARIA LÍNEA VIEJA,,2|3,,public,Costa Rica,Provincia Limón,Pococi,Colorado,rural,12,rural,10.30670019,-83.56317086,official_emis,exact,unknown
CRI_003939,5661,CRI,LICEO RURAL LAS MARIAS,,2|3,,public,Costa Rica,Provincia Heredia,Sarapiqui,Puerto Viejo,rural,12,rural,10.55577046,-83.94323144,official_emis,exact,unknown
CRI_003940,5662,CRI,LICEO RURAL DE PUERTO VIEJO,,2|3,,public,Costa Rica,Provincia Limón,Talamanca,Cahuita,rural,13,rural,9.65480004,-82.75622073,official_emis,exact,unknown
CRI_003941,5663,CRI,LICEO RURAL LA PALMA,,2|3,,public,Costa Rica,Provincia San José,Puriscal,Mercedes Sur,rural,12,rural,9.78804922,-84.38858536,official_emis,exact,unknown
CRI_003942,5664,CRI,LICEO RURAL SAN ANTONIO,,2|3,,public,Costa Rica,Provincia San José,Turrubares,Carara,rural,12,rural,9.59620533,-84.48073711,official_emis,exact,unknown
CRI_003943,5665,CRI,TELESECUNDARIA BOCA RIO SAN CARLOS,,2|3,,public,Costa Rica,Provincia Alajuela,San Carlos,Cutris,rural,11,rural,10.78084032,-84.19877715,official_emis,exact,unknown
CRI_003944,5666,CRI,TELESECUNDARIA COOPE SAN JUAN,,2|3,,public,Costa Rica,Provincia Alajuela,San Carlos,Aguas Zarcas,rural,12,rural,10.56396227,-84.34694241,official_emis,exact,unknown
CRI_003945,5667,CRI,LICEO RURAL JUANILAMA,,2|3,,public,Costa Rica,Provincia Alajuela,San Carlos,Pocosol,rural,12,rural,10.65590671,-84.56042389,official_emis,exact,unknown
CRI_003946,5668,CRI,TELESECUNDARIA LA URRACA,,2|3,,public,Costa Rica,Provincia Alajuela,Los Chiles,San Jorge,rural,11,rural,10.78329475,-84.5685669,official_emis,exact,unknown
CRI_003947,5669,CRI,TELESECUNDARIA DE MEXICO,,2|3,,public,Costa Rica,Provincia Alajuela,Upala,Delicias,rural,12,rural,10.99767627,-85.0643834,official_emis,exact,unknown
CRI_003948,5670,CRI,LICEO COLONIA PUNTARENAS,,2|3,,public,Costa Rica,Provincia Alajuela,Upala,Upala,rural,12,rural,10.82570671,-84.96482333,official_emis,exact,unknown
CRI_003949,5671,CRI,LICEO COLONIA VILLA NUEVA,,2|3,,public,Costa Rica,Provincia Alajuela,Upala,San José,rural,12,rural,11.0013797,-85.2008223,official_emis,exact,unknown
CRI_003950,5672,CRI,LICEO RURAL VALLE VERDE,,2|3,,public,Costa Rica,Provincia Alajuela,Upala,Aguas Claras,rural,11,rural,10.81439696,-85.23676608,official_emis,exact,unknown
CRI_003951,5673,CRI,LICEO RURAL SAN LUIS,,2|3,,public,Costa Rica,Provincia Alajuela,Upala,Dos Ríos,rural,12,rural,10.92807942,-85.33853627,official_emis,exact,unknown
CRI_003952,5674,CRI,LICEO RURAL PIEDRAS AZULES,,2|3,,public,Costa Rica,Provincia Guanacaste,La Cruz,Santa Cecilia,rural,12,rural,11.0529459,-85.31871387,official_emis,exact,unknown
CRI_003953,5677,CRI,COLEGIO SAN MARTIN,,2|3,,public,Costa Rica,Provincia Alajuela,San Carlos,Quesada,urban,23,urban,10.31388998,-84.42058131,official_emis,exact,unknown
CRI_003954,5679,CRI,COLEGIO CANDELARIA,,2|3,,public,Costa Rica,Provincia Alajuela,Naranjo,Naranjo,urban,12,rural,10.09949402,-84.40611392,official_emis,exact,unknown
CRI_003955,5680,CRI,C.T.P. SANTA ANA,,2|3,,public,Costa Rica,Provincia San José,Santa Ana,Pozos,urban,30,urban,9.9579312,-84.2012803,official_emis,exact,unknown
CRI_003956,5682,CRI,NOCTURNO LA JULIETA,,2|3,,public,Costa Rica,Provincia Puntarenas,Parrita,,rural,22,urban,9.52167142,-84.32697253,official_emis,exact,unknown
CRI_003957,5683,CRI,UNIDAD PEDAGÓGICA RÍO CUBA,,2|3,,public,Costa Rica,Provincia Limón,Matina,Carrandí,rural,22,urban,10.010941157313475,-83.2364711079279,admin_centroid,approximate,unknown
CRI_003958,5689,CRI,COLORADO,,1,,public,Costa Rica,Provincia San José,Acosta,Sabanillas,rural,11,rural,9.70192297,-84.26671768,official_emis,exact,unknown
CRI_003959,5690,CRI,SANTA MARTA,,1,,public,Costa Rica,Provincia San José,Perez Zeledon,Cajón,rural,12,rural,9.32655714,-83.58958754,official_emis,exact,unknown
CRI_003960,5691,CRI,VIENTO FRESCO,,1,,public,Costa Rica,Provincia Alajuela,San Carlos,Aguas Zarcas,rural,21,peri_urban,10.37668828,-84.32616145,official_emis,exact,unknown
CRI_003961,5692,CRI,LOS LAGOS,,1,,public,Costa Rica,Provincia Guanacaste,Liberia,Nacascolo,urban,12,rural,10.58254036,-85.57568858,official_emis,exact,unknown
CRI_003962,5693,CRI,LA BONITA,,1,,public,Costa Rica,Provincia Puntarenas,Osa,Palmar,rural,12,rural,8.88068416,-83.36388561,official_emis,exact,unknown
CRI_003963,5695,CRI,SËLIKÖ,,1,,public,Costa Rica,Provincia Cartago,Turrialba,Chirripó,rural,11,rural,9.72373529,-83.48550666,official_emis,exact,unknown
CRI_003964,5696,CRI,TSIÖBATA,,1,,public,Costa Rica,Provincia Cartago,Siquirres,Chirripó,urban,11,rural,9.98484679,-83.5376388,official_emis,exact,unknown
CRI_003965,5697,CRI,BUKERI,,1,,public,Costa Rica,Provincia Cartago,Turrialba,Chirripó,rural,11,rural,9.95321916,-83.47319703,official_emis,exact,unknown
CRI_003966,5698,CRI,TSIRBÄKLÄ,,1,,public,Costa Rica,Provincia Cartago,Turrialba,Chirripó,rural,11,rural,9.75089684,-83.48769769,official_emis,exact,unknown
CRI_003967,5699,CRI,TKANYÄKÄ,,1,,public,Costa Rica,Provincia Cartago,Turrialba,Chirripó,rural,11,rural,9.77272772,-83.39481781,official_emis,exact,unknown
CRI_003968,5700,CRI,CARRIZAL,,1,,public,Costa Rica,Provincia Puntarenas,Puntarenas,Chacarita,urban,23,urban,9.98070259,-84.7613124,official_emis,exact,unknown
CRI_003969,5701,CRI,MELERUK II,,1,,public,Costa Rica,Provincia Limón,Talamanca,Bratsi,rural,11,rural,9.59130376,-82.89493669,official_emis,exact,unknown
CRI_003970,5702,CRI,ALTO COÉN,,1,,public,Costa Rica,Provincia Limón,Talamanca,Telire,rural,11,rural,9.50119455,-83.088787,official_emis,exact,unknown
CRI_003971,5703,CRI,JAKKJUABATA,,1,,public,Costa Rica,Provincia Limón,Limon,Valle La Estrella,rural,11,rural,9.73316739,-83.32416195,official_emis,exact,unknown
CRI_003972,5704,CRI,GUAYABA YÄKÄ,,1,,public,Costa Rica,Provincia Cartago,Turrialba,Chirripó,rural,11,rural,9.79709417,-83.40316594,official_emis,exact,unknown
CRI_003973,5705,CRI,JAMO,,1,,public,Costa Rica,Provincia Cartago,Turrialba,Chirripó,rural,11,rural,9.6307432,-83.47909825,official_emis,exact,unknown
CRI_003974,5706,CRI,NOCTURNO DE SIQUIRRES,,2|3,,public,Costa Rica,Provincia Limón,Siquirres,Siquirres,urban,23,urban,10.0913132,-83.50916808,official_emis,exact,unknown
CRI_003975,5707,CRI,COLEGIO ACADEMICO DE COSTA DE PAJAROS,,2|3,,public,Costa Rica,Provincia Puntarenas,Puntarenas,Manzanillo,rural,13,rural,10.10372543,-84.99650001,official_emis,exact,unknown
CRI_003976,5708,CRI,LICEO RURAL LA GARITA,,2|3,,public,Costa Rica,Provincia Guanacaste,La Cruz,La Garita,rural,11,rural,11.08227491,-85.55499293,official_emis,exact,unknown
CRI_003977,5709,CRI,LICEO RURAL DE TARCOLES,,2|3,,public,Costa Rica,Provincia Puntarenas,Garabito,Tárcoles,urban,12,rural,9.76786359,-84.62802044,official_emis,exact,unknown
CRI_003978,5712,CRI,LAS ORQUÍDEAS,,1,,public,Costa Rica,Provincia Limón,Pococi,Rita,urban,12,rural,10.49835664,-83.69208109,official_emis,exact,unknown
CRI_003979,5718,CRI,EXPERIMENTAL BILINGÜE DE RÍO JIMÉNEZ,,2|3,,public,Costa Rica,Provincia Limón,Guacimo,Río Jiménez,rural,13,rural,10.24926933,-83.60349529,official_emis,exact,unknown
CRI_003980,5720,CRI,SANTA TERESITA,,1,,public,Costa Rica,Provincia Alajuela,Zarcero,Zarcero,urban,22,urban,10.1922113,-84.39527303,official_emis,exact,unknown
CRI_003981,5721,CRI,MONTE LIRIO,,1,,public,Costa Rica,Provincia Alajuela,Rio Cuarto,Río Cuarto,rural,11,rural,10.42382066,-84.18384735,official_emis,exact,unknown
CRI_003982,5722,CRI,LOS ALPES,,1,,public,Costa Rica,Provincia Cartago,Jimenez,Juan Viñas,urban,22,urban,9.89546386,-83.73731828,official_emis,exact,unknown
CRI_003983,5723,CRI,EL CONGO,,1,,public,Costa Rica,Provincia Cartago,Jimenez,Tucurrique,rural,12,rural,9.8637835,-83.75365933,official_emis,exact,unknown
CRI_003984,5724,CRI,EL ESTABLO,,1,,public,Costa Rica,Provincia Puntarenas,Puntarenas,Pitahaya,rural,12,rural,10.01151079,-84.79746417,official_emis,exact,unknown
CRI_003985,5726,CRI,MONTERREY,,1,,public,Costa Rica,Provincia Limón,Pococi,Cariari,urban,12,rural,10.46989537,-83.65312057,official_emis,exact,unknown
CRI_003986,5727,CRI,EL PARAÍSO,,1,,public,Costa Rica,Provincia Limón,Pococi,Rita,rural,11,rural,10.51780089,-83.64971567,official_emis,exact,unknown
CRI_003987,5728,CRI,LICEO SANTA MARTA,,2|3,,public,Costa Rica,Provincia Puntarenas,Buenos Aires,Brunka,rural,13,rural,9.16976246,-83.40761721,official_emis,exact,unknown
CRI_003988,5729,CRI,COLEGIO PLAYAS DEL COCO,,2|3,,public,Costa Rica,Provincia Guanacaste,Carrillo,Sardinal,urban,21,peri_urban,10.53853162,-85.69214125,official_emis,exact,unknown
CRI_003989,5732,CRI,NOCTURNO GUAYCARA,,2|3,,public,Costa Rica,Provincia Puntarenas,Golfito,Guaycará,urban,23,urban,8.67642464,-83.0698718,official_emis,exact,unknown
CRI_003990,5734,CRI,TELESECUNDARIA LAS COLONIAS,,2|3,,public,Costa Rica,Provincia Heredia,Sarapiqui,Las Horquetas,rural,13,rural,10.26758122,-83.93883848,official_emis,exact,unknown
CRI_003991,5736,CRI,EL ESTADIO,,1,,public,Costa Rica,Provincia Puntarenas,Quepos,Quepos,urban,23,urban,9.44870288,-84.13797818,official_emis,exact,unknown
CRI_003992,5745,CRI,EL BAMBU,,1,,public,Costa Rica,Provincia Puntarenas,Puerto Jimenez,Puerto Jiménez,rural,12,rural,8.536732730000002,-83.31883031,official_emis,exact,unknown
CRI_003993,5747,CRI,TELESECUNDARIA DULCE NOMBRE,,2|3,,public,Costa Rica,Provincia Alajuela,San Mateo,San Mateo,rural,11,rural,9.98532304,-84.52390895,official_emis,exact,unknown
CRI_003994,5748,CRI,C.T.P. DE QUEPOS,,2|3,,public,Costa Rica,Provincia Puntarenas,Quepos,Quepos,urban,21,peri_urban,9.45162576,-84.16633996,official_emis,exact,unknown
CRI_003995,5799,CRI,LAS ROSAS,,1,,public,Costa Rica,Provincia Puntarenas,Buenos Aires,Buenos Aires,urban,11,rural,9.15705498,-83.30500454,official_emis,exact,unknown
CRI_003996,5800,CRI,DIKËKLÄRIÑAK,,1,,public,Costa Rica,Provincia Limón,Turrialba,Chirripó,rural,11,rural,9.78947037,-83.36714608,official_emis,exact,unknown
CRI_003997,5801,CRI,SUËBATA,,1,,public,Costa Rica,Provincia Limón,Limon,Valle La Estrella,rural,11,rural,9.73129912,-83.37952947,official_emis,exact,unknown
CRI_003998,5802,CRI,KJALARI,,1,,public,Costa Rica,Provincia Cartago,Turrialba,Chirripó,rural,11,rural,9.7362764,-83.51150466,official_emis,exact,unknown
CRI_003999,5803,CRI,DUSIRIÑAK,,1,,public,Costa Rica,Provincia Limón,Limon,Valle La Estrella,rural,11,rural,9.80020354,-83.31374088,official_emis,exact,unknown
CRI_004000,5804,CRI,CHUMICO,,1,,public,Costa Rica,Provincia Limón,Matina,Matina,rural,11,rural,9.97488986,-83.30710322,official_emis,exact,unknown
CRI_004001,5805,CRI,MONTE DE SIÓN,,1,,public,Costa Rica,Provincia Limón,Talamanca,Bratsi,rural,12,rural,9.59845687,-82.95893544,official_emis,exact,unknown
CRI_004002,5806,CRI,NOCTURNO DE PALMARES,,2|3,,public,Costa Rica,Provincia San José,Perez Zeledon,Daniel Flores,urban,21,peri_urban,9.3135149,-83.66605041,official_emis,exact,unknown
CRI_004003,5807,CRI,NOCTURNO DE CARIARI,,2|3,,public,Costa Rica,Provincia Limón,Pococi,Cariari,urban,21,peri_urban,10.3717014,-83.72749193,official_emis,exact,unknown
CRI_004004,5810,CRI,LAGUNAS DE BARÚ,,1,,public,Costa Rica,Provincia Puntarenas,Quepos,Savegre,rural,12,rural,9.29902169,-83.8680807,official_emis,exact,unknown
CRI_004005,5812,CRI,JAKUE,,1,,public,Costa Rica,Provincia Limón,Limon,Valle La Estrella,rural,11,rural,9.62794023,-83.47800432,official_emis,exact,unknown
CRI_004006,5813,CRI,COPALCHI,,1,,public,Costa Rica,Provincia Heredia,Sarapiqui,Cureña,rural,11,rural,10.70929548,-83.99124517,official_emis,exact,unknown
CRI_004007,5814,CRI,LICEO VUELTA DE JORCO,,2|3,,public,Costa Rica,Provincia San José,Aserri,Vuelta de Jorco,rural,21,peri_urban,9.80194837,-84.13146529,official_emis,exact,unknown
CRI_004008,5815,CRI,NOCTURNO DE SINAI,,2|3,,public,Costa Rica,Provincia San José,Perez Zeledon,San Isidro de El General,urban,30,urban,9.37956942,-83.68900734,official_emis,exact,unknown
CRI_004009,5816,CRI,NOCTURNO OROTINA,,2|3,,public,Costa Rica,Provincia Alajuela,Orotina,Orotina,urban,12,rural,9.90692628,-84.53386695,official_emis,exact,unknown
CRI_004010,5817,CRI,LICEO LA PALMERA,,2|3,,public,Costa Rica,Provincia Alajuela,San Carlos,La Palmera,rural,13,rural,10.42099507,-84.38506399,official_emis,exact,unknown
CRI_004011,5818,CRI,C.T.P. DE ESCAZU,,2|3,,public,Costa Rica,Provincia San José,Escazu,Escazú,urban,30,urban,9.91881061,-84.14077923,official_emis,exact,unknown
CRI_004012,5820,CRI,LICEO DE TERRABA,,2|3,,public,Costa Rica,Provincia Puntarenas,Buenos Aires,Potrero Grande,rural,12,rural,9.06013791,-83.2879785,official_emis,exact,unknown
CRI_004013,5824,CRI,DORBATA,,1,,public,Costa Rica,Provincia Cartago,Turrialba,Chirripó,rural,11,rural,9.85692869,-83.50824878,official_emis,exact,unknown
CRI_004014,5825,CRI,MOLOTUBTA,,1,,public,Costa Rica,Provincia Puntarenas,Golfito,Pavón,rural,11,rural,8.24326996,-82.97406438,official_emis,exact,unknown
CRI_004015,5830,CRI,ESCUELA COOPEROSALES,,1,,public,Costa Rica,Provincia Cartago,Cartago,San Nicolás,urban,30,urban,9.89348391,-83.93129633,official_emis,exact,unknown
CRI_004016,5831,CRI,JORGE ROSSI CHAVARRIA,,1,,public,Costa Rica,Provincia Cartago,Turrialba,Santa Teresita,rural,12,rural,9.99217299,-83.63148636,official_emis,exact,unknown
CRI_004017,5832,CRI,PUNTA DE LANZA,,1,,public,Costa Rica,Provincia Cartago,Matina,Chirripó,rural,11,rural,9.98525614,-83.36416963,official_emis,exact,unknown
CRI_004018,5834,CRI,UNIDAD PEDAGOGICA SAN DIEGO,,2|3,,public,Costa Rica,Provincia Cartago,La Union,San Juan,urban,30,urban,9.904276203859903,-84.01159934752967,admin_centroid,approximate,unknown
CRI_004019,5836,CRI,LICEO RURAL SANTO DOMINGO,,2|3,,public,Costa Rica,Provincia Puntarenas,Quepos,Savegre,rural,11,rural,9.44070217,-84.01142809,official_emis,exact,unknown
CRI_004020,5837,CRI,LICEO RURAL CERRITOS,,2|3,,public,Costa Rica,Provincia Puntarenas,Quepos,Quepos,urban,12,rural,9.49614305,-84.14373386,official_emis,exact,unknown
CRI_004021,5838,CRI,LICEO RURAL COOPESILENCIO,,2|3,,public,Costa Rica,Provincia Puntarenas,Quepos,Savegre,rural,12,rural,9.4099961,-84.02447446,official_emis,exact,unknown
CRI_004022,5839,CRI,TELESECUNDARIA LA CEIBA,,2|3,,public,Costa Rica,Provincia Alajuela,Orotina,La Ceiba,rural,11,rural,9.90214685,-84.59880335,official_emis,exact,unknown
CRI_004023,5840,CRI,LICEO RURAL LA LUCHITA,,2|3,,public,Costa Rica,Provincia Cartago,El Guarco,San Isidro,urban,12,rural,9.74286648,-83.94416522,official_emis,exact,unknown
CRI_004024,5841,CRI,LICEO SAN CARLOS,,2|3,,public,Costa Rica,Provincia San José,Tarrazu,San Carlos,rural,12,rural,9.63010157,-84.09307819,official_emis,exact,unknown
CRI_004025,5842,CRI,LICEO RURAL ALTO GUAYMI,,2|3,,public,Costa Rica,Provincia Puntarenas,Golfito,Pavón,rural,11,rural,8.26683624,-82.96122147,official_emis,exact,unknown
CRI_004026,5843,CRI,LICEO RURAL ALTOS DE COMTE,,2|3,,public,Costa Rica,Provincia Puntarenas,Golfito,Pavón,rural,12,rural,8.37204875,-83.05730964,official_emis,exact,unknown
CRI_004027,5844,CRI,LICEO CUAJINIQUIL,,2|3,,public,Costa Rica,Provincia Guanacaste,La Cruz,Santa Elena,rural,11,rural,10.9467157,-85.68188928,official_emis,exact,unknown
CRI_004028,5845,CRI,LICEO EL CONSUELO,,2|3,,public,Costa Rica,Provincia Guanacaste,Liberia,Mayorga,rural,12,rural,10.84974733,-85.47235182,official_emis,exact,unknown
CRI_004029,5846,CRI,LICEO RURAL GANDOCA,,2|3,,public,Costa Rica,Provincia Limón,Talamanca,Sixaola,rural,12,rural,9.58999961,-82.60658525,official_emis,exact,unknown
CRI_004030,5847,CRI,LICEO RURAL LA CELINA,,2|3,,public,Costa Rica,Provincia Limón,Siquirres,Siquirres,urban,12,rural,10.20646713,-83.36909616,official_emis,exact,unknown
CRI_004031,5848,CRI,LICEO INDÍGENA BOCA COHÉN,,2|3,,public,Costa Rica,Provincia Limón,Limon,Valle La Estrella,rural,12,rural,9.72348664,-83.09958559,official_emis,exact,unknown
CRI_004032,5849,CRI,LICEO RURAL ROCA QUEMADA,,2|3,,public,Costa Rica,Provincia Limón,Turrialba,Chirripó,rural,12,rural,9.79787884,-83.359155,official_emis,exact,unknown
CRI_004033,5850,CRI,LICEO BELEN,,2|3,,public,Costa Rica,Provincia Guanacaste,Nicoya,Belén de Nosarita,rural,12,rural,10.03304537,-85.50524743,official_emis,exact,unknown
CRI_004034,5851,CRI,LICEO RURAL SANTA TERESA COBANO,,2|3,,public,Costa Rica,Provincia Puntarenas,Puntarenas,Cóbano,rural,12,rural,9.63955262,-85.16237645,official_emis,exact,unknown
CRI_004035,5852,CRI,LICEO PICAGRES DE MORA,,2|3,,public,Costa Rica,Provincia San José,Mora,Picagres,rural,12,rural,9.90598305,-84.34418714,official_emis,exact,unknown
CRI_004036,5853,CRI,TELESECUNDARIA EL CASTILLO FORTUNA,,2|3,,public,Costa Rica,Provincia Alajuela,San Ramon,Peñas Blancas,rural,12,rural,10.4282341,-84.7503818,official_emis,exact,unknown
CRI_004037,5854,CRI,LICEO RURAL EL VENADO,,2|3,,public,Costa Rica,Provincia Alajuela,San Carlos,Venado,rural,12,rural,10.55565424,-84.74874903,official_emis,exact,unknown
CRI_004038,5855,CRI,TELESECUNDARIA SAN ANTONIO ZAPOTAL,,2|3,,public,Costa Rica,Provincia Alajuela,San Ramon,Zapotal,rural,11,rural,10.13962709,-84.615167,official_emis,exact,unknown
CRI_004039,5856,CRI,TELESECUNDARIA COLONIA ANATERI,,2|3,,public,Costa Rica,Provincia Alajuela,Zarcero,Guadalupe,rural,12,rural,10.19459791,-84.46540882,official_emis,exact,unknown
CRI_004040,5858,CRI,LICEO RURAL LA GATA,,2|3,,public,Costa Rica,Provincia Heredia,Sarapiqui,Puerto Viejo,rural,12,rural,10.63422325,-83.95335617,official_emis,exact,unknown
CRI_004041,5860,CRI,LICEO RURAL LAS NUBES CRISTO REY,,2|3,,public,Costa Rica,Provincia Alajuela,Los Chiles,Los Chiles,rural,12,rural,10.90896705,-84.55249097,official_emis,exact,unknown
CRI_004042,5861,CRI,JAMARI TÄWÄ,,1,,public,Costa Rica,Provincia Limón,Limon,Valle La Estrella,rural,11,rural,9.76495367,-83.36162184,official_emis,exact,unknown
CRI_004043,5862,CRI,SAN MARTIN,,1,,public,Costa Rica,Provincia Alajuela,San Carlos,Venecia,rural,22,urban,10.34639515,-84.26539152,official_emis,exact,unknown
CRI_004044,5864,CRI,TOLOK KICHA,,1,,public,Costa Rica,Provincia Cartago,Limon,Valle La Estrella,rural,11,rural,9.6707485,-83.43263479,official_emis,exact,unknown
CRI_004045,5865,CRI,MARIARIBUTA,,1,,public,Costa Rica,Provincia Puntarenas,Corredores,Laurel,rural,11,rural,8.34270517,-83.0480691,official_emis,exact,unknown
CRI_004046,5866,CRI,LAS BRISAS,,1,,public,Costa Rica,Provincia Limón,Limon,Valle La Estrella,rural,11,rural,9.69307898,-82.98908417,official_emis,exact,unknown
CRI_004047,5867,CRI,ESCUELA DE CAPACITACION AMBIENTAL VERACR,,1,,public,Costa Rica,Provincia Puntarenas,Buenos Aires,Buenos Aires,urban,12,rural,9.16995003,-83.32253311,official_emis,exact,unknown
CRI_004048,5868,CRI,SOTA DOS,,1,,public,Costa Rica,Provincia Limón,Pococi,Rita,rural,12,rural,10.47636289,-83.79395901,official_emis,exact,unknown
CRI_004049,5869,CRI,LICEO AEROPUERTO JERUSALEN,,2|3,,public,Costa Rica,Provincia San José,Perez Zeledon,San Isidro de El General,urban,12,rural,9.34484988,-83.71812869,official_emis,exact,unknown
CRI_004050,5870,CRI,UNIDAD PEDAGÓGICA SOTERO GONZÁLEZ BARQUE,,2|3,,public,Costa Rica,Provincia San José,Desamparados,San Juan de Dios,urban,30,urban,9.878386569867319,-84.08342105870932,admin_centroid,approximate,unknown
CRI_004051,5871,CRI,LICEO RURAL LONDRES,,2|3,,public,Costa Rica,Provincia Puntarenas,Quepos,Naranjito,rural,13,rural,9.46114689,-84.06681903,official_emis,exact,unknown
CRI_004052,5873,CRI,LICEO DE BARBACOAS,,2|3,,public,Costa Rica,Provincia San José,Puriscal,Barbacoas,rural,21,peri_urban,9.85801524,-84.35065513,official_emis,exact,unknown
CRI_004053,5874,CRI,LICEO AMBIENTALISTA DE HORQUETAS,,2|3,,public,Costa Rica,Provincia Heredia,Sarapiqui,Las Horquetas,rural,12,rural,10.36075039,-83.91531238,official_emis,exact,unknown
CRI_004054,5876,CRI,LICEO DE COPAL,,2|3,,public,Costa Rica,Provincia Guanacaste,Nicoya,Quebrada Honda,rural,12,rural,10.166814360120133,-85.266865917688,admin_centroid,approximate,unknown
CRI_004055,5877,CRI,JALA KICHA,,1,,public,Costa Rica,Provincia Cartago,Turrialba,Chirripó,rural,11,rural,9.68059497,-83.430431,official_emis,exact,unknown
CRI_004056,5878,CRI,EL PORTAL,,1,,public,Costa Rica,Provincia Guanacaste,Nicoya,Belén de Nosarita,rural,12,rural,10.05061016,-85.49669592,official_emis,exact,unknown
CRI_004057,5879,CRI,GUARIAL,,1,,public,Costa Rica,Provincia Puntarenas,Puntarenas,Paquera,rural,13,rural,9.82014578,-84.95089811,official_emis,exact,unknown
CRI_004058,5882,CRI,EXPERIMENTAL BILINGÜE DE SIQUIRRES,,2|3,,public,Costa Rica,Provincia Limón,Siquirres,Siquirres,urban,23,urban,10.09569772,-83.49820177,official_emis,exact,unknown
CRI_004059,5883,CRI,BARBUDAL,,1,,public,Costa Rica,Provincia Guanacaste,Abangares,Colorado,rural,11,rural,10.20242736,-85.10750963,official_emis,exact,unknown
CRI_004060,5884,CRI,LOURDES,,1,,public,Costa Rica,Provincia Puntarenas,Parrita,,urban,11,rural,9.57858833,-84.28970334,official_emis,exact,unknown
CRI_004061,5885,CRI,LA COSTANERA,,1,,public,Costa Rica,Provincia Puntarenas,Parrita,,urban,22,urban,9.53482045,-84.38231001,official_emis,exact,unknown
CRI_004062,5886,CRI,EXPERIMENTAL BILINGÜE DE SARCHI SUR,,2|3,,public,Costa Rica,Provincia Alajuela,Sarchi,Rodríguez,rural,21,peri_urban,10.09176961,-84.35702977,official_emis,exact,unknown
CRI_004063,5887,CRI,ASENTAMIENTO SALAMÁ,,1,,public,Costa Rica,Provincia Puntarenas,Osa,Piedras Blancas,rural,11,rural,8.821147440000003,-83.29108489,official_emis,exact,unknown
CRI_004064,5890,CRI,LA TRANQUILIDAD,,1,,public,Costa Rica,Provincia Puntarenas,Puntarenas,Cóbano,rural,12,rural,9.69581533,-85.08770352,official_emis,exact,unknown
CRI_004065,5891,CRI,LICEO RURAL EL CARMEN PARRITA,,2|3,,public,Costa Rica,Provincia Puntarenas,Parrita,,urban,12,rural,9.61850038,-84.2096925,official_emis,exact,unknown
CRI_004066,5895,CRI,LICEO RURAL AGUAS ZARCAS,,2|3,,public,Costa Rica,Provincia Limón,Limon,Matama,rural,12,rural,9.89463592,-83.11118496,official_emis,exact,unknown
CRI_004067,5897,CRI,TELESECUNDARIA BELLA VISTA,,2|3,,public,Costa Rica,Provincia Guanacaste,La Cruz,Santa Cecilia,rural,11,rural,11.09367276,-85.34958628,official_emis,exact,unknown
CRI_004068,5929,CRI,NOCTURNO DE PUERTO VIEJO,,2|3,,public,Costa Rica,Provincia Heredia,Sarapiqui,Puerto Viejo,rural,22,urban,10.46540626,-84.00560674,official_emis,exact,unknown
CRI_004069,5966,CRI,SECCION NOCTURNA C.T.P. MARIO QUIROS SASSO,,2|3,,public,Costa Rica,Provincia Cartago,La Union,Tres Ríos,urban,30,urban,9.906159673633717,-83.9908607307849,admin_centroid,approximate,unknown
CRI_004070,5967,CRI,LICEO RURAL NUEVA GUATEMALA,,2|3,,public,Costa Rica,Provincia Guanacaste,Canas,Palmira,rural,12,rural,10.63947377,-85.05757742,official_emis,exact,unknown
CRI_004071,5968,CRI,LICEO RURAL CAÑON DE EL GUARCO,,2|3,,public,Costa Rica,Provincia Cartago,Dota,San Isidro,urban,12,rural,9.68318721,-83.91936005,official_emis,exact,unknown
CRI_004072,5969,CRI,LICEO RURAL SANTA ROSA,,2|3,,public,Costa Rica,Provincia Cartago,Oreamuno,Santa Rosa,urban,12,rural,9.91812042,-83.84092673,official_emis,exact,unknown
CRI_004073,5970,CRI,LICEO RURAL ISLAS DEL CHIRRIPO,,2|3,,public,Costa Rica,Provincia Heredia,Sarapiqui,Las Horquetas,rural,12,rural,10.28301825,-83.8777285,official_emis,exact,unknown
CRI_004074,5971,CRI,LICEO RURAL UNION DEL TORO,,2|3,,public,Costa Rica,Provincia Heredia,Sarapiqui,Cureña,rural,12,rural,10.62066061,-84.04728717,official_emis,exact,unknown
CRI_004075,5972,CRI,LICEO RURAL SAN CARLOS PACUARITO,,2|3,,public,Costa Rica,Provincia Limón,Siquirres,Pacuarito,rural,12,rural,10.12032861,-83.38076512,official_emis,exact,unknown
CRI_004076,5973,CRI,LICEO EL CARMEN,,2|3,,public,Costa Rica,Provincia Guanacaste,Nandayure,Zapotal,rural,11,rural,9.88618038,-85.43592927,official_emis,exact,unknown
CRI_004077,5974,CRI,TELESECUNDARIA LA CUREÑA,,2|3,,public,Costa Rica,Provincia Heredia,Sarapiqui,Cureña,rural,12,rural,10.59328067,-84.09081773,official_emis,exact,unknown
CRI_004078,5975,CRI,LICEO RURAL BANDERAS,,2|3,,public,Costa Rica,Provincia Alajuela,San Carlos,Pocosol,rural,12,rural,10.84407046,-84.46823276,official_emis,exact,unknown
CRI_004079,5976,CRI,TELESECUNDARIA SAN JUAN,,2|3,,public,Costa Rica,Provincia Alajuela,San Ramon,Peñas Blancas,rural,12,rural,10.38259364,-84.61075352,official_emis,exact,unknown
CRI_004080,5979,CRI,LICEO SAN NICOLAS DE TOLENTINO,,2|3,,public,Costa Rica,Provincia Cartago,Cartago,San Nicolás,urban,30,urban,9.87528222,-83.93268307,official_emis,exact,unknown
CRI_004081,5981,CRI,LICEO RURAL PARAISO,,2|3,,public,Costa Rica,Provincia Puntarenas,Buenos Aires,Chánguena,rural,12,rural,8.85225979,-83.12384938,official_emis,exact,unknown
CRI_004082,5982,CRI,BUENA VISTA,,1,,public,Costa Rica,Provincia Puntarenas,Buenos Aires,Buenos Aires,urban,11,rural,9.1667633,-83.28466539,official_emis,exact,unknown
CRI_004083,5983,CRI,BAJO DE MOLLEJONES,,1,,public,Costa Rica,Provincia Puntarenas,Buenos Aires,Potrero Grande,urban,11,rural,9.2084477,-83.20637904,official_emis,exact,unknown
CRI_004084,5984,CRI,LICEO RURAL LABRADOR,,2|3,,public,Costa Rica,Provincia Alajuela,San Mateo,Labrador,rural,12,rural,9.94584994,-84.61322543,official_emis,exact,unknown
CRI_004085,5985,CRI,LICEO RURAL ZAPATON,,2|3,,public,Costa Rica,Provincia San José,Puriscal,Chires,rural,12,rural,9.68415962,-84.33332049,official_emis,exact,unknown
CRI_004086,5986,CRI,LICEO RURAL FILA CARBON II,,2|3,,public,Costa Rica,Provincia Cartago,Turrialba,Chirripó,rural,11,rural,9.78041411,-83.3973649,official_emis,exact,unknown
CRI_004087,5987,CRI,LA ANGELINA,,1,,public,Costa Rica,Provincia Cartago,Cartago,Llano Grande,rural,12,rural,9.92398894,-83.92632871,official_emis,exact,unknown
CRI_004088,5988,CRI,LICEO QUEBRADA GANADO,,2|3,,public,Costa Rica,Provincia Puntarenas,Garabito,Tárcoles,urban,13,rural,9.71772682,-84.62792454,official_emis,exact,unknown
CRI_004089,5989,CRI,SWAKBLI,,1,,public,Costa Rica,Provincia Limón,Talamanca,Telire,rural,12,rural,9.52449676,-83.03976773,official_emis,exact,unknown
CRI_004090,5990,CRI,LICEO LAS MERCEDES,,2|3,,public,Costa Rica,Provincia San José,Perez Zeledon,Cajón,rural,13,rural,9.27645136,-83.57895631,official_emis,exact,unknown
CRI_004091,5992,CRI,LICEO LAGUNA,,2|3,,public,Costa Rica,Provincia Alajuela,Zarcero,Laguna,rural,12,rural,10.20884124,-84.4068343,official_emis,exact,unknown
CRI_004092,5994,CRI,LICEO LA AMISTAD,,2|3,,public,Costa Rica,Provincia Alajuela,Rio Cuarto,Río Cuarto,rural,13,rural,10.34714217,-84.21316183,official_emis,exact,unknown
CRI_004093,5995,CRI,LICEO DE MAGALLANES,,2|3,,public,Costa Rica,Provincia Alajuela,San Ramon,Santiago,rural,12,rural,10.07003731,-84.50152605,official_emis,exact,unknown
CRI_004094,5996,CRI,EXPERIMENTAL BILINGÜE DE SAN RAMON,,2|3,,public,Costa Rica,Provincia Alajuela,San Ramon,San Isidro,rural,23,urban,10.09165347,-84.46048545,official_emis,exact,unknown
CRI_004095,5998,CRI,LICEO PACTO DEL JOCOTE,,2|3,,public,Costa Rica,Provincia Alajuela,Alajuela,San José,urban,30,urban,10.00052427,-84.24181217,official_emis,exact,unknown
CRI_004096,5999,CRI,LICEO RURAL SAN ISIDRO,,2|3,,public,Costa Rica,Provincia San José,Leon Cortes Castro,San Isidro,rural,22,urban,9.67613381,-84.07415816,official_emis,exact,unknown
CRI_004097,6000,CRI,LICEO CUATRO ESQUINAS,,2|3,,public,Costa Rica,Provincia Limón,Pococi,Cariari,urban,12,rural,10.45610168,-83.66879883,official_emis,exact,unknown
CRI_004098,6001,CRI,OROCHICO 2,,1,,public,Costa Rica,Provincia Limón,Talamanca,Telire,rural,11,rural,9.56546001,-83.06491805,official_emis,exact,unknown
CRI_004099,6002,CRI,LA PALMA,,1,,public,Costa Rica,Provincia Limón,Talamanca,Sixaola,rural,12,rural,9.5258736,-82.63724166,official_emis,exact,unknown
CRI_004100,6010,CRI,ÑORIBATA,,1,,public,Costa Rica,Provincia Cartago,Turrialba,Chirripó,rural,11,rural,9.74586234,-83.51590346,official_emis,exact,unknown
CRI_004101,6014,CRI,LA QUEROGA,,1,,public,Costa Rica,Provincia Puntarenas,Puntarenas,Pitahaya,rural,12,rural,10.07449313,-84.79862548,official_emis,exact,unknown
CRI_004102,6016,CRI,C.T.P. ULADISLAO GAMEZ SOLANO,,2|3,,public,Costa Rica,Provincia San José,Curridabat,Tirrases,urban,30,urban,9.8989429,-84.02647771,official_emis,exact,unknown
CRI_004103,6017,CRI,LICEO LA LUCHA,,2|3,,public,Costa Rica,Provincia Puntarenas,Buenos Aires,Potrero Grande,rural,12,rural,9.09389016,-83.14618144,official_emis,exact,unknown
CRI_004104,6018,CRI,KÖKÖTSAKUBATA,,1,,public,Costa Rica,Provincia Cartago,Turrialba,Chirripó,rural,11,rural,9.82067263,-83.41675722,official_emis,exact,unknown
CRI_004105,6020,CRI,LICEO DEPORTIVO DE GRECIA,,2|3,,public,Costa Rica,Provincia Alajuela,Grecia,Grecia,urban,23,urban,10.07554015,-84.31022592,official_emis,exact,unknown
CRI_004106,6024,CRI,WAWET,,1,,public,Costa Rica,Provincia Limón,Talamanca,Telire,rural,11,rural,9.52712618,-83.02877526,official_emis,exact,unknown
CRI_004107,6025,CRI,ALTO KATSI,,1,,public,Costa Rica,Provincia Limón,Talamanca,Telire,rural,12,rural,9.49796938,-82.93682523,official_emis,exact,unknown
CRI_004108,6026,CRI,COLINAS DEL ESTE,,1,,public,Costa Rica,Provincia Puntarenas,Quepos,Quepos,urban,21,peri_urban,9.43892401,-84.1552142,official_emis,exact,unknown
CRI_004109,6027,CRI,LICEO HIGUITO,,2|3,,public,Costa Rica,Provincia San José,Desamparados,San Miguel,urban,30,urban,9.85506499,-84.05126709,official_emis,exact,unknown
CRI_004110,6030,CRI,LICEO VIRGEN MEDALLA MILAGROSA,,2|3,,public,Costa Rica,Provincia San José,Goicoechea,Rancho Redondo,rural,30,urban,9.96573901,-83.99337901,official_emis,exact,unknown
CRI_004111,6032,CRI,C.T.P. FERNANDO VOLIO JIMENEZ,,2|3,,public,Costa Rica,Provincia Cartago,Cartago,Quebradilla,urban,21,peri_urban,9.84473037,-83.99442555,official_emis,exact,unknown
CRI_004112,6033,CRI,C.T.P. INVU LAS CAÑAS,,2|3,,public,Costa Rica,Provincia Alajuela,Alajuela,Desamparados,urban,30,urban,10.01161745,-84.20085928,official_emis,exact,unknown
CRI_004113,6034,CRI,C.T.P. TRONADORA,,2|3,,public,Costa Rica,Provincia Guanacaste,Tilaran,Tronadora,rural,13,rural,10.50303002,-84.92438797,official_emis,exact,unknown
CRI_004114,6043,CRI,TELESECUNDARIA LANAS,,2|3,,public,Costa Rica,Provincia San José,Puriscal,Mercedes Sur,rural,11,rural,9.73831293,-84.45789665,official_emis,exact,unknown
CRI_004115,6044,CRI,TELESECUNDARIA EL LLANO,,2|3,,public,Costa Rica,Provincia San José,Turrubares,San Juan de Mata,rural,12,rural,9.87166065,-84.52625239,official_emis,exact,unknown
CRI_004116,6045,CRI,LICEO RURAL YORKIN,,2|3,,public,Costa Rica,Provincia Limón,Talamanca,Telire,rural,12,rural,9.51593612,-82.86079776,official_emis,exact,unknown
CRI_004117,6046,CRI,LICEO RURAL LA CASONA,,2|3,,public,Costa Rica,Provincia Puntarenas,Coto Brus,,rural,12,rural,8.83593618,-83.07723548,official_emis,exact,unknown
CRI_004118,6050,CRI,TELESECUNDARIA JARIS,,2|3,,public,Costa Rica,Provincia San José,Mora,Jaris,urban,21,peri_urban,9.8743766,-84.27839352,official_emis,exact,unknown
CRI_004119,6096,CRI,I.E.G.B. JUAN CALDERÓN VALVERDE,,2|3,,public,Costa Rica,Provincia San José,Acosta,San Ignacio,rural,21,peri_urban,9.811219581165046,-84.17040499601676,admin_centroid,approximate,unknown
CRI_004120,6097,CRI,LICEO LA TIGRA,,2|3,,public,Costa Rica,Provincia Alajuela,San Carlos,La Tigra,rural,22,urban,10.340682217214235,-84.58104614654602,admin_centroid,approximate,unknown
CRI_004121,6098,CRI,TARISE,,1,,public,Costa Rica,Provincia Puntarenas,Buenos Aires,Volcán,rural,12,rural,9.25084764,-83.49903655,official_emis,exact,unknown
CRI_004122,6099,CRI,LAS ORQUIDEAS,,1,,public,Costa Rica,Provincia Heredia,Sarapiqui,Puerto Viejo,rural,12,rural,10.51376072,-83.98695333,official_emis,exact,unknown
CRI_004123,6100,CRI,ESCUELA MOI,,1,,public,Costa Rica,Provincia Limón,Limon,Valle La Estrella,rural,11,rural,9.65965397,-83.10414489,official_emis,exact,unknown
CRI_004124,6101,CRI,NOCTURNO DE POCORA,,2|3,,public,Costa Rica,Provincia Limón,Guacimo,Pocora,urban,22,urban,10.17010301,-83.60434553,official_emis,exact,unknown
CRI_004125,6103,CRI,I.E.G.B. PARAISO,,2|3,,public,Costa Rica,Provincia Limón,Talamanca,Sixaola,rural,13,rural,9.57145005,-82.71475076,official_emis,exact,unknown
CRI_004126,6104,CRI,C.T.P. JOSE ALBERTAZZI,,2|3,,public,Costa Rica,Provincia San José,Desamparados,Los Guido,urban,30,urban,9.87056546,-84.05106033,official_emis,exact,unknown
CRI_004127,6105,CRI,C.T.P. CARRIZAL,,2|3,,public,Costa Rica,Provincia Alajuela,Alajuela,Carrizal,urban,21,peri_urban,10.08722854,-84.17184212,official_emis,exact,unknown
CRI_004128,6112,CRI,COLEGIO FINCA NARANJO,,2|3,,public,Costa Rica,Provincia Puntarenas,Corredores,Laurel,rural,13,rural,8.43232238,-82.95218819,official_emis,exact,unknown
CRI_004129,6113,CRI,NOCTURNO DE SAN PEDRO,,2|3,,public,Costa Rica,Provincia San José,Perez Zeledon,San Pedro,rural,12,rural,9.27921838,-83.5518999,official_emis,exact,unknown
CRI_004130,6114,CRI,HUACAS,,1,,public,Costa Rica,Provincia Alajuela,San Carlos,Venecia,rural,11,rural,10.4017971,-84.27258648,official_emis,exact,unknown
CRI_004131,6115,CRI,LICEO SAN RAFAEL,,2|3,,public,Costa Rica,Provincia Limón,Pococi,La Colonia,urban,21,peri_urban,10.24632187,-83.79371158,official_emis,exact,unknown
CRI_004132,6129,CRI,LICEO RURAL KATSI,,2|3,,public,Costa Rica,Provincia Limón,Talamanca,Telire,rural,12,rural,9.50889967,-82.9362171,official_emis,exact,unknown
CRI_004133,6130,CRI,C.T.P. GRANADILLA,,2|3,,public,Costa Rica,Provincia San José,Curridabat,Granadilla,urban,30,urban,9.93054742,-84.0103407,official_emis,exact,unknown
CRI_004134,6133,CRI,LICEO PUENTE DE PIEDRA,,2|3,,public,Costa Rica,Provincia Alajuela,Grecia,Puente de Piedra,urban,21,peri_urban,10.02871887,-84.33173851,official_emis,exact,unknown
CRI_004135,6135,CRI,I.E.G.B. LA CRUZ,,2|3,,public,Costa Rica,Provincia San José,Acosta,Guaitil,rural,12,rural,9.793780571230716,-84.20821908290523,admin_centroid,approximate,unknown
CRI_004136,6137,CRI,LICEO OCCIDENTAL,,2|3,,public,Costa Rica,Provincia Cartago,Cartago,Occidental,urban,30,urban,9.86573429,-83.92563556,official_emis,exact,unknown
CRI_004137,6139,CRI,CHORRERAS,,1,,public,Costa Rica,Provincia Alajuela,San Carlos,Cutris,rural,12,rural,10.8887728,-84.2680882,official_emis,exact,unknown
CRI_004138,6140,CRI,ÑUKA KICHÁ,,1,,public,Costa Rica,Provincia Cartago,Turrialba,Chirripó,rural,12,rural,9.79445147,-83.42880117,official_emis,exact,unknown
CRI_004139,6141,CRI,KABERI,,1,,public,Costa Rica,Provincia Cartago,Turrialba,Chirripó,rural,11,rural,9.73933713,-83.4572289,official_emis,exact,unknown
CRI_004140,6142,CRI,DUERI,,1,,public,Costa Rica,Provincia Limón,Siquirres,Pacuarito,rural,11,rural,10.0356051,-83.48484078,official_emis,exact,unknown
CRI_004141,6143,CRI,SULAJU,,1,,public,Costa Rica,Provincia Cartago,Turrialba,Chirripó,rural,11,rural,9.74459623,-83.53148944,official_emis,exact,unknown
CRI_004142,6144,CRI,TAKLAK YAKA,,1,,public,Costa Rica,Provincia Cartago,Turrialba,Chirripó,rural,11,rural,9.87695355,-83.42673617,official_emis,exact,unknown
CRI_004143,6145,CRI,ULUJERIÑAK,,1,,public,Costa Rica,Provincia Limón,Limon,Valle La Estrella,rural,11,rural,9.68415593,-83.42671242,official_emis,exact,unknown
CRI_004144,6149,CRI,LICEO BUENOS AIRES,,2|3,,public,Costa Rica,Provincia Puntarenas,Buenos Aires,Buenos Aires,urban,23,urban,9.16403532,-83.32845049,official_emis,exact,unknown
CRI_004145,6152,CRI,CONVENTILLO,,1,,public,Costa Rica,Provincia Cartago,El Guarco,San Isidro,urban,12,rural,9.79854492,-83.94947435,official_emis,exact,unknown
CRI_004146,6154,CRI,KONOBATA,,1,,public,Costa Rica,Provincia Limón,Limon,Valle La Estrella,rural,11,rural,9.66397641,-83.41178062,official_emis,exact,unknown
CRI_004147,6156,CRI,LICEO BILINGÜE ITALO COSTARRICENSE,,2|3,,public,Costa Rica,Provincia Puntarenas,Coto Brus,,rural,12,rural,8.829023680000002,-82.96273494,official_emis,exact,unknown
CRI_004148,6157,CRI,I.E.G.B. LA VICTORIA,,2|3,,public,Costa Rica,Provincia Alajuela,Upala,San José,rural,12,rural,10.99734404283885,-85.12004992126417,admin_centroid,approximate,unknown
CRI_004149,6215,CRI,UNIDAD PEDAGOGICA EL TORITO,,2|3,,public,Costa Rica,Provincia Cartago,Turrialba,Santa Cruz,rural,12,rural,9.99393975085008,-83.70083730460742,admin_centroid,approximate,unknown
CRI_004150,6216,CRI,LICEO FELIX MATA VALLE,,2|3,,public,Costa Rica,Provincia Cartago,Cartago,Corralillo,rural,21,peri_urban,9.77233915,-84.03610917,official_emis,exact,unknown
CRI_004151,6217,CRI,I.E.G.B. PELAYO MARCET CASAJUANA,,2|3,,public,Costa Rica,Provincia Puntarenas,Puntarenas,Guacimal,rural,12,rural,10.20896308,-84.84836152,official_emis,exact,unknown
CRI_004152,6218,CRI,GAMONALES,,1,,public,Costa Rica,Provincia Alajuela,San Carlos,Quesada,urban,23,urban,10.31340591,-84.42237951,official_emis,exact,unknown
CRI_004153,6220,CRI,LICEO RURAL COLONIA DEL VALLE,,2|3,,public,Costa Rica,Provincia Guanacaste,Nandayure,Bejuco,rural,12,rural,9.88153915,-85.33362752,official_emis,exact,unknown
CRI_004154,6222,CRI,COLEGIO QUEBRADA GRANDE,,2|3,,public,Costa Rica,Provincia Guanacaste,Liberia,Mayorga,urban,12,rural,10.84373168,-85.49323242,official_emis,exact,unknown
CRI_004155,6223,CRI,LOS ÁNGELES,,1,,public,Costa Rica,Provincia Limón,Limon,Valle La Estrella,rural,11,rural,9.63915878,-82.94824308,official_emis,exact,unknown
CRI_004156,6224,CRI,LICEO RURAL COROMA,,2|3,,public,Costa Rica,Provincia Limón,Talamanca,Telire,rural,12,rural,9.53535526,-82.99255684,official_emis,exact,unknown
CRI_004157,6235,CRI,LICEO RURAL NAMALDI,,2|3,,public,Costa Rica,Provincia Cartago,Turrialba,Chirripó,rural,12,rural,9.97805912,-83.32766178,official_emis,exact,unknown
CRI_004158,6236,CRI,LICEO RURAL PALMERA,,2|3,,public,Costa Rica,Provincia Limón,Matina,Matina,rural,11,rural,9.96268792,-83.29280018,official_emis,exact,unknown
CRI_004159,6244,CRI,LICEO SONAFLUCA,,2|3,,public,Costa Rica,Provincia Alajuela,San Carlos,La Fortuna,urban,13,rural,10.45573902,-84.59181096,official_emis,exact,unknown
CRI_004160,6267,CRI,LICEO RURAL LOS ALMENDROS,,2|3,,public,Costa Rica,Provincia Alajuela,San Carlos,Cutris,rural,12,rural,10.62346483,-84.32326111,official_emis,exact,unknown
CRI_004161,6269,CRI,COLEGIO MATA DE PLATANO,,2|3,,public,Costa Rica,Provincia San José,Goicoechea,Mata de Plátano,urban,30,urban,9.95368267,-84.01464283,official_emis,exact,unknown
CRI_004162,6272,CRI,EL LLANITO,,1,,public,Costa Rica,Provincia Guanacaste,Santa Cruz,Tamarindo,rural,12,rural,10.32167786,-85.80871871,official_emis,exact,unknown
CRI_004163,6273,CRI,LICEO RURAL CERROS,,2|3,,public,Costa Rica,Provincia Puntarenas,Quepos,Quepos,urban,13,rural,9.50592496,-84.18117744,official_emis,exact,unknown
CRI_004164,6277,CRI,LA ILUSION DE CANTA GALLO,,1,,public,Costa Rica,Provincia Limón,Pococi,Cariari,urban,11,rural,10.49685852,-83.64919498,official_emis,exact,unknown
CRI_004165,6279,CRI,CEBROR,,1,,public,Costa Rica,Provincia Puntarenas,Buenos Aires,Buenos Aires,urban,12,rural,9.17933621,-83.31476011,official_emis,exact,unknown
CRI_004166,6296,CRI,CERRO AZUL,,1,,public,Costa Rica,Provincia Cartago,Turrialba,Chirripó,rural,11,rural,9.96922913,-83.35255958,official_emis,exact,unknown
CRI_004167,6297,CRI,SAN GERARDO,,1,,public,Costa Rica,Provincia Alajuela,Los Chiles,Los Chiles,rural,12,rural,10.98249022,-84.6209773,official_emis,exact,unknown
CRI_004168,6298,CRI,SKA DIKOL,,1,,public,Costa Rica,Provincia Puntarenas,Buenos Aires,Buenos Aires,urban,12,rural,9.1473893,-83.2137417,official_emis,exact,unknown
CRI_004169,6331,CRI,I.D.A. EL VIVERO,,1,,public,Costa Rica,Provincia Alajuela,Orotina,Coyolar,rural,21,peri_urban,9.88974422,-84.57423992,official_emis,exact,unknown
CRI_004170,6349,CRI,COLEGIO DE PLATANAR,,2|3,,public,Costa Rica,Provincia Alajuela,San Carlos,Florencia,urban,13,rural,10.421258616986265,-84.46796538203242,admin_centroid,approximate,unknown
CRI_004171,6356,CRI,ALTO PALMERA,,1,,public,Costa Rica,Provincia Limón,Matina,Matina,rural,11,rural,9.95823549,-83.30369036,official_emis,exact,unknown
CRI_004172,6358,CRI,C.T.P. VASQUEZ DE CORONADO,,2|3,,public,Costa Rica,Provincia San José,Vazquez de Coronado,Patalillo,urban,30,urban,9.97710243,-84.02076623,official_emis,exact,unknown
CRI_004173,6360,CRI,PALENQUE EL SOL,,1,,public,Costa Rica,Provincia Alajuela,Guatuso,San Rafael,rural,12,rural,10.66197272,-84.79597258,official_emis,exact,unknown
CRI_004174,6368,CRI,JÖNKRUHORÄ,,1,,public,Costa Rica,Provincia Puntarenas,Coto Brus,,rural,11,rural,8.82872094,-83.05022605,official_emis,exact,unknown
CRI_004175,6372,CRI,LICEO TIERRA BLANCA,,2|3,,public,Costa Rica,Provincia Cartago,Cartago,Tierra Blanca,urban,23,urban,9.91601812,-83.89351606,official_emis,exact,unknown
CRI_004176,6373,CRI,LAS BRISAS,,1,,public,Costa Rica,Provincia Guanacaste,Tilaran,Quebrada Grande,rural,12,rural,10.36802472,-84.88086311,official_emis,exact,unknown
CRI_004177,6374,CRI,BAKÖM DI,,1,,public,Costa Rica,Provincia Puntarenas,Buenos Aires,Buenos Aires,urban,11,rural,9.19061701,-83.26067841,official_emis,exact,unknown
CRI_004178,6375,CRI,LICEO LOS ANGELES,,2|3,,public,Costa Rica,Provincia Guanacaste,Nandayure,Porvenir,rural,12,rural,9.90443725,-85.28265645,official_emis,exact,unknown
CRI_004179,6376,CRI,LICEO SAN JOSE DEL RIO,,2|3,,public,Costa Rica,Provincia Heredia,Sarapiqui,Puerto Viejo,rural,12,rural,10.53313874,-83.98952506,official_emis,exact,unknown
CRI_004180,6384,CRI,LICEO DE TOBOSI,,2|3,,public,Costa Rica,Provincia Cartago,El Guarco,Tobosi,urban,21,peri_urban,9.83753669,-83.9830743,official_emis,exact,unknown
CRI_004181,6385,CRI,LICEO SAN ANTONIO,,2|3,,public,Costa Rica,Provincia Limón,Pococi,Roxana,rural,12,rural,10.28610907,-83.72064473,official_emis,exact,unknown
CRI_004182,6386,CRI,CARTAGO,,1,,public,Costa Rica,Provincia Limón,Talamanca,Bratsi,rural,11,rural,9.62940357,-83.14509377,official_emis,exact,unknown
CRI_004183,6387,CRI,KUNABRI,,1,,public,Costa Rica,Provincia Limón,Limon,Valle La Estrella,rural,11,rural,9.67103187,-83.15300767,official_emis,exact,unknown
CRI_004184,6388,CRI,ARROZ ITÄRÍ,,1,,public,Costa Rica,Provincia Limón,Limon,Valle La Estrella,rural,11,rural,9.67931402,-83.14929754,official_emis,exact,unknown
CRI_004185,6389,CRI,BAJO COHEN,,1,,public,Costa Rica,Provincia Limón,Limon,Valle La Estrella,rural,11,rural,9.71391502,-83.12114993,official_emis,exact,unknown
CRI_004186,6390,CRI,NIMARI,,1,,public,Costa Rica,Provincia Limón,Limon,Valle La Estrella,rural,11,rural,9.69025027,-83.14115375,official_emis,exact,unknown
CRI_004187,6391,CRI,BAJO BLEY SUR,,1,,public,Costa Rica,Provincia Limón,Talamanca,Telire,rural,12,rural,9.60436146,-83.21274063,official_emis,exact,unknown
CRI_004188,6392,CRI,KUCHEY,,1,,public,Costa Rica,Provincia Limón,Limon,Valle La Estrella,rural,11,rural,9.73694958,-83.08574662,official_emis,exact,unknown
CRI_004189,6393,CRI,LA SIBERIA,,1,,public,Costa Rica,Provincia Limón,Limon,Valle La Estrella,rural,12,rural,9.75277648,-82.93387667,official_emis,exact,unknown
CRI_004190,6394,CRI,BISÖLA,,1,,public,Costa Rica,Provincia Limón,Talamanca,Telire,rural,11,rural,9.53904671,-83.33399441,official_emis,exact,unknown
CRI_004191,6395,CRI,JÄBËJUKTÖ,,1,,public,Costa Rica,Provincia Limón,Talamanca,Telire,rural,11,rural,9.55414192,-83.31197766,official_emis,exact,unknown
CRI_004192,6396,CRI,DÜCHIRIBATA,,1,,public,Costa Rica,Provincia Limón,Talamanca,Telire,rural,11,rural,9.54698942,-83.31687645,official_emis,exact,unknown
CRI_004193,6397,CRI,BLEITÖ,,1,,public,Costa Rica,Provincia Limón,Talamanca,Telire,rural,11,rural,9.61669877,-83.24883582,official_emis,exact,unknown
CRI_004194,6398,CRI,JÄKTÖKÖLO,,1,,public,Costa Rica,Provincia Limón,Talamanca,Telire,rural,11,rural,9.56692386,-83.31350161,official_emis,exact,unknown
CRI_004195,6399,CRI,KOWA,,1,,public,Costa Rica,Provincia Limón,Talamanca,Telire,rural,11,rural,9.58122582,-83.28714921,official_emis,exact,unknown
CRI_004196,6400,CRI,DUCHARI,,1,,public,Costa Rica,Provincia Limón,Limon,Valle La Estrella,rural,11,rural,9.79874064,-83.34166038,official_emis,exact,unknown
CRI_004197,6401,CRI,TAMIJU,,1,,public,Costa Rica,Provincia Limón,Limon,Valle La Estrella,rural,11,rural,9.79316703,-83.3238416,official_emis,exact,unknown
CRI_004198,6402,CRI,JUI TÖ,,1,,public,Costa Rica,Provincia Cartago,Turrialba,Chirripó,rural,11,rural,9.83294874,-83.35218034,official_emis,exact,unknown
CRI_004199,6403,CRI,KSARABATA,,1,,public,Costa Rica,Provincia Limón,Limon,Valle La Estrella,rural,11,rural,9.6627573,-83.40580066,official_emis,exact,unknown
CRI_004200,6404,CRI,KONYÖÚ,,1,,public,Costa Rica,Provincia Puntarenas,Buenos Aires,Buenos Aires,urban,11,rural,9.11553326,-83.22738828,official_emis,exact,unknown
CRI_004201,6405,CRI,AKOM,,1,,public,Costa Rica,Provincia Puntarenas,Buenos Aires,Buenos Aires,urban,11,rural,9.19642632,-83.28674087,official_emis,exact,unknown
CRI_004202,6406,CRI,LICEO RURAL SHIKABALI,,2|3,,public,Costa Rica,Provincia Limón,Limon,Valle La Estrella,rural,12,rural,9.77121791,-83.35234783,official_emis,exact,unknown
CRI_004203,6407,CRI,LICEO RURAL KJAKUO SULO,,2|3,,public,Costa Rica,Provincia Cartago,Turrialba,Chirripó,rural,11,rural,9.75670349,-83.49864313,official_emis,exact,unknown
CRI_004204,6408,CRI,COLEGIO INDÍGENA SHIROLES,,2|3,,public,Costa Rica,Provincia Limón,Talamanca,Bratsi,rural,13,rural,9.58261371,-82.9494346,official_emis,exact,unknown
CRI_004205,6409,CRI,LICEO RURAL SALITRE,,2|3,,public,Costa Rica,Provincia Puntarenas,Buenos Aires,Buenos Aires,urban,12,rural,9.18796602,-83.30538514,official_emis,exact,unknown
CRI_004206,6429,CRI,I.E.G.B. ANSELMO GUTIÉRREZ BRICEÑO,,2|3,,public,Costa Rica,Provincia Guanacaste,Nicoya,Nicoya,urban,12,rural,10.1106051,-85.50800734,official_emis,exact,unknown
CRI_004207,6456,CRI,COLEGIO OMAR SALAZAR OBANDO,,2|3,,public,Costa Rica,Provincia Cartago,Turrialba,Turrialba,urban,23,urban,9.90713422,-83.68663266,official_emis,exact,unknown
CRI_004208,6465,CRI,TELESECUNDARIA VILLA HERMOSA,,2|3,,public,Costa Rica,Provincia Puntarenas,Buenos Aires,Buenos Aires,urban,11,rural,9.14588608,-83.27651569,official_emis,exact,unknown
CRI_004209,6475,CRI,NOCTURNO DE BAGACES,,2|3,,public,Costa Rica,Provincia Guanacaste,Bagaces,Bagaces,rural,13,rural,10.52889899,-85.25244321,official_emis,exact,unknown
CRI_004210,6479,CRI,COLEGIO DE GUACIMO,,2|3,,public,Costa Rica,Provincia Limón,Guacimo,Guácimo,urban,23,urban,10.21143751,-83.67591744,official_emis,exact,unknown
CRI_004211,6480,CRI,LICEO RURAL ALTO COHEN,,2|3,,public,Costa Rica,Provincia Limón,Limon,Valle La Estrella,rural,11,rural,9.67873384,-83.14056031,official_emis,exact,unknown
CRI_004212,6493,CRI,PALMITAS II,,1,,public,Costa Rica,Provincia Limón,Pococi,Rita,rural,12,rural,10.43521072,-83.80022209,official_emis,exact,unknown
CRI_004213,6498,CRI,LICEO RURAL YIMBA CAJC,,2|3,,public,Costa Rica,Provincia Puntarenas,Buenos Aires,Boruca,rural,12,rural,8.982896220000002,-83.26922443,official_emis,exact,unknown
CRI_004214,6500,CRI,COLEGIO DE PACUARE,,2|3,,public,Costa Rica,Provincia Limón,Limon,Limón,urban,30,urban,9.99958884,-83.04942879,official_emis,exact,unknown
CRI_004215,6501,CRI,COLEGIO FLORIDA,,2|3,,public,Costa Rica,Provincia Limón,Siquirres,Florida,rural,12,rural,10.09616035,-83.56651924,official_emis,exact,unknown
CRI_004216,6502,CRI,C.T.P. SANTO CRISTO DE ESQUIPULAS,,2|3,,public,Costa Rica,Provincia Alajuela,Palmeras,Esquipulas,urban,23,urban,10.05510715,-84.4211131,official_emis,exact,unknown
CRI_004217,6503,CRI,C.T.P. DE DULCE NOMBRE,,2|3,,public,Costa Rica,Provincia Cartago,Cartago,Dulce Nombre,urban,30,urban,9.84761268,-83.9108644,official_emis,exact,unknown
CRI_004218,6504,CRI,C.T.P. SAN PEDRO DE BARVA,,2|3,,public,Costa Rica,Provincia Heredia,Barva,San Pedro,urban,30,urban,10.02501827,-84.13877658,official_emis,exact,unknown
CRI_004219,6505,CRI,C.T.P. DE PALMICHAL,,2|3,,public,Costa Rica,Provincia San José,Acosta,Palmichal,rural,21,peri_urban,9.8379735,-84.20382902,official_emis,exact,unknown
CRI_004220,6506,CRI,C.T.P. BOLIVAR,,2|3,,public,Costa Rica,Provincia Alajuela,Grecia,Bolívar,rural,23,urban,10.09567113,-84.31783654,official_emis,exact,unknown
CRI_004221,6507,CRI,C.T.P. SABANILLA,,2|3,,public,Costa Rica,Provincia Alajuela,Alajuela,Sabanilla,rural,21,peri_urban,10.06946238,-84.21689519,official_emis,exact,unknown
CRI_004222,6508,CRI,C.T.P. SAN RAFAEL DE POAS,,2|3,,public,Costa Rica,Provincia Alajuela,Poas,San Juan,rural,21,peri_urban,10.09192214,-84.25193708,official_emis,exact,unknown
CRI_004223,6512,CRI,LICEO SANTISIMA TRINIDAD,,2|3,,public,Costa Rica,Provincia Limón,Pococi,Guápiles,urban,21,peri_urban,10.21283134,-83.80952257,official_emis,exact,unknown
CRI_004224,6523,CRI,NOCTURNO DE JACO,,2|3,,public,Costa Rica,Provincia Puntarenas,Garabito,Jacó,urban,12,rural,9.62776173,-84.6231437,official_emis,exact,unknown
CRI_004225,6524,CRI,C.T.P. SAN ISIDRO DE HEREDIA,,2|3,,public,Costa Rica,Provincia Heredia,San Isidro,San José,urban,21,peri_urban,10.01956373,-84.03432468,official_emis,exact,unknown
CRI_004226,6525,CRI,C.T.P. SANTO DOMINGO,,2|3,,public,Costa Rica,Provincia Heredia,Santo Domingo,Santa Rosa,urban,30,urban,9.96965388,-84.09825017,official_emis,exact,unknown
CRI_004227,6526,CRI,C.T.P. MERCEDES NORTE,,2|3,,public,Costa Rica,Provincia Heredia,Heredia,Mercedes,urban,30,urban,10.01189745,-84.12964979,official_emis,exact,unknown
CRI_004228,6527,CRI,C.T.P. MAXIMO QUESADA,,2|3,,public,Costa Rica,Provincia San José,Desamparados,Patarrá,urban,30,urban,9.87412436,-84.03327256,official_emis,exact,unknown
CRI_004229,6528,CRI,C.T.P. PURRAL,,2|3,,public,Costa Rica,Provincia San José,Goicoechea,Purral,urban,30,urban,9.95633743,-84.0271515,official_emis,exact,unknown
CRI_004230,6529,CRI,C.T.P. ABELARDO BONILLA BALDARES,,2|3,,public,Costa Rica,Provincia San José,Moravia,San Jerónimo,urban,30,urban,9.99263472,-84.02402963,official_emis,exact,unknown
CRI_004231,6530,CRI,C.T.P. PAVAS,,2|3,,public,Costa Rica,Provincia San José,San Jose,Pavas,urban,30,urban,9.94965466,-84.13883178,official_emis,exact,unknown
CRI_004232,6531,CRI,C.T.P. DE ASERRI,,2|3,,public,Costa Rica,Provincia San José,Aserri,Salitrillos,urban,30,urban,9.84847844,-84.09231458,official_emis,exact,unknown
CRI_004233,6532,CRI,C.T.P. AMBIENTALISTA ISAIAS RETANA,,2|3,,public,Costa Rica,Provincia San José,Perez Zeledon,San Isidro de El General,urban,21,peri_urban,9.38699109,-83.72662838,official_emis,exact,unknown
CRI_004234,6533,CRI,C.T.P. OREAMUNO,,2|3,,public,Costa Rica,Provincia Cartago,Oreamuno,San Rafael,urban,21,peri_urban,9.8716125,-83.89041977,official_emis,exact,unknown
CRI_004235,6534,CRI,C.T.P. SANTA LUCIA,,2|3,,public,Costa Rica,Provincia Cartago,Paraiso,Llanos de Santa Lucía,urban,23,urban,9.83550258,-83.88050899,official_emis,exact,unknown
CRI_004236,6535,CRI,C.T.P. CALLE ZAMORA,,2|3,,public,Costa Rica,Provincia Alajuela,San Ramon,San Rafael,rural,21,peri_urban,10.06433937,-84.46610126,official_emis,exact,unknown
CRI_004237,6536,CRI,C.T.P. ROSARIO DE NARANJO,,2|3,,public,Costa Rica,Provincia Alajuela,Naranjo,El Rosario,rural,21,peri_urban,10.04908974,-84.36907639,official_emis,exact,unknown
CRI_004238,6537,CRI,C.T.P. SANTA EULALIA,,2|3,,public,Costa Rica,Provincia Alajuela,Atenas,Santa Eulalia,urban,12,rural,10.01978252,-84.36757914,official_emis,exact,unknown
CRI_004239,6538,CRI,C.T.P. DE CAÑAS,,2|3,,public,Costa Rica,Provincia Guanacaste,Canas,Cañas,urban,21,peri_urban,10.41756092,-85.08997118,official_emis,exact,unknown
CRI_004240,6543,CRI,BLÚJURIÑAK,,1,,public,Costa Rica,Provincia Cartago,Turrialba,Chirripó,rural,11,rural,9.78188742,-83.50338333,official_emis,exact,unknown
CRI_004241,6547,CRI,C.T.P. DE ATENAS,,2|3,,public,Costa Rica,Provincia Alajuela,Atenas,Atenas,urban,21,peri_urban,9.97319994,-84.37831632,official_emis,exact,unknown
CRI_004242,6548,CRI,C.T.P. DE MORA,,2|3,,public,Costa Rica,Provincia San José,Mora,Colón,urban,21,peri_urban,9.89915875,-84.23735484,official_emis,exact,unknown
CRI_004243,6549,CRI,C.T.P. ZARCERO,,2|3,,public,Costa Rica,Provincia Alajuela,Zarcero,Zarcero,urban,22,urban,10.17974986,-84.39615742,official_emis,exact,unknown
CRI_004244,6550,CRI,C.T.P. ESPARZA,,2|3,,public,Costa Rica,Provincia Puntarenas,Esparza,San Rafael,rural,12,rural,9.96239409,-84.63153956,official_emis,exact,unknown
CRI_004245,6551,CRI,NOCTURNO DE AMUBRI,,2|3,,public,Costa Rica,Provincia Limón,Talamanca,Telire,rural,12,rural,9.51939414,-82.95306593,official_emis,exact,unknown
CRI_004246,6554,CRI,LA FLORITA,,1,,public,Costa Rica,Provincia Limón,Pococi,Jiménez,rural,11,rural,10.26107047,-83.73447186,official_emis,exact,unknown
CRI_004247,6555,CRI,JAPON,,1,,public,Costa Rica,Provincia San José,Tarrazu,San Marcos,urban,22,urban,9.67102192,-84.02594321,official_emis,exact,unknown
CRI_004248,6556,CRI,SANTA FE,,1,,public,Costa Rica,Provincia Puntarenas,Puntarenas,Cóbano,rural,11,rural,9.71064933,-85.11614307,official_emis,exact,unknown
CRI_004249,6557,CRI,ARCO IRIS,,1,,public,Costa Rica,Provincia San José,Perez Zeledon,Cajón,rural,12,rural,9.32359449,-83.57710048,official_emis,exact,unknown
CRI_004250,6558,CRI,SAN JERONIMO,,1,,public,Costa Rica,Provincia Alajuela,Los Chiles,Los Chiles,rural,22,urban,11.0206263,-84.70405788,official_emis,exact,unknown
CRI_004251,6559,CRI,MELIDA GARCIA FLORES,,1,,public,Costa Rica,Provincia Alajuela,Los Chiles,Los Chiles,rural,22,urban,11.03745918,-84.71107722,official_emis,exact,unknown
CRI_004252,6560,CRI,PROGRESO,,1,,public,Costa Rica,Provincia Limón,Talamanca,Bratsi,rural,12,rural,9.59188875,-82.97904583,official_emis,exact,unknown
CRI_004253,6561,CRI,TSINI KICHA,,1,,public,Costa Rica,Provincia Limón,Siquirres,Pacuarito,rural,11,rural,9.98693813,-83.46201293,official_emis,exact,unknown
CRI_004254,6562,CRI,TOLOKSACO,,1,,public,Costa Rica,Provincia Limón,Matina,Matina,urban,11,rural,10.02721171,-83.37884953,official_emis,exact,unknown
CRI_004255,6563,CRI,PLAZA VIEJA,,1,,public,Costa Rica,Provincia Cartago,Jimenez,Pejibaye,rural,13,rural,9.80926594,-83.69591744,official_emis,exact,unknown
CRI_004256,6564,CRI,LICEO COPEY,,2|3,,public,Costa Rica,Provincia San José,Dota,Copey,rural,12,rural,9.6445683,-83.92023624,official_emis,exact,unknown
CRI_004257,6565,CRI,LICEO RURAL SAN JOSE,,2|3,,public,Costa Rica,Provincia Alajuela,Los Chiles,El Amparo,rural,12,rural,10.8473812,-84.66822297,official_emis,exact,unknown
CRI_004258,6566,CRI,CERRO ALEGRE,,1,,public,Costa Rica,Provincia Alajuela,San Ramon,Peñas Blancas,rural,12,rural,10.42095471,-84.61447372,official_emis,exact,unknown
CRI_004259,6567,CRI,LICEO RURAL LA UNION,,2|3,,public,Costa Rica,Provincia Limón,Pococi,Guápiles,urban,12,rural,10.21610886,-83.87223666,official_emis,exact,unknown
CRI_004260,6568,CRI,LICEO RURAL RIO GRANDE DE PAQUERA,,2|3,,public,Costa Rica,Provincia Puntarenas,Puntarenas,Paquera,rural,12,rural,9.86267436,-84.93738312,official_emis,exact,unknown
CRI_004261,6569,CRI,LICEO RURAL ARANJUEZ,,2|3,,public,Costa Rica,Provincia Puntarenas,Puntarenas,Pitahaya,rural,12,rural,10.05581407,-84.79723893,official_emis,exact,unknown
CRI_004262,6570,CRI,LICEO RURAL CHINA KICHA,,2|3,,public,Costa Rica,Provincia Limón,Talamanca,Bratsi,rural,11,rural,9.59301637,-83.01122129,official_emis,exact,unknown
CRI_004263,6571,CRI,LICEO RURAL EL PROGRESO,,2|3,,public,Costa Rica,Provincia Puntarenas,Golfito,Pavón,rural,11,rural,8.4093165,-83.05605884,official_emis,exact,unknown
CRI_004264,6574,CRI,C.T.P. JOSE MARIA ZELEDON BRENES,,2|3,,public,Costa Rica,Provincia San José,Desamparados,San Miguel,urban,30,urban,9.84950062,-84.06611422,official_emis,exact,unknown
CRI_004265,6576,CRI,C.T.P. SANTA ELENA,,2|3,,public,Costa Rica,Provincia Puntarenas,Coto Brus,,rural,12,rural,8.92373722,-82.94118958,official_emis,exact,unknown
CRI_004266,6577,CRI,C.T.P. DE PLATANAR,,2|3,,public,Costa Rica,Provincia Alajuela,San Carlos,Florencia,urban,13,rural,10.41899688,-84.46889189,official_emis,exact,unknown
CRI_004267,6578,CRI,C.T.P. BARRIO IRVIN,,2|3,,public,Costa Rica,Provincia Guanacaste,La Cruz,La Cruz,urban,22,urban,11.06579207,-85.62509607,official_emis,exact,unknown
CRI_004268,6579,CRI,C.T.P. DE LIVERPOOL,,2|3,,public,Costa Rica,Provincia Limón,Limon,Río Blanco,urban,13,rural,9.99356926,-83.12883387,official_emis,exact,unknown
CRI_004269,6580,CRI,C.T.P. AGROPORTICA,,2|3,,public,Costa Rica,Provincia Limón,Pococi,Rita,rural,12,rural,10.41210409,-83.78521367,official_emis,exact,unknown
CRI_004270,6581,CRI,C.T.P. OROSI,,2|3,,public,Costa Rica,Provincia Cartago,Paraiso,Orosi,urban,22,urban,9.7798666,-83.841609,official_emis,exact,unknown
CRI_004271,6582,CRI,C.T.P. ROBERTO GAMBOA VALVERDE,,2|3,,public,Costa Rica,Provincia San José,Desamparados,San Rafael Abajo,urban,30,urban,9.89373428,-84.07933793,official_emis,exact,unknown
CRI_004272,6583,CRI,C.T.P. BRAULIO ODIO HERRERA,,2|3,,public,Costa Rica,Provincia San José,Aserri,Monterrey,rural,21,peri_urban,9.75659979,-84.10818416,official_emis,exact,unknown
CRI_004273,6584,CRI,C.T.P. LAS PALMITAS,,2|3,,public,Costa Rica,Provincia Limón,Pococi,Rita,rural,13,rural,10.45003449,-83.70757392,official_emis,exact,unknown
CRI_004274,6624,CRI,LICEO RURAL SIKRIYöK,,2|3,,public,Costa Rica,Provincia Puntarenas,Buenos Aires,Buenos Aires,urban,11,rural,9.18767286,-83.21332817,official_emis,exact,unknown
CRI_004275,6625,CRI,LICEO RURAL JAK KSARI,,2|3,,public,Costa Rica,Provincia Limón,Limon,Valle La Estrella,rural,11,rural,9.76523856,-83.37051291,official_emis,exact,unknown
CRI_004276,6633,CRI,C.T.P. DE BELEN,,2|3,,public,Costa Rica,Provincia Heredia,Belen,San Antonio,urban,30,urban,9.9843531,-84.18606698,official_emis,exact,unknown
CRI_004277,6634,CRI,C.T.P. DE ALAJUELITA,,2|3,,public,Costa Rica,Provincia San José,Alajuelita,Alajuelita,urban,30,urban,9.90592524,-84.10268787,official_emis,exact,unknown
CRI_004278,6635,CRI,C.T.P. DE SAN RAFAEL DE ALAJUELA,,2|3,,public,Costa Rica,Provincia Alajuela,Alajuela,San Rafael,urban,30,urban,9.96921268,-84.21733351,official_emis,exact,unknown
CRI_004279,6636,CRI,LICEO RURAL TSIRURURI,,2|3,,public,Costa Rica,Provincia Limón,Limon,Valle La Estrella,rural,11,rural,9.72388081,-83.4108945,official_emis,exact,unknown
CRI_004280,6637,CRI,DABABLI,,1,,public,Costa Rica,Provincia Limón,Talamanca,Telire,rural,11,rural,9.47029329,-83.01157115,official_emis,exact,unknown
CRI_004281,6638,CRI,TIQUIRUZAS,,1,,public,Costa Rica,Provincia Guanacaste,Canas,Porozal,rural,11,rural,10.26095653,-85.16928568,official_emis,exact,unknown
CRI_004282,6639,CRI,C.T.P. DEL ESTE,,2|3,,public,Costa Rica,Provincia Heredia,Santo Domingo,San Miguel,urban,30,urban,9.98300744,-84.0562297,official_emis,exact,unknown
CRI_004283,6640,CRI,C.T.P. DE COPAL,,2|3,,public,Costa Rica,Provincia Guanacaste,Nicoya,Quebrada Honda,rural,12,rural,10.16878616,-85.26411869,official_emis,exact,unknown
CRI_004284,6641,CRI,C.T.P. LA TIGRA,,2|3,,public,Costa Rica,Provincia Alajuela,San Carlos,La Tigra,rural,22,urban,10.34524701,-84.57190025,official_emis,exact,unknown
CRI_004285,6648,CRI,MOLLEJONES,,1,,public,Costa Rica,Provincia Alajuela,Orotina,Coyolar,rural,21,peri_urban,9.88134496,-84.56632702,official_emis,exact,unknown
CRI_004286,6651,CRI,ASENTAMIENTO EL GALLO,,1,,public,Costa Rica,Provincia Guanacaste,La Cruz,La Garita,rural,12,rural,11.12753774,-85.57921296,official_emis,exact,unknown
CRI_004287,6664,CRI,SANTA LUCIA,,1,,public,Costa Rica,Provincia Alajuela,San Carlos,Pocosol,rural,12,rural,10.60699258,-84.54046402,official_emis,exact,unknown
CRI_004288,6665,CRI,PAVONES,,1,,public,Costa Rica,Provincia Puntarenas,Buenos Aires,Volcán,rural,12,rural,9.18875545,-83.46861632,official_emis,exact,unknown
CRI_004289,6666,CRI,COLEGIO SAN FRANCISCO DE LA PALMERA,,2|3,,public,Costa Rica,Provincia Alajuela,San Carlos,La Palmera,rural,12,rural,10.44792884,-84.40253952,official_emis,exact,unknown
CRI_004290,6667,CRI,LICEO RURAL PALACIOS,,2|3,,public,Costa Rica,Provincia Limón,Pococi,Cariari,urban,11,rural,10.47985896,-83.62823178,official_emis,exact,unknown
CRI_004291,6676,CRI,COLEGIO DE LEPANTO,,2|3,,public,Costa Rica,Provincia Puntarenas,Puntarenas,Lepanto,rural,12,rural,9.94973661,-85.03182299,official_emis,exact,unknown
CRI_004292,6688,CRI,RIO SAN CARLOS SECTOR ESTE,,1,,public,Costa Rica,Provincia Alajuela,San Carlos,Pital,rural,12,rural,10.78347489,-84.19401856,official_emis,exact,unknown
CRI_004293,6703,CRI,CAÑO DE MASAYA,,1,,public,Costa Rica,Provincia Heredia,Sarapiqui,La Virgen,rural,11,rural,10.60748643,-83.99725338,official_emis,exact,unknown
CRI_004294,6714,CRI,LICEO NUEVO DE PURISCAL,,2|3,,public,Costa Rica,Provincia San José,Puriscal,Santiago,urban,23,urban,9.83623681,-84.31857449,official_emis,exact,unknown
CRI_004295,6716,CRI,LICEO DE GUARARI,,2|3,,public,Costa Rica,Provincia Heredia,Heredia,San Francisco,urban,30,urban,9.98733389,-84.11676554,official_emis,exact,unknown
CRI_004296,6717,CRI,COLEGIO DE SIQUIRRES,,2|3,,public,Costa Rica,Provincia Limón,Siquirres,Siquirres,urban,23,urban,10.09360456,-83.50292626,official_emis,exact,unknown
CRI_004297,6718,CRI,C.T.P. LA CARPIO,,2|3,,public,Costa Rica,Provincia San José,Tibas,Colima,urban,30,urban,9.95331242,-84.08703958,official_emis,exact,unknown
CRI_004298,6719,CRI,C.T.P. HATILLO,,2|3,,public,Costa Rica,Provincia San José,San Jose,Hatillo,urban,30,urban,9.9227418,-84.09908803,official_emis,exact,unknown
CRI_004299,6742,CRI,LICEO DE SANTIAGO,,2|3,,public,Costa Rica,Provincia Cartago,Paraiso,Santiago,rural,22,urban,9.86894839,-83.79869978,official_emis,exact,unknown
CRI_004300,6743,CRI,LOMA LINDA,,1,,public,Costa Rica,Provincia Limón,Limon,Río Blanco,urban,11,rural,9.98140345,-83.10315226,official_emis,exact,unknown
CRI_004301,6752,CRI,LICEO RURAL VARA BLANCA,,2|3,,public,Costa Rica,Provincia Heredia,Heredia,Varablanca,rural,12,rural,10.17242906,-84.15837463,official_emis,exact,unknown
CRI_004302,6796,CRI,COLEGIO LA CRUZ,,2|3,,public,Costa Rica,Provincia Guanacaste,La Cruz,La Cruz,urban,22,urban,11.07628628,-85.63241777,official_emis,exact,unknown
CRI_004303,6842,CRI,LICEO RURAL ULUK KICHA,,2|3,,public,Costa Rica,Provincia Cartago,Turrialba,Chirripó,rural,11,rural,9.75816111,-83.47091204,official_emis,exact,unknown
CRI_004304,6848,CRI,CHIGO,,1,,public,Costa Rica,Provincia Puntarenas,Buenos Aires,Chánguena,rural,11,rural,8.81595071,-83.08571377,official_emis,exact,unknown
CRI_004305,6877,CRI,JU KRIBÄTÄ,,1,,public,Costa Rica,Provincia Puntarenas,Buenos Aires,Chánguena,rural,11,rural,8.83016859,-83.1278709,official_emis,exact,unknown
CRI_004306,6878,CRI,DUASKLÖ,,1,,public,Costa Rica,Provincia Puntarenas,Buenos Aires,Buenos Aires,urban,11,rural,9.28626775,-83.32182376,official_emis,exact,unknown
CRI_004307,6959,CRI,LICEO TAMBOR DE COBANO,,2|3,,public,Costa Rica,Provincia Puntarenas,Puntarenas,Cóbano,rural,12,rural,9.71894568,-85.0182233,official_emis,exact,unknown
CRI_004308,6987,CRI,LICEO RURAL NAIRI AWARI,,2|3,,public,Costa Rica,Provincia Limón,Matina,Batán,rural,11,rural,9.99701428,-83.46187966,official_emis,exact,unknown
CRI_004309,6996,CRI,TSIRIKBATA,,1,,public,Costa Rica,Provincia Limón,Matina,Batán,rural,11,rural,10.01690946,-83.41994448,official_emis,exact,unknown
CRI_004310,6997,CRI,SURUY,,1,,public,Costa Rica,Provincia Limón,Limon,Valle La Estrella,rural,11,rural,9.75796266,-83.06171453,official_emis,exact,unknown
CRI_004311,6998,CRI,BITARKALA,,1,,public,Costa Rica,Provincia Limón,Limon,Valle La Estrella,rural,11,rural,9.69697288,-83.0460604,official_emis,exact,unknown
CRI_004312,7005,CRI,I.E.G.B. MARIA VARGAS RODRIGUEZ,,2|3,,public,Costa Rica,Provincia Alajuela,Alajuela,San Antonio,urban,30,urban,9.98074823934667,-84.25876403507804,admin_centroid,approximate,unknown
CRI_004313,7025,CRI,C.T.P. ING. CARLOS PASCUA ZUÑIGA,,2|3,,public,Costa Rica,Provincia Heredia,San Rafael,Santiago,urban,30,urban,10.01054389,-84.09954056,official_emis,exact,unknown
CRI_004314,7026,CRI,C.T.P. GUARARI,,2|3,,public,Costa Rica,Provincia Heredia,Heredia,San Francisco,urban,30,urban,9.98733389,-84.11676554,official_emis,exact,unknown
CRI_004315,7027,CRI,COLEGIO NOCTURNO DE TARRAZU,,2|3,,public,Costa Rica,Provincia San José,Tarrazu,San Marcos,urban,22,urban,9.67074059,-84.02695737,official_emis,exact,unknown
CRI_004316,7033,CRI,NIMARI,,1,,public,Costa Rica,Provincia Limón,Matina,Carrandí,rural,11,rural,9.92714485,-83.22204818,official_emis,exact,unknown
CRI_004317,7041,CRI,UNIDAD PEDAGOGICA SAN FRANCISCO,,2|3,,public,Costa Rica,Provincia Alajuela,San Ramon,Piedades Sur,rural,12,rural,10.07389399848329,-84.54524539234242,admin_centroid,approximate,unknown
CRI_004318,9987,CRI,HUMANISTICO COSTARRICENSE-CAMPUS NICOYA,,2|3,,public,Costa Rica,Provincia Guanacaste,Nicoya,Nicoya,urban,23,urban,10.145334664719119,-85.45203660229657,admin_centroid,approximate,unknown
CRI_004319,9994,CRI,CIENTIFICO DE COSTA RICA DE SAN CARLOS -TEC-,,2|3,,public,Costa Rica,Provincia Alajuela,San Carlos,Florencia,urban,12,rural,10.356216716714801,-84.5176251770037,admin_centroid,approximate,unknown
