geo_id,source_id,country,school_name,school_name_romanized,isced_level,school_type,sector,adm0,adm1,adm2,adm3,urban_rural,ghsl_smod_code,ghsl_urban_rural,latitude,longitude,coordinate_source,coordinate_precision,status
ISR_000001,112953,ISR,"""(אהבת ישראל (חרד""""ל""",,1|2,חמד,public,Israel,,,,,30,urban,31.8170713128231,35.2008880816318,official_emis,exact,open
ISR_000002,312538,ISR,"""(צמח צדיק (רמב""""ם""",,1,חמד,public,Israel,,,,,21,peri_urban,32.7580068290916,34.9658123786073,official_emis,exact,open
ISR_000003,618223,ISR,"""אבו בכר א'""",,1,ממ,public,Israel,,,,,23,urban,31.2477801801001,34.8517296221032,official_emis,exact,open
ISR_000004,618413,ISR,"""אבו בכר ב'""",,1,ממ,public,Israel,,,,,21,peri_urban,31.2532871162986,34.8671313389697,official_emis,exact,open
ISR_000005,418426,ISR,"""אבן ח'ולדון""",,1,ממ,public,Israel,,,,,30,urban,32.1084634897661,34.9781657709331,official_emis,exact,open
ISR_000006,249052,ISR,"""אבן סינא -חטב ג'""",,2,ממ,public,Israel,,,,,30,urban,32.6998511430217,35.3076364776868,official_emis,exact,open
ISR_000007,219295,ISR,"""אבן עאמר(אבו אלג'יש)""",,1,ממ,public,Israel,,,,,30,urban,32.6860072219625,35.2867426924006,official_emis,exact,open
ISR_000008,618231,ISR,"""אבן-ח'לדון""",,1|2,ממ,public,Israel,,,,,23,urban,31.3983218039159,34.7553175943684,official_emis,exact,open
ISR_000009,460550,ISR,"""אג'יאל אלקודס""",,2|3,ממ,public,Israel,,,,,30,urban,31.8721178773861,35.2246323702171,official_emis,approximate,open
ISR_000010,418418,ISR,"""אג'יאל""",,1,ממ,public,Israel,,,,,23,urban,32.1489667236992,34.9561028733679,official_emis,exact,open
ISR_000011,548404,ISR,"""אג'יאל""",,2|3,ממ,public,Israel,,,,,30,urban,32.05180313582,34.7523132819203,official_emis,exact,open
ISR_000012,212035,ISR,"""אגמי""""ם""",,1,ממ,public,Israel,,,,,21,peri_urban,32.9568087439767,35.4992181009056,official_emis,exact,open
ISR_000013,611236,ISR,"""אוהלי מנחם חב""""ד""",,1|2,חמד,public,Israel,,,,,23,urban,31.6113671833754,34.7619695865652,official_emis,exact,open
ISR_000014,344200,ISR,"""אולפ' בנ""""ע מ. ברוך""",,2|3,חמד,public,Israel,,,,,30,urban,32.455090261677,34.8989193737671,official_emis,exact,open
ISR_000015,353581,ISR,"""אולפנא אמי""""ת""",,2|3,חמד,public,Israel,,,,,23,urban,32.9644505530285,35.5048375412691,official_emis,exact,open
ISR_000016,440834,ISR,"""אולפנא בהר""""ן""",,2|3,חמד,public,Israel,,,,,23,urban,31.8026955082767,34.7757702127111,official_emis,exact,open
ISR_000017,640581,ISR,"""אולפנא ע""""ש הרב שאולי",,2|3,חמד,public,Israel,,,,,30,urban,31.7820956968447,34.6617688319346,official_emis,exact,open
ISR_000018,640045,ISR,"""אולפנת אמי""""ת""",,2|3,חמד,public,Israel,,,,,30,urban,31.2553629070892,34.8018223796736,official_emis,exact,open
ISR_000019,640359,ISR,"""אולפנת בנ""""ע חן במדבר",,2|3,חמד,public,Israel,,,,,30,urban,31.2552405671103,34.7698021570279,official_emis,exact,open
ISR_000020,340109,ISR,"""אולפנת בנ""""ע כפר פינס",,2|3,חמד,public,Israel,,,,,23,urban,32.4816763264382,34.9977158587383,official_emis,exact,open
ISR_000021,160259,ISR,"""אולפנת בנ""""ע פסגת זאב",,2|3,חמד,public,Israel,,,,,30,urban,31.8219911026774,35.237634311798,official_emis,exact,open
ISR_000022,540252,ISR,"""אולפנת הרא""""ה תורני מ",,2|3,חמד,public,Israel,,,,,30,urban,32.0753134582532,34.8298844304109,official_emis,exact,open
ISR_000023,340240,ISR,"""אולפת אמי""""ת עירוני ו",,2|3,חמד,public,Israel,,,,,30,urban,32.7937129165674,35.0182306302723,official_emis,exact,open
ISR_000024,144717,ISR,"""אולפת בנ""""ע מודיעין""",,2|3,חמד,public,Israel,,,,,30,urban,31.8903929432944,35.0086248717227,official_emis,exact,open
ISR_000025,214114,ISR,"""אור-מנחם חב""""ד בנות""",,1,חמד,public,Israel,,,,,23,urban,32.9668360956069,35.5026956343283,official_emis,exact,open
ISR_000026,213561,ISR,"""אור-מנחם חב""""ד בנים""",,1|2,חמד,public,Israel,,,,,23,urban,32.9679555613322,35.5021110852395,official_emis,exact,open
ISR_000027,614701,ISR,"""אור-ע'ש זבולון המר""",,1,חמד,public,Israel,,,,,30,urban,31.2579888569884,34.7637631957952,official_emis,exact,open
ISR_000028,170514,ISR,"""אורט דתי ע""""ש ספניאן""",,2|3,חמד,public,Israel,,,,,30,urban,31.7527335616227,35.1977770216091,official_emis,exact,open
ISR_000029,471045,ISR,"""אורט ח""""א תל נוף""",,,ממ,public,Israel,,,,,21,peri_urban,31.8229128291154,34.820418870822,official_emis,exact,open
ISR_000030,470120,ISR,"""אורט לוד ע""""ש זייל""",,2|3,ממ,public,Israel,,,,,23,urban,31.9402437443564,34.8799808704427,official_emis,exact,open
ISR_000031,570135,ISR,"""אורט ע""""ש אבין""",,2|3,ממ,public,Israel,,,,,30,urban,32.0525200441204,34.8133002159905,official_emis,exact,open
ISR_000032,640060,ISR,"""אורט ע""""ש ה. רונסון""",,2|3,ממ,public,Israel,,,,,30,urban,31.6689280223821,34.5797677210867,official_emis,exact,open
ISR_000033,770750,ISR,"""אורט ע""""ש מיטרני""",,2|3,ממ,public,Israel,,,,,30,urban,32.0226099682456,34.7831537428849,official_emis,exact,open
ISR_000034,470054,ISR,"""אורט ע""""ש מקס שיין""",,2|3,ממ,public,Israel,,,,,30,urban,31.8830913380614,34.8085432183843,official_emis,exact,open
ISR_000035,141010,ISR,"""אורט רמות ע""""ש י'גדיש",,2|3,ממ,public,Israel,,,,,30,urban,31.7751893721795,35.1946399558131,official_emis,exact,open
ISR_000036,441089,ISR,"""אזורי ע""""ש הרצוג""",,2|3,ממ,public,Israel,,,,,13,rural,31.8881304904797,34.9147905198799,official_emis,exact,open
ISR_000037,214247,ISR,"""אזורי""""עלי גבעה""",,1,ממ,public,Israel,,,,,12,rural,32.7736715186826,35.4372951702684,official_emis,exact,open
ISR_000038,118158,ISR,"""איבן אל-היית'ם""",,2,ממ,public,Israel,,,,,30,urban,31.7351226311266,35.2466996115471,official_emis,exact,open
ISR_000039,418053,ISR,"""איבן סינא א'""",,1,ממ,public,Israel,,,,,30,urban,32.2728797041142,35.0067565612923,official_emis,exact,open
ISR_000040,418368,ISR,"""איבן סינא ב'""",,1,ממ,public,Israel,,,,,30,urban,32.277383072357,35.0090183501504,official_emis,exact,open
ISR_000041,511691,ISR,"""אית""""ן""",,1,חמד,public,Israel,,,,,30,urban,31.7469845873947,35.2378819877447,official_emis,exact,open
ISR_000042,411355,ISR,"""איתמר בן אב""""י""",,1,ממ,public,Israel,,,,,30,urban,32.3204383513797,34.8530916317817,official_emis,exact,open
ISR_000043,218024,ISR,"""אל אמל ע""""ש  בן חלדון",,1,ממ,public,Israel,,,,,30,urban,32.9623874262565,35.1607750264926,official_emis,exact,open
ISR_000044,618355,ISR,"""אל אעצם ב'""",,1|2,ממ,public,Israel,,,,,13,rural,31.1887126519632,34.9331516432793,official_emis,exact,open
ISR_000045,418038,ISR,"""אל ג'ואריש""",,1|2,ממ,public,Israel,,,,,23,urban,31.9214831508346,34.8486325303849,official_emis,exact,open
ISR_000046,249045,ISR,"""אל זהראא - ב'""",,2,ממ,public,Israel,,,,,30,urban,32.7062925603834,35.3036870722901,official_emis,exact,open
ISR_000047,218099,ISR,"""אל נג'אח בועינה""",,1,ממ,public,Israel,,,,,23,urban,32.8075461730564,35.363784641457,official_emis,exact,open
ISR_000048,417048,ISR,"""אל נג'אח""",,1,ממ,public,Israel,,,,,30,urban,32.2341861481521,34.9431290114839,official_emis,exact,open
ISR_000049,618348,ISR,"""אל-אח'א""",,1,ממ,public,Israel,,,,,23,urban,31.3888514045303,34.7682100876685,official_emis,exact,open
ISR_000050,218651,ISR,"""אל-מג'ד (מסלך)""",,1,ממ,public,Israel,,,,,30,urban,32.6954849578674,35.2985670731996,official_emis,exact,open
ISR_000051,219527,ISR,"""אל-קסטל (קשלה א')""",,1,ממ,public,Israel,,,,,30,urban,32.7193185843367,35.2967360543264,official_emis,exact,open
ISR_000052,217331,ISR,"""אלאמל בית ג'אן ג'""",,1,ממ,public,Israel,,,,,23,urban,32.9700909085631,35.3788801363415,official_emis,exact,open
ISR_000053,618629,ISR,"""אלג'זאלי""",,1,ממ,public,Israel,,,,,23,urban,31.3949215293668,34.7630616488395,official_emis,exact,open
ISR_000054,430421,ISR,"""אלגבל אלנמודג'יה יס'""",,1|2,ממ,public,Israel,,,,,,,,,official_emis,unknown,open
ISR_000055,219543,ISR,"""אלגזאלי טמרה ו'""",,1,ממ,public,Israel,,,,,23,urban,32.8524706946629,35.2009640405349,official_emis,exact,open
ISR_000056,411157,ISR,"""אלהדאיה אלנמודג'יה""",,1|2,ממ,public,Israel,,,,,30,urban,31.796132668307,35.2465689072196,official_emis,exact,open
ISR_000057,410548,ISR,"""אלזהרא אלנמודג'יה""",,1|2,ממ,public,Israel,,,,,,,,,official_emis,unknown,open
ISR_000058,460311,ISR,"""אלזהרא אלנמודג'יה""",,2|3,ממ,public,Israel,,,,,30,urban,31.785404358163,35.2335458026705,official_emis,exact,open
ISR_000059,338327,ISR,"""אלח'וארזמי""",,1,ממ,public,Israel,,,,,23,urban,32.4288795746243,35.034220760332,official_emis,exact,open
ISR_000060,218156,ISR,"""אלחכמה ג'ת""",,1,ממ,public,Israel,,,,,21,peri_urban,32.9745553518891,35.2333829800394,official_emis,exact,open
ISR_000061,618074,ISR,"""אלמג'ד""",,1,ממ,public,Israel,,,,,21,peri_urban,31.302693464287,34.91910738545,official_emis,exact,open
ISR_000062,418285,ISR,"""אלמג'ד-ע""""ש המנוח אחמ",,1,ממ,public,Israel,,,,,30,urban,32.2257977522294,34.9466114714376,official_emis,exact,open
ISR_000063,219220,ISR,"""אלמחבה ע""""ש נגיב ניקו",,1,ממ,public,Israel,,,,,30,urban,32.9536177520606,35.1728431673009,official_emis,exact,open
ISR_000064,618843,ISR,"""אלמעראג ע""""ש שיח'  פר",,1,ממ,public,Israel,,,,,21,peri_urban,31.3182184709562,34.8648409506866,official_emis,exact,open
ISR_000065,219360,ISR,"""אלנג'אח סכנין""",,1,ממ,public,Israel,,,,,23,urban,32.86774528383,35.2869527389089,official_emis,exact,open
ISR_000066,618777,ISR,"""אלנג'אח""",,1,ממ,public,Israel,,,,,21,peri_urban,31.1619891648549,35.0079261994087,official_emis,exact,open
ISR_000067,648204,ISR,"""אלנג'אח""",,2|3,ממ,public,Israel,,,,,23,urban,31.4017970915004,34.7639863240663,official_emis,exact,open
ISR_000068,219469,ISR,"""אלנור - ג'דידה""",,1,ממ,public,Israel,,,,,23,urban,32.926632045467,35.1509777142507,official_emis,exact,open
ISR_000069,618330,ISR,"""אלנור ע""""ש אברהים""",,1,ממ,public,Israel,,,,,23,urban,31.1980284188515,34.8380854851654,official_emis,exact,open
ISR_000070,512376,ISR,"""אלסראג' אלנמודג'יה""",,1|2,ממ,public,Israel,,,,,,,,,official_emis,unknown,open
ISR_000071,618108,ISR,"""אלעזאזמה ב'""",,1|2,ממ,public,Israel,,,,,21,peri_urban,31.1627780612861,34.8214712117942,official_emis,exact,open
ISR_000072,618892,ISR,"""אלעזאזמה ג'""",,1|2,ממ,public,Israel,,,,,12,rural,31.0232102621188,34.7000091862334,official_emis,exact,open
ISR_000073,219097,ISR,"""אלקלעה - קשלה ב'""",,1,ממ,public,Israel,,,,,30,urban,32.7161173391149,35.296967421614,official_emis,exact,open
ISR_000074,219667,ISR,"""אלראזי כפר מנדא(ד')""",,1,ממ,public,Israel,,,,,23,urban,32.8112775313735,35.2611136980376,official_emis,exact,open
ISR_000075,218123,ISR,"""אלראזי- ג'דידה""",,1,ממ,public,Israel,,,,,23,urban,32.9292134930352,35.1575410096077,official_emis,exact,open
ISR_000076,217299,ISR,"""אלתסאמוח ע""""ש כמאל ג'",,1,ממ,public,Israel,,,,,30,urban,32.9602641493467,35.1772367197389,official_emis,exact,open
ISR_000077,442780,ISR,"""אמי""""ת בנות מודיעין""",,2|3,חמד,public,Israel,,,,,30,urban,31.9037257312812,34.9995895926118,official_emis,exact,open
ISR_000078,450270,ISR,"""אמי""""ת בנים מודיעין""",,2|3,חמד,public,Israel,,,,,30,urban,31.9034646627211,34.9998756047367,official_emis,exact,open
ISR_000079,571109,ISR,"""אמי""""ת גוש דן""",,2|3,חמד,public,Israel,,,,,30,urban,32.0693908169208,34.8494270502372,official_emis,exact,open
ISR_000080,338418,ISR,"""אמי""""ת דביר לבנים""",,2|3,חמד,public,Israel,,,,,30,urban,31.7466840769267,34.9911554829812,official_emis,exact,open
ISR_000081,170456,ISR,"""אמי""""ת טכנולוגי דתי""",,2|3,חמד,public,Israel,,,,,30,urban,31.7546413707873,35.1714534681725,official_emis,exact,open
ISR_000082,480012,ISR,"""אמי""""ת כפר בתיה""",,2|3,חמד,public,Israel,,,,,30,urban,32.1894490683059,34.8505523789846,official_emis,exact,open
ISR_000083,413260,ISR,"""אמי""""ת עמיטל""",,1,חמד,public,Israel,,,,,30,urban,32.2940401053756,34.8485752753063,official_emis,exact,open
ISR_000084,480020,ISR,"""אמי""""ת פתח-תקוה""",,2|3,חמד,public,Israel,,,,,30,urban,32.0955407653998,34.9006202889973,official_emis,exact,open
ISR_000085,140202,ISR,"""אמי""""ת שחר""",,2|3,חמד,public,Israel,,,,,30,urban,31.7459985516043,34.9910831790271,official_emis,exact,open
ISR_000086,244103,ISR,"""אמי""""ת תורני מדעי""",,2|3,חמד,public,Israel,,,,,23,urban,32.9092911300587,35.2787495824648,official_emis,exact,open
ISR_000087,612275,ISR,"""אמירים  תל""""י""",,1,ממ,public,Israel,,,,,30,urban,31.2677457846365,34.7988507992122,official_emis,exact,open
ISR_000088,366336,ISR,"""אפוסקופי יס' מ.אליאס""",,2,ממ,public,Israel,,,,,,,,,official_emis,unknown,open
ISR_000089,612028,ISR,"""אפרים בן דוד-ז""""ל""",,1,ממ,public,Israel,,,,,23,urban,31.6124060900305,34.765094598475,official_emis,exact,open
ISR_000090,648261,ISR,"""אקרא ע""""ש עאמר צאנע""",,2|3,ממ,public,Israel,,,,,21,peri_urban,31.3157432115763,34.8633160534205,official_emis,exact,open
ISR_000091,114355,ISR,"""אתרוג ממ""""ד""",,1,חמד,public,Israel,,,,,,,,,official_emis,unknown,open
ISR_000092,112490,ISR,"""אתרוג ממ""""ד""",,1,חמד,public,Israel,,,,,23,urban,31.8621753566309,35.1657512696728,official_emis,exact,open
ISR_000093,278275,ISR,"""ב""""ס טכנולוגי נעמת""",,2|3,ממ,public,Israel,,,,,23,urban,32.8636501419472,35.1846490254837,official_emis,exact,open
ISR_000094,660118,ISR,"""ב""""ס טכנולוגי עמל רהט",,,ממ,public,Israel,,,,,,,,,official_emis,unknown,open
ISR_000095,560383,ISR,"""ב""""ס יסודי סווא רבינא",,1|2|3,ממ,public,Israel,,,,,30,urban,31.8108370403566,35.2589109103769,official_emis,exact,open
ISR_000096,618595,ISR,"""באר-חייל ביר הדג'ג""",,1|2,ממ,public,Israel,,,,,12,rural,31.0232102621188,34.7000091862334,official_emis,exact,open
ISR_000097,349910,ISR,"""בה""""ס הניסויי תפן""",,1,ממ,public,Israel,,,,,23,urban,32.9961030423491,35.2649977877654,official_emis,exact,open
ISR_000098,210955,ISR,"""בה""""ס נעמי שמר""",,1|2,ממ,public,Israel,,,,,13,rural,32.7122908020081,35.5608497139859,official_emis,exact,open
ISR_000099,218552,ISR,"""בה""""ס סאמי עבדאלסלאם""",,1,ממ,public,Israel,,,,,23,urban,32.9307593687602,35.3162113121113,official_emis,exact,open
ISR_000100,217372,ISR,"""בי""""ס אלראזי""",,1,ממ,public,Israel,,,,,12,rural,32.8046772783132,35.3577577030975,official_emis,exact,open
ISR_000101,288084,ISR,"""בי""""ס אמירה בסמה""",,2|3,ממ,public,Israel,,,,,,,,,official_emis,unknown,open
ISR_000102,770529,ISR,"""בי""""ס אמריקאי בנלאומי",,1|2|3,ממ,public,Israel,,,,,21,peri_urban,32.2642882696753,34.877665435843,official_emis,exact,open
ISR_000103,499897,ISR,"""בי""""ס אשרקאת אלג'ד""",,1|2,ממ,public,Israel,,,,,30,urban,31.8108370403566,35.2589109103769,official_emis,exact,open
ISR_000104,476325,ISR,"""בי""""ס בינלאומי  למזרח",,3,ממ,public,Israel,,,,,30,urban,32.134809864348,34.8286134221667,official_emis,approximate,open
ISR_000105,175422,ISR,"""בי""""ס בית שולמית""",,2,חמד,public,Israel,,,,,,,,,official_emis,unknown,open
ISR_000106,162594,ISR,"""בי""""ס דו-לשוני""",,1,ממ,public,Israel,,,,,30,urban,31.7511734135699,35.1988431193604,official_emis,exact,open
ISR_000107,416131,ISR,"""בי""""ס חב""""ד לבנות""",,1|2,חמד,public,Israel,,,,,30,urban,32.0756600406951,34.8911114967735,official_emis,exact,open
ISR_000108,474684,ISR,"""בי""""ס חדש 2""",,1,ממ,public,Israel,,,,,23,urban,32.2780684906321,34.8923918262055,official_emis,exact,open
ISR_000109,318840,ISR,"""בי""""ס חדשני למדעים""",,1,ממ,public,Israel,,,,,23,urban,32.6989377670998,35.0397991755281,official_emis,exact,open
ISR_000110,338228,ISR,"""בי""""ס יסודי אום טובא""",,1|2,ממ,public,Israel,,,,,,,,,official_emis,unknown,open
ISR_000111,178186,ISR,"""בי""""ס יסודי אלחיה""",,1|2,ממ,public,Israel,,,,,,,,,official_emis,unknown,open
ISR_000112,511808,ISR,"""בי""""ס יסודי מדל איסט""",,1|2,ממ,public,Israel,,,,,30,urban,31.8721178773861,35.2246323702171,official_emis,approximate,open
ISR_000113,615070,ISR,"""בי""""ס כפר דרום""",,1|2,חמד,public,Israel,,,,,11,rural,31.4660022346696,34.6378849874672,official_emis,exact,open
ISR_000114,544619,ISR,"""בי""""ס לאמנויות""",,2,ממ,public,Israel,,,,,30,urban,32.065796715275,34.7803506725913,official_emis,exact,open
ISR_000115,430082,ISR,"""בי""""ס לייף ליצרתיות ו",,1,ממ,public,Israel,,,,,23,urban,32.9360875426722,35.3731569224184,official_emis,exact,open
ISR_000116,247221,ISR,"""בי""""ס מקיף השלום דנון",,2|3,ממ,public,Israel,,,,,13,rural,32.9939842950305,35.144410239787,official_emis,exact,open
ISR_000117,472332,ISR,"""בי""""ס נזירות סליזיאן""",,2|3,ממ,public,Israel,,,,,30,urban,32.7098048792766,35.2976115174409,official_emis,exact,open
ISR_000118,368084,ISR,"""בי""""ס ע""""י אלאספניול""",,2|3,ממ,public,Israel,,,,,30,urban,31.7785605005457,35.2279693508419,official_emis,approximate,open
ISR_000119,218966,ISR,"""בי""""ס ע""""ש סמיח אלקאס",,1,ממ,public,Israel,,,,,23,urban,32.9379222381955,35.3629913899644,official_emis,exact,open
ISR_000120,338590,ISR,"""בי""""ס עודד""",,1|2,ממ,public,Israel,,,,,12,rural,32.8375365921818,35.2755282534057,official_emis,exact,open
ISR_000121,430546,ISR,"""בי""""ס עוזי חיטמן""",,1,ממ,public,Israel,,,,,30,urban,32.0982765517622,34.8731834899616,official_emis,exact,open
ISR_000122,174441,ISR,"""בי""""ס שדה בר""",,2|3,ממ,public,Israel,,,,,,,,,official_emis,unknown,open
ISR_000123,614842,ISR,"""ביה""""ס אור חיה""",,1|2,חמד,public,Israel,,,,,30,urban,31.6514111692036,34.5609818230578,official_emis,exact,open
ISR_000124,117010,ISR,"""ביה""""ס אל-פריר""",,1|2|3,ממ,public,Israel,,,,,30,urban,31.778281380077,35.2253721646366,official_emis,exact,open
ISR_000125,267955,ISR,"""ביה""""ס אמליסון""",,1|2,ממ,public,Israel,,,,,30,urban,31.7409955031037,35.2407925097122,official_emis,exact,open
ISR_000126,213157,ISR,"""ביה""""ס גולן-חיספין""",,1|2,חמד,public,Israel,,,,,12,rural,32.8467339104409,35.7906406347172,official_emis,exact,open
ISR_000127,348185,ISR,"""ביה""""ס גת המשולש""",,3,ממ,public,Israel,,,,,23,urban,32.394984335403,35.0423408131827,official_emis,exact,open
ISR_000128,347039,ISR,"""ביה""""ס האיטלקי""",,2|3,ממ,public,Israel,,,,,30,urban,32.819216672309,34.9922708538331,official_emis,exact,open
ISR_000129,312660,ISR,"""ביה""""ס הדמוקרטי-חדרה""",,1|2,ממ,public,Israel,,,,,30,urban,32.4222932606205,34.9218880822255,official_emis,exact,open
ISR_000130,217489,ISR,"""ביה""""ס היסודי כמאנה""",,1,ממ,public,Israel,,,,,12,rural,32.9095192666089,35.3400116681724,official_emis,exact,open
ISR_000131,217224,ISR,"""ביה""""ס הלטיני ראמה""",,1|2,ממ,public,Israel,,,,,23,urban,32.9372716347355,35.370999205661,official_emis,exact,open
ISR_000132,514240,ISR,"""ביה""""ס הפתוח""",,1,ממ,public,Israel,,,,,30,urban,32.050699405521,34.7563952417417,official_emis,exact,open
ISR_000133,640276,ISR,"""ביה""""ס הרב תחומי עהד""",,2|3,ממ,public,Israel,,,,,21,peri_urban,31.2996282673316,34.9156504388696,official_emis,exact,open
ISR_000134,361501,ISR,"""ביה""""ס וולדרוף שפרעם""",,1|2,ממ,public,Israel,,,,,30,urban,32.8123131530059,35.1687610359632,official_emis,exact,open
ISR_000135,670562,ISR,"""ביה""""ס למלאכה חב""""ד""",,2|3,חמד,public,Israel,,,,,23,urban,31.7273944686609,34.7403794757903,official_emis,exact,open
ISR_000136,113076,ISR,"""ביה""""ס ממ""""ד דרור""",,1,חמד,public,Israel,,,,,30,urban,31.7800412158753,35.1935625668793,official_emis,exact,open
ISR_000137,214437,ISR,"""ביה""""ס משותף עומרים""",,1,ממ,public,Israel,,,,,12,rural,32.6020096229967,35.0956807288475,official_emis,exact,open
ISR_000138,186783,ISR,"""ביה""""ס עי""""ס אלחיה""",,2|3,ממ,public,Israel,,,,,,,,,official_emis,unknown,open
ISR_000139,514943,ISR,"""ביה""""ס קהילה""",,1|2,ממ,public,Israel,,,,,30,urban,32.0477648931546,34.7682681706184,official_emis,exact,open
ISR_000140,187575,ISR,"""ביס שמידט קולג' בנות""",,1|2|3,ממ,public,Israel,,,,,30,urban,31.782492134529,35.2301135885578,official_emis,exact,open
ISR_000141,417105,ISR,"""בית אב""""י""",,1,ממ,public,Israel,,,,,21,peri_urban,32.2651275293637,34.8814089183347,official_emis,exact,open
ISR_000142,219196,ISR,"""בית ג'אן ממלכתי ב'""",,1,ממ,public,Israel,,,,,21,peri_urban,32.9658419972847,35.3670095582015,official_emis,exact,open
ISR_000143,247213,ISR,"""בית הספר אורט סאג'ור""",,2|3,ממ,public,Israel,,,,,21,peri_urban,32.9416600858721,35.3516095624473,official_emis,exact,open
ISR_000144,441279,ISR,"""בית חינוך ע""""ש רבין""",,2|3,ממ,public,Israel,,,,,23,urban,32.2530924457416,34.9204184327515,official_emis,exact,open
ISR_000145,213736,ISR,"""בית חינוך קהילתי""""קשת",,1,ממ,public,Israel,,,,,21,peri_urban,32.9957270946856,35.2767781774647,official_emis,exact,open
ISR_000146,410241,ISR,"""בית חנוך קהלתי חוב""""ב",,1,ממ,public,Israel,,,,,21,peri_urban,32.2216609384067,34.8638151914662,official_emis,exact,open
ISR_000147,860361,ISR,"""בית ירח א'""",,2|3,ממ,public,Israel,,,,,13,rural,32.7115744617445,35.5746804242185,official_emis,exact,open
ISR_000148,240838,ISR,"""בית רבקה חב""""ד""",,2|3,חמד,public,Israel,,,,,30,urban,32.6946592454093,35.315873688855,official_emis,exact,open
ISR_000149,239210,ISR,"""ברידג' אינטרנשיונל""",,1|2,ממ,public,Israel,,,,,,,,,official_emis,unknown,open
ISR_000150,338434,ISR,"""ברידג' אינטרנשיונל""",,2|3,ממ,public,Israel,,,,,30,urban,31.829767693881,35.2245175475807,official_emis,approximate,open
ISR_000151,111591,ISR,"""ברנדט ממ""""ד נוה יעקב""",,1,חמד,public,Israel,,,,,30,urban,31.8376558119545,35.2384956004714,official_emis,exact,open
ISR_000152,444935,ISR,"""ברנקו וייס מקיף ע""""ש",,2|3,ממ,public,Israel,,,,,30,urban,31.8512876122829,34.8399110453905,official_emis,exact,open
ISR_000153,219139,ISR,"""ג'בור טוקאן היסודי""",,1,ממ,public,Israel,,,,,,,,,official_emis,unknown,open
ISR_000154,217406,ISR,"""ג'בל סיך""",,1,ממ,public,Israel,,,,,21,peri_urban,32.7267252673977,35.3499754793428,official_emis,exact,open
ISR_000155,618140,ISR,"""ג'ובראן""",,1,ממ,public,Israel,,,,,23,urban,31.2472176552215,34.8571275597142,official_emis,exact,open
ISR_000156,239905,ISR,"""ג'רוזלם סקול יסודי""",,1|2,ממ,public,Israel,,,,,30,urban,31.8409402439522,35.2311755988547,official_emis,exact,open
ISR_000157,239897,ISR,"""ג'רוזלם סקול עי""""ס""",,2|3,ממ,public,Israel,,,,,30,urban,31.829767693881,35.2245175475807,official_emis,approximate,open
ISR_000158,111450,ISR,"""גוונים מ""""מ""",,1|2,ממ,public,Israel,,,,,30,urban,31.5291683282152,35.1183077737005,official_emis,exact,open
ISR_000159,112284,ISR,"""גילה ממ""""ד ב'""",,1,חמד,public,Israel,,,,,30,urban,31.7352352359751,35.1787837947984,official_emis,exact,open
ISR_000160,112359,ISR,"""גילה ממלכתי תל""""י""",,1,ממ,public,Israel,,,,,30,urban,31.7347056051546,35.1986330745067,official_emis,exact,open
ISR_000161,512434,ISR,"""גנים ג'""",,1,ממ,public,Israel,,,,,30,urban,32.0721876895789,34.8630255836567,official_emis,exact,open
ISR_000162,441972,ISR,"""דמוקרטי ע""""ש יעקב חזן",,2|3,ממ,public,Israel,,,,,21,peri_urban,32.1899734393044,34.9352808040403,official_emis,exact,open
ISR_000163,241067,ISR,"""דמוקרטי ע""""ש נדב""",,3,ממ,public,Israel,,,,,30,urban,31.9090894038454,35.0038700435271,official_emis,exact,open
ISR_000164,188086,ISR,"""דמוקרטי ע""""ש נדב""",,1|2,ממ,public,Israel,,,,,30,urban,31.9081593063685,35.0031002945498,official_emis,exact,open
ISR_000165,442236,ISR,"""דרכא ע""""ש אילן ואסף ר",,2|3,ממ,public,Israel,,,,,23,urban,31.8067359317093,34.7839464903659,official_emis,exact,open
ISR_000166,440198,ISR,"""דרכא ע""""ש מנחם בגין""",,2|3,ממ,public,Israel,,,,,23,urban,31.8135070749584,34.7780437498991,official_emis,exact,open
ISR_000167,444612,ISR,"""דרכא ע""""ש מקסים לוי""",,2|3,ממ,public,Israel,,,,,23,urban,31.9595840136612,34.8820813617158,official_emis,exact,open
ISR_000168,410266,ISR,"""האלה ממ""""ד""",,1,חמד,public,Israel,,,,,13,rural,31.6268335404341,34.9501856602746,official_emis,exact,open
ISR_000169,312793,ISR,"""החיטה ע""""ש אהרונסון""",,1|2,ממ,public,Israel,,,,,23,urban,32.5640385581451,34.9564882894644,official_emis,exact,open
ISR_000170,961003,ISR,"""היל""""ה מלכישוע-חסות""",,3,ממ,public,Israel,,,,,11,rural,32.4382651514672,35.4119933270367,official_emis,approximate,open
ISR_000171,961011,ISR,"""היל""""ה רטורנו-חסות""",,3,ממ,public,Israel,,,,,11,rural,31.7744767269905,34.9506059628169,official_emis,exact,open
ISR_000172,416586,ISR,"""הירוק ע""""ש יצחק רבין""",,1,ממ,public,Israel,,,,,23,urban,31.865854924391,34.7312649107823,official_emis,exact,open
ISR_000173,410795,ISR,"""המ""""ד אביר יעקב""",,1,חמד,public,Israel,,,,,23,urban,31.8730043343001,34.7454740518716,official_emis,exact,open
ISR_000174,512822,ISR,"""הנשיא-מ""""מ. י.""",,1,ממ,public,Israel,,,,,30,urban,32.0142058045625,34.7595682548716,official_emis,exact,open
ISR_000175,267344,ISR,"""הר חומה ממ""""ד""",,1,חמד,public,Israel,,,,,30,urban,31.7206264969828,35.2228375943471,official_emis,exact,open
ISR_000176,112391,ISR,"""הר נוף ממ""""ד בנים""",,1,חמד,public,Israel,,,,,30,urban,31.7830223683346,35.1709365933796,official_emis,exact,open
ISR_000177,311654,ISR,"""הרא""""ה""",,1,חמד,public,Israel,,,,,,,,,official_emis,unknown,open
ISR_000178,172023,ISR,"""הראל ממ""""ד""",,1,חמד,public,Israel,,,,,30,urban,31.7087800587123,34.9970761680527,official_emis,exact,open
ISR_000179,212365,ISR,"""הרב מימון ממ""""ד שלומי",,1,חמד,public,Israel,,,,,22,urban,33.0716341128541,35.1410590877949,official_emis,exact,open
ISR_000180,111690,ISR,"""הרובע היהודי ממ""""ד""",,1,חמד,public,Israel,,,,,30,urban,31.7748528957025,35.2329618723508,official_emis,exact,open
ISR_000181,640490,ISR,"""השלום ע""""ש יצחק רבין""",,2|3,ממ,public,Israel,,,,,13,rural,30.6066204025301,34.7980666849516,official_emis,exact,open
ISR_000182,612846,ISR,"""ז'בוטינסקי""",,1,ממ,public,Israel,,,,,23,urban,31.5265251527907,34.6039964907198,official_emis,exact,open
ISR_000183,412296,ISR,"""חב""""ד אור מנחם""",,1|2,חמד,public,Israel,,,,,13,rural,32.1619000018369,35.139375890162,official_emis,exact,open
ISR_000184,111260,ISR,"""חב""""ד בית חנה""",,1|2,חמד,public,Israel,,,,,30,urban,31.8078890613797,35.2244494677912,official_emis,exact,open
ISR_000185,236299,ISR,"""חב""""ד בית שמש""",,1|2,חמד,public,Israel,,,,,30,urban,31.7252589843962,34.9928611424151,official_emis,exact,open
ISR_000186,612234,ISR,"""חב""""ד בנות""",,1,חמד,public,Israel,,,,,23,urban,31.728043089848,34.7401863153698,official_emis,approximate,open
ISR_000187,512087,ISR,"""חב""""ד בנות""",,1|2,חמד,public,Israel,,,,,30,urban,32.0390068904649,34.7600306302001,official_emis,exact,open
ISR_000188,412791,ISR,"""חב""""ד בנות""",,1,חמד,public,Israel,,,,,30,urban,31.8887224562802,34.8185604836243,official_emis,exact,open
ISR_000189,612994,ISR,"""חב""""ד בנים""",,1|2,חמד,public,Israel,,,,,23,urban,31.7297145513378,34.7385530162808,official_emis,exact,open
ISR_000190,416727,ISR,"""חב""""ד חיה מושקא""",,1|2,חמד,public,Israel,,,,,13,rural,32.1621948825426,35.1343082066858,official_emis,exact,open
ISR_000191,410530,ISR,"""חב""""ד לבנות בית מושקא",,1|2,חמד,public,Israel,,,,,23,urban,32.6839304849232,35.2304635209935,official_emis,exact,open
ISR_000192,112102,ISR,"""חב""""ד לבנים ביתר עלית",,1|2,חמד,public,Israel,,,,,30,urban,31.6925808479336,35.1096028965561,official_emis,exact,open
ISR_000193,110445,ISR,"""חב""""ד עיר גנים""",,1,חמד,public,Israel,,,,,30,urban,31.7518906862856,35.1712855756307,official_emis,exact,open
ISR_000194,313502,ISR,"""חב""""ד""",,1,חמד,public,Israel,,,,,21,peri_urban,32.42734481117,34.9350350721985,official_emis,exact,open
ISR_000195,615021,ISR,"""חב""""ד""",,1|2,חמד,public,Israel,,,,,23,urban,31.3152922913577,34.6185248743338,official_emis,exact,open
ISR_000196,613828,ISR,"""חב""""ד""",,1|2,חמד,public,Israel,,,,,30,urban,31.7712273101124,34.64273584129,official_emis,exact,open
ISR_000197,613653,ISR,"""חב""""ד""",,1|2,חמד,public,Israel,,,,,23,urban,31.4238529080515,34.5936507514726,official_emis,exact,open
ISR_000198,614255,ISR,"""חב""""ד""",,1|2,חמד,public,Israel,,,,,23,urban,29.5627128633364,34.9483898645619,official_emis,exact,open
ISR_000199,192849,ISR,"""חומת שמואל מ""""מ""",,1,ממ,public,Israel,,,,,30,urban,31.725893287618,35.2230813134547,official_emis,exact,open
ISR_000200,219634,ISR,"""חורפיש ב' החדש""",,1,ממ,public,Israel,,,,,12,rural,33.0137874167619,35.3330004786328,official_emis,exact,open
ISR_000201,247478,ISR,"""חט""""ב  """"אלרואיא""""""",,2,ממ,public,Israel,,,,,30,urban,32.9514463365768,35.1800948909694,official_emis,exact,open
ISR_000202,378026,ISR,"""חט""""ב  עוספיא""",,2,ממ,public,Israel,,,,,,,,,official_emis,unknown,open
ISR_000203,359489,ISR,"""חט""""ב - שכונה צפונית""",,2,ממ,public,Israel,,,,,23,urban,32.7815760091158,35.3716479576547,official_emis,exact,open
ISR_000204,249029,ISR,"""חט""""ב א' אבן ח'לדון""",,2,ממ,public,Israel,,,,,30,urban,32.6984928399538,35.2913931267011,official_emis,exact,open
ISR_000205,448217,ISR,"""חט""""ב א' אבן סינא""",,2,ממ,public,Israel,,,,,23,urban,32.2830330097767,34.9744318243783,official_emis,exact,open
ISR_000206,448118,ISR,"""חט""""ב א' טירה""",,2,ממ,public,Israel,,,,,30,urban,32.2271468932559,34.9448890199797,official_emis,exact,open
ISR_000207,248815,ISR,"""חט""""ב א' כפר מנדא""",,2,ממ,public,Israel,,,,,23,urban,32.8151376695169,35.2591513461176,official_emis,exact,open
ISR_000208,248682,ISR,"""חט""""ב אבן ח'לדון""",,2,ממ,public,Israel,,,,,23,urban,32.8501706365667,35.1904312356652,official_emis,exact,open
ISR_000209,348029,ISR,"""חט""""ב אבן סינא""",,2,ממ,public,Israel,,,,,23,urban,32.5023408663345,35.0449470284691,official_emis,exact,open
ISR_000210,448167,ISR,"""חט""""ב אבן סינא""",,2|3,ממ,public,Israel,,,,,30,urban,32.1149384909204,34.9833311948425,official_emis,exact,open
ISR_000211,248856,ISR,"""חט""""ב אבן רושד""",,2|3,ממ,public,Israel,,,,,12,rural,32.9329084165224,35.1341441243031,official_emis,exact,open
ISR_000212,841155,ISR,"""חט""""ב אדיגה כפר קמא""",,2,ממ,public,Israel,,,,,13,rural,32.7166311681961,35.441317479323,official_emis,exact,open
ISR_000213,344218,ISR,"""חט""""ב אורט אפק""",,2,ממ,public,Israel,,,,,30,urban,32.8465069017754,35.0940694128244,official_emis,exact,open
ISR_000214,444893,ISR,"""חט""""ב אחד העם-רמת ורב",,2,ממ,public,Israel,,,,,,,,,official_emis,unknown,open
ISR_000215,249151,ISR,"""חט""""ב אכסאל""",,2,ממ,public,Israel,,,,,23,urban,32.6782161066868,35.3212268932667,official_emis,exact,open
ISR_000216,448126,ISR,"""חט""""ב אל אחווה""",,2,ממ,public,Israel,,,,,,,,,official_emis,unknown,open
ISR_000217,348235,ISR,"""חט""""ב אל גזאלי""",,2,ממ,public,Israel,,,,,30,urban,32.5264564241478,35.1596570210638,official_emis,exact,open
ISR_000218,448134,ISR,"""חט""""ב אל נג'אח""",,2,ממ,public,Israel,,,,,30,urban,32.2559612452595,35.0003516004822,official_emis,exact,open
ISR_000219,444133,ISR,"""חט""""ב אלון""",,2,ממ,public,Israel,,,,,30,urban,32.1857606685367,34.863641455795,official_emis,exact,open
ISR_000220,444208,ISR,"""חט""""ב אלון""",,2,ממ,public,Israel,,,,,30,urban,32.1755912054757,34.8963044355257,official_emis,exact,open
ISR_000221,420042,ISR,"""חט""""ב אלון""",,2,ממ,public,Israel,,,,,23,urban,32.6166827317419,35.2870308717186,official_emis,exact,open
ISR_000222,448274,ISR,"""חט""""ב אלחיאת""",,2,ממ,public,Israel,,,,,30,urban,32.1129509388442,34.966425281583,official_emis,exact,open
ISR_000223,448258,ISR,"""חט""""ב אלמג'ד""",,2,ממ,public,Israel,,,,,,,,,official_emis,unknown,open
ISR_000224,288209,ISR,"""חט""""ב אלמותנבי""",,2,ממ,public,Israel,,,,,23,urban,32.8503243888709,35.2135801223214,official_emis,exact,open
ISR_000225,448191,ISR,"""חט""""ב אלנהדא""",,2,ממ,public,Israel,,,,,23,urban,32.3660827036523,35.0352736022749,official_emis,exact,open
ISR_000226,448209,ISR,"""חט""""ב אלסלאם""",,2,ממ,public,Israel,,,,,30,urban,32.2682288082387,35.0201717485631,official_emis,exact,open
ISR_000227,247841,ISR,"""חט""""ב אלעין""",,2,ממ,public,Israel,,,,,30,urban,32.9571403423617,35.1627455468572,official_emis,exact,open
ISR_000228,249169,ISR,"""חט""""ב אלפראבי""",,2,ממ,public,Israel,,,,,23,urban,32.846483490222,35.2025665804839,official_emis,exact,open
ISR_000229,347047,ISR,"""חט""""ב ב' - אלראזי""",,2,ממ,public,Israel,,,,,30,urban,32.5201543804888,35.1412686512856,official_emis,exact,open
ISR_000230,448183,ISR,"""חט""""ב ב' טירה""",,2,ממ,public,Israel,,,,,30,urban,32.2338532957958,34.9569649861234,official_emis,exact,open
ISR_000231,248187,ISR,"""חט""""ב ב' ירכא""",,2,ממ,public,Israel,,,,,21,peri_urban,32.959915424404,35.2009918339597,official_emis,exact,open
ISR_000232,247304,ISR,"""חט""""ב ב' כפר כנא""",,2,ממ,public,Israel,,,,,30,urban,32.7347517645787,35.3408028092822,official_emis,exact,open
ISR_000233,248765,ISR,"""חט""""ב ב' כפר מנדא""",,2,ממ,public,Israel,,,,,23,urban,32.8049855259766,35.2568602481272,official_emis,exact,open
ISR_000234,444448,ISR,"""חט""""ב בגין""",,2,ממ,public,Israel,,,,,,,,,official_emis,unknown,open
ISR_000235,249219,ISR,"""חט""""ב בוקעתה""",,2,ממ,public,Israel,,,,,22,urban,33.201055095518,35.7808822133481,official_emis,exact,open
ISR_000236,544635,ISR,"""חט""""ב ביה""""ס הפתוח""",,2,ממ,public,Israel,,,,,,,,,official_emis,unknown,open
ISR_000237,444216,ISR,"""חט""""ב ביחד -דה שליט ב",,2,ממ,public,Israel,,,,,30,urban,31.9002001702783,34.8177514737723,official_emis,exact,open
ISR_000238,338509,ISR,"""חט""""ב בית אריה""",,2,ממ,public,Israel,,,,,21,peri_urban,32.0373015415357,35.0495913310698,official_emis,exact,open
ISR_000239,244350,ISR,"""חט""""ב בית זרזיר""",,2,ממ,public,Israel,,,,,,,,,official_emis,unknown,open
ISR_000240,444901,ISR,"""חט""""ב בן גוריון""",,2,ממ,public,Israel,,,,,30,urban,32.0806354170577,34.8655997872236,official_emis,exact,open
ISR_000241,444273,ISR,"""חט""""ב בן גוריון""",,2,ממ,public,Israel,,,,,,,,,official_emis,unknown,open
ISR_000242,544155,ISR,"""חט""""ב בן צבי""",,2,ממ,public,Israel,,,,,30,urban,32.0557685984574,34.8606722847143,official_emis,exact,open
ISR_000243,444109,ISR,"""חט""""ב בן צבי""",,2,ממ,public,Israel,,,,,30,urban,32.0836588320882,34.8947173506527,official_emis,exact,open
ISR_000244,140889,ISR,"""חט""""ב בנים קרית ארבע""",,2,חמד,public,Israel,,,,,21,peri_urban,31.5427798177926,35.1215176848225,official_emis,exact,open
ISR_000245,444166,ISR,"""חט""""ב ברזילי- קציר א""",,2,ממ,public,Israel,,,,,30,urban,31.8913208012708,34.7986460600612,official_emis,exact,open
ISR_000246,348292,ISR,"""חט""""ב ברטעה""",,2,ממ,public,Israel,,,,,23,urban,32.4743252606439,35.0873881918211,official_emis,exact,open
ISR_000247,444919,ISR,"""חט""""ב ברנר""",,2,ממ,public,Israel,,,,,30,urban,32.0832578287795,34.8966888568278,official_emis,exact,open
ISR_000248,442566,ISR,"""חט""""ב ג' טירה""",,2,ממ,public,Israel,,,,,30,urban,32.2358283854471,34.9570657298447,official_emis,exact,open
ISR_000249,448316,ISR,"""חט""""ב ג'לג'וליה""",,2,ממ,public,Israel,,,,,23,urban,32.1538805321785,34.9556231284603,official_emis,exact,open
ISR_000250,441444,ISR,"""חט""""ב גוונים""",,2,ממ,public,Israel,,,,,30,urban,32.0980255856058,34.9613471265728,official_emis,exact,open
ISR_000251,444463,ISR,"""חט""""ב גולדה מאיר""",,2,ממ,public,Israel,,,,,30,urban,31.9332761156038,34.7911228229086,official_emis,exact,open
ISR_000252,544163,ISR,"""חט""""ב גורדון""",,2,ממ,public,Israel,,,,,30,urban,32.0915795159447,34.772509209609,official_emis,exact,open
ISR_000253,444299,ISR,"""חט""""ב דורות""",,2,ממ,public,Israel,,,,,,,,,official_emis,unknown,open
ISR_000254,248252,ISR,"""חט""""ב דיר חנא""",,2,ממ,public,Israel,,,,,21,peri_urban,32.8621679459518,35.3793951682878,official_emis,exact,open
ISR_000255,370999,ISR,"""חט""""ב דפנה""",,2,ממ,public,Israel,,,,,30,urban,32.8327430956727,35.0896647881877,official_emis,exact,open
ISR_000256,168922,ISR,"""חט""""ב דקל-וילנאי 1""",,2,ממ,public,Israel,,,,,,,,,official_emis,unknown,open
ISR_000257,680082,ISR,"""חט""""ב דתי שפיר""",,2,חמד,public,Israel,,,,,12,rural,31.698830878622,34.7109551166818,official_emis,exact,open
ISR_000258,244194,ISR,"""חט""""ב היובל""",,2,ממ,public,Israel,,,,,23,urban,32.6994352392955,35.1613303287099,official_emis,exact,open
ISR_000259,441451,ISR,"""חט""""ב היובל""",,2,ממ,public,Israel,,,,,30,urban,32.0976909452251,34.960839505278,official_emis,exact,open
ISR_000260,442046,ISR,"""חט""""ב הרצוג""",,2,ממ,public,Israel,,,,,23,urban,32.2873183498436,34.9386772591107,official_emis,exact,open
ISR_000261,444224,ISR,"""חט""""ב השחר""",,2,ממ,public,Israel,,,,,30,urban,32.1501506409623,34.8921394878276,official_emis,exact,open
ISR_000262,444190,ISR,"""חט""""ב השרון""",,2,ממ,public,Israel,,,,,30,urban,32.1754663723134,34.8719394436209,official_emis,exact,open
ISR_000263,470187,ISR,"""חט""""ב ותיכון שפירא""",,2|3,חמד,public,Israel,,,,,30,urban,32.2933073398924,34.8574535804842,official_emis,exact,open
ISR_000264,540435,ISR,"""חט""""ב זלמן ארן""",,2,ממ,public,Israel,,,,,30,urban,32.0081074083642,34.7936660322753,official_emis,exact,open
ISR_000265,344291,ISR,"""חט""""ב חדשה ברמות יצחק",,2,ממ,public,Israel,,,,,30,urban,32.7654370691447,35.0385348918278,official_emis,exact,open
ISR_000266,247254,ISR,"""חט""""ב חדשה כאבול""",,2,ממ,public,Israel,,,,,23,urban,32.8676996331003,35.2175244890436,official_emis,exact,open
ISR_000267,441469,ISR,"""חט""""ב חדשה שוהם""",,2|3,ממ,public,Israel,,,,,23,urban,32.0041593809293,34.9488742929087,official_emis,exact,open
ISR_000268,420000,ISR,"""חט""""ב חדשה""",,2,ממ,public,Israel,,,,,23,urban,32.6778557768893,35.3208425968856,official_emis,exact,open
ISR_000269,444729,ISR,"""חט""""ב חיים בר-לב""",,2,ממ,public,Israel,,,,,30,urban,32.1832132270385,34.9162562895999,official_emis,exact,open
ISR_000270,440966,ISR,"""חט""""ב חצב""",,2,ממ,public,Israel,,,,,21,peri_urban,32.172640489593,35.0143952824636,official_emis,exact,open
ISR_000271,444315,ISR,"""חט""""ב טביב""",,2,ממ,public,Israel,,,,,,,,,official_emis,unknown,open
ISR_000272,249326,ISR,"""חט""""ב יאנוח-ג'ת""",,2,ממ,public,Israel,,,,,,,,,official_emis,unknown,open
ISR_000273,344374,ISR,"""חט""""ב יהונתן נתניהו""",,2,ממ,public,Israel,,,,,30,urban,32.8419883332851,35.0831585552084,official_emis,exact,open
ISR_000274,444414,ISR,"""חט""""ב יונתן""",,2,ממ,public,Israel,,,,,30,urban,32.1758199242419,34.883124234451,official_emis,exact,open
ISR_000275,247338,ISR,"""חט""""ב יפיע""",,2,ממ,public,Israel,,,,,30,urban,32.6784946545605,35.2739201270818,official_emis,exact,open
ISR_000276,249144,ISR,"""חט""""ב יפיע""",,2,ממ,public,Israel,,,,,30,urban,32.684753307179,35.272570803689,official_emis,exact,open
ISR_000277,141002,ISR,"""חט""""ב יצחק רבין""",,2,ממ,public,Israel,,,,,23,urban,31.863690157073,35.1648418648456,official_emis,exact,open
ISR_000278,444497,ISR,"""חט""""ב ישיבת הדרום""",,2,חמד,public,Israel,,,,,30,urban,31.902659109936,34.8167580465343,official_emis,exact,open
ISR_000279,244483,ISR,"""חט""""ב כפר ורדים""",,2,ממ,public,Israel,,,,,23,urban,32.9950927583812,35.2658423887213,official_emis,exact,open
ISR_000280,247262,ISR,"""חט""""ב כפר כנא""",,2,ממ,public,Israel,,,,,30,urban,32.7537470305151,35.3441610553868,official_emis,exact,open
ISR_000281,348284,ISR,"""חט""""ב כפר קרע ב'""",,2,ממ,public,Israel,,,,,23,urban,32.51243588803,35.0638725023628,official_emis,exact,open
ISR_000282,444489,ISR,"""חט""""ב מ""""ד בנות צביה""",,2,חמד,public,Israel,,,,,,,,,official_emis,unknown,open
ISR_000283,140855,ISR,"""חט""""ב מבשרת""",,2,ממ,public,Israel,,,,,30,urban,31.800229423849,35.145723951715,official_emis,exact,open
ISR_000284,249136,ISR,"""חט""""ב מגד אלכרום""",,2,ממ,public,Israel,,,,,23,urban,32.9242944432471,35.263067212155,official_emis,exact,open
ISR_000285,344556,ISR,"""חט""""ב מוסמוס""",,2,ממ,public,Israel,,,,,30,urban,32.5405232948146,35.158979353613,official_emis,exact,open
ISR_000286,540617,ISR,"""חט""""ב מוקייבלה""",,2,ממ,public,Israel,,,,,21,peri_urban,32.5119813658163,35.301238288997,official_emis,exact,open
ISR_000287,444539,ISR,"""חט""""ב מיכה רייסר""",,2,ממ,public,Israel,,,,,,,,,official_emis,unknown,open
ISR_000288,480129,ISR,"""חט""""ב ממ""""ד בן-יקיר""",,2,חמד,public,Israel,,,,,21,peri_urban,32.3874006622854,34.9123044385549,official_emis,exact,open
ISR_000289,441667,ISR,"""חט""""ב ממ""""ד בנים המר""",,2|3,חמד,public,Israel,,,,,30,urban,32.1805510245035,34.9154057957612,official_emis,exact,open
ISR_000290,444364,ISR,"""חט""""ב ממ""""ד המר""",,2|3,חמד,public,Israel,,,,,30,urban,31.8965725952299,34.8024919113291,official_emis,exact,open
ISR_000291,660365,ISR,"""חט""""ב ממ""""ד סעד דע""""ת",,2,חמד,public,Israel,,,,,12,rural,31.4676701724079,34.531570306044,official_emis,exact,open
ISR_000292,344515,ISR,"""חט""""ב ממ""""ד תחכמוני""",,2,חמד,public,Israel,,,,,,,,,official_emis,unknown,open
ISR_000293,444422,ISR,"""חט""""ב ממ' ראשונים""",,2,ממ,public,Israel,,,,,30,urban,32.0567524033086,34.8745615763183,official_emis,exact,open
ISR_000294,443234,ISR,"""חט""""ב ממלכתית""",,2,ממ,public,Israel,,,,,,,,,official_emis,unknown,open
ISR_000295,249177,ISR,"""חט""""ב מסעדה""",,2,ממ,public,Israel,,,,,13,rural,33.2282486616251,35.7548520850933,official_emis,exact,open
ISR_000296,444430,ISR,"""חט""""ב מעלות""",,2,ממ,public,Israel,,,,,,,,,official_emis,unknown,open
ISR_000297,420570,ISR,"""חט""""ב מערבי""",,2,ממ,public,Israel,,,,,12,rural,32.802837870556,35.3577118401456,official_emis,exact,open
ISR_000298,441352,ISR,"""חט""""ב נוה יונתן""",,2,ממ,public,Israel,,,,,23,urban,31.9249065400971,34.8538534810765,official_emis,exact,open
ISR_000299,444455,ISR,"""חט""""ב ע""""ש אילן רמון""",,2,ממ,public,Israel,,,,,21,peri_urban,32.2227001295001,34.9981663899666,official_emis,exact,open
ISR_000300,247155,ISR,"""חט""""ב ע""""ש דר' ג.חורי",,2,ממ,public,Israel,,,,,23,urban,32.7769438669952,35.3763890829511,official_emis,exact,open
ISR_000301,344366,ISR,"""חט""""ב ע""""ש יצחק רבין""",,2,ממ,public,Israel,,,,,30,urban,32.8427909113968,35.0832322339761,official_emis,exact,open
ISR_000302,249268,ISR,"""חט""""ב ע""""ש עאטף חטיב""",,2,ממ,public,Israel,,,,,30,urban,32.7998091251861,35.1791542020246,official_emis,exact,open
ISR_000303,544080,ISR,"""חט""""ב ע""""ש קלמן""",,2,ממ,public,Israel,,,,,30,urban,32.1386600449859,34.8408072082891,official_emis,exact,open
ISR_000304,248146,ISR,"""חט""""ב ע""""ש תאופיק זיא",,2,ממ,public,Israel,,,,,30,urban,32.701553814012,35.2851572398735,official_emis,exact,open
ISR_000305,441733,ISR,"""חט""""ב עידנים(פארק עופ",,2,ממ,public,Israel,,,,,23,urban,31.9251785436322,34.8576696783116,official_emis,exact,open
ISR_000306,249011,ISR,"""חט""""ב עילבון""",,2,ממ,public,Israel,,,,,22,urban,32.8382418079215,35.4005393457342,official_emis,exact,open
ISR_000307,347062,ISR,"""חט""""ב עין ג'ראר""",,2|3,ממ,public,Israel,,,,,30,urban,32.5153554672588,35.1380579279606,official_emis,exact,open
ISR_000308,193003,ISR,"""חט""""ב עיסוואיה בנות""",,2,ממ,public,Israel,,,,,30,urban,31.7991701508704,35.251512247655,official_emis,exact,open
ISR_000309,192997,ISR,"""חט""""ב עיסוויה בנים""",,2,ממ,public,Israel,,,,,30,urban,31.7992239468,35.2523570556931,official_emis,exact,open
ISR_000310,544577,ISR,"""חט""""ב עירוני ב-ג בנות",,2,חמד,public,Israel,,,,,30,urban,32.0788307665137,34.7839975725247,official_emis,exact,open
ISR_000311,444877,ISR,"""חט""""ב עתידים""",,2,ממ,public,Israel,,,,,30,urban,32.1607830879358,34.9072735125835,official_emis,exact,open
ISR_000312,247189,ISR,"""חט""""ב פיאד אסדי דיר א",,2,ממ,public,Israel,,,,,23,urban,32.9301444584158,35.2669843555923,official_emis,exact,open
ISR_000313,444356,ISR,"""חט""""ב פיינברג""",,2,ממ,public,Israel,,,,,,,,,official_emis,unknown,open
ISR_000314,444380,ISR,"""חט""""ב פיינשטיין""",,2,ממ,public,Israel,,,,,,,,,official_emis,unknown,open
ISR_000315,444695,ISR,"""חט""""ב פסגות""",,2,ממ,public,Israel,,,,,30,urban,32.0295204689003,34.8790101044349,official_emis,exact,open
ISR_000316,474460,ISR,"""חט""""ב צומחת ההולנדית""",,2|3,ממ,public,Israel,,,,,30,urban,31.8918673520713,34.7809702918027,official_emis,exact,open
ISR_000317,444752,ISR,"""חט""""ב ק.הסביונים א'""",,2,ממ,public,Israel,,,,,30,urban,32.0295204689003,34.8790101044349,official_emis,exact,open
ISR_000318,448175,ISR,"""חט""""ב קלנסווה""",,2,ממ,public,Israel,,,,,23,urban,32.2851739592783,34.9715601907688,official_emis,exact,open
ISR_000319,444661,ISR,"""חט""""ב קרית גנים""",,2,ממ,public,Israel,,,,,,,,,official_emis,unknown,open
ISR_000320,244616,ISR,"""חט""""ב קרית חינוך""",,2,ממ,public,Israel,,,,,23,urban,32.9317927690586,35.088938198066,official_emis,exact,open
ISR_000321,198085,ISR,"""חט""""ב ראס אל-עמוד""",,2,ממ,public,Israel,,,,,30,urban,31.7685475095258,35.2389453511734,official_emis,exact,open
ISR_000322,444349,ISR,"""חט""""ב ראשונים""",,2,ממ,public,Israel,,,,,30,urban,32.1565199959294,34.9006725189722,official_emis,exact,open
ISR_000323,544676,ISR,"""חט""""ב רבין אזור""",,2,ממ,public,Israel,,,,,30,urban,32.0302356940456,34.7986697550558,official_emis,exact,open
ISR_000324,444554,ISR,"""חט""""ב רבין""",,2,ממ,public,Israel,,,,,,,,,official_emis,unknown,open
ISR_000325,344408,ISR,"""חט""""ב רוגוזין א'""",,2,ממ,public,Israel,,,,,23,urban,32.8062042204121,35.1087897303308,official_emis,exact,open
ISR_000326,444398,ISR,"""חט""""ב רימון""",,2,ממ,public,Israel,,,,,30,urban,32.1806459606354,34.8630455123259,official_emis,exact,open
ISR_000327,340257,ISR,"""חט""""ב רעות""",,2,ממ,public,Israel,,,,,,,,,official_emis,unknown,open
ISR_000328,444232,ISR,"""חט""""ב רשיש""",,2,ממ,public,Israel,,,,,30,urban,32.0753954429776,34.872206911339,official_emis,exact,open
ISR_000329,444059,ISR,"""חט""""ב שזר""",,2,ממ,public,Israel,,,,,30,urban,32.1727307117539,34.895550684568,official_emis,exact,open
ISR_000330,441360,ISR,"""חט""""ב שחקים""",,2,ממ,public,Israel,,,,,,,,,official_emis,unknown,open
ISR_000331,344333,ISR,"""חט""""ב שניה- רמות יצחק",,2,ממ,public,Israel,,,,,30,urban,32.7654370691447,35.0385348918278,official_emis,exact,open
ISR_000332,444075,ISR,"""חט""""ב שרת""",,2,ממ,public,Israel,,,,,30,urban,32.1719636575699,34.8953306220631,official_emis,exact,open
ISR_000333,441212,ISR,"""חט""""ב תיכון ריגלר""",,2|3,חמד,public,Israel,,,,,30,urban,32.301197494534,34.8508512941687,official_emis,exact,open
ISR_000334,648287,ISR,"""חט""""ע ביר הדאג'""",,2|3,ממ,public,Israel,,,,,12,rural,31.0232102621188,34.7000091862334,official_emis,exact,open
ISR_000335,248757,ISR,"""חט""""ע מכר-ג'דידה""",,3,ממ,public,Israel,,,,,23,urban,32.9310720015734,35.1397161940326,official_emis,exact,open
ISR_000336,648055,ISR,"""חטי""""ב לקייה""",,2,ממ,public,Israel,,,,,21,peri_urban,31.325419082831,34.8593622632029,official_emis,exact,open
ISR_000337,358655,ISR,"""חמד""""ת השקד""",,1,חמד,public,Israel,,,,,30,urban,31.8015784247279,35.1584901708717,official_emis,exact,open
ISR_000338,448241,ISR,"""טומשין טירה ע""""ש ע.עת",,3,ממ,public,Israel,,,,,30,urban,32.2367665953759,34.9437900543861,official_emis,exact,open
ISR_000339,278176,ISR,"""טכנולוגי נעמ""""ת נחף""",,2|3,ממ,public,Israel,,,,,23,urban,32.9300384067893,35.3157827248792,official_emis,exact,open
ISR_000340,278044,ISR,"""טכנולוגי נעמ""""ת שפרעם",,2|3,ממ,public,Israel,,,,,30,urban,32.8013231157951,35.1751927517871,official_emis,exact,open
ISR_000341,278267,ISR,"""טכנולוגי נעמ""""ת""",,3,ממ,public,Israel,,,,,23,urban,32.9296480756441,35.1411392667685,official_emis,exact,open
ISR_000342,214528,ISR,"""י'מדעית מדרשית הגליל""",,2,חמד,public,Israel,,,,,,,,,official_emis,unknown,open
ISR_000343,640151,ISR,"""יב""""ע בית יהודה""",,2|3,חמד,public,Israel,,,,,12,rural,31.4322083153755,34.5401014872012,official_emis,exact,open
ISR_000344,612960,ISR,"""יח""""ד""",,1,ממ,public,Israel,,,,,30,urban,31.7849127530292,34.6397285684248,official_emis,exact,open
ISR_000345,219162,ISR,"""יסודי א' אכסאל""",,1,ממ,public,Israel,,,,,23,urban,32.6774487522586,35.322185460567,official_emis,exact,open
ISR_000346,219501,ISR,"""יסודי א' בענה""",,1,ממ,public,Israel,,,,,23,urban,32.931312105168,35.2754854669449,official_emis,exact,open
ISR_000347,219238,ISR,"""יסודי א' דיר חנא""",,1,ממ,public,Israel,,,,,23,urban,32.8621588088613,35.3729100425822,official_emis,exact,open
ISR_000348,618652,ISR,"""יסודי א' חורה""",,1,ממ,public,Israel,,,,,21,peri_urban,31.302693464287,34.91910738545,official_emis,exact,open
ISR_000349,219154,ISR,"""יסודי א' טורעאן""",,1,ממ,public,Israel,,,,,23,urban,32.7787886175285,35.372496658135,official_emis,exact,open
ISR_000350,218289,ISR,"""יסודי א' טמרה""",,1,ממ,public,Israel,,,,,23,urban,32.8471417181885,35.2021072363021,official_emis,exact,open
ISR_000351,218438,ISR,"""יסודי א' כפר מנדא""",,1,ממ,public,Israel,,,,,23,urban,32.814337294745,35.2540146616237,official_emis,exact,open
ISR_000352,218537,ISR,"""יסודי א' משהד""",,1,ממ,public,Israel,,,,,30,urban,32.7360313770779,35.3239160420436,official_emis,exact,open
ISR_000353,219600,ISR,"""יסודי א' עילוט""",,1,ממ,public,Israel,,,,,23,urban,32.7157323788544,35.2622052505838,official_emis,exact,open
ISR_000354,219485,ISR,"""יסודי א' שעב""",,1,ממ,public,Israel,,,,,13,rural,32.8908412677311,35.2412109891815,official_emis,exact,open
ISR_000355,219014,ISR,"""יסודי א' שפרעם""",,1,ממ,public,Israel,,,,,30,urban,32.8081634233855,35.1625804702768,official_emis,exact,open
ISR_000356,219337,ISR,"""יסודי א'-אלעין""",,1,ממ,public,Israel,,,,,23,urban,32.9397206101009,35.317826555275,official_emis,exact,open
ISR_000357,217356,ISR,"""יסודי אבן ח'לדון""",,1,ממ,public,Israel,,,,,23,urban,32.6922602083897,35.3729102592533,official_emis,exact,open
ISR_000358,219774,ISR,"""יסודי אלבורג'""",,1,ממ,public,Israel,,,,,30,urban,32.7999501373789,35.1663104041041,official_emis,exact,open
ISR_000359,227496,ISR,"""יסודי אלנג'אח""",,1,ממ,public,Israel,,,,,23,urban,32.9296946626138,35.1441757602504,official_emis,exact,open
ISR_000360,217851,ISR,"""יסודי אלע'ג'ר""",,1,ממ,public,Israel,,,,,12,rural,33.2724455375901,35.6230758618764,official_emis,exact,open
ISR_000361,217505,ISR,"""יסודי ב' אכסאל""",,1,ממ,public,Israel,,,,,23,urban,32.6871320141641,35.3234244022359,official_emis,exact,open
ISR_000362,218107,ISR,"""יסודי ב' בענה""",,1,ממ,public,Israel,,,,,23,urban,32.9297380215516,35.2683312620184,official_emis,exact,open
ISR_000363,217430,ISR,"""יסודי ב' טובא""",,1,ממ,public,Israel,,,,,23,urban,32.9637158979807,35.5886811173305,official_emis,exact,open
ISR_000364,218263,ISR,"""יסודי ב' טורעאן""",,1,ממ,public,Israel,,,,,23,urban,32.7725035206581,35.3658141352952,official_emis,exact,open
ISR_000365,217273,ISR,"""יסודי ב' משהד""",,1,ממ,public,Israel,,,,,21,peri_urban,32.7433496028382,35.31813216708,official_emis,exact,open
ISR_000366,218743,ISR,"""יסודי ב' עבדו סלים""",,1,ממ,public,Israel,,,,,30,urban,32.8185298558925,35.1879267448788,official_emis,exact,open
ISR_000367,410282,ISR,"""יסודי ב'""",,1,ממ,public,Israel,,,,,22,urban,33.2010896193068,35.781214903573,official_emis,exact,open
ISR_000368,217398,ISR,"""יסודי ב'-יפיע""",,1,ממ,public,Israel,,,,,30,urban,32.6772023341695,35.2789195174135,official_emis,exact,open
ISR_000369,219790,ISR,"""יסודי ג' - נחף""",,1,ממ,public,Israel,,,,,23,urban,32.9360563574516,35.3215536540667,official_emis,exact,open
ISR_000370,219550,ISR,"""יסודי ג' אכסאל""",,1,ממ,public,Israel,,,,,23,urban,32.6835997915181,35.3207540797426,official_emis,exact,open
ISR_000371,219576,ISR,"""יסודי ג' אעבלין""",,1,ממ,public,Israel,,,,,30,urban,32.8251038689886,35.1938419377586,official_emis,exact,open
ISR_000372,219758,ISR,"""יסודי ג' בענה""",,1,ממ,public,Israel,,,,,23,urban,32.9265968465397,35.2745408396124,official_emis,exact,open
ISR_000373,219808,ISR,"""יסודי ג' דיר אל-אסד""",,1,ממ,public,Israel,,,,,23,urban,32.935657573316,35.2587441489472,official_emis,exact,open
ISR_000374,217380,ISR,"""יסודי ג' טורעאן""",,1,ממ,public,Israel,,,,,23,urban,32.7764542397379,35.3783520867748,official_emis,exact,open
ISR_000375,219493,ISR,"""יסודי ג' כפר כנא""",,1,ממ,public,Israel,,,,,30,urban,32.7440253306537,35.345330231101,official_emis,exact,open
ISR_000376,219626,ISR,"""יסודי ג' כפר מנדא""",,1,ממ,public,Israel,,,,,23,urban,32.8090145144475,35.2605677100485,official_emis,exact,open
ISR_000377,219105,ISR,"""יסודי ג' שפרעם""",,1,ממ,public,Israel,,,,,30,urban,32.8141068840704,35.1665606222492,official_emis,exact,open
ISR_000378,219717,ISR,"""יסודי ג'""",,1,ממ,public,Israel,,,,,30,urban,32.7195128500358,35.3021656760663,official_emis,exact,open
ISR_000379,218149,ISR,"""יסודי גוש חלב-ג'יש""",,1|2,ממ,public,Israel,,,,,13,rural,33.0216819432235,35.4454262204036,official_emis,exact,open
ISR_000380,219055,ISR,"""יסודי ד' 'אלשרק'""",,1,ממ,public,Israel,,,,,30,urban,32.6968353445998,35.3014371435946,official_emis,exact,open
ISR_000381,219824,ISR,"""יסודי ד' אעבלין""",,1,ממ,public,Israel,,,,,30,urban,32.8214873249819,35.1872107010849,official_emis,exact,open
ISR_000382,239814,ISR,"""יסודי ד' כאבול""",,1,ממ,public,Israel,,,,,23,urban,32.8743637230661,35.2002579343575,official_emis,exact,open
ISR_000383,338368,ISR,"""יסודי ד' עבהרה""",,1,ממ,public,Israel,,,,,23,urban,32.7167037515553,35.3529778295848,official_emis,exact,open
ISR_000384,219436,ISR,"""יסודי ד' שפרעם""",,1,ממ,public,Israel,,,,,30,urban,32.8046778585072,35.1770494493688,official_emis,exact,open
ISR_000385,353169,ISR,"""יסודי ד'""",,1,ממ,public,Israel,,,,,21,peri_urban,32.5440082944251,34.9131396538336,official_emis,exact,open
ISR_000386,348110,ISR,"""יסודי ד'""",,1,ממ,public,Israel,,,,,23,urban,32.7804775541599,35.370429057032,official_emis,exact,open
ISR_000387,217463,ISR,"""יסודי ד'""",,1,ממ,public,Israel,,,,,30,urban,32.7538362618478,35.336712890045,official_emis,exact,open
ISR_000388,219709,ISR,"""יסודי ה' כפר מנדא""",,1,ממ,public,Israel,,,,,23,urban,32.8054866569987,35.2653168056608,official_emis,exact,open
ISR_000389,217349,ISR,"""יסודי ה' שפרעם""",,1,ממ,public,Israel,,,,,30,urban,32.8083487383985,35.181874525333,official_emis,exact,open
ISR_000390,222364,ISR,"""יסודי ה'""",,1,ממ,public,Israel,,,,,30,urban,32.7394609612874,35.3299807278016,official_emis,exact,open
ISR_000391,418434,ISR,"""יסודי ו'""",,1,ממ,public,Israel,,,,,30,urban,32.2396859857012,34.9606734058924,official_emis,exact,open
ISR_000392,247429,ISR,"""יסודי ו'""",,1,ממ,public,Israel,,,,,23,urban,32.8947607766313,35.3997980177709,official_emis,exact,open
ISR_000393,318139,ISR,"""יסודי חדש ג'ת""",,1,ממ,public,Israel,,,,,23,urban,32.4040674006961,35.0372648998234,official_emis,exact,open
ISR_000394,217471,ISR,"""יסודי ינוח ב'""",,1,ממ,public,Israel,,,,,21,peri_urban,32.9824166649498,35.2384886497274,official_emis,exact,open
ISR_000395,456624,ISR,"""יסודי כפ""""ס הצעירה""",,1,ממ,public,Israel,,,,,30,urban,32.1840312797684,34.9272075261718,official_emis,exact,open
ISR_000396,415992,ISR,"""יסודי מ""""מ רמון""",,1,ממ,public,Israel,,,,,30,urban,31.9398016928476,34.8368969485501,official_emis,exact,open
ISR_000397,214569,ISR,"""יסודי מ""""מ רמת כורזים",,1,ממ,public,Israel,,,,,12,rural,32.9409834142634,35.5489535444895,official_emis,exact,open
ISR_000398,384032,ISR,"""יסודי מ""""מ רקפות""",,1,ממ,public,Israel,,,,,21,peri_urban,32.8333935531918,35.1014444690074,official_emis,exact,open
ISR_000399,416941,ISR,"""יסודי מ""""מ שערי תקוה""",,1,ממ,public,Israel,,,,,23,urban,32.1176143636774,35.0276699569733,official_emis,exact,open
ISR_000400,214171,ISR,"""יסודי ממ""""ד קצרין""",,1,חמד,public,Israel,,,,,13,rural,32.9950175861806,35.6837555100971,official_emis,exact,open
ISR_000401,413807,ISR,"""יסודי ממ""""ד""",,1,חמד,public,Israel,,,,,23,urban,32.0519864491903,34.9555499078652,official_emis,exact,open
ISR_000402,457291,ISR,"""יסודי ממ""""ד""",,1,חמד,public,Israel,,,,,13,rural,32.1164037669486,35.2507628026086,official_emis,exact,open
ISR_000403,218313,ISR,"""יסודי סלמאן פרג'""",,1,ממ,public,Israel,,,,,21,peri_urban,32.9834259293185,35.2406608254871,official_emis,exact,open
ISR_000404,237016,ISR,"""יסודי סנט טרקמנצ'ץ""",,1|2,ממ,public,Israel,,,,,,,,,official_emis,unknown,open
ISR_000405,210674,ISR,"""יסודי ע""""ש אברט""",,1,ממ,public,Israel,,,,,23,urban,32.9759928199486,35.5365412227776,official_emis,exact,open
ISR_000406,312744,ISR,"""יסודי ע""""ש אילן רמון""",,1,ממ,public,Israel,,,,,30,urban,32.4318575253543,34.9244526531639,official_emis,exact,open
ISR_000407,611202,ISR,"""יסודי ע""""ש יואב גבעתי",,1,ממ,public,Israel,,,,,12,rural,31.152399168454,35.3637196737007,official_emis,exact,open
ISR_000408,219006,ISR,"""יסודי ע""""ש כאמל סעדה""",,1,ממ,public,Israel,,,,,13,rural,32.889806178487,35.234242505635,official_emis,exact,open
ISR_000409,615286,ISR,"""יסודי ע""""ש לובה אליאב",,1,ממ,public,Israel,,,,,13,rural,31.5588012702046,34.8402740483692,official_emis,exact,open
ISR_000410,312736,ISR,"""יסודי ע""""ש תמרי""",,1,ממ,public,Israel,,,,,21,peri_urban,32.4990467660988,34.9246064045433,official_emis,exact,open
ISR_000411,210914,ISR,"""יסודי פסגות""""-יראון""",,1,ממ,public,Israel,,,,,12,rural,33.077709170579,35.4555603820543,official_emis,exact,open
ISR_000412,219816,ISR,"""יסודי שכ' ג'משה""",,1,ממ,public,Israel,,,,,12,rural,32.8793189245435,35.4085800334559,official_emis,exact,open
ISR_000413,318873,ISR,"""יסודי שכ' קחאוש""",,1,ממ,public,Israel,,,,,30,urban,32.534857966809,35.1527336187592,official_emis,exact,open
ISR_000414,338723,ISR,"""יפה נוף ממ""""ד""",,1,חמד,public,Israel,,,,,30,urban,31.7841538698774,35.3119600121849,official_emis,exact,open
ISR_000415,641233,ISR,"""יש' תיכונית בלבב שלם""",,2|3,חמד,public,Israel,,,,,21,peri_urban,30.9845718307656,34.9265389476074,official_emis,exact,open
ISR_000416,510628,ISR,"""ישורון מ""""ד""",,1,חמד,public,Israel,,,,,30,urban,32.0231470567853,34.7792559159335,official_emis,exact,open
ISR_000417,141754,ISR,"""ישיבה תיכ' תורה ומדע""",,2|3,חמד,public,Israel,,,,,30,urban,31.7651063346319,35.1905136758534,official_emis,exact,open
ISR_000418,442426,ISR,"""ישיבה תיכונית אמי""""ת""",,2|3,חמד,public,Israel,,,,,30,urban,32.0899018887066,34.8995160975697,official_emis,exact,open
ISR_000419,244624,ISR,"""ישיבה תיכונית ב""""ע""",,2|3,חמד,public,Israel,,,,,23,urban,32.4867509744223,35.502357300378,official_emis,exact,open
ISR_000420,180034,ISR,"""ישיבת אמי""""ת נחשון""",,2|3,חמד,public,Israel,,,,,30,urban,31.764455264168,34.9995804522487,official_emis,exact,open
ISR_000421,442368,ISR,"""ישיבת אמי""""ת עמיחי""",,2|3,חמד,public,Israel,,,,,30,urban,31.8900175058489,34.8233538639178,official_emis,exact,open
ISR_000422,644849,ISR,"""ישיבת אמי""""ת""",,2|3,חמד,public,Israel,,,,,30,urban,31.2560058316975,34.7801923451754,official_emis,exact,open
ISR_000423,540674,ISR,"""ישיבת ב""""ע אדרת""",,2|3,חמד,public,Israel,,,,,30,urban,32.0127483653609,34.7453609486864,official_emis,exact,open
ISR_000424,340356,ISR,"""ישיבת בנ""""ע בית שמואל",,2|3,חמד,public,Israel,,,,,30,urban,32.4490529816697,34.8970254877583,official_emis,exact,open
ISR_000425,440321,ISR,"""ישיבת בנ""""ע כפר הרואה",,2|3,חמד,public,Israel,,,,,21,peri_urban,32.3873083409854,34.9113801376074,official_emis,exact,open
ISR_000426,240523,ISR,"""ישיבת מעלות הראי""""ה""",,3,חמד,public,Israel,,,,,,,,,official_emis,unknown,open
ISR_000427,270033,ISR,"""כ""""ג יורדי הסירה""",,2|3,ממ,public,Israel,,,,,23,urban,32.9218079458744,35.0763892079057,official_emis,exact,open
ISR_000428,260240,ISR,"""כברי חט""""ע""",,3,ממ,public,Israel,,,,,13,rural,33.0183215829384,35.1469944829038,official_emis,exact,open
ISR_000429,417063,ISR,"""כפר קאסם ז'""",,1,ממ,public,Israel,,,,,30,urban,32.1189830835611,34.9807889060579,official_emis,exact,open
ISR_000430,362228,ISR,"""לביא ממ""""ד""",,1,חמד,public,Israel,,,,,30,urban,31.7136759633377,35.0990208164127,official_emis,exact,open
ISR_000431,410357,ISR,"""מ""""ד אוהל שלום""",,1,חמד,public,Israel,,,,,23,urban,31.8162835545673,34.780396782643,official_emis,exact,open
ISR_000432,410415,ISR,"""מ""""ד אריאל""",,1,חמד,public,Israel,,,,,30,urban,32.0608330393172,34.8728314092931,official_emis,exact,open
ISR_000433,413559,ISR,"""מ""""ד בנות נועם הצבי""",,1,חמד,public,Israel,,,,,30,urban,31.8838024461853,34.816889915062,official_emis,exact,open
ISR_000434,410720,ISR,"""מ""""ד יסודי הרואה""",,1,חמד,public,Israel,,,,,21,peri_urban,32.3910414007999,34.9112936835924,official_emis,exact,open
ISR_000435,411769,ISR,"""מ""""ד מורשה""",,1,חמד,public,Israel,,,,,30,urban,32.07446020179,34.9097137554428,official_emis,exact,open
ISR_000436,415224,ISR,"""מ""""ד מעלות חיים""",,1,חמד,public,Israel,,,,,30,urban,32.0995370381247,34.8974288266744,official_emis,exact,open
ISR_000437,413054,ISR,"""מ""""ד נועם -עציון""",,1,חמד,public,Israel,,,,,23,urban,31.8777981338523,34.7369848659904,official_emis,exact,open
ISR_000438,414185,ISR,"""מ""""ד נועם הצבי-בנים""",,1,חמד,public,Israel,,,,,30,urban,31.8837565819881,34.8166364442616,official_emis,exact,open
ISR_000439,413708,ISR,"""מ""""ד שבי שומרון""",,1,חמד,public,Israel,,,,,21,peri_urban,32.2627616860657,35.1843458824782,official_emis,exact,open
ISR_000440,416610,ISR,"""מ""""מ הפעמונים""",,1,ממ,public,Israel,,,,,30,urban,32.1808211132416,34.8578173395472,official_emis,exact,open
ISR_000441,416164,ISR,"""מ""""מ מנחם בגין""",,1,ממ,public,Israel,,,,,30,urban,32.2727157434497,34.8430755130578,official_emis,exact,open
ISR_000442,113902,ISR,"""מ""""מ צמח השדה""",,1,ממ,public,Israel,,,,,21,peri_urban,31.769907917101,35.3080904505495,official_emis,exact,open
ISR_000443,110205,ISR,"""מ""""מ רחביה ע""""ש דוד ג",,1,ממ,public,Israel,,,,,30,urban,31.7704820252065,35.2093034285071,official_emis,exact,open
ISR_000444,313577,ISR,"""מ""""מ רמב""""ם""",,1,ממ,public,Israel,,,,,,,,,official_emis,unknown,open
ISR_000445,113639,ISR,"""מ""""מ רמת בית שמש""",,1,ממ,public,Israel,,,,,30,urban,31.7459317438,34.9836324373026,official_emis,exact,open
ISR_000446,313759,ISR,"""מ""""מ רעות""",,1,ממ,public,Israel,,,,,12,rural,32.4659267299297,35.0115159076775,official_emis,exact,open
ISR_000447,416628,ISR,"""מ""""מ תשרי""",,1,ממ,public,Israel,,,,,30,urban,32.2953553577518,34.8712157685249,official_emis,exact,open
ISR_000448,218115,ISR,"""מ""""מ-א ע""""ש נאיף קבלא",,1,ממ,public,Israel,,,,,23,urban,32.9586421733675,35.3834673932242,official_emis,exact,open
ISR_000449,160531,ISR,"""מ""""מד הר חומה""",,1,חמד,public,Israel,,,,,30,urban,31.7231249789389,35.220242509204,official_emis,exact,open
ISR_000450,218487,ISR,"""מגאר ממלכתי א'""",,1,ממ,public,Israel,,,,,23,urban,32.8795081314805,35.424620060318,official_emis,exact,open
ISR_000451,218479,ISR,"""מגאר ממלכתי ב'""",,1,ממ,public,Israel,,,,,23,urban,32.8885986246797,35.4077463391363,official_emis,exact,open
ISR_000452,542035,ISR,"""מוזות-בי""""ס תיכון לאו",,3,ממ,public,Israel,,,,,30,urban,32.0533054435136,34.7538094878556,official_emis,exact,open
ISR_000453,213108,ISR,"""מוריה ממ""""ד כרמיאל""",,1,חמד,public,Israel,,,,,23,urban,32.9150982007051,35.304325477717,official_emis,exact,open
ISR_000454,585851,ISR,"""מח""""ט אורט מרום עכו""",,2|3,ממ,public,Israel,,,,,23,urban,32.9322499727769,35.0861041450093,official_emis,exact,open
ISR_000455,440354,ISR,"""מח""""ט טומשין קלנסווה""",,2|3,ממ,public,Israel,,,,,23,urban,32.2824664796214,34.9753037129312,official_emis,exact,open
ISR_000456,570069,ISR,"""מח""""ט יא""",,2|3,ממ,public,Israel,,,,,30,urban,32.0929271177616,34.7871321852811,official_emis,exact,open
ISR_000457,460253,ISR,"""מח""""ט ע""""ש אבן רושד""",,2|3,ממ,public,Israel,,,,,12,rural,32.8623606242855,35.1840296461077,official_emis,exact,open
ISR_000458,370569,ISR,"""מח""""ט עמל פסגות נהריה",,2|3,ממ,public,Israel,,,,,30,urban,33.0109588832805,35.0980706866489,official_emis,exact,open
ISR_000459,648170,ISR,"""מח""""ט רעות מחנה נתן""",,2|3,ממ,public,Israel,,,,,11,rural,31.2060722312772,34.792912789437,official_emis,exact,open
ISR_000460,448290,ISR,"""מח""""ט תיכון טכנולוגי""",,3,ממ,public,Israel,,,,,30,urban,32.115574630573,34.9661429758389,official_emis,exact,open
ISR_000461,670836,ISR,"""מכ' טכנולוגית להנדסה""",,,ממ,public,Israel,,,,,30,urban,31.2564209112505,34.7802534808498,official_emis,exact,open
ISR_000462,770396,ISR,"""מכללה טכנו' חיל-אויר""",,2|3,ממ,public,Israel,,,,,30,urban,32.8075759790704,35.0403998903639,official_emis,exact,open
ISR_000463,540039,ISR,"""מכללת אמי""""ת תל-אביב""",,2|3,חמד,public,Israel,,,,,30,urban,32.0554526853581,34.7911356103463,official_emis,exact,open
ISR_000464,213991,ISR,"""ממ ג'-גוונים עפולה""",,1,ממ,public,Israel,,,,,21,peri_urban,32.6018680277866,35.2860052650372,official_emis,exact,open
ISR_000465,212043,ISR,"""ממ כי""""ח -צפת ב'""",,1,ממ,public,Israel,,,,,23,urban,32.9645161607431,35.5112340481239,official_emis,exact,open
ISR_000466,213595,ISR,"""ממ""""ד אבן שוהם""",,1,חמד,public,Israel,,,,,30,urban,33.0038107456465,35.0902461975698,official_emis,exact,open
ISR_000467,413211,ISR,"""ממ""""ד אבני החושן""",,1,חמד,public,Israel,,,,,23,urban,31.9967892161369,34.9476989428295,official_emis,exact,open
ISR_000468,415463,ISR,"""ממ""""ד אבני חפץ""",,1,חמד,public,Israel,,,,,13,rural,32.2864937167204,35.074020769019,official_emis,exact,open
ISR_000469,410969,ISR,"""ממ""""ד אוהל מאיר""",,1,חמד,public,Israel,,,,,30,urban,31.859642457287,34.8258246645188,official_emis,exact,open
ISR_000470,411843,ISR,"""ממ""""ד אוהל שלום""",,1,חמד,public,Israel,,,,,30,urban,32.0932117929036,34.9485312774411,official_emis,exact,open
ISR_000471,411850,ISR,"""ממ""""ד אוהל שרה""",,1,חמד,public,Israel,,,,,30,urban,32.0980528711566,34.9477550123189,official_emis,exact,open
ISR_000472,412379,ISR,"""ממ""""ד אור השרון""",,1,חמד,public,Israel,,,,,21,peri_urban,32.3030972122464,34.9599516240958,official_emis,exact,open
ISR_000473,414557,ISR,"""ממ""""ד אור זבולון""",,1,חמד,public,Israel,,,,,23,urban,32.1034797476274,35.1915005590686,official_emis,exact,open
ISR_000474,413385,ISR,"""ממ""""ד אור שמחה""",,1|2,חמד,public,Israel,,,,,,,,,official_emis,unknown,open
ISR_000475,411827,ISR,"""ממ""""ד אור תורה""",,1,חמד,public,Israel,,,,,23,urban,32.2720927242497,34.9124835661748,official_emis,exact,open
ISR_000476,412361,ISR,"""ממ""""ד אור תורה""",,1,חמד,public,Israel,,,,,23,urban,32.2567903005353,34.9166925997994,official_emis,exact,open
ISR_000477,413153,ISR,"""ממ""""ד אפרתי""",,1,חמד,public,Israel,,,,,21,peri_urban,31.7895244984785,34.7613552798944,official_emis,exact,open
ISR_000478,413534,ISR,"""ממ""""ד אריאל""",,1|2,חמד,public,Israel,,,,,23,urban,31.9354680347257,34.8608987898241,official_emis,exact,open
ISR_000479,414268,ISR,"""ממ""""ד אריאל""",,1,חמד,public,Israel,,,,,30,urban,32.1810336900161,34.8836997176557,official_emis,exact,open
ISR_000480,413492,ISR,"""ממ""""ד ביל""""ו""",,1,חמד,public,Israel,,,,,30,urban,32.1789945645435,34.8659781800892,official_emis,exact,open
ISR_000481,414466,ISR,"""ממ""""ד בית מרגלית""",,1|2,חמד,public,Israel,,,,,30,urban,32.3173931292835,34.8639563864782,official_emis,exact,open
ISR_000482,410639,ISR,"""ממ""""ד במעלה""",,1,חמד,public,Israel,,,,,30,urban,32.0287813195656,34.8935154617859,official_emis,exact,open
ISR_000483,411058,ISR,"""ממ""""ד בנות חב""""ד ב""",,1|2,חמד,public,Israel,,,,,23,urban,31.9415959896168,34.8762851176021,official_emis,exact,open
ISR_000484,413989,ISR,"""ממ""""ד בנות נחלת צבי""",,1|2,חמד,public,Israel,,,,,12,rural,32.2332576603403,35.3302563414621,official_emis,exact,open
ISR_000485,413625,ISR,"""ממ""""ד בנות נחשון""",,1,חמד,public,Israel,,,,,21,peri_urban,32.2137338284812,35.1576685269002,official_emis,exact,open
ISR_000486,414219,ISR,"""ממ""""ד בנים חב""""ד ב""",,1|2,חמד,public,Israel,,,,,23,urban,31.9424318509434,34.8751928157154,official_emis,exact,open
ISR_000487,414961,ISR,"""ממ""""ד בנים נחלת צבי""",,1|2,חמד,public,Israel,,,,,12,rural,32.237690727235,35.3339123418405,official_emis,exact,open
ISR_000488,414862,ISR,"""ממ""""ד בנים נחשון""",,1,חמד,public,Israel,,,,,21,peri_urban,32.2297877234667,35.1639197507314,official_emis,exact,open
ISR_000489,355578,ISR,"""ממ""""ד בקרית שמואל""",,1,חמד,public,Israel,,,,,30,urban,32.8391630310076,35.0713383980574,official_emis,exact,open
ISR_000490,410829,ISR,"""ממ""""ד בר אילן""",,1,חמד,public,Israel,,,,,23,urban,32.3144653260849,34.9404775734632,official_emis,exact,open
ISR_000491,410910,ISR,"""ממ""""ד בר אילן""",,1,חמד,public,Israel,,,,,30,urban,32.1775747078708,34.9113011840241,official_emis,exact,open
ISR_000492,412171,ISR,"""ממ""""ד בר אילן""",,1|2,חמד,public,Israel,,,,,23,urban,31.9300298384798,34.8574928474703,official_emis,exact,open
ISR_000493,410589,ISR,"""ממ""""ד ברויאר""",,1,חמד,public,Israel,,,,,21,peri_urban,31.7958287147157,34.819728422958,official_emis,exact,open
ISR_000494,430306,ISR,"""ממ""""ד ברכה""",,1,חמד,public,Israel,,,,,12,rural,32.1935101466483,35.2647261713724,official_emis,exact,open
ISR_000495,414839,ISR,"""ממ""""ד ברקאי לבנים""",,1|2,חמד,public,Israel,,,,,22,urban,32.1709321047222,35.10563256321,official_emis,exact,open
ISR_000496,430025,ISR,"""ממ""""ד ג.מרדכי""",,1,חמד,public,Israel,,,,,30,urban,31.763095683043,35.1957706958441,official_emis,exact,open
ISR_000497,436725,ISR,"""ממ""""ד גוננים""",,1,חמד,public,Israel,,,,,30,urban,31.7576758419618,35.201671473999,official_emis,exact,open
ISR_000498,414474,ISR,"""ממ""""ד דק""""ל""",,1,חמד,public,Israel,,,,,21,peri_urban,32.2227001295001,34.9981663899666,official_emis,exact,open
ISR_000499,412965,ISR,"""ממ""""ד המר-בית אפרים""",,1,חמד,public,Israel,,,,,30,urban,31.9744930215471,34.7814376505778,official_emis,exact,open
ISR_000500,213579,ISR,"""ממ""""ד הצבי - קשת""",,1|2,חמד,public,Israel,,,,,12,rural,32.9814441470581,35.8073407440344,official_emis,exact,open
ISR_000501,610923,ISR,"""ממ""""ד הראל""",,1,חמד,public,Israel,,,,,13,rural,30.6076079654252,34.8023797882876,official_emis,exact,open
ISR_000502,413393,ISR,"""ממ""""ד הראל""",,1,חמד,public,Israel,,,,,30,urban,31.9628766456884,34.7920692470667,official_emis,exact,open
ISR_000503,414060,ISR,"""ממ""""ד הרי""""ן""",,1|2,חמד,public,Israel,,,,,23,urban,31.9235772133267,34.8591031599871,official_emis,exact,open
ISR_000504,210815,ISR,"""ממ""""ד חב""""ד -יבנאל""",,1|2,חמד,public,Israel,,,,,13,rural,32.7040327923615,35.5013598959483,official_emis,exact,open
ISR_000505,411298,ISR,"""ממ""""ד חב""""ד אוהל יצחק",,1|2,חמד,public,Israel,,,,,30,urban,31.9328176431514,34.8085628633048,official_emis,exact,open
ISR_000506,414599,ISR,"""ממ""""ד חב""""ד בנים""",,1|2,חמד,public,Israel,,,,,30,urban,31.8913343210842,34.8204099362323,official_emis,exact,open
ISR_000507,412890,ISR,"""ממ""""ד חב""""ד ד'""",,1|2,חמד,public,Israel,,,,,,,,,official_emis,unknown,open
ISR_000508,410928,ISR,"""ממ""""ד חב""""ד""",,1,חמד,public,Israel,,,,,30,urban,32.1865679032049,34.9008590605297,official_emis,exact,open
ISR_000509,415521,ISR,"""ממ""""ד חבד בנות ח.מושק",,1|2,חמד,public,Israel,,,,,30,urban,32.293821298062,34.8541710871336,official_emis,exact,open
ISR_000510,414730,ISR,"""ממ""""ד חבד בנים ד.מנחם",,1|2,חמד,public,Israel,,,,,30,urban,32.293821298062,34.8541710871336,official_emis,exact,open
ISR_000511,400002,ISR,"""ממ""""ד חמד""",,1,חמד,public,Israel,,,,,30,urban,32.0194070550956,34.8409509790763,official_emis,exact,open
ISR_000512,415455,ISR,"""ממ""""ד טללי אורות""",,1,חמד,public,Israel,,,,,11,rural,32.48241434018,35.1569553534768,official_emis,exact,open
ISR_000513,412254,ISR,"""ממ""""ד יבנה""",,1,חמד,public,Israel,,,,,30,urban,32.182467921531,34.8665379262765,official_emis,exact,open
ISR_000514,411447,ISR,"""ממ""""ד יבנה""",,1,חמד,public,Israel,,,,,,,,,official_emis,unknown,open
ISR_000515,410332,ISR,"""ממ""""ד יובלים""",,1,חמד,public,Israel,,,,,23,urban,32.1325096480547,35.0020153762054,official_emis,exact,open
ISR_000516,413997,ISR,"""ממ""""ד יחידני""",,1,חמד,public,Israel,,,,,23,urban,31.8744577990191,34.7434060504521,official_emis,exact,open
ISR_000517,410662,ISR,"""ממ""""ד יסודות""",,1|2,חמד,public,Israel,,,,,13,rural,31.8187326723029,34.8597263898845,official_emis,exact,open
ISR_000518,413690,ISR,"""ממ""""ד יסודי אלקנה""",,1,חמד,public,Israel,,,,,21,peri_urban,32.108461734889,35.0347016088607,official_emis,exact,open
ISR_000519,414623,ISR,"""ממ""""ד יקיר""",,1,חמד,public,Israel,,,,,13,rural,32.1476541168162,35.1139996801723,official_emis,exact,open
ISR_000520,412874,ISR,"""ממ""""ד ישורון""",,1,חמד,public,Israel,,,,,30,urban,32.334772775565,34.8550543179565,official_emis,exact,open
ISR_000521,411934,ISR,"""ממ""""ד ישורון""",,1,חמד,public,Israel,,,,,30,urban,31.9513271172148,34.815781629393,official_emis,exact,open
ISR_000522,411710,ISR,"""ממ""""ד כפר גנים""",,1,חמד,public,Israel,,,,,30,urban,32.0763435194792,34.8761223055647,official_emis,exact,open
ISR_000523,412882,ISR,"""ממ""""ד לבנות -יסודי""",,1|2,חמד,public,Israel,,,,,21,peri_urban,31.987014026812,34.8504642528849,official_emis,exact,open
ISR_000524,415976,ISR,"""ממ""""ד לבנות שלהבת""",,1,חמד,public,Israel,,,,,30,urban,31.8672938170741,34.9845587459162,official_emis,exact,open
ISR_000525,410746,ISR,"""ממ""""ד לבנים - יסודי""",,1|2,חמד,public,Israel,,,,,21,peri_urban,31.9881462519777,34.8522481366768,official_emis,exact,open
ISR_000526,412940,ISR,"""ממ""""ד לבנים שלהבת""",,1,חמד,public,Israel,,,,,30,urban,31.8682754897,34.9837955477218,official_emis,exact,open
ISR_000527,520098,ISR,"""ממ""""ד לבנים""",,2|3,חמד,public,Israel,,,,,30,urban,32.1735108092,34.8556820985575,official_emis,exact,open
ISR_000528,412288,ISR,"""ממ""""ד לפידים""",,1,חמד,public,Israel,,,,,22,urban,32.1740305342125,35.0904884520962,official_emis,exact,open
ISR_000529,410092,ISR,"""ממ""""ד מודיעים""",,1,חמד,public,Israel,,,,,21,peri_urban,32.0487667173884,34.9130996870157,official_emis,exact,open
ISR_000530,415117,ISR,"""ממ""""ד מורשת זבולון""",,1,חמד,public,Israel,,,,,30,urban,32.0767671613896,34.8525336099523,official_emis,exact,open
ISR_000531,413740,ISR,"""ממ""""ד מורשת מנחם""",,1,חמד,public,Israel,,,,,30,urban,32.0836614201176,34.8477089003382,official_emis,exact,open
ISR_000532,214577,ISR,"""ממ""""ד מורשת""",,1,חמד,public,Israel,,,,,12,rural,32.8264716827953,35.2329077981687,official_emis,exact,open
ISR_000533,414680,ISR,"""ממ""""ד מעלה שמעוני""",,1,חמד,public,Israel,,,,,30,urban,31.9560771406208,34.8149577292472,official_emis,exact,open
ISR_000534,414250,ISR,"""ממ""""ד מעלות משולם""",,1,חמד,public,Israel,,,,,30,urban,31.8892407124119,34.8229448369366,official_emis,exact,open
ISR_000535,413849,ISR,"""ממ""""ד משואה""",,1,חמד,public,Israel,,,,,22,urban,32.1723958320216,35.0980077219702,official_emis,exact,open
ISR_000536,411041,ISR,"""ממ""""ד נועם המאירי""",,1,חמד,public,Israel,,,,,23,urban,31.9423871675218,34.8859593683755,official_emis,exact,open
ISR_000537,214411,ISR,"""ממ""""ד נועם טבריה""",,1,חמד,public,Israel,,,,,23,urban,32.7770832084591,35.5074620246144,official_emis,exact,open
ISR_000538,415372,ISR,"""ממ""""ד נועם""",,1|2,חמד,public,Israel,,,,,30,urban,32.3454499577241,34.8617586591735,official_emis,exact,open
ISR_000539,214668,ISR,"""ממ""""ד נועם""",,1,חמד,public,Israel,,,,,23,urban,32.9631504575188,35.501774096568,official_emis,exact,open
ISR_000540,415166,ISR,"""ממ""""ד נועם-כפר בתיה""",,1,חמד,public,Israel,,,,,30,urban,32.1894490683059,34.8505523789846,official_emis,exact,open
ISR_000541,411306,ISR,"""ממ""""ד נחלים""",,1,חמד,public,Israel,,,,,21,peri_urban,32.0682043462435,34.9069802988724,official_emis,exact,open
ISR_000542,411736,ISR,"""ממ""""ד נצח ישראל""",,1,חמד,public,Israel,,,,,30,urban,32.0867079893768,34.8842733350915,official_emis,exact,open
ISR_000543,411744,ISR,"""ממ""""ד נר עציון""",,1,חמד,public,Israel,,,,,,,,,official_emis,unknown,open
ISR_000544,410399,ISR,"""ממ""""ד סיני""",,1,חמד,public,Israel,,,,,23,urban,31.7824022154574,34.7058558044473,official_emis,exact,open
ISR_000545,412064,ISR,"""ממ""""ד סיני""",,1,חמד,public,Israel,,,,,30,urban,31.8948952942821,34.7996768633857,official_emis,exact,open
ISR_000546,411942,ISR,"""ממ""""ד סיני""",,1,חמד,public,Israel,,,,,30,urban,31.9579726895104,34.8067942635127,official_emis,exact,open
ISR_000547,411462,ISR,"""ממ""""ד סיני""",,1,חמד,public,Israel,,,,,,,,,official_emis,unknown,open
ISR_000548,414177,ISR,"""ממ""""ד עוזיאל""",,1,חמד,public,Israel,,,,,30,urban,32.3165157597083,34.8531173985407,official_emis,exact,open
ISR_000549,480053,ISR,"""ממ""""ד עלי זהב""",,1,חמד,public,Israel,,,,,21,peri_urban,32.0698098046844,35.0555944392746,official_emis,exact,open
ISR_000550,410977,ISR,"""ממ""""ד עמיח""""י""",,1,חמד,public,Israel,,,,,21,peri_urban,31.8165837896271,34.7204689599481,official_emis,exact,open
ISR_000551,415653,ISR,"""ממ""""ד עמיעד""",,1,חמד,public,Israel,,,,,23,urban,32.0509437328315,34.9481937088977,official_emis,exact,open
ISR_000552,416214,ISR,"""ממ""""ד פדואל""",,1,חמד,public,Israel,,,,,21,peri_urban,32.061201399075,35.0512348288942,official_emis,exact,open
ISR_000553,112573,ISR,"""ממ""""ד פסגת דוד""",,1,חמד,public,Israel,,,,,30,urban,31.8288520362794,35.24478800191,official_emis,exact,open
ISR_000554,413724,ISR,"""ממ""""ד צורים""",,1,חמד,public,Israel,,,,,30,urban,32.0972264439326,34.9584677138775,official_emis,exact,open
ISR_000555,113753,ISR,"""ממ""""ד צמח השדה""",,1,חמד,public,Israel,,,,,30,urban,31.7675326940331,35.300888507744,official_emis,exact,open
ISR_000556,430330,ISR,"""ממ""""ד רבבה""",,1,חמד,public,Israel,,,,,21,peri_urban,32.1154612096942,35.1296181839602,official_emis,exact,open
ISR_000557,414276,ISR,"""ממ""""ד רמב""""ם""",,1|2,חמד,public,Israel,,,,,23,urban,31.9459146976059,34.893816064577,official_emis,exact,open
ISR_000558,411868,ISR,"""ממ""""ד רמב""""ם""",,1,חמד,public,Israel,,,,,30,urban,32.0896949094739,34.9485940481146,official_emis,exact,open
ISR_000559,410068,ISR,"""ממ""""ד רמב""""ם""",,1,חמד,public,Israel,,,,,21,peri_urban,32.4068826895341,34.9220424156542,official_emis,exact,open
ISR_000560,410175,ISR,"""ממ""""ד רמב""""ם""",,1,חמד,public,Israel,,,,,30,urban,32.0001248149386,34.831068837095,official_emis,exact,open
ISR_000561,414037,ISR,"""ממ""""ד רעות""",,1,חמד,public,Israel,,,,,30,urban,31.9254368873663,34.7987500582001,official_emis,exact,open
ISR_000562,411439,ISR,"""ממ""""ד רש""""י""",,1,חמד,public,Israel,,,,,30,urban,32.2829495061692,34.8457843033864,official_emis,exact,open
ISR_000563,410126,ISR,"""ממ""""ד רשב""""י""",,1|2,חמד,public,Israel,,,,,,,,,official_emis,unknown,open
ISR_000564,232900,ISR,"""ממ""""ד שבטי ישראל""",,1,חמד,public,Israel,,,,,30,urban,31.8836905850516,35.0074764289925,official_emis,exact,open
ISR_000565,411488,ISR,"""ממ""""ד שח""""ל""",,1,חמד,public,Israel,,,,,,,,,official_emis,unknown,open
ISR_000566,411082,ISR,"""ממ""""ד שילה""",,1,חמד,public,Israel,,,,,30,urban,32.1601160188014,34.9035652900217,official_emis,exact,open
ISR_000567,414490,ISR,"""ממ""""ד שילה""",,1,חמד,public,Israel,,,,,30,urban,32.1728010001804,34.8984979629491,official_emis,exact,open
ISR_000568,410837,ISR,"""ממ""""ד שכטרמן""",,1,חמד,public,Israel,,,,,21,peri_urban,32.2678558483077,34.964556989466,official_emis,exact,open
ISR_000569,430322,ISR,"""ממ""""ד שערי תקווה""",,1,חמד,public,Israel,,,,,23,urban,32.1187852701993,35.0266504476993,official_emis,exact,open
ISR_000570,613489,ISR,"""ממ""""ד תורני למדעים""",,1|2,חמד,public,Israel,,,,,30,urban,31.6696103471381,34.5754714262327,official_emis,exact,open
ISR_000571,417220,ISR,"""ממ""""ד תורני נווה אברה",,1,חמד,public,Israel,,,,,30,urban,32.0951701985179,34.8785232776822,official_emis,exact,open
ISR_000572,411496,ISR,"""ממ""""ד תחכמוני""",,1,חמד,public,Israel,,,,,30,urban,32.3200592827508,34.8562259007774,official_emis,exact,open
ISR_000573,412080,ISR,"""ממ""""ד תחכמוני""",,1,חמד,public,Israel,,,,,30,urban,31.900262846383,34.8176032152668,official_emis,exact,open
ISR_000574,410845,ISR,"""ממ' אהרונוביץ""",,1,ממ,public,Israel,,,,,12,rural,32.1332045268267,34.9103304204904,official_emis,exact,open
ISR_000575,411793,ISR,"""ממ' בכר רוסו""",,1,ממ,public,Israel,,,,,21,peri_urban,32.2986826861595,34.9189703890461,official_emis,exact,open
ISR_000576,410183,ISR,"""ממ' גן רווה""",,1|2,ממ,public,Israel,,,,,21,peri_urban,31.9161319320865,34.769313473751,official_emis,exact,open
ISR_000577,414565,ISR,"""ממ' גנים""",,1,ממ,public,Israel,,,,,30,urban,32.0572945249314,34.8749620209474,official_emis,exact,open
ISR_000578,415984,ISR,"""ממ' המר -גני אביב ב""",,1|2,ממ,public,Israel,,,,,23,urban,31.9583947303635,34.8825192092732,official_emis,exact,open
ISR_000579,411116,ISR,"""ממ' הרצוג""",,1,ממ,public,Israel,,,,,30,urban,31.8551556194582,34.8396211087342,official_emis,exact,open
ISR_000580,411546,ISR,"""ממ' מעבר אפק""",,1,ממ,public,Israel,,,,,21,peri_urban,32.0847739242524,34.936871365298,official_emis,exact,open
ISR_000581,410340,ISR,"""ממ' פינס""",,1,ממ,public,Israel,,,,,23,urban,31.8111057545815,34.7719716591237,official_emis,exact,open
ISR_000582,414318,ISR,"""ממ' צופה שרון""",,1,ממ,public,Israel,,,,,21,peri_urban,32.1714377339915,35.0121606624775,official_emis,exact,open
ISR_000583,410407,ISR,"""ממ' רביבים""",,1,ממ,public,Israel,,,,,30,urban,32.0579672169195,34.8667211368767,official_emis,exact,open
ISR_000584,414540,ISR,"""ממ' רימון - ג.שומרון""",,1,ממ,public,Israel,,,,,22,urban,32.1696249991791,35.0852776271713,official_emis,exact,open
ISR_000585,411181,ISR,"""ממל' אורנים""",,1,ממ,public,Israel,,,,,30,urban,32.0282975933951,34.8734250830358,official_emis,exact,open
ISR_000586,414581,ISR,"""ממל' מילקין""",,1,ממ,public,Israel,,,,,23,urban,32.1059317705904,35.1847618505045,official_emis,exact,open
ISR_000587,413377,ISR,"""ממל' נחשונים""",,1,ממ,public,Israel,,,,,21,peri_urban,32.0995575622149,35.2020423155748,official_emis,exact,open
ISR_000588,414193,ISR,"""ממל' עומר""",,1|2,ממ,public,Israel,,,,,12,rural,32.4793853112439,35.159222932019,official_emis,exact,open
ISR_000589,414417,ISR,"""ממל' עליזה בגין""",,1,ממ,public,Israel,,,,,23,urban,32.1062551702863,35.1779386369544,official_emis,exact,open
ISR_000590,219303,ISR,"""ממלכתי א' גוליס""",,1,ממ,public,Israel,,,,,30,urban,32.939004539605,35.1885886468458,official_emis,exact,open
ISR_000591,418244,ISR,"""ממלכתי א'""",,1,ממ,public,Israel,,,,,23,urban,32.1551704791545,34.9558210333696,official_emis,exact,open
ISR_000592,112276,ISR,"""ממלכתי א'""",,1,ממ,public,Israel,,,,,,,,,official_emis,unknown,open
ISR_000593,218131,ISR,"""ממלכתי ב' גוליס""",,1,ממ,public,Israel,,,,,30,urban,32.9441790027708,35.1811127943964,official_emis,exact,open
ISR_000594,218180,ISR,"""ממלכתי ב' דיר חנא""",,1,ממ,public,Israel,,,,,21,peri_urban,32.8615265643415,35.3597891485918,official_emis,exact,open
ISR_000595,113241,ISR,"""ממלכתי ב' יע""""ד""",,1,ממ,public,Israel,,,,,,,,,official_emis,unknown,open
ISR_000596,418335,ISR,"""ממלכתי ב'""",,1,ממ,public,Israel,,,,,23,urban,32.1519013957693,34.9534872709204,official_emis,exact,open
ISR_000597,410209,ISR,"""ממלכתי בי""""ס אזורי""",,1,ממ,public,Israel,,,,,21,peri_urban,32.3317832702084,34.8946823444907,official_emis,exact,open
ISR_000598,113258,ISR,"""ממלכתי ג'""",,1,ממ,public,Israel,,,,,30,urban,31.7756479422233,35.3026810668135,official_emis,exact,open
ISR_000599,413146,ISR,"""ממלכתי תפו""""ז""",,1,ממ,public,Israel,,,,,23,urban,32.3074261635785,34.9134214887557,official_emis,exact,open
ISR_000600,771287,ISR,"""מנו""""ף""",,2|3,ממ,public,Israel,,,,,23,urban,32.9371922498201,35.0872416987602,official_emis,exact,open
ISR_000601,238055,ISR,"""מפתן מג'אר""",,2|3,ממ,public,Israel,,,,,23,urban,32.881645388767,35.4192822462576,official_emis,exact,open
ISR_000602,338657,ISR,"""מקיף """"בית אלחכמה """"""",,2|3,ממ,public,Israel,,,,,30,urban,32.6829816580637,35.2937878302088,official_emis,exact,open
ISR_000603,183236,ISR,"""מקיף א' ראס אלעאמוד""",,2|3,ממ,public,Israel,,,,,,,,,official_emis,unknown,open
ISR_000604,648113,ISR,"""מקיף א'לנור""",,2|3,ממ,public,Israel,,,,,23,urban,31.3893992732105,34.7622779466995,official_emis,exact,open
ISR_000605,247130,ISR,"""מקיף א'עש שיךס.כניפס""",,2|3,ממ,public,Israel,,,,,30,urban,32.8173697934161,35.1626829311293,official_emis,exact,open
ISR_000606,148080,ISR,"""מקיף אבו גוש""""""",,2|3,ממ,public,Israel,,,,,30,urban,31.8107477904477,35.1064934834037,official_emis,exact,open
ISR_000607,248575,ISR,"""מקיף אבן ח'לדון""",,2|3,ממ,public,Israel,,,,,23,urban,32.8563329034236,35.3444390619329,official_emis,exact,open
ISR_000608,770776,ISR,"""מקיף אורט ע""""ש אברט""",,2|3,ממ,public,Israel,,,,,23,urban,32.9767921626446,35.5377209496126,official_emis,exact,open
ISR_000609,471011,ISR,"""מקיף אורט ע""""ש גוטמן""",,2|3,ממ,public,Israel,,,,,30,urban,32.2832172316548,34.8511864775137,official_emis,exact,open
ISR_000610,477166,ISR,"""מקיף אלמג'ד ע""""ש השיח",,2|3,ממ,public,Israel,,,,,23,urban,31.1985124276568,34.8370238909517,official_emis,exact,open
ISR_000611,440040,ISR,"""מקיף אמי""""ת""",,2|3,חמד,public,Israel,,,,,30,urban,31.8884725862948,34.8224195128683,official_emis,exact,open
ISR_000612,248104,ISR,"""מקיף ב'""",,2|3,ממ,public,Israel,,,,,23,urban,32.8959227567715,35.4171149830742,official_emis,exact,open
ISR_000613,248229,ISR,"""מקיף בוסתן אל מרג'""",,2|3,ממ,public,Israel,,,,,21,peri_urban,32.6363952775116,35.3465787605487,official_emis,exact,open
ISR_000614,249235,ISR,"""מקיף בועינה נג'ידאת""",,2|3,ממ,public,Israel,,,,,23,urban,32.8070237533171,35.3702968437566,official_emis,exact,open
ISR_000615,248179,ISR,"""מקיף בית ג'ן חט""""ב המ",,2|3,ממ,public,Israel,,,,,23,urban,32.9660419178845,35.3658119322517,official_emis,exact,open
ISR_000616,670208,ISR,"""מקיף בנ""""ע ימין הרצוג",,2|3,חמד,public,Israel,,,,,23,urban,29.5641614997689,34.9418128474271,official_emis,exact,open
ISR_000617,248344,ISR,"""מקיף ג' א. נמר חוסין""",,2|3,ממ,public,Israel,,,,,30,urban,32.801143705207,35.1794741205957,official_emis,exact,open
ISR_000618,770461,ISR,"""מקיף ג' ע""""ש רוגוזין""",,2|3,ממ,public,Israel,,,,,30,urban,31.796523344921,34.6386231648276,official_emis,exact,open
ISR_000619,771071,ISR,"""מקיף ג' עמית""",,2|3,ממ,public,Israel,,,,,30,urban,31.9700554901331,34.7922064177279,official_emis,exact,open
ISR_000620,247833,ISR,"""מקיף ג'וליס""",,2|3,ממ,public,Israel,,,,,30,urban,32.9409854980744,35.1738956203349,official_emis,exact,open
ISR_000621,640482,ISR,"""מקיף ד'""",,2|3,ממ,public,Israel,,,,,30,urban,31.7971996213956,34.644722321114,official_emis,exact,open
ISR_000622,240036,ISR,"""מקיף דתי אמי""""ת קנדי""",,2|3,חמד,public,Israel,,,,,23,urban,32.9295835364129,35.0888127671324,official_emis,exact,open
ISR_000623,240234,ISR,"""מקיף דתי אמי""""ת""",,2|3,חמד,public,Israel,,,,,23,urban,32.9649290228027,35.5008173962481,official_emis,exact,open
ISR_000624,770552,ISR,"""מקיף דתי אמי""""ת""",,2|3,חמד,public,Israel,,,,,30,urban,31.2660641858805,34.7863317243866,official_emis,exact,open
ISR_000625,770834,ISR,"""מקיף דתי ג'ינוגלי""",,2|3,חמד,public,Israel,,,,,,,,,official_emis,unknown,open
ISR_000626,340042,ISR,"""מקיף דתי ע""""ש לוינסון",,2|3,חמד,public,Israel,,,,,30,urban,32.8463398206972,35.062515047496,official_emis,exact,open
ISR_000627,640136,ISR,"""מקיף דתי ע""""ש רוגוזין",,2|3,חמד,public,Israel,,,,,30,urban,31.8051226295029,34.6583289062324,official_emis,exact,open
ISR_000628,640078,ISR,"""מקיף דתי עירוני ב'""",,2|3,חמד,public,Israel,,,,,30,urban,31.6640218305082,34.5705849701664,official_emis,exact,open
ISR_000629,640672,ISR,"""מקיף ה' כללי""",,2|3,ממ,public,Israel,,,,,30,urban,31.7886306708491,34.6505388140273,official_emis,exact,open
ISR_000630,644195,ISR,"""מקיף ה'""",,2,ממ,public,Israel,,,,,,,,,official_emis,unknown,open
ISR_000631,440982,ISR,"""מקיף ו ע""""ש יגאל אלון",,3,ממ,public,Israel,,,,,30,urban,31.9549821925338,34.8137353684183,official_emis,exact,open
ISR_000632,644310,ISR,"""מקיף ו'""",,2|3,ממ,public,Israel,,,,,30,urban,31.7815196706416,34.6291600052837,official_emis,exact,open
ISR_000633,441147,ISR,"""מקיף ז' רביבים""",,2|3,ממ,public,Israel,,,,,30,urban,31.9667454938289,34.8208579643191,official_emis,exact,open
ISR_000634,644377,ISR,"""מקיף ז'""",,2|3,ממ,public,Israel,,,,,30,urban,31.7894344163838,34.6425624105555,official_emis,exact,open
ISR_000635,644484,ISR,"""מקיף ח'""",,2|3,ממ,public,Israel,,,,,30,urban,31.7757132050111,34.6395205569025,official_emis,exact,open
ISR_000636,644583,ISR,"""מקיף חדש ט'""",,2|3,ממ,public,Israel,,,,,30,urban,31.7792207768091,34.6353502311325,official_emis,exact,open
ISR_000637,344416,ISR,"""מקיף חדש ע""""ש רבין""",,2|3,ממ,public,Israel,,,,,30,urban,32.8463276912275,35.0763375465574,official_emis,exact,open
ISR_000638,441311,ISR,"""מקיף ט'""",,2|3,ממ,public,Israel,,,,,30,urban,31.9676537909824,34.7750159112698,official_emis,exact,open
ISR_000639,420489,ISR,"""מקיף י""""א""",,2|3,ממ,public,Israel,,,,,30,urban,31.9803825246567,34.7657094296903,official_emis,exact,open
ISR_000640,441758,ISR,"""מקיף י' אבני החושן""",,2|3,ממ,public,Israel,,,,,30,urban,31.9832496716822,34.7734302388481,official_emis,exact,open
ISR_000641,644823,ISR,"""מקיף י'""",,2|3,חמד,public,Israel,,,,,30,urban,31.7821236182854,34.6331048009329,official_emis,exact,open
ISR_000642,441576,ISR,"""מקיף מ""""מ קדימה""",,2,ממ,public,Israel,,,,,23,urban,32.2713850843017,34.918503988807,official_emis,exact,open
ISR_000643,444943,ISR,"""מקיף ממ""""ד יגאל אלון""",,2|3,חמד,public,Israel,,,,,30,urban,32.0298819271397,34.8936811196376,official_emis,exact,open
ISR_000644,440073,ISR,"""מקיף ממ""""ד""",,2|3,חמד,public,Israel,,,,,30,urban,31.9558258535328,34.8009118338005,official_emis,exact,open
ISR_000645,441097,ISR,"""מקיף ע""""ש אלדד""",,2|3,ממ,public,Israel,,,,,30,urban,32.2780215178926,34.8538709291656,official_emis,exact,open
ISR_000646,644732,ISR,"""מקיף ע""""ש אריה מאיר""",,2|3,ממ,public,Israel,,,,,23,urban,31.6037905384548,34.7590759982594,official_emis,exact,open
ISR_000647,640318,ISR,"""מקיף ע""""ש גוטוירט""",,2|3,ממ,public,Israel,,,,,23,urban,31.528120510079,34.6018805074915,official_emis,exact,open
ISR_000648,480178,ISR,"""מקיף ע""""ש ז'בוטינסקי""",,2|3,ממ,public,Israel,,,,,30,urban,31.9419218814001,34.8249482644428,official_emis,exact,open
ISR_000649,140723,ISR,"""מקיף ע""""ש זיו""",,2|3,ממ,public,Israel,,,,,30,urban,31.7775150713587,35.1853176177725,official_emis,exact,open
ISR_000650,644062,ISR,"""מקיף ע""""ש זינמן""",,2|3,ממ,public,Israel,,,,,23,urban,31.0657534025997,35.040888620389,official_emis,exact,open
ISR_000651,270140,ISR,"""מקיף ע""""ש יגאל אלון""",,2|3,ממ,public,Israel,,,,,23,urban,32.6539111112516,35.1044222616178,official_emis,exact,open
ISR_000652,541045,ISR,"""מקיף ע""""ש יגאל אלון""",,3,ממ,public,Israel,,,,,30,urban,32.1480153694804,34.8452961323029,official_emis,exact,open
ISR_000653,248013,ISR,"""מקיף ע""""ש יני""",,3,ממ,public,Israel,,,,,30,urban,32.9562114387276,35.1622219196011,official_emis,exact,open
ISR_000654,544528,ISR,"""מקיף ע""""ש יצחק נבון""",,2|3,ממ,public,Israel,,,,,30,urban,31.9972278400275,34.7682112985848,official_emis,exact,open
ISR_000655,648121,ISR,"""מקיף ע""""ש יצחק רבין""",,2|3,ממ,public,Israel,,,,,23,urban,31.2970712001607,34.938544953994,official_emis,exact,open
ISR_000656,644526,ISR,"""מקיף ע""""ש יצחק רבין""",,2|3,ממ,public,Israel,,,,,30,urban,31.2584624782109,34.7651153591682,official_emis,exact,open
ISR_000657,640086,ISR,"""מקיף ע""""ש ליהמן""",,2|3,ממ,public,Israel,,,,,23,urban,31.0692457053033,35.0352767906966,official_emis,exact,open
ISR_000658,470138,ISR,"""מקיף ע""""ש מוסינזון""",,2|3,ממ,public,Israel,,,,,30,urban,32.1556325777242,34.8991489787005,official_emis,exact,open
ISR_000659,644492,ISR,"""מקיף ע""""ש מנחם בגין""",,2|3,ממ,public,Israel,,,,,23,urban,29.5621960135171,34.9378863758823,official_emis,exact,open
ISR_000660,770768,ISR,"""מקיף ע""""ש ספיר""",,2|3,ממ,public,Israel,,,,,21,peri_urban,30.9833978677916,34.9300912726546,official_emis,exact,open
ISR_000661,248534,ISR,"""מקיף ע""""ש עפו פאעור""",,2|3,ממ,public,Israel,,,,,13,rural,32.8912376009258,35.2425791366151,official_emis,exact,open
ISR_000662,800136,ISR,"""מקיף ע""""ש קאסם גאנם""",,2|3,ממ,public,Israel,,,,,23,urban,32.8812460155415,35.4208094019228,official_emis,exact,open
ISR_000663,340117,ISR,"""מקיף ע""""ש רוגוזין""",,3,ממ,public,Israel,,,,,23,urban,32.8111389919381,35.1120945497627,official_emis,exact,open
ISR_000664,370122,ISR,"""מקיף ע""""ש שיפמן""",,2|3,ממ,public,Israel,,,,,30,urban,32.759132252465,34.979511621959,official_emis,exact,open
ISR_000665,640656,ISR,"""מקיף ע""""ש שלאון""",,2|3,ממ,public,Israel,,,,,23,urban,31.6109798573696,34.7726467333978,official_emis,exact,open
ISR_000666,644294,ISR,"""מקיף עירוני א'""",,2|3,ממ,public,Israel,,,,,30,urban,31.6655469312213,34.5707854993206,official_emis,exact,open
ISR_000667,644559,ISR,"""מקיף עירוני ד'""",,2|3,ממ,public,Israel,,,,,30,urban,31.6814170128984,34.5794731734412,official_emis,exact,open
ISR_000668,441287,ISR,"""מקיף עירוני ח'""",,2|3,ממ,public,Israel,,,,,30,urban,31.9803915059841,34.7656988066286,official_emis,exact,open
ISR_000669,670042,ISR,"""מקיף עמל ע""""ש נוימן""",,2|3,ממ,public,Israel,,,,,30,urban,31.271176074892,34.802689760402,official_emis,exact,open
ISR_000670,800144,ISR,"""מקיף עמל תל שבע א'""",,2|3,ממ,public,Israel,,,,,23,urban,31.2480273527911,34.8563792484433,official_emis,exact,open
ISR_000671,370627,ISR,"""מקצועי טכנולוג'אזורי""",,2|3,ממ,public,Israel,,,,,,,,,official_emis,unknown,open
ISR_000672,278184,ISR,"""מרכז חינוך טכנ' נעמת""",,2|3,ממ,public,Israel,,,,,30,urban,32.707065209412,35.2955182618955,official_emis,exact,open
ISR_000673,170407,ISR,"""מרכז נוער טכ' אמי""""ת""",,2|3,ממ,public,Israel,,,,,30,urban,31.7543618575815,35.171685770154,official_emis,exact,open
ISR_000674,431205,ISR,"""מרכז נוער ממ""""ד""",,2|3,חמד,public,Israel,,,,,30,urban,32.311807806193,34.8560981959149,official_emis,exact,open
ISR_000675,533208,ISR,"""מרכז נוער ע""""ש מצקין""",,2|3,ממ,public,Israel,,,,,30,urban,32.0525457781963,34.8099646844694,official_emis,exact,open
ISR_000676,630764,ISR,"""מרכז נוער ע""""ש משה קו",,2|3,ממ,public,Israel,,,,,30,urban,31.8072125427771,34.6641248617627,official_emis,exact,open
ISR_000677,571125,ISR,"""מרכז נער ע""""ש טננבאום",,2|3,ממ,public,Israel,,,,,30,urban,32.1717293043087,34.853875873233,official_emis,exact,open
ISR_000678,415927,ISR,"""נאות אשלים אנתרופול'""",,1,ממ,public,Israel,,,,,30,urban,31.9616430909244,34.7709924511395,official_emis,exact,open
ISR_000679,614545,ISR,"""נווה מנחם ע""""ש מ.בגין",,1,ממ,public,Israel,,,,,30,urban,31.2680899383358,34.7636847475815,official_emis,exact,open
ISR_000680,612473,ISR,"""נוף ים א'""",,1,ממ,public,Israel,,,,,30,urban,31.6860308852604,34.5678198612907,official_emis,exact,open
ISR_000681,613406,ISR,"""נוף ים ב'""",,1,ממ,public,Israel,,,,,30,urban,31.6862108773845,34.5677448060155,official_emis,exact,open
ISR_000682,511188,ISR,"""נופים ע""""ש דוד רמז""",,1,ממ,public,Israel,,,,,30,urban,32.0430758253245,34.7762839951257,official_emis,exact,open
ISR_000683,112193,ISR,"""ניל""""י""",,1|2,ממ,public,Israel,,,,,30,urban,31.9630339971656,35.0469551857554,official_emis,exact,open
ISR_000684,219535,ISR,"""נצרת אלחורש א'""",,1,ממ,public,Israel,,,,,30,urban,32.7015244337674,35.3012075882122,official_emis,exact,open
ISR_000685,142265,ISR,"""סוסיא-ישיבת בני""""ע""",,2|3,חמד,public,Israel,,,,,13,rural,31.3925633782439,35.1116723437586,official_emis,exact,open
ISR_000686,618371,ISR,"""סלאח א'דין""",,1,ממ,public,Israel,,,,,23,urban,31.3919124158649,34.7409652900903,official_emis,exact,open
ISR_000687,417022,ISR,"""סנט ג'וזף""",,1|2,ממ,public,Israel,,,,,23,urban,31.9267263564048,34.8733242950518,official_emis,exact,open
ISR_000688,412817,ISR,"""סנט ג'ורג'""",,2,ממ,public,Israel,,,,,23,urban,31.9525978258215,34.8978023307916,official_emis,exact,open
ISR_000689,448332,ISR,"""סנט ג'ורג'""",,2|3,ממ,public,Israel,,,,,23,urban,31.9525978258215,34.8978023307916,official_emis,exact,open
ISR_000690,361865,ISR,"""ע""""י דאר אלהודא""",,2|3,ממ,public,Israel,,,,,,,,,official_emis,unknown,open
ISR_000691,185165,ISR,"""ע""""ס אלחיה בית חנינה""",,2|3,ממ,public,Israel,,,,,,,,,official_emis,unknown,open
ISR_000692,374199,ISR,"""ע""""ס טכנולוגי""",,2|3,ממ,public,Israel,,,,,23,urban,32.5351874469825,34.9084630721394,official_emis,exact,open
ISR_000693,511519,ISR,"""ע""""ש """"חיים חפר""""""",,1,ממ,public,Israel,,,,,30,urban,32.0985053985457,34.8850373215433,official_emis,exact,open
ISR_000694,416446,ISR,"""ע""""ש אהוד מנור""",,1,ממ,public,Israel,,,,,30,urban,32.1059441865085,34.8775738499873,official_emis,exact,open
ISR_000695,411413,ISR,"""ע""""ש אהרון דוידי""",,1,ממ,public,Israel,,,,,30,urban,32.2888771677605,34.8500604608939,official_emis,exact,open
ISR_000696,131318,ISR,"""ע""""ש אילן רמון""",,1,ממ,public,Israel,,,,,30,urban,31.9089265393762,34.9979076529475,official_emis,exact,open
ISR_000697,211268,ISR,"""ע""""ש הנדיב-מטולה""",,1,ממ,public,Israel,,,,,21,peri_urban,33.2808312819534,35.5775586487246,official_emis,exact,open
ISR_000698,312819,ISR,"""ע""""ש זבולון המר""",,1,ממ,public,Israel,,,,,30,urban,32.7646567023709,34.9729236568096,official_emis,exact,open
ISR_000699,615336,ISR,"""ע""""ש חג' סלמאן אלעתאי",,1,ממ,public,Israel,,,,,23,urban,31.3952712612081,34.7703988851272,official_emis,approximate,open
ISR_000700,218842,ISR,"""ע""""ש חוסיין יאסין ב""",,1,ממ,public,Israel,,,,,23,urban,32.8504459228351,35.3351147069296,official_emis,exact,open
ISR_000701,544700,ISR,"""ע""""ש יאנוש קורצ'אק""",,2,ממ,public,Israel,,,,,,,,,official_emis,unknown,open
ISR_000702,513309,ISR,"""ע""""ש יגאל אלון""",,1,ממ,public,Israel,,,,,30,urban,32.006376971405,34.7490651135076,official_emis,exact,open
ISR_000703,113068,ISR,"""ע""""ש יוני נתניהו""",,1,ממ,public,Israel,,,,,,,,,official_emis,unknown,open
ISR_000704,514935,ISR,"""ע""""ש יעקב כהן""",,1,ממ,public,Israel,,,,,30,urban,32.0660495574422,34.8641815484941,official_emis,exact,open
ISR_000705,144675,ISR,"""ע""""ש יצחק רבין עי""""ס""",,2|3,ממ,public,Israel,,,,,30,urban,31.898471449608,35.0133224535253,official_emis,exact,open
ISR_000706,312728,ISR,"""ע""""ש יצחק רבין""",,1,ממ,public,Israel,,,,,23,urban,32.4653348477269,34.98079823924,official_emis,exact,open
ISR_000707,414201,ISR,"""ע""""ש נעמי שמר""",,1,ממ,public,Israel,,,,,30,urban,32.3400176900241,34.8571160753373,official_emis,exact,open
ISR_000708,513630,ISR,"""ע""""ש נעמי שמר""",,1,ממ,public,Israel,,,,,30,urban,32.1220493928797,34.8165961384697,official_emis,exact,open
ISR_000709,413955,ISR,"""ע""""ש נעמי שמר""",,1,ממ,public,Israel,,,,,30,urban,32.1017987358757,34.8751731066865,official_emis,exact,open
ISR_000710,218172,ISR,"""ע""""ש עבד אלעזיז אמון""",,1,ממ,public,Israel,,,,,23,urban,32.9312887202965,35.2687066019178,official_emis,exact,open
ISR_000711,144741,ISR,"""ע""""ש רא""""ל מרדכי גור""",,2|3,ממ,public,Israel,,,,,30,urban,31.9107092454043,34.9961274987811,official_emis,exact,open
ISR_000712,618579,ISR,"""ע'ש חמיס אלקרנאוי ז'""",,1|2,ממ,public,Israel,,,,,23,urban,31.3880303411684,34.7373888052581,official_emis,exact,open
ISR_000713,318394,ISR,"""עבד אלרחמן אלחא'ג""",,1|2,ממ,public,Israel,,,,,30,urban,32.8002867110729,35.0067397316994,official_emis,exact,open
ISR_000714,410902,ISR,"""עולמאא אלג'ד""",,1|2,ממ,public,Israel,,,,,30,urban,31.8818769982053,35.2131352229863,official_emis,exact,open
ISR_000715,219477,ISR,"""עומר אבן אלח'טאב מכר""",,1,ממ,public,Israel,,,,,23,urban,32.9300732235692,35.1438761261057,official_emis,exact,open
ISR_000716,318519,ISR,"""עומר אבן אלח'טאב""",,1,ממ,public,Israel,,,,,23,urban,32.5346403198264,34.9097103179373,official_emis,exact,open
ISR_000717,247148,ISR,"""עומר בן אלח'טאב ד'""",,2,ממ,public,Israel,,,,,30,urban,32.7160817018191,35.2963807310666,official_emis,exact,open
ISR_000718,618322,ISR,"""עומר בן אלח'טאב""",,1,ממ,public,Israel,,,,,23,urban,31.3960918953995,34.7703740804028,official_emis,exact,open
ISR_000719,238485,ISR,"""עי""""ס אלאימאן בנות""",,2|3,ממ,public,Israel,,,,,30,urban,31.8104753426825,35.2346414278581,official_emis,exact,open
ISR_000720,238519,ISR,"""עי""""ס אלאימאן בנים""",,2|3,ממ,public,Israel,,,,,30,urban,31.829767693881,35.2245175475807,official_emis,approximate,open
ISR_000721,338301,ISR,"""עי""""ס אלחיה סילואן""",,2|3,ממ,public,Israel,,,,,,,,,official_emis,unknown,open
ISR_000722,185157,ISR,"""עי""""ס אלחיה צור באהר""",,2|3,ממ,public,Israel,,,,,30,urban,31.7382831681394,35.2318215372314,official_emis,exact,open
ISR_000723,348342,ISR,"""עי""""ס אלקאסמי""",,2|3,ממ,public,Israel,,,,,23,urban,32.4134036640319,35.0328678472293,official_emis,exact,open
ISR_000724,370494,ISR,"""עי""""ס למדעים מועאוויה",,2|3,ממ,public,Israel,,,,,13,rural,32.5329947058535,35.1115288916241,official_emis,exact,open
ISR_000725,144758,ISR,"""עי""""ס ממ""""ד לבנים פסג",,2|3,חמד,public,Israel,,,,,30,urban,31.8290612392257,35.2387037147297,official_emis,exact,open
ISR_000726,188854,ISR,"""עי""""ס סואחרה אלעבידיה",,2|3,ממ,public,Israel,,,,,,,,,official_emis,unknown,open
ISR_000727,460535,ISR,"""עי""""ס סמהר לבנות""",,2|3,ממ,public,Israel,,,,,,,,,official_emis,unknown,open
ISR_000728,247858,ISR,"""עיוני מג'דל שמס""",,2|3,ממ,public,Israel,,,,,21,peri_urban,33.2644856768225,35.7607137493317,official_emis,exact,open
ISR_000729,218768,ISR,"""עיילוט ב '""",,1,ממ,public,Israel,,,,,23,urban,32.7138928477506,35.2622893959233,official_emis,exact,open
ISR_000730,540351,ISR,"""עירוני א' חשמונאים""",,2|3,ממ,public,Israel,,,,,30,urban,32.0038478580359,34.7529721632371,official_emis,exact,open
ISR_000731,640037,ISR,"""עירוני א' מקיף""",,2|3,ממ,public,Israel,,,,,30,urban,31.2529405817239,34.8001634227078,official_emis,exact,open
ISR_000732,144683,ISR,"""עירוני א'""",,2|3,ממ,public,Israel,,,,,30,urban,31.9076138777091,35.011939752318,official_emis,exact,open
ISR_000733,340174,ISR,"""עירוני א'""",,2|3,ממ,public,Israel,,,,,30,urban,32.8257309607013,34.9841816653093,official_emis,exact,open
ISR_000734,540112,ISR,"""עירוני א'""",,2|3,ממ,public,Israel,,,,,30,urban,32.0711176327034,34.7831538443677,official_emis,exact,open
ISR_000735,340166,ISR,"""עירוני ב' ישיבה""",,2|3,חמד,public,Israel,,,,,30,urban,32.8393872440496,35.0702058616808,official_emis,exact,open
ISR_000736,640193,ISR,"""עירוני ג' מקיף""",,2|3,ממ,public,Israel,,,,,30,urban,31.2561510703078,34.7804751604418,official_emis,exact,open
ISR_000737,340158,ISR,"""עירוני ג'""",,2|3,ממ,public,Israel,,,,,30,urban,32.7836437437652,35.0201303249159,official_emis,exact,open
ISR_000738,140046,ISR,"""עירוני ג'""",,2|3,ממ,public,Israel,,,,,30,urban,31.7645199290814,35.2202706172448,official_emis,exact,open
ISR_000739,440875,ISR,"""עירוני ד' גן נחום""",,2|3,ממ,public,Israel,,,,,30,urban,31.956727980375,34.803859046728,official_emis,exact,open
ISR_000740,540146,ISR,"""עירוני ד'""",,2|3,ממ,public,Israel,,,,,30,urban,32.0923321794879,34.7899526852695,official_emis,exact,open
ISR_000741,440917,ISR,"""עירוני ה' מקיף""",,2|3,ממ,public,Israel,,,,,30,urban,31.9742686392113,34.7844750329541,official_emis,exact,open
ISR_000742,540153,ISR,"""עירוני ה'""",,2|3,ממ,public,Israel,,,,,30,urban,32.0950312545508,34.7745375145618,official_emis,exact,open
ISR_000743,340315,ISR,"""עירוני ה'""",,2|3,ממ,public,Israel,,,,,30,urban,32.800066418078,34.988035121113,official_emis,exact,open
ISR_000744,540161,ISR,"""עירוני ו' מקיף""",,2|3,ממ,public,Israel,,,,,30,urban,32.0554512080436,34.7717790008654,official_emis,exact,open
ISR_000745,770826,ISR,"""עירוני ו' מקיף""",,2|3,ממ,public,Israel,,,,,30,urban,31.2481894861519,34.7730257985418,official_emis,exact,open
ISR_000746,644328,ISR,"""עירוני ח' מקיף""",,3,ממ,public,Israel,,,,,,,,,official_emis,unknown,open
ISR_000747,540195,ISR,"""עירוני ט'""",,2|3,ממ,public,Israel,,,,,30,urban,32.0574173665747,34.801959521315,official_emis,exact,open
ISR_000748,540088,ISR,"""עירוני י' אליאנס""",,2|3,ממ,public,Israel,,,,,30,urban,32.1068119548571,34.7945808107135,official_emis,exact,open
ISR_000749,540518,ISR,"""עירוני יא'""",,2|3,ממ,public,Israel,,,,,30,urban,32.0928450849751,34.7868677264211,official_emis,exact,open
ISR_000750,150011,ISR,"""עירוני יב' ערב""",,3,ממ,public,Israel,,,,,,,,,official_emis,unknown,open
ISR_000751,548016,ISR,"""עירוני יב'""",,2|3,ממ,public,Israel,,,,,30,urban,32.0401508839742,34.7469922847664,official_emis,exact,open
ISR_000752,770297,ISR,"""עירוני יד'""",,2|3,ממ,public,Israel,,,,,30,urban,32.1121187523653,34.8279011741853,official_emis,exact,open
ISR_000753,520007,ISR,"""עירוני מ""""ב""",,2,ממ,public,Israel,,,,,,,,,official_emis,unknown,open
ISR_000754,540211,ISR,"""עירוני ע""""ש בליך""",,2|3,ממ,public,Israel,,,,,30,urban,32.0560761906362,34.8172347996192,official_emis,exact,open
ISR_000755,490052,ISR,"""עירוני ע""""ש בן גוריון",,3,ממ,public,Israel,,,,,30,urban,32.080084122626,34.8685357621887,official_emis,exact,open
ISR_000756,770586,ISR,"""עירוני ע""""ש שזר""",,2|3,ממ,public,Israel,,,,,30,urban,32.0124489765311,34.7549303693749,official_emis,exact,open
ISR_000757,540120,ISR,"""עירוני תורני ב' ג'""",,2|3,חמד,public,Israel,,,,,30,urban,32.0788307665137,34.7839975725247,official_emis,exact,open
ISR_000758,499624,ISR,"""עכו מח""""ט )מרכז חינוך",,2|3,ממ,public,Israel,,,,,23,urban,32.9263356835614,35.0690696401228,official_emis,exact,open
ISR_000759,511931,ISR,"""עמיאל רמב""""ם מד""",,1,חמד,public,Israel,,,,,30,urban,32.0463884518139,34.7935480517265,official_emis,exact,open
ISR_000760,470047,ISR,"""עמל ע""""ש יגאל אלון""",,2|3,ממ,public,Israel,,,,,23,urban,31.9289206147515,34.8574970138108,official_emis,exact,open
ISR_000761,448027,ISR,"""עתיד ע""""ש איברהים קאס",,3,ממ,public,Israel,,,,,30,urban,32.2365369270365,34.9551009606014,official_emis,exact,open
ISR_000762,544593,ISR,"""עתידים ע""""ש מ. אלישיב",,2|3,ממ,public,Israel,,,,,30,urban,32.0177618251033,34.7681986975434,official_emis,exact,open
ISR_000763,411652,ISR,"""פיק""""א""",,1,ממ,public,Israel,,,,,30,urban,32.0871449221771,34.8787954035139,official_emis,exact,open
ISR_000764,442079,ISR,"""פלך ע""""ש רות קורמן""",,2|3,חמד,public,Israel,,,,,30,urban,31.8611930225188,34.8226166111297,official_emis,exact,open
ISR_000765,113472,ISR,"""פסגת זאב מזרח ב' ממ'""",,1,ממ,public,Israel,,,,,30,urban,31.8197406231285,35.2529274218467,official_emis,exact,open
ISR_000766,613000,ISR,"""צמח א'""",,1,ממ,public,Israel,,,,,30,urban,31.7886029276818,34.6503806044761,official_emis,exact,open
ISR_000767,640029,ISR,"""ק. ח. ע""""ש זאב בוים""",,2|3,ממ,public,Israel,,,,,23,urban,31.6147276138807,34.763566114055,official_emis,exact,open
ISR_000768,219428,ISR,"""קהילתי מ""""מ ג' יפיע""",,1,ממ,public,Israel,,,,,30,urban,32.6784946545605,35.2739201270818,official_emis,exact,open
ISR_000769,267468,ISR,"""קס""""ם-קהילה סביבה מקו",,1,ממ,public,Israel,,,,,30,urban,31.8063040086387,35.0878271080085,official_emis,exact,open
ISR_000770,355552,ISR,"""קציר מ""""מ""",,1,ממ,public,Israel,,,,,30,urban,31.9130716588754,35.0130913833298,official_emis,exact,open
ISR_000771,770784,ISR,"""קרית החינוך אמי""""ת""",,2|3,חמד,public,Israel,,,,,23,urban,32.9792739791943,35.5402549737587,official_emis,exact,open
ISR_000772,444836,ISR,"""קרית חינוך ע""""ש רבין""",,2|3,ממ,public,Israel,,,,,23,urban,31.792233916691,34.7203319280526,official_emis,exact,open
ISR_000773,414888,ISR,"""קרית רבין ממ' חדש""",,1,ממ,public,Israel,,,,,30,urban,32.3061789246181,34.8825587220574,official_emis,exact,open
ISR_000774,440784,ISR,"""ראס אלעמוד ע""""ס לבנות",,2|3,ממ,public,Israel,,,,,30,urban,31.7720528623924,35.2481837382151,official_emis,approximate,open
ISR_000775,613497,ISR,"""רמב""""ם""",,1,חמד,public,Israel,,,,,23,urban,31.6139935728645,34.7599442781589,official_emis,exact,open
ISR_000776,610378,ISR,"""רמב""""ם""",,1,חמד,public,Israel,,,,,30,urban,31.2518292599198,34.7799695663295,official_emis,exact,open
ISR_000777,610204,ISR,"""רמב""""ם""",,1,חמד,public,Israel,,,,,30,urban,31.6562148863014,34.5821828573917,official_emis,exact,open
ISR_000778,112219,ISR,"""רמות ממ""""ד ב'""",,1,חמד,public,Israel,,,,,30,urban,31.8184051674246,35.1892065194554,official_emis,exact,open
ISR_000779,510842,ISR,"""רמת חן ע""""ש א.רמון""",,1|2,ממ,public,Israel,,,,,30,urban,32.054359233487,34.8160772583092,official_emis,exact,open
ISR_000780,613182,ISR,"""רשב""""י""",,1,חמד,public,Israel,,,,,23,urban,31.6121591507173,34.7746857487815,official_emis,exact,open
ISR_000781,367730,ISR,"""שבילים ע""""ש בגין""",,1|2,ממ,public,Israel,,,,,23,urban,32.4769280130952,34.9643443345482,official_emis,exact,open
ISR_000782,148254,ISR,"""שועפט בנות ב'""",,1,ממ,public,Israel,,,,,30,urban,31.8100969862562,35.2328248134203,official_emis,exact,open
ISR_000783,148270,ISR,"""שועפט בנים ג'""",,1,ממ,public,Israel,,,,,30,urban,31.8100969862562,35.2328248134203,official_emis,exact,open
ISR_000784,612556,ISR,"""שז""""ר""",,1,ממ,public,Israel,,,,,30,urban,31.7991611681845,34.6478255576768,official_emis,exact,open
ISR_000785,338616,ISR,"""שש שנתי אמי""""ת בנות""",,2|3,חמד,public,Israel,,,,,30,urban,31.7764314986651,35.3040332114058,official_emis,exact,open
ISR_000786,160549,ISR,"""שש שנתי אמי""""ת בנים""",,2|3,חמד,public,Israel,,,,,30,urban,31.7764314986651,35.3040332114058,official_emis,exact,open
ISR_000787,800110,ISR,"""שש שנתי ע""""ש קופטאן""",,2,ממ,public,Israel,,,,,23,urban,32.6882805058699,35.054992357785,official_emis,exact,open
ISR_000788,612416,ISR,"""ת""""ת אור מנחם""",,1|2,חמד,public,Israel,,,,,30,urban,31.6507521267646,34.5590570611915,official_emis,exact,open
ISR_000789,462267,ISR,"""ת""""ת ארץ המוריה""",,1|2,חמד,public,Israel,,,,,30,urban,31.7224296875411,35.2261404262642,official_emis,exact,open
ISR_000790,370536,ISR,"""ת""""ת ארץ המוריה""",,1|2,חמד,public,Israel,,,,,30,urban,31.721618061747,35.2258870149569,official_emis,exact,open
ISR_000791,511543,ISR,"""ת""""ת ברקאי""",,1|2,חמד,public,Israel,,,,,30,urban,32.3382500510625,34.8537875825829,official_emis,exact,open
ISR_000792,113175,ISR,"""ת""""ת חברון""",,1|2,חמד,public,Israel,,,,,30,urban,31.529338059564,35.1159280024027,official_emis,exact,open
ISR_000793,111864,ISR,"""ת""""ת מורשה""",,1|2,חמד,public,Israel,,,,,30,urban,31.7887706974564,35.1898026855675,official_emis,exact,open
ISR_000794,415349,ISR,"""ת""""ת צמח צדק""",,1|2,חמד,public,Israel,,,,,30,urban,32.0855970765626,34.901924300183,official_emis,exact,open
ISR_000795,373092,ISR,"""ת""""ת תורת חסד""",,2|3,חמד,public,Israel,,,,,,,,,official_emis,unknown,open
ISR_000796,470211,ISR,"""תו""""ם חרב לאת""",,2|3,חמד,public,Israel,,,,,12,rural,32.4052743814844,34.9166475508446,official_emis,exact,open
ISR_000797,570663,ISR,"""תורה ומלאכה ע""""ש פנקס",,2|3,חמד,public,Israel,,,,,,,,,official_emis,unknown,open
ISR_000798,440149,ISR,"""תורני ואולפ' בר אילן""",,2|3,חמד,public,Israel,,,,,30,urban,32.3258633909368,34.8649654782265,official_emis,exact,open
ISR_000799,614883,ISR,"""תורני חדש ממ""""ד""",,1,חמד,public,Israel,,,,,23,urban,31.5203585342758,34.5892546301189,official_emis,exact,open
ISR_000800,140186,ISR,"""תורני ע""""ש פ. הימלפרב",,2|3,חמד,public,Israel,,,,,30,urban,31.7666469671158,35.1803268459158,official_emis,exact,open
ISR_000801,278283,ISR,"""תיכון אלביאן סח'נין""",,2|3,ממ,public,Israel,,,,,23,urban,32.863150013837,35.2817026425689,official_emis,exact,open
ISR_000802,542076,ISR,"""תיכון ז'קלין כהנוב""",,2|3,ממ,public,Israel,,,,,30,urban,32.0308307372018,34.7558039240181,official_emis,exact,open
ISR_000803,348250,ISR,"""תיכון ח'דיג'ה""",,2|3,ממ,public,Israel,,,,,30,urban,32.5205423205613,35.1416515374418,official_emis,exact,open
ISR_000804,540070,ISR,"""תיכון חדש ע""""ש רבין""",,2|3,ממ,public,Israel,,,,,30,urban,32.0896938201709,34.7939157548459,official_emis,exact,open
ISR_000805,644344,ISR,"""תיכון חדש ע""""ש רבין""",,2|3,ממ,public,Israel,,,,,23,urban,31.6150171336513,34.7535002279864,official_emis,exact,open
ISR_000806,288019,ISR,"""תיכון חק' טכ' ראמה""",,2|3,ממ,public,Israel,,,,,23,urban,32.9348988398335,35.3720319430885,official_emis,exact,open
ISR_000807,641035,ISR,"""תיכון טומשין ב""""ש""",,3,ממ,public,Israel,,,,,,,,,official_emis,unknown,open
ISR_000808,441477,ISR,"""תיכון טומשין ראשל""""צ""",,3,ממ,public,Israel,,,,,12,rural,31.9556737418194,34.7984585178198,official_emis,exact,open
ISR_000809,348011,ISR,"""תיכון טכנולוגי אלנג'א",,3,ממ,public,Israel,,,,,23,urban,32.4071213753299,35.0490265982049,official_emis,exact,open
ISR_000810,247296,ISR,"""תיכון ינוח ג'ת""",,3,ממ,public,Israel,,,,,21,peri_urban,32.9830383482479,35.2401792385544,official_emis,exact,open
ISR_000811,340349,ISR,"""תיכון מקיף ע""""ש רודמן",,2|3,ממ,public,Israel,,,,,30,urban,32.8449683029777,35.0616840500566,official_emis,exact,open
ISR_000812,247411,ISR,"""תיכון סנט טרקמנצ'ץ""",,2|3,ממ,public,Israel,,,,,30,urban,31.7739160294582,35.2277675981282,official_emis,exact,open
ISR_000813,440024,ISR,"""תיכון ע""""ש אוסטרובסקי",,3,ממ,public,Israel,,,,,30,urban,32.1773525841818,34.8725051550215,official_emis,exact,open
ISR_000814,441410,ISR,"""תיכון ע""""ש אילן רמון""",,3,ממ,public,Israel,,,,,30,urban,32.1609633192844,34.9072199214443,official_emis,exact,open
ISR_000815,140103,ISR,"""תיכון ע""""ש בויאר""",,2|3,ממ,public,Israel,,,,,30,urban,31.7661329578838,35.1805592116748,official_emis,exact,open
ISR_000816,800052,ISR,"""תיכון ע""""ש ג'מאל טרבי",,3,ממ,public,Israel,,,,,23,urban,32.862620767258,35.3142347727517,official_emis,exact,open
ISR_000817,441139,ISR,"""תיכון ע""""ש גולדה מאיר",,2|3,ממ,public,Israel,,,,,30,urban,32.103436431246,34.8772755431785,official_emis,exact,open
ISR_000818,499681,ISR,"""תיכון ע""""ש גולדה""",,3,ממ,public,Israel,,,,,30,urban,31.9333841595612,34.7910694646585,official_emis,exact,open
ISR_000819,441030,ISR,"""תיכון ע""""ש גלילי""",,3,ממ,public,Israel,,,,,30,urban,32.1839415122761,34.9075270083294,official_emis,exact,open
ISR_000820,444117,ISR,"""תיכון ע""""ש חיים הרצוג",,3,ממ,public,Israel,,,,,30,urban,32.1834963023183,34.9099567281974,official_emis,exact,open
ISR_000821,441238,ISR,"""תיכון ע""""ש יצחק רבין""",,3,ממ,public,Israel,,,,,30,urban,32.1834380988734,34.9120776782014,official_emis,exact,open
ISR_000822,442277,ISR,"""תיכון ע""""ש נעמי שמר""",,2|3,ממ,public,Israel,,,,,21,peri_urban,31.7911224187827,34.6988719578856,official_emis,exact,open
ISR_000823,540344,ISR,"""תיכון ע""""ש קלעי""",,2|3,ממ,public,Israel,,,,,30,urban,32.0777548919702,34.8083312598055,official_emis,exact,open
ISR_000824,770453,ISR,"""תיכון ע""""ש קציר""",,2|3,ממ,public,Israel,,,,,30,urban,31.892871476523,34.7956901392832,official_emis,exact,open
ISR_000825,442384,ISR,"""תיכון ע""""ש רועי קליין",,2|3,חמד,public,Israel,,,,,,,,,official_emis,unknown,open
ISR_000826,441253,ISR,"""תיכון ת""""א ראשל""""צ_מע",,3,ממ,public,Israel,,,,,,,,,official_emis,unknown,open
ISR_000827,640946,ISR,"""תיכון ת""""א של' אשקלון",,3,ממ,public,Israel,,,,,,,,,official_emis,unknown,open
ISR_000828,340646,ISR,"""תיכון ת""""א שלוחת חיפה",,3,ממ,public,Israel,,,,,,,,,official_emis,unknown,open
ISR_000829,541730,ISR,"""תיכון ת""""א""",,2|3,ממ,public,Israel,,,,,,,,,official_emis,unknown,open
ISR_000830,441261,ISR,"""תיכון ת""""א_כפר-סבא""",,3,ממ,public,Israel,,,,,,,,,official_emis,unknown,open
ISR_000831,444562,ISR,"""תיכון'מור'מטרו-ווסט""",,3,ממ,public,Israel,,,,,30,urban,32.1899167710784,34.8768710443758,official_emis,exact,open
ISR_000832,515502,ISR,"""תיכונ""""ט ע""""ש אלתרמן""",,2|3,ממ,public,Israel,,,,,30,urban,32.1320995582808,34.7950400410928,official_emis,exact,open
ISR_000833,442020,ISR,"""תכון ת""""א שלוחת נתניה",,3,ממ,public,Israel,,,,,30,urban,32.3307533200973,34.8559194355039,official_emis,exact,open
ISR_000834,442038,ISR,"""תכון ת""""א שלוחת ראשלצ",,3,ממ,public,Israel,,,,,,,,,official_emis,unknown,open
ISR_000835,160499,ISR,"""תל""""י נופי הסלע""",,1,ממ,public,Israel,,,,,30,urban,31.7800163448522,35.3096325627564,official_emis,exact,open
ISR_000836,412445,ISR,"""תל""""י ע""""ש פרנקל""",,1,ממ,public,Israel,,,,,30,urban,32.180474908237,34.8532697738173,official_emis,exact,open
ISR_000837,414375,ISR,"""תל""""י""",,1|2,ממ,public,Israel,,,,,30,urban,32.1566140724181,34.9138488820823,official_emis,exact,open
ISR_000838,111617,ISR,"""תלפיות מזרח ממ""""ד""",,1,חמד,public,Israel,,,,,,,,,official_emis,unknown,open
ISR_000839,213900,ISR,"""תת חב""""ד""",,1|2,חמד,public,Israel,,,,,23,urban,32.6833084247291,35.229855576325,official_emis,exact,open
ISR_000840,511717,ISR,"""תתמ""""ד אזורי גוש עציו",,1|2,חמד,public,Israel,,,,,13,rural,31.6578879396131,35.1001593569343,official_emis,exact,open
ISR_000841,510784,ISR,א. ארנון,,1|2,ממ,public,Israel,,,,,30,urban,32.0600267544402,34.8325199983004,official_emis,exact,open
ISR_000842,511212,ISR,א. ד. גורדון,,1,ממ,public,Israel,,,,,30,urban,32.0917151073804,34.7726039097743,official_emis,exact,open
ISR_000843,510339,ISR,א.ד.גורדון,,1|2,ממ,public,Israel,,,,,30,urban,32.0728315111864,34.8113603297829,official_emis,exact,open
ISR_000844,510255,ISR,א.ד.גורדון,,1,ממ,public,Israel,,,,,30,urban,32.0296648444232,34.7450119184733,official_emis,exact,open
ISR_000845,510503,ISR,א.ד.גורדון,,1,ממ,public,Israel,,,,,30,urban,32.0129146402084,34.7668880741533,official_emis,exact,open
ISR_000846,110619,ISR,א.ד.רוטשילד,,1,חמד,public,Israel,,,,,30,urban,31.7704639910203,35.2092295321229,official_emis,exact,open
ISR_000847,318378,ISR,אבו אלהיגא,,1,ממ,public,Israel,,,,,,,,,official_emis,unknown,open
ISR_000848,218297,ISR,אבו אלרומאן טמרה ב,,1,ממ,public,Israel,,,,,23,urban,32.8496296257882,35.1904740506809,official_emis,exact,open
ISR_000849,118018,ISR,אבו גוש,,1,ממ,public,Israel,,,,,30,urban,31.8107210841486,35.1069476373021,official_emis,exact,open
ISR_000850,338483,ISR,אבו חאמד אלגזאלי,,1|2,ממ,public,Israel,,,,,30,urban,31.734608797276,35.2460240235486,official_emis,exact,open
ISR_000851,618017,ISR,אבו כף,,1|2,ממ,public,Israel,,,,,13,rural,31.2765564691467,34.8847847534355,official_emis,exact,open
ISR_000852,618363,ISR,אבו עוביידה,,1,ממ,public,Israel,,,,,23,urban,31.3985343065522,34.7619617482163,official_emis,exact,open
ISR_000853,618280,ISR,אבו ערר,,1,ממ,public,Israel,,,,,23,urban,31.165266210985,35.0287396480349,official_emis,exact,open
ISR_000854,618033,ISR,אבו קרינאת,,1|2,ממ,public,Israel,,,,,12,rural,31.1222913562134,34.9632622255344,official_emis,exact,open
ISR_000855,660001,ISR,אבו שחאדה,,2|3,ממ,public,Israel,,,,,,,,,official_emis,unknown,open
ISR_000856,618488,ISR,אבו-ואדי,,1,ממ,public,Israel,,,,,22,urban,31.2425251923231,35.0935121038459,official_emis,exact,open
ISR_000857,248559,ISR,אבו-סלים סלמאן אלשיך,,2|3,ממ,public,Israel,,,,,30,urban,32.9623631781233,35.1696847479902,official_emis,exact,open
ISR_000858,514513,ISR,אביב,,1,ממ,public,Israel,,,,,30,urban,32.1169542994225,34.7909540168088,official_emis,exact,open
ISR_000859,510479,ISR,אביב,,1,ממ,public,Israel,,,,,30,urban,32.0466821358434,34.7680933117619,official_emis,exact,open
ISR_000860,413344,ISR,אביבים,,1,ממ,public,Israel,,,,,30,urban,31.9702208082558,34.7848637373107,official_emis,exact,open
ISR_000861,515494,ISR,אביגדור ורשה,,1,ממ,public,Israel,,,,,30,urban,32.0505314191699,34.8549105846936,official_emis,exact,open
ISR_000862,513358,ISR,אביגור,,1|2,ממ,public,Israel,,,,,30,urban,32.0687220388682,34.8270836387553,official_emis,exact,open
ISR_000863,512582,ISR,אביחי,,1,חמד,public,Israel,,,,,30,urban,32.3035644798419,34.8689666111181,official_emis,exact,open
ISR_000864,213132,ISR,אביטל-מרום גולן,,1|2,ממ,public,Israel,,,,,12,rural,33.1306804651064,35.7755568015193,official_emis,exact,open
ISR_000865,612945,ISR,אביר יעקב,,1,חמד,public,Israel,,,,,23,urban,31.3042819223422,34.6248638689665,official_emis,exact,open
ISR_000866,214544,ISR,אביר יעקב,,1,חמד,public,Israel,,,,,21,peri_urban,33.0080560350086,35.1099206628869,official_emis,exact,open
ISR_000867,612549,ISR,אבישור,,1,ממ,public,Israel,,,,,23,urban,31.2551819327657,35.2072719786259,official_emis,exact,open
ISR_000868,110676,ISR,אבן העזר,,1,חמד,public,Israel,,,,,,,,,official_emis,unknown,open
ISR_000869,618553,ISR,אבן חלדון,,1,ממ,public,Israel,,,,,23,urban,31.1600678534965,35.0330284320112,official_emis,approximate,open
ISR_000870,318428,ISR,אבן חלדון,,1,ממ,public,Israel,,,,,30,urban,32.5176997041724,35.1573944251164,official_emis,exact,open
ISR_000871,318592,ISR,אבן חלדון,,1,ממ,public,Israel,,,,,23,urban,32.422332195534,35.0337333726005,official_emis,exact,open
ISR_000872,418236,ISR,אבן חלדון,,1,ממ,public,Israel,,,,,30,urban,32.267480205537,35.0140067540753,official_emis,exact,open
ISR_000873,618447,ISR,אבן סינא,,1,ממ,public,Israel,,,,,23,urban,31.3955676891308,34.7621333778776,official_emis,exact,open
ISR_000874,347112,ISR,אבן סינא,,2|3,ממ,public,Israel,,,,,23,urban,32.4273723073923,35.0399969324908,official_emis,exact,open
ISR_000875,418145,ISR,אבן סינא,,1|2,ממ,public,Israel,,,,,23,urban,31.9223600939891,34.8659277609559,official_emis,exact,open
ISR_000876,318030,ISR,אבן סינא,,1,ממ,public,Israel,,,,,30,urban,32.5192190754086,35.1464631484521,official_emis,exact,open
ISR_000877,219204,ISR,אבן סינא כפר מנדא,,1,ממ,public,Israel,,,,,23,urban,32.8043722050377,35.2572549364927,official_emis,exact,open
ISR_000878,219121,ISR,אבן סינא סכנין,,1,ממ,public,Israel,,,,,23,urban,32.8642354053026,35.2903790980552,official_emis,exact,open
ISR_000879,218834,ISR,אבן סינא עראבה,,1,ממ,public,Israel,,,,,23,urban,32.8490385927537,35.3441071445869,official_emis,exact,open
ISR_000880,218511,ISR,אבן סינא-מכר,,1,ממ,public,Israel,,,,,23,urban,32.9299985554314,35.1388616141016,official_emis,exact,open
ISR_000881,418137,ISR,אבן רושד,,1,ממ,public,Israel,,,,,23,urban,32.2868693110104,34.9765134612075,official_emis,exact,open
ISR_000882,318105,ISR,אבן רושד,,1,ממ,public,Israel,,,,,23,urban,32.3929991447377,35.0413134187899,official_emis,exact,open
ISR_000883,418152,ISR,אבן רושד,,1,ממ,public,Israel,,,,,30,urban,32.2675272148488,35.009357892511,official_emis,exact,open
ISR_000884,418392,ISR,אבן רשד,,1,ממ,public,Israel,,,,,30,urban,32.1188393505457,34.9711041827942,official_emis,exact,open
ISR_000885,191015,ISR,אבני החושן,,1,חמד,public,Israel,,,,,30,urban,31.9130502948653,34.9993997626503,official_emis,exact,open
ISR_000886,218636,ISR,אבראהים טוקאן(אלגרבי,,1,ממ,public,Israel,,,,,30,urban,32.694917950258,35.2839782422921,official_emis,exact,open
ISR_000887,110106,ISR,אגרון גרשון,,1,ממ,public,Israel,,,,,30,urban,31.762227162211,35.1766546614636,official_emis,exact,open
ISR_000888,410431,ISR,אדם וסביבה,,1,ממ,public,Israel,,,,,13,rural,32.230669583946,34.8227661723649,official_emis,exact,open
ISR_000889,160481,ISR,אדם ועולמו,,1|2,ממ,public,Israel,,,,,21,peri_urban,31.8502944790284,35.2733771955975,official_emis,exact,open
ISR_000890,339408,ISR,אדם חברה וטבע,,3,ממ,public,Israel,,,,,23,urban,32.9139996701868,35.302400026151,official_emis,exact,open
ISR_000891,353599,ISR,אהבת ישראל,,2|3,חמד,public,Israel,,,,,30,urban,31.715252856638,34.9955425282571,official_emis,exact,open
ISR_000892,246041,ISR,אהבת ישראל,,1|2,חמד,public,Israel,,,,,30,urban,31.7486477924823,35.2165423610804,official_emis,exact,open
ISR_000893,246033,ISR,אהבת ישראל בנות,,1,חמד,public,Israel,,,,,30,urban,31.7150573803775,34.991860954381,official_emis,exact,open
ISR_000894,194472,ISR,אהבת ישראל בנים,,1,חמד,public,Israel,,,,,30,urban,31.7150573803775,34.991860954381,official_emis,exact,open
ISR_000895,510982,ISR,אהבת ציון,,1,ממ,public,Israel,,,,,30,urban,32.0896550956437,34.7875813695728,official_emis,exact,open
ISR_000896,353615,ISR,אהבת תורה,,1,חמד,public,Israel,,,,,21,peri_urban,31.8507334579304,35.2785758083182,official_emis,exact,open
ISR_000897,312108,ISR,אהוד,,1,ממ,public,Israel,,,,,30,urban,32.7915470481047,34.9890058740101,official_emis,exact,open
ISR_000898,417071,ISR,אהוד מנור,,1,ממ,public,Israel,,,,,21,peri_urban,31.7905147020968,34.7048408690058,official_emis,exact,open
ISR_000899,514059,ISR,אהוד מנור,,1,ממ,public,Israel,,,,,30,urban,32.0274191684389,34.8720203342229,official_emis,exact,open
ISR_000900,112128,ISR,אהל שילה בנות,,1|2,חמד,public,Israel,,,,,13,rural,32.0526126228563,35.296177626934,official_emis,exact,open
ISR_000901,143404,ISR,אהל שילה בנים,,1|2,חמד,public,Israel,,,,,13,rural,32.0526126228563,35.296177626934,official_emis,exact,open
ISR_000902,310797,ISR,אהרון הראה,,1,חמד,public,Israel,,,,,30,urban,32.8327998082376,35.0655591436199,official_emis,exact,open
ISR_000903,611046,ISR,אוהל יוסף יצחק,,1|2,חמד,public,Israel,,,,,23,urban,31.6111243794325,34.7621709634871,official_emis,exact,open
ISR_000904,211946,ISR,אוהל מאיר מד-עפולה,,1,חמד,public,Israel,,,,,23,urban,32.6045609032076,35.2909294799217,official_emis,exact,open
ISR_000905,640508,ISR,אולפנא בני עקיבא,,2|3,חמד,public,Israel,,,,,12,rural,31.2490934481724,35.216436603115,official_emis,exact,open
ISR_000906,540898,ISR,אולפנא בני עקיבא,,2|3,חמד,public,Israel,,,,,30,urban,32.0616679398255,34.7675032779771,official_emis,exact,open
ISR_000907,440883,ISR,אולפנא השומרון,,2|3,חמד,public,Israel,,,,,23,urban,32.1137997190184,35.0342149168115,official_emis,exact,open
ISR_000908,140525,ISR,אולפנא ירושלים,,2|3,חמד,public,Israel,,,,,30,urban,31.7817424576288,35.1737454237916,official_emis,exact,open
ISR_000909,508424,ISR,אולפנא לאמנות,,2|3,חמד,public,Israel,,,,,21,peri_urban,31.8161419329611,34.7252450715166,official_emis,exact,open
ISR_000910,140665,ISR,אולפנא לבנות,,2|3,חמד,public,Israel,,,,,30,urban,31.5266528362436,35.1194366841319,official_emis,exact,open
ISR_000911,410076,ISR,אולפנא לבנות יבנה,,2|3,חמד,public,Israel,,,,,23,urban,31.8714289605882,34.7462533138354,official_emis,exact,open
ISR_000912,440479,ISR,אולפנא לבנות צפירה,,2|3,חמד,public,Israel,,,,,12,rural,32.0032935923035,34.8544126572962,official_emis,exact,open
ISR_000913,770727,ISR,אולפנא נוה רוחמה,,2|3,חמד,public,Israel,,,,,30,urban,31.8168363219148,35.1925337343792,official_emis,exact,open
ISR_000914,186908,ISR,אולפנא נריה,,2|3,חמד,public,Israel,,,,,12,rural,31.9496491142158,35.1360251418775,official_emis,exact,open
ISR_000915,340380,ISR,אולפנא סגולה,,2|3,חמד,public,Israel,,,,,30,urban,32.8379636813257,35.0800024615623,official_emis,exact,open
ISR_000916,140970,ISR,אולפנא עופרה,,3,חמד,public,Israel,,,,,23,urban,31.9568069636191,35.2598641391527,official_emis,exact,open
ISR_000917,140905,ISR,אולפנא עופרה,,2,חמד,public,Israel,,,,,,,,,official_emis,unknown,open
ISR_000918,442392,ISR,אולפנא ראשון לציון,,2|3,חמד,public,Israel,,,,,30,urban,31.9657763226694,34.7798696736317,official_emis,exact,open
ISR_000919,141390,ISR,אולפנא ת. לאומנויות,,2|3,חמד,public,Israel,,,,,30,urban,31.7574053057626,35.2063579072973,official_emis,exact,open
ISR_000920,140012,ISR,אולפנא תורנית חורב,,2|3,חמד,public,Israel,,,,,30,urban,31.7617606270216,35.191939172903,official_emis,exact,open
ISR_000921,440990,ISR,אולפנאת זבולון,,2|3,חמד,public,Israel,,,,,30,urban,32.0954902562554,34.9470100310675,official_emis,exact,open
ISR_000922,841247,ISR,אולפנה יחודית לבנות,,2|3,חמד,public,Israel,,,,,12,rural,32.8310658411651,35.7783091555035,official_emis,exact,open
ISR_000923,444620,ISR,אולפנה לבנות,,2|3,חמד,public,Israel,,,,,30,urban,32.0713037438893,34.8530629008668,official_emis,exact,open
ISR_000924,440388,ISR,אולפנה לבנות אמנה,,2|3,חמד,public,Israel,,,,,30,urban,32.1703449266742,34.9123951793999,official_emis,exact,open
ISR_000925,442897,ISR,אולפנית דרכא,,2|3,חמד,public,Israel,,,,,23,urban,33.2138649204927,35.5753757048066,official_emis,exact,open
ISR_000926,440081,ISR,אולפנית ישורון,,2|3,חמד,public,Israel,,,,,30,urban,32.0749721127081,34.8793575420528,official_emis,exact,open
ISR_000927,240093,ISR,אולפנית לבנות,,2|3,חמד,public,Israel,,,,,23,urban,32.7996852628777,35.5198271249026,official_emis,exact,open
ISR_000928,340125,ISR,אולפנית שחם,,2|3,חמד,public,Israel,,,,,23,urban,32.809998665593,35.1065860697151,official_emis,exact,open
ISR_000929,640532,ISR,אולפנת אבן שמואל,,2|3,חמד,public,Israel,,,,,21,peri_urban,31.5753455539541,34.7615815289536,official_emis,exact,open
ISR_000930,460667,ISR,אולפנת אהבת ישראל,,2|3,חמד,public,Israel,,,,,30,urban,31.715252856638,34.9955425282571,official_emis,exact,open
ISR_000931,342170,ISR,אולפנת אור עקיבא,,2|3,חמד,public,Israel,,,,,23,urban,32.5108465692473,34.9148961956116,official_emis,exact,open
ISR_000932,160580,ISR,אולפנת אורות עציון,,2|3,חמד,public,Israel,,,,,21,peri_urban,31.6668347078345,35.1257098310275,official_emis,exact,open
ISR_000933,560508,ISR,אולפנת אוריה,,2|3,חמד,public,Israel,,,,,21,peri_urban,31.6575147867337,35.1199502942676,official_emis,exact,open
ISR_000934,560516,ISR,אולפנת בני עקיבא תאיר,,2|3,חמד,public,Israel,,,,,,,,,official_emis,unknown,open
ISR_000935,460261,ISR,אולפנת גילה בקצרין,,2|3,חמד,public,Israel,,,,,,,,,official_emis,unknown,open
ISR_000936,160374,ISR,אולפנת דולב,,2|3,חמד,public,Israel,,,,,21,peri_urban,31.9238997588661,35.1318780853508,official_emis,exact,open
ISR_000937,240085,ISR,אולפנת הראל,,2|3,חמד,public,Israel,,,,,30,urban,33.0032159572952,35.0905893915722,official_emis,exact,open
ISR_000938,460154,ISR,אולפנת חפץ חיים,,2|3,חמד,public,Israel,,,,,21,peri_urban,31.7887453682424,34.8009742679511,official_emis,exact,open
ISR_000939,142166,ISR,אולפנת לבונה,,2|3,חמד,public,Israel,,,,,12,rural,32.0532725046755,35.2383738528504,official_emis,exact,open
ISR_000940,440909,ISR,אולפנת להבה,,2|3,חמד,public,Israel,,,,,21,peri_urban,32.2227713386059,35.1623316040563,official_emis,exact,open
ISR_000941,238121,ISR,אולפנת נוגה,,2|3,חמד,public,Israel,,,,,30,urban,31.7095173025423,34.9956819860354,official_emis,exact,open
ISR_000942,640649,ISR,אולפנת נוה דקלים,,2|3,חמד,public,Israel,,,,,13,rural,31.7387153623237,34.6364106160118,official_emis,exact,open
ISR_000943,770222,ISR,אולפנת נווה שרה הרצוג,,2|3,חמד,public,Israel,,,,,30,urban,32.0988785457849,34.8427129507134,official_emis,exact,open
ISR_000944,189001,ISR,אולפנת נחלה דרכא,,2|3,חמד,public,Israel,,,,,23,urban,32.0480930214229,34.9476934215728,official_emis,exact,open
ISR_000945,244228,ISR,אולפנת צביה,,2,חמד,public,Israel,,,,,21,peri_urban,32.602100892194,35.2884130325328,official_emis,exact,open
ISR_000946,644443,ISR,אולפנת צביה אשקלון,,2|3,חמד,public,Israel,,,,,30,urban,31.6571415567798,34.5581483424827,official_emis,exact,open
ISR_000947,540385,ISR,אולפנת צביה בני ברק,,2|3,חמד,public,Israel,,,,,30,urban,32.096545756026,34.8405610250629,official_emis,exact,open
ISR_000948,544668,ISR,אולפנת צביה בת ים,,2|3,חמד,public,Israel,,,,,30,urban,32.0174528614256,34.7597325016009,official_emis,exact,open
ISR_000949,644666,ISR,אולפנת צביה דימונה,,2|3,חמד,public,Israel,,,,,23,urban,31.0659799198723,35.0279899793651,official_emis,exact,open
ISR_000950,544312,ISR,אולפנת צביה הרצליה,,2|3,חמד,public,Israel,,,,,30,urban,32.1640162468605,34.8496329989357,official_emis,exact,open
ISR_000951,340737,ISR,אולפנת צביה חיפה,,2|3,חמד,public,Israel,,,,,30,urban,32.8030664356732,34.9971351463038,official_emis,exact,open
ISR_000952,168419,ISR,אולפנת צביה יצירתית,,2|3,חמד,public,Israel,,,,,30,urban,31.8015489185276,35.2256413895687,official_emis,exact,open
ISR_000953,140491,ISR,אולפנת צביה ירושלים,,2|3,חמד,public,Israel,,,,,30,urban,31.7917023691534,35.2111417713965,official_emis,exact,open
ISR_000954,234021,ISR,אולפנת צביה כוכב יעקב,,2|3,חמד,public,Israel,,,,,21,peri_urban,31.880672721069,35.2406463276685,official_emis,exact,open
ISR_000955,441584,ISR,אולפנת צביה לוד,,2|3,חמד,public,Israel,,,,,23,urban,31.949838445222,34.8978749603303,official_emis,exact,open
ISR_000956,141176,ISR,אולפנת צביה מ. אדומים,,2|3,חמד,public,Israel,,,,,30,urban,31.7760885828442,35.304307329502,official_emis,exact,open
ISR_000957,244111,ISR,אולפנת צביה מעלות,,2|3,חמד,public,Israel,,,,,23,urban,33.0125224839256,35.2813402126736,official_emis,exact,open
ISR_000958,214007,ISR,אולפנת צביה עפולה,,2|3,חמד,public,Israel,,,,,21,peri_urban,32.602100892194,35.2884130325328,official_emis,exact,open
ISR_000959,640383,ISR,אולפנת צביה ק. גת,,2|3,חמד,public,Israel,,,,,23,urban,31.612173160902,34.7761716066894,official_emis,exact,open
ISR_000960,441980,ISR,אולפנת צביה רבבה,,2|3,חמד,public,Israel,,,,,21,peri_urban,32.119886168841,35.1249203143068,official_emis,exact,open
ISR_000961,441014,ISR,אולפנת צביה רחובות,,2|3,חמד,public,Israel,,,,,30,urban,31.8881757285469,34.8137640786846,official_emis,exact,open
ISR_000962,841213,ISR,אולפנת צביה-עזתה,,2|3,חמד,public,Israel,,,,,23,urban,31.4302420649464,34.5925785723916,official_emis,exact,open
ISR_000963,416362,ISR,אולפנת רעות,,2,חמד,public,Israel,,,,,30,urban,32.0999130369966,34.9000231343628,official_emis,exact,open
ISR_000964,144337,ISR,אולפנת רעיה,,2|3,חמד,public,Israel,,,,,30,urban,31.9442729057693,35.2258008914508,official_emis,exact,open
ISR_000965,521476,ISR,אולפנת שירת הים,,2|3,חמד,public,Israel,,,,,13,rural,32.0090934540494,35.1299164859064,official_emis,exact,open
ISR_000966,460428,ISR,אולפנת שעלבים,,2|3,חמד,public,Israel,,,,,30,urban,31.8672044742812,34.985045061755,official_emis,exact,open
ISR_000967,118042,ISR,אום טובא,,1|2,ממ,public,Israel,,,,,30,urban,31.7287687833531,35.231080123533,official_emis,exact,open
ISR_000968,511550,ISR,אום טובה לבנות,,1|2,ממ,public,Israel,,,,,30,urban,31.7291924754924,35.2319243893176,official_emis,exact,open
ISR_000969,613448,ISR,אומנויות,,1,ממ,public,Israel,,,,,30,urban,31.6620480899827,34.5874054000965,official_emis,exact,open
ISR_000970,644831,ISR,אומנויות,,2|3,ממ,public,Israel,,,,,30,urban,31.6620480899827,34.5874054000965,official_emis,exact,open
ISR_000971,410852,ISR,אוסישקין,,1,ממ,public,Israel,,,,,30,urban,32.169952856053,34.9066818181238,official_emis,exact,open
ISR_000972,510925,ISR,אוסישקין,,1,ממ,public,Israel,,,,,30,urban,32.1442046883948,34.8434880047582,official_emis,exact,open
ISR_000973,511006,ISR,אוסישקין,,1,ממ,public,Israel,,,,,30,urban,32.0947007644279,34.7808315906629,official_emis,exact,open
ISR_000974,411348,ISR,אוסישקין,,1,ממ,public,Israel,,,,,,,,,official_emis,unknown,open
ISR_000975,211466,ISR,אוסישקין-נהריה,,1,ממ,public,Israel,,,,,30,urban,33.0009272200528,35.1027695863774,official_emis,exact,open
ISR_000976,217232,ISR,אוסקפויה שפרעם,,1|2,ממ,public,Israel,,,,,21,peri_urban,32.7927749354413,35.1749286678825,official_emis,exact,open
ISR_000977,612374,ISR,אופיר,,1,ממ,public,Israel,,,,,23,urban,29.555546895015,34.9422788246736,official_emis,exact,open
ISR_000978,414854,ISR,אופירה נבון,,1,ממ,public,Israel,,,,,30,urban,32.1881190861909,34.9368451044032,official_emis,exact,open
ISR_000979,614370,ISR,אופק,,1,ממ,public,Israel,,,,,30,urban,31.7724399173276,34.6275271760239,official_emis,exact,open
ISR_000980,116012,ISR,אופק,,1,ממ,public,Israel,,,,,30,urban,31.8983331357302,35.0235660724111,official_emis,exact,open
ISR_000981,437319,ISR,אופק,,1|2,ממ,public,Israel,,,,,21,peri_urban,32.3836618127224,34.9099041146415,official_emis,exact,open
ISR_000982,414847,ISR,אופק,,1,ממ,public,Israel,,,,,23,urban,31.9367190349414,34.8735317022928,official_emis,exact,open
ISR_000983,260125,ISR,אופק,,2|3,ממ,public,Israel,,,,,30,urban,32.989312901308,35.1017985899497,official_emis,exact,open
ISR_000984,214718,ISR,אופק כרמיאל,,1,ממ,public,Israel,,,,,23,urban,32.9046937511465,35.2766827715404,official_emis,exact,open
ISR_000985,413633,ISR,אופקים,,1,ממ,public,Israel,,,,,30,urban,31.9638006633152,34.8222136730615,official_emis,exact,open
ISR_000986,210419,ISR,אופקים,,1,ממ,public,Israel,,,,,21,peri_urban,32.6062231462343,35.310480050081,official_emis,exact,open
ISR_000987,313494,ISR,אור אבנר למצויינות,,1|2,חמד,public,Israel,,,,,,,,,official_emis,unknown,open
ISR_000988,142059,ISR,אור דסה,,2|3,חמד,public,Israel,,,,,,,,,official_emis,unknown,open
ISR_000989,611632,ISR,אור החיים,,1,חמד,public,Israel,,,,,,,,,official_emis,unknown,open
ISR_000990,513564,ISR,אור השחר,,1,חמד,public,Israel,,,,,30,urban,32.1415192076316,34.8441345218411,official_emis,exact,open
ISR_000991,441618,ISR,אור חנה,,2|3,חמד,public,Israel,,,,,23,urban,31.9405155830209,34.8804875540451,official_emis,exact,open
ISR_000992,541656,ISR,אור חנה,,2|3,חמד,public,Israel,,,,,30,urban,32.0253512011129,34.8641521622224,official_emis,exact,open
ISR_000993,347104,ISR,אור ליידי פילאר,,1|2,ממ,public,Israel,,,,,,,,,official_emis,unknown,open
ISR_000994,237743,ISR,אור לציון,,1,חמד,public,Israel,,,,,21,peri_urban,31.8804654430281,35.2401389339027,official_emis,exact,open
ISR_000995,141549,ISR,אור תורה סטון לבנות,,2|3,חמד,public,Israel,,,,,30,urban,31.8089366049847,35.1982693047847,official_emis,exact,open
ISR_000996,141499,ISR,אור תורה סטון לבנים,,2|3,חמד,public,Israel,,,,,30,urban,31.8152854843596,35.1967691317799,official_emis,exact,open
ISR_000997,614966,ISR,אורות,,1,חמד,public,Israel,,,,,30,urban,31.7749418384415,34.6364109985832,official_emis,exact,open
ISR_000998,514968,ISR,אורות בנות,,1,חמד,public,Israel,,,,,30,urban,32.0253512011129,34.8641521622224,official_emis,exact,open
ISR_000999,513671,ISR,אורות התורה מד,,1,חמד,public,Israel,,,,,30,urban,32.0048256241158,34.754046848416,official_emis,exact,open
ISR_001000,142174,ISR,אורות יהודה,,2|3,חמד,public,Israel,,,,,21,peri_urban,31.6697210209331,35.1655783419878,official_emis,exact,open
ISR_001001,114249,ISR,אורות עציון בנות,,1|2,חמד,public,Israel,,,,,21,peri_urban,31.6689986348551,35.1627420383781,official_emis,exact,open
ISR_001002,114173,ISR,אורות עציון בנים,,1|2,חמד,public,Israel,,,,,21,peri_urban,31.6645502971522,35.1565965872966,official_emis,exact,open
ISR_001003,511618,ISR,אורות עציון גוש עציון,,1|2,חמד,public,Israel,,,,,12,rural,31.6751032372984,35.1389376860598,official_emis,exact,open
ISR_001004,660092,ISR,אורט אדיבי אשקלון,,3,ממ,public,Israel,,,,,30,urban,31.6556245847665,34.5685438869348,official_emis,exact,open
ISR_001005,670067,ISR,אורט אפרידר רונסון,,2|3,ממ,public,Israel,,,,,30,urban,31.6692023813844,34.5659628273139,official_emis,exact,open
ISR_001006,570176,ISR,אורט דתי לבנות,,2|3,חמד,public,Israel,,,,,30,urban,32.0985794738287,34.8421950253404,official_emis,exact,open
ISR_001007,370395,ISR,אורט השומרון,,2|3,ממ,public,Israel,,,,,12,rural,32.549833757081,34.9552071702966,official_emis,exact,open
ISR_001008,471037,ISR,אורט התעשיה האווירית,,,ממ,public,Israel,,,,,21,peri_urban,31.9926938205337,34.9021450694591,official_emis,exact,open
ISR_001009,521427,ISR,אורט טכנולוגי,,2|3,ממ,public,Israel,,,,,,,,,official_emis,unknown,open
ISR_001010,570200,ISR,אורט טכניקום גבעתיים,,2|3,ממ,public,Israel,,,,,30,urban,32.0688774888274,34.8100216615898,official_emis,exact,open
ISR_001011,570077,ISR,אורט יד סינגאלובסקי,,2|3,ממ,public,Israel,,,,,30,urban,32.0560719000028,34.8042420570556,official_emis,exact,open
ISR_001012,540690,ISR,אורט יד שפירא,,,ממ,public,Israel,,,,,,,,,official_emis,unknown,open
ISR_001013,670331,ISR,אורט ימי,,2|3,ממ,public,Israel,,,,,30,urban,31.814847525374,34.646601419726,official_emis,exact,open
ISR_001014,278010,ISR,אורט ישראל נצרת,,3,ממ,public,Israel,,,,,30,urban,32.6975631004093,35.3047864978276,official_emis,exact,open
ISR_001015,900126,ISR,אורט למינהל טכני,,2|3,ממ,public,Israel,,,,,,,,,official_emis,unknown,open
ISR_001016,570713,ISR,אורט מלטון,,2|3,ממ,public,Israel,,,,,30,urban,32.011548425961,34.752743900558,official_emis,exact,open
ISR_001017,344911,ISR,אורט עירוני ד,,2|3,ממ,public,Israel,,,,,30,urban,31.9181956365584,35.0024863224652,official_emis,exact,open
ISR_001018,244285,ISR,אורט פסגות,,2|3,ממ,public,Israel,,,,,23,urban,32.9173778277952,35.2945996713876,official_emis,exact,open
ISR_001019,344234,ISR,אורט רונסון עוספיה,,3,ממ,public,Israel,,,,,23,urban,32.7042909154175,35.0592423360052,official_emis,exact,open
ISR_001020,571174,ISR,אורט רמת יוסף,,2|3,ממ,public,Israel,,,,,30,urban,32.019120836274,34.7570676679875,official_emis,exact,open
ISR_001021,227694,ISR,אורט שלומי,,2|3,חמד,public,Israel,,,,,22,urban,33.0737895130531,35.1419142917623,official_emis,exact,open
ISR_001022,470112,ISR,אורט שפירא אזורי למנהי,,3,ממ,public,Israel,,,,,30,urban,32.1738943229951,34.8920054544605,official_emis,exact,open
ISR_001023,240077,ISR,אורט שרת נצרת עילית,,2|3,ממ,public,Israel,,,,,30,urban,32.6983026572972,35.3153236683858,official_emis,exact,open
ISR_001024,170803,ISR,אורט תעופה וחלל,,2|3,ממ,public,Israel,,,,,30,urban,31.7776741611442,35.3171255994705,official_emis,exact,open
ISR_001025,612978,ISR,אוריין,,1,ממ,public,Israel,,,,,30,urban,31.2548381755939,34.7735099892896,official_emis,exact,open
ISR_001026,311563,ISR,אורים,,1,ממ,public,Israel,,,,,30,urban,32.8388029878068,35.0636806037394,official_emis,exact,open
ISR_001027,514661,ISR,אורים,,1|2,ממ,public,Israel,,,,,30,urban,32.1337664446008,34.8295079354686,official_emis,exact,open
ISR_001028,411702,ISR,אורנים,,1,ממ,public,Israel,,,,,30,urban,32.0764202074681,34.8995926421272,official_emis,exact,open
ISR_001029,512699,ISR,אורנים,,1,ממ,public,Israel,,,,,30,urban,32.1365469104894,34.8492942774242,official_emis,exact,open
ISR_001030,210880,ISR,אורנים-יקנעם עלית,,1,ממ,public,Israel,,,,,23,urban,32.6587851652609,35.1105887512197,official_emis,exact,open
ISR_001031,414409,ISR,אורנית,,1,ממ,public,Israel,,,,,23,urban,32.1309750126126,34.9954905397384,official_emis,exact,open
ISR_001032,347013,ISR,אורתודוקסי ערבי,,2|3,ממ,public,Israel,,,,,30,urban,32.8203687334933,34.9858074093304,official_emis,exact,open
ISR_001033,510875,ISR,אושא מד,,1,חמד,public,Israel,,,,,30,urban,32.0895699056197,34.8146360312947,official_emis,exact,open
ISR_001034,610014,ISR,אזורי אבן שמואל,,1,חמד,public,Israel,,,,,21,peri_urban,31.5739388904793,34.7616513847485,official_emis,exact,open
ISR_001035,311324,ISR,אזורי אלונה,,1,ממ,public,Israel,,,,,12,rural,32.5642589060109,35.0219647185754,official_emis,exact,open
ISR_001036,410258,ISR,אזורי בן שמן,,1,ממ,public,Israel,,,,,12,rural,31.9596736878525,34.9277251887956,official_emis,exact,open
ISR_001037,210641,ISR,אזורי דקלים-חמדיה,,1,ממ,public,Israel,,,,,21,peri_urban,32.5191952603567,35.5173113261241,official_emis,exact,open
ISR_001038,370304,ISR,אזורי דתי לבנות,,2|3,חמד,public,Israel,,,,,23,urban,32.476285682076,34.9778031467355,official_emis,exact,open
ISR_001039,210468,ISR,אזורי חופי-הגליל,,1,ממ,public,Israel,,,,,21,peri_urban,33.0379088662296,35.1081331455304,official_emis,exact,open
ISR_001040,240440,ISR,אזורי ירדן,,2|3,ממ,public,Israel,,,,,13,rural,32.070728246886,35.400811916967,official_emis,exact,open
ISR_001041,210948,ISR,אזורי כדורי,,1,ממ,public,Israel,,,,,12,rural,32.7040323860489,35.4063030914873,official_emis,exact,open
ISR_001042,180018,ISR,אזורי מקיף עין כרם,,2|3,ממ,public,Israel,,,,,30,urban,31.7775060360013,35.152843387944,official_emis,exact,open
ISR_001043,641001,ISR,אזורי עתיד אופקים,,2|3,ממ,public,Israel,,,,,23,urban,31.3190302870529,34.6135326023727,official_emis,exact,open
ISR_001044,442483,ISR,אזורים,,1,ממ,public,Israel,,,,,23,urban,31.8094650844963,34.7829202885944,official_emis,exact,open
ISR_001045,310227,ISR,אחד העם,,1,ממ,public,Israel,,,,,30,urban,32.4358472015561,34.9181879629548,official_emis,exact,open
ISR_001046,311605,ISR,אחדות,,1,ממ,public,Israel,,,,,30,urban,32.829301271486,35.0739697045824,official_emis,exact,open
ISR_001047,611368,ISR,אחדות,,1,ממ,public,Israel,,,,,30,urban,31.8083164534769,34.6523750692872,official_emis,exact,open
ISR_001048,614321,ISR,אחוה,,2|3,ממ,public,Israel,,,,,23,urban,31.0672483149074,35.0390733659011,official_emis,exact,open
ISR_001049,412106,ISR,אחוה,,1,ממ,public,Israel,,,,,,,,,official_emis,unknown,open
ISR_001050,518035,ISR,אחוה יפו,,1,ממ,public,Israel,,,,,30,urban,32.0420763294264,34.7482743704175,official_emis,exact,open
ISR_001051,615203,ISR,אחווה,,1,ממ,public,Israel,,,,,12,rural,31.0617646153546,35.0192596113378,official_emis,exact,open
ISR_001052,218446,ISR,אחווה כפר סמייע,,1,ממ,public,Israel,,,,,21,peri_urban,32.9793112427424,35.3097680359085,official_emis,exact,open
ISR_001053,611053,ISR,אחוות אחים,,1,ממ,public,Israel,,,,,23,urban,31.730989570852,34.7469670208008,official_emis,exact,open
ISR_001054,310375,ISR,אחוזה,,1,ממ,public,Israel,,,,,30,urban,32.7874673986156,34.9867099299739,official_emis,exact,open
ISR_001055,511535,ISR,אחוזת ברק,,1,ממ,public,Israel,,,,,21,peri_urban,32.6434328609239,35.3344186831278,official_emis,exact,open
ISR_001056,118067,ISR,אחמד סאמח אלחלדי,,1,ממ,public,Israel,,,,,30,urban,31.7624977193435,35.2323669795593,official_emis,exact,open
ISR_001057,318543,ISR,אחמדיה כבאביר חיפה,,1|2,ממ,public,Israel,,,,,30,urban,32.8054544943543,34.9707252167325,official_emis,exact,open
ISR_001058,178160,ISR,אטור יסודי בנים,,1,ממ,public,Israel,,,,,30,urban,31.7791782319943,35.2458327673535,official_emis,approximate,open
ISR_001059,318055,ISR,איבטין,,1|2,ממ,public,Israel,,,,,23,urban,32.7614568868358,35.1143443099156,official_emis,exact,open
ISR_001060,618314,ISR,איבן סינא ערערה,,1,ממ,public,Israel,,,,,21,peri_urban,31.1576195543024,35.0171645982986,official_emis,approximate,open
ISR_001061,118364,ISR,איברהמיה,,1|2,ממ,public,Israel,,,,,30,urban,31.7857903752665,35.240503799434,official_emis,exact,open
ISR_001062,212936,ISR,איזורי מעונה,,1,ממ,public,Israel,,,,,21,peri_urban,33.0153805728102,35.265353419038,official_emis,exact,open
ISR_001063,213223,ISR,איילים -טבריה,,1,ממ,public,Israel,,,,,23,urban,32.7868015193502,35.5156291643296,official_emis,exact,open
ISR_001064,511030,ISR,אילון,,1,ממ,public,Israel,,,,,30,urban,32.0749225958062,34.7995633571711,official_emis,exact,open
ISR_001065,416396,ISR,אילן רמון,,1,ממ,public,Israel,,,,,30,urban,32.3003042222243,34.8506636506057,official_emis,exact,open
ISR_001066,416008,ISR,אילן רמון,,1,ממ,public,Israel,,,,,21,peri_urban,31.7933726529383,34.7023335903699,official_emis,exact,open
ISR_001067,513648,ISR,אילנות,,1,ממ,public,Israel,,,,,30,urban,32.1778776239185,34.8499821674833,official_emis,exact,open
ISR_001068,611830,ISR,אילנות,,1,ממ,public,Israel,,,,,30,urban,31.6681695708245,34.5650208784672,official_emis,exact,open
ISR_001069,310383,ISR,אילנות,,1,ממ,public,Israel,,,,,30,urban,32.8120769507661,34.9680597701862,official_emis,exact,open
ISR_001070,511048,ISR,אילנות,,1,ממ,public,Israel,,,,,30,urban,32.1057506529654,34.7982513421055,official_emis,exact,open
ISR_001071,312439,ISR,אינשטיין,,1,ממ,public,Israel,,,,,30,urban,32.7773530915736,34.9990200152826,official_emis,exact,open
ISR_001072,413070,ISR,איתמר,,1,ממ,public,Israel,,,,,30,urban,31.981969025778,34.7814456709425,official_emis,exact,open
ISR_001073,511196,ISR,איתמר בן אבי,,1,ממ,public,Israel,,,,,30,urban,32.0326058178903,34.7528522736381,official_emis,exact,open
ISR_001074,618462,ISR,אל - אמל,,1|2,ממ,public,Israel,,,,,11,rural,31.2698726106133,34.9189542264243,official_emis,exact,open
ISR_001075,248690,ISR,אל אוסקופיה,,2|3,ממ,public,Israel,,,,,30,urban,32.8030438128328,35.1691918195282,official_emis,exact,open
ISR_001076,618157,ISR,אל אנדלוס,,1,ממ,public,Israel,,,,,21,peri_urban,31.2986918595592,34.9204008714995,official_emis,exact,open
ISR_001077,441220,ISR,אל ארצי,,2|3,חמד,public,Israel,,,,,12,rural,32.2321936016851,35.3389759015612,official_emis,exact,open
ISR_001078,384230,ISR,אל אשראק,,2|3,ממ,public,Israel,,,,,23,urban,32.7039781095317,35.0616744591777,official_emis,exact,open
ISR_001079,418251,ISR,אל בוחארי,,1,ממ,public,Israel,,,,,30,urban,32.2635845001235,35.0080927515827,official_emis,exact,open
ISR_001080,418061,ISR,אל גזאלי,,1,ממ,public,Israel,,,,,30,urban,32.267218291663,35.0078620391695,official_emis,exact,open
ISR_001081,418111,ISR,אל גזאלי,,1,ממ,public,Israel,,,,,30,urban,32.1154590213933,34.9718650990764,official_emis,exact,open
ISR_001082,418087,ISR,אל גזאלי,,1,ממ,public,Israel,,,,,30,urban,32.2338818276348,34.9531454224049,official_emis,exact,open
ISR_001083,418095,ISR,אל זהרא,,1,ממ,public,Israel,,,,,30,urban,32.2294559977655,34.9541018222261,official_emis,exact,open
ISR_001084,418079,ISR,אל זהרא,,1,ממ,public,Israel,,,,,30,urban,32.2629566489213,35.0045068822914,official_emis,exact,open
ISR_001085,418269,ISR,אל זהרא,,1,ממ,public,Israel,,,,,23,urban,31.9578539105146,34.893479697469,official_emis,exact,open
ISR_001086,217547,ISR,אל זייתון,,1,ממ,public,Israel,,,,,23,urban,32.8124375700332,35.2677027171898,official_emis,exact,open
ISR_001087,219568,ISR,אל זייתון,,1,ממ,public,Israel,,,,,12,rural,32.8120993309253,35.3710323624464,official_emis,exact,open
ISR_001088,318659,ISR,אל חיואר,,1|2,ממ,public,Israel,,,,,30,urban,32.8178148353481,34.9951253590658,official_emis,exact,open
ISR_001089,178061,ISR,אל מוקבר תיכון לבנות,,3,ממ,public,Israel,,,,,30,urban,31.7443862651235,35.2414798110612,official_emis,exact,open
ISR_001090,418277,ISR,אל מנאר,,1,ממ,public,Israel,,,,,30,urban,32.1110591374333,34.9723424582228,official_emis,exact,open
ISR_001091,418129,ISR,אל מנאר,,1,ממ,public,Israel,,,,,23,urban,31.9521819713851,34.8973806263899,official_emis,exact,open
ISR_001092,219287,ISR,אל מנארה,,1,ממ,public,Israel,,,,,23,urban,32.9257239828658,35.0704070106528,official_emis,exact,open
ISR_001093,618926,ISR,אל סייד ג,,1|2,ממ,public,Israel,,,,,21,peri_urban,31.2816920959914,34.9129011985632,official_emis,exact,open
ISR_001094,618249,ISR,אל סלאם,,1,ממ,public,Israel,,,,,23,urban,31.3874922794623,34.7382325293029,official_emis,exact,open
ISR_001095,418160,ISR,אל עומריה,,1,ממ,public,Israel,,,,,30,urban,32.2361793803477,34.9521523710907,official_emis,exact,open
ISR_001096,418186,ISR,אל עומריה,,1,ממ,public,Israel,,,,,30,urban,32.113897047282,34.9757895028261,official_emis,exact,open
ISR_001097,618702,ISR,אל עזאזמה א,,1|2,ממ,public,Israel,,,,,21,peri_urban,31.1637881408429,34.8214461709852,official_emis,exact,open
ISR_001098,618207,ISR,אל פורעה ראש זוהר,,1|2,ממ,public,Israel,,,,,12,rural,31.2291191289229,35.1642067699112,official_emis,exact,open
ISR_001099,418178,ISR,אל ראשידיה,,1,ממ,public,Israel,,,,,23,urban,32.2849822032827,34.9853397789087,official_emis,exact,open
ISR_001100,418228,ISR,אל ראשידיה,,1,ממ,public,Israel,,,,,21,peri_urban,31.9568854131696,34.9032250177033,official_emis,exact,open
ISR_001101,372946,ISR,אל-אמל,,2|3,ממ,public,Israel,,,,,30,urban,32.7367180881933,35.3224233136288,official_emis,exact,open
ISR_001102,618264,ISR,אל-זהרא,,1,ממ,public,Israel,,,,,23,urban,31.3893992732105,34.7622779466995,official_emis,exact,open
ISR_001103,117002,ISR,אל-מוטראן,,1|2|3,ממ,public,Israel,,,,,30,urban,31.7970928224669,35.2309518139791,official_emis,exact,open
ISR_001104,318345,ISR,אל-סדיק,,1,ממ,public,Israel,,,,,23,urban,32.6029338352877,34.9538457605802,official_emis,exact,open
ISR_001105,318600,ISR,אל-פארוק,,1,ממ,public,Israel,,,,,23,urban,32.5965110533181,34.9525960324983,official_emis,exact,open
ISR_001106,218073,ISR,אל-רואאה,,1|2,ממ,public,Israel,,,,,21,peri_urban,32.7058354224615,35.1944640796848,official_emis,exact,open
ISR_001107,318360,ISR,אל-שאפעי,,1,ממ,public,Israel,,,,,21,peri_urban,32.5929684003951,34.9531598374191,official_emis,exact,open
ISR_001108,217265,ISR,אלאוסופיה,,1|2,ממ,public,Israel,,,,,30,urban,32.6925400636211,35.2934774327798,official_emis,exact,open
ISR_001109,318550,ISR,אלאחוה,,1,ממ,public,Israel,,,,,30,urban,32.516694848711,35.1478802664562,official_emis,exact,open
ISR_001110,618819,ISR,אלאימאן,,1|2,ממ,public,Israel,,,,,12,rural,31.0232102621188,34.7000091862334,official_emis,exact,open
ISR_001111,418350,ISR,אלאמל,,1|2,ממ,public,Israel,,,,,23,urban,31.9250065819749,34.8709090059684,official_emis,exact,open
ISR_001112,618827,ISR,אלאמל,,1,ממ,public,Israel,,,,,22,urban,31.2502345318988,35.0911304990845,official_emis,exact,open
ISR_001113,268011,ISR,אלאמל,,1|2,ממ,public,Israel,,,,,30,urban,32.7367090911901,35.3224019640122,official_emis,exact,open
ISR_001114,218347,ISR,אלאמל ירכא,,1,ממ,public,Israel,,,,,30,urban,32.9564339811411,35.2204786567306,official_emis,exact,open
ISR_001115,218800,ISR,אלאמל עכו,,1,ממ,public,Israel,,,,,23,urban,32.924521876367,35.0677573659102,official_emis,exact,open
ISR_001116,618470,ISR,אלאנדלוס,,1,ממ,public,Israel,,,,,23,urban,31.2544777444879,34.8603660297661,official_emis,exact,open
ISR_001117,348326,ISR,אלאנדלוס,,2|3,ממ,public,Israel,,,,,23,urban,32.4248296225941,35.0269029216924,official_emis,exact,open
ISR_001118,618868,ISR,אלאנדלוס,,1,ממ,public,Israel,,,,,22,urban,31.2459215831803,35.0996702780567,official_emis,exact,open
ISR_001119,217844,ISR,אלאנואר מסעדה,,1,ממ,public,Israel,,,,,13,rural,33.2310755403373,35.7558031548654,official_emis,exact,open
ISR_001120,440974,ISR,אלאקאדמייה אלאקליה,,1|2,ממ,public,Israel,,,,,,,,,official_emis,unknown,open
ISR_001121,318857,ISR,אלאשראק,,1,ממ,public,Israel,,,,,23,urban,32.7042897004674,35.0581971659515,official_emis,exact,open
ISR_001122,338053,ISR,אלבאשאר,,1|2,ממ,public,Israel,,,,,23,urban,32.8596400476203,35.3097226332473,official_emis,exact,open
ISR_001123,618520,ISR,אלביאדר,,1,ממ,public,Israel,,,,,21,peri_urban,31.302693464287,34.91910738545,official_emis,exact,open
ISR_001124,218784,ISR,אלביאדר,,1,ממ,public,Israel,,,,,23,urban,32.7225893630693,35.3551210209061,official_emis,exact,open
ISR_001125,218776,ISR,אלביאדר עין אלאסד,,1|2,ממ,public,Israel,,,,,12,rural,32.940339995418,35.4002723986829,official_emis,exact,open
ISR_001126,618694,ISR,אלביאן,,1|2,ממ,public,Israel,,,,,21,peri_urban,31.2811813389944,34.9143729864458,official_emis,exact,open
ISR_001127,618736,ISR,אלביאן,,1,ממ,public,Israel,,,,,23,urban,31.3973095718957,34.7445451949325,official_emis,exact,open
ISR_001128,248203,ISR,אלביאן טמרה,,2|3,ממ,public,Israel,,,,,23,urban,32.8590799066282,35.1967758378046,official_emis,exact,open
ISR_001129,218321,ISR,אלביארוני,,1,ממ,public,Israel,,,,,23,urban,32.8588531170194,35.1844684755389,official_emis,exact,open
ISR_001130,618397,ISR,אלביירוני,,1,ממ,public,Israel,,,,,23,urban,31.3213546299641,34.8813556019325,official_emis,exact,open
ISR_001131,227488,ISR,אלבירוני עראבה,,1,ממ,public,Israel,,,,,23,urban,32.8570905967091,35.3441945362154,official_emis,exact,open
ISR_001132,217422,ISR,אלגדיר סכנין,,1,ממ,public,Israel,,,,,23,urban,32.8706399158576,35.2993819553201,official_emis,exact,open
ISR_001133,318063,ISR,אלגזאלי,,1,ממ,public,Israel,,,,,23,urban,32.417580640071,35.0410459265281,official_emis,exact,open
ISR_001134,219402,ISR,אלגזאלי עראבה,,1,ממ,public,Israel,,,,,23,urban,32.8544880533637,35.3411671817475,official_emis,exact,open
ISR_001135,418467,ISR,אלהודא,,1|2,ממ,public,Israel,,,,,23,urban,31.9227594577233,34.8772296618252,official_emis,exact,open
ISR_001136,618256,ISR,אלהודא,,1,ממ,public,Israel,,,,,23,urban,31.3947167994704,34.7483744435163,official_emis,approximate,open
ISR_001137,448324,ISR,אלהודא,,2|3,ממ,public,Israel,,,,,23,urban,31.9234676279585,34.8755776320675,official_emis,exact,open
ISR_001138,618199,ISR,אלהושאלה,,1|2,ממ,public,Israel,,,,,12,rural,31.0880141962086,34.9865940939203,official_emis,exact,open
ISR_001139,318469,ISR,אלהלאל,,1,ממ,public,Israel,,,,,23,urban,32.5043740911968,35.0719618448856,official_emis,exact,open
ISR_001140,317032,ISR,אלואדי,,1,ממ,public,Israel,,,,,21,peri_urban,32.5436826859503,34.9127148675754,official_emis,exact,open
ISR_001141,614180,ISR,אלומות,,1,ממ,public,Israel,,,,,30,urban,31.2693156182204,34.7905279497203,official_emis,exact,open
ISR_001142,411363,ISR,אלומות,,1,ממ,public,Israel,,,,,30,urban,32.3198763470721,34.8824146918214,official_emis,exact,open
ISR_001143,211904,ISR,אלומות -עפולה,,1,ממ,public,Israel,,,,,23,urban,32.6328385147668,35.3244608213884,official_emis,exact,open
ISR_001144,511998,ISR,אלומות מד,,1,חמד,public,Israel,,,,,30,urban,32.1075385126058,34.7933803325462,official_emis,exact,open
ISR_001145,414482,ISR,אלון,,1,ממ,public,Israel,,,,,30,urban,32.2790960527699,34.8543869254242,official_emis,exact,open
ISR_001146,614172,ISR,אלון,,1,ממ,public,Israel,,,,,23,urban,31.5310831725621,34.5858360395425,official_emis,exact,open
ISR_001147,414243,ISR,אלון,,1,ממ,public,Israel,,,,,30,urban,31.888190869764,34.8187212476954,official_emis,exact,open
ISR_001148,513523,ISR,אלון,,1,ממ,public,Israel,,,,,30,urban,32.1711425802455,34.8377731389783,official_emis,exact,open
ISR_001149,410324,ISR,אלון,,1|2,ממ,public,Israel,,,,,30,urban,32.0747331754416,34.8475423481224,official_emis,exact,open
ISR_001150,313767,ISR,אלון,,1,ממ,public,Israel,,,,,30,urban,32.7769407138064,35.0118827304023,official_emis,exact,open
ISR_001151,112037,ISR,אלון,,1,ממ,public,Israel,,,,,30,urban,31.8134223760036,35.1134083563473,official_emis,exact,open
ISR_001152,211912,ISR,אלון יזרעאל-עפולה,,1,ממ,public,Israel,,,,,23,urban,32.6124055552988,35.2914697193051,official_emis,exact,open
ISR_001153,131201,ISR,אלוני ממרא,,1,חמד,public,Israel,,,,,30,urban,31.542264390903,35.1194541192388,official_emis,exact,open
ISR_001154,510024,ISR,אלונים,,1,ממ,public,Israel,,,,,30,urban,32.0287942649508,34.8634725154265,official_emis,exact,open
ISR_001155,311357,ISR,אלונים,,1,ממ,public,Israel,,,,,23,urban,32.475450818092,34.9749010837389,official_emis,exact,open
ISR_001156,241034,ISR,אלונים,,1,ממ,public,Israel,,,,,30,urban,31.8818291161093,35.0051023337371,official_emis,exact,open
ISR_001157,614388,ISR,אלונים,,1,ממ,public,Israel,,,,,,,,,official_emis,unknown,open
ISR_001158,618751,ISR,אלזהרא,,1,ממ,public,Israel,,,,,23,urban,31.2973239111446,34.9217388991153,official_emis,exact,open
ISR_001159,219089,ISR,אלזהרא (ג) טמרה,,1,ממ,public,Israel,,,,,23,urban,32.8565277965732,35.1926523393737,official_emis,exact,open
ISR_001160,318014,ISR,אלזהראא,,1,ממ,public,Israel,,,,,30,urban,32.5131338263916,35.1498087743289,official_emis,exact,open
ISR_001161,418459,ISR,אלזהראא,,1,ממ,public,Israel,,,,,23,urban,32.2837229891603,34.9671903189801,official_emis,exact,open
ISR_001162,219584,ISR,אלזהראא עראבה,,1,ממ,public,Israel,,,,,23,urban,32.8444042270278,35.3354583559301,official_emis,exact,open
ISR_001163,348219,ISR,אלזהראוי,,2,ממ,public,Israel,,,,,,,,,official_emis,unknown,open
ISR_001164,218354,ISR,אלחדיקה,,1,ממ,public,Israel,,,,,23,urban,32.8683133779242,35.2090089320298,official_emis,exact,open
ISR_001165,218941,ISR,אלחואר,,1|2,ממ,public,Israel,,,,,13,rural,33.0441732962958,35.314395075862,official_emis,exact,open
ISR_001166,318477,ISR,אלחיאם,,1,ממ,public,Israel,,,,,30,urban,32.5168834902117,35.1462943644013,official_emis,exact,open
ISR_001167,186809,ISR,אלחיה מעורב כפר עקב,,1|2,ממ,public,Israel,,,,,30,urban,31.8754373528544,35.2192960268195,official_emis,exact,open
ISR_001168,318576,ISR,אלחכים,,1,ממ,public,Israel,,,,,23,urban,32.501592476746,35.0449909141746,official_emis,exact,open
ISR_001169,318501,ISR,אלחכמה,,1,ממ,public,Israel,,,,,23,urban,32.4201797791029,35.0498440878942,official_emis,exact,open
ISR_001170,418327,ISR,אלחכמה,,1,ממ,public,Israel,,,,,30,urban,32.2556206786066,35.0073564326879,official_emis,exact,open
ISR_001171,219253,ISR,אלחכמה פקיעין,,1,ממ,public,Israel,,,,,21,peri_urban,32.9737328668397,35.3352423677669,official_emis,exact,open
ISR_001172,248716,ISR,אלחלאן סכנין,,2,ממ,public,Israel,,,,,23,urban,32.8624728415062,35.2831550693303,official_emis,exact,open
ISR_001173,318493,ISR,אלחנסאא,,1,ממ,public,Israel,,,,,30,urban,32.5123066133044,35.1556093316197,official_emis,exact,open
ISR_001174,511071,ISR,אלחריזי,,1,ממ,public,Israel,,,,,30,urban,32.1177179431722,34.8127362652617,official_emis,exact,open
ISR_001175,218164,ISR,אלטור דבוריה,,1,ממ,public,Israel,,,,,23,urban,32.6932684429964,35.3673563613505,official_emis,exact,open
ISR_001176,618181,ISR,אלטורשאן,,1|2,ממ,public,Israel,,,,,12,rural,31.2529141377437,34.9616183892346,official_emis,exact,open
ISR_001177,611798,ISR,אלי כהן,,1,ממ,public,Israel,,,,,23,urban,31.7320277621633,34.7422662875552,official_emis,exact,open
ISR_001178,416438,ISR,אלימלך כנר,,1,ממ,public,Israel,,,,,30,urban,32.0740989090956,34.8628066566251,official_emis,exact,open
ISR_001179,442061,ISR,אליעזר בן יהודה,,2|3,ממ,public,Israel,,,,,30,urban,31.9285706878361,34.8116582174289,official_emis,exact,open
ISR_001180,110064,ISR,אליקים,,1,חמד,public,Israel,,,,,,,,,official_emis,unknown,open
ISR_001181,618538,ISR,אלירמוק,,1,ממ,public,Israel,,,,,12,rural,31.2395851598099,35.0658769651483,official_emis,exact,open
ISR_001182,378125,ISR,אליתים אלערבי,,2|3,ממ,public,Israel,,,,,30,urban,31.8516289936525,35.2188167708347,official_emis,exact,open
ISR_001183,219170,ISR,אלכנדי דבוריה,,1,ממ,public,Israel,,,,,21,peri_urban,32.6875157829416,35.3739569926923,official_emis,exact,open
ISR_001184,318568,ISR,אלכרמה,,1|2,ממ,public,Israel,,,,,30,urban,32.8162091127473,34.984205169311,official_emis,exact,open
ISR_001185,462218,ISR,אלכרמה,,2|3,ממ,public,Israel,,,,,30,urban,32.8164340657412,34.9891166689519,official_emis,exact,open
ISR_001186,610030,ISR,אלמוג,,1,ממ,public,Israel,,,,,23,urban,29.5569390351472,34.9483528358778,official_emis,exact,open
ISR_001187,241042,ISR,אלמוג,,1,ממ,public,Israel,,,,,30,urban,31.7867619876167,35.3098196858719,official_emis,exact,open
ISR_001188,313684,ISR,אלמוגים,,1,ממ,public,Israel,,,,,30,urban,32.8537276146162,35.0734745822533,official_emis,exact,open
ISR_001189,217554,ISR,אלמוטראן תימותיוס,,1|2,ממ,public,Israel,,,,,30,urban,32.9557345949115,35.1654306861038,official_emis,exact,open
ISR_001190,430348,ISR,אלמוסתקבאל רוואד יסו,,1|2,ממ,public,Israel,,,,,30,urban,31.8100969862562,35.2328248134203,official_emis,exact,open
ISR_001191,318188,ISR,אלמוסתקבל,,1,ממ,public,Israel,,,,,23,urban,32.505467348947,35.0501239096301,official_emis,exact,open
ISR_001192,460329,ISR,אלמוסתקבל א-טור תכון,,2|3,ממ,public,Israel,,,,,,,,,official_emis,unknown,open
ISR_001193,267930,ISR,אלמוסתקבל אלאהלייה,,2|3,ממ,public,Israel,,,,,30,urban,31.829767693881,35.2245175475807,official_emis,approximate,open
ISR_001194,267948,ISR,אלמוסתקבל אלאהלייה,,1|2,ממ,public,Israel,,,,,,,,,official_emis,unknown,open
ISR_001195,347146,ISR,אלמוסתקבל אלאהלייה,,1|2,ממ,public,Israel,,,,,,,,,official_emis,unknown,open
ISR_001196,218586,ISR,אלמותנבי,,1,ממ,public,Israel,,,,,23,urban,32.9249984615806,35.2615388011965,official_emis,exact,open
ISR_001197,317065,ISR,אלמותנבי,,1,ממ,public,Israel,,,,,30,urban,32.5173315603875,35.161790133943,official_emis,exact,open
ISR_001198,217315,ISR,אלמותנבי בסחנין,,1,ממ,public,Israel,,,,,23,urban,32.8647761127161,35.3138848481812,official_emis,exact,open
ISR_001199,217836,ISR,אלמנאהל,,1,ממ,public,Israel,,,,,23,urban,33.2673805009039,35.7725381271435,official_emis,exact,open
ISR_001200,618025,ISR,אלמנארה,,1,ממ,public,Israel,,,,,12,rural,31.3303520992982,34.8592181793541,official_emis,exact,open
ISR_001201,218370,ISR,אלמנארה -כסרא,,1,ממ,public,Israel,,,,,23,urban,32.9639692609691,35.3042627332192,official_emis,approximate,open
ISR_001202,348201,ISR,אלמנרה,,2|3,ממ,public,Israel,,,,,23,urban,32.5347632848944,34.9083154351137,official_emis,exact,open
ISR_001203,618496,ISR,אלמסתקבל,,1,ממ,public,Israel,,,,,23,urban,31.1981604624151,34.8338041076636,official_emis,exact,open
ISR_001204,618165,ISR,אלמסתקבל,,1|2,ממ,public,Israel,,,,,12,rural,31.1894404032306,34.9275996120054,official_emis,exact,open
ISR_001205,343913,ISR,אלמעאלי,,1|2,ממ,public,Israel,,,,,30,urban,32.7440639431816,35.3430469636779,official_emis,exact,open
ISR_001206,328187,ISR,אלנבראס,,1,ממ,public,Israel,,,,,23,urban,32.3672829386362,35.0359407574341,official_emis,exact,open
ISR_001207,318147,ISR,אלנהדה,,1|2,ממ,public,Israel,,,,,12,rural,32.4978294056359,35.1150764878948,official_emis,exact,open
ISR_001208,217448,ISR,אלנהדה ירכא,,1,ממ,public,Israel,,,,,30,urban,32.950690892481,35.1942546494452,official_emis,exact,open
ISR_001209,370544,ISR,אלנור,,1,ממ,public,Israel,,,,,30,urban,32.9520697636505,35.1878055915244,official_emis,exact,open
ISR_001210,410571,ISR,אלנוריין,,1,ממ,public,Israel,,,,,30,urban,31.829767693881,35.2245175475807,official_emis,approximate,open
ISR_001211,648337,ISR,אלסאלם,,2|3,ממ,public,Israel,,,,,21,peri_urban,31.304726082168,34.946244015141,official_emis,exact,open
ISR_001212,239202,ISR,אלסונה,,1|2,ממ,public,Israel,,,,,30,urban,31.829767693881,35.2245175475807,official_emis,approximate,open
ISR_001213,618090,ISR,אלסייד,,1|2,ממ,public,Israel,,,,,12,rural,31.2839424064886,34.9189433397983,official_emis,exact,open
ISR_001214,618504,ISR,אלסלאם,,1,ממ,public,Israel,,,,,23,urban,31.1595156436578,35.0249220920447,official_emis,exact,open
ISR_001215,615294,ISR,אלסלאם,,1|2,ממ,public,Israel,,,,,12,rural,31.2537057126017,34.960503519422,official_emis,exact,open
ISR_001216,218719,ISR,אלסלאם סכנין,,1,ממ,public,Israel,,,,,23,urban,32.8626957760706,35.2997153838619,official_emis,exact,open
ISR_001217,618850,ISR,אלסנאבל,,1|2,ממ,public,Israel,,,,,12,rural,31.2750849460179,34.8806208777204,official_emis,exact,open
ISR_001218,219519,ISR,אלספא סכנין,,1,ממ,public,Israel,,,,,23,urban,32.8580083810749,35.2978621515461,official_emis,exact,open
ISR_001219,618389,ISR,אלעהד,,1,ממ,public,Israel,,,,,21,peri_urban,31.3175983446758,34.8555667685818,official_emis,exact,open
ISR_001220,418384,ISR,אלעומריה,,1|2,ממ,public,Israel,,,,,23,urban,31.9332178322755,34.8868158410752,official_emis,exact,open
ISR_001221,460477,ISR,אלעזיזה,,2|3,ממ,public,Israel,,,,,30,urban,31.8706481309522,35.2230468662447,official_emis,exact,open
ISR_001222,618066,ISR,אלעטאונה,,1,ממ,public,Israel,,,,,23,urban,31.3000326721372,34.9314781884492,official_emis,exact,open
ISR_001223,219212,ISR,אלעין,,1,ממ,public,Israel,,,,,21,peri_urban,32.7221912657004,35.3485920554989,official_emis,exact,open
ISR_001224,219246,ISR,אלעין,,1,ממ,public,Israel,,,,,23,urban,32.9364716449552,35.2720037311568,official_emis,exact,open
ISR_001225,185140,ISR,אלפורסאן אלחיה,,2|3,ממ,public,Israel,,,,,,,,,official_emis,unknown,open
ISR_001226,238139,ISR,אלפורסאן יסודי,,1|2,ממ,public,Israel,,,,,,,,,official_emis,unknown,open
ISR_001227,618769,ISR,אלפורעה ב,,1|2,ממ,public,Israel,,,,,12,rural,31.2269631446735,35.1629901947457,official_emis,exact,open
ISR_001228,338632,ISR,אלפורקא,,1|2,ממ,public,Israel,,,,,30,urban,31.8165186533368,35.2301863399535,official_emis,approximate,open
ISR_001229,189910,ISR,אלפורקאן,,1|2,ממ,public,Israel,,,,,30,urban,31.8100969862562,35.2328248134203,official_emis,exact,open
ISR_001230,611418,ISR,אלפסי,,1,חמד,public,Israel,,,,,,,,,official_emis,unknown,open
ISR_001231,522441,ISR,אלפקיה,,1|2,ממ,public,Israel,,,,,30,urban,31.7987852379635,35.2429270081611,official_emis,exact,open
ISR_001232,618744,ISR,אלפרדוס,,1,ממ,public,Israel,,,,,23,urban,31.4018810395273,34.764795577705,official_emis,exact,open
ISR_001233,618405,ISR,אלקאדיסיה,,1,ממ,public,Israel,,,,,23,urban,31.2034831432627,34.8374243922763,official_emis,exact,open
ISR_001234,148064,ISR,אלקודס מכין לבנים,,2,ממ,public,Israel,,,,,,,,,official_emis,unknown,open
ISR_001235,440693,ISR,אלראזי,,1|2,ממ,public,Israel,,,,,30,urban,31.8111489437436,35.244706391307,official_emis,approximate,open
ISR_001236,318667,ISR,אלראזי,,1,ממ,public,Israel,,,,,21,peri_urban,32.4172406794693,35.0296287247174,official_emis,exact,open
ISR_001237,417170,ISR,אלראזי,,1,ממ,public,Israel,,,,,23,urban,31.9548021619247,34.8994239339608,official_emis,exact,open
ISR_001238,618561,ISR,אלראזי,,1,ממ,public,Israel,,,,,21,peri_urban,31.1519464321016,35.0110826332219,official_emis,approximate,open
ISR_001239,218610,ISR,אלראזי  ב,,1,ממ,public,Israel,,,,,30,urban,32.7089089618832,35.3018554872442,official_emis,exact,open
ISR_001240,219451,ISR,אלראזי טמרה,,1,ממ,public,Israel,,,,,23,urban,32.851731133039,35.2120099175671,official_emis,exact,open
ISR_001241,362186,ISR,אלרואד יסודי,,1|2,ממ,public,Israel,,,,,30,urban,32.8003559898291,35.1665984957117,official_emis,exact,open
ISR_001242,618512,ISR,אלרחמה,,1|2,ממ,public,Israel,,,,,23,urban,31.3980123798234,34.7596930764838,official_emis,exact,open
ISR_001243,618421,ISR,אלרסאלה,,1,ממ,public,Israel,,,,,23,urban,31.2438444314736,34.8537807447936,official_emis,exact,open
ISR_001244,318097,ISR,אלשאטאא,,1,ממ,public,Israel,,,,,23,urban,32.5332071073862,34.9061170876258,official_emis,exact,open
ISR_001245,318402,ISR,אלשאפעי,,1,ממ,public,Israel,,,,,23,urban,32.4202451331967,35.0516725889293,official_emis,exact,open
ISR_001246,219113,ISR,אלשריף,,1,ממ,public,Israel,,,,,23,urban,32.8623435233084,35.1908673522158,official_emis,exact,open
ISR_001247,118299,ISR,אלתורי לבנות,,1,ממ,public,Israel,,,,,30,urban,31.7806482607035,35.245770075015,official_emis,exact,open
ISR_001248,510362,ISR,אמונים מד,,1,חמד,public,Israel,,,,,30,urban,32.0717703645778,34.8094161531433,official_emis,exact,open
ISR_001249,414433,ISR,אמיר,,1,ממ,public,Israel,,,,,30,urban,32.0843342451408,34.8980410692411,official_emis,exact,open
ISR_001250,178137,ISR,אמירה בסמא,,1|2,ממ,public,Israel,,,,,30,urban,31.7814688266323,35.2461188447894,official_emis,exact,open
ISR_001251,614040,ISR,אמירים,,1,ממ,public,Israel,,,,,30,urban,31.7793135273291,34.6481767464058,official_emis,exact,open
ISR_001252,313478,ISR,אמירים,,1,ממ,public,Israel,,,,,21,peri_urban,32.5177977918885,34.9346484122867,official_emis,exact,open
ISR_001253,312173,ISR,אמירים,,1,ממ,public,Israel,,,,,30,urban,32.8478183420614,35.0704602171026,official_emis,exact,open
ISR_001254,512798,ISR,אמירים,,1,ממ,public,Israel,,,,,30,urban,32.1350351757233,34.8377905154765,official_emis,exact,open
ISR_001255,514125,ISR,אמירים,,1,ממ,public,Israel,,,,,30,urban,31.9962151366843,34.7700573856151,official_emis,exact,open
ISR_001256,482109,ISR,אנטרופוסופי,,1|2,ממ,public,Israel,,,,,30,urban,31.9323168810659,34.8041658789779,official_emis,exact,open
ISR_001257,444687,ISR,אנקורי,,2|3,ממ,public,Israel,,,,,30,urban,31.9722391607539,34.8096315161608,official_emis,exact,open
ISR_001258,640807,ISR,אנקורי,,3,ממ,public,Israel,,,,,,,,,official_emis,unknown,open
ISR_001259,141978,ISR,אנקורי,,3,ממ,public,Israel,,,,,30,urban,31.781501889432,35.2186792756688,official_emis,exact,open
ISR_001260,540807,ISR,אנקורי,,2|3,ממ,public,Israel,,,,,30,urban,32.0746790551248,34.7696125846046,official_emis,exact,open
ISR_001261,441188,ISR,אנקורי סניף רעננה,,3,ממ,public,Israel,,,,,30,urban,32.1812975527371,34.8706670293669,official_emis,exact,open
ISR_001262,442004,ISR,אנקורי פתח תקווה,,2|3,ממ,public,Israel,,,,,30,urban,32.0794006394737,34.9014680851221,official_emis,exact,open
ISR_001263,340778,ISR,אנקורי קרית ביאליק,,3,ממ,public,Israel,,,,,30,urban,32.8227422237503,35.0791480107206,official_emis,exact,open
ISR_001264,131300,ISR,אסיף,,1,ממ,public,Israel,,,,,30,urban,31.9097398486752,35.0045875508171,official_emis,exact,open
ISR_001265,611392,ISR,אסף-מימון,,1,חמד,public,Israel,,,,,30,urban,31.6675177753176,34.5902162701787,official_emis,exact,open
ISR_001266,359323,ISR,אפוסקופי מאר אליאס,,2|3,ממ,public,Israel,,,,,,,,,official_emis,unknown,open
ISR_001267,614057,ISR,אפיק,,1,ממ,public,Israel,,,,,30,urban,31.260504519564,34.7662083121909,official_emis,exact,open
ISR_001268,210120,ISR,אפיקי-ירדן,,1|2,ממ,public,Israel,,,,,13,rural,32.6813709911506,35.5764749820652,official_emis,exact,open
ISR_001269,614602,ISR,אפיקים בנגב,,1,חמד,public,Israel,,,,,30,urban,31.2713464824459,34.8023845266058,official_emis,exact,open
ISR_001270,210138,ISR,אפק-יסודי,,1,ממ,public,Israel,,,,,12,rural,32.8367122101133,35.1270319112554,official_emis,exact,open
ISR_001271,112227,ISR,אפרתה,,1,חמד,public,Israel,,,,,30,urban,31.7570529552966,35.2173139605145,official_emis,exact,open
ISR_001272,140053,ISR,אקדמיה למוסיקה,,2|3,ממ,public,Israel,,,,,30,urban,31.776965984379,35.1943230500555,official_emis,exact,open
ISR_001273,112243,ISR,אקדמיה ע ש רובין,,2,ממ,public,Israel,,,,,30,urban,31.776965984379,35.1943230500555,official_emis,exact,open
ISR_001274,360818,ISR,אקדמיית אלמוסתקבל,,2|3,ממ,public,Israel,,,,,,,,,official_emis,unknown,open
ISR_001275,419242,ISR,אקדמיית אלמסתקבאל,,1|2,ממ,public,Israel,,,,,30,urban,31.7968635158382,35.2454816104575,official_emis,approximate,open
ISR_001276,217067,ISR,אקליריקיה נצרת,,1|2,ממ,public,Israel,,,,,30,urban,32.6959175044737,35.2860799427656,official_emis,exact,open
ISR_001277,212589,ISR,ארבל מד-נצרת עלית,,1,חמד,public,Israel,,,,,30,urban,32.705988435697,35.3217429689175,official_emis,exact,open
ISR_001278,416651,ISR,ארגמן,,1,ממ,public,Israel,,,,,30,urban,31.9280729237594,34.7857003213984,official_emis,exact,open
ISR_001279,110312,ISR,ארגנטינה,,1,ממ,public,Israel,,,,,30,urban,31.7654939194986,35.2203130059765,official_emis,exact,open
ISR_001280,512905,ISR,ארזים,,1,ממ,public,Israel,,,,,30,urban,32.1182911879347,34.7972103517373,official_emis,exact,open
ISR_001281,613208,ISR,ארזים,,1,ממ,public,Israel,,,,,30,urban,31.7967552633575,34.6421168639107,official_emis,exact,open
ISR_001282,211375,ISR,ארזים -מעלות תרשיחא,,1,ממ,public,Israel,,,,,23,urban,33.0132781962461,35.284037789321,official_emis,exact,open
ISR_001283,212217,ISR,ארזים רמת ישי,,1,ממ,public,Israel,,,,,23,urban,32.7012397890789,35.1647208250554,official_emis,exact,open
ISR_001284,112185,ISR,אריאל,,1,ממ,public,Israel,,,,,30,urban,31.7322335170539,35.1874057361791,official_emis,exact,open
ISR_001285,614123,ISR,אריאל,,1,חמד,public,Israel,,,,,30,urban,31.7837665415063,34.6477172159228,official_emis,exact,open
ISR_001286,610162,ISR,ארלוזורוב,,1,ממ,public,Israel,,,,,30,urban,31.659403672256,34.563214705529,official_emis,exact,open
ISR_001287,310391,ISR,ארלוזורוב,,1,ממ,public,Israel,,,,,30,urban,32.8270997289544,35.0726272861682,official_emis,exact,open
ISR_001288,310235,ISR,ארלוזורוב,,1,ממ,public,Israel,,,,,30,urban,32.441595100308,34.9238695819419,official_emis,exact,open
ISR_001289,210690,ISR,ארליך - טבריה,,1,ממ,public,Israel,,,,,23,urban,32.7970667768877,35.5317643567091,official_emis,exact,open
ISR_001290,513077,ISR,ארן,,1,ממ,public,Israel,,,,,30,urban,32.1077337941082,34.7896606144394,official_emis,exact,open
ISR_001291,160598,ISR,ארץ הצבי,,2|3,חמד,public,Israel,,,,,30,urban,31.7293930423597,35.1903502200192,official_emis,exact,open
ISR_001292,470013,ISR,ארץ יהודה,,2|3,חמד,public,Israel,,,,,11,rural,31.6207099994509,34.9243805413823,official_emis,exact,open
ISR_001293,411264,ISR,אשכול,,1,ממ,public,Israel,,,,,30,urban,31.9269751081258,34.8032056236008,official_emis,exact,open
ISR_001294,614313,ISR,אשכול,,1,ממ,public,Israel,,,,,30,urban,31.7836068107346,34.6608414789013,official_emis,exact,open
ISR_001295,613315,ISR,אשכול,,1,ממ,public,Israel,,,,,30,urban,31.2433103780356,34.7757877716015,official_emis,exact,open
ISR_001296,413161,ISR,אשכול,,1|2,ממ,public,Israel,,,,,23,urban,31.9495919511681,34.8856700880889,official_emis,exact,open
ISR_001297,213751,ISR,אשכול עכו,,1,ממ,public,Israel,,,,,23,urban,32.9371318084003,35.0901288571462,official_emis,exact,open
ISR_001298,413401,ISR,אשכולות,,1,ממ,public,Israel,,,,,12,rural,31.9560714121504,34.7987317845141,official_emis,exact,open
ISR_001299,310078,ISR,אשכולות,,1,ממ,public,Israel,,,,,21,peri_urban,32.5190168459431,34.948406232718,official_emis,exact,open
ISR_001300,680025,ISR,אשל הנשיא,,2|3,ממ,public,Israel,,,,,12,rural,31.3250125240138,34.7009072097667,official_emis,exact,open
ISR_001301,513713,ISR,אשלים,,1,ממ,public,Israel,,,,,30,urban,31.9971506763722,34.7693757109279,official_emis,exact,open
ISR_001302,610063,ISR,אשלים,,1,ממ,public,Israel,,,,,23,urban,31.3190335711914,34.6162114965743,official_emis,exact,open
ISR_001303,415943,ISR,אתרים,,1,ממ,public,Israel,,,,,30,urban,31.9687025763386,34.773149127134,official_emis,exact,open
ISR_001304,411371,ISR,בארי,,1,ממ,public,Israel,,,,,30,urban,32.3364928679437,34.8607939929014,official_emis,exact,open
ISR_001305,411876,ISR,בארי,,1,ממ,public,Israel,,,,,30,urban,31.9672038230364,34.7943878220761,official_emis,exact,open
ISR_001306,610246,ISR,בארי,,1,ממ,public,Israel,,,,,30,urban,31.2434938933342,34.7877118773826,official_emis,exact,open
ISR_001307,513051,ISR,בבלי,,1,ממ,public,Israel,,,,,30,urban,32.0951103477046,34.7957030235677,official_emis,exact,open
ISR_001308,510313,ISR,בורוכוב,,1|2,ממ,public,Israel,,,,,30,urban,32.0785213636401,34.8112088782785,official_emis,exact,open
ISR_001309,410779,ISR,ביאליק,,1,ממ,public,Israel,,,,,23,urban,31.8697922719298,34.7450355660841,official_emis,exact,open
ISR_001310,411389,ISR,ביאליק,,1,ממ,public,Israel,,,,,30,urban,32.3313508977315,34.8535380421055,official_emis,exact,open
ISR_001311,510487,ISR,ביאליק,,1,ממ,public,Israel,,,,,30,urban,32.0203249336477,34.7740611753397,official_emis,exact,open
ISR_001312,311431,ISR,ביאליק,,1,ממ,public,Israel,,,,,30,urban,32.8217891668169,35.0819152213955,official_emis,exact,open
ISR_001313,511113,ISR,ביאליק,,1,ממ,public,Israel,,,,,30,urban,32.0553275591392,34.772541986451,official_emis,exact,open
ISR_001314,414003,ISR,ביאליק,,1,ממ,public,Israel,,,,,30,urban,32.0771308434942,34.8771892332196,official_emis,exact,open
ISR_001315,212167,ISR,ביכורה מד-רחוב,,1,חמד,public,Israel,,,,,13,rural,32.4481038400451,35.4860015637417,official_emis,exact,open
ISR_001316,362061,ISR,בין ההדרים,,1,ממ,public,Israel,,,,,21,peri_urban,32.2418452599035,34.9235305193393,official_emis,exact,open
ISR_001317,312603,ISR,ביס חבד ק חיים,,1|2,חמד,public,Israel,,,,,30,urban,32.841677872587,35.0705121733958,official_emis,exact,open
ISR_001318,288191,ISR,ביס יסודי,,1,ממ,public,Israel,,,,,23,urban,32.7788551017694,35.2207457449984,official_emis,exact,open
ISR_001319,544627,ISR,ביס לטבע סביבה וחברה,,2,ממ,public,Israel,,,,,30,urban,32.0480384486115,34.769145685002,official_emis,exact,open
ISR_001320,614446,ISR,ביס קהילתי נאות סמדר,,1|2,ממ,public,Israel,,,,,11,rural,30.0516055940558,35.0246215113213,official_emis,exact,open
ISR_001321,218230,ISR,ביר אל מכסור ב,,1,ממ,public,Israel,,,,,23,urban,32.7790355210117,35.2201266890779,official_emis,exact,open
ISR_001322,418020,ISR,ביר אל סיכה,,1,ממ,public,Israel,,,,,23,urban,32.3667350069186,35.03087355549,official_emis,exact,open
ISR_001323,618785,ISR,ביר אלמשוש,,1|2,ממ,public,Israel,,,,,13,rural,31.1977470489005,34.9493784797219,official_emis,exact,open
ISR_001324,411835,ISR,בית אור,,1|2,ממ,public,Israel,,,,,21,peri_urban,31.81714777408,34.7964782656636,official_emis,exact,open
ISR_001325,343905,ISR,בית אל,,1|2,ממ,public,Israel,,,,,21,peri_urban,32.5727608471717,34.9624279486577,official_emis,exact,open
ISR_001326,618298,ISR,בית אל-חכמה,,1,ממ,public,Israel,,,,,23,urban,31.3930501144379,34.764374128194,official_emis,exact,open
ISR_001327,610428,ISR,בית הגדי,,1,חמד,public,Israel,,,,,23,urban,31.4225594975434,34.6043129162966,official_emis,exact,open
ISR_001328,210500,ISR,בית החינוך -דגניה א,,1|2,ממ,public,Israel,,,,,13,rural,32.7099524511777,35.5743217605786,official_emis,exact,open
ISR_001329,476382,ISR,בית החינוך הדמוקרטי,,3,ממ,public,Israel,,,,,,,,,official_emis,unknown,open
ISR_001330,311415,ISR,בית הילד נוה מיכאל,,1,חמד,public,Israel,,,,,,,,,official_emis,unknown,open
ISR_001331,110155,ISR,בית הכרם,,1,ממ,public,Israel,,,,,30,urban,31.7811681183469,35.1895821776118,official_emis,exact,open
ISR_001332,213660,ISR,בית הספר האזורי משגב,,1,ממ,public,Israel,,,,,12,rural,32.8567515948563,35.2574675206806,official_emis,exact,open
ISR_001333,711770,ISR,בית הספר השיטה,,3,ממ,public,Israel,,,,,30,urban,31.8763869568704,34.8131268948104,official_emis,exact,open
ISR_001334,370049,ISR,בית הספר רעות לאמנויות,,2|3,ממ,public,Israel,,,,,30,urban,32.8011329354681,34.9948121467842,official_emis,exact,open
ISR_001335,540369,ISR,בית וגן דרכא,,2|3,חמד,public,Israel,,,,,30,urban,32.0240846180526,34.74553728739,official_emis,exact,open
ISR_001336,213637,ISR,בית זאב-גאולים עפולה,,1,ממ,public,Israel,,,,,23,urban,32.6077689038762,35.2802896369955,official_emis,exact,open
ISR_001337,111724,ISR,בית חורון,,1,חמד,public,Israel,,,,,21,peri_urban,31.8748310945202,35.1315678522091,official_emis,exact,open
ISR_001338,313585,ISR,בית חיה,,1|2,חמד,public,Israel,,,,,30,urban,32.8409123696125,35.0713891926124,official_emis,exact,open
ISR_001339,114132,ISR,בית חיה לבנות,,1|2,חמד,public,Israel,,,,,30,urban,31.6941162060526,35.1126074665166,official_emis,exact,open
ISR_001340,344150,ISR,בית חיה מושקא,,2|3,חמד,public,Israel,,,,,30,urban,32.8414070101879,35.0701814573154,official_emis,exact,open
ISR_001341,444679,ISR,בית חינוך אמית רננים,,2|3,חמד,public,Israel,,,,,30,urban,32.1888117321506,34.8749980205969,official_emis,exact,open
ISR_001342,841254,ISR,בית חינוך ירקון,,2|3,ממ,public,Israel,,,,,12,rural,32.1339205956178,34.9119072361462,official_emis,exact,open
ISR_001343,361493,ISR,בית חינוך כרמים,,1,ממ,public,Israel,,,,,30,urban,31.919092182831,35.0048528054166,official_emis,exact,open
ISR_001344,430462,ISR,בית חינוך פאול קור,,1,ממ,public,Israel,,,,,30,urban,32.107601388796,34.8767627230644,official_emis,exact,open
ISR_001345,570085,ISR,בית חינוך קהילתי אורט,,2|3,ממ,public,Israel,,,,,30,urban,32.0711181787314,34.7673418371349,official_emis,exact,open
ISR_001346,770495,ISR,בית חנה,,2|3,חמד,public,Israel,,,,,30,urban,31.7933424177452,35.2239289499066,official_emis,exact,open
ISR_001347,270801,ISR,בית חנה,,2|3,חמד,public,Israel,,,,,23,urban,32.9662557551059,35.5040628162568,official_emis,exact,open
ISR_001348,412387,ISR,בית חנה,,1|2,חמד,public,Israel,,,,,,,,,official_emis,unknown,open
ISR_001349,540658,ISR,בית חנינא,,2|3,ממ,public,Israel,,,,,,,,,official_emis,unknown,open
ISR_001350,118083,ISR,בית חנינה לבנות,,1,ממ,public,Israel,,,,,30,urban,31.8305703318569,35.224507157335,official_emis,exact,open
ISR_001351,118075,ISR,בית חנינה לבנים,,1,ממ,public,Israel,,,,,30,urban,31.8305703318569,35.224507157335,official_emis,exact,open
ISR_001352,311217,ISR,בית יהושע,,1,ממ,public,Israel,,,,,30,urban,32.7631170562344,35.0505985855991,official_emis,exact,open
ISR_001353,610121,ISR,בית יחזקאל,,1,ממ,public,Israel,,,,,30,urban,31.6789560046674,34.5669190240603,official_emis,exact,open
ISR_001354,440669,ISR,בית יעקב שבילי בינה,,2|3,חמד,public,Israel,,,,,,,,,official_emis,unknown,open
ISR_001355,248278,ISR,בית ספר אלבשאאר,,2|3,ממ,public,Israel,,,,,23,urban,32.8596400476203,35.3097226332473,official_emis,exact,open
ISR_001356,338699,ISR,בית ספר אלזהרא,,1|2,ממ,public,Israel,,,,,30,urban,31.7968635158382,35.2454816104575,official_emis,approximate,open
ISR_001357,499913,ISR,בית ספר אלמלאק אלסגי,,1|2,ממ,public,Israel,,,,,,,,,official_emis,unknown,open
ISR_001358,430355,ISR,בית ספר אלעזיזה,,1|2,ממ,public,Israel,,,,,30,urban,31.8706481309522,35.2230468662447,official_emis,exact,open
ISR_001359,456061,ISR,בית ספר נור אלקודס,,1|2,ממ,public,Israel,,,,,,,,,official_emis,unknown,open
ISR_001360,430439,ISR,בית ספר רואא,,1|2,ממ,public,Israel,,,,,30,urban,31.8468394002651,35.2249966636804,official_emis,exact,open
ISR_001361,508283,ISR,בית ספר תיכון מדל אי,,2|3,ממ,public,Israel,,,,,,,,,official_emis,unknown,open
ISR_001362,476549,ISR,בית ספר תיכון רוואד,,2|3,ממ,public,Israel,,,,,,,,,official_emis,unknown,open
ISR_001363,118091,ISR,בית צפאפא יסודי,,1,ממ,public,Israel,,,,,30,urban,31.8412521768724,35.2451948400632,official_emis,exact,open
ISR_001364,440214,ISR,בית רבקה,,2|3,חמד,public,Israel,,,,,12,rural,31.9941625623265,34.8625954537144,official_emis,exact,open
ISR_001365,440685,ISR,בית שכונת זגיר,,1|2,ממ,public,Israel,,,,,30,urban,31.8720818274012,35.2244844095231,official_emis,exact,open
ISR_001366,111849,ISR,בית-אל בנות,,1|2,חמד,public,Israel,,,,,30,urban,31.9406301837441,35.2215485407214,official_emis,exact,open
ISR_001367,113324,ISR,בית-אל בנים,,1|2,חמד,public,Israel,,,,,30,urban,31.9412343779406,35.2217495955359,official_emis,exact,open
ISR_001368,413351,ISR,בכור לוי,,1,ממ,public,Israel,,,,,30,urban,31.9031836695992,34.8143032578492,official_emis,exact,open
ISR_001369,511121,ISR,בלפור,,1,ממ,public,Israel,,,,,30,urban,32.0673487560474,34.7726231609135,official_emis,exact,open
ISR_001370,614495,ISR,בן גוריון,,1,ממ,public,Israel,,,,,30,urban,31.2683386117901,34.8096528300522,official_emis,exact,open
ISR_001371,512996,ISR,בן גוריון,,1|2,ממ,public,Israel,,,,,30,urban,32.0767332172378,34.8162156893988,official_emis,exact,open
ISR_001372,413856,ISR,בן גוריון,,1,ממ,public,Israel,,,,,30,urban,32.1818192276801,34.9024123481969,official_emis,exact,open
ISR_001373,411983,ISR,בן גוריון,,1,ממ,public,Israel,,,,,30,urban,31.8782787161195,34.8153911587939,official_emis,exact,open
ISR_001374,513606,ISR,בן גוריון,,1,ממ,public,Israel,,,,,30,urban,31.9976586135395,34.7649922389869,official_emis,exact,open
ISR_001375,312371,ISR,בן גוריון,,1,ממ,public,Israel,,,,,30,urban,32.7898414991959,34.998937926276,official_emis,exact,open
ISR_001376,410373,ISR,בן גוריון,,1,ממ,public,Israel,,,,,23,urban,31.7914368116228,34.7170523254556,official_emis,exact,open
ISR_001377,413682,ISR,בן גוריון,,1,ממ,public,Israel,,,,,23,urban,31.8721249271212,34.7417056661782,official_emis,exact,open
ISR_001378,413443,ISR,בן גוריון,,1|2,ממ,public,Israel,,,,,30,urban,32.0696975003138,34.8462486740536,official_emis,exact,open
ISR_001379,510859,ISR,בן גוריון,,1|2,ממ,public,Israel,,,,,30,urban,32.0862525249918,34.8179761711311,official_emis,exact,open
ISR_001380,413880,ISR,בן גוריון,,1,ממ,public,Israel,,,,,21,peri_urban,31.9214977067507,34.8604643562264,official_emis,exact,open
ISR_001381,312611,ISR,בן גוריון,,1,ממ,public,Israel,,,,,30,urban,32.840373785806,35.0826266887489,official_emis,exact,open
ISR_001382,513101,ISR,בן גוריון,,1,ממ,public,Israel,,,,,30,urban,32.0118541876602,34.747471607096,official_emis,exact,open
ISR_001383,541037,ISR,בן גוריון,,2,ממ,public,Israel,,,,,30,urban,32.1651379911433,34.8289872197512,official_emis,exact,open
ISR_001384,611780,ISR,בן עטר,,1,חמד,public,Israel,,,,,23,urban,31.0704804424816,35.0345725538923,official_emis,exact,open
ISR_001385,411959,ISR,בן צבי,,1,ממ,public,Israel,,,,,30,urban,31.8886174836013,34.8078959527866,official_emis,exact,open
ISR_001386,412858,ISR,בן צבי,,1,ממ,public,Israel,,,,,23,urban,31.9291572371615,34.8616096055665,official_emis,exact,open
ISR_001387,413666,ISR,בן צבי,,1,ממ,public,Israel,,,,,30,urban,31.9332185876561,34.7928467936743,official_emis,exact,open
ISR_001388,513242,ISR,בן צבי,,1,ממ,public,Israel,,,,,30,urban,32.0101015840165,34.7696743795677,official_emis,exact,open
ISR_001389,212738,ISR,בן צבי-עפולה,,1,ממ,public,Israel,,,,,21,peri_urban,32.6156450289428,35.3312035028272,official_emis,exact,open
ISR_001390,440248,ISR,בן-גוריון נס-ציונה,,2|3,ממ,public,Israel,,,,,30,urban,31.9338128160431,34.7925480455487,official_emis,exact,open
ISR_001391,611699,ISR,בן-צבי,,1,ממ,public,Israel,,,,,21,peri_urban,31.612991929318,34.7755987757058,official_emis,exact,open
ISR_001392,240630,ISR,בני הגולן,,2|3,חמד,public,Israel,,,,,12,rural,32.8453811125354,35.8096450573442,official_emis,exact,open
ISR_001393,460410,ISR,בני חיל שומרון,,2|3,חמד,public,Israel,,,,,12,rural,32.2051507578706,35.1631670367912,official_emis,exact,open
ISR_001394,660266,ISR,בני יששכר,,2|3,חמד,public,Israel,,,,,12,rural,31.6989660569936,34.6037322369025,official_emis,exact,open
ISR_001395,560177,ISR,בס תכון אבו טור בנות,,2|3,ממ,public,Israel,,,,,30,urban,31.7637424871097,35.2313540022718,official_emis,approximate,open
ISR_001396,248674,ISR,בסמת טבעון,,2|3,ממ,public,Israel,,,,,23,urban,32.7378831881812,35.1584418250041,official_emis,exact,open
ISR_001397,511790,ISR,בעל שם טוב מד,,1,חמד,public,Israel,,,,,30,urban,32.0482607237426,34.806594863278,official_emis,exact,open
ISR_001398,217174,ISR,בפטיסטים,,1|2,ממ,public,Israel,,,,,30,urban,32.705310982114,35.3020435534176,official_emis,exact,open
ISR_001399,453605,ISR,בר אילן בנים,,2|3,חמד,public,Israel,,,,,30,urban,32.2967876313757,34.8540004228796,official_emis,exact,open
ISR_001400,510453,ISR,בר אילן מד,,1,חמד,public,Israel,,,,,30,urban,32.1656996199231,34.839088356611,official_emis,exact,open
ISR_001401,415430,ISR,בר לב,,1,ממ,public,Israel,,,,,30,urban,32.1007082344492,34.8719775637165,official_emis,exact,open
ISR_001402,476929,ISR,בראשית,,1,ממ,public,Israel,,,,,30,urban,32.0520393693461,34.8622321678331,official_emis,exact,open
ISR_001403,384248,ISR,בראשית,,1,ממ,public,Israel,,,,,21,peri_urban,32.5256790022071,34.9346674306363,official_emis,exact,open
ISR_001404,417238,ISR,בראשית,,1|2,ממ,public,Israel,,,,,21,peri_urban,31.8431994272354,34.8014557975766,official_emis,exact,open
ISR_001405,412213,ISR,ברטוב,,1,ממ,public,Israel,,,,,30,urban,32.1832660491924,34.8751028280415,official_emis,exact,open
ISR_001406,318089,ISR,ברטעה,,1,ממ,public,Israel,,,,,23,urban,32.4751811533393,35.0865679631496,official_emis,exact,open
ISR_001407,211490,ISR,ברל כצנלסון נהריה,,1,ממ,public,Israel,,,,,30,urban,33.00919493655,35.1020430890569,official_emis,exact,open
ISR_001408,510388,ISR,ברנדיס,,1,ממ,public,Israel,,,,,30,urban,32.1702296869793,34.8159255749766,official_emis,exact,open
ISR_001409,613505,ISR,ברנע,,1,חמד,public,Israel,,,,,30,urban,31.6817367234114,34.5747990845958,official_emis,exact,open
ISR_001410,260497,ISR,ברנקו וייס אופק מעלה א,,3,ממ,public,Israel,,,,,30,urban,31.7795353632031,35.3132110165522,official_emis,exact,open
ISR_001411,226670,ISR,ברנקו וייס אתגרי בית ש,,3,ממ,public,Israel,,,,,30,urban,31.7474383062281,34.989180184101,official_emis,exact,open
ISR_001412,641118,ISR,ברנקו וייס באר שבע,,2|3,ממ,public,Israel,,,,,30,urban,31.249871054196,34.7907072940084,official_emis,exact,open
ISR_001413,240655,ISR,ברנקו וייס גולן,,2|3,ממ,public,Israel,,,,,12,rural,32.8517301347139,35.6702822668676,official_emis,exact,open
ISR_001414,240796,ISR,ברנקו וייס טבריה,,2|3,ממ,public,Israel,,,,,23,urban,32.7954476390313,35.530263809686,official_emis,exact,open
ISR_001415,440594,ISR,ברנקו וייס מודיעין,,2|3,ממ,public,Israel,,,,,30,urban,31.8928788211046,35.0185240833607,official_emis,exact,open
ISR_001416,160432,ISR,ברנקו וייס מקיף בית שמ,,2|3,ממ,public,Israel,,,,,30,urban,31.7442296617312,34.99032738524,official_emis,exact,open
ISR_001417,244566,ISR,ברנקו וייס מרום גליל,,3,ממ,public,Israel,,,,,13,rural,32.9981977700745,35.4432223395161,official_emis,exact,open
ISR_001418,442822,ISR,ברנקו וייס עין נקובה ע,,2|3,ממ,public,Israel,,,,,30,urban,31.7954901688315,35.1213348914921,official_emis,exact,open
ISR_001419,240804,ISR,ברנקו וייס קריית שמונה,,3,ממ,public,Israel,,,,,23,urban,33.219281740449,35.5760421757081,official_emis,exact,open
ISR_001420,441949,ISR,ברנקו וייס רמלה,,2|3,ממ,public,Israel,,,,,23,urban,31.9222209253674,34.8644690989964,official_emis,exact,open
ISR_001421,340273,ISR,ברנקו וייס תחכמוני חדר,,3,חמד,public,Israel,,,,,,,,,official_emis,unknown,open
ISR_001422,410860,ISR,ברנר,,1,ממ,public,Israel,,,,,30,urban,32.1771344044794,34.8967763760914,official_emis,exact,open
ISR_001423,512814,ISR,ג.יוספטל,,1,ממ,public,Israel,,,,,30,urban,32.025222708497,34.8075413313357,official_emis,exact,open
ISR_001424,610097,ISR,גאולים,,1,ממ,public,Israel,,,,,30,urban,31.8057013905259,34.6421260360866,official_emis,exact,open
ISR_001425,110171,ISR,גאולים א,,1,ממ,public,Israel,,,,,30,urban,31.7557180944819,35.2184959166789,official_emis,exact,open
ISR_001426,260133,ISR,גאון הירדן,,2|3,ממ,public,Israel,,,,,12,rural,32.492411838164,35.5287309763546,official_emis,exact,open
ISR_001427,219022,ISR,גבור גבור שפרעם,,1,ממ,public,Israel,,,,,30,urban,32.8014943708743,35.1749044266869,official_emis,exact,open
ISR_001428,511170,ISR,גבורי ישראל,,1,ממ,public,Israel,,,,,30,urban,32.0603389588653,34.7962495586246,official_emis,exact,open
ISR_001429,311019,ISR,גבורי עציון,,1,חמד,public,Israel,,,,,,,,,official_emis,unknown,open
ISR_001430,612788,ISR,גבים,,1,ממ,public,Israel,,,,,30,urban,31.2562744390244,34.7688210393516,official_emis,exact,open
ISR_001431,310128,ISR,גבע- גבעת עדה,,1,ממ,public,Israel,,,,,12,rural,32.5166823747846,35.0035744149452,official_emis,exact,open
ISR_001432,310268,ISR,גבעול,,1|2,ממ,public,Israel,,,,,30,urban,32.4338430703655,34.8835838296068,official_emis,exact,open
ISR_001433,510685,ISR,גבעולים,,1|2,ממ,public,Israel,,,,,30,urban,32.0884076786486,34.812066921825,official_emis,exact,open
ISR_001434,311258,ISR,גבעון,,1,ממ,public,Israel,,,,,,,,,official_emis,unknown,open
ISR_001435,111203,ISR,גבעת גונן,,1,ממ,public,Israel,,,,,30,urban,31.7541672314587,35.1938189263001,official_emis,exact,open
ISR_001436,610881,ISR,גבריאל,,1,ממ,public,Israel,,,,,23,urban,31.0614816784611,35.0365897318975,official_emis,exact,open
ISR_001437,312132,ISR,גבריאלי,,1,ממ,public,Israel,,,,,30,urban,32.7956950708627,35.0171695824844,official_emis,exact,open
ISR_001438,511352,ISR,גבריאלי-הכרמל,,1,ממ,public,Israel,,,,,30,urban,32.0751376364898,34.7771725463615,official_emis,exact,open
ISR_001439,411553,ISR,גדרות -עשרת,,1|2,ממ,public,Israel,,,,,21,peri_urban,31.8238929278225,34.7434991257534,official_emis,exact,open
ISR_001440,110320,ISR,גואטמלה,,1,ממ,public,Israel,,,,,30,urban,31.7575070819026,35.1639478289776,official_emis,exact,open
ISR_001441,218602,ISR,גובראן חליל גובראן(א,,1,ממ,public,Israel,,,,,30,urban,32.7035917416377,35.2980636584939,official_emis,exact,open
ISR_001442,413799,ISR,גוונים,,1,ממ,public,Israel,,,,,21,peri_urban,31.8835992578414,34.84920104806,official_emis,exact,open
ISR_001443,413963,ISR,גוונים,,1,ממ,public,Israel,,,,,23,urban,31.8023319946661,34.7857721979064,official_emis,exact,open
ISR_001444,211714,ISR,גוונים-עין המפרץ,,1,ממ,public,Israel,,,,,21,peri_urban,32.8974458910581,35.0970416630156,official_emis,exact,open
ISR_001445,420562,ISR,גולדה,,2|3,ממ,public,Israel,,,,,,,,,official_emis,unknown,open
ISR_001446,475053,ISR,גולדה מאיר,,1,ממ,public,Israel,,,,,30,urban,32.1662707715832,34.8979578986593,official_emis,exact,open
ISR_001447,414029,ISR,גולדה מאיר,,1,ממ,public,Israel,,,,,30,urban,32.1797203965704,34.9110610334495,official_emis,exact,open
ISR_001448,613216,ISR,גולדה מאיר,,1,ממ,public,Israel,,,,,30,urban,31.2630684095044,34.7722651506884,official_emis,exact,open
ISR_001449,511204,ISR,גולומב,,1,ממ,public,Israel,,,,,,,,,official_emis,unknown,open
ISR_001450,510933,ISR,גולן,,1,ממ,public,Israel,,,,,30,urban,32.1436227459584,34.8324883611932,official_emis,exact,open
ISR_001451,213306,ISR,גולן-נצרת עלית,,1,ממ,public,Israel,,,,,30,urban,32.6973082545729,35.3181377875431,official_emis,exact,open
ISR_001452,510404,ISR,גורדון,,1,ממ,public,Israel,,,,,30,urban,32.1640057641212,34.855591102222,official_emis,exact,open
ISR_001453,310979,ISR,גורדון,,1,ממ,public,Israel,,,,,23,urban,32.8081005865469,35.1125247908868,official_emis,exact,open
ISR_001454,411603,ISR,גורדון,,1,ממ,public,Israel,,,,,30,urban,32.087149308506,34.8912629569888,official_emis,exact,open
ISR_001455,410878,ISR,גורדון,,1,ממ,public,Israel,,,,,30,urban,32.1774719666456,34.9176209745155,official_emis,exact,open
ISR_001456,310458,ISR,גורדון,,1,ממ,public,Israel,,,,,30,urban,32.8331715753625,35.0594386945912,official_emis,exact,open
ISR_001457,211797,ISR,גורדון - עכו,,1,ממ,public,Israel,,,,,23,urban,32.9259707389057,35.0920356235106,official_emis,exact,open
ISR_001458,211185,ISR,גיורא יוספטל,,1,ממ,public,Israel,,,,,23,urban,32.6727006217258,35.2438508419645,official_emis,exact,open
ISR_001459,430363,ISR,גיל אלמוסתקבל,,1|2,ממ,public,Israel,,,,,30,urban,31.8741112603488,35.2224028933904,official_emis,exact,open
ISR_001460,342394,ISR,גיל אלמוסתקבל,,2|3,ממ,public,Israel,,,,,30,urban,31.8721178773861,35.2246323702171,official_emis,approximate,open
ISR_001461,111500,ISR,גילה ממלכתי א,,1,ממ,public,Israel,,,,,30,urban,31.7342727000755,35.1982954254593,official_emis,exact,open
ISR_001462,111906,ISR,גילה ממלכתי ב,,1,ממ,public,Israel,,,,,30,urban,31.7295277599274,35.1859817337017,official_emis,exact,open
ISR_001463,670422,ISR,גימנסיה דרכא,,2|3,ממ,public,Israel,,,,,23,urban,31.7293728462665,34.7437883580963,official_emis,exact,open
ISR_001464,442418,ISR,גימנסיה נתניה,,3,ממ,public,Israel,,,,,30,urban,32.3281249678737,34.8609530618036,official_emis,exact,open
ISR_001465,310011,ISR,גימס רוטשילד,,1,ממ,public,Israel,,,,,23,urban,32.5180769178469,34.9142131472483,official_emis,exact,open
ISR_001466,210260,ISR,גלבוע -בית שאן,,1,ממ,public,Israel,,,,,23,urban,32.4946123269206,35.4992975553922,official_emis,exact,open
ISR_001467,311332,ISR,גלי עתלית,,1,ממ,public,Israel,,,,,13,rural,32.6952473907563,34.9472537142416,official_emis,exact,open
ISR_001468,213090,ISR,גליל,,1,ממ,public,Israel,,,,,21,peri_urban,32.8766703535644,35.3018033283943,official_emis,exact,open
ISR_001469,311225,ISR,גלילות,,1,ממ,public,Israel,,,,,30,urban,32.7697537712106,35.0435644502348,official_emis,exact,open
ISR_001470,614628,ISR,גלים,,1,ממ,public,Israel,,,,,23,urban,29.547388449455,34.9362538066014,official_emis,exact,open
ISR_001471,213074,ISR,גלעד -נצרת עלית,,1,ממ,public,Israel,,,,,,,,,official_emis,unknown,open
ISR_001472,213389,ISR,גמלא -קצרין,,1|2,ממ,public,Israel,,,,,13,rural,32.9895472174797,35.6923707791168,official_emis,exact,open
ISR_001473,247072,ISR,גמנסיה הגליל הנוצרית,,3,ממ,public,Israel,,,,,22,urban,32.8397963051945,35.3982356266322,official_emis,exact,open
ISR_001474,540443,ISR,גמנסיה מודיעים,,2|3,ממ,public,Israel,,,,,30,urban,32.0802387467393,34.815417074197,official_emis,exact,open
ISR_001475,540062,ISR,גמנסיה עברית הרצליה,,2|3,ממ,public,Israel,,,,,30,urban,32.0865968699384,34.7845022311017,official_emis,exact,open
ISR_001476,440545,ISR,גמנסיה עתידים לילנטל,,2|3,ממ,public,Israel,,,,,23,urban,31.9227598470284,34.857002035427,official_emis,exact,open
ISR_001477,344572,ISR,גמנסיה קריות פ.100,,3,ממ,public,Israel,,,,,30,urban,32.8410090885202,35.0869304020481,official_emis,exact,open
ISR_001478,440065,ISR,גמנסיה ראלית עש קררי,,2|3,ממ,public,Israel,,,,,30,urban,31.9602402619943,34.7966930502044,official_emis,exact,open
ISR_001479,480038,ISR,גן ונוף,,2|3,ממ,public,Israel,,,,,30,urban,32.082193491698,34.8929110446523,official_emis,exact,open
ISR_001480,415364,ISR,גני אביב,,1|2,ממ,public,Israel,,,,,23,urban,31.9579201995294,34.8838748241101,official_emis,exact,open
ISR_001481,412726,ISR,גני איריס,,1,ממ,public,Israel,,,,,30,urban,31.9363702991228,34.7886555080432,official_emis,exact,open
ISR_001482,416040,ISR,גני יער,,1|2,ממ,public,Israel,,,,,21,peri_urban,31.9447693362039,34.9012550613961,official_emis,exact,open
ISR_001483,112599,ISR,גפנים,,1,ממ,public,Israel,,,,,12,rural,32.1005476909277,35.4921238882747,official_emis,exact,open
ISR_001484,511220,ISR,גרץ,,1,ממ,public,Israel,,,,,30,urban,32.0849091881633,34.7760254752988,official_emis,exact,open
ISR_001485,318436,ISR,גת אלזהראא,,1,ממ,public,Israel,,,,,23,urban,32.3987781208822,35.0335438908296,official_emis,exact,open
ISR_001486,318121,ISR,דאלית אלכרמל א,,1,ממ,public,Israel,,,,,23,urban,32.691529200195,35.0424999829271,official_emis,exact,open
ISR_001487,318535,ISR,דאלית אלכרמל ב,,1,ממ,public,Israel,,,,,23,urban,32.687631856202,35.0554839386708,official_emis,exact,open
ISR_001488,318410,ISR,דאלית אלכרמל ג,,1,ממ,public,Israel,,,,,23,urban,32.7009965840247,35.0491482706826,official_emis,exact,open
ISR_001489,412676,ISR,דאר אל חכמה,,1|2,ממ,public,Israel,,,,,30,urban,31.829767693881,35.2245175475807,official_emis,approximate,open
ISR_001490,648238,ISR,דאר אלקלם,,2|3,ממ,public,Israel,,,,,23,urban,31.3912119888012,34.767515782693,official_emis,exact,open
ISR_001491,511683,ISR,דבורה עומר,,1,ממ,public,Israel,,,,,30,urban,32.2981867805951,34.8746028903027,official_emis,exact,open
ISR_001492,613901,ISR,דביר,,1,חמד,public,Israel,,,,,21,peri_urban,31.4363862684168,35.0261844857893,official_emis,exact,open
ISR_001493,614511,ISR,דביר,,1,חמד,public,Israel,,,,,30,urban,31.7827748056608,34.6602973478349,official_emis,exact,open
ISR_001494,513382,ISR,דביר,,1,חמד,public,Israel,,,,,30,urban,32.0141235365285,34.7803030924909,official_emis,exact,open
ISR_001495,344507,ISR,דגן,,2,ממ,public,Israel,,,,,30,urban,32.8204436782937,35.0629620576445,official_emis,exact,open
ISR_001496,610253,ISR,דגניה,,1,ממ,public,Israel,,,,,30,urban,31.2498726311051,34.8083859500537,official_emis,exact,open
ISR_001497,310466,ISR,דגניה,,1,ממ,public,Israel,,,,,30,urban,32.8295974224128,35.0564968337871,official_emis,exact,open
ISR_001498,614289,ISR,דוד אלעזר,,1,ממ,public,Israel,,,,,23,urban,31.6061326532995,34.753163700904,official_emis,exact,open
ISR_001499,513549,ISR,דוד אלעזר,,1,ממ,public,Israel,,,,,30,urban,32.0197365307462,34.7401924599925,official_emis,exact,open
ISR_001500,511261,ISR,דוד בלוך,,1,ממ,public,Israel,,,,,30,urban,32.0669517847905,34.7970779960037,official_emis,exact,open
ISR_001501,611012,ISR,דוד בן גוריון,,1,ממ,public,Israel,,,,,,,,,official_emis,unknown,open
ISR_001502,613265,ISR,דוד בן גוריון,,1,ממ,public,Israel,,,,,23,urban,31.3042819223422,34.6248638689665,official_emis,exact,open
ISR_001503,310474,ISR,דוד ילין,,1,ממ,public,Israel,,,,,30,urban,32.8036472088575,34.9886456998951,official_emis,exact,open
ISR_001504,511246,ISR,דוד ילין,,1,ממ,public,Israel,,,,,30,urban,32.1109703101674,34.8178720585866,official_emis,exact,open
ISR_001505,114082,ISR,דולב,,1,חמד,public,Israel,,,,,12,rural,31.9251286848642,35.1362865275995,official_emis,exact,open
ISR_001506,277012,ISR,דון בוסקו,,2|3,ממ,public,Israel,,,,,30,urban,32.705570841585,35.2920398956775,official_emis,exact,open
ISR_001507,512400,ISR,דורה לאומנויות,,1,ממ,public,Israel,,,,,30,urban,32.3009665077568,34.8586135479024,official_emis,exact,open
ISR_001508,115550,ISR,דורות,,1,ממ,public,Israel,,,,,30,urban,31.8947145213437,35.0219664157628,official_emis,exact,open
ISR_001509,511782,ISR,דיזנגוף,,1,חמד,public,Israel,,,,,30,urban,32.0435419080606,34.778113477302,official_emis,exact,open
ISR_001510,312355,ISR,דינור,,1,ממ,public,Israel,,,,,30,urban,32.7924731178891,35.0093725309239,official_emis,exact,open
ISR_001511,214494,ISR,דליות -יקנעם,,1,ממ,public,Israel,,,,,23,urban,32.6412537915351,35.0869047063394,official_emis,exact,open
ISR_001512,415893,ISR,דמוקרטי,,1,ממ,public,Israel,,,,,21,peri_urban,32.1899734393044,34.9352808040403,official_emis,exact,open
ISR_001513,442772,ISR,דמוקרטי בלב השרון,,2|3,ממ,public,Israel,,,,,12,rural,32.2869359795227,34.882849668652,official_emis,exact,open
ISR_001514,430173,ISR,דמוקרטי בעמק,,1|2,חמד,public,Israel,,,,,21,peri_urban,32.6918320915081,35.1992962391605,official_emis,exact,open
ISR_001515,416289,ISR,דמוקרטי הוד השרון,,1|2,ממ,public,Israel,,,,,30,urban,32.1544394710665,34.8834642975167,official_emis,exact,open
ISR_001516,515395,ISR,דמוקרטי קרית אונו,,1|2,ממ,public,Israel,,,,,30,urban,32.0615089159116,34.8525920528108,official_emis,exact,open
ISR_001517,218198,ISR,דנון,,1,ממ,public,Israel,,,,,13,rural,32.9939758646128,35.1456407156417,official_emis,exact,open
ISR_001518,610956,ISR,דעת,,1,חמד,public,Israel,,,,,12,rural,31.4676701724079,34.531570306044,official_emis,exact,open
ISR_001519,612903,ISR,דקל,,1,ממ,public,Israel,,,,,30,urban,31.6517147134673,34.553262442525,official_emis,exact,open
ISR_001520,414078,ISR,דקל,,1,ממ,public,Israel,,,,,30,urban,32.1824530427712,34.8815527957099,official_emis,exact,open
ISR_001521,140863,ISR,דקל - וילנאי,,2|3,ממ,public,Israel,,,,,30,urban,31.7706387545716,35.2958562735643,official_emis,exact,open
ISR_001522,612218,ISR,דקלים,,1,ממ,public,Israel,,,,,23,urban,31.0720873847994,35.0357013778971,official_emis,exact,open
ISR_001523,618611,ISR,דרגות,,1|2,ממ,public,Israel,,,,,12,rural,31.2989157676795,35.0770289915888,official_emis,exact,open
ISR_001524,247387,ISR,דרוזי למדעים ומנהיגות,,2|3,ממ,public,Israel,,,,,30,urban,32.9537101985227,35.1836877508318,official_emis,exact,open
ISR_001525,310482,ISR,דרור,,1,ממ,public,Israel,,,,,30,urban,32.8224078061849,34.9814026261347,official_emis,exact,open
ISR_001526,460642,ISR,דרור טכנולוגי רמלה,,2|3,ממ,public,Israel,,,,,23,urban,31.9378491529457,34.8677534291141,official_emis,exact,open
ISR_001527,510651,ISR,דרך הילד,,1,ממ,public,Israel,,,,,30,urban,32.1346572860367,34.8288578048499,official_emis,exact,open
ISR_001528,440453,ISR,דרך המלך,,2|3,חמד,public,Israel,,,,,,,,,official_emis,unknown,open
ISR_001529,240010,ISR,דרכא דנציגר,,2|3,ממ,public,Israel,,,,,23,urban,33.2029076238446,35.5761982239017,official_emis,exact,open
ISR_001530,411470,ISR,דרכי אבות,,1|2,חמד,public,Israel,,,,,,,,,official_emis,unknown,open
ISR_001531,232884,ISR,דרכי יהודה,,1,חמד,public,Israel,,,,,30,urban,31.9075106408645,34.9924133363129,official_emis,exact,open
ISR_001532,440677,ISR,דרכי שרה,,2|3,חמד,public,Israel,,,,,30,urban,31.7857492867987,35.1879237991787,official_emis,exact,open
ISR_001533,213892,ISR,האיריסים-כרמיאל,,1,ממ,public,Israel,,,,,23,urban,32.9064248387846,35.2911145906356,official_emis,exact,open
ISR_001534,615559,ISR,האלה,,1,ממ,public,Israel,,,,,12,rural,31.7315549212974,34.8319602370426,official_emis,exact,open
ISR_001535,172197,ISR,האלה,,1,ממ,public,Israel,,,,,30,urban,31.9125872194118,35.0088421760359,official_emis,exact,open
ISR_001536,412460,ISR,האנתרופוסופי תמר,,1,ממ,public,Israel,,,,,30,urban,32.1618914500209,34.8956296730035,official_emis,exact,open
ISR_001537,212688,ISR,הארי מד צפת,,1,חמד,public,Israel,,,,,23,urban,32.9597342924487,35.4935912529467,official_emis,exact,open
ISR_001538,211193,ISR,הארי ממד מגדל העמק,,1,חמד,public,Israel,,,,,23,urban,32.6757864995283,35.2368368310659,official_emis,exact,open
ISR_001539,310490,ISR,הבונים,,1,ממ,public,Israel,,,,,30,urban,32.780674742209,35.0067297621819,official_emis,exact,open
ISR_001540,311456,ISR,הבונים,,1,ממ,public,Israel,,,,,30,urban,32.8340857427208,35.08871249381,official_emis,exact,open
ISR_001541,512780,ISR,הבילויים,,1|2,ממ,public,Israel,,,,,30,urban,32.0606968732002,34.824342123276,official_emis,exact,open
ISR_001542,610071,ISR,הגבעה,,1,ממ,public,Israel,,,,,23,urban,31.3144083108937,34.6165238857348,official_emis,exact,open
ISR_001543,210963,ISR,הגומא אזורי כפר בלום,,1,ממ,public,Israel,,,,,13,rural,33.171542041905,35.6128715457808,official_emis,exact,open
ISR_001544,312397,ISR,הגורן,,1,ממ,public,Israel,,,,,30,urban,32.4356403497702,34.9105964886029,official_emis,exact,open
ISR_001545,511279,ISR,הגליל,,1,ממ,public,Israel,,,,,30,urban,32.0505808416546,34.7960387679322,official_emis,exact,open
ISR_001546,140079,ISR,הגמנסיה העברית,,2|3,ממ,public,Israel,,,,,30,urban,31.776596365481,35.2128087304738,official_emis,exact,open
ISR_001547,510693,ISR,הגפן,,1|2,ממ,public,Israel,,,,,30,urban,32.0851864782274,34.8057146550907,official_emis,exact,open
ISR_001548,413864,ISR,הדמוקרטי בלב השרון,,1|2,ממ,public,Israel,,,,,12,rural,32.2869359795227,34.882849668652,official_emis,exact,open
ISR_001549,340596,ISR,הדמוקרטי חדרה,,2|3,ממ,public,Israel,,,,,30,urban,32.4222932606205,34.9218880822255,official_emis,exact,open
ISR_001550,611756,ISR,הדמוקרטי כנף,,1|2,ממ,public,Israel,,,,,12,rural,32.8079028816416,35.7393487110563,official_emis,exact,open
ISR_001551,214601,ISR,הדמוקרטי כנף,,2|3,ממ,public,Israel,,,,,12,rural,32.8079028816416,35.7393487110563,official_emis,exact,open
ISR_001552,470146,ISR,הדסה נעורים,,2|3,ממ,public,Israel,,,,,21,peri_urban,32.3766523000981,34.8623422586402,official_emis,exact,open
ISR_001553,210906,ISR,הדסים-יקנעם עלית,,1,חמד,public,Israel,,,,,23,urban,32.6398920630952,35.0867679423294,official_emis,exact,open
ISR_001554,511162,ISR,הדקל,,1,ממ,public,Israel,,,,,30,urban,32.0402243558085,34.7678275100533,official_emis,exact,open
ISR_001555,213124,ISR,הדקל -כרמיאל,,1,ממ,public,Israel,,,,,23,urban,32.9163738143698,35.2988641201392,official_emis,exact,open
ISR_001556,678011,ISR,הדקלים תל שבע,,2|3,ממ,public,Israel,,,,,23,urban,31.2553636824568,34.8645307841927,official_emis,exact,open
ISR_001557,411272,ISR,הדר,,1,ממ,public,Israel,,,,,30,urban,31.9325617000788,34.8045878123867,official_emis,exact,open
ISR_001558,513325,ISR,הדר,,1,ממ,public,Israel,,,,,30,urban,32.1400471653023,34.8402399686948,official_emis,exact,open
ISR_001559,413914,ISR,הדר,,1,ממ,public,Israel,,,,,30,urban,32.1837441216507,34.8649214294472,official_emis,exact,open
ISR_001560,410712,ISR,הדר,,1,ממ,public,Israel,,,,,30,urban,32.074263154699,34.8771994510541,official_emis,exact,open
ISR_001561,114199,ISR,הדרור,,1,ממ,public,Israel,,,,,30,urban,31.8062549759973,35.1484870025314,official_emis,exact,open
ISR_001562,413831,ISR,הדרים,,1,ממ,public,Israel,,,,,30,urban,31.9555265841118,34.8032296127176,official_emis,exact,open
ISR_001563,513754,ISR,הדרים,,1,ממ,public,Israel,,,,,,,,,official_emis,unknown,open
ISR_001564,442806,ISR,הדרים,,2|3,ממ,public,Israel,,,,,30,urban,31.9423422286282,34.8267973352865,official_emis,exact,open
ISR_001565,416495,ISR,הדרים,,1,ממ,public,Israel,,,,,30,urban,31.8828935618227,34.7917285009171,official_emis,exact,open
ISR_001566,412841,ISR,הוברמן,,1,ממ,public,Israel,,,,,30,urban,32.0746940988407,34.8870795325438,official_emis,exact,open
ISR_001567,270223,ISR,הודיות,,2|3,חמד,public,Israel,,,,,12,rural,32.7883819787534,35.4352731996277,official_emis,exact,open
ISR_001568,210575,ISR,הזורע -פלגים,,1,ממ,public,Israel,,,,,12,rural,32.6456624290842,35.1194486651074,official_emis,exact,open
ISR_001569,312710,ISR,החורש,,1|2,ממ,public,Israel,,,,,23,urban,32.582070011657,34.9504104724716,official_emis,exact,open
ISR_001570,660027,ISR,החיים,,2|3,ממ,public,Israel,,,,,,,,,official_emis,unknown,open
ISR_001571,512913,ISR,החשמונאים,,1,ממ,public,Israel,,,,,30,urban,32.0349652391522,34.749410639589,official_emis,exact,open
ISR_001572,510701,ISR,החשמונאים,,1|2,ממ,public,Israel,,,,,30,urban,32.0800641481762,34.8085437272765,official_emis,exact,open
ISR_001573,415299,ISR,היובל,,1,ממ,public,Israel,,,,,30,urban,32.0333229962547,34.8778109699337,official_emis,exact,open
ISR_001574,511329,ISR,היובל,,1,ממ,public,Israel,,,,,30,urban,32.0803825640074,34.7842128963465,official_emis,exact,open
ISR_001575,614537,ISR,היובל,,1,ממ,public,Israel,,,,,23,urban,29.5496544954002,34.9326262845802,official_emis,exact,open
ISR_001576,115642,ISR,היובל,,1,ממ,public,Israel,,,,,30,urban,31.9040450207531,35.0135117938071,official_emis,exact,open
ISR_001577,614644,ISR,היובל,,1,ממ,public,Israel,,,,,30,urban,31.2644549485098,34.7583678454159,official_emis,exact,open
ISR_001578,614503,ISR,היובל,,1,ממ,public,Israel,,,,,30,urban,31.7921632542117,34.6437707144098,official_emis,exact,open
ISR_001579,413674,ISR,היובל,,1,ממ,public,Israel,,,,,30,urban,32.1837884034701,34.8714002079831,official_emis,exact,open
ISR_001580,540450,ISR,הייטק היי,,2|3,ממ,public,Israel,,,,,30,urban,32.0077736438255,34.7964298097049,official_emis,exact,open
ISR_001581,175794,ISR,היסודי אור,,1|2,ממ,public,Israel,,,,,30,urban,31.9196612816935,35.0366883072106,official_emis,exact,open
ISR_001582,511337,ISR,הירדן,,1,ממ,public,Israel,,,,,30,urban,32.0506804986859,34.7933912210072,official_emis,exact,open
ISR_001583,244384,ISR,הישיבה אורט טבריה,,2|3,חמד,public,Israel,,,,,23,urban,32.7826161913812,35.5303878299124,official_emis,exact,open
ISR_001584,510719,ISR,הלל,,1|2,ממ,public,Israel,,,,,30,urban,32.0797482064837,34.8231405602456,official_emis,exact,open
ISR_001585,414425,ISR,הלל צור,,1,ממ,public,Israel,,,,,30,urban,32.341536452514,34.8618052797175,official_emis,exact,open
ISR_001586,610709,ISR,המאוחד,,1,ממ,public,Israel,,,,,23,urban,30.9874523512843,34.9323200854178,official_emis,exact,open
ISR_001587,611962,ISR,המגינים,,1,ממ,public,Israel,,,,,30,urban,31.7985555550103,34.6642491624688,official_emis,exact,open
ISR_001588,510511,ISR,המגינים,,1,ממ,public,Israel,,,,,30,urban,32.0315979834517,34.7611356268484,official_emis,exact,open
ISR_001589,212084,ISR,המגינים -קרית שמונה,,1,ממ,public,Israel,,,,,23,urban,33.2112718893044,35.574142002208,official_emis,exact,open
ISR_001590,415257,ISR,המגן,,1,ממ,public,Israel,,,,,30,urban,32.1557949750121,34.9067490727788,official_emis,exact,open
ISR_001591,171017,ISR,המכללה לטכנולוגיה,,,ממ,public,Israel,,,,,30,urban,31.7751803537155,35.1946399567715,official_emis,exact,open
ISR_001592,247379,ISR,המכללה ללימודי הנדסה,,3,ממ,public,Israel,,,,,,,,,official_emis,unknown,open
ISR_001593,414938,ISR,הממלכתי אבן חן,,1,ממ,public,Israel,,,,,23,urban,32.0015773100587,34.9430291466423,official_emis,exact,open
ISR_001594,410027,ISR,הממלכתי בכר,,1,ממ,public,Israel,,,,,23,urban,32.2637752610609,34.8851070794375,official_emis,exact,open
ISR_001595,413096,ISR,הממלכתי צוקים,,1,ממ,public,Israel,,,,,23,urban,32.000318889465,34.9450328477652,official_emis,exact,open
ISR_001596,415265,ISR,הממלכתי רבין,,1,ממ,public,Israel,,,,,23,urban,32.0074828213789,34.946780115857,official_emis,exact,open
ISR_001597,510727,ISR,המנחיל,,1|2,ממ,public,Israel,,,,,30,urban,32.0929240025731,34.8203527623407,official_emis,exact,open
ISR_001598,412825,ISR,המעפילים,,1|2,ממ,public,Israel,,,,,23,urban,31.9475688625329,34.8880673915484,official_emis,exact,open
ISR_001599,311571,ISR,המפלסים,,1,ממ,public,Israel,,,,,,,,,official_emis,unknown,open
ISR_001600,144097,ISR,המרכז הישראלי למצוינות,,3,ממ,public,Israel,,,,,30,urban,31.7502597199918,35.1770909681413,official_emis,exact,open
ISR_001601,362574,ISR,המרכז להכשרה,,2|3,ממ,public,Israel,,,,,30,urban,31.829767693881,35.2245175475807,official_emis,approximate,open
ISR_001602,217281,ISR,המשיח האונגלית,,1|2,ממ,public,Israel,,,,,30,urban,32.702628481811,35.2959296871711,official_emis,exact,open
ISR_001603,248724,ISR,המשיח האנגליקאני,,2|3,ממ,public,Israel,,,,,30,urban,32.70334389367,35.2916324549212,official_emis,exact,open
ISR_001604,510743,ISR,המתמיד,,1|2,ממ,public,Israel,,,,,30,urban,32.0799648673671,34.8056420024395,official_emis,exact,open
ISR_001605,513093,ISR,הנדיב,,1,ממ,public,Israel,,,,,30,urban,32.170073245166,34.8328897962122,official_emis,exact,open
ISR_001606,310086,ISR,הנדיב,,1,חמד,public,Israel,,,,,21,peri_urban,32.5220419206174,34.9374455865044,official_emis,exact,open
ISR_001607,570358,ISR,הנדסאים הרצליה,,2|3,ממ,public,Israel,,,,,30,urban,32.1648482959769,34.8255852882353,official_emis,exact,open
ISR_001608,111344,ISR,הניסויי,,1,ממ,public,Israel,,,,,30,urban,31.7783455788884,35.217264104584,official_emis,exact,open
ISR_001609,512459,ISR,הניסויי כפר אדומים,,1|2,חמד,public,Israel,,,,,13,rural,31.827193605677,35.3366003453667,official_emis,exact,open
ISR_001610,312322,ISR,הנסיוני,,1|2,ממ,public,Israel,,,,,30,urban,32.7870125089204,35.011754276037,official_emis,exact,open
ISR_001611,411611,ISR,הס,,1,ממ,public,Israel,,,,,30,urban,32.0798501030492,34.8861720011032,official_emis,exact,open
ISR_001612,218032,ISR,העמק הירוק,,1,ממ,public,Israel,,,,,,,,,official_emis,unknown,open
ISR_001613,311092,ISR,העמר,,1,ממ,public,Israel,,,,,11,rural,32.6445694639172,34.9646860086304,official_emis,exact,open
ISR_001614,512673,ISR,הערבה,,1,ממ,public,Israel,,,,,30,urban,32.0115374929173,34.7624387984442,official_emis,exact,open
ISR_001615,247205,ISR,הפטריאכלי הלטיני,,2|3,ממ,public,Israel,,,,,30,urban,32.7181513310384,35.3130548699254,official_emis,exact,open
ISR_001616,217026,ISR,הפטריאכלי הלטיני,,1|2,ממ,public,Israel,,,,,30,urban,32.6884577270747,35.2755166428293,official_emis,exact,open
ISR_001617,378117,ISR,הפטריארכה הלטינית,,2|3,ממ,public,Israel,,,,,23,urban,32.9375767468432,35.3720904559228,official_emis,exact,open
ISR_001618,460626,ISR,הפטריארכט הלטינית,,2|3,ממ,public,Israel,,,,,30,urban,32.6884577270747,35.2755166428293,official_emis,exact,open
ISR_001619,518076,ISR,הפטריארכיה היונית האור,,1|2,ממ,public,Israel,,,,,30,urban,32.0507205855111,34.7522021333724,official_emis,exact,open
ISR_001620,541581,ISR,הפתוח הדמוקרטי,,3,ממ,public,Israel,,,,,30,urban,32.0509242514315,34.7562247312347,official_emis,exact,open
ISR_001621,312504,ISR,הצבי ישראל,,1,ממ,public,Israel,,,,,23,urban,32.8063493682666,35.1099427123465,official_emis,exact,open
ISR_001622,614552,ISR,הקרייה,,1,חמד,public,Israel,,,,,30,urban,31.7898306311935,34.6465299975228,official_emis,exact,open
ISR_001623,110734,ISR,הר טוב,,1,ממ,public,Israel,,,,,21,peri_urban,31.7633171798909,34.9722754997668,official_emis,exact,open
ISR_001624,213918,ISR,הר נוף,,1,ממ,public,Israel,,,,,23,urban,32.7821640973849,35.5273867189342,official_emis,exact,open
ISR_001625,113217,ISR,הר נוף ממד בנות,,1|2,חמד,public,Israel,,,,,30,urban,31.7832388111656,35.170936515159,official_emis,exact,open
ISR_001626,113084,ISR,הר-אדר,,1,ממ,public,Israel,,,,,23,urban,31.8269794413126,35.131098489328,official_emis,exact,open
ISR_001627,213934,ISR,הר-שכניה,,1,ממ,public,Israel,,,,,12,rural,32.8461776093685,35.2501975006252,official_emis,exact,open
ISR_001628,510883,ISR,הראה מד,,1,חמד,public,Israel,,,,,30,urban,32.0662304318881,34.8231860791949,official_emis,exact,open
ISR_001629,612051,ISR,הראל,,1,חמד,public,Israel,,,,,23,urban,31.7253225891817,34.7460136020355,official_emis,exact,open
ISR_001630,415489,ISR,הראל,,1|2,ממ,public,Israel,,,,,23,urban,31.9393846960984,34.8898086987171,official_emis,exact,open
ISR_001631,613356,ISR,הראל,,1,ממ,public,Israel,,,,,30,urban,31.6595045353731,34.5564028299074,official_emis,exact,open
ISR_001632,612283,ISR,הראל,,1,ממ,public,Israel,,,,,30,urban,31.7941464781202,34.6581083723653,official_emis,exact,open
ISR_001633,512889,ISR,הראל מד,,1,חמד,public,Israel,,,,,30,urban,32.0093543098536,34.7596234453186,official_emis,exact,open
ISR_001634,214221,ISR,הראשונים מעלות,,1,ממ,public,Israel,,,,,23,urban,33.0210945863318,35.2857037730659,official_emis,exact,open
ISR_001635,113522,ISR,הרב מאיר עוזיאל,,1,חמד,public,Israel,,,,,30,urban,31.739853331752,34.9836574164958,official_emis,exact,open
ISR_001636,611244,ISR,הרב קוק,,1,חמד,public,Israel,,,,,13,rural,31.5627066248091,34.6708586425494,official_emis,exact,open
ISR_001637,260091,ISR,הרב תחומי עמק חרוד,,2|3,ממ,public,Israel,,,,,13,rural,32.5577005993951,35.3949759445043,official_emis,exact,open
ISR_001638,244152,ISR,הרב תחומי שחקים,,2|3,ממ,public,Israel,,,,,30,urban,33.0118866838319,35.0969993823095,official_emis,exact,open
ISR_001639,611178,ISR,הרואה,,1,חמד,public,Israel,,,,,23,urban,31.5263042664746,34.5954275675116,official_emis,exact,open
ISR_001640,613455,ISR,הרואה,,1,חמד,public,Israel,,,,,30,urban,31.7825262526284,34.6323949638424,official_emis,exact,open
ISR_001641,442855,ISR,הרטמן בנות,,2|3,חמד,public,Israel,,,,,30,urban,31.7640067220992,35.2102214463363,official_emis,exact,open
ISR_001642,613919,ISR,הרי אילת,,1,ממ,public,Israel,,,,,23,urban,29.5459952260781,34.9299226022981,official_emis,exact,open
ISR_001643,310516,ISR,הריאלי העברי חיפה,,1|2,ממ,public,Israel,,,,,30,urban,32.803930262697,34.9854846578395,official_emis,exact,open
ISR_001644,384263,ISR,הריאלי העברי חיפה,,1|2,ממ,public,Israel,,,,,30,urban,32.7866852000016,34.9880248396203,official_emis,exact,open
ISR_001645,384255,ISR,הריאלי העברי חיפה,,1|2,ממ,public,Israel,,,,,30,urban,32.8099511172465,34.9945672103397,official_emis,exact,open
ISR_001646,213959,ISR,הרעות,,1,ממ,public,Israel,,,,,23,urban,32.908388755873,35.2799032881832,official_emis,exact,open
ISR_001647,412239,ISR,הרצוג,,1,ממ,public,Israel,,,,,30,urban,32.2995085793853,34.8697353834929,official_emis,exact,open
ISR_001648,416669,ISR,הרצוג,,1,ממ,public,Israel,,,,,30,urban,31.8909635026901,34.7803613640761,official_emis,exact,open
ISR_001649,610527,ISR,הרצוג,,1,ממ,public,Israel,,,,,30,urban,31.2845541033777,34.7978336892964,official_emis,exact,open
ISR_001650,211854,ISR,הרצוג מד-עכו,,1,חמד,public,Israel,,,,,23,urban,32.9322037695097,35.0758503008615,official_emis,exact,open
ISR_001651,410605,ISR,הרצל,,1,ממ,public,Israel,,,,,30,urban,32.034414902184,34.8851753594804,official_emis,exact,open
ISR_001652,513002,ISR,הרצל,,1,ממ,public,Israel,,,,,30,urban,32.0115087929026,34.7542787583363,official_emis,exact,open
ISR_001653,510446,ISR,הרצל,,1,ממ,public,Israel,,,,,,,,,official_emis,unknown,open
ISR_001654,310524,ISR,הרצל,,1,ממ,public,Israel,,,,,30,urban,32.7984198156948,34.9797863892319,official_emis,exact,open
ISR_001655,613299,ISR,הרצל,,1,ממ,public,Israel,,,,,23,urban,31.6160310257518,34.7649405627713,official_emis,exact,open
ISR_001656,510073,ISR,השבעה,,1,ממ,public,Israel,,,,,30,urban,32.0198142217589,34.8082844255178,official_emis,exact,open
ISR_001657,310219,ISR,השחף,,1,ממ,public,Israel,,,,,30,urban,32.4401950086461,34.8850181493859,official_emis,exact,open
ISR_001658,110098,ISR,השחר,,1,ממ,public,Israel,,,,,13,rural,31.8050957931068,34.9018283746928,official_emis,exact,open
ISR_001659,413971,ISR,השיטה,,1|2,ממ,public,Israel,,,,,30,urban,31.8763159175859,34.8134865219362,official_emis,exact,open
ISR_001660,513150,ISR,התבור,,1,ממ,public,Israel,,,,,30,urban,32.0200283646807,34.7851343473586,official_emis,exact,open
ISR_001661,211813,ISR,התומר -עכו,,1,ממ,public,Israel,,,,,23,urban,32.9261360303745,35.0764043533138,official_emis,exact,open
ISR_001662,370833,ISR,התיכון החברתי,,2|3,ממ,public,Israel,,,,,21,peri_urban,32.7856058382333,35.0747807948899,official_emis,exact,open
ISR_001663,340091,ISR,התיכון המקיף נשר,,3,ממ,public,Israel,,,,,30,urban,32.7725066232233,35.0320111531884,official_emis,exact,open
ISR_001664,771089,ISR,התיכון הניסויי,,2|3,ממ,public,Israel,,,,,30,urban,31.7787062655263,35.2177709106804,official_emis,exact,open
ISR_001665,570192,ISR,התיכון העירוני החדש,,3,ממ,public,Israel,,,,,30,urban,32.1648482959769,34.8255852882353,official_emis,exact,open
ISR_001666,340216,ISR,התיכון הריאלי העברי,,2|3,ממ,public,Israel,,,,,30,urban,32.7779428648827,34.9957845033716,official_emis,exact,open
ISR_001667,541763,ISR,התיכוניה העירונית,,3,ממ,public,Israel,,,,,,,,,official_emis,unknown,open
ISR_001668,218206,ISR,ואדי אלחמאם,,1|2,ממ,public,Israel,,,,,13,rural,32.8300258689063,35.4903400834017,official_emis,exact,open
ISR_001669,114215,ISR,וולדורף אדם,,1|2,ממ,public,Israel,,,,,30,urban,31.7645650279916,35.2202178457666,official_emis,exact,open
ISR_001670,211474,ISR,וייצמן-נהריה,,1,ממ,public,Israel,,,,,30,urban,33.0053615958952,35.0902227958296,official_emis,exact,open
ISR_001671,211821,ISR,וייצמן-עכו,,1,ממ,public,Israel,,,,,23,urban,32.9293305380466,35.0702518822301,official_emis,exact,open
ISR_001672,212142,ISR,וילקומיץ-ראש פינה,,1,ממ,public,Israel,,,,,21,peri_urban,32.96782794715,35.541687788118,official_emis,exact,open
ISR_001673,412023,ISR,ויצמן,,1,ממ,public,Israel,,,,,30,urban,31.8938643922157,34.8044803511801,official_emis,exact,open
ISR_001674,513168,ISR,ויצמן,,1|2,ממ,public,Israel,,,,,30,urban,32.0538286016032,34.8472211607227,official_emis,exact,open
ISR_001675,311613,ISR,ויצמן,,1,ממ,public,Israel,,,,,30,urban,32.8343194332099,35.0785977166736,official_emis,exact,open
ISR_001676,410191,ISR,ויצמן,,1,ממ,public,Israel,,,,,21,peri_urban,32.2574084776771,34.8642760343096,official_emis,exact,open
ISR_001677,510537,ISR,ויצמן,,1,ממ,public,Israel,,,,,,,,,official_emis,unknown,open
ISR_001678,510412,ISR,ויצמן,,1,ממ,public,Israel,,,,,30,urban,32.1641086422181,34.8346632640355,official_emis,exact,open
ISR_001679,411892,ISR,ויתקין,,1,ממ,public,Israel,,,,,30,urban,31.9846622798775,34.783210889463,official_emis,exact,open
ISR_001680,213884,ISR,ולדורף-הרדוף,,1,ממ,public,Israel,,,,,12,rural,32.7629737038105,35.1751519693592,official_emis,exact,open
ISR_001681,238063,ISR,ורודת אלעהד אלאסאסיה,,1|2,ממ,public,Israel,,,,,30,urban,31.87083773555,35.2214722841498,official_emis,exact,open
ISR_001682,238071,ISR,ורודת אלעהד אלאסאסיה,,1|2,ממ,public,Israel,,,,,,,,,official_emis,unknown,open
ISR_001683,213405,ISR,ז.שזר-עכו,,1,ממ,public,Israel,,,,,23,urban,32.9367874812481,35.0789766665281,official_emis,exact,open
ISR_001684,112078,ISR,זאב זבוטינסקי,,1,ממ,public,Israel,,,,,30,urban,31.7397985554207,34.9781383389657,official_emis,exact,open
ISR_001685,544171,ISR,זאב זבוטינסקי,,2,ממ,public,Israel,,,,,30,urban,32.1509975869559,34.8475316426543,official_emis,exact,open
ISR_001686,510735,ISR,זומר,,1|2,ממ,public,Israel,,,,,30,urban,32.0860136244574,34.8135918812572,official_emis,exact,open
ISR_001687,560136,ISR,זומר,,2|3,ממ,public,Israel,,,,,30,urban,32.086221458937,34.8137286992791,official_emis,exact,open
ISR_001688,413906,ISR,זיו בו ציון,,1,ממ,public,Israel,,,,,30,urban,32.175886994855,34.8741539254273,official_emis,exact,open
ISR_001689,111112,ISR,זלמן ארן,,1,ממ,public,Israel,,,,,30,urban,31.7476557011368,35.2171226976433,official_emis,exact,open
ISR_001690,318154,ISR,זלפה,,1,ממ,public,Israel,,,,,21,peri_urban,32.5506925308778,35.184590500513,official_emis,approximate,open
ISR_001691,510396,ISR,ח.ברנר,,1,ממ,public,Israel,,,,,30,urban,32.1685342209084,34.8496472896606,official_emis,exact,open
ISR_001692,212019,ISR,חבד מד -אביטל,,1|2,חמד,public,Israel,,,,,13,rural,32.5516610113328,35.3085526811144,official_emis,exact,open
ISR_001693,213165,ISR,חבד מד-נצרת עלית,,1|2,חמד,public,Israel,,,,,30,urban,32.6985819619073,35.315579957844,official_emis,exact,open
ISR_001694,411900,ISR,חביב,,1,ממ,public,Israel,,,,,30,urban,31.963591284085,34.8097848948992,official_emis,exact,open
ISR_001695,111195,ISR,חברון בנות,,1,חמד,public,Israel,,,,,30,urban,31.5304934856198,35.1174115572604,official_emis,exact,open
ISR_001696,418343,ISR,חדש אל זהרא,,1,ממ,public,Israel,,,,,30,urban,32.1133982368603,34.9843732908746,official_emis,exact,open
ISR_001697,217018,ISR,חדשני - ירכא,,1,ממ,public,Israel,,,,,30,urban,32.9613756398872,35.2162440036993,official_emis,exact,open
ISR_001698,413526,ISR,חדשני בגין,,1,ממ,public,Israel,,,,,21,peri_urban,31.8959865452589,34.7723046331965,official_emis,exact,open
ISR_001699,415273,ISR,חדשני בן גוריון,,1,ממ,public,Israel,,,,,30,urban,31.8533341615857,34.8397022423196,official_emis,exact,open
ISR_001700,140095,ISR,חוות הנוער הציוני,,2|3,ממ,public,Israel,,,,,30,urban,31.7587129994157,35.2041730151203,official_emis,exact,open
ISR_001701,172205,ISR,חוט השני,,1,ממ,public,Israel,,,,,30,urban,31.9006376447392,34.9917631074082,official_emis,exact,open
ISR_001702,210682,ISR,חוני המעגל,,1,חמד,public,Israel,,,,,23,urban,32.9792739791943,35.5402549737587,official_emis,exact,open
ISR_001703,610659,ISR,חופים,,1,ממ,public,Israel,,,,,13,rural,31.588050638235,34.5597741638493,official_emis,exact,open
ISR_001704,613703,ISR,חופית,,1,ממ,public,Israel,,,,,30,urban,31.7828035330363,34.6318864889244,official_emis,exact,open
ISR_001705,414151,ISR,חופית,,1,ממ,public,Israel,,,,,30,urban,31.9949759095323,34.7409627637348,official_emis,exact,open
ISR_001706,312421,ISR,חופית,,1,ממ,public,Israel,,,,,30,urban,32.8164500178614,34.9586191830056,official_emis,exact,open
ISR_001707,110882,ISR,חורב,,1,חמד,public,Israel,,,,,,,,,official_emis,unknown,open
ISR_001708,430884,ISR,חורב,,1,חמד,public,Israel,,,,,30,urban,31.7649445883563,35.2113509816399,official_emis,exact,open
ISR_001709,447466,ISR,חורב בנות,,1,חמד,public,Israel,,,,,30,urban,31.7649445883563,35.2113509816399,official_emis,exact,open
ISR_001710,218248,ISR,חורפיש א-סולטאן אלאט,,1,ממ,public,Israel,,,,,13,rural,33.0172536759056,35.3461054161299,official_emis,exact,open
ISR_001711,612929,ISR,חזון יעקב,,1,חמד,public,Israel,,,,,30,urban,31.7965860320775,34.6487596485201,official_emis,exact,open
ISR_001712,610386,ISR,חזון עובדיה,,1,חמד,public,Israel,,,,,30,urban,31.2532607251423,34.8073849545565,official_emis,exact,open
ISR_001713,349027,ISR,חטב גת,,2,ממ,public,Israel,,,,,23,urban,32.3954613882102,35.0416597325766,official_emis,exact,open
ISR_001714,348243,ISR,חטב ואדי אלנסור,,2,ממ,public,Israel,,,,,30,urban,32.509204528389,35.1553662465469,official_emis,exact,open
ISR_001715,344093,ISR,חטב ליאו בק,,2,ממ,public,Israel,,,,,30,urban,32.8242986406073,34.9700457845283,official_emis,exact,open
ISR_001716,544072,ISR,חטב עלומים,,2,ממ,public,Israel,,,,,30,urban,32.1327252867703,34.8404598324307,official_emis,exact,open
ISR_001717,348060,ISR,חטב ערערה משותף,,2,ממ,public,Israel,,,,,23,urban,32.4988347160126,35.0874415619833,official_emis,exact,open
ISR_001718,542282,ISR,חטב שזר,,2,ממ,public,Israel,,,,,30,urban,32.0554940026292,34.8591802618344,official_emis,exact,open
ISR_001719,170399,ISR,חטיב אורט מינקןף,,2,ממ,public,Israel,,,,,30,urban,31.7536155174215,35.1817445489897,official_emis,exact,open
ISR_001720,140772,ISR,חטיב פסגת זאב,,2,ממ,public,Israel,,,,,,,,,official_emis,unknown,open
ISR_001721,111294,ISR,חטיבה לגיל הצעיר,,1,ממ,public,Israel,,,,,30,urban,31.7818714638058,35.188800788169,official_emis,exact,open
ISR_001722,463042,ISR,חטיבת ביניים אלאהליה,,2,ממ,public,Israel,,,,,30,urban,32.5321618100825,35.1528309675271,official_emis,exact,open
ISR_001723,140319,ISR,חטיבת ביניים ניסויית,,2,ממ,public,Israel,,,,,,,,,official_emis,unknown,open
ISR_001724,379842,ISR,חיואר,,1|2,ממ,public,Israel,,,,,30,urban,32.8103309362993,34.995228331749,official_emis,exact,open
ISR_001725,318162,ISR,חיפה אחוה,,1|2,ממ,public,Israel,,,,,30,urban,32.8156126845336,34.9939238781988,official_emis,exact,open
ISR_001726,550004,ISR,חלוצי דרור,,2|3,חמד,public,Israel,,,,,12,rural,31.1402153664836,34.3173349511056,official_emis,exact,open
ISR_001727,148072,ISR,חליל אלסכאכיני לבנות,,2,ממ,public,Israel,,,,,30,urban,31.7814361888735,35.2337662755211,official_emis,exact,open
ISR_001728,372318,ISR,חליל סכאכיני,,2|3,ממ,public,Israel,,,,,,,,,official_emis,unknown,open
ISR_001729,613323,ISR,חלמיש,,1,ממ,public,Israel,,,,,21,peri_urban,31.2604221072036,35.2031774007447,official_emis,exact,open
ISR_001730,618041,ISR,חמד אבו רביעה,,1,ממ,public,Israel,,,,,12,rural,31.2525938830395,35.0687240300439,official_emis,exact,open
ISR_001731,211276,ISR,חמד אזורי ממד מירון,,1,חמד,public,Israel,,,,,12,rural,32.9987711467543,35.4404204090679,official_emis,exact,open
ISR_001732,613513,ISR,חמדת,,1|2,חמד,public,Israel,,,,,23,urban,31.3250565279284,34.9381301020465,official_emis,exact,open
ISR_001733,417832,ISR,חן נריה,,1|2,חמד,public,Israel,,,,,21,peri_urban,31.6571902837897,35.1202036360426,official_emis,exact,open
ISR_001734,113696,ISR,חן עפרה,,1,חמד,public,Israel,,,,,23,urban,31.9581054272882,35.2602245664135,official_emis,exact,open
ISR_001735,313619,ISR,חנה סנש,,1,ממ,public,Israel,,,,,21,peri_urban,32.500116100836,34.9189315374874,official_emis,exact,open
ISR_001736,518019,ISR,חסן ערפה יפו,,1,ממ,public,Israel,,,,,30,urban,32.0463679231586,34.7480095602588,official_emis,exact,open
ISR_001737,480145,ISR,חקלאי בן שמן,,2|3,ממ,public,Israel,,,,,12,rural,31.9595836281986,34.9236740792922,official_emis,exact,open
ISR_001738,580019,ISR,חקלאי הכפר הירוק,,2|3,ממ,public,Israel,,,,,30,urban,32.1335856183788,34.8293497052583,official_emis,exact,open
ISR_001739,680066,ISR,חקלאי כנות,,2|3,ממ,public,Israel,,,,,12,rural,31.8025621644706,34.7503212262232,official_emis,exact,open
ISR_001740,480087,ISR,חקלאי נחלת יהודה,,2|3,ממ,public,Israel,,,,,30,urban,31.9778407840055,34.8043175050064,official_emis,exact,open
ISR_001741,480061,ISR,חקלאי עיינות,,2|3,ממ,public,Israel,,,,,12,rural,31.914988294318,34.76717257395,official_emis,exact,open
ISR_001742,380030,ISR,חקלאי פרדס-חנה,,2|3,ממ,public,Israel,,,,,23,urban,32.4759021083508,34.9801338271634,official_emis,exact,open
ISR_001743,217166,ISR,חרובית כסרא,,1,ממ,public,Israel,,,,,23,urban,32.9609426807632,35.3003660784099,official_emis,exact,open
ISR_001744,415497,ISR,חתני פרס נובל,,1,ממ,public,Israel,,,,,30,urban,31.9689870572395,34.7666840195368,official_emis,exact,open
ISR_001745,318485,ISR,טאהא חוסין ערערה,,1,ממ,public,Israel,,,,,23,urban,32.4973309247062,35.100095105705,official_emis,exact,open
ISR_001746,518043,ISR,טביטה הכנסיה הסקוטית,,1|2|3,ממ,public,Israel,,,,,30,urban,32.0524907902035,34.7529558045792,official_emis,exact,open
ISR_001747,513036,ISR,טבנקין,,1,ממ,public,Israel,,,,,30,urban,32.012717406124,34.739338797453,official_emis,exact,open
ISR_001748,248708,ISR,טהא חוסין סכנין,,2,ממ,public,Israel,,,,,23,urban,32.8676078540877,35.3024772419331,official_emis,exact,open
ISR_001749,118133,ISR,טור מכין לבנות,,1|2,ממ,public,Israel,,,,,30,urban,31.7806482607035,35.245770075015,official_emis,exact,open
ISR_001750,118125,ISR,טור מכין לבנים,,1,ממ,public,Israel,,,,,30,urban,31.7793676776665,35.245653374013,official_emis,exact,open
ISR_001751,511741,ISR,טיור אלגנה אלתרבויה,,1|2,ממ,public,Israel,,,,,30,urban,31.8100969862562,35.2328248134203,official_emis,exact,open
ISR_001752,475608,ISR,טירת שלום,,1,ממ,public,Israel,,,,,30,urban,31.9080991595525,34.7861396941752,official_emis,exact,open
ISR_001753,278234,ISR,טכלולוגי נעמת אלכרום,,3,ממ,public,Israel,,,,,23,urban,32.9177333087301,35.2559964332761,official_emis,exact,open
ISR_001754,247361,ISR,טכנולוגי אבו סנאן,,2|3,ממ,public,Israel,,,,,30,urban,32.9575325495572,35.1795370589544,official_emis,exact,open
ISR_001755,278051,ISR,טכנולוגי נעמת ע.מאהל,,3,ממ,public,Israel,,,,,21,peri_urban,32.7216052901029,35.3484737753407,official_emis,exact,open
ISR_001756,470021,ISR,טכנולוגי עירוני ויצו,,2|3,ממ,public,Israel,,,,,30,urban,31.8861917006327,34.8050525683568,official_emis,exact,open
ISR_001757,900076,ISR,טכנולוגי תורני נחלים,,2|3,חמד,public,Israel,,,,,21,peri_urban,32.0546529401668,34.9159294545837,official_emis,exact,open
ISR_001758,670810,ISR,טכני חיל האויר,,2|3,ממ,public,Israel,,,,,30,urban,31.2290284352914,34.7825485210132,official_emis,exact,open
ISR_001759,612358,ISR,טללים,,1|2,חמד,public,Israel,,,,,23,urban,31.2573736267282,35.2047942852484,official_emis,exact,open
ISR_001760,165324,ISR,טלמון,,1|2,חמד,public,Israel,,,,,12,rural,31.9379792306285,35.1354627154599,official_emis,exact,open
ISR_001761,218305,ISR,טמרה של העמק,,1,ממ,public,Israel,,,,,13,rural,32.6321026607534,35.4004829276262,official_emis,exact,open
ISR_001762,417014,ISR,טרה סנטה,,1|2,ממ,public,Israel,,,,,23,urban,31.9269281027726,34.8711558504516,official_emis,exact,open
ISR_001763,247015,ISR,טרה סנטה,,2|3,ממ,public,Israel,,,,,23,urban,32.9208447563179,35.0693559691965,official_emis,exact,open
ISR_001764,441113,ISR,טרה סנטה,,2|3,ממ,public,Israel,,,,,23,urban,31.9269281027726,34.8711558504516,official_emis,exact,open
ISR_001765,247064,ISR,טרה סנטה,,2|3,ממ,public,Israel,,,,,30,urban,32.7030057158962,35.2979457334378,official_emis,exact,open
ISR_001766,511485,ISR,טרה סנטה,,1|2,ממ,public,Israel,,,,,30,urban,32.0492864166193,34.7521138936791,official_emis,exact,open
ISR_001767,148189,ISR,טרה סנטה גבשה בנים,,1|2|3,ממ,public,Israel,,,,,30,urban,31.7785605005457,35.2279693508419,official_emis,approximate,open
ISR_001768,148171,ISR,טרה סנטה לבנות,,1|2,ממ,public,Israel,,,,,30,urban,31.7812562556559,35.2318024831669,official_emis,exact,open
ISR_001769,217117,ISR,טרה סנטה נצרת,,1|2,ממ,public,Israel,,,,,30,urban,32.7074050556065,35.2993048238175,official_emis,exact,open
ISR_001770,217190,ISR,טרה סנטה עכו,,1|2,ממ,public,Israel,,,,,23,urban,32.9208177290394,35.0693773921172,official_emis,exact,open
ISR_001771,211482,ISR,טרומפלדור-נהריה,,1,ממ,public,Israel,,,,,,,,,official_emis,unknown,open
ISR_001772,310557,ISR,טשרניחובסקי,,1,ממ,public,Israel,,,,,30,urban,32.8206286567853,34.974860920553,official_emis,exact,open
ISR_001773,510321,ISR,י.ח. ברנר,,1|2,ממ,public,Israel,,,,,30,urban,32.0740778627896,34.8033269271408,official_emis,exact,open
ISR_001774,513416,ISR,י.ישעיהו,,1,ממ,public,Israel,,,,,30,urban,32.0154393124825,34.7667808164086,official_emis,exact,open
ISR_001775,111351,ISR,יאנוש קורצאק,,1,ממ,public,Israel,,,,,30,urban,31.8017895014753,35.2389893512665,official_emis,exact,open
ISR_001776,212654,ISR,יאנוש קורצאק-ק.שמונה,,1,ממ,public,Israel,,,,,23,urban,33.21468337613,35.5668838213092,official_emis,exact,open
ISR_001777,518084,ISR,יאפא הדמוקרטי,,1|2,ממ,public,Israel,,,,,,,,,official_emis,unknown,open
ISR_001778,219279,ISR,יאפת נצרת א,,1,ממ,public,Israel,,,,,30,urban,32.6940010607174,35.2793280099145,official_emis,exact,open
ISR_001779,219592,ISR,יאפת נצרת ד,,1,ממ,public,Israel,,,,,30,urban,32.6844647407531,35.272602572848,official_emis,exact,open
ISR_001780,311027,ISR,יבנה,,1,חמד,public,Israel,,,,,23,urban,32.8100646595258,35.110333850413,official_emis,exact,open
ISR_001781,310839,ISR,יבנה,,1|2,חמד,public,Israel,,,,,,,,,official_emis,unknown,open
ISR_001782,310318,ISR,יבנה,,1,חמד,public,Israel,,,,,30,urban,32.4402223843882,34.8851456579183,official_emis,exact,open
ISR_001783,311548,ISR,יבנה,,1,חמד,public,Israel,,,,,21,peri_urban,32.7256096145394,35.1358755599555,official_emis,exact,open
ISR_001784,310565,ISR,יבניאלי,,1,ממ,public,Israel,,,,,30,urban,32.8282782786344,34.9766461198583,official_emis,exact,open
ISR_001785,411975,ISR,יבניאלי,,1,ממ,public,Israel,,,,,30,urban,31.8816730558714,34.8194988189963,official_emis,exact,open
ISR_001786,411819,ISR,יגאל אלון,,1,ממ,public,Israel,,,,,23,urban,32.2752701822296,34.9099895982626,official_emis,exact,open
ISR_001787,512590,ISR,יגאל אלון,,1|2,ממ,public,Israel,,,,,30,urban,32.0633039550371,34.8127883655457,official_emis,exact,open
ISR_001788,242073,ISR,יגאל אלון,,2|3,ממ,public,Israel,,,,,30,urban,32.7088350708441,35.3337454525252,official_emis,exact,open
ISR_001789,310896,ISR,יגאל אלון,,1,ממ,public,Israel,,,,,21,peri_urban,32.7572285290558,34.9690798735294,official_emis,exact,open
ISR_001790,414573,ISR,יגאל אלון,,1,ממ,public,Israel,,,,,30,urban,32.1605423718744,34.8897717867863,official_emis,exact,open
ISR_001791,213504,ISR,יגאל אלון-מגדל העמק,,1,ממ,public,Israel,,,,,23,urban,32.6852735998682,35.2325218247134,official_emis,exact,open
ISR_001792,328153,ISR,יד ביד גשר על,,1|2,ממ,public,Israel,,,,,23,urban,32.5131840332249,35.0636052774801,official_emis,exact,open
ISR_001793,612713,ISR,יד חזון,,1,חמד,public,Israel,,,,,21,peri_urban,31.725844163082,34.7308066463663,official_emis,exact,open
ISR_001794,611434,ISR,יד יצחק,,1,ממ,public,Israel,,,,,23,urban,31.605907451669,34.7609627136575,official_emis,exact,open
ISR_001795,412767,ISR,יד לבנים,,1,ממ,public,Israel,,,,,30,urban,32.0823866584397,34.8730819468446,official_emis,exact,open
ISR_001796,210484,ISR,יד לחמישה -דבורה,,1,ממ,public,Israel,,,,,13,rural,32.5462432550354,35.2645133187238,official_emis,exact,open
ISR_001797,512558,ISR,יד מרדכי,,1,ממ,public,Israel,,,,,30,urban,32.0176976247574,34.7549788342045,official_emis,exact,open
ISR_001798,611905,ISR,יד שבתאי,,1,חמד,public,Israel,,,,,30,urban,31.7931762052538,34.6547774814943,official_emis,exact,open
ISR_001799,544122,ISR,יד-גיורא,,2,ממ,public,Israel,,,,,30,urban,32.1647237295041,34.8261476888711,official_emis,exact,open
ISR_001800,412932,ISR,ידלין,,1,ממ,public,Israel,,,,,30,urban,31.9631862468762,34.7902166498986,official_emis,exact,open
ISR_001801,384156,ISR,ידע,,1|2,ממ,public,Israel,,,,,,,,,official_emis,unknown,open
ISR_001802,410613,ISR,יהודה הלוי,,1,ממ,public,Israel,,,,,,,,,official_emis,unknown,open
ISR_001803,110452,ISR,יהודה הלוי,,1,חמד,public,Israel,,,,,30,urban,31.7649533347646,35.2152883210304,official_emis,exact,open
ISR_001804,518365,ISR,יהודה המכבי,,1,ממ,public,Israel,,,,,30,urban,32.0920247971942,34.7842443501549,official_emis,exact,open
ISR_001805,112094,ISR,יהושע גן,,1,ממ,public,Israel,,,,,21,peri_urban,32.0341369250854,35.0501895100512,official_emis,exact,open
ISR_001806,612382,ISR,יהלום,,1,חמד,public,Israel,,,,,30,urban,31.8130451040381,34.6427785729293,official_emis,exact,open
ISR_001807,510768,ISR,יהלם,,1|2,ממ,public,Israel,,,,,30,urban,32.0834585837304,34.8185069494807,official_emis,exact,open
ISR_001808,211383,ISR,יהלם-מעלות תרשיחא,,1,חמד,public,Israel,,,,,23,urban,33.0141684977683,35.2876452217943,official_emis,exact,open
ISR_001809,610741,ISR,יובלי הבשור,,1,ממ,public,Israel,,,,,12,rural,31.303460422133,34.4297410182631,official_emis,exact,open
ISR_001810,615526,ISR,יובלי הנגב,,1,ממ,public,Israel,,,,,13,rural,31.3548069987223,34.7582991281837,official_emis,exact,open
ISR_001811,570259,ISR,יובלים,,2|3,ממ,public,Israel,,,,,30,urban,32.0273589732798,34.8563112691802,official_emis,exact,open
ISR_001812,614065,ISR,יובלים,,1,ממ,public,Israel,,,,,30,urban,31.2444258224861,34.7695472776595,official_emis,exact,open
ISR_001813,411645,ISR,יובלים,,1,ממ,public,Israel,,,,,,,,,official_emis,unknown,open
ISR_001814,413773,ISR,יובלים,,1,ממ,public,Israel,,,,,23,urban,32.2870751417553,34.9388053591253,official_emis,exact,open
ISR_001815,212969,ISR,יודפת,,1,ממ,public,Israel,,,,,30,urban,32.7267245117525,35.334229964172,official_emis,exact,open
ISR_001816,317073,ISR,יוחנן הקדוש,,1|2,ממ,public,Israel,,,,,30,urban,32.8173616782826,34.9937488963859,official_emis,exact,open
ISR_001817,513184,ISR,יוחנני,,1,ממ,public,Israel,,,,,30,urban,32.172636721924,34.8494299348172,official_emis,exact,open
ISR_001818,413484,ISR,יונתן,,1,ממ,public,Israel,,,,,30,urban,32.3178000178616,34.8512328035708,official_emis,exact,open
ISR_001819,611657,ISR,יוסף קארו,,1,חמד,public,Israel,,,,,30,urban,31.269678305174,34.7939389331526,official_emis,exact,open
ISR_001820,612432,ISR,יורה דעה,,1,חמד,public,Israel,,,,,,,,,official_emis,unknown,open
ISR_001821,312090,ISR,יזרעאליה,,1,ממ,public,Israel,,,,,30,urban,32.7900876712532,35.0119931734016,official_emis,exact,open
ISR_001822,213827,ISR,יחד,,1,ממ,public,Israel,,,,,21,peri_urban,32.7216455379453,35.2443309997532,official_emis,exact,open
ISR_001823,172171,ISR,יחד,,1,ממ,public,Israel,,,,,30,urban,31.9145134222678,35.0007498449011,official_emis,exact,open
ISR_001824,413088,ISR,יחדיו,,1,ממ,public,Israel,,,,,30,urban,32.1947227533755,34.8564283991973,official_emis,exact,open
ISR_001825,412189,ISR,יחדיו,,1,ממ,public,Israel,,,,,21,peri_urban,32.2149478161496,34.937190836747,official_emis,exact,open
ISR_001826,614578,ISR,יחדיו,,1,ממ,public,Israel,,,,,30,urban,31.236954524637,34.7765722315586,official_emis,exact,open
ISR_001827,615252,ISR,ים סוף,,1,ממ,public,Israel,,,,,23,urban,29.5432283791706,34.9269071650025,official_emis,exact,open
ISR_001828,370155,ISR,ימין אורד,,2|3,חמד,public,Israel,,,,,12,rural,32.7014363886005,34.9871004478656,official_emis,exact,open
ISR_001829,610048,ISR,ימין הרצוג,,1|2,חמד,public,Israel,,,,,23,urban,29.5640168300753,34.9416481140417,official_emis,exact,open
ISR_001830,312579,ISR,ימית,,1,ממ,public,Israel,,,,,30,urban,32.8408454162572,35.0598107407983,official_emis,exact,open
ISR_001831,413948,ISR,יסוד המעלה,,1,ממ,public,Israel,,,,,30,urban,31.9694842037925,34.794017994718,official_emis,exact,open
ISR_001832,411694,ISR,יסודות,,1,ממ,public,Israel,,,,,30,urban,32.0714293651386,34.8942714132877,official_emis,exact,open
ISR_001833,313676,ISR,יסודי 1 רמת יצחק,,1,ממ,public,Israel,,,,,30,urban,32.7711865280542,35.0359840505289,official_emis,exact,open
ISR_001834,219188,ISR,יסודי א כאבול,,1,ממ,public,Israel,,,,,21,peri_urban,32.8653820629449,35.2195434785056,official_emis,exact,open
ISR_001835,217513,ISR,יסודי אבן סינא,,1,ממ,public,Israel,,,,,23,urban,32.8568168090673,35.1997352938644,official_emis,exact,open
ISR_001836,217364,ISR,יסודי אבן סינא כאבול,,1,ממ,public,Israel,,,,,21,peri_urban,32.8712799104572,35.2097036054013,official_emis,exact,open
ISR_001837,288175,ISR,יסודי אבן רושד,,1,ממ,public,Israel,,,,,23,urban,32.8458936470069,35.3423397035254,official_emis,exact,open
ISR_001838,218081,ISR,יסודי אום אלגנם,,1|2,ממ,public,Israel,,,,,21,peri_urban,32.6742072763609,35.3923868147582,official_emis,exact,open
ISR_001839,417030,ISR,יסודי אורטודוקסי,,1|2,ממ,public,Israel,,,,,23,urban,31.925220959123,34.8701257519471,official_emis,exact,open
ISR_001840,412304,ISR,יסודי אורנית,,1,ממ,public,Israel,,,,,23,urban,32.1324789479695,34.994247150897,official_emis,exact,open
ISR_001841,354837,ISR,יסודי אחבאב אלרחמאן,,1|2,ממ,public,Israel,,,,,30,urban,31.8128449175139,35.2430489999939,official_emis,exact,open
ISR_001842,318881,ISR,יסודי אל באטן,,1,ממ,public,Israel,,,,,30,urban,32.5289418840783,35.1511084402505,official_emis,exact,open
ISR_001843,238501,ISR,יסודי אלאימאן בנות,,1|2,ממ,public,Israel,,,,,30,urban,31.8472904483456,35.2241726750932,official_emis,exact,open
ISR_001844,238493,ISR,יסודי אלאימאן לבנים,,1|2,ממ,public,Israel,,,,,30,urban,31.8449992682306,35.2272677262602,official_emis,exact,open
ISR_001845,217869,ISR,יסודי אלאשראק עין קניה,,1|2,ממ,public,Israel,,,,,13,rural,33.2350134248608,35.7292096779918,official_emis,exact,open
ISR_001846,219782,ISR,יסודי אלבוכארי,,1,ממ,public,Israel,,,,,23,urban,32.8470605789478,35.2029297585233,official_emis,exact,open
ISR_001847,219378,ISR,יסודי אלבסליה,,1,ממ,public,Israel,,,,,30,urban,32.8136593448192,35.1797802749844,official_emis,exact,open
ISR_001848,338210,ISR,יסודי אלחוארנה,,1,ממ,public,Israel,,,,,23,urban,32.5077587582862,35.0437136577956,official_emis,exact,open
ISR_001849,184101,ISR,יסודי אלחיה ב. חנינה,,1|2,ממ,public,Israel,,,,,,,,,official_emis,unknown,open
ISR_001850,178202,ISR,יסודי אלחיה סילואן,,1|2,ממ,public,Israel,,,,,,,,,official_emis,unknown,open
ISR_001851,178194,ISR,יסודי אלחית כפר עקב,,1|2,ממ,public,Israel,,,,,30,urban,31.8729839594088,35.2224766527845,official_emis,exact,open
ISR_001852,512343,ISR,יסודי אלמסתקבל שועפט,,1,ממ,public,Israel,,,,,30,urban,31.8100969862562,35.2328248134203,official_emis,exact,open
ISR_001853,338335,ISR,יסודי אלקאוס,,1,ממ,public,Israel,,,,,21,peri_urban,32.507339056083,35.1583575848413,official_emis,exact,open
ISR_001854,214197,ISR,יסודי ארזים,,1,ממ,public,Israel,,,,,23,urban,32.6484212984494,35.0955925714223,official_emis,exact,open
ISR_001855,312637,ISR,יסודי בגבעת רם,,1,ממ,public,Israel,,,,,21,peri_urban,32.8006923950184,35.1319957264916,official_emis,exact,open
ISR_001856,219261,ISR,יסודי בוסמת טבעון,,1,ממ,public,Israel,,,,,23,urban,32.7362937850842,35.1523293955213,official_emis,exact,open
ISR_001857,217810,ISR,יסודי בוקעאתא,,1,ממ,public,Israel,,,,,22,urban,33.1998836387513,35.7748688172798,official_emis,exact,open
ISR_001858,219410,ISR,יסודי בית זרזיר,,1,ממ,public,Israel,,,,,21,peri_urban,32.7294944199129,35.2286418095103,official_emis,exact,open
ISR_001859,410084,ISR,יסודי במזרח העיר,,1,ממ,public,Israel,,,,,30,urban,32.1660052138576,34.9037897718178,official_emis,exact,open
ISR_001860,376004,ISR,יסודי בסביוני ים,,1,ממ,public,Israel,,,,,30,urban,32.8603912742507,35.0825565839956,official_emis,exact,open
ISR_001861,430033,ISR,יסודי בצוריאל,,1,ממ,public,Israel,,,,,30,urban,31.9688392006538,34.82135705007,official_emis,exact,open
ISR_001862,338343,ISR,יסודי דאר אלאולאד,,1|2,ממ,public,Israel,,,,,30,urban,31.7881194937149,35.23086479233,official_emis,exact,open
ISR_001863,610345,ISR,יסודי דתי - באר גנים,,1|2,חמד,public,Israel,,,,,12,rural,31.6983374489868,34.6081453764049,official_emis,exact,open
ISR_001864,610600,ISR,יסודי דתי חדש בנות,,1|2,חמד,public,Israel,,,,,11,rural,31.51639677529,34.914996151986,official_emis,exact,open
ISR_001865,610618,ISR,יסודי דתי חדש בנים,,1|2,חמד,public,Israel,,,,,11,rural,31.51639677529,34.914996151986,official_emis,exact,open
ISR_001866,214205,ISR,יסודי הר גילון,,1,ממ,public,Israel,,,,,12,rural,32.9045551929737,35.2435682185971,official_emis,exact,open
ISR_001867,228668,ISR,יסודי השלום,,1,ממ,public,Israel,,,,,30,urban,31.8026511402052,35.1089731061605,official_emis,exact,open
ISR_001868,217521,ISR,יסודי ואדי אלעין,,1,ממ,public,Israel,,,,,23,urban,32.8547423486605,35.311511595041,official_emis,exact,open
ISR_001869,219345,ISR,יסודי ואדי סלאמה,,1,ממ,public,Israel,,,,,13,rural,32.893677841362,35.3691007180188,official_emis,exact,open
ISR_001870,618660,ISR,יסודי חדש,,1,ממ,public,Israel,,,,,23,urban,31.1906074237581,34.8324276918256,official_emis,exact,open
ISR_001871,338376,ISR,יסודי חדש,,1,ממ,public,Israel,,,,,23,urban,32.425208867012,35.0476665673065,official_emis,exact,open
ISR_001872,235051,ISR,יסודי חדש,,1|2,ממ,public,Israel,,,,,30,urban,32.7277238706894,35.3171629084428,official_emis,exact,open
ISR_001873,618728,ISR,יסודי חדש באלהוואשלה,,1|2,ממ,public,Israel,,,,,12,rural,31.0806121869432,34.9830165290116,official_emis,exact,open
ISR_001874,618710,ISR,יסודי חדש בבית פלט,,1|2,ממ,public,Israel,,,,,12,rural,31.1340160357313,34.9582520312127,official_emis,exact,open
ISR_001875,312751,ISR,יסודי חדש בגבעת טל,,1,ממ,public,Israel,,,,,21,peri_urban,32.8079885103903,35.1344028940429,official_emis,exact,open
ISR_001876,219725,ISR,יסודי חדש משותף,,1,ממ,public,Israel,,,,,21,peri_urban,32.736279920657,35.141756581986,official_emis,exact,open
ISR_001877,456921,ISR,יסודי חדש ק. האומנים,,1,ממ,public,Israel,,,,,23,urban,31.9144875207306,34.8694456312051,official_emis,exact,open
ISR_001878,312835,ISR,יסודי חדש קיסריה,,1,ממ,public,Israel,,,,,21,peri_urban,32.5120077965286,34.9063148493198,official_emis,exact,open
ISR_001879,610485,ISR,יסודי חדש רובע טז,,1,ממ,public,Israel,,,,,30,urban,31.7695474227137,34.6381012825309,official_emis,exact,open
ISR_001880,218255,ISR,יסודי טובא,,1,ממ,public,Israel,,,,,23,urban,32.9676671376506,35.5909765671422,official_emis,exact,open
ISR_001881,218271,ISR,יסודי טייבה העמק,,1,ממ,public,Israel,,,,,13,rural,32.6018286315371,35.4439338649423,official_emis,exact,open
ISR_001882,410118,ISR,יסודי ירוק,,1,ממ,public,Israel,,,,,30,urban,32.1891824716874,34.8931939507329,official_emis,exact,open
ISR_001883,618454,ISR,יסודי כוחלה,,1|2,ממ,public,Israel,,,,,11,rural,31.2835696218954,35.0559619124956,official_emis,exact,open
ISR_001884,218420,ISR,יסודי כפר מסר,,1,ממ,public,Israel,,,,,13,rural,32.644927321601,35.4211020588885,official_emis,exact,open
ISR_001885,344002,ISR,יסודי מאר מטרי,,1|2,ממ,public,Israel,,,,,,,,,official_emis,unknown,open
ISR_001886,218495,ISR,יסודי מוקיבלה,,1,ממ,public,Israel,,,,,21,peri_urban,32.5147598853217,35.2997193741455,official_emis,exact,open
ISR_001887,412577,ISR,יסודי מזרח,,1,ממ,public,Israel,,,,,30,urban,32.2656945197753,35.0199646038462,official_emis,exact,open
ISR_001888,218503,ISR,יסודי מזרעה,,1|2,ממ,public,Israel,,,,,30,urban,32.9818336036296,35.0965437023523,official_emis,exact,open
ISR_001889,618801,ISR,יסודי מכחול,,1|2,ממ,public,Israel,,,,,11,rural,31.2912248837629,35.0705591723979,official_emis,exact,open
ISR_001890,411751,ISR,יסודי ממ לאומנויות,,1,ממ,public,Israel,,,,,23,urban,31.8669410206748,34.7396603782404,official_emis,exact,open
ISR_001891,442590,ISR,יסודי ממלכתי ברקן,,1,ממ,public,Israel,,,,,23,urban,32.1069882035537,35.1086469541215,official_emis,exact,open
ISR_001892,218529,ISR,יסודי מעיליא,,1|2,ממ,public,Israel,,,,,21,peri_urban,33.0281718910576,35.2523248908549,official_emis,exact,open
ISR_001893,214239,ISR,יסודי נופים,,1,ממ,public,Israel,,,,,23,urban,32.679879862431,35.2384802735744,official_emis,exact,open
ISR_001894,218560,ISR,יסודי נין,,1,ממ,public,Israel,,,,,12,rural,32.6283219904057,35.3490914769223,official_emis,exact,open
ISR_001895,218685,ISR,יסודי סאגור,,1,ממ,public,Israel,,,,,12,rural,32.938410288513,35.3389329379615,official_emis,exact,open
ISR_001896,218693,ISR,יסודי סולם,,1,ממ,public,Israel,,,,,12,rural,32.6083500329893,35.3312358466072,official_emis,exact,open
ISR_001897,218735,ISR,יסודי סנדלה,,1,ממ,public,Israel,,,,,21,peri_urban,32.5211788419092,35.3226731924624,official_emis,exact,open
ISR_001898,218826,ISR,יסודי עוזיר,,1,ממ,public,Israel,,,,,21,peri_urban,32.7886605837437,35.3177413828149,official_emis,exact,open
ISR_001899,384057,ISR,יסודי עוספייה,,1,ממ,public,Israel,,,,,23,urban,32.7172969595015,35.0621758948681,official_emis,exact,open
ISR_001900,218750,ISR,יסודי עילבון,,1,ממ,public,Israel,,,,,22,urban,32.838169421768,35.4006994014681,official_emis,exact,open
ISR_001901,518050,ISR,יסודי ערבי חדש,,1,ממ,public,Israel,,,,,30,urban,32.0418028149753,34.7524789119838,official_emis,exact,open
ISR_001902,418400,ISR,יסודי ערבי נווה שלום,,1,ממ,public,Israel,,,,,23,urban,31.952111717392,34.876501582201,official_emis,exact,open
ISR_001903,318295,ISR,יסודי עש פארוק שחידם,,1,ממ,public,Israel,,,,,23,urban,32.716908982291,35.0619631806641,official_emis,exact,open
ISR_001904,412163,ISR,יסודי צור יצחק,,1,ממ,public,Israel,,,,,30,urban,32.2416531551372,34.9967229538299,official_emis,exact,open
ISR_001905,354977,ISR,יסודי רומאנה,,1,ממ,public,Israel,,,,,21,peri_urban,32.7886605837437,35.3177413828149,official_emis,exact,open
ISR_001906,610501,ISR,יסודי רמת כרמים,,1,ממ,public,Israel,,,,,30,urban,31.6915981341827,34.5793522035739,official_emis,exact,open
ISR_001907,218933,ISR,יסודי שבלי,,1,ממ,public,Israel,,,,,21,peri_urban,32.6894575275957,35.4026447982129,official_emis,exact,open
ISR_001908,317123,ISR,יסודי שיכון מערבי,,1,ממ,public,Israel,,,,,30,urban,32.5199914350955,35.1400235098827,official_emis,exact,open
ISR_001909,410134,ISR,יסודי שכונה 80,,1,ממ,public,Israel,,,,,30,urban,32.1921322602153,34.8899388365353,official_emis,exact,open
ISR_001910,411330,ISR,יסודי תדהר,,1,ממ,public,Israel,,,,,23,urban,32.6167569962577,35.2837280011055,official_emis,exact,open
ISR_001911,219030,ISR,יסודי תרשיחא,,1,ממ,public,Israel,,,,,23,urban,33.0097981608775,35.2675327228289,official_emis,exact,open
ISR_001912,418293,ISR,יסמין,,1,ממ,public,Israel,,,,,23,urban,31.951616788701,34.8769158470409,official_emis,exact,open
ISR_001913,310193,ISR,יעבץ,,1|2,חמד,public,Israel,,,,,21,peri_urban,32.5702501600538,34.9604220126648,official_emis,exact,open
ISR_001914,353037,ISR,יעבץ שורשים,,1|2,חמד,public,Israel,,,,,23,urban,32.5605146980825,34.9574563000788,official_emis,exact,open
ISR_001915,612044,ISR,יעלים,,1,ממ,public,Israel,,,,,23,urban,29.5635329038068,34.9526289822775,official_emis,exact,open
ISR_001916,611459,ISR,יעלים-עופרים,,1,ממ,public,Israel,,,,,23,urban,31.2579956376867,35.2134979906432,official_emis,exact,open
ISR_001917,513200,ISR,יעקב ניב,,1,ממ,public,Israel,,,,,30,urban,32.0090086308032,34.7879574405457,official_emis,exact,open
ISR_001918,244269,ISR,יערת העמק-מגדל העמק,,2,ממ,public,Israel,,,,,23,urban,32.6786801838477,35.239908526219,official_emis,exact,open
ISR_001919,413641,ISR,יפה נוף,,1,ממ,public,Israel,,,,,30,urban,31.9749171687263,34.7980881617783,official_emis,exact,open
ISR_001920,111062,ISR,יפה נוף,,1,ממ,public,Israel,,,,,30,urban,31.7793368474324,35.1856339664528,official_emis,exact,open
ISR_001921,510305,ISR,יפה נוף,,1,חמד,public,Israel,,,,,30,urban,32.0390071502357,34.7601047383091,official_emis,exact,open
ISR_001922,191031,ISR,יפתח,,3,חמד,public,Israel,,,,,11,rural,31.6751532621439,35.4411031845732,official_emis,exact,open
ISR_001923,212357,ISR,יצחק בן צבי,,1,ממ,public,Israel,,,,,22,urban,33.0717351207825,35.1447536692201,official_emis,exact,open
ISR_001924,510420,ISR,יצחק בן צבי,,1,ממ,public,Israel,,,,,30,urban,32.156704033357,34.8374281483942,official_emis,exact,open
ISR_001925,212852,ISR,יצחק הנשיא-ק. שמונה,,1,ממ,public,Israel,,,,,,,,,official_emis,unknown,open
ISR_001926,412593,ISR,יצחק נבון,,1,ממ,public,Israel,,,,,30,urban,31.8923601593305,34.7773213003966,official_emis,exact,open
ISR_001927,415232,ISR,יצחק רבין,,1,ממ,public,Israel,,,,,30,urban,32.1396470085494,34.8893878315636,official_emis,exact,open
ISR_001928,313783,ISR,יצחק רבין,,1,ממ,public,Israel,,,,,30,urban,32.7666008140676,35.0389489574371,official_emis,exact,open
ISR_001929,214155,ISR,יצחק רבין,,1,ממ,public,Israel,,,,,21,peri_urban,32.6878813216018,35.4232743275689,official_emis,exact,open
ISR_001930,614875,ISR,יצחק רבין,,1,ממ,public,Israel,,,,,30,urban,31.7720988716638,34.6318891029808,official_emis,exact,open
ISR_001931,611723,ISR,יצחק רבין,,1,ממ,public,Israel,,,,,23,urban,31.0695800547266,35.0289997206769,official_emis,exact,open
ISR_001932,644690,ISR,יצחק רבין,,2|3,ממ,public,Israel,,,,,23,urban,29.553377882503,34.9358355803003,official_emis,exact,open
ISR_001933,613851,ISR,יצחק רבין,,1,ממ,public,Israel,,,,,23,urban,31.4204584807266,34.5817046190914,official_emis,exact,open
ISR_001934,644534,ISR,יצחק רגר,,2|3,ממ,public,Israel,,,,,30,urban,31.2355314953591,34.769105198321,official_emis,exact,open
ISR_001935,613257,ISR,יצחק שדה,,1,ממ,public,Israel,,,,,23,urban,31.0744835435177,35.0267482510966,official_emis,exact,open
ISR_001936,414235,ISR,יצחק שדה,,1,ממ,public,Israel,,,,,30,urban,32.1714269676756,34.9162828148909,official_emis,exact,open
ISR_001937,510230,ISR,יצחק שדה א,,1,ממ,public,Israel,,,,,30,urban,32.0137846360658,34.7426568258523,official_emis,exact,open
ISR_001938,514919,ISR,יצחק שמיר,,1,ממ,public,Israel,,,,,30,urban,32.0066386591053,34.780326983979,official_emis,exact,open
ISR_001939,512830,ISR,ירושלים,,1,ממ,public,Israel,,,,,30,urban,32.0247661065403,34.7545208999233,official_emis,exact,open
ISR_001940,312702,ISR,ירושלים,,1,ממ,public,Israel,,,,,23,urban,32.8123442214829,35.1080570496375,official_emis,exact,open
ISR_001941,218339,ISR,ירכא ממלכתי ב,,1,ממ,public,Israel,,,,,30,urban,32.957569057218,35.1818472449182,official_emis,exact,open
ISR_001942,512467,ISR,ישגב,,1,ממ,public,Israel,,,,,30,urban,32.109148853213,34.83298845719,official_emis,exact,open
ISR_001943,217133,ISR,ישוע הנער דון בוסקו,,1|2,ממ,public,Israel,,,,,30,urban,32.705570841585,35.2920398956775,official_emis,exact,open
ISR_001944,311399,ISR,ישורון,,1,חמד,public,Israel,,,,,23,urban,32.4713257854254,34.9678376527164,official_emis,exact,open
ISR_001945,311266,ISR,ישורון תל חנן נשר,,1,חמד,public,Israel,,,,,,,,,official_emis,unknown,open
ISR_001946,560474,ISR,ישיבה אורות מרדכי,,2|3,חמד,public,Israel,,,,,,,,,official_emis,unknown,open
ISR_001947,441857,ISR,ישיבה לצעירים חיצים,,2|3,חמד,public,Israel,,,,,12,rural,32.175445907094,35.3085892593561,official_emis,exact,open
ISR_001948,144600,ISR,ישיבה שעלי תורה,,2|3,חמד,public,Israel,,,,,30,urban,31.7162498034629,34.9930504179629,official_emis,exact,open
ISR_001949,640425,ISR,ישיבה תורנית מדעית,,2|3,חמד,public,Israel,,,,,21,peri_urban,31.4224161848512,34.5744559688717,official_emis,exact,open
ISR_001950,144212,ISR,ישיבה תיכונית,,3,חמד,public,Israel,,,,,12,rural,31.5436552107942,35.1224015040431,official_emis,exact,open
ISR_001951,460691,ISR,ישיבה תיכונית,,2|3,חמד,public,Israel,,,,,21,peri_urban,33.0044887911962,35.2810443212681,official_emis,exact,open
ISR_001952,540849,ISR,ישיבה תיכונית,,2|3,חמד,public,Israel,,,,,30,urban,32.0990231032625,34.8428077270168,official_emis,exact,open
ISR_001953,644435,ISR,ישיבה תיכונית,,2|3,חמד,public,Israel,,,,,13,rural,30.6066720234377,34.8030719021297,official_emis,exact,open
ISR_001954,610170,ISR,ישיבה תיכונית אילת,,2|3,חמד,public,Israel,,,,,23,urban,29.5622255163623,34.9391039463826,official_emis,exact,open
ISR_001955,544494,ISR,ישיבה תיכונית בנים,,2|3,חמד,public,Israel,,,,,30,urban,32.0810086285014,34.8224468512945,official_emis,exact,open
ISR_001956,640003,ISR,ישיבה תיכונית חדשה,,2|3,חמד,public,Israel,,,,,30,urban,31.8028795415924,34.6631257661331,official_emis,exact,open
ISR_001957,240457,ISR,ישיבה תיכונית חיספין,,2|3,חמד,public,Israel,,,,,12,rural,32.8460476520479,35.7927724685566,official_emis,exact,open
ISR_001958,641365,ISR,ישיבה תיכונית נווה,,2|3,חמד,public,Israel,,,,,12,rural,31.160178678822,34.3338663254489,official_emis,exact,open
ISR_001959,442715,ISR,ישיבה תיכונית נצרת ע,,2|3,חמד,public,Israel,,,,,,,,,official_emis,unknown,open
ISR_001960,540484,ISR,ישיבה תכונית בר אילן,,2|3,חמד,public,Israel,,,,,30,urban,32.0694778171239,34.778194384917,official_emis,exact,open
ISR_001961,214098,ISR,ישיבת אביר יעקב,,2|3,חמד,public,Israel,,,,,21,peri_urban,33.0080560350086,35.1099206628869,official_emis,exact,open
ISR_001962,141291,ISR,ישיבת אהבת חיים,,2|3,חמד,public,Israel,,,,,13,rural,31.956789524985,35.3421483906815,official_emis,exact,open
ISR_001963,640185,ISR,ישיבת אור עציון,,2|3,חמד,public,Israel,,,,,21,peri_urban,31.6983042250497,34.7077090788368,official_emis,exact,open
ISR_001964,240622,ISR,ישיבת אלוני הבשן,,2|3,חמד,public,Israel,,,,,12,rural,33.0444600130192,35.84011123288,official_emis,exact,open
ISR_001965,640177,ISR,ישיבת בני עקיבא,,2|3,חמד,public,Israel,,,,,30,urban,31.27134291632,34.7899100746105,official_emis,exact,open
ISR_001966,165852,ISR,ישיבת בני עקיבא,,2|3,חמד,public,Israel,,,,,30,urban,31.8858368720017,35.0017008559392,official_emis,exact,open
ISR_001967,441634,ISR,ישיבת בני עקיבא,,2|3,חמד,public,Israel,,,,,30,urban,32.0681645345394,34.849484741258,official_emis,exact,open
ISR_001968,214338,ISR,ישיבת בני עקיבא,,2,חמד,public,Israel,,,,,12,rural,32.9812531724291,35.439646337044,official_emis,exact,open
ISR_001969,440347,ISR,ישיבת בני עקיבא,,2|3,חמד,public,Israel,,,,,30,urban,32.3124814557857,34.8857964055841,official_emis,exact,open
ISR_001970,444646,ISR,ישיבת בני עקיבא,,2|3,חמד,public,Israel,,,,,30,urban,31.9840011503014,34.7905781103144,official_emis,exact,open
ISR_001971,440370,ISR,ישיבת בני עקיבא,,2|3,חמד,public,Israel,,,,,30,urban,32.1807060128624,34.8720476401603,official_emis,exact,open
ISR_001972,141739,ISR,ישיבת בני צבי בית אל,,2|3,חמד,public,Israel,,,,,30,urban,31.9460680866955,35.2221841350125,official_emis,exact,open
ISR_001973,270280,ISR,ישיבת בר יוחאי,,2|3,חמד,public,Israel,,,,,12,rural,32.9812531724291,35.439646337044,official_emis,exact,open
ISR_001974,240218,ISR,ישיבת דרכא המתמיד,,2|3,חמד,public,Israel,,,,,23,urban,33.2031592018673,35.5673296886711,official_emis,exact,open
ISR_001975,441063,ISR,ישיבת הבוכרים,,2|3,חמד,public,Israel,,,,,21,peri_urban,31.9862609628631,34.85206488242,official_emis,exact,open
ISR_001976,440362,ISR,ישיבת הדרום,,3,חמד,public,Israel,,,,,30,urban,31.902659109936,34.8167580465343,official_emis,exact,open
ISR_001977,240812,ISR,ישיבת הזורעים,,2|3,חמד,public,Israel,,,,,12,rural,32.7468700367485,35.4987169910589,official_emis,exact,open
ISR_001978,544031,ISR,ישיבת הישוב החדש,,2,חמד,public,Israel,,,,,30,urban,32.0812854071636,34.7872592430768,official_emis,exact,open
ISR_001979,540476,ISR,ישיבת הרב עמיאל,,2|3,חמד,public,Israel,,,,,30,urban,32.081393481101,34.7872163842764,official_emis,exact,open
ISR_001980,440958,ISR,ישיבת השומרון,,2|3,חמד,public,Israel,,,,,22,urban,32.1747652296495,35.0953012349885,official_emis,exact,open
ISR_001981,140145,ISR,ישיבת חורב,,2|3,חמד,public,Israel,,,,,30,urban,31.7999990684592,35.2150178281445,official_emis,exact,open
ISR_001982,140160,ISR,ישיבת ים לצעירים,,2|3,חמד,public,Israel,,,,,30,urban,31.7874635951975,35.1961062721636,official_emis,exact,open
ISR_001983,440297,ISR,ישיבת כפר גנים,,2|3,חמד,public,Israel,,,,,30,urban,32.0729728804553,34.8804343118776,official_emis,exact,open
ISR_001984,140939,ISR,ישיבת מטה בנימין,,2|3,חמד,public,Israel,,,,,30,urban,31.9374556247121,35.2225737821883,official_emis,exact,open
ISR_001985,420026,ISR,ישיבת מערב שומרון,,2|3,חמד,public,Israel,,,,,21,peri_urban,32.1117109359578,35.0367511320293,official_emis,exact,open
ISR_001986,140954,ISR,ישיבת מערבא,,2|3,חמד,public,Israel,,,,,30,urban,31.9285302557487,35.0264149419184,official_emis,exact,open
ISR_001987,141028,ISR,ישיבת מקור חיים,,2|3,חמד,public,Israel,,,,,21,peri_urban,31.6484568245251,35.1151721207817,official_emis,exact,open
ISR_001988,441592,ISR,ישיבת נהורא,,2|3,חמד,public,Israel,,,,,13,rural,31.8506626590566,35.0302204487063,official_emis,exact,open
ISR_001989,440487,ISR,ישיבת נוה הרצוג,,2|3,חמד,public,Israel,,,,,30,urban,31.8241310364492,34.6880874673787,official_emis,exact,open
ISR_001990,140764,ISR,ישיבת נוה שמואל,,2|3,חמד,public,Israel,,,,,21,peri_urban,31.652120008766,35.1500662484558,official_emis,exact,open
ISR_001991,440339,ISR,ישיבת נחלים,,2|3,חמד,public,Israel,,,,,21,peri_urban,32.0620789365302,34.913809362799,official_emis,exact,open
ISR_001992,144691,ISR,ישיבת נעם,,2|3,חמד,public,Israel,,,,,30,urban,31.7603541473127,35.1970798165708,official_emis,exact,open
ISR_001993,144766,ISR,ישיבת נר תמיד,,2|3,חמד,public,Israel,,,,,30,urban,31.9309751939242,35.0207844511139,official_emis,exact,open
ISR_001994,140137,ISR,ישיבת נתיב מאיר,,2|3,חמד,public,Israel,,,,,30,urban,31.7702095228091,35.1817299287418,official_emis,exact,open
ISR_001995,141101,ISR,ישיבת נתיבות יוסף,,2|3,חמד,public,Israel,,,,,13,rural,31.8127498581549,35.3912449811352,official_emis,exact,open
ISR_001996,640375,ISR,ישיבת עתניאל לצעירים,,2|3,חמד,public,Israel,,,,,21,peri_urban,31.4372885678855,35.026477308026,official_emis,exact,open
ISR_001997,641183,ISR,ישיבת צביה אשקלון,,2|3,חמד,public,Israel,,,,,30,urban,31.657140559511,34.5796779071178,official_emis,exact,open
ISR_001998,141382,ISR,ישיבת צביה בני חייל,,2|3,חמד,public,Israel,,,,,,,,,official_emis,unknown,open
ISR_001999,641332,ISR,ישיבת צביה דימונה,,2|3,חמד,public,Israel,,,,,23,urban,31.0658271769318,35.0284198532309,official_emis,exact,open
ISR_002000,441824,ISR,ישיבת צביה לוד,,2|3,חמד,public,Israel,,,,,23,urban,31.9521078404592,34.8928644321051,official_emis,exact,open
ISR_002001,144428,ISR,ישיבת צביה מ.אדומים,,2|3,חמד,public,Israel,,,,,30,urban,31.7904391780562,35.3013979670647,official_emis,exact,open
ISR_002002,442319,ISR,ישיבת צביה קטיף,,2|3,חמד,public,Israel,,,,,12,rural,31.7886922832645,34.8157985641639,official_emis,exact,open
ISR_002003,770305,ISR,ישיבת שעלבים,,2|3,חמד,public,Israel,,,,,30,urban,31.8691702737795,34.984934726158,official_emis,exact,open
ISR_002004,640680,ISR,ישיבת תומכי תמימים,,2|3,חמד,public,Israel,,,,,,,,,official_emis,unknown,open
ISR_002005,140251,ISR,ישיבת תיכון קול מבשר,,2|3,חמד,public,Israel,,,,,30,urban,31.7997555589548,35.155428726443,official_emis,exact,open
ISR_002006,240176,ISR,ישיבת תקות יעקב,,2|3,חמד,public,Israel,,,,,21,peri_urban,32.7033012185238,35.1357966593165,official_emis,exact,open
ISR_002007,210930,ISR,כברי -מעיינות,,1,ממ,public,Israel,,,,,13,rural,33.0215500853499,35.1481590209509,official_emis,exact,open
ISR_002008,218362,ISR,כוכב אבו אלהיגא,,1,ממ,public,Israel,,,,,21,peri_urban,32.8267639230363,35.2507535813911,official_emis,exact,open
ISR_002009,614404,ISR,כוכב הצפון,,1,ממ,public,Israel,,,,,30,urban,31.6723614189205,34.5866412324269,official_emis,exact,open
ISR_002010,113480,ISR,כוכב השחר,,1,חמד,public,Israel,,,,,13,rural,31.9596515096039,35.3473993786708,official_emis,exact,open
ISR_002011,113787,ISR,כוכב יעקב בנות,,1|2,חמד,public,Israel,,,,,21,peri_urban,31.8806366808033,35.2405300541887,official_emis,exact,open
ISR_002012,142281,ISR,כינור דוד,,2|3,חמד,public,Israel,,,,,12,rural,31.9978941789613,35.1786154707493,official_emis,exact,open
ISR_002013,210708,ISR,כינר,,1,ממ,public,Israel,,,,,23,urban,32.7969884480427,35.5236823253354,official_emis,exact,open
ISR_002014,340190,ISR,כל ישראל חברים,,2|3,ממ,public,Israel,,,,,30,urban,32.7737540533236,35.0095201260231,official_emis,exact,open
ISR_002015,214395,ISR,כלנית -כרמיאל,,1,ממ,public,Israel,,,,,23,urban,32.9112778886512,35.2881903157526,official_emis,exact,open
ISR_002016,214130,ISR,כסולות-נצרת עלית,,1,ממ,public,Israel,,,,,30,urban,32.7026670235458,35.3250233947328,official_emis,exact,open
ISR_002017,513408,ISR,כפיר,,1,ממ,public,Israel,,,,,30,urban,32.0475832661669,34.8005414212018,official_emis,exact,open
ISR_002018,112052,ISR,כפר אדומים,,1,חמד,public,Israel,,,,,13,rural,31.827193605677,35.3366003453667,official_emis,exact,open
ISR_002019,418103,ISR,כפר ברא,,1,ממ,public,Israel,,,,,30,urban,32.1306934986051,34.9687107105582,official_emis,exact,open
ISR_002020,380055,ISR,כפר גלים,,2|3,ממ,public,Israel,,,,,30,urban,32.7667471202859,34.9579448147836,official_emis,exact,open
ISR_002021,380048,ISR,כפר הנוער הדתי,,2|3,חמד,public,Israel,,,,,21,peri_urban,32.7420234117411,35.1005041801435,official_emis,exact,open
ISR_002022,670828,ISR,כפר הנוער קדמה,,2|3,ממ,public,Israel,,,,,12,rural,31.699594747298,34.7723316587633,official_emis,exact,open
ISR_002023,219147,ISR,כפר יאסיף א,,1,ממ,public,Israel,,,,,30,urban,32.9538687895716,35.1676239632197,official_emis,exact,open
ISR_002024,218388,ISR,כפר יסיף ב,,1,ממ,public,Israel,,,,,30,urban,32.9566704178055,35.1597083186827,official_emis,exact,open
ISR_002025,218412,ISR,כפר כנא א,,1,ממ,public,Israel,,,,,30,urban,32.7436174257477,35.3390664727094,official_emis,exact,open
ISR_002026,218404,ISR,כפר כנא ב,,1,ממ,public,Israel,,,,,30,urban,32.7493699715478,35.3393845611641,official_emis,exact,open
ISR_002027,280032,ISR,כפר נוער ניר העמק,,2|3,ממ,public,Israel,,,,,21,peri_urban,32.5976536535137,35.2766593128818,official_emis,exact,open
ISR_002028,148288,ISR,כפר עקב,,1|2,ממ,public,Israel,,,,,30,urban,31.8755458102668,35.217087236588,official_emis,exact,open
ISR_002029,179754,ISR,כפר עקב חדש,,1|2,ממ,public,Israel,,,,,30,urban,31.8728218161841,35.2211027623356,official_emis,exact,open
ISR_002030,518373,ISR,כפר עקב לבנים,,1,ממ,public,Israel,,,,,30,urban,31.866842603692,35.221556092428,official_emis,exact,open
ISR_002031,318352,ISR,כפר קרע א,,1,ממ,public,Israel,,,,,23,urban,32.5087289293616,35.055343493503,official_emis,exact,open
ISR_002032,514232,ISR,כפר שמריהו - רשפון,,1,ממ,public,Israel,,,,,21,peri_urban,32.1935425247544,34.8194746393287,official_emis,exact,open
ISR_002033,510347,ISR,כצנלסון,,1|2,ממ,public,Israel,,,,,30,urban,32.0706569980066,34.810977777688,official_emis,exact,open
ISR_002034,510560,ISR,כצנלסון,,1,ממ,public,Israel,,,,,30,urban,32.0263092141226,34.7703388165189,official_emis,exact,open
ISR_002035,410944,ISR,כצנלסון,,1,ממ,public,Israel,,,,,30,urban,32.0770121209152,34.9255716507018,official_emis,exact,open
ISR_002036,311076,ISR,כרכור,,1,ממ,public,Israel,,,,,23,urban,32.4756214534526,34.9898363384866,official_emis,exact,open
ISR_002037,166470,ISR,כרמי חן,,1,חמד,public,Israel,,,,,12,rural,32.0710350479743,35.2693163549668,official_emis,exact,open
ISR_002038,111328,ISR,כרמי יהודה,,1|2,חמד,public,Israel,,,,,21,peri_urban,31.6572895651901,35.1203195268076,official_emis,exact,open
ISR_002039,413617,ISR,כרמים,,1,ממ,public,Israel,,,,,30,urban,31.9736661278078,34.7768816551606,official_emis,exact,open
ISR_002040,311290,ISR,כרמל וים,,1,ממ,public,Israel,,,,,13,rural,32.6782952088663,34.9516950223053,official_emis,exact,open
ISR_002041,213629,ISR,כרמל נצרת עלית,,1,ממ,public,Israel,,,,,30,urban,32.694285944209,35.3095922251199,official_emis,exact,open
ISR_002042,310847,ISR,כרמל-נתיב אליעזר,,1,חמד,public,Israel,,,,,30,urban,32.7887703234415,34.9893007973992,official_emis,exact,open
ISR_002043,411926,ISR,לאה גולדברג,,1,ממ,public,Israel,,,,,30,urban,32.3100394154766,34.872478712498,official_emis,exact,open
ISR_002044,513655,ISR,לאמנויות,,1,ממ,public,Israel,,,,,30,urban,32.065796715275,34.7803506725913,official_emis,exact,open
ISR_002045,412718,ISR,לב המושבה,,1,ממ,public,Israel,,,,,30,urban,31.9288294607035,34.8107688643926,official_emis,exact,open
ISR_002046,211441,ISR,לב העמק-נאות מרדכי,,1,ממ,public,Israel,,,,,13,rural,33.1622532064458,35.5966519604217,official_emis,exact,open
ISR_002047,416339,ISR,לב הפרדס,,1,ממ,public,Israel,,,,,12,rural,32.2978041500553,34.9336035261636,official_emis,exact,open
ISR_002048,518068,ISR,לב יפו,,1,ממ,public,Israel,,,,,,,,,official_emis,unknown,open
ISR_002049,512665,ISR,לב-טוב,,1,ממ,public,Israel,,,,,30,urban,32.1533755315461,34.8433776567846,official_emis,exact,open
ISR_002050,613174,ISR,לבאות,,1,ממ,public,Israel,,,,,23,urban,31.2604399788787,35.2111988732361,official_emis,exact,open
ISR_002051,436717,ISR,לביא,,1|2,ממ,public,Israel,,,,,30,urban,31.962748899914,35.0653726971673,official_emis,exact,open
ISR_002052,211128,ISR,לביא אזורי ממד,,1|2,חמד,public,Israel,,,,,12,rural,32.7871506899785,35.4379600890342,official_emis,exact,open
ISR_002053,613463,ISR,להבים,,1,ממ,public,Israel,,,,,22,urban,31.373254012916,34.8176451564516,official_emis,exact,open
ISR_002054,513531,ISR,לוי אשכול,,1,ממ,public,Israel,,,,,30,urban,32.0129831391809,34.7927340500411,official_emis,exact,open
ISR_002055,111179,ISR,לוי אשכול,,1,ממ,public,Israel,,,,,30,urban,31.7448520762669,34.9904103810944,official_emis,exact,open
ISR_002056,112334,ISR,לוין,,1,חמד,public,Israel,,,,,30,urban,31.7419288341039,34.9843806635459,official_emis,exact,open
ISR_002057,110270,ISR,לוריא,,1,ממ,public,Israel,,,,,30,urban,31.7629967787746,35.2039618863597,official_emis,exact,open
ISR_002058,513689,ISR,לטבע סביבה וחברה,,1,ממ,public,Israel,,,,,30,urban,32.0482004419924,34.7690496250455,official_emis,exact,open
ISR_002059,313460,ISR,ליאו באק,,1|2,ממ,public,Israel,,,,,30,urban,32.8233109327418,34.9674640137115,official_emis,exact,open
ISR_002060,310607,ISR,ליאו בק,,1,ממ,public,Israel,,,,,30,urban,32.8099328144433,34.9891003201501,official_emis,exact,open
ISR_002061,413476,ISR,לפיד,,1,ממ,public,Israel,,,,,30,urban,32.1509081881324,34.892158104424,official_emis,exact,open
ISR_002062,541862,ISR,מ.חינוך בית וינשטיין,,2|3,חמד,public,Israel,,,,,30,urban,32.0818206622509,34.8255893037852,official_emis,exact,open
ISR_002063,344275,ISR,מ.חינוך טכנולוגי עמל,,2|3,ממ,public,Israel,,,,,,,,,official_emis,unknown,open
ISR_002064,218677,ISR,מאי זיאדה -אלשיכון,,1,ממ,public,Israel,,,,,30,urban,32.6984581295481,35.289409526483,official_emis,exact,open
ISR_002065,210294,ISR,מאיר מד-בית שאן,,1|2,חמד,public,Israel,,,,,23,urban,32.4923768767585,35.5027588722914,official_emis,exact,open
ISR_002066,148148,ISR,מאמוניה,,3,ממ,public,Israel,,,,,30,urban,31.7872447501905,35.2306428178602,official_emis,exact,open
ISR_002067,210062,ISR,מבוא גליל-איילת השחר,,1,ממ,public,Israel,,,,,13,rural,33.0219048362833,35.5721937824291,official_emis,exact,open
ISR_002068,112516,ISR,מבוא חורון,,1|2,חמד,public,Israel,,,,,13,rural,31.851359345797,35.031888515282,official_emis,exact,open
ISR_002069,610212,ISR,מבואות,,1,ממ,public,Israel,,,,,21,peri_urban,31.7297817110327,34.7298686157089,official_emis,exact,open
ISR_002070,660274,ISR,מבואות הנגב,,2|3,ממ,public,Israel,,,,,21,peri_urban,31.4131159370229,34.74101880633,official_emis,exact,open
ISR_002071,610733,ISR,מבועים,,1,ממ,public,Israel,,,,,13,rural,31.446082917307,34.6551415356762,official_emis,exact,open
ISR_002072,219618,ISR,מגאר ד ראס אלחבייה,,1,ממ,public,Israel,,,,,23,urban,32.8812460155415,35.4208094019228,official_emis,exact,open
ISR_002073,219352,ISR,מגאר ממלכתי ג,,1,ממ,public,Israel,,,,,23,urban,32.8959227567715,35.4171149830742,official_emis,exact,open
ISR_002074,412205,ISR,מגד,,1,ממ,public,Israel,,,,,30,urban,32.1792630847097,34.8754671501354,official_emis,exact,open
ISR_002075,218461,ISR,מגדאלכרום אלסלאם,,1,ממ,public,Israel,,,,,23,urban,32.9192864114746,35.2503205469617,official_emis,exact,open
ISR_002076,218453,ISR,מגדאלכרום עמר אלחטאב,,1,ממ,public,Israel,,,,,23,urban,32.9197890518334,35.2562221303155,official_emis,exact,open
ISR_002077,114181,ISR,מגדים,,1,ממ,public,Israel,,,,,30,urban,31.7711814915486,35.2935554747148,official_emis,exact,open
ISR_002078,240341,ISR,מגדל אור,,2,חמד,public,Israel,,,,,23,urban,32.6773839599362,35.2307494978442,official_emis,exact,open
ISR_002079,240358,ISR,מגדל אור - בנות,,2,חמד,public,Israel,,,,,,,,,official_emis,unknown,open
ISR_002080,214478,ISR,מגדל אור בנים,,1|2,חמד,public,Israel,,,,,23,urban,32.6786372548837,35.2311870055613,official_emis,exact,open
ISR_002081,112367,ISR,מגילות,,1,ממ,public,Israel,,,,,12,rural,31.7520879019484,35.4653942318193,official_emis,exact,open
ISR_002082,310623,ISR,מגינים,,1,ממ,public,Israel,,,,,30,urban,32.8193455434361,35.0646830773892,official_emis,exact,open
ISR_002083,511576,ISR,מגן,,1,ממ,public,Israel,,,,,30,urban,32.1132317072675,34.8142494126956,official_emis,exact,open
ISR_002084,614727,ISR,מדעי תורני,,1,חמד,public,Israel,,,,,21,peri_urban,31.5261196930631,34.5870269100722,official_emis,exact,open
ISR_002085,442376,ISR,מדעי תורני כפר בתיה,,2|3,חמד,public,Israel,,,,,30,urban,32.1894490683059,34.8505523789846,official_emis,exact,open
ISR_002086,270298,ISR,מדעים ואמנויות,,2|3,ממ,public,Israel,,,,,30,urban,33.0125457454136,35.0979831644481,official_emis,approximate,open
ISR_002087,770057,ISR,מדעים ואמנויות עמל 1,,2|3,ממ,public,Israel,,,,,23,urban,31.305632627602,34.6204123789079,official_emis,exact,open
ISR_002088,521377,ISR,מדעים ויהדות בנות,,3,חמד,public,Israel,,,,,,,,,official_emis,unknown,open
ISR_002089,448050,ISR,מדעים ותיכון גלגוליה,,3,ממ,public,Israel,,,,,23,urban,32.1500956991037,34.9569902090645,official_emis,exact,open
ISR_002090,284075,ISR,מדרסת דאר אלמערפה,,1|2,ממ,public,Israel,,,,,,,,,official_emis,unknown,open
ISR_002091,284083,ISR,מדרסת דאר אלמערפה,,2|3,ממ,public,Israel,,,,,,,,,official_emis,unknown,open
ISR_002092,244426,ISR,מדרשיית הגליל,,2|3,חמד,public,Israel,,,,,,,,,official_emis,unknown,open
ISR_002093,140277,ISR,מדרשיית עמליה,,2|3,חמד,public,Israel,,,,,30,urban,31.7620496314235,35.1972380140579,official_emis,exact,open
ISR_002094,641324,ISR,מדרשת קמה,,2|3,חמד,public,Israel,,,,,21,peri_urban,30.9837869936635,34.9306973516922,official_emis,exact,open
ISR_002095,511865,ISR,מודיעים מד,,1,חמד,public,Israel,,,,,30,urban,32.0557571142941,34.7904671345534,official_emis,exact,open
ISR_002096,510198,ISR,מוהליבר מד,,1,חמד,public,Israel,,,,,30,urban,32.0886755368892,34.8290354600359,official_emis,exact,open
ISR_002097,213231,ISR,מול גלעד אשדות יעקוב,,1|2,ממ,public,Israel,,,,,13,rural,32.6583454694916,35.584118377866,official_emis,exact,open
ISR_002098,613166,ISR,מולדת,,1,ממ,public,Israel,,,,,30,urban,31.2466538538685,34.775006338699,official_emis,exact,open
ISR_002099,111369,ISR,מולדת,,1,ממ,public,Israel,,,,,30,urban,31.8010502705126,35.1460930308285,official_emis,exact,open
ISR_002100,118331,ISR,מולויה לבנות,,1,ממ,public,Israel,,,,,30,urban,31.7813013682505,35.2317074768964,official_emis,exact,open
ISR_002101,640102,ISR,מוסדות בני עקיבא,,2|3,חמד,public,Israel,,,,,23,urban,31.3065557140758,34.6191251753014,official_emis,exact,open
ISR_002102,318204,ISR,מוסמוס,,1,ממ,public,Israel,,,,,30,urban,32.544145725726,35.1524089064101,official_emis,exact,open
ISR_002103,318196,ISR,מועאויה,,1,ממ,public,Israel,,,,,13,rural,32.5301458432757,35.1008022683691,official_emis,exact,open
ISR_002104,357483,ISR,מופת חופים,,1|2,ממ,public,Israel,,,,,21,peri_urban,32.4294287385084,34.8852475012915,official_emis,exact,open
ISR_002105,510834,ISR,מורדי הגיטאות,,1|2,ממ,public,Israel,,,,,30,urban,32.0720478885549,34.8264874774642,official_emis,exact,open
ISR_002106,312595,ISR,מוריה,,1,חמד,public,Israel,,,,,,,,,official_emis,unknown,open
ISR_002107,310854,ISR,מוריה,,1,חמד,public,Israel,,,,,30,urban,32.8207320495654,34.9873229220592,official_emis,exact,open
ISR_002108,611376,ISR,מוריה,,1,חמד,public,Israel,,,,,30,urban,31.8069028966761,34.6549918999676,official_emis,exact,open
ISR_002109,614768,ISR,מוריה,,1,חמד,public,Israel,,,,,30,urban,31.2467829757549,34.7924108858286,official_emis,exact,open
ISR_002110,310300,ISR,מוריה,,1,חמד,public,Israel,,,,,30,urban,32.4510524906153,34.8997625362956,official_emis,exact,open
ISR_002111,511881,ISR,מוריה מד,,1,חמד,public,Israel,,,,,30,urban,32.078690693596,34.7852692104545,official_emis,exact,open
ISR_002112,211961,ISR,מוריה מד-עפולה,,1,חמד,public,Israel,,,,,23,urban,32.622506510512,35.331841830263,official_emis,exact,open
ISR_002113,311084,ISR,מורשה,,1,חמד,public,Israel,,,,,23,urban,32.4703583453101,34.9863810564665,official_emis,exact,open
ISR_002114,610477,ISR,מורשה,,1|2,חמד,public,Israel,,,,,21,peri_urban,31.6674918027917,34.6271435354735,official_emis,exact,open
ISR_002115,416230,ISR,מורשת זבולון ק.רבין,,1,חמד,public,Israel,,,,,30,urban,32.307417693792,34.8768523599172,official_emis,exact,open
ISR_002116,612119,ISR,מורשת ישורון,,1,חמד,public,Israel,,,,,23,urban,31.3152004111617,34.6161828004884,official_emis,exact,open
ISR_002117,512475,ISR,מורשת משה מד,,1,חמד,public,Israel,,,,,30,urban,32.0588319425733,34.8310105526698,official_emis,exact,open
ISR_002118,416636,ISR,מורשת נריה,,1,חמד,public,Israel,,,,,30,urban,32.0816442929507,34.8519641351144,official_emis,exact,open
ISR_002119,318212,ISR,מושירפה,,1,ממ,public,Israel,,,,,30,urban,32.5524891967213,35.1586006660088,official_emis,exact,open
ISR_002120,318220,ISR,מייסר,,1|2,ממ,public,Israel,,,,,21,peri_urban,32.444055708087,35.0407748355243,official_emis,exact,open
ISR_002121,110585,ISR,מימון,,1,חמד,public,Israel,,,,,30,urban,31.7883293540308,35.1959266988899,official_emis,exact,open
ISR_002122,510081,ISR,מימון מד,,1,חמד,public,Israel,,,,,30,urban,32.0210578148615,34.8108935722191,official_emis,exact,open
ISR_002123,318626,ISR,מינזר הנזירות,,1|2,ממ,public,Israel,,,,,30,urban,32.8150275744055,34.9892054881846,official_emis,exact,open
ISR_002124,611970,ISR,מירון,,1,חמד,public,Israel,,,,,,,,,official_emis,unknown,open
ISR_002125,511907,ISR,מירון מד,,1,חמד,public,Israel,,,,,30,urban,32.0954007068419,34.7879472366298,official_emis,exact,open
ISR_002126,415398,ISR,מישור הנוף,,1,ממ,public,Israel,,,,,30,urban,31.951109793067,34.8096478907141,official_emis,exact,open
ISR_002127,312942,ISR,מיתר,,1|2,ממ,public,Israel,,,,,30,urban,32.766108320949,34.9586616238057,official_emis,exact,open
ISR_002128,416537,ISR,מיתרים,,2,ממ,public,Israel,,,,,,,,,official_emis,unknown,open
ISR_002129,442251,ISR,מיתרים רעננה,,2|3,ממ,public,Israel,,,,,30,urban,32.1912541011291,34.8710018525872,official_emis,exact,open
ISR_002130,413518,ISR,מכבים-חדשני,,1,ממ,public,Israel,,,,,23,urban,31.7790191675022,34.698695005609,official_emis,exact,open
ISR_002131,144196,ISR,מכון לציון ברינה,,2|3,חמד,public,Israel,,,,,30,urban,31.7002036170793,35.1259137027305,official_emis,exact,open
ISR_002132,440305,ISR,מכון ש.פ.י.,,2|3,ממ,public,Israel,,,,,30,urban,32.0346505146208,34.8856297663546,official_emis,exact,open
ISR_002133,178152,ISR,מכין בנים אלחלוי,,1|2,ממ,public,Israel,,,,,,,,,official_emis,unknown,open
ISR_002134,148239,ISR,מכין לבנות אלתורי,,2,ממ,public,Israel,,,,,30,urban,31.762551848662,35.2322825510112,official_emis,exact,open
ISR_002135,148247,ISR,מכין לבנים אבו תור,,2|3,ממ,public,Israel,,,,,30,urban,31.7637424871097,35.2313540022718,official_emis,approximate,open
ISR_002136,510776,ISR,מכלל,,1|2,ממ,public,Israel,,,,,30,urban,32.0683955485159,34.832560256578,official_emis,exact,open
ISR_002137,270538,ISR,מכללה אזורית ע.הירדן,,,ממ,public,Israel,,,,,12,rural,32.7051253503252,35.5902780743363,official_emis,exact,open
ISR_002138,476986,ISR,מכללה טכנו חיל חימוש,,3,ממ,public,Israel,,,,,,,,,official_emis,unknown,open
ISR_002139,575001,ISR,מכללה טכנולוגית שפרעם,,2|3,ממ,public,Israel,,,,,30,urban,32.8118048002894,35.1583610065428,official_emis,exact,open
ISR_002140,478016,ISR,מכללה למדע וטכנלוגיה,,3,ממ,public,Israel,,,,,30,urban,32.2717217605014,35.0044239707582,official_emis,exact,open
ISR_002141,144238,ISR,מכללת אבראהימיה,,2|3,ממ,public,Israel,,,,,30,urban,31.7857903752665,35.240503799434,official_emis,exact,open
ISR_002142,770875,ISR,מכללת אורט,,2|3,ממ,public,Israel,,,,,30,urban,31.7751803537155,35.1946399567715,official_emis,exact,open
ISR_002143,271015,ISR,מכללת אורט בראודה,,,ממ,public,Israel,,,,,23,urban,32.9140409211477,35.2821743824193,official_emis,exact,open
ISR_002144,571281,ISR,מכללת אורט סיגלובסקי,,,ממ,public,Israel,,,,,30,urban,32.0569810626302,34.8037192303015,official_emis,exact,open
ISR_002145,248260,ISR,מכללת אלביאן,,2|3,ממ,public,Israel,,,,,23,urban,32.928201440999,35.2752477634078,official_emis,exact,open
ISR_002146,338772,ISR,מכללת אלרואד,,2|3,ממ,public,Israel,,,,,30,urban,32.8003559898291,35.1665984957117,official_emis,exact,open
ISR_002147,247312,ISR,מכללת גרנאטה לחינוך,,2|3,ממ,public,Israel,,,,,30,urban,32.7448638826024,35.3370944231157,official_emis,exact,open
ISR_002148,641340,ISR,מכללת העיר אשקלון,,3,ממ,public,Israel,,,,,,,,,official_emis,unknown,open
ISR_002149,471029,ISR,מכללת הרמלין להנדסה,,,ממ,public,Israel,,,,,30,urban,32.2910590136666,34.8629932378508,official_emis,exact,open
ISR_002150,611483,ISR,מכללת עמל מקס פיין,,2|3,ממ,public,Israel,,,,,30,urban,32.072872134386,34.7901464284538,official_emis,exact,open
ISR_002151,212068,ISR,ממד בירב -צפת,,1,חמד,public,Israel,,,,,23,urban,32.9658526417836,35.4991625540163,official_emis,exact,open
ISR_002152,312629,ISR,ממד נעם,,1,חמד,public,Israel,,,,,21,peri_urban,32.788573648709,35.0850672554335,official_emis,exact,open
ISR_002153,413369,ISR,ממלכתי,,1|2,ממ,public,Israel,,,,,23,urban,31.9516043038686,34.8652916844659,official_emis,exact,open
ISR_002154,410233,ISR,ממלכתי,,1,ממ,public,Israel,,,,,21,peri_urban,31.9899437117852,34.9429140148669,official_emis,exact,open
ISR_002155,410456,ISR,ממלכתי א,,1,ממ,public,Israel,,,,,30,urban,32.1541348583817,34.8737341939514,official_emis,exact,open
ISR_002156,217828,ISR,ממלכתי א מגדל שמס,,1,ממ,public,Israel,,,,,23,urban,33.2660626211576,35.7689127133584,official_emis,exact,open
ISR_002157,410019,ISR,ממלכתי אזורי,,1,ממ,public,Israel,,,,,30,urban,32.3467325891282,34.8692641414804,official_emis,exact,open
ISR_002158,418301,ISR,ממלכתי אל סאלם - חדש,,1,ממ,public,Israel,,,,,23,urban,32.2843713480401,34.9715410115221,official_emis,exact,open
ISR_002159,415133,ISR,ממלכתי אפק,,1,ממ,public,Israel,,,,,30,urban,32.1004538499897,34.9579399444003,official_emis,exact,open
ISR_002160,415240,ISR,ממלכתי אשכול,,1,ממ,public,Israel,,,,,30,urban,32.0860051668861,34.9569724561569,official_emis,exact,open
ISR_002161,410951,ISR,ממלכתי בן צבי,,1,ממ,public,Israel,,,,,30,urban,31.8595371617089,34.8268077820342,official_emis,exact,open
ISR_002162,416982,ISR,ממלכתי דתי,,1,חמד,public,Israel,,,,,30,urban,31.8495325300429,34.8379844832139,official_emis,exact,open
ISR_002163,416958,ISR,ממלכתי הדר,,1,ממ,public,Israel,,,,,23,urban,32.3138567888527,34.9341610397264,official_emis,exact,open
ISR_002164,415315,ISR,ממלכתי הדר השרון,,1,ממ,public,Israel,,,,,21,peri_urban,32.2418452599035,34.9235305193393,official_emis,exact,open
ISR_002165,410738,ISR,ממלכתי ויתקין,,1,ממ,public,Israel,,,,,21,peri_urban,32.3801747929138,34.874613461042,official_emis,exact,open
ISR_002166,414953,ISR,ממלכתי חדשני אופק,,1,ממ,public,Israel,,,,,21,peri_urban,31.7854962810254,34.7596218571141,official_emis,exact,open
ISR_002167,415125,ISR,ממלכתי טל,,1,ממ,public,Israel,,,,,30,urban,32.096435145263,34.9596457432597,official_emis,exact,open
ISR_002168,414805,ISR,ממלכתי לב רן,,1,ממ,public,Israel,,,,,23,urban,32.2871293592647,34.9388582803855,official_emis,exact,open
ISR_002169,415075,ISR,ממלכתי לפיד,,1,ממ,public,Israel,,,,,30,urban,31.9178558313273,35.0286876193925,official_emis,exact,open
ISR_002170,410308,ISR,ממלכתי מאוחד יובלים,,1,ממ,public,Israel,,,,,21,peri_urban,32.3946883820969,34.9290101246836,official_emis,exact,open
ISR_002171,410290,ISR,ממלכתי משגב,,1,ממ,public,Israel,,,,,21,peri_urban,32.402116622824,34.932144469866,official_emis,exact,open
ISR_002172,113589,ISR,ממלכתי משואה,,1,ממ,public,Israel,,,,,30,urban,31.7511592321614,35.1678029173256,official_emis,exact,open
ISR_002173,411199,ISR,ממלכתי מתן,,1,ממ,public,Israel,,,,,23,urban,32.1551862273509,34.9736511335779,official_emis,exact,open
ISR_002174,218545,ISR,ממלכתי נאעורה,,1,ממ,public,Israel,,,,,13,rural,32.6124925456507,35.3930462496143,official_emis,exact,open
ISR_002175,414904,ISR,ממלכתי נוה דליה,,1,ממ,public,Israel,,,,,30,urban,32.0929564183363,34.9703543249968,official_emis,exact,open
ISR_002176,414144,ISR,ממלכתי נוף צורים,,1,ממ,public,Israel,,,,,23,urban,32.212885301144,34.9853962044612,official_emis,exact,open
ISR_002177,414896,ISR,ממלכתי נופים,,1,ממ,public,Israel,,,,,30,urban,32.0930307104116,34.9715194072154,official_emis,exact,open
ISR_002178,415083,ISR,ממלכתי ניצני השרון,,1,ממ,public,Israel,,,,,23,urban,32.2706194250929,34.9188778787801,official_emis,exact,open
ISR_002179,413732,ISR,ממלכתי ניצנים,,1,ממ,public,Israel,,,,,21,peri_urban,31.9892579967787,34.9471591129486,official_emis,exact,open
ISR_002180,414052,ISR,ממלכתי עמית,,1,ממ,public,Israel,,,,,30,urban,31.8847661532924,35.0211299125578,official_emis,exact,open
ISR_002181,410811,ISR,ממלכתי עמל,,1,ממ,public,Israel,,,,,23,urban,32.3142304342423,34.9276504637642,official_emis,exact,open
ISR_002182,411785,ISR,ממלכתי צופית,,1,ממ,public,Israel,,,,,21,peri_urban,32.1941332038711,34.9159885601002,official_emis,exact,open
ISR_002183,359240,ISR,ממלכתי קייזר,,1,ממ,public,Israel,,,,,30,urban,31.9051624118053,34.9903360761489,official_emis,exact,open
ISR_002184,412049,ISR,ממלכתי רעים,,1,ממ,public,Israel,,,,,30,urban,31.8854294109362,35.0006765019313,official_emis,exact,open
ISR_002185,414284,ISR,ממלכתי שדות,,1,ממ,public,Israel,,,,,21,peri_urban,32.3333592662513,35.0112348074008,official_emis,exact,open
ISR_002186,415042,ISR,ממלכתי שדות -רמז,,1,ממ,public,Israel,,,,,21,peri_urban,32.0012638767208,34.832016667885,official_emis,exact,open
ISR_002187,412346,ISR,ממלכתי שלנו,,1,ממ,public,Israel,,,,,23,urban,32.2561480981608,34.9198146303342,official_emis,exact,open
ISR_002188,160739,ISR,מנזר רוזרי,,1|2|3,ממ,public,Israel,,,,,30,urban,31.829767693881,35.2245175475807,official_emis,approximate,open
ISR_002189,213280,ISR,מנחם בגין,,1,ממ,public,Israel,,,,,21,peri_urban,32.6889268406912,35.3130194983562,official_emis,exact,open
ISR_002190,113530,ISR,מנחם בגין,,1,ממ,public,Israel,,,,,30,urban,31.7394847258076,34.9843231265815,official_emis,exact,open
ISR_002191,614263,ISR,מנחם בגין,,1,ממ,public,Israel,,,,,23,urban,31.6082443409815,34.7535434195256,official_emis,exact,open
ISR_002192,213926,ISR,מנחם בגין,,1,ממ,public,Israel,,,,,30,urban,32.9931067384276,35.088965339028,official_emis,exact,open
ISR_002193,614099,ISR,מנחם בגין,,1,ממ,public,Israel,,,,,23,urban,31.0735452097023,35.0401103335322,official_emis,exact,open
ISR_002194,114033,ISR,מנחת,,1,ממ,public,Israel,,,,,30,urban,31.7528316880516,35.1866314706876,official_emis,exact,open
ISR_002195,111872,ISR,מנשה אלישר,,1,ממ,public,Israel,,,,,30,urban,31.7562492442622,35.1836543374693,official_emis,exact,open
ISR_002196,338715,ISR,מסאר,,2|3,ממ,public,Israel,,,,,30,urban,32.7008389766277,35.2889318725113,official_emis,exact,open
ISR_002197,238089,ISR,מסאר,,1|2,ממ,public,Israel,,,,,30,urban,32.6987372260416,35.2900496528737,official_emis,exact,open
ISR_002198,411405,ISR,מסילות,,1,ממ,public,Israel,,,,,,,,,official_emis,unknown,open
ISR_002199,508093,ISR,מסכים,,2|3,ממ,public,Israel,,,,,30,urban,32.0260601797832,34.8529711281385,official_emis,exact,open
ISR_002200,610774,ISR,מעגלים,,1,חמד,public,Israel,,,,,21,peri_urban,31.3987372684852,34.5977773877201,official_emis,exact,open
ISR_002201,311142,ISR,מעגנים,,1,ממ,public,Israel,,,,,21,peri_urban,32.5549401223351,34.9143713618512,official_emis,exact,open
ISR_002202,414631,ISR,מעוז מכבים,,1,ממ,public,Israel,,,,,30,urban,31.8913031681584,35.0331670244797,official_emis,exact,open
ISR_002203,113811,ISR,מעוף,,1,ממ,public,Israel,,,,,21,peri_urban,31.8609245704967,35.176234046869,official_emis,exact,open
ISR_002204,414227,ISR,מעיין,,1,ממ,public,Israel,,,,,23,urban,31.8795447505067,34.7361939566345,official_emis,exact,open
ISR_002205,611327,ISR,מעיינות,,1|2,חמד,public,Israel,,,,,12,rural,32.8535958846331,35.7527944103392,official_emis,exact,open
ISR_002206,357475,ISR,מעיינות,,1,ממ,public,Israel,,,,,23,urban,32.4816774605916,34.98767295184,official_emis,exact,open
ISR_002207,372953,ISR,מעיינות בית רבקה,,2|3,חמד,public,Israel,,,,,30,urban,31.6908511256939,35.1121149537492,official_emis,exact,open
ISR_002208,370551,ISR,מעלה,,3,חמד,public,Israel,,,,,30,urban,31.8016932063279,35.225683662564,official_emis,exact,open
ISR_002209,131029,ISR,מעלה התורה בנות,,1,חמד,public,Israel,,,,,30,urban,31.7765126317007,35.30407552697,official_emis,exact,open
ISR_002210,113308,ISR,מעלה התורה בנים,,1,חמד,public,Israel,,,,,30,urban,31.7762612130774,35.3026606002283,official_emis,exact,open
ISR_002211,166074,ISR,מעלה מכמש,,1,חמד,public,Israel,,,,,12,rural,31.8775896074538,35.3054417442256,official_emis,exact,open
ISR_002212,612135,ISR,מעלה שחרות,,1,ממ,public,Israel,,,,,13,rural,29.8974586377476,35.0561043319854,official_emis,exact,open
ISR_002213,770602,ISR,מעלה שחרות,,2|3,ממ,public,Israel,,,,,13,rural,29.8974586377476,35.0561043319854,official_emis,exact,open
ISR_002214,111278,ISR,מעלות דפנה יד המורה,,1,ממ,public,Israel,,,,,30,urban,31.8014495600828,35.22656008823,official_emis,exact,open
ISR_002215,211953,ISR,מעלות נסים ממד עפולה,,1,חמד,public,Israel,,,,,12,rural,32.6358931243852,35.317132947095,official_emis,exact,open
ISR_002216,412122,ISR,מענית,,1,ממ,public,Israel,,,,,23,urban,31.9344627561461,34.8593268384397,official_emis,exact,open
ISR_002217,610303,ISR,מענית,,1,ממ,public,Israel,,,,,30,urban,31.2295265435882,34.788717814369,official_emis,exact,open
ISR_002218,430488,ISR,מפתן,,2|3,ממ,public,Israel,,,,,30,urban,32.1835025213133,34.9126394747737,official_emis,exact,open
ISR_002219,530287,ISR,מפתן אלון,,2|3,ממ,public,Israel,,,,,30,urban,32.0468640558232,34.7956105820276,official_emis,exact,open
ISR_002220,430629,ISR,מפתן אלונים,,2|3,חמד,public,Israel,,,,,,,,,official_emis,unknown,open
ISR_002221,431007,ISR,מפתן אלמוג,,2|3,ממ,public,Israel,,,,,,,,,official_emis,unknown,open
ISR_002222,328062,ISR,מפתן אם אלפחם,,2|3,ממ,public,Israel,,,,,30,urban,32.5126411930342,35.1580781744396,official_emis,exact,open
ISR_002223,430678,ISR,מפתן ארזים,,2|3,חמד,public,Israel,,,,,23,urban,31.8666717823818,34.7424937634324,official_emis,exact,open
ISR_002224,634113,ISR,מפתן בית חגי,,2|3,חמד,public,Israel,,,,,21,peri_urban,31.4936756495753,35.0809335335516,official_emis,exact,open
ISR_002225,430272,ISR,מפתן ברק,,2|3,ממ,public,Israel,,,,,,,,,official_emis,unknown,open
ISR_002226,530683,ISR,מפתן הרצליה,,2|3,ממ,public,Israel,,,,,30,urban,32.1702188582898,34.8302810529984,official_emis,exact,open
ISR_002227,630905,ISR,מפתן חרמון,,2|3,חמד,public,Israel,,,,,,,,,official_emis,unknown,open
ISR_002228,230540,ISR,מפתן טבריה,,2|3,ממ,public,Israel,,,,,,,,,official_emis,unknown,open
ISR_002229,420554,ISR,מפתן טירה,,2|3,ממ,public,Israel,,,,,30,urban,32.2359543397255,34.9523545817255,official_emis,exact,open
ISR_002230,230276,ISR,מפתן מגדל העמק,,2|3,ממ,public,Israel,,,,,,,,,official_emis,unknown,open
ISR_002231,430314,ISR,מפתן מעינות,,2|3,ממ,public,Israel,,,,,,,,,official_emis,unknown,open
ISR_002232,238014,ISR,מפתן נצרת,,2|3,ממ,public,Israel,,,,,30,urban,32.7012005615308,35.3002367547916,official_emis,approximate,open
ISR_002233,234013,ISR,מפתן עכו,,2|3,ממ,public,Israel,,,,,,,,,official_emis,unknown,open
ISR_002234,230284,ISR,מפתן צפת,,2|3,ממ,public,Israel,,,,,,,,,official_emis,unknown,open
ISR_002235,330266,ISR,מפתן קרית ים,,2|3,חמד,public,Israel,,,,,30,urban,32.8517798710022,35.0650488491419,official_emis,exact,open
ISR_002236,430371,ISR,מפתן שבות עם,,2|3,ממ,public,Israel,,,,,,,,,official_emis,unknown,open
ISR_002237,238022,ISR,מפתן שפרעם,,2|3,ממ,public,Israel,,,,,30,urban,32.8179469187376,35.1628001251797,official_emis,exact,open
ISR_002238,238048,ISR,מפתן תמרה,,2|3,ממ,public,Israel,,,,,21,peri_urban,32.8522699844332,35.1800686828496,official_emis,exact,open
ISR_002239,212092,ISR,מצודות-קרית שמונה,,1,ממ,public,Israel,,,,,23,urban,33.2059778174187,35.5654321990989,official_emis,exact,open
ISR_002240,611939,ISR,מצפה,,1,ממ,public,Israel,,,,,30,urban,31.2631402181847,34.7885600086921,official_emis,exact,open
ISR_002241,311621,ISR,מצפה,,1,חמד,public,Israel,,,,,30,urban,32.8353263065987,35.0756270714271,official_emis,exact,open
ISR_002242,213272,ISR,מצפה גולן,,1|2,ממ,public,Israel,,,,,13,rural,32.7958274958846,35.6864953877214,official_emis,exact,open
ISR_002243,614073,ISR,מצפה ים,,1,ממ,public,Israel,,,,,23,urban,29.5553206622106,34.9329516217122,official_emis,exact,open
ISR_002244,112151,ISR,מצפה יריחו,,1|2,חמד,public,Israel,,,,,13,rural,31.8137764443881,35.3922715015961,official_emis,exact,open
ISR_002245,214452,ISR,מצפור סביונים,,1,ממ,public,Israel,,,,,23,urban,33.0233165001843,35.279615642392,official_emis,exact,open
ISR_002246,580027,ISR,מקוה ישראל דתי,,2|3,חמד,public,Israel,,,,,30,urban,32.0308867464037,34.7826288873639,official_emis,exact,open
ISR_002247,580035,ISR,מקוה ישראל כללי,,2|3,ממ,public,Israel,,,,,30,urban,32.0289494040281,34.7803829703251,official_emis,exact,open
ISR_002248,510172,ISR,מקום לגדול,,1,ממ,public,Israel,,,,,30,urban,32.1348131324496,34.8297156158131,official_emis,exact,open
ISR_002249,113399,ISR,מקור חיים,,1|2,חמד,public,Israel,,,,,30,urban,31.7552405545939,35.2136406527506,official_emis,exact,open
ISR_002250,510156,ISR,מקור חיים מד,,1,חמד,public,Israel,,,,,30,urban,32.095825274875,34.8346632214963,official_emis,exact,open
ISR_002251,644450,ISR,מקיף  ה דרכא,,2|3,ממ,public,Israel,,,,,30,urban,31.6811376597526,34.5795172295253,official_emis,exact,open
ISR_002252,640128,ISR,מקיף א כללי,,2|3,ממ,public,Israel,,,,,30,urban,31.8060196680888,34.6572147950418,official_emis,exact,open
ISR_002253,248195,ISR,מקיף אבן אלהייתם,,2|3,ממ,public,Israel,,,,,23,urban,32.4069206144011,35.0471135594188,official_emis,exact,open
ISR_002254,340034,ISR,מקיף אורט,,3,ממ,public,Israel,,,,,30,urban,32.8386962112315,35.0821910575548,official_emis,exact,open
ISR_002255,247866,ISR,מקיף אורט אחווה,,2|3,ממ,public,Israel,,,,,11,rural,32.6265341321936,35.397828159046,official_emis,exact,open
ISR_002256,244368,ISR,מקיף אורט כרמים,,2|3,ממ,public,Israel,,,,,23,urban,32.9108679248424,35.280664360123,official_emis,exact,open
ISR_002257,570168,ISR,מקיף אורט למדע וטכנו,,2|3,ממ,public,Israel,,,,,30,urban,32.0179885670434,34.7873452461825,official_emis,exact,open
ISR_002258,240465,ISR,מקיף אורט מעלות,,2|3,ממ,public,Israel,,,,,23,urban,33.0108782574021,35.2863579214827,official_emis,exact,open
ISR_002259,340059,ISR,מקיף אורט עש גרינברג,,2|3,ממ,public,Israel,,,,,21,peri_urban,32.7062878804862,35.1239879172512,official_emis,exact,open
ISR_002260,470963,ISR,מקיף אורן-גינזבורג,,2|3,ממ,public,Israel,,,,,23,urban,31.8788562680817,34.740266381252,official_emis,exact,open
ISR_002261,770065,ISR,מקיף אזורי ברנר,,2|3,ממ,public,Israel,,,,,30,urban,31.868821513624,34.8047048101945,official_emis,exact,open
ISR_002262,770990,ISR,מקיף אזורי מרחבים,,2|3,ממ,public,Israel,,,,,12,rural,31.3156022633347,34.5997922513616,official_emis,exact,open
ISR_002263,460030,ISR,מקיף אזורי עמי אסף,,2|3,ממ,public,Israel,,,,,21,peri_urban,32.2020794212412,34.924692203036,official_emis,exact,open
ISR_002264,800060,ISR,מקיף אחווה ירכא,,3,ממ,public,Israel,,,,,30,urban,32.9528804022023,35.1822227594634,official_emis,exact,open
ISR_002265,248435,ISR,מקיף אל-בטוף,,2|3,ממ,public,Israel,,,,,21,peri_urban,32.7877949036859,35.317793660967,official_emis,exact,open
ISR_002266,648139,ISR,מקיף אל-פרוק,,2|3,ממ,public,Israel,,,,,22,urban,31.2443630383362,35.0911375144486,official_emis,exact,open
ISR_002267,247247,ISR,מקיף אלבוכארי,,2|3,ממ,public,Israel,,,,,23,urban,32.8424842524041,35.3432423633977,official_emis,exact,open
ISR_002268,249284,ISR,מקיף אלבטוף עראבה,,2|3,ממ,public,Israel,,,,,23,urban,32.8581648095836,35.3347200468116,official_emis,exact,open
ISR_002269,444653,ISR,מקיף אלון-גינזבורג,,2|3,ממ,public,Israel,,,,,,,,,official_emis,unknown,open
ISR_002270,360149,ISR,מקיף אלוני יצחק,,2|3,ממ,public,Israel,,,,,12,rural,32.511278248527,35.001883692596,official_emis,exact,open
ISR_002271,648154,ISR,מקיף אלחיאת,,2|3,ממ,public,Israel,,,,,23,urban,31.2943622430877,34.9242999726635,official_emis,exact,open
ISR_002272,610006,ISR,מקיף אלמתנבי,,2|3,ממ,public,Israel,,,,,22,urban,31.2387618475511,35.1015466355479,official_emis,exact,open
ISR_002273,644203,ISR,מקיף אלנור,,2|3,ממ,public,Israel,,,,,23,urban,31.3002858299114,34.9317715612808,official_emis,exact,open
ISR_002274,648147,ISR,מקיף אלנור ערערה,,2|3,ממ,public,Israel,,,,,21,peri_urban,31.1490790267576,35.005645709007,official_emis,approximate,open
ISR_002275,648303,ISR,מקיף אלסאלם,,2|3,ממ,public,Israel,,,,,23,urban,31.1985035883461,34.8370868792984,official_emis,exact,open
ISR_002276,248443,ISR,מקיף אלרסאלה,,2|3,ממ,public,Israel,,,,,23,urban,32.9354587483812,35.3241939594695,official_emis,exact,open
ISR_002277,648329,ISR,מקיף אלתקוא,,2|3,ממ,public,Israel,,,,,23,urban,31.3874893107345,34.7499653445972,official_emis,exact,open
ISR_002278,348037,ISR,מקיף אם אל פחם,,3,ממ,public,Israel,,,,,30,urban,32.530393120053,35.1497983158252,official_emis,exact,open
ISR_002279,280115,ISR,מקיף אנה פרנק,,2|3,ממ,public,Israel,,,,,12,rural,33.0283064837438,35.3947935860349,official_emis,exact,open
ISR_002280,247239,ISR,מקיף אעבלין,,2|3,ממ,public,Israel,,,,,30,urban,32.8184842613284,35.1844455111334,official_emis,exact,open
ISR_002281,544353,ISR,מקיף אפרים קציר,,2|3,ממ,public,Israel,,,,,30,urban,32.0021727664985,34.7690980042136,official_emis,exact,open
ISR_002282,440925,ISR,מקיף אריאל,,2|3,ממ,public,Israel,,,,,23,urban,32.1054700164842,35.1752689613837,official_emis,exact,open
ISR_002283,660134,ISR,מקיף באר טוביה,,2|3,ממ,public,Israel,,,,,21,peri_urban,31.7279069426298,34.7301525112198,official_emis,exact,open
ISR_002284,247122,ISR,מקיף ביר אל-מכסור,,2|3,ממ,public,Israel,,,,,23,urban,32.777519626458,35.2269362842804,official_emis,exact,open
ISR_002285,148197,ISR,מקיף בית חנינה,,2|3,ממ,public,Israel,,,,,30,urban,31.8208204073803,35.2303037144104,official_emis,exact,open
ISR_002286,477901,ISR,מקיף בית חנינה לבנות,,2|3,ממ,public,Israel,,,,,30,urban,31.829767693881,35.2245175475807,official_emis,approximate,open
ISR_002287,261065,ISR,מקיף בית ירח,,2|3,ממ,public,Israel,,,,,13,rural,32.7132484978318,35.5726821284146,official_emis,exact,open
ISR_002288,148106,ISR,מקיף בית צפאפא,,2|3,ממ,public,Israel,,,,,,,,,official_emis,unknown,open
ISR_002289,249110,ISR,מקיף בענה,,2|3,ממ,public,Israel,,,,,23,urban,32.9274518300603,35.2773641284482,official_emis,exact,open
ISR_002290,260398,ISR,מקיף בקעת כנרות,,2|3,ממ,public,Israel,,,,,,,,,official_emis,unknown,open
ISR_002291,360800,ISR,מקיף גבעת פרדיס,,2|3,ממ,public,Israel,,,,,23,urban,32.5954844144304,34.9532593343313,official_emis,exact,open
ISR_002292,248625,ISR,מקיף גדידה,,2|3,ממ,public,Israel,,,,,23,urban,32.9289006260318,35.1430322659859,official_emis,exact,open
ISR_002293,360123,ISR,מקיף גוונים,,2|3,ממ,public,Israel,,,,,12,rural,32.4666308058408,35.0119824297522,official_emis,exact,open
ISR_002294,140731,ISR,מקיף גילה,,2|3,ממ,public,Israel,,,,,30,urban,31.7348047159874,35.1968813618681,official_emis,exact,open
ISR_002295,260489,ISR,מקיף גליל מערבי,,2|3,ממ,public,Israel,,,,,12,rural,33.0105147809724,35.1506916506831,official_emis,exact,open
ISR_002296,347054,ISR,מקיף דאלית אל-כרמל,,2|3,ממ,public,Israel,,,,,23,urban,32.6828378180053,35.0660477473533,official_emis,exact,open
ISR_002297,247163,ISR,מקיף דיר חנא,,3,ממ,public,Israel,,,,,21,peri_urban,32.8602386346323,35.3791777096996,official_emis,exact,open
ISR_002298,140269,ISR,מקיף דנמרק,,2|3,ממ,public,Israel,,,,,30,urban,31.7548711182782,35.2034130892153,official_emis,exact,open
ISR_002299,480095,ISR,מקיף דרומי חדש,,2|3,ממ,public,Israel,,,,,21,peri_urban,31.8842838086757,34.8489024778342,official_emis,exact,open
ISR_002300,644807,ISR,מקיף דרכא,,2|3,ממ,public,Israel,,,,,23,urban,31.4185669174201,34.5784885235058,official_emis,exact,open
ISR_002301,670414,ISR,מקיף דתי,,2|3,חמד,public,Israel,,,,,23,urban,31.7337891239507,34.7405480893724,official_emis,exact,open
ISR_002302,670232,ISR,מקיף דתי,,2|3,חמד,public,Israel,,,,,23,urban,31.5215201225302,34.5888785326929,official_emis,exact,open
ISR_002303,270157,ISR,מקיף דתי אורט,,2|3,חמד,public,Israel,,,,,23,urban,32.4949039913348,35.5018095930783,official_emis,exact,open
ISR_002304,444844,ISR,מקיף דתי אזורי,,2|3,חמד,public,Israel,,,,,23,urban,32.0071922945301,34.9502840630883,official_emis,exact,open
ISR_002305,640243,ISR,מקיף דתי אפלמן,,2|3,חמד,public,Israel,,,,,23,urban,31.0704021074744,35.0367417119248,official_emis,exact,open
ISR_002306,370254,ISR,מקיף דתי אריאל,,2|3,חמד,public,Israel,,,,,30,urban,32.7590156114381,34.9652227538881,official_emis,exact,open
ISR_002307,640235,ISR,מקיף דתי גרוס,,2|3,חמד,public,Israel,,,,,23,urban,31.6147276138807,34.763566114055,official_emis,exact,open
ISR_002308,640631,ISR,מקיף דתי חבד בית חנה,,2|3,חמד,public,Israel,,,,,23,urban,31.72838143391,34.7389923015203,official_emis,exact,open
ISR_002309,644542,ISR,מקיף דתי חדש לבנות,,2|3,חמד,public,Israel,,,,,23,urban,31.4182297598322,34.5796265510933,official_emis,exact,open
ISR_002310,240051,ISR,מקיף דתי יהודה,,2|3,חמד,public,Israel,,,,,23,urban,32.6037853519785,35.2910246132696,official_emis,exact,open
ISR_002311,544692,ISR,מקיף דתי כרם שלמה,,2|3,חמד,public,Israel,,,,,30,urban,32.0076778849732,34.7624679074399,official_emis,exact,open
ISR_002312,680108,ISR,מקיף דתי עזתה בנות,,2|3,חמד,public,Israel,,,,,23,urban,31.4302420649464,34.5925785723916,official_emis,exact,open
ISR_002313,440180,ISR,מקיף הדסים,,2|3,ממ,public,Israel,,,,,12,rural,32.2857894517041,34.8859004209277,official_emis,exact,open
ISR_002314,541169,ISR,מקיף היובל,,3,ממ,public,Israel,,,,,30,urban,32.1728578708338,34.8353276784164,official_emis,exact,open
ISR_002315,260257,ISR,מקיף העמק המערבי,,2|3,ממ,public,Israel,,,,,21,peri_urban,32.6738323120317,35.2246927764068,official_emis,exact,open
ISR_002316,260307,ISR,מקיף הר וגיא,,2|3,ממ,public,Israel,,,,,13,rural,33.2267545966136,35.6352809886993,official_emis,exact,open
ISR_002317,841262,ISR,מקיף הר טוב,,2|3,ממ,public,Israel,,,,,21,peri_urban,31.7633171798909,34.9722754997668,official_emis,exact,open
ISR_002318,770842,ISR,מקיף השרון עש רוטברג,,2|3,ממ,public,Israel,,,,,30,urban,32.1341115987887,34.8427541073321,official_emis,exact,open
ISR_002319,240572,ISR,מקיף ולדורף הרדוף,,2|3,ממ,public,Israel,,,,,12,rural,32.7629737038105,35.1751519693592,official_emis,exact,open
ISR_002320,540468,ISR,מקיף חדש,,2|3,ממ,public,Israel,,,,,30,urban,32.71677632127,35.3180344658795,official_emis,exact,open
ISR_002321,648311,ISR,מקיף חדש אום בטין,,2|3,ממ,public,Israel,,,,,12,rural,31.2750849460179,34.8806208777204,official_emis,exact,open
ISR_002322,620005,ISR,מקיף חדש רובע יז,,2|3,ממ,public,Israel,,,,,30,urban,31.7659913724901,34.6294144523851,official_emis,exact,open
ISR_002323,770073,ISR,מקיף חוף הכרמל,,2|3,ממ,public,Israel,,,,,21,peri_urban,32.5537245002257,34.9112237216144,official_emis,exact,open
ISR_002324,470625,ISR,מקיף חוף השרון,,2|3,ממ,public,Israel,,,,,13,rural,32.2169997646452,34.8261222860485,official_emis,exact,open
ISR_002325,280065,ISR,מקיף חקלאי כדורי,,2|3,ממ,public,Israel,,,,,12,rural,32.7022103687931,35.4066509281281,official_emis,exact,open
ISR_002326,280057,ISR,מקיף חקלאי נהלל,,2|3,ממ,public,Israel,,,,,21,peri_urban,32.6912640164468,35.1994348975428,official_emis,exact,open
ISR_002327,249250,ISR,מקיף טומשין טובא,,2|3,ממ,public,Israel,,,,,21,peri_urban,32.9643372192131,35.5860097886478,official_emis,exact,open
ISR_002328,448159,ISR,מקיף טומשין לוד,,2|3,ממ,public,Israel,,,,,21,peri_urban,31.9585673373406,34.9013472404153,official_emis,exact,open
ISR_002329,648071,ISR,מקיף טומשין ערערה,,2|3,ממ,public,Israel,,,,,23,urban,31.1619487648875,35.0234281487203,official_emis,exact,open
ISR_002330,440115,ISR,מקיף טשרניחובסקי,,2|3,ממ,public,Israel,,,,,30,urban,32.3098939764037,34.8553409895875,official_emis,exact,open
ISR_002331,440289,ISR,מקיף יהוד,,3,ממ,public,Israel,,,,,30,urban,32.0397631435663,34.8926419517047,official_emis,exact,open
ISR_002332,372243,ISR,מקיף כאוכב,,2|3,ממ,public,Israel,,,,,21,peri_urban,32.8354395984087,35.2468916694625,official_emis,exact,open
ISR_002333,240127,ISR,מקיף כללי אורט,,2|3,ממ,public,Israel,,,,,23,urban,32.4939788929129,35.5002424574163,official_emis,exact,open
ISR_002334,247346,ISR,מקיף כעבייה,,2|3,ממ,public,Israel,,,,,21,peri_urban,32.7585029225495,35.1834985436256,official_emis,approximate,open
ISR_002335,448340,ISR,מקיף כפר ברא,,2,ממ,public,Israel,,,,,30,urban,32.1305056600339,34.9695378148951,official_emis,exact,open
ISR_002336,680033,ISR,מקיף כפר סילבר,,2|3,ממ,public,Israel,,,,,21,peri_urban,31.6740644169824,34.6090914586108,official_emis,exact,open
ISR_002337,800086,ISR,מקיף כפר קאסם,,3,ממ,public,Israel,,,,,30,urban,32.1170548013048,34.9667960903607,official_emis,exact,open
ISR_002338,360222,ISR,מקיף כרמל זבולון,,2|3,ממ,public,Israel,,,,,11,rural,32.7487442020933,35.0663513503209,official_emis,exact,open
ISR_002339,541367,ISR,מקיף לאורו נלך,,2|3,חמד,public,Israel,,,,,30,urban,32.0992111065642,34.8329863147345,official_emis,exact,open
ISR_002340,340018,ISR,מקיף ליאו בק,,3,ממ,public,Israel,,,,,30,urban,32.8227884180947,34.9677110216344,official_emis,exact,open
ISR_002341,370072,ISR,מקיף למדע ולאמנויות,,2|3,ממ,public,Israel,,,,,30,urban,32.4377842268937,34.9057938322214,official_emis,exact,open
ISR_002342,360040,ISR,מקיף מבואות עירון,,2|3,ממ,public,Israel,,,,,21,peri_urban,32.4653186903931,35.0032843598956,official_emis,exact,open
ISR_002343,344101,ISR,מקיף מופת בסמת,,2|3,ממ,public,Israel,,,,,30,urban,32.8115790457559,34.9576929528199,official_emis,exact,open
ISR_002344,348359,ISR,מקיף מושריפה,,2|3,ממ,public,Israel,,,,,30,urban,32.5521203004237,35.1608899590703,official_emis,exact,open
ISR_002345,260471,ISR,מקיף מנור,,2,ממ,public,Israel,,,,,12,rural,33.0593776838457,35.2200046575111,official_emis,exact,open
ISR_002346,460063,ISR,מקיף מעין-שחר,,2|3,ממ,public,Israel,,,,,21,peri_urban,32.3879891238692,34.9377557662769,official_emis,exact,open
ISR_002347,248336,ISR,מקיף מרכז הגליל,,2|3,ממ,public,Israel,,,,,12,rural,32.9700698039293,35.2974984810357,official_emis,exact,open
ISR_002348,240481,ISR,מקיף משגב,,2|3,ממ,public,Israel,,,,,12,rural,32.85824747971,35.259605092721,official_emis,exact,open
ISR_002349,247288,ISR,מקיף משהד,,2|3,ממ,public,Israel,,,,,30,urban,32.7498090188275,35.3243825773431,official_emis,exact,open
ISR_002350,240499,ISR,מקיף נופי גולן,,2|3,ממ,public,Israel,,,,,12,rural,32.9899269634855,35.694405696166,official_emis,exact,open
ISR_002351,348276,ISR,מקיף נחל עירון,,2,ממ,public,Israel,,,,,13,rural,32.5330215530324,35.1112521006481,official_emis,exact,open
ISR_002352,260331,ISR,מקיף סולם צור,,2|3,ממ,public,Israel,,,,,21,peri_urban,33.0434565466729,35.1113495242404,official_emis,exact,open
ISR_002353,170092,ISR,מקיף סליגסברג,,2|3,ממ,public,Israel,,,,,30,urban,31.7501783553069,35.2328487840672,official_emis,exact,open
ISR_002354,644708,ISR,מקיף ע. דוד טוביהו,,2|3,ממ,public,Israel,,,,,30,urban,31.2630073112634,34.762259451471,official_emis,exact,open
ISR_002355,644591,ISR,מקיף עומר,,2|3,ממ,public,Israel,,,,,21,peri_urban,31.2705192732747,34.8394961537911,official_emis,exact,open
ISR_002356,249300,ISR,מקיף עילוט,,2|3,ממ,public,Israel,,,,,23,urban,32.7143712900297,35.2611164187648,official_emis,exact,open
ISR_002357,771105,ISR,מקיף עין גדי,,2|3,ממ,public,Israel,,,,,12,rural,31.4529142914086,35.3854459907756,official_emis,exact,open
ISR_002358,800078,ISR,מקיף עין מאהל,,2|3,ממ,public,Israel,,,,,21,peri_urban,32.7255182368122,35.3488854296365,official_emis,exact,open
ISR_002359,260067,ISR,מקיף עינות הירדן,,2|3,ממ,public,Israel,,,,,13,rural,33.1764815215367,35.6187806962264,official_emis,exact,open
ISR_002360,640052,ISR,מקיף עירוני גולדווטר,,2|3,ממ,public,Israel,,,,,23,urban,29.5536456259922,34.9480619156346,official_emis,exact,open
ISR_002361,340133,ISR,מקיף עירוני ק. חיים,,2|3,ממ,public,Israel,,,,,30,urban,32.8232358366028,35.0682972356595,official_emis,exact,open
ISR_002362,570036,ISR,מקיף עמל ליידי דיויס,,2|3,ממ,public,Israel,,,,,30,urban,32.1160361959383,34.8171619670757,official_emis,exact,open
ISR_002363,260232,ISR,מקיף עמק החולה,,2|3,ממ,public,Israel,,,,,13,rural,33.1733335966948,35.6136946779058,official_emis,exact,open
ISR_002364,260182,ISR,מקיף עמקים-תבור,,2|3,ממ,public,Israel,,,,,12,rural,32.6533382402715,35.2863290538356,official_emis,exact,open
ISR_002365,278028,ISR,מקיף ערבי,,2|3,ממ,public,Israel,,,,,23,urban,32.9260298638356,35.0697650565026,official_emis,exact,open
ISR_002366,448100,ISR,מקיף ערבי,,2|3,ממ,public,Israel,,,,,23,urban,31.9378213413179,34.8674679921338,official_emis,exact,open
ISR_002367,648089,ISR,מקיף עתיד אלביאן,,2|3,ממ,public,Israel,,,,,23,urban,31.2463001252118,34.8647837107144,official_emis,exact,open
ISR_002368,348227,ISR,מקיף פרדיס,,2|3,ממ,public,Israel,,,,,12,rural,32.603207466154,34.9554109893021,official_emis,exact,open
ISR_002369,660076,ISR,מקיף צפית,,2|3,ממ,public,Israel,,,,,12,rural,31.7291856554672,34.8328455089383,official_emis,exact,open
ISR_002370,448076,ISR,מקיף קלנסווה,,3,ממ,public,Israel,,,,,23,urban,32.2830338792338,34.974909515618,official_emis,exact,open
ISR_002371,160242,ISR,מקיף קשת,,2|3,ממ,public,Israel,,,,,30,urban,31.7525263144711,35.2045213350988,official_emis,exact,open
ISR_002372,248047,ISR,מקיף ראמה,,2|3,ממ,public,Israel,,,,,23,urban,32.9367840304474,35.3715222409009,official_emis,exact,open
ISR_002373,648048,ISR,מקיף רהט,,2|3,ממ,public,Israel,,,,,23,urban,31.3953324688379,34.7698308391952,official_emis,exact,open
ISR_002374,240192,ISR,מקיף רוגוזין,,2|3,ממ,public,Israel,,,,,23,urban,32.6700950571244,35.2425490620009,official_emis,exact,open
ISR_002375,342113,ISR,מקיף רוגוזין ב,,2,ממ,public,Israel,,,,,23,urban,32.8137224811524,35.1063363894977,official_emis,exact,open
ISR_002376,248427,ISR,מקיף ריינה,,2|3,ממ,public,Israel,,,,,30,urban,32.7272009372113,35.3170982443293,official_emis,exact,open
ISR_002377,248583,ISR,מקיף שאעור,,3,ממ,public,Israel,,,,,23,urban,32.9246100717828,35.2629818889505,official_emis,exact,open
ISR_002378,648063,ISR,מקיף שגב,,2|3,ממ,public,Israel,,,,,23,urban,31.1933730703633,34.8375788347212,official_emis,exact,open
ISR_002379,260059,ISR,מקיף שדה אליהו,,2|3,חמד,public,Israel,,,,,13,rural,32.440979701536,35.5130957575992,official_emis,exact,open
ISR_002380,378075,ISR,מקיף שיזף אלמותנבי,,2|3,ממ,public,Israel,,,,,30,urban,32.8191588574216,34.9798089416925,official_emis,exact,open
ISR_002381,660498,ISR,מקיף שיטים,,2|3,ממ,public,Israel,,,,,12,rural,30.6134593916065,35.1831838807882,official_emis,exact,open
ISR_002382,660126,ISR,מקיף שער הנגב,,2|3,ממ,public,Israel,,,,,12,rural,31.506020400712,34.5914327913322,official_emis,exact,open
ISR_002383,380022,ISR,מקיף שפיה,,2|3,ממ,public,Israel,,,,,12,rural,32.5907098109672,34.9695907889085,official_emis,exact,open
ISR_002384,660084,ISR,מקיף שקמה,,2|3,ממ,public,Israel,,,,,13,rural,31.5912183486066,34.56021592943,official_emis,exact,open
ISR_002385,249193,ISR,מקיף שש - שנתי,,2|3,ממ,public,Israel,,,,,12,rural,33.0197926685356,35.341346707443,official_emis,exact,open
ISR_002386,344473,ISR,מקיף שש שנתי,,2|3,חמד,public,Israel,,,,,23,urban,32.8112384570953,35.1256872680368,official_emis,exact,open
ISR_002387,540864,ISR,מקיף שש שנתי הרצוג,,2|3,ממ,public,Israel,,,,,30,urban,32.0304781394211,34.7632582367506,official_emis,exact,open
ISR_002388,244343,ISR,מקיף שש שנתי סלאמה,,2|3,ממ,public,Israel,,,,,12,rural,32.8930708745349,35.357118818987,official_emis,exact,open
ISR_002389,248419,ISR,מקיף שש שנתי פקיעין,,2|3,ממ,public,Israel,,,,,21,peri_urban,32.9748849055589,35.3284618949211,official_emis,exact,open
ISR_002390,541110,ISR,מקיף שש שנתי ק. שרת,,2|3,ממ,public,Israel,,,,,30,urban,32.0059405643498,34.7901197188718,official_emis,exact,open
ISR_002391,540310,ISR,מקיף שש שנתי קוגל,,2|3,ממ,public,Israel,,,,,30,urban,32.0096798082616,34.780947999369,official_emis,exact,open
ISR_002392,248062,ISR,מקיף תרשיחא,,2|3,ממ,public,Israel,,,,,23,urban,33.013963940482,35.2673965575829,official_emis,exact,open
ISR_002393,470088,ISR,מקצועי בית בלומה,,2|3,חמד,public,Israel,,,,,30,urban,32.1008698479216,34.9004013531262,official_emis,exact,open
ISR_002394,570044,ISR,מקצועי הולץ,,2|3,ממ,public,Israel,,,,,30,urban,32.0464818727095,34.7835420405707,official_emis,exact,open
ISR_002395,541805,ISR,מרום,,3,ממ,public,Israel,,,,,30,urban,32.1321870170762,34.8290692879942,official_emis,exact,open
ISR_002396,442608,ISR,מרחב,,1|2,ממ,public,Israel,,,,,30,urban,32.1901651641789,34.8752900724489,official_emis,exact,open
ISR_002397,612325,ISR,מרחבים,,1,ממ,public,Israel,,,,,12,rural,31.3155740160147,34.5976283710702,official_emis,exact,open
ISR_002398,311365,ISR,מרחבים,,1,ממ,public,Israel,,,,,23,urban,32.4685353017012,34.9609627390118,official_emis,exact,open
ISR_002399,415620,ISR,מרחבים -נאות שקמה,,1,ממ,public,Israel,,,,,30,urban,31.9782057432416,34.7725968343891,official_emis,exact,open
ISR_002400,211029,ISR,מרחבים כפר יהושע,,1,ממ,public,Israel,,,,,21,peri_urban,32.6809823826763,35.1515299296574,official_emis,exact,open
ISR_002401,218578,ISR,מרים בוארדי,,1|2,ממ,public,Israel,,,,,30,urban,32.8167449736031,35.1920489579569,official_emis,exact,open
ISR_002402,770388,ISR,מרכז חינוך אורט,,2|3,ממ,public,Israel,,,,,30,urban,32.1707288007865,34.9226040103977,official_emis,exact,open
ISR_002403,270470,ISR,מרכז חינוך אורט,,3,ממ,public,Israel,,,,,23,urban,32.4960989878262,35.4920244119038,official_emis,exact,open
ISR_002404,548032,ISR,מרכז חינוך יפו,,2|3,ממ,public,Israel,,,,,30,urban,32.0493664806114,34.7518064408481,official_emis,exact,open
ISR_002405,603555,ISR,מרכז לחן,,2|3,ממ,public,Israel,,,,,,,,,official_emis,unknown,open
ISR_002406,431254,ISR,מרכז נוער,,2|3,חמד,public,Israel,,,,,21,peri_urban,31.9396417148496,34.8703908189674,official_emis,exact,open
ISR_002407,630095,ISR,מרכז נוער,,2|3,חמד,public,Israel,,,,,30,urban,31.6560226407128,34.5687942137298,official_emis,exact,open
ISR_002408,630160,ISR,מרכז נוער דתי,,2|3,חמד,public,Israel,,,,,30,urban,31.2724554013673,34.7936958947186,official_emis,exact,open
ISR_002409,230821,ISR,מרכז נוער טבריה,,2|3,ממ,public,Israel,,,,,23,urban,32.7863683135763,35.5229612104646,official_emis,exact,open
ISR_002410,431189,ISR,מרכז נוער ממלכתי,,2|3,ממ,public,Israel,,,,,30,urban,32.3109280075609,34.857524457653,official_emis,exact,open
ISR_002411,441105,ISR,מרכז תורני טכנולוגי,,2|3,חמד,public,Israel,,,,,,,,,official_emis,unknown,open
ISR_002412,218057,ISR,מרשאן שפרעם,,1,ממ,public,Israel,,,,,30,urban,32.8078087376293,35.154359054893,official_emis,exact,open
ISR_002413,610808,ISR,משאבים,,1|2,ממ,public,Israel,,,,,12,rural,31.0003772262066,34.7842602791973,official_emis,exact,open
ISR_002414,510529,ISR,משה הס,,1,ממ,public,Israel,,,,,30,urban,32.0171387545259,34.7839726244249,official_emis,exact,open
ISR_002415,611038,ISR,משואה,,1,חמד,public,Israel,,,,,23,urban,31.6091668320361,34.7672595888624,official_emis,exact,open
ISR_002416,160697,ISR,משואת נריה,,1,חמד,public,Israel,,,,,30,urban,31.8900764890757,35.0080970372169,official_emis,exact,open
ISR_002417,211755,ISR,משותף עמק חרוד,,1,ממ,public,Israel,,,,,13,rural,32.563182646208,35.3892587487366,official_emis,exact,open
ISR_002418,211326,ISR,משותף רימון מסילות,,1,ממ,public,Israel,,,,,21,peri_urban,32.4927640799525,35.4708402987391,official_emis,exact,open
ISR_002419,442699,ISR,משמרת מאיר,,2|3,חמד,public,Israel,,,,,30,urban,31.6938424753801,35.1083042325861,official_emis,exact,open
ISR_002420,110726,ISR,מתתיהו,,1,חמד,public,Israel,,,,,13,rural,31.8044889362927,34.9368905555554,official_emis,exact,open
ISR_002421,613638,ISR,נאות,,1,ממ,public,Israel,,,,,30,urban,31.6630954861904,34.5820948166466,official_emis,exact,open
ISR_002422,615880,ISR,נאות אברהם,,1,חמד,public,Israel,,,,,30,urban,31.2368962132768,34.764637900049,official_emis,exact,open
ISR_002423,415919,ISR,נאות אשלים אומנויות,,1,ממ,public,Israel,,,,,,,,,official_emis,unknown,open
ISR_002424,614636,ISR,נאות לון,,1,ממ,public,Israel,,,,,30,urban,31.2452597532266,34.7628355612247,official_emis,exact,open
ISR_002425,218982,ISR,נארת,,1|2,ממ,public,Israel,,,,,13,rural,33.0509417907554,35.4879039231101,official_emis,exact,open
ISR_002426,413336,ISR,נגבה,,1,ממ,public,Israel,,,,,30,urban,31.962709475635,34.7769747564892,official_emis,exact,open
ISR_002427,172395,ISR,נהג כצאן יוסף,,1|2,חמד,public,Israel,,,,,12,rural,31.9506942087641,35.1341628060363,official_emis,exact,open
ISR_002428,211458,ISR,נהלל אזורי,,1,ממ,public,Israel,,,,,21,peri_urban,32.6899382355543,35.1949883646414,official_emis,exact,open
ISR_002429,412056,ISR,נוה דקלים,,1,ממ,public,Israel,,,,,21,peri_urban,31.9797622282066,34.7585072349193,official_emis,exact,open
ISR_002430,444034,ISR,נוה הדסה,,2|3,ממ,public,Israel,,,,,21,peri_urban,32.2507633156613,34.8748169236305,official_emis,exact,open
ISR_002431,413716,ISR,נוה חוף,,1,ממ,public,Israel,,,,,30,urban,31.9978747024022,34.7395936452629,official_emis,exact,open
ISR_002432,140913,ISR,נוה חנה,,2|3,חמד,public,Israel,,,,,21,peri_urban,31.65691825754,35.1180108063272,official_emis,exact,open
ISR_002433,111815,ISR,נוה יעקב ממ המאוחד,,1,ממ,public,Israel,,,,,,,,,official_emis,unknown,open
ISR_002434,610642,ISR,נוה מדבר,,1,ממ,public,Israel,,,,,13,rural,31.2394736773246,34.7118584013306,official_emis,exact,open
ISR_002435,410464,ISR,נוה נאמן,,1,ממ,public,Israel,,,,,30,urban,32.1388417287999,34.8993321271368,official_emis,exact,open
ISR_002436,411637,ISR,נוה עוז,,1,ממ,public,Israel,,,,,30,urban,32.0799771973837,34.8656339915165,official_emis,exact,open
ISR_002437,416024,ISR,נוה עוז -שקמה-חדש,,1,ממ,public,Israel,,,,,30,urban,31.9750436286852,34.7656501965769,official_emis,exact,open
ISR_002438,280016,ISR,נוה עמיאל,,2|3,חמד,public,Israel,,,,,21,peri_urban,32.7008036358604,35.136097182725,official_emis,exact,open
ISR_002439,111898,ISR,נוה עציון בנות,,1,חמד,public,Israel,,,,,30,urban,31.7571314204106,35.1753262605614,official_emis,exact,open
ISR_002440,111963,ISR,נוה צוף,,1,חמד,public,Israel,,,,,13,rural,32.0045609685715,35.1212630767702,official_emis,exact,open
ISR_002441,124032,ISR,נוה שלום-ואחד אל-סלם,,1,ממ,public,Israel,,,,,12,rural,31.8162291799148,34.9778253521806,official_emis,exact,open
ISR_002442,614396,ISR,נווה אילן,,1,חמד,public,Israel,,,,,30,urban,31.6634048215836,34.5752918195741,official_emis,exact,open
ISR_002443,613786,ISR,נווה במדבר,,1,ממ,public,Israel,,,,,30,urban,31.2628155818657,34.7695049521587,official_emis,exact,open
ISR_002444,512608,ISR,נווה גן,,1,ממ,public,Israel,,,,,30,urban,32.0925872578389,34.870142564649,official_emis,exact,open
ISR_002445,417089,ISR,נווה גן,,1,ממ,public,Israel,,,,,30,urban,32.1240440378141,34.8171493352963,official_emis,exact,open
ISR_002446,614214,ISR,נווה דקלים,,1,ממ,public,Israel,,,,,30,urban,31.6757863417594,34.5825058131026,official_emis,exact,open
ISR_002447,618587,ISR,נווה דקלים,,1|2,ממ,public,Israel,,,,,12,rural,31.2563251449944,34.9578090863986,official_emis,exact,open
ISR_002448,612770,ISR,נווה עמרם,,1,ממ,public,Israel,,,,,23,urban,31.0747697962471,35.0385049652124,official_emis,exact,open
ISR_002449,612523,ISR,נווה ציון - ורדימון,,1,חמד,public,Israel,,,,,30,urban,31.6562808878733,34.5573740988655,official_emis,exact,open
ISR_002450,614719,ISR,נווה שלום,,1,ממ,public,Israel,,,,,30,urban,31.2367349148154,34.7729309187434,official_emis,exact,open
ISR_002451,618603,ISR,נווה-מדבר,,1|2,ממ,public,Israel,,,,,13,rural,31.2037341954756,34.9226682507046,official_emis,exact,open
ISR_002452,248823,ISR,נוטרדאם,,2|3,ממ,public,Israel,,,,,21,peri_urban,33.0258469583916,35.2486094898518,official_emis,exact,open
ISR_002453,312124,ISR,נועם,,1,חמד,public,Israel,,,,,23,urban,32.4732477555818,34.954492988097,official_emis,exact,open
ISR_002454,613125,ISR,נועם,,1,חמד,public,Israel,,,,,30,urban,31.7878852525543,34.6533306378161,official_emis,exact,open
ISR_002455,214429,ISR,נועם - נריה,,1,חמד,public,Israel,,,,,23,urban,32.4869420482445,35.5016344602012,official_emis,exact,open
ISR_002456,614586,ISR,נועם אורות הנגב,,1,חמד,public,Israel,,,,,23,urban,31.4170898761367,34.5826102584091,official_emis,exact,open
ISR_002457,115592,ISR,נועם בנות פסגת זאב,,1,חמד,public,Israel,,,,,30,urban,31.8148708862536,35.2523968044207,official_emis,exact,open
ISR_002458,111393,ISR,נועם בנות ק.משה,,1|2,חמד,public,Israel,,,,,30,urban,31.7838468397392,35.1917989299488,official_emis,exact,open
ISR_002459,113001,ISR,נועם בנות רמות,,1,חמד,public,Israel,,,,,30,urban,31.814194469099,35.2020605167162,official_emis,exact,open
ISR_002460,430017,ISR,נועם בנים,,1,חמד,public,Israel,,,,,,,,,official_emis,unknown,open
ISR_002461,113597,ISR,נועם בנים פסגת זאב,,1,חמד,public,Israel,,,,,30,urban,31.819533252132,35.2527900067341,official_emis,exact,open
ISR_002462,112003,ISR,נועם בנים ק.משה,,1,חמד,public,Israel,,,,,30,urban,31.7886716042455,35.1907846475277,official_emis,exact,open
ISR_002463,113563,ISR,נועם בנים רמות,,1,חמד,public,Israel,,,,,30,urban,31.8141764324847,35.2020710786563,official_emis,exact,open
ISR_002464,613083,ISR,נועם חיים,,1,חמד,public,Israel,,,,,23,urban,31.0770717469984,35.0331356748672,official_emis,exact,open
ISR_002465,615062,ISR,נועם נצרים,,1|2,חמד,public,Israel,,,,,11,rural,31.1396729019969,34.3184514532118,official_emis,exact,open
ISR_002466,417097,ISR,נועם נריה,,1,חמד,public,Israel,,,,,23,urban,31.9530002147422,34.8926921832416,official_emis,exact,open
ISR_002467,212001,ISR,נוף גליל,,1,ממ,public,Israel,,,,,12,rural,32.9292852289626,35.4323131127761,official_emis,exact,open
ISR_002468,510974,ISR,נוף ילדות,,1,ממ,public,Israel,,,,,30,urban,32.0278872074258,34.7809594978206,official_emis,exact,open
ISR_002469,442459,ISR,נוף ילדות,,1,ממ,public,Israel,,,,,23,urban,32.2507844727675,34.9127534072393,official_emis,exact,open
ISR_002470,510438,ISR,נוף ים,,1,ממ,public,Israel,,,,,30,urban,32.1857996323417,34.8117768898849,official_emis,exact,open
ISR_002471,613596,ISR,נוף ים,,1,ממ,public,Israel,,,,,30,urban,31.7806688205676,34.6304638354393,official_emis,exact,open
ISR_002472,210427,ISR,נופי ארבל-גנוסר,,1|2,ממ,public,Israel,,,,,12,rural,32.8448380286752,35.5177969240734,official_emis,exact,open
ISR_002473,660324,ISR,נופי הבשור,,2|3,ממ,public,Israel,,,,,13,rural,31.3026625675808,34.4320373198271,official_emis,exact,open
ISR_002474,416503,ISR,נופי החורש,,1,ממ,public,Israel,,,,,21,peri_urban,32.1634450772834,35.0224503424042,official_emis,exact,open
ISR_002475,514950,ISR,נופי ים,,1,ממ,public,Israel,,,,,30,urban,32.1132738601461,34.7851218218316,official_emis,exact,open
ISR_002476,214346,ISR,נופים,,1,ממ,public,Israel,,,,,,,,,official_emis,unknown,open
ISR_002477,313668,ISR,נופים,,1,ממ,public,Israel,,,,,30,urban,32.7744380543429,34.9920890280837,official_emis,exact,open
ISR_002478,615013,ISR,נופים,,1,ממ,public,Israel,,,,,21,peri_urban,31.8036441904054,34.7528081204872,official_emis,exact,open
ISR_002479,312652,ISR,נופית,,1,ממ,public,Israel,,,,,21,peri_urban,32.7587710887131,35.1471619433343,official_emis,exact,open
ISR_002480,419259,ISR,נור אלהודא אלמקדסיה,,1,ממ,public,Israel,,,,,30,urban,31.7968635158382,35.2454816104575,official_emis,approximate,open
ISR_002481,411397,ISR,נורדאו,,1,ממ,public,Israel,,,,,,,,,official_emis,unknown,open
ISR_002482,318618,ISR,נזירות הכרמל חיפה,,1|2,ממ,public,Israel,,,,,30,urban,32.8199574681481,34.9931020390105,official_emis,exact,open
ISR_002483,317024,ISR,נזירות הכרמלית,,1|2,ממ,public,Israel,,,,,30,urban,32.819216672309,34.9922708538331,official_emis,exact,open
ISR_002484,247080,ISR,נזירות המושיע,,2|3,ממ,public,Israel,,,,,30,urban,32.698551320597,35.2848239450711,official_emis,exact,open
ISR_002485,214262,ISR,נזירות הסיליזיאן,,1|2,ממ,public,Israel,,,,,30,urban,32.7033439380983,35.2915684654596,official_emis,exact,open
ISR_002486,217257,ISR,נזירות נצרת,,1|2,ממ,public,Israel,,,,,30,urban,32.803783922337,35.1718287207737,official_emis,exact,open
ISR_002487,347021,ISR,נזירות נצרת,,2|3,ממ,public,Israel,,,,,30,urban,32.8150275744055,34.9892054881846,official_emis,exact,open
ISR_002488,247056,ISR,נזירות סנט גוזף,,2|3,ממ,public,Israel,,,,,30,urban,32.7056121949925,35.3087202872056,official_emis,exact,open
ISR_002489,247031,ISR,נזירות פרנציסקניות,,2|3,ממ,public,Israel,,,,,30,urban,32.7033664009392,35.2979461092755,official_emis,exact,open
ISR_002490,217034,ISR,נזירות פרנציסקניות,,1|2,ממ,public,Israel,,,,,30,urban,32.7476586711699,35.3375680507564,official_emis,exact,open
ISR_002491,217083,ISR,נזירות פרנציסקניות,,1|2,ממ,public,Israel,,,,,30,urban,32.7036728321024,35.2981490627452,official_emis,exact,open
ISR_002492,612655,ISR,נחלים,,1|2,חמד,public,Israel,,,,,12,rural,31.3144126972172,34.5999889427868,official_emis,exact,open
ISR_002493,111708,ISR,נחלת בנימין בנים,,1,חמד,public,Israel,,,,,23,urban,31.9573841791874,35.2597481293368,official_emis,exact,open
ISR_002494,412262,ISR,נחלת יהודה,,1,ממ,public,Israel,,,,,30,urban,31.9816370845281,34.8013702338419,official_emis,exact,open
ISR_002495,499806,ISR,נחלת ישראל,,2|3,חמד,public,Israel,,,,,23,urban,32.673282935124,35.2545337680998,official_emis,exact,open
ISR_002496,444737,ISR,נחשון למדעים טכנולוגיה,,2|3,ממ,public,Israel,,,,,21,peri_urban,31.9908503976162,34.940911517566,official_emis,exact,open
ISR_002497,212753,ISR,נחשוני החולה יסוד המ,,1,ממ,public,Israel,,,,,13,rural,33.0578058695828,35.6053537371705,official_emis,exact,open
ISR_002498,512566,ISR,נחשונים,,1,ממ,public,Israel,,,,,30,urban,32.0236247452857,34.7480482903114,official_emis,exact,open
ISR_002499,214122,ISR,נטופה,,1,ממ,public,Israel,,,,,30,urban,32.7242348556068,35.3351330881462,official_emis,exact,open
ISR_002500,615898,ISR,נטע ארז,,1|2,ממ,public,Israel,,,,,30,urban,31.2675454876486,34.7814847075094,official_emis,exact,open
ISR_002501,384065,ISR,נטעים,,1,חמד,public,Israel,,,,,21,peri_urban,32.4654542972977,35.0092300104348,official_emis,exact,open
ISR_002502,510792,ISR,נטעים,,1|2,ממ,public,Israel,,,,,30,urban,32.0513022744592,34.8190761300655,official_emis,exact,open
ISR_002503,610311,ISR,נטעים מיתרים,,1,ממ,public,Israel,,,,,30,urban,31.255477335675,34.8038061369939,official_emis,exact,open
ISR_002504,310177,ISR,נילי,,1|2,ממ,public,Israel,,,,,23,urban,32.5717598826711,34.9487463133541,official_emis,exact,open
ISR_002505,349928,ISR,ניסויי על איזורי תפן,,2|3,ממ,public,Israel,,,,,23,urban,32.9961030423491,35.2649977877654,official_emis,exact,open
ISR_002506,610899,ISR,ניצן,,1,ממ,public,Israel,,,,,11,rural,31.7149580920933,34.6317131002062,official_emis,exact,open
ISR_002507,610691,ISR,ניצנה,,2|3,ממ,public,Israel,,,,,,,,,official_emis,unknown,open
ISR_002508,613646,ISR,ניצני אשכול,,1,ממ,public,Israel,,,,,13,rural,31.3023525012354,34.4299706579393,official_emis,exact,open
ISR_002509,610436,ISR,ניצני הנגב,,1,ממ,public,Israel,,,,,12,rural,31.4481022875521,34.7594881409608,official_emis,exact,open
ISR_002510,311035,ISR,ניצני זבולון,,1,ממ,public,Israel,,,,,21,peri_urban,32.7935056040356,35.1174613020867,official_emis,exact,open
ISR_002511,615120,ISR,ניצני קטיף,,1|2,חמד,public,Israel,,,,,13,rural,31.7340611426507,34.6322076163916,official_emis,exact,open
ISR_002512,357467,ISR,ניצני רעות,,1,ממ,public,Israel,,,,,12,rural,32.4657983586516,35.0101333965045,official_emis,exact,open
ISR_002513,512442,ISR,ניצנים,,1,ממ,public,Israel,,,,,30,urban,32.1141052466503,34.7966991534621,official_emis,exact,open
ISR_002514,415950,ISR,ניצנים,,1,ממ,public,Israel,,,,,23,urban,32.2542161611882,34.918865576325,official_emis,exact,open
ISR_002515,142398,ISR,ניצנים,,1,ממ,public,Israel,,,,,30,urban,31.8923145595519,35.0033144907171,official_emis,exact,open
ISR_002516,310250,ISR,ניצנים,,1,ממ,public,Israel,,,,,30,urban,32.4466497813887,34.9025955021833,official_emis,exact,open
ISR_002517,416420,ISR,ניצנים,,1,ממ,public,Israel,,,,,30,urban,31.913213044164,34.7863174326583,official_emis,exact,open
ISR_002518,414359,ISR,ניצנים,,1,ממ,public,Israel,,,,,30,urban,31.9572880804551,34.7928875513527,official_emis,exact,open
ISR_002519,514117,ISR,ניצנים,,1,ממ,public,Israel,,,,,30,urban,32.0031702353495,34.7895712847035,official_emis,exact,open
ISR_002520,510800,ISR,ניצנים,,1|2,ממ,public,Israel,,,,,30,urban,32.0931651340238,34.8107753863628,official_emis,exact,open
ISR_002521,213413,ISR,ניצנים כרמיאל,,1,ממ,public,Israel,,,,,23,urban,32.907176450922,35.2991215969294,official_emis,exact,open
ISR_002522,510636,ISR,ניר,,1,ממ,public,Israel,,,,,30,urban,32.0613420350821,34.8542023226124,official_emis,exact,open
ISR_002523,311209,ISR,ניר עציון,,1,חמד,public,Israel,,,,,12,rural,32.6995323070068,34.9914988127858,official_emis,exact,open
ISR_002524,310672,ISR,נירים,,1,ממ,public,Israel,,,,,30,urban,32.8072743039928,34.9604275566601,official_emis,exact,open
ISR_002525,240820,ISR,נירים,,2|3,ממ,public,Israel,,,,,23,urban,32.9480450345203,35.0746616911641,official_emis,exact,open
ISR_002526,312520,ISR,נעורים,,1,ממ,public,Israel,,,,,30,urban,32.838666569046,35.0889522113139,official_emis,exact,open
ISR_002527,210807,ISR,נפתלי -יבנאל,,1,ממ,public,Israel,,,,,13,rural,32.7052989468554,35.503571762684,official_emis,exact,open
ISR_002528,210799,ISR,נצח ישראל,,1,חמד,public,Israel,,,,,23,urban,32.7804345950132,35.5123620946881,official_emis,exact,open
ISR_002529,611061,ISR,נצח ישראל,,1,חמד,public,Israel,,,,,23,urban,31.7298806112461,34.7445455706558,official_emis,exact,open
ISR_002530,218669,ISR,נצרת אלכרום,,1,ממ,public,Israel,,,,,30,urban,32.7046010383661,35.2860345160667,official_emis,exact,open
ISR_002531,219329,ISR,נצרת ביר אלאמיר,,1,ממ,public,Israel,,,,,30,urban,32.688543198177,35.2833861217736,official_emis,exact,open
ISR_002532,213447,ISR,נר הגלבוע,,1,ממ,public,Israel,,,,,21,peri_urban,32.5307754380146,35.338567307062,official_emis,exact,open
ISR_002533,470377,ISR,נריה,,2|3,חמד,public,Israel,,,,,23,urban,31.8714289605882,34.7462533138354,official_emis,exact,open
ISR_002534,311514,ISR,נרקיסים,,1,ממ,public,Israel,,,,,21,peri_urban,32.724041760556,35.1379569008515,official_emis,exact,open
ISR_002535,214080,ISR,נתיב,,1|2,חמד,public,Israel,,,,,12,rural,32.7583134985285,35.2895943293457,official_emis,exact,open
ISR_002536,115998,ISR,נתיב זבולון,,1,חמד,public,Israel,,,,,30,urban,31.8957766445291,35.0144273802558,official_emis,exact,open
ISR_002537,610931,ISR,נתיב יצחק,,1,חמד,public,Israel,,,,,,,,,official_emis,unknown,open
ISR_002538,212811,ISR,נתיב מאיר-מעלות,,1,חמד,public,Israel,,,,,23,urban,33.0158564251632,35.2848855915187,official_emis,exact,open
ISR_002539,344598,ISR,נתיבות דרור,,2|3,חמד,public,Israel,,,,,23,urban,32.5172114300285,34.9142904293038,official_emis,exact,open
ISR_002540,610329,ISR,נתיבות-יורם,,1,ממ,public,Israel,,,,,30,urban,31.2542735324384,34.7882734369967,official_emis,exact,open
ISR_002541,613398,ISR,נתיבי נועם,,1,חמד,public,Israel,,,,,23,urban,31.4272759845666,34.5965945178775,official_emis,exact,open
ISR_002542,613430,ISR,נתיבי עם,,1,חמד,public,Israel,,,,,30,urban,31.2462538176167,34.7713654815297,official_emis,exact,open
ISR_002543,417212,ISR,נתן יונתן,,1,ממ,public,Israel,,,,,30,urban,32.0989281736517,34.8810630904354,official_emis,exact,open
ISR_002544,217059,ISR,ס ד ס יוניקתולי נצרת,,1|2,ממ,public,Israel,,,,,30,urban,32.698551320597,35.2848239450711,official_emis,exact,open
ISR_002545,347757,ISR,סאדברי ירושלים,,1|2|3,ממ,public,Israel,,,,,30,urban,31.7576574687743,35.2142003069338,official_emis,exact,open
ISR_002546,178178,ISR,סאחורה מכין בנות,,2,ממ,public,Israel,,,,,30,urban,31.7578598341443,35.2417068207453,official_emis,approximate,open
ISR_002547,110130,ISR,סאלד,,1,ממ,public,Israel,,,,,30,urban,31.7660355758685,35.2150034346481,official_emis,exact,open
ISR_002548,219733,ISR,סאלח סמור,,1,ממ,public,Israel,,,,,30,urban,32.807344539377,35.1678768075484,official_emis,exact,open
ISR_002549,318246,ISR,סאלם,,1,ממ,public,Israel,,,,,21,peri_urban,32.543525245113,35.2005823576041,official_emis,approximate,open
ISR_002550,211631,ISR,סאסא-נוף הרים,,1,ממ,public,Israel,,,,,12,rural,33.0270997705066,35.393795547227,official_emis,exact,open
ISR_002551,411504,ISR,סביון-גני יהודה,,1|2,ממ,public,Israel,,,,,30,urban,32.0440107390691,34.8748613975639,official_emis,exact,open
ISR_002552,513572,ISR,סביונים,,1,ממ,public,Israel,,,,,30,urban,32.0286306885186,34.8630073412965,official_emis,exact,open
ISR_002553,416388,ISR,סביונים,,1,ממ,public,Israel,,,,,30,urban,31.9240921704749,34.8098796962294,official_emis,exact,open
ISR_002554,512632,ISR,סגולה מד,,1,חמד,public,Israel,,,,,30,urban,32.0791197066487,34.8270726946871,official_emis,exact,open
ISR_002555,118356,ISR,סואחרה י,,1,ממ,public,Israel,,,,,30,urban,31.7462791467467,35.2447944398058,official_emis,exact,open
ISR_002556,511592,ISR,סואחרה יסודי,,1,ממ,public,Israel,,,,,30,urban,31.7460806861978,35.2449632135105,official_emis,exact,open
ISR_002557,118166,ISR,סואחרה לבנות,,1,ממ,public,Israel,,,,,30,urban,31.8412521768724,35.2451948400632,official_emis,exact,open
ISR_002558,518704,ISR,סוואחרה בנים,,1,ממ,public,Israel,,,,,30,urban,31.7538292661912,35.2392354318404,official_emis,approximate,open
ISR_002559,613349,ISR,סוסיא,,1|2,חמד,public,Israel,,,,,13,rural,31.393359580858,35.1152358288757,official_emis,exact,open
ISR_002560,512871,ISR,סוקולוב,,1,ממ,public,Israel,,,,,30,urban,32.0199000522937,34.7405197653486,official_emis,exact,open
ISR_002561,415596,ISR,סורקיס,,1,ממ,public,Israel,,,,,30,urban,32.1855271866081,34.8993355320829,official_emis,exact,open
ISR_002562,311597,ISR,סיני,,1,חמד,public,Israel,,,,,30,urban,32.8490744795099,35.064764658894,official_emis,exact,open
ISR_002563,610188,ISR,סיני,,1,חמד,public,Israel,,,,,30,urban,31.6716353017742,34.5655560155822,official_emis,exact,open
ISR_002564,178145,ISR,סלואן יסודי חדש,,1,ממ,public,Israel,,,,,30,urban,31.7674654118604,35.2385015920771,official_emis,exact,open
ISR_002565,118182,ISR,סלואן יסודי לבנות,,1,ממ,public,Israel,,,,,30,urban,31.7723174940244,35.2379544172424,official_emis,exact,open
ISR_002566,118174,ISR,סלואן יסודי מעורב,,1,ממ,public,Israel,,,,,30,urban,31.7661493756863,35.2359254463207,official_emis,exact,open
ISR_002567,118208,ISR,סלואן מכין לבנות,,1|2,ממ,public,Israel,,,,,30,urban,31.7671679252953,35.2380370141224,official_emis,exact,open
ISR_002568,118190,ISR,סלואן מכין לבנים,,1,ממ,public,Israel,,,,,30,urban,31.7685474895327,35.2390192450924,official_emis,exact,open
ISR_002569,544288,ISR,סמדר,,2,ממ,public,Israel,,,,,30,urban,32.1682401654463,34.8025861001144,official_emis,exact,open
ISR_002570,239871,ISR,סמהר לבנות,,1|2,ממ,public,Israel,,,,,30,urban,31.7848749923547,35.2539756179269,official_emis,exact,open
ISR_002571,412031,ISR,סמילנסקי,,1,ממ,public,Israel,,,,,30,urban,31.896478043086,34.8155788931866,official_emis,exact,open
ISR_002572,373191,ISR,סמינר בנות עילית,,2|3,חמד,public,Israel,,,,,,,,,official_emis,unknown,open
ISR_002573,373183,ISR,סמינר כלל חסידי,,2|3,חמד,public,Israel,,,,,30,urban,31.7045821265853,35.1189054611379,official_emis,exact,open
ISR_002574,247023,ISR,סנט גוזף אקליריקי,,2|3,ממ,public,Israel,,,,,30,urban,32.6959535383503,35.2861332957313,official_emis,exact,open
ISR_002575,217158,ISR,סנט גוזף נצרת,,1|2,ממ,public,Israel,,,,,30,urban,32.7056211855252,35.3087522932135,official_emis,exact,open
ISR_002576,510057,ISR,סעדיה גאון מד,,1,חמד,public,Israel,,,,,30,urban,32.0291642301729,34.8439929552239,official_emis,exact,open
ISR_002577,413658,ISR,ספיר,,1|2,ממ,public,Israel,,,,,21,peri_urban,31.94601413669,34.8976232509305,official_emis,exact,open
ISR_002578,318261,ISR,עארה ב,,1,ממ,public,Israel,,,,,23,urban,32.5033710792995,35.0787205055473,official_emis,exact,open
ISR_002579,618082,ISR,עבד רבה אלאסד,,1,ממ,public,Israel,,,,,21,peri_urban,31.3235925288206,34.8576143877661,official_emis,exact,open
ISR_002580,178053,ISR,עבדאללה בן חוסין,,2|3,ממ,public,Israel,,,,,30,urban,31.7936744434449,35.2327775705676,official_emis,approximate,open
ISR_002581,110056,ISR,עדיהו,,1,ממ,public,Israel,,,,,,,,,official_emis,unknown,open
ISR_002582,412015,ISR,עדיני,,1,ממ,public,Israel,,,,,30,urban,31.9599026920754,34.8126355769681,official_emis,exact,open
ISR_002583,618793,ISR,עובדת,,1|2,ממ,public,Israel,,,,,11,rural,30.8124926815074,34.7501456296971,official_emis,exact,open
ISR_002584,110486,ISR,עוזיאל,,1,חמד,public,Israel,,,,,30,urban,31.7795365641885,35.2092827797513,official_emis,exact,open
ISR_002585,613141,ISR,עוזיאל,,1|2,חמד,public,Israel,,,,,30,urban,31.2619378151502,34.790465664344,official_emis,exact,open
ISR_002586,610196,ISR,עוזיאל,,1,חמד,public,Israel,,,,,30,urban,31.6585234158009,34.5657195658502,official_emis,exact,open
ISR_002587,512764,ISR,עוזיאל מד,,1,חמד,public,Israel,,,,,,,,,official_emis,unknown,open
ISR_002588,212118,ISR,עוזיאל מד-קרית שמונה,,1,חמד,public,Israel,,,,,23,urban,33.2218790490713,35.5697454947934,official_emis,exact,open
ISR_002589,418194,ISR,עומר אבן אלחטאב,,1,ממ,public,Israel,,,,,,,,,official_emis,unknown,open
ISR_002590,418202,ISR,עומר אבן אלחטאב,,1,ממ,public,Israel,,,,,23,urban,32.2831399452366,34.9787201851262,official_emis,exact,open
ISR_002591,318071,ISR,עומר בן אלחטאב,,1,ממ,public,Israel,,,,,23,urban,32.4060807722566,35.0461477045755,official_emis,exact,open
ISR_002592,611863,ISR,עומרים,,1,ממ,public,Israel,,,,,23,urban,31.2653590852266,34.848692807008,official_emis,exact,open
ISR_002593,318303,ISR,עוספיא א,,1,ממ,public,Israel,,,,,23,urban,32.7174474514318,35.0762982187352,official_emis,exact,open
ISR_002594,241059,ISR,עופרים,,1,ממ,public,Israel,,,,,30,urban,31.7239009860818,35.2164336525801,official_emis,exact,open
ISR_002595,373142,ISR,עטרת רחל,,2|3,חמד,public,Israel,,,,,23,urban,32.7956494271837,35.5324103922338,official_emis,exact,open
ISR_002596,115527,ISR,עידנים,,1,ממ,public,Israel,,,,,30,urban,31.9062169014726,35.0066249789196,official_emis,exact,open
ISR_002597,410217,ISR,עיינת הגליל,,1,ממ,public,Israel,,,,,13,rural,33.1764815215367,35.6187806962264,official_emis,exact,open
ISR_002598,318279,ISR,עין אברהים,,1,ממ,public,Israel,,,,,30,urban,32.5386511068598,35.1455244989227,official_emis,exact,open
ISR_002599,318287,ISR,עין אלסהלה,,1|2,ממ,public,Israel,,,,,21,peri_urban,32.4886348389447,35.1197244135066,official_emis,exact,open
ISR_002600,412908,ISR,עין גנים,,1,ממ,public,Israel,,,,,30,urban,32.0876155849404,34.8938459909776,official_emis,exact,open
ISR_002601,310698,ISR,עין הים,,1,ממ,public,Israel,,,,,30,urban,32.822255927414,34.9581119513392,official_emis,exact,open
ISR_002602,413294,ISR,עין הקורא,,1,ממ,public,Israel,,,,,30,urban,31.9588149125078,34.7965406813771,official_emis,exact,open
ISR_002603,111096,ISR,עין הרים,,1,ממ,public,Israel,,,,,30,urban,31.7775330956555,35.1528539301937,official_emis,exact,open
ISR_002604,118034,ISR,עין ראפה,,1,ממ,public,Israel,,,,,30,urban,31.7954898644482,35.1208702811487,official_emis,exact,open
ISR_002605,347088,ISR,עיס טכנולוגי כפר קרע,,2|3,ממ,public,Israel,,,,,,,,,official_emis,unknown,open
ISR_002606,118224,ISR,עיסאויה לבנות,,1,ממ,public,Israel,,,,,30,urban,31.7994587015068,35.2516179915545,official_emis,exact,open
ISR_002607,118216,ISR,עיסאויה לבנים,,1,ממ,public,Israel,,,,,30,urban,31.7993771884897,35.2525472106362,official_emis,exact,open
ISR_002608,410316,ISR,עיר ימים,,1,ממ,public,Israel,,,,,30,urban,32.2793829741673,34.8441848725257,official_emis,exact,open
ISR_002609,540302,ISR,עירוני דתי יבנה,,2|3,חמד,public,Israel,,,,,30,urban,32.0212093710285,34.7905167432582,official_emis,exact,open
ISR_002610,140038,ISR,עירוני דתי רוטשילד,,2|3,חמד,public,Israel,,,,,30,urban,31.7779311620778,35.2117531153887,official_emis,exact,open
ISR_002611,540500,ISR,עירוני ה,,2|3,ממ,public,Israel,,,,,30,urban,31.9045590810143,34.9908660603966,official_emis,exact,open
ISR_002612,340208,ISR,עירוני חוגים,,2|3,ממ,public,Israel,,,,,30,urban,32.798270501113,34.9977975292401,official_emis,exact,open
ISR_002613,340232,ISR,עירוני יבנה,,2|3,חמד,public,Israel,,,,,30,urban,32.7753627091575,35.011864783209,official_emis,exact,open
ISR_002614,540377,ISR,עירוני כללי,,2|3,ממ,public,Israel,,,,,30,urban,32.0920321604311,34.8266594482161,official_emis,exact,open
ISR_002615,540328,ISR,עירוני כללי הראשונים,,3,ממ,public,Israel,,,,,30,urban,32.1614688351726,34.8385963842253,official_emis,exact,open
ISR_002616,140962,ISR,עירוני מסורתי,,2|3,ממ,public,Israel,,,,,30,urban,31.7542925677165,35.2232136345465,official_emis,exact,open
ISR_002617,540492,ISR,עירוני מקיף רמות,,2|3,ממ,public,Israel,,,,,30,urban,32.0042906701009,34.750705219006,official_emis,exact,open
ISR_002618,444950,ISR,עירוני מקיף שי עגנון,,2|3,ממ,public,Israel,,,,,30,urban,32.3390350521343,34.8705777746172,official_emis,exact,open
ISR_002619,248070,ISR,עירוני מקיף שפרעם,,2|3,ממ,public,Israel,,,,,30,urban,32.7999263396682,35.1791221394309,official_emis,exact,open
ISR_002620,490037,ISR,עירוני משה שרת,,2|3,ממ,public,Israel,,,,,30,urban,32.3430422877791,34.8651031594551,official_emis,exact,open
ISR_002621,540294,ISR,עירוני עש פנחס אילון,,2|3,ממ,public,Israel,,,,,30,urban,32.015522432253,34.7860651267543,official_emis,exact,open
ISR_002622,141309,ISR,עירוני פסגת זאב,,3,ממ,public,Israel,,,,,30,urban,31.8257872702459,35.2397799120394,official_emis,exact,open
ISR_002623,114389,ISR,על איזורי קשת,,1,ממ,public,Israel,,,,,30,urban,31.7527517691889,35.2031175888311,official_emis,exact,open
ISR_002624,460675,ISR,על יסודי אומליסון,,2|3,ממ,public,Israel,,,,,,,,,official_emis,unknown,open
ISR_002625,347096,ISR,על יסודי אלחיה,,3,ממ,public,Israel,,,,,23,urban,32.4750296656949,35.0885148981094,official_emis,exact,open
ISR_002626,248831,ISR,על יסודי טכנולוגי,,2|3,ממ,public,Israel,,,,,23,urban,32.9177152926832,35.255953660624,official_emis,exact,open
ISR_002627,448266,ISR,על יסודי טכנולוגי,,2|3,ממ,public,Israel,,,,,30,urban,32.2360584220858,34.9548157995723,official_emis,exact,open
ISR_002628,343970,ISR,על יסודי מאר מטרי,,2|3,ממ,public,Israel,,,,,30,urban,31.7778121323881,35.2270612318005,official_emis,exact,open
ISR_002629,277020,ISR,על יסודי משהד,,2|3,ממ,public,Israel,,,,,30,urban,32.7492235211245,35.323741570641,official_emis,exact,open
ISR_002630,420018,ISR,על יסודי צור הדסה,,2|3,ממ,public,Israel,,,,,12,rural,31.7150517916303,35.0942822179732,official_emis,exact,open
ISR_002631,560722,ISR,על יסודי רב נתיבי,,2|3,ממ,public,Israel,,,,,30,urban,31.8120708837889,35.2375357206498,official_emis,exact,open
ISR_002632,178079,ISR,על יסודי רב נתיבי,,2|3,ממ,public,Israel,,,,,30,urban,31.8569410655284,35.2162499713636,official_emis,exact,open
ISR_002633,510578,ISR,עלומים,,1,ממ,public,Israel,,,,,30,urban,32.0273375369018,34.7625852233767,official_emis,exact,open
ISR_002634,513192,ISR,עלומים,,1,ממ,public,Israel,,,,,30,urban,32.056061963135,34.852559959899,official_emis,exact,open
ISR_002635,312207,ISR,עלומים,,1,ממ,public,Israel,,,,,30,urban,32.842025249844,35.0665701917237,official_emis,exact,open
ISR_002636,210971,ISR,עלי גבעה -כפר גלעדי,,1,ממ,public,Israel,,,,,21,peri_urban,33.2394709074594,35.5724473430665,official_emis,exact,open
ISR_002637,310706,ISR,עליה,,1,ממ,public,Israel,,,,,30,urban,32.8317491528641,34.9812938272161,official_emis,exact,open
ISR_002638,510750,ISR,עליות,,1|2,ממ,public,Israel,,,,,30,urban,32.0748235818167,34.8258723567675,official_emis,exact,open
ISR_002639,310904,ISR,עליזה ארבילי-דגניה,,1,ממ,public,Israel,,,,,30,urban,32.7655008520108,34.9710644926144,official_emis,exact,open
ISR_002640,213702,ISR,עליזה בגין מגדל העמק,,1,ממ,public,Israel,,,,,23,urban,32.6744298563375,35.2499606304044,official_emis,exact,open
ISR_002641,313825,ISR,עליזה ומנחם בגין,,1,ממ,public,Israel,,,,,30,urban,32.8541680642108,35.0904811430369,official_emis,exact,open
ISR_002642,611491,ISR,עמי אסף,,1,ממ,public,Israel,,,,,23,urban,31.0649863453909,35.0269440388526,official_emis,exact,open
ISR_002643,612812,ISR,עמית,,1,ממ,public,Israel,,,,,23,urban,31.3256363105523,34.939368234872,official_emis,exact,open
ISR_002644,278036,ISR,עמל 1,,3,ממ,public,Israel,,,,,,,,,official_emis,unknown,open
ISR_002645,470070,ISR,עמל א,,3,ממ,public,Israel,,,,,30,urban,32.0853006234798,34.9024019377919,official_emis,exact,open
ISR_002646,519116,ISR,עמל זיו רחובות,,2|3,ממ,public,Israel,,,,,30,urban,31.8947855484548,34.7963793363688,official_emis,exact,open
ISR_002647,470591,ISR,עמל טכנאים והנדסאים,,3,ממ,public,Israel,,,,,30,urban,32.0843394347256,34.8647175467285,official_emis,exact,open
ISR_002648,519124,ISR,עמל טכנולוגי דימונה,,2|3,ממ,public,Israel,,,,,23,urban,31.0608565652732,35.0344744144076,official_emis,exact,open
ISR_002649,519090,ISR,עמל טכנולוגי ערערה ב,,2|3,ממ,public,Israel,,,,,21,peri_urban,31.1605904465645,35.0196130056188,official_emis,exact,open
ISR_002650,519108,ISR,עמל טכנולוגי רמלה,,3,ממ,public,Israel,,,,,23,urban,31.9298767044574,34.8575568701569,official_emis,exact,open
ISR_002651,170175,ISR,עמל ליידי דייויס,,2|3,ממ,public,Israel,,,,,30,urban,31.7634628219585,35.1772454103411,official_emis,exact,open
ISR_002652,199919,ISR,עמל מזרח ירושלים,,3,ממ,public,Israel,,,,,30,urban,31.8500776978084,35.2199998732718,official_emis,exact,open
ISR_002653,440446,ISR,עמל תלמים תורני,,2|3,חמד,public,Israel,,,,,30,urban,31.7890961195383,35.1996749346627,official_emis,exact,open
ISR_002654,210435,ISR,עמק יזרעאל-גניגר,,1,ממ,public,Israel,,,,,12,rural,32.6653280536872,35.2586868938075,official_emis,exact,open
ISR_002655,318048,ISR,עמר אבן אלחטאב,,1,ממ,public,Israel,,,,,30,urban,32.5124307400629,35.1504370970336,official_emis,exact,open
ISR_002656,118307,ISR,עמריה,,1,ממ,public,Israel,,,,,30,urban,31.7789748621471,35.2304821308561,official_emis,exact,open
ISR_002657,510065,ISR,עמרם גאון מד,,1,חמד,public,Israel,,,,,30,urban,32.0261025803055,34.8618734743711,official_emis,exact,open
ISR_002658,411124,ISR,ענבלים נוה אפק,,1,ממ,public,Israel,,,,,,,,,official_emis,unknown,open
ISR_002659,312223,ISR,עציון,,1,חמד,public,Israel,,,,,23,urban,32.5111923550269,34.9162572780191,official_emis,exact,open
ISR_002660,612564,ISR,עציון גבר,,1,ממ,public,Israel,,,,,23,urban,29.557406640741,34.9384045615472,official_emis,exact,open
ISR_002661,511949,ISR,עציון מד,,1,חמד,public,Israel,,,,,30,urban,32.060838251007,34.802929372075,official_emis,exact,open
ISR_002662,211623,ISR,עצמון -נצרת עלית,,1,ממ,public,Israel,,,,,30,urban,32.7077604365541,35.3263314244748,official_emis,exact,open
ISR_002663,613943,ISR,עצמונה,,1|2,חמד,public,Israel,,,,,12,rural,31.4304870479322,34.8825385338292,official_emis,exact,open
ISR_002664,510271,ISR,עקיבא מד,,1,חמד,public,Israel,,,,,30,urban,32.0278736419312,34.7509594748752,official_emis,exact,open
ISR_002665,318337,ISR,עראק אלשבאב,,1,ממ,public,Israel,,,,,30,urban,32.525322086628,35.1427551684739,official_emis,exact,open
ISR_002666,218859,ISR,ערב אלגריפאת,,1,ממ,public,Israel,,,,,21,peri_urban,32.724573145462,35.212543303807,official_emis,exact,open
ISR_002667,618058,ISR,ערב אלהוזייל,,1|2,ממ,public,Israel,,,,,12,rural,31.4072787150505,34.750532453573,official_emis,exact,open
ISR_002668,218065,ISR,ערב אלהיב פרוש רמאנה,,1,ממ,public,Israel,,,,,21,peri_urban,32.779919367977,35.3006198230307,official_emis,exact,open
ISR_002669,218867,ISR,ערב אלחגאגרה,,1,ממ,public,Israel,,,,,21,peri_urban,32.7440320129831,35.196188294891,official_emis,exact,open
ISR_002670,218875,ISR,ערב אלחלף,,1,ממ,public,Israel,,,,,21,peri_urban,32.7413858810402,35.1465115774046,official_emis,exact,open
ISR_002671,218883,ISR,ערב אלחרובייה,,1,ממ,public,Israel,,,,,30,urban,32.7951606513654,35.1617965603155,official_emis,exact,open
ISR_002672,218891,ISR,ערב אלכעבייה,,1,ממ,public,Israel,,,,,21,peri_urban,32.7519023985844,35.1832973505488,official_emis,exact,open
ISR_002673,218909,ISR,ערב אלמזאריב,,1,ממ,public,Israel,,,,,21,peri_urban,32.7155642096184,35.2210969308276,official_emis,exact,open
ISR_002674,218925,ISR,ערב אלעראמשה,,1,ממ,public,Israel,,,,,12,rural,33.0877968787968,35.227400290081,official_emis,exact,open
ISR_002675,218222,ISR,ערב חגיראת מכסור א,,1,ממ,public,Israel,,,,,23,urban,32.7790255234713,35.2266377915552,official_emis,exact,open
ISR_002676,514398,ISR,ערמונים,,1|2,ממ,public,Israel,,,,,30,urban,32.0623145351873,34.8346498745272,official_emis,exact,open
ISR_002677,318527,ISR,ערערה אלדהראת,,1,ממ,public,Israel,,,,,23,urban,32.4976886697387,35.0865492382775,official_emis,exact,open
ISR_002678,318311,ISR,ערערה אלסלאם,,1,ממ,public,Israel,,,,,23,urban,32.4925629942025,35.0922802332892,official_emis,exact,open
ISR_002679,213710,ISR,עש גולדה מאיר נהריה,,1,ממ,public,Israel,,,,,30,urban,32.9983445146469,35.0879633881338,official_emis,exact,open
ISR_002680,513143,ISR,עש דינור,,1,ממ,public,Israel,,,,,30,urban,32.0191724856725,34.7666995590352,official_emis,exact,open
ISR_002681,111575,ISR,עש מיי בויאר,,2,ממ,public,Israel,,,,,,,,,official_emis,unknown,open
ISR_002682,112250,ISR,עשה חייל,,1|2,חמד,public,Israel,,,,,21,peri_urban,31.6558360951766,35.1510340849142,official_emis,exact,open
ISR_002683,514711,ISR,עתיד,,1|2,ממ,public,Israel,,,,,,,,,official_emis,unknown,open
ISR_002684,510826,ISR,עתיד,,1|2,ממ,public,Israel,,,,,30,urban,32.0689709650674,34.8228781714868,official_emis,exact,open
ISR_002685,247320,ISR,עתיד אום אל פחם,,3,ממ,public,Israel,,,,,30,urban,32.5134531289362,35.1590887888349,official_emis,exact,open
ISR_002686,347070,ISR,עתיד אלאהליה,,3,ממ,public,Israel,,,,,30,urban,32.5319996106667,35.1531078207015,official_emis,exact,open
ISR_002687,248666,ISR,עתיד בית זרזיר,,2|3,ממ,public,Israel,,,,,21,peri_urban,32.7255545477306,35.2252804652979,official_emis,exact,open
ISR_002688,448019,ISR,עתיד טייבה,,3,ממ,public,Israel,,,,,30,urban,32.2711030791121,35.0009969973073,official_emis,exact,open
ISR_002689,348334,ISR,עתיד טכנולוגי פרדיס,,2|3,ממ,public,Israel,,,,,12,rural,32.6036768248699,34.955644057483,official_emis,exact,open
ISR_002690,519363,ISR,עתיד ירכא,,,ממ,public,Israel,,,,,30,urban,32.9479201842188,35.1772405115715,official_emis,exact,open
ISR_002691,441196,ISR,עתיד למדעים לוד,,2|3,ממ,public,Israel,,,,,23,urban,31.948470985791,34.9030197935107,official_emis,exact,open
ISR_002692,460576,ISR,עתיד מ.חנוך טכנולוגי,,2|3,ממ,public,Israel,,,,,21,peri_urban,31.9584837205451,34.9003214609151,official_emis,exact,open
ISR_002693,370403,ISR,עתיד עירוני ד,,2|3,ממ,public,Israel,,,,,30,urban,32.8018632357494,34.99476772569,official_emis,exact,open
ISR_002694,384008,ISR,עתיד קרית מוצקין,,2|3,ממ,public,Israel,,,,,30,urban,32.8327900975246,35.0732703764914,official_emis,exact,open
ISR_002695,544395,ISR,עתיד רזיאל,,2|3,ממ,public,Israel,,,,,30,urban,32.1568448797677,34.8488551395555,official_emis,exact,open
ISR_002696,448282,ISR,עתיד רמלה לוד,,2|3,ממ,public,Israel,,,,,,,,,official_emis,unknown,open
ISR_002697,519355,ISR,עתיד רמת חובב,,,ממ,public,Israel,,,,,,,,,official_emis,unknown,open
ISR_002698,310334,ISR,פאר עם,,1,חמד,public,Israel,,,,,,,,,official_emis,unknown,open
ISR_002699,217042,ISR,פטריאכט לטינה ריינה,,1|2,ממ,public,Israel,,,,,30,urban,32.7181513310384,35.3130548699254,official_emis,exact,open
ISR_002700,312140,ISR,פיכמן,,1,ממ,public,Israel,,,,,30,urban,32.7763570733838,35.0076679169387,official_emis,exact,open
ISR_002701,311001,ISR,פינסקר,,1,ממ,public,Israel,,,,,23,urban,32.8136596965913,35.1067635814905,official_emis,exact,open
ISR_002702,613844,ISR,פסגות,,1,ממ,public,Israel,,,,,23,urban,31.3262948278518,34.9394294285278,official_emis,exact,open
ISR_002703,112110,ISR,פסגות,,1,חמד,public,Israel,,,,,30,urban,31.9006971812804,35.2226934583918,official_emis,exact,open
ISR_002704,311886,ISR,פסגות,,1,ממ,public,Israel,,,,,30,urban,32.8540571719477,35.0976495164176,official_emis,exact,open
ISR_002705,660290,ISR,פסגות - עמל באר שבע,,2|3,ממ,public,Israel,,,,,,,,,official_emis,unknown,open
ISR_002706,113449,ISR,פסגת זאב מז ממד,,1,חמד,public,Israel,,,,,30,urban,31.8187600231504,35.246124993218,official_emis,exact,open
ISR_002707,114074,ISR,פסגת זאב מזרח א,,1,ממ,public,Israel,,,,,30,urban,31.8187787330064,35.2440126045349,official_emis,exact,open
ISR_002708,112482,ISR,פסגת זאב ממלכתי א,,1,ממ,public,Israel,,,,,30,urban,31.8279692008777,35.2416081460366,official_emis,exact,open
ISR_002709,114066,ISR,פסגת זאב מערב,,1,ממ,public,Israel,,,,,30,urban,31.8198450844222,35.2362182234564,official_emis,exact,open
ISR_002710,111120,ISR,פסגת זאב צפון,,1,ממ,public,Israel,,,,,30,urban,31.8350774573659,35.2349346409954,official_emis,exact,open
ISR_002711,218958,ISR,פקיעין ממלכתי ב,,1,ממ,public,Israel,,,,,21,peri_urban,32.9738119894906,35.3283855151464,official_emis,exact,open
ISR_002712,111286,ISR,פרדס הרב אליהו,,1,חמד,public,Israel,,,,,,,,,official_emis,unknown,open
ISR_002713,414813,ISR,פרדס צפוני,,1,ממ,public,Israel,,,,,23,urban,31.8730777023002,34.7359201969893,official_emis,exact,open
ISR_002714,340653,ISR,פרוייקט 100,,3,ממ,public,Israel,,,,,30,urban,32.4419563937688,34.920114668462,official_emis,exact,open
ISR_002715,641142,ISR,פרוייקט 100,,3,ממ,public,Israel,,,,,30,urban,31.2399562909929,34.7898477887659,official_emis,exact,open
ISR_002716,430389,ISR,פרומיס סקול יסודי,,1|2,ממ,public,Israel,,,,,,,,,official_emis,unknown,open
ISR_002717,460592,ISR,פרומיס סקול על יסודי,,2|3,ממ,public,Israel,,,,,,,,,official_emis,unknown,open
ISR_002718,184010,ISR,פריר בית חנינא,,1|2,ממ,public,Israel,,,,,30,urban,31.8370181934514,35.2262199255438,official_emis,exact,open
ISR_002719,111831,ISR,פרנקל גבעת שפירא,,1,ממ,public,Israel,,,,,30,urban,31.8012225387088,35.234237146033,official_emis,exact,open
ISR_002720,410100,ISR,צאלון,,1,ממ,public,Israel,,,,,30,urban,31.9382024196128,34.8327471339196,official_emis,exact,open
ISR_002721,614271,ISR,צאלים,,1,ממ,public,Israel,,,,,23,urban,29.5598418167153,34.9336308906532,official_emis,exact,open
ISR_002722,511634,ISR,צהלה,,1,ממ,public,Israel,,,,,30,urban,32.1226985207804,34.8377232981728,official_emis,exact,open
ISR_002723,338491,ISR,צור באהר בנים,,1,ממ,public,Israel,,,,,30,urban,31.7380679264427,35.2254686779181,official_emis,exact,open
ISR_002724,118240,ISR,צור באהר מכין,,1|2,ממ,public,Israel,,,,,30,urban,31.7374990085885,35.2296263345899,official_emis,exact,open
ISR_002725,136259,ISR,צור הדסה,,1,ממ,public,Israel,,,,,12,rural,31.715061555191,35.095147323029,official_emis,exact,open
ISR_002726,346932,ISR,צור ישראל,,2|3,חמד,public,Israel,,,,,30,urban,31.8994618327729,35.2215620984464,official_emis,exact,open
ISR_002727,412783,ISR,צורים,,1,ממ,public,Israel,,,,,12,rural,31.7152965064597,35.0956956591381,official_emis,exact,open
ISR_002728,611715,ISR,צין,,1|2,ממ,public,Israel,,,,,13,rural,30.8492831311246,34.7846695261429,official_emis,exact,open
ISR_002729,313692,ISR,צליל,,1,ממ,public,Israel,,,,,21,peri_urban,32.416355544684,34.9540015206627,official_emis,exact,open
ISR_002730,118349,ISR,צלעה,,1|2,ממ,public,Israel,,,,,30,urban,31.7538292661912,35.2392354318404,official_emis,approximate,open
ISR_002731,419267,ISR,צלעה בנות,,1|2,ממ,public,Israel,,,,,30,urban,31.7548461457593,35.2465713416591,official_emis,exact,open
ISR_002732,512574,ISR,צפורי מד,,1,חמד,public,Israel,,,,,30,urban,32.0187214239145,34.7462308629046,official_emis,exact,open
ISR_002733,612911,ISR,צפרירים,,1,ממ,public,Israel,,,,,30,urban,31.7843105689056,34.630103485757,official_emis,exact,open
ISR_002734,310276,ISR,צפרירים,,1,ממ,public,Israel,,,,,30,urban,32.4244801643654,34.9199568841082,official_emis,exact,open
ISR_002735,270041,ISR,ק. חינוך אורט עפולה,,2|3,ממ,public,Israel,,,,,23,urban,32.6274506252209,35.3197437252127,official_emis,exact,open
ISR_002736,470096,ISR,ק.ח אורט יד ליבוביץ,,2|3,ממ,public,Israel,,,,,30,urban,32.3151781869821,34.8719927255357,official_emis,exact,open
ISR_002737,460113,ISR,קבוצת יבנה,,2|3,חמד,public,Israel,,,,,21,peri_urban,31.8177959610198,34.7190790533438,official_emis,exact,open
ISR_002738,312165,ISR,קדימה,,1,ממ,public,Israel,,,,,30,urban,32.8393099469879,35.0924441109018,official_emis,exact,open
ISR_002739,615138,ISR,קדם,,1|2,ממ,public,Israel,,,,,23,urban,31.255280686797,35.2157024687452,official_emis,exact,open
ISR_002740,411231,ISR,קדם,,1,ממ,public,Israel,,,,,21,peri_urban,32.3206786676044,34.9827369482739,official_emis,exact,open
ISR_002741,144592,ISR,קדמה ירושלים,,2|3,ממ,public,Israel,,,,,30,urban,31.7535181795367,35.1979458378868,official_emis,exact,open
ISR_002742,560110,ISR,קהילה,,2|3,ממ,public,Israel,,,,,30,urban,32.0477648931546,34.7682681706184,official_emis,exact,open
ISR_002743,112342,ISR,קהילתי השלום,,1,ממ,public,Israel,,,,,30,urban,31.8040389356416,35.1544654738876,official_emis,exact,open
ISR_002744,611426,ISR,קול יעקב,,1,חמד,public,Israel,,,,,23,urban,30.9862889894016,34.9281462123885,official_emis,exact,open
ISR_002745,510115,ISR,קוממיות,,1,ממ,public,Israel,,,,,30,urban,32.0922187555299,34.8287561384973,official_emis,exact,open
ISR_002746,510867,ISR,קורצאק,,1|2,ממ,public,Israel,,,,,30,urban,32.0662727879807,34.816344616623,official_emis,exact,open
ISR_002747,311894,ISR,קורצאק,,1,ממ,public,Israel,,,,,30,urban,32.8414169808851,35.0798160569464,official_emis,exact,open
ISR_002748,411629,ISR,קיבוץ גלויות,,1,ממ,public,Israel,,,,,30,urban,32.0868621831224,34.9030111734096,official_emis,exact,open
ISR_002749,521237,ISR,קיהילתי למצויינות בית,,2|3,ממ,public,Israel,,,,,21,peri_urban,32.2022283581988,34.9268023407373,official_emis,exact,open
ISR_002750,310284,ISR,קפלן,,1,ממ,public,Israel,,,,,23,urban,32.4245713699419,34.9455157836702,official_emis,exact,open
ISR_002751,411686,ISR,קפלן,,1,ממ,public,Israel,,,,,30,urban,32.0896163746072,34.8686385934933,official_emis,exact,open
ISR_002752,313635,ISR,קציר,,1,ממ,public,Israel,,,,,21,peri_urban,32.4884844944078,35.0997010239011,official_emis,exact,open
ISR_002753,450056,ISR,קרוב,,1,חמד,public,Israel,,,,,30,urban,31.7642367951111,34.998324798753,official_emis,exact,open
ISR_002754,411660,ISR,קרול,,1,ממ,public,Israel,,,,,30,urban,32.0946146001961,34.883430053535,official_emis,exact,open
ISR_002755,442293,ISR,קריית החינוך למדעים,,2|3,ממ,public,Israel,,,,,30,urban,31.888758438796,34.8305994069104,official_emis,exact,open
ISR_002756,444026,ISR,קריית חינוך נתיבי נועם,,2|3,חמד,public,Israel,,,,,23,urban,31.8167866726281,34.7771309397269,official_emis,exact,open
ISR_002757,113969,ISR,קרית ארבע בנים,,1,חמד,public,Israel,,,,,30,urban,31.5304934856198,35.1174115572604,official_emis,exact,open
ISR_002758,417196,ISR,קרית האומנים,,1,ממ,public,Israel,,,,,23,urban,31.91802940402,34.8685869336117,official_emis,exact,open
ISR_002759,770859,ISR,קרית חינוך,,2|3,ממ,public,Israel,,,,,23,urban,32.9329945107821,35.0732188297118,official_emis,exact,open
ISR_002760,140848,ISR,קרית חינוך,,2|3,חמד,public,Israel,,,,,30,urban,31.7514480323475,34.9924744003951,official_emis,exact,open
ISR_002761,480046,ISR,קרית חינוך בן גוריון,,2|3,ממ,public,Israel,,,,,21,peri_urban,32.3428821390089,34.9089634744168,official_emis,exact,open
ISR_002762,844076,ISR,קרית חינוך דרור,,2|3,ממ,public,Israel,,,,,23,urban,32.2619858299721,34.8943890444197,official_emis,exact,open
ISR_002763,511477,ISR,קרית חינוך יפו,,1,ממ,public,Israel,,,,,30,urban,32.0428035446075,34.7549408780141,official_emis,exact,open
ISR_002764,540179,ISR,קרית חינוך יפו,,2|3,ממ,public,Israel,,,,,30,urban,32.0428568628574,34.7547182800836,official_emis,exact,open
ISR_002765,370312,ISR,קרית חנוך אורט,,3,ממ,public,Israel,,,,,30,urban,32.8133693179,35.0749433499611,official_emis,exact,open
ISR_002766,444067,ISR,קרית יעקב הרצוג,,2|3,חמד,public,Israel,,,,,30,urban,32.1832327783121,34.8977314112674,official_emis,exact,open
ISR_002767,513317,ISR,קרית יערים,,1,ממ,public,Israel,,,,,30,urban,32.1497398269036,34.8304389435737,official_emis,exact,open
ISR_002768,120238,ISR,קרית יערים,,2|3,ממ,public,Israel,,,,,30,urban,31.8114769103973,35.1047290015888,official_emis,exact,open
ISR_002769,140129,ISR,קרית נוער ירושלים,,2|3,חמד,public,Israel,,,,,30,urban,31.762977181603,35.1845711692015,official_emis,exact,open
ISR_002770,311530,ISR,קרית עמל,,1,ממ,public,Israel,,,,,23,urban,32.7102712102218,35.1205713014096,official_emis,exact,open
ISR_002771,614958,ISR,קשת,,1,ממ,public,Israel,,,,,30,urban,31.7806408349382,34.6403457495632,official_emis,exact,open
ISR_002772,172189,ISR,קשת,,1,ממ,public,Israel,,,,,30,urban,31.9040327938044,34.9998637759183,official_emis,exact,open
ISR_002773,414508,ISR,קשת,,1,ממ,public,Israel,,,,,21,peri_urban,32.222709112632,34.9981451528726,official_emis,exact,open
ISR_002774,416677,ISR,קשת,,1|2,ממ,public,Israel,,,,,21,peri_urban,31.8442847643351,34.8478093671774,official_emis,exact,open
ISR_002775,210104,ISR,קשת התקווה,,1,חמד,public,Israel,,,,,21,peri_urban,32.6321975725888,35.0663282667072,official_emis,exact,open
ISR_002776,210302,ISR,קשת יונתן,,1,חמד,public,Israel,,,,,23,urban,32.4863184950967,35.5022069271114,official_emis,exact,open
ISR_002777,540567,ISR,ראס אל עמוד לבנים,,2|3,ממ,public,Israel,,,,,30,urban,31.7683122702005,35.2416476636616,official_emis,exact,open
ISR_002778,219832,ISR,ראס אלעין עראבה,,1,ממ,public,Israel,,,,,23,urban,32.8554014797632,35.3299620456496,official_emis,exact,open
ISR_002779,218974,ISR,ראס עלי ואלחואלד,,1|2,ממ,public,Israel,,,,,12,rural,32.7691968602678,35.1518619481418,official_emis,exact,open
ISR_002780,148163,ISR,ראשדיה,,3,ממ,public,Israel,,,,,30,urban,31.7832038298319,35.2336612525264,official_emis,exact,open
ISR_002781,510214,ISR,ראשונים,,1,ממ,public,Israel,,,,,30,urban,32.0204603261131,34.7482968491892,official_emis,exact,open
ISR_002782,411256,ISR,ראשונים,,1,ממ,public,Israel,,,,,30,urban,31.9264200348537,34.7931943107912,official_emis,exact,open
ISR_002783,186395,ISR,ראשית,,1|2,חמד,public,Israel,,,,,21,peri_urban,31.6591184279372,35.1174604862536,official_emis,exact,open
ISR_002784,183194,ISR,ראשית,,1,חמד,public,Israel,,,,,30,urban,31.7569212413665,35.1650985746177,official_emis,exact,open
ISR_002785,442434,ISR,ראשית חכמה,,2|3,חמד,public,Israel,,,,,23,urban,32.0485635415159,34.9484756377383,official_emis,exact,open
ISR_002786,800037,ISR,רב תחומי כסייפה עמל,,2|3,ממ,public,Israel,,,,,12,rural,31.2498243173348,35.0680876083718,official_emis,exact,open
ISR_002787,648097,ISR,רב תחומי לקיה,,3,ממ,public,Israel,,,,,23,urban,31.3267904626136,34.8663231224338,official_emis,exact,open
ISR_002788,270025,ISR,רב תחומי מנחם בגין,,2|3,ממ,public,Israel,,,,,23,urban,32.9664181026888,35.4964261624687,official_emis,exact,open
ISR_002789,310029,ISR,רבי עקיבא,,1,חמד,public,Israel,,,,,21,peri_urban,32.507555425689,34.9149812389407,official_emis,exact,open
ISR_002790,510545,ISR,רביבים,,1,ממ,public,Israel,,,,,30,urban,32.0269656866465,34.7777668637697,official_emis,exact,open
ISR_002791,610857,ISR,רבקה גובר,,1,ממ,public,Israel,,,,,13,rural,31.6223476648831,34.7046350365977,official_emis,exact,open
ISR_002792,240267,ISR,רבתחומי נופרים בגליל,,2|3,ממ,public,Israel,,,,,23,urban,32.7970624030082,35.5194015023262,official_emis,exact,open
ISR_002793,212159,ISR,רגבה אזורי,,1,ממ,public,Israel,,,,,30,urban,32.975746739557,35.0958878628134,official_emis,exact,open
ISR_002794,610055,ISR,רגבים,,1,ממ,public,Israel,,,,,21,peri_urban,31.7435381612838,34.6735918292015,official_emis,exact,open
ISR_002795,412981,ISR,רוזן,,1,ממ,public,Israel,,,,,30,urban,31.9656911954811,34.8152027635625,official_emis,exact,open
ISR_002796,312082,ISR,רוממה,,1,ממ,public,Israel,,,,,30,urban,32.7849865881289,34.9966540493045,official_emis,exact,open
ISR_002797,417121,ISR,רועי קליין,,1,חמד,public,Israel,,,,,30,urban,32.3101441275476,34.8711510143847,official_emis,exact,open
ISR_002798,511642,ISR,רוקח,,1,ממ,public,Israel,,,,,30,urban,32.056551980967,34.7964252136646,official_emis,exact,open
ISR_002799,612515,ISR,רותם,,1,ממ,public,Israel,,,,,30,urban,31.6588920701326,34.5547833741048,official_emis,exact,open
ISR_002800,413922,ISR,רזיאל,,1,ממ,public,Israel,,,,,30,urban,32.2837596081175,34.8452609576959,official_emis,exact,open
ISR_002801,417246,ISR,רחובות המדע,,1,ממ,public,Israel,,,,,30,urban,31.904202296514,34.8230734078692,official_emis,exact,open
ISR_002802,420646,ISR,ריאד אלסלאחין,,1|2,ממ,public,Israel,,,,,30,urban,31.7382831681394,35.2318215372314,official_emis,approximate,open
ISR_002803,542092,ISR,ריימונד לאוואן,,2|3,ממ,public,Israel,,,,,30,urban,32.0290545711208,34.7821715061219,official_emis,exact,open
ISR_002804,219311,ISR,ריינה א,,1|2,ממ,public,Israel,,,,,30,urban,32.7227184243551,35.307801462535,official_emis,exact,open
ISR_002805,218990,ISR,ריינה ב,,1,ממ,public,Israel,,,,,30,urban,32.7184018226807,35.3153271817441,official_emis,exact,open
ISR_002806,416487,ISR,רימון,,1,ממ,public,Israel,,,,,23,urban,32.3118617326247,34.9373844486178,official_emis,exact,open
ISR_002807,346734,ISR,רימון,,1|2,ממ,public,Israel,,,,,23,urban,32.4757245381001,34.9816980486697,official_emis,exact,open
ISR_002808,416370,ISR,רימונים,,1,ממ,public,Israel,,,,,21,peri_urban,31.7976414950644,34.7854765658597,official_emis,exact,open
ISR_002809,512970,ISR,רימונים,,1,ממ,public,Israel,,,,,30,urban,32.0550605115398,34.8656305652137,official_emis,exact,open
ISR_002810,311522,ISR,רימונים,,1,ממ,public,Israel,,,,,23,urban,32.7171461205325,35.126559468934,official_emis,exact,open
ISR_002811,414870,ISR,רימלט,,1,ממ,public,Israel,,,,,30,urban,32.274000110787,34.8476027286382,official_emis,exact,open
ISR_002812,310870,ISR,רמבם,,1,חמד,public,Israel,,,,,30,urban,32.7904710878065,35.0150775043745,official_emis,exact,open
ISR_002813,510461,ISR,רמבם מד,,1,חמד,public,Israel,,,,,30,urban,32.1604542482781,34.8528801479776,official_emis,exact,open
ISR_002814,212795,ISR,רמבם מד-בית שאן,,1,חמד,public,Israel,,,,,23,urban,32.5022745677798,35.4886389179397,official_emis,exact,open
ISR_002815,211532,ISR,רמבם מד-נהריה,,1,חמד,public,Israel,,,,,30,urban,33.0070394204605,35.1014035028028,official_emis,exact,open
ISR_002816,211847,ISR,רמבם מד-עכו,,1,חמד,public,Israel,,,,,23,urban,32.9298397401973,35.0929181642236,official_emis,exact,open
ISR_002817,212126,ISR,רמבם מד-קרית שמונה,,1,חמד,public,Israel,,,,,21,peri_urban,33.1990877942103,35.5659616052367,official_emis,exact,open
ISR_002818,610790,ISR,רמון,,1,ממ,public,Israel,,,,,11,rural,30.606434749083,34.7963885590392,official_emis,exact,open
ISR_002819,416578,ISR,רמון,,1,ממ,public,Israel,,,,,30,urban,31.8778742938792,34.8129092344982,official_emis,exact,open
ISR_002820,614081,ISR,רמות,,1,ממ,public,Israel,,,,,30,urban,31.2730886835397,34.8028706641135,official_emis,exact,open
ISR_002821,310755,ISR,רמות,,1,ממ,public,Israel,,,,,30,urban,32.8224234192307,34.9654373438279,official_emis,exact,open
ISR_002822,410787,ISR,רמות ויצמן,,1,ממ,public,Israel,,,,,23,urban,31.8794746464569,34.7318716937794,official_emis,exact,open
ISR_002823,460105,ISR,רמות חפר,,2|3,ממ,public,Israel,,,,,,,,,official_emis,unknown,open
ISR_002824,470443,ISR,רמות ים,,2|3,ממ,public,Israel,,,,,13,rural,32.4038558085012,34.868170924244,official_emis,exact,open
ISR_002825,112201,ISR,רמות ממלכתי ג,,1,ממ,public,Israel,,,,,30,urban,31.8116960966153,35.1958294863588,official_emis,exact,open
ISR_002826,615104,ISR,רמות רכס,,1,ממ,public,Israel,,,,,30,urban,31.282818894747,34.8053288256865,official_emis,exact,open
ISR_002827,410894,ISR,רמז,,1,ממ,public,Israel,,,,,30,urban,32.1789658106371,34.9367658523507,official_emis,exact,open
ISR_002828,410621,ISR,רמז,,1,ממ,public,Israel,,,,,30,urban,32.0325514529887,34.8937567935141,official_emis,exact,open
ISR_002829,411918,ISR,רמז,,1,ממ,public,Israel,,,,,30,urban,31.9566357714197,34.8237136459384,official_emis,exact,open
ISR_002830,211516,ISR,רמז -נהריה,,1,ממ,public,Israel,,,,,30,urban,33.0230653676647,35.0947060221143,official_emis,approximate,open
ISR_002831,513341,ISR,רמת אביב,,1,ממ,public,Israel,,,,,30,urban,32.127439659428,34.8013874286167,official_emis,exact,open
ISR_002832,512954,ISR,רמת אפעל,,1|2,ממ,public,Israel,,,,,30,urban,32.0465986989079,34.8324260911419,official_emis,exact,open
ISR_002833,344085,ISR,רמת הדסה,,2|3,ממ,public,Israel,,,,,23,urban,32.7296095358777,35.1464551965962,official_emis,exact,open
ISR_002834,511667,ISR,רמת החיל,,1,ממ,public,Israel,,,,,30,urban,32.1156173748069,34.8369993072003,official_emis,exact,open
ISR_002835,112813,ISR,רמת מודיעין,,1,חמד,public,Israel,,,,,30,urban,31.9297152790718,35.0226163668688,official_emis,exact,open
ISR_002836,112565,ISR,רמת מוריה,,1,ממ,public,Israel,,,,,30,urban,31.7496110265279,35.2287958267345,official_emis,exact,open
ISR_002837,140087,ISR,רנה קסין דרכא,,2|3,ממ,public,Israel,,,,,30,urban,31.7953083420439,35.2245418011394,official_emis,exact,open
ISR_002838,613927,ISR,רננות,,1,חמד,public,Israel,,,,,30,urban,31.2567675477177,34.7953701653769,official_emis,exact,open
ISR_002839,612747,ISR,רננים,,1,ממ,public,Israel,,,,,30,urban,31.7955276986055,34.6459678156342,official_emis,exact,open
ISR_002840,414441,ISR,רננים,,1,ממ,public,Israel,,,,,30,urban,31.9725159345971,34.783509707859,official_emis,exact,open
ISR_002841,362046,ISR,רנסנס,,1|2,ממ,public,Israel,,,,,30,urban,31.8165186533368,35.2301863399535,official_emis,approximate,open
ISR_002842,544148,ISR,רעות,,2,ממ,public,Israel,,,,,30,urban,32.1771822327366,34.8528476882605,official_emis,exact,open
ISR_002843,413302,ISR,רעות,,1,ממ,public,Israel,,,,,30,urban,31.9707395114678,34.8146101789177,official_emis,exact,open
ISR_002844,416016,ISR,רעות,,1,ממ,public,Israel,,,,,23,urban,31.8104963353158,34.7838766479436,official_emis,exact,open
ISR_002845,411066,ISR,רעות,,1,ממ,public,Israel,,,,,30,urban,32.1593981414432,34.8975356670534,official_emis,exact,open
ISR_002846,415935,ISR,רעות -גני דן,,1,ממ,public,Israel,,,,,23,urban,31.9239854153595,34.8501455360693,official_emis,exact,open
ISR_002847,160416,ISR,רעות קהילה דתית,,2|3,ממ,public,Israel,,,,,30,urban,31.7541135682107,35.2039197208191,official_emis,exact,open
ISR_002848,210732,ISR,רעות-טבריה,,1,ממ,public,Israel,,,,,23,urban,32.7917499206578,35.5235568589759,official_emis,exact,open
ISR_002849,214684,ISR,רעים,,1,ממ,public,Israel,,,,,21,peri_urban,32.7344306071465,35.2478893338406,official_emis,exact,open
ISR_002850,612333,ISR,רעים,,1,ממ,public,Israel,,,,,30,urban,31.8018111180298,34.6433956607528,official_emis,exact,open
ISR_002851,214163,ISR,רקפת-כרמיאל,,1,ממ,public,Israel,,,,,21,peri_urban,32.9086362479259,35.2728805209096,official_emis,exact,open
ISR_002852,614156,ISR,רתמים,,1,ממ,public,Israel,,,,,30,urban,31.7767767839185,34.6475796267131,official_emis,exact,open
ISR_002853,212761,ISR,שבט סופר,,1,חמד,public,Israel,,,,,23,urban,32.977140996958,35.5454459528543,official_emis,exact,open
ISR_002854,338533,ISR,שדא אלוורד,,1|2,ממ,public,Israel,,,,,30,urban,31.829767693881,35.2245175475807,official_emis,approximate,open
ISR_002855,212274,ISR,שדה אליהו משותף דתי,,1,חמד,public,Israel,,,,,13,rural,32.441681686528,35.5099611384737,official_emis,exact,open
ISR_002856,212290,ISR,שדה יעקב מד,,1|2,חמד,public,Israel,,,,,21,peri_urban,32.6974515529726,35.1404400772709,official_emis,exact,open
ISR_002857,384149,ISR,שדות,,1,ממ,public,Israel,,,,,21,peri_urban,32.4732596856273,35.001181711051,official_emis,exact,open
ISR_002858,414797,ISR,שדות איילון,,1,ממ,public,Israel,,,,,13,rural,31.8901954383609,34.914688923839,official_emis,exact,open
ISR_002859,614529,ISR,שדות יואב,,1,ממ,public,Israel,,,,,12,rural,31.6256543825667,34.792141163587,official_emis,exact,open
ISR_002860,111716,ISR,שדי חמד,,1,חמד,public,Israel,,,,,30,urban,31.7796652184999,35.2972587384825,official_emis,exact,open
ISR_002861,142372,ISR,שובו ירושלים,,2|3,חמד,public,Israel,,,,,30,urban,31.7877343441213,35.20909314804,official_emis,exact,open
ISR_002862,540625,ISR,שועפט בנים,,2,ממ,public,Israel,,,,,30,urban,31.8132543136208,35.228527303958,official_emis,exact,open
ISR_002863,411421,ISR,שורשים,,1,ממ,public,Israel,,,,,30,urban,32.3186332896252,34.8590667685637,official_emis,exact,open
ISR_002864,412809,ISR,שורשים,,1|2,ממ,public,Israel,,,,,12,rural,32.8536125129812,35.7531149924237,official_emis,exact,open
ISR_002865,513127,ISR,שזר,,1,ממ,public,Israel,,,,,,,,,official_emis,unknown,open
ISR_002866,413435,ISR,שזר,,1,ממ,public,Israel,,,,,30,urban,31.8863028421248,34.8266563043479,official_emis,exact,open
ISR_002867,413252,ISR,שזר,,1,ממ,public,Israel,,,,,30,urban,32.2963068570296,34.8497555105707,official_emis,exact,open
ISR_002868,513333,ISR,שזר,,1,ממ,public,Israel,,,,,30,urban,32.1658954979628,34.8508979241817,official_emis,exact,open
ISR_002869,513135,ISR,שזר,,1,ממ,public,Israel,,,,,30,urban,32.0177514586206,34.7625994878033,official_emis,exact,open
ISR_002870,410647,ISR,שחף,,1|2,ממ,public,Israel,,,,,21,peri_urban,32.0021939867872,34.9403393370711,official_emis,exact,open
ISR_002871,612440,ISR,שחר,,1,חמד,public,Israel,,,,,30,urban,31.8020458251902,34.6393709378863,official_emis,exact,open
ISR_002872,514463,ISR,שיזף,,1,ממ,public,Israel,,,,,30,urban,32.0330389047868,34.8557922155614,official_emis,exact,open
ISR_002873,511972,ISR,שיח,,1|2,ממ,public,Israel,,,,,12,rural,32.9713426359024,35.1430884535734,official_emis,exact,open
ISR_002874,612242,ISR,שיטים,,1,ממ,public,Israel,,,,,12,rural,30.6134593916065,35.1831838807882,official_emis,exact,open
ISR_002875,612408,ISR,שילה,,1,חמד,public,Israel,,,,,30,urban,31.7904864626086,34.6542443558375,official_emis,exact,open
ISR_002876,310342,ISR,שילה,,1,חמד,public,Israel,,,,,30,urban,32.4355397997965,34.8841520121029,official_emis,exact,open
ISR_002877,512962,ISR,שילה מד,,1,חמד,public,Israel,,,,,30,urban,32.0641177005071,34.8502840346424,official_emis,exact,open
ISR_002878,413039,ISR,שיפר,,1,ממ,public,Israel,,,,,30,urban,32.0974949601001,34.8920963509362,official_emis,exact,open
ISR_002879,178087,ISR,שירין,,1|2,ממ,public,Israel,,,,,,,,,official_emis,unknown,open
ISR_002880,615237,ISR,שירת הים,,1,ממ,public,Israel,,,,,30,urban,31.7689879951343,34.622038325309,official_emis,exact,open
ISR_002881,131292,ISR,שירת חנן,,1,חמד,public,Israel,,,,,21,peri_urban,31.6585868378946,35.1182095930783,official_emis,exact,open
ISR_002882,514521,ISR,שכונת המשתלה,,1,ממ,public,Israel,,,,,30,urban,32.1256508438732,34.832730856154,official_emis,exact,open
ISR_002883,310771,ISR,שלוה,,1,ממ,public,Israel,,,,,30,urban,32.8210721638326,34.9858697593002,official_emis,exact,open
ISR_002884,510917,ISR,שלום מד,,1|2,חמד,public,Israel,,,,,30,urban,32.0631348991618,34.8314802012404,official_emis,exact,open
ISR_002885,210328,ISR,שלום עליכם- בצת,,1,ממ,public,Israel,,,,,22,urban,33.0709552696897,35.136144122506,official_emis,exact,open
ISR_002886,413195,ISR,שלמון,,1,ממ,public,Israel,,,,,30,urban,31.9719551636445,34.7996352229546,official_emis,exact,open
ISR_002887,544130,ISR,שמואל הנגיד,,2,ממ,public,Israel,,,,,30,urban,32.166798786796,34.8325532292466,official_emis,exact,open
ISR_002888,413823,ISR,שמעוני,,1,ממ,public,Israel,,,,,30,urban,32.0906003749136,34.8937829261674,official_emis,exact,open
ISR_002889,510354,ISR,שמעוני,,1|2,ממ,public,Israel,,,,,30,urban,32.0654494687319,34.8067534383712,official_emis,exact,open
ISR_002890,417188,ISR,שמרית,,1,ממ,public,Israel,,,,,30,urban,32.3009903834196,34.8742635923176,official_emis,exact,open
ISR_002891,510594,ISR,שנקר,,1,ממ,public,Israel,,,,,30,urban,32.0205245961262,34.7797866923009,official_emis,exact,open
ISR_002892,193185,ISR,שעלי תורה,,2|3,חמד,public,Israel,,,,,30,urban,31.7091585094165,34.9968748848911,official_emis,exact,open
ISR_002893,118273,ISR,שעפאט לבנים א,,1,ממ,public,Israel,,,,,30,urban,31.8132543136208,35.228527303958,official_emis,exact,open
ISR_002894,118281,ISR,שעפט לבנות א,,1|2,ממ,public,Israel,,,,,30,urban,31.8165186533368,35.2301863399535,official_emis,approximate,open
ISR_002895,513119,ISR,שער האריות,,1,ממ,public,Israel,,,,,30,urban,32.0054746263093,34.7938153571689,official_emis,exact,open
ISR_002896,610493,ISR,שער הנגב,,1,ממ,public,Israel,,,,,12,rural,31.5088413455965,34.5948145033451,official_emis,exact,open
ISR_002897,610550,ISR,שפיר,,1,חמד,public,Israel,,,,,12,rural,31.6997427181923,34.7135451711549,official_emis,exact,open
ISR_002898,511675,ISR,שפירא,,1,ממ,public,Israel,,,,,30,urban,32.0565306467906,34.8096193213124,official_emis,exact,open
ISR_002899,311480,ISR,שפרינצק,,1,ממ,public,Israel,,,,,23,urban,32.7976338590785,35.0928060315451,official_emis,exact,open
ISR_002900,411991,ISR,שפרינצק,,1,ממ,public,Israel,,,,,30,urban,31.9004562368932,34.7986482627163,official_emis,exact,open
ISR_002901,611020,ISR,שפרינצק,,1,ממ,public,Israel,,,,,21,peri_urban,31.6029162233838,34.7670464386957,official_emis,exact,open
ISR_002902,414334,ISR,שקד,,1,ממ,public,Israel,,,,,30,urban,31.9309985895449,34.7951619657743,official_emis,exact,open
ISR_002903,312769,ISR,שקד,,1|2,ממ,public,Israel,,,,,21,peri_urban,32.7001996099914,35.1087324236677,official_emis,exact,open
ISR_002904,614115,ISR,שקד,,1,ממ,public,Israel,,,,,30,urban,31.7792521447235,34.6424128465727,official_emis,exact,open
ISR_002905,415885,ISR,שקד -לב הפארק,,1,ממ,public,Israel,,,,,30,urban,32.1937452130162,34.84864806392,official_emis,exact,open
ISR_002906,415612,ISR,שקמה,,1,ממ,public,Israel,,,,,30,urban,31.9749170513507,34.7708031092796,official_emis,exact,open
ISR_002907,611889,ISR,שקמים,,1,ממ,public,Israel,,,,,,,,,official_emis,unknown,open
ISR_002908,611160,ISR,שקמים,,1,ממ,public,Israel,,,,,21,peri_urban,31.5354534321517,34.5887976533701,official_emis,exact,open
ISR_002909,515445,ISR,שרון,,1,ממ,public,Israel,,,,,30,urban,32.0068443969006,34.7771404436733,official_emis,exact,open
ISR_002910,414094,ISR,שריד,,1,ממ,public,Israel,,,,,30,urban,31.8982342701277,34.8148209722858,official_emis,exact,open
ISR_002911,212415,ISR,שריד -שגיא,,1,ממ,public,Israel,,,,,21,peri_urban,32.6618485280382,35.2243169839498,official_emis,exact,open
ISR_002912,512038,ISR,שרשים מד,,1,חמד,public,Israel,,,,,30,urban,32.0534926242088,34.7792744509688,official_emis,exact,open
ISR_002913,512988,ISR,שרת,,1,ממ,public,Israel,,,,,30,urban,32.0172743791607,34.7526099618922,official_emis,exact,open
ISR_002914,312199,ISR,שרת,,1,ממ,public,Israel,,,,,23,urban,32.4736170243755,34.9542685755639,official_emis,exact,open
ISR_002915,413062,ISR,שרת,,1,ממ,public,Israel,,,,,23,urban,31.933908737774,34.8546018646989,official_emis,exact,open
ISR_002916,513721,ISR,שרת,,1,ממ,public,Israel,,,,,30,urban,32.0074395520151,34.7879751202783,official_emis,exact,open
ISR_002917,511451,ISR,שרת,,1,ממ,public,Israel,,,,,30,urban,32.1171076413932,34.8409244900164,official_emis,exact,open
ISR_002918,512756,ISR,שרת משה,,1,ממ,public,Israel,,,,,30,urban,32.0526226985938,34.8611817173754,official_emis,exact,open
ISR_002919,244210,ISR,שש שנתי אורט טבריה,,2|3,ממ,public,Israel,,,,,23,urban,32.7814941753099,35.5284196932972,official_emis,exact,open
ISR_002920,440107,ISR,שש שנתי אחד העם,,2|3,ממ,public,Israel,,,,,30,urban,32.0997053598412,34.8712607979805,official_emis,exact,open
ISR_002921,444828,ISR,שש שנתי איש שלום,,2|3,ממ,public,Israel,,,,,23,urban,32.3113835511756,34.9330428033171,official_emis,exact,open
ISR_002922,212985,ISR,תבנית החינוך המוזהב,,1|2,ממ,public,Israel,,,,,12,rural,32.8905750889832,35.3312085647026,official_emis,exact,open
ISR_002923,214635,ISR,תדהר,,1,ממ,public,Israel,,,,,23,urban,32.6389302861335,35.0900836113465,official_emis,exact,open
ISR_002924,331041,ISR,תהילה,,2|3,חמד,public,Israel,,,,,,,,,official_emis,unknown,open
ISR_002925,612481,ISR,תומר,,1,ממ,public,Israel,,,,,30,urban,31.2600467313769,34.7830405313984,official_emis,exact,open
ISR_002926,210286,ISR,תומר -בית שאן,,1,ממ,public,Israel,,,,,21,peri_urban,32.4891769051849,35.490587338949,official_emis,exact,open
ISR_002927,112177,ISR,תומר רחל,,1,ממ,public,Israel,,,,,30,urban,31.7738127269071,35.2965878161641,official_emis,exact,open
ISR_002928,614560,ISR,תורני,,1,חמד,public,Israel,,,,,23,urban,31.7341063360088,34.7409791492127,official_emis,exact,open
ISR_002929,131052,ISR,תורני אורות בנות,,1,חמד,public,Israel,,,,,30,urban,31.7372795740135,34.9868715422455,official_emis,exact,open
ISR_002930,114165,ISR,תורני אורות בנים,,1,חמד,public,Israel,,,,,30,urban,31.7366314328192,34.9875695306316,official_emis,exact,open
ISR_002931,348466,ISR,תורני אריאל,,1,חמד,public,Israel,,,,,30,urban,31.8786088861412,35.0104782106493,official_emis,exact,open
ISR_002932,141168,ISR,תורני לבנות ב.שולמית,,2|3,חמד,public,Israel,,,,,30,urban,31.8135627956306,35.1943190324525,official_emis,exact,open
ISR_002933,614750,ISR,תורני מדעי נועם,,1,חמד,public,Israel,,,,,12,rural,31.4318327228574,34.538978706119,official_emis,exact,open
ISR_002934,614305,ISR,תורני מדעי-עץ החיים,,1,חמד,public,Israel,,,,,30,urban,31.2643461021511,34.7990123378044,official_emis,exact,open
ISR_002935,140236,ISR,תורני נסויי בנות פלך,,2|3,חמד,public,Israel,,,,,30,urban,31.7570800848299,35.2165540060978,official_emis,exact,open
ISR_002936,144220,ISR,תורני נסויי הרטמן,,2|3,חמד,public,Israel,,,,,30,urban,31.7661075724439,35.2167029585996,official_emis,exact,open
ISR_002937,310359,ISR,תחכמוני,,1,חמד,public,Israel,,,,,30,urban,32.4418806156292,34.9145639759256,official_emis,exact,open
ISR_002938,510289,ISR,תחכמוני מד,,1,חמד,public,Israel,,,,,30,urban,32.0229990784858,34.7421236804738,official_emis,exact,open
ISR_002939,210310,ISR,תחכמוני מד-בית שאן,,1,חמד,public,Israel,,,,,23,urban,32.4974484423713,35.4934013292193,official_emis,exact,open
ISR_002940,210781,ISR,תחכמוני מד-טבריה,,1,חמד,public,Israel,,,,,23,urban,32.7930711212017,35.5287392176595,official_emis,exact,open
ISR_002941,441808,ISR,תיכון אביב,,3,ממ,public,Israel,,,,,30,urban,32.1769495166739,34.8600374412492,official_emis,exact,open
ISR_002942,540203,ISR,תיכון אהל שם,,2|3,ממ,public,Israel,,,,,30,urban,32.0953727471431,34.8160415200695,official_emis,exact,open
ISR_002943,660233,ISR,תיכון אורט אבו תלול,,2|3,ממ,public,Israel,,,,,13,rural,31.1890087567854,34.9324268945283,official_emis,exact,open
ISR_002944,648220,ISR,תיכון אורט אבוקרינט,,2|3,ממ,public,Israel,,,,,12,rural,31.1331233669696,34.9583801599941,official_emis,exact,open
ISR_002945,648279,ISR,תיכון אורט אלהואשלה,,2|3,ממ,public,Israel,,,,,12,rural,31.079701013925,34.9828928895517,official_emis,exact,open
ISR_002946,685586,ISR,תיכון אורט אלסייד,,2|3,ממ,public,Israel,,,,,21,peri_urban,31.2810306422758,34.9155391174414,official_emis,exact,open
ISR_002947,648345,ISR,תיכון אורט מולדה,,2|3,ממ,public,Israel,,,,,12,rural,31.2546813490307,34.9613304016153,official_emis,exact,open
ISR_002948,660225,ISR,תיכון אורט תראבין,,2|3,ממ,public,Israel,,,,,13,rural,31.3458678074854,34.7376183086072,official_emis,exact,open
ISR_002949,248781,ISR,תיכון אורית,,3,ממ,public,Israel,,,,,30,urban,32.7027074401046,35.298894593477,official_emis,exact,open
ISR_002950,710756,ISR,תיכון אורית,,3,ממ,public,Israel,,,,,23,urban,32.8616178982557,35.2940945446268,official_emis,exact,open
ISR_002951,448142,ISR,תיכון אורתודוקסי,,2|3,ממ,public,Israel,,,,,23,urban,31.925220959123,34.8701257519471,official_emis,exact,open
ISR_002952,260109,ISR,תיכון אזורי מגידו,,2|3,ממ,public,Israel,,,,,12,rural,32.5982690932196,35.0975920395555,official_emis,exact,open
ISR_002953,440156,ISR,תיכון אזורי רמלה לוד,,2|3,ממ,public,Israel,,,,,,,,,official_emis,unknown,open
ISR_002954,248112,ISR,תיכון אכסאל,,3,ממ,public,Israel,,,,,23,urban,32.6772875476766,35.321001787648,official_emis,exact,open
ISR_002955,248740,ISR,תיכון אלכוארזמי,,3,ממ,public,Israel,,,,,23,urban,32.8506491346979,35.2114436536958,official_emis,exact,open
ISR_002956,560482,ISR,תיכון אלמעאלי,,2|3,ממ,public,Israel,,,,,30,urban,32.7440639431816,35.3430469636779,official_emis,exact,open
ISR_002957,410001,ISR,תיכון אלעולא,,2|3,ממ,public,Israel,,,,,23,urban,31.9523675845355,34.899558907112,official_emis,exact,open
ISR_002958,460022,ISR,תיכון אקסלנס לבנות,,2|3,ממ,public,Israel,,,,,30,urban,31.7886519913085,35.2288060242624,official_emis,exact,open
ISR_002959,444745,ISR,תיכון בגין,,3,ממ,public,Israel,,,,,30,urban,32.0919544802464,34.9511195357139,official_emis,exact,open
ISR_002960,440255,ISR,תיכון בית חנה,,2|3,חמד,public,Israel,,,,,30,urban,32.3444237090112,34.8590962743531,official_emis,exact,open
ISR_002961,148056,ISR,תיכון בית צפאפא,,3,ממ,public,Israel,,,,,30,urban,31.7434537007546,35.2046163155286,official_emis,exact,open
ISR_002962,442301,ISR,תיכון במעלה אדר,,2|3,חמד,public,Israel,,,,,30,urban,32.0692038614676,34.8987799337692,official_emis,exact,open
ISR_002963,247049,ISR,תיכון בפטיסטי,,2|3,ממ,public,Israel,,,,,30,urban,32.7036259566542,35.3005166327029,official_emis,exact,open
ISR_002964,644617,ISR,תיכון ברנקו וייס מיתרי,,2|3,ממ,public,Israel,,,,,23,urban,31.3273901043719,34.9413595887253,official_emis,exact,open
ISR_002965,440099,ISR,תיכון ברנר,,3,ממ,public,Israel,,,,,30,urban,32.079813916165,34.9008206200634,official_emis,exact,open
ISR_002966,338541,ISR,תיכון גבעול,,3,ממ,public,Israel,,,,,30,urban,32.4340968563755,34.8840933164438,official_emis,exact,open
ISR_002967,140871,ISR,תיכון גבעת גונן,,2|3,ממ,public,Israel,,,,,30,urban,31.7543295058369,35.1931434092566,official_emis,exact,open
ISR_002968,440560,ISR,תיכון גבעת ושינגטון,,2|3,חמד,public,Israel,,,,,21,peri_urban,31.8170860078714,34.7268878096769,official_emis,exact,open
ISR_002969,800128,ISR,תיכון דבוריה,,2|3,ממ,public,Israel,,,,,23,urban,32.6924201277945,35.3746807177498,official_emis,exact,open
ISR_002970,440016,ISR,תיכון דה שליט,,2|3,ממ,public,Israel,,,,,30,urban,31.8990579582468,34.8158111793488,official_emis,exact,open
ISR_002971,248302,ISR,תיכון דיר אל-אסד,,2|3,ממ,public,Israel,,,,,23,urban,32.9341157746591,35.2585721276993,official_emis,exact,open
ISR_002972,499699,ISR,תיכון דמוקרטי ק.אונו,,3,ממ,public,Israel,,,,,30,urban,32.0615089159116,34.8525920528108,official_emis,exact,open
ISR_002973,338426,ISR,תיכון דמוקרטי קשת,,2|3,ממ,public,Israel,,,,,23,urban,32.5644877126114,34.9511096016182,official_emis,exact,open
ISR_002974,170043,ISR,תיכון דרור,,2|3,חמד,public,Israel,,,,,30,urban,31.7547178078481,35.2040569281225,official_emis,exact,open
ISR_002975,441378,ISR,תיכון דתי איתן חדש,,2|3,חמד,public,Israel,,,,,23,urban,31.9228164933951,34.8612524796301,official_emis,exact,open
ISR_002976,520676,ISR,תיכון דתי באר טוביה,,2|3,חמד,public,Israel,,,,,21,peri_urban,31.7266204360047,34.7309926220164,official_emis,exact,open
ISR_002977,440495,ISR,תיכון דתי עתיד,,2|3,חמד,public,Israel,,,,,30,urban,32.0955080336082,34.9468828573162,official_emis,exact,open
ISR_002978,248021,ISR,תיכון הגליל,,3,ממ,public,Israel,,,,,30,urban,32.6967845045033,35.2971181134072,official_emis,exact,open
ISR_002979,441006,ISR,תיכון הדרים,,3,ממ,public,Israel,,,,,30,urban,32.1437029133074,34.8921614726987,official_emis,exact,open
ISR_002980,470401,ISR,תיכון המכללה למנהל,,3,ממ,public,Israel,,,,,,,,,official_emis,unknown,open
ISR_002981,444257,ISR,תיכון המעיין מקיף יב,,2|3,ממ,public,Israel,,,,,30,urban,31.9816370173104,34.8013490731686,official_emis,exact,open
ISR_002982,571158,ISR,תיכון המר דרכא,,2|3,חמד,public,Israel,,,,,30,urban,32.0165633806875,34.7405154117671,official_emis,exact,open
ISR_002983,144501,ISR,תיכון הראל,,3,ממ,public,Israel,,,,,30,urban,31.7933571510691,35.1452320248291,official_emis,exact,open
ISR_002984,440941,ISR,תיכון הראל,,2|3,חמד,public,Israel,,,,,30,urban,32.1784946085133,34.9152532450328,official_emis,exact,open
ISR_002985,248088,ISR,תיכון השאם אבו רומי,,3,ממ,public,Israel,,,,,21,peri_urban,32.853198483494,35.1788505874991,official_emis,exact,open
ISR_002986,356212,ISR,תיכון זכרון יעקב,,2|3,ממ,public,Israel,,,,,21,peri_urban,32.5695669950812,34.9615313612993,official_emis,exact,open
ISR_002987,340281,ISR,תיכון חדרה,,2|3,ממ,public,Israel,,,,,30,urban,32.4391905113531,34.913307183263,official_emis,exact,open
ISR_002988,541268,ISR,תיכון חדש,,2|3,ממ,public,Israel,,,,,30,urban,32.0682169213439,34.8210385644447,official_emis,exact,open
ISR_002989,644781,ISR,תיכון חדש בנים,,2|3,חמד,public,Israel,,,,,21,peri_urban,31.4224161848512,34.5744559688717,official_emis,exact,open
ISR_002990,571224,ISR,תיכון חדש דרכא,,2|3,ממ,public,Israel,,,,,30,urban,32.0117408787458,34.7485623119936,official_emis,exact,open
ISR_002991,800003,ISR,תיכון חקלאי ימה,,2|3,ממ,public,Israel,,,,,23,urban,32.3693355839975,35.0334399549199,official_emis,exact,open
ISR_002992,541532,ISR,תיכון טומשין חולון,,3,ממ,public,Israel,,,,,30,urban,32.0080761454207,34.762889335921,official_emis,exact,open
ISR_002993,448233,ISR,תיכון טומשין קלנסווה,,3,ממ,public,Israel,,,,,23,urban,32.2922340511102,34.9760753755981,official_emis,exact,open
ISR_002994,248138,ISR,תיכון טורעאן,,3,ממ,public,Israel,,,,,23,urban,32.7771260591978,35.3750338739298,official_emis,exact,open
ISR_002995,378042,ISR,תיכון טכנולגי נעמת,,2|3,ממ,public,Israel,,,,,,,,,official_emis,unknown,open
ISR_002996,370262,ISR,תיכון טכנולוגי האופק,,3,ממ,public,Israel,,,,,21,peri_urban,32.5059385418259,34.9216905658756,official_emis,exact,open
ISR_002997,470534,ISR,תיכון טכנולוגי נעמת,,2|3,ממ,public,Israel,,,,,30,urban,32.0816577735271,34.8668458735419,official_emis,exact,open
ISR_002998,470526,ISR,תיכון טכנולוגי נעמת,,3,ממ,public,Israel,,,,,30,urban,32.1361589267411,34.9012169661919,official_emis,exact,open
ISR_002999,470849,ISR,תיכון טכנולוגי נעמת,,2|3,ממ,public,Israel,,,,,30,urban,31.8976288589353,34.8144324005501,official_emis,exact,open
ISR_003000,370486,ISR,תיכון טכנולוגי נעמת,,3,ממ,public,Israel,,,,,30,urban,32.4408765681961,34.925158504398,official_emis,exact,open
ISR_003001,470641,ISR,תיכון טכנולוגי נעמת,,2|3,ממ,public,Israel,,,,,23,urban,31.9402266887095,34.8768505005575,official_emis,exact,open
ISR_003002,470542,ISR,תיכון טכנולוגי נעמת,,2|3,ממ,public,Israel,,,,,30,urban,31.9491386745088,34.8197148251436,official_emis,exact,open
ISR_003003,570705,ISR,תיכון טכנולוגי נעמת,,2|3,ממ,public,Israel,,,,,30,urban,32.0406440687271,34.7563065986805,official_emis,exact,open
ISR_003004,570945,ISR,תיכון טכנולוגי נעמת,,2|3,ממ,public,Israel,,,,,30,urban,32.006331219254,34.7882447151364,official_emis,exact,open
ISR_003005,431171,ISR,תיכון טכנולוגי עמל 1,,2|3,ממ,public,Israel,,,,,,,,,official_emis,unknown,open
ISR_003006,547042,ISR,תיכון טרה סנטה יפו,,2|3,ממ,public,Israel,,,,,30,urban,32.0492864166193,34.7521138936791,official_emis,exact,open
ISR_003007,346494,ISR,תיכון יד ביד,,2|3,ממ,public,Israel,,,,,30,urban,31.7511734135699,35.1988431193604,official_emis,exact,open
ISR_003008,237354,ISR,תיכון יחד,,2|3,ממ,public,Israel,,,,,30,urban,31.9142693196632,35.0003697602823,official_emis,exact,open
ISR_003009,541979,ISR,תיכון יעדים,,2|3,חמד,public,Israel,,,,,30,urban,32.0260756980492,34.8619370881722,official_emis,exact,open
ISR_003010,370023,ISR,תיכון יעדים לחינוך,,2|3,ממ,public,Israel,,,,,30,urban,32.8227100505744,35.0830993423833,official_emis,exact,open
ISR_003011,248328,ISR,תיכון יפיע,,3,ממ,public,Israel,,,,,30,urban,32.6940911685115,35.2794347232556,official_emis,exact,open
ISR_003012,641316,ISR,תיכון ישיבתי נרייה,,2,חמד,public,Israel,,,,,23,urban,31.4302420649464,34.5925785723916,official_emis,exact,open
ISR_003013,249094,ISR,תיכון כאבול,,2|3,ממ,public,Israel,,,,,23,urban,32.8707478877577,35.1987408489267,official_emis,exact,open
ISR_003014,611475,ISR,תיכון כפר אדומים,,2|3,ממ,public,Israel,,,,,13,rural,31.8198092369311,35.3349632703903,official_emis,exact,open
ISR_003015,800094,ISR,תיכון כפר כנא,,2|3,ממ,public,Israel,,,,,12,rural,32.7553449153372,35.3340260005105,official_emis,exact,open
ISR_003016,249037,ISR,תיכון כפר מנדא,,3,ממ,public,Israel,,,,,23,urban,32.8145144998005,35.2613933826476,official_emis,exact,open
ISR_003017,440172,ISR,תיכון כצנלסון,,3,ממ,public,Israel,,,,,30,urban,32.1837540040869,34.9083229056992,official_emis,exact,open
ISR_003018,348193,ISR,תיכון כרמל,,2|3,ממ,public,Israel,,,,,30,urban,32.8199574681481,34.9931020390105,official_emis,exact,open
ISR_003019,140806,ISR,תיכון לאומנויות,,2|3,ממ,public,Israel,,,,,30,urban,31.7695792083767,35.2209470836361,official_emis,exact,open
ISR_003020,417204,ISR,תיכון להנדסה ולמדעים א,,2|3,ממ,public,Israel,,,,,23,urban,31.9509340855429,34.8779548161171,official_emis,exact,open
ISR_003021,770941,ISR,תיכון לחינוך סביבתי,,2|3,ממ,public,Israel,,,,,13,rural,30.8524833312109,34.7841224093978,official_emis,exact,open
ISR_003022,144329,ISR,תיכון מכבים רעות,,2|3,ממ,public,Israel,,,,,30,urban,31.8876348517163,35.0155750762136,official_emis,exact,open
ISR_003023,570051,ISR,תיכון מכללה שבח מופת,,2|3,ממ,public,Israel,,,,,30,urban,32.0419738135498,34.7678192048496,official_emis,exact,open
ISR_003024,374249,ISR,תיכון ממד זכרון יעקב,,2|3,חמד,public,Israel,,,,,21,peri_urban,32.5703417779645,34.9611672024857,official_emis,exact,open
ISR_003025,247817,ISR,תיכון מסעדה,,3,ממ,public,Israel,,,,,13,rural,33.2289268985238,35.7543950262116,official_emis,exact,open
ISR_003026,348318,ISR,תיכון מעלה עירון,,2|3,ממ,public,Israel,,,,,21,peri_urban,32.5437415942178,35.1988151099194,official_emis,exact,open
ISR_003027,640227,ISR,תיכון מקיף אורט ערד,,2|3,ממ,public,Israel,,,,,23,urban,31.261837769936,35.2140968239355,official_emis,exact,open
ISR_003028,440412,ISR,תיכון מקיף אלראזי,,2|3,ממ,public,Israel,,,,,30,urban,31.8100969862562,35.2328248134203,official_emis,exact,open
ISR_003029,440057,ISR,תיכון מקיף דתי לוד,,2|3,חמד,public,Israel,,,,,,,,,official_emis,unknown,open
ISR_003030,540534,ISR,תיכון מקיף רמת גן,,2|3,ממ,public,Israel,,,,,30,urban,32.0648865441158,34.8322143966323,official_emis,exact,open
ISR_003031,247106,ISR,תיכון מר אליאס,,2|3,ממ,public,Israel,,,,,30,urban,32.8173852256735,35.1925294021952,official_emis,exact,open
ISR_003032,371112,ISR,תיכון מראח אלגוזלאן,,2|3,ממ,public,Israel,,,,,30,urban,32.6777535600854,35.2769048796216,official_emis,approximate,open
ISR_003033,248641,ISR,תיכון נחף,,2|3,ממ,public,Israel,,,,,23,urban,32.930146064254,35.3163923061504,official_emis,exact,open
ISR_003034,648030,ISR,תיכון סלמאן אלהוזייל,,2|3,ממ,public,Israel,,,,,12,rural,31.4072787150505,34.750532453573,official_emis,exact,open
ISR_003035,249318,ISR,תיכון סלמאן חטיב,,2|3,ממ,public,Israel,,,,,12,rural,33.2724455375901,35.6230758618764,official_emis,exact,open
ISR_003036,548040,ISR,תיכון סנט מיכאל,,2|3,ממ,public,Israel,,,,,30,urban,32.0507205855111,34.7522021333724,official_emis,exact,open
ISR_003037,384016,ISR,תיכון עיוני עתיד,,2|3,ממ,public,Israel,,,,,23,urban,32.5033350343603,35.0396991454329,official_emis,exact,open
ISR_003038,800102,ISR,תיכון ערערה למדע וטכ,,3,ממ,public,Israel,,,,,23,urban,32.4994911804685,35.0855147289309,official_emis,exact,open
ISR_003039,378018,ISR,תיכון עש אחמד ע.יחיא,,3,ממ,public,Israel,,,,,23,urban,32.5124269420121,35.0639363701374,official_emis,exact,open
ISR_003040,540286,ISR,תיכון עש יצחק בן צבי,,3,ממ,public,Israel,,,,,30,urban,32.0546791825807,34.8613222827547,official_emis,exact,open
ISR_003041,344440,ISR,תיכון עתידים,,2|3,ממ,public,Israel,,,,,21,peri_urban,32.5014830030386,34.9172885073059,official_emis,exact,open
ISR_003042,247098,ISR,תיכון פה הזהב,,2|3,ממ,public,Israel,,,,,13,rural,33.0263733539145,35.4439939939156,official_emis,exact,open
ISR_003043,340604,ISR,תיכון פרוייקט 100,,3,ממ,public,Israel,,,,,30,urban,32.7902810181278,35.0333753093907,official_emis,exact,open
ISR_003044,340612,ISR,תיכון פרוייקט 100,,3,ממ,public,Israel,,,,,30,urban,32.7927586784936,35.0385802385421,official_emis,exact,open
ISR_003045,548024,ISR,תיכון פרר,,1|2|3,ממ,public,Israel,,,,,30,urban,32.0522555731552,34.7527451882954,official_emis,exact,open
ISR_003046,198192,ISR,תיכון צור באהר,,2|3,ממ,public,Israel,,,,,30,urban,31.7383655513182,35.2253843220982,official_emis,exact,open
ISR_003047,460584,ISR,תיכון צור באהר לבנות,,3,ממ,public,Israel,,,,,30,urban,31.7376976155012,35.2285922161574,official_emis,exact,open
ISR_003048,342352,ISR,תיכון קטאין אלשומר,,2|3,ממ,public,Israel,,,,,30,urban,32.5109186952808,35.1376674332832,official_emis,exact,open
ISR_003049,540187,ISR,תיכון ראשית עירוני ח,,2|3,חמד,public,Israel,,,,,30,urban,32.0567744861181,34.787211694093,official_emis,exact,open
ISR_003050,460006,ISR,תיכון רנסנס,,2|3,ממ,public,Israel,,,,,30,urban,31.829767693881,35.2245175475807,official_emis,approximate,open
ISR_003051,442343,ISR,תיכון שובו פתח תקווה,,2|3,חמד,public,Israel,,,,,30,urban,32.0837939396533,34.89836064094,official_emis,exact,open
ISR_003052,441337,ISR,תיכון שוהם,,3,ממ,public,Israel,,,,,23,urban,31.9990363963943,34.9440946127403,official_emis,exact,open
ISR_003053,148155,ISR,תיכון שועפט,,2|3,ממ,public,Israel,,,,,30,urban,31.8100969862562,35.2328248134203,official_emis,exact,open
ISR_003054,247882,ISR,תיכון שיבלי,,2|3,ממ,public,Israel,,,,,21,peri_urban,32.6923935548735,35.3932566559097,official_emis,exact,open
ISR_003055,540591,ISR,תיכון שמעון בן צבי,,2|3,ממ,public,Israel,,,,,30,urban,32.0646283661513,34.8123908892685,official_emis,exact,open
ISR_003056,462200,ISR,תיכון שקד,,2|3,ממ,public,Israel,,,,,21,peri_urban,32.7119404053357,35.1093811671999,official_emis,exact,open
ISR_003057,456913,ISR,תיכון שש שנתי,,2|3,ממ,public,Israel,,,,,23,urban,31.9118139519149,34.8747415821474,official_emis,exact,open
ISR_003058,460097,ISR,תיכון תורני דרך אבות,,2|3,חמד,public,Israel,,,,,21,peri_urban,31.6523007738712,35.1509939370375,official_emis,exact,open
ISR_003059,160457,ISR,תיכון תורני עש אמתי,,3,חמד,public,Israel,,,,,30,urban,31.8016029956338,35.2258420424797,official_emis,exact,open
ISR_003060,640839,ISR,תיכון תל אביב,,3,ממ,public,Israel,,,,,,,,,official_emis,unknown,open
ISR_003061,141994,ISR,תיכון תל אביב,,3,ממ,public,Israel,,,,,,,,,official_emis,unknown,open
ISR_003062,670299,ISR,תיכון תלם,,2|3,ממ,public,Israel,,,,,,,,,official_emis,unknown,open
ISR_003063,540021,ISR,תיכון תלמה ילין,,2|3,ממ,public,Israel,,,,,30,urban,32.0780335607359,34.8023246348488,official_emis,exact,open
ISR_003064,860353,ISR,תיכון תמר,,2|3,חמד,public,Israel,,,,,12,rural,32.8547912538113,35.7516159717212,official_emis,exact,open
ISR_003065,219071,ISR,תינאל בית ספר יסודי כפ,,1,ממ,public,Israel,,,,,13,rural,32.7239493516167,35.4384779741307,official_emis,exact,open
ISR_003066,248799,ISR,תכון אורית ליד מכללה,,3,ממ,public,Israel,,,,,,,,,official_emis,unknown,open
ISR_003067,460485,ISR,תכון אלגבל אלנמודגיה,,2|3,ממ,public,Israel,,,,,,,,,official_emis,unknown,open
ISR_003068,660175,ISR,תכון ברנקו וייס-אילת,,3,ממ,public,Israel,,,,,23,urban,29.5641142620998,34.9499858123458,official_emis,exact,open
ISR_003069,344382,ISR,תכון חדרה בית-אליעזר,,2|3,ממ,public,Israel,,,,,23,urban,32.4292995722478,34.9514458383005,official_emis,exact,open
ISR_003070,140061,ISR,תכון ליד האוניברסיטה,,2|3,ממ,public,Israel,,,,,30,urban,31.7802669167539,35.1968353984541,official_emis,exact,open
ISR_003071,618132,ISR,תל אלמלח,,1,ממ,public,Israel,,,,,22,urban,31.2461641182743,35.0880490329345,official_emis,exact,open
ISR_003072,310789,ISR,תל חי,,1,ממ,public,Israel,,,,,30,urban,32.7867909343773,35.0203053046407,official_emis,exact,open
ISR_003073,513044,ISR,תל חי,,1,ממ,public,Israel,,,,,30,urban,32.0529955499044,34.80960273891,official_emis,exact,open
ISR_003074,212100,ISR,תל חי-קרית שמונה,,1,ממ,public,Israel,,,,,21,peri_urban,33.1983680197664,35.5654331501064,official_emis,exact,open
ISR_003075,618173,ISR,תל כסיף,,1,ממ,public,Israel,,,,,11,rural,31.2328133555661,35.0855043290784,official_emis,exact,open
ISR_003076,511725,ISR,תל-נורדוי,,1,ממ,public,Israel,,,,,30,urban,32.0788935517246,34.7705246964493,official_emis,exact,open
ISR_003077,618116,ISR,תל-ערד,,1|2,ממ,public,Israel,,,,,12,rural,31.2960225913029,35.1240138971441,official_emis,exact,open
ISR_003078,111682,ISR,תלי בית וגן,,1,ממ,public,Israel,,,,,30,urban,31.7572040389708,35.1774583453274,official_emis,exact,open
ISR_003079,448357,ISR,תלמוד תורה גולני,,1|2,חמד,public,Israel,,,,,12,rural,32.8400835206094,35.7917184321342,official_emis,exact,open
ISR_003080,442491,ISR,תלמים,,1,ממ,public,Israel,,,,,21,peri_urban,31.94203612935,34.8456343769025,official_emis,exact,open
ISR_003081,312272,ISR,תלפיות,,1|2,חמד,public,Israel,,,,,,,,,official_emis,unknown,open
ISR_003082,112136,ISR,תלפיות מזרח ממלכתי ב,,1,ממ,public,Israel,,,,,30,urban,31.7460211193258,35.2314966421958,official_emis,exact,open
ISR_003083,112607,ISR,תקוע,,1|2,חמד,public,Israel,,,,,21,peri_urban,31.6510295040928,35.226218766242,official_emis,exact,open
ISR_003084,413450,ISR,תרבות,,1,ממ,public,Israel,,,,,30,urban,31.9704029386109,34.807851492582,official_emis,exact,open
ISR_003085,618637,ISR,תרבין-יסודי,,1|2,ממ,public,Israel,,,,,13,rural,31.3452014121945,34.7378948224768,official_emis,exact,open
