geo_id,source_id,lby_reliable
LBY_000001,BI-053,Reliable
LBY_000002,DA-046,Reliable
LBY_000003,MU-254,Reliable
LBY_000004,TR-018,Reliable
LBY_000005,BI-158,Reliable
LBY_000006,KU-169,Reliable
LBY_000007,TR-549,Reliable
LBY_000008,MU-040,Reliable
LBY_000009,KU-190,Reliable
LBY_000010,WM-250,Reliable
LBY_000011,MI-539,Reliable
LBY_000012,WM-167,Reliable
LBY_000013,WM-380,Reliable
LBY_000014,KU-261,Reliable
LBY_000015,MO-056,Reliable
LBY_000016,NA-029,Reliable
LBY_000017,MI-224,Reliable
LBY_000018,ZA-036,Reliable
LBY_000019,JU-001,Reliable
LBY_000020,WM-054,Reliable
LBY_000021,NA-027,Reliable
LBY_000022,NA-030,Reliable
LBY_000023,NA-032,Reliable
LBY_000024,TU-002,Reliable
LBY_000025,BI-078,Reliable
LBY_000026,AJ-050,Reliable
LBY_000027,BI-077,Reliable
LBY_000028,SA-051,Reliable
LBY_000029,JA-333,Reliable
LBY_000030,DA-134,Reliable
LBY_000031,TR-459,Reliable
LBY_000032,TR-392,Reliable
LBY_000033,KO-046,Reliable
LBY_000034,KO-016,Reliable
LBY_000035,MU-312,Reliable
LBY_000036,MI-153,Reliable
LBY_000037,WM-011,Reliable
LBY_000038,WM-059,Reliable
LBY_000039,SA-087,Reliable
LBY_000040,MU-386,Reliable
LBY_000041,KU-170,Reliable
LBY_000042,MI-023,Reliable
LBY_000043,TR-138,Reliable
LBY_000044,MU-129,Reliable
LBY_000045,SA-019,Reliable
LBY_000046,WM-374,Reliable
LBY_000047,BI-207,Reliable
LBY_000048,WS-018,Reliable
LBY_000049,BI-496,Reliable
LBY_000050,TR-005,Reliable
LBY_000051,WM-026,Reliable
LBY_000052,NA-059,Reliable
LBY_000053,TR-460,Reliable
LBY_000054,NA-058,Reliable
LBY_000055,MA-130,Reliable
LBY_000056,MU-112,Reliable
LBY_000057,MA-058,Reliable
LBY_000058,MU-194,Reliable
LBY_000059,MU-244,Reliable
LBY_000060,TR-519,Reliable
LBY_000061,KO-020,Reliable
LBY_000062,JA-203,Reliable
LBY_000063,KU-112,Reliable
LBY_000064,WM-275,Reliable
LBY_000065,TR-377,Reliable
LBY_000066,MI-503,Reliable
LBY_000067,BI-489,Reliable
LBY_000068,BI-186,Reliable
LBY_000069,TU-082,Reliable
LBY_000070,MI-456,Reliable
LBY_000071,SI-113,Reliable
LBY_000072,MI-035,Reliable
LBY_000073,JA-215,Reliable
LBY_000074,TR-507,Reliable
LBY_000075,TR-172,Reliable
LBY_000076,MI-325,Reliable
LBY_000077,WA-027,Reliable
LBY_000078,MI-199,Reliable
LBY_000079,TR-456,Reliable
LBY_000080,MU-319,Reliable
LBY_000081,SI-002,Reliable
LBY_000082,MA-129,Reliable
LBY_000083,GM-088,Reliable
LBY_000084,SA-040,Reliable
LBY_000085,JA-073,Reliable
LBY_000086,MI-489,Reliable
LBY_000087,ZA-230,Reliable
LBY_000088,TR-020,Reliable
LBY_000089,BI-194,Reliable
LBY_000090,NA-075,Reliable
LBY_000091,BI-103,Reliable
LBY_000092,GM-089,Reliable
LBY_000093,AJ-033,Reliable
LBY_000094,JU-015,Reliable
LBY_000095,JU-014,Reliable
LBY_000096,GM-058,Reliable
LBY_000097,JA-109,Reliable
LBY_000098,TR-297,Reliable
LBY_000099,ZA-069,Reliable
LBY_000100,GM-160,Reliable
LBY_000101,JA-318,Reliable
LBY_000102,MI-171,Reliable
LBY_000103,ZA-130,Reliable
LBY_000104,KU-060,Reliable
LBY_000105,KU-079,Reliable
LBY_000106,JA-206,Reliable
LBY_000107,JA-316,Reliable
LBY_000108,ZA-175,Unrelaible
LBY_000109,TR-367,Reliable
LBY_000110,GM-159,Reliable
LBY_000111,WS-006,Unrelaible
LBY_000112,WA-009,Reliable
LBY_000113,KU-061,Reliable
LBY_000114,TR-287,Reliable
LBY_000115,MI-453,Reliable
LBY_000116,GM-204,Reliable
LBY_000117,GM-033,Reliable
LBY_000118,MI-502,Reliable
LBY_000119,MI-270,Reliable
LBY_000120,JA-135,Reliable
LBY_000121,MU-149,Reliable
LBY_000122,GM-148,Reliable
LBY_000123,NA-039,Reliable
LBY_000124,TR-273,Reliable
LBY_000125,WM-385,Reliable
LBY_000126,NA-040,Reliable
LBY_000127,ZA-065,Reliable
LBY_000128,TR-168,Reliable
LBY_000129,MI-336,Reliable
LBY_000130,JA-125,Reliable
LBY_000131,ZA-099,Reliable
LBY_000132,MI-243,Reliable
LBY_000133,WM-357,Reliable
LBY_000134,MU-010,Reliable
LBY_000135,ZA-100,Reliable
LBY_000136,TR-060,Unrelaible
LBY_000137,GM-164,Reliable
LBY_000138,MI-446,Reliable
LBY_000139,TR-487,Reliable
LBY_000140,WM-055,Reliable
LBY_000141,TR-289,Reliable
LBY_000142,WM-175,Reliable
LBY_000143,WM-354,Reliable
LBY_000144,JA-084,Reliable
LBY_000145,BI-216,Reliable
LBY_000146,WM-340,Reliable
LBY_000147,TR-412,Reliable
LBY_000148,WM-356,Reliable
LBY_000149,DA-027,Reliable
LBY_000150,MA-076,Reliable
LBY_000151,WA-025,Reliable
LBY_000152,MU-253,Reliable
LBY_000153,MU-251,Reliable
LBY_000154,TR-486,Reliable
LBY_000155,SI-017,Reliable
LBY_000156,MU-027,Reliable
LBY_000157,ZA-097,Reliable
LBY_000158,MI-351,Reliable
LBY_000159,ZA-098,Reliable
LBY_000160,JA-088,Reliable
LBY_000161,TR-041,Reliable
LBY_000162,JA-335,Reliable
LBY_000163,MI-207,Reliable
LBY_000164,SI-001,Reliable
LBY_000165,ZA-184,Reliable
LBY_000166,BI-054,Reliable
LBY_000167,MU-145,Reliable
LBY_000168,SI-069,Reliable
LBY_000169,MI-046,Reliable
LBY_000170,KU-273,Reliable
LBY_000171,MU-119,Reliable
LBY_000172,GM-063,Reliable
LBY_000173,MU-388,Reliable
LBY_000174,MI-352,Reliable
LBY_000175,WM-046,Reliable
LBY_000176,WM-404,Reliable
LBY_000177,MI-274,Reliable
LBY_000178,WM-031,Reliable
LBY_000179,TR-009,Reliable
LBY_000180,WM-032,Reliable
LBY_000181,JA-336,Reliable
LBY_000182,MI-104,Reliable
LBY_000183,JU-038,Reliable
LBY_000184,MI-509,Reliable
LBY_000185,KU-113,Reliable
LBY_000186,ZA-003,Reliable
LBY_000187,WM-101,Reliable
LBY_000188,MI-329,Reliable
LBY_000189,JU-002,Reliable
LBY_000190,JU-055,Reliable
LBY_000191,MI-301,Reliable
LBY_000192,WM-240,Reliable
LBY_000193,WM-241,Reliable
LBY_000194,WS-052,Reliable
LBY_000195,AJ-028,Reliable
LBY_000196,GM-103,Reliable
LBY_000197,JA-269,Reliable
LBY_000198,NA-117,Reliable
LBY_000199,MU-369,Reliable
LBY_000200,MI-302,Reliable
LBY_000201,KU-031,Unrelaible
LBY_000202,WM-092,Reliable
LBY_000203,MI-477,Reliable
LBY_000204,WS-047,Reliable
LBY_000205,ZA-004,Reliable
LBY_000206,MI-217,Reliable
LBY_000207,MI-072,Reliable
LBY_000208,WA-034,Reliable
LBY_000209,WM-048,Reliable
LBY_000210,DA-099,Reliable
LBY_000211,TR-058,Reliable
LBY_000212,KO-029,Reliable
LBY_000213,SI-101,Reliable
LBY_000214,MI-173,Reliable
LBY_000215,ZA-186,Reliable
LBY_000216,JA-253,Reliable
LBY_000217,ZA-145,Reliable
LBY_000218,NA-072,Reliable
LBY_000219,SI-100,Reliable
LBY_000220,TR-235,Reliable
LBY_000221,SI-106,Reliable
LBY_000222,SI-105,Reliable
LBY_000223,MU-167,Reliable
LBY_000224,WA-036,Reliable
LBY_000225,WM-122,Reliable
LBY_000226,WM-302,Unrelaible
LBY_000227,BI-116,Reliable
LBY_000228,MU-321,Reliable
LBY_000229,JA-177,Reliable
LBY_000230,KU-058,Reliable
LBY_000231,JA-334,Reliable
LBY_000232,MU-133,Reliable
LBY_000233,MU-224,Reliable
LBY_000234,ZA-002,Reliable
LBY_000235,MI-092,Reliable
LBY_000236,SI-036,Reliable
LBY_000237,GM-065,Reliable
LBY_000238,GA-003,Reliable
LBY_000239,JA-205,Reliable
LBY_000240,JA-219,Reliable
LBY_000241,BI-125,Reliable
LBY_000242,WH-024,Reliable
LBY_000243,WM-242,Reliable
LBY_000244,KU-195,Reliable
LBY_000245,MI-236,Reliable
LBY_000246,WM-096,Reliable
LBY_000247,MA-026,Reliable
LBY_000248,NA-008,Reliable
LBY_000249,NA-036,Reliable
LBY_000250,MU-016,Reliable
LBY_000251,JA-138,Reliable
LBY_000252,MI-222,Reliable
LBY_000253,MI-241,Reliable
LBY_000254,JA-048,Reliable
LBY_000255,TR-411,Reliable
LBY_000256,JA-262,Reliable
LBY_000257,GA-012,Reliable
LBY_000258,WM-081,Reliable
LBY_000259,MI-330,Reliable
LBY_000260,TR-157,Reliable
LBY_000261,MI-033,Reliable
LBY_000262,SI-075,Reliable
LBY_000263,SI-005,Reliable
LBY_000264,BI-145,Reliable
LBY_000265,MO-003,Reliable
LBY_000266,AJ-027,Reliable
LBY_000267,MI-099,Reliable
LBY_000268,GM-131,Reliable
LBY_000269,KU-275,Reliable
LBY_000270,MI-175,Reliable
LBY_000271,TR-315,Reliable
LBY_000272,BI-450,Reliable
LBY_000272,BI-450,Reliable
LBY_000273,BI-019,Reliable
LBY_000274,JA-077,Reliable
LBY_000275,MU-364,Reliable
LBY_000276,KU-136,Reliable
LBY_000277,MO-094,Reliable
LBY_000278,MO-033,Reliable
LBY_000279,MO-034,Reliable
LBY_000280,NA-055,Reliable
LBY_000281,BI-205,Reliable
LBY_000282,BI-494,Reliable
LBY_000283,GM-072,Reliable
LBY_000284,GM-112,Reliable
LBY_000285,TR-163,Reliable
LBY_000286,MI-303,Reliable
LBY_000287,TR-568,Reliable
LBY_000288,TR-160,Reliable
LBY_000289,MI-230,Reliable
LBY_000290,GM-196,Reliable
LBY_000291,JU-023,Reliable
LBY_000292,JU-059,Reliable
LBY_000293,MI-026,Reliable
LBY_000294,GM-022,Reliable
LBY_000295,DA-182,Reliable
LBY_000296,DA-088,Reliable
LBY_000297,MI-438,Reliable
LBY_000298,BI-072,Reliable
LBY_000299,MU-118,Reliable
LBY_000300,JU-020,Reliable
LBY_000301,MI-447,Reliable
LBY_000302,MI-454,Reliable
LBY_000303,MI-455,Reliable
LBY_000304,WA-024,Reliable
LBY_000305,MU-135,Reliable
LBY_000306,MI-197,Reliable
LBY_000307,KU-068,Reliable
LBY_000308,ZA-005,Reliable
LBY_000309,WM-192,Reliable
LBY_000310,TR-156,Reliable
LBY_000311,MI-135,Reliable
LBY_000312,TR-255,Reliable
LBY_000313,MI-470,Reliable
LBY_000314,WM-303,Reliable
LBY_000315,TR-250,Reliable
LBY_000316,JU-026,Reliable
LBY_000317,GA-010,Reliable
LBY_000318,MU-259,Reliable
LBY_000319,TR-159,Reliable
LBY_000320,GM-198,Reliable
LBY_000321,GM-024,Reliable
LBY_000322,DA-143,Reliable
LBY_000323,WM-381,Reliable
LBY_000324,DA-024,Reliable
LBY_000325,BI-163,Unrelaible
LBY_000326,KU-269,Reliable
LBY_000327,SA-012,Reliable
LBY_000328,AJ-020,Reliable
LBY_000329,WS-057,Reliable
LBY_000330,WM-002,Reliable
LBY_000331,MI-278,Reliable
LBY_000332,WA-007,Reliable
LBY_000333,WA-035,Reliable
LBY_000334,MU-387,Reliable
LBY_000335,JA-082,Reliable
LBY_000336,GM-044,Reliable
LBY_000337,MU-015,Reliable
LBY_000338,TR-469,Reliable
LBY_000339,WH-029,Reliable
LBY_000340,GM-192,Reliable
LBY_000341,GM-032,Reliable
LBY_000342,SA-0076,Reliable
LBY_000343,SA-001,Reliable
LBY_000344,GM-203,Reliable
LBY_000345,MA-205,Reliable
LBY_000346,MA-062,Reliable
LBY_000347,GA-016,Reliable
LBY_000348,MU-413,Reliable
LBY_000349,ZA-017,Reliable
LBY_000350,GM-017,Reliable
LBY_000351,KU-004,Reliable
LBY_000352,TR-258,Reliable
LBY_000353,DA-011,Reliable
LBY_000354,DA-136,Reliable
LBY_000355,WS-032,Reliable
LBY_000356,JA-268,Reliable
LBY_000357,JA-220,Reliable
LBY_000358,WM-077,Reliable
LBY_000359,MI-437,Reliable
LBY_000360,MI-126,Reliable
LBY_000361,MI-484,Reliable
LBY_000362,GM-113,Reliable
LBY_000363,MI-097,Reliable
LBY_000364,BI-157,Reliable
LBY_000365,BI-482,Reliable
LBY_000366,MI-120,Reliable
LBY_000367,MO-097,Reliable
LBY_000368,MO-039,Reliable
LBY_000369,BI-122,Reliable
LBY_000370,MU-389,Reliable
LBY_000371,MU-054,Reliable
LBY_000372,MU-136,Reliable
LBY_000373,ZA-032,Reliable
LBY_000374,JU-044,Reliable
LBY_000375,MI-304,Reliable
LBY_000376,ZA-202,Reliable
LBY_000377,KO-026,Reliable
LBY_000378,KU-214,Reliable
LBY_000379,WM-006,Reliable
LBY_000380,NA-005,Reliable
LBY_000381,SI-024,Reliable
LBY_000382,TR-537,Reliable
LBY_000383,BI-030,Reliable
LBY_000384,TR-062,Reliable
LBY_000385,WM-105,Reliable
LBY_000386,WS-037,Reliable
LBY_000387,WH-003,Reliable
LBY_000388,TR-236,Reliable
LBY_000389,MA-089,Reliable
LBY_000390,KO-008,Unrelaible
LBY_000391,KU-005,Reliable
LBY_000392,MI-349,Reliable
LBY_000393,MU-220,Reliable
LBY_000394,TR-025,Reliable
LBY_000395,MA-090,Reliable
LBY_000396,WA-022,Reliable
LBY_000397,KO-024,Reliable
LBY_000398,TR-538,Reliable
LBY_000399,WM-128,Reliable
LBY_000400,ZA-033,Reliable
LBY_000401,MI-148,Reliable
LBY_000402,MU-218,Reliable
LBY_000403,MU-114,Reliable
LBY_000404,WH-001,Reliable
LBY_000405,MU-009,Reliable
LBY_000406,KO-045,Reliable
LBY_000407,KO-011,Reliable
LBY_000408,MI-146,Reliable
LBY_000409,MI-121,Reliable
LBY_000410,KU-141,Reliable
LBY_000411,GM-055,Reliable
LBY_000412,GM-218,Reliable
LBY_000413,JA-004,Reliable
LBY_000414,KU-157,Reliable
LBY_000415,WH-058,Reliable
LBY_000416,MU-414,Reliable
LBY_000417,KU-125,Reliable
LBY_000418,MU-131,Reliable
LBY_000419,MI-075,Reliable
LBY_000420,TR-173,Reliable
LBY_000421,SA-085,Reliable
LBY_000422,SA-015,Reliable
LBY_000423,GM-128,Reliable
LBY_000424,WH-002,Reliable
LBY_000425,KO-004,Reliable
LBY_000426,WS-012,Reliable
LBY_000427,MA-139,Reliable
LBY_000428,JA-289,Reliable
LBY_000429,NA-042,Reliable
LBY_000430,SI-026,Unrelaible
LBY_000431,MI-350,Reliable
LBY_000432,BI-024,Reliable
LBY_000433,MU-385,Reliable
LBY_000434,MU-219,Reliable
LBY_000435,MI-548,Reliable
LBY_000436,MU-420,Unrelaible
LBY_000437,TR-354,Reliable
LBY_000438,TR-010,Reliable
LBY_000439,WM-129,Reliable
LBY_000440,NA-041,Reliable
LBY_000441,BI-225,Reliable
LBY_000442,BI-159,Reliable
LBY_000443,BI-483,Unrelaible
LBY_000444,JA-173,Reliable
LBY_000445,bi-513,Reliable
LBY_000446,BI-021,Reliable
LBY_000447,MA-227,Unrelaible
LBY_000448,WS-007,Reliable
LBY_000449,MU-007,Reliable
LBY_000450,BI-160,Reliable
LBY_000451,MA-008,Reliable
LBY_000452,ZA-226,Unrelaible
LBY_000453,TR-539,Reliable
LBY_000454,TR-259,Reliable
LBY_000455,MU-113,Reliable
LBY_000456,TR-002,Reliable
LBY_000457,DA-030,Reliable
LBY_000458,MU-065,Reliable
LBY_000459,TU-016,Reliable
LBY_000460,DA-028,Reliable
LBY_000461,DA-144,Reliable
LBY_000462,MA-060,Reliable
LBY_000463,TR-540,Reliable
LBY_000464,KO-031,Reliable
LBY_000465,WM-004,Reliable
LBY_000466,MI-420,Reliable
LBY_000467,WH-044,Reliable
LBY_000468,MU-074,Reliable
LBY_000469,MO-038,Reliable
LBY_000470,MO-121,Reliable
LBY_000471,TU-015,Reliable
LBY_000472,DA-029,Reliable
LBY_000473,NA-091,Reliable
LBY_000474,JA-295,Reliable
LBY_000475,MU-393,Unrelaible
LBY_000476,MI-320,Reliable
LBY_000477,KU-028,Reliable
LBY_000478,BI-023,Reliable
LBY_000479,BI-452,Reliable
LBY_000480,BI-518,Reliable
LBY_000481,JU-042,Reliable
LBY_000482,TR-155,Reliable
LBY_000483,MA-121,Reliable
LBY_000484,JU-041,Reliable
LBY_000485,JU-065,Reliable
LBY_000486,JA-001,Reliable
LBY_000487,WM-156,Reliable
LBY_000488,MA-119,Reliable
LBY_000489,WM-005,Reliable
LBY_000490,JU-067,Reliable
LBY_000491,JU-043,Reliable
LBY_000492,JU-066,Reliable
LBY_000493,TR-563,Reliable
LBY_000494,MI-308,Reliable
LBY_000495,BI-038,Reliable
LBY_000496,JA-003,Reliable
LBY_000497,KU-007,Reliable
LBY_000498,TR-151,Reliable
LBY_000499,BI-025,Reliable
LBY_000500,KO-007,Reliable
LBY_000501,KU-246,Reliable
LBY_000502,TR-278,Reliable
LBY_000503,MI-096,Reliable
LBY_000504,KU-142,Reliable
LBY_000505,AJ-013,Reliable
LBY_000506,MI-487,Reliable
LBY_000507,TR-015,Reliable
LBY_000508,KU-253,Reliable
LBY_000509,KO-001,Reliable
LBY_000510,MU-082,Reliable
LBY_000511,BI-036,Reliable
LBY_000512,NA-060,Reliable
LBY_000513,KO-010,Reliable
LBY_000514,TR-536,Reliable
LBY_000515,JA-287,Reliable
LBY_000516,MI-206,Reliable
LBY_000517,MU-125,Reliable
LBY_000518,WM-174,Reliable
LBY_000519,WM-086,Reliable
LBY_000520,MI-032,Reliable
LBY_000521,JA-104,Reliable
LBY_000522,ZA-081,Reliable
LBY_000523,DA-091,Reliable
LBY_000524,MI-427,Reliable
LBY_000525,WH-047,Reliable
LBY_000526,MI-076,Reliable
LBY_000527,MI-221,Reliable
LBY_000528,MI-140,Reliable
LBY_000529,MI-141,Reliable
LBY_000530,JU-057,Reliable
LBY_000531,JU-021,Reliable
LBY_000532,KU-102,Reliable
LBY_000533,BI-039,Reliable
LBY_000534,MI-444,Reliable
LBY_000535,BI-458,Reliable
LBY_000536,KU-115,Reliable
LBY_000537,DA-054,Reliable
LBY_000538,TR-386,Reliable
LBY_000539,NA-118,Reliable
LBY_000540,KU-260,Reliable
LBY_000541,MI-161,Reliable
LBY_000542,MU-126,Reliable
LBY_000543,MI-439,Reliable
LBY_000544,BI-214,Reliable
LBY_000545,MI-379,Reliable
LBY_000546,KU-248,Reliable
LBY_000547,KU-247,Reliable
LBY_000548,KU-023,Reliable
LBY_000549,TR-357,Reliable
LBY_000550,MI-273,Reliable
LBY_000551,BI-018,Reliable
LBY_000552,ZA-103,Reliable
LBY_000553,DA-045,Reliable
LBY_000554,DA-155,Reliable
LBY_000555,BI-520,Reliable
LBY_000556,KU-274,Reliable
LBY_000557,TR-531,Reliable
LBY_000558,BI-266,Reliable
LBY_000559,BI-148,Reliable
LBY_000560,KU-230,Reliable
LBY_000561,MI-059,Reliable
LBY_000562,MI-058,Reliable
LBY_000563,MI-375,Unrelaible
LBY_000564,TR-321,Unrelaible
LBY_000565,JA-126,Reliable
LBY_000566,WM-097,Reliable
LBY_000567,TR-398,Reliable
LBY_000568,SI-110,Reliable
LBY_000569,BI-500,Reliable
LBY_000570,BI-232,Unrelaible
LBY_000571,JA-298,Reliable
LBY_000572,JA-267,Reliable
LBY_000573,JA-266,Reliable
LBY_000574,AJ-087,Reliable
LBY_000575,MU-269,Reliable
LBY_000576,KU-117,Reliable
LBY_000577,MI-305,Reliable
LBY_000578,ZA-185,Reliable
LBY_000579,JA-304,Reliable
LBY_000580,JA-327,Reliable
LBY_000581,JA-296,Reliable
LBY_000582,JA-297,Reliable
LBY_000583,MI-376,Reliable
LBY_000584,AJ-004,Reliable
LBY_000585,TU-103,Reliable
LBY_000586,SI-081,Reliable
LBY_000587,MI-426,Reliable
LBY_000588,MI-195,Reliable
LBY_000589,BI-254,Reliable
LBY_000590,TR-065,Reliable
LBY_000591,BI-206,Reliable
LBY_000592,TR-256,Reliable
LBY_000593,BI-495,Unrelaible
LBY_000594,ZA-146,Reliable
LBY_000595,TU-019,Reliable
LBY_000596,WM-413,Reliable
LBY_000597,MI-095,Reliable
LBY_000598,TR-139,Reliable
LBY_000599,ZA-147,Unrelaible
LBY_000600,TR-279,Reliable
LBY_000601,AJ-030,Reliable
LBY_000602,JA-201,Reliable
LBY_000603,GM-007,Reliable
LBY_000604,JA-111,Reliable
LBY_000605,KU-116,Reliable
LBY_000606,MU-403,Reliable
LBY_000607,ZA-223,Reliable
LBY_000608,MU-076,Reliable
LBY_000609,MI-291,Reliable
LBY_000610,MI-247,Reliable
LBY_000611,AJ-046,Reliable
LBY_000612,TR-400,Reliable
LBY_000613,MU-417,Reliable
LBY_000614,DA-003,Reliable
LBY_000615,WM-108,Reliable
LBY_000616,MI-191,Reliable
LBY_000617,MI-231,Reliable
LBY_000618,GA-019,Reliable
LBY_000619,MI-149,Reliable
LBY_000620,WM-085,Reliable
LBY_000621,JA-294,Reliable
LBY_000622,JA-271,Reliable
LBY_000623,JA-280,Reliable
LBY_000624,DA-113,Reliable
LBY_000625,DA-112,Reliable
LBY_000626,BI-174,Reliable
LBY_000627,MO-057,Reliable
LBY_000628,TR-353,Reliable
LBY_000629,TU-067,Reliable
LBY_000630,ZA-010,Reliable
LBY_000631,WM-246,Reliable
LBY_000632,MU-180,Reliable
LBY_000633,BI-188,Reliable
LBY_000634,BI-490,Reliable
LBY_000635,ZA-191,Reliable
LBY_000636,MO-063,Reliable
LBY_000637,JA-093,Reliable
LBY_000638,MU-210,Reliable
LBY_000639,NA-093,Reliable
LBY_000640,NA-062,Reliable
LBY_000641,WM-099,Reliable
LBY_000642,AJ-024,Unrelaible
LBY_000643,TR-498,Reliable
LBY_000644,MI-356,Reliable
LBY_000645,MI-550,Reliable
LBY_000646,MO-077,Reliable
LBY_000647,TR-257,Reliable
LBY_000648,ZA-148,Reliable
LBY_000649,AJ-036,Reliable
LBY_000650,JA-149,Reliable
LBY_000651,MI-203,Reliable
LBY_000652,MI-179,Reliable
LBY_000653,TR-516,Reliable
LBY_000654,JA-050,Reliable
LBY_000655,MA-203,Reliable
LBY_000656,MA-059,Reliable
LBY_000657,MI-258,Reliable
LBY_000658,TU-109,Reliable
LBY_000659,GM-175,Reliable
LBY_000660,MA-086,Reliable
LBY_000661,TR-004,Reliable
LBY_000662,TR-521,Reliable
LBY_000663,MU-281,Reliable
LBY_000664,ZA-023,Reliable
LBY_000665,TU-107,Reliable
LBY_000666,TU-108,Reliable
LBY_000667,MA-035,Reliable
LBY_000668,JA-179,Reliable
LBY_000669,GM-115,Reliable
LBY_000670,KU-159,Reliable
LBY_000671,MI-310,Reliable
LBY_000672,MI-250,Reliable
LBY_000673,MI-159,Reliable
LBY_000674,MA-134,Reliable
LBY_000675,MI-309,Reliable
LBY_000676,TR-466,Reliable
LBY_000677,MA-082,Reliable
LBY_000678,NA-066,Reliable
LBY_000679,MI-430,Reliable
LBY_000680,MI-078,Reliable
LBY_000681,MI-193,Reliable
LBY_000682,MI-108,Reliable
LBY_000683,AJ-047,Reliable
LBY_000684,MU-049,Reliable
LBY_000685,GM-223,Reliable
LBY_000686,GM-106,Reliable
LBY_000687,TR-319,Reliable
LBY_000688,MA-038,Reliable
LBY_000689,TU-039,Reliable
LBY_000690,TR-500,Reliable
LBY_000691,AJ-007,Reliable
LBY_000692,MI-522,Reliable
LBY_000693,MI-225,Reliable
LBY_000694,ZA-086,Reliable
LBY_000695,MO-107,Reliable
LBY_000696,MO-060,Reliable
LBY_000697,AJ-008,Reliable
LBY_000698,DA-008,Reliable
LBY_000699,MI-142,Reliable
LBY_000700,DA-020,Reliable
LBY_000701,DA-141,Reliable
LBY_000702,BI-130,Reliable
LBY_000703,KU-237,Reliable
LBY_000704,TR-147,Reliable
LBY_000705,MI-432,Reliable
LBY_000706,MI-235,Reliable
LBY_000707,WM-056,Reliable
LBY_000708,DA-076,Reliable
LBY_000709,SA-078,Reliable
LBY_000710,SA-003,Reliable
LBY_000711,JU-018,Reliable
LBY_000712,TR-281,Unrelaible
LBY_000713,AJ-023,Reliable
LBY_000714,MI-244,Unrelaible
LBY_000715,TR-399,Reliable
LBY_000716,WM-098,Reliable
LBY_000717,MI-030,Reliable
LBY_000718,JA-210,Reliable
LBY_000719,WM-058,Reliable
LBY_000720,TR-291,Reliable
LBY_000721,MI-306,Unrelaible
LBY_000722,KU-155,Reliable
LBY_000723,TR-352,Reliable
LBY_000724,MI-339,Reliable
LBY_000725,TR-192,Reliable
LBY_000726,NA-106,Reliable
LBY_000727,JU-004,Reliable
LBY_000728,SI-004,Reliable
LBY_000729,TR-283,Reliable
LBY_000730,MI-010,Reliable
LBY_000731,MI-490,Reliable
LBY_000732,WH-041,Reliable
LBY_000733,WM-057,Reliable
LBY_000734,KU-025,Reliable
LBY_000735,KU-175,Reliable
LBY_000736,KU-258,Reliable
LBY_000737,MU-271,Reliable
LBY_000738,WS-041,Reliable
LBY_000739,MU-053,Reliable
LBY_000740,KU-232,Reliable
LBY_000741,JA-317,Reliable
LBY_000742,KU-231,Reliable
LBY_000743,WM-162,Reliable
LBY_000744,KU-233,Reliable
LBY_000745,GM-123,Reliable
LBY_000746,KU-071,Reliable
LBY_000747,KU-212,Reliable
LBY_000748,BI-172,Reliable
LBY_000749,BI-486,Reliable
LBY_000750,TR-351,Reliable
LBY_000751,KU-003,Reliable
LBY_000752,TR-387,Reliable
LBY_000753,GM-141,Reliable
LBY_000754,AJ-003,Reliable
LBY_000755,MI-538,Reliable
LBY_000756,WS-026,Reliable
LBY_000757,MI-027,Reliable
LBY_000758,MU-282,Reliable
LBY_000759,DA-051,Reliable
LBY_000760,MU-070,Reliable
LBY_000761,MI-366,Reliable
LBY_000762,BI-196,Reliable
LBY_000763,JA-042,Reliable
LBY_000764,TR-391,Reliable
LBY_000765,KU-070,Reliable
LBY_000766,MU-407,Reliable
LBY_000767,MU-222,Reliable
LBY_000768,WS-004,Reliable
LBY_000769,MI-516,Reliable
LBY_000770,MI-338,Reliable
LBY_000771,TR-307,Reliable
LBY_000772,MI-318,Reliable
LBY_000773,BI-451,Unrelaible
LBY_000773,BI-451,Reliable
LBY_000774,BI-020,Reliable
LBY_000775,DA-061,Reliable
LBY_000776,GM-127,Reliable
LBY_000777,DA-058,Reliable
LBY_000778,MU-127,Reliable
LBY_000779,KU-161,Reliable
LBY_000780,TR-193,Reliable
LBY_000781,WM-416,Reliable
LBY_000782,TR-198,Reliable
LBY_000783,WM-313,Reliable
LBY_000784,SI-007,Reliable
LBY_000785,MI-312,Reliable
LBY_000786,MA-053,Reliable
LBY_000787,MI-341,Reliable
LBY_000788,KO-005,Reliable
LBY_000789,KO-044,Reliable
LBY_000790,JA-059,Reliable
LBY_000791,WM-168,Reliable
LBY_000792,SI-076,Reliable
LBY_000793,MI-249,Reliable
LBY_000794,KU-137,Reliable
LBY_000795,WH-006,Reliable
LBY_000796,GM-013,Reliable
LBY_000797,WS-075,Reliable
LBY_000798,GM-189,Reliable
LBY_000799,SA-024,Reliable
LBY_000800,TU-036,Reliable
LBY_000801,TU-137,Reliable
LBY_000802,GA-018,Reliable
LBY_000803,MI-077,Reliable
LBY_000804,WM-363,Reliable
LBY_000805,MU-148,Reliable
LBY_000806,MU-307,Reliable
LBY_000807,TR-388,Reliable
LBY_000808,DA-117,Reliable
LBY_000809,TR-492,Reliable
LBY_000810,MI-418,Reliable
LBY_000811,JA-006,Reliable
LBY_000812,ZA-087,Reliable
LBY_000813,MU-405,Reliable
LBY_000814,WM-333,Reliable
LBY_000815,MA-125,Reliable
LBY_000816,MA-091,Reliable
LBY_000817,GM-061,Reliable
LBY_000818,BI-104,Reliable
LBY_000819,JA-196,Reliable
LBY_000820,TR-054,Reliable
LBY_000821,JA-027,Reliable
LBY_000822,TR-280,Reliable
LBY_000823,BI-183,Reliable
LBY_000824,ZA-182,Reliable
LBY_000825,TR-374,Reliable
LBY_000826,MU-233,Reliable
LBY_000827,TU-006,Reliable
LBY_000828,BI-189,Reliable
LBY_000829,TU-056,Reliable
LBY_000830,BI-139,Reliable
LBY_000831,KU-223,Reliable
LBY_000832,JA-214,Reliable
LBY_000833,GM-003,Reliable
LBY_000834,MO-018,Reliable
LBY_000835,GA-015,Reliable
LBY_000836,KU-222,Reliable
LBY_000837,JA-128,Reliable
LBY_000838,MI-289,Reliable
LBY_000839,WS-020,Reliable
LBY_000840,MI-182,Reliable
LBY_000841,TR-244,Reliable
LBY_000842,TU-093,Reliable
LBY_000843,MI-001,Reliable
LBY_000844,TR-263,Reliable
LBY_000845,SI-077,Reliable
LBY_000846,MU-363,Reliable
LBY_000847,MU-213,Reliable
LBY_000848,MI-281,Reliable
LBY_000849,JU-030,Unrelaible
LBY_000850,JU-028,Reliable
LBY_000851,BI-202,Reliable
LBY_000852,WM-248,Reliable
LBY_000853,MA-097,Reliable
LBY_000854,WM-249,Reliable
LBY_000855,MA-012,Reliable
LBY_000856,MA-154,Reliable
LBY_000857,MI-494,Reliable
LBY_000858,WM-257,Reliable
LBY_000859,MU-120,Reliable
LBY_000860,MI-295,Reliable
LBY_000861,MU-185,Reliable
LBY_000862,MI-005,Reliable
LBY_000863,ZA-192,Reliable
LBY_000864,JA-229,Reliable
LBY_000865,MU-105,Reliable
LBY_000866,ZA-015,Reliable
LBY_000867,MA-200,Reliable
LBY_000868,MA-051,Reliable
LBY_000869,ZA-012,Reliable
LBY_000870,SI-048,Reliable
LBY_000871,MI-127,Reliable
LBY_000872,SI-003,Reliable
LBY_000873,MI-363,Reliable
LBY_000874,BI-146,Reliable
LBY_000875,WM-312,Reliable
LBY_000876,KO-022,Reliable
LBY_000877,TR-522,Reliable
LBY_000878,DA-037,Reliable
LBY_000879,SA-086,Reliable
LBY_000880,SA-017,Reliable
LBY_000881,DA-150,Unrelaible
LBY_000882,WS-042,Reliable
LBY_000883,KU-224,Reliable
LBY_000884,TU-096,Reliable
LBY_000885,WM-064,Reliable
LBY_000886,JA-166,Reliable
LBY_000887,MU-261,Reliable
LBY_000888,MI-130,Reliable
LBY_000889,KU-188,Reliable
LBY_000890,WM-003,Reliable
LBY_000891,BI-170,Unrelaible
LBY_000892,MI-229,Reliable
LBY_000893,MI-290,Unrelaible
LBY_000894,MI-275,Reliable
LBY_000895,MU-265,Reliable
LBY_000896,JA-120,Reliable
LBY_000897,NA-053,Unrelaible
LBY_000898,MU-038,Reliable
LBY_000899,KU-016,Reliable
LBY_000900,NA-076,Reliable
LBY_000901,WM-177,Reliable
LBY_000902,KU-039,Reliable
LBY_000903,BI-524,Reliable
LBY_000904,TR-437,Reliable
LBY_000905,JA-213,Reliable
LBY_000906,TR-389,Reliable
LBY_000907,MI-139,Unrelaible
LBY_000908,TR-175,Reliable
LBY_000909,ZA-151,Reliable
LBY_000910,GA-004,Reliable
LBY_000911,TR-306,Reliable
LBY_000912,JA-129,Reliable
LBY_000913,BI-265,Reliable
LBY_000914,BI-133,Reliable
LBY_000915,WH-050,Reliable
LBY_000916,KU-038,Reliable
LBY_000917,KU-241,Reliable
LBY_000918,ZA-152,Reliable
LBY_000919,ZA-162,Reliable
LBY_000920,JA-085,Reliable
LBY_000921,SI-052,Reliable
LBY_000922,SA-031,Reliable
LBY_000923,BI-504,Reliable
LBY_000924,BI-242,Reliable
LBY_000925,BI-465,Reliable
LBY_000926,BI-056,Reliable
LBY_000927,WS-068,Reliable
LBY_000928,TR-176,Reliable
LBY_000929,MU-277,Reliable
LBY_000930,TR-308,Reliable
LBY_000931,MI-293,Reliable
LBY_000932,KU-235,Reliable
LBY_000933,WM-306,Reliable
LBY_000934,MI-272,Reliable
LBY_000935,NA-087,Reliable
LBY_000936,JA-307,Reliable
LBY_000937,MI-218,Reliable
LBY_000938,SI-082,Unrelaible
LBY_000939,MI-245,Reliable
LBY_000940,AJ-012,Reliable
LBY_000941,KU-192,Reliable
LBY_000942,KU-088,Reliable
LBY_000943,MU-014,Reliable
LBY_000944,MI-267,Reliable
LBY_000945,MI-521,Reliable
LBY_000946,MA-136,Reliable
LBY_000947,BI-222,Unrelaible
LBY_000948,ZA-006,Reliable
LBY_000949,GM-182,Reliable
LBY_000950,JA-103,Reliable
LBY_000951,TR-161,Reliable
LBY_000952,SA-090,Reliable
LBY_000953,DA-116,Reliable
LBY_000954,JA-117,Reliable
LBY_000955,MI-157,Reliable
LBY_000956,TR-517,Reliable
LBY_000957,WA-001,Reliable
LBY_000958,JA-313,Reliable
LBY_000959,JA-337,Reliable
LBY_000960,MU-178,Reliable
LBY_000961,MI-194,Reliable
LBY_000962,WS-051,Reliable
LBY_000963,DA-103,Reliable
LBY_000964,DA-168,Reliable
LBY_000965,MU-146,Reliable
LBY_000966,BI-136,Reliable
LBY_000967,KU-074,Reliable
LBY_000968,GM-006,Reliable
LBY_000969,MI-084,Reliable
LBY_000970,TR-141,Reliable
LBY_000971,WM-344,Reliable
LBY_000972,MI-286,Reliable
LBY_000973,MI-458,Reliable
LBY_000974,KU-013,Reliable
LBY_000975,MA-149,Reliable
LBY_000976,WM-034,Reliable
LBY_000977,SI-061,Reliable
LBY_000978,GM-048,Reliable
LBY_000979,MI-254,Reliable
LBY_000980,MA-106,Reliable
LBY_000981,WS-066,Reliable
LBY_000982,GM-214,Reliable
LBY_000983,MA-222,Reliable
LBY_000984,GA-006,Reliable
LBY_000985,JA-192,Reliable
LBY_000986,KO-023,Reliable
LBY_000987,WM-376,Reliable
LBY_000988,TU-029,Reliable
LBY_000989,AJ-006,Reliable
LBY_000990,JA-051,Reliable
LBY_000991,ZA-177,Reliable
LBY_000992,ZA-154,Reliable
LBY_000993,MI-154,Reliable
LBY_000994,MI-492,Reliable
LBY_000995,NA-013,Reliable
LBY_000996,ZA-105,Reliable
LBY_000997,WH-048,Reliable
LBY_000998,DA-147,Reliable
LBY_000999,JA-005,Unrelaible
LBY_001000,DA-034,Reliable
LBY_001001,MA-052,Reliable
LBY_001002,SA-083,Reliable
LBY_001003,KU-015,Reliable
LBY_001004,TR-379,Reliable
LBY_001005,TR-499,Unrelaible
LBY_001006,ZA-156,Reliable
LBY_001007,BI-155,Reliable
LBY_001008,MA-202,Reliable
LBY_001009,MA-055,Reliable
LBY_001010,MA-211,Reliable
LBY_001011,BI-237,Reliable
LBY_001012,JA-270,Reliable
LBY_001013,NA-052,Reliable
LBY_001014,MI-531,Reliable
LBY_001015,KU-218,Reliable
LBY_001016,TR-403,Reliable
LBY_001017,TR-359,Reliable
LBY_001018,MI-441,Reliable
LBY_001019,TR-145,Reliable
LBY_001020,MI-039,Reliable
LBY_001021,DA-137,Reliable
LBY_001022,DA-013,Reliable
LBY_001023,KU-189,Reliable
LBY_001024,MI-440,Reliable
LBY_001025,WS-011,Reliable
LBY_001026,TR-368,Reliable
LBY_001027,MI-501,Reliable
LBY_001028,TR-320,Reliable
LBY_001029,MU-035,Reliable
LBY_001030,TR-546,Reliable
LBY_001031,TR-397,Reliable
LBY_001032,GA-022,Reliable
LBY_001033,KU-168,Reliable
LBY_001034,MU-237,Reliable
LBY_001035,WM-149,Reliable
LBY_001036,KU-314,Reliable
LBY_001037,MI-004,Reliable
LBY_001038,BI-042,Reliable
LBY_001039,GM-193,Reliable
LBY_001040,MI-469,Unrelaible
LBY_001041,GM-019,Reliable
LBY_001042,JA-189,Reliable
LBY_001043,MA-013,Reliable
LBY_001044,WA-011,Reliable
LBY_001045,WM-409,Reliable
LBY_001046,MU-201,Reliable
LBY_001047,MI-106,Reliable
LBY_001048,WM-280,Reliable
LBY_001049,SA-042,Reliable
LBY_001050,SA-093,Unrelaible
LBY_001051,MU-248,Reliable
LBY_001052,WM-383,Reliable
LBY_001053,SI-056,Reliable
LBY_001054,MI-147,Reliable
LBY_001055,WH-032,Reliable
LBY_001056,TR-464,Unrelaible
LBY_001057,ZA-071,Reliable
LBY_001058,JA-185,Reliable
LBY_001059,WM-326,Reliable
LBY_001060,DA-179,Reliable
LBY_001061,NA-086,Reliable
LBY_001062,TR-153,Reliable
LBY_001063,TU-001,Reliable
LBY_001064,TR-040,Reliable
LBY_001065,DA-002,Reliable
LBY_001066,TR-177,Reliable
LBY_001067,ZA-196,Reliable
LBY_001068,MU-137,Reliable
LBY_001069,WS-031,Reliable
LBY_001070,MI-227,Reliable
LBY_001071,WM-118,Reliable
LBY_001072,MI-265,Reliable
LBY_001073,KU-124,Reliable
LBY_001074,WM-100,Reliable
LBY_001075,MO-066,Reliable
LBY_001076,MO-111,Reliable
LBY_001077,GM-034,Reliable
LBY_001078,KU-121,Reliable
LBY_001079,KU-123,Reliable
LBY_001080,KU-122,Reliable
LBY_001081,KU-267,Reliable
LBY_001082,KU-265,Unrelaible
LBY_001083,SA-010,Reliable
LBY_001084,TU-121,Reliable
LBY_001085,DA-048,Reliable
LBY_001086,TR-254,Reliable
LBY_001087,BI-112,Reliable
LBY_001088,MA-105,Reliable
LBY_001089,ZA-150,Reliable
LBY_001090,MU-232,Reliable
LBY_001091,JA-041,Reliable
LBY_001092,MA-063,Reliable
LBY_001093,ZA-014,Reliable
LBY_001094,MI-082,Reliable
LBY_001095,WM-305,Reliable
LBY_001096,SI-071,Reliable
LBY_001097,WM-060,Reliable
LBY_001098,WS-029,Reliable
LBY_001099,TR-393,Reliable
LBY_001100,JU-029,Reliable
LBY_001101,MU-230,Reliable
LBY_001102,MU-062,Reliable
LBY_001103,KU-099,Reliable
LBY_001104,KO-021,Unrelaible
LBY_001105,MI-331,Reliable
LBY_001106,JA-174,Reliable
LBY_001107,KU-073,Reliable
LBY_001108,AJ-040,Reliable
LBY_001109,TU-033,Reliable
LBY_001110,JA-014,Reliable
LBY_001111,MI-460,Reliable
LBY_001112,JA-008,Reliable
LBY_001113,JA-127,Reliable
LBY_001114,KU-278,Reliable
LBY_001115,TR-277,Reliable
LBY_001116,NA-064,Reliable
LBY_001117,NA-063,Reliable
LBY_001118,MU-223,Reliable
LBY_001119,JA-063,Reliable
LBY_001120,WM-389,Reliable
LBY_001121,SA-025,Reliable
LBY_001122,JA-060,Reliable
LBY_001123,GM-005,Reliable
LBY_001124,MU-043,Reliable
LBY_001125,BI-258,Reliable
LBY_001126,MI-385,Reliable
LBY_001127,TR-465,Reliable
LBY_001128,MU-198,Reliable
LBY_001129,DA-152,Reliable
LBY_001130,DA-041,Reliable
LBY_001131,TR-162,Reliable
LBY_001132,TU-110,Reliable
LBY_001133,KU-103,Reliable
LBY_001134,NA-007,Reliable
LBY_001135,SA-081,Reliable
LBY_001136,MI-014,Reliable
LBY_001137,AJ-010,Reliable
LBY_001138,TR-043,Reliable
LBY_001139,MI-201,Reliable
LBY_001140,SA-008,Reliable
LBY_001141,WM-036,Reliable
LBY_001142,MU-064,Unrelaible
LBY_001143,KU-250,Reliable
LBY_001144,NA-122,Reliable
LBY_001145,WS-040,Reliable
LBY_001146,SI-049,Reliable
LBY_001147,DA-084,Reliable
LBY_001148,MI-088,Reliable
LBY_001149,WM-065,Reliable
LBY_001150,WM-314,Reliable
LBY_001151,GM-031,Reliable
LBY_001152,JA-034,Reliable
LBY_001153,NA-020,Unrelaible
LBY_001154,TR-532,Reliable
LBY_001155,KU-019,Reliable
LBY_001156,KU-017,Reliable
LBY_001157,MI-259,Reliable
LBY_001158,BI-499,Reliable
LBY_001159,BI-224,Reliable
LBY_001160,WS-036,Reliable
LBY_001161,ZA-161,Reliable
LBY_001162,TR-029,Reliable
LBY_001163,SI-047,Reliable
LBY_001164,WM-037,Reliable
LBY_001165,TR-503,Reliable
LBY_001166,WM-315,Reliable
LBY_001167,MI-358,Reliable
LBY_001168,TR-044,Reliable
LBY_001169,WM-408,Reliable
LBY_001170,MA-071,Reliable
LBY_001171,MI-422,Reliable
LBY_001172,MI-271,Reliable
LBY_001173,DA-012,Reliable
LBY_001174,TU-088,Reliable
LBY_001175,DA-104,Reliable
LBY_001176,MI-353,Reliable
LBY_001177,ZA-106,Reliable
LBY_001178,GM-206,Reliable
LBY_001179,GM-037,Reliable
LBY_001180,WM-307,Reliable
LBY_001181,JU-019,Reliable
LBY_001182,WH-015,Reliable
LBY_001183,JA-172,Reliable
LBY_001184,JA-140,Reliable
LBY_001185,TR-488,Reliable
LBY_001186,TU-014,Reliable
LBY_001187,SA-046,Reliable
LBY_001188,WM-061,Reliable
LBY_001189,WS-009,Unrelaible
LBY_001190,BI-201,Reliable
LBY_001191,MA-128,Reliable
LBY_001192,GM-016,Reliable
LBY_001193,GM-191,Reliable
LBY_001194,SI-072,Reliable
LBY_001195,KU-126,Reliable
LBY_001196,MU-421,Reliable
LBY_001197,TU-078,Reliable
LBY_001198,TR-195,Reliable
LBY_001199,GM-081,Reliable
LBY_001200,KU-084,Reliable
LBY_001201,WM-066,Reliable
LBY_001202,KU-083,Reliable
LBY_001203,ZA-034,Reliable
LBY_001204,WM-375,Reliable
LBY_001205,NA-067,Reliable
LBY_001206,MI-549,Reliable
LBY_001207,MI-525,Reliable
LBY_001208,SA-026,Reliable
LBY_001209,WM-390,Reliable
LBY_001210,BI-503,Unrelaible
LBY_001211,NA-006,Reliable
LBY_001212,BI-241,Reliable
LBY_001213,KU-193,Reliable
LBY_001214,ZA-163,Reliable
LBY_001215,GM-047,Reliable
LBY_001216,WM-134,Reliable
LBY_001217,KO-006,Reliable
LBY_001218,MI-160,Reliable
LBY_001219,MI-268,Reliable
LBY_001220,JA-066,Reliable
LBY_001221,JA-067,Reliable
LBY_001222,MI-414,Unrelaible
LBY_001223,MI-166,Reliable
LBY_001224,JA-277,Reliable
LBY_001225,SA-009,Reliable
LBY_001226,SA-082,Reliable
LBY_001227,JU-007,Reliable
LBY_001228,BI-143,Reliable
LBY_001229,BI-480,Reliable
LBY_001230,KU-012,Reliable
LBY_001231,MI-216,Reliable
LBY_001232,WH-007,Reliable
LBY_001233,SI-034,Reliable
LBY_001234,MA-098,Reliable
LBY_001235,JA-256,Reliable
LBY_001236,KU-029,Reliable
LBY_001237,GM-194,Reliable
LBY_001238,GM-020,Reliable
LBY_001239,AJ-086,Reliable
LBY_001240,TR-285,Reliable
LBY_001241,MI-253,Reliable
LBY_001242,ZA-040,Reliable
LBY_001243,SA-088,Reliable
LBY_001244,SA-022,Reliable
LBY_001245,MU-164,Reliable
LBY_001246,JA-097,Reliable
LBY_001247,MI-294,Reliable
LBY_001248,BI-264,Reliable
LBY_001249,NA-024,Reliable
LBY_001250,WS-025,Reliable
LBY_001251,WS-024,Reliable
LBY_001252,SI-078,Reliable
LBY_001253,MI-029,Reliable
LBY_001254,TU-012,Reliable
LBY_001255,MA-221,Reliable
LBY_001256,ZA-164,Reliable
LBY_001257,DA-095,Reliable
LBY_001258,TR-558,Reliable
LBY_001259,JA-198,Reliable
LBY_001260,BI-093,Reliable
LBY_001261,TR-570,Reliable
LBY_001262,JA-190,Reliable
LBY_001263,MI-134,Reliable
LBY_001264,WM-261,Reliable
LBY_001265,MA-073,Reliable
LBY_001266,ZA-166,Reliable
LBY_001267,KU-140,Reliable
LBY_001268,MI-483,Reliable
LBY_001269,SA-027,Reliable
LBY_001270,TU-049,Reliable
LBY_001271,BI-082,Reliable
LBY_001272,MU-121,Reliable
LBY_001273,NA-051,Reliable
LBY_001274,TR-030,Reliable
LBY_001275,SA-005,Reliable
LBY_001276,TR-264,Reliable
LBY_001277,GM-109,Reliable
LBY_001278,TR-170,Reliable
LBY_001279,BI-083,Reliable
LBY_001280,MA-037,Reliable
LBY_001281,JA-154,Reliable
LBY_001282,SI-040,Reliable
LBY_001283,JA-252,Reliable
LBY_001284,MI-024,Reliable
LBY_001285,WS-067,Reliable
LBY_001286,MA-176,Reliable
LBY_001287,MI-526,Reliable
LBY_001288,MA-165,Reliable
LBY_001289,MA-025,Reliable
LBY_001290,MA-100,Reliable
LBY_001291,MA-162,Reliable
LBY_001292,WM-189,Reliable
LBY_001293,MA-138,Reliable
LBY_001294,MA-033,Reliable
LBY_001295,MA-137,Reliable
LBY_001296,BI-197,Reliable
LBY_001297,JA-086,Reliable
LBY_001298,SA-055,Reliable
LBY_001299,JA-025,Reliable
LBY_001300,MA-101,Reliable
LBY_001301,ZA-039,Reliable
LBY_001302,MA-072,Reliable
LBY_001303,TR-164,Reliable
LBY_001304,TR-021,Reliable
LBY_001305,MO-023,Reliable
LBY_001306,MU-318,Reliable
LBY_001307,JA-162,Reliable
LBY_001308,MU-362,Reliable
LBY_001309,BI-086,Reliable
LBY_001310,JA-152,Reliable
LBY_001311,JA-114,Reliable
LBY_001312,JA-094,Reliable
LBY_001313,JA-095,Reliable
LBY_001314,WM-067,Reliable
LBY_001315,JA-121,Reliable
LBY_001316,JA-284,Reliable
LBY_001317,GM-143,Reliable
LBY_001318,WA-019,Reliable
LBY_001319,TR-238,Reliable
LBY_001320,MI-421,Reliable
LBY_001321,WM-178,Reliable
LBY_001322,MU-159,Reliable
LBY_001323,TR-358,Reliable
LBY_001324,ZA-227,Reliable
LBY_001325,NA-017,Reliable
LBY_001326,MA-192,Reliable
LBY_001327,MA-032,Reliable
LBY_001328,MI-257,Reliable
LBY_001329,MU-171,Reliable
LBY_001330,MA-123,Reliable
LBY_001331,MA-217,Reliable
LBY_001332,GM-085,Reliable
LBY_001333,JA-087,Reliable
LBY_001334,MA-122,Reliable
LBY_001335,ZA-037,Reliable
LBY_001336,MI-530,Reliable
LBY_001337,DA-038,Reliable
LBY_001338,WM-009,Reliable
LBY_001339,DA-151,Reliable
LBY_001340,MA-212,Reliable
LBY_001341,WM-110,Reliable
LBY_001342,MA-054,Reliable
LBY_001343,WM-316,Reliable
LBY_001344,MA-201,Reliable
LBY_001345,DA-125,Reliable
LBY_001346,MA-004,Reliable
LBY_001347,MU-087,Reliable
LBY_001348,JA-133,Reliable
LBY_001349,JA-046,Reliable
LBY_001350,TU-095,Reliable
LBY_001351,MI-089,Reliable
LBY_001352,MI-060,Reliable
LBY_001353,GM-083,Reliable
LBY_001354,MA-161,Reliable
LBY_001355,MA-081,Reliable
LBY_001356,DA-085,Reliable
LBY_001357,MA-174,Reliable
LBY_001358,SI-032,Reliable
LBY_001359,DA-078,Reliable
LBY_001360,WM-199,Reliable
LBY_001361,MU-226,Reliable
LBY_001362,MA-092,Reliable
LBY_001363,NA-050,Reliable
LBY_001364,WM-198,Reliable
LBY_001365,BI-484,Reliable
LBY_001366,BI-164,Reliable
LBY_001367,TU-105,Reliable
LBY_001368,MI-055,Reliable
LBY_001369,MA-107,Reliable
LBY_001370,WM-220,Reliable
LBY_001371,TU-106,Reliable
LBY_001372,MA-210,Reliable
LBY_001373,MA-103,Reliable
LBY_001374,MA-050,Reliable
LBY_001375,MA-199,Reliable
LBY_001376,MA-049,Reliable
LBY_001377,MA-198,Reliable
LBY_001378,KU-162,Reliable
LBY_001379,DA-175,Reliable
LBY_001380,DA-120,Reliable
LBY_001381,MA-070,Reliable
LBY_001382,JA-248,Reliable
LBY_001383,WM-010,Reliable
LBY_001384,MI-491,Reliable
LBY_001385,BI-245,Reliable
LBY_001386,SA-068,Reliable
LBY_001387,SA-104,Reliable
LBY_001388,TR-405,Reliable
LBY_001389,MI-378,Reliable
LBY_001390,WM-038,Reliable
LBY_001391,WM-040,Reliable
LBY_001392,NA-105,Reliable
LBY_001393,TU-065,Reliable
LBY_001394,BI-268,Reliable
LBY_001395,KU-139,Reliable
LBY_001396,MU-069,Reliable
LBY_001397,ZA-231,Reliable
LBY_001398,ZA-228,Reliable
LBY_001399,ZA-009,Reliable
LBY_001400,BI-244,Reliable
LBY_001401,BI-505,Reliable
LBY_001402,MA-166,Reliable
LBY_001403,MA-042,Reliable
LBY_001404,WM-135,Reliable
LBY_001405,MA-006,Reliable
LBY_001406,ZA-038,Reliable
LBY_001407,TU-051,Reliable
LBY_001408,TU-052,Unrelaible
LBY_001409,MI-256,Reliable
LBY_001410,TR-383,Reliable
LBY_001411,WS-010,Reliable
LBY_001412,KU-138,Reliable
LBY_001413,MI-169,Reliable
LBY_001414,WM-180,Reliable
LBY_001415,WM-179,Reliable
LBY_001416,AJ-011,Reliable
LBY_001417,NA-025,Reliable
LBY_001418,MA-156,Reliable
LBY_001419,MU-270,Reliable
LBY_001420,TR-137,Reliable
LBY_001421,MU-172,Reliable
LBY_001422,TR-265,Reliable
LBY_001423,SA-071,Reliable
LBY_001424,MI-481,Reliable
LBY_001425,MU-055,Reliable
LBY_001426,BI-233,Reliable
LBY_001427,GM-015,Reliable
LBY_001428,WM-111,Reliable
LBY_001429,JA-249,Reliable
LBY_001430,TR-266,Reliable
LBY_001431,TU-047,Reliable
LBY_001432,MI-198,Reliable
LBY_001433,MI-151,Reliable
LBY_001434,MI-150,Reliable
LBY_001435,MU-158,Reliable
LBY_001436,MI-079,Reliable
LBY_001437,MU-263,Reliable
LBY_001438,MA-079,Reliable
LBY_001439,WS-023,Reliable
LBY_001440,WM-244,Reliable
LBY_001441,BI-492,Reliable
LBY_001442,KU-033,Reliable
LBY_001443,BI-198,Reliable
LBY_001444,BI-142,Reliable
LBY_001445,MU-394,Reliable
LBY_001446,MU-247,Reliable
LBY_001447,WH-013,Reliable
LBY_001448,KU-104,Reliable
LBY_001449,MO-058,Reliable
LBY_001450,SA-032,Reliable
LBY_001451,WM-169,Reliable
LBY_001452,MU-106,Reliable
LBY_001453,GM-208,Unrelaible
LBY_001454,ZA-115,Reliable
LBY_001455,GM-040,Reliable
LBY_001456,MI-061,Reliable
LBY_001457,MI-472,Reliable
LBY_001458,TR-461,Reliable
LBY_001459,DA-004,Reliable
LBY_001460,MO-001,Reliable
LBY_001461,BI-461,Reliable
LBY_001462,BI-047,Unrelaible
LBY_001463,WM-412,Reliable
LBY_001464,BI-474,Reliable
LBY_001465,BI-096,Reliable
LBY_001466,JA-029,Reliable
LBY_001467,JA-038,Reliable
LBY_001468,TU-028,Reliable
LBY_001469,NA-021,Reliable
LBY_001470,MU-021,Reliable
LBY_001471,TR-564,Reliable
LBY_001472,TR-036,Reliable
LBY_001473,SI-107,Reliable
LBY_001474,KU-270,Reliable
LBY_001475,MI-416,Reliable
LBY_001476,DA-036,Reliable
LBY_001477,DA-149,Reliable
LBY_001478,MU-235,Reliable
LBY_001479,TR-047,Reliable
LBY_001480,MU-310,Reliable
LBY_001481,BI-450,Reliable
LBY_001481,BI-450,Reliable
LBY_001482,BI-501,Reliable
LBY_001483,BI-238,Reliable
LBY_001484,SA-062,Reliable
LBY_001485,SA-100,Reliable
LBY_001486,TR-183,Reliable
LBY_001487,BI-173,Reliable
LBY_001488,MI-314,Reliable
LBY_001489,MI-087,Reliable
LBY_001490,MA-151,Reliable
LBY_001491,BI-175,Reliable
LBY_001492,TR-529,Reliable
LBY_001493,TR-007,Reliable
LBY_001494,TU-045,Reliable
LBY_001495,WH-040,Reliable
LBY_001496,MI-519,Reliable
LBY_001497,WM-163,Reliable
LBY_001498,WH-043,Reliable
LBY_001499,WS-045,Reliable
LBY_001500,SA-013,Reliable
LBY_001501,BI-099,Reliable
LBY_001502,BI-035,Reliable
LBY_001503,DA-139,Reliable
LBY_001504,DA-016,Reliable
LBY_001505,JA-045,Reliable
LBY_001506,MU-378,Reliable
LBY_001507,BI-094,Reliable
LBY_001508,WM-245,Reliable
LBY_001509,WM-136,Reliable
LBY_001510,BI-141,Reliable
LBY_001511,NA-043,Reliable
LBY_001512,BI-044,Reliable
LBY_001513,KU-282,Reliable
LBY_001514,WM-341,Reliable
LBY_001515,KU-022,Reliable
LBY_001516,ZA-031,Reliable
LBY_001517,WS-021,Reliable
LBY_001518,WM-256,Reliable
LBY_001519,BI-507,Reliable
LBY_001520,BI-247,Reliable
LBY_001521,WM-166,Reliable
LBY_001522,MU-298,Unrelaible
LBY_001523,MU-296,Reliable
LBY_001524,KU-118,Reliable
LBY_001525,TR-243,Reliable
LBY_001526,NA-135,Reliable
LBY_001527,TU-043,Reliable
LBY_001528,ZA-204,Reliable
LBY_001529,TR-070,Reliable
LBY_001530,SA-077,Reliable
LBY_001531,SA-002,Reliable
LBY_001532,WM-258,Reliable
LBY_001533,TR-502,Reliable
LBY_001534,AJ-009,Unrelaible
LBY_001535,WS-013,Reliable
LBY_001536,KU-279,Reliable
LBY_001537,ZA-189,Reliable
LBY_001538,GM-162,Reliable
LBY_001539,KU-027,Reliable
LBY_001540,BI-046,Reliable
LBY_001541,MI-514,Reliable
LBY_001542,MI-435,Reliable
LBY_001543,WM-259,Reliable
LBY_001544,JU-006,Reliable
LBY_001545,MO-011,Reliable
LBY_001546,MO-076,Reliable
LBY_001547,MA-093,Reliable
LBY_001548,MI-357,Reliable
LBY_001549,BI-124,Reliable
LBY_001550,BI-479,Reliable
LBY_001551,WH-042,Reliable
LBY_001552,JA-010,Reliable
LBY_001553,MI-518,Reliable
LBY_001554,WS-048,Reliable
LBY_001555,SI-060,Reliable
LBY_001556,MO-062,Reliable
LBY_001557,MO-109,Reliable
LBY_001558,MA-031,Reliable
LBY_001559,JU-005,Reliable
LBY_001560,NA-124,Reliable
LBY_001561,KU-238,Reliable
LBY_001562,MO-028,Reliable
LBY_001563,SI-066,Reliable
LBY_001564,MA-068,Reliable
LBY_001565,JA-020,Reliable
LBY_001566,MI-269,Reliable
LBY_001567,BI-231,Reliable
LBY_001568,JA-187,Reliable
LBY_001569,TU-026,Reliable
LBY_001570,MA-150,Reliable
LBY_001571,SI-011,Reliable
LBY_001572,TR-566,Reliable
LBY_001573,MU-003,Reliable
LBY_001574,ZA-035,Reliable
LBY_001575,TU-059,Reliable
LBY_001576,TU-057,Reliable
LBY_001577,KU-026,Reliable
LBY_001578,BI-525,Reliable
LBY_001579,GM-027,Reliable
LBY_001580,GM-200,Reliable
LBY_001581,MI-313,Reliable
LBY_001582,SA-021,Reliable
LBY_001583,WM-028,Reliable
LBY_001584,MI-170,Reliable
LBY_001585,MI-282,Reliable
LBY_001586,BI-287,Reliable
LBY_001587,TR-014,Reliable
LBY_001588,JA-079,Reliable
LBY_001589,BI-045,Reliable
LBY_001590,JA-281,Reliable
LBY_001591,MU-280,Reliable
LBY_001592,KU-219,Reliable
LBY_001593,MI-234,Reliable
LBY_001594,JA-153,Reliable
LBY_001595,BI-084,Reliable
LBY_001596,TR-237,Reliable
LBY_001597,TR-535,Reliable
LBY_001598,SI-062,Reliable
LBY_001599,MA-168,Reliable
LBY_001600,JA-157,Reliable
LBY_001601,TR-501,Reliable
LBY_001602,BI-165,Reliable
LBY_001603,MI-262,Reliable
LBY_001604,MI-086,Reliable
LBY_001605,NA-114,Reliable
LBY_001606,WS-017,Reliable
LBY_001607,MU-239,Reliable
LBY_001608,JA-290,Reliable
LBY_001609,WM-397,Reliable
LBY_001610,WM-387,Reliable
LBY_001611,MI-288,Reliable
LBY_001612,KU-184,Reliable
LBY_001613,JA-274,Reliable
LBY_001614,MU-221,Reliable
LBY_001615,MI-475,Reliable
LBY_001616,WM-154,Unrelaible
LBY_001617,WH-012,Reliable
LBY_001618,TR-135,Reliable
LBY_001619,ZA-165,Reliable
LBY_001620,BI-011,Reliable
LBY_001621,JA-291,Reliable
LBY_001622,BI-497,Reliable
LBY_001623,BI-208,Reliable
LBY_001624,GM-188,Reliable
LBY_001625,GM-012,Reliable
LBY_001626,MU-157,Reliable
LBY_001627,ZA-160,Reliable
LBY_001628,MI-343,Reliable
LBY_001629,WM-255,Reliable
LBY_001630,MU-177,Reliable
LBY_001631,ZA-001,Reliable
LBY_001632,ZA-194,Reliable
LBY_001633,MU-359,Reliable
LBY_001634,KU-156,Reliable
LBY_001635,ZA-224,Unrelaible
LBY_001636,BI-080,Reliable
LBY_001637,MA-036,Reliable
LBY_001638,ZA-024,Reliable
LBY_001639,MI-188,Reliable
LBY_001640,DA-178,Reliable
LBY_001641,BI-166,Reliable
LBY_001642,TR-148,Reliable
LBY_001643,MI-246,Reliable
LBY_001644,MU-252,Reliable
LBY_001645,JU-003,Reliable
LBY_001646,JU-056,Reliable
LBY_001647,MU-360,Reliable
LBY_001648,MI-021,Reliable
LBY_001649,MI-113,Reliable
LBY_001650,MA-027,Reliable
LBY_001651,MA-078,Reliable
LBY_001652,TR-305,Reliable
LBY_001653,MO-014,Reliable
LBY_001654,MI-448,Reliable
LBY_001655,MI-129,Reliable
LBY_001656,DA-138,Reliable
LBY_001657,DA-015,Reliable
LBY_001658,BI-043,Reliable
LBY_001659,BI-460,Reliable
LBY_001660,TR-262,Reliable
LBY_001661,JA-136,Reliable
LBY_001662,ZA-020,Reliable
LBY_001663,JA-169,Reliable
LBY_001664,JA-197,Reliable
LBY_001665,TR-366,Reliable
LBY_001666,WM-343,Reliable
LBY_001667,MI-263,Reliable
LBY_001668,DA-070,Reliable
LBY_001669,DA-158,Reliable
LBY_001670,KU-154,Reliable
LBY_001671,SI-051,Reliable
LBY_001672,MA-028,Reliable
LBY_001673,MA-190,Reliable
LBY_001674,MA-024,Reliable
LBY_001675,WM-126,Reliable
LBY_001676,MA-030,Reliable
LBY_001677,JA-017,Reliable
LBY_001678,DA-133,Reliable
LBY_001679,MA-077,Reliable
LBY_001680,MA-029,Reliable
LBY_001681,SI-112,Reliable
LBY_001682,MA-142,Unrelaible
LBY_001683,NA-110,Reliable
LBY_001684,MI-093,Reliable
LBY_001685,BI-161,Reliable
LBY_001686,MI-346,Reliable
LBY_001687,TU-032,Reliable
LBY_001688,TU-027,Reliable
LBY_001689,MA-163,Reliable
LBY_001690,BI-098,Reliable
LBY_001691,KU-259,Reliable
LBY_001692,JA-015,Reliable
LBY_001693,ZA-025,Reliable
LBY_001694,BI-485,Reliable
LBY_001695,BI-167,Reliable
LBY_001696,WM-125,Reliable
LBY_001697,WM-309,Unrelaible
LBY_001698,NA-099,Unrelaible
LBY_001699,WM-298,Reliable
LBY_001700,KU-268,Unrelaible
LBY_001701,KU-130,Reliable
LBY_001702,WM-310,Reliable
LBY_001703,ZA-028,Reliable
LBY_001704,MI-347,Reliable
LBY_001705,WM-254,Reliable
LBY_001706,MU-258,Reliable
LBY_001707,MA-209,Reliable
LBY_001708,MA-102,Reliable
LBY_001709,MA-191,Reliable
LBY_001710,DA-148,Reliable
LBY_001711,DA-035,Reliable
LBY_001712,WM-127,Reliable
LBY_001713,MU-267,Reliable
LBY_001714,TU-018,Reliable
LBY_001715,MI-395,Reliable
LBY_001716,SI-109,Reliable
LBY_001717,WM-253,Reliable
LBY_001718,WM-027,Reliable
LBY_001719,BI-138,Reliable
LBY_001720,AJ-025,Reliable
LBY_001721,ZA-158,Reliable
LBY_001722,MI-372,Reliable
LBY_001723,MU-179,Reliable
LBY_001724,MI-423,Reliable
LBY_001725,BI-263,Reliable
LBY_001726,TU-117,Reliable
LBY_001727,NA-121,Reliable
LBY_001728,MU-225,Reliable
LBY_001729,TU-048,Reliable
LBY_001730,KU-132,Reliable
LBY_001731,MU-402,Reliable
LBY_001732,GM-158,Reliable
LBY_001733,MI-091,Reliable
LBY_001734,SI-104,Reliable
LBY_001735,NA-002,Reliable
LBY_001736,MO-012,Reliable
LBY_001737,MU-012,Reliable
LBY_001738,BI-120,Reliable
LBY_001739,MU-367,Reliable
LBY_001740,WM-252,Reliable
LBY_001741,MA-018,Reliable
LBY_001742,TR-260,Reliable
LBY_001743,MI-240,Reliable
LBY_001744,MI-400,Reliable
LBY_001745,MI-449,Reliable
LBY_001746,WM-400,Reliable
LBY_001747,GM-140,Reliable
LBY_001748,MI-419,Reliable
LBY_001749,BI-156,Reliable
LBY_001750,DA-019,Reliable
LBY_001751,GM-064,Unrelaible
LBY_001752,MU-132,Reliable
LBY_001753,ZA-084,Unrelaible
LBY_001754,TR-318,Reliable
LBY_001755,ZA-019,Reliable
LBY_001756,KU-021,Reliable
LBY_001757,GM-090,Reliable
LBY_001758,MA-067,Reliable
LBY_001759,MU-371,Reliable
LBY_001760,TR-490,Reliable
LBY_001761,WM-308,Reliable
LBY_001762,JA-047,Reliable
LBY_001763,WM-088,Reliable
LBY_001764,SA-061,Reliable
LBY_001765,BI-255,Reliable
LBY_001766,BI-511,Reliable
LBY_001767,GM-030,Reliable
LBY_001768,JA-238,Reliable
LBY_001769,WM-176,Reliable
LBY_001770,JA-074,Reliable
LBY_001771,JA-081,Reliable
LBY_001772,KU-128,Reliable
LBY_001773,KU-129,Reliable
LBY_001774,ZA-149,Reliable
LBY_001775,MU-037,Reliable
LBY_001776,MU-283,Reliable
LBY_001777,JA-021,Reliable
LBY_001778,SI-055,Reliable
LBY_001779,KU-215,Unrelaible
LBY_001780,MO-055,Reliable
LBY_001781,MI-307,Reliable
LBY_001782,JA-099,Reliable
LBY_001783,NA-083,Reliable
LBY_001784,BI-262,Reliable
LBY_001785,WM-311,Reliable
LBY_001786,WM-007,Reliable
LBY_001787,TR-150,Reliable
LBY_001788,JA-319,Reliable
LBY_001789,MI-535,Reliable
LBY_001790,BI-512,Reliable
LBY_001791,KU-119,Reliable
LBY_001792,MU-060,Reliable
LBY_001793,WM-360,Reliable
LBY_001794,TR-189,Reliable
LBY_001795,TR-001,Reliable
LBY_001796,AJ-005,Reliable
LBY_001797,DA-073,Reliable
LBY_001798,TR-246,Reliable
LBY_001799,TR-491,Reliable
LBY_001800,AJ-048,Reliable
LBY_001801,DA-122,Reliable
LBY_001802,GM-139,Reliable
LBY_001803,KU-216,Reliable
LBY_001804,MI-041,Reliable
LBY_001805,WM-304,Reliable
LBY_001806,WM-407,Reliable
LBY_001807,TU-041,Reliable
LBY_001808,ZA-173,Reliable
LBY_001809,KU-101,Reliable
LBY_001810,KU-120,Reliable
LBY_001811,SI-094,Reliable
LBY_001812,MU-400,Reliable
LBY_001813,WM-361,Reliable
LBY_001814,JA-096,Reliable
LBY_001815,JA-098,Reliable
LBY_001816,MI-499,Reliable
LBY_001817,MU-416,Reliable
LBY_001818,KU-010,Reliable
LBY_001819,JA-222,Reliable
LBY_001820,TR-053,Reliable
LBY_001821,TR-245,Reliable
LBY_001822,KU-271,Reliable
LBY_001823,MU-418,Reliable
LBY_001824,MU-059,Reliable
LBY_001825,MI-208,Reliable
LBY_001826,WM-208,Reliable
LBY_001827,WA-033,Reliable
LBY_001828,MI-080,Unrelaible
LBY_001829,MI-094,Reliable
LBY_001830,WM-008,Reliable
LBY_001831,TR-102,Reliable
LBY_001832,WH-049,Reliable
LBY_001833,NA-104,Reliable
LBY_001834,MI-081,Reliable
LBY_001835,TR-317,Reliable
LBY_001836,BI-132,Reliable
LBY_001837,JA-089,Reliable
LBY_001838,MI-252,Reliable
LBY_001839,KU-009,Reliable
LBY_001840,TR-052,Reliable
LBY_001841,JA-239,Reliable
LBY_001842,JA-107,Reliable
LBY_001843,MA-189,Reliable
LBY_001844,MA-017,Reliable
LBY_001845,MU-299,Reliable
LBY_001846,MU-202,Reliable
LBY_001847,MU-236,Reliable
LBY_001848,SI-086,Reliable
LBY_001849,JA-240,Reliable
LBY_001850,WM-171,Reliable
LBY_001851,WM-170,Reliable
LBY_001852,WM-173,Reliable
LBY_001853,MU-175,Reliable
LBY_001854,MU-250,Reliable
LBY_001855,MI-261,Reliable
LBY_001856,WS-008,Reliable
LBY_001857,MI-020,Reliable
LBY_001858,TR-504,Reliable
LBY_001859,TU-120,Reliable
LBY_001860,MA-040,Reliable
LBY_001861,MU-231,Reliable
LBY_001862,WM-345,Reliable
LBY_001863,ZA-183,Reliable
LBY_001864,ZA-169,Reliable
LBY_001865,MI-155,Unrelaible
LBY_001866,GM-014,Reliable
LBY_001867,TR-494,Reliable
LBY_001868,WH-011,Reliable
LBY_001869,WM-039,Reliable
LBY_001870,AJ-035,Reliable
LBY_001871,MA-041,Reliable
LBY_001872,JA-024,Reliable
LBY_001873,SI-016,Reliable
LBY_001874,KU-225,Reliable
LBY_001875,WM-137,Unrelaible
LBY_001876,KO-048,Reliable
LBY_001877,JU-068,Unrelaible
LBY_001878,JU-045,Reliable
LBY_001879,KO-018,Reliable
LBY_001880,MI-284,Reliable
LBY_001881,KU-090,Reliable
LBY_001882,WM-319,Reliable
LBY_001883,MI-478,Reliable
LBY_001884,JA-226,Reliable
LBY_001885,SI-033,Reliable
LBY_001886,MI-482,Reliable
LBY_001887,MI-232,Reliable
LBY_001888,JA-223,Reliable
LBY_001889,TR-142,Reliable
LBY_001890,ZA-205,Reliable
LBY_001891,TR-286,Reliable
LBY_001892,DA-017,Reliable
LBY_001893,DA-140,Reliable
LBY_001894,MI-507,Reliable
LBY_001895,WM-138,Reliable
LBY_001896,MI-196,Reliable
LBY_001897,WM-121,Reliable
LBY_001898,WM-318,Reliable
LBY_001899,TR-462,Reliable
LBY_001900,TR-194,Reliable
LBY_001901,BI-182,Reliable
LBY_001902,BI-154,Reliable
LBY_001903,MI-002,Reliable
LBY_001904,SA-028,Reliable
LBY_001905,JA-282,Reliable
LBY_001906,KU-089,Reliable
LBY_001907,ZA-206,Reliable
LBY_001908,WS-049,Reliable
LBY_001909,GM-190,Unrelaible
LBY_001910,NA-012,Reliable
LBY_001911,MI-333,Reliable
LBY_001912,NA-022,Reliable
LBY_001913,TR-505,Reliable
LBY_001914,TR-248,Reliable
LBY_001915,KO-012,Reliable
LBY_001916,ZA-168,Unrelaible
LBY_001917,JA-090,Reliable
LBY_001918,WS-077,Reliable
LBY_001919,MU-030,Reliable
LBY_001920,GM-046,Reliable
LBY_001921,GM-213,Reliable
LBY_001922,ZA-042,Reliable
LBY_001923,MI-214,Reliable
LBY_001924,JA-143,Unrelaible
LBY_001925,SA-007,Reliable
LBY_001926,KU-014,Reliable
LBY_001927,JA-221,Reliable
LBY_001928,KU-226,Reliable
LBY_001929,SA-080,Reliable
LBY_001930,WM-346,Reliable
LBY_001931,MI-459,Reliable
LBY_001932,JA-310,Reliable
LBY_001933,GM-008,Unrelaible
LBY_001934,TR-069,Reliable
LBY_001935,MA-188,Reliable
LBY_001936,KU-220,Reliable
LBY_001937,MA-011,Reliable
LBY_001938,TR-284,Unrelaible
LBY_001939,GM-036,Reliable
LBY_001940,GM-205,Reliable
LBY_001941,JA-043,Reliable
LBY_001942,JA-019,Reliable
LBY_001943,MU-255,Reliable
LBY_001944,MI-110,Reliable
LBY_001945,MU-122,Reliable
LBY_001946,TR-548,Reliable
LBY_001947,ZA-013,Reliable
LBY_001948,MI-342,Reliable
LBY_001949,WM-102,Reliable
LBY_001950,DA-031,Reliable
LBY_001951,JA-049,Reliable
LBY_001952,JA-119,Reliable
LBY_001953,MU-404,Reliable
LBY_001954,SI-103,Reliable
LBY_001955,JA-308,Reliable
LBY_001956,ZA-107,Reliable
LBY_001957,TU-023,Reliable
LBY_001958,SA-064,Reliable
LBY_001959,WS-019,Reliable
LBY_001960,WM-089,Reliable
LBY_001961,JA-285,Reliable
LBY_001962,MO-036,Reliable
LBY_001963,MO-096,Reliable
LBY_001964,WA-021,Reliable
LBY_001965,NA-010,Reliable
LBY_001966,MO-050,Reliable
LBY_001967,MO-102,Reliable
LBY_001968,MU-215,Reliable
LBY_001969,BI-029,Reliable
LBY_001970,BI-455,Reliable
LBY_001971,WH-030,Reliable
LBY_001972,KU-191,Reliable
LBY_001973,TR-169,Reliable
LBY_001974,MO-048,Reliable
LBY_001975,MI-248,Reliable
LBY_001976,WM-262,Reliable
LBY_001977,SI-021,Reliable
LBY_001978,MI-380,Reliable
LBY_001979,MU-256,Reliable
LBY_001980,TR-557,Reliable
LBY_001981,KU-105,Reliable
LBY_001982,ZA-270,Reliable
LBY_001983,MA-003,Reliable
LBY_001984,MU-245,Reliable
LBY_001985,BI-234,Reliable
LBY_001986,MI-473,Reliable
LBY_001987,BI-008,Reliable
LBY_001988,JA-132,Reliable
LBY_001989,JA-230,Reliable
LBY_001990,BI-016,Reliable
LBY_001991,TR-542,Reliable
LBY_001992,WM-093,Reliable
LBY_001993,TU-022,Reliable
LBY_001994,KU-030,Reliable
LBY_001995,MI-205,Reliable
LBY_001996,ZA-074,Reliable
LBY_001997,TR-274,Reliable
LBY_001998,NA-011,Reliable
LBY_001999,TU-060,Reliable
LBY_002000,TU-101,Reliable
LBY_002001,KU-036,Reliable
LBY_002002,MI-212,Reliable
LBY_002003,MO-067,Reliable
LBY_002004,SI-079,Reliable
LBY_002005,KU-087,Reliable
LBY_002006,MA-109,Reliable
LBY_002007,MA-225,Reliable
LBY_002008,MI-100,Reliable
LBY_002009,MA-020,Reliable
LBY_002010,KU-086,Reliable
LBY_002011,MA-195,Reliable
LBY_002012,KU-034,Reliable
LBY_002013,NA-014,Reliable
LBY_002014,MA-044,Reliable
LBY_002015,MU-408,Unrelaible
LBY_002016,MI-365,Reliable
LBY_002017,TR-493,Reliable
LBY_002018,MU-246,Reliable
LBY_002019,MU-383,Reliable
LBY_002020,TR-406,Reliable
LBY_002021,KU-085,Reliable
LBY_002022,TR-182,Reliable
LBY_002023,SI-065,Reliable
LBY_002024,SI-080,Reliable
LBY_002025,NA-057,Reliable
LBY_002026,MI-334,Reliable
LBY_002027,BI-037,Reliable
LBY_002028,MI-162,Reliable
LBY_002029,MA-080,Reliable
LBY_002030,WM-317,Reliable
LBY_002031,WM-124,Reliable
LBY_002032,SI-114,Reliable
LBY_002033,WM-181,Reliable
LBY_002034,SA-045,Reliable
LBY_002035,MI-451,Reliable
LBY_002036,TR-048,Reliable
LBY_002037,KU-134,Reliable
LBY_002038,DA-039,Reliable
LBY_002039,MA-173,Reliable
LBY_002040,TR-526,Reliable
LBY_002041,MI-393,Reliable
LBY_002042,MA-015,Reliable
LBY_002043,KO-015,Reliable
LBY_002044,MO-015,Reliable
LBY_002045,WH-016,Reliable
LBY_002046,MU-116,Reliable
LBY_002047,JA-178,Reliable
LBY_002048,ZA-188,Reliable
LBY_002049,BI-217,Reliable
LBY_002050,TR-066,Reliable
LBY_002051,GM-002,Reliable
LBY_002052,TR-199,Reliable
LBY_002053,ZA-258,Reliable
LBY_002054,MI-156,Reliable
LBY_002055,DA-067,Reliable
LBY_002056,WH-056,Reliable
LBY_002057,MA-118,Reliable
LBY_002058,MA-216,Reliable
LBY_002059,MA-167,Reliable
LBY_002060,JA-272,Reliable
LBY_002061,TR-489,Unrelaible
LBY_002062,KU-245,Reliable
LBY_002063,ZA-159,Reliable
LBY_002064,BI-150,Reliable
LBY_002065,TR-290,Reliable
LBY_002066,SI-019,Reliable
LBY_002067,MU-320,Reliable
LBY_002068,TR-134,Reliable
LBY_002069,JA-023,Unrelaible
LBY_002070,WM-063,Reliable
LBY_002071,KU-076,Reliable
LBY_002072,KU-158,Reliable
LBY_002073,JA-275,Reliable
LBY_002074,SI-044,Reliable
LBY_002075,ZA-007,Unrelaible
LBY_002076,JA-236,Reliable
LBY_002077,GA-229,Reliable
LBY_002078,AJ-029,Reliable
LBY_002079,DA-111,Reliable
LBY_002080,KO-003,Reliable
LBY_002081,KO-043,Reliable
LBY_002082,JA-254,Reliable
LBY_002083,BI-215,Reliable
LBY_002084,MI-383,Reliable
LBY_002085,TR-181,Reliable
LBY_002086,WM-342,Reliable
LBY_002087,BI-106,Reliable
LBY_002088,BI-475,Reliable
LBY_002089,MU-376,Reliable
LBY_002090,TR-013,Reliable
LBY_002091,JA-211,Reliable
LBY_002092,MI-167,Reliable
LBY_002093,SI-074,Reliable
LBY_002094,GM-114,Reliable
LBY_002095,MA-095,Reliable
LBY_002096,JA-175,Reliable
LBY_002097,MO-090,Reliable
LBY_002098,MO-027,Reliable
LBY_002099,MI-524,Reliable
LBY_002100,KU-183,Reliable
LBY_002101,DA-083,Reliable
LBY_002102,ZA-109,Reliable
LBY_002103,MI-184,Reliable
LBY_002104,MU-313,Reliable
LBY_002105,MU-243,Reliable
LBY_002106,ZA-110,Reliable
LBY_002107,ZA-027,Reliable
LBY_002108,JU-008,Reliable
LBY_002109,KU-077,Reliable
LBY_002110,MO-024,Reliable
LBY_002111,MO-087,Reliable
LBY_002112,KU-277,Reliable
LBY_002113,BI-032,Reliable
LBY_002114,BI-101,Reliable
LBY_002115,JA-193,Reliable
LBY_002116,WM-196,Reliable
LBY_002117,ZA-026,Reliable
LBY_002118,BI-070,Reliable
LBY_002119,BI-468,Reliable
LBY_002120,BI-068,Reliable
LBY_002121,TR-520,Reliable
LBY_002122,ZA-195,Reliable
LBY_002123,MI-465,Reliable
LBY_002124,BI-052,Reliable
LBY_002125,BI-463,Reliable
LBY_002126,BI-115,Reliable
LBY_002127,BI-476,Reliable
LBY_002128,DA-118,Reliable
LBY_002129,DA-173,Reliable
LBY_002130,TR-356,Reliable
LBY_002131,WM-104,Reliable
LBY_002132,WM-247,Reliable
LBY_002133,NA-031,Reliable
LBY_002134,GM-225,Reliable
LBY_002135,ZA-022,Reliable
LBY_002136,NA-089,Reliable
LBY_002137,MI-462,Reliable
LBY_002138,KU-131,Reliable
LBY_002139,WM-103,Reliable
LBY_002140,MU-039,Reliable
LBY_002141,ZA-021,Reliable
LBY_002142,MU-134,Reliable
LBY_002143,TR-152,Reliable
LBY_002144,TU-061,Reliable
LBY_002145,WM-195,Reliable
LBY_002146,DA-159,Reliable
LBY_002147,DA-071,Reliable
LBY_002148,KU-133,Reliable
LBY_002149,TU-083,Reliable
LBY_002150,JA-058,Reliable
LBY_002151,TR-179,Reliable
LBY_002152,BI-235,Reliable
LBY_002153,BI-253,Reliable
LBY_002154,DA-069,Reliable
LBY_002155,GM-207,Reliable
LBY_002156,BI-510,Reliable
LBY_002157,GM-038,Reliable
LBY_002158,DA-014,Reliable
LBY_002159,GA-002,Reliable
LBY_002160,ZA-008,Reliable
LBY_002161,AJ-045,Reliable
LBY_002162,WM-193,Reliable
LBY_002163,MU-006,Reliable
LBY_002164,KU-069,Reliable
LBY_002165,TU-020,Reliable
LBY_002166,WM-035,Reliable
LBY_002167,GM-004,Reliable
LBY_002168,ZA-029,Reliable
LBY_002169,BI-243,Reliable
LBY_002170,MI-463,Reliable
LBY_002171,MU-013,Reliable
LBY_002172,BI-058,Reliable
LBY_002173,WS-050,Reliable
LBY_002174,JA-022,Reliable
LBY_002175,BI-168,Reliable
LBY_002176,JA-124,Reliable
LBY_002177,KU-100,Reliable
LBY_002178,JA-202,Reliable
LBY_002179,TR-174,Reliable
LBY_002180,TR-373,Reliable
LBY_002181,WA-010,Reliable
LBY_002182,WM-068,Reliable
LBY_002183,WM-062,Reliable
LBY_002184,ZA-011,Reliable
LBY_002185,MI-528,Reliable
LBY_002186,ZA-203,Reliable
LBY_002187,WS-055,Unrelaible
LBY_002188,SI-046,Reliable
LBY_002189,DA-164,Reliable
LBY_002190,KU-072,Reliable
LBY_002191,WM-109,Reliable
LBY_002192,TU-062,Reliable
LBY_002193,SI-042,Reliable
LBY_002194,ZA-030,Reliable
LBY_002195,JA-207,Reliable
LBY_002196,WM-278,Reliable
LBY_002197,MU-160,Reliable
LBY_002198,MO-068,Reliable
LBY_002199,WM-194,Reliable
LBY_002200,AJ-021,Reliable
LBY_002201,WA-028,Reliable
LBY_002202,BI-097,Reliable
LBY_002203,GM-111,Reliable
LBY_002204,MU-382,Reliable
LBY_002205,KU-041,Reliable
LBY_002206,WM-164,Reliable
LBY_002207,MU-196,Reliable
LBY_002208,ZA-155,Reliable
LBY_002209,TU-055,Reliable
LBY_002210,MA-104,Reliable
LBY_002211,MI-083,Reliable
LBY_002212,TR-409,Reliable
LBY_002213,TU-090,Reliable
LBY_002214,KU-234,Reliable
LBY_002215,JA-035,Unrelaible
LBY_002216,TU-008,Reliable
LBY_002217,ZA-111,Reliable
LBY_002218,JA-112,Reliable
LBY_002219,GM-056,Reliable
LBY_002220,WM-013,Reliable
LBY_002221,WM-001,Reliable
LBY_002222,DA-068,Reliable
LBY_002223,JA-283,Reliable
LBY_002224,TR-375,Reliable
LBY_002225,BI-481,Unrelaible
LBY_002226,MI-493,Reliable
LBY_002227,WM-070,Reliable
LBY_002228,WM-069,Reliable
LBY_002229,WM-072,Reliable
LBY_002230,WM-377,Reliable
LBY_002231,MI-335,Reliable
LBY_002232,MI-105,Reliable
LBY_002233,NA-033,Reliable
LBY_002234,MI-495,Reliable
LBY_002235,MI-543,Reliable
LBY_002236,MI-508,Reliable
LBY_002237,MI-098,Reliable
LBY_002238,JA-194,Reliable
LBY_002239,MI-070,Reliable
LBY_002240,NA-123,Reliable
LBY_002241,JA-338,Reliable
LBY_002242,WM-041,Reliable
LBY_002243,KU-252,Reliable
LBY_002244,WM-116,Reliable
LBY_002245,MU-422,Reliable
LBY_002246,WM-187,Reliable
LBY_002247,SI-073,Reliable
LBY_002248,JA-028,Reliable
LBY_002249,MA-194,Reliable
LBY_002250,MA-043,Reliable
LBY_002251,JA-181,Reliable
LBY_002252,KU-075,Unrelaible
LBY_002253,GM-045,Reliable
LBY_002254,GM-212,Reliable
LBY_002255,MU-048,Reliable
LBY_002256,TR-380,Reliable
LBY_002257,KU-160,Reliable
LBY_002258,JA-033,Reliable
LBY_002259,DA-101,Reliable
LBY_002260,DA-167,Reliable
LBY_002261,MA-039,Reliable
LBY_002262,ZA-070,Reliable
LBY_002263,TR-510,Reliable
LBY_002264,TU-116,Reliable
LBY_002265,TU-113,Reliable
LBY_002266,TR-394,Reliable
LBY_002267,JA-113,Reliable
LBY_002268,MI-186,Reliable
LBY_002269,MA-175,Reliable
LBY_002270,TR-011,Reliable
LBY_002271,MU-195,Reliable
LBY_002272,WM-042,Reliable
LBY_002273,MU-384,Reliable
LBY_002274,NA-101,Reliable
LBY_002275,NA-102,Reliable
LBY_002276,MU-395,Reliable
LBY_002277,WM-071,Reliable
LBY_002278,TU-017,Reliable
LBY_002279,ZA-052,Reliable
LBY_002280,ZA-050,Reliable
LBY_002281,JA-286,Reliable
LBY_002282,TR-294,Reliable
LBY_002283,MI-015,Reliable
LBY_002284,BI-062,Reliable
LBY_002285,WM-051,Reliable
LBY_002286,BI-240,Reliable
LBY_002287,WM-050,Reliable
LBY_002288,WM-405,Reliable
LBY_002289,WM-263,Reliable
LBY_002290,JA-225,Reliable
LBY_002291,BI-076,Reliable
LBY_002292,BI-470,Reliable
LBY_002293,MU-170,Reliable
LBY_002294,KU-042,Reliable
LBY_002295,MI-542,Reliable
LBY_002296,TR-314,Reliable
LBY_002297,TR-401,Reliable
LBY_002298,MA-056,Reliable
LBY_002299,JA-212,Reliable
LBY_002300,DA-062,Reliable
LBY_002301,TR-057,Reliable
LBY_002302,GM-100,Reliable
LBY_002303,ZA-209,Reliable
LBY_002304,SI-012,Reliable
LBY_002305,ZA-208,Reliable
LBY_002306,ZA-046,Reliable
LBY_002307,MI-348,Reliable
LBY_002308,ZA-170,Reliable
LBY_002309,TR-495,Reliable
LBY_002310,MI-016,Reliable
LBY_002311,TR-008,Reliable
LBY_002312,ZA-051,Reliable
LBY_002313,AJ-042,Reliable
LBY_002314,MU-017,Reliable
LBY_002315,MI-233,Reliable
LBY_002316,MU-401,Reliable
LBY_002317,BI-267,Reliable
LBY_002318,KU-091,Reliable
LBY_002319,DA-123,Reliable
LBY_002320,MI-064,Reliable
LBY_002321,GM-077,Reliable
LBY_002322,JA-100,Reliable
LBY_002323,JA-241,Reliable
LBY_002324,MO-115,Reliable
LBY_002325,MO-073,Reliable
LBY_002326,ZA-062,Reliable
LBY_002327,MI-168,Reliable
LBY_002328,JA-144,Reliable
LBY_002329,MO-064,Reliable
LBY_002330,MI-474,Reliable
LBY_002331,MI-479,Reliable
LBY_002332,WH-045,Reliable
LBY_002333,WH-054,Reliable
LBY_002334,ZA-190,Reliable
LBY_002335,JA-039,Reliable
LBY_002336,AJ-014,Reliable
LBY_002337,JA-139,Reliable
LBY_002338,ZA-049,Reliable
LBY_002339,ZA-048,Reliable
LBY_002340,GM-066,Reliable
LBY_002341,GM-009,Reliable
LBY_002342,TU-091,Reliable
LBY_002343,ZA-210,Reliable
LBY_002344,ZA-118,Reliable
LBY_002345,JA-030,Reliable
LBY_002346,JA-312,Reliable
LBY_002347,ZA-047,Reliable
LBY_002348,MI-185,Reliable
LBY_002349,JA-130,Reliable
LBY_002350,JA-156,Reliable
LBY_002351,NA-116,Reliable
LBY_002352,MI-497,Reliable
LBY_002353,KU-143,Reliable
LBY_002354,MA-126,Reliable
LBY_002355,MA-218,Reliable
LBY_002356,BI-517,Reliable
LBY_002357,BI-006,Reliable
LBY_002358,DA-102,Reliable
LBY_002359,BI-144,Reliable
LBY_002360,BI-135,Reliable
LBY_002361,TU-077,Reliable
LBY_002362,TR-242,Reliable
LBY_002363,WS-062,Reliable
LBY_002364,TR-240,Reliable
LBY_002365,TR-395,Unrelaible
LBY_002366,BI-140,Reliable
LBY_002367,MI-311,Reliable
LBY_002368,JA-224,Reliable
LBY_002369,GM-075,Reliable
LBY_002370,KO-047,Reliable
LBY_002371,KO-017,Reliable
LBY_002372,TR-178,Reliable
LBY_002373,DA-057,Reliable
LBY_002374,DA-157,Reliable
LBY_002375,DA-052,Reliable
LBY_002376,ZA-093,Reliable
LBY_002377,MI-544,Reliable
LBY_002378,WM-223,Reliable
LBY_002379,MU-023,Reliable
LBY_002380,BI-100,Reliable
LBY_002381,BI-270,Reliable
LBY_002382,SA-037,Reliable
LBY_002383,ZA-061,Reliable
LBY_002384,MU-366,Reliable
LBY_002385,JA-002,Reliable
LBY_002386,DA-022,Reliable
LBY_002387,DA-142,Reliable
LBY_002388,AJ-016,Reliable
LBY_002389,ZA-114,Reliable
LBY_002390,ZA-094,Reliable
LBY_002391,JU-071,Reliable
LBY_002392,TR-478,Reliable
LBY_002393,KU-008,Reliable
LBY_002394,GM-043,Reliable
LBY_002395,GM-211,Unrelaible
LBY_002396,WM-221,Reliable
LBY_002397,WS-061,Reliable
LBY_002398,MI-137,Reliable
LBY_002399,GM-124,Reliable
LBY_002400,SI-015,Reliable
LBY_002401,JA-217,Reliable
LBY_002402,MU-161,Reliable
LBY_002403,TU-085,Reliable
LBY_002404,NA-097,Reliable
LBY_002405,MU-046,Reliable
LBY_002406,TR-270,Reliable
LBY_002407,ZA-067,Reliable
LBY_002408,WA-037,Reliable
LBY_002409,MI-360,Reliable
LBY_002410,TR-059,Reliable
LBY_002411,TU-092,Reliable
LBY_002412,KU-150,Reliable
LBY_002413,KU-001,Reliable
LBY_002414,MO-098,Reliable
LBY_002415,MO-040,Reliable
LBY_002416,JA-118,Reliable
LBY_002417,NA-045,Reliable
LBY_002418,GM-226,Reliable
LBY_002419,GM-118,Reliable
LBY_002420,TR-471,Reliable
LBY_002421,WM-355,Reliable
LBY_002422,MI-300,Reliable
LBY_002423,DA-153,Reliable
LBY_002424,DA-043,Reliable
LBY_002425,WM-030,Reliable
LBY_002426,DA-060,Reliable
LBY_002427,WA-013,Reliable
LBY_002428,DA-127,Reliable
LBY_002429,NA-079,Reliable
LBY_002430,TU-135,Reliable
LBY_002431,TR-513,Reliable
LBY_002432,JU-017,Reliable
LBY_002433,WM-339,Reliable
LBY_002434,TR-249,Reliable
LBY_002435,JA-227,Reliable
LBY_002436,ZA-137,Reliable
LBY_002437,NA-085,Reliable
LBY_002438,TR-234,Reliable
LBY_002439,MI-172,Reliable
LBY_002440,WS-074,Reliable
LBY_002441,BI-149,Reliable
LBY_002442,TU-011,Reliable
LBY_002443,MU-183,Reliable
LBY_002444,DA-177,Reliable
LBY_002445,WS-069,Reliable
LBY_002446,JU-040,Reliable
LBY_002447,SA-059,Reliable
LBY_002448,JA-184,Reliable
LBY_002449,JU-064,Reliable
LBY_002450,KU-035,Reliable
LBY_002451,JA-158,Reliable
LBY_002452,TR-514,Reliable
LBY_002453,DA-161,Reliable
LBY_002454,DA-075,Reliable
LBY_002455,DA-023,Reliable
LBY_002456,MI-529,Reliable
LBY_002457,BI-213,Reliable
LBY_002458,MU-182,Reliable
LBY_002459,DA-124,Reliable
LBY_002460,DA-176,Reliable
LBY_002461,AJ-002,Reliable
LBY_002462,DA-098,Reliable
LBY_002463,NA-003,Reliable
LBY_002464,TR-370,Reliable
LBY_002465,MU-309,Reliable
LBY_002466,WM-329,Reliable
LBY_002467,DA-081,Reliable
LBY_002468,MI-025,Reliable
LBY_002469,KU-081,Reliable
LBY_002470,KU-080,Reliable
LBY_002471,JA-259,Reliable
LBY_002472,MU-311,Reliable
LBY_002473,MU-181,Reliable
LBY_002474,WH-017,Reliable
LBY_002475,MI-158,Reliable
LBY_002476,KU-082,Reliable
LBY_002477,JU-032,Reliable
LBY_002478,JU-062,Reliable
LBY_002479,WH-018,Reliable
LBY_002480,WS-071,Reliable
LBY_002481,MI-038,Reliable
LBY_002482,MI-103,Reliable
LBY_002483,JU-031,Reliable
LBY_002484,JU-061,Reliable
LBY_002485,JA-031,Reliable
LBY_002486,JA-108,Reliable
LBY_002487,TR-565,Reliable
LBY_002488,JA-032,Reliable
LBY_002489,JA-182,Reliable
LBY_002490,JA-176,Reliable
LBY_002491,WM-188,Reliable
LBY_002492,MA-206,Reliable
LBY_002493,MA-064,Reliable
LBY_002494,WH-014,Reliable
LBY_002495,KU-037,Reliable
LBY_002496,WM-049,Reliable
LBY_002497,MI-276,Reliable
LBY_002498,MA-074,Reliable
LBY_002499,MU-142,Reliable
LBY_002500,WM-107,Reliable
LBY_002501,MI-213,Reliable
LBY_002502,WM-373,Reliable
LBY_002503,JA-263,Reliable
LBY_002504,MI-373,Reliable
LBY_002505,NA-109,Reliable
LBY_002506,MI-374,Reliable
LBY_002507,WM-150,Reliable
LBY_002508,MU-409,Reliable
LBY_002509,MI-277,Reliable
LBY_002510,WM-190,Reliable
LBY_002511,MI-326,Reliable
LBY_002512,NA-108,Reliable
LBY_002513,MU-410,Reliable
LBY_002514,MU-380,Reliable
LBY_002515,MI-476,Reliable
LBY_002516,ZA-043,Reliable
LBY_002517,ZA-044,Reliable
LBY_002518,WM-012,Reliable
LBY_002519,MI-013,Reliable
LBY_002520,DA-107,Reliable
LBY_002521,DA-171,Reliable
LBY_002522,WM-417,Reliable
LBY_002523,MI-541,Reliable
LBY_002524,AJ-026,Reliable
LBY_002525,GM-096,Unrelaible
LBY_002526,TU-063,Reliable
LBY_002527,MI-183,Reliable
LBY_002528,MU-412,Reliable
LBY_002529,MO-029,Reliable
LBY_002530,GM-094,Reliable
LBY_002531,GM-070,Reliable
LBY_002532,DA-049,Reliable
LBY_002533,GM-086,Reliable
LBY_002534,TR-261,Unrelaible
LBY_002535,WM-084,Reliable
LBY_002536,MU-240,Reliable
LBY_002537,KU-052,Reliable
LBY_002538,TR-042,Reliable
LBY_002539,MU-117,Reliable
LBY_002540,BI-477,Reliable
LBY_002541,BI-118,Reliable
LBY_002542,MU-141,Reliable
LBY_002543,JA-055,Reliable
LBY_002544,JA-013,Reliable
LBY_002545,JA-231,Reliable
LBY_002546,GM-126,Reliable
LBY_002547,ZA-132,Reliable
LBY_002548,DA-090,Reliable
LBY_002549,MI-189,Reliable
LBY_002550,SI-008,Reliable
LBY_002551,MI-090,Reliable
LBY_002552,MU-260,Reliable
LBY_002553,GM-119,Reliable
LBY_002554,TU-071,Reliable
LBY_002555,MU-411,Reliable
LBY_002556,NA-074,Reliable
LBY_002557,MI-381,Reliable
LBY_002558,BI-193,Reliable
LBY_002559,SI-045,Reliable
LBY_002560,MI-536,Reliable
LBY_002561,WM-353,Reliable
LBY_002562,WM-410,Reliable
LBY_002563,MA-159,Reliable
LBY_002564,ZA-217,Reliable
LBY_002565,MI-520,Reliable
LBY_002566,GM-228,Reliable
LBY_002567,GM-185,Reliable
LBY_002568,BI-271,Reliable
LBY_002569,WA-402,Reliable
LBY_002570,BI-220,Reliable
LBY_002571,MA-094,Reliable
LBY_002572,MI-390,Reliable
LBY_002573,MO-061,Reliable
LBY_002574,MO-108,Reliable
LBY_002575,GM-132,Reliable
LBY_002576,GM-153,Unrelaible
LBY_002577,MU-374,Reliable
LBY_002578,BI-013,Reliable
LBY_002579,KU-063,Reliable
LBY_002580,BI-017,Reliable
LBY_002581,TR-049,Reliable
LBY_002582,KU-208,Reliable
LBY_002583,SI-058,Reliable
LBY_002584,KU-096,Reliable
LBY_002585,ZA-075,Reliable
LBY_002586,MU-123,Reliable
LBY_002587,JU-025,Reliable
LBY_002588,SA-098,Reliable
LBY_002589,SA-054,Reliable
LBY_002590,TU-021,Reliable
LBY_002591,JU-060,Reliable
LBY_002592,WM-212,Reliable
LBY_002593,MA-215,Reliable
LBY_002594,GM-110,Reliable
LBY_002595,MA-116,Reliable
LBY_002596,MO-072,Reliable
LBY_002597,MI-397,Reliable
LBY_002598,MO-114,Reliable
LBY_002599,TR-022,Reliable
LBY_002600,MI-101,Reliable
LBY_002601,KU-062,Reliable
LBY_002602,BI-230,Reliable
LBY_002603,TR-372,Reliable
LBY_002604,NA-115,Reliable
LBY_002605,MI-415,Reliable
LBY_002606,JA-026,Reliable
LBY_002607,WM-094,Reliable
LBY_002608,BI-191,Reliable
LBY_002609,MI-238,Reliable
LBY_002610,JA-311,Reliable
LBY_002611,JA-141,Reliable
LBY_002612,TR-567,Reliable
LBY_002613,KU-064,Reliable
LBY_002614,TR-187,Reliable
LBY_002615,GM-145,Reliable
LBY_002616,SA-029,Reliable
LBY_002617,NA-130,Reliable
LBY_002618,MU-044,Reliable
LBY_002619,TR-496,Reliable
LBY_002620,NA-026,Reliable
LBY_002621,SI-029,Reliable
LBY_002622,TU-119,Reliable
LBY_002623,TU-118,Reliable
LBY_002624,WM-183,Reliable
LBY_002625,JA-076,Reliable
LBY_002626,WH-020,Reliable
LBY_002627,TR-506,Reliable
LBY_002628,TR-133,Reliable
LBY_002629,BI-147,Reliable
LBY_002630,WH-019,Reliable
LBY_002631,JA-171,Reliable
LBY_002632,JA-168,Reliable
LBY_002633,BI-119,Reliable
LBY_002634,GA-011,Reliable
LBY_002635,GA-007,Reliable
LBY_002636,TR-371,Reliable
LBY_002637,WM-087,Reliable
LBY_002638,WS-044,Reliable
LBY_002639,BI-246,Reliable
LBY_002640,BI-506,Reliable
LBY_002641,WM-045,Reliable
LBY_002642,TR-282,Reliable
LBY_002643,MU-361,Reliable
LBY_002644,TR-396,Reliable
LBY_002645,MU-365,Reliable
LBY_002646,TR-296,Reliable
LBY_002647,BI-236,Reliable
LBY_002648,WM-021,Reliable
LBY_002649,MO-020,Reliable
LBY_002650,MO-019,Reliable
LBY_002651,ZA-112,Reliable
LBY_002652,BI-134,Reliable
LBY_002653,WM-020,Reliable
LBY_002654,WM-022,Reliable
LBY_002655,JA-167,Reliable
LBY_002656,WM-285,Reliable
LBY_002657,WM-286,Reliable
LBY_002658,MA-127,Reliable
LBY_002659,WM-024,Reliable
LBY_002660,GM-026,Reliable
LBY_002661,SA-034,Reliable
LBY_002662,KU-106,Reliable
LBY_002663,MI-523,Reliable
LBY_002664,ZA-135,Reliable
LBY_002665,KU-095,Unrelaible
LBY_002666,MU-140,Reliable
LBY_002667,TR-039,Reliable
LBY_002668,KU-094,Reliable
LBY_002669,MO-017,Reliable
LBY_002670,WH-023,Reliable
LBY_002671,MI-327,Reliable
LBY_002672,MO-043,Reliable
LBY_002673,MI-219,Reliable
LBY_002674,ZA-120,Reliable
LBY_002675,JA-273,Reliable
LBY_002676,TR-038,Reliable
LBY_002677,MI-118,Reliable
LBY_002678,JA-080,Reliable
LBY_002679,ZA-057,Reliable
LBY_002680,ZA-059,Reliable
LBY_002681,ZA-060,Reliable
LBY_002682,BI-171,Reliable
LBY_002683,TU-100,Reliable
LBY_002684,WM-202,Reliable
LBY_002685,MI-359,Reliable
LBY_002686,TR-408,Reliable
LBY_002687,MO-022,Reliable
LBY_002688,TR-376,Reliable
LBY_002689,WA-012,Reliable
LBY_002690,TR-252,Reliable
LBY_002691,BI-088,Reliable
LBY_002692,KU-199,Reliable
LBY_002693,DA-065,Reliable
LBY_002694,GM-053,Reliable
LBY_002695,JA-105,Reliable
LBY_002696,KU-198,Reliable
LBY_002697,WS-039,Reliable
LBY_002698,WM-347,Reliable
LBY_002699,GM-051,Reliable
LBY_002700,MI-452,Reliable
LBY_002701,GM-217,Reliable
LBY_002702,JA-279,Reliable
LBY_002703,SI-023,Reliable
LBY_002704,JU-012,Reliable
LBY_002705,MI-192,Reliable
LBY_002706,AJ-037,Reliable
LBY_002707,BI-085,Reliable
LBY_002708,WM-140,Reliable
LBY_002709,WM-201,Reliable
LBY_002710,BI-003,Reliable
LBY_002711,MU-063,Reliable
LBY_002712,BI-516,Reliable
LBY_002713,KU-044,Reliable
LBY_002714,KU-045,Reliable
LBY_002715,TR-268,Reliable
LBY_002716,JA-061,Reliable
LBY_002717,MI-008,Reliable
LBY_002718,TR-051,Reliable
LBY_002719,BI-462,Reliable
LBY_002720,BI-051,Reliable
LBY_002721,JA-064,Reliable
LBY_002722,TR-545,Reliable
LBY_002723,KU-108,Reliable
LBY_002724,KU-107,Reliable
LBY_002725,AJ-038,Reliable
LBY_002726,MI-517,Reliable
LBY_002727,GM-117,Reliable
LBY_002728,MU-234,Reliable
LBY_002729,WM-184,Reliable
LBY_002730,JA-036,Reliable
LBY_002731,SA-048,Reliable
LBY_002732,SA-096,Reliable
LBY_002733,MI-040,Reliable
LBY_002734,TR-028,Reliable
LBY_002735,GM-149,Unrelaible
LBY_002736,GM-136,Reliable
LBY_002737,GM-134,Reliable
LBY_002738,JA-246,Reliable
LBY_002739,TR-363,Reliable
LBY_002740,WM-112,Reliable
LBY_002741,JU-013,Reliable
LBY_002742,JA-070,Reliable
LBY_002743,GM-039,Reliable
LBY_002744,BI-203,Reliable
LBY_002745,MU-128,Reliable
LBY_002746,JA-155,Reliable
LBY_002747,MU-268,Reliable
LBY_002748,TR-012,Reliable
LBY_002749,MI-436,Reliable
LBY_002750,MA-110,Reliable
LBY_002751,GM-108,Unrelaible
LBY_002752,GM-116,Reliable
LBY_002753,SI-031,Reliable
LBY_002754,BI-248,Reliable
LBY_002755,BI-508,Reliable
LBY_002756,AJ-015,Reliable
LBY_002757,TR-196,Reliable
LBY_002758,GM-028,Reliable
LBY_002759,GM-201,Reliable
LBY_002760,NA-078,Reliable
LBY_002761,WA-002,Reliable
LBY_002762,WM-386,Reliable
LBY_002763,DA-154,Reliable
LBY_002764,DA-044,Reliable
LBY_002765,AJ-001,Reliable
LBY_002766,MI-370,Reliable
LBY_002767,MU-072,Reliable
LBY_002768,TR-035,Reliable
LBY_002769,JA-161,Reliable
LBY_002770,BI-502,Reliable
LBY_002771,BI-239,Reliable
LBY_002772,WM-200,Reliable
LBY_002773,NA-035,Reliable
LBY_002774,WS-038,Reliable
LBY_002775,KU-047,Reliable
LBY_002776,SI-057,Reliable
LBY_002777,TU-073,Reliable
LBY_002778,BI-459,Reliable
LBY_002779,BI-040,Reliable
LBY_002780,GM-057,Reliable
LBY_002781,ZA-172,Reliable
LBY_002782,JA-075,Reliable
LBY_002783,JA-069,Reliable
LBY_002784,JA-258,Reliable
LBY_002785,MA-146,Reliable
LBY_002786,JA-053,Reliable
LBY_002787,WM-203,Reliable
LBY_002788,TR-149,Reliable
LBY_002789,TR-407,Reliable
LBY_002790,MA-048,Reliable
LBY_002791,MU-008,Reliable
LBY_002792,JA-288,Reliable
LBY_002793,MA-148,Reliable
LBY_002794,SI-010,Reliable
LBY_002795,BI-061,Reliable
LBY_002796,ZA-053,Reliable
LBY_002797,MI-315,Reliable
LBY_002798,WM-320,Reliable
LBY_002799,WS-005,Reliable
LBY_002800,JA-040,Reliable
LBY_002801,JA-065,Reliable
LBY_002802,TR-072,Reliable
LBY_002803,BI-256,Reliable
LBY_002804,MU-187,Reliable
LBY_002805,JA-044,Reliable
LBY_002806,TU-089,Reliable
LBY_002807,JA-204,Unrelaible
LBY_002808,JA-199,Reliable
LBY_002809,WH-036,Reliable
LBY_002810,BI-063,Reliable
LBY_002811,TR-360,Reliable
LBY_002812,ZA-187,Reliable
LBY_002813,KO-030,Reliable
LBY_002814,MA-045,Reliable
LBY_002815,MU-018,Reliable
LBY_002816,MA-132,Reliable
LBY_002817,MA-219,Reliable
LBY_002818,JA-054,Reliable
LBY_002819,WM-321,Reliable
LBY_002820,TR-295,Reliable
LBY_002821,ZA-058,Reliable
LBY_002822,ZA-119,Unrelaible
LBY_002823,MA-131,Reliable
LBY_002824,KU-144,Reliable
LBY_002825,KU-228,Reliable
LBY_002826,KU-227,Reliable
LBY_002827,TR-267,Reliable
LBY_002828,JA-052,Reliable
LBY_002829,MI-316,Reliable
LBY_002830,BI-151,Reliable
LBY_002831,MI-317,Reliable
LBY_002832,TR-523,Reliable
LBY_002833,JA-299,Reliable
LBY_002834,WA-029,Unrelaible
LBY_002835,ZA-055,Reliable
LBY_002836,ZA-056,Reliable
LBY_002837,MU-262,Reliable
LBY_002838,ZA-054,Reliable
LBY_002839,ZA-091,Reliable
LBY_002840,BI-129,Reliable
LBY_002841,NA-132,Unrelaible
LBY_002842,SA-030,Reliable
LBY_002843,KU-229,Reliable
LBY_002844,MU-375,Reliable
LBY_002845,MI-073,Unrelaible
LBY_002846,TU-004,Reliable
LBY_002847,JA-110,Reliable
LBY_002848,MA-117,Reliable
LBY_002849,ZA-122,Unrelaible
LBY_002850,ZA-121,Reliable
LBY_002851,WS-043,Reliable
LBY_002852,KU-145,Reliable
LBY_002853,DA-059,Reliable
LBY_002854,SI-018,Reliable
LBY_002855,GM-018,Reliable
LBY_002856,TR-463,Reliable
LBY_002857,MI-109,Reliable
LBY_002858,WM-264,Unrelaible
LBY_002859,TR-547,Reliable
LBY_002860,WH-051,Reliable
LBY_002861,MI-223,Reliable
LBY_002862,WA-023,Reliable
LBY_002863,SA-056,Reliable
LBY_002864,SA-099,Reliable
LBY_002865,WM-322,Reliable
LBY_002866,BI-491,Reliable
LBY_002867,KU-092,Reliable
LBY_002868,TR-518,Reliable
LBY_002869,BI-190,Reliable
LBY_002870,TU-030,Reliable
LBY_002871,TR-269,Reliable
LBY_002872,MU-306,Reliable
LBY_002873,JA-083,Reliable
LBY_002874,WM-082,Reliable
LBY_002875,TU-104,Reliable
LBY_002876,TU-099,Reliable
LBY_002877,TR-071,Reliable
LBY_002878,BI-089,Reliable
LBY_002879,DA-006,Reliable
LBY_002880,DA-180,Reliable
LBY_002881,MU-191,Reliable
LBY_002882,MI-152,Reliable
LBY_002883,JA-146,Reliable
LBY_002884,JA-164,Reliable
LBY_002885,MI-190,Reliable
LBY_002886,SA-035,Reliable
LBY_002887,MA-193,Reliable
LBY_002888,MA-034,Reliable
LBY_002889,WM-204,Reliable
LBY_002890,MA-065,Reliable
LBY_002891,MI-434,Reliable
LBY_002892,MA-207,Reliable
LBY_002893,MU-058,Reliable
LBY_002894,GM-197,Reliable
LBY_002895,GM-023,Reliable
LBY_002896,BI-251,Reliable
LBY_002897,WM-106,Reliable
LBY_002898,JA-183,Reliable
LBY_002899,TU-072,Reliable
LBY_002900,NA-125,Reliable
LBY_002901,MI-510,Reliable
LBY_002902,KU-046,Reliable
LBY_002903,WM-095,Reliable
LBY_002904,JA-306,Reliable
LBY_002905,BI-177,Reliable
LBY_002906,MA-075,Reliable
LBY_002907,SI-098,Reliable
LBY_002908,GM-092,Reliable
LBY_002909,DA-109,Reliable
LBY_002910,DA-172,Reliable
LBY_002911,MA-223,Reliable
LBY_002912,MU-257,Reliable
LBY_002913,MA-204,Reliable
LBY_002914,WM-348,Reliable
LBY_002915,MA-061,Reliable
LBY_002916,WM-141,Reliable
LBY_002917,ZA-211,Reliable
LBY_002918,AJ-032,Reliable
LBY_002919,WM-015,Reliable
LBY_002920,MI-017,Reliable
LBY_002921,MU-249,Reliable
LBY_002922,MI-264,Reliable
LBY_002923,JA-148,Reliable
LBY_002924,WA-003,Reliable
LBY_002925,SI-097,Reliable
LBY_002926,GA-027,Reliable
LBY_002927,WM-142,Reliable
LBY_002928,ZA-063,Reliable
LBY_002929,BI-069,Reliable
LBY_002930,BI-066,Reliable
LBY_002931,MU-002,Reliable
LBY_002932,WM-078,Reliable
LBY_002933,JA-309,Reliable
LBY_002934,MU-372,Reliable
LBY_002935,TU-102,Reliable
LBY_002936,GM-224,Reliable
LBY_002937,GM-107,Reliable
LBY_002938,ZA-076,Reliable
LBY_002939,MI-368,Reliable
LBY_002940,BI-180,Reliable
LBY_002941,BI-487,Reliable
LBY_002942,MU-415,Reliable
LBY_002943,DA-080,Reliable
LBY_002944,GM-073,Reliable
LBY_002945,JA-245,Reliable
LBY_002946,DA-055,Reliable
LBY_002947,BI-257,Reliable
LBY_002948,ZA-102,Reliable
LBY_002949,MI-048,Reliable
LBY_002950,MI-279,Reliable
LBY_002951,MI-111,Reliable
LBY_002952,SI-091,Reliable
LBY_002953,WM-362,Reliable
LBY_002954,MI-532,Reliable
LBY_002955,MI-136,Reliable
LBY_002956,WM-330,Reliable
LBY_002957,JA-247,Reliable
LBY_002958,MO-065,Reliable
LBY_002959,MO-110,Reliable
LBY_002960,MO-112,Reliable
LBY_002961,MO-069,Reliable
LBY_002962,TR-378,Reliable
LBY_002963,TR-185,Reliable
LBY_002964,TR-154,Reliable
LBY_002965,SI-020,Reliable
LBY_002966,NA-098,Reliable
LBY_002967,ZA-096,Reliable
LBY_002968,JU-016,Reliable
LBY_002969,TR-166,Reliable
LBY_002970,MO-010,Reliable
LBY_002971,MU-217,Reliable
LBY_002972,WA-018,Reliable
LBY_002973,MU-397,Reliable
LBY_002974,TR-144,Reliable
LBY_002975,JA-151,Reliable
LBY_002976,JA-250,Reliable
LBY_002977,MI-488,Reliable
LBY_002978,MI-125,Reliable
LBY_002979,MI-006,Reliable
LBY_002980,TU-114,Reliable
LBY_002981,MO-037,Reliable
LBY_002982,MO-120,Reliable
LBY_002983,BI-451,Reliable
LBY_002983,BI-451,Reliable
LBY_002984,MU-190,Reliable
LBY_002985,TR-241,Reliable
LBY_002986,TR-031,Reliable
LBY_002987,WM-080,Reliable
LBY_002988,GM-216,Reliable
LBY_002989,GM-050,Reliable
LBY_002990,MI-112,Reliable
LBY_002991,KU-065,Reliable
LBY_002992,SA-050,Reliable
LBY_002993,MI-442,Reliable
LBY_002994,JA-159,Reliable
LBY_002995,MI-369,Reliable
LBY_002996,MO-105,Reliable
LBY_002997,MO-054,Reliable
LBY_002998,TR-298,Reliable
LBY_002999,NA-046,Reliable
LBY_003000,MU-370,Reliable
LBY_003001,WM-219,Reliable
LBY_003002,SA-063,Reliable
LBY_003003,MO-099,Reliable
LBY_003004,MO-042,Unrelaible
LBY_003005,WM-287,Reliable
LBY_003006,MI-174,Reliable
LBY_003007,TR-299,Reliable
LBY_003008,BI-181,Reliable
LBY_003009,MU-028,Reliable
LBY_003010,MU-229,Reliable
LBY_003011,WM-216,Reliable
LBY_003012,DA-040,Reliable
LBY_003013,MA-001,Reliable
LBY_003014,WA-008,Reliable
LBY_003015,KO-025,Reliable
LBY_003016,MI-124,Reliable
LBY_003017,JA-068,Reliable
LBY_003018,MU-427,Reliable
LBY_003019,MU-061,Reliable
LBY_003020,MU-029,Reliable
LBY_003021,TR-116,Reliable
LBY_003022,MO-046,Reliable
LBY_003023,MO-100,Reliable
LBY_003024,KU-152,Reliable
LBY_003025,BI-123,Reliable
LBY_003026,SI-014,Reliable
LBY_003027,ZA-078,Reliable
LBY_003028,WM-366,Reliable
LBY_003029,MU-115,Reliable
LBY_003030,MI-496,Reliable
LBY_003031,TR-288,Reliable
LBY_003032,DA-093,Reliable
LBY_003033,DA-165,Reliable
LBY_003034,WM-396,Reliable
LBY_003035,MI-283,Reliable
LBY_003036,TR-027,Reliable
LBY_003037,MI-065,Reliable
LBY_003038,ZA-077,Reliable
LBY_003039,DA-163,Reliable
LBY_003040,DA-087,Reliable
LBY_003041,GM-093,Reliable
LBY_003042,MI-468,Reliable
LBY_003043,WM-395,Reliable
LBY_003044,MI-506,Reliable
LBY_003045,TR-197,Reliable
LBY_003046,GM-151,Reliable
LBY_003047,MI-067,Reliable
LBY_003048,WM-338,Reliable
LBY_003049,WM-213,Reliable
LBY_003050,TR-180,Reliable
LBY_003051,WA-015,Reliable
LBY_003052,TR-528,Reliable
LBY_003053,MI-328,Unrelaible
LBY_003054,MI-143,Reliable
LBY_003055,MO-113,Reliable
LBY_003056,MO-071,Reliable
LBY_003057,ZA-136,Reliable
LBY_003058,WM-153,Reliable
LBY_003059,KU-210,Reliable
LBY_003060,SA-006,Reliable
LBY_003061,SA-079,Reliable
LBY_003062,TU-134,Reliable
LBY_003063,WM-234,Reliable
LBY_003064,MU-150,Reliable
LBY_003065,DA-114,Reliable
LBY_003066,BI-453,Reliable
LBY_003067,KU-006,Reliable
LBY_003068,SI-022,Reliable
LBY_003069,BI-026,Reliable
LBY_003070,MA-160,Reliable
LBY_003071,GM-133,Reliable
LBY_003072,WA-017,Reliable
LBY_003073,MI-505,Reliable
LBY_003074,MI-215,Reliable
LBY_003075,KU-209,Reliable
LBY_003076,ZA-193,Reliable
LBY_003077,WS-072,Reliable
LBY_003078,MO-086,Reliable
LBY_003079,MO-021,Reliable
LBY_003080,MU-057,Reliable
LBY_003081,NA-037,Reliable
LBY_003082,KU-097,Reliable
LBY_003083,ZA-232,Reliable
LBY_003084,KU-098,Reliable
LBY_003085,TU-046,Reliable
LBY_003086,GM-082,Reliable
LBY_003087,GM-084,Reliable
LBY_003088,MI-003,Reliable
LBY_003089,KU-151,Reliable
LBY_003090,GM-078,Reliable
LBY_003091,MI-467,Reliable
LBY_003092,GM-074,Reliable
LBY_003093,TU-084,Reliable
LBY_003094,TU-133,Reliable
LBY_003095,AJ-034,Reliable
LBY_003096,TR-019,Reliable
LBY_003097,MU-273,Reliable
LBY_003098,WM-233,Reliable
LBY_003099,WA-004,Reliable
LBY_003100,BI-212,Reliable
LBY_003101,MU-078,Reliable
LBY_003102,MI-445,Reliable
LBY_003103,JA-062,Reliable
LBY_003104,BI-519,Reliable
LBY_003105,BI-012,Reliable
LBY_003106,NA-096,Reliable
LBY_003107,NA-023,Reliable
LBY_003108,TR-190,Reliable
LBY_003109,JA-106,Reliable
LBY_003110,NA-016,Reliable
LBY_003111,BI-060,Reliable
LBY_003112,ZA-221,Reliable
LBY_003113,JA-145,Reliable
LBY_003114,SA-033,Reliable
LBY_003115,SA-091,Reliable
LBY_003116,MI-144,Reliable
LBY_003117,MI-513,Reliable
LBY_003118,WH-046,Reliable
LBY_003119,ZA-218,Reliable
LBY_003120,TR-276,Reliable
LBY_003121,GM-146,Reliable
LBY_003122,WM-217,Reliable
LBY_003123,WS-030,Reliable
LBY_003124,BI-473,Reliable
LBY_003125,ZA-088,Reliable
LBY_003126,NA-061,Reliable
LBY_003127,MO-041,Reliable
LBY_003128,TR-050,Reliable
LBY_003129,JA-251,Reliable
LBY_003130,BI-095,Reliable
LBY_003131,JA-255,Reliable
LBY_003132,TR-303,Reliable
LBY_003133,BI-457,Reliable
LBY_003134,BI-034,Reliable
LBY_003135,BI-111,Reliable
LBY_003136,GM-227,Reliable
LBY_003137,GM-121,Reliable
LBY_003138,ZA-207,Reliable
LBY_003139,KU-066,Reliable
LBY_003140,MU-163,Reliable
LBY_003141,GM-147,Reliable
LBY_003142,MU-109,Reliable
LBY_003143,AJ-022,Reliable
LBY_003144,BI-067,Reliable
LBY_003145,BI-467,Unrelaible
LBY_003146,WA-031,Reliable
LBY_003147,TR-309,Reliable
LBY_003148,WH-010,Unrelaible
LBY_003149,WH-057,Reliable
LBY_003150,WH-008,Reliable
LBY_003151,BI-187,Reliable
LBY_003152,TR-385,Reliable
LBY_003153,JA-147,Reliable
LBY_003154,MO-084,Reliable
LBY_003155,MU-391,Reliable
LBY_003156,WS-016,Reliable
LBY_003157,KU-111,Reliable
LBY_003158,TU-066,Reliable
LBY_003159,GM-035,Reliable
LBY_003160,MU-322,Reliable
LBY_003161,MA-226,Reliable
LBY_003162,MU-139,Reliable
LBY_003163,MA-057,Reliable
LBY_003164,GM-229,Reliable
LBY_003165,DA-010,Reliable
LBY_003166,JA-276,Reliable
LBY_003167,MO-007,Reliable
LBY_003168,TR-541,Reliable
LBY_003169,SI-038,Reliable
LBY_003170,BI-064,Reliable
LBY_003171,WM-294,Reliable
LBY_003172,MU-067,Reliable
LBY_003173,TU-132,Reliable
LBY_003174,DA-135,Reliable
LBY_003175,GM-187,Reliable
LBY_003176,GM-011,Reliable
LBY_003177,MI-431,Reliable
LBY_003178,TR-239,Reliable
LBY_003179,DA-170,Reliable
LBY_003180,MU-026,Reliable
LBY_003181,TR-023,Reliable
LBY_003182,MI-042,Reliable
LBY_003183,JA-122,Reliable
LBY_003184,DA-110,Reliable
LBY_003185,TU-076,Reliable
LBY_003186,ZA-117,Reliable
LBY_003187,MU-025,Reliable
LBY_003188,BI-048,Reliable
LBY_003189,MU-214,Reliable
LBY_003190,WA-006,Reliable
LBY_003191,JA-237,Reliable
LBY_003192,MU-377,Reliable
LBY_003193,JA-163,Reliable
LBY_003194,MI-068,Reliable
LBY_003195,TR-404,Reliable
LBY_003196,MU-211,Reliable
LBY_003197,SI-089,Reliable
LBY_003198,MI-255,Reliable
LBY_003199,WM-403,Reliable
LBY_003200,MI-133,Reliable
LBY_003201,MI-220,Reliable
LBY_003202,MI-117,Reliable
LBY_003203,NA-090,Reliable
LBY_003204,BI-228,Reliable
LBY_003205,ZA-181,Reliable
LBY_003206,MI-237,Reliable
LBY_003207,SA-089,Reliable
LBY_003208,WM-211,Reliable
LBY_003209,TR-369,Reliable
LBY_003210,JA-116,Reliable
LBY_003211,WS-054,Reliable
LBY_003212,MI-461,Reliable
LBY_003213,WM-282,Reliable
LBY_003214,WM-283,Reliable
LBY_003215,MU-080,Unrelaible
LBY_003216,AJ-049,Reliable
LBY_003217,BI-229,Reliable
LBY_003218,WH-022,Reliable
LBY_003219,KU-020,Reliable
LBY_003220,ZA-134,Reliable
LBY_003221,TR-527,Reliable
LBY_003222,MA-220,Reliable
LBY_003223,MI-163,Reliable
LBY_003224,MA-155,Reliable
LBY_003225,JA-091,Reliable
LBY_003226,SA-023,Reliable
LBY_003227,GA-023,Reliable
LBY_003228,DA-079,Reliable
LBY_003229,MO-004,Reliable
LBY_003230,GM-054,Reliable
LBY_003231,SA-060,Reliable
LBY_003232,ZA-072,Reliable
LBY_003233,MU-238,Reliable
LBY_003234,WM-151,Reliable
LBY_003235,WA-005,Reliable
LBY_003236,MI-364,Reliable
LBY_003237,JA-242,Reliable
LBY_003238,MU-398,Reliable
LBY_003239,KU-127,Reliable
LBY_003240,AJ-053,Reliable
LBY_003241,MI-480,Reliable
LBY_003242,KU-206,Reliable
LBY_003243,MU-075,Reliable
LBY_003244,WM-160,Reliable
LBY_003245,GM-210,Reliable
LBY_003246,SA-095,Reliable
LBY_003247,GM-042,Reliable
LBY_003248,MA-115,Reliable
LBY_003249,MA-214,Unrelaible
LBY_003250,SA-047,Reliable
LBY_003251,KU-207,Reliable
LBY_003252,MI-504,Reliable
LBY_003253,KU-055,Reliable
LBY_003254,ZA-073,Reliable
LBY_003255,WM-186,Reliable
LBY_003256,WM-328,Reliable
LBY_003257,WH-033,Reliable
LBY_003258,MI-102,Reliable
LBY_003259,GM-098,Reliable
LBY_003260,GM-220,Reliable
LBY_003261,WM-117,Reliable
LBY_003262,MI-337,Reliable
LBY_003263,JA-165,Reliable
LBY_003264,MI-527,Reliable
LBY_003265,GM-102,Reliable
LBY_003266,DA-025,Reliable
LBY_003267,MO-053,Reliable
LBY_003268,MO-104,Reliable
LBY_003269,DA-169,Reliable
LBY_003270,DA-105,Reliable
LBY_003271,SI-070,Reliable
LBY_003272,GM-120,Reliable
LBY_003273,ZA-216,Reliable
LBY_003274,GM-161,Reliable
LBY_003275,MA-114,Reliable
LBY_003276,GM-099,Reliable
LBY_003277,MI-204,Reliable
LBY_003278,BI-014,Reliable
LBY_003279,MA-197,Reliable
LBY_003280,MA-047,Reliable
LBY_003281,WM-120,Reliable
LBY_003282,GM-059,Reliable
LBY_003283,MI-457,Reliable
LBY_003284,JA-170,Reliable
LBY_003285,ZA-016,Reliable
LBY_003286,WM-284,Reliable
LBY_003287,GM-068,Reliable
LBY_003288,BI-137,Reliable
LBY_003289,WM-279,Reliable
LBY_003290,ZA-133,Reliable
LBY_003291,MA-213,Reliable
LBY_003292,JU-024,Unrelaible
LBY_003293,MA-113,Reliable
LBY_003294,MO-008,Reliable
LBY_003295,WM-148,Reliable
LBY_003296,TR-508,Reliable
LBY_003297,MI-011,Reliable
LBY_003298,KU-024,Reliable
LBY_003299,KO-002,Reliable
LBY_003300,TU-025,Reliable
LBY_003301,MI-045,Reliable
LBY_003302,MU-081,Reliable
LBY_003303,SI-037,Reliable
LBY_003304,WM-358,Reliable
LBY_003305,GA-001,Reliable
LBY_003306,KU-114,Reliable
LBY_003307,MA-083,Reliable
LBY_003308,WM-123,Reliable
LBY_003309,WM-227,Reliable
LBY_003310,MI-187,Reliable
LBY_003311,MU-212,Reliable
LBY_003312,WH-028,Reliable
LBY_003313,BI-041,Reliable
LBY_003314,BI-523,Reliable
LBY_003315,MI-128,Reliable
LBY_003316,MO-089,Reliable
LBY_003317,MO-026,Reliable
LBY_003318,JA-137,Reliable
LBY_003319,WA-020,Reliable
LBY_003320,GA-009,Reliable
LBY_003321,BI-121,Reliable
LBY_003322,WS-056,Reliable
LBY_003323,WH-004,Reliable
LBY_003324,MA-010,Unrelaible
LBY_003325,SI-027,Reliable
LBY_003326,WM-224,Reliable
LBY_003327,BI-478,Reliable
LBY_003328,MI-145,Reliable
LBY_003329,WM-382,Reliable
LBY_003330,TR-275,Reliable
LBY_003331,MA-016,Reliable
LBY_003332,TU-097,Reliable
LBY_003333,KU-285,Reliable
LBY_003334,MA-133,Reliable
LBY_003335,MI-123,Reliable
LBY_003336,MA-088,Reliable
LBY_003337,TU-079,Reliable
LBY_003338,TU-080,Reliable
LBY_003339,GM-095,Reliable
LBY_003340,AJ-044,Reliable
LBY_003341,NA-107,Reliable
LBY_003342,GM-069,Reliable
LBY_003343,MI-114,Reliable
LBY_003344,MI-512,Reliable
LBY_003345,WM-394,Reliable
LBY_003346,GM-215,Reliable
LBY_003347,GM-049,Reliable
LBY_003348,MA-180,Reliable
LBY_003349,TR-067,Reliable
LBY_003350,TR-064,Reliable
LBY_003351,TR-382,Reliable
LBY_003352,NA-044,Reliable
LBY_003353,TU-112,Reliable
LBY_003354,MU-176,Reliable
LBY_003355,MU-019,Reliable
LBY_003356,MU-228,Reliable
LBY_003357,BI-218,Reliable
LBY_003358,WM-266,Reliable
LBY_003359,MI-176,Reliable
LBY_003360,GM-209,Reliable
LBY_003361,GM-041,Reliable
LBY_003362,ZA-123,Reliable
LBY_003363,KU-053,Reliable
LBY_003364,TR-247,Reliable
LBY_003365,JA-160,Reliable
LBY_003366,ZA-116,Unrelaible
LBY_003367,AJ-054,Reliable
LBY_003368,MU-108,Reliable
LBY_003369,MI-354,Reliable
LBY_003370,KU-048,Reliable
LBY_003371,DA-001,Reliable
LBY_003372,MI-340,Reliable
LBY_003373,MU-011,Reliable
LBY_003374,DA-115,Reliable
LBY_003375,TU-094,Reliable
LBY_003376,KU-240,Reliable
LBY_003377,TR-454,Reliable
LBY_003378,BI-390,Reliable
LBY_003379,DA-092,Unrelaible
LBY_003380,BI-454,Reliable
LBY_003381,BI-001,Reliable
LBY_003382,JA-131,Reliable
LBY_003383,KU-011,Reliable
LBY_003384,TR-271,Reliable
LBY_003385,WS-070,Reliable
LBY_003386,GM-029,Reliable
LBY_003387,GM-202,Reliable
LBY_003388,MI-177,Reliable
LBY_003389,MI-471,Reliable
LBY_003390,WA-030,Reliable
LBY_003391,BI-522,Reliable
LBY_003392,BI-004,Reliable
LBY_003393,WA-014,Reliable
LBY_003394,ZA-064,Unrelaible
LBY_003395,KU-056,Reliable
LBY_003396,KU-135,Reliable
LBY_003397,JA-315,Reliable
LBY_003398,ZA-018,Reliable
LBY_003399,MU-001,Reliable
LBY_003400,KU-110,Reliable
LBY_003401,TR-293,Reliable
LBY_003402,WM-073,Reliable
LBY_003403,MI-062,Reliable
LBY_003404,JA-244,Reliable
LBY_003405,TR-184,Reliable
LBY_003406,TR-468,Reliable
LBY_003407,MI-052,Reliable
LBY_003408,SI-102,Reliable
LBY_003409,TR-467,Reliable
LBY_003410,WM-115,Reliable
LBY_003411,AJ-039,Reliable
LBY_003412,MU-197,Reliable
LBY_003413,MI-285,Reliable
LBY_003414,GM-122,Reliable
LBY_003415,GM-097,Reliable
LBY_003416,WM-378,Reliable
LBY_003417,MI-361,Reliable
LBY_003418,GM-091,Reliable
LBY_003419,BI-031,Reliable
LBY_003420,MU-050,Reliable
LBY_003421,WH-005,Reliable
LBY_003422,TU-013,Reliable
LBY_003423,MU-279,Reliable
LBY_003424,JA-180,Reliable
LBY_003425,SI-013,Reliable
LBY_003426,JA-056,Reliable
LBY_003427,MU-406,Reliable
LBY_003428,GA-013,Reliable
LBY_003429,AJ-018,Reliable
LBY_003430,SI-068,Reliable
LBY_003431,SI-067,Reliable
LBY_003432,TU-010,Reliable
LBY_003433,WM-406,Reliable
LBY_003434,BI-126,Reliable
LBY_003435,WA-016,Reliable
LBY_003436,WM-090,Reliable
LBY_003437,ZA-174,Reliable
LBY_003438,WM-368,Reliable
LBY_003439,MI-345,Reliable
LBY_003440,MA-009,Reliable
LBY_003441,WS-014,Reliable
LBY_003442,TU-031,Reliable
LBY_003443,BI-261,Reliable
LBY_003444,JA-092,Reliable
LBY_003445,WM-146,Reliable
LBY_003446,MU-068,Reliable
LBY_003447,SA-094,Reliable
LBY_003448,SA-044,Reliable
LBY_003449,GM-080,Reliable
LBY_003450,SI-108,Reliable
LBY_003451,DA-089,Reliable
LBY_003452,TR-032,Reliable
LBY_003453,WM-323,Reliable
LBY_003454,KU-163,Reliable
LBY_003455,ZA-125,Reliable
LBY_003456,WM-231,Reliable
LBY_003457,GM-125,Reliable
LBY_003458,MI-362,Reliable
LBY_003459,KU-147,Reliable
LBY_003460,MI-424,Reliable
LBY_003461,TR-253,Reliable
LBY_003462,NA-048,Reliable
LBY_003463,GM-130,Reliable
LBY_003464,SA-097,Reliable
LBY_003465,SA-053,Reliable
LBY_003466,KU-051,Reliable
LBY_003467,MU-315,Reliable
LBY_003468,JA-234,Unrelaible
LBY_003469,NA-113,Reliable
LBY_003470,SI-084,Reliable
LBY_003471,BI-456,Reliable
LBY_003472,DA-064,Reliable
LBY_003473,TR-171,Reliable
LBY_003474,DA-063,Reliable
LBY_003475,BI-223,Reliable
LBY_003476,TR-033,Reliable
LBY_003477,GM-062,Reliable
LBY_003478,BI-091,Reliable
LBY_003479,MA-120,Reliable
LBY_003480,JA-243,Reliable
LBY_003481,JA-235,Reliable
LBY_003482,MA-135,Reliable
LBY_003483,TU-040,Reliable
LBY_003484,WM-016,Reliable
LBY_003485,GM-067,Reliable
LBY_003486,MI-028,Reliable
LBY_003487,BI-079,Reliable
LBY_003488,BI-471,Reliable
LBY_003489,MA-096,Reliable
LBY_003490,MI-034,Reliable
LBY_003491,WM-043,Reliable
LBY_003492,TR-034,Reliable
LBY_003493,NA-082,Reliable
LBY_003494,GM-129,Reliable
LBY_003495,ZA-128,Reliable
LBY_003496,BI-178,Reliable
LBY_003497,bi-514,Reliable
LBY_003498,BI-007,Reliable
LBY_003499,GA-026,Reliable
LBY_003500,WM-215,Reliable
LBY_003501,JA-200,Reliable
LBY_003502,MI-534,Reliable
LBY_003503,GM-199,Reliable
LBY_003504,GM-025,Reliable
LBY_003505,TU-050,Reliable
LBY_003506,BI-195,Reliable
LBY_003507,DA-160,Reliable
LBY_003508,WM-352,Reliable
LBY_003509,MU-399,Reliable
LBY_003510,MI-056,Reliable
LBY_003511,MI-367,Reliable
LBY_003512,NA-034,Reliable
LBY_003513,DA-121,Reliable
LBY_003514,WM-388,Reliable
LBY_003515,WM-019,Reliable
LBY_003516,WM-145,Reliable
LBY_003517,AJ-043,Reliable
LBY_003518,BI-114,Reliable
LBY_003519,WM-384,Reliable
LBY_003520,ZA-212,Unrelaible
LBY_003521,MI-022,Reliable
LBY_003522,BI-065,Reliable
LBY_003523,MI-057,Reliable
LBY_003524,TR-458,Reliable
LBY_003525,BI-090,Reliable
LBY_003526,MU-162,Reliable
LBY_003527,JA-142,Reliable
LBY_003528,TR-364,Reliable
LBY_003529,bi-209,Reliable
LBY_003530,MI-266,Reliable
LBY_003531,MI-239,Reliable
LBY_003532,TU-054,Reliable
LBY_003533,NA-103,Reliable
LBY_003534,TU-058,Reliable
LBY_003535,JA-216,Reliable
LBY_003536,WM-391,Reliable
LBY_003537,WM-393,Reliable
LBY_003538,WM-392,Reliable
LBY_003539,JA-007,Reliable
LBY_003540,JA-233,Reliable
LBY_003541,MA-002,Reliable
LBY_003542,JA-218,Reliable
LBY_003543,TR-251,Reliable
LBY_003544,MA-087,Reliable
LBY_003545,MU-143,Reliable
LBY_003546,GM-087,Reliable
LBY_003547,JA-071,Reliable
LBY_003548,KU-284,Reliable
LBY_003549,MI-417,Reliable
LBY_003550,MI-116,Reliable
LBY_003551,MI-485,Reliable
LBY_003552,ZA-219,Reliable
LBY_003553,BI-071,Reliable
LBY_003554,BI-498,Reliable
LBY_003555,BI-105,Reliable
LBY_003556,TR-200,Reliable
LBY_003557,MU-066,Reliable
LBY_003558,TR-310,Reliable
LBY_003559,JU-058,Reliable
LBY_003560,JU-022,Reliable
LBY_003561,ZA-201,Reliable
LBY_003562,TR-143,Reliable
LBY_003563,WM-033,Reliable
LBY_003564,MI-392,Reliable
LBY_003565,AJ-052,Reliable
LBY_003566,JU-010,Reliable
LBY_003567,MA-224,Reliable
LBY_003568,MI-322,Reliable
LBY_003569,TR-381,Reliable
LBY_003570,WM-165,Reliable
LBY_003571,BI-509,Reliable
LBY_003572,BI-249,Reliable
LBY_003573,JA-278,Reliable
LBY_003574,DA-094,Reliable
LBY_003575,DA-166,Reliable
LBY_003576,MI-019,Reliable
LBY_003577,WM-114,Reliable
LBY_003578,MU-275,Reliable
LBY_003579,WM-044,Reliable
LBY_003580,MU-111,Reliable
LBY_003581,JA-195,Reliable
LBY_003582,WH-053,Reliable
LBY_003583,ZA-167,Reliable
LBY_003584,MI-321,Reliable
LBY_003585,BI-087,Reliable
LBY_003586,NA-056,Reliable
LBY_003587,DA-119,Reliable
LBY_003588,DA-174,Reliable
LBY_003589,WH-021,Reliable
LBY_003590,SI-117,Reliable
LBY_003591,TU-068,Reliable
LBY_003592,JA-078,Reliable
LBY_003593,GM-079,Reliable
LBY_003594,MI-464,Reliable
LBY_003595,DA-097,Reliable
LBY_003596,ZA-229,Reliable
LBY_003597,ZA-213,Reliable
LBY_003598,MU-042,Reliable
LBY_003599,MU-173,Reliable
LBY_003600,SA-058,Reliable
LBY_003601,BI-472,Reliable
LBY_003602,BI-081,Reliable
LBY_003603,MI-371,Reliable
LBY_003604,BI-005,Reliable
LBY_003605,MO-088,Reliable
LBY_003606,MO-025,Reliable
LBY_003607,TR-272,Reliable
LBY_003608,MI-382,Reliable
LBY_003609,BI-110,Reliable
LBY_003610,SI-006,Reliable
LBY_003611,BI-466,Reliable
LBY_003612,BI-059,Reliable
LBY_003613,JA-101,Reliable
LBY_003614,TR-365,Reliable
LBY_003615,GM-010,Reliable
LBY_003616,WS-034,Reliable
LBY_003617,WM-371,Reliable
LBY_003618,JA-102,Reliable
LBY_003619,JA-261,Reliable
LBY_003620,MU-045,Reliable
LBY_003621,SI-111,Reliable
LBY_003622,WM-023,Reliable
LBY_003623,MI-443,Reliable
LBY_003624,DA-050,Reliable
LBY_003625,BI-117,Reliable
LBY_003626,MU-110,Reliable
LBY_003627,WM-018,Reliable
LBY_003628,BI-109,Reliable
LBY_003629,MI-044,Reliable
LBY_003630,KU-167,Reliable
LBY_003631,JU-036,Reliable
LBY_003632,WM-243,Unrelaible
LBY_003633,SI-085,Reliable
LBY_003634,JU-009,Reliable
LBY_003635,KU-243,Reliable
LBY_003636,WM-324,Reliable
LBY_003637,MA-069,Reliable
LBY_003638,MI-387,Reliable
LBY_003639,MI-386,Reliable
LBY_003640,MU-079,Reliable
LBY_003641,TU-024,Reliable
LBY_003642,DA-009,Reliable
LBY_003643,MU-368,Reliable
LBY_003644,MU-073,Reliable
LBY_003645,MI-200,Reliable
LBY_003646,MU-165,Reliable
LBY_003647,MI-344,Reliable
LBY_003648,MU-077,Reliable
LBY_003649,MI-074,Reliable
LBY_003650,KU-242,Reliable
LBY_003651,JA-018,Reliable
LBY_003652,WS-027,Reliable
LBY_003653,MU-169,Reliable
LBY_003654,MA-022,Reliable
LBY_003655,MA-021,Unrelaible
LBY_003656,BI-210,Reliable
LBY_003657,MU-168,Reliable
LBY_003658,TR-191,Reliable
LBY_003659,MI-131,Reliable
LBY_003660,WS-001,Reliable
LBY_003661,MI-211,Reliable
LBY_003662,WH-039,Reliable
LBY_003663,MU-200,Reliable
LBY_003664,GM-060,Reliable
LBY_003665,DA-146,Reliable
LBY_003666,BI-169,Unrelaible
LBY_003667,DA-033,Reliable
LBY_003668,WS-002,Reliable
LBY_003669,MA-111,Reliable
LBY_003670,JA-186,Reliable
LBY_003671,MU-227,Reliable
LBY_003672,MI-132,Reliable
LBY_003673,MA-124,Reliable
LBY_003674,WM-209,Reliable
LBY_003675,JA-191,Reliable
LBY_003676,MU-147,Reliable
LBY_003677,WM-144,Reliable
LBY_003678,BI-162,Reliable
LBY_003679,WS-033,Reliable
LBY_003680,MA-014,Reliable
LBY_003681,MI-031,Reliable
LBY_003682,WM-251,Reliable
LBY_003683,NA-001,Reliable
LBY_003684,JA-292,Reliable
LBY_003685,AJ-088,Reliable
LBY_003686,AJ-089,Reliable
LBY_003687,DA-162,Reliable
LBY_003688,ZA-041,Reliable
LBY_003689,KU-093,Reliable
LBY_003690,KO-013,Reliable
LBY_003691,BI-009,Reliable
LBY_003692,ZA-214,Reliable
LBY_003693,MU-193,Reliable
LBY_003694,MI-332,Reliable
LBY_003695,WM-191,Reliable
LBY_003696,MI-546,Reliable
LBY_003697,ZA-140,Reliable
LBY_003698,NA-081,Reliable
LBY_003699,ZA-108,Reliable
LBY_003700,NA-038,Reliable
LBY_003701,MI-085,Reliable
LBY_003702,JA-011,Reliable
LBY_003703,SI-028,Reliable
LBY_003704,MA-158,Reliable
LBY_003705,WM-411,Reliable
LBY_003706,BI-057,Reliable
LBY_003707,MI-007,Reliable
LBY_003708,KU-148,Reliable
LBY_003709,TR-055,Reliable
LBY_003710,WM-267,Reliable
LBY_003711,MU-130,Reliable
LBY_003712,WM-079,Reliable
LBY_003713,TR-026,Reliable
LBY_003714,KU-213,Reliable
LBY_003715,JA-072,Reliable
LBY_003716,WM-269,Reliable
LBY_003717,WM-268,Reliable
LBY_003718,BI-050,Reliable
LBY_003719,BI-075,Reliable
LBY_003720,KU-201,Reliable
LBY_003721,WM-399,Reliable
LBY_003722,BI-469,Reliable
LBY_003723,BI-073,Reliable
LBY_003724,BI-049,Reliable
LBY_003725,MI-115,Reliable
LBY_003726,BI-438,Reliable
LBY_003727,WM-271,Reliable
LBY_003728,MU-390,Reliable
LBY_003729,BI-022,Reliable
LBY_003730,WM-017,Reliable
LBY_003731,ZA-066,Reliable
LBY_003732,KU-149,Reliable
LBY_003733,KU-202,Reliable
LBY_003734,JA-012,Reliable
LBY_003735,BI-252,Reliable
LBY_003736,NA-018,Reliable
LBY_003737,MI-287,Reliable
LBY_003738,TR-525,Reliable
LBY_003739,MU-020,Reliable
LBY_003740,WS-053,Reliable
LBY_003741,MI-319,Reliable
LBY_003742,WM-076,Reliable
LBY_003743,DA-072,Reliable
LBY_003744,WM-075,Reliable
LBY_003745,JA-208,Reliable
LBY_003746,JA-123,Reliable
LBY_003747,MU-264,Reliable
LBY_003748,WM-205,Reliable
LBY_003749,MA-023,Reliable
LBY_003750,GA-021,Reliable
LBY_003751,WM-025,Reliable
LBY_003752,WM-074,Reliable
LBY_003753,GA-014,Reliable
LBY_003754,BI-219,Reliable
LBY_003755,SI-083,Reliable
LBY_003756,GM-222,Reliable
LBY_003757,GM-105,Reliable
LBY_003758,WM-273,Reliable
LBY_003759,TR-188,Reliable
LBY_003760,MI-398,Reliable
LBY_003761,WM-359,Reliable
LBY_003762,WM-113,Reliable
LBY_003763,MI-498,Reliable
LBY_003764,KU-166,Reliable
LBY_003765,TU-087,Reliable
LBY_003766,TR-524,Reliable
LBY_003767,GM-154,Reliable
LBY_003768,SI-009,Reliable
LBY_003769,ZA-127,Reliable
LBY_003770,GM-052,Reliable
LBY_003771,BI-113,Reliable
LBY_003772,WH-031,Reliable
LBY_003773,KU-078,Reliable
LBY_003774,KU-255,Reliable
LBY_003775,KU-057,Reliable
LBY_003776,MI-036,Reliable
LBY_003777,WM-349,Reliable
LBY_003778,TR-068,Reliable
LBY_003779,ZA-079,Reliable
LBY_003780,SA-014,Reliable
LBY_003781,SA-084,Reliable
LBY_003782,BI-269,Reliable
LBY_003783,SI-059,Reliable
LBY_003784,JU-034,Reliable
LBY_003785,JU-035,Reliable
LBY_003786,JU-037,Reliable
LBY_003787,JU-033,Reliable
LBY_003788,JU-063,Reliable
LBY_003789,KU-043,Reliable
LBY_003790,TR-312,Reliable
LBY_003791,JA-134,Reliable
LBY_003792,GM-152,Reliable
LBY_003793,MI-450,Reliable
LBY_003794,TR-056,Reliable
LBY_003795,SI-087,Reliable
LBY_003796,KU-221,Reliable
LBY_003797,BI-464,Reliable
LBY_003798,BI-055,Reliable
LBY_003799,TU-115,Reliable
LBY_003800,JA-232,Reliable
LBY_003801,MI-391,Reliable
LBY_003802,ZA-129,Reliable
LBY_003803,WM-222,Reliable
LBY_003804,JA-115,Reliable
LBY_003805,TR-355,Reliable
LBY_003806,GM-166,Reliable
LBY_003807,BI-493,Reliable
LBY_003808,MI-384,Reliable
LBY_003809,WM-288,Reliable
LBY_003810,WM-291,Reliable
LBY_003811,WM-398,Reliable
LBY_003812,BI-176,Reliable
LBY_003813,TR-544,Reliable
LBY_003814,TR-543,Reliable
LBY_003815,MA-208,Reliable
LBY_003816,MA-084,Reliable
LBY_003817,NA-047,Reliable
LBY_003818,NA-131,Reliable
LBY_003819,MI-324,Reliable
LBY_003820,WS-003,Reliable
LBY_003821,WM-325,Reliable
LBY_003822,MU-241,Reliable
LBY_003823,WM-350,Reliable
LBY_003824,JA-057,Reliable
LBY_003825,MI-043,Reliable
LBY_003826,MI-047,Reliable
LBY_003827,TR-186,Reliable
LBY_003828,JA-260,Reliable
LBY_003829,KU-254,Reliable
LBY_003830,SA-052,Reliable
LBY_003831,WS-022,Reliable
LBY_003832,NA-100,Reliable
LBY_003833,ZA-143,Reliable
LBY_003834,DA-042,Reliable
LBY_003835,DA-056,Reliable
LBY_003836,DA-156,Reliable
LBY_003837,DA-053,Reliable
LBY_003838,WA-026,Reliable
LBY_003839,MI-054,Reliable
LBY_003840,SI-093,Reliable
LBY_003841,KU-264,Reliable
LBY_003842,DA-086,Reliable
LBY_003843,WM-239,Reliable
LBY_003844,NA-004,Reliable
LBY_003845,DA-047,Reliable
LBY_003846,WM-238,Reliable
LBY_003847,NA-092,Reliable
LBY_003848,NA-080,Reliable
LBY_003849,JA-302,Reliable
LBY_003850,NA-095,Reliable
LBY_003851,TR-402,Reliable
LBY_003852,AJ-019,Reliable
LBY_003853,WM-091,Reliable
LBY_003854,TR-165,Reliable
LBY_003855,MO-119,Reliable
LBY_003856,MU-047,Reliable
LBY_003857,SI-053,Reliable
LBY_003858,DA-100,Reliable
LBY_003859,WM-210,Reliable
LBY_003860,MI-012,Reliable
LBY_003861,TU-042,Reliable
LBY_003862,MA-196,Reliable
LBY_003863,ZA-215,Reliable
LBY_003864,WS-064,Unrelaible
LBY_003865,WM-147,Reliable
LBY_003866,MA-046,Reliable
LBY_003867,GA-008,Reliable
LBY_003868,BI-179,Reliable
LBY_003869,SA-092,Reliable
LBY_003870,WM-297,Reliable
LBY_003871,SA-038,Reliable
LBY_003872,JA-016,Reliable
LBY_003873,GM-101,Unrelaible
LBY_003874,KU-059,Reliable
LBY_003875,NA-009,Reliable
LBY_003876,WH-052,Reliable
LBY_003877,MU-266,Reliable
LBY_003878,WM-274,Reliable
LBY_003879,MI-107,Reliable
LBY_003880,MO-070,Reliable
LBY_003881,ZA-131,Reliable
LBY_003882,MI-178,Reliable
LBY_003883,MI-165,Reliable
LBY_003884,ZA-225,Reliable
LBY_003885,BI-015,Reliable
LBY_003886,MA-005,Reliable
LBY_003887,MI-009,Reliable
LBY_003888,MA-187,Reliable
LBY_003889,DA-066,Reliable
LBY_003890,BI-204,Reliable
LBY_003891,BI-211,Reliable
LBY_003892,GA-005,Reliable
LBY_003893,NA-112,Reliable
LBY_003894,BI-131,Reliable
LBY_003895,WM-185,Reliable
LBY_003896,KU-002,Reliable
LBY_003897,MU-199,Unrelaible
LBY_003898,WM-014,Reliable
LBY_003899,MO-095,Reliable
LBY_003900,MO-035,Reliable
LBY_003901,MU-242,Reliable
LBY_003902,WM-295,Reliable
LBY_003903,KU-283,Unrelaible
LBY_003904,WM-172,Reliable
LBY_003905,MO-002,Reliable
LBY_003906,WM-237,Reliable
LBY_003907,ZA-144,Reliable
LBY_003908,MO-005,Reliable
LBY_003909,SA-039,Reliable
LBY_003910,GA-020,Reliable
LBY_003911,MU-166,Reliable
LBY_003912,SI-064,Reliable
LBY_003913,JA-150,Reliable
LBY_003914,BI-010,Reliable
LBY_003915,MO-013,Reliable
LBY_003916,MO-045,Reliable
LBY_003917,MO-044,Reliable
LBY_003918,WH-025,Reliable
LBY_003919,GA-025,Reliable
LBY_003920,BI-074,Reliable
LBY_003921,JA-009,Reliable
LBY_003922,MI-251,Reliable
LBY_003923,SI-088,Reliable
LBY_003924,MI-210,Reliable
LBY_003925,MO-009,Reliable
LBY_003926,MO-047,Reliable
LBY_003927,MO-101,Reliable
LBY_003928,NA-015,Reliable
LBY_003929,BI-152,Reliable
LBY_003930,NA-070,Reliable
LBY_003931,MU-208,Reliable
LBY_003932,NA-071,Reliable
LBY_003933,NA-019,Reliable
LBY_003934,TR-316,Reliable
LBY_003935,WH-027,Reliable
LBY_003936,NA-065,Reliable
LBY_003937,ZA-171,Reliable
LBY_003938,WH-026,Reliable
LBY_003939,MO-052,Reliable
LBY_003940,MO-103,Reliable
LBY_003941,TR-311,Reliable
LBY_003942,MO-074,Reliable
LBY_003943,MO-116,Reliable
LBY_003944,MO-059,Reliable
LBY_003945,MO-106,Reliable
LBY_003946,TR-167,Reliable
LBY_003947,MI-389,Reliable
LBY_003948,MI-209,Reliable
LBY_003949,MI-396,Reliable
LBY_003950,MO-049,Reliable
LBY_003951,DA-096,Reliable
LBY_003952,MO-093,Reliable
LBY_003953,MO-032,Reliable
LBY_003954,MO-030,Reliable
LBY_003955,MO-091,Reliable
LBY_003956,MO-031,Reliable
LBY_003957,MO-092,Reliable
LBY_003958,KO-019,Reliable
LBY_003959,MO-016,Reliable
LBY_003960,TU-007,Reliable
LBY_003961,TR-515,Reliable
LBY_003962,MI-292,Reliable
LBY_003963,MI-138,Reliable
LBY_003964,WM-083,Reliable
LBY_003965,JA-314,Reliable
LBY_003966,SI-025,Reliable
LBY_003967,BI-102,Reliable
LBY_003968,TU-086,Reliable
LBY_003969,MI-202,Reliable
LBY_003970,JA-265,Reliable
LBY_003971,JA-264,Reliable
LBY_003972,MI-500,Reliable
LBY_003973,MI-063,Reliable
LBY_003974,WM-289,Reliable
LBY_003975,SI-039,Reliable
LBY_003976,JA-257,Reliable
LBY_003977,MI-323,Reliable
LBY_003978,BI-153,Reliable
LBY_003979,MU-373,Reliable
LBY_003980,KU-153,Reliable
LBY_003981,KU-244,Reliable
LBY_003982,KU-067,Reliable
LBY_003983,GM-021,Reliable
LBY_003984,GM-195,Reliable
LBY_003985,SI-063,Reliable
LBY_003986,GM-186,Reliable
LBY_003987,GM-001,Reliable
LBY_003988,NA-049,Reliable
LBY_003989,DA-018,Reliable
LBY_003990,SI-090,Reliable
LBY_003991,JU-027,Reliable
LBY_003992,MI-260,Reliable
LBY_003993,MI-280,Reliable
LBY_003994,TR-530,Reliable
LBY_003995,TR-390,Reliable
LBY_003996,TR-569,Reliable
LBY_003997,MU-041,Reliable
LBY_003998,MI-242,Reliable
LBY_003999,BI-200,Unrelaible
LBY_004000,GM-135,Reliable
LBY_004001,TR-511,Reliable
LBY_004002,WM-364,Reliable
LBY_004003,KU-109,Reliable
LBY_004004,TR-140,Reliable
LBY_004005,NA-069,Reliable
LBY_004006,BI-521,Reliable
LBY_004007,BI-027,Reliable
LBY_004008,TR-045,Reliable
LBY_004009,BI-185,Reliable
LBY_004010,BI-488,Reliable
LBY_004011,SI-035,Reliable
LBY_004012,MI-511,Reliable
LBY_004013,MU-138,Reliable
LBY_004014,WS-076,Reliable
LBY_004015,MU-274,Reliable
LBY_004016,ZA-124,Reliable
LBY_004017,JU-046,Unrelaible
LBY_004018,JU-069,Reliable
LBY_004019,JU-047,Reliable
LBY_004020,SI-030,Reliable
LBY_004021,TR-455,Reliable
LBY_004022,ZA-082,Reliable
LBY_004023,GM-071,Reliable
LBY_004024,MA-085,Reliable
LBY_004025,WS-035,Reliable
LBY_004026,NA-120,Reliable
LBY_004027,KU-146,Reliable
LBY_004028,JA-037,Reliable
LBY_004029,JA-209,Reliable
LBY_004030,GM-104,Unrelaible
LBY_004031,MI-466,Reliable
LBY_004032,GM-221,Reliable
LBY_004033,MU-392,Reliable
LBY_004034,MU-381,Reliable
LBY_004035,TR-292,Reliable
LBY_004036,DA-145,Reliable
LBY_004037,DA-032,Reliable
LBY_004038,TU-070,Reliable
LBY_004039,KU-319,Reliable
LBY_004040,KU-293,Reliable
LBY_004041,KU-239,Reliable
LBY_004042,KU-049,Reliable
LBY_004043,KU-050,Reliable
LBY_004044,KU-165,Unrelaible
LBY_004045,KU-164,Reliable
LBY_004046,MO-075,Reliable
LBY_004047,MO-117,Reliable
LBY_004048,AJ-017,Reliable
LBY_004049,MI-164,Reliable
LBY_004050,TR-024,Reliable
LBY_004051,WM-232,Reliable
LBY_004052,TR-146,
LBY_004053,TR-497,
LBY_004054,MI-425,
LBY_004055,DA-005,
