geo_id,source_id,country,school_name,school_name_romanized,isced_level,school_type,sector,adm0,adm1,adm2,adm3,urban_rural,ghsl_smod_code,ghsl_urban_rural,latitude,longitude,coordinate_source,coordinate_precision,status
LBY_000001,BI-053,LBY,10 MARS,10 مارس,3,Secondary (Economic Sciences),public,Libya,Benghazi,,,,,,32.11437,20.12995,official_emis,exact,open
LBY_000002,DA-046,LBY,10MARAS,10 مارس,1,Primary,public,Libya,Al Qubbah,,,,,,32.71917,22.67044,official_emis,exact,open
LBY_000003,MU-254,LBY,11 ALSAYEF,11 الصيف,1|2,Primary|Preparatory,public,Libya,Al Marqab,,,,,,32.34523,14.39737,official_emis,exact,closed_temporary
LBY_000004,TR-018,LBY,11HJUIN SCHOOL,11 يونيو,3,Secondary (Medical Sciences)|Secondary (Engineering Sciences)|Secondary (Economic Sciences),public,Libya,Tajura' wa an Nawahi al Arba,,,,,,32.86599,13.14285,official_emis,exact,open
LBY_000005,BI-158,LBY,12 RABEA AL AWAL,12 ربيع الأول,1,Primary,public,Libya,Benghazi,,,,,,32.102404,20.123486,official_emis,exact,open
LBY_000006,KU-169,LBY,15 APRIL,15 ابريل,1|2,Primary|Preparatory,public,Libya,An Nuqat al Khams,,,,,,32.78028,12.10989,official_emis,exact,closed_temporary
LBY_000007,TR-549,LBY,17 APREL,17 ابريل,3,Secondary (Medical Sciences)|Secondary (Engineering Sciences),public,Libya,Tajura' wa an Nawahi al Arba,,,,,,32.88811,13.3498,official_emis,exact,open
LBY_000008,MU-040,LBY,17 FEBRAER,17 فبراير,2,Preparatory,public,Libya,Misratah,,,,,,32.38222,15.06232,official_emis,exact,open
LBY_000009,KU-190,LBY,17 FEBRAER,17 فبراير,1,Primary,public,Libya,An Nuqat al Khams,,,,,,32.85052,12.05592,official_emis,exact,closed_temporary
LBY_000010,WM-250,LBY,17 FEBRAER,17 فبراير,1,Primary,public,Libya,Mizdah,,,,,,32.0466,12.57413,official_emis,exact,open
LBY_000011,MI-539,LBY,17 FEBRAIER,17 فبراير,3,Secondary (Medical Sciences),public,Libya,Al Marqab,,,,,,32.58658,14.36181,official_emis,exact,open
LBY_000012,WM-167,LBY,17 FEBRAIER,فبراير 17,1|2,Primary|Preparatory,public,Libya,Az Zawiyah,,,,,,32.27214,12.76638,official_emis,exact,open
LBY_000013,WM-380,LBY,17 FEBRAYER,17 فبراير,3,Secondary (Engineering Sciences)|Secondary (Economic Sciences),public,Libya,Mizdah,,,,,,31.99283,12.3435,official_emis,exact,open
LBY_000014,KU-261,LBY,17 FEBRAYER,فبراير17,3,Secondary (Engineering Sciences),public,Libya,An Nuqat al Khams,,,,,,32.75857,12.37697,official_emis,exact,closed_temporary
LBY_000015,MO-056,LBY,17 FEBRAYER,17فبراير,2,Preparatory,public,Libya,Murzuq,,,,,,26.10102,14.84212,official_emis,exact,open
LBY_000016,NA-029,LBY,17 FEBRAYER TAKWET,فبراير تكويت17,2,Preparatory,public,Libya,Ghadamis,,,,,,31.96261,11.02477,official_emis,exact,open
LBY_000017,MI-224,LBY,17 FEBRUARY,17 فبراير,1|2,Primary|Preparatory,public,Libya,Al Marqab,,,,,,32.45764,14.55748,official_emis,exact,open
LBY_000018,ZA-036,LBY,17 FEBRUARY,17 فبراير,1|2,Primary|Preparatory,public,Libya,Az Zawiyah,,,,,,32.75945,12.72549,official_emis,exact,open
LBY_000019,JU-001,LBY,17 FERRAYER,17 فبراير,1,Primary,public,Libya,Al Jufrah,,,,,,29.12518,15.9825,official_emis,exact,open
LBY_000020,WM-054,LBY,17 FERRAYER,17 فبراير,1|2,Primary|Preparatory,public,Libya,Mizdah,,,,,,32.21772,13.04168,official_emis,exact,open
LBY_000021,NA-027,LBY,17 FERRAYER,17 فبراير,1|2,Primary|Preparatory,public,Libya,Ghadamis,,,,,,31.89319,10.96455,official_emis,exact,open
LBY_000022,NA-030,LBY,17 FERRAYER AWLAD MAHMOD,17 فبراير اولاد محمود,2,Preparatory,public,Libya,Ghadamis,,,,,,31.81845,11.05067,official_emis,exact,open
LBY_000023,NA-032,LBY,17 FIBRAYER(ALMJABRA),17 فبراير ( المجابرة),1,Primary,public,Libya,Ghadamis,,,,,,31.86963,11.1723,official_emis,exact,open
LBY_000024,TU-002,LBY,17 MEN FABRIER,17 من فبراير,3,Secondary (Medical Sciences)|Secondary (Engineering Sciences)|Secondary (Economic Sciences),public,Libya,Al Butnan,,,,,,32.0174,23.98824,official_emis,exact,open
LBY_000025,BI-078,LBY,17FABREAR,الكفاح,1|2,Primary|Preparatory,public,Libya,Benghazi,,,,,,32.274587,20.219255,official_emis,exact,open
LBY_000026,AJ-050,LBY,17FABREAR,17 فبراير,3,Secondary (Medical Sciences),public,Libya,Ajdabiya,,,,,,30.76008,20.21873,official_emis,exact,closed_temporary
LBY_000027,BI-077,LBY,17FABREAR,17 فبراير,2,Preparatory,public,Libya,Benghazi,,,,,,32.25271,20.2009,official_emis,exact,open
LBY_000028,SA-051,LBY,17FEBRAYER,17 فبراير,3,Secondary (Engineering Sciences),public,Libya,Sabha,,,,,,27.04421,14.42243,official_emis,exact,open
LBY_000029,JA-333,LBY,17FEBRAYER,فبراير17,1|2,Primary|Preparatory,public,Libya,Al Marqab,,,,,,32.48458,14.59509,official_emis,exact,closed_temporary
LBY_000030,DA-134,LBY,17FEBRAYER,17فبراير,1,Primary,public,Libya,Al Qubbah,,,,,,32.75545,22.24763,official_emis,exact,open
LBY_000031,TR-459,LBY,19 AGOSTAS,19 اغسطس,2,Preparatory,public,Libya,Tajura' wa an Nawahi al Arba,,,,,,32.85593,13.2699,official_emis,exact,open
LBY_000032,TR-392,LBY,2 MARES,2 مارس,3,Secondary (Economic Sciences),public,Libya,Tajura' wa an Nawahi al Arba,,,,,,32.87085,13.19157,official_emis,exact,closed_temporary
LBY_000033,KO-046,LBY,2 MARS,2 مارس,1,Primary,public,Libya,Al Kufrah,,,,,,24.17287,23.29325,official_emis,exact,open
LBY_000034,KO-016,LBY,2 MARS,2 مارس,2,Preparatory,public,Libya,Al Kufrah,,,,,,24.17287,23.29325,official_emis,exact,open
LBY_000035,MU-312,LBY,2 MARS,2 مارس,3,Secondary (Economic Sciences),public,Libya,Misratah,,,,,,31.759111,13.996266,official_emis,exact,closed_temporary
LBY_000036,MI-153,LBY,20 RAMADAN,العشرين من رمضان,1|2,Primary|Preparatory,public,Libya,Al Marqab,,,,,,32.62029,13.92426,official_emis,exact,open
LBY_000037,WM-011,LBY,22 FEBRUARY,22 فبراير,1|2,Primary|Preparatory,public,Libya,Mizdah,,,,,,32.14812,12.99523,official_emis,exact,open
LBY_000038,WM-059,LBY,23 AKTOBER,23 اكتوبر,1|2,Primary|Preparatory,public,Libya,Mizdah,,,,,,32.20223,13.03761,official_emis,exact,open
LBY_000039,SA-087,LBY,23 EKTOBIR,23 أكثوبر,1,Primary,public,Libya,Sabha,,,,,,27.05363,14.43112,official_emis,exact,open
LBY_000040,MU-386,LBY,23 NASER,23 ناصر,1|2,Primary|Preparatory,public,Libya,Al Marqab,,,,,,32.47892,14.56088,official_emis,exact,open
LBY_000041,KU-170,LBY,23 YOLIO,23 يوليو,1|2,Primary|Preparatory,public,Libya,An Nuqat al Khams,,,,,,32.834,12.03613,official_emis,exact,closed_temporary
LBY_000042,MI-023,LBY,23 YOLYO,23 يوليو,1|2,Primary|Preparatory,public,Libya,Al Marqab,,,,,,32.26731,13.59753,official_emis,exact,open
LBY_000043,TR-138,LBY,23 YOLYO,23 يوليو,1,Primary,public,Libya,Tajura' wa an Nawahi al Arba,,,,,,32.88411,13.18473,official_emis,exact,open
LBY_000044,MU-129,LBY,23 YOULIO,23 يوليو,1|2,Primary|Preparatory,public,Libya,Misratah,,,,,,32.3854,15.1353,official_emis,exact,open
LBY_000045,SA-019,LBY,23 ektwobr,23 أكثوبر,1|2,Primary|Preparatory,public,Libya,Sabha,,,,,,27.05363,14.43112,official_emis,exact,open
LBY_000046,WM-374,LBY,24 DESAMBER,24 ديسمبر,1|2,Primary|Preparatory,public,Libya,Mizdah,,,,,,31.99344,12.34334,official_emis,exact,open
LBY_000047,BI-207,LBY,24 DISAMBR,24 ديسمبر,1|2,Primary|Preparatory,public,Libya,Benghazi,,,,,,32.0798,20.12989,official_emis,exact,open
LBY_000048,WS-018,LBY,24 DISMBR,24 ديسمبر,1,Primary,public,Libya,Ash Shati',,,,,,27.57451,14.23434,official_emis,exact,open
LBY_000049,BI-496,LBY,24 DISMBR,24 ديسمبر,1,Primary,public,Libya,Benghazi,,,,,,32.0798,20.12989,official_emis,exact,open
LBY_000050,TR-005,LBY,24 MARHS,24 مارس,3,Secondary (Medical Sciences)|Secondary (Engineering Sciences),public,Libya,Tajura' wa an Nawahi al Arba,,,,,,32.89594,13.16565,official_emis,exact,closed_temporary
LBY_000051,WM-026,LBY,24DECEMBER,24ديسمبر,3,Secondary (Engineering Sciences),public,Libya,Mizdah,,,,,,32.16866,13.0222,official_emis,exact,open
LBY_000052,NA-059,LBY,25 ABREEL,25إبريل,1,Primary,public,Libya,Ghadamis,,,,,,31.84206,11.1527,official_emis,exact,open
LBY_000053,TR-460,LBY,28 HENEBAL,28 هانيبال,3,Secondary (Engineering Sciences)|Secondary (Economic Sciences),public,Libya,Tajura' wa an Nawahi al Arba,,,,,,32.85514,13.29324,official_emis,exact,closed_temporary
LBY_000054,NA-058,LBY,28 YULIO,28 يوليو,1|2,Primary|Preparatory,public,Libya,Ghadamis,,,,,,31.97409,11.1578,official_emis,exact,open
LBY_000055,MA-130,LBY,2MARES,2 مارس,1|2,Primary|Preparatory,public,Libya,Al Marj,,,,,,32.17953,20.41752,official_emis,exact,closed_temporary
LBY_000056,MU-112,LBY,6 MARAS,6مارس,1|2,Primary|Preparatory,public,Libya,Misratah,,,,,,32.35357,15.04289,official_emis,exact,open
LBY_000057,MA-058,LBY,7 AKTWPR,7 اكثوبر,1|2,Primary|Preparatory,public,Libya,Al Marj,,,,,,32.57069,20.91223,official_emis,exact,open
LBY_000058,MU-194,LBY,7 APRIL,7 أبريل,1|2,Primary|Preparatory,public,Libya,Misratah,,,,,,32.31165,15.10985,official_emis,exact,open
LBY_000059,MU-244,LBY,7 ATER,7 الطير,1|2,Primary|Preparatory,public,Libya,Al Marqab,,,,,,32.47316,14.51415,official_emis,exact,closed_temporary
LBY_000060,TR-519,LBY,7 OCTOBER,7 اكتوبر,1|2,Primary|Preparatory,public,Libya,Tajura' wa an Nawahi al Arba,,,,,,32.82583,13.35474,official_emis,exact,open
LBY_000061,KO-020,LBY,7 OCTOBER,7 اكتوبر,1|2,Primary|Preparatory,public,Libya,Al Kufrah,,,,,,25.66121,21.12781,official_emis,exact,open
LBY_000062,JA-203,LBY,7 OCTOBER,7 أكتوبر,1|2,Primary|Preparatory,public,Libya,Tajura' wa an Nawahi al Arba,,,,,,32.7651,13.11886,official_emis,exact,open
LBY_000063,KU-112,LBY,7 OCTOBER BJDEDA,سبعة أكتوبر بالجديدة,1|2,Primary|Preparatory,public,Libya,An Nuqat al Khams,,,,,,32.7356,12.17931,official_emis,exact,open
LBY_000064,WM-275,LBY,AAMAR ALSHMAJE,عامر الشماخى,1,Primary,public,Libya,Mizdah,,,,,,32.06778,12.54244,official_emis,exact,open
LBY_000065,TR-377,LBY,ABAD ALTER  SCHOOL,عبد الثائر سابقا,3,Secondary (Economic Sciences),public,Libya,Tajura' wa an Nawahi al Arba,,,,,,32.84864,13.17291,official_emis,exact,open
LBY_000066,MI-503,LBY,ABAD ARAHMAN BAN OOF,عبدالرحمن بن عوف,1|2,Primary|Preparatory,public,Libya,Al Marqab,,,,,,32.5175,14.43512,official_emis,exact,open
LBY_000067,BI-489,LBY,ABAN SENAA,ابن سينا,1|2,Primary|Preparatory,public,Libya,Benghazi,,,,,,32.107954,20.102461,official_emis,exact,open
LBY_000068,BI-186,LBY,ABAN SENAA,ابن سينا,1,Primary,public,Libya,Benghazi,,,,,,32.107954,20.102461,official_emis,exact,open
LBY_000069,TU-082,LBY,ABAN SENAA ALTANWEEA,ابن سينا التانويه,1|2,Primary|Preparatory,public,Libya,Al Butnan,,,,,,31.95597,24.8393,official_emis,exact,open
LBY_000070,MI-456,LBY,ABD ALAZEEZ,عبد العزيز,1|2,Primary|Preparatory,public,Libya,Al Marqab,,,,,,32.5792,14.34619,official_emis,exact,open
LBY_000071,SI-113,LBY,ABD ALJALEEL SAIF AL NASER,عبد الجليل  سيف النصر,2,Preparatory,public,Libya,Surt,,,,,,31.04741,17.28813,official_emis,exact,open
LBY_000072,MI-035,LBY,ABD ALKADER ALGAZAERY,عبد القادر الجزائري,1|2,Primary|Preparatory,public,Libya,Tajura' wa an Nawahi al Arba,,,,,,32.6349,13.42382,official_emis,exact,open
LBY_000073,JA-215,LBY,ABD ALKAREM ALKHATABEY,عبدالكريم الخطابي,1|2,Primary|Preparatory,public,Libya,Az Zawiyah,,,,,,32.77294,13.01206,official_emis,exact,closed_temporary
LBY_000074,TR-507,LBY,ABD ALLAH ABD ALKADER,عبد الله عبد القادر,1|2,Primary|Preparatory,public,Libya,Tajura' wa an Nawahi al Arba,,,,,,32.86914,13.348,official_emis,exact,open
LBY_000075,TR-172,LBY,ABD ALLAH ALHAJJY,عبد الله الحاجي,1|2,Primary|Preparatory,public,Libya,Tajura' wa an Nawahi al Arba,,,,,,32.88322,13.16871,official_emis,exact,open
LBY_000076,MI-325,LBY,ABD ALLAH BEN AZOBER,عبد الله بن الزبير,1|2,Primary|Preparatory,public,Libya,Al Marqab,,,,,,32.48832,13.72255,official_emis,exact,open
LBY_000077,WA-027,LBY,ABD ALLH BN RWAHE,عبدالله بن رواحى,3,Secondary (Engineering Sciences),public,Libya,Ajdabiya,,,,,,29.122433,21.290662,official_emis,exact,open
LBY_000078,MI-199,LBY,ABD ALMENEM REYAD,عبدالمنعم رياض,1|2,Primary|Preparatory,public,Libya,Al Marqab,,,,,,32.45192,14.56418,official_emis,exact,closed_temporary
LBY_000079,TR-456,LBY,ABD ALMENEM REYAD,عبدالمنعم رياض,1|2,Primary|Preparatory,public,Libya,Tajura' wa an Nawahi al Arba,,,,,,32.83806,13.31482,official_emis,exact,open
LBY_000080,MU-319,LBY,ABD ALNABE BLKEER,عبد النبي بالخير,1|2,Primary|Preparatory,public,Libya,Misratah,,,,,,31.756151,13.995396,official_emis,exact,open
LBY_000081,SI-002,LBY,ABD ALQADER ALJAZAEREY,عبدالقادر الجزائري,1|2,Primary|Preparatory,public,Libya,Surt,,,,,,31.00156,16.8959,official_emis,exact,open
LBY_000082,MA-129,LBY,ABD ALQIDER,عبد القادر الشهيبى,1|2,Primary|Preparatory,public,Libya,Al Marj,,,,,,31.72442,20.97289,official_emis,exact,open
LBY_000083,GM-088,LBY,ABD ALRAHEEM BO BAKER,عبد الرحيم بو بكر,1|2,Primary|Preparatory,public,Libya,Al Jabal al Akhdar,,,,,,32.53993,21.57518,official_emis,exact,closed_temporary
LBY_000084,SA-040,LBY,ABD ALRAHMAN IBN AOUF,عبد الرحمن ابن عوف,2|3,Preparatory|Secondary (Economic Sciences),public,Libya,Sabha,,,,,,27.05934,14.42027,official_emis,exact,open
LBY_000085,JA-073,LBY,ABD ALRHMAN ALDAKHEL,عبد الرحمن الداخل,1|2,Primary|Preparatory,public,Libya,Az Zawiyah,,,,,,32.74793,13.00555,official_emis,exact,open
LBY_000086,MI-489,LBY,ABD ALSAMAD ABO ZAQAIA,عبد الصمد ابو زقية,1|2,Primary|Preparatory,public,Libya,Al Marqab,,,,,,32.69608,14.04202,official_emis,exact,open
LBY_000087,ZA-230,LBY,ABD ALSAMAD ALTREKE,الشهيد عبد الصمد التريكي,1|2,Primary|Preparatory,public,Libya,Az Zawiyah,,,,,,32.75998,12.63602,official_emis,exact,closed_temporary
LBY_000088,TR-020,LBY,ABD ARAHMAN ALDAKEL,عبد الرحمن الداخل,1,Primary,public,Libya,Tajura' wa an Nawahi al Arba,,,,,,32.87087,13.15439,official_emis,exact,open
LBY_000089,BI-194,LBY,ABD ARAZAK ASHEKE,عبد الرزاق الشيخي,3,Secondary (Economic Sciences),public,Libya,Benghazi,,,,,,32.080469,20.106702,official_emis,exact,open
LBY_000090,NA-075,LBY,ABD ARIHMAN ALBOSERE,عبدالرحمن البوصيري,3,Secondary (Medical Sciences)|Secondary (Engineering Sciences),public,Libya,Ghadamis,,,,,,30.12611,9.49741,official_emis,exact,open
LBY_000091,BI-103,LBY,ABD ARRHMAN ALGAFGE,عبدالرحمن الغافقي,2,Preparatory,public,Libya,Benghazi,,,,,,31.67189,20.25008,official_emis,exact,open
LBY_000092,GM-089,LBY,ABD ASLAM DABABAT,عبدالسلام دبابات,1,Primary,public,Libya,Al Jabal al Akhdar,,,,,,32.53793,21.57586,official_emis,exact,closed_temporary
LBY_000093,AJ-033,LBY,ABD ELNABI BASHIR,عبد النبي بشير,1|2,Primary|Preparatory,public,Libya,Ajdabiya,,,,,,30.2572,19.20424,official_emis,exact,open
LBY_000094,JU-015,LBY,ABDA LAMANTALB ALJAMAA,عبدالمنطلب الجماعى,3,Secondary (Engineering Sciences)|Secondary (Economic Sciences),public,Libya,Al Jufrah,,,,,,29.13385,15.9432,official_emis,exact,open
LBY_000095,JU-014,LBY,ABDAL ALHONE,عبدالله الهونى,3,Secondary (Engineering Sciences)|Secondary (Economic Sciences),public,Libya,Al Jufrah,,,,,,29.12654,15.93968,official_emis,exact,open
LBY_000096,GM-058,LBY,ABDALA ATEYA,عبدالله عطيه,1|2,Primary|Preparatory,public,Libya,Al Jabal al Akhdar,,,,,,32.74182,21.5822,official_emis,exact,open
LBY_000097,JA-109,LBY,ABDALA BEN RWAHA,عبدالله بن رواحة,1|2,Primary|Preparatory,public,Libya,Al Marqab,,,,,,32.38367,13.52565,official_emis,exact,open
LBY_000098,TR-297,LBY,ABDALAA ZAHMOL,عبدالله زهمول,1|2,Primary|Preparatory,public,Libya,Tajura' wa an Nawahi al Arba,,,,,,32.85028,13.23433,official_emis,exact,open
LBY_000099,ZA-069,LBY,ABDALAH BEN MARTABA,عبدالله بن مرطبة,1|2,Primary|Preparatory,public,Libya,Az Zawiyah,,,,,,32.65405,12.72206,official_emis,exact,open
LBY_000100,GM-160,LBY,ABDALAZIZ ABDUALAH,عبدالعزيز عبدالله,3,Secondary (Medical Sciences),public,Libya,Al Jabal al Akhdar,,,,,,32.47882,21.40603,official_emis,exact,closed_temporary
LBY_000101,JA-318,LBY,ABDALKADAR ALGAZERE,عبدالقادر الجزائري,1|2|3,Primary|Preparatory|Secondary (Medical Sciences)|Secondary (Engineering Sciences)|Secondary (Economic Sciences),public,Libya,Tajura' wa an Nawahi al Arba,,,,,,32.59389,13.17603,official_emis,exact,closed_temporary
LBY_000102,MI-171,LBY,ABDALLAH BEN SOUAD,عبدالله بن سعود,1|2,Primary|Preparatory,public,Libya,Al Marqab,,,,,,32.592,13.87019,official_emis,exact,open
LBY_000103,ZA-130,LBY,ABDALMAJED ABEDA,عبدالمجيد عبيده,1|2,Primary|Preparatory,public,Libya,Az Zawiyah,,,,,,32.7559,12.57539,official_emis,exact,open
LBY_000104,KU-060,LBY,ABDALMENEM RAYAD (ALSHAQ  ALAWEL),عبدالمنعم رياض (الشق الاول),1,Primary,public,Libya,An Nuqat al Khams,,,,,,32.73388,12.48786,official_emis,exact,closed_temporary
LBY_000105,KU-079,LBY,ABDALMENEM RAYAD (ALSHAQ  ALAWEL),العجيلات الجنوبية,1|2,Primary|Preparatory,public,Libya,An Nuqat al Khams,,,,,,32.74946,12.38275,official_emis,exact,open
LBY_000106,JA-206,LBY,ABDALMLEK BIN MARWAN,عبد الملك بن مروان,1|2,Primary|Preparatory,public,Libya,Al Marqab,,,,,,32.43856,14.57484,official_emis,exact,open
LBY_000107,JA-316,LBY,ABDALMOLA AALI,عبدالمولى الدالي,1|3,Primary|Secondary (Economic Sciences),public,Libya,Az Zawiyah,,,,,,32.75017,13.05569,official_emis,exact,open
LBY_000108,ZA-175,LBY,ABDALQADER ALJAZAEREY,عبدالقادر الجزائري,1|2,Primary|Preparatory,public,Libya,Az Zawiyah,,,,,,32.74633,12.65072,official_emis,exact,unknown
LBY_000109,TR-367,LBY,ABDALRAHMAN BEN OOF,عبد الرحمن بن عوف,1|2,Primary|Preparatory,public,Libya,Al Jifarah,,,,,,32.35149,13.19161,official_emis,exact,open
LBY_000110,GM-159,LBY,ABDALSALAM MOFTAH,عبدالسلام مفتاح,3,Secondary (Economic Sciences),public,Libya,Al Jabal al Akhdar,,,,,,32.53918,21.57781,official_emis,exact,closed_temporary
LBY_000111,WS-006,LBY,ABDELKARIM ELKHATTABI,عبد الكريم الخطابي,1|2,Primary|Preparatory,public,Libya,Ash Shati',,,,,,27.52039,14.3401,official_emis,exact,open
LBY_000112,WA-009,LBY,ABDLH BEN MSOD,عبدالله بن مسعود,1|2,Primary|Preparatory,public,Libya,Ajdabiya,,,,,,29.0346,21.550375,official_emis,exact,open
LBY_000113,KU-061,LBY,ABDOLALMENEM READ ELSHAQ ELTANY,عبدالمنعم رياض الشق التاني,2,Preparatory,public,Libya,An Nuqat al Khams,,,,,,32.7332,12.49127,official_emis,exact,closed_temporary
LBY_000114,TR-287,LBY,ABDOUALLAH EBN MASOUD,عبد الله بن مسعود,1|2,Primary|Preparatory,public,Libya,Tajura' wa an Nawahi al Arba,,,,,,32.88676,13.28325,official_emis,exact,open
LBY_000115,MI-453,LBY,ABDU ALRAHMAN AL ZAWAM,عبد الرحمن الزوام,1|2,Primary|Preparatory,public,Libya,Al Marqab,,,,,,32.57633,14.36054,official_emis,exact,open
LBY_000116,GM-204,LBY,ABDUALAH BEN ABAS,عبدالله بن عباس,1,Primary,public,Libya,Al Jabal al Akhdar,,,,,,32.75862,21.76175,official_emis,exact,open
LBY_000117,GM-033,LBY,ABDUALAH BEN ABAS,عبدالله بن عباس,1,Primary,public,Libya,Al Jabal al Akhdar,,,,,,32.75862,21.76175,official_emis,exact,open
LBY_000118,MI-502,LBY,ABDUALAH BEN ALZOBEER,عبدالله بن الزبير,1|2,Primary|Preparatory,public,Libya,Al Marqab,,,,,,32.54815,14.42169,official_emis,exact,open
LBY_000119,MI-270,LBY,ABDUALAH BEN OMER,عبدالله بن عمر.,1|2,Primary|Preparatory,public,Libya,Tajura' wa an Nawahi al Arba,,,,,,32.64501,13.7705,official_emis,exact,open
LBY_000120,JA-135,LBY,ABDUALLAH BEN ZUBER,عبد الله بن الزبير,1|2,Primary|Preparatory,public,Libya,Tajura' wa an Nawahi al Arba,,,,,,32.71745,13.15305,official_emis,exact,closed_temporary
LBY_000121,MU-149,LBY,ABDULATTI JURM,عبدالعاطي الجرم,1|2,Primary|Preparatory,public,Libya,Misratah,,,,,,32.3719,15.18316,official_emis,exact,open
LBY_000122,GM-148,LBY,ABDULLA BO SHAGMEMA,عبدالله بوشغميمة,3,Secondary (Medical Sciences)|Secondary (Economic Sciences),public,Libya,Al Jabal al Akhdar,,,,,,32.7325,21.90355,official_emis,exact,closed_temporary
LBY_000123,NA-039,LBY,ABDULLAH ABU BAKER,عبد الله أبو بكر,1|2,Primary|Preparatory,public,Libya,Ghadamis,,,,,,30.1285,9.49062,official_emis,exact,open
LBY_000124,TR-273,LBY,ABDULLAH AJATITI,عبدالله الجطيلي,1|2,Primary|Preparatory,public,Libya,Tajura' wa an Nawahi al Arba,,,,,,32.89328,13.25041,official_emis,exact,open
LBY_000125,WM-385,LBY,ABDULLAH EBN MASOOD,عبد الله ابن مسعود,1,Primary,public,Libya,Mizdah,,,,,,31.97753,12.14112,official_emis,exact,open
LBY_000126,NA-040,LBY,ABDULLAH ELBASKURI,عبد الله البسكوري,1|2,Primary|Preparatory,public,Libya,Ghadamis,,,,,,30.12321,9.49078,official_emis,exact,open
LBY_000127,ZA-065,LBY,ABDULWAHED,عبدالواحد,1|2,Primary|Preparatory,public,Libya,Az Zawiyah,,,,,,32.75002,12.72202,official_emis,exact,open
LBY_000128,TR-168,LBY,ABDUSALAM SHARF ADDEN,عبدالسلام شرف الدين,3,Secondary (Engineering Sciences),public,Libya,Tajura' wa an Nawahi al Arba,,,,,,32.88034,13.17672,official_emis,exact,open
LBY_000129,MI-336,LBY,ABDUSAMED ANAAS,عبدالصمد النعاس,1|2,Primary|Preparatory,public,Libya,Al Marqab,,,,,,32.13365,13.67919,official_emis,exact,open
LBY_000130,JA-125,LBY,ABE ALKASAM,ابى القاسم,1|2,Primary|Preparatory,public,Libya,Al Jifarah,,,,,,32.57073,13.16901,official_emis,exact,closed_temporary
LBY_000131,ZA-099,LBY,ABE ALREESH,ابي الريش,1|2,Primary|Preparatory,public,Libya,Az Zawiyah,,,,,,32.7437,12.55047,official_emis,exact,open
LBY_000132,MI-243,LBY,ABE ALTAYB ALMTANABE,ابى الطيب المتنبئ,1|2,Primary|Preparatory,public,Libya,Tajura' wa an Nawahi al Arba,,,,,,32.6852,13.77417,official_emis,exact,open
LBY_000133,WM-357,LBY,ABE ASA ALTARESH,ابى عيسى الطريسى,1|2,Primary|Preparatory,public,Libya,Mizdah,,,,,,31.99163,12.04807,official_emis,exact,open
LBY_000134,MU-010,LBY,ABE DAR ALGAFARY,أبي ذر الغفاري,1|2,Primary|Preparatory,public,Libya,Misratah,,,,,,32.38838,15.1166,official_emis,exact,open
LBY_000135,ZA-100,LBY,ABE DER ALGAFARY,أبي ذر الغفاري,1|2,Primary|Preparatory,public,Libya,Az Zawiyah,,,,,,32.76623,12.58835,official_emis,exact,open
LBY_000136,TR-060,LBY,ABE DO ALKAFAR,ابى در الغفارى تانوية,3,Secondary (Medical Sciences),public,Libya,Tajura' wa an Nawahi al Arba,,,,,,32.85039,13.11616,official_emis,exact,open
LBY_000137,GM-164,LBY,ABE DR ALGAFARE,ابي در الغفاري,3,Secondary (Medical Sciences)|Secondary (Engineering Sciences)|Secondary (Economic Sciences),public,Libya,Al Jabal al Akhdar,,,,,,32.75545,21.62682,official_emis,exact,closed_temporary
LBY_000138,MI-446,LBY,ABE FERAS,1974,1|2,Primary|Preparatory,public,Libya,Al Marqab,,,,,,32.58551,14.34104,official_emis,exact,open
LBY_000139,TR-487,LBY,ABE FERISS ALHAMADINEY,ابي فراس الحمداني,1|2,Primary|Preparatory,public,Libya,Tajura' wa an Nawahi al Arba,,,,,,32.70566,13.4752,official_emis,exact,open
LBY_000140,WM-055,LBY,ABE GELAN AL JADEDA,أبي غيلان الجديدة,1|2,Primary|Preparatory,public,Libya,Mizdah,,,,,,32.2503,13.03901,official_emis,exact,open
LBY_000141,TR-289,LBY,ABE GRAGA,أبي غرارة,2,Preparatory,public,Libya,Tajura' wa an Nawahi al Arba,,,,,,32.87869,13.26173,official_emis,exact,open
LBY_000142,WM-175,LBY,ABE HATAM,ابي حاتم,1|2,Primary|Preparatory,public,Libya,Mizdah,,,,,,32.02557,12.65541,official_emis,exact,open
LBY_000143,WM-354,LBY,ABE MANSOR ALYAS,ابى منصور الياس,1,Primary,public,Libya,Mizdah,,,,,,31.95194,12.03119,official_emis,exact,open
LBY_000144,JA-084,LBY,ABE OBAIDA BN JARAH,ابي عبيده ابن الجراح,1|2,Primary|Preparatory,public,Libya,Az Zawiyah,,,,,,32.75016,13.05566,official_emis,exact,open
LBY_000145,BI-216,LBY,ABE OBAYDA BEN ALGARAH,ابي عبيده بن الجراح,3,Secondary (Engineering Sciences),public,Libya,Benghazi,,,,,,32.112111,20.082615,official_emis,exact,open
LBY_000146,WM-340,LBY,ABE OBEDA BEN ALHARAG,ابي عبيده بن الحراج,1,Primary,public,Libya,Ghadamis,,,,,,31.85043,11.77645,official_emis,exact,open
LBY_000147,TR-412,LBY,ABE SLUMA,ابى سليم,1|2,Primary|Preparatory,public,Libya,Tajura' wa an Nawahi al Arba,,,,,,32.79388,13.14245,official_emis,exact,open
LBY_000148,WM-356,LBY,ABE ZAYAD ALMZKOTE,ابى زيد المزغورتى,1|2,Primary|Preparatory,public,Libya,Mizdah,,,,,,31.9682,11.96083,official_emis,exact,open
LBY_000149,DA-027,LBY,ABED AL FATAH AMHADEY,عبد الفتاح امهدي,2,Preparatory,public,Libya,,,,,,,32.77332,22.64215,official_emis,exact,open
LBY_000150,MA-076,LBY,ABED ALAH AL FEYL,عبد الله الفيل,2|3,Preparatory|Secondary (Medical Sciences)|Secondary (Economic Sciences),public,Libya,Al Marj,,,,,,32.4972,20.70184,official_emis,exact,open
LBY_000151,WA-025,LBY,ABED ALULLH BEN ABY SREH,عبد الله بن أبي سرح,1|2,Primary|Preparatory,public,Libya,Ajdabiya,,,,,,29.108611,21.283734,official_emis,exact,open
LBY_000152,MU-253,LBY,ABEE DER AGAFARY,ابي ذر الغفاري,1|2,Primary|Preparatory,public,Libya,Al Marqab,,,,,,32.49166,14.47636,official_emis,exact,closed_temporary
LBY_000153,MU-251,LBY,ABEE OBEED BEN ALGARAH,ابي عبيد بن الجراح,1|2,Primary|Preparatory,public,Libya,Al Marqab,,,,,,32.4602,14.48535,official_emis,exact,closed_temporary
LBY_000154,TR-486,LBY,ABEN AZZEZ,ابن عزيز,1|2,Primary|Preparatory,public,Libya,Tajura' wa an Nawahi al Arba,,,,,,32.67339,13.36173,official_emis,exact,open
LBY_000155,SI-017,LBY,ABEN BATOTA,ابن بطوطه,1|2,Primary|Preparatory,public,Libya,Surt,,,,,,31.19537,16.35033,official_emis,exact,open
LBY_000156,MU-027,LBY,ABEN GALBON,ابن غلبون,3,Secondary (Economic Sciences),public,Libya,Misratah,,,,,,32.36839,15.07348,official_emis,exact,open
LBY_000157,ZA-097,LBY,ABEN JABER,ابن جابر للتعليم الأساسي,1|2,Primary|Preparatory,public,Libya,Az Zawiyah,,,,,,32.77811,12.5834,official_emis,exact,open
LBY_000158,MI-351,LBY,ABEN KALDON,ابن خلدون,1,Primary,public,Libya,Al Marqab,,,,,,32.39489,13.79853,official_emis,exact,open
LBY_000159,ZA-098,LBY,ABEN KALDON,ابن خلدون,1|2,Primary|Preparatory,public,Libya,An Nuqat al Khams,,,,,,32.75016,12.52889,official_emis,exact,open
LBY_000160,JA-088,LBY,ABEN KHALDOON,ابن خلدون,1|2,Primary|Preparatory,public,Libya,Al Marqab,,,,,,32.35567,13.3862,official_emis,exact,open
LBY_000161,TR-041,LBY,ABEN MAGED,ابن ماجد,1|2,Primary|Preparatory,public,Libya,Tajura' wa an Nawahi al Arba,,,,,,32.85645,13.10685,official_emis,exact,open
LBY_000162,JA-335,LBY,ABEN ROSHOD,ابن رشد,1,Primary,public,Libya,Tajura' wa an Nawahi al Arba,,,,,,32.6012,13.30141,official_emis,exact,open
LBY_000163,MI-207,LBY,ABEN SEUNA,ابن سينا,1|2,Primary|Preparatory,public,Libya,Al Marqab,,,,,,32.43356,13.87918,official_emis,exact,open
LBY_000164,SI-001,LBY,ABEY DR ALGHAFAREY,ابي در الغفاري,1|2,Primary|Preparatory,public,Libya,Surt,,,,,,31.07041,16.98859,official_emis,exact,open
LBY_000165,ZA-184,LBY,ABEY EISA ALSHAMELIA,ابي عيسى الشمالية,1|2,Primary|Preparatory,public,Libya,Az Zawiyah,,,,,,32.76839,12.628,official_emis,exact,closed_temporary
LBY_000166,BI-054,LBY,ABI THUR ALGHAFARI,أبي در الغفاري,2,Preparatory,public,Libya,Benghazi,,,,,,32.1375,20.1124,official_emis,exact,open
LBY_000167,MU-145,LBY,ABN  ALHATIEM,ابن الهيثم,1|2,Primary|Preparatory,public,Libya,Misratah,,,,,,32.37254,15.2076,official_emis,exact,open
LBY_000168,SI-069,LBY,ABN KHALDON,ابن خلدون,1|2,Primary|Preparatory,public,Libya,Surt,,,,,,31.20789,16.59187,official_emis,exact,open
LBY_000169,MI-046,LBY,ABN KHALDON,ابن خلدون,1|2,Primary|Preparatory,public,Libya,Tajura' wa an Nawahi al Arba,,,,,,32.59877,13.47338,official_emis,exact,open
LBY_000170,KU-273,LBY,ABN KHALDON,أبن خلدون,3,Secondary (Economic Sciences),public,Libya,An Nuqat al Khams,,,,,,32.79772,12.15891,official_emis,exact,closed_temporary
LBY_000171,MU-119,LBY,ABN SEENA,ابن سينا,3,Secondary (Medical Sciences),public,Libya,Misratah,,,,,,32.38155,15.13167,official_emis,exact,open
LBY_000172,GM-063,LBY,ABNA ALCHOHDA,ابناء الشهداء,1,Primary,public,Libya,Al Jabal al Akhdar,,,,,,32.89751,21.97305,official_emis,exact,closed_temporary
LBY_000173,MU-388,LBY,ABNE QLDON,ابن خلدون,1|2,Primary|Preparatory,public,Libya,Al Marqab,,,,,,32.48563,14.55959,official_emis,exact,open
LBY_000174,MI-352,LBY,ABO ABEDA BEN AL JARAH,أبو عبيدة بن الجراح,1|2,Primary|Preparatory,public,Libya,Al Marqab,,,,,,32.44666,13.80933,official_emis,exact,open
LBY_000175,WM-046,LBY,ABO ALAEED ZAED,ابوالعيد زائد,3,Secondary (Medical Sciences)|Secondary (Economic Sciences),public,Libya,Mizdah,,,,,,32.08402,13.01112,official_emis,exact,open
LBY_000176,WM-404,LBY,ABO ALAEED ZAED,ابوالعيد زائد,1|2,Primary|Preparatory,public,Libya,Mizdah,,,,,,32.08402,13.01112,official_emis,exact,open
LBY_000177,MI-274,LBY,ABO ALKASEM ASHABE,ابو القاسم الشابي,1,Primary,public,Libya,Tajura' wa an Nawahi al Arba,,,,,,32.70031,13.53988,official_emis,exact,open
LBY_000178,WM-031,LBY,ABO BAKAR ALEBTDAE,ابى بكر الابئداية,1,Primary,public,Libya,Mizdah,,,,,,32.05012,12.98592,official_emis,exact,open
LBY_000179,TR-009,LBY,ABO BAKER AL SADEK,أبو بكر الصديق,1|2,Primary|Preparatory,public,Libya,Tajura' wa an Nawahi al Arba,,,,,,32.84826,13.12857,official_emis,exact,open
LBY_000180,WM-032,LBY,ABO BAKER ALSADYK ALEADADE,ابوبكر الصديق الاعدادية,2,Preparatory,public,Libya,Mizdah,,,,,,32.05218,12.9843,official_emis,exact,open
LBY_000181,JA-336,LBY,ABO BAKER ALSEDDEQ,ابو بكر الصديق,1|2,Primary|Preparatory,public,Libya,Al Marqab,,,,,,32.41568,13.6254,official_emis,exact,open
LBY_000182,MI-104,LBY,ABO BAKER ALSEDEQ,ابوبكر الصديق,1|2,Primary|Preparatory,public,Libya,Al Marqab,,,,,,32.70603,13.91933,official_emis,exact,open
LBY_000183,JU-038,LBY,ABO BAKER ASADEG,ابوبكر الصديق ثانويه,3,Secondary (Medical Sciences),public,Libya,Al Jufrah,,,,,,27.81192,16.39301,official_emis,exact,open
LBY_000184,MI-509,LBY,ABO BAKER ASDEEQ,أبوبكر الصديق,1|2,Primary|Preparatory,public,Libya,Al Marqab,,,,,,32.53049,14.40305,official_emis,exact,open
LBY_000185,KU-113,LBY,ABO BAKER ASSDEK,ابو بكر الصديق,1|2,Primary|Preparatory,public,Libya,An Nuqat al Khams,,,,,,32.70679,12.21846,official_emis,exact,open
LBY_000186,ZA-003,LBY,ABO BAKER ASSDEK,ابو بكر الصديق,1|2,Primary|Preparatory,public,Libya,Az Zawiyah,,,,,,32.77934,12.71494,official_emis,exact,open
LBY_000187,WM-101,LBY,ABO BAKER ASSDEK,أبوبكر الصديق,1|2,Primary|Preparatory,public,Libya,Mizdah,,,,,,32.0584,13.35817,official_emis,exact,open
LBY_000188,MI-329,LBY,ABO BAKER ELRAZE,ابوبكر الرازي,1|2,Primary|Preparatory,public,Libya,Al Marqab,,,,,,32.35686,13.56249,official_emis,exact,open
LBY_000189,JU-002,LBY,ABO BAKER ELSEDEK,ابوبكر الصديق,1,Primary,public,Libya,Al Jufrah,,,,,,29.13087,15.93556,official_emis,exact,open
LBY_000190,JU-055,LBY,ABO BAKER ELSEDEK,ابوبكر الصديق,1,Primary,public,Libya,Al Jufrah,,,,,,29.13087,15.93556,official_emis,exact,open
LBY_000191,MI-301,LBY,ABO BAKER ELSEDEK,ابو بكر الصديق,1|2,Primary|Preparatory,public,Libya,Al Marqab,,,,,,32.42736,13.65085,official_emis,exact,open
LBY_000192,WM-240,LBY,ABO BAKER ELSEDEK,ابو بكر الصديق,1|2,Primary|Preparatory,public,Libya,Mizdah,,,,,,32.00315,12.6212,official_emis,exact,open
LBY_000193,WM-241,LBY,ABO BAKER ELSEDEK,ابو بكر الصديق,1|2,Primary|Preparatory,public,Libya,Mizdah,,,,,,31.99414,12.47831,official_emis,exact,open
LBY_000194,WS-052,LBY,ABO BAKR ALSEDEK,ابو بكر الصديق,1|2,Primary|Preparatory,public,Libya,Ash Shati',,,,,,27.48733,13.32685,official_emis,exact,open
LBY_000195,AJ-028,LBY,ABO BAKR ALSEDEK,ابو بكر الصديق,1|2,Primary|Preparatory,public,Libya,Ajdabiya,,,,,,30.47995,19.73199,official_emis,exact,open
LBY_000196,GM-103,LBY,ABO BALA,ابو باله,1,Primary,public,Libya,Al Jabal al Akhdar,,,,,,32.63937,21.63925,official_emis,exact,closed_temporary
LBY_000197,JA-269,LBY,ABO BCER,ابوبكر الصديق,1|2,Primary|Preparatory,public,Libya,Al Jifarah,,,,,,32.54203,12.95001,official_emis,exact,open
LBY_000198,NA-117,LBY,ABO BKER ASDDIK,ابو بكر الصديق,1|2,Primary|Preparatory,public,Libya,Ghadamis,,,,,,32.01541,11.3838,official_emis,exact,open
LBY_000199,MU-369,LBY,ABO BKR ASDIK,ابو بكر الصديق,1|2,Primary|Preparatory,public,Libya,Al Marqab,,,,,,32.3538,14.54739,official_emis,exact,open
LBY_000200,MI-302,LBY,ABO DAL ALFAKAR,ابو ذر الغفارى,1|2,Primary|Preparatory,public,Libya,Al Marqab,,,,,,32.42736,13.65085,official_emis,exact,open
LBY_000201,KU-031,LBY,ABO DAR ALGAFARE,ابو ذر الغفاري,1|2,Primary|Preparatory,public,Libya,An Nuqat al Khams,,,,,,32.75129,12.50741,official_emis,exact,closed_temporary
LBY_000202,WM-092,LBY,ABO EAID,أبو عياد,1|2,Primary|Preparatory,public,Libya,Mizdah,,,,,,32.11996,12.95825,official_emis,exact,open
LBY_000203,MI-477,LBY,ABO EIZA FOR ALTALEEM ALASASEE,ابو عزة للتعليم الاساسي,1|2,Primary|Preparatory,public,Libya,Al Marqab,,,,,,32.5567,14.38543,official_emis,exact,closed_temporary
LBY_000204,WS-047,LBY,ABO GADGOED,أبو قدقود للتعليم الأساسي,1|2,Primary|Preparatory,public,Libya,Ash Shati',,,,,,27.57099,13.62141,official_emis,exact,open
LBY_000205,ZA-004,LBY,ABO GALISHA,أبوغلاشه,1|2,Primary|Preparatory,public,Libya,Az Zawiyah,,,,,,32.7852,12.71737,official_emis,exact,open
LBY_000206,MI-217,LBY,ABO HELFAYA,ابوحلفايه,1|2,Primary|Preparatory,public,Libya,Al Marqab,,,,,,32.37663,13.96914,official_emis,exact,open
LBY_000207,MI-072,LBY,ABO HLEGA,أبو حليقة,1|2,Primary|Preparatory,public,Libya,Tajura' wa an Nawahi al Arba,,,,,,32.71951,13.83237,official_emis,exact,open
LBY_000208,WA-034,LBY,ABO JAFR ALMNSWR,ابو جعفر المنصور,1|2,Primary|Preparatory,public,Libya,Ajdabiya,,,,,,29.224496,19.205694,official_emis,exact,closed_temporary
LBY_000209,WM-048,LBY,ABO MOAD,ابومعاد,3,Secondary (Engineering Sciences),public,Libya,Mizdah,,,,,,32.09978,13.0106,official_emis,exact,open
LBY_000210,DA-099,LBY,ABO NAJLA,أبو نجلة,1|2,Primary|Preparatory,public,Libya,Al Qubbah,,,,,,32.80936,22.06267,official_emis,exact,open
LBY_000211,TR-058,LBY,ABO OBIDA BEN ALJARAAH,أبو عبيدة بن الجراح,3,Secondary (Medical Sciences)|Secondary (Engineering Sciences),public,Libya,Tajura' wa an Nawahi al Arba,,,,,,32.86198,13.14206,official_emis,exact,open
LBY_000212,KO-029,LBY,ABO PKR ALSDIG,أبو بكر الصديق,3,Secondary (Engineering Sciences),public,Libya,Al Kufrah,,,,,,24.18871,23.28925,official_emis,exact,closed_temporary
LBY_000213,SI-101,LBY,ABO SEDA,ابوسعدة,1|2,Primary|Preparatory,public,Libya,Surt,,,,,,30.99211,17.52068,official_emis,exact,open
LBY_000214,MI-173,LBY,ABO SHEAFA,ابو شعفه,1,Primary,public,Libya,Al Marqab,,,,,,32.61547,13.84194,official_emis,exact,open
LBY_000215,ZA-186,LBY,ABO SHEBA,أبوشيبه,1|2,Primary|Preparatory,public,Libya,Az Zawiyah,,,,,,32.7543,12.63242,official_emis,exact,open
LBY_000216,JA-253,LBY,ABO SHEBA,ابوشيبه,1|2,Primary|Preparatory,public,Libya,Tajura' wa an Nawahi al Arba,,,,,,32.54271,13.2699,official_emis,exact,open
LBY_000217,ZA-145,LBY,ABO SHMATAH,ابو شماطه,1|2,Primary|Preparatory,public,Libya,Az Zawiyah,,,,,,32.60419,12.60177,official_emis,exact,open
LBY_000218,NA-072,LBY,ABO YAHYA ALKRSITEY,ابو يحي القرسطاي,1,Primary,public,Libya,Ghadamis,,,,,,31.86493,11.37609,official_emis,exact,open
LBY_000219,SI-100,LBY,ABO ZAHYA,ابو زاهية,1|2,Primary|Preparatory,public,Libya,Surt,,,,,,31.207377,16.7242,official_emis,exact,open
LBY_000220,TR-235,LBY,ABO-AGELAA ALSHEBLE,ابوعجيلة الشبلي,1|2,Primary|Preparatory,public,Libya,Tajura' wa an Nawahi al Arba,,,,,,32.8499,13.20544,official_emis,exact,open
LBY_000221,SI-106,LBY,ABOABAD BEN ALJARAH,ابوعبدة بن الجراح,1|2,Primary|Preparatory,public,Libya,Surt,,,,,,31.11584,17.14662,official_emis,exact,open
LBY_000222,SI-105,LBY,ABOBAKAR ALSADEK,ابوبكر الصديق,1|2,Primary|Preparatory,public,Libya,Surt,,,,,,30.89958,17.22791,official_emis,exact,open
LBY_000223,MU-167,LBY,ABOBAKER ALSDEEQ,ابوبكر الصديق,1|2,Primary|Preparatory,public,Libya,Misratah,,,,,,32.37689,14.99415,official_emis,exact,open
LBY_000224,WA-036,LBY,ABOBAKER ALSEDEK,ابوبكر الصديق,3,Secondary (Economic Sciences),public,Libya,Ajdabiya,,,,,,29.005198,21.50992,official_emis,exact,open
LBY_000225,WM-122,LBY,ABOBAKER ALSEDEK,ابوبكر الصديق,1|2,Primary|Preparatory,public,Libya,Mizdah,,,,,,32.0376,12.87967,official_emis,exact,open
LBY_000226,WM-302,LBY,ABOBAKER ALSEDEQ,ابوبكر الصديق,1|2,Primary|Preparatory,public,Libya,Mizdah,,,,,,31.8728,12.23542,official_emis,exact,open
LBY_000227,BI-116,LBY,ABOBAKER ALSEDEQ,ابوبكر الصديق,2,Preparatory,public,Libya,Benghazi,,,,,,32.090802,20.072467,official_emis,exact,open
LBY_000228,MU-321,LBY,ABOBAKER ASDEEQ,أبوبكر الصديق,1|2,Primary|Preparatory,public,Libya,Misratah,,,,,,31.74591,13.998658,official_emis,exact,open
LBY_000229,JA-177,LBY,ABOBAKR ALSEDEEK,ابوبكر الصديق,1|2,Primary|Preparatory,public,Libya,Al Marqab,,,,,,32.48801,14.44821,official_emis,exact,open
LBY_000230,KU-058,LBY,ABOBAKR ALSEDEEK,ابوبكر الصديق,1|2,Primary|Preparatory,public,Libya,An Nuqat al Khams,,,,,,32.73225,12.45714,official_emis,exact,closed_temporary
LBY_000231,JA-334,LBY,ABOBAKR ALSEDEEK,ابوبكر الصديق,1,Primary,public,Libya,Al Marqab,,,,,,32.47804,14.56624,official_emis,exact,open
LBY_000232,MU-133,LBY,ABOBKER ALRAZI,ابوبكر الرازى,2,Preparatory,public,Libya,Misratah,,,,,,32.35181,15.12568,official_emis,exact,open
LBY_000233,MU-224,LBY,ABODALH BEN MASOD,عبدالله بن مسعود,1|2,Primary|Preparatory,public,Libya,Al Marqab,,,,,,32.428,14.57597,official_emis,exact,open
LBY_000234,ZA-002,LBY,ABOHMERA,ابوحميره,1,Primary,public,Libya,Az Zawiyah,,,,,,32.76881,12.7066,official_emis,exact,open
LBY_000235,MI-092,LBY,ABOMSAHEL,ابو مساهل,1|2,Primary|Preparatory,public,Libya,Tajura' wa an Nawahi al Arba,,,,,,32.67359,13.81884,official_emis,exact,open
LBY_000236,SI-036,LBY,ABOQREN,أبوقرين,1|2,Primary|Preparatory,public,Libya,Misratah,,,,,,31.44984,15.25326,official_emis,exact,open
LBY_000237,GM-065,LBY,ABRAHEM BORAEELA,ابراهيم  بورعيله,1|2,Primary|Preparatory,public,Libya,Al Marj,,,,,,32.59763,21.35387,official_emis,exact,closed_temporary
LBY_000238,GA-003,LBY,ABTAL 17 FEBRAIAR,ابطال 17 فبرلير,1,Primary,public,Libya,Ghat,,,,,,24.94943,10.15729,official_emis,exact,open
LBY_000239,JA-205,LBY,ABTAL ALHEJARA,ابطال الحجارة,1|2,Primary|Preparatory,public,Libya,Az Zawiyah,,,,,,32.75016,13.05566,official_emis,exact,open
LBY_000240,JA-219,LBY,ABTAL ALTWRT,ابطال الثورة,1,Primary,public,Libya,Az Zawiyah,,,,,,32.77531,13.00387,official_emis,exact,open
LBY_000241,BI-125,LBY,ABU BAKR ALRAZI,ابوبكر الرازى,3,Secondary (Engineering Sciences),public,Libya,Benghazi,,,,,,32.083381,20.078352,official_emis,exact,open
LBY_000242,WH-024,LBY,ABU BAKR ALSIDDIK,أبو بكر الصديق,1|2,Primary|Preparatory,public,Libya,Wadi al Hayaa,,,,,,26.56306,13.16184,official_emis,exact,open
LBY_000243,WM-242,LBY,ABU DR AIGFIRA,ابى در الغفارى,2,Preparatory,public,Libya,Mizdah,,,,,,32.03354,12.55433,official_emis,exact,open
LBY_000244,KU-195,LBY,ABU DUALGUER,ابى ذى العقارى,1|2,Primary|Preparatory,public,Libya,An Nuqat al Khams,,,,,,32.83945,12.00439,official_emis,exact,closed_temporary
LBY_000245,MI-236,LBY,ABU HORAYRA,ابو هريرة,1,Primary,public,Libya,Tajura' wa an Nawahi al Arba,,,,,,32.70859,13.65512,official_emis,exact,open
LBY_000246,WM-096,LBY,ABU JAFAR,ابو جعفر,1|2,Primary|Preparatory,public,Libya,Mizdah,,,,,,32.09294,13.23383,official_emis,exact,open
LBY_000247,MA-026,LBY,ABU JRAR,ابوجرار,2,Preparatory,public,Libya,Benghazi,,,,,,32.49488,20.52378,official_emis,exact,open
LBY_000248,NA-008,LBY,ABU MANSOR ELYAS,ابو منصور إلياس,1|2,Primary|Preparatory,public,Libya,Ghadamis,,,,,,31.86376,11.48816,official_emis,exact,open
LBY_000249,NA-036,LBY,ABU NASR TAMLUSHAIT,أبو نصر تملوشايت,1|2,Primary|Preparatory,public,Libya,Ghadamis,,,,,,31.85971,11.47291,official_emis,exact,open
LBY_000250,MU-016,LBY,ABU SHA`YRA,ابو شعيرة,1|2,Primary|Preparatory,public,Libya,Misratah,,,,,,32.39434,15.10733,official_emis,exact,open
LBY_000251,JA-138,LBY,ABU YOSUF,ابو يوسف,1|2,Primary|Preparatory,public,Libya,Tajura' wa an Nawahi al Arba,,,,,,32.63022,13.24571,official_emis,exact,closed_temporary
LBY_000252,MI-222,LBY,ABUD ALLAH BEN AMTER,عبد الله بن امطير,1|2,Primary|Preparatory,public,Libya,Al Marqab,,,,,,32.48453,14.57011,official_emis,exact,open
LBY_000253,MI-241,LBY,ABUD ALRAHMAN BEN ABY BAKER,عبد الرحمن بن أبي بكر,1|2,Primary|Preparatory,public,Libya,Tajura' wa an Nawahi al Arba,,,,,,32.74933,13.72071,official_emis,exact,open
LBY_000254,JA-048,LBY,ABUDRUMAN AZIM,عبدالرحمن عزام,1|2,Primary|Preparatory,public,Libya,Tajura' wa an Nawahi al Arba,,,,,,32.72666,13.08797,official_emis,exact,closed_temporary
LBY_000255,TR-411,LBY,ABW BCER ZUD,ابوبكر الصديق,1|2,Primary|Preparatory,public,Libya,Tajura' wa an Nawahi al Arba,,,,,,32.81279,13.12269,official_emis,exact,open
LBY_000256,JA-262,LBY,ABY AISHA,ابي عائشة,1|2,Primary|Preparatory,public,Libya,Tajura' wa an Nawahi al Arba,,,,,,32.51138,13.33537,official_emis,exact,open
LBY_000257,GA-012,LBY,ABY BKR ASDIK,ابي بكر  الصديق,1|2,Primary|Preparatory,public,Libya,Ghat,,,,,,24.89677,10.18354,official_emis,exact,open
LBY_000258,WM-081,LBY,ABY GYLAN,أبي غيلان الثانوية,3,Secondary (Medical Sciences),public,Libya,Mizdah,,,,,,32.25731,13.04014,official_emis,exact,open
LBY_000259,MI-330,LBY,ABYAR MAJEY,ابيار مجي اساسي,1|2,Primary|Preparatory,public,Libya,Al Marqab,,,,,,32.40504,13.54391,official_emis,exact,open
LBY_000260,TR-157,LBY,ADAHRA,الظهرة,1,Primary,public,Libya,Tajura' wa an Nawahi al Arba,,,,,,32.88853,13.18647,official_emis,exact,open
LBY_000261,MI-033,LBY,ADERSEYA,الدرسيه,1|2,Primary|Preparatory,public,Libya,Tajura' wa an Nawahi al Arba,,,,,,32.68452,13.53391,official_emis,exact,open
LBY_000262,SI-075,LBY,ADHEER,الظهير,1|2,Primary|Preparatory,public,Libya,Surt,,,,,,31.18738,16.41773,official_emis,exact,closed_temporary
LBY_000263,SI-005,LBY,ADHWA SIRTE,أضواء سرت,1,Primary,public,Libya,Surt,,,,,,31.08802,16.53875,official_emis,exact,open
LBY_000264,BI-145,LBY,ADIAA,الضياء,1|2,Primary|Preparatory,public,Libya,Benghazi,,,,,,32.11072,20.07742,official_emis,exact,open
LBY_000265,MO-003,LBY,ADLEEM ALTHANWEYA,ادليم الثانوية,3,Secondary (Medical Sciences)|Secondary (Engineering Sciences),public,Libya,Murzuq,,,,,,25.93237,14.0868,official_emis,exact,open
LBY_000266,AJ-027,LBY,ADM ALNWIHF,ادم انويحف,1|2,Primary|Preparatory,public,Libya,Ajdabiya,,,,,,30.62246,19.93148,official_emis,exact,open
LBY_000267,MI-099,LBY,ADRAWZA,الدراوزة,1|2,Primary|Preparatory,public,Libya,Al Marqab,,,,,,32.70104,13.90242,official_emis,exact,open
LBY_000268,GM-131,LBY,ADREES ABD ALSAEID,ادريس عبد السيد,1|2,Primary|Preparatory,public,Libya,Al Jabal al Akhdar,,,,,,32.70188,21.86795,official_emis,exact,closed_temporary
LBY_000269,KU-275,LBY,ADWAWDA,الذواودة,3,Secondary (Engineering Sciences)|Secondary (Economic Sciences),public,Libya,An Nuqat al Khams,,,,,,32.83137,12.03549,official_emis,exact,closed_temporary
LBY_000270,MI-175,LBY,AETMAN ALKABAZANEE,عثمان القبزاني,3,Secondary (Medical Sciences)|Secondary (Engineering Sciences)|Secondary (Economic Sciences),public,Libya,Al Jifarah,,,,,,32.58248,13.03369,official_emis,exact,closed_temporary
LBY_000271,TR-315,LBY,AFAD ALMEDN,احفاد المجاهدين,3,Secondary (Economic Sciences),public,Libya,Tajura' wa an Nawahi al Arba,,,,,,32.87849,13.22467,official_emis,exact,open
LBY_000272,BI-450,LBY,AFREKA,افريقيا,1,Primary,public,Libya,Benghazi,,,,,,32.10754,20.07609,official_emis,exact,open
LBY_000272,BI-450,LBY,AFREKA,افريقيا,1,Primary,public,Libya,Benghazi,,,,,,32.10754,20.07609,official_emis,exact,open
LBY_000273,BI-019,LBY,AFREKA,افريقيا,1,Primary,public,Libya,Benghazi,,,,,,32.10754,20.07609,official_emis,exact,open
LBY_000274,JA-077,LBY,AFREQYA,أفريقيا,3,Secondary (Medical Sciences)|Secondary (Engineering Sciences)|Secondary (Economic Sciences),public,Libya,Az Zawiyah,,,,,,32.83494,13.0735,official_emis,exact,closed_temporary
LBY_000275,MU-364,LBY,AFRICA /ALNDLUS,افريقيا الاندلس,1|2,Primary|Preparatory,public,Libya,Al Marqab,,,,,,32.35942,14.53565,official_emis,exact,open
LBY_000276,KU-136,LBY,AFRUC,الفريخ الجنوبيه,1|2,Primary|Preparatory,public,Libya,An Nuqat al Khams,,,,,,32.78945,12.21824,official_emis,exact,open
LBY_000277,MO-094,LBY,AGAR ALCHAK AL AWAL,آقار الشق الأول,1,Primary,public,Libya,Murzuq,,,,,,26.09568,13.55283,official_emis,exact,open
LBY_000278,MO-033,LBY,AGAR ALCHAK AL AWAL,آقار الشق الأول,1,Primary,public,Libya,Murzuq,,,,,,26.09568,13.55283,official_emis,exact,open
LBY_000279,MO-034,LBY,AGAR ALCHAK AL TANY,آقار الشق الثاني,2,Preparatory,public,Libya,Murzuq,,,,,,26.09686,13.55186,official_emis,exact,open
LBY_000280,NA-055,LBY,AGDIMES,غدامس لتعليم الكبار,1,Primary,public,Libya,Ghadamis,,,,,,30.12271,9.48954,official_emis,exact,open
LBY_000281,BI-205,LBY,AGPT BN NAFA,عقبة بن نافع,1|2,Primary|Preparatory,public,Libya,Benghazi,,,,,,31.67035,20.25777,official_emis,exact,open
LBY_000282,BI-494,LBY,AGPT BN NAFA,عقبة بن نافع,1,Primary,public,Libya,Benghazi,,,,,,31.67035,20.25777,official_emis,exact,open
LBY_000283,GM-072,LBY,AGTALAS,اقطلس,1,Primary,public,Libya,Al Marj,,,,,,32.66359,21.37956,official_emis,exact,closed_temporary
LBY_000284,GM-112,LBY,AHAMAD ALHASE,احمد الحاسى,1|2,Primary|Preparatory,public,Libya,Al Jabal al Akhdar,,,,,,32.81336,21.94941,official_emis,exact,closed_temporary
LBY_000285,TR-163,LBY,AHAMAD ALSAREF SCHOO,احمد الشارف,1,Primary,public,Libya,Tajura' wa an Nawahi al Arba,,,,,,32.89424,13.17457,official_emis,exact,open
LBY_000286,MI-303,LBY,AHAMAD ARABEA,احمد عرابى,1|2,Primary|Preparatory,public,Libya,Al Marqab,,,,,,32.51259,13.67955,official_emis,exact,closed_temporary
LBY_000287,TR-568,LBY,AHAMAD BEN SHATAWAN,احمد بن شتوان,1,Primary,public,Libya,Tajura' wa an Nawahi al Arba,,,,,,32.88786,13.19593,official_emis,exact,open
LBY_000288,TR-160,LBY,AHAMAD KANABH,احمد قنابى,1,Primary,public,Libya,Tajura' wa an Nawahi al Arba,,,,,,32.89398,13.1759,official_emis,exact,open
LBY_000289,MI-230,LBY,AHAMAD RAFAK ALTANWA,احمد رفيق التانوية,3,Secondary (Engineering Sciences),public,Libya,Al Marqab,,,,,,32.47398,14.5648,official_emis,exact,open
LBY_000290,GM-196,LBY,AHFAD ALMOKHTAR,أحفاد المختار,1,Primary,public,Libya,Al Jabal al Akhdar,,,,,,32.7578,21.77763,official_emis,exact,closed_temporary
LBY_000291,JU-023,LBY,AHFAD ALMOKHTAR,احفاد المختار,1|2,Primary|Preparatory,public,Libya,Al Jufrah,,,,,,29.14468,16.14564,official_emis,exact,open
LBY_000292,JU-059,LBY,AHFAD ALMOKHTAR,احفاد المختار,1,Primary,public,Libya,Al Jufrah,,,,,,29.14468,16.14564,official_emis,exact,open
LBY_000293,MI-026,LBY,AHFAD ALMOKHTAR,احفاد المختار,1|2,Primary|Preparatory,public,Libya,Al Marqab,,,,,,32.4427,13.50487,official_emis,exact,open
LBY_000294,GM-022,LBY,AHFAD ALMOKHTAR,أحفاد المختار,1|2,Primary|Preparatory,public,Libya,Al Jabal al Akhdar,,,,,,32.7578,21.77763,official_emis,exact,open
LBY_000295,DA-182,LBY,AHFAD ALMOKTAR,احفاد المختار,1,Primary,public,Libya,Al Qubbah,,,,,,32.73452,22.02515,official_emis,exact,open
LBY_000296,DA-088,LBY,AHFAD ALMOKTAR,احفاد المختار,1|2,Primary|Preparatory,public,Libya,Al Qubbah,,,,,,32.73452,22.02515,official_emis,exact,open
LBY_000297,MI-438,LBY,AHFAD ALMUKTAR,احفاد المختار,1|2,Primary|Preparatory,public,Libya,Al Marqab,,,,,,32.64441,14.27679,official_emis,exact,open
LBY_000298,BI-072,LBY,AHFAD BO RAHEL,أحفاد بو رحيل,1|2,Primary|Preparatory,public,Libya,Benghazi,,,,,,31.85743,19.98604,official_emis,exact,open
LBY_000299,MU-118,LBY,AHMAD ALBAHLOOL,احمد البهلول التانويه,3,Secondary (Engineering Sciences),public,Libya,Misratah,,,,,,32.37237,15.14885,official_emis,exact,open
LBY_000300,JU-020,LBY,AHMAD KNAFA,احمد قنابه,2,Preparatory,public,Libya,Al Jufrah,,,,,,29.17327,16.15567,official_emis,exact,open
LBY_000301,MI-447,LBY,AHMD ATIG,احمد عتيق,1|2,Primary|Preparatory,public,Libya,Al Marqab,,,,,,32.58012,14.3595,official_emis,exact,open
LBY_000302,MI-454,LBY,AHMED ABO RAS,احمد ابو راس,1|2,Primary|Preparatory,public,Libya,Al Marqab,,,,,,32.58395,14.3558,official_emis,exact,open
LBY_000303,MI-455,LBY,AHMED AL DRAWE,احمد الدراوي,1|2,Primary|Preparatory,public,Libya,Al Marqab,,,,,,32.5792,14.35357,official_emis,exact,open
LBY_000304,WA-024,LBY,AHMED AL QABOLY,أحمد الخبولي,1|2,Primary|Preparatory,public,Libya,Ajdabiya,,,,,,29.142549,21.292796,official_emis,exact,open
LBY_000305,MU-135,LBY,AHMED AL ZAROOG,أحمد الزروق,1|2,Primary|Preparatory,public,Libya,Misratah,,,,,,32.37117,15.148,official_emis,exact,open
LBY_000306,MI-197,LBY,AHMED ALRAFEQ,احمد الرفيق,1|2,Primary|Preparatory,public,Libya,Al Marqab,,,,,,32.47697,14.56586,official_emis,exact,open
LBY_000307,KU-068,LBY,AHMED ASHAREF,احمد الشارف,1|2,Primary|Preparatory,public,Libya,An Nuqat al Khams,,,,,,32.68262,12.34803,official_emis,exact,closed_temporary
LBY_000308,ZA-005,LBY,AHMED ASHAREQ,احمد الشارق,1|2,Primary|Preparatory,public,Libya,Az Zawiyah,,,,,,32.7257,12.75611,official_emis,exact,open
LBY_000309,WM-192,LBY,AHMED ASSENE,أحمد السني,1|2,Primary|Preparatory,public,Libya,Mizdah,,,,,,31.44575,12.98699,official_emis,exact,open
LBY_000310,TR-156,LBY,AHMED BEN,احمد بن شتوان,2,Preparatory,public,Libya,Tajura' wa an Nawahi al Arba,,,,,,32.89274,13.19614,official_emis,exact,open
LBY_000311,MI-135,LBY,AHMED BSHIRA,أحمد بشارة,1|2,Primary|Preparatory,public,Libya,Al Marqab,,,,,,32.49379,14.04102,official_emis,exact,closed_temporary
LBY_000312,TR-255,LBY,AHMED CARA,احمد كارة,1|2,Primary|Preparatory,public,Libya,Tajura' wa an Nawahi al Arba,,,,,,32.89353,13.23867,official_emis,exact,open
LBY_000313,MI-470,LBY,AHMED ELGAREB,احمد الغريب,1|2,Primary|Preparatory,public,Libya,Al Marqab,,,,,,32.57631,14.36383,official_emis,exact,closed_temporary
LBY_000314,WM-303,LBY,AHMED ERABEY,احمد عرابي,1,Primary,public,Libya,Mizdah,,,,,,31.9158,12.25531,official_emis,exact,open
LBY_000315,TR-250,LBY,AHMED EZAGOZEY,أحمد الزقوزي,1,Primary,public,Libya,Tajura' wa an Nawahi al Arba,,,,,,32.90033,13.23597,official_emis,exact,closed_temporary
LBY_000316,JU-026,LBY,AHMED FALOQI,أحمد فالوقي,3,Secondary (Economic Sciences),public,Libya,Al Jufrah,,,,,,29.16422,16.15054,official_emis,exact,closed_temporary
LBY_000317,GA-010,LBY,AHMED OWN ALLAH,احمد عون الله,1|2,Primary|Preparatory,public,Libya,Ghat,,,,,,24.97277,10.18084,official_emis,exact,open
LBY_000318,MU-259,LBY,AHMED RAFEEK,احمد رفيق,1|2,Primary|Preparatory,public,Libya,Al Marqab,,,,,,32.46347,14.50525,official_emis,exact,closed_temporary
LBY_000319,TR-159,LBY,AHMED RAFEEQ ALMHDI,أحمد رفيق المهدي,2,Preparatory,public,Libya,Tajura' wa an Nawahi al Arba,,,,,,32.89287,13.19608,official_emis,exact,open
LBY_000320,GM-198,LBY,AHMED YASEN,أحمد ياسين,1,Primary,public,Libya,Al Jabal al Akhdar,,,,,,32.76391,21.78336,official_emis,exact,open
LBY_000321,GM-024,LBY,AHMED YASEN,أحمد ياسين,1|2,Primary|Preparatory,public,Libya,Al Jabal al Akhdar,,,,,,32.76391,21.78336,official_emis,exact,open
LBY_000322,DA-143,LBY,AHRAR LIBYA,أحرار ليبيا,1,Primary,public,Libya,,,,,,,32.77145,22.63114,official_emis,exact,open
LBY_000323,WM-381,LBY,AHRAR LIBYA,أحرار ليبيا,3,Secondary (Medical Sciences),public,Libya,Mizdah,,,,,,31.9941,12.34356,official_emis,exact,closed_temporary
LBY_000324,DA-024,LBY,AHRAR LIBYA,أحرار ليبيا,1,Primary,public,Libya,,,,,,,32.77145,22.63114,official_emis,exact,open
LBY_000325,BI-163,LBY,AHRAR LIBYA,احرار ليبيا,3,Secondary (Engineering Sciences),public,Libya,Benghazi,,,,,,32.20251,20.20251,official_emis,exact,open
LBY_000326,KU-269,LBY,AHRAR ZWARA,أحرار زوارة,3,Secondary (Economic Sciences),public,Libya,An Nuqat al Khams,,,,,,32.92641,12.07852,official_emis,exact,closed_temporary
LBY_000327,SA-012,LBY,AHRUT,الحرية,2,Preparatory,public,Libya,Sabha,,,,,,27.0519,14.4128,official_emis,exact,open
LBY_000328,AJ-020,LBY,AICHA AM AL MOIMENYAN,عائشة أم المؤمنين,1|2,Primary|Preparatory,public,Libya,Ajdabiya,,,,,,30.7583,20.24003,official_emis,exact,open
LBY_000329,WS-057,LBY,AIDRU,ادرى,1|2,Primary|Preparatory,public,Libya,Ash Shati',,,,,,27.44988,13.05251,official_emis,exact,open
LBY_000330,WM-002,LBY,AIHUD ALGDUD,العهد الجديد,1|2,Primary|Preparatory,public,Libya,Mizdah,,,,,,32.13982,13.01223,official_emis,exact,open
LBY_000331,MI-278,LBY,AIMRD ARCIE,المارد العربى,1|2,Primary|Preparatory,public,Libya,Tajura' wa an Nawahi al Arba,,,,,,32.74983,13.6222,official_emis,exact,open
LBY_000332,WA-007,LBY,AIMSURT KBER,المسيرة الخضراء,1|2,Primary|Preparatory,public,Libya,Ajdabiya,,,,,,29.094916,21.3418,official_emis,exact,open
LBY_000333,WA-035,LBY,AIMSURT KBER,المسيرة الخضراء,1,Primary,public,Libya,Ajdabiya,,,,,,29.094916,21.3418,official_emis,exact,closed_temporary
LBY_000334,MU-387,LBY,AIN GALOAT,عين جالوت,1|2,Primary|Preparatory,public,Libya,Al Marqab,,,,,,32.47882,14.57907,official_emis,exact,open
LBY_000335,JA-082,LBY,AIN JALOT,عين جالوت,1|2,Primary|Preparatory,public,Libya,Al Jifarah,,,,,,32.6492,13.00614,official_emis,exact,open
LBY_000336,GM-044,LBY,AIN JALUOT,عين جالوت,1|2,Primary|Preparatory,public,Libya,Al Jabal al Akhdar,,,,,,32.72729,21.76471,official_emis,exact,open
LBY_000337,MU-015,LBY,AIN JALUT,عين جالوت,1|2,Primary|Preparatory,public,Libya,Misratah,,,,,,32.38009,15.11401,official_emis,exact,open
LBY_000338,TR-469,LBY,AIN ZARA SCHOOL,عين زارة,1|2,Primary|Preparatory,public,Libya,Tajura' wa an Nawahi al Arba,,,,,,32.81838,13.26425,official_emis,exact,open
LBY_000339,WH-029,LBY,AIQDS GRMT,القدس جرمة,1|2,Primary|Preparatory,public,Libya,Wadi al Hayaa,,,,,,26.52945,13.06571,official_emis,exact,open
LBY_000340,GM-192,LBY,AISER ALMRG,الاسراء والمعراج,1,Primary,public,Libya,Al Jabal al Akhdar,,,,,,32.76444,21.73102,official_emis,exact,closed_temporary
LBY_000341,GM-032,LBY,AISHA AM ALMOAMENEEN,عائشة ام المؤمنين,1|2,Primary|Preparatory,public,Libya,Al Jabal al Akhdar,,,,,,32.75848,21.75784,official_emis,exact,closed_temporary
LBY_000342,SA-0076,LBY,AISHA AM ALMOAMENEEN,عائشة ام المؤمنين,1,Primary,public,Libya,Sabha,,,,,,27.03482,14.42629,official_emis,exact,open
LBY_000343,SA-001,LBY,AISHA AM ALMOAMENEEN,عائشة ام المؤمنين,1|2,Primary|Preparatory,public,Libya,Sabha,,,,,,27.03482,14.42629,official_emis,exact,open
LBY_000344,GM-203,LBY,AISHA AM ALMOAMENEEN,عائشة ام المؤمنين,1,Primary,public,Libya,Al Jabal al Akhdar,,,,,,32.75848,21.75784,official_emis,exact,closed_temporary
LBY_000345,MA-205,LBY,AISHA OM ALMOAMENEEN,عائشة ام المؤمنين,1,Primary,public,Libya,Al Marj,,,,,,32.49578,20.82503,official_emis,exact,closed_temporary
LBY_000346,MA-062,LBY,AISHA OM ALMOAMENEEN,عائشة ام المؤمنين,1|2,Primary|Preparatory,public,Libya,Al Marj,,,,,,32.49578,20.82503,official_emis,exact,open
LBY_000347,GA-016,LBY,AISHA OM ALMOAMNEEN,عائشة ام المؤمنين,1|2,Primary|Preparatory,public,Libya,Ghat,,,,,,24.8887,10.18287,official_emis,exact,unknown
LBY_000348,MU-413,LBY,AISHA OM ALMOEMYNEN,عائشة أم المؤمنين,1|2,Primary|Preparatory,public,Libya,Al Marqab,,,,,,32.45914,14.57593,official_emis,exact,open
LBY_000349,ZA-017,LBY,AISHA OM ALMOMNIN,عائشة ام المؤمنين,1|2,Primary|Preparatory,public,Libya,Az Zawiyah,,,,,,32.73836,12.76868,official_emis,exact,open
LBY_000350,GM-017,LBY,AISRA ALMRG,الاسراء والمعراج,1|2,Primary|Preparatory,public,Libya,Al Jabal al Akhdar,,,,,,32.76444,21.73102,official_emis,exact,open
LBY_000351,KU-004,LBY,AISTGLA,الاستقلال,1|2,Primary|Preparatory,public,Libya,An Nuqat al Khams,,,,,,32.7988,12.40105,official_emis,exact,closed_temporary
LBY_000352,TR-258,LBY,AITHD,التحدى,1|2,Primary|Preparatory,public,Libya,Tajura' wa an Nawahi al Arba,,,,,,32.89063,13.24059,official_emis,exact,open
LBY_000353,DA-011,LBY,AITOFUQ,التوفيق,1,Primary,public,Libya,Al Qubbah,,,,,,32.76316,22.62433,official_emis,exact,open
LBY_000354,DA-136,LBY,AITOFUQ,التوفيق,1,Primary,public,Libya,Al Qubbah,,,,,,32.76316,22.62433,official_emis,exact,open
LBY_000355,WS-032,LBY,AIWDT AIRABUI,الوحدة العربية,1|2,Primary|Preparatory,public,Libya,Ash Shati',,,,,,27.51688,14.08653,official_emis,exact,open
LBY_000356,JA-268,LBY,AIZUZY ALUER,العزيزية الغربيه,1|2,Primary|Preparatory,public,Libya,Al Jifarah,,,,,,32.53987,12.90939,official_emis,exact,open
LBY_000357,JA-220,LBY,AJNADEN,اجنادين,1|2,Primary|Preparatory,public,Libya,Az Zawiyah,,,,,,32.75737,13.09318,official_emis,exact,open
LBY_000358,WM-077,LBY,AKBA BIN NAFEA,عقبة بن نافع,1|2,Primary|Preparatory,public,Libya,Mizdah,,,,,,32.15695,13.10706,official_emis,exact,open
LBY_000359,MI-437,LBY,AKHEL,اكحيل,1,Primary,public,Libya,Al Marqab,,,,,,32.58862,14.2436,official_emis,exact,open
LBY_000360,MI-126,LBY,AKHOMREY,الخمري,1|2,Primary|Preparatory,public,Libya,Al Marqab,,,,,,32.58377,14.11824,official_emis,exact,open
LBY_000361,MI-484,LBY,AKPT BN NAFA,عقبة بن نافع,1,Primary,public,Libya,Al Marqab,,,,,,32.58046,14.19076,official_emis,exact,open
LBY_000362,GM-113,LBY,AKTAT MOSAI,اقطيط موسى,1|2,Primary|Preparatory,public,Libya,Al Jabal al Akhdar,,,,,,32.77996,21.94763,official_emis,exact,closed_temporary
LBY_000363,MI-097,LBY,AL ABADLA,العبادلة,1|2,Primary|Preparatory,public,Libya,Al Marqab,,,,,,32.68842,13.89544,official_emis,exact,open
LBY_000364,BI-157,LBY,AL ABAS BEN ABDE AL MTALEB,العباس بن عبد المطلب,1,Primary,public,Libya,Benghazi,,,,,,32.089271,20.121983,official_emis,exact,open
LBY_000365,BI-482,LBY,AL ABAS BEN ABDE AL MTALEB,العباس بن عبد المطلب,1,Primary,public,Libya,Benghazi,,,,,,32.089271,20.121983,official_emis,exact,open
LBY_000366,MI-120,LBY,AL ALWAS,العلوص,3,Secondary (Engineering Sciences)|Secondary (Economic Sciences),public,Libya,Al Marqab,,,,,,32.7092,13.93855,official_emis,exact,open
LBY_000367,MO-097,LBY,AL AMEL,الأمل,1,Primary,public,Libya,Murzuq,,,,,,26.09636,13.69009,official_emis,exact,open
LBY_000368,MO-039,LBY,AL AMEL,الأمل,1|2,Primary|Preparatory,public,Libya,Murzuq,,,,,,26.09636,13.69009,official_emis,exact,open
LBY_000369,BI-122,LBY,AL AMEL AL KABER,الأمل الكبير,1|2,Primary|Preparatory,public,Libya,Benghazi,,,,,,32.092639,20.067477,official_emis,exact,open
LBY_000370,MU-389,LBY,AL ANTULAKA,الانطلاقة للتعليم الأساسي,1|2,Primary|Preparatory,public,Libya,Al Marqab,,,,,,32.48603,14.58227,official_emis,exact,open
LBY_000371,MU-054,LBY,AL ANWIAR,الأنوار,1|2,Primary|Preparatory,public,Libya,Misratah,,,,,,32.36101,15.06347,official_emis,exact,open
LBY_000372,MU-136,LBY,AL AOROBA,العروبة,1|2,Primary|Preparatory,public,Libya,Misratah,,,,,,32.38577,15.12669,official_emis,exact,open
LBY_000373,ZA-032,LBY,AL AREUWY,العريوي,1|2,Primary|Preparatory,public,Libya,Az Zawiyah,,,,,,32.7434,12.79951,official_emis,exact,open
LBY_000374,JU-044,LBY,AL AWAYNEA,العوينية,1|2,Primary|Preparatory,public,Libya,Al Jufrah,,,,,,28.52442,17.56968,official_emis,exact,open
LBY_000375,MI-304,LBY,AL AWFIA,الأوفياء,1|2,Primary|Preparatory,public,Libya,Al Marqab,,,,,,32.42741,13.65084,official_emis,exact,open
LBY_000376,ZA-202,LBY,AL BASHAE,البشائر,1|2,Primary|Preparatory,public,Libya,Az Zawiyah,,,,,,32.46976,12.67103,official_emis,exact,closed_temporary
LBY_000377,KO-026,LBY,AL BAYAN AL AOWAL,البيان الأول,3,Secondary (Medical Sciences)|Secondary (Economic Sciences),public,Libya,Al Kufrah,,,,,,24.20823,23.29284,official_emis,exact,open
LBY_000378,KU-214,LBY,AL BAYAN AL AOWEL,البيان الأول,1|2,Primary|Preparatory,public,Libya,An Nuqat al Khams,,,,,,32.82665,11.62651,official_emis,exact,open
LBY_000379,WM-006,LBY,AL CHEIK AL LIMWCHY,الشيخ اللموشي,1|2,Primary|Preparatory,public,Libya,Mizdah,,,,,,32.16341,13.00697,official_emis,exact,open
LBY_000380,NA-005,LBY,AL CHEIK AMROE AESA,الشيخ عمرو عيسى,1|2,Primary|Preparatory,public,Libya,Ghadamis,,,,,,31.86561,11.49927,official_emis,exact,open
LBY_000381,SI-024,LBY,AL CHOALA,الشعلة,1|2,Primary|Preparatory,public,Libya,Surt,,,,,,31.15665,16.2167,official_emis,exact,open
LBY_000382,TR-537,LBY,AL CHOALA,الشعلة  تاجوراء,2,Preparatory,public,Libya,Tajura' wa an Nawahi al Arba,,,,,,32.88667,13.35083,official_emis,exact,open
LBY_000383,BI-030,LBY,AL CHOALA,الشعلة,1|2,Primary|Preparatory,public,Libya,Benghazi,,,,,,32.11104,20.11253,official_emis,exact,open
LBY_000384,TR-062,LBY,AL CHOMOK,الشموخ متوسط أساسي,1|3,Primary|Secondary (Medical Sciences)|Secondary (Engineering Sciences)|Secondary (Economic Sciences),public,Libya,Tajura' wa an Nawahi al Arba,,,,,,32.84347,13.11858,official_emis,exact,open
LBY_000385,WM-105,LBY,AL CHUAREF,الشويرف,1|2,Primary|Preparatory,public,Libya,Al Marqab,,,,,,32.1317,13.43816,official_emis,exact,open
LBY_000386,WS-037,LBY,AL DEISA,الديسة,1|2,Primary|Preparatory,public,Libya,Ash Shati',,,,,,27.50764,13.96109,official_emis,exact,open
LBY_000387,WH-003,LBY,AL DIASA,الديسة الابتدائية,1,Primary,public,Libya,Wadi al Hayaa,,,,,,26.28655,12.81956,official_emis,exact,open
LBY_000388,TR-236,LBY,AL EKHLIAS,الإخلاص,1|2,Primary|Preparatory,public,Libya,Tajura' wa an Nawahi al Arba,,,,,,32.8458,13.21102,official_emis,exact,closed_temporary
LBY_000389,MA-089,LBY,AL ENATAQ,الانعتاق,1|2,Primary|Preparatory,public,Libya,Al Marj,,,,,,32.30028,20.98538,official_emis,exact,open
LBY_000390,KO-008,LBY,AL ENAYRAK,الانعتاق,1|2,Primary|Preparatory,public,Libya,Al Kufrah,,,,,,24.3418,23.23514,official_emis,exact,open
LBY_000391,KU-005,LBY,AL ENFADA,الانتفاضة,1|2,Primary|Preparatory,public,Libya,An Nuqat al Khams,,,,,,32.76989,12.42894,official_emis,exact,open
LBY_000392,MI-349,LBY,AL ENTESAR,الانتصار,1,Primary,public,Libya,Al Marqab,,,,,,32.25375,13.93954,official_emis,exact,open
LBY_000393,MU-220,LBY,AL ESRA,الإسراء,1|2,Primary|Preparatory,public,Libya,Al Marqab,,,,,,32.43918,14.58663,official_emis,exact,open
LBY_000394,TR-025,LBY,AL ETEHAD,الإتحاد,1|2,Primary|Preparatory,public,Libya,Tajura' wa an Nawahi al Arba,,,,,,32.86119,13.14168,official_emis,exact,open
LBY_000395,MA-090,LBY,AL FADEL BO OMER,الفضيل بو عمر,1|2,Primary|Preparatory,public,Libya,Al Marj,,,,,,32.17642,21.19706,official_emis,exact,open
LBY_000396,WA-022,LBY,AL FADEL BO OMER,الفضيل بو عمر,1|2,Primary|Preparatory,public,Libya,Ajdabiya,,,,,,29.179789,21.298606,official_emis,exact,open
LBY_000397,KO-024,LBY,AL FAJAR AL JADIYD,الفجر الجديد,1|2,Primary|Preparatory,public,Libya,Al Kufrah,,,,,,25.69594,21.13126,official_emis,exact,open
LBY_000398,TR-538,LBY,AL FAKER AL AKDER,الفكر الأخضر سابقاً,1|2,Primary|Preparatory,public,Libya,Tajura' wa an Nawahi al Arba,,,,,,32.88753,13.3162,official_emis,exact,open
LBY_000399,WM-128,LBY,AL FAROOK,الفاروق,1|2,Primary|Preparatory,public,Libya,Mizdah,,,,,,32.03471,12.89773,official_emis,exact,open
LBY_000400,ZA-033,LBY,AL FAROOK,الفاروق,1,Primary,public,Libya,Az Zawiyah,,,,,,32.60909,12.79912,official_emis,exact,open
LBY_000401,MI-148,LBY,AL FASEY,الفاسي,1,Primary,public,Libya,Al Marqab,,,,,,32.56952,14.01547,official_emis,exact,open
LBY_000402,MU-218,LBY,AL FJER AL JADED,الفجر الجديد عبد الرحمن بن عوف,1|2,Primary|Preparatory,public,Libya,Al Marqab,,,,,,32.37942,14.63806,official_emis,exact,open
LBY_000403,MU-114,LBY,AL GERAN AL MARKAZEA,الغيران المركزية,1|2,Primary|Preparatory,public,Libya,Misratah,,,,,,32.35102,15.02575,official_emis,exact,open
LBY_000404,WH-001,LBY,AL GORDABIA,القرضابية,1,Primary,public,Libya,Wadi al Hayaa,,,,,,26.59162,12.27422,official_emis,exact,open
LBY_000405,MU-009,LBY,AL GORDABIA BOYS,القرضابية بنين,1|2,Primary|Preparatory,public,Libya,Misratah,,,,,,32.393649,15.074776,official_emis,exact,open
LBY_000406,KO-045,LBY,AL GORDABYA,القرضابية,1,Primary,public,Libya,Al Kufrah,,,,,,24.1273,23.23989,official_emis,exact,open
LBY_000407,KO-011,LBY,AL GORDABYA,القرضابية,1|2,Primary|Preparatory,public,Libya,Al Kufrah,,,,,,24.1273,23.23989,official_emis,exact,open
LBY_000408,MI-146,LBY,AL GRARAT,الغرارات,1,Primary,public,Libya,Al Marqab,,,,,,32.46707,14.57198,official_emis,exact,open
LBY_000409,MI-121,LBY,AL HADEY ARAFA,الهادي عرفة,3,Secondary (Medical Sciences),public,Libya,Al Marqab,,,,,,32.70932,13.93891,official_emis,exact,open
LBY_000410,KU-141,LBY,AL HANCHER,الهنشير,1,Primary,public,Libya,An Nuqat al Khams,,,,,,32.80694,12.26807,official_emis,exact,open
LBY_000411,GM-055,LBY,AL HANEY AL ASASEYA,الحنية الأساسية,1|2,Primary|Preparatory,public,Libya,Al Jabal al Akhdar,,,,,,32.84215,21.51968,official_emis,exact,open
LBY_000412,GM-218,LBY,AL HANEY AL ASASEYA,الحنية الأساسية,1,Primary,public,Libya,Al Jabal al Akhdar,,,,,,32.84215,21.51968,official_emis,exact,open
LBY_000413,JA-004,LBY,AL HEARA AL JADEDA,الهيرة الجديدة,1|2,Primary|Preparatory,public,Libya,Al Marqab,,,,,,32.46972,14.61182,official_emis,exact,open
LBY_000414,KU-157,LBY,AL HOREA,الحرية,1|2,Primary|Preparatory,public,Libya,An Nuqat al Khams,,,,,,32.93363,12.07419,official_emis,exact,open
LBY_000415,WH-058,LBY,AL HOREA,الحرية,1,Primary,public,Libya,Wadi al Hayaa,,,,,,26.67907,13.75958,official_emis,exact,open
LBY_000416,MU-414,LBY,AL HOREA,الحرية,1,Primary,public,Libya,Al Marqab,,,,,,32.43856,14.57484,official_emis,exact,open
LBY_000417,KU-125,LBY,AL HORIA,الحرية,1|2,Primary|Preparatory,public,Libya,An Nuqat al Khams,,,,,,32.77162,12.29014,official_emis,exact,open
LBY_000418,MU-131,LBY,AL HORYA,الحرية,1|2,Primary|Preparatory,public,Libya,Misratah,,,,,,32.36272,15.15007,official_emis,exact,open
LBY_000419,MI-075,LBY,AL HRARCHA,الحرارشة,1|2,Primary|Preparatory,public,Libya,Tajura' wa an Nawahi al Arba,,,,,,32.68772,13.79872,official_emis,exact,open
LBY_000420,TR-173,LBY,AL JAMHORYA,الجمهورية,1|2,Primary|Preparatory,public,Libya,Tajura' wa an Nawahi al Arba,,,,,,32.87975,13.17571,official_emis,exact,open
LBY_000421,SA-085,LBY,AL JAMHORYA,الجمهورية,1,Primary,public,Libya,Sabha,,,,,,27.04149,14.41684,official_emis,exact,open
LBY_000422,SA-015,LBY,AL JAMHORYA,الجمهورية,1,Primary,public,Libya,Sabha,,,,,,27.04149,14.41684,official_emis,exact,open
LBY_000423,GM-128,LBY,AL JAYL AL JDEAD,الجيل الجديد,1|2|3,Primary|Preparatory|Secondary (Economic Sciences),public,Libya,Al Jabal al Akhdar,,,,,,32.65508,21.95,official_emis,exact,open
LBY_000424,WH-002,LBY,AL JEAL AL SAID,الجيل الصاعد,2,Preparatory,public,Libya,Wadi al Hayaa,,,,,,26.59297,12.72919,official_emis,exact,open
LBY_000425,KO-004,LBY,AL JOWF,الجوف,1|2,Primary|Preparatory,public,Libya,Al Kufrah,,,,,,24.20157,23.28955,official_emis,exact,open
LBY_000426,WS-012,LBY,AL KABEAS,القبس,1|2,Primary|Preparatory,public,Libya,Ash Shati',,,,,,27.55148,14.28246,official_emis,exact,open
LBY_000427,MA-139,LBY,AL KADESEA,القادسية,1|2,Primary|Preparatory,public,Libya,Al Marj,,,,,,32.63441,20.95009,official_emis,exact,open
LBY_000428,JA-289,LBY,AL KADESEA,القادسية,1|2,Primary|Preparatory,public,Libya,Al Jifarah,,,,,,32.6324,12.99784,official_emis,exact,open
LBY_000429,NA-042,LBY,AL KADIESIA,القادسية,1|2,Primary|Preparatory,public,Libya,Ghadamis,,,,,,30.15905,10.46331,official_emis,exact,open
LBY_000430,SI-026,LBY,AL KADIESIA,القادسية,3,Secondary (Medical Sciences),public,Libya,Surt,,,,,,31.22307,16.28526,official_emis,exact,open
LBY_000431,MI-350,LBY,AL KADRAI,الخضراء,1|2,Primary|Preparatory,public,Libya,Al Marqab,,,,,,32.4431,13.76369,official_emis,exact,open
LBY_000432,BI-024,LBY,AL KAHERA,القاهرة,2,Preparatory,public,Libya,Benghazi,,,,,,32.13126,20.12032,official_emis,exact,open
LBY_000433,MU-385,LBY,AL KANSIA,الخنساء,1|2|3,Primary|Preparatory|Secondary (Medical Sciences)|Secondary (Economic Sciences),public,Libya,Al Marqab,,,,,,32.48453,14.57011,official_emis,exact,open
LBY_000434,MU-219,LBY,AL KARAME,الكرامة,1,Primary,public,Libya,Al Marqab,,,,,,32.43,14.58811,official_emis,exact,open
LBY_000435,MI-548,LBY,AL KHADRAI AFTERNOON,الخضراء المسائية,1,Primary,public,Libya,Al Marqab,,,,,,32.4431,13.76369,official_emis,exact,open
LBY_000436,MU-420,LBY,AL KHAWAREZME,الخوارزمى,3,Secondary (Medical Sciences)|Secondary (Engineering Sciences)|Secondary (Economic Sciences),public,Libya,Al Marqab,,,,,,32.45097,14.56644,official_emis,exact,closed_temporary
LBY_000437,TR-354,LBY,AL KHOLOD,الخلود,1|2|3,Primary|Preparatory|Secondary (Medical Sciences)|Secondary (Engineering Sciences),public,Libya,Tajura' wa an Nawahi al Arba,,,,,,32.8412,13.15554,official_emis,exact,open
LBY_000438,TR-010,LBY,AL KODES,القدس للتعليم الأساسي,1|2,Primary|Preparatory,public,Libya,Tajura' wa an Nawahi al Arba,,,,,,32.85784,13.12702,official_emis,exact,open
LBY_000439,WM-129,LBY,AL KODES,القدس,1|2,Primary|Preparatory,public,Libya,Mizdah,,,,,,32.08435,12.89269,official_emis,exact,open
LBY_000440,NA-041,LBY,AL KODES,القدس للتعليم الأساسي,1|2,Primary|Preparatory,public,Libya,Ghadamis,,,,,,30.16199,10.45875,official_emis,exact,open
LBY_000441,BI-225,LBY,AL LOTAMA,اللثامة,1,Primary,public,Libya,Benghazi,,,,,,32.15458,20.1036,official_emis,exact,open
LBY_000442,BI-159,LBY,AL MAJED,المجد,1|2,Primary|Preparatory,public,Libya,Benghazi,,,,,,32.102623,20.122021,official_emis,exact,open
LBY_000443,BI-483,LBY,AL MAJED,المجد,1,Primary,public,Libya,Benghazi,,,,,,32.102623,20.122021,official_emis,exact,open
LBY_000444,JA-173,LBY,AL MAMORA ASHMALYA,المعمورة الشمالية,1|2,Primary|Preparatory,public,Libya,Tajura' wa an Nawahi al Arba,,,,,,32.5845,13.38093,official_emis,exact,open
LBY_000445,bi-513,LBY,AL MARHOOM AGYALA HOSEUN,المرحوم عقيلة حسين,1,Primary,public,Libya,Al Marj,,,,,,31.95208,20.34176,official_emis,exact,open
LBY_000446,BI-021,LBY,AL MARHOOM AL JYLANY AL BARGATY,المرحوم الجيلاني البرغثي,3,Secondary (Economic Sciences),public,Libya,Benghazi,,,,,,32.08125,20.2557,official_emis,exact,open
LBY_000447,MA-227,LBY,AL MARHOOM MOSA MOHAMED EBRAHEM,المرحوم موسى محمد إبراهيم,3,Secondary (Economic Sciences),public,Libya,Benghazi,,,,,,32.4271,20.44625,official_emis,exact,open
LBY_000448,WS-007,LBY,AL MCHROA AL ZERA,المشروع الزراعى,1|2,Primary|Preparatory,public,Libya,Ash Shati',,,,,,27.50384,14.38693,official_emis,exact,open
LBY_000449,MU-007,LBY,AL MOGAHED ALI AL MINGOSH,المجاهد علي المنقوش,1|2,Primary|Preparatory,public,Libya,Misratah,,,,,,32.385515,15.09372,official_emis,exact,open
LBY_000450,BI-160,LBY,AL MOHAJROON,المهاجرون,2,Preparatory,public,Libya,Benghazi,,,,,,32.106908,20.124796,official_emis,exact,open
LBY_000451,MA-008,LBY,AL MOJAHED QALYL JARE ALLHE,المجاهد خليل جار الله,1|2,Primary|Preparatory,public,Libya,Al Marj,,,,,,32.55498,21.04221,official_emis,exact,open
LBY_000452,ZA-226,LBY,AL MOZARA,المزارع,1|2,Primary|Preparatory,public,Libya,Az Zawiyah,,,,,,32.7892,12.59965,official_emis,exact,open
LBY_000453,TR-539,LBY,AL MRAUONA,المراونة,1,Primary,public,Libya,Tajura' wa an Nawahi al Arba,,,,,,32.88822,13.36132,official_emis,exact,open
LBY_000454,TR-259,LBY,AL NAEM,النعيم,1|2,Primary|Preparatory,public,Libya,Tajura' wa an Nawahi al Arba,,,,,,32.87805,13.25957,official_emis,exact,open
LBY_000455,MU-113,LBY,AL NAJEM AL SATAA,النجم الساطع,1|2,Primary|Preparatory,public,Libya,Misratah,,,,,,32.33233,15.03591,official_emis,exact,open
LBY_000456,TR-002,LBY,AL NASER,النصر للتعليم الأساسي والمتوسط,1|3,Primary|Secondary (Economic Sciences),public,Libya,Tajura' wa an Nawahi al Arba,,,,,,32.85179,13.12638,official_emis,exact,open
LBY_000457,DA-030,LBY,AL NASER,النصر,2,Preparatory,public,Libya,Al Qubbah,,,,,,32.74652,22.67126,official_emis,exact,open
LBY_000458,MU-065,LBY,AL NOOR,النور,1|2,Primary|Preparatory,public,Libya,Misratah,,,,,,32.34979,15.06298,official_emis,exact,open
LBY_000459,TU-016,LBY,AL NOOR,النور,1|2,Primary|Preparatory,public,Libya,Al Butnan,,,,,,32.082869,23.968298,official_emis,exact,open
LBY_000460,DA-028,LBY,AL NOOR,النور,1,Primary,public,Libya,,,,,,,32.77001,22.64244,official_emis,exact,open
LBY_000461,DA-144,LBY,AL NOOR,النور,1,Primary,public,Libya,,,,,,,32.77001,22.64244,official_emis,exact,open
LBY_000462,MA-060,LBY,AL NOWR,النور,2|3,Preparatory|Secondary (Engineering Sciences),public,Libya,Al Marj,,,,,,32.49085,20.82601,official_emis,exact,open
LBY_000463,TR-540,LBY,AL NSER,النصر,1|2,Primary|Preparatory,public,Libya,Tajura' wa an Nawahi al Arba,,,,,,32.85126,13.3911,official_emis,exact,open
LBY_000464,KO-031,LBY,AL QADESUA,القادسية,3,Secondary (Medical Sciences)|Secondary (Economic Sciences),public,Libya,Al Kufrah,,,,,,24.19536,23.29469,official_emis,exact,open
LBY_000465,WM-004,LBY,AL RABEA AL ARABY,الربيع العربي,1|2,Primary|Preparatory,public,Libya,Mizdah,,,,,,32.16842,13.02618,official_emis,exact,open
LBY_000466,MI-420,LBY,AL RFAYI,الرفاعية,1|2,Primary|Preparatory,public,Libya,Al Marqab,,,,,,32.5562,14.14045,official_emis,exact,open
LBY_000467,WH-044,LBY,AL RGEIBA AL MARKAZIYA,الرقيبة المركزية,1,Primary,public,Libya,Wadi al Hayaa,,,,,,26.59863,13.56087,official_emis,exact,open
LBY_000468,MU-074,LBY,AL RWISAT,شهداء الرويسات,1|2,Primary|Preparatory,public,Libya,Misratah,,,,,,32.36607,15.1113,official_emis,exact,open
LBY_000469,MO-038,LBY,AL SABYTAT AL ASASYA,السبيطات الأساسية,1|2,Primary|Preparatory,public,Libya,Murzuq,,,,,,26.10792,13.68137,official_emis,exact,open
LBY_000470,MO-121,LBY,AL SABYTAT AL ASASYA,السبيطات الأساسية,1,Primary,public,Libya,Murzuq,,,,,,26.10792,13.68137,official_emis,exact,open
LBY_000471,TU-015,LBY,AL SADEQ,الصديق,1|2,Primary|Preparatory,public,Libya,Al Butnan,,,,,,32.0812,23.98089,official_emis,exact,open
LBY_000472,DA-029,LBY,AL SAFA AL ASASEYA,الصفاء الاساسية,2,Preparatory,public,Libya,,,,,,,32.7704,22.64533,official_emis,exact,open
LBY_000473,NA-091,LBY,AL SAFOA,الصفوة,3,Secondary (Medical Sciences)|Secondary (Engineering Sciences)|Secondary (Economic Sciences),public,Libya,Ghadamis,,,,,,31.97277,11.15959,official_emis,exact,open
LBY_000474,JA-295,LBY,AL SAHEL AL AKDER,السهل الأخضر,1|2,Primary|Preparatory,public,Libya,Al Jifarah,,,,,,32.54476,12.96717,official_emis,exact,open
LBY_000475,MU-393,LBY,AL SALAM,السلام,1|2,Primary|Preparatory,public,Libya,Al Marqab,,,,,,32.46683,14.60604,official_emis,exact,open
LBY_000476,MI-320,LBY,AL SALAM,السلام,1|2,Primary|Preparatory,public,Libya,Al Marqab,,,,,,32.42142,13.63397,official_emis,exact,open
LBY_000477,KU-028,LBY,AL SALAM,السلام,1|2,Primary|Preparatory,public,Libya,An Nuqat al Khams,,,,,,32.68261,12.44004,official_emis,exact,open
LBY_000478,BI-023,LBY,AL SAYDA HAJER,السيدة هاجر,1|2,Primary|Preparatory,public,Libya,Benghazi,,,,,,32.14781,20.12248,official_emis,exact,open
LBY_000479,BI-452,LBY,AL SAYDA HAJER,السيدة هاجر,1,Primary,public,Libya,Benghazi,,,,,,32.14781,20.12248,official_emis,exact,open
LBY_000480,BI-518,LBY,AL SAYDA SARA,السيدة سارة,1,Primary,public,Libya,Benghazi,,,,,,32.13406,20.108,official_emis,exact,open
LBY_000481,JU-042,LBY,AL SHAHEED OMER AL MOKTAR,الشهيد عمر المختار,1|2,Primary|Preparatory,public,Libya,Al Jufrah,,,,,,28.56146,17.5313,official_emis,exact,open
LBY_000482,TR-155,LBY,AL SHO`ALA,الشعلة,1|2,Primary|Preparatory,public,Libya,Tajura' wa an Nawahi al Arba,,,,,,32.89856,13.17624,official_emis,exact,open
LBY_000483,MA-121,LBY,AL SHUAD AGYLA MFTAH,الشهيد عقيلة مفتاح,1|2,Primary|Preparatory,public,Libya,Al Marj,,,,,,32.36184,20.67237,official_emis,exact,open
LBY_000484,JU-041,LBY,AL SHUAD ALI AL ZAWAM,الشهيد علي الزوام,1|2,Primary|Preparatory,public,Libya,Al Jufrah,,,,,,28.54699,17.56405,official_emis,exact,open
LBY_000485,JU-065,LBY,AL SHUAD ALI AL ZAWAM,الشهيد علي الزوام,1,Primary,public,Libya,Al Jufrah,,,,,,28.54699,17.56405,official_emis,exact,open
LBY_000486,JA-001,LBY,AL SHUAD BLGASEM ALMOKRAM,الشهيد بلقاسم المخرم,2|3,Preparatory|Secondary (Economic Sciences),public,Libya,Al Marqab,,,,,,32.47398,14.5648,official_emis,exact,open
LBY_000487,WM-156,LBY,AL SHUAD EMHAMED EDGEM,الشهيد امحمد ادغيم,3,Secondary (Medical Sciences),public,Libya,Mizdah,,,,,,32.03989,12.87027,official_emis,exact,open
LBY_000488,MA-119,LBY,AL SHUAD HAMED FADEL ALLH,الشهيد حميد فضل الله,2,Preparatory,public,Libya,Al Marj,,,,,,32.0696,20.34196,official_emis,exact,open
LBY_000489,WM-005,LBY,AL SHUAD MOHAMED ALGANFOOD,الشهيد محمد القنفود,1|2,Primary|Preparatory,public,Libya,Mizdah,,,,,,32.1671,13.02067,official_emis,exact,open
LBY_000490,JU-067,LBY,AL SHUAD MOKTAR BAN ALI,الشهيد مختار بن علي,1,Primary,public,Libya,Al Jufrah,,,,,,28.5591,17.54579,official_emis,exact,open
LBY_000491,JU-043,LBY,AL SHUAD MOKTAR BAN ALI,الشهيد مختار بن علي,1|2,Primary|Preparatory,public,Libya,Al Jufrah,,,,,,28.5591,17.54579,official_emis,exact,open
LBY_000492,JU-066,LBY,AL SHUAD OMER AL MOKTAR,الشهيد عمر المختار,1,Primary,public,Libya,Al Jufrah,,,,,,28.56146,17.5313,official_emis,exact,open
LBY_000493,TR-563,LBY,AL TADAMEN,التضامن,1|2,Primary|Preparatory,public,Libya,Tajura' wa an Nawahi al Arba,,,,,,32.86552,13.12513,official_emis,exact,open
LBY_000494,MI-308,LBY,AL TADAMEN,التضامن,1|2,Primary|Preparatory,public,Libya,Al Marqab,,,,,,32.43022,13.64024,official_emis,exact,open
LBY_000495,BI-038,LBY,AL TADAMON,التضامن,1,Primary,public,Libya,Benghazi,,,,,,32.024142,20.307034,official_emis,exact,open
LBY_000496,JA-003,LBY,AL TAHIDY,التحدي,1|2,Primary|Preparatory,public,Libya,Al Marqab,,,,,,32.46693,14.61628,official_emis,exact,open
LBY_000497,KU-007,LBY,AL TAHIDY,التحدي,1|2,Primary|Preparatory,public,Libya,An Nuqat al Khams,,,,,,32.78926,12.45578,official_emis,exact,open
LBY_000498,TR-151,LBY,AL TAHRER,التحرير لتعليم الكبار,1|2,Primary|Preparatory,public,Libya,Tajura' wa an Nawahi al Arba,,,,,,32.88971,13.1847,official_emis,exact,open
LBY_000499,BI-025,LBY,AL TAQADEM,التقدم,2,Preparatory,public,Libya,Benghazi,,,,,,32.12,20.14992,official_emis,exact,open
LBY_000500,KO-007,LBY,AL TAWRA AL CHABEA,الثورة الشعبية,1|2,Primary|Preparatory,public,Libya,Al Kufrah,,,,,,24.32853,23.1619,official_emis,exact,open
LBY_000501,KU-246,LBY,AL TAWYLA AL TAQASOSYA,الطويلة التخصصية,3,Secondary (Medical Sciences)|Secondary (Economic Sciences),public,Libya,An Nuqat al Khams,,,,,,32.77374,12.19113,official_emis,exact,open
LBY_000502,TR-278,LBY,AL THAWRA ASHABEYA,الثورة الشعبية,1,Primary,public,Libya,Tajura' wa an Nawahi al Arba,,,,,,32.90094,13.25814,official_emis,exact,closed_temporary
LBY_000503,MI-096,LBY,AL TWISHA,الطويشة,1|2,Primary|Preparatory,public,Libya,Tajura' wa an Nawahi al Arba,,,,,,32.70704,13.88406,official_emis,exact,open
LBY_000504,KU-142,LBY,AL WAFA,الوفاء,1|2,Primary|Preparatory,public,Libya,An Nuqat al Khams,,,,,,32.68788,12.28189,official_emis,exact,open
LBY_000505,AJ-013,LBY,AL WAHDA,الوحدة,1|2,Primary|Preparatory,public,Libya,Ajdabiya,,,,,,30.75902,20.22339,official_emis,exact,open
LBY_000506,MI-487,LBY,AL WAHDA AL ARABIA,الوحدة العربية,1|2,Primary|Preparatory,public,Libya,Al Marqab,,,,,,32.65108,14.26377,official_emis,exact,open
LBY_000507,TR-015,LBY,AL WAHDA AL ARABIA,الوحدة العربية,1|2,Primary|Preparatory,public,Libya,Az Zawiyah,,,,,,32.8549,13.0803,official_emis,exact,open
LBY_000508,KU-253,LBY,AL WATEKA AL KADRA AL KOBRA,الوثيقة الخضراء الكبرى الثانوية,3,Secondary (Medical Sciences),public,Libya,An Nuqat al Khams,,,,,,32.75461,12.52515,official_emis,exact,open
LBY_000509,KO-001,LBY,AL WEFAK,الوفاق,2,Preparatory,public,Libya,Al Kufrah,,,,,,24.19902,23.30413,official_emis,exact,open
LBY_000510,MU-082,LBY,AL YARMOK,اليرموك,3,Secondary (Economic Sciences),public,Libya,Misratah,,,,,,32.34936,15.07116,official_emis,exact,open
LBY_000511,BI-036,LBY,AL YARMOK,اليرموك,2,Preparatory,public,Libya,Benghazi,,,,,,32.12483,20.096276,official_emis,exact,open
LBY_000512,NA-060,LBY,AL YARMOK,اليرموك,1|2,Primary|Preparatory,public,Libya,Ghadamis,,,,,,31.97577,11.17151,official_emis,exact,open
LBY_000513,KO-010,LBY,AL YARMOOK,اليرموك,1|2,Primary|Preparatory,public,Libya,Al Kufrah,,,,,,24.03153,23.12728,official_emis,exact,open
LBY_000514,TR-536,LBY,AL ZAHEF AL ALAKDER,الزحف الأخضر سابقاً,1,Primary,public,Libya,Tajura' wa an Nawahi al Arba,,,,,,32.88168,13.37618,official_emis,exact,open
LBY_000515,JA-287,LBY,AL ZEYAT,الزيات,1|2,Primary|Preparatory,public,Libya,Az Zawiyah,,,,,,32.596,12.91952,official_emis,exact,open
LBY_000516,MI-206,LBY,AL- RACHED,الرشيد,1|2,Primary|Preparatory,public,Libya,Al Marqab,,,,,,32.43316,13.85371,official_emis,exact,open
LBY_000517,MU-125,LBY,AL-AJYAL,الاجيال,1|2,Primary|Preparatory,public,Libya,Misratah,,,,,,32.37319,15.13223,official_emis,exact,open
LBY_000518,WM-174,LBY,AL-ENITTAQ,الانعتاق,3,Secondary (Engineering Sciences)|Secondary (Economic Sciences),public,Libya,Mizdah,,,,,,32.15733,12.83007,official_emis,exact,open
LBY_000519,WM-086,LBY,ALAAQEP,الاعاقيب,1|2,Primary|Preparatory,public,Libya,Mizdah,,,,,,32.13457,12.94512,official_emis,exact,open
LBY_000520,MI-032,LBY,ALABABESA,العبابسه,1|2,Primary|Preparatory,public,Libya,Tajura' wa an Nawahi al Arba,,,,,,32.58226,13.48587,official_emis,exact,open
LBY_000521,JA-104,LBY,ALABAS,العباس,1|2,Primary|Preparatory,public,Libya,Al Marqab,,,,,,32.30664,13.40814,official_emis,exact,open
LBY_000522,ZA-081,LBY,ALABL ALTACASOSEY,الأبل التخصصية,3,Secondary (Medical Sciences)|Secondary (Engineering Sciences)|Secondary (Economic Sciences),public,Libya,Az Zawiyah,,,,,,32.76432,12.73446,official_emis,exact,open
LBY_000523,DA-091,LBY,ALABRAQ ALASASEYA,الأبرق الأساسية,2,Preparatory,public,Libya,Al Qubbah,,,,,,32.78477,21.99216,official_emis,exact,open
LBY_000524,MI-427,LBY,ALABSLAMEEA,العبسلاميه,1|2,Primary|Preparatory,public,Libya,Al Marqab,,,,,,32.59616,14.14526,official_emis,exact,open
LBY_000525,WH-047,LBY,ALABYAD,الأبيض,1|2,Primary|Preparatory,public,Libya,Wadi al Hayaa,,,,,,26.76334,14.00016,official_emis,exact,open
LBY_000526,MI-076,LBY,ALADOL,العدول,1|2,Primary|Preparatory,public,Libya,Tajura' wa an Nawahi al Arba,,,,,,32.7442,13.82294,official_emis,exact,open
LBY_000527,MI-221,LBY,ALAGWPIH,العقوبيه,1|2,Primary|Preparatory,public,Libya,Al Marqab,,,,,,32.48603,14.58227,official_emis,exact,closed_temporary
LBY_000528,MI-140,LBY,ALAHAD ALJADAD BANAT,العهد الجديد بنات,1|2,Primary|Preparatory,public,Libya,Al Marqab,,,,,,32.60259,14.05079,official_emis,exact,closed_temporary
LBY_000529,MI-141,LBY,ALAHAD ALJADD BANEN,العهد الجديد بنيين,1|2,Primary|Preparatory,public,Libya,Al Marqab,,,,,,32.60275,14.05183,official_emis,exact,closed_temporary
LBY_000530,JU-057,LBY,ALAHED ALJADED,العهد الجديد,1,Primary,public,Libya,Al Jufrah,,,,,,29.16914,16.15549,official_emis,exact,open
LBY_000531,JU-021,LBY,ALAHED ALJADED,العهد الجديد,1,Primary,public,Libya,Al Jufrah,,,,,,29.16914,16.15549,official_emis,exact,open
LBY_000532,KU-102,LBY,ALAHED ALJADED,العهد الجديد,1|2,Primary|Preparatory,public,Libya,An Nuqat al Khams,,,,,,32.74724,12.32294,official_emis,exact,closed_temporary
LBY_000533,BI-039,LBY,ALAHRAR,الاحرار,1,Primary,public,Libya,Benghazi,,,,,,32.071666,20.089754,official_emis,exact,open
LBY_000534,MI-444,LBY,ALAHRAR,الاحرار,1,Primary,public,Libya,Al Marqab,,,,,,32.53581,14.19449,official_emis,exact,open
LBY_000535,BI-458,LBY,ALAHRAR,الاحرار,1,Primary,public,Libya,Benghazi,,,,,,32.071666,20.089754,official_emis,exact,open
LBY_000536,KU-115,LBY,ALAHRAR,الاحرار,1|2,Primary|Preparatory,public,Libya,An Nuqat al Khams,,,,,,32.73798,12.19787,official_emis,exact,closed_temporary
LBY_000537,DA-054,LBY,ALAHRAR,الاحرار,2,Preparatory,public,Libya,Al Qubbah,,,,,,32.59811,22.7667,official_emis,exact,open
LBY_000538,TR-386,LBY,ALAHRAR,الاحرار,1|2,Primary|Preparatory,public,Libya,Tajura' wa an Nawahi al Arba,,,,,,32.84892,13.19299,official_emis,exact,open
LBY_000539,NA-118,LBY,ALAJAMEYA,العجمية,1|2,Primary|Preparatory,public,Libya,Ghadamis,,,,,,31.98797,11.13627,official_emis,exact,open
LBY_000540,KU-260,LBY,ALAJELAT,العجيلات,3,Secondary (Medical Sciences),public,Libya,An Nuqat al Khams,,,,,,32.75737,12.38189,official_emis,exact,closed_temporary
LBY_000541,MI-161,LBY,ALAKAREET,العكاريت,1|2,Primary|Preparatory,public,Libya,Al Marqab,,,,,,32.59409,13.91186,official_emis,exact,open
LBY_000542,MU-126,LBY,ALAKHLASS,الاخلاص,1|2,Primary|Preparatory,public,Libya,Misratah,,,,,,32.39455,15.13018,official_emis,exact,open
LBY_000543,MI-439,LBY,ALAKLA,العقلة,1,Primary,public,Libya,Al Marqab,,,,,,32.60047,14.22426,official_emis,exact,open
LBY_000544,BI-214,LBY,ALAKSA,الاقصى,3,Secondary (Economic Sciences),public,Libya,Benghazi,,,,,,32.082642,20.12489,official_emis,exact,open
LBY_000545,MI-379,LBY,ALALAH,القلعة,1,Primary,public,Libya,Al Marqab,,,,,,32.58211,13.71102,official_emis,exact,closed_temporary
LBY_000546,KU-248,LBY,ALALALKA,العلالقة,3,Secondary (Engineering Sciences)|Secondary (Economic Sciences),public,Libya,An Nuqat al Khams,,,,,,32.74851,12.46799,official_emis,exact,closed_temporary
LBY_000547,KU-247,LBY,ALALALKA,العلالقة,3,Secondary (Medical Sciences),public,Libya,An Nuqat al Khams,,,,,,32.74726,12.46656,official_emis,exact,closed_temporary
LBY_000548,KU-023,LBY,ALALALQA ALJANOBIYA,العلالقة الجنوبية,1|2,Primary|Preparatory,public,Libya,An Nuqat al Khams,,,,,,32.74912,12.47153,official_emis,exact,closed_temporary
LBY_000549,TR-357,LBY,ALALLA,العلاء,1,Primary,public,Libya,Tajura' wa an Nawahi al Arba,,,,,,32.84665,13.17936,official_emis,exact,open
LBY_000550,MI-273,LBY,ALAMAL,الامل,1|2,Primary|Preparatory,public,Libya,Tajura' wa an Nawahi al Arba,,,,,,32.65258,13.61787,official_emis,exact,open
LBY_000551,BI-018,LBY,ALAMAL,الامل,1|2,Primary|Preparatory,public,Libya,Benghazi,,,,,,32.09689,20.183,official_emis,exact,open
LBY_000552,ZA-103,LBY,ALAMAL,الامل للتعليم الاساسي,1|2,Primary|Preparatory,public,Libya,Az Zawiyah,,,,,,32.7431,12.58358,official_emis,exact,open
LBY_000553,DA-045,LBY,ALAMAL,الامل,1|2,Primary|Preparatory,public,Libya,Al Qubbah,,,,,,32.747,22.67114,official_emis,exact,open
LBY_000554,DA-155,LBY,ALAMAL,الامل,1,Primary,public,Libya,Al Qubbah,,,,,,32.747,22.67114,official_emis,exact,open
LBY_000555,BI-520,LBY,ALAMAL,الامل,1,Primary,public,Libya,Benghazi,,,,,,32.09689,20.183,official_emis,exact,open
LBY_000556,KU-274,LBY,ALAMAL ALAKHDER,الامل الأخضر,3,Secondary (Medical Sciences),public,Libya,An Nuqat al Khams,,,,,,32.85393,12.05483,official_emis,exact,closed_temporary
LBY_000557,TR-531,LBY,ALAMAL ALKADAR SCHOOL,الامل الاخضر,3,Secondary (Medical Sciences)|Secondary (Economic Sciences),public,Libya,Tajura' wa an Nawahi al Arba,,,,,,32.88494,13.36686,official_emis,exact,open
LBY_000558,BI-266,LBY,ALAMAL ALWAAD,الامل الواعد,1,Primary,public,Libya,Benghazi,,,,,,32.116046,20.091203,official_emis,exact,open
LBY_000559,BI-148,LBY,ALAMAL ASHARQI,الامل الشرقي,1|2,Primary|Preparatory,public,Libya,Al Marj,,,,,,31.95208,20.34176,official_emis,exact,closed_temporary
LBY_000560,KU-230,LBY,ALAMAL ELAKHDAR,الأمل الأخضر,1|2,Primary|Preparatory,public,Libya,An Nuqat al Khams,,,,,,32.97409,11.84449,official_emis,exact,open
LBY_000561,MI-059,LBY,ALAMAMERA,العمامره المركزيه,1|2,Primary|Preparatory,public,Libya,Al Marqab,,,,,,32.53381,14.11548,official_emis,exact,unknown
LBY_000562,MI-058,LBY,ALAMAMERA,العمامره الثانويه,3,Secondary (Medical Sciences)|Secondary (Economic Sciences),public,Libya,Al Marqab,,,,,,32.51591,14.16177,official_emis,exact,open
LBY_000563,MI-375,LBY,ALAMAMRA,العمامرة,1,Primary,public,Libya,Tajura' wa an Nawahi al Arba,,,,,,32.65002,13.68432,official_emis,exact,closed_temporary
LBY_000564,TR-321,LBY,ALAMANA,الامانه,1|2|3,Primary|Preparatory|Secondary (Medical Sciences)|Secondary (Engineering Sciences)|Secondary (Economic Sciences),public,Libya,Tajura' wa an Nawahi al Arba,,,,,,32.88789,13.23699,official_emis,exact,open
LBY_000565,JA-126,LBY,ALAMEEN,الامين,1|2,Primary|Preparatory,public,Libya,Tajura' wa an Nawahi al Arba,,,,,,32.63417,13.20459,official_emis,exact,closed_temporary
LBY_000566,WM-097,LBY,ALAMEL,الأمل,1|2,Primary|Preparatory,public,Libya,Mizdah,,,,,,31.98359,13.29687,official_emis,exact,open
LBY_000567,TR-398,LBY,ALAMEM ALAKHDER,الأمل الأخضر,1|2,Primary|Preparatory,public,Libya,Tajura' wa an Nawahi al Arba,,,,,,32.87072,13.19386,official_emis,exact,open
LBY_000568,SI-110,LBY,ALAMERA,العامرة,1|2,Primary|Preparatory,public,Libya,Surt,,,,,,31.07682,17.22725,official_emis,exact,open
LBY_000569,BI-500,LBY,ALAMERA,الاميرة,1,Primary,public,Libya,Benghazi,,,,,,32.12002,20.06759,official_emis,exact,open
LBY_000570,BI-232,LBY,ALAMERA,الاميرة,1,Primary,public,Libya,Benghazi,,,,,,32.12002,20.06759,official_emis,exact,open
LBY_000571,JA-298,LBY,ALAMERA ALEBTDAEA,العامرية الابتدائية,1,Primary,public,Libya,Al Jifarah,,,,,,32.63443,12.95117,official_emis,exact,open
LBY_000572,JA-267,LBY,ALAMIRYA ALMRKAZYA,العامرية المركزية,2,Preparatory,public,Libya,Al Jifarah,,,,,,32.63567,12.95148,official_emis,exact,open
LBY_000573,JA-266,LBY,ALAMIRYA ASHRQYA,العامرية الشرقية,1|2,Primary|Preparatory,public,Libya,Al Jifarah,,,,,,32.64145,12.97818,official_emis,exact,open
LBY_000574,AJ-087,LBY,ALAML ALAKDER,الامل الاخضر,1|2,Primary|Preparatory,public,Libya,Ajdabiya,,,,,,30.41944,19.63914,official_emis,exact,unknown
LBY_000575,MU-269,LBY,ALAML ALAKHDIR,الامل الاخضر,1|2,Primary|Preparatory,public,Libya,Al Marqab,,,,,,32.48597,14.48566,official_emis,exact,open
LBY_000576,KU-117,LBY,ALAML ALAKTR,الامل الاخضر,1|2,Primary|Preparatory,public,Libya,An Nuqat al Khams,,,,,,32.70393,12.29733,official_emis,exact,open
LBY_000577,MI-305,LBY,ALAML ALJDID,الامل الجديد,1|2,Primary|Preparatory,public,Libya,Al Marqab,,,,,,32.52393,13.62652,official_emis,exact,open
LBY_000578,ZA-185,LBY,ALAMOREY,العمورري,1|2,Primary|Preparatory,public,Libya,Az Zawiyah,,,,,,32.75523,12.63594,official_emis,exact,open
LBY_000579,JA-304,LBY,ALAMREYA,العامرية,3,Secondary (Medical Sciences)|Secondary (Engineering Sciences),public,Libya,Al Jifarah,,,,,,32.63793,12.95328,official_emis,exact,open
LBY_000580,JA-327,LBY,ALAMREYA ALSHAMALEYA,العامرية الشمالية,1|2,Primary|Preparatory,public,Libya,Al Marqab,,,,,,32.38481,13.92213,official_emis,exact,open
LBY_000581,JA-296,LBY,ALAMRIA ALJANOBIA,العامرية الجنوبية,1|2,Primary|Preparatory,public,Libya,Az Zawiyah,,,,,,32.61551,12.93406,official_emis,exact,open
LBY_000582,JA-297,LBY,ALAMRIA ALSHMALIA,العامرية الشمالية,1|2,Primary|Preparatory,public,Libya,Az Zawiyah,,,,,,32.6597,12.93431,official_emis,exact,open
LBY_000583,MI-376,LBY,ALAMURIA,العمورية,1|2,Primary|Preparatory,public,Libya,Tajura' wa an Nawahi al Arba,,,,,,32.61546,13.62668,official_emis,exact,closed_temporary
LBY_000584,AJ-004,LBY,ALANDALOS,الاندلس,1|2,Primary|Preparatory,public,Libya,Ajdabiya,,,,,,30.74719,20.22619,official_emis,exact,open
LBY_000585,TU-103,LBY,ALANDALOS,الاندلس,1,Primary,public,Libya,Al Butnan,,,,,,31.90486,24.48218,official_emis,exact,open
LBY_000586,SI-081,LBY,ALANDALS,الاندلس,1|2,Primary|Preparatory,public,Libya,Surt,,,,,,31.20366,16.65059,official_emis,exact,open
LBY_000587,MI-426,LBY,ALANDALS,الاندلس,1|2,Primary|Preparatory,public,Libya,Al Marqab,,,,,,32.62808,14.18285,official_emis,exact,open
LBY_000588,MI-195,LBY,ALANDALS,الاندلس,1|2,Primary|Preparatory,public,Libya,Al Marqab,,,,,,32.474,14.56476,official_emis,exact,open
LBY_000589,BI-254,LBY,ALANDALUS,الأندلس,1,Primary,public,Libya,Benghazi,,,,,,32.11269,20.07211,official_emis,exact,open
LBY_000590,TR-065,LBY,ALANDLUS ALTANWEA,الاندلس التانوية,3,Secondary (Engineering Sciences)|Secondary (Economic Sciences),public,Libya,Tajura' wa an Nawahi al Arba,,,,,,32.87256,13.12414,official_emis,exact,open
LBY_000591,BI-206,LBY,ALANSAR,الانصار,1|2,Primary|Preparatory,public,Libya,Benghazi,,,,,,32.093193,20.135155,official_emis,exact,open
LBY_000592,TR-256,LBY,ALANSAR,الأنصار,1|2,Primary|Preparatory,public,Libya,Tajura' wa an Nawahi al Arba,,,,,,32.89096,13.27029,official_emis,exact,closed_temporary
LBY_000593,BI-495,LBY,ALANSAR,الانصار,1|2,Primary|Preparatory,public,Libya,Benghazi,,,,,,32.093193,20.135155,official_emis,exact,open
LBY_000594,ZA-146,LBY,ALANTESSAR,الانتصار,1|2,Primary|Preparatory,public,Libya,Az Zawiyah,,,,,,32.76635,12.65154,official_emis,exact,open
LBY_000595,TU-019,LBY,ALANTSAR,الانتصار,1|2,Primary|Preparatory,public,Libya,Al Butnan,,,,,,32.090856,23.955774,official_emis,exact,open
LBY_000596,WM-413,LBY,ALANTSAR,الأنتصار,1,Primary,public,Libya,Mizdah,,,,,,32.06778,12.54244,official_emis,exact,open
LBY_000597,MI-095,LBY,ALANWAR,الانوار,1|2,Primary|Preparatory,public,Libya,Tajura' wa an Nawahi al Arba,,,,,,32.6914,13.83105,official_emis,exact,open
LBY_000598,TR-139,LBY,ALANWAR,الانوار,1,Primary,public,Libya,Tajura' wa an Nawahi al Arba,,,,,,32.87527,13.19027,official_emis,exact,open
LBY_000599,ZA-147,LBY,ALANWAR,الانوار,1|2,Primary|Preparatory,public,Libya,Az Zawiyah,,,,,,32.58571,12.62337,official_emis,exact,closed_temporary
LBY_000600,TR-279,LBY,ALARB,العرب,1|2|3,Primary|Preparatory|Secondary (Medical Sciences)|Secondary (Engineering Sciences),public,Libya,Tajura' wa an Nawahi al Arba,,,,,,32.87004,13.29092,official_emis,exact,open
LBY_000601,AJ-030,LBY,ALARGWB,العرقوب,1|2,Primary|Preparatory,public,Libya,Ajdabiya,,,,,,30.32508,19.66711,official_emis,exact,open
LBY_000602,JA-201,LBY,ALARIFI ESHAREF,العريفي الشارف,1|2,Primary|Preparatory,public,Libya,Az Zawiyah,,,,,,32.83455,13.07069,official_emis,exact,open
LBY_000603,GM-007,LBY,ALAROBA,العروبة,1|2,Primary|Preparatory,public,Libya,Al Jabal al Akhdar,,,,,,32.87584,21.66075,official_emis,exact,open
LBY_000604,JA-111,LBY,ALASEEL,الأصيل,1,Primary,public,Libya,Al Marqab,,,,,,32.29782,13.33133,official_emis,exact,open
LBY_000605,KU-116,LBY,ALASLAH,الاصلاح,1|2,Primary|Preparatory,public,Libya,An Nuqat al Khams,,,,,,32.75261,12.25096,official_emis,exact,open
LBY_000606,MU-403,LBY,ALASMARY,الاسمري,1|2,Primary|Preparatory,public,Libya,Al Marqab,,,,,,32.46339,14.57191,official_emis,exact,open
LBY_000607,ZA-223,LBY,ALASTKLAL,الاستقلال,1|2,Primary|Preparatory,public,Libya,Az Zawiyah,,,,,,32.77234,12.63021,official_emis,exact,closed_temporary
LBY_000608,MU-076,LBY,ALASWAK,الاسواك,1|2,Primary|Preparatory,public,Libya,Misratah,,,,,,32.34031,15.12277,official_emis,exact,open
LBY_000609,MI-291,LBY,ALATAYA ALGHARBIA,العطايا الغربية,1|2,Primary|Preparatory,public,Libya,Tajura' wa an Nawahi al Arba,,,,,,32.76989,13.58067,official_emis,exact,open
LBY_000610,MI-247,LBY,ALATAYA ALSHARQYA,العطايا الشرقية,1|2,Primary|Preparatory,public,Libya,Tajura' wa an Nawahi al Arba,,,,,,32.73466,13.67752,official_emis,exact,open
LBY_000611,AJ-046,LBY,ALATEHAD,الاتحاد,1|2|3,Primary|Preparatory|Secondary (Economic Sciences),public,Libya,Ajdabiya,,,,,,30.75632,20.21065,official_emis,exact,closed_temporary
LBY_000612,TR-400,LBY,ALATEHAD ELARABE,الاتحاد العربي الافريقي,3,Secondary (Engineering Sciences)|Secondary (Economic Sciences),public,Libya,Tajura' wa an Nawahi al Arba,,,,,,32.86484,13.17128,official_emis,exact,open
LBY_000613,MU-417,LBY,ALATHAD BNIN,الاتحاد بنين,1|2,Primary|Preparatory,public,Libya,Al Marqab,,,,,,32.46295,14.55282,official_emis,exact,closed_temporary
LBY_000614,DA-003,LBY,ALATHRON,الاثرون,1|2,Primary|Preparatory,public,Libya,Al Qubbah,,,,,,32.86561,22.27941,official_emis,exact,open
LBY_000615,WM-108,LBY,ALAWAMER,العوامر,1,Primary,public,Libya,Mizdah,,,,,,32.05699,13.22066,official_emis,exact,open
LBY_000616,MI-191,LBY,ALAWAMER ALMARKZA,العوامر المركزية,1|2,Primary|Preparatory,public,Libya,Al Marqab,,,,,,32.48154,14.62862,official_emis,exact,open
LBY_000617,MI-231,LBY,ALAWAMRE,العوامر التانوية,3,Secondary (Medical Sciences),public,Libya,Al Marqab,,,,,,32.48154,14.62862,official_emis,exact,open
LBY_000618,GA-019,LBY,ALAWENAT ALMARKAZEAYA,العوينات المركزية,1,Primary,public,Libya,Ghat,,,,,,25.78216,10.55153,official_emis,exact,open
LBY_000619,MI-149,LBY,ALAYADEE,العيادي,1|2,Primary|Preparatory,public,Libya,Al Marqab,,,,,,32.57716,13.99508,official_emis,exact,open
LBY_000620,WM-085,LBY,ALAZDHAR,الإزدهار,1|2,Primary|Preparatory,public,Libya,Mizdah,,,,,,32.12428,12.91316,official_emis,exact,open
LBY_000621,JA-294,LBY,ALAZIZIT FNIN,العزيزية بنين,1|2,Primary|Preparatory,public,Libya,Al Jifarah,,,,,,32.52618,13.01868,official_emis,exact,open
LBY_000622,JA-271,LBY,ALAZIZIYA,العزيزية,1|2,Primary|Preparatory,public,Libya,Al Jifarah,,,,,,32.53258,13.02129,official_emis,exact,open
LBY_000623,JA-280,LBY,ALAZIZYA ALJANOBYA,العزيزية الجنوبية,1|2,Primary|Preparatory,public,Libya,Al Jifarah,,,,,,32.4973,13.00588,official_emis,exact,open
LBY_000624,DA-113,LBY,ALAZYAT ALEADADYA,العزيات الإعدادية,2,Preparatory,public,Libya,Al Qubbah,,,,,,32.25197,22.66546,official_emis,exact,open
LBY_000625,DA-112,LBY,ALAZYAT ATHANAWYA,العزيات الثانوية,3,Secondary (Engineering Sciences),public,Libya,Al Qubbah,,,,,,32.25903,22.66576,official_emis,exact,open
LBY_000626,BI-174,LBY,ALBADAR ALKOBARH,بدر الكبرى,1,Primary,public,Libya,Benghazi,,,,,,32.100152,20.091152,official_emis,exact,open
LBY_000627,MO-057,LBY,ALBADEER,البدير,1|2,Primary|Preparatory,public,Libya,Murzuq,,,,,,26.1611,14.84683,official_emis,exact,open
LBY_000628,TR-353,LBY,ALBAIAN ALAWEL,البيان الاول,3,Secondary (Medical Sciences)|Secondary (Economic Sciences),public,Libya,Tajura' wa an Nawahi al Arba,,,,,,32.85417,13.17811,official_emis,exact,open
LBY_000629,TU-067,LBY,ALBARADE,البرادي الابتدائيه,1,Primary,public,Libya,Al Butnan,,,,,,31.75954,25.09183,official_emis,exact,closed_temporary
LBY_000630,ZA-010,LBY,ALBARNAWI,البرناوي,1|2,Primary|Preparatory,public,Libya,Az Zawiyah,,,,,,32.72644,12.7569,official_emis,exact,closed_temporary
LBY_000631,WM-246,LBY,ALBARONE,الباروني,1|2,Primary|Preparatory,public,Libya,Mizdah,,,,,,32.06683,12.54519,official_emis,exact,open
LBY_000632,MU-180,LBY,ALBASHAIR,البشائر,1|2,Primary|Preparatory,public,Libya,Misratah,,,,,,32.41336,14.79426,official_emis,exact,open
LBY_000633,BI-188,LBY,ALBASHAYER,البشائر,1|2,Primary|Preparatory,public,Libya,Benghazi,,,,,,32.103361,20.109927,official_emis,exact,closed_temporary
LBY_000634,BI-490,LBY,ALBASHAYER,البشائر,1|2,Primary|Preparatory,public,Libya,Benghazi,,,,,,32.103361,20.109927,official_emis,exact,open
LBY_000635,ZA-191,LBY,ALBATAHEIA,البطاحية,1|2,Primary|Preparatory,public,Libya,Az Zawiyah,,,,,,32.70228,12.61413,official_emis,exact,open
LBY_000636,MO-063,LBY,ALBAUDAN,البيضان,1,Primary,public,Libya,Murzuq,,,,,,25.82814,14.22828,official_emis,exact,open
LBY_000637,JA-093,LBY,ALBAYAN ALAWAL,البيان الأول,1|2,Primary|Preparatory,public,Libya,Al Marqab,,,,,,32.40917,13.49826,official_emis,exact,open
LBY_000638,MU-210,LBY,ALBAYAN ALOAL,البيان الاول,1|2,Primary|Preparatory,public,Libya,Al Marqab,,,,,,32.43324,14.66772,official_emis,exact,open
LBY_000639,NA-093,LBY,ALBDARNH ALTANWIH,البدارنه الثانوية,3,Secondary (Medical Sciences)|Secondary (Engineering Sciences)|Secondary (Economic Sciences),public,Libya,Ghadamis,,,,,,31.94564,11.65565,official_emis,exact,open
LBY_000640,NA-062,LBY,ALBDARNH LLTALIM ALASASI,البدارنه للتعليم الاساسى,1|2,Primary|Preparatory,public,Libya,Ghadamis,,,,,,31.96955,11.64543,official_emis,exact,open
LBY_000641,WM-099,LBY,ALBEEDA,البيضاء,1|2,Primary|Preparatory,public,Libya,Mizdah,,,,,,32.11017,13.3302,official_emis,exact,open
LBY_000642,AJ-024,LBY,ALBEFAN,البيفان,1|2,Primary|Preparatory,public,Libya,Ajdabiya,,,,,,30.83783,20.51219,official_emis,exact,open
LBY_000643,TR-498,LBY,ALBI ALASHAIR,البى الاشهر,1|2,Primary|Preparatory,public,Libya,Tajura' wa an Nawahi al Arba,,,,,,32.8884,13.31256,official_emis,exact,open
LBY_000644,MI-356,LBY,ALBINT,البينة,1|2,Primary|Preparatory,public,Libya,Al Marqab,,,,,,32.37787,13.8177,official_emis,exact,open
LBY_000645,MI-550,LBY,ALBINYA,البينة,1,Primary,public,Libya,Al Marqab,,,,,,32.37787,13.8177,official_emis,exact,open
LBY_000646,MO-077,LBY,ALBKEE,البخي,1|2,Primary|Preparatory,public,Libya,Murzuq,,,,,,24.82961,14.49743,official_emis,exact,open
LBY_000647,TR-257,LBY,ALBNNA,البناء,1|2,Primary|Preparatory,public,Libya,Tajura' wa an Nawahi al Arba,,,,,,32.87411,13.25148,official_emis,exact,open
LBY_000648,ZA-148,LBY,ALBOHIMAIDYA,البوحميدية,1|2,Primary|Preparatory,public,Libya,Az Zawiyah,,,,,,32.68568,12.65466,official_emis,exact,open
LBY_000649,AJ-036,LBY,ALBOLKASAM ALZAHARAWE,بالقاسم الزهراوى,1,Primary,public,Libya,Ajdabiya,,,,,,30.33861,19.87835,official_emis,exact,open
LBY_000650,JA-149,LBY,ALBOQAA,البقاع,1|2,Primary|Preparatory,public,Libya,Tajura' wa an Nawahi al Arba,,,,,,32.54154,13.20921,official_emis,exact,closed_temporary
LBY_000651,MI-203,LBY,ALBREQ ALKATEF,البرق الخاطف,1|2,Primary|Preparatory,public,Libya,Al Marqab,,,,,,32.46517,14.55102,official_emis,exact,open
LBY_000652,MI-179,LBY,ALBRKAT ALTANWIT,البركات الثانوية,3,Secondary (Economic Sciences),public,Libya,Al Marqab,,,,,,32.46035,14.56772,official_emis,exact,open
LBY_000653,TR-516,LBY,ALBSATEEN,البساتين,1|2,Primary|Preparatory,public,Libya,Tajura' wa an Nawahi al Arba,,,,,,32.80682,13.47663,official_emis,exact,open
LBY_000654,JA-050,LBY,ALBSHAER,البشائر,1|2,Primary|Preparatory,public,Libya,Az Zawiyah,,,,,,32.77285,13.06587,official_emis,exact,closed_temporary
LBY_000655,MA-203,LBY,ALBSHAER,البشائر,1,Primary,public,Libya,Al Marj,,,,,,32.48908,20.82439,official_emis,exact,open
LBY_000656,MA-059,LBY,ALBSHAER,البشائر,1|2,Primary|Preparatory,public,Libya,Al Marj,,,,,,32.48908,20.82439,official_emis,exact,open
LBY_000657,MI-258,LBY,ALBSHINAT,البشينات,1|2,Primary|Preparatory,public,Libya,Tajura' wa an Nawahi al Arba,,,,,,32.72449,13.63974,official_emis,exact,open
LBY_000658,TU-109,LBY,ALBTNAN ALHADETA,البطنان الحديته,1|2,Primary|Preparatory,public,Libya,Al Butnan,,,,,,31.87305,24.24651,official_emis,exact,open
LBY_000659,GM-175,LBY,ALBUNIA,البنية,1|2,Primary|Preparatory,public,Libya,Al Jabal al Akhdar,,,,,,32.76249,21.73867,official_emis,exact,closed_temporary
LBY_000660,MA-086,LBY,ALBYAN ALAWAL,البيان الأول,1|2,Primary|Preparatory,public,Libya,Al Marj,,,,,,32.41774,21.13999,official_emis,exact,open
LBY_000661,TR-004,LBY,ALBYAN ALAWEL,البيان الأول,1,Primary,public,Libya,Tajura' wa an Nawahi al Arba,,,,,,32.86165,13.1301,official_emis,exact,open
LBY_000662,TR-521,LBY,ALCAAP ALMOSLH,الشعب المسلح,1|2,Primary|Preparatory,public,Libya,Tajura' wa an Nawahi al Arba,,,,,,32.78645,13.37656,official_emis,exact,open
LBY_000663,MU-281,LBY,ALCHAB,الشعب لتعليم الاساسي,1|2,Primary|Preparatory,public,Libya,Misratah,,,,,,31.760995,13.958857,official_emis,exact,open
LBY_000664,ZA-023,LBY,ALCHAHED ALARABI ABDASLAM,الشهيد العربي عبدالسلام,1|2,Primary|Preparatory,public,Libya,Az Zawiyah,,,,,,32.66156,12.79757,official_emis,exact,open
LBY_000665,TU-107,LBY,ALCHAHED ALBANANE,الشهيد البناني,1,Primary,public,Libya,Al Butnan,,,,,,31.88443,24.31323,official_emis,exact,open
LBY_000666,TU-108,LBY,ALCHAHED ALBANANE,الشهيد البناني,1,Primary,public,Libya,Al Butnan,,,,,,31.85003,24.33564,official_emis,exact,open
LBY_000667,MA-035,LBY,ALCHAHEDEMHAMED ABRAHEEM ABO DLAF,الشهيد امحمد ابراهيم بوظلف,1,Primary,public,Libya,Benghazi,,,,,,32.46047,20.48851,official_emis,exact,open
LBY_000668,JA-179,LBY,ALCHAHEED  MASSOD HASEEN,الشهيد مسعود حسين,1|2,Primary|Preparatory,public,Libya,Al Marqab,,,,,,32.46402,14.50727,official_emis,exact,closed_temporary
LBY_000669,GM-115,LBY,ALCHAHEED ABD ALHAK,الشهيد عبدالحق,1|2,Primary|Preparatory,public,Libya,Al Jabal al Akhdar,,,,,,32.79847,21.8678,official_emis,exact,closed_temporary
LBY_000670,KU-159,LBY,ALCHAHEED ABDALAZEEZ AHNAEECH,الشهيد عبدالعزيز احنيش,1|2,Primary|Preparatory,public,Libya,An Nuqat al Khams,,,,,,32.92558,12.08847,official_emis,exact,closed_temporary
LBY_000671,MI-310,LBY,ALCHAHEED ALI AMHMAD ALKANONE,الشهيد علي امحمد الكانوني,1|2,Primary|Preparatory,public,Libya,Al Marqab,,,,,,32.49395,13.66624,official_emis,exact,open
LBY_000672,MI-250,LBY,ALCHAHEED EEKEL HABRAA,الشهيد عقيل عبره,1|2,Primary|Preparatory,public,Libya,Tajura' wa an Nawahi al Arba,,,,,,32.74127,13.75047,official_emis,exact,open
LBY_000673,MI-159,LBY,ALCHARAF,الشرف,1|2,Primary|Preparatory,public,Libya,Al Marqab,,,,,,32.58784,13.94363,official_emis,exact,open
LBY_000674,MA-134,LBY,ALCHARARA ALOWLA,الشراره الاولى,2,Preparatory,public,Libya,Al Marj,,,,,,32.24651,20.73697,official_emis,exact,closed_temporary
LBY_000675,MI-309,LBY,ALCHARCHARA,الشرشاره,1|2,Primary|Preparatory,public,Libya,Al Marqab,,,,,,32.44266,13.63054,official_emis,exact,open
LBY_000676,TR-466,LBY,ALCHARF ALFRJANE,الشارف الفرجاني,1|2,Primary|Preparatory,public,Libya,Tajura' wa an Nawahi al Arba,,,,,,32.83163,13.25347,official_emis,exact,open
LBY_000677,MA-082,LBY,ALCHLT,الشعلة,1|2,Primary|Preparatory,public,Libya,Al Marj,,,,,,32.37262,21.08894,official_emis,exact,open
LBY_000678,NA-066,LBY,ALCHOHADA,الشهداء,2,Preparatory,public,Libya,An Nuqat al Khams,,,,,,32.8872,11.98509,official_emis,exact,open
LBY_000679,MI-430,LBY,ALCHOHDA,الشهداء,1|2,Primary|Preparatory,public,Libya,Al Marqab,,,,,,32.39964,14.19411,official_emis,exact,open
LBY_000680,MI-078,LBY,ALCHOMUA,الشموع,1|2,Primary|Preparatory,public,Libya,Al Marqab,,,,,,32.56974,13.86217,official_emis,exact,open
LBY_000681,MI-193,LBY,ALCHOOLA,الشعله,1|2,Primary|Preparatory,public,Libya,Al Marqab,,,,,,32.47804,14.56624,official_emis,exact,open
LBY_000682,MI-108,LBY,ALCHOOLA,الشعله,1|2,Primary|Preparatory,public,Libya,Al Marqab,,,,,,32.56454,13.84433,official_emis,exact,open
LBY_000683,AJ-047,LBY,ALCHOOLA,الشعله,1|2|3,Primary|Preparatory|Secondary (Economic Sciences),public,Libya,Ajdabiya,,,,,,30.76013,20.23192,official_emis,exact,open
LBY_000684,MU-049,LBY,ALCHOOLAA,الشعله,1|2,Primary|Preparatory,public,Libya,Misratah,,,,,,32.36999,15.08104,official_emis,exact,open
LBY_000685,GM-223,LBY,ALCHUD ALMUER,الشهيد الميار,1,Primary,public,Libya,Al Jabal al Akhdar,,,,,,32.80857,21.86904,official_emis,exact,closed_temporary
LBY_000686,GM-106,LBY,ALCHUD ALMUER,الشهيد الميار,1|2,Primary|Preparatory,public,Libya,Al Jabal al Akhdar,,,,,,32.80857,21.86904,official_emis,exact,closed_temporary
LBY_000687,TR-319,LBY,ALCTB ALER,الكتاب الاخضر سايقا,3,Secondary (Engineering Sciences),public,Libya,Tajura' wa an Nawahi al Arba,,,,,,32.86818,13.21379,official_emis,exact,open
LBY_000688,MA-038,LBY,ALDAH,الضياء,1|2,Primary|Preparatory,public,Libya,Al Marj,,,,,,32.55668,20.98847,official_emis,exact,open
LBY_000689,TU-039,LBY,ALDAHEA ALTANAWEA,الضاحيه التانويه,1,Primary,public,Libya,Al Butnan,,,,,,32.08134,23.95064,official_emis,exact,open
LBY_000690,TR-500,LBY,ALDAR ALBAIDAA,الدرا البيضاء,1|2,Primary|Preparatory,public,Libya,Tajura' wa an Nawahi al Arba,,,,,,32.78022,13.30187,official_emis,exact,open
LBY_000691,AJ-007,LBY,ALDAWHA,الدوحة,1,Primary,public,Libya,Ajdabiya,,,,,,30.7472,20.21733,official_emis,exact,open
LBY_000692,MI-522,LBY,ALDAWHA,الدوحة,1|2,Primary|Preparatory,public,Libya,Al Marqab,,,,,,32.6186,14.33249,official_emis,exact,open
LBY_000693,MI-225,LBY,ALDAWWN ALTANWIT,الداوون الثانوية,3,Secondary (Engineering Sciences)|Secondary (Economic Sciences),public,Libya,Al Marqab,,,,,,32.45764,14.55748,official_emis,exact,open
LBY_000694,ZA-086,LBY,ALDEA HIGH SCHOOL,الضياء الثانوية,3,Secondary (Engineering Sciences),public,Libya,Az Zawiyah,,,,,,32.76865,12.7227,official_emis,exact,open
LBY_000695,MO-107,LBY,ALDESA EMKHATEN,الديسة امخاتن,1,Primary,public,Libya,Murzuq,,,,,,25.93464,14.31231,official_emis,exact,open
LBY_000696,MO-060,LBY,ALDESA EMKHATEN,الديسة امخاتن,1|2,Primary|Preparatory,public,Libya,Murzuq,,,,,,25.93464,14.31231,official_emis,exact,open
LBY_000697,AJ-008,LBY,ALDIAA,الضياء,1|2,Primary|Preparatory,public,Libya,Ajdabiya,,,,,,30.75522,20.23161,official_emis,exact,open
LBY_000698,DA-008,LBY,ALDOHOR ALAHMAR,الظهر الأحمر,1|2,Primary|Preparatory,public,Libya,Al Qubbah,,,,,,32.6596,22.51535,official_emis,exact,open
LBY_000699,MI-142,LBY,ALDOKALE,الدوكالي,1|2,Primary|Preparatory,public,Libya,Al Marqab,,,,,,32.58953,14.0325,official_emis,exact,open
LBY_000700,DA-020,LBY,ALDUIA,الضياء,1|2,Primary|Preparatory,public,Libya,Al Qubbah,,,,,,32.76455,22.63009,official_emis,exact,open
LBY_000701,DA-141,LBY,ALDUIA,الضياء,1,Primary,public,Libya,Al Qubbah,,,,,,32.76455,22.63009,official_emis,exact,open
LBY_000702,BI-130,LBY,ALDWHT,الدوحة,3,Secondary (Economic Sciences),public,Libya,Benghazi,,,,,,32.082989,20.080335,official_emis,exact,open
LBY_000703,KU-237,LBY,ALEED ADAHABI,العيد الذهبي,1|2,Primary|Preparatory,public,Libya,An Nuqat al Khams,,,,,,32.93239,11.86149,official_emis,exact,closed_temporary
LBY_000704,TR-147,LBY,ALEJLA,الاجلاء,1,Primary,public,Libya,Tajura' wa an Nawahi al Arba,,,,,,32.89153,13.18111,official_emis,exact,closed_temporary
LBY_000705,MI-432,LBY,ALEJTEHAD,الاجتهاد,1|2,Primary|Preparatory,public,Libya,Al Marqab,,,,,,32.44931,14.28458,official_emis,exact,open
LBY_000706,MI-235,LBY,ALEKHLAS,الاخلاص,1|2|3,Primary|Preparatory|Secondary (Medical Sciences)|Secondary (Engineering Sciences)|Secondary (Economic Sciences),public,Libya,Tajura' wa an Nawahi al Arba,,,,,,32.68098,13.76103,official_emis,exact,open
LBY_000707,WM-056,LBY,ALEKHLAS,الإخلاص,1|2,Primary|Preparatory,public,Libya,Mizdah,,,,,,32.25354,13.02965,official_emis,exact,open
LBY_000708,DA-076,LBY,ALEKLAS,الاخلاص,3,Secondary (Medical Sciences),public,Libya,Al Qubbah,,,,,,32.76595,22.24516,official_emis,exact,open
LBY_000709,SA-078,LBY,ALEMAM ABOBAKER ALSEDEQ,الامام ابوبكر الصديق,1,Primary,public,Libya,Sabha,,,,,,27.03622,14.41142,official_emis,exact,open
LBY_000710,SA-003,LBY,ALEMAM ABOBAKER ALSEDEQ,الامام ابوبك الصديق,1,Primary,public,Libya,Sabha,,,,,,27.03622,14.41142,official_emis,exact,open
LBY_000711,JU-018,LBY,ALEMAM ALI BEN ABE TALAB,الامام علي بن ابي طالب,1|2,Primary|Preparatory,public,Libya,Al Jufrah,,,,,,29.15898,16.13548,official_emis,exact,open
LBY_000712,TR-281,LBY,ALEMAM QALWON,الإمام قالون,1,Primary,public,Libya,Tajura' wa an Nawahi al Arba,,,,,,32.86819,13.28383,official_emis,exact,open
LBY_000713,AJ-023,LBY,ALEMAM SHNON,الامام سحنون,1|2,Primary|Preparatory,public,Libya,Ajdabiya,,,,,,30.65662,20.32983,official_emis,exact,open
LBY_000714,MI-244,LBY,ALENATAK,الانعتاق,1|2,Primary|Preparatory,public,Libya,Tajura' wa an Nawahi al Arba,,,,,,32.60351,13.55002,official_emis,exact,open
LBY_000715,TR-399,LBY,ALENESAR,الإنتصار,1|2,Primary|Preparatory,public,Libya,Tajura' wa an Nawahi al Arba,,,,,,32.85446,13.16069,official_emis,exact,closed_temporary
LBY_000716,WM-098,LBY,ALENETAQ,الإنعتاق,1|2,Primary|Preparatory,public,Libya,Al Marqab,,,,,,32.16189,13.40274,official_emis,exact,closed_temporary
LBY_000717,MI-030,LBY,ALENETAQ,الانعتاق,1|2,Primary|Preparatory,public,Libya,Al Marqab,,,,,,32.14284,13.46766,official_emis,exact,open
LBY_000718,JA-210,LBY,ALENETAQ,الانعتاق,1|2,Primary|Preparatory,public,Libya,Tajura' wa an Nawahi al Arba,,,,,,32.73727,13.13217,official_emis,exact,open
LBY_000719,WM-058,LBY,ALENETAQ,الانعتاق,1|2,Primary|Preparatory,public,Libya,Mizdah,,,,,,32.25636,13.0408,official_emis,exact,open
LBY_000720,TR-291,LBY,ALENSHERAH,الانشراح,1,Primary,public,Libya,Tajura' wa an Nawahi al Arba,,,,,,32.84231,13.23471,official_emis,exact,open
LBY_000721,MI-306,LBY,ALENTALK,الانطلاق,1|2,Primary|Preparatory,public,Libya,Al Marqab,,,,,,32.37147,13.67659,official_emis,exact,open
LBY_000722,KU-155,LBY,ALENTEFADA,الإنتفاضة,1|2,Primary|Preparatory,public,Libya,An Nuqat al Khams,,,,,,32.93441,12.08816,official_emis,exact,closed_temporary
LBY_000723,TR-352,LBY,ALENTEFADA,الانتفاضة,1,Primary,public,Libya,Tajura' wa an Nawahi al Arba,,,,,,32.86485,13.17619,official_emis,exact,open
LBY_000724,MI-339,LBY,ALENTEFADA,الانتفاضة,1|2,Primary|Preparatory,public,Libya,Al Marqab,,,,,,32.50053,13.54327,official_emis,exact,open
LBY_000725,TR-192,LBY,ALENTEFADA,الانتفاضة,3,Secondary (Medical Sciences)|Secondary (Economic Sciences),public,Libya,Tajura' wa an Nawahi al Arba,,,,,,32.88356,13.20513,official_emis,exact,open
LBY_000726,NA-106,LBY,ALENTEFADA,الانتفاضة,1|2,Primary|Preparatory,public,Libya,Ghadamis,,,,,,32.03754,11.53676,official_emis,exact,open
LBY_000727,JU-004,LBY,ALENTEFADA ALEBTEDAEYA,الإنتفاضة الإبتدائية,1,Primary,public,Libya,Al Jufrah,,,,,,29.12375,15.96313,official_emis,exact,open
LBY_000728,SI-004,LBY,ALENTELAQA,الانطلاقة,1,Primary,public,Libya,Surt,,,,,,31.14066,16.53815,official_emis,exact,open
LBY_000729,TR-283,LBY,ALENTELQ,الانطلاق,1|2,Primary|Preparatory,public,Libya,Tajura' wa an Nawahi al Arba,,,,,,32.8804,13.29209,official_emis,exact,open
LBY_000730,MI-010,LBY,ALENTESAR,الانتصار,1|2,Primary|Preparatory,public,Libya,Al Marqab,,,,,,32.29783,13.56285,official_emis,exact,open
LBY_000731,MI-490,LBY,ALENTESAR,الانتصار,2,Preparatory,public,Libya,Al Marqab,,,,,,32.68819,13.99653,official_emis,exact,open
LBY_000732,WH-041,LBY,ALENTESAR,الانتصار,1|2,Primary|Preparatory,public,Libya,Wadi al Hayaa,,,,,,26.71036,13.87876,official_emis,exact,open
LBY_000733,WM-057,LBY,ALENTESAR,الإنتصار,1|2,Primary|Preparatory,public,Libya,Mizdah,,,,,,32.20998,13.03862,official_emis,exact,open
LBY_000734,KU-025,LBY,ALENTESAR,الانتصار,1|2,Primary|Preparatory,public,Libya,An Nuqat al Khams,,,,,,32.79266,12.4326,official_emis,exact,closed_temporary
LBY_000735,KU-175,LBY,ALENTESAR,الانتصار,1|2,Primary|Preparatory,public,Libya,An Nuqat al Khams,,,,,,32.80612,12.15936,official_emis,exact,closed_temporary
LBY_000736,KU-258,LBY,ALENTESAR,الانتصار الثانوية,3,Secondary (Medical Sciences),public,Libya,An Nuqat al Khams,,,,,,32.75695,12.40583,official_emis,exact,closed_temporary
LBY_000737,MU-271,LBY,ALENTESAR,الانتصار,1|2|3,Primary|Preparatory|Secondary (Medical Sciences),public,Libya,Al Marqab,,,,,,32.45493,14.53567,official_emis,exact,open
LBY_000738,WS-041,LBY,ALENTESAR,الانتصار,1|2,Primary|Preparatory,public,Libya,Ash Shati',,,,,,27.47028,13.82996,official_emis,exact,open
LBY_000739,MU-053,LBY,ALENTESAR,الإنتصار,1|2,Primary|Preparatory,public,Libya,Misratah,,,,,,32.37479,15.07629,official_emis,exact,open
LBY_000740,KU-232,LBY,ALENTFADA,الانتفاضة,1|2,Primary|Preparatory,public,Libya,An Nuqat al Khams,,,,,,32.96624,11.84002,official_emis,exact,closed_temporary
LBY_000741,JA-317,LBY,ALENTFADA,الانتفاضة,1|2,Primary|Preparatory,public,Libya,Tajura' wa an Nawahi al Arba,,,,,,32.7008,13.28889,official_emis,exact,closed_temporary
LBY_000742,KU-231,LBY,ALENTISAR,الانتصار,1|2,Primary|Preparatory,public,Libya,An Nuqat al Khams,,,,,,32.9432,11.87739,official_emis,exact,closed_temporary
LBY_000743,WM-162,LBY,ALENTISAR,الإنتصار,1|2,Primary|Preparatory,public,Libya,Az Zawiyah,,,,,,32.37446,12.77536,official_emis,exact,open
LBY_000744,KU-233,LBY,ALENTLAK,الإنطلاق,1|2,Primary|Preparatory,public,Libya,An Nuqat al Khams,,,,,,32.93571,11.84546,official_emis,exact,closed_temporary
LBY_000745,GM-123,LBY,ALENTSAR,الانتصار,1|2,Primary|Preparatory,public,Libya,Al Jabal al Akhdar,,,,,,32.68798,21.90137,official_emis,exact,open
LBY_000746,KU-071,LBY,ALENTSAR,الانتصار,1|2,Primary|Preparatory,public,Libya,An Nuqat al Khams,,,,,,32.75701,12.40586,official_emis,exact,open
LBY_000747,KU-212,LBY,ALERADA,الارادة,1|2,Primary|Preparatory,public,Libya,An Nuqat al Khams,,,,,,32.85281,12.06284,official_emis,exact,open
LBY_000748,BI-172,LBY,ALERADA,الارادة,1,Primary,public,Libya,Benghazi,,,,,,32.102781,20.093794,official_emis,exact,open
LBY_000749,BI-486,LBY,ALERADA,الارادة,1,Primary,public,Libya,Benghazi,,,,,,32.102781,20.093794,official_emis,exact,open
LBY_000750,TR-351,LBY,ALESHRIAQ,الإشراق,1|2,Primary|Preparatory,public,Libya,Tajura' wa an Nawahi al Arba,,,,,,32.84729,13.16348,official_emis,exact,closed_temporary
LBY_000751,KU-003,LBY,ALESLAH,الاصلاح,1|2,Primary|Preparatory,public,Libya,An Nuqat al Khams,,,,,,32.7983,12.41379,official_emis,exact,closed_temporary
LBY_000752,TR-387,LBY,ALESLAH,الاصلاح,1|2,Primary|Preparatory,public,Libya,Tajura' wa an Nawahi al Arba,,,,,,32.83667,13.19348,official_emis,exact,closed_temporary
LBY_000753,GM-141,LBY,ALESTEKLAL,الاستقلال,3,Secondary (Engineering Sciences),public,Libya,Al Jabal al Akhdar,,,,,,32.76296,21.75639,official_emis,exact,open
LBY_000754,AJ-003,LBY,ALESTEKLAL,الاستقلال,1|2,Primary|Preparatory,public,Libya,Ajdabiya,,,,,,30.7653,20.22818,official_emis,exact,open
LBY_000755,MI-538,LBY,ALESTEQLAL,الاستقلال,3,Secondary (Medical Sciences)|Secondary (Engineering Sciences),public,Libya,Al Marqab,,,,,,32.58057,14.35906,official_emis,exact,open
LBY_000756,WS-026,LBY,ALESTEQLAL,الاستقلال,1|2,Primary|Preparatory,public,Libya,Ash Shati',,,,,,27.56239,14.18099,official_emis,exact,open
LBY_000757,MI-027,LBY,ALESTKLAL,الاستقلال,1|2,Primary|Preparatory,public,Libya,Al Marqab,,,,,,32.20657,13.54328,official_emis,exact,open
LBY_000758,MU-282,LBY,ALESTKLAL,الاستقلال (جبل الغضب,1|2,Primary|Preparatory,public,Libya,Misratah,,,,,,31.76097,14.009757,official_emis,exact,closed_temporary
LBY_000759,DA-051,LBY,ALESTKLAL,الاستقلال,1,Primary,public,Libya,Al Qubbah,,,,,,32.70741,22.70327,official_emis,exact,open
LBY_000760,MU-070,LBY,ALESTQLAL,الاستقلال,1|2|3,Primary|Preparatory|Secondary (Medical Sciences)|Secondary (Engineering Sciences),public,Libya,Misratah,,,,,,32.3718,15.09796,official_emis,exact,open
LBY_000761,MI-366,LBY,ALESTQLAL,الإستقلال,1|2,Primary|Preparatory,public,Libya,Al Marqab,,,,,,32.30372,13.43122,official_emis,exact,open
LBY_000762,BI-196,LBY,ALETEHAD,الاتحاد,1,Primary,public,Libya,Benghazi,,,,,,32.074804,20.079711,official_emis,exact,open
LBY_000763,JA-042,LBY,ALETEHAD ALEFREEKE,الاتحاد الافريقي,1|2,Primary|Preparatory,public,Libya,Al Marqab,,,,,,32.1751,13.51102,official_emis,exact,closed_temporary
LBY_000764,TR-391,LBY,ALETEHAD ALMAGHAREBY,الاتحاد المغاربي,3,Secondary (Medical Sciences)|Secondary (Engineering Sciences),public,Libya,Tajura' wa an Nawahi al Arba,,,,,,32.86559,13.20114,official_emis,exact,open
LBY_000765,KU-070,LBY,ALETEHAD ELAFREQY,الإتحاد الأفريقي,1|2,Primary|Preparatory,public,Libya,An Nuqat al Khams,,,,,,32.74879,12.35861,official_emis,exact,open
LBY_000766,MU-407,LBY,ALETIHAD,الاتحاد,1|2,Primary|Preparatory,public,Libya,Al Marqab,,,,,,32.46517,14.55102,official_emis,exact,closed_temporary
LBY_000767,MU-222,LBY,ALETIHAD/ ALQODOS,الاتحاد /القدس,2,Preparatory,public,Libya,Al Marqab,,,,,,32.35365,14.64936,official_emis,exact,open
LBY_000768,WS-004,LBY,ALETTIHAD,الإتحاد,1,Primary,public,Libya,Ash Shati',,,,,,27.51052,14.43833,official_emis,exact,open
LBY_000769,MI-516,LBY,ALEZADHER,الازدهار,1|2,Primary|Preparatory,public,Libya,Al Marqab,,,,,,32.60151,14.34318,official_emis,exact,open
LBY_000770,MI-338,LBY,ALEZDEHAR,الإزدهار,1|2,Primary|Preparatory,public,Libya,Al Marqab,,,,,,32.46852,13.52954,official_emis,exact,open
LBY_000771,TR-307,LBY,ALEZDEHAR,الازدهار,3,Secondary (Medical Sciences),public,Libya,Tajura' wa an Nawahi al Arba,,,,,,32.83411,13.21493,official_emis,exact,open
LBY_000772,MI-318,LBY,ALE`TESAM,الاعتصام,1|2,Primary|Preparatory,public,Libya,Al Marqab,,,,,,32.53148,13.66347,official_emis,exact,open
LBY_000773,BI-451,LBY,ALFADEEL ABO OMAR,الفضيل ابوعمر,1,Primary,public,Libya,Benghazi,,,,,,32.13461,20.12897,official_emis,exact,open
LBY_000773,BI-451,LBY,ALFADEEL ABO OMAR,الفضيل ابوعمر,1,Primary,public,Libya,Benghazi,,,,,,32.13461,20.12897,official_emis,exact,open
LBY_000774,BI-020,LBY,ALFADEEL ABO OMAR,الفضيل ابوعمر,1|2,Primary|Preparatory,public,Libya,Benghazi,,,,,,32.13461,20.12897,official_emis,exact,open
LBY_000775,DA-061,LBY,ALFADHEL OMER,الفضيل عمر,1|2,Primary|Preparatory,public,Libya,Al Qubbah,,,,,,32.75777,22.38207,official_emis,exact,open
LBY_000776,GM-127,LBY,ALFAEDI ALASASE,الفائدية الاساسية,1,Primary,public,Libya,Al Jabal al Akhdar,,,,,,32.68754,21.90755,official_emis,exact,closed_temporary
LBY_000777,DA-058,LBY,ALFAGAR  AJADEED,الفجر الجديد,1|2,Primary|Preparatory,public,Libya,Al Qubbah,,,,,,32.78955,22.30723,official_emis,exact,open
LBY_000778,MU-127,LBY,ALFAGER ALGADEED,الفجر الجديد,1|2,Primary|Preparatory,public,Libya,Misratah,,,,,,32.3767,15.13989,official_emis,exact,open
LBY_000779,KU-161,LBY,ALFAGR ALGADED,الفجر الجديد,1|2,Primary|Preparatory,public,Libya,An Nuqat al Khams,,,,,,32.93933,12.07917,official_emis,exact,closed_temporary
LBY_000780,TR-193,LBY,ALFAGR ALGADED,الفجر الجديد,3,Secondary (Engineering Sciences),public,Libya,Tajura' wa an Nawahi al Arba,,,,,,32.88628,13.19543,official_emis,exact,open
LBY_000781,WM-416,LBY,ALFAHED ZAYAD,الفقيد زياد,1|2,Primary|Preparatory,public,Libya,Mizdah,,,,,,32.16951,12.86232,official_emis,exact,open
LBY_000782,TR-198,LBY,ALFAIHA,الفيحاء,1|2,Primary|Preparatory,public,Libya,Tajura' wa an Nawahi al Arba,,,,,,32.8841,13.20764,official_emis,exact,open
LBY_000783,WM-313,LBY,ALFAJAR ALJADED,الفجر الجديد,1|2,Primary|Preparatory,public,Libya,Mizdah,,,,,,31.89611,12.23253,official_emis,exact,open
LBY_000784,SI-007,LBY,ALFAJER ALJADED,الفجر الجديد,1|2,Primary|Preparatory,public,Libya,Surt,,,,,,31.13376,16.61912,official_emis,exact,open
LBY_000785,MI-312,LBY,ALFAJER ALJADID,الفجر الجديد,1|2,Primary|Preparatory,public,Libya,Al Marqab,,,,,,32.4763,13.66848,official_emis,exact,open
LBY_000786,MA-053,LBY,ALFAJER ALJDEED,الفجر الجديد,1|2,Primary|Preparatory,public,Libya,Al Marj,,,,,,32.57434,20.87374,official_emis,exact,open
LBY_000787,MI-341,LBY,ALFAJER ALSATEA,الفجر الساطع,1|2,Primary|Preparatory,public,Libya,Al Marqab,,,,,,32.34847,13.62071,official_emis,exact,open
LBY_000788,KO-005,LBY,ALFAKER ALAKDER,الفكر الأخضر,1|2,Primary|Preparatory,public,Libya,Al Kufrah,,,,,,24.32565,23.16221,official_emis,exact,open
LBY_000789,KO-044,LBY,ALFAKER ALAKDER,الفكر الأخضر,1,Primary,public,Libya,Al Kufrah,,,,,,24.32565,23.16221,official_emis,exact,open
LBY_000790,JA-059,LBY,ALFALOGA,الفالوجا,1|2,Primary|Preparatory,public,Libya,Az Zawiyah,,,,,,32.83455,13.07069,official_emis,exact,open
LBY_000791,WM-168,LBY,ALFAQEED ZAYAD,الفقيد زياد,1|2,Primary|Preparatory,public,Libya,Mizdah,,,,,,32.16951,12.86232,official_emis,exact,open
LBY_000792,SI-076,LBY,ALFARABI,الفارابي,1|2,Primary|Preparatory,public,Libya,Surt,,,,,,31.19296,16.75613,official_emis,exact,open
LBY_000793,MI-249,LBY,ALFARAS,الفارس,1|2,Primary|Preparatory,public,Libya,Tajura' wa an Nawahi al Arba,,,,,,32.76063,13.72075,official_emis,exact,open
LBY_000794,KU-137,LBY,ALFAREK,الفريخ المركزيه,1|2,Primary|Preparatory,public,Libya,An Nuqat al Khams,,,,,,32.80146,12.2184,official_emis,exact,open
LBY_000795,WH-006,LBY,ALFAROAQ,الفاروق,1|2,Primary|Preparatory,public,Libya,Wadi al Hayaa,,,,,,26.5923,12.83213,official_emis,exact,open
LBY_000796,GM-013,LBY,ALFAROK,الفاروق,1,Primary,public,Libya,Al Jabal al Akhdar,,,,,,32.76503,21.74514,official_emis,exact,open
LBY_000797,WS-075,LBY,ALFAROK,الفاروق,2|3,Preparatory|Secondary (Medical Sciences)|Secondary (Economic Sciences),public,Libya,Ash Shati',,,,,,27.48646,13.33026,official_emis,exact,open
LBY_000798,GM-189,LBY,ALFAROKA,الفاروق,1,Primary,public,Libya,Al Jabal al Akhdar,,,,,,32.76503,21.74514,official_emis,exact,open
LBY_000799,SA-024,LBY,ALFAROKA,الفاروق,1,Primary,public,Libya,Sabha,,,,,,27.05674,14.42053,official_emis,exact,open
LBY_000800,TU-036,LBY,ALFAROOK,الفاروق,3,Secondary (Medical Sciences)|Secondary (Economic Sciences),public,Libya,Al Butnan,,,,,,32.07166,23.94827,official_emis,exact,open
LBY_000801,TU-137,LBY,ALFAROOQ,الفاروق,1|2,Primary|Preparatory,public,Libya,Al Butnan,,,,,,32.07327,23.95627,official_emis,exact,closed_temporary
LBY_000802,GA-018,LBY,ALFAROOQ,الفاروق,3,Secondary (Medical Sciences)|Secondary (Engineering Sciences)|Secondary (Economic Sciences),public,Libya,Ghat,,,,,,24.78216,10.18128,official_emis,exact,open
LBY_000803,MI-077,LBY,ALFAROOQ,الفاروق,2,Preparatory,public,Libya,Tajura' wa an Nawahi al Arba,,,,,,32.75796,13.90103,official_emis,exact,open
LBY_000804,WM-363,LBY,ALFAROQ,الفاروق,1|2,Primary|Preparatory,public,Libya,Mizdah,,,,,,31.91574,11.94522,official_emis,exact,open
LBY_000805,MU-148,LBY,ALFAROQ,الفاروق,1|2,Primary|Preparatory,public,Libya,Misratah,,,,,,32.37632,15.17382,official_emis,exact,open
LBY_000806,MU-307,LBY,ALFAROQ,الفاروق,1|2,Primary|Preparatory,public,Libya,Misratah,,,,,,31.745128,13.980151,official_emis,exact,closed_temporary
LBY_000807,TR-388,LBY,ALFAROQ,الفاروق,1|2,Primary|Preparatory,public,Libya,Tajura' wa an Nawahi al Arba,,,,,,32.84199,13.19119,official_emis,exact,open
LBY_000808,DA-117,LBY,ALFAROQ ATHANAWYA,الفاروق الثانوية,3,Secondary (Medical Sciences)|Secondary (Engineering Sciences)|Secondary (Economic Sciences),public,Libya,Al Qubbah,,,,,,32.33757,23.05912,official_emis,exact,open
LBY_000809,TR-492,LBY,ALFAROUQ,الفاروق,1,Primary,public,Libya,Tajura' wa an Nawahi al Arba,,,,,,32.72991,13.39019,official_emis,exact,closed_temporary
LBY_000810,MI-418,LBY,ALFARUQ,الفاروق,1|2,Primary|Preparatory,public,Libya,Al Marqab,,,,,,32.68802,14.17797,official_emis,exact,open
LBY_000811,JA-006,LBY,ALFARWK,الفاروق,1|2,Primary|Preparatory,public,Libya,Al Marqab,,,,,,32.47779,14.56538,official_emis,exact,closed_temporary
LBY_000812,ZA-087,LBY,ALFASE HIGH SCHOOL,الفاسي الثانوية,3,Secondary (Economic Sciences),public,Libya,Az Zawiyah,,,,,,32.75359,12.71142,official_emis,exact,open
LBY_000813,MU-405,LBY,ALFATAH,الفاتح,1|2,Primary|Preparatory,public,Libya,Al Marqab,,,,,,32.43851,14.54798,official_emis,exact,closed_temporary
LBY_000814,WM-333,LBY,ALFATAH,الفاتح سابقة,3,Secondary (Engineering Sciences)|Secondary (Economic Sciences),public,Libya,Mizdah,,,,,,31.93383,12.25209,official_emis,exact,open
LBY_000815,MA-125,LBY,ALFATAH,الفاتح,1,Primary,public,Libya,Al Marj,,,,,,32.10178,20.57033,official_emis,exact,open
LBY_000816,MA-091,LBY,ALFATAH ALADEM,الفاتح العظيم,1|2,Primary|Preparatory,public,Libya,Al Marj,,,,,,32.29969,20.9848,official_emis,exact,open
LBY_000817,GM-061,LBY,ALFATAH ALESALAME,الفتح الاسلامى,1|2,Primary|Preparatory,public,Libya,Al Jabal al Akhdar,,,,,,32.89693,21.96528,official_emis,exact,closed_temporary
LBY_000818,BI-104,LBY,ALFATAH BALTYLMON,الفاتح بالطليمون,2,Preparatory,public,Libya,Benghazi,,,,,,31.58709,20.17464,official_emis,exact,open
LBY_000819,JA-196,LBY,ALFATEH,الفاتح,1|3,Primary|Secondary (Medical Sciences)|Secondary (Engineering Sciences),public,Libya,Az Zawiyah,,,,,,32.83494,13.0735,official_emis,exact,open
LBY_000820,TR-054,LBY,ALFATEH,الفاتح سابقا,1|2,Primary|Preparatory,public,Libya,Tajura' wa an Nawahi al Arba,,,,,,32.8691,13.10814,official_emis,exact,open
LBY_000821,JA-027,LBY,ALFATEH,الفاتح,1|2,Primary|Preparatory,public,Libya,Al Marqab,,,,,,32.36123,13.92086,official_emis,exact,open
LBY_000822,TR-280,LBY,ALFATEH,الفتح,1,Primary,public,Libya,Tajura' wa an Nawahi al Arba,,,,,,32.86201,13.25953,official_emis,exact,closed_temporary
LBY_000823,BI-183,LBY,ALFATEH ALADEEM,الفاتح العظيم,3,Secondary (Medical Sciences),public,Libya,Benghazi,,,,,,32.101634,20.088849,official_emis,exact,open
LBY_000824,ZA-182,LBY,ALFATH,الفتح,1|2,Primary|Preparatory,public,Libya,Az Zawiyah,,,,,,32.76212,12.63966,official_emis,exact,closed_temporary
LBY_000825,TR-374,LBY,ALFATH SCHOOL,الفاتح سابقا,2,Preparatory,public,Libya,Tajura' wa an Nawahi al Arba,,,,,,32.84899,13.17108,official_emis,exact,open
LBY_000826,MU-233,LBY,ALFAWATER ATANAWEYA,الفواتير الثانويه,3,Secondary (Economic Sciences),public,Libya,Al Marqab,,,,,,32.40885,14.62503,official_emis,exact,open
LBY_000827,TU-006,LBY,ALFAYHA,الفيحاء التانوية,1|3,Primary|Secondary (Economic Sciences),public,Libya,Al Butnan,,,,,,32.0833,23.79235,official_emis,exact,open
LBY_000828,BI-189,LBY,ALFAYHAA,الفيحاء,1|2,Primary|Preparatory,public,Libya,Benghazi,,,,,,32.09543,20.111428,official_emis,exact,open
LBY_000829,TU-056,LBY,ALFDUL BOA OMAER,الفضيل بوعمر,1|2,Primary|Preparatory,public,Libya,Al Butnan,,,,,,32.14054,23.48238,official_emis,exact,open
LBY_000830,BI-139,LBY,ALFE'AKAT,الفعكات,1,Primary,public,Libya,Benghazi,,,,,,31.99421,20.080932,official_emis,exact,open
LBY_000831,KU-223,LBY,ALFEDA,الفداء,1|2,Primary|Preparatory,public,Libya,An Nuqat al Khams,,,,,,32.86752,11.99542,official_emis,exact,closed_temporary
LBY_000832,JA-214,LBY,ALFEKER ALJAMEHEIREY,الفكر الجماهيري,1|2,Primary|Preparatory,public,Libya,Al Jifarah,,,,,,32.6492,13.00614,official_emis,exact,open
LBY_000833,GM-003,LBY,ALFERDOUS,الفردوس,1|2,Primary|Preparatory,public,Libya,Al Jabal al Akhdar,,,,,,32.72873,21.72873,official_emis,exact,open
LBY_000834,MO-018,LBY,ALFGUER ALGD,الفجرالجديد,1|2,Primary|Preparatory,public,Libya,Murzuq,,,,,,25.92397,14.04959,official_emis,exact,open
LBY_000835,GA-015,LBY,ALFIUER ALGDUD,الفجر الجديد,1|2,Primary|Preparatory,public,Libya,Ghat,,,,,,24.8916,10.17858,official_emis,exact,open
LBY_000836,KU-222,LBY,ALFJR ALJDID,الفجر الجديد,1|2,Primary|Preparatory,public,Libya,An Nuqat al Khams,,,,,,32.88641,11.99293,official_emis,exact,closed_temporary
LBY_000837,JA-128,LBY,ALFORABY,الفارابي,1|2,Primary|Preparatory,public,Libya,Al Jifarah,,,,,,32.69732,13.0967,official_emis,exact,closed_temporary
LBY_000838,MI-289,LBY,ALFORAT,الفرات للتعليم الاساسي,2,Preparatory,public,Libya,Tajura' wa an Nawahi al Arba,,,,,,32.70844,13.65544,official_emis,exact,open
LBY_000839,WS-020,LBY,ALFORJANY,الفرجانى,1|2,Primary|Preparatory,public,Libya,Ash Shati',,,,,,27.57922,14.22512,official_emis,exact,open
LBY_000840,MI-182,LBY,ALFORQAN,الفرقان,1,Primary,public,Libya,Al Marqab,,,,,,32.43567,14.56073,official_emis,exact,open
LBY_000841,TR-244,LBY,ALFORQAN,الفرقان,1,Primary,public,Libya,Tajura' wa an Nawahi al Arba,,,,,,32.83688,13.21007,official_emis,exact,open
LBY_000842,TU-093,LBY,ALFREEN,الفرين,1|2,Primary|Preparatory,public,Libya,Al Butnan,,,,,,31.83163,24.69868,official_emis,exact,open
LBY_000843,MI-001,LBY,ALFROK,الفاروق,1|2,Primary|Preparatory,public,Libya,Tajura' wa an Nawahi al Arba,,,,,,32.37946,13.36203,official_emis,exact,open
LBY_000844,TR-263,LBY,ALFTAT ALTAERA,الفتاة الثائره,1|2,Primary|Preparatory,public,Libya,Tajura' wa an Nawahi al Arba,,,,,,32.88025,13.23173,official_emis,exact,open
LBY_000845,SI-077,LBY,ALFTH,الفتح,1|2,Primary|Preparatory,public,Libya,Surt,,,,,,31.2051,16.5972,official_emis,exact,open
LBY_000846,MU-363,LBY,ALFTH ALASLAME,الفتح الاسلامي,1|2,Primary|Preparatory,public,Libya,Al Marqab,,,,,,32.32079,14.54065,official_emis,exact,open
LBY_000847,MU-213,LBY,ALFTI ALSLUMA,الفتح الاسلامى,1|2,Primary|Preparatory,public,Libya,Al Marqab,,,,,,32.42545,14.57194,official_emis,exact,open
LBY_000848,MI-281,LBY,ALFUORAT,الفرات,3,Secondary (Medical Sciences)|Secondary (Engineering Sciences),public,Libya,Tajura' wa an Nawahi al Arba,,,,,,32.70943,13.65506,official_emis,exact,open
LBY_000849,JU-030,LBY,ALFURJAN ALEADADIA,الفرجان الاعدادية,2,Preparatory,public,Libya,Al Jufrah,,,,,,29.03775,15.6685,official_emis,exact,open
LBY_000850,JU-028,LBY,ALFURJAN ALEBTEDAEIA,الفرجان الابتدائية,1,Primary,public,Libya,Al Jufrah,,,,,,29.03811,15.66983,official_emis,exact,open
LBY_000851,BI-202,LBY,ALFWIHAT,الفويهات,3,Secondary (Economic Sciences),public,Libya,Benghazi,,,,,,32.078617,20.070926,official_emis,exact,open
LBY_000852,WM-248,LBY,ALGABAL,الجبل,1|2,Primary|Preparatory,public,Libya,Mizdah,,,,,,32.06176,12.5312,official_emis,exact,open
LBY_000853,MA-097,LBY,ALGABAL,الجبل,1|2,Primary|Preparatory,public,Libya,Benghazi,,,,,,32.36379,20.49276,official_emis,exact,open
LBY_000854,WM-249,LBY,ALGABAL ASAMED,الجبل الصاعد,1|2,Primary|Preparatory,public,Libya,Mizdah,,,,,,32.00597,12.47128,official_emis,exact,open
LBY_000855,MA-012,LBY,ALGADSIT,القادسية,3,Secondary (Economic Sciences),public,Libya,Al Marj,,,,,,32.63441,20.95509,official_emis,exact,closed_temporary
LBY_000856,MA-154,LBY,ALGALAA,الجلاء,3,Secondary (Medical Sciences),public,Libya,Al Marj,,,,,,32.49233,20.82904,official_emis,exact,closed_temporary
LBY_000857,MI-494,LBY,ALGALEE,القلعى,1|2,Primary|Preparatory,public,Libya,Al Marqab,,,,,,32.66528,14.09063,official_emis,exact,open
LBY_000858,WM-257,LBY,ALGANAEMA ALJANOBEYA,الغنائمة الجنوبية,1,Primary,public,Libya,Mizdah,,,,,,31.97798,12.5565,official_emis,exact,open
LBY_000859,MU-120,LBY,ALGANSAA,الخنساء,3,Secondary (Medical Sciences),public,Libya,Misratah,,,,,,32.37288,15.20805,official_emis,exact,open
LBY_000860,MI-295,LBY,ALGARABOLEE,القره بولي,3,Secondary (Engineering Sciences),public,Libya,Tajura' wa an Nawahi al Arba,,,,,,32.74749,13.72264,official_emis,exact,closed_temporary
LBY_000861,MU-185,LBY,ALGBLANY MOHAMED ALMAHGOB,الجبلاني محمد المحجوب,3,Secondary (Engineering Sciences)|Secondary (Economic Sciences),public,Libya,Misratah,,,,,,32.38714,14.97889,official_emis,exact,open
LBY_000862,MI-005,LBY,ALGDSUH,القادسيه,1|2,Primary|Preparatory,public,Libya,Al Marqab,,,,,,32.38367,13.52565,official_emis,exact,open
LBY_000863,ZA-192,LBY,ALGEEL ALSAID,الجيل الصاعد,1|2,Primary|Preparatory,public,Libya,Az Zawiyah,,,,,,32.68064,12.58921,official_emis,exact,open
LBY_000864,JA-229,LBY,ALGEERAN ALJANOBEYA,الغيران الجنوبية,1|2,Primary|Preparatory,public,Libya,Al Marqab,,,,,,32.44552,14.56747,official_emis,exact,open
LBY_000865,MU-105,LBY,ALGEERAN ALTANAWEYA,الغيران الثانوية,3,Secondary (Medical Sciences)|Secondary (Engineering Sciences)|Secondary (Economic Sciences),public,Libya,Misratah,,,,,,32.35148,15.04323,official_emis,exact,open
LBY_000866,ZA-015,LBY,ALGEL ALGADED,الجيل الجديد,1|2|3,Primary|Preparatory|Secondary (Engineering Sciences),public,Libya,Az Zawiyah,,,,,,32.76234,12.71844,official_emis,exact,closed_temporary
LBY_000867,MA-200,LBY,ALGEL ASED,الجبل الصاعد,1,Primary,public,Libya,Al Marj,,,,,,32.49706,20.83961,official_emis,exact,open
LBY_000868,MA-051,LBY,ALGEL ASED,الجيل  الصاعد,1,Primary,public,Libya,Al Marj,,,,,,32.49706,20.83961,official_emis,exact,open
LBY_000869,ZA-012,LBY,ALGELDA,الجلده,1|2,Primary|Preparatory,public,Libya,Az Zawiyah,,,,,,32.57505,12.6831,official_emis,exact,closed_temporary
LBY_000870,SI-048,LBY,ALGERANEYA,الغرانيه,3,Secondary (Medical Sciences),public,Libya,Misratah,,,,,,31.16807,15.07593,official_emis,exact,open
LBY_000871,MI-127,LBY,ALGHALAA,القلعة,1|2,Primary|Preparatory,public,Libya,Al Marqab,,,,,,32.57254,14.09638,official_emis,exact,open
LBY_000872,SI-003,LBY,ALGHARBEYAT,الغربيات,1,Primary,public,Libya,Surt,,,,,,31.1414,16.53828,official_emis,exact,open
LBY_000873,MI-363,LBY,ALGHAREEB,الغريب,1|2,Primary|Preparatory,public,Libya,Al Marqab,,,,,,32.39434,13.77158,official_emis,exact,open
LBY_000874,BI-146,LBY,ALGHAWARSHA,القوارشه,3,Secondary (Economic Sciences),public,Libya,Benghazi,,,,,,32.026806,20.072331,official_emis,exact,closed_temporary
LBY_000875,WM-312,LBY,ALGHENANI,الغنانئ,1|2,Primary|Preparatory,public,Libya,Mizdah,,,,,,31.93555,12.2145,official_emis,exact,open
LBY_000876,KO-022,LBY,ALGLAE,الجلاء,1|2,Primary|Preparatory,public,Libya,Al Kufrah,,,,,,25.67267,21.0684,official_emis,exact,open
LBY_000877,TR-522,LBY,ALGLAT,القلعة,1,Primary,public,Libya,Tajura' wa an Nawahi al Arba,,,,,,32.86858,13.36017,official_emis,exact,open
LBY_000878,DA-037,LBY,ALGLWD,الخلود,2,Preparatory,public,Libya,Al Qubbah,,,,,,32.75643,22.64211,official_emis,exact,open
LBY_000879,SA-086,LBY,ALGLWD,الخلود,1,Primary,public,Libya,Sabha,,,,,,27.02816,14.44045,official_emis,exact,open
LBY_000880,SA-017,LBY,ALGLWD,الخلود,1|2,Primary|Preparatory,public,Libya,Sabha,,,,,,27.02816,14.44045,official_emis,exact,open
LBY_000881,DA-150,LBY,ALGLWD,الخلود,1,Primary,public,Libya,Al Qubbah,,,,,,32.75643,22.64211,official_emis,exact,open
LBY_000882,WS-042,LBY,ALGORDABEA,القرضابيه,1|2,Primary|Preparatory,public,Libya,Ash Shati',,,,,,27.49169,13.78381,official_emis,exact,open
LBY_000883,KU-224,LBY,ALGORDABEYA,القرضابيه,1|2,Primary|Preparatory,public,Libya,An Nuqat al Khams,,,,,,32.89006,11.99201,official_emis,exact,open
LBY_000884,TU-096,LBY,ALGRABAT,الغرابات,1|2,Primary|Preparatory,public,Libya,Al Butnan,,,,,,32.00166,24.72141,official_emis,exact,open
LBY_000885,WM-064,LBY,ALGRARAT,الغرارات,1|2,Primary|Preparatory,public,Libya,Mizdah,,,,,,32.18529,13.06382,official_emis,exact,open
LBY_000886,JA-166,LBY,ALGRBUT,القرضابية,3,Secondary (Medical Sciences)|Secondary (Economic Sciences),public,Libya,Tajura' wa an Nawahi al Arba,,,,,,32.69094,13.23457,official_emis,exact,closed_temporary
LBY_000887,MU-261,LBY,ALGRTBUA,القرضابيه,1|2,Primary|Preparatory,public,Libya,Al Marqab,,,,,,32.47299,14.46757,official_emis,exact,open
LBY_000888,MI-130,LBY,ALGRUN,الجعرانى,1|2,Primary|Preparatory,public,Libya,Al Marqab,,,,,,32.58143,14.04875,official_emis,exact,open
LBY_000889,KU-188,LBY,ALGUDS,القدس,1|2,Primary|Preparatory,public,Libya,An Nuqat al Khams,,,,,,32.85449,12.04859,official_emis,exact,closed_temporary
LBY_000890,WM-003,LBY,ALGUL AICIAD,الجيل الصاعد,1,Primary,public,Libya,Mizdah,,,,,,32.16491,13.01863,official_emis,exact,open
LBY_000891,BI-170,LBY,ALGURDHABIA,القرضابية,1,Primary,public,Libya,Benghazi,,,,,,32.09111,20.096296,official_emis,exact,open
LBY_000892,MI-229,LBY,ALGUSAI,القصييعه,3,Secondary (Medical Sciences),public,Libya,Al Marqab,,,,,,32.47779,14.56538,official_emis,exact,open
LBY_000893,MI-290,LBY,ALGWEAA AL JANOBIA,القويعه الجنوبية,1|2,Primary|Preparatory,public,Libya,Tajura' wa an Nawahi al Arba,,,,,,32.65792,13.64408,official_emis,exact,open
LBY_000894,MI-275,LBY,ALGWE`A,القويعة للتعليم الاساسي,1|2,Primary|Preparatory,public,Libya,Tajura' wa an Nawahi al Arba,,,,,,32.71183,13.60843,official_emis,exact,open
LBY_000895,MU-265,LBY,ALGWIALT,الغويلات,1|2|3,Primary|Preparatory|Secondary (Engineering Sciences),public,Libya,Al Marqab,,,,,,32.46437,14.52169,official_emis,exact,open
LBY_000896,JA-120,LBY,ALGZALI,الغزالي,1|2,Primary|Preparatory,public,Libya,Tajura' wa an Nawahi al Arba,,,,,,32.71657,13.1972,official_emis,exact,closed_temporary
LBY_000897,NA-053,LBY,ALGZAYA ALMRKAZIA,الغزايا المركزية,2,Preparatory,public,Libya,Ghadamis,,,,,,32.00055,10.83752,official_emis,exact,open
LBY_000898,MU-038,LBY,ALGZIRA,الجزيرة بنات,1|2,Primary|Preparatory,public,Libya,Misratah,,,,,,32.39972,15.0411,official_emis,exact,open
LBY_000899,KU-016,LBY,ALHA ALJAMHERA,الحى الجماهيرى,1,Primary,public,Libya,An Nuqat al Khams,,,,,,32.76126,12.47563,official_emis,exact,closed_temporary
LBY_000900,NA-076,LBY,ALHABEB EZ ALDEEN,الحبيب عز الدين,3,Secondary (Economic Sciences),public,Libya,Ghadamis,,,,,,30.12555,9.49147,official_emis,exact,open
LBY_000901,WM-177,LBY,ALHABEEAT,العبيات,1,Primary,public,Libya,Mizdah,,,,,,32.08278,12.69515,official_emis,exact,open
LBY_000902,KU-039,LBY,ALHADA,الهدى,1|2,Primary|Preparatory,public,Libya,An Nuqat al Khams,,,,,,32.67778,12.46727,official_emis,exact,closed_temporary
LBY_000903,BI-524,LBY,ALHADAEK ANAMODAGEYA,الحدائق النمودجيه,3,Secondary (Engineering Sciences),public,Libya,Benghazi,,,,,,32.099254,20.109254,official_emis,exact,open
LBY_000904,TR-437,LBY,ALHADAF,الهدف,1|2,Primary|Preparatory,public,Libya,Tajura' wa an Nawahi al Arba,,,,,,32.83908,13.18853,official_emis,exact,open
LBY_000905,JA-213,LBY,ALHADARA,الحضارة,1|2,Primary|Preparatory,public,Libya,Az Zawiyah,,,,,,32.74025,12.94231,official_emis,exact,open
LBY_000906,TR-389,LBY,ALHADBA ALMARKAZEYA,الهضبة المركزية,1,Primary,public,Libya,Tajura' wa an Nawahi al Arba,,,,,,32.8448,13.19004,official_emis,exact,open
LBY_000907,MI-139,LBY,ALHADEY DOMA,الهادي دومة,1|2,Primary|Preparatory,public,Libya,Al Marqab,,,,,,32.58432,14.04015,official_emis,exact,closed_temporary
LBY_000908,TR-175,LBY,ALHADI ARAFA,الهادي عرفة,1|2,Primary|Preparatory,public,Libya,Tajura' wa an Nawahi al Arba,,,,,,32.884,13.1644,official_emis,exact,open
LBY_000909,ZA-151,LBY,ALHAG ABD ALMOLA,الحاج عبدالمولى,1|2,Primary|Preparatory,public,Libya,Az Zawiyah,,,,,,32.77235,12.68586,official_emis,exact,closed_temporary
LBY_000910,GA-004,LBY,ALHAHAD ALGADEED,العهد الجديد,1|2,Primary|Preparatory,public,Libya,Ghat,,,,,,25.44441,10.33461,official_emis,exact,open
LBY_000911,TR-306,LBY,ALHAI ALJAMEE,الخي الجامعي,3,Secondary (Engineering Sciences)|Secondary (Economic Sciences),public,Libya,Tajura' wa an Nawahi al Arba,,,,,,32.83697,13.20893,official_emis,exact,open
LBY_000912,JA-129,LBY,ALHAKAIMA,الحكائمية,1|2,Primary|Preparatory,public,Libya,Tajura' wa an Nawahi al Arba,,,,,,32.64773,13.19509,official_emis,exact,closed_temporary
LBY_000913,BI-265,LBY,ALHAKAKA,الحقيقة,2,Preparatory,public,Libya,Benghazi,,,,,,32.110803,20.09887,official_emis,exact,open
LBY_000914,BI-133,LBY,ALHALESS ALASASEY,الحليس الاساسي,1,Primary,public,Libya,Benghazi,,,,,,31.92042,19.96083,official_emis,exact,open
LBY_000915,WH-050,LBY,ALHANI,الهانى,1|2,Primary|Preparatory,public,Libya,Wadi al Hayaa,,,,,,26.69259,13.82195,official_emis,exact,open
LBY_000916,KU-038,LBY,ALHANY,الهاني,1|2,Primary|Preparatory,public,Libya,An Nuqat al Khams,,,,,,32.77651,12.43177,official_emis,exact,open
LBY_000917,KU-241,LBY,ALHANY,الهاني,1|2,Primary|Preparatory,public,Libya,An Nuqat al Khams,,,,,,32.92648,11.88196,official_emis,exact,closed_temporary
LBY_000918,ZA-152,LBY,ALHARSH ALJANOBE,الحرشة الجنوبية,1|2,Primary|Preparatory,public,Libya,Az Zawiyah,,,,,,32.74,12.67907,official_emis,exact,open
LBY_000919,ZA-162,LBY,ALHARSHA ELEDADIA,الحرشه الاعدادية,2,Preparatory,public,Libya,Az Zawiyah,,,,,,32.76356,12.67317,official_emis,exact,closed_temporary
LBY_000920,JA-085,LBY,ALHASAN BAN ALHAITHAM,الحسن بن الهيثم,1|2,Primary|Preparatory,public,Libya,Az Zawiyah,,,,,,32.72149,13.01552,official_emis,exact,open
LBY_000921,SI-052,LBY,ALHASAN BEN ALHAETEM,الحسن بن الهيثم,1|2,Primary|Preparatory,public,Libya,Misratah,,,,,,31.27859,15.58341,official_emis,exact,open
LBY_000922,SA-031,LBY,ALHASAN BEN ALHAYATAM,الحسن بن الهيثم,1|2,Primary|Preparatory,public,Libya,Sabha,,,,,,27.04382,14.42481,official_emis,exact,closed_temporary
LBY_000923,BI-504,LBY,ALHASAN BEN ALHITHEM,الحسن بن الهيثم,1|2,Primary|Preparatory,public,Libya,Benghazi,,,,,,32.106478,20.08574,official_emis,exact,open
LBY_000924,BI-242,LBY,ALHASAN BEN ALHITHEM,الحسن بن الهيثم,1|2,Primary|Preparatory,public,Libya,Benghazi,,,,,,32.106478,20.08574,official_emis,exact,open
LBY_000925,BI-465,LBY,ALHASAN BEN ALI,الحسن بن علي,1,Primary,public,Libya,Benghazi,,,,,,32.11278,20.13062,official_emis,exact,open
LBY_000926,BI-056,LBY,ALHASAN BEN ALI,الحسن بن علي,1|2,Primary|Preparatory,public,Libya,Benghazi,,,,,,32.11278,20.13062,official_emis,exact,open
LBY_000927,WS-068,LBY,ALHASEN BEN ALHITEIM,الحسن بن الهيثم,3,Secondary (Economic Sciences),public,Libya,Ash Shati',,,,,,27.51346,14.01377,official_emis,exact,open
LBY_000928,TR-176,LBY,ALHASSN EBN ALHAYTEM,الحسن ابن الهيتم,3,Secondary (Medical Sciences)|Secondary (Engineering Sciences),public,Libya,Tajura' wa an Nawahi al Arba,,,,,,32.88638,13.21744,official_emis,exact,open
LBY_000929,MU-277,LBY,ALHAY ALJADEED,الحي الجديد,1|2,Primary|Preparatory,public,Libya,Misratah,,,,,,31.788248,13.981835,official_emis,exact,open
LBY_000930,TR-308,LBY,ALHAY ALJAMAHERE,الحي الجماهيري,3,Secondary (Medical Sciences),public,Libya,Tajura' wa an Nawahi al Arba,,,,,,32.87967,13.29182,official_emis,exact,open
LBY_000931,MI-293,LBY,ALHAY ALSANAEA,الحى الصناعى,1|2,Primary|Preparatory,public,Libya,Tajura' wa an Nawahi al Arba,,,,,,32.74039,13.70041,official_emis,exact,closed_temporary
LBY_000932,KU-235,LBY,ALHAY ALSENAEE,الحي الصناعي,1|2,Primary|Preparatory,public,Libya,An Nuqat al Khams,,,,,,33.07308,11.7649,official_emis,exact,closed_temporary
LBY_000933,WM-306,LBY,ALHAY ALZERAEE,الحي الزراعي,1|2,Primary|Preparatory,public,Libya,Mizdah,,,,,,31.91599,12.26702,official_emis,exact,closed_temporary
LBY_000934,MI-272,LBY,ALHAYAG,الهياج,1,Primary,public,Libya,Tajura' wa an Nawahi al Arba,,,,,,32.64329,13.74932,official_emis,exact,open
LBY_000935,NA-087,LBY,ALHAYIA,الحياة,3,Secondary (Medical Sciences),public,Libya,Ghadamis,,,,,,31.87775,10.97734,official_emis,exact,open
LBY_000936,JA-307,LBY,ALHAZAM ALAKDAR /ALZAYAT,الحزام الاخضر/الزيات,1|2,Primary|Preparatory,public,Libya,Al Marqab,,,,,,32.44984,13.84403,official_emis,exact,open
LBY_000937,MI-218,LBY,ALHDARIT,الهدارية,1,Primary,public,Libya,Al Marqab,,,,,,32.46972,14.61182,official_emis,exact,open
LBY_000938,SI-082,LBY,ALHDUA,الهدايه,1,Primary,public,Libya,Surt,,,,,,31.20929,16.599,official_emis,exact,open
LBY_000939,MI-245,LBY,ALHEDAD,الحدادة,1|2,Primary|Preparatory,public,Libya,Tajura' wa an Nawahi al Arba,,,,,,32.70181,13.75683,official_emis,exact,open
LBY_000940,AJ-012,LBY,ALHEDAYA,الهدايه,1|2,Primary|Preparatory,public,Libya,Ajdabiya,,,,,,30.76429,20.22611,official_emis,exact,open
LBY_000941,KU-192,LBY,ALHEDAYA,الهداية,1|2,Primary|Preparatory,public,Libya,An Nuqat al Khams,,,,,,32.85502,12.067,official_emis,exact,closed_temporary
LBY_000942,KU-088,LBY,ALHEDAYA,الهداية,1|2,Primary|Preparatory,public,Libya,An Nuqat al Khams,,,,,,32.68294,12.42344,official_emis,exact,closed_temporary
LBY_000943,MU-014,LBY,ALHEDAYA,الهداية,1,Primary,public,Libya,Misratah,,,,,,32.37882,15.0932,official_emis,exact,open
LBY_000944,MI-267,LBY,ALHEDAYA,الهداية.,1|2,Primary|Preparatory,public,Libya,Tajura' wa an Nawahi al Arba,,,,,,32.72861,13.65892,official_emis,exact,open
LBY_000945,MI-521,LBY,ALHEDAYA,الهداية,1|2,Primary|Preparatory,public,Libya,Al Marqab,,,,,,32.56259,14.35505,official_emis,exact,open
LBY_000946,MA-136,LBY,ALHEE ALGHRBE,الحي الغربي,1,Primary,public,Libya,Benghazi,,,,,,31.52802,20.97769,official_emis,exact,open
LBY_000947,BI-222,LBY,ALHEKAMA,الحكمة,2,Preparatory,public,Libya,Benghazi,,,,,,32.13606,20.07506,official_emis,exact,open
LBY_000948,ZA-006,LBY,ALHEKMA,الحكمة,1,Primary,public,Libya,Az Zawiyah,,,,,,32.68693,12.69394,official_emis,exact,closed_temporary
LBY_000949,GM-182,LBY,ALHEKMA ALBALEGA,الحكمة البالغة,1,Primary,public,Libya,Al Jabal al Akhdar,,,,,,32.80369,21.86981,official_emis,exact,closed_temporary
LBY_000950,JA-103,LBY,ALHELAL ALAKDOR,الهلال الاخضر,1|2,Primary|Preparatory,public,Libya,Al Marqab,,,,,,32.33864,13.35028,official_emis,exact,open
LBY_000951,TR-161,LBY,ALHERA SCHOOL,الحرية,1,Primary,public,Libya,Tajura' wa an Nawahi al Arba,,,,,,32.89368,13.17736,official_emis,exact,open
LBY_000952,SA-090,LBY,ALHESAN BEN ALHAYTAM,الحسين بن الهيثم,1,Primary,public,Libya,Sabha,,,,,,27.04382,14.42481,official_emis,exact,open
LBY_000953,DA-116,LBY,ALHESE,الحسي,1,Primary,public,Libya,Al Qubbah,,,,,,32.39923,23.05915,official_emis,exact,open
LBY_000954,JA-117,LBY,ALHESHAN ATHNAWEYA,الحشان الثانوية,3,Secondary (Engineering Sciences),public,Libya,Al Marqab,,,,,,32.33519,13.47878,official_emis,exact,open
LBY_000955,MI-157,LBY,ALHEWADAEEN,الهويديين,1|2,Primary|Preparatory,public,Libya,Al Marqab,,,,,,32.56444,13.93354,official_emis,exact,closed_temporary
LBY_000956,TR-517,LBY,ALHEZAM ALAKDAR,الحزام الاخضر,1|2,Primary|Preparatory,public,Libya,Tajura' wa an Nawahi al Arba,,,,,,32.7704,13.47169,official_emis,exact,open
LBY_000957,WA-001,LBY,ALHIDAYA,الهداية,1|2,Primary|Preparatory,public,Libya,Ajdabiya,,,,,,29.054932,21.499543,official_emis,exact,open
LBY_000958,JA-313,LBY,ALHIE ALSUNIAY,الحي الصناعي,1|2,Primary|Preparatory,public,Libya,Al Jifarah,,,,,,32.59058,13.02536,official_emis,exact,open
LBY_000959,JA-337,LBY,ALHIE ALSUNIAY,الحي الصناعي,1|3,Primary|Secondary (Medical Sciences)|Secondary (Engineering Sciences)|Secondary (Economic Sciences),public,Libya,Al Jifarah,,,,,,32.59058,13.02536,official_emis,exact,open
LBY_000960,MU-178,LBY,ALHIKMA,الحكمه,1|2,Primary|Preparatory,public,Libya,Misratah,,,,,,32.43606,14.90446,official_emis,exact,open
LBY_000961,MI-194,LBY,ALHIREAA,الحريه,1|2,Primary|Preparatory,public,Libya,Al Marqab,,,,,,32.44552,14.56747,official_emis,exact,open
LBY_000962,WS-051,LBY,ALHITYA,الحطيه,1|2,Primary|Preparatory,public,Libya,Ash Shati',,,,,,27.50092,13.27512,official_emis,exact,open
LBY_000963,DA-103,LBY,ALHIY ALJADED,الحي  الجديد,1,Primary,public,Libya,Al Qubbah,,,,,,32.53448,23.00852,official_emis,exact,open
LBY_000964,DA-168,LBY,ALHIY ALJADED,الحي الجديد,1,Primary,public,Libya,Al Qubbah,,,,,,32.53448,23.00852,official_emis,exact,open
LBY_000965,MU-146,LBY,ALHIY ASINAEI,الحي الصناعي,1|2,Primary|Preparatory,public,Libya,Misratah,,,,,,32.36379,15.18479,official_emis,exact,open
LBY_000966,BI-136,LBY,ALHLIS ALMUSHTRKA,الحليس المشتركة,2|3,Preparatory|Secondary (Economic Sciences),public,Libya,Benghazi,,,,,,31.91991,19.96128,official_emis,exact,open
LBY_000967,KU-074,LBY,ALHMAM ALSEAHE,الحمام السياحي,1|2,Primary|Preparatory,public,Libya,An Nuqat al Khams,,,,,,32.73657,12.39503,official_emis,exact,closed_temporary
LBY_000968,GM-006,LBY,ALHMAMA ASHAMALIA,الحمامة الشمالية,1|2,Primary|Preparatory,public,Libya,Al Jabal al Akhdar,,,,,,32.91615,21.62864,official_emis,exact,open
LBY_000969,MI-084,LBY,ALHMUODAT,الحمودات,1|2,Primary|Preparatory,public,Libya,Al Marqab,,,,,,32.71262,13.90635,official_emis,exact,open
LBY_000970,TR-141,LBY,ALHODA ALASLAME,الهدى الاسلامي,1|2,Primary|Preparatory,public,Libya,Tajura' wa an Nawahi al Arba,,,,,,32.88031,13.18077,official_emis,exact,open
LBY_000971,WM-344,LBY,ALHODA ALESLAME,الهدى الاسلامي,1|2,Primary|Preparatory,public,Libya,Mizdah,,,,,,31.86048,11.88477,official_emis,exact,open
LBY_000972,MI-286,LBY,ALHODAYBEYA,الحديبية,1|2,Primary|Preparatory,public,Libya,Az Zawiyah,,,,,,32.84873,13.07664,official_emis,exact,open
LBY_000973,MI-458,LBY,ALHOFEER ALASASEYA,الحفير الاساسية,1|2,Primary|Preparatory,public,Libya,Al Marqab,,,,,,32.61361,14.31805,official_emis,exact,open
LBY_000974,KU-013,LBY,ALHORAE,الحرية,1,Primary,public,Libya,An Nuqat al Khams,,,,,,32.8113,12.35214,official_emis,exact,closed_temporary
LBY_000975,MA-149,LBY,ALHOREAA,الحريه,2|3,Preparatory|Secondary (Medical Sciences),public,Libya,Al Marj,,,,,,32.49523,20.8423,official_emis,exact,open
LBY_000976,WM-034,LBY,ALHOREAA,الحريه,1|2,Primary|Preparatory,public,Libya,Mizdah,,,,,,32.08478,12.97692,official_emis,exact,open
LBY_000977,SI-061,LBY,ALHOREYA,الحرية,1|3,Primary|Secondary (Medical Sciences)|Secondary (Engineering Sciences)|Secondary (Economic Sciences),public,Libya,Surt,,,,,,30.58476,18.42485,official_emis,exact,open
LBY_000978,GM-048,LBY,ALHOREYA,الحرية,1|2,Primary|Preparatory,public,Libya,Al Jabal al Akhdar,,,,,,32.76629,21.77779,official_emis,exact,open
LBY_000979,MI-254,LBY,ALHOREYA,الحرية,1|2,Primary|Preparatory,public,Libya,Tajura' wa an Nawahi al Arba,,,,,,32.74282,13.68713,official_emis,exact,closed_temporary
LBY_000980,MA-106,LBY,ALHOREYA,الحرية,1|2,Primary|Preparatory,public,Libya,Al Marj,,,,,,32.18232,20.53595,official_emis,exact,open
LBY_000981,WS-066,LBY,ALHOREYA,الحرية,3,Secondary (Medical Sciences),public,Libya,Ash Shati',,,,,,27.57325,14.21207,official_emis,exact,open
LBY_000982,GM-214,LBY,ALHOREYA,الحرية,1,Primary,public,Libya,Al Jabal al Akhdar,,,,,,32.76629,21.77779,official_emis,exact,open
LBY_000983,MA-222,LBY,ALHOREYA,الحرية,1,Primary,public,Libya,Al Marj,,,,,,32.49523,20.8423,official_emis,exact,open
LBY_000984,GA-006,LBY,ALHOREYA,الحرية,2,Preparatory,public,Libya,Ghat,,,,,,24.9482,10.15723,official_emis,exact,open
LBY_000985,JA-192,LBY,ALHOREYA,الحرية الثانوية,3,Secondary (Medical Sciences)|Secondary (Economic Sciences),public,Libya,Al Marqab,,,,,,32.47942,14.49506,official_emis,exact,closed_temporary
LBY_000986,KO-023,LBY,ALHOREYA,الحرية,1|2,Primary|Preparatory,public,Libya,Al Kufrah,,,,,,25.66577,21.05126,official_emis,exact,open
LBY_000987,WM-376,LBY,ALHOREYA ANEQAT ALKHAMS,الحرية النقاط الخمس,1|2,Primary|Preparatory,public,Libya,Mizdah,,,,,,31.998,12.31546,official_emis,exact,open
LBY_000988,TU-029,LBY,ALHORIA,الحرية,1|2|3,Primary|Preparatory|Secondary (Economic Sciences),public,Libya,Al Butnan,,,,,,32.07202,23.93279,official_emis,exact,open
LBY_000989,AJ-006,LBY,ALHORIA,الحرية,1|2,Primary|Preparatory,public,Libya,Ajdabiya,,,,,,30.74394,20.22402,official_emis,exact,open
LBY_000990,JA-051,LBY,ALHOROBA,العروبه,1|2,Primary|Preparatory,public,Libya,Tajura' wa an Nawahi al Arba,,,,,,32.7651,13.11886,official_emis,exact,closed_temporary
LBY_000991,ZA-177,LBY,ALHORYA,الحرية للعلوم الهندسية,3,Secondary (Engineering Sciences),public,Libya,Az Zawiyah,,,,,,32.77471,12.66148,official_emis,exact,closed_temporary
LBY_000992,ZA-154,LBY,ALHORYA,الحرية الابتدائيةلاعدادية,1|2,Primary|Preparatory,public,Libya,Az Zawiyah,,,,,,32.77381,12.66042,official_emis,exact,closed_temporary
LBY_000993,MI-154,LBY,ALHORYA,الحرية,1|2,Primary|Preparatory,public,Libya,Al Marqab,,,,,,32.60608,13.9717,official_emis,exact,open
LBY_000994,MI-492,LBY,ALHORYA,الحرية,1,Primary,public,Libya,Al Marqab,,,,,,32.68754,13.99775,official_emis,exact,open
LBY_000995,NA-013,LBY,ALHRABA ALMARKAZEA,الحرابه المركزيه,2,Preparatory,public,Libya,An Nuqat al Khams,,,,,,32.8872,11.98509,official_emis,exact,open
LBY_000996,ZA-105,LBY,ALHRIH,الحريه,1|2,Primary|Preparatory,public,Libya,Az Zawiyah,,,,,,32.74281,12.57884,official_emis,exact,open
LBY_000997,WH-048,LBY,ALHRIH,الحريه,2,Preparatory,public,Libya,Wadi al Hayaa,,,,,,26.67907,13.75958,official_emis,exact,open
LBY_000998,DA-147,LBY,ALHRIT,الحرية,1,Primary,public,Libya,Al Qubbah,,,,,,32.76328,22.65025,official_emis,exact,open
LBY_000999,JA-005,LBY,ALHRIT,الحريه,1|2,Primary|Preparatory,public,Libya,Al Marqab,,,,,,32.46689,14.60586,official_emis,exact,open
LBY_001000,DA-034,LBY,ALHRIT,الحرية,1|2,Primary|Preparatory,public,Libya,Al Qubbah,,,,,,32.76328,22.65025,official_emis,exact,open
LBY_001001,MA-052,LBY,ALHRIT,الحرية,2|3,Preparatory|Secondary (Medical Sciences),public,Libya,Al Marj,,,,,,32.49523,20.8423,official_emis,exact,closed_temporary
LBY_001002,SA-083,LBY,ALHRUT,الحرية,1,Primary,public,Libya,Sabha,,,,,,27.0519,14.4128,official_emis,exact,open
LBY_001003,KU-015,LBY,ALHSAN BEN HAYTAM,الحسن بن الهيتم,1|2,Primary|Preparatory,public,Libya,An Nuqat al Khams,,,,,,32.73894,12.51112,official_emis,exact,closed_temporary
LBY_001004,TR-379,LBY,ALHSAN SCHOOL,الحسين,1|2,Primary|Preparatory,public,Libya,Tajura' wa an Nawahi al Arba,,,,,,32.79641,13.19091,official_emis,exact,open
LBY_001005,TR-499,LBY,ALHSAYN BEN ALHAYTAM,الحسين بن هيثم,1|2,Primary|Preparatory,public,Libya,Tajura' wa an Nawahi al Arba,,,,,,32.8902,13.33369,official_emis,exact,open
LBY_001006,ZA-156,LBY,ALHSEBAN / ABDALLAH BEN ALZOBER,الحسيان/ عبدالله بن الزبير,1|2,Primary|Preparatory,public,Libya,Az Zawiyah,,,,,,32.72,12.65881,official_emis,exact,closed_temporary
LBY_001007,BI-155,LBY,ALHUD DHBA,العيد الذهبى,1|2,Primary|Preparatory,public,Libya,Benghazi,,,,,,32.095776,20.119937,official_emis,exact,open
LBY_001008,MA-202,LBY,ALHUDA,الهدى,1,Primary,public,Libya,Al Marj,,,,,,32.49413,20.84377,official_emis,exact,open
LBY_001009,MA-055,LBY,ALHUDA,الهدى,1|2,Primary|Preparatory,public,Libya,Al Marj,,,,,,32.49413,20.84377,official_emis,exact,open
LBY_001010,MA-211,LBY,ALHUORYA,الحرية,1,Primary,public,Libya,Al Marj,,,,,,32.18232,20.53595,official_emis,exact,open
LBY_001011,BI-237,LBY,ALHUREYA,الحرية,2,Preparatory,public,Libya,Benghazi,,,,,,32.11627,20.06491,official_emis,exact,open
LBY_001012,JA-270,LBY,ALHURIA,الحرية,1|2,Primary|Preparatory,public,Libya,Az Zawiyah,,,,,,32.56424,12.56424,official_emis,exact,open
LBY_001013,NA-052,LBY,ALHURIA,الحرية,1,Primary,public,Libya,Ghadamis,,,,,,31.95971,11.0251,official_emis,exact,open
LBY_001014,MI-531,LBY,ALHURT,الحرية,3,Secondary (Engineering Sciences)|Secondary (Economic Sciences),public,Libya,Al Marqab,,,,,,32.64441,14.272679,official_emis,exact,open
LBY_001015,KU-218,LBY,ALHURYA,الحرية,1|2,Primary|Preparatory,public,Libya,An Nuqat al Khams,,,,,,32.88426,11.96087,official_emis,exact,closed_temporary
LBY_001016,TR-403,LBY,ALHUSE MSED,الحاسيى مسعود,2,Preparatory,public,Libya,Tajura' wa an Nawahi al Arba,,,,,,32.86467,13.1686,official_emis,exact,closed_temporary
LBY_001017,TR-359,LBY,ALHadbe alkadra,الهضبة الخضراء,3,Secondary (Medical Sciences)|Secondary (Engineering Sciences)|Secondary (Economic Sciences),public,Libya,Tajura' wa an Nawahi al Arba,,,,,,32.84286,13.18152,official_emis,exact,closed_temporary
LBY_001018,MI-441,LBY,ALI  BEN ZAYED,علي بن زايد,1|2,Primary|Preparatory,public,Libya,Al Marqab,,,,,,32.63427,14.25988,official_emis,exact,open
LBY_001019,TR-145,LBY,ALI  WRAYET,علي وريت,3,Secondary (Medical Sciences)|Secondary (Economic Sciences),public,Libya,Tajura' wa an Nawahi al Arba,,,,,,32.89271,13.18103,official_emis,exact,open
LBY_001020,MI-039,LBY,ALI ACHRAF,علي اشرف,1|2,Primary|Preparatory,public,Libya,Al Marqab,,,,,,32.40917,13.49826,official_emis,exact,open
LBY_001021,DA-137,LBY,ALI AGBER,على الجابر,1,Primary,public,Libya,Al Qubbah,,,,,,32.75962,22.63843,official_emis,exact,open
LBY_001022,DA-013,LBY,ALI AGBER,على الجابر,1|2,Primary|Preparatory,public,Libya,Al Qubbah,,,,,,32.75962,22.63843,official_emis,exact,open
LBY_001023,KU-189,LBY,ALI ALAIADE,علي العيادى,1|2,Primary|Preparatory,public,Libya,An Nuqat al Khams,,,,,,32.84915,12.056546,official_emis,exact,closed_temporary
LBY_001024,MI-440,LBY,ALI ALBAKAY,علي البكاي,1|2,Primary|Preparatory,public,Libya,Al Marqab,,,,,,32.60721,14.21498,official_emis,exact,open
LBY_001025,WS-011,LBY,ALI ALBSIRE,علي البصير,1|2,Primary|Preparatory,public,Libya,Ash Shati',,,,,,27.45626,14.27483,official_emis,exact,open
LBY_001026,TR-368,LBY,ALI ALCHAMS,علي الشامس,1|2,Primary|Preparatory,public,Libya,Tajura' wa an Nawahi al Arba,,,,,,32.84598,13.18148,official_emis,exact,open
LBY_001027,MI-501,LBY,ALI ALFORJANEY,علي الفرجاني,1|2,Primary|Preparatory,public,Libya,Al Marqab,,,,,,32.5391,14.3968,official_emis,exact,open
LBY_001028,TR-320,LBY,ALI ALJAZIERY,علي الجزيري,3,Secondary (Medical Sciences),public,Libya,Mizdah,,,,,,32.071579,13.22434,official_emis,exact,open
LBY_001029,MU-035,LBY,ALI ALMESTAWI,تانوية على المستيوى,1|2|3,Primary|Preparatory|Secondary (Engineering Sciences),public,Libya,Misratah,,,,,,32.36785,15.06747,official_emis,exact,open
LBY_001030,TR-546,LBY,ALI ALNEFATEE,علي النفاتي,1|2,Primary|Preparatory,public,Libya,Tajura' wa an Nawahi al Arba,,,,,,32.88048,13.39378,official_emis,exact,open
LBY_001031,TR-397,LBY,ALI ANJAR,علي النجار,3,Secondary (Medical Sciences)|Secondary (Engineering Sciences),public,Libya,Tajura' wa an Nawahi al Arba,,,,,,32.87038,13.19002,official_emis,exact,open
LBY_001032,GA-022,LBY,ALI ATIGANI,علي التيجاني,2,Preparatory,public,Libya,Ghat,,,,,,25.74735,10.56339,official_emis,exact,open
LBY_001033,KU-168,LBY,ALI BAGOOSH,علي بقوش,1|2,Primary|Preparatory,public,Libya,An Nuqat al Khams,,,,,,32.93371,12.07606,official_emis,exact,open
LBY_001034,MU-237,LBY,ALI BASHEER,علي بشير,1|2,Primary|Preparatory,public,Libya,Al Marqab,,,,,,32.41895,14.65832,official_emis,exact,open
LBY_001035,WM-149,LBY,ALI BEN ABA TULB,على بن ابى طالب,1|2,Primary|Preparatory,public,Libya,Mizdah,,,,,,32.10131,12.90311,official_emis,exact,open
LBY_001036,KU-314,LBY,ALI BEN ABE TALAB,علي بن ابي طالب,1|2,Primary|Preparatory,public,Libya,An Nuqat al Khams,,,,,,32.7814,12.41323,official_emis,exact,closed_temporary
LBY_001037,MI-004,LBY,ALI BEN ABE TALAB,علي بن ابي طالب,1|2,Primary|Preparatory,public,Libya,Al Marqab,,,,,,32.2668,13.4344,official_emis,exact,open
LBY_001038,BI-042,LBY,ALI BEN ABE TALEB,على بن ابى طالب,1|2,Primary|Preparatory,public,Libya,Benghazi,,,,,,32.122455,20.090978,official_emis,exact,open
LBY_001039,GM-193,LBY,ALI BEN ABE TALEB,على بن ابى طالب,1,Primary,public,Libya,Al Jabal al Akhdar,,,,,,32.76691,21.75758,official_emis,exact,open
LBY_001040,MI-469,LBY,ALI BEN ABE TALEB,علي بن ابي طالب,1|2,Primary|Preparatory,public,Libya,Al Marqab,,,,,,32.54534,14.37419,official_emis,exact,closed_temporary
LBY_001041,GM-019,LBY,ALI BEN ABE TALEB,على بن ابى طالب,1|2,Primary|Preparatory,public,Libya,Al Jabal al Akhdar,,,,,,32.76691,21.75758,official_emis,exact,open
LBY_001042,JA-189,LBY,ALI BEN ABE TALEB,على بن ابى طالب,3,Secondary (Economic Sciences),public,Libya,Al Marqab,,,,,,32.4857,14.50017,official_emis,exact,open
LBY_001043,MA-013,LBY,ALI BEN ABE TALEB,على بن ابى طالب,1,Primary,public,Libya,Al Marj,,,,,,32.64509,20.83159,official_emis,exact,closed_temporary
LBY_001044,WA-011,LBY,ALI BEN ABEE TALEB,علي بن ابي طالب,1,Primary,public,Libya,Ajdabiya,,,,,,29.064318,21.484728,official_emis,exact,open
LBY_001045,WM-409,LBY,ALI BEN ABEY TALEB,علي بن ابي طالب,2,Preparatory,public,Libya,Mizdah,,,,,,31.94226,12.2217,official_emis,exact,open
LBY_001046,MU-201,LBY,ALI BEN ABEY TALEB,علي بن ابي طالب,1|2,Primary|Preparatory,public,Libya,Misratah,,,,,,32.29574,15.06871,official_emis,exact,open
LBY_001047,MI-106,LBY,ALI BEN ABEY TALEB,علي بن ابي طالب,1|2,Primary|Preparatory,public,Libya,Al Marqab,,,,,,32.67078,13.92426,official_emis,exact,open
LBY_001048,WM-280,LBY,ALI BEN ABI TALEB,علي بن أبي طالب,2,Preparatory,public,Libya,Mizdah,,,,,,31.99173,12.63501,official_emis,exact,open
LBY_001049,SA-042,LBY,ALI BEN ABI TALEB,علي بن أبي طالب,1,Primary,public,Libya,Sabha,,,,,,27.03224,14.41717,official_emis,exact,open
LBY_001050,SA-093,LBY,ALI BEN ABI TALEB,علي بن أبي طالب,1,Primary,public,Libya,Sabha,,,,,,27.03224,14.41717,official_emis,exact,open
LBY_001051,MU-248,LBY,ALI BEN ABITALEB,علي بن أبي طالب,1|2,Primary|Preparatory,public,Libya,Al Marqab,,,,,,32.42063,14.41578,official_emis,exact,closed_temporary
LBY_001052,WM-383,LBY,ALI BEN ABITALIB,علي بن أبي طالب,2,Preparatory,public,Libya,Mizdah,,,,,,32.01619,11.95445,official_emis,exact,open
LBY_001053,SI-056,LBY,ALI BEN ABY TALB,علي بن ابي طالب,1|2,Primary|Preparatory,public,Libya,Surt,,,,,,30.87817,17.791,official_emis,exact,open
LBY_001054,MI-147,LBY,ALI BEN ABY TALEB,علي بن أبي طالب,1|2,Primary|Preparatory,public,Libya,Al Marqab,,,,,,32.5685,14.01872,official_emis,exact,open
LBY_001055,WH-032,LBY,ALI BEN ABY TALEB,علي بن أبي طالب,2,Preparatory,public,Libya,Wadi al Hayaa,,,,,,26.52075,12.9798,official_emis,exact,open
LBY_001056,TR-464,LBY,ALI BEN ANE TALEB SCHOOL,على بن ابى طالب,1|2,Primary|Preparatory,public,Libya,Tajura' wa an Nawahi al Arba,,,,,,32.79747,13.22026,official_emis,exact,open
LBY_001057,ZA-071,LBY,ALI BN ABE TALEB,علي بن ابي طالب,1|2,Primary|Preparatory,public,Libya,Az Zawiyah,,,,,,32.7789,12.71401,official_emis,exact,open
LBY_001058,JA-185,LBY,ALI EBN ABY TALB,علي ابن ابي طالب,1|2,Primary|Preparatory,public,Libya,Al Marqab,,,,,,32.47316,14.51415,official_emis,exact,closed_temporary
LBY_001059,WM-326,LBY,ALI ELSHANTA,علي الشنطة,1,Primary,public,Libya,Mizdah,,,,,,31.94325,12.22503,official_emis,exact,open
LBY_001060,DA-179,LBY,ALI EMGONEN,علي امغونن,1,Primary,public,Libya,Al Qubbah,,,,,,32.88342,22.18313,official_emis,exact,open
LBY_001061,NA-086,LBY,ALI GANA,علي قانة,3,Secondary (Engineering Sciences)|Secondary (Economic Sciences),public,Libya,Ghadamis,,,,,,31.8627,10.98105,official_emis,exact,open
LBY_001062,TR-153,LBY,ALI HAIDER ASSAATI,علي حيدر الساعاتي,2,Preparatory,public,Libya,Tajura' wa an Nawahi al Arba,,,,,,32.89146,13.18182,official_emis,exact,open
LBY_001063,TU-001,LBY,ALI HASAN ALJABER,على حسن الجابر,3,Secondary (Medical Sciences),public,Libya,Al Qubbah,,,,,,32.39923,23.05915,official_emis,exact,open
LBY_001064,TR-040,LBY,ALI HASAN ALMSELATY,علي حسن المسلاتي,1,Primary,public,Libya,Az Zawiyah,,,,,,32.85142,13.0997,official_emis,exact,open
LBY_001065,DA-002,LBY,ALI MGONEN,علي مغونن,2,Preparatory,public,Libya,Al Qubbah,,,,,,32.88342,22.18313,official_emis,exact,open
LBY_001066,TR-177,LBY,ALI SYALA,علي سيالة,3,Secondary (Medical Sciences)|Secondary (Engineering Sciences),public,Libya,Tajura' wa an Nawahi al Arba,,,,,,32.89133,13.20227,official_emis,exact,open
LBY_001067,ZA-196,LBY,ALINTESAR,الانتصار,1|2,Primary|Preparatory,public,Libya,Az Zawiyah,,,,,,32.61276,12.52824,official_emis,exact,open
LBY_001068,MU-137,LBY,ALINTILAQA,الانطلاقة,1|2,Primary|Preparatory,public,Libya,Misratah,,,,,,32.3506,15.15572,official_emis,exact,open
LBY_001069,WS-031,LBY,ALINTUQT,الانطلاقة,1|2,Primary|Preparatory,public,Libya,Ash Shati',,,,,,27.53196,14.16656,official_emis,exact,open
LBY_001070,MI-227,LBY,ALIRMWK ALTANWIT,اليرموك الثانوية,3,Secondary (Medical Sciences),public,Libya,Al Marqab,,,,,,32.3975,13.93699,official_emis,exact,open
LBY_001071,WM-118,LBY,ALJA'AFRA,الجعافرة,3,Secondary (Engineering Sciences),public,Libya,Mizdah,,,,,,32.02949,13.26046,official_emis,exact,open
LBY_001072,MI-265,LBY,ALJABAL ALJADID,الجبل الجديد,1|2,Primary|Preparatory,public,Libya,Tajura' wa an Nawahi al Arba,,,,,,32.70018,13.63228,official_emis,exact,open
LBY_001073,KU-124,LBY,ALJABAL ALSAAED,الجبل الصاعد,1|2,Primary|Preparatory,public,Libya,An Nuqat al Khams,,,,,,32.71542,12.26966,official_emis,exact,open
LBY_001074,WM-100,LBY,ALJABAL ASSIED,الجبل الصاعد,1|2,Primary|Preparatory,public,Libya,Mizdah,,,,,,32.02425,13.26062,official_emis,exact,open
LBY_001075,MO-066,LBY,ALJABAR,الجبار,1|2,Primary|Preparatory,public,Libya,Murzuq,,,,,,25.86514,14.51202,official_emis,exact,open
LBY_001076,MO-111,LBY,ALJABAR,الجبار,1,Primary,public,Libya,Murzuq,,,,,,25.86514,14.51202,official_emis,exact,open
LBY_001077,GM-034,LBY,ALJABEL ALKHADR,الجبل الاخضر,1|2,Primary|Preparatory,public,Libya,Al Jabal al Akhdar,,,,,,32.7551,21.76498,official_emis,exact,closed_temporary
LBY_001078,KU-121,LBY,ALJADEDA,الجديدة,1|2,Primary|Preparatory,public,Libya,An Nuqat al Khams,,,,,,32.76288,12.27577,official_emis,exact,open
LBY_001079,KU-123,LBY,ALJADEDA ALMARKAZIA,الجديده المركزية,1|2,Primary|Preparatory,public,Libya,An Nuqat al Khams,,,,,,32.76704,12.2745,official_emis,exact,open
LBY_001080,KU-122,LBY,ALJADEDA ALSHMALEYA,الجديدة الشمالية,1|2,Primary|Preparatory,public,Libya,An Nuqat al Khams,,,,,,32.77011,12.28017,official_emis,exact,closed_temporary
LBY_001081,KU-267,LBY,ALJADEDA ALTHANWEYA,الجديدة الثانوية,3,Secondary (Economic Sciences),public,Libya,An Nuqat al Khams,,,,,,32.75981,12.27499,official_emis,exact,open
LBY_001082,KU-265,LBY,ALJADEDA ALTHANWEYA,الجديدة الثانوية,3,Secondary (Medical Sciences),public,Libya,An Nuqat al Khams,,,,,,32.7613,12.27493,official_emis,exact,open
LBY_001083,SA-010,LBY,ALJADEED,الجديد,3,Secondary (Medical Sciences),public,Libya,Sabha,,,,,,27.04539,14.41695,official_emis,exact,open
LBY_001084,TU-121,LBY,ALJAGHBOB ALEBTA,الجغبوب الابتدائية,1,Primary,public,Libya,Al Butnan,,,,,,29.74214,24.51721,official_emis,exact,open
LBY_001085,DA-048,LBY,ALJAHAD,الجهاد,1|2,Primary|Preparatory,public,Libya,Al Qubbah,,,,,,32.70036,22.67977,official_emis,exact,open
LBY_001086,TR-254,LBY,ALJAHAD SCHOOL,الجهاد,1|2,Primary|Preparatory,public,Libya,Tajura' wa an Nawahi al Arba,,,,,,32.89205,13.22434,official_emis,exact,open
LBY_001087,BI-112,LBY,ALJAHEF,الجحف,1|2,Primary|Preparatory,public,Libya,Benghazi,,,,,,31.575212,20.532338,official_emis,exact,open
LBY_001088,MA-105,LBY,ALJALA,الجلاء,1|2,Primary|Preparatory,public,Libya,Al Marj,,,,,,32.19588,20.59526,official_emis,exact,open
LBY_001089,ZA-150,LBY,ALJALA SALUMAN ALBARONE,الجلاء سليمان البارونى,1|2,Primary|Preparatory,public,Libya,Az Zawiyah,,,,,,32.75814,12.65091,official_emis,exact,closed_temporary
LBY_001090,MU-232,LBY,ALJALA/ ALVARABI,الجلاء/ الفارابي,1,Primary,public,Libya,Al Marqab,,,,,,32.41477,14.63275,official_emis,exact,open
LBY_001091,JA-041,LBY,ALJALEEDA ALMARKAZEYA,الجليدة المركزية,1|2,Primary|Preparatory,public,Libya,Al Marqab,,,,,,32.33938,13.53429,official_emis,exact,closed_temporary
LBY_001092,MA-063,LBY,ALJAMEHERYA,الجماهيرية,1|2,Primary|Preparatory,public,Libya,Al Marj,,,,,,32.47905,20.8075,official_emis,exact,open
LBY_001093,ZA-014,LBY,ALJANOBEA BENAN,الجنوبية بنين,3,Secondary (Medical Sciences),public,Libya,Az Zawiyah,,,,,,32.72942,12.74155,official_emis,exact,open
LBY_001094,MI-082,LBY,ALJAWABER,الجوابر,1,Primary,public,Libya,Al Marqab,,,,,,32.67764,13.90477,official_emis,exact,open
LBY_001095,WM-305,LBY,ALJEEL ALJADEED,الجيل الجديد,1|2,Primary|Preparatory,public,Libya,Mizdah,,,,,,31.90012,12.26742,official_emis,exact,open
LBY_001096,SI-071,LBY,ALJEEL ALJADEED,الجيل الجديد,1|2,Primary|Preparatory,public,Libya,Surt,,,,,,31.20498,16.57082,official_emis,exact,open
LBY_001097,WM-060,LBY,ALJEEL ALJADEED,الجيل الجديد,1|2,Primary|Preparatory,public,Libya,Mizdah,,,,,,32.20692,13.04325,official_emis,exact,open
LBY_001098,WS-029,LBY,ALJEEL ALSAEED,الجيل الصاعد,1|2,Primary|Preparatory,public,Libya,Ash Shati',,,,,,27.53891,14.163,official_emis,exact,open
LBY_001099,TR-393,LBY,ALJEEL ALTAER,الجيل التائر,1|2,Primary|Preparatory,public,Libya,Al Marqab,,,,,,32.20257,13.86736,official_emis,exact,open
LBY_001100,JU-029,LBY,ALJEEL ASAED,الجيل الصاعد,1,Primary,public,Libya,Al Jufrah,,,,,,29.09315,15.77279,official_emis,exact,open
LBY_001101,MU-230,LBY,ALJEHAD,الجهاد,1,Primary,public,Libya,Al Marqab,,,,,,32.33088,14.65451,official_emis,exact,open
LBY_001102,MU-062,LBY,ALJEHAD,الجهاد,1|2,Primary|Preparatory,public,Libya,Misratah,,,,,,32.35175,15.08113,official_emis,exact,open
LBY_001103,KU-099,LBY,ALJEHAD,الجهاد,1|2,Primary|Preparatory,public,Libya,An Nuqat al Khams,,,,,,32.76355,12.3325,official_emis,exact,open
LBY_001104,KO-021,LBY,ALJEL ACAAD,الجيل الصاعد,1|2,Primary|Preparatory,public,Libya,Al Kufrah,,,,,,25.67096,21.09654,official_emis,exact,open
LBY_001105,MI-331,LBY,ALJEL ALJADED,الجيل الجديد,1|2,Primary|Preparatory,public,Libya,Al Marqab,,,,,,32.38614,13.57047,official_emis,exact,open
LBY_001106,JA-174,LBY,ALJEL ALJADED,الجيل الجديد,1|2,Primary|Preparatory,public,Libya,Al Marqab,,,,,,32.46622,14.48466,official_emis,exact,closed_temporary
LBY_001107,KU-073,LBY,ALJEL ALTHAER,الجيل الثائر,1|2,Primary|Preparatory,public,Libya,An Nuqat al Khams,,,,,,32.76814,12.33322,official_emis,exact,open
LBY_001108,AJ-040,LBY,ALJELADA,الجليداية,1|2,Primary|Preparatory,public,Libya,Ajdabiya,,,,,,31.15963,20.25141,official_emis,exact,open
LBY_001109,TU-033,LBY,ALJIHAD,الجهاد,1|2,Primary|Preparatory,public,Libya,Al Butnan,,,,,,32.07327,23.95627,official_emis,exact,open
LBY_001110,JA-014,LBY,ALJIHAD,الجهاد,2,Preparatory,public,Libya,Al Marqab,,,,,,32.48844,14.60705,official_emis,exact,unknown
LBY_001111,MI-460,LBY,ALJIHAD,الجهاد,1|2,Primary|Preparatory,public,Libya,Al Marqab,,,,,,32.58917,14.28953,official_emis,exact,open
LBY_001112,JA-008,LBY,ALJIL ALSAAD,الجيل الصاعد,1|2,Primary|Preparatory,public,Libya,Al Marqab,,,,,,32.48603,14.58227,official_emis,exact,open
LBY_001113,JA-127,LBY,ALJILANY ALKRKOTY,الجيلاني القرقوطي,1|2,Primary|Preparatory,public,Libya,Tajura' wa an Nawahi al Arba,,,,,,32.63707,13.18389,official_emis,exact,closed_temporary
LBY_001114,KU-278,LBY,ALJMAIL ATANAWYA,الجميل الثانوية,3,Secondary (Engineering Sciences)|Secondary (Economic Sciences),public,Libya,An Nuqat al Khams,,,,,,32.85278,12.06158,official_emis,exact,closed_temporary
LBY_001115,TR-277,LBY,ALJULAN,الجولان,1|2,Primary|Preparatory,public,Libya,Tajura' wa an Nawahi al Arba,,,,,,32.87966,13.22397,official_emis,exact,open
LBY_001116,NA-064,LBY,ALJWSH ALMRKZIH,الجوش المركزية,1|2,Primary|Preparatory,public,Libya,Ghadamis,,,,,,32.0005,11.66679,official_emis,exact,open
LBY_001117,NA-063,LBY,ALJWSH ALSHRGIH,الجوش الشرقية,1|2,Primary|Preparatory,public,Libya,Ghadamis,,,,,,31.99973,11.67616,official_emis,exact,open
LBY_001118,MU-223,LBY,ALKADESA,القادسية,1,Primary,public,Libya,Al Marqab,,,,,,32.37978,14.62534,official_emis,exact,open
LBY_001119,JA-063,LBY,ALKADHRA,الخضراء,1|2,Primary|Preparatory,public,Libya,Az Zawiyah,,,,,,32.67875,12.9429,official_emis,exact,open
LBY_001120,WM-389,LBY,ALKADSIA,القلدسية,1|2,Primary|Preparatory,public,Libya,Mizdah,,,,,,31.98517,12.11875,official_emis,exact,open
LBY_001121,SA-025,LBY,ALKAHERA,القاهرة,2|3,Preparatory|Secondary (Engineering Sciences),public,Libya,Sabha,,,,,,27.02301,14.45612,official_emis,exact,open
LBY_001122,JA-060,LBY,ALKALA ASENAEYA,القلعة الصناغية,1|2,Primary|Preparatory,public,Libya,Az Zawiyah,,,,,,32.7335,13.07806,official_emis,exact,open
LBY_001123,GM-005,LBY,ALKALAA,القلعه,1,Primary,public,Libya,Al Jabal al Akhdar,,,,,,32.7961,21.6926,official_emis,exact,open
LBY_001124,MU-043,LBY,ALKALAA ASAMEDA,القلعه الصامده,1|2,Primary|Preparatory,public,Libya,Misratah,,,,,,32.40132,15.03248,official_emis,exact,open
LBY_001125,BI-258,LBY,ALKALEDAT,الخالدات,3,Secondary (Economic Sciences),public,Libya,Benghazi,,,,,,32.11072,20.07742,official_emis,exact,closed_temporary
LBY_001126,MI-385,LBY,ALKALEEJ ALARABE,الخليج العربي,1|2,Primary|Preparatory,public,Libya,Al Marqab,,,,,,32.59421,13.78663,official_emis,exact,open
LBY_001127,TR-465,LBY,ALKALEEL,الخليل,1|2,Primary|Preparatory,public,Libya,Tajura' wa an Nawahi al Arba,,,,,,32.83922,13.24219,official_emis,exact,open
LBY_001128,MU-198,LBY,ALKALM,القلم,1|2,Primary|Preparatory,public,Libya,Misratah,,,,,,32.27283,15.10871,official_emis,exact,open
LBY_001129,DA-152,LBY,ALKANSA,الخنساء,1,Primary,public,Libya,Al Qubbah,,,,,,32.75165,22.65343,official_emis,exact,open
LBY_001130,DA-041,LBY,ALKANSA,الخنساء,1|2,Primary|Preparatory,public,Libya,Al Qubbah,,,,,,32.75165,22.65343,official_emis,exact,open
LBY_001131,TR-162,LBY,ALKANSA SCHOOL,الخنساء,2,Preparatory,public,Libya,Tajura' wa an Nawahi al Arba,,,,,,32.89148,13.1757,official_emis,exact,open
LBY_001132,TU-110,LBY,ALKARA ALEDADEA,القعرة الاعدادية,1|2,Primary|Preparatory,public,Libya,Al Butnan,,,,,,31.85133,24.33791,official_emis,exact,open
LBY_001133,KU-103,LBY,ALKARAM,الكرامة,1|2,Primary|Preparatory,public,Libya,An Nuqat al Khams,,,,,,32.68069,12.31303,official_emis,exact,closed_temporary
LBY_001134,NA-007,LBY,ALKARAMA,الكرامة,1|2,Primary|Preparatory,public,Libya,Al Jifarah,,,,,,32.6379,12.95328,official_emis,exact,open
LBY_001135,SA-081,LBY,ALKARAMA,الكرامه,1,Primary,public,Libya,Sabha,,,,,,27.01126,14.44816,official_emis,exact,closed_temporary
LBY_001136,MI-014,LBY,ALKARAMA,الكرامة,1|2,Primary|Preparatory,public,Libya,Al Marqab,,,,,,32.30112,13.30876,official_emis,exact,open
LBY_001137,AJ-010,LBY,ALKARAMA,الكرامة,1|2,Primary|Preparatory,public,Libya,Ajdabiya,,,,,,30.74923,20.21653,official_emis,exact,open
LBY_001138,TR-043,LBY,ALKARAMA,الكرامة,1|2,Primary|Preparatory,public,Libya,Az Zawiyah,,,,,,32.85582,13.09567,official_emis,exact,open
LBY_001139,MI-201,LBY,ALKARAMA,الكرامة,1|2,Primary|Preparatory,public,Libya,Al Marqab,,,,,,32.46295,14.55282,official_emis,exact,closed_temporary
LBY_001140,SA-008,LBY,ALKARAMA,الكزامه,1,Primary,public,Libya,Sabha,,,,,,27.01126,14.44816,official_emis,exact,closed_temporary
LBY_001141,WM-036,LBY,ALKARAMA,الكرامه,1|2,Primary|Preparatory,public,Libya,Mizdah,,,,,,32.08372,13.01995,official_emis,exact,open
LBY_001142,MU-064,LBY,ALKARAMA,الكرامة,1|2,Primary|Preparatory,public,Libya,Misratah,,,,,,32.36876,15.09242,official_emis,exact,open
LBY_001143,KU-250,LBY,ALKARAMA,الكرامه للعلوم الاساسيه,3,Secondary (Medical Sciences)|Secondary (Engineering Sciences),public,Libya,An Nuqat al Khams,,,,,,32.75905,12.50107,official_emis,exact,closed_temporary
LBY_001144,NA-122,LBY,ALKARAMA,الكرامة,3,Secondary (Engineering Sciences)|Secondary (Economic Sciences),public,Libya,Ghadamis,,,,,,32.00747,11.35291,official_emis,exact,open
LBY_001145,WS-040,LBY,ALKARAMA,الكرامه,1|2,Primary|Preparatory,public,Libya,Ash Shati',,,,,,27.5286,13.91191,official_emis,exact,open
LBY_001146,SI-049,LBY,ALKARAMA,الكرامه,3,Secondary (Medical Sciences)|Secondary (Economic Sciences),public,Libya,Misratah,,,,,,31.45336,15.25192,official_emis,exact,open
LBY_001147,DA-084,LBY,ALKARAMA,الكرامه,1,Primary,public,Libya,Al Qubbah,,,,,,32.76061,22.24791,official_emis,exact,open
LBY_001148,MI-088,LBY,ALKARAWA,الكراوه,1|2,Primary|Preparatory,public,Libya,Al Marqab,,,,,,32.573,13.82948,official_emis,exact,open
LBY_001149,WM-065,LBY,ALKARDABEYA,القرضابية,1|2,Primary|Preparatory,public,Libya,Mizdah,,,,,,32.17908,13.08085,official_emis,exact,open
LBY_001150,WM-314,LBY,ALKARDOON,الكردون,1|2,Primary|Preparatory,public,Libya,Mizdah,,,,,,31.93111,12.21981,official_emis,exact,open
LBY_001151,GM-031,LBY,ALKAREKA,الغريقة,1|2,Primary|Preparatory,public,Libya,Al Jabal al Akhdar,,,,,,32.71822,21.79934,official_emis,exact,closed_temporary
LBY_001152,JA-034,LBY,ALKARIMA,الكرامة,1|2,Primary|Preparatory,public,Libya,Al Marqab,,,,,,32.38035,13.90026,official_emis,exact,open
LBY_001153,NA-020,LBY,ALKASER,القصر,2,Preparatory,public,Libya,Ghadamis,,,,,,31.86296,10.98263,official_emis,exact,open
LBY_001154,TR-532,LBY,ALKATAB SCHOOL,الخطاب,1,Primary,public,Libya,Tajura' wa an Nawahi al Arba,,,,,,32.88239,13.34566,official_emis,exact,open
LBY_001155,KU-019,LBY,ALKATATBA ALCHMALEAA,الخطاطبه الشماليه,1|2,Primary|Preparatory,public,Libya,An Nuqat al Khams,,,,,,32.76011,12.5001,official_emis,exact,closed_temporary
LBY_001156,KU-017,LBY,ALKATATBA ALJNOBEEA,الخطاطبه الجنوبيه,1|2,Primary|Preparatory,public,Libya,An Nuqat al Khams,,,,,,32.73735,12.51583,official_emis,exact,open
LBY_001157,MI-259,LBY,ALKAWALEK,الخوالق,1|2,Primary|Preparatory,public,Libya,Tajura' wa an Nawahi al Arba,,,,,,32.65103,13.56951,official_emis,exact,open
LBY_001158,BI-499,LBY,ALKAWAMEA ALARABE,القومية العربية,1,Primary,public,Libya,Benghazi,,,,,,32.13602,20.07618,official_emis,exact,open
LBY_001159,BI-224,LBY,ALKAWAMEA ALARABE,القومية العربية,1,Primary,public,Libya,Benghazi,,,,,,32.13602,20.07618,official_emis,exact,open
LBY_001160,WS-036,LBY,ALKAWAREZME,الخوارزمي,1|2,Primary|Preparatory,public,Libya,Ash Shati',,,,,,27.49122,13.97117,official_emis,exact,open
LBY_001161,ZA-161,LBY,ALKAWMEA ALARABEA,القوميه العربيه,1|2,Primary|Preparatory,public,Libya,Az Zawiyah,,,,,,32.7328,12.65864,official_emis,exact,closed_temporary
LBY_001162,TR-029,LBY,ALKDER SCHOOL,الغدير,1|2,Primary|Preparatory,public,Libya,Az Zawiyah,,,,,,32.81715,13.09809,official_emis,exact,open
LBY_001163,SI-047,LBY,ALKEDAHEYA,القداحيه,3,Secondary (Medical Sciences)|Secondary (Engineering Sciences)|Secondary (Economic Sciences),public,Libya,Misratah,,,,,,31.36445,15.24101,official_emis,exact,open
LBY_001164,WM-037,LBY,ALKEEFAH,الكفاح,1|2,Primary|Preparatory,public,Libya,Mizdah,,,,,,32.09348,13.01475,official_emis,exact,open
LBY_001165,TR-503,LBY,ALKEFAA ALARABE,الكفاح العربي,1,Primary,public,Libya,Tajura' wa an Nawahi al Arba,,,,,,32.88038,13.3079,official_emis,exact,open
LBY_001166,WM-315,LBY,ALKEFAH,الكفاح,3,Secondary (Medical Sciences),public,Libya,Mizdah,,,,,,31.94766,12.24304,official_emis,exact,open
LBY_001167,MI-358,LBY,ALKEFAH,الكفاح,1|2,Primary|Preparatory,public,Libya,Al Marqab,,,,,,32.30254,13.89769,official_emis,exact,open
LBY_001168,TR-044,LBY,ALKEFAH,الكفاح,1|2,Primary|Preparatory,public,Libya,Tajura' wa an Nawahi al Arba,,,,,,32.86001,13.11046,official_emis,exact,open
LBY_001169,WM-408,LBY,ALKEFAH,الكفاح,2,Preparatory,public,Libya,Mizdah,,,,,,31.94766,12.24304,official_emis,exact,open
LBY_001170,MA-071,LBY,ALKEFAH,الكفاح,1|2,Primary|Preparatory,public,Libya,Al Marj,,,,,,32.49383,20.70801,official_emis,exact,open
LBY_001171,MI-422,LBY,ALKETABA,الخطاب,1|2,Primary|Preparatory,public,Libya,Al Marqab,,,,,,32.60887,14.19101,official_emis,exact,open
LBY_001172,MI-271,LBY,ALKFAH,الكفاح,1|2,Primary|Preparatory,public,Libya,Tajura' wa an Nawahi al Arba,,,,,,32.68089,13.74951,official_emis,exact,open
LBY_001173,DA-012,LBY,ALKFH,الكفاح,1|2,Primary|Preparatory,public,Libya,Al Qubbah,,,,,,32.76068,22.62706,official_emis,exact,open
LBY_001174,TU-088,LBY,ALKHABIRY,الخبيري,1|2,Primary|Preparatory,public,Libya,Al Butnan,,,,,,31.99883,24.70898,official_emis,exact,open
LBY_001175,DA-104,LBY,ALKHADESEYA,القادسية الثانوية,3,Secondary (Medical Sciences)|Secondary (Engineering Sciences)|Secondary (Economic Sciences),public,Libya,Al Qubbah,,,,,,32.511,23.00505,official_emis,exact,open
LBY_001176,MI-353,LBY,ALKHANDAQ,الخندق,1|2,Primary|Preparatory,public,Libya,Al Marqab,,,,,,32.48358,13.77113,official_emis,exact,open
LBY_001177,ZA-106,LBY,ALKHANSA,الخنساء,1|2,Primary|Preparatory,public,Libya,Az Zawiyah,,,,,,32.77658,12.57998,official_emis,exact,closed_temporary
LBY_001178,GM-206,LBY,ALKHANSA,الخنساء,1,Primary,public,Libya,Al Jabal al Akhdar,,,,,,32.75613,21.7438,official_emis,exact,open
LBY_001179,GM-037,LBY,ALKHANSA,الخنساء,1,Primary,public,Libya,Al Jabal al Akhdar,,,,,,32.75613,21.7438,official_emis,exact,open
LBY_001180,WM-307,LBY,ALKHANSA,الخنساء,1|2,Primary|Preparatory,public,Libya,Mizdah,,,,,,31.9313,12.24417,official_emis,exact,open
LBY_001181,JU-019,LBY,ALKHANSA,الخنساء,2,Preparatory,public,Libya,Al Jufrah,,,,,,29.17247,16.15863,official_emis,exact,open
LBY_001182,WH-015,LBY,ALKHARAYEQ,الخرائق,1|2,Primary|Preparatory,public,Libya,Wadi al Hayaa,,,,,,26.56017,13.18023,official_emis,exact,open
LBY_001183,JA-172,LBY,ALKHAROBA,الخروبة,1|2,Primary|Preparatory,public,Libya,Al Marqab,,,,,,32.46312,14.49406,official_emis,exact,open
LBY_001184,JA-140,LBY,ALKHAWAREZMEY,الخوارزمي,1|2,Primary|Preparatory,public,Libya,Tajura' wa an Nawahi al Arba,,,,,,32.64423,13.16604,official_emis,exact,closed_temporary
LBY_001185,TR-488,LBY,ALKHDRA,الخضراء,1|2,Primary|Preparatory,public,Libya,Tajura' wa an Nawahi al Arba,,,,,,32.64631,13.6666,official_emis,exact,open
LBY_001186,TU-014,LBY,ALKHN,الخنساء,1|2,Primary|Preparatory,public,Libya,Al Butnan,,,,,,32.08329,23.97877,official_emis,exact,open
LBY_001187,SA-046,LBY,ALKHNSA,الخنساء,3,Secondary (Medical Sciences),public,Libya,Sabha,,,,,,27.04143,14.43089,official_emis,exact,open
LBY_001188,WM-061,LBY,ALKHNSA,الخنساء,1|2,Primary|Preparatory,public,Libya,Mizdah,,,,,,32.18376,13.07878,official_emis,exact,open
LBY_001189,WS-009,LBY,ALKHNSAA,الخنساء,1|2,Primary|Preparatory,public,Libya,Ash Shati',,,,,,27.54771,14.27608,official_emis,exact,open
LBY_001190,BI-201,LBY,ALKHNSAA,الخنساء,3,Secondary (Medical Sciences),public,Libya,Benghazi,,,,,,32.074098,20.079069,official_emis,exact,open
LBY_001191,MA-128,LBY,ALKHNSI,الخنساء,1|2,Primary|Preparatory,public,Libya,Al Marj,,,,,,32.05552,20.81246,official_emis,exact,open
LBY_001192,GM-016,LBY,ALKHOLOD,الخلود,1|2,Primary|Preparatory,public,Libya,Al Jabal al Akhdar,,,,,,32.76112,21.73405,official_emis,exact,open
LBY_001193,GM-191,LBY,ALKHOLOD,الخلود,1,Primary,public,Libya,Al Jabal al Akhdar,,,,,,32.76112,21.73405,official_emis,exact,open
LBY_001194,SI-072,LBY,ALKHOLOD,الخلود,1|2,Primary|Preparatory,public,Libya,Surt,,,,,,31.20786,16.57284,official_emis,exact,open
LBY_001195,KU-126,LBY,ALKHOLOD,الخلود,1|2,Primary|Preparatory,public,Libya,An Nuqat al Khams,,,,,,32.7678,12.26341,official_emis,exact,open
LBY_001196,MU-421,LBY,ALKHRMANE,الخرمانى,2,Preparatory,public,Libya,Al Marqab,,,,,,32.47704,14.55784,official_emis,exact,open
LBY_001197,TU-078,LBY,ALKHSHEBAT,الخشيبات,1|2,Primary|Preparatory,public,Libya,Al Butnan,,,,,,31.73614,24.84025,official_emis,exact,open
LBY_001198,TR-195,LBY,ALKHWAREZME,الخوارزمى,1,Primary,public,Libya,Tajura' wa an Nawahi al Arba,,,,,,32.88272,13.20471,official_emis,exact,open
LBY_001199,GM-081,LBY,ALKHWEMAT ALASASEYA,الخويمات الاساسية,1|2,Primary|Preparatory,public,Libya,Al Marj,,,,,,32.00059,21.53225,official_emis,exact,open
LBY_001200,KU-084,LBY,ALKITAB ALAKHDER,الكتاب الاخضر,1|2,Primary|Preparatory,public,Libya,An Nuqat al Khams,,,,,,32.65319,12.40239,official_emis,exact,closed_temporary
LBY_001201,WM-066,LBY,ALKMISHAT,الكميشات,1|2,Primary|Preparatory,public,Libya,Mizdah,,,,,,32.13692,13.11174,official_emis,exact,open
LBY_001202,KU-083,LBY,ALKODAS,القدس,1|2,Primary|Preparatory,public,Libya,An Nuqat al Khams,,,,,,32.77281,12.35439,official_emis,exact,open
LBY_001203,ZA-034,LBY,ALKODES,القدس,1|2|3,Primary|Preparatory|Secondary (Medical Sciences),public,Libya,Az Zawiyah,,,,,,32.60456,12.68691,official_emis,exact,closed_temporary
LBY_001204,WM-375,LBY,ALKODES,القدس,1|2,Primary|Preparatory,public,Libya,Mizdah,,,,,,32.03354,12.55433,official_emis,exact,open
LBY_001205,NA-067,LBY,ALKOLOD,الخلود,1|2,Primary|Preparatory,public,Libya,Ghadamis,,,,,,31.82652,11.33892,official_emis,exact,open
LBY_001206,MI-549,LBY,ALKOMES ALMARKAZEYA,الخمس المركزيه,1|2,Primary|Preparatory,public,Libya,Al Marqab,,,,,,32.64663,14.2635,official_emis,exact,open
LBY_001207,MI-525,LBY,ALKOMES ALMARKAZEYA,الخمس المركزيه,3,Secondary (Medical Sciences),public,Libya,Al Marqab,,,,,,32.64663,14.2635,official_emis,exact,open
LBY_001208,SA-026,LBY,ALKORDABE,القرضابية,1,Primary,public,Libya,Sabha,,,,,,27.02695,14.43263,official_emis,exact,open
LBY_001209,WM-390,LBY,ALKRAMA,الكرامة,1|2,Primary|Preparatory,public,Libya,Mizdah,,,,,,31.96178,12.13306,official_emis,exact,open
LBY_001210,BI-503,LBY,ALKRAMA,الكرامة,1,Primary,public,Libya,Benghazi,,,,,,32.10858,20.089475,official_emis,exact,open
LBY_001211,NA-006,LBY,ALKRAMA,الكرامة,1|2,Primary|Preparatory,public,Libya,Ghadamis,,,,,,31.86443,11.58154,official_emis,exact,open
LBY_001212,BI-241,LBY,ALKRAMA,الكرامة,1|2,Primary|Preparatory,public,Libya,Benghazi,,,,,,32.10858,20.089475,official_emis,exact,open
LBY_001213,KU-193,LBY,ALKRAMH,الكرامه,1|2,Primary|Preparatory,public,Libya,An Nuqat al Khams,,,,,,32.83985,12.03977,official_emis,exact,closed_temporary
LBY_001214,ZA-163,LBY,ALKRAMH,الكرامة,1|2,Primary|Preparatory,public,Libya,Az Zawiyah,,,,,,32.78266,12.6723,official_emis,exact,open
LBY_001215,GM-047,LBY,ALKRAMT,الكرامة,1|2,Primary|Preparatory,public,Libya,Al Jabal al Akhdar,,,,,,32.73875,21.7079,official_emis,exact,open
LBY_001216,WM-134,LBY,ALKRAMT,الكرامة,1|2,Primary|Preparatory,public,Libya,Mizdah,,,,,,32.01348,12.87214,official_emis,exact,open
LBY_001217,KO-006,LBY,ALKRAMT,الكرامة,1|2,Primary|Preparatory,public,Libya,Al Kufrah,,,,,,24.18155,23.27099,official_emis,exact,open
LBY_001218,MI-160,LBY,ALKRARTA,الكرارته,1|2,Primary|Preparatory,public,Libya,Al Marqab,,,,,,32.59633,13.94264,official_emis,exact,open
LBY_001219,MI-268,LBY,ALKRAWA,الكراوة.,1,Primary,public,Libya,Tajura' wa an Nawahi al Arba,,,,,,32.75166,13.79643,official_emis,exact,open
LBY_001220,JA-066,LBY,ALKRIMIA ALMRKZIA,الكريمية المركزية,1|2,Primary|Preparatory,public,Libya,Az Zawiyah,,,,,,32.76282,13.09255,official_emis,exact,open
LBY_001221,JA-067,LBY,ALKRIMIA ATANAWIA,الكريمية الثانوية,3,Secondary (Medical Sciences)|Secondary (Engineering Sciences)|Secondary (Economic Sciences),public,Libya,Az Zawiyah,,,,,,32.75737,13.09318,official_emis,exact,open
LBY_001222,MI-414,LBY,ALKRIMT,الكرامة,1,Primary,public,Libya,Al Marqab,,,,,,32.67254,14.17793,official_emis,exact,open
LBY_001223,MI-166,LBY,ALKRKASHIT,القرقاشية,1|2,Primary|Preparatory,public,Libya,Al Marqab,,,,,,32.56909,13.9174,official_emis,exact,open
LBY_001224,JA-277,LBY,ALKTAB ALAKDER,الكياب الاخضر,1|2,Primary|Preparatory,public,Libya,Al Jifarah,,,,,,32.62584,13.07569,official_emis,exact,open
LBY_001225,SA-009,LBY,ALKURDA,القرضة,1,Primary,public,Libya,Sabha,,,,,,27.02647,14.4332,official_emis,exact,open
LBY_001226,SA-082,LBY,ALKURDA,القرضة,1,Primary,public,Libya,Sabha,,,,,,27.02647,14.4332,official_emis,exact,open
LBY_001227,JU-007,LBY,ALKUSIR,القصير,1,Primary,public,Libya,Al Jufrah,,,,,,29.08492,15.93867,official_emis,exact,open
LBY_001228,BI-143,LBY,ALKWIBIA,الخويبية,1|2,Primary|Preparatory,public,Libya,Benghazi,,,,,,32.012956,20.085836,official_emis,exact,closed_temporary
LBY_001229,BI-480,LBY,ALKWIBIA,الخويبية,1,Primary,public,Libya,Benghazi,,,,,,32.012956,20.085836,official_emis,exact,open
LBY_001230,KU-012,LBY,ALKWT ALAPTEDAEIT,الغوط الابتدائيه,1,Primary,public,Libya,An Nuqat al Khams,,,,,,32.78026,12.40362,official_emis,exact,closed_temporary
LBY_001231,MI-216,LBY,ALLAFEYA,اللافيه,1|2,Primary|Preparatory,public,Libya,Al Marqab,,,,,,32.37661,13.94845,official_emis,exact,open
LBY_001232,WH-007,LBY,ALMA'REFA,المعرفة,3,Secondary (Economic Sciences),public,Libya,Wadi al Hayaa,,,,,,26.5923,12.7798,official_emis,exact,open
LBY_001233,SI-034,LBY,ALMAALEM ALKALDA,المعالم الخالدة,1|2,Primary|Preparatory,public,Libya,Misratah,,,,,,31.45443,15.25251,official_emis,exact,open
LBY_001234,MA-098,LBY,ALMABNE,المبني,1|2,Primary|Preparatory,public,Libya,Benghazi,,,,,,32.42928,20.45004,official_emis,exact,open
LBY_001235,JA-256,LBY,ALMADENA ALGADEDA,المدينة الجديدة,1|2,Primary|Preparatory,public,Libya,Tajura' wa an Nawahi al Arba,,,,,,32.57415,13.27942,official_emis,exact,open
LBY_001236,KU-029,LBY,ALMADINA,المدينة,1|2,Primary|Preparatory,public,Libya,An Nuqat al Khams,,,,,,32.78659,12.49435,official_emis,exact,closed_temporary
LBY_001237,GM-194,LBY,ALMAGD,المجد,1,Primary,public,Libya,Al Jabal al Akhdar,,,,,,32.76674,21.77134,official_emis,exact,open
LBY_001238,GM-020,LBY,ALMAGD,المجد,1|2,Primary|Preparatory,public,Libya,Al Jabal al Akhdar,,,,,,32.76674,21.77134,official_emis,exact,open
LBY_001239,AJ-086,LBY,ALMAGED,المجد,1|2,Primary|Preparatory,public,Libya,Ajdabiya,,,,,,30.48647,19.72256,official_emis,exact,open
LBY_001240,TR-285,LBY,ALMAGED,المجد,1|2,Primary|Preparatory,public,Libya,Tajura' wa an Nawahi al Arba,,,,,,32.85678,13.24705,official_emis,exact,open
LBY_001241,MI-253,LBY,ALMAGREB AL ARABE,المغرب العربي,1|2,Primary|Preparatory,public,Libya,Tajura' wa an Nawahi al Arba,,,,,,32.75651,13.72964,official_emis,exact,open
LBY_001242,ZA-040,LBY,ALMAHDEY BEN BARIKA,المهدي بن بركة,1|2,Primary|Preparatory,public,Libya,Az Zawiyah,,,,,,32.71607,12.70755,official_emis,exact,closed_temporary
LBY_001243,SA-088,LBY,ALMAHDIA,المهدية,1,Primary,public,Libya,Sabha,,,,,,27.04134,14.43446,official_emis,exact,open
LBY_001244,SA-022,LBY,ALMAHDIA,المهدية,1|2,Primary|Preparatory,public,Libya,Sabha,,,,,,27.04134,14.43446,official_emis,exact,open
LBY_001245,MU-164,LBY,ALMAHJOB ALMARKAZIA,المحجوب المركزية,1|2,Primary|Preparatory,public,Libya,Misratah,,,,,,32.38728,14.96911,official_emis,exact,open
LBY_001246,JA-097,LBY,ALMAIA ALMARKAZEA,المايه المركزيه,1|2,Primary|Preparatory,public,Libya,Al Marqab,,,,,,32.48386,14.47059,official_emis,exact,open
LBY_001247,MI-294,LBY,ALMAJAD,المجد,1|2,Primary|Preparatory,public,Libya,Tajura' wa an Nawahi al Arba,,,,,,32.75789,13.60643,official_emis,exact,open
LBY_001248,BI-264,LBY,ALMAJAHAD,المجاهد,2,Preparatory,public,Libya,Ajdabiya,,,,,,30.766431,20.214923,official_emis,exact,open
LBY_001249,NA-024,LBY,ALMAJD,المجد,1|2,Primary|Preparatory,public,Libya,Ghadamis,,,,,,31.87587,10.97465,official_emis,exact,open
LBY_001250,WS-025,LBY,ALMAJED,الخلود,1|2,Primary|Preparatory,public,Libya,Ash Shati',,,,,,27.57333,14.20386,official_emis,exact,open
LBY_001251,WS-024,LBY,ALMAJED,المجد,1|2,Primary|Preparatory,public,Libya,Ash Shati',,,,,,27.57055,14.21895,official_emis,exact,open
LBY_001252,SI-078,LBY,ALMAJED,المجد,1|2,Primary|Preparatory,public,Libya,Surt,,,,,,31.2018,16.58655,official_emis,exact,open
LBY_001253,MI-029,LBY,ALMAJED,المجد,1|2,Primary|Preparatory,public,Libya,Al Marqab,,,,,,32.31668,13.57498,official_emis,exact,open
LBY_001254,TU-012,LBY,ALMAJED,المجد,1|2,Primary|Preparatory,public,Libya,,,,,,,32.08185,23.9853,official_emis,exact,open
LBY_001255,MA-221,LBY,ALMAJED,المجد,1,Primary,public,Libya,Al Marj,,,,,,32.18125,20.59511,official_emis,exact,open
LBY_001256,ZA-164,LBY,ALMAJED,المجد,1|2,Primary|Preparatory,public,Libya,Az Zawiyah,,,,,,32.62088,12.57402,official_emis,exact,closed_temporary
LBY_001257,DA-095,LBY,ALMAJED ALTAKHASOSEYA,المجد التخصصية,3,Secondary (Engineering Sciences)|Secondary (Economic Sciences),public,Libya,Al Qubbah,,,,,,32.71951,22.02206,official_emis,exact,open
LBY_001258,TR-558,LBY,ALMAJED ALTANAWEYA,المجد الثانوية,3,Secondary (Medical Sciences)|Secondary (Economic Sciences),public,Libya,Tajura' wa an Nawahi al Arba,,,,,,32.85697,13.24897,official_emis,exact,open
LBY_001259,JA-198,LBY,ALMAJED ALTANAWEYA,المجد الثانوية,3,Secondary (Economic Sciences),public,Libya,Al Jifarah,,,,,,32.67755,13.01918,official_emis,exact,open
LBY_001260,BI-093,LBY,ALMAKZHA,المقزحة,1|2|3,Primary|Preparatory|Secondary (Economic Sciences),public,Libya,Al Marj,,,,,,31.95208,20.34176,official_emis,exact,open
LBY_001261,TR-570,LBY,ALMAL ALKDAR,الامل الأخضر سابقا,1|2,Primary|Preparatory,public,Libya,Tajura' wa an Nawahi al Arba,,,,,,32.86605,13.14599,official_emis,exact,open
LBY_001262,JA-190,LBY,ALMAMORA,المعمورة الثانوية,3,Secondary (Medical Sciences),public,Libya,Al Marqab,,,,,,32.49351,14.46433,official_emis,exact,open
LBY_001263,MI-134,LBY,ALMAMORA,المعمورة,1|2,Primary|Preparatory,public,Libya,Al Marqab,,,,,,32.46693,14.06213,official_emis,exact,closed_temporary
LBY_001264,WM-261,LBY,ALMAMORA,المعمورة,1|2,Primary|Preparatory,public,Libya,Mizdah,,,,,,32.02008,12.57158,official_emis,exact,open
LBY_001265,MA-073,LBY,ALMANAR,المنار,1|2,Primary|Preparatory,public,Libya,Al Marj,,,,,,32.54191,20.79689,official_emis,exact,open
LBY_001266,ZA-166,LBY,ALMANAR,المنار للتعليم الأساسي,1|2,Primary|Preparatory,public,Libya,Az Zawiyah,,,,,,32.78925,12.68289,official_emis,exact,closed_temporary
LBY_001267,KU-140,LBY,ALMANAR,المنار,1|2,Primary|Preparatory,public,Libya,An Nuqat al Khams,,,,,,32.70287,12.2769,official_emis,exact,open
LBY_001268,MI-483,LBY,ALMANAR,المنار,1|2,Primary|Preparatory,public,Libya,Al Marqab,,,,,,32.65303,14.26896,official_emis,exact,open
LBY_001269,SA-027,LBY,ALMANAR,المنار,3,Secondary (Engineering Sciences)|Secondary (Economic Sciences),public,Libya,Sabha,,,,,,27.04295,14.41613,official_emis,exact,open
LBY_001270,TU-049,LBY,ALMANAR ALEADADEYA,المنار الاعدادية,1|2,Primary|Preparatory,public,Libya,Al Butnan,,,,,,32.08412,23.98528,official_emis,exact,open
LBY_001271,BI-082,LBY,ALMANARA,المنارة,1,Primary,public,Libya,Benghazi,,,,,,32.11719,20.12528,official_emis,exact,open
LBY_001272,MU-121,LBY,ALMANARA ALTANAWEYA,المنارة التانوية,3,Secondary (Engineering Sciences),public,Libya,Misratah,,,,,,32.37239,15.21074,official_emis,exact,open
LBY_001273,NA-051,LBY,ALMANARAH WAZEN,المناره وازن,1|2,Primary|Preparatory,public,Libya,Ghadamis,,,,,,31.94177,10.66334,official_emis,exact,open
LBY_001274,TR-030,LBY,ALMANHEL,المنهل,1|2,Primary|Preparatory,public,Libya,Az Zawiyah,,,,,,32.80117,13.08117,official_emis,exact,open
LBY_001275,SA-005,LBY,ALMANSHEYA,المنشيه,2|3,Preparatory|Secondary (Medical Sciences),public,Libya,Sabha,,,,,,27.03657,14.42407,official_emis,exact,open
LBY_001276,TR-264,LBY,ALMANSOORA,المنصوره,1|2,Primary|Preparatory,public,Libya,Tajura' wa an Nawahi al Arba,,,,,,32.89048,13.24383,official_emis,exact,open
LBY_001277,GM-109,LBY,ALMANSORA,المنصورة,1|2,Primary|Preparatory,public,Libya,Al Jabal al Akhdar,,,,,,32.83491,21.84201,official_emis,exact,closed_temporary
LBY_001278,TR-170,LBY,ALMANSORA,المنصورة,1,Primary,public,Libya,Tajura' wa an Nawahi al Arba,,,,,,32.87883,13.16592,official_emis,exact,closed_temporary
LBY_001279,BI-083,LBY,ALMAQRON LELBANAT,المقرون للبنات,1|2,Primary|Preparatory,public,Libya,Benghazi,,,,,,31.44272,20.15084,official_emis,exact,closed_temporary
LBY_001280,MA-037,LBY,ALMARAHOM KAHLD EDARES,المرحوم خالد ادريس,2|3,Preparatory|Secondary (Medical Sciences),public,Libya,Benghazi,,,,,,32.4614,20.48873,official_emis,exact,open
LBY_001281,JA-154,LBY,ALMARAZIG,المرازيق,3,Secondary (Medical Sciences)|Secondary (Economic Sciences),public,Libya,Tajura' wa an Nawahi al Arba,,,,,,32.61668,13.21645,official_emis,exact,closed_temporary
LBY_001282,SI-040,LBY,ALMAREFA,المعرفه,1|2,Primary|Preparatory,public,Libya,Al Kufrah,,,,,,25.67267,21.0684,official_emis,exact,open
LBY_001283,JA-252,LBY,ALMAREFA,المعرفه,1|2,Primary|Preparatory,public,Libya,Tajura' wa an Nawahi al Arba,,,,,,32.59062,13.34034,official_emis,exact,open
LBY_001284,MI-024,LBY,ALMAREFA,المعرفه,1,Primary,public,Libya,Al Marqab,,,,,,32.33502,13.47898,official_emis,exact,open
LBY_001285,WS-067,LBY,ALMAREFA,المعرفة,3,Secondary (Medical Sciences)|Secondary (Engineering Sciences)|Secondary (Economic Sciences),public,Libya,Ash Shati',,,,,,27.57689,14.19194,official_emis,exact,open
LBY_001286,MA-176,LBY,ALMAREFA ALELMEYA,المعرفه العلميه,1,Primary,public,Libya,Al Marj,,,,,,32.49765,20.83173,official_emis,exact,closed_temporary
LBY_001287,MI-526,LBY,ALMARGEB,المرقب,3,Secondary (Economic Sciences),public,Libya,Al Marqab,,,,,,32.64624,14.25444,official_emis,exact,open
LBY_001288,MA-165,LBY,ALMARHOM ABD ALFATAH FRHAT,المرحوم عبدالفتاح فرحات,3,Secondary (Economic Sciences),public,Libya,Al Marj,,,,,,32.19061,20.60209,official_emis,exact,open
LBY_001289,MA-025,LBY,ALMARHOM EBRAHEM BKAR,المرحوم ابراهيم بكار,1|2,Primary|Preparatory,public,Libya,Al Marj,,,,,,32.4224,20.61344,official_emis,exact,open
LBY_001290,MA-100,LBY,ALMARHOM FADEL ALLAH ALI SHAMA,المرحوم فضل الله علي شمة,1|2,Primary|Preparatory,public,Libya,Al Marj,,,,,,32.30542,20.43878,official_emis,exact,open
LBY_001291,MA-162,LBY,ALMARHOM FARAG ABDELHAMED,المرحوم فرج عبدالحميد,3,Secondary (Medical Sciences)|Secondary (Economic Sciences),public,Libya,Benghazi,,,,,,32.34542,20.30611,official_emis,exact,open
LBY_001292,WM-189,LBY,ALMARHOM KHALEFA AHMAD,المرحوم خليفة احمد,3,Secondary (Medical Sciences)|Secondary (Engineering Sciences),public,Libya,Mizdah,,,,,,32.06703,12.69306,official_emis,exact,open
LBY_001293,MA-138,LBY,ALMARHOOM ABD ALNABE ALMZEENE,المرحوم عبدالنبي المزيني,2|3,Preparatory|Secondary (Medical Sciences),public,Libya,Al Marj,,,,,,32.56399,21.25529,official_emis,exact,open
LBY_001294,MA-033,LBY,ALMARHOOM ABDALFTAH KARLAR,المرحوم عبدالفتاح كركار,1,Primary,public,Libya,Benghazi,,,,,,32.49375,20.52512,official_emis,exact,open
LBY_001295,MA-137,LBY,ALMARHOUM ALI ALSHARAE,المرحوم علي الشرع,1|2,Primary|Preparatory,public,Libya,Benghazi,,,,,,31.57913,21.01017,official_emis,exact,open
LBY_001296,BI-197,LBY,ALMARHOUM EMRAJEA ALBARGHANEY,المرحوم امراجع المرغني,1|2,Primary|Preparatory,public,Libya,Benghazi,,,,,,32.06894,20.098836,official_emis,exact,open
LBY_001297,JA-086,LBY,ALMARIFFA,المعرفة,1|2,Primary|Preparatory,public,Libya,Al Marqab,,,,,,32.35602,13.38584,official_emis,exact,open
LBY_001298,SA-055,LBY,ALMARKAZIA SABHA,سبها المركزية,1,Primary,public,Libya,Sabha,,,,,,27.03336,14.43759,official_emis,exact,open
LBY_001299,JA-025,LBY,ALMASERA ALKADRA,المسيرة الخضراء,2,Preparatory,public,Libya,Al Marqab,,,,,,32.20657,13.54328,official_emis,exact,closed_temporary
LBY_001300,MA-101,LBY,ALMASERA ALKHADRA,المسيرة الخضراء,1|2,Primary|Preparatory,public,Libya,Benghazi,,,,,,32.31881,20.38846,official_emis,exact,open
LBY_001301,ZA-039,LBY,ALMASERA ALKOBIRAO,المسيرة الكبري,1|2,Primary|Preparatory,public,Libya,Az Zawiyah,,,,,,32.74214,12.71518,official_emis,exact,closed_temporary
LBY_001302,MA-072,LBY,ALMASERA ALKOBRA,المسيرة الكبري,1|2,Primary|Preparatory,public,Libya,Al Marj,,,,,,32.5192,20.76864,official_emis,exact,open
LBY_001303,TR-164,LBY,ALMASERA ALKOBRA,المسيرة الكبري,1,Primary,public,Libya,Tajura' wa an Nawahi al Arba,,,,,,32.88762,13.17208,official_emis,exact,open
LBY_001304,TR-021,LBY,ALMASERA ALWAHDWYA,المسيرة الوحدوية,1,Primary,public,Libya,Tajura' wa an Nawahi al Arba,,,,,,32.87505,13.14997,official_emis,exact,open
LBY_001305,MO-023,LBY,ALMASHROA ALASASYA,المشروع الأساسية,1|2,Primary|Preparatory,public,Libya,Murzuq,,,,,,25.9208,13.94976,official_emis,exact,closed_temporary
LBY_001306,MU-318,LBY,ALMASIRA ALKOBRA,المسيرة الكبرى,1|2,Primary|Preparatory,public,Libya,Misratah,,,,,,31.745914,13.990681,official_emis,exact,open
LBY_001307,JA-162,LBY,ALMASSIR,المصير,1|2,Primary|Preparatory,public,Libya,Tajura' wa an Nawahi al Arba,,,,,,32.69044,13.218,official_emis,exact,closed_temporary
LBY_001308,MU-362,LBY,ALMASYRA ALKOBAR,المسيرة الكبرى,1|2,Primary|Preparatory,public,Libya,Al Marqab,,,,,,32.31581,14.49203,official_emis,exact,open
LBY_001309,BI-086,LBY,ALMATELFA,المطيفلة,1|2,Primary|Preparatory,public,Libya,Benghazi,,,,,,31.51094,20.06706,official_emis,exact,closed_temporary
LBY_001310,JA-152,LBY,ALMATSM,المعتصم,1|2,Primary|Preparatory,public,Libya,Tajura' wa an Nawahi al Arba,,,,,,32.61987,13.20114,official_emis,exact,closed_temporary
LBY_001311,JA-114,LBY,ALMAYA,الماية,3,Secondary (Medical Sciences)|Secondary (Engineering Sciences),public,Libya,Al Marqab,,,,,,32.48005,14.48159,official_emis,exact,open
LBY_001312,JA-094,LBY,ALMAYA ALGHARBYA,الماية الغربية,1|2,Primary|Preparatory,public,Libya,Tajura' wa an Nawahi al Arba,,,,,,32.47777,13.3848,official_emis,exact,open
LBY_001313,JA-095,LBY,ALMAYA ALJANUBIA,الماية الجنوبية,1|2,Primary|Preparatory,public,Libya,Tajura' wa an Nawahi al Arba,,,,,,32.6349,13.42382,official_emis,exact,open
LBY_001314,WM-067,LBY,ALMAYAMEN,الميامين,1|2,Primary|Preparatory,public,Libya,Mizdah,,,,,,32.23034,13.05013,official_emis,exact,open
LBY_001315,JA-121,LBY,ALMBROUK HAMAN,المبروك هامان,1|2,Primary|Preparatory,public,Libya,Tajura' wa an Nawahi al Arba,,,,,,32.6624,13.22691,official_emis,exact,closed_temporary
LBY_001316,JA-284,LBY,ALMCURT ALQBRA,المسيرة الكبرى,1|2,Primary|Preparatory,public,Libya,Al Jifarah,,,,,,32.51384,12.96505,official_emis,exact,open
LBY_001317,GM-143,LBY,ALMEDAN,الميدان,3,Secondary (Economic Sciences),public,Libya,Al Jabal al Akhdar,,,,,,32.75416,21.73749,official_emis,exact,open
LBY_001318,WA-019,LBY,ALMEGREZE,المقريزي,1,Primary,public,Libya,Ajdabiya,,,,,,29.130132,21.292295,official_emis,exact,open
LBY_001319,TR-238,LBY,ALMEHDEY BEN BARKA,المهدي بن بركة,1|2,Primary|Preparatory,public,Libya,Tajura' wa an Nawahi al Arba,,,,,,32.85024,13.20451,official_emis,exact,open
LBY_001320,MI-421,LBY,ALMELAT,الميلات,1|2,Primary|Preparatory,public,Libya,Al Marqab,,,,,,32.63467,14.12341,official_emis,exact,open
LBY_001321,WM-178,LBY,ALMERKZIA LELBNIN,المركزية للبنين,1|2,Primary|Preparatory,public,Libya,Mizdah,,,,,,32.07065,12.69259,official_emis,exact,open
LBY_001322,MU-159,LBY,ALMESHEL,المشعل,1|2,Primary|Preparatory,public,Libya,Misratah,,,,,,32.38566,15.00039,official_emis,exact,open
LBY_001323,TR-358,LBY,ALMETHAK,الميثاق,3,Secondary (Engineering Sciences),public,Libya,Tajura' wa an Nawahi al Arba,,,,,,32.83737,13.15717,official_emis,exact,open
LBY_001324,ZA-227,LBY,ALMETRED ASHAMILYA,المطرد الشمالية,1|2,Primary|Preparatory,public,Libya,Az Zawiyah,,,,,,32.77616,12.60941,official_emis,exact,closed_temporary
LBY_001325,NA-017,LBY,ALMGABRA ALMRKZEEA,المجابره المركزيه,1,Primary,public,Libya,Ghadamis,,,,,,31.85705,11.15531,official_emis,exact,open
LBY_001326,MA-192,LBY,ALMGAHAD SAIED ALKOSA,المجاهد سعيد الكوسه,1,Primary,public,Libya,Al Marj,,,,,,32.53252,20.58208,official_emis,exact,open
LBY_001327,MA-032,LBY,ALMGAHAD SAIED ALKOSA,المجاهد سعيد الكوسه,3,Secondary (Engineering Sciences),public,Libya,Al Marj,,,,,,32.53252,20.58208,official_emis,exact,open
LBY_001328,MI-257,LBY,ALMGARBA,المغاربة,1|2,Primary|Preparatory,public,Libya,Tajura' wa an Nawahi al Arba,,,,,,32.65779,13.59101,official_emis,exact,open
LBY_001329,MU-171,LBY,ALMGED,المجد,1|2,Primary|Preparatory,public,Libya,Misratah,,,,,,32.39519,14.96601,official_emis,exact,open
LBY_001330,MA-123,LBY,ALMGIHD MOSA,المجاهد موسى اكريم,1,Primary,public,Libya,Al Marj,,,,,,32.27226,20.64799,official_emis,exact,open
LBY_001331,MA-217,LBY,ALMGIHD MOSA,المجاهد موسى اكريم,1,Primary,public,Libya,Al Marj,,,,,,32.27226,20.64799,official_emis,exact,open
LBY_001332,GM-085,LBY,ALMHILIBILT,المهيليبية,1,Primary,public,Libya,Al Marj,,,,,,32.50947,21.32161,official_emis,exact,closed_temporary
LBY_001333,JA-087,LBY,ALMIUT AISMILUT,الماية الشمالية,1|2,Primary|Preparatory,public,Libya,Al Marqab,,,,,,32.47702,14.48535,official_emis,exact,open
LBY_001334,MA-122,LBY,ALMJAHD MWSE TAILP,المجاهد موسى ثعيلب,2,Preparatory,public,Libya,Al Marj,,,,,,32.27084,20.64663,official_emis,exact,open
LBY_001335,ZA-037,LBY,ALMJAHED ABDALHAMED ASAQER,المجاهد عبدالحميد الصغير,1|2,Primary|Preparatory,public,Libya,Az Zawiyah,,,,,,32.77648,12.73472,official_emis,exact,open
LBY_001336,MI-530,LBY,ALMJD,المجد,3,Secondary (Medical Sciences),public,Libya,Al Marqab,,,,,,32.65662,14.25002,official_emis,exact,open
LBY_001337,DA-038,LBY,ALMJD,المجد,1,Primary,public,Libya,Al Qubbah,,,,,,32.74832,22.65425,official_emis,exact,open
LBY_001338,WM-009,LBY,ALMJD,المجد,1|2,Primary|Preparatory,public,Libya,Mizdah,,,,,,32.14711,13.02204,official_emis,exact,open
LBY_001339,DA-151,LBY,ALMJD,المجد,1,Primary,public,Libya,Al Qubbah,,,,,,32.74832,22.65425,official_emis,exact,open
LBY_001340,MA-212,LBY,ALMJD,المجد,1,Primary,public,Libya,Al Marj,,,,,,32.18125,20.59511,official_emis,exact,closed_temporary
LBY_001341,WM-110,LBY,ALMJED,المجد,1|2,Primary|Preparatory,public,Libya,Al Marqab,,,,,,32.16831,13.38522,official_emis,exact,open
LBY_001342,MA-054,LBY,ALMJED,المجد,1|2|3,Primary|Preparatory|Secondary (Economic Sciences),public,Libya,Al Marj,,,,,,32.49221,20.83969,official_emis,exact,open
LBY_001343,WM-316,LBY,ALMJED,المجد,1|2,Primary|Preparatory,public,Libya,Mizdah,,,,,,31.931,12.25318,official_emis,exact,open
LBY_001344,MA-201,LBY,ALMJED,المجد,1,Primary,public,Libya,Al Marj,,,,,,32.49221,20.83969,official_emis,exact,open
LBY_001345,DA-125,LBY,ALMKHELE,المخيلي,2,Preparatory,public,Libya,Al Qubbah,,,,,,32.15974,22.28105,official_emis,exact,open
LBY_001346,MA-004,LBY,ALMLM,المعلم,1|2,Primary|Preparatory,public,Libya,Al Marj,,,,,,32.56958,21.17494,official_emis,exact,open
LBY_001347,MU-087,LBY,ALMNAHEL AZAKHERA,المناهل الزاخرة,3,Secondary (Medical Sciences)|Secondary (Economic Sciences),public,Libya,Misratah,,,,,,32.35447,15.10512,official_emis,exact,open
LBY_001348,JA-133,LBY,ALMNART,المنارة,1|2,Primary|Preparatory,public,Libya,Tajura' wa an Nawahi al Arba,,,,,,32.67681,13.25092,official_emis,exact,closed_temporary
LBY_001349,JA-046,LBY,ALMNIR,المنار,1|2,Primary|Preparatory,public,Libya,Tajura' wa an Nawahi al Arba,,,,,,32.70989,13.1012,official_emis,exact,open
LBY_001350,TU-095,LBY,ALMNSTER,المنستير,1|2,Primary|Preparatory,public,Libya,Al Butnan,,,,,,31.92741,24.99975,official_emis,exact,open
LBY_001351,MI-089,LBY,ALMOASER,المعاصر,1|2,Primary|Preparatory,public,Libya,Al Marqab,,,,,,32.73415,13.94628,official_emis,exact,open
LBY_001352,MI-060,LBY,ALMOATEN,المعطن,1|2|3,Primary|Preparatory|Secondary (Medical Sciences)|Secondary (Economic Sciences),public,Libya,Al Marqab,,,,,,32.54226,14.10359,official_emis,exact,open
LBY_001353,GM-083,LBY,ALMOGAHED ALNAJE,المجاهد الناجى,2,Preparatory,public,Libya,Al Jabal al Akhdar,,,,,,32.48651,21.41141,official_emis,exact,closed_temporary
LBY_001354,MA-161,LBY,ALMOGAHED ELBAYEN,المجاهد الباين سعد الباين,1|2|3,Primary|Preparatory|Secondary (Economic Sciences),public,Libya,Benghazi,,,,,,32.27205,20.34609,official_emis,exact,open
LBY_001355,MA-081,LBY,ALMOGAHED ESMAUYL MANCOR,المجاهد إسماعيل منصور,1|2,Primary|Preparatory,public,Libya,Al Marj,,,,,,32.39118,20.99612,official_emis,exact,open
LBY_001356,DA-085,LBY,ALMOGAHED SAAD BASES,المجاهد سعد ابسيس,1|2,Primary|Preparatory,public,Libya,Al Jabal al Akhdar,,,,,,32.7116,21.94329,official_emis,exact,open
LBY_001357,MA-174,LBY,ALMOJAHD HAMD MHMMOWD ALHFIFEI,المجاهد حامد محمود الحفيفي,1|2,Primary|Preparatory,public,Libya,Benghazi,,,,,,32.34587,20.30493,official_emis,exact,open
LBY_001358,SI-032,LBY,ALMOJAHED ABDALHAFID,المجاهد عبدالحفيظ الواسع,1|2,Primary|Preparatory,public,Libya,Misratah,,,,,,31.24735,15.73339,official_emis,exact,open
LBY_001359,DA-078,LBY,ALMOJAHED ABDALHAMID BOFALKA,المجاهد عبدالحميد بوفلقة,1|2,Primary|Preparatory,public,Libya,Al Qubbah,,,,,,32.77383,22.37073,official_emis,exact,open
LBY_001360,WM-199,LBY,ALMOJAHED ABDALLAH ALBOSIFE,المجاهد عبد الله البوسيفي,1|2,Primary|Preparatory,public,Libya,Mizdah,,,,,,31.39419,13.32876,official_emis,exact,open
LBY_001361,MU-226,LBY,ALMOJAHED ABDALSLAM ALTOMEY,المجاهد عبدالسلام التومي,1,Primary,public,Libya,Al Marqab,,,,,,32.36534,14.64272,official_emis,exact,open
LBY_001362,MA-092,LBY,ALMOJAHED ABDOL HAFEED ELQEEH,المجاهد عبدالحفيظ اللقيح,1|2,Primary|Preparatory,public,Libya,Al Marj,,,,,,32.12788,21.21433,official_emis,exact,open
LBY_001363,NA-050,LBY,ALMOJAHED ABDUALLAH BEN AMER,المجاهد عبدالله بن عامر,1|2,Primary|Preparatory,public,Libya,Ghadamis,,,,,,31.9454,10.67669,official_emis,exact,open
LBY_001364,WM-198,LBY,ALMOJAHED ABO BKR ALBSEER,المجاهد أبوبكر البصير,1|2,Primary|Preparatory,public,Libya,Mizdah,,,,,,31.4034,13.33027,official_emis,exact,open
LBY_001365,BI-484,LBY,ALMOJAHED AHMED ALSHAREF,المجاهد احمد الشريف,1,Primary,public,Libya,Benghazi,,,,,,32.101193,20.095225,official_emis,exact,open
LBY_001366,BI-164,LBY,ALMOJAHED AHMED ASHREF,المجاهد أحمد الشريف,1,Primary,public,Libya,Benghazi,,,,,,32.101193,20.095225,official_emis,exact,open
LBY_001367,TU-105,LBY,ALMOJAHED AKAREM RAQEY,المجاهدا كريم راقي,1|2,Primary|Preparatory,public,Libya,Al Butnan,,,,,,31.92437,24.30764,official_emis,exact,open
LBY_001368,MI-055,LBY,ALMOJAHED ALMABROUK ALMONTASER,المجاهد المبروك المنتصر,3,Secondary (Engineering Sciences),public,Libya,Tajura' wa an Nawahi al Arba,,,,,,32.54849,13.43993,official_emis,exact,open
LBY_001369,MA-107,LBY,ALMOJAHED AQELA ALMAGDOBA,المجاهد عقيلة المجدوبة,1|2,Primary|Preparatory,public,Libya,Al Marj,,,,,,32.20907,20.69248,official_emis,exact,open
LBY_001370,WM-220,LBY,ALMOJAHED EMAHMAD BEN BASHER,المجاهد امحمد بن بشير,3,Secondary (Engineering Sciences)|Secondary (Economic Sciences),public,Libya,Mizdah,,,,,,31.39143,13.33027,official_emis,exact,open
LBY_001371,TU-106,LBY,ALMOJAHED HAMZA ABOBAKER,المجاهد حمزة ابوبكر,1|2,Primary|Preparatory,public,Libya,Al Butnan,,,,,,31.83791,24.34587,official_emis,exact,open
LBY_001372,MA-210,LBY,ALMOJAHED IBRAHIM ALTAYEB,المجاهد ابراهيم الطيب,1,Primary,public,Libya,Benghazi,,,,,,32.35937,20.32376,official_emis,exact,open
LBY_001373,MA-103,LBY,ALMOJAHED IBRAHIM ALTAYEB,المجاهد ابراهيم الطيب,1|2,Primary|Preparatory,public,Libya,Benghazi,,,,,,32.35937,20.32376,official_emis,exact,open
LBY_001374,MA-050,LBY,ALMOJAHED ISSA ALWAKWAK,المجاهد عيسي الوكواك,1|2,Primary|Preparatory,public,Libya,Al Marj,,,,,,32.48373,20.82558,official_emis,exact,open
LBY_001375,MA-199,LBY,ALMOJAHED ISSA ALWAKWAK,المجاهد عيسي الوكواك,1|2,Primary|Preparatory,public,Libya,Al Marj,,,,,,32.48373,20.82558,official_emis,exact,open
LBY_001376,MA-049,LBY,ALMOJAHED ISSA ANEFAQA,المجاهد عيسي النفاقة,1|2,Primary|Preparatory,public,Libya,Al Marj,,,,,,32.47853,20.84142,official_emis,exact,open
LBY_001377,MA-198,LBY,ALMOJAHED ISSA ANEFAQA,المجاهد عيسي النفاقة,1,Primary,public,Libya,Al Marj,,,,,,32.47853,20.84142,official_emis,exact,open
LBY_001378,KU-162,LBY,ALMOJAHED MOLOD ALBORI,المجاهد مولود البوري,1,Primary,public,Libya,An Nuqat al Khams,,,,,,32.92305,12.08264,official_emis,exact,closed_temporary
LBY_001379,DA-175,LBY,ALMOJAHED SAAD ALMBALI,المجاهد سعد المبالي,1,Primary,public,Libya,Al Qubbah,,,,,,32.34068,23.05555,official_emis,exact,open
LBY_001380,DA-120,LBY,ALMOJAHED SAAD ALMBALI,المجاهد سعد المبالي,1,Primary,public,Libya,Al Qubbah,,,,,,32.34068,23.05555,official_emis,exact,open
LBY_001381,MA-070,LBY,ALMOJAHED YOUSEF BOREJEL,المجاهد يوسف بورجل,1|2,Primary|Preparatory,public,Libya,Al Marj,,,,,,32.37497,20.7992,official_emis,exact,open
LBY_001382,JA-248,LBY,ALMOJAHEDEEN,المجاهدين,1|2,Primary|Preparatory,public,Libya,Tajura' wa an Nawahi al Arba,,,,,,32.59111,13.22296,official_emis,exact,open
LBY_001383,WM-010,LBY,ALMOKHTAR KABAR,المختار كعبار,1|2,Primary|Preparatory,public,Libya,Mizdah,,,,,,32.13335,13.0012,official_emis,exact,open
LBY_001384,MI-491,LBY,ALMONER,المنير,1|2,Primary|Preparatory,public,Libya,Al Marqab,,,,,,32.69247,14.08057,official_emis,exact,open
LBY_001385,BI-245,LBY,ALMONTASER,شباب الحرية,1|2,Primary|Preparatory,public,Libya,Benghazi,,,,,,32.075172,20.11035,official_emis,exact,open
LBY_001386,SA-068,LBY,ALMOROOG,المروج,1|2|3,Primary|Preparatory|Secondary (Medical Sciences)|Secondary (Engineering Sciences)|Secondary (Economic Sciences),public,Libya,Sabha,,,,,,27.0506,14.41881,official_emis,exact,open
LBY_001387,SA-104,LBY,ALMOROOG,المروج,1,Primary,public,Libya,Sabha,,,,,,27.0506,14.41881,official_emis,exact,open
LBY_001388,TR-405,LBY,ALMORUOJ,المروج,1|2,Primary|Preparatory,public,Libya,Tajura' wa an Nawahi al Arba,,,,,,32.85846,13.19556,official_emis,exact,open
LBY_001389,MI-378,LBY,ALMOSALAHA,المصالحة,1|2,Primary|Preparatory,public,Libya,Tajura' wa an Nawahi al Arba,,,,,,32.62497,13.67376,official_emis,exact,closed_temporary
LBY_001390,WM-038,LBY,ALMOSEFEEN ALEBTDEYA,المسوفين الابتدائية,1,Primary,public,Libya,Mizdah,,,,,,32.06382,13.01848,official_emis,exact,open
LBY_001391,WM-040,LBY,ALMOSEFEN ALEDADEYA,المسوفين الاعدادية,2,Preparatory,public,Libya,Mizdah,,,,,,32.06606,13.01569,official_emis,exact,open
LBY_001392,NA-105,LBY,ALMOSTAKBEL,المستقبل,1|2,Primary|Preparatory,public,Libya,Ghadamis,,,,,,32.06081,11.54462,official_emis,exact,open
LBY_001393,TU-065,LBY,ALMOSTAKBEL,المستقبل,1|2,Primary|Preparatory,public,Libya,Al Butnan,,,,,,31.62249,25.05247,official_emis,exact,open
LBY_001394,BI-268,LBY,ALMOSTAQBEL,المستقبل,1,Primary,public,Libya,Benghazi,,,,,,32.117214,20.093002,official_emis,exact,open
LBY_001395,KU-139,LBY,ALMOTAMER,المطمر للاعداديه,2,Preparatory,public,Libya,An Nuqat al Khams,,,,,,32.74053,12.21784,official_emis,exact,open
LBY_001396,MU-069,LBY,ALMOTASEEM,المعتصم,1|2,Primary|Preparatory,public,Libya,Misratah,,,,,,32.32133,15.08562,official_emis,exact,open
LBY_001397,ZA-231,LBY,ALMOTRAD,المطرد,3,Secondary (Medical Sciences),public,Libya,Az Zawiyah,,,,,,32.77616,12.6081,official_emis,exact,closed_temporary
LBY_001398,ZA-228,LBY,ALMOTRED,المطرد,1|2,Primary|Preparatory,public,Libya,Az Zawiyah,,,,,,32.77344,12.61599,official_emis,exact,closed_temporary
LBY_001399,ZA-009,LBY,ALMRCUZ,المركزية الاعدادية بنات,1|2,Primary|Preparatory,public,Libya,Az Zawiyah,,,,,,32.75795,12.73577,official_emis,exact,closed_temporary
LBY_001400,BI-244,LBY,ALMRHOM ALI AZAIDI,المرحوم علي الزائدي,1,Primary,public,Libya,Benghazi,,,,,,32.108275,20.089548,official_emis,exact,open
LBY_001401,BI-505,LBY,ALMRHOM ALI AZAIDI,المرحوم علي الزائدي,1,Primary,public,Libya,Benghazi,,,,,,32.108275,20.089548,official_emis,exact,closed_temporary
LBY_001402,MA-166,LBY,ALMRHOM MOHAMED MUSA ALQTRANI,المرحوم محمد موسى القطراني,3,Secondary (Medical Sciences),public,Libya,Al Marj,,,,,,32.19219,20.59845,official_emis,exact,closed_temporary
LBY_001403,MA-042,LBY,ALMRHOM SALEH IDRES,المرحوم صالح إدريس,2|3,Preparatory|Secondary (Economic Sciences),public,Libya,Al Marj,,,,,,32.55682,20.98728,official_emis,exact,open
LBY_001404,WM-135,LBY,ALMRHOOM MOHAMED AL BCHERAY,المرحوم محمد البشيري,1|2,Primary|Preparatory,public,Libya,Mizdah,,,,,,32.00143,12.85971,official_emis,exact,open
LBY_001405,MA-006,LBY,ALMRHWM JMAT MRAJA,المرحوم جمعة مراجع,1|2,Primary|Preparatory,public,Libya,Al Marj,,,,,,32.68777,21.26969,official_emis,exact,closed_temporary
LBY_001406,ZA-038,LBY,ALMRKAZYA ALEBTEDAIYA,المركزية الإبتدائية,1,Primary,public,Libya,Az Zawiyah,,,,,,32.75388,12.7329,official_emis,exact,open
LBY_001407,TU-051,LBY,ALMRSS,المرصص,1|2,Primary|Preparatory,public,Libya,Al Butnan,,,,,,32.11044,23.65075,official_emis,exact,open
LBY_001408,TU-052,LBY,ALMRSS TNOUTA,المرصص الثانوية,3,Secondary (Medical Sciences)|Secondary (Economic Sciences),public,Libya,Al Butnan,,,,,,32.11125,23.65254,official_emis,exact,unknown
LBY_001409,MI-256,LBY,ALMSAAID,المساعيد,1|2,Primary|Preparatory,public,Libya,Tajura' wa an Nawahi al Arba,,,,,,32.71075,13.68532,official_emis,exact,open
LBY_001410,TR-383,LBY,ALMSHROOA AZERAYI,المشروع الزراعي,1|2,Primary|Preparatory,public,Libya,Tajura' wa an Nawahi al Arba,,,,,,32.81641,13.16862,official_emis,exact,closed_temporary
LBY_001411,WS-010,LBY,ALMSTAKBEL,المستقبل,1|2,Primary|Preparatory,public,Libya,Ash Shati',,,,,,27.53863,14.29138,official_emis,exact,open
LBY_001412,KU-138,LBY,ALMTAMER,المطمر,1,Primary,public,Libya,An Nuqat al Khams,,,,,,32.74001,12.21561,official_emis,exact,open
LBY_001413,MI-169,LBY,ALMTAYBA,المطايبه,1|2,Primary|Preparatory,public,Libya,Al Marqab,,,,,,32.56373,13.87867,official_emis,exact,open
LBY_001414,WM-180,LBY,ALMUAEKA ALKRBIA,المعائقة الغربية,1|2,Primary|Preparatory,public,Libya,Mizdah,,,,,,32.05127,12.64077,official_emis,exact,open
LBY_001415,WM-179,LBY,ALMUAEKA ALSHARKIA,المعائقة الشرقية,1|2,Primary|Preparatory,public,Libya,Mizdah,,,,,,31.99417,12.78686,official_emis,exact,open
LBY_001416,AJ-011,LBY,ALMUD,المجد,1|2,Primary|Preparatory,public,Libya,Ajdabiya,,,,,,30.76054,20.23676,official_emis,exact,closed_temporary
LBY_001417,NA-025,LBY,ALMUJAHD KHALIFA BEN ASKAR,المجاهد خليفة بن عسكر,1|2,Primary|Preparatory,public,Libya,Ghadamis,,,,,,31.88161,10.97706,official_emis,exact,open
LBY_001418,MA-156,LBY,ALMUJAHED ABDU ALLAH ALFEEL,المجاهد عبد الله الفيل,2|3,Preparatory|Secondary (Medical Sciences)|Secondary (Economic Sciences),public,Libya,Al Marj,,,,,,32.4972,20.70184,official_emis,exact,open
LBY_001419,MU-270,LBY,ALMUJAHED ABDUSALAM AL JUD`EME,المجاهد عبد السلام الجدائمى,1|2,Primary|Preparatory,public,Libya,Al Marqab,,,,,,32.49351,14.46433,official_emis,exact,open
LBY_001420,TR-137,LBY,ALMUJAHED ABO MENYAR,المجاهد ابو منيارسابقا,3,Secondary (Medical Sciences)|Secondary (Engineering Sciences),public,Libya,Tajura' wa an Nawahi al Arba,,,,,,32.87696,13.17707,official_emis,exact,open
LBY_001421,MU-172,LBY,ALNAGAH,النجاح,1|2,Primary|Preparatory,public,Libya,Misratah,,,,,,32.39956,14.95466,official_emis,exact,open
LBY_001422,TR-265,LBY,ALNAGAH,النجاح,1|2,Primary|Preparatory,public,Libya,Tajura' wa an Nawahi al Arba,,,,,,32.87835,13.22426,official_emis,exact,open
LBY_001423,SA-071,LBY,ALNAGAM ALSATAH,النجم الساطع,2,Preparatory,public,Libya,Sabha,,,,,,27.03549,14.42543,official_emis,exact,open
LBY_001424,MI-481,LBY,ALNAHADA,النهضة,1|2,Primary|Preparatory,public,Libya,Al Marqab,,,,,,32.52978,14.35544,official_emis,exact,closed_temporary
LBY_001425,MU-055,LBY,ALNAHDA,النهضة,1|2|3,Primary|Preparatory|Secondary (Medical Sciences),public,Libya,Misratah,,,,,,32.3491,15.08349,official_emis,exact,open
LBY_001426,BI-233,LBY,ALNAHDA,النهضة,1|2,Primary|Preparatory,public,Libya,Benghazi,,,,,,32.12878,20.06704,official_emis,exact,open
LBY_001427,GM-015,LBY,ALNAHDA,النهضه,1,Primary,public,Libya,Al Jabal al Akhdar,,,,,,32.7625,21.73586,official_emis,exact,open
LBY_001428,WM-111,LBY,ALNAHDA,النهضه,1|2,Primary|Preparatory,public,Libya,Mizdah,,,,,,32.11503,13.38548,official_emis,exact,open
LBY_001429,JA-249,LBY,ALNAHDA,النهضه,1|2,Primary|Preparatory,public,Libya,Tajura' wa an Nawahi al Arba,,,,,,32.57444,13.36123,official_emis,exact,open
LBY_001430,TR-266,LBY,ALNAHDA,النهضة,1|2,Primary|Preparatory,public,Libya,Tajura' wa an Nawahi al Arba,,,,,,32.87635,13.24411,official_emis,exact,open
LBY_001431,TU-047,LBY,ALNAHDA ALEADADEYA,النهضة الاعدادية,1|2,Primary|Preparatory,public,Libya,Al Butnan,,,,,,32.08256,23.97864,official_emis,exact,open
LBY_001432,MI-198,LBY,ALNAHDA ALQSEAA,النهضة القصيعة,1|2,Primary|Preparatory,public,Libya,Al Marqab,,,,,,32.45097,14.56644,official_emis,exact,open
LBY_001433,MI-151,LBY,ALNAHDA/ BOYS,النهضة/ بنين,1|2,Primary|Preparatory,public,Libya,Al Marqab,,,,,,32.57988,13.9906,official_emis,exact,open
LBY_001434,MI-150,LBY,ALNAHDA/ GIRLS,النهضة / بنات,1|2,Primary|Preparatory,public,Libya,Al Marqab,,,,,,32.57891,13.99265,official_emis,exact,open
LBY_001435,MU-158,LBY,ALNAHDAA,النهضه,1|2,Primary|Preparatory,public,Libya,Misratah,,,,,,32.3896,14.98836,official_emis,exact,open
LBY_001436,MI-079,LBY,ALNAHDHA,النهضة,1|2,Primary|Preparatory,public,Libya,Tajura' wa an Nawahi al Arba,,,,,,32.76147,13.84502,official_emis,exact,open
LBY_001437,MU-263,LBY,ALNAHDHA ALZIRAIA,النهضة الزراعية,1,Primary,public,Libya,Al Marqab,,,,,,32.48801,14.44821,official_emis,exact,open
LBY_001438,MA-079,LBY,ALNAHER ALSENAE,النهر الصناعي,1|2,Primary|Preparatory,public,Libya,Al Marj,,,,,,32.26522,20.88674,official_emis,exact,open
LBY_001439,WS-023,LBY,ALNAHER ALSENAEE,النهر الصناعى,1|2,Primary|Preparatory,public,Libya,Ash Shati',,,,,,27.57151,14.2043,official_emis,exact,open
LBY_001440,WM-244,LBY,ALNAIG,الانعتاق,2,Preparatory,public,Libya,Mizdah,,,,,,31.97425,12.56359,official_emis,exact,open
LBY_001441,BI-492,LBY,ALNAJAH,النجاح,1,Primary,public,Libya,Benghazi,,,,,,32.075144,20.082377,official_emis,exact,open
LBY_001442,KU-033,LBY,ALNAJAH,النجاح,1,Primary,public,Libya,An Nuqat al Khams,,,,,,32.79002,12.49297,official_emis,exact,closed_temporary
LBY_001443,BI-198,LBY,ALNAJAH,النجاح,1,Primary,public,Libya,Benghazi,,,,,,32.075144,20.082377,official_emis,exact,open
LBY_001444,BI-142,LBY,ALNAJEELA,النجيلة,2,Preparatory,public,Libya,Benghazi,,,,,,32.009229,20.070882,official_emis,exact,open
LBY_001445,MU-394,LBY,ALNAJEM ALSATE,النجم الساطع,1|2,Primary|Preparatory,public,Libya,Al Marqab,,,,,,32.49631,14.55043,official_emis,exact,open
LBY_001446,MU-247,LBY,ALNAJEM ASATAA,النجم الساطع,1|2,Primary|Preparatory,public,Libya,Al Marqab,,,,,,32.4857,14.50017,official_emis,exact,closed_temporary
LBY_001447,WH-013,LBY,ALNAJMEE ALTAKEB,النجم الثاقب,1|2,Primary|Preparatory,public,Libya,Wadi al Hayaa,,,,,,26.52862,13.07116,official_emis,exact,open
LBY_001448,KU-104,LBY,ALNASAR,النصر,1|2,Primary|Preparatory,public,Libya,An Nuqat al Khams,,,,,,32.72211,12.32294,official_emis,exact,closed_temporary
LBY_001449,MO-058,LBY,ALNASAR,النصر,1,Primary,public,Libya,Murzuq,,,,,,26.11629,14.80519,official_emis,exact,open
LBY_001450,SA-032,LBY,ALNASAR,النصر,1,Primary,public,Libya,Sabha,,,,,,27.04525,14.43454,official_emis,exact,open
LBY_001451,WM-169,LBY,ALNASAR WE ALTAHADE,النصر و التحدى,1|2,Primary|Preparatory,public,Libya,Al Jifarah,,,,,,32.27005,12.86644,official_emis,exact,open
LBY_001452,MU-106,LBY,ALNASER,النصر,1|3,Primary|Secondary (Medical Sciences),public,Libya,Misratah,,,,,,32.35947,15.00965,official_emis,exact,open
LBY_001453,GM-208,LBY,ALNASER,النصر,1,Primary,public,Libya,Al Jabal al Akhdar,,,,,,32.76051,21.73908,official_emis,exact,open
LBY_001454,ZA-115,LBY,ALNASER,النصر,1|2,Primary|Preparatory,public,Libya,Az Zawiyah,,,,,,32.724,12.58378,official_emis,exact,open
LBY_001455,GM-040,LBY,ALNASER,النصر,1|2,Primary|Preparatory,public,Libya,Al Jabal al Akhdar,,,,,,32.76051,21.73908,official_emis,exact,open
LBY_001456,MI-061,LBY,ALNASER,النصر,1|2,Primary|Preparatory,public,Libya,Al Marqab,,,,,,32.51324,14.10502,official_emis,exact,open
LBY_001457,MI-472,LBY,ALNASER,النصر,1,Primary,public,Libya,Al Marqab,,,,,,32.54737,14.38002,official_emis,exact,closed_temporary
LBY_001458,TR-461,LBY,ALNASER SALAH ALDEEN,الناصر صلاح الدين,1|2,Primary|Preparatory,public,Libya,Tajura' wa an Nawahi al Arba,,,,,,32.84306,13.30841,official_emis,exact,open
LBY_001459,DA-004,LBY,ALNASER WA ATAHADI,النصر والتحدي,2|3,Preparatory|Secondary (Medical Sciences)|Secondary (Economic Sciences),public,Libya,,,,,,,32.84706,22.4217,official_emis,exact,open
LBY_001460,MO-001,LBY,ALNASR,النصر الثانوية,3,Secondary (Engineering Sciences),public,Libya,Al Kufrah,,,,,,25.66121,21.12781,official_emis,exact,open
LBY_001461,BI-461,LBY,ALNASR,النصر,1,Primary,public,Libya,Benghazi,,,,,,32.11236,20.11622,official_emis,exact,open
LBY_001462,BI-047,LBY,ALNASR,النصر,1|2,Primary|Preparatory,public,Libya,Benghazi,,,,,,32.11236,20.11622,official_emis,exact,open
LBY_001463,WM-412,LBY,ALNASR TAZEMRIGHT,النصر تازمرايت,2,Preparatory,public,Libya,Mizdah,,,,,,32.08629,12.5595,official_emis,exact,open
LBY_001464,BI-474,LBY,ALNASREEA,الناصريه,1,Primary,public,Libya,Benghazi,,,,,,31.79783,20.20305,official_emis,exact,open
LBY_001465,BI-096,LBY,ALNASREEA,الناصريه,1|2,Primary|Preparatory,public,Libya,Benghazi,,,,,,31.79783,20.20305,official_emis,exact,open
LBY_001466,JA-029,LBY,ALNASRIT ALMRKZIH,الناصرية المركزيه,1,Primary,public,Libya,Al Marqab,,,,,,32.29376,13.49881,official_emis,exact,open
LBY_001467,JA-038,LBY,ALNASRYA,الناصرية الثانوية,3,Secondary (Engineering Sciences)|Secondary (Economic Sciences),public,Libya,Al Marqab,,,,,,32.1784,13.41721,official_emis,exact,open
LBY_001468,TU-028,LBY,ALNASSER,النصر,1|2,Primary|Preparatory,public,Libya,Al Butnan,,,,,,32.07001,23.93969,official_emis,exact,open
LBY_001469,NA-021,LBY,ALNBRAS,النبراس,1|2,Primary|Preparatory,public,Libya,Ghadamis,,,,,,31.84533,10.98511,official_emis,exact,open
LBY_001470,MU-021,LBY,ALNBRSA,النبراس,1|2,Primary|Preparatory,public,Libya,Misratah,,,,,,32.39899,15.12574,official_emis,exact,open
LBY_001471,TR-564,LBY,ALNEKAT ALKAMS,النقاط الخمس,1,Primary,public,Libya,Tajura' wa an Nawahi al Arba,,,,,,32.89594,13.16565,official_emis,exact,open
LBY_001472,TR-036,LBY,ALNESAA ALKALEDAT,,2,Preparatory,public,Libya,Tajura' wa an Nawahi al Arba,,,,,,32.87093,13.13784,official_emis,exact,open
LBY_001473,SI-107,LBY,ALNEWAGA,النويجية,1|2,Primary|Preparatory,public,Libya,Surt,,,,,,31.11282,16.87531,official_emis,exact,open
LBY_001474,KU-270,LBY,ALNGAT ALGAMS,النقاط الخمس,3,Secondary (Engineering Sciences),public,Libya,An Nuqat al Khams,,,,,,32.92583,12.0439,official_emis,exact,closed_temporary
LBY_001475,MI-416,LBY,ALNGHI,النجاح,1,Primary,public,Libya,Al Marqab,,,,,,32.6532,14.25905,official_emis,exact,open
LBY_001476,DA-036,LBY,ALNHDT,النهضة,3,Secondary (Economic Sciences),public,Libya,Al Qubbah,,,,,,32.7507,22.63795,official_emis,exact,open
LBY_001477,DA-149,LBY,ALNHDT,النهضة,1,Primary,public,Libya,Al Qubbah,,,,,,32.7507,22.63795,official_emis,exact,open
LBY_001478,MU-235,LBY,ALNHR ALSNAAE,النهر الصناعي,1|2,Primary|Preparatory,public,Libya,Al Marqab,,,,,,32.41767,14.64608,official_emis,exact,closed_temporary
LBY_001479,TR-047,LBY,ALNIDAL,النضال,1|2,Primary|Preparatory,public,Libya,Az Zawiyah,,,,,,32.85158,13.09882,official_emis,exact,open
LBY_001480,MU-310,LBY,ALNJM ALSATA,النجم الساطع,1|2,Primary|Preparatory,public,Libya,Misratah,,,,,,31.74786,13.968226,official_emis,exact,open
LBY_001481,BI-450,LBY,ALNMODAJYA BNENA,النموذجية بنينا,2,Preparatory,public,Libya,Benghazi,,,,,,32.103561,20.129623,official_emis,exact,open
LBY_001481,BI-450,LBY,ALNMODAJYA BNENA,النموذجية بنينا,2,Preparatory,public,Libya,Benghazi,,,,,,32.103561,20.129623,official_emis,exact,open
LBY_001482,BI-501,LBY,ALNMWDJET,النموذجية,1,Primary,public,Libya,Benghazi,,,,,,32.11646,20.06615,official_emis,exact,open
LBY_001483,BI-238,LBY,ALNMWDJET,النموذجية,1,Primary,public,Libya,Benghazi,,,,,,32.11646,20.06615,official_emis,exact,open
LBY_001484,SA-062,LBY,ALNOER,النور,1,Primary,public,Libya,Sabha,,,,,,27.20921,14.62855,official_emis,exact,open
LBY_001485,SA-100,LBY,ALNOER,النور,1,Primary,public,Libya,Sabha,,,,,,27.20921,14.62855,official_emis,exact,open
LBY_001486,TR-183,LBY,ALNOFLEEN,النوفليين,1|2,Primary|Preparatory,public,Libya,Tajura' wa an Nawahi al Arba,,,,,,32.88852,13.21254,official_emis,exact,open
LBY_001487,BI-173,LBY,ALNOOR,النور,1,Primary,public,Libya,Benghazi,,,,,,32.100561,20.100333,official_emis,exact,open
LBY_001488,MI-314,LBY,ALNOOR,النور,1,Primary,public,Libya,Al Marqab,,,,,,32.47885,13.68241,official_emis,exact,closed_temporary
LBY_001489,MI-087,LBY,ALNOOR,النور,1|2,Primary|Preparatory,public,Libya,Tajura' wa an Nawahi al Arba,,,,,,32.68597,13.69198,official_emis,exact,open
LBY_001490,MA-151,LBY,ALNOOR,النور,2|3,Preparatory|Secondary (Engineering Sciences),public,Libya,Al Marj,,,,,,32.49085,20.82601,official_emis,exact,closed_temporary
LBY_001491,BI-175,LBY,ALNOOR ALMOBEEN,النور المبين,1,Primary,public,Libya,Benghazi,,,,,,32.083319,20.092982,official_emis,exact,open
LBY_001492,TR-529,LBY,ALNOOR SCHOOL,النور,1|2,Primary|Preparatory,public,Libya,Az Zawiyah,,,,,,32.77398,13.0,official_emis,exact,unknown
LBY_001493,TR-007,LBY,ALNOR,النور,1,Primary,public,Libya,Tajura' wa an Nawahi al Arba,,,,,,32.85355,13.13576,official_emis,exact,open
LBY_001494,TU-045,LBY,ALNOSOR,النسور,1|2,Primary|Preparatory,public,Libya,Al Butnan,,,,,,31.87906,23.92279,official_emis,exact,open
LBY_001495,WH-040,LBY,ALNOUR,النور,1|2,Primary|Preparatory,public,Libya,Wadi al Hayaa,,,,,,26.57526,13.43637,official_emis,exact,open
LBY_001496,MI-519,LBY,ALNOUR,النور,1|2,Primary|Preparatory,public,Libya,Al Marqab,,,,,,32.51854,14.20423,official_emis,exact,open
LBY_001497,WM-163,LBY,ALNSER,النصر,1|2,Primary|Preparatory,public,Libya,Mizdah,,,,,,32.15849,12.84626,official_emis,exact,open
LBY_001498,WH-043,LBY,ALNSR,النصر,1|2,Primary|Preparatory,public,Libya,Wadi al Hayaa,,,,,,26.74587,13.94509,official_emis,exact,open
LBY_001499,WS-045,LBY,ALNSR,النصر,1|2,Primary|Preparatory,public,Libya,Ash Shati',,,,,,27.55098,13.63464,official_emis,exact,open
LBY_001500,SA-013,LBY,ALNSRUT,الناصرية,1|2,Primary|Preparatory,public,Libya,Sabha,,,,,,27.02426,14.46318,official_emis,exact,open
LBY_001501,BI-099,LBY,ALNTEFADA MAHMAD ALDRAA,الانتفاضه,3,Secondary (Medical Sciences)|Secondary (Economic Sciences),public,Libya,Benghazi,,,,,,31.78856,20.20487,official_emis,exact,open
LBY_001502,BI-035,LBY,ALNTESAR,الانتصار,1,Primary,public,Libya,Benghazi,,,,,,32.10754,20.14732,official_emis,exact,open
LBY_001503,DA-139,LBY,ALNTSER,الانتصار,1,Primary,public,Libya,Al Qubbah,,,,,,32.75679,22.63155,official_emis,exact,open
LBY_001504,DA-016,LBY,ALNTSER,الانتصار,1|2,Primary|Preparatory,public,Libya,Al Qubbah,,,,,,32.75679,22.63155,official_emis,exact,open
LBY_001505,JA-045,LBY,ALNTUER ALGUD,الانتصار الجديد,1|2,Primary|Preparatory,public,Libya,Az Zawiyah,,,,,,32.72564,13.04,official_emis,exact,open
LBY_001506,MU-378,LBY,ALNUER BNUN,النصر بنين,1|2,Primary|Preparatory,public,Libya,Al Marqab,,,,,,32.46689,14.60586,official_emis,exact,open
LBY_001507,BI-094,LBY,ALNWAKEA LLBNAT,النواقيه للبنات,1|2,Primary|Preparatory,public,Libya,Benghazi,,,,,,31.92526,20.1696,official_emis,exact,closed_temporary
LBY_001508,WM-245,LBY,ALNWEIR,الانوار,1|2,Primary|Preparatory,public,Libya,Mizdah,,,,,,32.06225,12.54054,official_emis,exact,open
LBY_001509,WM-136,LBY,ALNWR,النور,1|2,Primary|Preparatory,public,Libya,Mizdah,,,,,,32.04029,12.84958,official_emis,exact,open
LBY_001510,BI-141,LBY,ALOFIYA,اللويفية,1|2,Primary|Preparatory,public,Libya,Benghazi,,,,,,31.87091,20.049189,official_emis,exact,closed_temporary
LBY_001511,NA-043,LBY,ALOHTN,الواحة,1|2,Primary|Preparatory,public,Libya,Ghadamis,,,,,,30.16736,10.46435,official_emis,exact,open
LBY_001512,BI-044,LBY,ALOLA,العلا,2,Preparatory,public,Libya,Benghazi,,,,,,32.12179,20.10914,official_emis,exact,closed_temporary
LBY_001513,KU-282,LBY,ALOLOM ALEQTESADYA,العلوم الاقتصادية,3,Secondary (Economic Sciences),public,Libya,An Nuqat al Khams,,,,,,32.88737,11.98944,official_emis,exact,closed_temporary
LBY_001514,WM-341,LBY,ALOREYA,الحرية,1|2,Primary|Preparatory,public,Libya,Ghadamis,,,,,,31.8371,11.83188,official_emis,exact,open
LBY_001515,KU-022,LBY,ALOROBA,العروبة,1,Primary,public,Libya,An Nuqat al Khams,,,,,,32.75154,12.4363,official_emis,exact,closed_temporary
LBY_001516,ZA-031,LBY,ALOROBA,العروبة,1|2,Primary|Preparatory,public,Libya,Az Zawiyah,,,,,,32.72353,12.78648,official_emis,exact,closed_temporary
LBY_001517,WS-021,LBY,ALOROBA,العروبة,1|2,Primary|Preparatory,public,Libya,Ash Shati',,,,,,27.54023,14.23141,official_emis,exact,open
LBY_001518,WM-256,LBY,ALOROBAA,العروبة,1|2,Primary|Preparatory,public,Libya,Mizdah,,,,,,32.01984,12.52291,official_emis,exact,open
LBY_001519,BI-507,LBY,ALOROUBA,العروبة,1,Primary,public,Libya,Benghazi,,,,,,32.132079,20.095612,official_emis,exact,closed_temporary
LBY_001520,BI-247,LBY,ALOROUBA,العروبة,1|2,Primary|Preparatory,public,Libya,Benghazi,,,,,,32.132079,20.095612,official_emis,exact,closed_temporary
LBY_001521,WM-166,LBY,ALORWBT,العروبة,1|2,Primary|Preparatory,public,Libya,Mizdah,,,,,,32.17251,12.8551,official_emis,exact,open
LBY_001522,MU-298,LBY,ALOUD ARBUT,الوحدة العربية,1|2,Primary|Preparatory,public,Libya,Misratah,,,,,,31.773806,14.044371,official_emis,exact,open
LBY_001523,MU-296,LBY,ALOUTK,الوثيق الخضراء,3,Secondary (Engineering Sciences),public,Libya,Misratah,,,,,,31.76997,14.044111,official_emis,exact,open
LBY_001524,KU-118,LBY,ALPSHAER,البشائر,1|2,Primary|Preparatory,public,Libya,An Nuqat al Khams,,,,,,32.73517,12.26944,official_emis,exact,open
LBY_001525,TR-243,LBY,ALQABS,القبس,3,Secondary (Medical Sciences)|Secondary (Economic Sciences),public,Libya,Tajura' wa an Nawahi al Arba,,,,,,32.89263,13.25716,official_emis,exact,closed_temporary
LBY_001526,NA-135,LBY,ALQABS,القبس,1|2,Primary|Preparatory,public,Libya,Ghadamis,,,,,,32.00385,11.34768,official_emis,exact,open
LBY_001527,TU-043,LBY,ALQADESEYA,القادسية,1|2,Primary|Preparatory,public,Libya,Al Butnan,,,,,,31.96018,23.93869,official_emis,exact,open
LBY_001528,ZA-204,LBY,ALQADESEYA,القادسية,1|2,Primary|Preparatory,public,Libya,Az Zawiyah,,,,,,32.39916,12.64118,official_emis,exact,closed_temporary
LBY_001529,TR-070,LBY,ALQADESEYA,القادسية,3,Secondary (Medical Sciences)|Secondary (Engineering Sciences)|Secondary (Economic Sciences),public,Libya,Az Zawiyah,,,,,,32.84842,13.08655,official_emis,exact,open
LBY_001530,SA-077,LBY,ALQADESEYA BANAT,القادسية بنات,1,Primary,public,Libya,Sabha,,,,,,27.04044,14.41776,official_emis,exact,open
LBY_001531,SA-002,LBY,ALQADESEYA BANAT,القادسية بنات,1|2,Primary|Preparatory,public,Libya,Sabha,,,,,,27.04044,14.41776,official_emis,exact,open
LBY_001532,WM-258,LBY,ALQADESIA,القادسية,1|2,Primary|Preparatory,public,Libya,Mizdah,,,,,,32.05524,12.56229,official_emis,exact,open
LBY_001533,TR-502,LBY,ALQADESIA,القادسيه,1|2,Primary|Preparatory,public,Libya,Tajura' wa an Nawahi al Arba,,,,,,32.85529,13.32857,official_emis,exact,open
LBY_001534,AJ-009,LBY,ALQADESIA,القادسية,1,Primary,public,Libya,Ajdabiya,,,,,,30.74546,20.20289,official_emis,exact,open
LBY_001535,WS-013,LBY,ALQADESYA,القادسية,1|2,Primary|Preparatory,public,Libya,Ash Shati',,,,,,27.55494,14.27085,official_emis,exact,open
LBY_001536,KU-279,LBY,ALQADESYA,القادسية,3,Secondary (Medical Sciences),public,Libya,An Nuqat al Khams,,,,,,32.81718,12.09073,official_emis,exact,closed_temporary
LBY_001537,ZA-189,LBY,ALQADESYA,القادسيه,2|3,Preparatory|Secondary (Medical Sciences),public,Libya,Az Zawiyah,,,,,,32.73006,12.61706,official_emis,exact,closed_temporary
LBY_001538,GM-162,LBY,ALQADESYA,القادسية,3,Secondary (Engineering Sciences)|Secondary (Economic Sciences),public,Libya,Al Jabal al Akhdar,,,,,,32.84192,21.51825,official_emis,exact,closed_temporary
LBY_001539,KU-027,LBY,ALQADESYA,القادسية,1|2,Primary|Preparatory,public,Libya,An Nuqat al Khams,,,,,,32.76664,12.46851,official_emis,exact,closed_temporary
LBY_001540,BI-046,LBY,ALQADESYA,القادسية,1|2,Primary|Preparatory,public,Libya,Benghazi,,,,,,32.1203,20.11639,official_emis,exact,open
LBY_001541,MI-514,LBY,ALQADISIA,القادسية,1|2,Primary|Preparatory,public,Libya,Al Marqab,,,,,,32.55467,14.26614,official_emis,exact,open
LBY_001542,MI-435,LBY,ALQAHERA,القاهرة,1|2,Primary|Preparatory,public,Libya,Al Marqab,,,,,,32.62596,14.2295,official_emis,exact,open
LBY_001543,WM-259,LBY,ALQASABA ALEEDADIA,القصبة الاعدادية,2,Preparatory,public,Libya,Mizdah,,,,,,32.04856,12.58003,official_emis,exact,open
LBY_001544,JU-006,LBY,ALQASER ALEBTEDAEYA,القصير الإبتدائية,1,Primary,public,Libya,Al Jufrah,,,,,,29.08385,15.94681,official_emis,exact,open
LBY_001545,MO-011,LBY,ALQATRON,القطرون  الثانوية,3,Secondary (Medical Sciences)|Secondary (Engineering Sciences)|Secondary (Economic Sciences),public,Libya,Murzuq,,,,,,24.88732,14.5238,official_emis,exact,open
LBY_001546,MO-076,LBY,ALQATRON ALASASEYA,القطرون الاساسية,2,Preparatory,public,Libya,Murzuq,,,,,,24.89161,14.52536,official_emis,exact,open
LBY_001547,MA-093,LBY,ALQAWAFEL,القوافل,1,Primary,public,Libya,Al Marj,,,,,,31.85177,21.60482,official_emis,exact,open
LBY_001548,MI-357,LBY,ALQAWMEN,القومن,1|2,Primary|Preparatory,public,Libya,Al Marqab,,,,,,32.47436,13.79083,official_emis,exact,open
LBY_001549,BI-124,LBY,ALQAYRAWAN,القيروان,1,Primary,public,Libya,Benghazi,,,,,,32.085116,20.078859,official_emis,exact,open
LBY_001550,BI-479,LBY,ALQAYRAWAN,القيروان,1,Primary,public,Libya,Benghazi,,,,,,32.085116,20.078859,official_emis,exact,open
LBY_001551,WH-042,LBY,ALQDESYA,القادسية الابتدائية,1,Primary,public,Libya,Wadi al Hayaa,,,,,,26.64439,13.65213,official_emis,exact,open
LBY_001552,JA-010,LBY,ALQDESYA,القادسية,1|2,Primary|Preparatory,public,Libya,Al Marqab,,,,,,32.46295,14.55282,official_emis,exact,open
LBY_001553,MI-518,LBY,ALQDS,القدس,1|2,Primary|Preparatory,public,Libya,Al Marqab,,,,,,32.60963,14.33544,official_emis,exact,closed_temporary
LBY_001554,WS-048,LBY,ALQLAA,القلة,1|2,Primary|Preparatory,public,Libya,Ash Shati',,,,,,27.57414,13.63169,official_emis,exact,open
LBY_001555,SI-060,LBY,ALQLAA ALSENAEYA,القلعة الصناعية,1|2,Primary|Preparatory,public,Libya,Surt,,,,,,30.58484,18.4182,official_emis,exact,open
LBY_001556,MO-062,LBY,ALQLEB,القليب,1|2,Primary|Preparatory,public,Libya,Murzuq,,,,,,25.86064,14.28068,official_emis,exact,open
LBY_001557,MO-109,LBY,ALQLEB,القليب,1,Primary,public,Libya,Murzuq,,,,,,25.86064,14.28068,official_emis,exact,open
LBY_001558,MA-031,LBY,ALQODAS,القدس,1,Primary,public,Libya,Al Marj,,,,,,32.53475,20.58485,official_emis,exact,open
LBY_001559,JU-005,LBY,ALQODES,القدس,1|2,Primary|Preparatory,public,Libya,Al Jufrah,,,,,,29.12834,15.96166,official_emis,exact,open
LBY_001560,NA-124,LBY,ALQODES,القدس,1|2,Primary|Preparatory,public,Libya,Ghadamis,,,,,,32.00072,11.38495,official_emis,exact,open
LBY_001561,KU-238,LBY,ALQODES,القدس,1|2,Primary|Preparatory,public,Libya,An Nuqat al Khams,,,,,,32.92589,11.90523,official_emis,exact,closed_temporary
LBY_001562,MO-028,LBY,ALQODES,القدس,1,Primary,public,Libya,Murzuq,,,,,,25.91139,13.92434,official_emis,exact,open
LBY_001563,SI-066,LBY,ALQODES,القدس,1|2,Primary|Preparatory,public,Libya,Surt,,,,,,30.58546,18.41406,official_emis,exact,open
LBY_001564,MA-068,LBY,ALQODOS,القدس,1|2,Primary|Preparatory,public,Libya,Al Marj,,,,,,32.42087,20.82233,official_emis,exact,open
LBY_001565,JA-020,LBY,ALQODS,القدس,1|2,Primary|Preparatory,public,Libya,Al Marqab,,,,,,32.46641,13.48471,official_emis,exact,closed_temporary
LBY_001566,MI-269,LBY,ALQODS,القدس,1|2,Primary|Preparatory,public,Libya,Tajura' wa an Nawahi al Arba,,,,,,32.76884,13.71468,official_emis,exact,closed_temporary
LBY_001567,BI-231,LBY,ALQODS,القدس,1,Primary,public,Libya,Benghazi,,,,,,32.111917,20.06179,official_emis,exact,open
LBY_001568,JA-187,LBY,ALQODS,القدس,1|2,Primary|Preparatory,public,Libya,Al Marqab,,,,,,32.48493,14.48166,official_emis,exact,open
LBY_001569,TU-026,LBY,ALQODUS,القدس,1|2,Primary|Preparatory,public,Libya,Al Butnan,,,,,,32.07801,23.91069,official_emis,exact,open
LBY_001570,MA-150,LBY,ALQORDABEA,القرضابيه,3,Secondary (Medical Sciences)|Secondary (Economic Sciences),public,Libya,Al Marj,,,,,,32.49025,20.83287,official_emis,exact,closed_temporary
LBY_001571,SI-011,LBY,ALQORDABEA,القرضابيه,1,Primary,public,Libya,Surt,,,,,,31.05396,16.66581,official_emis,exact,open
LBY_001572,TR-566,LBY,ALQORDABEIA LERASHEDAT,القرضابية لراشدات,1|2,Primary|Preparatory,public,Libya,Az Zawiyah,,,,,,32.8474,13.086,official_emis,exact,open
LBY_001573,MU-003,LBY,ALQORDABYA,القرضابية,1|2|3,Primary|Preparatory|Secondary (Medical Sciences),public,Libya,Misratah,,,,,,32.392833,15.073887,official_emis,exact,open
LBY_001574,ZA-035,LBY,ALQORTABIA,القرضابية,2,Preparatory,public,Libya,Az Zawiyah,,,,,,32.74934,12.74078,official_emis,exact,closed_temporary
LBY_001575,TU-059,LBY,ALQRBUT ALBTDA,القرضبة الابتدائية,1,Primary,public,Libya,Al Butnan,,,,,,32.13567,23.48084,official_emis,exact,open
LBY_001576,TU-057,LBY,ALQRDOBA,القرضبة الثانوية,3,Secondary (Medical Sciences)|Secondary (Economic Sciences),public,Libya,Al Butnan,,,,,,32.13773,23.48212,official_emis,exact,open
LBY_001577,KU-026,LBY,ALQUDS,القدس,1|2,Primary|Preparatory,public,Libya,An Nuqat al Khams,,,,,,32.7219,12.45786,official_emis,exact,closed_temporary
LBY_001578,BI-525,LBY,ALQUDS,القدس,1,Primary,public,Libya,Benghazi,,,,,,32.111917,20.06179,official_emis,exact,open
LBY_001579,GM-027,LBY,ALQUDS,القدس,1|2,Primary|Preparatory,public,Libya,Al Jabal al Akhdar,,,,,,32.75947,21.77179,official_emis,exact,open
LBY_001580,GM-200,LBY,ALQUDS,القدس,1,Primary,public,Libya,Al Jabal al Akhdar,,,,,,32.75947,21.77179,official_emis,exact,open
LBY_001581,MI-313,LBY,ALQUDS,القدس,1|2,Primary|Preparatory,public,Libya,Al Marqab,,,,,,32.56491,13.6804,official_emis,exact,open
LBY_001582,SA-021,LBY,ALQUDS,القدس,3,Secondary (Medical Sciences),public,Libya,Sabha,,,,,,27.02505,14.43236,official_emis,exact,open
LBY_001583,WM-028,LBY,ALQUDS ALTANAWEYA,القدس التانوية,3,Secondary (Medical Sciences),public,Libya,Mizdah,,,,,,32.17286,13.01543,official_emis,exact,closed_temporary
LBY_001584,MI-170,LBY,ALQWADER,القوادر,1|2,Primary|Preparatory,public,Libya,Al Marqab,,,,,,32.58191,13.88317,official_emis,exact,open
LBY_001585,MI-282,LBY,ALQWIAA,القويعة الثانوية,3,Secondary (Medical Sciences),public,Libya,Tajura' wa an Nawahi al Arba,,,,,,32.70866,13.60828,official_emis,exact,open
LBY_001586,BI-287,LBY,ALRABE ALARBE,الربيع العربى,1|2,Primary|Preparatory,public,Libya,Benghazi,,,,,,32.078831,20.058839,official_emis,exact,open
LBY_001587,TR-014,LBY,ALRABEA,الربيع,1,Primary,public,Libya,Az Zawiyah,,,,,,32.85328,13.074412,official_emis,exact,open
LBY_001588,JA-079,LBY,ALRABEEA,الربيع,1|2,Primary|Preparatory,public,Libya,Az Zawiyah,,,,,,32.70662,12.93278,official_emis,exact,open
LBY_001589,BI-045,LBY,ALRABTA,الرابطة,3,Secondary (Engineering Sciences)|Secondary (Economic Sciences),public,Libya,Benghazi,,,,,,32.11112,20.12585,official_emis,exact,open
LBY_001590,JA-281,LBY,ALRAFAFEA ALGANOBEA,الرفافيه الجنوبيه,1|2,Primary|Preparatory,public,Libya,Al Jifarah,,,,,,32.65826,12.96815,official_emis,exact,open
LBY_001591,MU-280,LBY,ALRAIA,الرايه,1|2,Primary|Preparatory,public,Libya,Misratah,,,,,,31.764548,13.984453,official_emis,exact,open
LBY_001592,KU-219,LBY,ALRAIT ALGTRAE,الراية الخضراء,1|2,Primary|Preparatory,public,Libya,An Nuqat al Khams,,,,,,32.86922,11.92572,official_emis,exact,closed_temporary
LBY_001593,MI-234,LBY,ALRAJAA',الرجاء,1|2,Primary|Preparatory,public,Libya,Tajura' wa an Nawahi al Arba,,,,,,32.84121,13.16848,official_emis,exact,open
LBY_001594,JA-153,LBY,ALRAMLA,الرمله,1|2,Primary|Preparatory,public,Libya,Al Jifarah,,,,,,32.66991,13.12299,official_emis,exact,closed_temporary
LBY_001595,BI-084,LBY,ALRAQTA,الرقطة,1|2|3,Primary|Preparatory|Secondary (Economic Sciences),public,Libya,Benghazi,,,,,,31.27289,20.15198,official_emis,exact,closed_temporary
LBY_001596,TR-237,LBY,ALRASHEED,الرشيد,1|2,Primary|Preparatory,public,Libya,Tajura' wa an Nawahi al Arba,,,,,,32.8731,13.20031,official_emis,exact,open
LBY_001597,TR-535,LBY,ALRASHID,الرشيد,1|2,Primary|Preparatory,public,Libya,Tajura' wa an Nawahi al Arba,,,,,,32.86182,13.38237,official_emis,exact,open
LBY_001598,SI-062,LBY,ALRAZEE,الرازي,1|2|3,Primary|Preparatory|Secondary (Engineering Sciences),public,Libya,Surt,,,,,,30.90787,17.71716,official_emis,exact,open
LBY_001599,MA-168,LBY,ALRBTH,الرابطة,3,Secondary (Economic Sciences),public,Libya,Al Marj,,,,,,32.2728,20.65036,official_emis,exact,open
LBY_001600,JA-157,LBY,ALREIAD,الرياض,1|2,Primary|Preparatory,public,Libya,Tajura' wa an Nawahi al Arba,,,,,,32.65458,13.1665,official_emis,exact,closed_temporary
LBY_001601,TR-501,LBY,ALRESALA,الرساله,3,Secondary (Medical Sciences)|Secondary (Engineering Sciences),public,Libya,Tajura' wa an Nawahi al Arba,,,,,,32.89245,13.32793,official_emis,exact,open
LBY_001602,BI-165,LBY,ALRESALA ALMOQADASA,الرسالة المقدسة,1|2,Primary|Preparatory,public,Libya,Benghazi,,,,,,32.089812,20.104606,official_emis,exact,open
LBY_001603,MI-262,LBY,ALRESALA ALMOQADDASA,الرساله المقدسة,1|2,Primary|Preparatory,public,Libya,Tajura' wa an Nawahi al Arba,,,,,,32.69024,13.75149,official_emis,exact,open
LBY_001604,MI-086,LBY,ALREWASHADEA,الرواشدية,1|2,Primary|Preparatory,public,Libya,Tajura' wa an Nawahi al Arba,,,,,,32.65284,13.78985,official_emis,exact,open
LBY_001605,NA-114,LBY,ALRIADT,الريادة,1|2,Primary|Preparatory,public,Libya,Ghadamis,,,,,,32.00717,11.3332,official_emis,exact,open
LBY_001606,WS-017,LBY,ALRISALA ALMOHAMADYA,الرسالة المحمدية,1|2,Primary|Preparatory,public,Libya,Ash Shati',,,,,,27.57385,14.25399,official_emis,exact,open
LBY_001607,MU-239,LBY,ALRIUT ALRAI,الراية االخضراء,1|2,Primary|Preparatory,public,Libya,Al Marqab,,,,,,32.42646,14.74389,official_emis,exact,open
LBY_001608,JA-290,LBY,ALRMAMIA ALSHMALIA,الرمامية الشمالية,1|2,Primary|Preparatory,public,Libya,Al Jifarah,,,,,,32.67014,12.98758,official_emis,exact,open
LBY_001609,WM-397,LBY,ALROZBAN ALMARKAZEA,ثانوية الرجبان المركزية,3,Secondary (Engineering Sciences)|Secondary (Economic Sciences),public,Libya,Mizdah,,,,,,31.98086,12.10564,official_emis,exact,open
LBY_001610,WM-387,LBY,ALRUJBAN,الرجبان,1|2,Primary|Preparatory,public,Libya,Mizdah,,,,,,31.98277,12.11311,official_emis,exact,open
LBY_001611,MI-288,LBY,ALRWAJEH,الرواجح,1|2,Primary|Preparatory,public,Libya,Tajura' wa an Nawahi al Arba,,,,,,32.69049,13.71696,official_emis,exact,closed_temporary
LBY_001612,KU-184,LBY,ALRWEMED,الرويمض,1|2|3,Primary|Preparatory|Secondary (Medical Sciences),public,Libya,An Nuqat al Khams,,,,,,32.97409,11.84449,official_emis,exact,closed_temporary
LBY_001613,JA-274,LBY,ALSAADIT ALSHRGIT,الساعدية الشرقية,1|2,Primary|Preparatory,public,Libya,Al Jifarah,,,,,,32.59284,13.0663,official_emis,exact,open
LBY_001614,MU-221,LBY,ALSABA ALTANWEA,السبعة التانوية,3,Secondary (Medical Sciences)|Secondary (Engineering Sciences),public,Libya,Al Marqab,,,,,,32.43863,14.59204,official_emis,exact,open
LBY_001615,MI-475,LBY,ALSABAH,السبعه,1|2,Primary|Preparatory,public,Libya,Al Marqab,,,,,,32.56252,14.38142,official_emis,exact,closed_temporary
LBY_001616,WM-154,LBY,ALSABAT ALTANWIT,الاصابعة الثانوية,3,Secondary (Engineering Sciences)|Secondary (Economic Sciences),public,Libya,Mizdah,,,,,,32.04005,12.87319,official_emis,exact,open
LBY_001617,WH-012,LBY,ALSABEA ASHAR MEN FEBRAYER,السابع عشر من فبراير,1|2,Primary|Preparatory,public,Libya,Wadi al Hayaa,,,,,,26.57707,12.91927,official_emis,exact,open
LBY_001618,TR-135,LBY,ALSABH MEN ABREEL,السابع من ابريل,3,Secondary (Medical Sciences)|Secondary (Engineering Sciences),public,Libya,Tajura' wa an Nawahi al Arba,,,,,,32.8897,13.1849,official_emis,exact,open
LBY_001619,ZA-165,LBY,ALSABREYA,الصابرية,1|2|3,Primary|Preparatory|Secondary (Economic Sciences),public,Libya,Az Zawiyah,,,,,,32.75179,12.66423,official_emis,exact,closed_temporary
LBY_001620,BI-011,LBY,ALSAD SARA,السيده سارة,1,Primary,public,Libya,Benghazi,,,,,,32.13406,20.108,official_emis,exact,open
LBY_001621,JA-291,LBY,ALSADAWE NSR,السعداوى نصر,1|2,Primary|Preparatory,public,Libya,Al Jifarah,,,,,,32.56183,12.99412,official_emis,exact,open
LBY_001622,BI-497,LBY,ALSADIQA,الصديقة,1,Primary,public,Libya,Benghazi,,,,,,32.093848,20.130363,official_emis,exact,open
LBY_001623,BI-208,LBY,ALSADIQA,الصديقة,1|2,Primary|Preparatory,public,Libya,Benghazi,,,,,,32.093848,20.130363,official_emis,exact,open
LBY_001624,GM-188,LBY,ALSADKA,الصديقة,1,Primary,public,Libya,Al Jabal al Akhdar,,,,,,32.76876,21.7479,official_emis,exact,open
LBY_001625,GM-012,LBY,ALSADKA,الصديقة,1|2,Primary|Preparatory,public,Libya,Al Jabal al Akhdar,,,,,,32.76876,21.7479,official_emis,exact,open
LBY_001626,MU-157,LBY,ALSAFWA,الصفوة,1|2,Primary|Preparatory,public,Libya,Misratah,,,,,,32.39032,14.98716,official_emis,exact,open
LBY_001627,ZA-160,LBY,ALSAGH ALTAHER ALZAWE,الشيخ الطاهر الزاوى,1|2,Primary|Preparatory,public,Libya,Az Zawiyah,,,,,,32.76414,12.69069,official_emis,exact,open
LBY_001628,MI-343,LBY,ALSAGIA WA ALWADI,الساقية والوادي,1|2,Primary|Preparatory,public,Libya,Al Marqab,,,,,,32.39566,13.60288,official_emis,exact,open
LBY_001629,WM-255,LBY,ALSAH ABO ALQASAMA ALKLAWE,الشيخ ابوالقاسم القلعاوى,2,Preparatory,public,Libya,Mizdah,,,,,,32.05875,12.57439,official_emis,exact,open
LBY_001630,MU-177,LBY,ALSAHAABA,الصحابه,1|2,Primary|Preparatory,public,Libya,Misratah,,,,,,32.36263,14.81267,official_emis,exact,open
LBY_001631,ZA-001,LBY,ALSAHABA,الصحابة,1|2,Primary|Preparatory,public,Libya,Az Zawiyah,,,,,,32.75496,12.71148,official_emis,exact,open
LBY_001632,ZA-194,LBY,ALSAHAL ALAKTAR,السهل الاخضر,1|2,Primary|Preparatory,public,Libya,Az Zawiyah,,,,,,32.64557,12.56539,official_emis,exact,open
LBY_001633,MU-359,LBY,ALSAHED ALEZAME,الشهيد العزامى,1|2,Primary|Preparatory,public,Libya,Al Marqab,,,,,,32.32021,14.57579,official_emis,exact,open
LBY_001634,KU-156,LBY,ALSAHED ALI ALJABER,الشهيد على الجابر,1|2,Primary|Preparatory,public,Libya,An Nuqat al Khams,,,,,,32.92769,12.07998,official_emis,exact,closed_temporary
LBY_001635,ZA-224,LBY,ALSAHED ALI ALSEB,الشهيد على الصائب,1|2,Primary|Preparatory,public,Libya,Az Zawiyah,,,,,,32.76872,12.61476,official_emis,exact,closed_temporary
LBY_001636,BI-080,LBY,ALSAHED EBARAHEM ALFEAL,الشهيد ابراهيم الفيل,1|2,Primary|Preparatory,public,Libya,Benghazi,,,,,,32.28403,20.23526,official_emis,exact,open
LBY_001637,MA-036,LBY,ALSAHED KALAD BAREDAN,الشهيد خالد بريدان,1,Primary,public,Libya,Benghazi,,,,,,32.4608,20.48797,official_emis,exact,open
LBY_001638,ZA-024,LBY,ALSAHED RAMADAN ZAMAT,الشهيد رمضان زعيمط,1|2|3,Primary|Preparatory|Secondary (Medical Sciences),public,Libya,Az Zawiyah,,,,,,32.73972,12.71705,official_emis,exact,closed_temporary
LBY_001639,MI-188,LBY,ALSAHEL ALAKDAR,السهل الاخضر,1|2,Primary|Preparatory,public,Libya,Al Marqab,,,,,,32.46693,14.61628,official_emis,exact,open
LBY_001640,DA-178,LBY,ALSAHEL ALSHARQEE,عين ماره,1,Primary,public,Libya,Al Qubbah,,,,,,32.74723,22.38726,official_emis,exact,open
LBY_001641,BI-166,LBY,ALSAIDA ZAINAB,السيدة زينب,1,Primary,public,Libya,Benghazi,,,,,,32.093708,20.096083,official_emis,exact,open
LBY_001642,TR-148,LBY,ALSAIUDA HAFSA,السيدة حفصة,1,Primary,public,Libya,Az Zawiyah,,,,,,32.84877,13.0767,official_emis,exact,closed_temporary
LBY_001643,MI-246,LBY,ALSAKOR,الصقور,1|2,Primary|Preparatory,public,Libya,Tajura' wa an Nawahi al Arba,,,,,,32.74117,13.75053,official_emis,exact,open
LBY_001644,MU-252,LBY,ALSAKRALAWHED,الصقر الاوحد,1,Primary,public,Libya,Al Marqab,,,,,,32.45358,14.519,official_emis,exact,open
LBY_001645,JU-003,LBY,ALSALAM,السلام,1,Primary,public,Libya,Al Jufrah,,,,,,29.12219,15.95708,official_emis,exact,open
LBY_001646,JU-056,LBY,ALSALAM,السلام,1,Primary,public,Libya,Al Jufrah,,,,,,29.12219,15.95708,official_emis,exact,open
LBY_001647,MU-360,LBY,ALSALOO ALKADRA,الصلول الخضر,1|2,Primary|Preparatory,public,Libya,Al Marqab,,,,,,32.38284,14.55773,official_emis,exact,open
LBY_001648,MI-021,LBY,ALSAMODA,الصمود,1|2,Primary|Preparatory,public,Libya,Al Marqab,,,,,,32.35602,13.38584,official_emis,exact,open
LBY_001649,MI-113,LBY,ALSANAD,السند,1|2,Primary|Preparatory,public,Libya,Al Marqab,,,,,,32.67437,13.86745,official_emis,exact,open
LBY_001650,MA-027,LBY,ALSAPA MN NWFNPR,السابع من نوفنبر,2,Preparatory,public,Libya,Benghazi,,,,,,32.5277,20.57426,official_emis,exact,open
LBY_001651,MA-078,LBY,ALSAQER ALWAHEED,الصقر الوحيد,1,Primary,public,Libya,Al Marj,,,,,,32.42121,20.92553,official_emis,exact,open
LBY_001652,TR-305,LBY,ALSAQRE ALAWHAD,الصقر الاوحد سابقا,3,Secondary (Medical Sciences),public,Libya,Tajura' wa an Nawahi al Arba,,,,,,32.86283,13.20888,official_emis,exact,open
LBY_001653,MO-014,LBY,ALSBUT ALTNOA,السبيطات الثانوية,3,Secondary (Medical Sciences)|Secondary (Engineering Sciences)|Secondary (Economic Sciences),public,Libya,Murzuq,,,,,,26.09725,13.69019,official_emis,exact,open
LBY_001654,MI-448,LBY,ALSDR ACACI,السدر أساسى,1|2,Primary|Preparatory,public,Libya,Al Marqab,,,,,,32.56062,14.34943,official_emis,exact,open
LBY_001655,MI-129,LBY,ALSDUK,الصديق,1|2,Primary|Preparatory,public,Libya,Al Marqab,,,,,,32.50946,14.07649,official_emis,exact,open
LBY_001656,DA-138,LBY,ALSDUQ,الصديق,1,Primary,public,Libya,Al Qubbah,,,,,,32.76486,22.606,official_emis,exact,open
LBY_001657,DA-015,LBY,ALSDUQ,الصديق,2,Preparatory,public,Libya,Al Qubbah,,,,,,32.76486,22.606,official_emis,exact,open
LBY_001658,BI-043,LBY,ALSEDA AISHA,السيدة عائشة,1,Primary,public,Libya,Benghazi,,,,,,32.12205,20.11033,official_emis,exact,open
LBY_001659,BI-460,LBY,ALSEDA AISHA,السيدة عائشة,1,Primary,public,Libya,Benghazi,,,,,,32.12205,20.11033,official_emis,exact,open
LBY_001660,TR-262,LBY,ALSEDEQ KSHON,الصديق كشون,1|2,Primary|Preparatory,public,Libya,Tajura' wa an Nawahi al Arba,,,,,,32.87988,13.25171,official_emis,exact,open
LBY_001661,JA-136,LBY,ALSEDRA,السدرة,1|2,Primary|Preparatory,public,Libya,Al Jifarah,,,,,,32.64399,13.13984,official_emis,exact,closed_temporary
LBY_001662,ZA-020,LBY,ALSEEDA ZENAB,السيده زينب,1|2,Primary|Preparatory,public,Libya,Az Zawiyah,,,,,,32.67497,12.77911,official_emis,exact,closed_temporary
LBY_001663,JA-169,LBY,ALSHAAB,الشعب,1|2,Primary|Preparatory,public,Libya,Al Marqab,,,,,,32.47986,14.49537,official_emis,exact,open
LBY_001664,JA-197,LBY,ALSHAB ALTAAER,الشعب الثائر,3,Secondary (Medical Sciences)|Secondary (Engineering Sciences),public,Libya,Az Zawiyah,,,,,,32.67875,12.9429,official_emis,exact,open
LBY_001665,TR-366,LBY,ALSHAB LALKPAR,الشعب للكبار,1|2,Primary|Preparatory,public,Libya,Tajura' wa an Nawahi al Arba,,,,,,32.85509,13.1797,official_emis,exact,open
LBY_001666,WM-343,LBY,ALSHABAB,الشباب,1|2,Primary|Preparatory,public,Libya,Ghadamis,,,,,,31.87727,11.79078,official_emis,exact,open
LBY_001667,MI-263,LBY,ALSHAEED ALDAWEE,الشهيد الضاوي,1|2,Primary|Preparatory,public,Libya,Tajura' wa an Nawahi al Arba,,,,,,32.61735,13.58096,official_emis,exact,open
LBY_001668,DA-070,LBY,ALSHAHED AHMED ALENDAWEY,الشهيد احمد الهنداوي,1|2,Primary|Preparatory,public,Libya,Al Qubbah,,,,,,32.75015,22.38616,official_emis,exact,open
LBY_001669,DA-158,LBY,ALSHAHED AHMED ALHENDAWEY,الشهيد احمد الهنداوي,1,Primary,public,Libya,Al Qubbah,,,,,,32.75015,22.38616,official_emis,exact,open
LBY_001670,KU-154,LBY,ALSHAHED EBRAHEM ALMAQTOOF,الشهيد ابراهيم المقطوف,1|2,Primary|Preparatory,public,Libya,An Nuqat al Khams,,,,,,32.92965,12.09945,official_emis,exact,closed_temporary
LBY_001671,SI-051,LBY,ALSHAHED ELSNOSY ALKASAH,الشهيد السنوسي الكاسح,1|2|3,Primary|Preparatory|Secondary (Medical Sciences),public,Libya,Misratah,,,,,,31.34739,15.5713,official_emis,exact,open
LBY_001672,MA-028,LBY,ALSHAHED EMHEMED BA`OR,الشهيد امحمد الباعور,1|2,Primary|Preparatory,public,Libya,Al Marj,,,,,,32.5349,20.58347,official_emis,exact,open
LBY_001673,MA-190,LBY,ALSHAHED EMHEMED BA`OR,الشهيد امحمد الباعور,1,Primary,public,Libya,Al Marj,,,,,,32.5349,20.58347,official_emis,exact,open
LBY_001674,MA-024,LBY,ALSHAHED HAMAD ALTRT,الشهيد حمد الترت,1,Primary,public,Libya,Al Marj,,,,,,32.42293,20.61226,official_emis,exact,open
LBY_001675,WM-126,LBY,ALSHAHED MOHAMED ALWHESHE,الشهيد محمد الوحيشي,1|2,Primary|Preparatory,public,Libya,Mizdah,,,,,,32.01937,12.90084,official_emis,exact,open
LBY_001676,MA-030,LBY,ALSHAHED OMAR ALMUKHTAR,الشهيد عمر النختار,1,Primary,public,Libya,Benghazi,,,,,,32.53286,20.57112,official_emis,exact,open
LBY_001677,JA-017,LBY,ALSHAHED OMER ALMOKHTAR,الشهيد عمر المختار,1|2,Primary|Preparatory,public,Libya,Al Marqab,,,,,,32.47882,14.57907,official_emis,exact,open
LBY_001678,DA-133,LBY,ALSHAHED SALEH MADKOR,الشهيد صالح مدكور,1,Primary,public,Libya,Al Qubbah,,,,,,32.75545,22.24763,official_emis,exact,open
LBY_001679,MA-077,LBY,ALSHAHED SLEMAN SAEED,الشهيد سليمان سعيد,1|2,Primary|Preparatory,public,Libya,Al Marj,,,,,,32.51049,20.64617,official_emis,exact,open
LBY_001680,MA-029,LBY,ALSHAHED SLIMAN SAID,الشهيد سليمان سعيد,1|2|3,Primary|Preparatory|Secondary (Medical Sciences),public,Libya,Al Marj,,,,,,32.5332,20.5928,official_emis,exact,open
LBY_001681,SI-112,LBY,ALSHAHED YAHYIA AL SAHBE,الشهيد يحيى الصهبي,3,Secondary (Medical Sciences)|Secondary (Engineering Sciences)|Secondary (Economic Sciences),public,Libya,Surt,,,,,,31.05555,17.28324,official_emis,exact,open
LBY_001682,MA-142,LBY,ALSHAHED YOUSEF ABDALSALAM,الشهيد يوسف عبد السلام,3,Secondary (Economic Sciences),public,Libya,Benghazi,,,,,,32.52548,20.57293,official_emis,exact,open
LBY_001683,NA-110,LBY,ALSHAHEDA EZAERA,الشهيده الزائره,3,Secondary (Economic Sciences),public,Libya,Ghadamis,,,,,,32.06149,11.54595,official_emis,exact,open
LBY_001684,MI-093,LBY,ALSHAHEDA LILA,الشهيدة ليلى,1|2,Primary|Preparatory,public,Libya,Al Marqab,,,,,,32.71565,13.89716,official_emis,exact,open
LBY_001685,BI-161,LBY,ALSHAHEDA METEQA,الشهيدة معيتيقة,3,Secondary (Medical Sciences),public,Libya,Benghazi,,,,,,32.083136,20.117143,official_emis,exact,open
LBY_001686,MI-346,LBY,ALSHAHEED ALSAEH ABO KLEESH,الشهيد السائح ابو كليش,1|2,Primary|Preparatory,public,Libya,Al Marqab,,,,,,32.44174,13.61849,official_emis,exact,open
LBY_001687,TU-032,LBY,ALSHAHEED ALTAYAR,الشهيد الطيار,1|2,Primary|Preparatory,public,Libya,Al Butnan,,,,,,32.07742,23.95199,official_emis,exact,open
LBY_001688,TU-027,LBY,ALSHAHEED BO ATEWA,الشهيد بو عطيوه,1|2,Primary|Preparatory,public,Libya,Al Butnan,,,,,,32.06807,23.96349,official_emis,exact,open
LBY_001689,MA-163,LBY,ALSHAHEED HASAN GLIWAN,الشهيد حسن قليوان,3,Secondary (Medical Sciences)|Secondary (Engineering Sciences),public,Libya,Al Marj,,,,,,32.17726,20.58857,official_emis,exact,open
LBY_001690,BI-098,LBY,ALSHAHEED MAHMAD ALDRAA,الشهيد محمد الدره,1|2,Primary|Preparatory,public,Libya,Benghazi,,,,,,31.79124,20.20076,official_emis,exact,closed_temporary
LBY_001691,KU-259,LBY,ALSHAHEED RAMADAN  ALSAGEER,الشهيد رمضان الصغير,3,Secondary (Economic Sciences),public,Libya,An Nuqat al Khams,,,,,,32.74385,12.34487,official_emis,exact,closed_temporary
LBY_001692,JA-015,LBY,ALSHAHEED SALEM ATTEER,الشهيد سالم التير,1|2,Primary|Preparatory,public,Libya,Al Marqab,,,,,,32.48078,14.59325,official_emis,exact,open
LBY_001693,ZA-025,LBY,ALSHAHEED SHIGLILA,الشهيد الشقليله,1,Primary,public,Libya,Az Zawiyah,,,,,,32.76469,12.71095,official_emis,exact,open
LBY_001694,BI-485,LBY,ALSHAHIDA SANA,الشهيدة سناء,1,Primary,public,Libya,Benghazi,,,,,,32.102881,20.087653,official_emis,exact,open
LBY_001695,BI-167,LBY,ALSHAHIDA SANA,الشهيدة سناء,2,Preparatory,public,Libya,Benghazi,,,,,,32.102881,20.087653,official_emis,exact,open
LBY_001696,WM-125,LBY,ALSHARAF,الشرف,1|2,Primary|Preparatory,public,Libya,Mizdah,,,,,,32.0751,12.90106,official_emis,exact,open
LBY_001697,WM-309,LBY,ALSHARQYA,الشرقيه,1|2,Primary|Preparatory,public,Libya,Mizdah,,,,,,31.94252,12.26976,official_emis,exact,open
LBY_001698,NA-099,LBY,ALSHAWEASH,علي الشاوش,3,Secondary (Medical Sciences)|Secondary (Engineering Sciences)|Secondary (Economic Sciences),public,Libya,Ghadamis,,,,,,31.84019,11.34375,official_emis,exact,open
LBY_001699,WM-298,LBY,ALSHAYEKH ALI AHMED ALQELAWEY,الشيخ علي احمد القلعاوي,3,Secondary (Medical Sciences)|Secondary (Engineering Sciences),public,Libya,Mizdah,,,,,,32.06696,12.56214,official_emis,exact,open
LBY_001700,KU-268,LBY,ALSHBEKA,الشبيكة,3,Secondary (Engineering Sciences),public,Libya,An Nuqat al Khams,,,,,,32.77962,12.22304,official_emis,exact,closed_temporary
LBY_001701,KU-130,LBY,ALSHBEKAA ALMARKAZEA,الشبيكة المركزية,1|2,Primary|Preparatory,public,Libya,An Nuqat al Khams,,,,,,32.77616,12.23601,official_emis,exact,open
LBY_001702,WM-310,LBY,ALSHDIY,الشهداء,1|2,Primary|Preparatory,public,Libya,Mizdah,,,,,,31.93624,12.23031,official_emis,exact,open
LBY_001703,ZA-028,LBY,ALSHEBANI BEN NSRAT,الشيباني بن نصرات,2,Preparatory,public,Libya,Az Zawiyah,,,,,,32.75608,12.73751,official_emis,exact,open
LBY_001704,MI-347,LBY,ALSHED MOHMD SWIDAN,الشهيد محمد سويدان,1|2,Primary|Preparatory,public,Libya,Al Marqab,,,,,,32.51177,13.53155,official_emis,exact,open
LBY_001705,WM-254,LBY,ALSHEED BELGASEM ZAED,الشهيد بلقاسم زايد,1|2,Primary|Preparatory,public,Libya,Mizdah,,,,,,31.99775,12.55902,official_emis,exact,open
LBY_001706,MU-258,LBY,ALSHEED FARHAT,الشهيد فرحات,1|2,Primary|Preparatory,public,Libya,Al Marqab,,,,,,32.45726,14.51262,official_emis,exact,closed_temporary
LBY_001707,MA-209,LBY,ALSHEED MOHAMMED ALKADAN,الشهيد محمد الكدن,1,Primary,public,Libya,Benghazi,,,,,,32.34851,20.31315,official_emis,exact,open
LBY_001708,MA-102,LBY,ALSHEED MOHAMMED ALKADAN,الشهيد محمد الكدن,2,Preparatory,public,Libya,Benghazi,,,,,,32.34851,20.31315,official_emis,exact,open
LBY_001709,MA-191,LBY,ALSHHID CLIMAN SAID,الشهيد سليمان سعيد,1,Primary,public,Libya,Al Marj,,,,,,32.5332,20.5928,official_emis,exact,open
LBY_001710,DA-148,LBY,ALSHHID FTHEI ALTIRT,الشهيد فتحى الطيره,1,Primary,public,Libya,Al Qubbah,,,,,,32.75062,22.64478,official_emis,exact,open
LBY_001711,DA-035,LBY,ALSHHID FTHEI ALTIRT,الشهيد فتحى الطيره,1|2,Primary|Preparatory,public,Libya,Al Qubbah,,,,,,32.75062,22.64478,official_emis,exact,open
LBY_001712,WM-127,LBY,ALSHID MHMD JMAL ALDRT,الشهيد محمد جمال الدرة,1|2,Primary|Preparatory,public,Libya,Mizdah,,,,,,32.06695,12.88481,official_emis,exact,open
LBY_001713,MU-267,LBY,ALSHIDT MAITIGT,الشهيدة معيتيقة,1|2|3,Primary|Preparatory|Secondary (Medical Sciences),public,Libya,Al Marqab,,,,,,32.46343,14.51091,official_emis,exact,closed_temporary
LBY_001714,TU-018,LBY,ALSHIJ ALMPRE,الشيخ المبري,1,Primary,public,Libya,Al Butnan,,,,,,32.09054,23.69397,official_emis,exact,open
LBY_001715,MI-395,LBY,ALSHKIT AND ALWADE,الساقية والوادى,3,Secondary (Medical Sciences),public,Libya,Al Marqab,,,,,,32.39475,13.60351,official_emis,exact,open
LBY_001716,SI-109,LBY,ALSHMOKH,الشموخ,1|2|3,Primary|Preparatory|Secondary (Economic Sciences),public,Libya,Surt,,,,,,31.12817,17.07638,official_emis,exact,open
LBY_001717,WM-253,LBY,ALSHMOKH,الشموخ,1|2,Primary|Preparatory,public,Libya,Mizdah,,,,,,32.04749,12.52197,official_emis,exact,open
LBY_001718,WM-027,LBY,ALSHMOKH,الشموخ,3,Secondary (Medical Sciences)|Secondary (Economic Sciences),public,Libya,Mizdah,,,,,,32.13038,13.00771,official_emis,exact,open
LBY_001719,BI-138,LBY,ALSHMOKH,الشموخ,2,Preparatory,public,Libya,Benghazi,,,,,,31.99421,20.080932,official_emis,exact,closed_temporary
LBY_001720,AJ-025,LBY,ALSHMWJ,الشموخ,1|2,Primary|Preparatory,public,Libya,Ajdabiya,,,,,,30.85914,20.58168,official_emis,exact,open
LBY_001721,ZA-158,LBY,ALSHMWKH,الشموخ,1|2,Primary|Preparatory,public,Libya,Az Zawiyah,,,,,,32.64633,12.59771,official_emis,exact,open
LBY_001722,MI-372,LBY,ALSHOALA,الشعلة,1|2,Primary|Preparatory,public,Libya,Tajura' wa an Nawahi al Arba,,,,,,32.6231,13.67411,official_emis,exact,closed_temporary
LBY_001723,MU-179,LBY,ALSHOALA,الشعله,1|2,Primary|Preparatory,public,Libya,Misratah,,,,,,32.40443,14.84332,official_emis,exact,open
LBY_001724,MI-423,LBY,ALSHOALA,الشعلة,1|2,Primary|Preparatory,public,Libya,Al Marqab,,,,,,32.58021,14.16989,official_emis,exact,open
LBY_001725,BI-263,LBY,ALSHOAR,الشورى,1,Primary,public,Libya,Benghazi,,,,,,32.111285,20.098648,official_emis,exact,open
LBY_001726,TU-117,LBY,ALSHOBA,الشعبة,1|2,Primary|Preparatory,public,Libya,Al Butnan,,,,,,31.26719,23.87716,official_emis,exact,open
LBY_001727,NA-121,LBY,ALSHOHDA,الشهداء,3,Secondary (Economic Sciences),public,Libya,Ghadamis,,,,,,32.00726,11.35363,official_emis,exact,open
LBY_001728,MU-225,LBY,ALSHOLA,الشعلة,1|2,Primary|Preparatory,public,Libya,Al Marqab,,,,,,32.41872,14.61303,official_emis,exact,open
LBY_001729,TU-048,LBY,ALSHOLAA,الشعلة,3,Secondary (Medical Sciences)|Secondary (Engineering Sciences)|Secondary (Economic Sciences),public,Libya,Al Butnan,,,,,,32.08176,23.95643,official_emis,exact,open
LBY_001730,KU-132,LBY,ALSHOLAA ALGARBEYA,الشعلة الغربية,1|2,Primary|Preparatory,public,Libya,An Nuqat al Khams,,,,,,32.7325,12.23138,official_emis,exact,closed_temporary
LBY_001731,MU-402,LBY,ALSHORA,الشورى,1|2,Primary|Preparatory,public,Libya,Al Marqab,,,,,,32.45192,14.56418,official_emis,exact,closed_temporary
LBY_001732,GM-158,LBY,ALSHORA,الشورى,2|3,Preparatory|Secondary (Medical Sciences)|Secondary (Economic Sciences),public,Libya,Al Jabal al Akhdar,,,,,,32.59058,21.713,official_emis,exact,closed_temporary
LBY_001733,MI-091,LBY,ALSHORFA,الشرفاء,1,Primary,public,Libya,Tajura' wa an Nawahi al Arba,,,,,,32.73842,13.81185,official_emis,exact,open
LBY_001734,SI-104,LBY,ALSHOROK,الشروق,1,Primary,public,Libya,Surt,,,,,,31.04647,17.25444,official_emis,exact,open
LBY_001735,NA-002,LBY,ALSHOROOK,الشروق,1|2,Primary|Preparatory,public,Libya,Ghadamis,,,,,,30.98273,10.54709,official_emis,exact,open
LBY_001736,MO-012,LBY,ALSHOROQ,الشروق,3,Secondary (Medical Sciences)|Secondary (Engineering Sciences)|Secondary (Economic Sciences),public,Libya,Murzuq,,,,,,24.8304,14.49857,official_emis,exact,open
LBY_001737,MU-012,LBY,ALSHOROQ,الشروق,1|2,Primary|Preparatory,public,Libya,Misratah,,,,,,32.3945,15.11813,official_emis,exact,open
LBY_001738,BI-120,LBY,ALSHOROQ,الشروق,1,Primary,public,Libya,Benghazi,,,,,,32.093973,20.07324,official_emis,exact,open
LBY_001739,MU-367,LBY,ALSHOROUQ,الشروق,1|2,Primary|Preparatory,public,Libya,Al Marqab,,,,,,32.34111,14.53581,official_emis,exact,open
LBY_001740,WM-252,LBY,ALSHO`ALA,الشعلة,1|2,Primary|Preparatory,public,Libya,Mizdah,,,,,,31.99274,12.58064,official_emis,exact,open
LBY_001741,MA-018,LBY,ALSHRAR ALAOLE,الشرارة الاولى,1|2,Primary|Preparatory,public,Libya,Al Marj,,,,,,32.60184,21.05377,official_emis,exact,open
LBY_001742,TR-260,LBY,ALSHRARA,الشرارة,1|2,Primary|Preparatory,public,Libya,Tajura' wa an Nawahi al Arba,,,,,,32.87536,13.24524,official_emis,exact,open
LBY_001743,MI-240,LBY,ALSHREEDAT,الشريدات,1|2,Primary|Preparatory,public,Libya,Tajura' wa an Nawahi al Arba,,,,,,32.66816,13.77409,official_emis,exact,open
LBY_001744,MI-400,LBY,ALSHRSHART,الشرشارة,3,Secondary (Engineering Sciences),public,Libya,Al Marqab,,,,,,32.47803,13.63562,official_emis,exact,open
LBY_001745,MI-449,LBY,ALSHT,الشط,1|2,Primary|Preparatory,public,Libya,Al Marqab,,,,,,32.59258,14.35543,official_emis,exact,open
LBY_001746,WM-400,LBY,ALSHUDALI ALWUUS,الشهيد على الوحيش,1|2,Primary|Preparatory,public,Libya,Mizdah,,,,,,32.04495,12.17272,official_emis,exact,open
LBY_001747,GM-140,LBY,ALSHULA,الشعلة,3,Secondary (Medical Sciences),public,Libya,Al Jabal al Akhdar,,,,,,32.75951,21.75512,official_emis,exact,open
LBY_001748,MI-419,LBY,ALSHUROOQ,الشروق,1|2,Primary|Preparatory,public,Libya,Al Marqab,,,,,,32.64615,14.26474,official_emis,exact,open
LBY_001749,BI-156,LBY,ALSI ALCBUH,السلطه الشعبيه,1|2,Primary|Preparatory,public,Libya,Benghazi,,,,,,32.090625,20.120155,official_emis,exact,closed_temporary
LBY_001750,DA-019,LBY,ALSLA,الشلال,1,Primary,public,Libya,Al Qubbah,,,,,,32.71702,22.61408,official_emis,exact,open
LBY_001751,GM-064,LBY,ALSLAAM,السلام,1|2,Primary|Preparatory,public,Libya,Al Jabal al Akhdar,,,,,,32.84152,21.91164,official_emis,exact,closed_temporary
LBY_001752,MU-132,LBY,ALSLAM,السلام,1|2,Primary|Preparatory,public,Libya,Misratah,,,,,,32.3702,15.12759,official_emis,exact,open
LBY_001753,ZA-084,LBY,ALSLAM,السلام,3,Secondary (Economic Sciences),public,Libya,Az Zawiyah,,,,,,32.72296,12.78659,official_emis,exact,closed_temporary
LBY_001754,TR-318,LBY,ALSMAI,العصماء,3,Secondary (Medical Sciences)|Secondary (Engineering Sciences),public,Libya,Tajura' wa an Nawahi al Arba,,,,,,32.85066,13.24217,official_emis,exact,open
LBY_001755,ZA-019,LBY,ALSMERIAT,السميريات,1,Primary,public,Libya,Az Zawiyah,,,,,,32.77954,12.70056,official_emis,exact,open
LBY_001756,KU-021,LBY,ALSMOOD,الصمود,1|2,Primary|Preparatory,public,Libya,An Nuqat al Khams,,,,,,32.78991,12.45627,official_emis,exact,closed_temporary
LBY_001757,GM-090,LBY,ALSNOSE BREDAN,السنوسي بريدان,1|2,Primary|Preparatory,public,Libya,Al Jabal al Akhdar,,,,,,32.57535,21.6653,official_emis,exact,closed_temporary
LBY_001758,MA-067,LBY,ALSOLTA ALSHABEYA,السلطة الشعبية,1|2,Primary|Preparatory,public,Libya,Al Marj,,,,,,32.34471,20.73743,official_emis,exact,open
LBY_001759,MU-371,LBY,ALSOLTA ALSHABIA,السلطة الشعبية,1|2|3,Primary|Preparatory|Secondary (Economic Sciences),public,Libya,Al Marqab,,,,,,32.36064,14.56431,official_emis,exact,open
LBY_001760,TR-490,LBY,ALSOMOD WA ALTAHDEY,الصمود والتحدي,1|2,Primary|Preparatory,public,Libya,Tajura' wa an Nawahi al Arba,,,,,,32.73355,13.32939,official_emis,exact,closed_temporary
LBY_001761,WM-308,LBY,ALSOMOOD,الصمود,1|2,Primary|Preparatory,public,Libya,Mizdah,,,,,,31.93485,12.26052,official_emis,exact,open
LBY_001762,JA-047,LBY,ALSORK,الشروق,1|2,Primary|Preparatory,public,Libya,Al Jifarah,,,,,,32.69414,13.08384,official_emis,exact,open
LBY_001763,WM-088,LBY,ALSQA`EF,السقائف,1|2,Primary|Preparatory,public,Libya,Mizdah,,,,,,32.14909,13.0235,official_emis,exact,open
LBY_001764,SA-061,LBY,ALSTGLA,الاستقلال,2,Preparatory,public,Libya,Sabha,,,,,,27.27543,14.87995,official_emis,exact,open
LBY_001765,BI-255,LBY,ALSTLA,الاستقلال,1|2,Primary|Preparatory,public,Libya,Benghazi,,,,,,32.10889,20.07705,official_emis,exact,closed_temporary
LBY_001766,BI-511,LBY,ALSTLA,الاستقلال,1,Primary,public,Libya,Benghazi,,,,,,32.10889,20.07705,official_emis,exact,closed_temporary
LBY_001767,GM-030,LBY,ALSTLWNT,الستلونة,1|2,Primary|Preparatory,public,Libya,Al Jabal al Akhdar,,,,,,32.68064,21.76178,official_emis,exact,open
LBY_001768,JA-238,LBY,ALSUDH ZUNB,السيدة زينب,1,Primary,public,Libya,Tajura' wa an Nawahi al Arba,,,,,,32.70989,13.1012,official_emis,exact,open
LBY_001769,WM-176,LBY,ALSWADNA,السوادنه,1|2,Primary|Preparatory,public,Libya,Mizdah,,,,,,32.02819,12.6539,official_emis,exact,open
LBY_001770,JA-074,LBY,ALSWANEY ALMARKEZ,السواني المركز,1|2,Primary|Preparatory,public,Libya,Al Jifarah,,,,,,32.71018,13.06772,official_emis,exact,open
LBY_001771,JA-081,LBY,ALSWANY  ALTHANAWEYA,السواني الثانوية,3,Secondary (Medical Sciences),public,Libya,Al Jifarah,,,,,,32.69374,13.06171,official_emis,exact,closed_temporary
LBY_001772,KU-128,LBY,ALSWEENEYA ALKHARBEYA,السوينية الغربية,1|2,Primary|Preparatory,public,Libya,An Nuqat al Khams,,,,,,32.72169,12.16567,official_emis,exact,open
LBY_001773,KU-129,LBY,ALSWENEYA ALMARKAZEYA,السوينية المركزية,1|2,Primary|Preparatory,public,Libya,An Nuqat al Khams,,,,,,32.72406,12.18616,official_emis,exact,open
LBY_001774,ZA-149,LBY,ALTAAWEN,التعاون,1|2,Primary|Preparatory,public,Libya,Az Zawiyah,,,,,,32.69718,12.63288,official_emis,exact,closed_temporary
LBY_001775,MU-037,LBY,ALTADAMEN,التضامن,1|2,Primary|Preparatory,public,Libya,Misratah,,,,,,32.37855,15.06456,official_emis,exact,open
LBY_001776,MU-283,LBY,ALTADAMN,التضامن,1|2,Primary|Preparatory,public,Libya,Misratah,,,,,,31.760406,13.973309,official_emis,exact,open
LBY_001777,JA-021,LBY,ALTADAMN,التضامن,1|2,Primary|Preparatory,public,Libya,Al Marqab,,,,,,32.29783,13.56285,official_emis,exact,closed_temporary
LBY_001778,SI-055,LBY,ALTADAMON,التضامن,1|2,Primary|Preparatory,public,Libya,Surt,,,,,,30.89869,17.73949,official_emis,exact,open
LBY_001779,KU-215,LBY,ALTADAMON,التضامن,1|2,Primary|Preparatory,public,Libya,An Nuqat al Khams,,,,,,32.86509,11.96785,official_emis,exact,closed_temporary
LBY_001780,MO-055,LBY,ALTADHAMEN,التضامن,1,Primary,public,Libya,Murzuq,,,,,,26.13436,14.73678,official_emis,exact,open
LBY_001781,MI-307,LBY,ALTAHADEE,التحدي,1|2,Primary|Preparatory,public,Libya,Al Marqab,,,,,,32.50069,13.60852,official_emis,exact,open
LBY_001782,JA-099,LBY,ALTAHADEE,التحدى,1|2,Primary|Preparatory,public,Libya,Al Marqab,,,,,,32.47299,14.46757,official_emis,exact,open
LBY_001783,NA-083,LBY,ALTAHADEY,التحدي,3,Secondary (Medical Sciences)|Secondary (Engineering Sciences)|Secondary (Economic Sciences),public,Libya,Ghadamis,,,,,,31.94191,10.66845,official_emis,exact,open
LBY_001784,BI-262,LBY,ALTAHARER,التحرير,1|2,Primary|Preparatory,public,Libya,Benghazi,,,,,,32.115121,20.083643,official_emis,exact,open
LBY_001785,WM-311,LBY,ALTAHER,الظاهر,1,Primary,public,Libya,Mizdah,,,,,,31.90118,12.25239,official_emis,exact,open
LBY_001786,WM-007,LBY,ALTAHR ALZRWG,الطاهر الزروق,2,Preparatory,public,Libya,Mizdah,,,,,,32.16729,13.01497,official_emis,exact,open
LBY_001787,TR-150,LBY,ALTAHREER,التحرير,2,Preparatory,public,Libya,Tajura' wa an Nawahi al Arba,,,,,,32.88971,13.1847,official_emis,exact,open
LBY_001788,JA-319,LBY,ALTAHREER,التحرير,1|2|3,Primary|Preparatory|Secondary (Economic Sciences),public,Libya,Tajura' wa an Nawahi al Arba,,,,,,32.68848,13.17789,official_emis,exact,open
LBY_001789,MI-535,LBY,ALTAHREER,التحرير,1|2,Primary|Preparatory,public,Libya,Al Marqab,,,,,,32.59838,14.31477,official_emis,exact,open
LBY_001790,BI-512,LBY,ALTAHRER,التحرير,1,Primary,public,Libya,Benghazi,,,,,,32.115121,20.083643,official_emis,exact,open
LBY_001791,KU-119,LBY,ALTAHRER,التحرير,1|2,Primary|Preparatory,public,Libya,An Nuqat al Khams,,,,,,32.74794,12.2398,official_emis,exact,open
LBY_001792,MU-060,LBY,ALTAHRIR BANAT,التحرير بنات,1|2,Primary|Preparatory,public,Libya,Misratah,,,,,,32.36109,15.08035,official_emis,exact,open
LBY_001793,WM-360,LBY,ALTAHRR,التحرر,1|2,Primary|Preparatory,public,Libya,Mizdah,,,,,,31.92119,11.95853,official_emis,exact,open
LBY_001794,TR-189,LBY,ALTAKADM,التقدم,1|2,Primary|Preparatory,public,Libya,Tajura' wa an Nawahi al Arba,,,,,,32.88048,13.19864,official_emis,exact,open
LBY_001795,TR-001,LBY,ALTAKADM ALGAMAHEERE,التقدم الجماهيري,1|2,Primary|Preparatory,public,Libya,Tajura' wa an Nawahi al Arba,,,,,,32.85804,13.11766,official_emis,exact,open
LBY_001796,AJ-005,LBY,ALTAKDOM,التقدم,1|2,Primary|Preparatory,public,Libya,Ajdabiya,,,,,,30.76449,20.23883,official_emis,exact,open
LBY_001797,DA-073,LBY,ALTALA,الطليعة,1|2,Primary|Preparatory,public,Libya,Al Qubbah,,,,,,32.77052,22.23917,official_emis,exact,open
LBY_001798,TR-246,LBY,ALTALEAA,الطليعه,1|2,Primary|Preparatory,public,Libya,Tajura' wa an Nawahi al Arba,,,,,,32.83675,13.20986,official_emis,exact,open
LBY_001799,TR-491,LBY,ALTALEB,الطالب,1|2,Primary|Preparatory,public,Libya,Tajura' wa an Nawahi al Arba,,,,,,32.68794,13.51313,official_emis,exact,open
LBY_001800,AJ-048,LBY,ALTALEEA,الطليعه,1,Primary,public,Libya,Ajdabiya,,,,,,30.7606,20.2325,official_emis,exact,open
LBY_001801,DA-122,LBY,ALTAMEMEY ALASASEYA,التميمي الاساسية,2,Preparatory,public,Libya,Al Qubbah,,,,,,32.3304,23.06427,official_emis,exact,open
LBY_001802,GM-139,LBY,ALTAQADDUM,التقدم,3,Secondary (Economic Sciences),public,Libya,Al Jabal al Akhdar,,,,,,32.76073,21.74031,official_emis,exact,open
LBY_001803,KU-216,LBY,ALTAQADOM,التقدم,1|2,Primary|Preparatory,public,Libya,An Nuqat al Khams,,,,,,32.89817,11.96268,official_emis,exact,closed_temporary
LBY_001804,MI-041,LBY,ALTAQADOM,التقدم,1|2,Primary|Preparatory,public,Libya,Al Marqab,,,,,,32.38037,13.47592,official_emis,exact,open
LBY_001805,WM-304,LBY,ALTAQDEM,التقدم,2,Preparatory,public,Libya,Mizdah,,,,,,31.95235,12.30697,official_emis,exact,open
LBY_001806,WM-407,LBY,ALTAQDEM,التقدم,1,Primary,public,Libya,Mizdah,,,,,,31.95235,12.30697,official_emis,exact,open
LBY_001807,TU-041,LBY,ALTARSHA ALFATEH,الطرشة الفاتح,1|2,Primary|Preparatory,public,Libya,Al Butnan,,,,,,31.81158,23.29211,official_emis,exact,open
LBY_001808,ZA-173,LBY,ALTAWEELA,الطويله,1|2,Primary|Preparatory,public,Libya,Az Zawiyah,,,,,,32.7794,12.71437,official_emis,exact,closed_temporary
LBY_001809,KU-101,LBY,ALTAWELA ALSHARGEYA,الطويلة الشرقية,1|2,Primary|Preparatory,public,Libya,An Nuqat al Khams,,,,,,32.72569,12.34403,official_emis,exact,open
LBY_001810,KU-120,LBY,ALTAWON,التعاون,1|2,Primary|Preparatory,public,Libya,An Nuqat al Khams,,,,,,32.65747,12.25502,official_emis,exact,open
LBY_001811,SI-094,LBY,ALTAWRA ALARABEYA,الثورة العربية,3,Secondary (Medical Sciences),public,Libya,Surt,,,,,,31.20418,16.58121,official_emis,exact,open
LBY_001812,MU-400,LBY,ALTAWRA ALSHABEYA,الثورة الشعبية,1|2,Primary|Preparatory,public,Libya,Al Marqab,,,,,,32.48844,14.60705,official_emis,exact,open
LBY_001813,WM-361,LBY,ALTDAMAN,التضامن,1|2,Primary|Preparatory,public,Libya,Mizdah,,,,,,31.93901,11.96083,official_emis,exact,open
LBY_001814,JA-096,LBY,ALTEENA ALCHAMALEA,الطينه الشماليه,1|2,Primary|Preparatory,public,Libya,Tajura' wa an Nawahi al Arba,,,,,,32.6148,13.38803,official_emis,exact,open
LBY_001815,JA-098,LBY,ALTEENAAL ALCHARKEEA,الطينه الشرقيه,1|2,Primary|Preparatory,public,Libya,Tajura' wa an Nawahi al Arba,,,,,,32.59228,13.40789,official_emis,exact,open
LBY_001816,MI-499,LBY,ALTGDM,التقدم,1|2,Primary|Preparatory,public,Libya,Al Marqab,,,,,,32.52664,14.42103,official_emis,exact,open
LBY_001817,MU-416,LBY,ALTGDM,التقدم,1|2,Primary|Preparatory,public,Libya,Al Marqab,,,,,,32.46522,14.53113,official_emis,exact,closed_temporary
LBY_001818,KU-010,LBY,ALTGDM,التقدم,1|2,Primary|Preparatory,public,Libya,Az Zawiyah,,,,,,32.44746,12.72814,official_emis,exact,closed_temporary
LBY_001819,JA-222,LBY,ALTHAWRA,الثورة,1|2,Primary|Preparatory,public,Libya,Al Marqab,,,,,,32.45192,14.56418,official_emis,exact,open
LBY_001820,TR-053,LBY,ALTHAWRA ALKHADRA,الثورة الخضراء,1|2,Primary|Preparatory,public,Libya,Tajura' wa an Nawahi al Arba,,,,,,32.86433,13.10476,official_emis,exact,open
LBY_001821,TR-245,LBY,ALTHAWRA ALTHAQAFIA,الثورة الثقافية,1|2,Primary|Preparatory,public,Libya,Tajura' wa an Nawahi al Arba,,,,,,32.84116,13.21583,official_emis,exact,open
LBY_001822,KU-271,LBY,ALTHAWRA ELSHABEY,الثورة الشعبية,3,Secondary (Medical Sciences),public,Libya,An Nuqat al Khams,,,,,,32.92688,12.10461,official_emis,exact,closed_temporary
LBY_001823,MU-418,LBY,ALTHDI,التحدى,1|2,Primary|Preparatory,public,Libya,Al Marqab,,,,,,32.43567,14.56073,official_emis,exact,closed_temporary
LBY_001824,MU-059,LBY,ALTHRER BANEEN,التحيري بنيين,1|2,Primary|Preparatory,public,Libya,Misratah,,,,,,32.35902,15.08297,official_emis,exact,open
LBY_001825,MI-208,LBY,ALTHRIR,التحرير,1|2,Primary|Preparatory,public,Libya,Al Marqab,,,,,,32.40286,13.88181,official_emis,exact,open
LBY_001826,WM-208,LBY,ALTHRIR,التحرير,1,Primary,public,Libya,Mizdah,,,,,,31.43723,12.98136,official_emis,exact,open
LBY_001827,WA-033,LBY,ALTHRIR ALSHAMLT,التحرير الشاملة,3,Secondary (Medical Sciences)|Secondary (Engineering Sciences),public,Libya,Ajdabiya,,,,,,29.222609,19.206369,official_emis,exact,open
LBY_001828,MI-080,LBY,ALTILIA,التليلة,1|2,Primary|Preparatory,public,Libya,Al Marqab,,,,,,32.65156,13.9106,official_emis,exact,open
LBY_001829,MI-094,LBY,ALTKADAM,التقدم,2|3,Preparatory|Secondary (Medical Sciences)|Secondary (Economic Sciences),public,Libya,Al Marqab,,,,,,32.67754,13.90472,official_emis,exact,open
LBY_001830,WM-008,LBY,ALTLIAT ALABTDAIH ALMSHTRKT,الطليعة الابتدايه المشتركة,1,Primary,public,Libya,Mizdah,,,,,,32.15554,12.99249,official_emis,exact,open
LBY_001831,TR-102,LBY,ALTLMEED,التلميد,1|2,Primary|Preparatory,public,Libya,Az Zawiyah,,,,,,32.85211,13.08536,official_emis,exact,open
LBY_001832,WH-049,LBY,ALTNAHIMA,التناحمه,1|2,Primary|Preparatory,public,Libya,Wadi al Hayaa,,,,,,26.62444,13.62298,official_emis,exact,open
LBY_001833,NA-104,LBY,ALTON,التعاون,1|2,Primary|Preparatory,public,Libya,Ghadamis,,,,,,32.07486,11.56483,official_emis,exact,open
LBY_001834,MI-081,LBY,ALTOOWMA,التوامه,1|2,Primary|Preparatory,public,Libya,Tajura' wa an Nawahi al Arba,,,,,,32.74701,13.84849,official_emis,exact,open
LBY_001835,TR-317,LBY,ALTOR ARPBK,الثورة العربية سابقا,3,Secondary (Medical Sciences),public,Libya,Tajura' wa an Nawahi al Arba,,,,,,32.8743,13.25088,official_emis,exact,open
LBY_001836,BI-132,LBY,ALTORBA,التربة,1|2,Primary|Preparatory,public,Libya,Benghazi,,,,,,31.87227,19.9498,official_emis,exact,closed_temporary
LBY_001837,JA-089,LBY,ALTOUH ALSMLUT,الطوبيه الشمالية,1|2,Primary|Preparatory,public,Libya,Tajura' wa an Nawahi al Arba,,,,,,32.5483,13.44021,official_emis,exact,open
LBY_001838,MI-252,LBY,ALTQDOM,التقدم,1,Primary,public,Libya,Tajura' wa an Nawahi al Arba,,,,,,32.68553,13.73113,official_emis,exact,open
LBY_001839,KU-009,LBY,ALTSAMN,التضامن,1|2,Primary|Preparatory,public,Libya,An Nuqat al Khams,,,,,,32.79086,12.5142,official_emis,exact,closed_temporary
LBY_001840,TR-052,LBY,ALTSDI,التصدى,1|2,Primary|Preparatory,public,Libya,Tajura' wa an Nawahi al Arba,,,,,,32.86523,13.11108,official_emis,exact,open
LBY_001841,JA-239,LBY,ALTUHD AIFRUY,الاتحاد الافريقى,1,Primary,public,Libya,Tajura' wa an Nawahi al Arba,,,,,,32.72666,13.08797,official_emis,exact,open
LBY_001842,JA-107,LBY,ALTWEBYA ELMARKAZEY,الطويبية المركزية,1|2,Primary|Preparatory,public,Libya,Tajura' wa an Nawahi al Arba,,,,,,32.59877,13.47338,official_emis,exact,open
LBY_001843,MA-189,LBY,ALTWRT 17 FPRIR,الثورة 17 فبرير,1,Primary,public,Libya,Al Marj,,,,,,32.6719,21.10711,official_emis,exact,closed_temporary
LBY_001844,MA-017,LBY,ALTWRT 17 FPRIR,الثورة 17 فبرير,1,Primary,public,Libya,Al Marj,,,,,,32.6719,21.10711,official_emis,exact,closed_temporary
LBY_001845,MU-299,LBY,ALUAE,الاجلاء,1|2,Primary|Preparatory,public,Libya,Misratah,,,,,,31.767289,14.019705,official_emis,exact,open
LBY_001846,MU-202,LBY,ALULEDT,الخالدات,3,Secondary (Medical Sciences),public,Libya,Misratah,,,,,,32.25317,15.08016,official_emis,exact,open
LBY_001847,MU-236,LBY,ALUNSA ALTUMA,الخنساء للتعليم الثانوية,2|3,Preparatory|Secondary (Medical Sciences),public,Libya,Al Marqab,,,,,,32.42235,14.63546,official_emis,exact,open
LBY_001848,SI-086,LBY,ALURMOK,اليرموك,1|2,Primary|Preparatory,public,Libya,Surt,,,,,,31.20001,16.60839,official_emis,exact,open
LBY_001849,JA-240,LBY,ALUTRT ALCUBRT,الظهرة الكبيرة,1|2,Primary|Preparatory,public,Libya,Al Jifarah,,,,,,32.56424,12.91764,official_emis,exact,open
LBY_001850,WM-171,LBY,ALWADI ALHAI ALJADIDA,الوادي الحي الجديدة,1|2,Primary|Preparatory,public,Libya,Az Zawiyah,,,,,,32.29894,12.80508,official_emis,exact,open
LBY_001851,WM-170,LBY,ALWADI ALHAI ALMARKAZIA,الوادي الحي المركزية,1|2,Primary|Preparatory,public,Libya,Az Zawiyah,,,,,,32.32661,12.74069,official_emis,exact,open
LBY_001852,WM-173,LBY,ALWADI ALHAI ALTHANAWIA ATTAKHASSUSIA,الوادي الحي الثانوية التخصصية,3,Secondary (Medical Sciences),public,Libya,Az Zawiyah,,,,,,32.32544,12.74154,official_emis,exact,open
LBY_001853,MU-175,LBY,ALWAFA,الوفاء,1|2,Primary|Preparatory,public,Libya,Misratah,,,,,,32.39424,14.90391,official_emis,exact,open
LBY_001854,MU-250,LBY,ALWAFA,الوفاء,1|2,Primary|Preparatory,public,Libya,Al Marqab,,,,,,32.47513,14.49881,official_emis,exact,closed_temporary
LBY_001855,MI-261,LBY,ALWAFA,الوفاء,1|2,Primary|Preparatory,public,Libya,Tajura' wa an Nawahi al Arba,,,,,,32.75602,13.68049,official_emis,exact,closed_temporary
LBY_001856,WS-008,LBY,ALWAFAA,الوفاء,1|2,Primary|Preparatory,public,Libya,Ash Shati',,,,,,27.5838,14.35642,official_emis,exact,open
LBY_001857,MI-020,LBY,ALWAFAK,الوفاق,1,Primary,public,Libya,Tajura' wa an Nawahi al Arba,,,,,,32.64816,13.53861,official_emis,exact,unknown
LBY_001858,TR-504,LBY,ALWAHA,الواحة,1|2,Primary|Preparatory,public,Libya,Tajura' wa an Nawahi al Arba,,,,,,32.88034,13.3026,official_emis,exact,open
LBY_001859,TU-120,LBY,ALWAHA ALEDADE,الواحة الاعدادية,1,Primary,public,Libya,Al Kufrah,,,,,,25.67096,21.09654,official_emis,exact,open
LBY_001860,MA-040,LBY,ALWAHAD ALEFAREKA,الوحدة الافريقية,1|2,Primary|Preparatory,public,Libya,Al Marj,,,,,,32.48562,20.94424,official_emis,exact,open
LBY_001861,MU-231,LBY,ALWAHADIA ALARABIYA,الوحدة العربية,3,Secondary (Economic Sciences),public,Libya,Al Marqab,,,,,,32.37514,14.5911,official_emis,exact,open
LBY_001862,WM-345,LBY,ALWAHDA,الوحدة,1|2,Primary|Preparatory,public,Libya,Ghadamis,,,,,,31.86881,11.7867,official_emis,exact,open
LBY_001863,ZA-183,LBY,ALWAHDA,الوحدة,1|2,Primary|Preparatory,public,Libya,Az Zawiyah,,,,,,32.75864,12.6358,official_emis,exact,closed_temporary
LBY_001864,ZA-169,LBY,ALWAHDA,الوحدة,1|2|3,Primary|Preparatory|Secondary (Medical Sciences),public,Libya,Az Zawiyah,,,,,,32.7547,12.64459,official_emis,exact,closed_temporary
LBY_001865,MI-155,LBY,ALWAHDA,الوحدة,1|2,Primary|Preparatory,public,Libya,Al Marqab,,,,,,32.63799,13.96315,official_emis,exact,open
LBY_001866,GM-014,LBY,ALWAHDA,الوحدة,1|2,Primary|Preparatory,public,Libya,Al Jabal al Akhdar,,,,,,32.76432,21.74021,official_emis,exact,open
LBY_001867,TR-494,LBY,ALWAHDA ALARABEIA,الوحدة العربية,1|2,Primary|Preparatory,public,Libya,Tajura' wa an Nawahi al Arba,,,,,,32.68837,13.44737,official_emis,exact,open
LBY_001868,WH-011,LBY,ALWAHDA ALARABEYA,الوحدة العربية,1|2,Primary|Preparatory,public,Libya,Wadi al Hayaa,,,,,,26.5911,12.77433,official_emis,exact,open
LBY_001869,WM-039,LBY,ALWAHDA ALARABEYA,الوحده العربية,1|2,Primary|Preparatory,public,Libya,Mizdah,,,,,,32.09505,12.99849,official_emis,exact,open
LBY_001870,AJ-035,LBY,ALWAHDA ALARABIA,الوحدة العربية,1|2,Primary|Preparatory,public,Libya,Ajdabiya,,,,,,30.39138,19.62817,official_emis,exact,unknown
LBY_001871,MA-041,LBY,ALWAHDA ALARABYA,الوحدة العربية,1|2,Primary|Preparatory,public,Libya,Al Marj,,,,,,32.6075,21.02914,official_emis,exact,open
LBY_001872,JA-024,LBY,ALWAHDA ALARBEA,الوحده العربية,1|2,Primary|Preparatory,public,Libya,Al Marqab,,,,,,32.18076,13.43936,official_emis,exact,open
LBY_001873,SI-016,LBY,ALWAHDA ALARBEEA,الوحده العربيه,1|2,Primary|Preparatory,public,Libya,Surt,,,,,,31.08553,16.67822,official_emis,exact,open
LBY_001874,KU-225,LBY,ALWAHDA ALARBEEA,الوحده العربيه,1|2,Primary|Preparatory,public,Libya,An Nuqat al Khams,,,,,,32.89314,12.00235,official_emis,exact,closed_temporary
LBY_001875,WM-137,LBY,ALWAHDA ALARBIA,الوحدة العربية,1|2,Primary|Preparatory,public,Libya,Mizdah,,,,,,31.84453,12.99265,official_emis,exact,open
LBY_001876,KO-048,LBY,ALWAHDA ALARIBEYA,الوحدة العربية,1,Primary,public,Libya,Al Kufrah,,,,,,24.20532,23.28749,official_emis,exact,open
LBY_001877,JU-068,LBY,ALWAHDA ALARIBEYA,الوحدة العربية,1,Primary,public,Libya,Al Jufrah,,,,,,28.55075,17.53373,official_emis,exact,open
LBY_001878,JU-045,LBY,ALWAHDA ALARIBEYA,الوحدة العربية,1|2,Primary|Preparatory,public,Libya,Al Jufrah,,,,,,28.55075,17.53373,official_emis,exact,open
LBY_001879,KO-018,LBY,ALWAHDA ALARIBEYA,الوحدة العربية,1|2,Primary|Preparatory,public,Libya,Al Kufrah,,,,,,24.20532,23.28749,official_emis,exact,open
LBY_001880,MI-284,LBY,ALWALEED BEN ABD ALMALEK,الوليد بن عبدالمالك,1|2,Primary|Preparatory,public,Libya,Tajura' wa an Nawahi al Arba,,,,,,32.74255,13.71729,official_emis,exact,open
LBY_001881,KU-090,LBY,ALWALI ABOAJELA,الولي أبوعجيلة,1|2,Primary|Preparatory,public,Libya,An Nuqat al Khams,,,,,,32.7397,12.37744,official_emis,exact,open
LBY_001882,WM-319,LBY,ALWASA'A,الوسعة,1|2,Primary|Preparatory,public,Libya,Mizdah,,,,,,31.92407,12.28186,official_emis,exact,open
LBY_001883,MI-478,LBY,ALWASAA,الوصاع,1|2,Primary|Preparatory,public,Libya,Al Marqab,,,,,,32.53736,14.38376,official_emis,exact,closed_temporary
LBY_001884,JA-226,LBY,ALWASAT ALJADEDA,الوسط الجديدة,1|2,Primary|Preparatory,public,Libya,Az Zawiyah,,,,,,32.70662,12.93278,official_emis,exact,closed_temporary
LBY_001885,SI-033,LBY,ALWASHKA,الوشكة,1|2,Primary|Preparatory,public,Libya,Misratah,,,,,,31.37255,15.56819,official_emis,exact,open
LBY_001886,MI-482,LBY,ALWATAN ALARABE,الوطن العربى,1|2,Primary|Preparatory,public,Libya,Al Marqab,,,,,,32.65071,14.25959,official_emis,exact,open
LBY_001887,MI-232,LBY,ALWATAN ALARBE ALTANWA,الوطن العربى الثانوية,3,Secondary (Economic Sciences),public,Libya,Al Marqab,,,,,,32.46193,14.61804,official_emis,exact,open
LBY_001888,JA-223,LBY,ALWATEEN ALARABE,الوطن العربي,1|2,Primary|Preparatory,public,Libya,Al Marqab,,,,,,32.46707,14.57198,official_emis,exact,open
LBY_001889,TR-142,LBY,ALWATEKA,الوثيقه,1|2,Primary|Preparatory,public,Libya,Tajura' wa an Nawahi al Arba,,,,,,32.87884,13.16605,official_emis,exact,open
LBY_001890,ZA-205,LBY,ALWATEQA ALKADAR,الوثيقة الخضراء,1|2,Primary|Preparatory,public,Libya,Az Zawiyah,,,,,,32.44393,12.59562,official_emis,exact,closed_temporary
LBY_001891,TR-286,LBY,ALWATN ALARBE SCHOOL,الوطن العربى,1|2,Primary|Preparatory,public,Libya,Tajura' wa an Nawahi al Arba,,,,,,32.85695,13.2461,official_emis,exact,open
LBY_001892,DA-017,LBY,ALWDTH,الوحدة,1,Primary,public,Libya,Al Qubbah,,,,,,32.76095,22.63461,official_emis,exact,open
LBY_001893,DA-140,LBY,ALWDTH,الوحدة,1,Primary,public,Libya,Al Qubbah,,,,,,32.76095,22.63461,official_emis,exact,open
LBY_001894,MI-507,LBY,ALWEFAK,الوفاق,1|2,Primary|Preparatory,public,Libya,Al Marqab,,,,,,32.5162,14.37728,official_emis,exact,closed_temporary
LBY_001895,WM-138,LBY,ALWEFAQ,الوفاق,1|2,Primary|Preparatory,public,Libya,Mizdah,,,,,,32.09226,12.90181,official_emis,exact,open
LBY_001896,MI-196,LBY,ALWEHDA,الوحده,1|2,Primary|Preparatory,public,Libya,Al Marqab,,,,,,32.47398,14.5648,official_emis,exact,open
LBY_001897,WM-121,LBY,ALWEHDA ALARABEYA,الوحدة العربية,3,Secondary (Medical Sciences)|Secondary (Economic Sciences),public,Libya,Mizdah,,,,,,32.03633,13.27442,official_emis,exact,open
LBY_001898,WM-318,LBY,ALWEHDA ALARABIA,الوحده العربية,1|2,Primary|Preparatory,public,Libya,Mizdah,,,,,,31.90609,12.288,official_emis,exact,open
LBY_001899,TR-462,LBY,ALWELAYAT ALMTHEDA ALAFREKEA,الولايات المتحده الافريقيه,1|3,Primary|Secondary (Economic Sciences),public,Libya,Tajura' wa an Nawahi al Arba,,,,,,32.83201,13.23666,official_emis,exact,open
LBY_001900,TR-194,LBY,ALWELYAT ALMOTAHEDA,الولايات المتحدة,2|3,Preparatory|Secondary (Economic Sciences),public,Libya,Tajura' wa an Nawahi al Arba,,,,,,32.88082,13.21883,official_emis,exact,open
LBY_001901,BI-182,LBY,ALWEYAT ALHOREYA,الوية الحرية,3,Secondary (Medical Sciences),public,Libya,Benghazi,,,,,,32.091226,20.09872,official_emis,exact,open
LBY_001902,BI-154,LBY,ALWFAI,الوفاء,1,Primary,public,Libya,Benghazi,,,,,,32.085792,20.118219,official_emis,exact,open
LBY_001903,MI-002,LBY,ALWFUA,الاوفياء,1,Primary,public,Libya,Al Marqab,,,,,,32.13855,13.42269,official_emis,exact,closed_temporary
LBY_001904,SA-028,LBY,ALWHDA,الوحده,1,Primary,public,Libya,Sabha,,,,,,27.04979,14.41571,official_emis,exact,open
LBY_001905,JA-282,LBY,ALWHDA,الوحدة,1|2,Primary|Preparatory,public,Libya,Al Jifarah,,,,,,32.55567,13.05226,official_emis,exact,open
LBY_001906,KU-089,LBY,ALWHDA ALARABYA,الوحدة العربية,1|2,Primary|Preparatory,public,Libya,An Nuqat al Khams,,,,,,32.64279,12.38304,official_emis,exact,closed_temporary
LBY_001907,ZA-206,LBY,ALWHDA ALARBIA,الوحدة العربية,1|2,Primary|Preparatory,public,Libya,Az Zawiyah,,,,,,32.41922,12.70552,official_emis,exact,closed_temporary
LBY_001908,WS-049,LBY,ALWHDA ALARBYA,الوحدة العربية,1|2,Primary|Preparatory,public,Libya,Ash Shati',,,,,,27.53308,13.53002,official_emis,exact,open
LBY_001909,GM-190,LBY,ALWHDT,الوحدة,1,Primary,public,Libya,Al Jabal al Akhdar,,,,,,32.76432,21.74021,official_emis,exact,closed_temporary
LBY_001910,NA-012,LBY,ALWHDT ALARBIT,الوحدة العربية,1|2,Primary|Preparatory,public,Libya,Ghadamis,,,,,,31.85025,11.58388,official_emis,exact,open
LBY_001911,MI-333,LBY,ALWIDYAT,الوديات,1|2,Primary|Preparatory,public,Libya,Al Marqab,,,,,,32.22937,13.66028,official_emis,exact,unknown
LBY_001912,NA-022,LBY,ALWOEA BNAT,الاوائل بنات,1|2,Primary|Preparatory,public,Libya,Ghadamis,,,,,,31.86202,10.98188,official_emis,exact,open
LBY_001913,TR-505,LBY,ALWTEEKA ALKADRA,الوثيقه الخضراء,1|2,Primary|Preparatory,public,Libya,Tajura' wa an Nawahi al Arba,,,,,,32.89851,13.3026,official_emis,exact,open
LBY_001914,TR-248,LBY,ALWTEEQA ALKHADRA,الوثيقة الخضراء,1|2|3,Primary|Preparatory|Secondary (Medical Sciences)|Secondary (Engineering Sciences),public,Libya,Tajura' wa an Nawahi al Arba,,,,,,32.87582,13.27413,official_emis,exact,open
LBY_001915,KO-012,LBY,ALWTIGT ALKDRAE,الوثيقة الخضراء,1|2,Primary|Preparatory,public,Libya,Al Kufrah,,,,,,24.19709,23.28347,official_emis,exact,open
LBY_001916,ZA-168,LBY,ALWTIQA KHDRAA SABRYA/THWAR SABRYA,الوثيقة الخضراء الصابرية/ثوار الصابرية,1|2,Primary|Preparatory,public,Libya,Az Zawiyah,,,,,,32.72325,12.63719,official_emis,exact,closed_temporary
LBY_001917,JA-090,LBY,ALWUDT ALARBUT,الوحدة العربية,1|2,Primary|Preparatory,public,Libya,Tajura' wa an Nawahi al Arba,,,,,,32.54849,13.43993,official_emis,exact,open
LBY_001918,WS-077,LBY,ALYAKADA,اليقظة,3,Secondary (Medical Sciences)|Secondary (Engineering Sciences)|Secondary (Economic Sciences),public,Libya,Ash Shati',,,,,,27.4448,13.04681,official_emis,exact,open
LBY_001919,MU-030,LBY,ALYAQADA,اليقظة,1|2|3,Primary|Preparatory|Secondary (Medical Sciences),public,Libya,Misratah,,,,,,32.37049,15.06041,official_emis,exact,open
LBY_001920,GM-046,LBY,ALYAQADA,اليقضة,1|2,Primary|Preparatory,public,Libya,Al Jabal al Akhdar,,,,,,32.75407,21.74866,official_emis,exact,open
LBY_001921,GM-213,LBY,ALYAQADA,اليقضة,1,Primary,public,Libya,Al Jabal al Akhdar,,,,,,32.75407,21.74866,official_emis,exact,open
LBY_001922,ZA-042,LBY,ALYARAMOK,اليرموك,1|2,Primary|Preparatory,public,Libya,Az Zawiyah,,,,,,32.61498,12.76439,official_emis,exact,closed_temporary
LBY_001923,MI-214,LBY,ALYARAMOK,اليرموك,1|2,Primary|Preparatory,public,Libya,Al Marqab,,,,,,32.38481,13.92213,official_emis,exact,closed_temporary
LBY_001924,JA-143,LBY,ALYARMOK,اليرموك,1|2,Primary|Preparatory,public,Libya,Tajura' wa an Nawahi al Arba,,,,,,32.77383,13.21082,official_emis,exact,closed_temporary
LBY_001925,SA-007,LBY,ALYARMOK,اليرموك,1|2,Primary|Preparatory,public,Libya,Sabha,,,,,,27.02825,14.44115,official_emis,exact,open
LBY_001926,KU-014,LBY,ALYARMOK,اليرموك,1|2,Primary|Preparatory,public,Libya,An Nuqat al Khams,,,,,,32.6345,12.3995,official_emis,exact,closed_temporary
LBY_001927,JA-221,LBY,ALYARMOK,اليرموك,1|2,Primary|Preparatory,public,Libya,Az Zawiyah,,,,,,32.77077,13.00462,official_emis,exact,open
LBY_001928,KU-226,LBY,ALYARMOK,اليرموك,1|2,Primary|Preparatory,public,Libya,An Nuqat al Khams,,,,,,32.90876,11.90293,official_emis,exact,closed_temporary
LBY_001929,SA-080,LBY,ALYARMOK,اليرموك,1,Primary,public,Libya,Sabha,,,,,,27.02825,14.44115,official_emis,exact,open
LBY_001930,WM-346,LBY,ALYARMOK,اليرموك,1|2,Primary|Preparatory,public,Libya,Mizdah,,,,,,31.88002,11.89481,official_emis,exact,open
LBY_001931,MI-459,LBY,ALYARMOOK,اليرموك,1|2,Primary|Preparatory,public,Libya,Al Marqab,,,,,,32.6199,14.31425,official_emis,exact,open
LBY_001932,JA-310,LBY,ALYARMOOK,اليرموك,1|2|3,Primary|Preparatory|Secondary (Medical Sciences),public,Libya,Al Jifarah,,,,,,32.61533,12.98341,official_emis,exact,open
LBY_001933,GM-008,LBY,ALYRMOK,اليرموك,2,Preparatory,public,Libya,Al Jabal al Akhdar,,,,,,32.87276,21.56674,official_emis,exact,open
LBY_001934,TR-069,LBY,ALZAHAF ALMOSTMAR,الزحف المستمر,3,Secondary (Economic Sciences),public,Libya,Az Zawiyah,,,,,,32.85,13.09329,official_emis,exact,open
LBY_001935,MA-188,LBY,ALZAHF AL AKHDAR,الزحف الاخضر,1,Primary,public,Libya,Al Marj,,,,,,32.7025,20.94333,official_emis,exact,closed_temporary
LBY_001936,KU-220,LBY,ALZAHF AL AKHDAR,الزحف الاخضر,1|2,Primary|Preparatory,public,Libya,An Nuqat al Khams,,,,,,32.88487,11.98234,official_emis,exact,closed_temporary
LBY_001937,MA-011,LBY,ALZAHF AL AKHDAR,الزحف الاخضر,2,Preparatory,public,Libya,Al Marj,,,,,,32.7025,20.94333,official_emis,exact,closed_temporary
LBY_001938,TR-284,LBY,ALZAHF ALAKHATHER,الزحف الاخضر,1|2,Primary|Preparatory,public,Libya,Tajura' wa an Nawahi al Arba,,,,,,32.8784,13.30269,official_emis,exact,open
LBY_001939,GM-036,LBY,ALZAHRA,الزهراء,1|2,Primary|Preparatory,public,Libya,Al Jabal al Akhdar,,,,,,32.75237,21.74576,official_emis,exact,open
LBY_001940,GM-205,LBY,ALZAHRA,الزهراء,1,Primary,public,Libya,Al Jabal al Akhdar,,,,,,32.75237,21.74576,official_emis,exact,open
LBY_001941,JA-043,LBY,ALZAHRA ALJANOBEYA,الزهراء الجنوبية,1|2,Primary|Preparatory,public,Libya,Al Marqab,,,,,,32.14284,13.46766,official_emis,exact,open
LBY_001942,JA-019,LBY,ALZAHRA ALMARKAZEYA,الزهراء المركزية,1,Primary,public,Libya,Al Marqab,,,,,,32.2668,13.4344,official_emis,exact,closed_temporary
LBY_001943,MU-255,LBY,ALZAHRAA,الزهراء,3,Secondary (Economic Sciences),public,Libya,Al Marqab,,,,,,32.47942,14.49506,official_emis,exact,closed_temporary
LBY_001944,MI-110,LBY,ALZAJER,الجزيرة,1|2,Primary|Preparatory,public,Libya,Al Marqab,,,,,,32.72349,14.00186,official_emis,exact,open
LBY_001945,MU-122,LBY,ALZAROG BANAT,الزروق للبنات,3,Secondary (Medical Sciences),public,Libya,Misratah,,,,,,32.37319,15.15061,official_emis,exact,open
LBY_001946,TR-548,LBY,ALZAROOK,الزروق,1|2,Primary|Preparatory,public,Libya,Tajura' wa an Nawahi al Arba,,,,,,32.88598,13.37977,official_emis,exact,open
LBY_001947,ZA-013,LBY,ALZAWYA ALJANOBEYA,الزاوية الجنوبية,1|2,Primary|Preparatory,public,Libya,Az Zawiyah,,,,,,32.74281,12.7349,official_emis,exact,closed_temporary
LBY_001948,MI-342,LBY,ALZERAA,الزراعة,1|2,Primary|Preparatory,public,Libya,Al Marqab,,,,,,32.42616,13.58224,official_emis,exact,open
LBY_001949,WM-102,LBY,ALZEYADEN,الزيادين,1|2,Primary|Preparatory,public,Libya,Mizdah,,,,,,32.1015,13.36404,official_emis,exact,open
LBY_001950,DA-031,LBY,ALZHRAE,الزهراء,3,Secondary (Medical Sciences),public,Libya,Al Qubbah,,,,,,32.76105,22.64375,official_emis,exact,open
LBY_001951,JA-049,LBY,ALZHRAI ALKRIMIT,الزهراء الكريمية,1|2,Primary|Preparatory,public,Libya,Az Zawiyah,,,,,,32.7655,13.09592,official_emis,exact,open
LBY_001952,JA-119,LBY,ALZITONA,الزيتونة,1|2,Primary|Preparatory,public,Libya,Tajura' wa an Nawahi al Arba,,,,,,32.68252,13.12475,official_emis,exact,closed_temporary
LBY_001953,MU-404,LBY,ALZOBAIR EBN ALAWAM,الزبير ابن العوام,1|2,Primary|Preparatory,public,Libya,Al Marqab,,,,,,32.45144,14.45016,official_emis,exact,closed_temporary
LBY_001954,SI-103,LBY,ALZOBER BEN SWAM,الزبير بن عوام,1,Primary,public,Libya,Surt,,,,,,31.05332,17.28559,official_emis,exact,open
LBY_001955,JA-308,LBY,ALZOBER BO ALAWAM,الزبير بوالعوام,1|2|3,Primary|Preparatory|Secondary (Engineering Sciences),public,Libya,Tajura' wa an Nawahi al Arba,,,,,,32.68774,13.1868,official_emis,exact,closed_temporary
LBY_001956,ZA-107,LBY,ALZOBIR BN ALAWAM,الزبير بن العوام,1|2,Primary|Preparatory,public,Libya,Az Zawiyah,,,,,,32.61691,12.48417,official_emis,exact,open
LBY_001957,TU-023,LBY,ALZOHOR,الزهور (الفكر الاخضر سابقا,1|2,Primary|Preparatory,public,Libya,Al Butnan,,,,,,32.07689,23.9189,official_emis,exact,open
LBY_001958,SA-064,LBY,ALZUNA,الزيغن,1,Primary,public,Libya,Sabha,,,,,,27.36902,14.9059,official_emis,exact,open
LBY_001959,WS-019,LBY,ALZWAIA,الزوية,2,Preparatory,public,Libya,Ash Shati',,,,,,27.57542,14.23444,official_emis,exact,open
LBY_001960,WM-089,LBY,ALZWYA,الزوية,1|2,Primary|Preparatory,public,Libya,Mizdah,,,,,,32.1027,13.02184,official_emis,exact,open
LBY_001961,JA-285,LBY,AM AL GORON,أم القرون,1|2,Primary|Preparatory,public,Libya,Al Jifarah,,,,,,32.50514,12.99265,official_emis,exact,open
LBY_001962,MO-036,LBY,AM AL HAMAM,أم الحمام,1|2,Primary|Preparatory,public,Libya,Murzuq,,,,,,25.99039,13.63927,official_emis,exact,open
LBY_001963,MO-096,LBY,AM AL HMAM,أم الحمام,1,Primary,public,Libya,Murzuq,,,,,,25.99039,13.63927,official_emis,exact,open
LBY_001964,WA-021,LBY,AM AL MOWMENEN,أم المؤمنين,1|2,Primary|Preparatory,public,Libya,Ajdabiya,,,,,,29.134565,21.291206,official_emis,exact,open
LBY_001965,NA-010,LBY,AM AL SAFAR,أم الصفار,1|2,Primary|Preparatory,public,Libya,Ghadamis,,,,,,31.89062,11.5626,official_emis,exact,open
LBY_001966,MO-050,LBY,AM ALARANP PNIN,ام الارانب بنين,1,Primary,public,Libya,Murzuq,,,,,,26.13903,14.7393,official_emis,exact,open
LBY_001967,MO-102,LBY,AM ALARANP PNIN,ام الارانب بنين,1,Primary,public,Libya,Murzuq,,,,,,26.13903,14.7393,official_emis,exact,open
LBY_001968,MU-215,LBY,AM ALKORA,أم القرى,1|2,Primary|Preparatory,public,Libya,Al Marqab,,,,,,32.39747,14.62269,official_emis,exact,open
LBY_001969,BI-029,LBY,AM ALQORA,أم القرى,2,Preparatory,public,Libya,Benghazi,,,,,,32.14273,20.11375,official_emis,exact,open
LBY_001970,BI-455,LBY,AM ALQORA,أم القرى,1,Primary,public,Libya,Benghazi,,,,,,32.14273,20.11375,official_emis,exact,open
LBY_001971,WH-030,LBY,AM ALQRUA,ام القرى,1,Primary,public,Libya,Wadi al Hayaa,,,,,,26.52672,12.9756,official_emis,exact,open
LBY_001972,KU-191,LBY,AM AZIZ,أم عزيز,1|2,Primary|Preparatory,public,Libya,An Nuqat al Khams,,,,,,32.76359,12.10228,official_emis,exact,closed_temporary
LBY_001973,TR-169,LBY,AM SALMA,ام سلمى,3,Secondary (Economic Sciences),public,Libya,Tajura' wa an Nawahi al Arba,,,,,,32.88508,13.16998,official_emis,exact,open
LBY_001974,MO-048,LBY,AM ZWIR,ام زوير,1,Primary,public,Libya,Murzuq,,,,,,25.92965,15.10388,official_emis,exact,open
LBY_001975,MI-248,LBY,AMAL ALARAAB,امل العرب,1|2,Primary|Preparatory,public,Libya,Tajura' wa an Nawahi al Arba,,,,,,32.66548,13.66313,official_emis,exact,closed_temporary
LBY_001976,WM-262,LBY,AMAL ATHAWRA,امل الثوره,2,Preparatory,public,Libya,Mizdah,,,,,,32.08629,12.5595,official_emis,exact,open
LBY_001977,SI-021,LBY,AMAR BEN YASER,عمار بن ياسر,1|2,Primary|Preparatory,public,Libya,Surt,,,,,,31.13419,16.23548,official_emis,exact,open
LBY_001978,MI-380,LBY,AMAR BEN YASER,عمار بن ياسر,1,Primary,public,Libya,Al Marqab,,,,,,32.31774,13.7469,official_emis,exact,closed_temporary
LBY_001979,MU-256,LBY,AMAR BEN YASER,عمار بن ياسر,1|2,Primary|Preparatory,public,Libya,Al Marqab,,,,,,32.48005,14.48159,official_emis,exact,closed_temporary
LBY_001980,TR-557,LBY,AMAR DOOW,عمار ضوء,1|2,Primary|Preparatory,public,Libya,Tajura' wa an Nawahi al Arba,,,,,,32.85986,13.23881,official_emis,exact,closed_temporary
LBY_001981,KU-105,LBY,AMENA BENT WAHAB,امنه بنت وهب,1|2,Primary|Preparatory,public,Libya,An Nuqat al Khams,,,,,,32.77378,12.31095,official_emis,exact,closed_temporary
LBY_001982,ZA-270,LBY,AMER BEN ABD AL AZAIZ,عمر بن عبد العزيز,1,Primary,public,Libya,Az Zawiyah,,,,,,32.72716,12.73098,official_emis,exact,open
LBY_001983,MA-003,LBY,AMGHD MOSA,المجاهد موسى بكار,1,Primary,public,Libya,Al Marj,,,,,,32.61911,21.30738,official_emis,exact,open
LBY_001984,MU-245,LBY,AMHEMAD ALMGARYIF,إمحمد المقريف,1|2,Primary|Preparatory,public,Libya,Al Marqab,,,,,,32.47904,14.46597,official_emis,exact,closed_temporary
LBY_001985,BI-234,LBY,AMHMD ALMGREF,امحمد المقريف,2,Preparatory,public,Libya,Benghazi,,,,,,32.12876,20.06704,official_emis,exact,open
LBY_001986,MI-473,LBY,AMHMDBEN ABRHUM,امحمد بن ابراهيم,1|2,Primary|Preparatory,public,Libya,Al Marqab,,,,,,32.56861,14.36688,official_emis,exact,open
LBY_001987,BI-008,LBY,AMJAWER ALRABHEY,امجاور الرابحي,1|2,Primary|Preparatory,public,Libya,Benghazi,,,,,,32.13981,20.1223,official_emis,exact,open
LBY_001988,JA-132,LBY,AML ALSHAWB,أمل الشعوب,1|2,Primary|Preparatory,public,Libya,Tajura' wa an Nawahi al Arba,,,,,,32.70156,13.23363,official_emis,exact,closed_temporary
LBY_001989,JA-230,LBY,AMMAR BEN YASSER,عمار بن ياسر,1|2,Primary|Preparatory,public,Libya,Al Marqab,,,,,,32.46113,14.56636,official_emis,exact,open
LBY_001990,BI-016,LBY,AMNA BEENT WAHAB,امنه بنت وهب,2,Preparatory,public,Libya,Benghazi,,,,,,32.135396,20.101446,official_emis,exact,open
LBY_001991,TR-542,LBY,AMNA BENT WAHAB,آمنه بنت وهب,1,Primary,public,Libya,Tajura' wa an Nawahi al Arba,,,,,,32.88044,13.38379,official_emis,exact,open
LBY_001992,WM-093,LBY,AMR ALMKTAR,عمر المختار,1|2,Primary|Preparatory,public,Libya,Mizdah,,,,,,31.99818,13.18046,official_emis,exact,open
LBY_001993,TU-022,LBY,AMR ALMOGTAR ALAADADIT,عمر المختار الاعدادية,1|2,Primary|Preparatory,public,Libya,Al Butnan,,,,,,32.08175,23.9442,official_emis,exact,open
LBY_001994,KU-030,LBY,AMR BN ALAASE,عمر بن العاصى,1|2,Primary|Preparatory,public,Libya,An Nuqat al Khams,,,,,,32.79253,12.48248,official_emis,exact,closed_temporary
LBY_001995,MI-205,LBY,AMRO BEN ALAISE,عمرو بن العاص,1,Primary,public,Libya,Al Marqab,,,,,,32.46807,13.87827,official_emis,exact,open
LBY_001996,ZA-074,LBY,AMRO EBN ALAAS,عمرو بن العاص,1|2,Primary|Preparatory,public,Libya,Az Zawiyah,,,,,,32.77678,12.70896,official_emis,exact,open
LBY_001997,TR-274,LBY,AMRO IBN ALAAS,عمرو بن العاص,1|2,Primary|Preparatory,public,Libya,Tajura' wa an Nawahi al Arba,,,,,,32.90047,13.2358,official_emis,exact,open
LBY_001998,NA-011,LBY,AMRW ALMJTAR,عمرو المختار,1|2,Primary|Preparatory,public,Libya,Ghadamis,,,,,,31.87594,11.58036,official_emis,exact,open
LBY_001999,TU-060,LBY,AMSAD ALADU,اساعد الاعدادية,1|2,Primary|Preparatory,public,Libya,Al Butnan,,,,,,31.60958,25.04974,official_emis,exact,open
LBY_002000,TU-101,LBY,AN JALOT ALEDADH,عين جالوت الاعدادية,1|2,Primary|Preparatory,public,Libya,Al Butnan,,,,,,31.93571,24.40886,official_emis,exact,open
LBY_002001,KU-036,LBY,ANAHDA,النهضه,1,Primary,public,Libya,An Nuqat al Khams,,,,,,32.69966,12.45584,official_emis,exact,closed_temporary
LBY_002002,MI-212,LBY,ANAHDA ADAWON,النهضه الداوون,1|2,Primary|Preparatory,public,Libya,Al Marqab,,,,,,32.46723,14.6154,official_emis,exact,open
LBY_002003,MO-067,LBY,ANAHDA AZAITONIA,النهضة الزيتونية,1|2,Primary|Preparatory,public,Libya,Murzuq,,,,,,25.90194,14.56597,official_emis,exact,open
LBY_002004,SI-079,LBY,ANAHDA AZIRAEYA,النهظة الزراعية,1|2,Primary|Preparatory,public,Libya,Surt,,,,,,31.17168,16.53471,official_emis,exact,open
LBY_002005,KU-087,LBY,ANAHER ASNAEI,النهر الصناعي,1|2,Primary|Preparatory,public,Libya,An Nuqat al Khams,,,,,,32.7601,12.39164,official_emis,exact,open
LBY_002006,MA-109,LBY,ANAHER ASNAEY,النهرالصناعي,2,Preparatory,public,Libya,Al Marj,,,,,,32.18383,20.59819,official_emis,exact,open
LBY_002007,MA-225,LBY,ANAHER ASNAEY,النهرالصتاعي,1,Primary,public,Libya,Al Marj,,,,,,32.18383,20.59819,official_emis,exact,open
LBY_002008,MI-100,LBY,ANAJAH,النجاح,1|2,Primary|Preparatory,public,Libya,Tajura' wa an Nawahi al Arba,,,,,,32.7065,13.84311,official_emis,exact,open
LBY_002009,MA-020,LBY,ANAJEM ASATAA,النجم الساطع,1|2,Primary|Preparatory,public,Libya,Al Marj,,,,,,32.65525,21.10226,official_emis,exact,open
LBY_002010,KU-086,LBY,ANAJEM ASATAA,النجم الساطع,1|2,Primary|Preparatory,public,Libya,An Nuqat al Khams,,,,,,32.73515,12.41851,official_emis,exact,closed_temporary
LBY_002011,MA-195,LBY,ANASER,النصر,1,Primary,public,Libya,Al Marj,,,,,,32.4801,20.84414,official_emis,exact,open
LBY_002012,KU-034,LBY,ANASER,النصر,1|2,Primary|Preparatory,public,Libya,An Nuqat al Khams,,,,,,32.77519,12.51105,official_emis,exact,closed_temporary
LBY_002013,NA-014,LBY,ANASER,النصر,1|2,Primary|Preparatory,public,Libya,Ghadamis,,,,,,31.84357,11.56878,official_emis,exact,open
LBY_002014,MA-044,LBY,ANASER,النصر,1|2,Primary|Preparatory,public,Libya,Al Marj,,,,,,32.4801,20.84414,official_emis,exact,open
LBY_002015,MU-408,LBY,ANASER,النصر البنات,1|2,Primary|Preparatory,public,Libya,Al Marqab,,,,,,32.4794,14.53765,official_emis,exact,closed_temporary
LBY_002016,MI-365,LBY,ANASER,النصر,1|2,Primary|Preparatory,public,Libya,Tajura' wa an Nawahi al Arba,,,,,,32.43681,13.39416,official_emis,exact,open
LBY_002017,TR-493,LBY,ANEAM ALMARKAZEYA,النعم المركزية,1|2|3,Primary|Preparatory|Secondary (Economic Sciences),public,Libya,Tajura' wa an Nawahi al Arba,,,,,,32.66594,13.39481,official_emis,exact,open
LBY_002018,MU-246,LBY,ANEQAT ALKHAMS,النقاط الخمس,1|2,Primary|Preparatory,public,Libya,Al Marqab,,,,,,32.4602,14.53294,official_emis,exact,closed_temporary
LBY_002019,MU-383,LBY,ANESA ALKHALEDAT,النساء الخالدات,1|2,Primary|Preparatory,public,Libya,Al Marqab,,,,,,32.474,14.56476,official_emis,exact,open
LBY_002020,TR-406,LBY,ANJAM ASATAA,النجم الساطع,3,Secondary (Medical Sciences)|Secondary (Engineering Sciences)|Secondary (Economic Sciences),public,Libya,Mizdah,,,,,,32.19564,13.19564,official_emis,exact,open
LBY_002021,KU-085,LBY,ANJAMYA,النجامية,1|2,Primary|Preparatory,public,Libya,An Nuqat al Khams,,,,,,32.65887,12.34826,official_emis,exact,closed_temporary
LBY_002022,TR-182,LBY,ANJOM AZAHRA,النجوم الزاهرة,1|2,Primary|Preparatory,public,Libya,Tajura' wa an Nawahi al Arba,,,,,,32.89214,13.20098,official_emis,exact,open
LBY_002023,SI-065,LBY,ANOFLYA,النوفلية,1|2,Primary|Preparatory,public,Libya,Surt,,,,,,30.77694,17.83569,official_emis,exact,open
LBY_002024,SI-080,LBY,ANOOR,النور,1|2,Primary|Preparatory,public,Libya,Surt,,,,,,31.19794,16.70597,official_emis,exact,open
LBY_002025,NA-057,LBY,ANOOR,النور,2,Preparatory,public,Libya,Ghadamis,,,,,,31.84847,11.15265,official_emis,exact,open
LBY_002026,MI-334,LBY,ANOOR MAJE,النور مجي,1,Primary,public,Libya,Al Marqab,,,,,,32.44885,13.53779,official_emis,exact,open
LBY_002027,BI-037,LBY,ANSAR AL HORYA,أنصار الحرية,1|2,Primary|Preparatory,public,Libya,Benghazi,,,,,,32.022204,20.306958,official_emis,exact,open
LBY_002028,MI-162,LBY,ANSAR ALHUREYA,انصار الحرية,1|2,Primary|Preparatory,public,Libya,Al Marqab,,,,,,32.593,13.89878,official_emis,exact,open
LBY_002029,MA-080,LBY,ANSAR ALHURRIA,انصار الحرية,1|2,Primary|Preparatory,public,Libya,Al Marj,,,,,,32.35588,20.92879,official_emis,exact,open
LBY_002030,WM-317,LBY,ANSER,النصر,1|2,Primary|Preparatory,public,Libya,Mizdah,,,,,,31.9153,12.25724,official_emis,exact,open
LBY_002031,WM-124,LBY,ANWAR AL MAAREFA,انوار المعرفه,1|2,Primary|Preparatory,public,Libya,Mizdah,,,,,,32.04771,12.85244,official_emis,exact,open
LBY_002032,SI-114,LBY,ANWAR ALYAKEEN,انورا اليقين,1|2|3,Primary|Preparatory|Secondary (Economic Sciences),public,Libya,Surt,,,,,,31.0742,16.31487,official_emis,exact,open
LBY_002033,WM-181,LBY,ANZU ELGHABA,انزو الغابة,1,Primary,public,Libya,Mizdah,,,,,,32.05155,12.68012,official_emis,exact,open
LBY_002034,SA-045,LBY,AOKBA BEN NAFAA,عقبة بن نافع,2,Preparatory,public,Libya,Sabha,,,,,,27.04594,14.43588,official_emis,exact,open
LBY_002035,MI-451,LBY,AOMER AL CHAREF,عمر الشارف,1|2,Primary|Preparatory,public,Libya,Al Marqab,,,,,,32.58488,14.35049,official_emis,exact,open
LBY_002036,TR-048,LBY,AOMR ALMOKTAR,عمر المختار,1|2,Primary|Preparatory,public,Libya,Az Zawiyah,,,,,,32.84942,13.0927,official_emis,exact,open
LBY_002037,KU-134,LBY,AORBH,العروبه,1|2,Primary|Preparatory,public,Libya,An Nuqat al Khams,,,,,,32.76974,12.21123,official_emis,exact,closed_temporary
LBY_002038,DA-039,LBY,APD ALKRIM JPRIL,عبد الكريم جبريل,2,Preparatory,public,Libya,Al Qubbah,,,,,,32.74792,22.65552,official_emis,exact,open
LBY_002039,MA-173,LBY,APD ALLH BN APE ALSRH,عبد الله بن أبي السرح,3,Secondary (Medical Sciences),public,Libya,Al Marj,,,,,,31.58147,21.01764,official_emis,exact,open
LBY_002040,TR-526,LBY,APDALMTLB FN HACHM,عبدالمطلب بن هاشم,1|2,Primary|Preparatory,public,Libya,Tajura' wa an Nawahi al Arba,,,,,,32.7578,13.44435,official_emis,exact,open
LBY_002041,MI-393,LBY,APIAR MJI ALMTWST,ابيار مجي متوسط,3,Secondary (Economic Sciences),public,Libya,Al Marqab,,,,,,32.40786,13.53461,official_emis,exact,open
LBY_002042,MA-015,LBY,APWPKR ALSDIG,ابو بكر الصديق,2,Preparatory,public,Libya,Al Marj,,,,,,32.64392,20.83253,official_emis,exact,closed_temporary
LBY_002043,KO-015,LBY,AQNADIN,اجنادين,2,Preparatory,public,Libya,Al Kufrah,,,,,,24.19515,23.24701,official_emis,exact,open
LBY_002044,MO-015,LBY,AQUR ALTNOT,اقار الثانوية,3,Secondary (Medical Sciences)|Secondary (Engineering Sciences)|Secondary (Economic Sciences),public,Libya,Murzuq,,,,,,26.09636,13.56664,official_emis,exact,open
LBY_002045,WH-016,LBY,ARAB ELSAHRA,عرب الصحراء,1,Primary,public,Libya,Wadi al Hayaa,,,,,,26.54361,13.31335,official_emis,exact,open
LBY_002046,MU-116,LBY,ARAD ALAHRAR,ارض الاحرار,1|2,Primary|Preparatory,public,Libya,Misratah,,,,,,32.36356,15.01783,official_emis,exact,open
LBY_002047,JA-178,LBY,ARAIA ALKADRA,الرايه الخضراء,1|2,Primary|Preparatory,public,Libya,Al Marqab,,,,,,32.46347,14.50525,official_emis,exact,closed_temporary
LBY_002048,ZA-188,LBY,ARAQUOBA,الراقوبه,1|2,Primary|Preparatory,public,Libya,Az Zawiyah,,,,,,32.75208,12.62044,official_emis,exact,open
LBY_002049,BI-217,LBY,ARAS ALGANOB,عروس الجنوب,3,Secondary (Economic Sciences),public,Libya,Benghazi,,,,,,32.112364,20.097732,official_emis,exact,open
LBY_002050,TR-066,LBY,ARAYA ALKHDRA,الراية الخضراء,3,Secondary (Economic Sciences),public,Libya,Az Zawiyah,,,,,,32.85481,13.09592,official_emis,exact,open
LBY_002051,GM-002,LBY,ARDH ALSHUHADA,أرض الشهداء,1|2,Primary|Preparatory,public,Libya,Al Jabal al Akhdar,,,,,,32.81688,21.779,official_emis,exact,open
LBY_002052,TR-199,LBY,AREBAT ALAMAMI,الرباط الامامي,1|2,Primary|Preparatory,public,Libya,Tajura' wa an Nawahi al Arba,,,,,,32.88628,13.19543,official_emis,exact,open
LBY_002053,ZA-258,LBY,AREEHAN,الريحان النموذجية,1|2,Primary|Preparatory,public,Libya,Az Zawiyah,,,,,,32.72716,12.73099,official_emis,exact,open
LBY_002054,MI-156,LBY,ARHAMNA,الرحامنة,1|2,Primary|Preparatory,public,Libya,Al Marqab,,,,,,32.55967,13.94181,official_emis,exact,open
LBY_002055,DA-067,LBY,AROUS ALJANOUB,عروس الجنوب,1|2,Primary|Preparatory,public,Libya,Al Qubbah,,,,,,32.66934,22.58928,official_emis,exact,open
LBY_002056,WH-056,LBY,ARQEEBA ATANAWYA,الرقيبة الثانوية,3,Secondary (Medical Sciences)|Secondary (Economic Sciences),public,Libya,Wadi al Hayaa,,,,,,26.60129,13.56497,official_emis,exact,open
LBY_002057,MA-118,LBY,ARRAJMA,الرجمة,1,Primary,public,Libya,Al Marj,,,,,,32.07051,20.34568,official_emis,exact,open
LBY_002058,MA-216,LBY,ARRAJMA,الرجمة,1,Primary,public,Libya,Al Marj,,,,,,32.07051,20.34568,official_emis,exact,open
LBY_002059,MA-167,LBY,ARRAJMA,الرجمة,3,Secondary (Economic Sciences),public,Libya,Al Marj,,,,,,32.06981,20.34099,official_emis,exact,open
LBY_002060,JA-272,LBY,ARRAYA ALKHADHRA,الراية الخضراء,1|2,Primary|Preparatory,public,Libya,Az Zawiyah,,,,,,32.57796,12.89263,official_emis,exact,open
LBY_002061,TR-489,LBY,ARRIYA ALKHDRA,الراية الخضراء,1|2,Primary|Preparatory,public,Libya,Tajura' wa an Nawahi al Arba,,,,,,32.80755,13.32859,official_emis,exact,open
LBY_002062,KU-245,LBY,ASABEA MIN OKTOBER,السابع من اكتوبر,3,Secondary (Economic Sciences),public,Libya,An Nuqat al Khams,,,,,,32.78716,12.44938,official_emis,exact,closed_temporary
LBY_002063,ZA-159,LBY,ASABRIA,الصابرية,1|2,Primary|Preparatory,public,Libya,Az Zawiyah,,,,,,32.74634,12.65072,official_emis,exact,closed_temporary
LBY_002064,BI-150,LBY,ASAD ALALE,السد العالي,3,Secondary (Medical Sciences)|Secondary (Engineering Sciences)|Secondary (Economic Sciences),public,Libya,Benghazi,,,,,,32.047801,20.046374,official_emis,exact,open
LBY_002065,TR-290,LBY,ASAD BEN ALFORAT,اسد بن الفرات,1|3,Primary|Secondary (Economic Sciences),public,Libya,Tajura' wa an Nawahi al Arba,,,,,,32.87804,13.26213,official_emis,exact,open
LBY_002066,SI-019,LBY,ASADEE ALTABOLE,الساعدي الطبولي,1|2,Primary|Preparatory,public,Libya,Surt,,,,,,31.18959,16.19473,official_emis,exact,open
LBY_002067,MU-320,LBY,ASADI TABOLI,الساعدي الطبولي,1|2,Primary|Preparatory,public,Libya,Misratah,,,,,,31.751972,14.018662,official_emis,exact,open
LBY_002068,TR-134,LBY,ASAFA,الصفاء,2|3,Preparatory|Secondary (Economic Sciences),public,Libya,Tajura' wa an Nawahi al Arba,,,,,,32.87271,13.19374,official_emis,exact,open
LBY_002069,JA-023,LBY,ASAHA KHADRA,الساحة الخضراء,1|2,Primary|Preparatory,public,Libya,Al Marqab,,,,,,32.4891,13.50802,official_emis,exact,unknown
LBY_002070,WM-063,LBY,ASAHED ALFITORI ABDUALLA ADRFI,الشهيد الفيتوري عبدالله الدرفي,1|2,Primary|Preparatory,public,Libya,Mizdah,,,,,,32.22812,13.03712,official_emis,exact,open
LBY_002071,KU-076,LBY,ASAHEL ALAKDOR,السهل الاخضر,1|2,Primary|Preparatory,public,Libya,An Nuqat al Khams,,,,,,32.70585,12.35832,official_emis,exact,closed_temporary
LBY_002072,KU-158,LBY,ASAHI AM ALMOMANEN,عائشة ام المومنين,1|2,Primary|Preparatory,public,Libya,An Nuqat al Khams,,,,,,32.92772,12.07914,official_emis,exact,closed_temporary
LBY_002073,JA-275,LBY,ASALAM,السلام,1|2,Primary|Preparatory,public,Libya,Al Jifarah,,,,,,32.57132,13.04982,official_emis,exact,open
LBY_002074,SI-044,LBY,ASALAM,السلام,1|2,Primary|Preparatory,public,Libya,Misratah,,,,,,31.16793,15.09243,official_emis,exact,open
LBY_002075,ZA-007,LBY,ASAMA BEN ZAYD,اسامة  بن زيد,1|2|3,Primary|Preparatory|Secondary (Economic Sciences),public,Libya,Az Zawiyah,,,,,,32.68511,12.74431,official_emis,exact,closed_temporary
LBY_002076,JA-236,LBY,ASAMA BEN ZEAD,أسامة بن زيد,1|2,Primary|Preparatory,public,Libya,Al Jifarah,,,,,,32.5898,13.07995,official_emis,exact,open
LBY_002077,GA-229,LBY,ASAMA BEN ZEAD,أسامة بن زيد,1,Primary,public,Libya,Ghat,,,,,,24.91792,10.19792,official_emis,exact,open
LBY_002078,AJ-029,LBY,ASAMT BN ZID,اسامة بن زيد,1|2,Primary|Preparatory,public,Libya,Ajdabiya,,,,,,30.29321,19.42061,official_emis,exact,open
LBY_002079,DA-111,LBY,ASAQER ALWAHED,الصقر الوحيد,2,Preparatory,public,Libya,Al Qubbah,,,,,,32.53453,23.00847,official_emis,exact,open
LBY_002080,KO-003,LBY,ASAR AL JMAHER,عصر الجماهير,1|2,Primary|Preparatory,public,Libya,Al Kufrah,,,,,,24.2009,23.29329,official_emis,exact,open
LBY_002081,KO-043,LBY,ASAR AL JMAHER,عصر الجماهير,1,Primary,public,Libya,Al Kufrah,,,,,,24.2009,23.29329,official_emis,exact,open
LBY_002082,JA-254,LBY,ASAYAH,السايح,1|2,Primary|Preparatory,public,Libya,Tajura' wa an Nawahi al Arba,,,,,,32.5621,13.24327,official_emis,exact,open
LBY_002083,BI-215,LBY,ASAYEDA ROKAYA,السيده رقيه,3,Secondary (Medical Sciences)|Secondary (Engineering Sciences),public,Libya,Benghazi,,,,,,32.097108,20.130782,official_emis,exact,open
LBY_002084,MI-383,LBY,ASAYEDA ZAYNAB,السيده زينب,1|2,Primary|Preparatory,public,Libya,Tajura' wa an Nawahi al Arba,,,,,,32.63983,13.76734,official_emis,exact,closed_temporary
LBY_002085,TR-181,LBY,ASBAHA ALSOBH,أصبح الصبح,1|2,Primary|Preparatory,public,Libya,Tajura' wa an Nawahi al Arba,,,,,,32.89636,13.21357,official_emis,exact,open
LBY_002086,WM-342,LBY,ASEEDA ASHIA,السيدة عائشة,1|2,Primary|Preparatory,public,Libya,Mizdah,,,,,,31.87637,11.89224,official_emis,exact,open
LBY_002087,BI-106,LBY,ASEIDA HAFSA,السيدة حفصة,1,Primary,public,Libya,Ajdabiya,,,,,,30.66985,20.25572,official_emis,exact,open
LBY_002088,BI-475,LBY,ASEIDA HAFSA,السيدة حفصة,1,Primary,public,Libya,Ajdabiya,,,,,,30.66985,20.25572,official_emis,exact,open
LBY_002089,MU-376,LBY,ASER ALGAMAHER,عصر الجماهير,1|2,Primary|Preparatory,public,Libya,Al Marqab,,,,,,32.45192,14.56418,official_emis,exact,closed_temporary
LBY_002090,TR-013,LBY,ASER ALGAMAHER,عصر الجماهير,1|2,Primary|Preparatory,public,Libya,Tajura' wa an Nawahi al Arba,,,,,,32.84808,13.1293,official_emis,exact,open
LBY_002091,JA-211,LBY,ASER ALJAMAHER,عصر الجماهير,1|2,Primary|Preparatory,public,Libya,Az Zawiyah,,,,,,32.68398,12.9171,official_emis,exact,closed_temporary
LBY_002092,MI-167,LBY,ASHABAENA,الشباعنه,1|2,Primary|Preparatory,public,Libya,Al Marqab,,,,,,32.55897,13.90785,official_emis,exact,open
LBY_002093,SI-074,LBY,ASHAHED,الشهيد,1|2,Primary|Preparatory,public,Libya,Surt,,,,,,31.20543,16.59637,official_emis,exact,open
LBY_002094,GM-114,LBY,ASHAHED ABD ALMENEM,الشهيد عبد المنعم,1|2,Primary|Preparatory,public,Libya,Al Jabal al Akhdar,,,,,,32.78232,21.82266,official_emis,exact,closed_temporary
LBY_002095,MA-095,LBY,ASHAHED ABD ALMENEM REYAD,الشهيد عبد المنعم رياض,1|2,Primary|Preparatory,public,Libya,Benghazi,,,,,,32.30928,20.27275,official_emis,exact,open
LBY_002096,JA-175,LBY,ASHAHED ABDASALAM ATRIKA,الشهيد عبدالسلام التريكي,1|2,Primary|Preparatory,public,Libya,Al Marqab,,,,,,32.48195,14.56797,official_emis,exact,open
LBY_002097,MO-090,LBY,ASHAHED ABDUSALAM ALQATRONI,الشهيد عبدالسلام القطروني,1,Primary,public,Libya,Murzuq,,,,,,25.9276,13.89997,official_emis,exact,open
LBY_002098,MO-027,LBY,ASHAHED ABDUSALAM ALQATRONI,الشهيد عبدالسلام القطروني,1|2,Primary|Preparatory,public,Libya,Murzuq,,,,,,25.9276,13.89997,official_emis,exact,open
LBY_002099,MI-524,LBY,ASHAHED ALGABER,الشهيد الجابر,3,Secondary (Economic Sciences),public,Libya,Al Marqab,,,,,,32.65441,14.2538,official_emis,exact,open
LBY_002100,KU-183,LBY,ASHAHED ALJAMI,الشهيد الجمي,1|2,Primary|Preparatory,public,Libya,An Nuqat al Khams,,,,,,32.83403,12.03612,official_emis,exact,closed_temporary
LBY_002101,DA-083,LBY,ASHAHED DARAG ABO HAWESH,الشهيد فرج بو حويش,1|2,Primary|Preparatory,public,Libya,Al Qubbah,,,,,,32.76328,22.24018,official_emis,exact,open
LBY_002102,ZA-109,LBY,ASHAHED EMHEMD ALMQAREF,الشهيد إمحمد المقريف,1|2,Primary|Preparatory,public,Libya,Az Zawiyah,,,,,,32.75955,12.56653,official_emis,exact,open
LBY_002103,MI-184,LBY,ASHAHED EMHEMD RAJAB,الشهيد إمحمد رجب,1,Primary,public,Libya,Al Marqab,,,,,,32.47882,14.57907,official_emis,exact,open
LBY_002104,MU-313,LBY,ASHAHED HAFED ALMADANE,الشهيد حافظ المدني,3,Secondary (Engineering Sciences)|Secondary (Economic Sciences),public,Libya,Misratah,,,,,,31.743848,14.00693,official_emis,exact,closed_temporary
LBY_002105,MU-243,LBY,ASHAHED HAMEZA,الشهيد حمزة,1|2,Primary|Preparatory,public,Libya,Al Marqab,,,,,,32.46191,14.61794,official_emis,exact,open
LBY_002106,ZA-110,LBY,ASHAHED MOHAMED ADORRA,الشهيد محمد الدره,1|2,Primary|Preparatory,public,Libya,Az Zawiyah,,,,,,32.76195,12.5619,official_emis,exact,open
LBY_002107,ZA-027,LBY,ASHAHED MOHAMED KARDAMEEN,الشهيد كردمين,1|2,Primary|Preparatory,public,Libya,Az Zawiyah,,,,,,32.75496,12.71147,official_emis,exact,open
LBY_002108,JU-008,LBY,ASHAHED NASER AZWAY,الشهيد ناصر الزوي,1|2,Primary|Preparatory,public,Libya,Al Jufrah,,,,,,29.13382,15.9631,official_emis,exact,open
LBY_002109,KU-077,LBY,ASHAHED SALAMA SAAD,الشهيد سلامه سعد,1|2,Primary|Preparatory,public,Libya,An Nuqat al Khams,,,,,,32.67102,12.32978,official_emis,exact,closed_temporary
LBY_002110,MO-024,LBY,ASHAHED SALEH ABDANABI,الشهيد صالح عبدالنبي,1|2,Primary|Preparatory,public,Libya,Murzuq,,,,,,25.93235,14.0806,official_emis,exact,open
LBY_002111,MO-087,LBY,ASHAHED SALEH ABDANABI,الشهيد صالح عبدالنبي,1,Primary,public,Libya,Murzuq,,,,,,25.93235,14.0806,official_emis,exact,open
LBY_002112,KU-277,LBY,ASHAHED ZAID TABEB,الشهيد زايد الطبيب,3,Secondary (Engineering Sciences)|Secondary (Economic Sciences),public,Libya,An Nuqat al Khams,,,,,,32.81933,12.05161,official_emis,exact,closed_temporary
LBY_002113,BI-032,LBY,ASHAHEDA KHOLOD,الشهيدة خلود,3,Secondary (Economic Sciences),public,Libya,Benghazi,,,,,,32.11319,20.1069,official_emis,exact,open
LBY_002114,BI-101,LBY,ASHAHEED AWAD ALABIR,الشهيد عوض العبار,2,Preparatory,public,Libya,Benghazi,,,,,,31.66215,20.21455,official_emis,exact,open
LBY_002115,JA-193,LBY,ASHAHEED KALED ALMALOL,الشهيد خالد المعلول,3,Secondary (Medical Sciences),public,Libya,Al Marqab,,,,,,32.45493,14.53567,official_emis,exact,closed_temporary
LBY_002116,WM-196,LBY,ASHAHEED MOHAMED ADORRA,الشهيد محمد الذرة,1,Primary,public,Libya,Mizdah,,,,,,31.46202,12.98121,official_emis,exact,open
LBY_002117,ZA-026,LBY,ASHAHEEM AREGEB,الشهيد عريقيب,1|2,Primary|Preparatory,public,Libya,Az Zawiyah,,,,,,32.61068,12.64768,official_emis,exact,closed_temporary
LBY_002118,BI-070,LBY,ASHAHID FRJ ALBADRY,الشهيد فرج البدري,2,Preparatory,public,Libya,Benghazi,,,,,,31.66124,20.01629,official_emis,exact,closed_temporary
LBY_002119,BI-468,LBY,ASHAHID HSEEN ALKARIKY,الشهيد حسين الكاريكي,1,Primary,public,Libya,Benghazi,,,,,,31.69134,20.01656,official_emis,exact,closed_temporary
LBY_002120,BI-068,LBY,ASHAHID HSEEN ALKARIKY,الشهيد حسين الكاريكي,1|2,Primary|Preparatory,public,Libya,Benghazi,,,,,,31.69134,20.01656,official_emis,exact,closed_temporary
LBY_002121,TR-520,LBY,ASHARQ,الشرق,1|2,Primary|Preparatory,public,Libya,Tajura' wa an Nawahi al Arba,,,,,,32.84717,13.45206,official_emis,exact,open
LBY_002122,ZA-195,LBY,ASHAWEBEYA,الشويبيه,1|2,Primary|Preparatory,public,Libya,Az Zawiyah,,,,,,32.6399,12.54627,official_emis,exact,open
LBY_002123,MI-465,LBY,ASHAWNA,الشعاونة,1,Primary,public,Libya,Al Marqab,,,,,,32.64619,14.18954,official_emis,exact,open
LBY_002124,BI-052,LBY,ASHBAL LIBYA,أشبال ليبيا,1|2,Primary|Preparatory,public,Libya,Benghazi,,,,,,32.125,20.098964,official_emis,exact,open
LBY_002125,BI-463,LBY,ASHBAL LIBYA,أشبال ليبيا,1,Primary,public,Libya,Benghazi,,,,,,32.125,20.098964,official_emis,exact,open
LBY_002126,BI-115,LBY,ASHBELYA,اشبيليا,1|2,Primary|Preparatory,public,Libya,Benghazi,,,,,,32.084818,20.084552,official_emis,exact,open
LBY_002127,BI-476,LBY,ASHBELYA,اشبيليا,1,Primary,public,Libya,Benghazi,,,,,,32.084818,20.084552,official_emis,exact,open
LBY_002128,DA-118,LBY,ASHED ABDUALLA HABEB,الشهيد عبدالله حبيب,2,Preparatory,public,Libya,Al Qubbah,,,,,,32.33572,23.05549,official_emis,exact,open
LBY_002129,DA-173,LBY,ASHED ABDUALLA HABEB,الشهيد عبدالله حبيب,1,Primary,public,Libya,Al Qubbah,,,,,,32.33572,23.05549,official_emis,exact,open
LBY_002130,TR-356,LBY,ASHEED AMHAMED AL HARITY,الشهيد إمحمد الحاراتي,1|2,Primary|Preparatory,public,Libya,Tajura' wa an Nawahi al Arba,,,,,,32.83849,13.17272,official_emis,exact,open
LBY_002131,WM-104,LBY,ASHEFA,الشفاء,1|2,Primary|Preparatory,public,Libya,Mizdah,,,,,,32.199,13.32701,official_emis,exact,open
LBY_002132,WM-247,LBY,ASHEK AHMED ALKALEFE,الشيخ احمد الخليفي,1|2,Primary|Preparatory,public,Libya,Mizdah,,,,,,32.01088,12.46094,official_emis,exact,open
LBY_002133,NA-031,LBY,ASHEK SEDEG MASOUD,الشيخ الصديق مسعود,2,Preparatory,public,Libya,Ghadamis,,,,,,31.85501,11.1537,official_emis,exact,open
LBY_002134,GM-225,LBY,ASHHED ABD ALMENEM,الشهيد عبد المنعم,1,Primary,public,Libya,Al Jabal al Akhdar,,,,,,32.78232,21.82266,official_emis,exact,closed_temporary
LBY_002135,ZA-022,LBY,ASHHID ABO DRBALA,الشهيد ابو دربالة,3,Secondary (Medical Sciences),public,Libya,Az Zawiyah,,,,,,32.73971,12.71708,official_emis,exact,closed_temporary
LBY_002136,NA-089,LBY,ASHIK ALAISAWY,الشيخ العيساوي,3,Secondary (Medical Sciences),public,Libya,Ghadamis,,,,,,31.82296,11.04965,official_emis,exact,open
LBY_002137,MI-462,LBY,ASHOAA,الشعاع,1|2,Primary|Preparatory,public,Libya,Al Marqab,,,,,,32.53878,14.18187,official_emis,exact,open
LBY_002138,KU-131,LBY,ASHOALA ASHRQYA,الشعلة الشرقية,1|2,Primary|Preparatory,public,Libya,An Nuqat al Khams,,,,,,32.71698,12.30284,official_emis,exact,open
LBY_002139,WM-103,LBY,ASHOBAK,الشباك,1,Primary,public,Libya,Mizdah,,,,,,31.98122,13.25382,official_emis,exact,open
LBY_002140,MU-039,LBY,ASHOHADA BANAT,الهداء بنات,1|2,Primary|Preparatory,public,Libya,Misratah,,,,,,32.38176,15.06813,official_emis,exact,open
LBY_002141,ZA-021,LBY,ASHOLA,الشعلة,1|2,Primary|Preparatory,public,Libya,Az Zawiyah,,,,,,32.73443,12.7256,official_emis,exact,unknown
LBY_002142,MU-134,LBY,ASHOMOA,الشموع,1|2,Primary|Preparatory,public,Libya,Misratah,,,,,,32.36461,15.16365,official_emis,exact,open
LBY_002143,TR-152,LBY,ASHOROK,الشروق,2,Preparatory,public,Libya,Tajura' wa an Nawahi al Arba,,,,,,32.89146,13.18175,official_emis,exact,open
LBY_002144,TU-061,LBY,ASHOROK,الشروق,1,Primary,public,Libya,Al Butnan,,,,,,31.09034,23.95272,official_emis,exact,open
LBY_002145,WM-195,LBY,ASHQEQA ALMRKZYA,الشقيقة المركزية,1|2,Primary|Preparatory,public,Libya,Mizdah,,,,,,31.63709,12.80119,official_emis,exact,open
LBY_002146,DA-159,LBY,ASHUALA,الشعلة,1,Primary,public,Libya,Al Qubbah,,,,,,32.76018,22.25015,official_emis,exact,open
LBY_002147,DA-071,LBY,ASHUALA,الشعلة,1|2,Primary|Preparatory,public,Libya,Al Qubbah,,,,,,32.76018,22.25015,official_emis,exact,open
LBY_002148,KU-133,LBY,ASHUD OMAER MUTER,الشهيد عمر المختار,1|2,Primary|Preparatory,public,Libya,An Nuqat al Khams,,,,,,32.68227,12.2699,official_emis,exact,open
LBY_002149,TU-083,LBY,ASHWIMRA,الشويمرة,1|2,Primary|Preparatory,public,Libya,Al Butnan,,,,,,31.95893,24.88041,official_emis,exact,open
LBY_002150,JA-058,LBY,ASID ATHOGOR,اسد الثغور,1|2,Primary|Preparatory,public,Libya,Al Jifarah,,,,,,32.65176,13.0473,official_emis,exact,open
LBY_002151,TR-179,LBY,ASIYA GHANIM,اسيا غانم,1|2,Primary|Preparatory,public,Libya,Tajura' wa an Nawahi al Arba,,,,,,32.89294,13.20163,official_emis,exact,open
LBY_002152,BI-235,LBY,ASMA,اسماء,2,Preparatory,public,Libya,Benghazi,,,,,,32.12127,20.06696,official_emis,exact,open
LBY_002153,BI-253,LBY,ASMA,أسماء,1,Primary,public,Libya,Benghazi,,,,,,32.10951,20.07366,official_emis,exact,open
LBY_002154,DA-069,LBY,ASMA,أسماء,1|2,Primary|Preparatory,public,Libya,Al Qubbah,,,,,,32.77195,22.24157,official_emis,exact,open
LBY_002155,GM-207,LBY,ASMA,أسماء,1,Primary,public,Libya,Al Jabal al Akhdar,,,,,,32.75594,21.75349,official_emis,exact,closed_temporary
LBY_002156,BI-510,LBY,ASMA,أسماء,1,Primary,public,Libya,Benghazi,,,,,,32.10951,20.07366,official_emis,exact,open
LBY_002157,GM-038,LBY,ASMA,أسماء,1|2,Primary|Preparatory,public,Libya,Al Jabal al Akhdar,,,,,,32.75594,21.75349,official_emis,exact,closed_temporary
LBY_002158,DA-014,LBY,ASMA ALTNWI,اسماء الثانوية,3,Secondary (Medical Sciences)|Secondary (Engineering Sciences),public,Libya,Al Qubbah,,,,,,32.75974,22.62629,official_emis,exact,open
LBY_002159,GA-002,LBY,ASMA BEENT ALSEDEK,اسماء بنت الصديق,1|2,Primary|Preparatory,public,Libya,Ghat,,,,,,24.96433,10.17461,official_emis,exact,open
LBY_002160,ZA-008,LBY,ASMA BENT ABOBAKAR,اسماء بنت ابوبكر,1|2,Primary|Preparatory,public,Libya,Az Zawiyah,,,,,,32.75321,12.74184,official_emis,exact,open
LBY_002161,AJ-045,LBY,ASMA BENT ALSEDEQ,اسماء بنت الصديق,1|2|3,Primary|Preparatory|Secondary (Economic Sciences),public,Libya,Ajdabiya,,,,,,30.74565,20.21916,official_emis,exact,open
LBY_002162,WM-193,LBY,ASMA BNT ABOBAKR,أسماء بنت أبوبكر,1,Primary,public,Libya,Mizdah,,,,,,31.45551,12.97954,official_emis,exact,open
LBY_002163,MU-006,LBY,ASMA GEARI,اسماء بنت ابى بكر,1|2,Primary|Preparatory,public,Libya,Misratah,,,,,,32.38255,15.09326,official_emis,exact,open
LBY_002164,KU-069,LBY,ASMAA BENT ABY BKER,اسماء بنت ابي بكر,1|2,Primary|Preparatory,public,Libya,An Nuqat al Khams,,,,,,32.75822,12.37487,official_emis,exact,closed_temporary
LBY_002165,TU-020,LBY,ASMAE BNT APE BKR,اسماء بنت ابي بكر ( الاجلاء سابقا,1|2,Primary|Preparatory,public,Libya,Al Butnan,,,,,,32.08361,23.95129,official_emis,exact,open
LBY_002166,WM-035,LBY,ASMOOD,الصمود,1|2,Primary|Preparatory,public,Libya,Mizdah,,,,,,32.08601,12.97231,official_emis,exact,open
LBY_002167,GM-004,LBY,ASOHOL ALKADRA,السهول الخضراء,1|2,Primary|Preparatory,public,Libya,Al Jabal al Akhdar,,,,,,32.332,21.6893,official_emis,exact,open
LBY_002168,ZA-029,LBY,ASOMOD,الصمود,1|2,Primary|Preparatory,public,Libya,Az Zawiyah,,,,,,32.73903,12.74945,official_emis,exact,closed_temporary
LBY_002169,BI-243,LBY,ASOMOD,الصمود,1|2,Primary|Preparatory,public,Libya,Benghazi,,,,,,32.105952,20.081569,official_emis,exact,open
LBY_002170,MI-463,LBY,ASOMOD,الصمود,1|2,Primary|Preparatory,public,Libya,Al Marqab,,,,,,32.61435,14.32097,official_emis,exact,open
LBY_002171,MU-013,LBY,ASOQOR,الصقور,1|2,Primary|Preparatory,public,Libya,Misratah,,,,,,32.38837,15.1166,official_emis,exact,open
LBY_002172,BI-058,LBY,ASR ALHURIA,عصر الحرية,2|3,Preparatory|Secondary (Medical Sciences),public,Libya,Benghazi,,,,,,32.10769,20.14885,official_emis,exact,open
LBY_002173,WS-050,LBY,ASRUN OCTEBER,اكتوبر 20,1|2,Primary|Preparatory,public,Libya,Ash Shati',,,,,,27.55811,13.54805,official_emis,exact,open
LBY_002174,JA-022,LBY,ASSABE' MIN IBREEL,السابع من إبريل,3,Secondary (Economic Sciences),public,Libya,Al Marqab,,,,,,32.33502,13.47898,official_emis,exact,open
LBY_002175,BI-168,LBY,ASSADEQ BALA,الصادق باله,2,Preparatory,public,Libya,Benghazi,,,,,,32.095877,20.086679,official_emis,exact,open
LBY_002176,JA-124,LBY,ASSADIQ,الصديق,1|2,Primary|Preparatory,public,Libya,Tajura' wa an Nawahi al Arba,,,,,,32.72537,13.11334,official_emis,exact,closed_temporary
LBY_002177,KU-100,LBY,ASSALAM,السلام,1|2,Primary|Preparatory,public,Libya,An Nuqat al Khams,,,,,,32.70594,12.34434,official_emis,exact,closed_temporary
LBY_002178,JA-202,LBY,ASSAWAED,السواعد,1|2,Primary|Preparatory,public,Libya,Al Jifarah,,,,,,32.63809,13.06493,official_emis,exact,open
LBY_002179,TR-174,LBY,ASSIDA HAJER,السيدة هاجر,1|2,Primary|Preparatory,public,Libya,Tajura' wa an Nawahi al Arba,,,,,,32.88408,13.17241,official_emis,exact,open
LBY_002180,TR-373,LBY,ASSOMOD,الصمود,1|2,Primary|Preparatory,public,Libya,Tajura' wa an Nawahi al Arba,,,,,,32.84452,13.17191,official_emis,exact,open
LBY_002181,WA-010,LBY,ASUDT HFSA,السيدة حفصه,1|2,Primary|Preparatory,public,Libya,Ajdabiya,,,,,,29.036379,21.55094,official_emis,exact,open
LBY_002182,WM-068,LBY,ASWADYA ALADADYA,السواعدية الإعدادية,2,Preparatory,public,Libya,Mizdah,,,,,,32.21358,13.07725,official_emis,exact,open
LBY_002183,WM-062,LBY,ASWADYA ALEBTDAIYA,السواعدية الإبتدائية,1|2,Primary|Preparatory,public,Libya,Mizdah,,,,,,32.21451,13.07546,official_emis,exact,open
LBY_002184,ZA-011,LBY,ATADAMON,التضامن,1|2,Primary|Preparatory,public,Libya,Az Zawiyah,,,,,,32.715,12.80607,official_emis,exact,closed_temporary
LBY_002185,MI-528,LBY,ATAFWQ,التفوق,1|2,Primary|Preparatory,public,Libya,Al Marqab,,,,,,32.68425,14.15935,official_emis,exact,open
LBY_002186,ZA-203,LBY,ATAHDY,التحدي,1|2|3,Primary|Preparatory|Secondary (Engineering Sciences)|Secondary (Economic Sciences),public,Libya,Az Zawiyah,,,,,,32.47189,12.595,official_emis,exact,closed_temporary
LBY_002187,WS-055,LBY,ATAHREER,التحرير,1|2,Primary|Preparatory,public,Libya,Ash Shati',,,,,,27.49254,13.03202,official_emis,exact,open
LBY_002188,SI-046,LBY,ATAKADOM,التقدم,1|2,Primary|Preparatory,public,Libya,Misratah,,,,,,31.38666,15.26597,official_emis,exact,open
LBY_002189,DA-164,LBY,ATAKADOM,التقدم,1,Primary,public,Libya,Al Qubbah,,,,,,32.70737,22.70333,official_emis,exact,open
LBY_002190,KU-072,LBY,ATAKDUM,التقدم,1|2,Primary|Preparatory,public,Libya,An Nuqat al Khams,,,,,,32.72071,12.36697,official_emis,exact,closed_temporary
LBY_002191,WM-109,LBY,ATAKDUM,التقدم,1|2,Primary|Preparatory,public,Libya,Al Marqab,,,,,,32.08611,13.39919,official_emis,exact,open
LBY_002192,TU-062,LBY,ATALEA,الطليعه,1|2,Primary|Preparatory,public,Libya,Al Butnan,,,,,,31.637973,25.053234,official_emis,exact,open
LBY_002193,SI-042,LBY,ATALEAA,الطليعه,1,Primary,public,Libya,Misratah,,,,,,31.16701,15.04814,official_emis,exact,closed_temporary
LBY_002194,ZA-030,LBY,ATALEAA,الطليعة,1|2,Primary|Preparatory,public,Libya,Az Zawiyah,,,,,,32.7652,12.72218,official_emis,exact,open
LBY_002195,JA-207,LBY,ATALEB ATAER,الطالب الثائر,1|2,Primary|Preparatory,public,Libya,Az Zawiyah,,,,,,32.74793,13.00555,official_emis,exact,closed_temporary
LBY_002196,WM-278,LBY,ATAMAN BEN AFAN,عتمان بن عفان,1,Primary,public,Libya,Mizdah,,,,,,32.06219,12.56869,official_emis,exact,open
LBY_002197,MU-160,LBY,ATAQDOM,التقدم,1|2,Primary|Preparatory,public,Libya,Misratah,,,,,,32.39758,14.99276,official_emis,exact,open
LBY_002198,MO-068,LBY,ATAWILA,الطويلة,1,Primary,public,Libya,Murzuq,,,,,,25.8969,14.58365,official_emis,exact,open
LBY_002199,WM-194,LBY,ATDAMEN,التضامن,1|2,Primary|Preparatory,public,Libya,Mizdah,,,,,,31.37776,12.85037,official_emis,exact,open
LBY_002200,AJ-021,LBY,ATEEA ALKASEH,عطية الكاسح,1|2,Primary|Preparatory,public,Libya,Ajdabiya,,,,,,30.74587,20.71519,official_emis,exact,open
LBY_002201,WA-028,LBY,ATET ALKACH,عطية الكاسح,1|2,Primary|Preparatory,public,Libya,Ajdabiya,,,,,,29.302353,21.65657,official_emis,exact,open
LBY_002202,BI-097,LBY,ATEYA ALKASEH,عطيه الكاسح,1|2,Primary|Preparatory,public,Libya,Benghazi,,,,,,31.79267,20.20508,official_emis,exact,open
LBY_002203,GM-111,LBY,ATEYA HASLOK,عطيه حسلوك,1|2,Primary|Preparatory,public,Libya,Al Jabal al Akhdar,,,,,,32.7996,21.862,official_emis,exact,closed_temporary
LBY_002204,MU-382,LBY,ATHADI,التحدي,3,Secondary (Engineering Sciences),public,Libya,Al Marqab,,,,,,32.47779,14.56538,official_emis,exact,open
LBY_002205,KU-041,LBY,ATHREER,التحرير,1,Primary,public,Libya,An Nuqat al Khams,,,,,,32.66285,12.4584,official_emis,exact,closed_temporary
LBY_002206,WM-164,LBY,ATHREER,التحرير,1|2,Primary|Preparatory,public,Libya,Mizdah,,,,,,32.15733,12.83007,official_emis,exact,open
LBY_002207,MU-196,LBY,ATMAN BEEN AFAN,عثمان بن عفان,1|2,Primary|Preparatory,public,Libya,Misratah,,,,,,32.29781,15.10752,official_emis,exact,open
LBY_002208,ZA-155,LBY,ATMAN BEN AFAN,عثمان بن عفان,1|2,Primary|Preparatory,public,Libya,Az Zawiyah,,,,,,32.64179,12.62923,official_emis,exact,closed_temporary
LBY_002209,TU-055,LBY,ATMN ALO,عثمان الوغ,1,Primary,public,Libya,Al Butnan,,,,,,32.10517,23.57723,official_emis,exact,open
LBY_002210,MA-104,LBY,ATOHAMI SHAHAT,التهامي شحات,1,Primary,public,Libya,Al Marj,,,,,,32.19061,20.60209,official_emis,exact,open
LBY_002211,MI-083,LBY,ATOYOAR,الطيور,1|2,Primary|Preparatory,public,Libya,Tajura' wa an Nawahi al Arba,,,,,,32.70457,13.81881,official_emis,exact,open
LBY_002212,TR-409,LBY,ATQADOM,التقدم,1|2,Primary|Preparatory,public,Libya,Tajura' wa an Nawahi al Arba,,,,,,32.80034,13.13022,official_emis,exact,unknown
LBY_002213,TU-090,LBY,ATRFAWY,الطرفاوي,1|2,Primary|Preparatory,public,Libya,Al Butnan,,,,,,31.99062,24.61173,official_emis,exact,open
LBY_002214,KU-234,LBY,ATTWRA ASHABYA,الثورة الشعبية,2,Preparatory,public,Libya,An Nuqat al Khams,,,,,,32.94556,11.8678,official_emis,exact,closed_temporary
LBY_002215,JA-035,LBY,ATTWRA ASHIBEYA,الثورة الشعبية,1|2,Primary|Preparatory,public,Libya,Al Marqab,,,,,,32.33897,13.53361,official_emis,exact,closed_temporary
LBY_002216,TU-008,LBY,ATUA ALUAS,عطية لياس,1|2,Primary|Preparatory,public,Libya,Al Butnan,,,,,,32.08644,23.9654,official_emis,exact,open
LBY_002217,ZA-111,LBY,ATURAFAA,الطرفاء,1|2,Primary|Preparatory,public,Libya,Az Zawiyah,,,,,,32.72695,12.57079,official_emis,exact,open
LBY_002218,JA-112,LBY,ATWEBEYA,الطويبية,3,Secondary (Engineering Sciences)|Secondary (Economic Sciences),public,Libya,Tajura' wa an Nawahi al Arba,,,,,,32.51761,13.41965,official_emis,exact,open
LBY_002219,GM-056,LBY,AWAD BHERY,عوض بحيري,1,Primary,public,Libya,Al Jabal al Akhdar,,,,,,32.82661,21.50915,official_emis,exact,closed_temporary
LBY_002220,WM-013,LBY,AWALAD HAZAM,اولاد حزام,1|2,Primary|Preparatory,public,Libya,Mizdah,,,,,,32.14604,13.00643,official_emis,exact,open
LBY_002221,WM-001,LBY,AWCWD ALGBL,اسود الجبل,1,Primary,public,Libya,Mizdah,,,,,,32.17273,13.02686,official_emis,exact,open
LBY_002222,DA-068,LBY,AWEDH ALABEDEY,عوض العبيدي,1,Primary,public,Libya,Al Qubbah,,,,,,32.77955,22.1445,official_emis,exact,open
LBY_002223,JA-283,LBY,AWEL NOFAMBER,أول نوفمبر,1|2,Primary|Preparatory,public,Libya,Al Jifarah,,,,,,32.53075,12.98737,official_emis,exact,open
LBY_002224,TR-375,LBY,AWEL SEBTEMBER SABEQA,أول سبتمبر سابقا,1|2,Primary|Preparatory,public,Libya,Tajura' wa an Nawahi al Arba,,,,,,32.84899,13.17108,official_emis,exact,open
LBY_002225,BI-481,LBY,AWFAI,الوفاء,1,Primary,public,Libya,Benghazi,,,,,,32.085792,20.118219,official_emis,exact,open
LBY_002226,MI-493,LBY,AWLAD ABDELATY,اولاد عبدالعاطي,1|2,Primary|Preparatory,public,Libya,Al Marqab,,,,,,32.71733,14.04358,official_emis,exact,open
LBY_002227,WM-070,LBY,AWLAD ABE SALAMA,اولاد ابي سلامه,1|2,Primary|Preparatory,public,Libya,Mizdah,,,,,,32.26468,13.04574,official_emis,exact,open
LBY_002228,WM-069,LBY,AWLAD ABEE RAS,اولاد ابي راس,1|2,Primary|Preparatory,public,Libya,Mizdah,,,,,,32.18127,13.07269,official_emis,exact,open
LBY_002229,WM-072,LBY,AWLAD AL JAMAA,اولاد الجماعه,1|2,Primary|Preparatory,public,Libya,Mizdah,,,,,,32.21789,13.04744,official_emis,exact,open
LBY_002230,WM-377,LBY,AWLAD ALI,أولاد علي,1|2,Primary|Preparatory,public,Libya,Mizdah,,,,,,32.01102,12.36977,official_emis,exact,open
LBY_002231,MI-335,LBY,AWLAD ERHOMA,أولاد إرحومة,1,Primary,public,Libya,Al Marqab,,,,,,32.43945,13.62105,official_emis,exact,open
LBY_002232,MI-105,LBY,AWLAD HUSSEN,اولاد حسين,1,Primary,public,Libya,Tajura' wa an Nawahi al Arba,,,,,,32.75808,13.90173,official_emis,exact,open
LBY_002233,NA-033,LBY,AWLAD MAHMOUD,اولاد محمود المركزية,1,Primary,public,Libya,Ghadamis,,,,,,31.82372,11.04852,official_emis,exact,open
LBY_002234,MI-495,LBY,AWLAD MRABET,اولاد مرابط,1|2,Primary|Preparatory,public,Libya,Al Marqab,,,,,,32.68003,14.00618,official_emis,exact,open
LBY_002235,MI-543,LBY,AWLAD NAMA,أولاد نماء,3,Secondary (Medical Sciences)|Secondary (Engineering Sciences),public,Libya,Al Marqab,,,,,,32.53186,14.40461,official_emis,exact,closed_temporary
LBY_002236,MI-508,LBY,AWLAD NAMA ALJADEDA,أولاد نما الجديدة,1|2,Primary|Preparatory,public,Libya,Al Marqab,,,,,,32.53513,14.41138,official_emis,exact,open
LBY_002237,MI-098,LBY,AWLAD RHOMA,أولاد رحومة,1|2,Primary|Preparatory,public,Libya,Tajura' wa an Nawahi al Arba,,,,,,32.71045,13.86162,official_emis,exact,open
LBY_002238,JA-194,LBY,AWLAD SAWESE,اولاد سويسي,3,Secondary (Economic Sciences),public,Libya,Az Zawiyah,,,,,,32.72564,13.04,official_emis,exact,open
LBY_002239,MI-070,LBY,AWLAD SHAKER,اولاد شكر,1,Primary,public,Libya,Al Marqab,,,,,,32.27741,14.23652,official_emis,exact,open
LBY_002240,NA-123,LBY,AWLAD TALEB ALMRKAZYA,أولاد طالب المركزية,1|2,Primary|Preparatory,public,Libya,Ghadamis,,,,,,31.99571,11.37188,official_emis,exact,open
LBY_002241,JA-338,LBY,AWLUD AOUN,اولاد اعوين,1|2,Primary|Preparatory,public,Libya,Al Jifarah,,,,,,32.61709,13.03188,official_emis,exact,open
LBY_002242,WM-041,LBY,AWSADEN ALQADEMA,اوسادن القديمة,1|2,Primary|Preparatory,public,Libya,Mizdah,,,,,,32.08877,13.00832,official_emis,exact,open
LBY_002243,KU-252,LBY,AWUDA,الوادى للعلوم الاجتماعية,3,Secondary (Engineering Sciences),public,Libya,An Nuqat al Khams,,,,,,32.76124,12.47562,official_emis,exact,closed_temporary
LBY_002244,WM-116,LBY,AYAD ALTAER,عيد التأر,1|2,Primary|Preparatory,public,Libya,Mizdah,,,,,,32.03534,13.2739,official_emis,exact,open
LBY_002245,MU-422,LBY,AYAN KAMA,عين كعام,1,Primary,public,Libya,Al Marqab,,,,,,32.51334,14.4495,official_emis,exact,closed_temporary
LBY_002246,WM-187,LBY,AYEN JALOT,عين جالوت,1|2,Primary|Preparatory,public,Libya,Mizdah,,,,,,32.0452,12.70323,official_emis,exact,open
LBY_002247,SI-073,LBY,AZAFARAN,الزعفران,1|2,Primary|Preparatory,public,Libya,Surt,,,,,,31.2043,16.53329,official_emis,exact,open
LBY_002248,JA-028,LBY,AZAHEF ALAKHDER,الزحف الأخضر,1|2,Primary|Preparatory,public,Libya,Al Marqab,,,,,,32.43356,13.87918,official_emis,exact,closed_temporary
LBY_002249,MA-194,LBY,AZAHRA,الزهراء,1,Primary,public,Libya,Al Marj,,,,,,32.48627,20.84227,official_emis,exact,open
LBY_002250,MA-043,LBY,AZAHRA,الزهراء,1|2,Primary|Preparatory,public,Libya,Al Marj,,,,,,32.48627,20.84227,official_emis,exact,open
LBY_002251,JA-181,LBY,AZAHRA ALGARBEA,الزهراء الغربيه,1|2,Primary|Preparatory,public,Libya,Al Marqab,,,,,,32.46343,14.51091,official_emis,exact,closed_temporary
LBY_002252,KU-075,LBY,AZARAMEKA,الزرامقه,1|2,Primary|Preparatory,public,Libya,An Nuqat al Khams,,,,,,32.7596,12.41025,official_emis,exact,open
LBY_002253,GM-045,LBY,AZAWYA ALQADEMA,الزاوية القديمة,1|2,Primary|Preparatory,public,Libya,Al Jabal al Akhdar,,,,,,32.76392,21.71496,official_emis,exact,open
LBY_002254,GM-212,LBY,AZAWYA ALQADEMA,الزاوية القديمة,1,Primary,public,Libya,Al Jabal al Akhdar,,,,,,32.76392,21.71496,official_emis,exact,open
LBY_002255,MU-048,LBY,AZHAR ALMOSTAQBEL,ازهار المستقبل,1|2,Primary|Preparatory,public,Libya,Misratah,,,,,,32.40055,15.03362,official_emis,exact,open
LBY_002256,TR-380,LBY,AZHAR ARABEE,ازهار الربيع,1|2,Primary|Preparatory,public,Libya,Tajura' wa an Nawahi al Arba,,,,,,32.81209,13.16662,official_emis,exact,closed_temporary
LBY_002257,KU-160,LBY,AZWARAA ALMARKAZEE,زواره المركزيه,1|2,Primary|Preparatory,public,Libya,An Nuqat al Khams,,,,,,32.93149,12.08621,official_emis,exact,closed_temporary
LBY_002258,JA-033,LBY,AZZAHRIA,الزهراء,3,Secondary (Medical Sciences)|Secondary (Engineering Sciences),public,Libya,Al Marqab,,,,,,32.3333,13.47745,official_emis,exact,open
LBY_002259,DA-101,LBY,AZZAHRIA,الزهراء,1,Primary,public,Libya,Al Qubbah,,,,,,32.78478,21.99842,official_emis,exact,open
LBY_002260,DA-167,LBY,AZZAHRIA,الزهراء,1,Primary,public,Libya,Al Qubbah,,,,,,32.78478,21.99842,official_emis,exact,open
LBY_002261,MA-039,LBY,AlEWALA,العويلية,1,Primary,public,Libya,Al Marj,,,,,,32.55614,20.98749,official_emis,exact,open
LBY_002262,ZA-070,LBY,Ali qmoud,على القمودى,1|2,Primary|Preparatory,public,Libya,Az Zawiyah,,,,,,32.77671,12.72912,official_emis,exact,open
LBY_002263,TR-510,LBY,Aoud altumn,وحدة العتمانية,1,Primary,public,Libya,Tajura' wa an Nawahi al Arba,,,,,,32.88797,13.34796,official_emis,exact,open
LBY_002264,TU-116,LBY,BAB ALZITON,باب الزيتون الثانوية,3,Secondary (Medical Sciences),public,Libya,Al Butnan,,,,,,32.00089,23.99876,official_emis,exact,open
LBY_002265,TU-113,LBY,BAB AZYTON ALEADADYA(25 YNAER SABIQA),(باب الزيتون الإعدادية(25 يناير سابقا,1|2,Primary|Preparatory,public,Libya,Al Butnan,,,,,,31.99899,24.01496,official_emis,exact,open
LBY_002266,TR-394,LBY,BAB BN GASHER,باب بن غشير,1|2,Primary|Preparatory,public,Libya,Tajura' wa an Nawahi al Arba,,,,,,32.86508,13.19328,official_emis,exact,closed_temporary
LBY_002267,JA-113,LBY,BACHER SOLAH,بشير صوله,3,Secondary (Economic Sciences),public,Libya,Al Marqab,,,,,,32.47904,14.46597,official_emis,exact,open
LBY_002268,MI-186,LBY,BADAR ALKOBRA,بدر الكبري,1|2,Primary|Preparatory,public,Libya,Al Marqab,,,,,,32.44646,14.58443,official_emis,exact,open
LBY_002269,MA-175,LBY,BADER AL ASREIA,بدر العصرية,1|2|3,Primary|Preparatory|Secondary (Medical Sciences)|Secondary (Economic Sciences),public,Libya,Al Marj,,,,,,32.49188,20.82581,official_emis,exact,open
LBY_002270,TR-011,LBY,BADER ALKOBRA,بدر الكبرى,1|2,Primary|Preparatory,public,Libya,Tajura' wa an Nawahi al Arba,,,,,,32.85437,13.13112,official_emis,exact,open
LBY_002271,MU-195,LBY,BADER ALKOBRA,بدر الكبرى,1|2,Primary|Preparatory,public,Libya,Misratah,,,,,,32.29433,15.09657,official_emis,exact,open
LBY_002272,WM-042,LBY,BADER ALKOBRA,بدر الكبرى,1|2,Primary|Preparatory,public,Libya,Mizdah,,,,,,31.93287,13.03841,official_emis,exact,open
LBY_002273,MU-384,LBY,BADER ALKOBRA LELBANAT,بدر الكبرى للبنات,2|3,Preparatory|Secondary (Medical Sciences),public,Libya,Al Marqab,,,,,,32.46723,14.6154,official_emis,exact,open
LBY_002274,NA-101,LBY,BADER ALMRKAUA,بدر المركزيه,1|2,Primary|Preparatory,public,Libya,Ghadamis,,,,,,32.05968,11.54572,official_emis,exact,open
LBY_002275,NA-102,LBY,BADER ALTLUM ALSAS,بدر للتعليم الاساسى,1|2,Primary|Preparatory,public,Libya,Ghadamis,,,,,,32.04978,11.54306,official_emis,exact,open
LBY_002276,MU-395,LBY,BADER BANEN,بدر بنين,1|2,Primary|Preparatory,public,Libya,Al Marqab,,,,,,32.46693,14.61628,official_emis,exact,open
LBY_002277,WM-071,LBY,BADERTN,بادرتن,1|2,Primary|Preparatory,public,Libya,Mizdah,,,,,,32.15047,13.06966,official_emis,exact,open
LBY_002278,TU-017,LBY,BADR ALKOBRA,بدر الكبرى,1,Primary,public,Libya,Al Butnan,,,,,,32.0854,23.97289,official_emis,exact,open
LBY_002279,ZA-052,LBY,BAHAR ALSMAH,بحر السماح,1,Primary,public,Libya,Az Zawiyah,,,,,,32.76432,12.73446,official_emis,exact,open
LBY_002280,ZA-050,LBY,BAIR MOAMIR,بئر معمر,1|2,Primary|Preparatory,public,Libya,Az Zawiyah,,,,,,32.68645,12.69419,official_emis,exact,closed_temporary
LBY_002281,JA-286,LBY,BAIR THALEK,بئر تهلك,1|2,Primary|Preparatory,public,Libya,Al Jifarah,,,,,,32.5085,13.04146,official_emis,exact,open
LBY_002282,TR-294,LBY,BALAL BEN RAYAH SCHOOL,بلال بن رياح,1|2,Primary|Preparatory,public,Libya,Tajura' wa an Nawahi al Arba,,,,,,32.86835,13.20569,official_emis,exact,open
LBY_002283,MI-015,LBY,BALAT ALSHUHADA,بلاط الشهداء,1|2,Primary|Preparatory,public,Libya,Az Zawiyah,,,,,,32.74793,13.00555,official_emis,exact,open
LBY_002284,BI-062,LBY,BALSFEN,با لصفن,1|2,Primary|Preparatory,public,Libya,Benghazi,,,,,,31.74632,19.93121,official_emis,exact,open
LBY_002285,WM-051,LBY,BANE WAZER,بني وزير الثانويه,3,Secondary (Medical Sciences),public,Libya,Mizdah,,,,,,32.08528,12.98251,official_emis,exact,open
LBY_002286,BI-240,LBY,BANGHZI BANEEN,بنغازى بنين,3,Secondary (Economic Sciences),public,Libya,Benghazi,,,,,,32.12749,20.06539,official_emis,exact,open
LBY_002287,WM-050,LBY,BANY KHALEFA,بني خليفة,3,Secondary (Economic Sciences),public,Libya,Mizdah,,,,,,32.0998,12.98097,official_emis,exact,open
LBY_002288,WM-405,LBY,BANY WAZER,بني وزير,1|2,Primary|Preparatory,public,Libya,Mizdah,,,,,,32.08528,12.98251,official_emis,exact,open
LBY_002289,WM-263,LBY,BARAHM 17 FABRA,براعم 17 فبراير تاغمه,1,Primary,public,Libya,Mizdah,,,,,,32.09888,12.55527,official_emis,exact,open
LBY_002290,JA-225,LBY,BARAHM WACHBAL ALFATAH,براعم واشبال الفاتح,1|2,Primary|Preparatory,public,Libya,Al Marqab,,,,,,32.45764,14.55748,official_emis,exact,open
LBY_002291,BI-076,LBY,BASHAER ALNASR,بشائر النصر,1,Primary,public,Libya,Benghazi,,,,,,32.20177,20.17057,official_emis,exact,open
LBY_002292,BI-470,LBY,BASHAER ALNASR,بشائر النصر,1,Primary,public,Libya,Benghazi,,,,,,32.20177,20.17057,official_emis,exact,open
LBY_002293,MU-170,LBY,BASHEER ALSADAWEY,بشير السعداوي,1|2,Primary|Preparatory,public,Libya,Misratah,,,,,,32.3671,15.00838,official_emis,exact,open
LBY_002294,KU-042,LBY,BASHER ALSADAWE,بشير السعداوى,1,Primary,public,Libya,An Nuqat al Khams,,,,,,32.6607,12.44214,official_emis,exact,closed_temporary
LBY_002295,MI-542,LBY,BASHER ASADAWI,بشير السعداوي,3,Secondary (Economic Sciences),public,Libya,Al Marqab,,,,,,32.54588,14.38035,official_emis,exact,closed_temporary
LBY_002296,TR-314,LBY,BASHIR ALOSTA,بشير الاسطي,3,Secondary (Economic Sciences),public,Libya,Tajura' wa an Nawahi al Arba,,,,,,32.9022,13.23343,official_emis,exact,open
LBY_002297,TR-401,LBY,BAYAN ALHORIA,بيان الحرية,2,Preparatory,public,Libya,Tajura' wa an Nawahi al Arba,,,,,,32.86188,13.1635,official_emis,exact,closed_temporary
LBY_002298,MA-056,LBY,BAYAN WEGDA,بيان وجده,1|2,Primary|Preparatory,public,Libya,Al Marj,,,,,,32.58374,20.94345,official_emis,exact,open
LBY_002299,JA-212,LBY,BAYET ALHAKMA,بيت الحكمة,1|2,Primary|Preparatory,public,Libya,Al Jifarah,,,,,,32.69414,13.08384,official_emis,exact,closed_temporary
LBY_002300,DA-062,LBY,BAYET TAMER,بيت تامر,1,Primary,public,Libya,Al Qubbah,,,,,,32.78849,22.3049,official_emis,exact,open
LBY_002301,TR-057,LBY,BAYT ALMOQADES,بيت المقدس,3,Secondary (Engineering Sciences),public,Libya,Tajura' wa an Nawahi al Arba,,,,,,32.85908,13.12604,official_emis,exact,open
LBY_002302,GM-100,LBY,BDAR ALKUBRA,بدر الكبرى,1|2,Primary|Preparatory,public,Libya,Al Jabal al Akhdar,,,,,,32.67998,21.63528,official_emis,exact,closed_temporary
LBY_002303,ZA-209,LBY,BEAAR ALGANAM ALGARBEYA,بئر الغنم الغربية,1|2,Primary|Preparatory,public,Libya,Az Zawiyah,,,,,,32.30677,12.56774,official_emis,exact,closed_temporary
LBY_002304,SI-012,LBY,BEAR ALQORDABEA,بئر القرضابيه,1|2,Primary|Preparatory,public,Libya,Surt,,,,,,31.12145,16.74701,official_emis,exact,open
LBY_002305,ZA-208,LBY,BEER AL GANAM ALGADIDA,بئر الغنم الجديدة,1|2,Primary|Preparatory,public,Libya,Az Zawiyah,,,,,,32.31526,12.57524,official_emis,exact,closed_temporary
LBY_002306,ZA-046,LBY,BEER ALRETEMAT,بئر الرتيمات,1|2,Primary|Preparatory,public,Libya,Az Zawiyah,,,,,,32.51002,12.60987,official_emis,exact,closed_temporary
LBY_002307,MI-348,LBY,BEER ALSAD,بئر السد,1|2,Primary|Preparatory,public,Libya,Al Marqab,,,,,,32.46782,13.81316,official_emis,exact,open
LBY_002308,ZA-170,LBY,BEER EZDEEN,بئر عزالدين,1|2,Primary|Preparatory,public,Libya,Az Zawiyah,,,,,,32.52461,12.5887,official_emis,exact,closed_temporary
LBY_002309,TR-495,LBY,BEER HAMADEY,بئر حمادي,1|2,Primary|Preparatory,public,Libya,Tajura' wa an Nawahi al Arba,,,,,,32.66247,13.47142,official_emis,exact,open
LBY_002310,MI-016,LBY,BEER MAATUQ,بئر معتوق,1|2,Primary|Preparatory,public,Libya,Tajura' wa an Nawahi al Arba,,,,,,32.61727,13.52788,official_emis,exact,open
LBY_002311,TR-008,LBY,BEET ALMOKDS,بيت المقدس,1,Primary,public,Libya,Tajura' wa an Nawahi al Arba,,,,,,32.85709,13.12714,official_emis,exact,open
LBY_002312,ZA-051,LBY,BEIR HOYSA,بئر هويسه,1|2,Primary|Preparatory,public,Libya,Az Zawiyah,,,,,,32.5248,12.68233,official_emis,exact,closed_temporary
LBY_002313,AJ-042,LBY,BELAL BEN RABAH,بلال بن رباح,1|2,Primary|Preparatory,public,Libya,Ajdabiya,,,,,,31.0453,20.18212,official_emis,exact,open
LBY_002314,MU-017,LBY,BELAL BEN RABAH,بلاب بن رباح,1|2,Primary|Preparatory,public,Libya,Misratah,,,,,,32.38005,15.11392,official_emis,exact,open
LBY_002315,MI-233,LBY,BELAL BEN RBAH,بلال بن رباح,3,Secondary (Medical Sciences),public,Libya,Al Marqab,,,,,,32.43941,14.554,official_emis,exact,open
LBY_002316,MU-401,LBY,BELAL BEN RBAH,بلال بن رباح,1|2,Primary|Preparatory,public,Libya,Al Marqab,,,,,,32.44552,14.56747,official_emis,exact,closed_temporary
LBY_002317,BI-267,LBY,BELAL BEN RBAH,بلال بن رباح,1,Primary,public,Libya,Benghazi,,,,,,32.074102,20.0791,official_emis,exact,open
LBY_002318,KU-091,LBY,BELAL IBEN RABAH,بلال بن رباح,1|2,Primary|Preparatory,public,Libya,An Nuqat al Khams,,,,,,32.71726,12.39457,official_emis,exact,open
LBY_002319,DA-123,LBY,BELFRANS,بالفرانس,2,Preparatory,public,Libya,Al Qubbah,,,,,,32.17352,23.17352,official_emis,exact,open
LBY_002320,MI-064,LBY,BELHARET,بالحارث,1|2,Primary|Preparatory,public,Libya,Al Marqab,,,,,,32.52681,14.15346,official_emis,exact,open
LBY_002321,GM-077,LBY,BELHDID,بالحديد,1|2,Primary|Preparatory,public,Libya,Al Jabal al Akhdar,,,,,,32.68489,21.51246,official_emis,exact,open
LBY_002322,JA-100,LBY,BELQEES,بلقيس,1|2,Primary|Preparatory,public,Libya,Tajura' wa an Nawahi al Arba,,,,,,32.64816,13.53861,official_emis,exact,open
LBY_002323,JA-241,LBY,BEN HASAN,ابن حسن,1|2,Primary|Preparatory,public,Libya,Az Zawiyah,,,,,,32.57796,12.89263,official_emis,exact,open
LBY_002324,MO-115,LBY,BEN NUOH,بن نوح,2,Preparatory,public,Libya,Murzuq,,,,,,25.92524,13.91407,official_emis,exact,open
LBY_002325,MO-073,LBY,BEN NUOH,بن نوح,1|2,Primary|Preparatory,public,Libya,Murzuq,,,,,,25.92524,13.91407,official_emis,exact,open
LBY_002326,ZA-062,LBY,BEN SHAEEB,بن شعيب,1|2,Primary|Preparatory,public,Libya,Az Zawiyah,,,,,,32.47738,12.67552,official_emis,exact,closed_temporary
LBY_002327,MI-168,LBY,BENASER,بناصر,1|2,Primary|Preparatory,public,Libya,Al Marqab,,,,,,32.56948,13.89076,official_emis,exact,open
LBY_002328,JA-144,LBY,BENAT KALAF,بنت خلف,1|2,Primary|Preparatory,public,Libya,Tajura' wa an Nawahi al Arba,,,,,,32.68316,13.19995,official_emis,exact,closed_temporary
LBY_002329,MO-064,LBY,BENDALEEF,بندليف,1|2,Primary|Preparatory,public,Libya,Murzuq,,,,,,25.86755,14.38527,official_emis,exact,open
LBY_002330,MI-474,LBY,BENDAR ALJANOBEEA,بندار الجنوبيه,1|2,Primary|Preparatory,public,Libya,Al Marqab,,,,,,32.5498,14.36116,official_emis,exact,closed_temporary
LBY_002331,MI-479,LBY,BENDAR ALSHAMALEYA,بندار الشمالية,1|2,Primary|Preparatory,public,Libya,Al Marqab,,,,,,32.55824,14.37658,official_emis,exact,closed_temporary
LBY_002332,WH-045,LBY,BENT BAYA,بنت بية,2,Preparatory,public,Libya,Wadi al Hayaa,,,,,,26.63686,13.64934,official_emis,exact,open
LBY_002333,WH-054,LBY,BENT BIYA ATANWIA,بنت بية الثانوية,3,Secondary (Medical Sciences)|Secondary (Engineering Sciences),public,Libya,Wadi al Hayaa,,,,,,26.64834,13.65234,official_emis,exact,open
LBY_002334,ZA-190,LBY,BER ALSHAWESH,بير الشاوش,1|2,Primary|Preparatory,public,Libya,Az Zawiyah,,,,,,32.70995,12.60193,official_emis,exact,closed_temporary
LBY_002335,JA-039,LBY,BER BEN SALEM,بئر بن سالم,1|2,Primary|Preparatory,public,Libya,Al Marqab,,,,,,32.31154,13.95216,official_emis,exact,closed_temporary
LBY_002336,AJ-014,LBY,BER BLIL,بئر بلال,1,Primary,public,Libya,Ajdabiya,,,,,,30.76283,20.21337,official_emis,exact,open
LBY_002337,JA-139,LBY,BER DERBEY,بئر دربي,1|2,Primary|Preparatory,public,Libya,Al Jifarah,,,,,,32.61886,13.16106,official_emis,exact,open
LBY_002338,ZA-049,LBY,BER KANFAS SCHOOL,بئر خنفس,1|2,Primary|Preparatory,public,Libya,Az Zawiyah,,,,,,32.55426,12.73651,official_emis,exact,closed_temporary
LBY_002339,ZA-048,LBY,BER TERFAZ SCHOOL,بئر ترفاس,1|2,Primary|Preparatory,public,Libya,Az Zawiyah,,,,,,32.63216,12.6879,official_emis,exact,closed_temporary
LBY_002340,GM-066,LBY,BESHTAY,بشتاي,1|2,Primary|Preparatory,public,Libya,Al Marj,,,,,,32.63007,21.3483,official_emis,exact,closed_temporary
LBY_002341,GM-009,LBY,BEST,بيست,1,Primary,public,Libya,Al Jabal al Akhdar,,,,,,32.87545,21.5736,official_emis,exact,open
LBY_002342,TU-091,LBY,BE`R ALASHHAB,بئر الاشهب,3,Secondary (Medical Sciences)|Secondary (Economic Sciences),public,Libya,Al Butnan,,,,,,31.88608,24.65367,official_emis,exact,open
LBY_002343,ZA-210,LBY,BE`R MDAKEM,بئر مداكم,1|2,Primary|Preparatory,public,Libya,Az Zawiyah,,,,,,32.37945,12.71556,official_emis,exact,open
LBY_002344,ZA-118,LBY,BIER ALAHRAR,بئر الاحرار,1|2,Primary|Preparatory,public,Libya,Az Zawiyah,,,,,,32.69119,12.57764,official_emis,exact,open
LBY_002345,JA-030,LBY,BIER AWLAD OMAR,بئر اولاد عمر,1|2,Primary|Preparatory,public,Libya,Al Marqab,,,,,,32.43316,13.85371,official_emis,exact,closed_temporary
LBY_002346,JA-312,LBY,BIER DYAB,بئر ذياب,1|2|3,Primary|Preparatory|Secondary (Medical Sciences),public,Libya,Tajura' wa an Nawahi al Arba,,,,,,32.64952,13.28674,official_emis,exact,open
LBY_002347,ZA-047,LBY,BIER ELGELELY,بئر القلالي,1|2,Primary|Preparatory,public,Libya,Az Zawiyah,,,,,,32.61488,12.72122,official_emis,exact,closed_temporary
LBY_002348,MI-185,LBY,BILAL BEN RBAH,بلال بن رباح,1|2,Primary|Preparatory,public,Libya,Al Marqab,,,,,,32.43941,14.554,official_emis,exact,open
LBY_002349,JA-130,LBY,BIR ALSHERFAH,بئر الشرفه,1|2,Primary|Preparatory,public,Libya,Al Jifarah,,,,,,32.59798,13.10186,official_emis,exact,closed_temporary
LBY_002350,JA-156,LBY,BIR ALTWTH,بئر التوثة,1|2,Primary|Preparatory,public,Libya,Tajura' wa an Nawahi al Arba,,,,,,32.69063,13.2343,official_emis,exact,closed_temporary
LBY_002351,NA-116,LBY,BLAL BN RBAH,بلال بن رباح,1|2,Primary|Preparatory,public,Libya,Ghadamis,,,,,,32.02354,11.35591,official_emis,exact,open
LBY_002352,MI-497,LBY,BNA ALRBUI,بنى الربيقى,1,Primary,public,Libya,Al Marqab,,,,,,32.70269,14.06214,official_emis,exact,open
LBY_002353,KU-143,LBY,BNAMYI,بناميه,1|2,Primary|Preparatory,public,Libya,An Nuqat al Khams,,,,,,32.70059,12.25993,official_emis,exact,open
LBY_002354,MA-126,LBY,BO MARYAM,بومريم,2|3,Preparatory|Secondary (Medical Sciences),public,Libya,Al Marj,,,,,,32.14409,20.50701,official_emis,exact,open
LBY_002355,MA-218,LBY,BO MARYAM,بومريم,1,Primary,public,Libya,Al Marj,,,,,,32.14409,20.50701,official_emis,exact,open
LBY_002356,BI-517,LBY,BOATNY,بوعطني,1,Primary,public,Libya,Benghazi,,,,,,32.10302,20.15468,official_emis,exact,open
LBY_002357,BI-006,LBY,BOATNY,بوعطني,2,Preparatory,public,Libya,Benghazi,,,,,,32.10302,20.15468,official_emis,exact,open
LBY_002358,DA-102,LBY,BODRAA,بوذراع,1|2,Primary|Preparatory,public,Libya,Al Qubbah,,,,,,32.73731,22.11746,official_emis,exact,open
LBY_002359,BI-144,LBY,BODRISA,بودريسة,1|2,Primary|Preparatory,public,Libya,Benghazi,,,,,,31.893822,20.105502,official_emis,exact,open
LBY_002360,BI-135,LBY,BOFAKHERA,بوفاخرة,1|2,Primary|Preparatory,public,Libya,Benghazi,,,,,,31.94527,19.97571,official_emis,exact,open
LBY_002361,TU-077,LBY,BOSHWESHENA,بوشويشينة,1|2,Primary|Preparatory,public,Libya,Al Butnan,,,,,,31.82493,24.84111,official_emis,exact,open
LBY_002362,TR-242,LBY,BOUR SAEED,بورسعيد,1|2,Primary|Preparatory,public,Libya,Tajura' wa an Nawahi al Arba,,,,,,32.86059,13.21275,official_emis,exact,closed_temporary
LBY_002363,WS-062,LBY,BRAAK ALEKTESADEA,براك الاقتصادية,3,Secondary (Economic Sciences),public,Libya,Ash Shati',,,,,,27.54486,14.27046,official_emis,exact,open
LBY_002364,TR-240,LBY,BRAAM,براعم,1|2,Primary|Preparatory,public,Libya,Tajura' wa an Nawahi al Arba,,,,,,32.85615,13.21389,official_emis,exact,open
LBY_002365,TR-395,LBY,BRAAM ANNSR,براعم النصر,1|2,Primary|Preparatory,public,Libya,Tajura' wa an Nawahi al Arba,,,,,,32.86632,13.19267,official_emis,exact,open
LBY_002366,BI-140,LBY,BRQA,برقه,2,Preparatory,public,Libya,Benghazi,,,,,,31.977855,20.076085,official_emis,exact,closed_temporary
LBY_002367,MI-311,LBY,CHAHEED MAHMAD MAHMAD ABD ALKADAR,الشهيد محمد محمد عبدالقادر,1|2,Primary|Preparatory,public,Libya,Al Marqab,,,,,,32.4834,13.69552,official_emis,exact,open
LBY_002368,JA-224,LBY,CHAMS ALHOREA,شمس الحريه,1|2,Primary|Preparatory,public,Libya,Az Zawiyah,,,,,,32.69599,12.96025,official_emis,exact,closed_temporary
LBY_002369,GM-075,LBY,CHDA ZAWEYT,شهداء زاوية العرقوب,1|2,Primary|Preparatory,public,Libya,Al Jabal al Akhdar,,,,,,32.62715,21.47286,official_emis,exact,closed_temporary
LBY_002370,KO-047,LBY,CHOHADA AL AJHER,شهداء الأجهر,1,Primary,public,Libya,Al Kufrah,,,,,,24.18118,23.25168,official_emis,exact,open
LBY_002371,KO-017,LBY,CHOHADA AL AJHER,شهداء الأجهر,1|2,Primary|Preparatory,public,Libya,Al Kufrah,,,,,,24.18118,23.25168,official_emis,exact,open
LBY_002372,TR-178,LBY,CHOHADA ALCHAAT,شهداء الشط,3,Secondary (Medical Sciences)|Secondary (Engineering Sciences),public,Libya,Tajura' wa an Nawahi al Arba,,,,,,32.89502,13.20595,official_emis,exact,open
LBY_002373,DA-057,LBY,CHOHADA ALKARKAF,شهداء القرقف,1|2,Primary|Preparatory,public,Libya,Al Qubbah,,,,,,32.57098,22.76202,official_emis,exact,open
LBY_002374,DA-157,LBY,CHOHADA ALKARKAF,شهداء القرقف,1|2,Primary|Preparatory,public,Libya,Al Qubbah,,,,,,32.57098,22.76202,official_emis,exact,open
LBY_002375,DA-052,LBY,CHOHADA ALMARTOOBA,شهداء المرتوبه,1,Primary,public,Libya,Al Qubbah,,,,,,32.59749,22.7674,official_emis,exact,open
LBY_002376,ZA-093,LBY,CHOHADA ALZAWEA,شهداء الزوايه,3,Secondary (Engineering Sciences),public,Libya,Az Zawiyah,,,,,,32.7565,12.73187,official_emis,exact,open
LBY_002377,MI-544,LBY,CHOHADA KAAM,شهداء كعام,3,Secondary (Economic Sciences),public,Libya,Al Marqab,,,,,,32.51817,14.43511,official_emis,exact,open
LBY_002378,WM-223,LBY,CHOHADA MARSEET,تانويه شهداء مرسيط,3,Secondary (Medical Sciences)|Secondary (Engineering Sciences),public,Libya,Mizdah,,,,,,31.63939,12.75103,official_emis,exact,open
LBY_002379,MU-023,LBY,CHOHADA RAS ALTOOBA,شهداء راس الطوبه,1|2,Primary|Preparatory,public,Libya,Misratah,,,,,,32.37739,15.11507,official_emis,exact,open
LBY_002380,BI-100,LBY,CHOHDA ALNWEGEEA,شهداء النواقيه,1|2,Primary|Preparatory,public,Libya,Benghazi,,,,,,31.92502,20.1672,official_emis,exact,open
LBY_002381,BI-270,LBY,CHOHDA ALSELMANE,شهداء السلماني,2,Preparatory,public,Libya,Benghazi,,,,,,32.113917,20.08358,official_emis,exact,open
LBY_002382,SA-037,LBY,CHOHDA GNEAN,شهداء جنين,1|2,Primary|Preparatory,public,Libya,Sabha,,,,,,27.03334,14.46043,official_emis,exact,open
LBY_002383,ZA-061,LBY,CHOOHADA AWLAD YRBOO,شهداء اولاد يربوع,1|2,Primary|Preparatory,public,Libya,Az Zawiyah,,,,,,32.76336,12.73173,official_emis,exact,open
LBY_002384,MU-366,LBY,CHOOHDA MAGEER,شهداء ماجر,1|2,Primary|Preparatory,public,Libya,Al Marqab,,,,,,32.35286,14.58577,official_emis,exact,open
LBY_002385,JA-002,LBY,CHUHADA ABY ARGOOB,شهداء أبي عرقوب,1,Primary,public,Libya,Al Marqab,,,,,,32.43851,14.54798,official_emis,exact,open
LBY_002386,DA-022,LBY,CHUHADA MISRATA,شهداء مصراته,1|2,Primary|Preparatory,public,Libya,,,,,,,32.785503,22.57273,official_emis,exact,open
LBY_002387,DA-142,LBY,CHUHADA MISRATA,شهداء مصراته,1,Primary,public,Libya,,,,,,,32.785503,22.57273,official_emis,exact,open
LBY_002388,AJ-016,LBY,CMUS ALSUEA,خميس الشخيى,1|2,Primary|Preparatory,public,Libya,Ajdabiya,,,,,,30.74032,20.21471,official_emis,exact,closed_temporary
LBY_002389,ZA-114,LBY,CONFIDING NEW,العهد الجديد,1|2,Primary|Preparatory,public,Libya,An Nuqat al Khams,,,,,,32.69904,12.50735,official_emis,exact,open
LBY_002390,ZA-094,LBY,DAEE ALHLAL,ضى الهلال,3,Secondary (Medical Sciences)|Secondary (Economic Sciences),public,Libya,Az Zawiyah,,,,,,32.77293,12.72075,official_emis,exact,closed_temporary
LBY_002391,JU-071,LBY,DAERT ALMAARF,دائرة المعارف,1,Primary,public,Libya,Al Jufrah,,,,,,29.168,16.14956,official_emis,exact,open
LBY_002392,TR-478,LBY,DAR ALSLAM,دار السلام,1|2,Primary|Preparatory,public,Libya,Tajura' wa an Nawahi al Arba,,,,,,32.84307,13.30837,official_emis,exact,open
LBY_002393,KU-008,LBY,DAT AL-SAWARY,ذات الصواري,1|2,Primary|Preparatory,public,Libya,An Nuqat al Khams,,,,,,32.80828,12.45371,official_emis,exact,open
LBY_002394,GM-043,LBY,DAT ALEMAD,ذات العماد,1|2,Primary|Preparatory,public,Libya,Al Jabal al Akhdar,,,,,,32.7535,21.73816,official_emis,exact,open
LBY_002395,GM-211,LBY,DAT ALEMAD,ذات العماد,1,Primary,public,Libya,Al Jabal al Akhdar,,,,,,32.7535,21.73816,official_emis,exact,open
LBY_002396,WM-221,LBY,DAT ALNETAKEEN,دات النطاقين,3,Secondary (Medical Sciences)|Secondary (Economic Sciences),public,Libya,Mizdah,,,,,,31.45345,12.97859,official_emis,exact,closed_temporary
LBY_002397,WS-061,LBY,DAT ALNETAKEEN,دات النطاقين,3,Secondary (Medical Sciences),public,Libya,Ash Shati',,,,,,27.5471,14.27564,official_emis,exact,open
LBY_002398,MI-137,LBY,DAT ALNETAQAYN,ذات النطاقين,1|2,Primary|Preparatory,public,Libya,Al Marqab,,,,,,32.58502,14.03981,official_emis,exact,open
LBY_002399,GM-124,LBY,DAT ALSAWARE,دات السوارى,2,Preparatory,public,Libya,Al Jabal al Akhdar,,,,,,32.6834,21.90744,official_emis,exact,closed_temporary
LBY_002400,SI-015,LBY,DAT ALSWAREE,ذات الصواري,1|2,Primary|Preparatory,public,Libya,Surt,,,,,,31.10993,16.6545,official_emis,exact,open
LBY_002401,JA-217,LBY,DAT ALSWER,ذات السوارى,1|2,Primary|Preparatory,public,Libya,Az Zawiyah,,,,,,32.77009,13.0093,official_emis,exact,open
LBY_002402,MU-161,LBY,DAT ASWARY,دات السواري,1|2,Primary|Preparatory,public,Libya,Misratah,,,,,,32.398974,14.995687,official_emis,exact,open
LBY_002403,TU-085,LBY,DAT ELSAWARY,ذات الصواري,3,Secondary (Medical Sciences),public,Libya,Al Butnan,,,,,,31.98368,24.75065,official_emis,exact,open
LBY_002404,NA-097,LBY,DAT ELSAWARY,ذات الصواري,3,Secondary (Medical Sciences),public,Libya,Ghadamis,,,,,,31.77581,11.5609,official_emis,exact,open
LBY_002405,MU-046,LBY,DAT EREMAL,ذات الرمال,1|2,Primary|Preparatory,public,Libya,Misratah,,,,,,32.38359,14.99948,official_emis,exact,open
LBY_002406,TR-270,LBY,DATA ALNETAKEN SCHOOL,دات النطاقيين,1|2,Primary|Preparatory,public,Libya,Tajura' wa an Nawahi al Arba,,,,,,32.89953,13.22938,official_emis,exact,open
LBY_002407,ZA-067,LBY,DAY ALHELAL ALEADADEA,ضي الهلال الاعدادية,1|2,Primary|Preparatory,public,Libya,Az Zawiyah,,,,,,32.77412,12.72201,official_emis,exact,open
LBY_002408,WA-037,LBY,DE QAR,ذي قار,2,Preparatory,public,Libya,Ajdabiya,,,,,,29.222609,19.206369,official_emis,exact,open
LBY_002409,MI-360,LBY,DE QAR,ذي قار,1,Primary,public,Libya,Al Marqab,,,,,,32.31672,13.76656,official_emis,exact,open
LBY_002410,TR-059,LBY,DERAE ALFATEH SABEKAA,درع الفاتح سابقا,3,Secondary (Economic Sciences),public,Libya,Tajura' wa an Nawahi al Arba,,,,,,32.86108,13.14091,official_emis,exact,open
LBY_002411,TU-092,LBY,DE`R AL ASHHAB,بئر الاشهب الابتدائية,1,Primary,public,Libya,Al Butnan,,,,,,31.88608,24.65367,official_emis,exact,open
LBY_002412,KU-150,LBY,DHRT BN JALD,ظهرة بن خالد,1|2,Primary|Preparatory,public,Libya,An Nuqat al Khams,,,,,,32.77872,12.25557,official_emis,exact,open
LBY_002413,KU-001,LBY,DMHN ALBTUIUT,دحمان الابتدائيه,1,Primary,public,Libya,An Nuqat al Khams,,,,,,32.77052,12.53439,official_emis,exact,closed_temporary
LBY_002414,MO-098,LBY,DOWJIAL,دوجال,1,Primary,public,Libya,Murzuq,,,,,,26.12409,13.68809,official_emis,exact,open
LBY_002415,MO-040,LBY,DOWJIAL,دوجال,1|2,Primary|Preparatory,public,Libya,Murzuq,,,,,,26.12409,13.68809,official_emis,exact,open
LBY_002416,JA-118,LBY,DRA ALJMAHERYA,درع الجماهيرية,1|2,Primary|Preparatory,public,Libya,Tajura' wa an Nawahi al Arba,,,,,,32.7482,13.23366,official_emis,exact,closed_temporary
LBY_002417,NA-045,LBY,DRG ALMARKAZIA,درج المركزية,1|2,Primary|Preparatory,public,Libya,Ghadamis,,,,,,30.16486,10.45801,official_emis,exact,open
LBY_002418,GM-226,LBY,DUAL SIHA,دخيل صالح,1,Primary,public,Libya,Al Jabal al Akhdar,,,,,,32.79326,21.87855,official_emis,exact,closed_temporary
LBY_002419,GM-118,LBY,DUL SIHA,دخيل صالح,1|2,Primary|Preparatory,public,Libya,Al Jabal al Akhdar,,,,,,32.79326,21.87855,official_emis,exact,closed_temporary
LBY_002420,TR-471,LBY,EAGELS OF ALFATEH,نسور الفاتح,1|2,Primary|Preparatory,public,Libya,Tajura' wa an Nawahi al Arba,,,,,,32.82564,13.29486,official_emis,exact,open
LBY_002421,WM-355,LBY,EBAN ALKAR ALJENAONE,ابن الخير الجناونى,1|2,Primary|Preparatory,public,Libya,Mizdah,,,,,,31.96566,12.00371,official_emis,exact,open
LBY_002422,MI-300,LBY,EBAN ALRASHED,ابن الرشيد,1|2,Primary|Preparatory,public,Libya,Al Marqab,,,,,,32.47805,13.63565,official_emis,exact,unknown
LBY_002423,DA-153,LBY,EBAN SANA,ابن سينا,1,Primary,public,Libya,Al Qubbah,,,,,,32.75066,22.66012,official_emis,exact,open
LBY_002424,DA-043,LBY,EBAN SANA,ابن سينا,2,Preparatory,public,Libya,Al Qubbah,,,,,,32.75066,22.66012,official_emis,exact,open
LBY_002425,WM-030,LBY,EBARAHEM ALTAHER,ابراهيم الطاهر,1|2,Primary|Preparatory,public,Libya,Mizdah,,,,,,32.09725,12.97388,official_emis,exact,open
LBY_002426,DA-060,LBY,EBCHARA,ابشاره,1|2,Primary|Preparatory,public,Libya,Al Qubbah,,,,,,32.77059,22.21687,official_emis,exact,open
LBY_002427,WA-013,LBY,EBEN ALBETAR,ابن البيطار,1|2,Primary|Preparatory,public,Libya,Ajdabiya,,,,,,29.02343,21.495903,official_emis,exact,open
LBY_002428,DA-127,LBY,EBEN KHALDON,عين ماره,1|2,Primary|Preparatory,public,Libya,Al Qubbah,,,,,,32.74723,22.38726,official_emis,exact,open
LBY_002429,NA-079,LBY,EBIN SEENA,إبن سينا,3,Secondary (Medical Sciences)|Secondary (Engineering Sciences),public,Libya,Ghadamis,,,,,,30.16389,10.45935,official_emis,exact,open
LBY_002430,TU-135,LBY,EBM SINA ATANAWIA,ابن سينا الثانوية,3,Secondary (Medical Sciences),public,Libya,Al Butnan,,,,,,31.95597,24.8393,official_emis,exact,open
LBY_002431,TR-513,LBY,EBN ALARABE,ابن العربي,1|2,Primary|Preparatory,public,Libya,Tajura' wa an Nawahi al Arba,,,,,,32.81291,13.49507,official_emis,exact,open
LBY_002432,JU-017,LBY,EBN ALHASAN ALWEDANE,ابن الحسن الوداني,1|2,Primary|Preparatory,public,Libya,Al Jufrah,,,,,,29.16193,16.1427,official_emis,exact,open
LBY_002433,WM-339,LBY,EBN ALNAFEES,ابن النفيس,1|2,Primary|Preparatory,public,Libya,Mizdah,,,,,,31.91434,11.90521,official_emis,exact,open
LBY_002434,TR-249,LBY,EBN BAKER ETOHAMI,إبن بكر التهامي,1,Primary,public,Libya,Tajura' wa an Nawahi al Arba,,,,,,32.89054,13.24408,official_emis,exact,open
LBY_002435,JA-227,LBY,EBN HESHAM,ابن هشام,1|2,Primary|Preparatory,public,Libya,Al Marqab,,,,,,32.46035,14.56772,official_emis,exact,open
LBY_002436,ZA-137,LBY,EBN JABER,ابن جابر,3,Secondary (Medical Sciences),public,Libya,Az Zawiyah,,,,,,32.77655,12.57999,official_emis,exact,closed_temporary
LBY_002437,NA-085,LBY,EBN JELDASEN,ابن جلداسن,3,Secondary (Economic Sciences),public,Libya,Ghadamis,,,,,,31.86087,10.98226,official_emis,exact,open
LBY_002438,TR-234,LBY,EBN JOBEER,إبن جبير,1|2,Primary|Preparatory,public,Libya,Tajura' wa an Nawahi al Arba,,,,,,32.85023,13.20437,official_emis,exact,open
LBY_002439,MI-172,LBY,EBN KALDON,ابن خلدون,1|2,Primary|Preparatory,public,Libya,Al Marqab,,,,,,32.59753,13.85664,official_emis,exact,open
LBY_002440,WS-074,LBY,EBN KALDON,ابن خلدون,2,Preparatory,public,Libya,Ash Shati',,,,,,27.57676,13.61764,official_emis,exact,open
LBY_002441,BI-149,LBY,EBN KALDON,ابن خلدون,1|2,Primary|Preparatory,public,Libya,Benghazi,,,,,,32.11613,20.06842,official_emis,exact,open
LBY_002442,TU-011,LBY,EBN KALDOON,ابن خلدون,1|2|3,Primary|Preparatory|Secondary (Medical Sciences),public,Libya,Al Butnan,,,,,,32.08235,23.91866,official_emis,exact,open
LBY_002443,MU-183,LBY,EBN KHALDON,ابن خلدون,1|2,Primary|Preparatory,public,Libya,Misratah,,,,,,32.39484,14.87673,official_emis,exact,open
LBY_002444,DA-177,LBY,EBN KHALDON,جيل الوحدة,1,Primary,public,Libya,Benghazi,,,,,,32.109449,20.097364,official_emis,exact,closed_temporary
LBY_002445,WS-069,LBY,EBN SENA,ابن سينا,3,Secondary (Medical Sciences)|Secondary (Engineering Sciences),public,Libya,Ash Shati',,,,,,27.50553,14.01572,official_emis,exact,open
LBY_002446,JU-040,LBY,EBN SENA,ابن سينا,1|2,Primary|Preparatory,public,Libya,Al Jufrah,,,,,,28.54949,17.54843,official_emis,exact,open
LBY_002447,SA-059,LBY,EBN SENA,ابن سينا,3,Secondary (Medical Sciences),public,Libya,Sabha,,,,,,27.27556,14.88368,official_emis,exact,open
LBY_002448,JA-184,LBY,EBN SENA,ابن سينا,1|2,Primary|Preparatory,public,Libya,Al Marqab,,,,,,32.49166,14.47636,official_emis,exact,open
LBY_002449,JU-064,LBY,EBN SENA,ابن سينا,1,Primary,public,Libya,Al Jufrah,,,,,,28.54949,17.54843,official_emis,exact,open
LBY_002450,KU-035,LBY,EBN SENA,ابن سينا,1|2,Primary|Preparatory,public,Libya,An Nuqat al Khams,,,,,,32.78942,12.53051,official_emis,exact,closed_temporary
LBY_002451,JA-158,LBY,EBN SENAA,ابن سينا,1|2,Primary|Preparatory,public,Libya,Tajura' wa an Nawahi al Arba,,,,,,32.69595,13.1336,official_emis,exact,closed_temporary
LBY_002452,TR-514,LBY,EBNZAIDON,ابن زيدون,1,Primary,public,Libya,Tajura' wa an Nawahi al Arba,,,,,,32.85091,13.36513,official_emis,exact,open
LBY_002453,DA-161,LBY,EBRAHIM ALBKAR,ابراهيم البكار,1,Primary,public,Libya,Al Qubbah,,,,,,32.7581,22.23556,official_emis,exact,open
LBY_002454,DA-075,LBY,EBRAHIM ALBKAR,ابراهيم البكار,1|2,Primary|Preparatory,public,Libya,Al Qubbah,,,,,,32.7581,22.23556,official_emis,exact,open
LBY_002455,DA-023,LBY,EBRAHIM ALOSTA OMER,ابراهيم الاسطى عمر,3,Secondary (Medical Sciences),public,Libya,Al Qubbah,,,,,,32.7711,22.62861,official_emis,exact,open
LBY_002456,MI-529,LBY,EBRAHIM ARFAAY,ابراهيم الرفاعي,3,Secondary (Medical Sciences)|Secondary (Engineering Sciences)|Secondary (Economic Sciences),public,Libya,Al Marqab,,,,,,32.65458,14.27133,official_emis,exact,open
LBY_002457,BI-213,LBY,EBRAHIM BKAR,ابراهيم بكار,2,Preparatory,public,Libya,Benghazi,,,,,,32.085894,20.131109,official_emis,exact,closed_temporary
LBY_002458,MU-182,LBY,EDAFNEY ELMARKEZ / ELBAYAN ELAWEL,الدافنية المركزية/ اليبان الاول,1|2,Primary|Preparatory,public,Libya,Misratah,,,,,,32.41234,14.7928,official_emis,exact,open
LBY_002459,DA-124,LBY,EDREES ABD ALRAHEEM,ادريس عبدالرحيم,1,Primary,public,Libya,Al Qubbah,,,,,,32.16157,22.27871,official_emis,exact,open
LBY_002460,DA-176,LBY,EDREES ABD ALRAHEEM,ادريس عبدالرحيم,1,Primary,public,Libya,Al Qubbah,,,,,,32.16157,22.27871,official_emis,exact,open
LBY_002461,AJ-002,LBY,EDRES ABD ALNABEE,ادريس عبدالنبي,1|2,Primary|Preparatory,public,Libya,Ajdabiya,,,,,,30.75909,20.21589,official_emis,exact,open
LBY_002462,DA-098,LBY,EDRES BOBANA,ادريس بوبنة,3,Secondary (Medical Sciences)|Secondary (Economic Sciences),public,Libya,Al Qubbah,,,,,,32.73018,22.0229,official_emis,exact,open
LBY_002463,NA-003,LBY,EEAN ALI,عين علي للتعليم الاساسي,1|2,Primary|Preparatory,public,Libya,Ghadamis,,,,,,31.01973,10.60676,official_emis,exact,open
LBY_002464,TR-370,LBY,EEAN GALOOT,عين جالوت,1|2,Primary|Preparatory,public,Libya,Az Zawiyah,,,,,,32.71308,13.06712,official_emis,exact,open
LBY_002465,MU-309,LBY,EFREQYA FOR ALTALEEM ALASASI,افريقيا للتعليم الاساسي,1|2,Primary|Preparatory,public,Libya,Misratah,,,,,,31.74198,13.971195,official_emis,exact,open
LBY_002466,WM-329,LBY,EID ETHAIR,عيد الثأر,1,Primary,public,Libya,Mizdah,,,,,,31.95347,12.2459,official_emis,exact,open
LBY_002467,DA-081,LBY,EIN MARA,المنتصر,1|2,Primary|Preparatory,public,Libya,Benghazi,,,,,,32.109449,20.097364,official_emis,exact,closed_temporary
LBY_002468,MI-025,LBY,EKRAA,اقرا,1|2,Primary|Preparatory,public,Libya,Al Marqab,,,,,,32.24486,13.51073,official_emis,exact,open
LBY_002469,KU-081,LBY,ELAJELAT ELMARKAZEY,العجيلات المركزية,1|2,Primary|Preparatory,public,Libya,An Nuqat al Khams,,,,,,32.75943,12.37793,official_emis,exact,open
LBY_002470,KU-080,LBY,ELAJELAT ELSHAMALEY,العجيلات الشمالية,1|2,Primary|Preparatory,public,Libya,An Nuqat al Khams,,,,,,32.76252,12.38348,official_emis,exact,open
LBY_002471,JA-259,LBY,ELAJWAD,الاجواد,1|2,Primary|Preparatory,public,Libya,Tajura' wa an Nawahi al Arba,,,,,,32.62324,13.32974,official_emis,exact,open
LBY_002472,MU-311,LBY,ELBARG ELKHATEF,البرق الخاطف,3,Secondary (Medical Sciences),public,Libya,Misratah,,,,,,31.745312,13.982916,official_emis,exact,open
LBY_002473,MU-181,LBY,ELDAFNYA ELWOSTA,الدافنية الوسطي,1|2,Primary|Preparatory,public,Libya,Misratah,,,,,,32.35963,14.85732,official_emis,exact,open
LBY_002474,WH-017,LBY,ELFAKHFAKHA,الفخفاخة,1|2,Primary|Preparatory,public,Libya,Wadi al Hayaa,,,,,,26.56222,13.12732,official_emis,exact,open
LBY_002475,MI-158,LBY,ELFAWATER,الفواتير,1|2,Primary|Preparatory,public,Libya,Al Marqab,,,,,,32.5422,13.93263,official_emis,exact,open
LBY_002476,KU-082,LBY,ELFEDA,الفداء,1|2,Primary|Preparatory,public,Libya,An Nuqat al Khams,,,,,,32.69145,12.36671,official_emis,exact,closed_temporary
LBY_002477,JU-032,LBY,ELFOQAHA,الفقهاء,1|2,Primary|Preparatory,public,Libya,Al Jufrah,,,,,,27.81151,16.39184,official_emis,exact,open
LBY_002478,JU-062,LBY,ELFOQAHA,الفقهاء,1|2,Primary|Preparatory,public,Libya,Al Jufrah,,,,,,27.81151,16.39184,official_emis,exact,open
LBY_002479,WH-018,LBY,ELGHRIFA,الغريفة,1,Primary,public,Libya,Wadi al Hayaa,,,,,,26.51931,13.0135,official_emis,exact,open
LBY_002480,WS-071,LBY,ELGORDA,القرضة,3,Secondary (Medical Sciences)|Secondary (Engineering Sciences),public,Libya,Ash Shati',,,,,,27.49618,13.96685,official_emis,exact,open
LBY_002481,MI-038,LBY,ELGORDABEY,القرضابية,1|2,Primary|Preparatory,public,Libya,Al Marqab,,,,,,32.1751,13.51102,official_emis,exact,open
LBY_002482,MI-103,LBY,ELHABABTA,الهبابطة,1|2,Primary|Preparatory,public,Libya,Al Marqab,,,,,,32.67062,13.84847,official_emis,exact,open
LBY_002483,JU-031,LBY,ELHAMAM ELMOSHTARAKA,الحمام المشتركة,1|2,Primary|Preparatory,public,Libya,Al Jufrah,,,,,,29.1118,15.76845,official_emis,exact,open
LBY_002484,JU-061,LBY,ELHAMAM ELMOSHTARAKA,الحمام المشتركة,1,Primary,public,Libya,Al Jufrah,,,,,,29.1118,15.76845,official_emis,exact,open
LBY_002485,JA-031,LBY,ELHATHA ELMARKAZEY,الحاثة المركزية,1,Primary,public,Libya,Al Marqab,,,,,,32.24486,13.51073,official_emis,exact,closed_temporary
LBY_002486,JA-108,LBY,ELHSHAN ELSHARQEY,الحشان الشرقية,1|2,Primary|Preparatory,public,Libya,Al Marqab,,,,,,32.38037,13.47592,official_emis,exact,open
LBY_002487,TR-565,LBY,ELKAWMIA ELARABIA,القومية العربية,1|2,Primary|Preparatory,public,Libya,Tajura' wa an Nawahi al Arba,,,,,,32.86962,13.12815,official_emis,exact,open
LBY_002488,JA-032,LBY,ELKHEDRAWE,الخذراوي,3,Secondary (Economic Sciences),public,Libya,Al Marqab,,,,,,32.4427,13.50487,official_emis,exact,closed_temporary
LBY_002489,JA-182,LBY,ELMAD ELWAHDAWY,المد الوحدوي,1|2,Primary|Preparatory,public,Libya,Al Marqab,,,,,,32.45726,14.51262,official_emis,exact,open
LBY_002490,JA-176,LBY,ELMAMORA,المعمورة,1|2,Primary|Preparatory,public,Libya,Al Marqab,,,,,,32.50517,14.45538,official_emis,exact,closed_temporary
LBY_002491,WM-188,LBY,ELMARKAZEYA,المركزية للبنات,1|2,Primary|Preparatory,public,Libya,Mizdah,,,,,,32.06703,12.69306,official_emis,exact,open
LBY_002492,MA-206,LBY,ELNAHDA,النهضة,1,Primary,public,Libya,Al Marj,,,,,,32.48349,20.81169,official_emis,exact,closed_temporary
LBY_002493,MA-064,LBY,ELNAHDA,النهضة,1|2,Primary|Preparatory,public,Libya,Al Marj,,,,,,32.48349,20.81169,official_emis,exact,closed_temporary
LBY_002494,WH-014,LBY,ELNAHDA,النهضة,1|2,Primary|Preparatory,public,Libya,Wadi al Hayaa,,,,,,26.15866,13.01318,official_emis,exact,open
LBY_002495,KU-037,LBY,ELNAHDA ELSHAQ ELTANY,النهضة ) الشق التانى ),2,Preparatory,public,Libya,An Nuqat al Khams,,,,,,32.69929,12.45653,official_emis,exact,closed_temporary
LBY_002496,WM-049,LBY,ELNAJEM ELSATAA,النجم الساطع,3,Secondary (Medical Sciences)|Secondary (Engineering Sciences),public,Libya,Mizdah,,,,,,32.0926,12.97393,official_emis,exact,open
LBY_002497,MI-276,LBY,ELNAJEM ELSATAA,النجم الساطع,1|2,Primary|Preparatory,public,Libya,Tajura' wa an Nawahi al Arba,,,,,,32.74379,13.68609,official_emis,exact,closed_temporary
LBY_002498,MA-074,LBY,ELNEDAL,النضال,1|2,Primary|Preparatory,public,Libya,Al Marj,,,,,,32.44976,20.6806,official_emis,exact,open
LBY_002499,MU-142,LBY,ELNEDDAL,النضال,1|2,Primary|Preparatory,public,Libya,Misratah,,,,,,32.34638,15.13057,official_emis,exact,open
LBY_002500,WM-107,LBY,ELORBAN ELSHAMALEY,العربان الشمالية,1|2,Primary|Preparatory,public,Libya,Mizdah,,,,,,32.15249,13.30697,official_emis,exact,open
LBY_002501,MI-213,LBY,ELRBDEY,الربدية,1|2,Primary|Preparatory,public,Libya,Al Marqab,,,,,,32.41031,13.93373,official_emis,exact,closed_temporary
LBY_002502,WM-373,LBY,ELRYANEY ALMARKAZEY,الريانية المركزية,1|2,Primary|Preparatory,public,Libya,Mizdah,,,,,,31.99558,12.34787,official_emis,exact,open
LBY_002503,JA-263,LBY,ELSAEAH,السائح,3,Secondary (Medical Sciences)|Secondary (Engineering Sciences)|Secondary (Economic Sciences),public,Libya,Tajura' wa an Nawahi al Arba,,,,,,32.56139,13.24996,official_emis,exact,open
LBY_002504,MI-373,LBY,ELSHAHED AHMMED ELKANONY,الشهيد احمد الكانوني,1|2,Primary|Preparatory,public,Libya,Tajura' wa an Nawahi al Arba,,,,,,32.6187,13.60253,official_emis,exact,closed_temporary
LBY_002505,NA-109,LBY,ELSHAHED MOHAMED ELSADAWE,الشهيد محمد السعداوي,3,Secondary (Medical Sciences)|Secondary (Engineering Sciences),public,Libya,Ghadamis,,,,,,32.06427,11.54444,official_emis,exact,open
LBY_002506,MI-374,LBY,ELSHAHED MOHAMED YAKHLEF,الشهيد محمد يخلف,1|2,Primary|Preparatory,public,Libya,Al Marqab,,,,,,32.57949,13.72593,official_emis,exact,open
LBY_002507,WM-150,LBY,ELSHAHED OMAR ELMOKHTAR,الشهيد عمر المختار,1|2,Primary|Preparatory,public,Libya,Mizdah,,,,,,32.05378,12.86091,official_emis,exact,open
LBY_002508,MU-409,LBY,ELSHARARA ELOLA,الشرارة الاولي,1|2,Primary|Preparatory,public,Libya,Al Marqab,,,,,,32.46126,14.5666,official_emis,exact,open
LBY_002509,MI-277,LBY,ELSHAT,الشط,1,Primary,public,Libya,Tajura' wa an Nawahi al Arba,,,,,,32.77372,13.62229,official_emis,exact,open
LBY_002510,WM-190,LBY,ELTAHADY,التحدي,3,Secondary (Medical Sciences)|Secondary (Engineering Sciences),public,Libya,Mizdah,,,,,,32.02557,12.65541,official_emis,exact,open
LBY_002511,MI-326,LBY,ELTALA ELSHARQEY,التلة الشرقية,1|2,Primary|Preparatory,public,Libya,Al Marqab,,,,,,32.47629,13.66842,official_emis,exact,open
LBY_002512,NA-108,LBY,ELTEBLEYA,الطبلية,1|2,Primary|Preparatory,public,Libya,An Nuqat al Khams,,,,,,32.39557,11.77126,official_emis,exact,open
LBY_002513,MU-410,LBY,ELWAHDA ELARABEYA,الوحدة العربية,1|2,Primary|Preparatory,public,Libya,Al Marqab,,,,,,32.46169,14.57869,official_emis,exact,closed_temporary
LBY_002514,MU-380,LBY,ELYAKADA,اليقضة,1|2,Primary|Preparatory,public,Libya,Al Marqab,,,,,,32.44646,14.58443,official_emis,exact,closed_temporary
LBY_002515,MI-476,LBY,EMHEMAD BEN ABRAHEEM,امحمد بن ابراهيم,1|2,Primary|Preparatory,public,Libya,Al Marqab,,,,,,32.56297,14.36983,official_emis,exact,open
LBY_002516,ZA-043,LBY,EMHEMED ALAJELI,امحمد العجيلي الابتدائية سابقا,1,Primary,public,Libya,Az Zawiyah,,,,,,32.77476,12.74755,official_emis,exact,open
LBY_002517,ZA-044,LBY,EMHEMED ALAJELI,امحمد العجيلي الاعدادية,2,Preparatory,public,Libya,Az Zawiyah,,,,,,32.77467,12.75182,official_emis,exact,open
LBY_002518,WM-012,LBY,EMHEMED ALMGAREF,امحمد المقريف,1|2,Primary|Preparatory,public,Libya,Mizdah,,,,,,32.13635,12.99474,official_emis,exact,open
LBY_002519,MI-013,LBY,EMHEMED ALMGAREF,امحمد المقريف,1|2,Primary|Preparatory,public,Libya,Al Marqab,,,,,,32.18076,13.43936,official_emis,exact,open
LBY_002520,DA-107,LBY,EMHEMED ALMQAREF,امحمد المقريف الاساسية,1,Primary,public,Libya,Al Qubbah,,,,,,32.44405,23.07352,official_emis,exact,open
LBY_002521,DA-171,LBY,EMHEMED ALMQAREF,امحمد المقريف الاساسية,1,Primary,public,Libya,Al Qubbah,,,,,,32.44405,23.07352,official_emis,exact,open
LBY_002522,WM-417,LBY,EMHEMED ALMQARYEF,امحمد المقريف,1|2,Primary|Preparatory,public,Libya,Mizdah,,,,,,32.13635,12.99474,official_emis,exact,open
LBY_002523,MI-541,LBY,EMHEMED BEN EBRAHEM,إمحمد بن إبراهيم,3,Secondary (Medical Sciences),public,Libya,Al Marqab,,,,,,32.56317,14.37005,official_emis,exact,open
LBY_002524,AJ-026,LBY,EMSADEF ALREGAE,امصادف الرقعى,1|2,Primary|Preparatory,public,Libya,Ajdabiya,,,,,,30.67974,20.13428,official_emis,exact,open
LBY_002525,GM-096,LBY,EMSADEF AZAIDI,إمصادف الزايدي,1|2,Primary|Preparatory,public,Libya,Al Jabal al Akhdar,,,,,,32.67388,21.71211,official_emis,exact,closed_temporary
LBY_002526,TU-063,LBY,EMSAED,امساعد الثانويه,3,Secondary (Medical Sciences)|Secondary (Economic Sciences),public,Libya,Al Butnan,,,,,,31.60612,25.0485,official_emis,exact,open
LBY_002527,MI-183,LBY,EN JALUOT,عين جالوت,1|2,Primary|Preparatory,public,Libya,Al Marqab,,,,,,32.43851,14.54798,official_emis,exact,open
LBY_002528,MU-412,LBY,ENAHER ELSENAEY,النهر الصناعي,1|2,Primary|Preparatory,public,Libya,Al Marqab,,,,,,32.46263,14.56118,official_emis,exact,closed_temporary
LBY_002529,MO-029,LBY,ENJAREN,إنجارن,1|2,Primary|Preparatory,public,Libya,Wadi al Hayaa,,,,,,26.29947,13.39982,official_emis,exact,open
LBY_002530,GM-094,LBY,ENTEFADAT 17 VEBRAIR,إنتفاضة 17 فبراير,1|2,Primary|Preparatory,public,Libya,Al Jabal al Akhdar,,,,,,32.52769,21.78722,official_emis,exact,closed_temporary
LBY_002531,GM-070,LBY,EQSHANO ALJADEDA,أقشانو الجديدة,1|2,Primary|Preparatory,public,Libya,Al Marj,,,,,,32.6589,21.41164,official_emis,exact,closed_temporary
LBY_002532,DA-049,LBY,ERASA,ايراسا,1|2,Primary|Preparatory,public,Libya,Al Qubbah,,,,,,32.70073,22.68147,official_emis,exact,open
LBY_002533,GM-086,LBY,ERHIM HSN,أرحيم حسن,1|2,Primary|Preparatory,public,Libya,Al Jabal al Akhdar,,,,,,32.33698,21.48869,official_emis,exact,closed_temporary
LBY_002534,TR-261,LBY,ESAHED ALI NWEDA,الشهيد علي نويضه,1|2,Primary|Preparatory,public,Libya,Tajura' wa an Nawahi al Arba,,,,,,32.88981,13.23708,official_emis,exact,open
LBY_002535,WM-084,LBY,ESAMT BN ZID,اسامة بن زيد,1,Primary,public,Libya,Mizdah,,,,,,32.11384,12.99881,official_emis,exact,open
LBY_002536,MU-240,LBY,ESAQER ELAWHAD,الصقر الاوحد,1,Primary,public,Libya,Al Marqab,,,,,,32.47418,14.64295,official_emis,exact,open
LBY_002537,KU-052,LBY,ESHBEAAN,اشبيعان,1|2,Primary|Preparatory,public,Libya,An Nuqat al Khams,,,,,,32.79934,12.19036,official_emis,exact,closed_temporary
LBY_002538,TR-042,LBY,ESHBELYA,اشبيليا,1|2,Primary|Preparatory,public,Libya,Az Zawiyah,,,,,,32.85592,13.09401,official_emis,exact,open
LBY_002539,MU-117,LBY,ESHORY,الشوري,1|2,Primary|Preparatory,public,Libya,Misratah,,,,,,32.35614,15.01294,official_emis,exact,open
LBY_002540,BI-477,LBY,ESHRAKET ALGAAD,اشراقة الغد,1,Primary,public,Libya,Benghazi,,,,,,32.074505,20.066929,official_emis,exact,closed_temporary
LBY_002541,BI-118,LBY,ESHRAKET ALGAAD,اشراقة الغد,2,Preparatory,public,Libya,Benghazi,,,,,,32.074505,20.066929,official_emis,exact,closed_temporary
LBY_002542,MU-141,LBY,ESKERAT,السكيرات,1|2,Primary|Preparatory,public,Libya,Misratah,,,,,,32.35688,15.12484,official_emis,exact,open
LBY_002543,JA-055,LBY,ESSAHLA,السهلة,1|2,Primary|Preparatory,public,Libya,Az Zawiyah,,,,,,32.74025,12.94231,official_emis,exact,open
LBY_002544,JA-013,LBY,ESSBEA ELMARKAZ,اسبيعة المركز,2,Preparatory,public,Libya,Al Marqab,,,,,,32.46517,14.55102,official_emis,exact,open
LBY_002545,JA-231,LBY,ESSWE'E ELKHITUNI,الصويعي الخيتوني,1|2,Primary|Preparatory,public,Libya,Az Zawiyah,,,,,,32.596,12.91952,official_emis,exact,open
LBY_002546,GM-126,LBY,ETA ALFOWERAS,عطية الفويرس,1|2,Primary|Preparatory,public,Libya,Al Jabal al Akhdar,,,,,,32.69359,21.83673,official_emis,exact,open
LBY_002547,ZA-132,LBY,ETAAF,عطاف,1|2,Primary|Preparatory,public,Libya,Az Zawiyah,,,,,,32.75836,12.58556,official_emis,exact,closed_temporary
LBY_002548,DA-090,LBY,ETAKADOM,التقدم,1|2,Primary|Preparatory,public,Libya,Al Qubbah,,,,,,32.70737,22.70333,official_emis,exact,open
LBY_002549,MI-189,LBY,ETAMAN BEN AFAN,عتمان بن عفان,1|2,Primary|Preparatory,public,Libya,Al Marqab,,,,,,32.48458,14.59509,official_emis,exact,open
LBY_002550,SI-008,LBY,ETLALAT LIBYA,اطلالة ليبيا,1|2,Primary|Preparatory,public,Libya,Surt,,,,,,31.06984,16.63866,official_emis,exact,open
LBY_002551,MI-090,LBY,ETMAN BEN AFAN,عتمان بن عفان,1|2,Primary|Preparatory,public,Libya,Al Marqab,,,,,,32.61277,13.8,official_emis,exact,open
LBY_002552,MU-260,LBY,ETMAN BEN EFAN,عتمان بن عفان,1|2,Primary|Preparatory,public,Libya,Al Marqab,,,,,,32.48372,14.47065,official_emis,exact,closed_temporary
LBY_002553,GM-119,LBY,ETMAN SALEM,عتمان سالم,1|2,Primary|Preparatory,public,Libya,Al Jabal al Akhdar,,,,,,32.81144,21.91768,official_emis,exact,closed_temporary
LBY_002554,TU-071,LBY,EZ ALDEN ALQASEM,عز الدين القاسم,1,Primary,public,Libya,Al Butnan,,,,,,31.77017,25.04232,official_emis,exact,open
LBY_002555,MU-411,LBY,EZAHEF ELAKHDAR,الزحف الاخضر,1|2,Primary|Preparatory,public,Libya,Al Marqab,,,,,,32.45915,14.58767,official_emis,exact,open
LBY_002556,NA-074,LBY,FAEERSTA,فرسطاء,2,Preparatory,public,Libya,Ghadamis,,,,,,31.86532,11.3675,official_emis,exact,open
LBY_002557,MI-381,LBY,FAGER ALHOREYA,فجر الحريه,1,Primary,public,Libya,Al Marqab,,,,,,32.57915,13.68664,official_emis,exact,open
LBY_002558,BI-193,LBY,FAGER ALMAREFA,فجر المعرفه,3,Secondary (Medical Sciences),public,Libya,Benghazi,,,,,,32.099254,20.109254,official_emis,exact,closed_temporary
LBY_002559,SI-045,LBY,FAGER FEBRAYER,فجر فبراير,1|2,Primary|Preparatory,public,Libya,Misratah,,,,,,31.23707,15.17268,official_emis,exact,open
LBY_002560,MI-536,LBY,FAJAR ALHOREYA,فجر الحرية,3,Secondary (Engineering Sciences)|Secondary (Economic Sciences),public,Libya,Al Marqab,,,,,,32.59817,14.3322,official_emis,exact,open
LBY_002561,WM-353,LBY,FAJAR ALTWRA,فجر الثورة,3,Secondary (Medical Sciences)|Secondary (Economic Sciences),public,Libya,Ghadamis,,,,,,31.85081,11.79775,official_emis,exact,open
LBY_002562,WM-410,LBY,FAJAR ALTWRA,فجر الثورة,1|2,Primary|Preparatory,public,Libya,Ghadamis,,,,,,31.85081,11.79775,official_emis,exact,open
LBY_002563,MA-159,LBY,FAJER AL HOREYA,فجر الحرية,2,Preparatory,public,Libya,Al Marj,,,,,,32.29969,20.9848,official_emis,exact,open
LBY_002564,ZA-217,LBY,FAJER ALHOREYA,فجر الحرية,1|2,Primary|Preparatory,public,Libya,Az Zawiyah,,,,,,32.4007,12.69629,official_emis,exact,closed_temporary
LBY_002565,MI-520,LBY,FAJER ALHORIA,فجر الحرية,1|2,Primary|Preparatory,public,Libya,Al Marqab,,,,,,32.58817,14.3321,official_emis,exact,open
LBY_002566,GM-228,LBY,FAJER ALODESA,فجر الاوديسا,1,Primary,public,Libya,Al Jabal al Akhdar,,,,,,32.76268,21.75248,official_emis,exact,closed_temporary
LBY_002567,GM-185,LBY,FAJER ALODESA,فجرالاوديسا,1,Primary,public,Libya,Al Jabal al Akhdar,,,,,,32.76268,21.75248,official_emis,exact,closed_temporary
LBY_002568,BI-271,LBY,FAJER ALWAHDA ALARIBEYA,فجر الوحدة العربية,1,Primary,public,Libya,Benghazi,,,,,,32.12002,20.06759,official_emis,exact,open
LBY_002569,WA-402,LBY,FAJR ALHUREYA,فجر الحرية,1|2,Primary|Preparatory,public,Libya,Mizdah,,,,,,31.64068,12.74797,official_emis,exact,open
LBY_002570,BI-220,LBY,FALASTEEN,فلسطين,2,Preparatory,public,Libya,Benghazi,,,,,,32.14304,20.08221,official_emis,exact,open
LBY_002571,MA-094,LBY,FALASTEN,فلسطين,1|2,Primary|Preparatory,public,Libya,Al Marj,,,,,,32.4497,21.27762,official_emis,exact,open
LBY_002572,MI-390,LBY,FAM MALGA,فم ملغة الثانوية,3,Secondary (Medical Sciences)|Secondary (Economic Sciences),public,Libya,Tajura' wa an Nawahi al Arba,,,,,,32.44318,13.36728,official_emis,exact,open
LBY_002573,MO-061,LBY,FANAQL,فنقل,1|2,Primary|Preparatory,public,Libya,Murzuq,,,,,,25.92175,14.27119,official_emis,exact,open
LBY_002574,MO-108,LBY,FANAQL,فنقل,1,Primary,public,Libya,Murzuq,,,,,,25.92175,14.27119,official_emis,exact,open
LBY_002575,GM-132,LBY,FARAJ EESA ALEWA,فرج عيسى عليوه,1|2,Primary|Preparatory,public,Libya,Al Jabal al Akhdar,,,,,,32.72105,21.84796,official_emis,exact,closed_temporary
LBY_002576,GM-153,LBY,FAREJ BOMADALAH,فرج بومدالله,3,Secondary (Economic Sciences),public,Libya,Al Jabal al Akhdar,,,,,,32.896,21.9625,official_emis,exact,open
LBY_002577,MU-374,LBY,FATAT AL TAHADE AL  CHYMA,فتاة التحدي الشيماء,3,Secondary (Medical Sciences)|Secondary (Engineering Sciences),public,Libya,Al Marqab,,,,,,32.46707,14.57198,official_emis,exact,open
LBY_002578,BI-013,LBY,FATAT ALOROBA,فتاة العروبة,3,Secondary (Economic Sciences),public,Libya,Benghazi,,,,,,32.13807,20.11398,official_emis,exact,open
LBY_002579,KU-063,LBY,FATAT ALTWRA,فتاة التوره,1,Primary,public,Libya,An Nuqat al Khams,,,,,,32.7703,12.53169,official_emis,exact,closed_temporary
LBY_002580,BI-017,LBY,FATAT ATWRA,فتاة الثورة,2,Preparatory,public,Libya,Benghazi,,,,,,32.117834,20.095374,official_emis,exact,open
LBY_002581,TR-049,LBY,FATAT EL-ASSIR,فتاة العصر,1|2,Primary|Preparatory,public,Libya,Az Zawiyah,,,,,,32.84176,13.07898,official_emis,exact,open
LBY_002582,KU-208,LBY,FATAT ELTAHADY,فتاة التحدي,1|2,Primary|Preparatory,public,Libya,An Nuqat al Khams,,,,,,32.85355,12.06869,official_emis,exact,closed_temporary
LBY_002583,SI-058,LBY,FATAT ELTAWRA,فتاة الثورة,1|2,Primary|Preparatory,public,Libya,Surt,,,,,,30.80046,18.08263,official_emis,exact,open
LBY_002584,KU-096,LBY,FATEMA ALZAHRA,فاطمة الزهراء,1|2,Primary|Preparatory,public,Libya,An Nuqat al Khams,,,,,,32.74336,12.34535,official_emis,exact,closed_temporary
LBY_002585,ZA-075,LBY,FATEMA ALZAHRA,فاطمة الزهراء,1|2,Primary|Preparatory,public,Libya,Az Zawiyah,,,,,,32.75891,12.72974,official_emis,exact,open
LBY_002586,MU-123,LBY,FATEMA ALZAHRA,فاطمة الزهراء,1|2|3,Primary|Preparatory|Secondary (Economic Sciences),public,Libya,Misratah,,,,,,32.38956,15.13504,official_emis,exact,open
LBY_002587,JU-025,LBY,FATEMA ALZAHRA,فاطمة الزهراء,1|2,Primary|Preparatory,public,Libya,Al Jufrah,,,,,,29.16676,16.13538,official_emis,exact,open
LBY_002588,SA-098,LBY,FATEMA ALZAHRA,فاطمة الزهراء,1,Primary,public,Libya,Sabha,,,,,,27.04019,14.42343,official_emis,exact,open
LBY_002589,SA-054,LBY,FATEMA ALZAHRA,فاطمة الزهراء,1,Primary,public,Libya,Sabha,,,,,,27.04019,14.42343,official_emis,exact,open
LBY_002590,TU-021,LBY,FATEMA ALZAHRA,فاطمة الزهراء,1,Primary,public,Libya,Al Butnan,,,,,,32.08674,23.94485,official_emis,exact,open
LBY_002591,JU-060,LBY,FATEMA ALZAHRA,فاطمة الزهراء,1,Primary,public,Libya,Al Jufrah,,,,,,29.16676,16.13538,official_emis,exact,open
LBY_002592,WM-212,LBY,FATEMA ALZHRA,فاطمة الزهراء,1|2,Primary|Preparatory,public,Libya,Mizdah,,,,,,31.44233,12.98136,official_emis,exact,open
LBY_002593,MA-215,LBY,FATEMA AZAHRA,فاطمة الزهراء,1,Primary,public,Libya,Al Marj,,,,,,32.20004,20.5913,official_emis,exact,open
LBY_002594,GM-110,LBY,FATEMA AZAHRA,فاطمة الزهراء,1|2|3,Primary|Preparatory|Secondary (Engineering Sciences),public,Libya,Al Jabal al Akhdar,,,,,,32.81372,21.86581,official_emis,exact,open
LBY_002595,MA-116,LBY,FATEMA AZAHRA,فاطمة الزهراء,1|2,Primary|Preparatory,public,Libya,Al Marj,,,,,,32.20004,20.5913,official_emis,exact,closed_temporary
LBY_002596,MO-072,LBY,FATEMA ELZAHRA,فاطمة الزهراء,2,Preparatory,public,Libya,Murzuq,,,,,,25.91879,13.92067,official_emis,exact,open
LBY_002597,MI-397,LBY,FATEMA ELZAHRA,فاطمة الزهراء,3,Secondary (Medical Sciences),public,Libya,Al Marqab,,,,,,32.42979,13.63148,official_emis,exact,open
LBY_002598,MO-114,LBY,FATEMA ELZAHRA,فاطمة الزهراء,1,Primary,public,Libya,Murzuq,,,,,,25.91879,13.92067,official_emis,exact,open
LBY_002599,TR-022,LBY,FATH AL FOTOH,فتح الفتوح,1|2,Primary|Preparatory,public,Libya,Tajura' wa an Nawahi al Arba,,,,,,32.86759,13.14877,official_emis,exact,open
LBY_002600,MI-101,LBY,FATIMA AZAHRAA,فاطمة الزهراء,1|2,Primary|Preparatory,public,Libya,Al Marqab,,,,,,32.7093,13.9397,official_emis,exact,open
LBY_002601,KU-062,LBY,FATMA AEZHRAA,فاطمه الزهراء,1|2,Primary|Preparatory,public,Libya,An Nuqat al Khams,,,,,,32.78265,12.41316,official_emis,exact,closed_temporary
LBY_002602,BI-230,LBY,FATMA AEZHRAA,فاطمه الزهراء,3,Secondary (Engineering Sciences),public,Libya,Benghazi,,,,,,32.13689,20.07725,official_emis,exact,open
LBY_002603,TR-372,LBY,FATMA ALZAHER SCHOOL,فاطمة الزهراء,1|2,Primary|Preparatory,public,Libya,Tajura' wa an Nawahi al Arba,,,,,,32.85366,13.17785,official_emis,exact,open
LBY_002604,NA-115,LBY,FATMH ALZHRAI,فاطمة الزهراء,1|2,Primary|Preparatory,public,Libya,Ghadamis,,,,,,32.00385,11.34768,official_emis,exact,open
LBY_002605,MI-415,LBY,FATMT ALZHRA,فاطمة الزهراء,1|2,Primary|Preparatory,public,Libya,Al Marqab,,,,,,32.65396,14.25804,official_emis,exact,open
LBY_002606,JA-026,LBY,FATMT ALZHRAI,فاطمة الزهراء,1|2,Primary|Preparatory,public,Libya,Al Marqab,,,,,,32.22161,13.46931,official_emis,exact,closed_temporary
LBY_002607,WM-094,LBY,FATMT ALZHRAI,فاطمة الزهراء,1|2,Primary|Preparatory,public,Libya,Mizdah,,,,,,32.14767,13.02512,official_emis,exact,open
LBY_002608,BI-191,LBY,FATYAT ALMOSTAQBEL,فتيات المستقبل,3,Secondary (Medical Sciences)|Secondary (Engineering Sciences),public,Libya,Benghazi,,,,,,32.09564,20.113715,official_emis,exact,open
LBY_002609,MI-238,LBY,FIUGER ALHRUT,فجر الحرية,1,Primary,public,Libya,Tajura' wa an Nawahi al Arba,,,,,,32.56104,13.56951,official_emis,exact,open
LBY_002610,JA-311,LBY,FONAS,فوناس,1|2,Primary|Preparatory,public,Libya,Tajura' wa an Nawahi al Arba,,,,,,32.53822,13.29401,official_emis,exact,open
LBY_002611,JA-141,LBY,FONDQ ALSHAREEF,فندق الشريف,1|2,Primary|Preparatory,public,Libya,Tajura' wa an Nawahi al Arba,,,,,,32.62659,13.16868,official_emis,exact,closed_temporary
LBY_002612,TR-567,LBY,FONON ALSANEEH,الفنون الصنائع,1,Primary,public,Libya,Tajura' wa an Nawahi al Arba,,,,,,32.88971,13.1847,official_emis,exact,open
LBY_002613,KU-064,LBY,FTAT ALFATEH,فتاة الفاتح,2,Preparatory,public,Libya,An Nuqat al Khams,,,,,,32.75385,12.43912,official_emis,exact,open
LBY_002614,TR-187,LBY,FTAT ALTHAWRA,فتاة الثورة,3,Secondary (Medical Sciences)|Secondary (Engineering Sciences),public,Libya,Tajura' wa an Nawahi al Arba,,,,,,32.87537,13.20961,official_emis,exact,open
LBY_002615,GM-145,LBY,FTIT LIBYA,فتاة ليبيا,3,Secondary (Medical Sciences),public,Libya,Al Jabal al Akhdar,,,,,,32.76561,21.7476,official_emis,exact,open
LBY_002616,SA-029,LBY,GABAR BEN HIAN,جابر بن حيان,3,Secondary (Medical Sciences),public,Libya,Sabha,,,,,,27.02732,14.44112,official_emis,exact,open
LBY_002617,NA-130,LBY,GABAR BEN HIAN,جابر بن حيان,3,Secondary (Medical Sciences)|Secondary (Engineering Sciences),public,Libya,An Nuqat al Khams,,,,,,32.8872,11.98509,official_emis,exact,open
LBY_002618,MU-044,LBY,GABER BEN HAYAN,جابر بن حيان,1,Primary,public,Libya,Misratah,,,,,,32.36904,15.06398,official_emis,exact,open
LBY_002619,TR-496,LBY,GABER BEN HYAN,جابر بن حيان,1|2,Primary|Preparatory,public,Libya,Tajura' wa an Nawahi al Arba,,,,,,32.82239,13.32263,official_emis,exact,open
LBY_002620,NA-026,LBY,GABER BEN ZEAD,جابر بن زيد,1|2,Primary|Preparatory,public,Libya,Ghadamis,,,,,,31.87943,10.97186,official_emis,exact,open
LBY_002621,SI-029,LBY,GADWAR AL SAHOLY,قضوار السهولي,3,Secondary (Economic Sciences),public,Libya,Surt,,,,,,31.16432,16.21151,official_emis,exact,open
LBY_002622,TU-119,LBY,GAGBOB,جغبوب الاعداديه,2,Preparatory,public,Libya,Al Butnan,,,,,,29.74118,24.51552,official_emis,exact,open
LBY_002623,TU-118,LBY,GAGBOB,جغبوب الثانةيه,3,Secondary (Economic Sciences),public,Libya,Al Butnan,,,,,,29.74118,24.51552,official_emis,exact,open
LBY_002624,WM-183,LBY,GAHESH,جحيش,1|2,Primary|Preparatory,public,Libya,Mizdah,,,,,,32.12235,12.65133,official_emis,exact,open
LBY_002625,JA-076,LBY,GAMA AITOUER,جامع التوغار,1|2,Primary|Preparatory,public,Libya,Al Jifarah,,,,,,32.66165,13.0495,official_emis,exact,open
LBY_002626,WH-020,LBY,GAMAL ABD ANASER,جمال عبد الناصر,1,Primary,public,Libya,Wadi al Hayaa,,,,,,26.56004,13.24123,official_emis,exact,open
LBY_002627,TR-506,LBY,GAMAL ABD ANASER,جمال عبد الناصر,1|2,Primary|Preparatory,public,Libya,Tajura' wa an Nawahi al Arba,,,,,,32.86054,13.33046,official_emis,exact,open
LBY_002628,TR-133,LBY,GAMAL ABDALNASER,جمال عبدالناصر,3,Secondary (Engineering Sciences),public,Libya,Tajura' wa an Nawahi al Arba,,,,,,32.88033,13.18076,official_emis,exact,open
LBY_002629,BI-147,LBY,GAR YOUNIS,قار يونس,1|2,Primary|Preparatory,public,Libya,Benghazi,,,,,,32.053842,20.040015,official_emis,exact,open
LBY_002630,WH-019,LBY,GARAGERA,فىافرة الابتدائية,1,Primary,public,Libya,Wadi al Hayaa,,,,,,26.55128,13.21483,official_emis,exact,open
LBY_002631,JA-171,LBY,GARGOZA ALMARKAZEYA,قرقوزة المركزية,1,Primary,public,Libya,Al Marqab,,,,,,32.46437,14.52169,official_emis,exact,open
LBY_002632,JA-168,LBY,GARGOZA ALSHARQEYA,قرقوزة الشرقية,1|2,Primary|Preparatory,public,Libya,Al Marqab,,,,,,32.47262,14.48016,official_emis,exact,open
LBY_002633,BI-119,LBY,GARNATA,غرناطة,1|2,Primary|Preparatory,public,Libya,Benghazi,,,,,,32.08233,20.084991,official_emis,exact,open
LBY_002634,GA-011,LBY,GAT,غات,3,Secondary (Medical Sciences)|Secondary (Engineering Sciences)|Secondary (Economic Sciences),public,Libya,Ghat,,,,,,24.95714,10.18033,official_emis,exact,open
LBY_002635,GA-007,LBY,GAT ALMRKAZEYA,غات المركزية,1|2,Primary|Preparatory,public,Libya,Ghat,,,,,,24.92777,10.18809,official_emis,exact,open
LBY_002636,TR-371,LBY,GAZA,غزه,1,Primary,public,Libya,Tajura' wa an Nawahi al Arba,,,,,,32.85366,13.17785,official_emis,exact,open
LBY_002637,WM-087,LBY,GAZWAT ALKHANDAQ,غزوة الخندق,1|2,Primary|Preparatory,public,Libya,Mizdah,,,,,,32.13395,13.02924,official_emis,exact,open
LBY_002638,WS-044,LBY,GAZWEET BADAR ALKOBRA,غزوة بدر الكبرى,1|2,Primary|Preparatory,public,Libya,Ash Shati',,,,,,27.54943,13.62517,official_emis,exact,open
LBY_002639,BI-246,LBY,GAZZA,غزة,1,Primary,public,Libya,Benghazi,,,,,,32.108163,20.099801,official_emis,exact,open
LBY_002640,BI-506,LBY,GAZZA,غزة,1,Primary,public,Libya,Benghazi,,,,,,32.108163,20.099801,official_emis,exact,open
LBY_002641,WM-045,LBY,GEBAA,قباع,1|2,Primary|Preparatory,public,Libya,Mizdah,,,,,,32.08793,13.0194,official_emis,exact,open
LBY_002642,TR-282,LBY,GEEL ALGADAB,جيل الغضب,1,Primary,public,Libya,Tajura' wa an Nawahi al Arba,,,,,,32.86817,13.28393,official_emis,exact,open
LBY_002643,MU-361,LBY,GEEL ALGHADB,جيل الغضب,1|2,Primary|Preparatory,public,Libya,Al Marqab,,,,,,32.28127,14.53796,official_emis,exact,open
LBY_002644,TR-396,LBY,GEEL ALTAHADEY,جيل التحدي,1|2,Primary|Preparatory,public,Libya,Tajura' wa an Nawahi al Arba,,,,,,32.87079,13.18824,official_emis,exact,closed_temporary
LBY_002645,MU-365,LBY,GEEL ALTAWRA /ALEMAM ALBOKHAREY,جيل التورة/الامام البخاري,1|2,Primary|Preparatory,public,Libya,Al Marqab,,,,,,32.36714,14.59014,official_emis,exact,open
LBY_002646,TR-296,LBY,GEEL ALWAHDA,جيل الوحدة,1|2,Primary|Preparatory,public,Libya,Tajura' wa an Nawahi al Arba,,,,,,32.86838,13.22503,official_emis,exact,open
LBY_002647,BI-236,LBY,GELYANA,جليانة,1|2,Primary|Preparatory,public,Libya,Benghazi,,,,,,32.09887,20.05535,official_emis,exact,open
LBY_002648,WM-021,LBY,GERYAN ASHAMALEYA,غريان الشمالية,1,Primary,public,Libya,Mizdah,,,,,,32.17175,13.01464,official_emis,exact,open
LBY_002649,MO-020,LBY,GEZAW,(جيزاو (الشق الاول,1,Primary,public,Libya,Murzuq,,,,,,25.87483,14.15352,official_emis,exact,open
LBY_002650,MO-019,LBY,GEZAW,(جيزاو(الشق الثاني,2,Preparatory,public,Libya,Murzuq,,,,,,25.87475,14.15435,official_emis,exact,open
LBY_002651,ZA-112,LBY,GHANAWIA,القناوية,1|2,Primary|Preparatory,public,Libya,Az Zawiyah,,,,,,32.74065,12.56156,official_emis,exact,open
LBY_002652,BI-134,LBY,GHANFODA,قنفودة,1|2,Primary|Preparatory,public,Libya,Benghazi,,,,,,32.03359,20.0204,official_emis,exact,open
LBY_002653,WM-020,LBY,GHAREAN ALJNOBEAA,غريان الجنوبيه,1|2,Primary|Preparatory,public,Libya,Mizdah,,,,,,32.1594,13.00457,official_emis,exact,open
LBY_002654,WM-022,LBY,GHAREAN ALMARKZEAA,غريان المركزيه,1|2,Primary|Preparatory,public,Libya,Mizdah,,,,,,32.16953,13.01596,official_emis,exact,open
LBY_002655,JA-167,LBY,GHARGOZA  ALGHARBEYA,قرقوزة الغربية,1|2,Primary|Preparatory,public,Libya,Al Marqab,,,,,,32.47928,14.49692,official_emis,exact,open
LBY_002656,WM-285,LBY,GHAZWAT ALKHANDQ,غزوة  الخندق,1|2,Primary|Preparatory,public,Libya,Mizdah,,,,,,32.03553,12.51874,official_emis,exact,open
LBY_002657,WM-286,LBY,GHAZWAT BADER ALKOBRA,غزوة بدر الكبرى,1,Primary,public,Libya,Mizdah,,,,,,32.05537,12.569,official_emis,exact,open
LBY_002658,MA-127,LBY,GHOT ALSOLTAN,غوط السلطان,1|2,Primary|Preparatory,public,Libya,Al Marj,,,,,,32.12164,20.54046,official_emis,exact,open
LBY_002659,WM-024,LBY,GHRYAN ATANWIA,غريان الثانوية,3,Secondary (Economic Sciences),public,Libya,Mizdah,,,,,,32.17339,13.01669,official_emis,exact,closed_temporary
LBY_002660,GM-026,LBY,GMAL ABD NSER,جمال عبد الناصر,1|2,Primary|Preparatory,public,Libya,Al Jabal al Akhdar,,,,,,32.77344,21.78538,official_emis,exact,open
LBY_002661,SA-034,LBY,GMAL ABDANASAR,جمال عبد الناصر,1|2,Primary|Preparatory,public,Libya,Sabha,,,,,,27.02422,14.46196,official_emis,exact,open
LBY_002662,KU-106,LBY,GNAN DERBAAL,جنان دربال,1|2,Primary|Preparatory,public,Libya,An Nuqat al Khams,,,,,,32.7285,12.3096,official_emis,exact,closed_temporary
LBY_002663,MI-523,LBY,GNIMT,غنيمة,3,Secondary (Engineering Sciences),public,Libya,Al Marqab,,,,,,32.69526,14.0443,official_emis,exact,open
LBY_002664,ZA-135,LBY,GOMA ALMAHMODE,غومه المحمودي,1|2,Primary|Preparatory,public,Libya,Az Zawiyah,,,,,,32.73106,12.55014,official_emis,exact,open
LBY_002665,KU-095,LBY,GOOT BAYOOD,غوط بيوض,1|2,Primary|Preparatory,public,Libya,An Nuqat al Khams,,,,,,32.71525,12.41878,official_emis,exact,closed_temporary
LBY_002666,MU-140,LBY,GORNATA,غرناطه,1|2,Primary|Preparatory,public,Libya,Misratah,,,,,,32.38201,15.13102,official_emis,exact,open
LBY_002667,TR-039,LBY,GOT AL DES,غوط الديس,1|2,Primary|Preparatory,public,Libya,Tajura' wa an Nawahi al Arba,,,,,,32.86085,13.11432,official_emis,exact,open
LBY_002668,KU-094,LBY,GOT AL DES,غوط الديس,1|2,Primary|Preparatory,public,Libya,An Nuqat al Khams,,,,,,32.74434,12.36493,official_emis,exact,open
LBY_002669,MO-017,LBY,GOWT ALSASUT,غواط الاساسية,1|2,Primary|Preparatory,public,Libya,Murzuq,,,,,,25.88966,13.98229,official_emis,exact,open
LBY_002670,WH-023,LBY,GRAGRA,قراقرة الإعدادية,2,Preparatory,public,Libya,Wadi al Hayaa,,,,,,26.54546,13.083,official_emis,exact,open
LBY_002671,MI-327,LBY,GRNATH,غرناطة,1|2,Primary|Preparatory,public,Libya,Al Marqab,,,,,,32.38042,13.64895,official_emis,exact,open
LBY_002672,MO-043,LBY,GSR MCAWD,قصر مسعود,1|2,Primary|Preparatory,public,Libya,Murzuq,,,,,,24.92994,14.57605,official_emis,exact,open
LBY_002673,MI-219,LBY,GUBER BEN HUN,جابر بن حيان,1|2,Primary|Preparatory,public,Libya,Al Marqab,,,,,,32.46689,14.60586,official_emis,exact,closed_temporary
LBY_002674,ZA-120,LBY,GUL ALWDT,جيل الوحدة,1|2,Primary|Preparatory,public,Libya,Az Zawiyah,,,,,,32.71727,12.52453,official_emis,exact,closed_temporary
LBY_002675,JA-273,LBY,GULD BEN WALUD,خالد بن الوليد,1|2,Primary|Preparatory,public,Libya,Al Jifarah,,,,,,32.5898,13.07995,official_emis,exact,open
LBY_002676,TR-038,LBY,GURNATA,غرناطة,1|2,Primary|Preparatory,public,Libya,Tajura' wa an Nawahi al Arba,,,,,,32.87294,13.12177,official_emis,exact,open
LBY_002677,MI-118,LBY,GUSER ALER TNOUT,قصر الاخيار الجنوبية,1|2,Primary|Preparatory,public,Libya,Tajura' wa an Nawahi al Arba,,,,,,32.75115,13.85426,official_emis,exact,open
LBY_002678,JA-080,LBY,GWT APE SAG,غوط ابي ساق,1|2,Primary|Preparatory,public,Libya,Al Jifarah,,,,,,32.67755,13.01918,official_emis,exact,open
LBY_002679,ZA-057,LBY,Guael altoer,جيل الثورة,1|2,Primary|Preparatory,public,Libya,Az Zawiyah,,,,,,32.59211,12.65294,official_emis,exact,closed_temporary
LBY_002680,ZA-059,LBY,HAEE ALWEHDA,حي الوحده,1|2,Primary|Preparatory,public,Libya,Az Zawiyah,,,,,,32.75738,12.74647,official_emis,exact,open
LBY_002681,ZA-060,LBY,HAEE GODEEM,حي جوددائم,1,Primary,public,Libya,Az Zawiyah,,,,,,32.78202,12.77648,official_emis,exact,open
LBY_002682,BI-171,LBY,HAFEDAT ALMOKTAR,حفيدات المختار,2,Preparatory,public,Libya,Benghazi,,,,,,32.103996,20.094373,official_emis,exact,open
LBY_002683,TU-100,LBY,HAFLAZ,حفلز,1|2,Primary|Preparatory,public,Libya,Al Butnan,,,,,,31.82177,24.45372,official_emis,exact,open
LBY_002684,WM-202,LBY,HAI ABE SBEETA,حي ابي سبيطه,1|2,Primary|Preparatory,public,Libya,Mizdah,,,,,,31.45345,12.97859,official_emis,exact,open
LBY_002685,MI-359,LBY,HAI ALMAJD,حي المجد,1|2,Primary|Preparatory,public,Libya,Al Marqab,,,,,,32.48926,13.7327,official_emis,exact,open
LBY_002686,TR-408,LBY,HAI DEMASHEQ,حي دمشق,1,Primary,public,Libya,Tajura' wa an Nawahi al Arba,,,,,,32.85056,13.19777,official_emis,exact,open
LBY_002687,MO-022,LBY,HAJ JHEEL ASHAQ ATHANI,حج جحيل الشق الثاني,2,Preparatory,public,Libya,Murzuq,,,,,,25.89867,14.04798,official_emis,exact,open
LBY_002688,TR-376,LBY,HALAB,حلب للتعليم الأساسي,1,Primary,public,Libya,Tajura' wa an Nawahi al Arba,,,,,,32.84915,13.17332,official_emis,exact,open
LBY_002689,WA-012,LBY,HALEMA ALSADEYA,حليمة السعدية,1|2,Primary|Preparatory,public,Libya,Ajdabiya,,,,,,29.024454,21.561968,official_emis,exact,open
LBY_002690,TR-252,LBY,HALEMA ASSIDYA,حليمة الساعدية,1,Primary,public,Libya,Tajura' wa an Nawahi al Arba,,,,,,32.89106,13.27011,official_emis,exact,open
LBY_002691,BI-088,LBY,HAMAD ABO LATEF,حمد بولطيف,1|2,Primary|Preparatory,public,Libya,Ajdabiya,,,,,,31.23115,20.2412,official_emis,exact,closed_temporary
LBY_002692,KU-199,LBY,HAMDA ASHAMALIA,حمده الشمالية,1|2,Primary|Preparatory,public,Libya,An Nuqat al Khams,,,,,,32.84808,12.02333,official_emis,exact,closed_temporary
LBY_002693,DA-065,LBY,HAMED BOSHNAF,حمد بوشناف,2,Preparatory,public,Libya,Al Qubbah,,,,,,32.78074,22.14686,official_emis,exact,open
LBY_002694,GM-053,LBY,HAMED SHALUOA,حمد شلوع,1|2,Primary|Preparatory,public,Libya,Al Jabal al Akhdar,,,,,,32.77627,21.59247,official_emis,exact,closed_temporary
LBY_002695,JA-105,LBY,HAMZA BEN ABD ALMOTALEB,حمزة بن عبد المطلب,1|2,Primary|Preparatory,public,Libya,Tajura' wa an Nawahi al Arba,,,,,,32.61727,13.52788,official_emis,exact,open
LBY_002696,KU-198,LBY,HAMZA BEN ABD- ALMTALEB,حمزة بن عبدالمطلب,1|2,Primary|Preparatory,public,Libya,An Nuqat al Khams,,,,,,32.81981,12.03172,official_emis,exact,open
LBY_002697,WS-039,LBY,HAMZA BEN ABDALMOTALEB,حمزة بن عبدالمطلب,1|2,Primary|Preparatory,public,Libya,Ash Shati',,,,,,27.50564,13.94044,official_emis,exact,open
LBY_002698,WM-347,LBY,HAMZA BEN ABE TALEB,حمزه بن ابي طالب,1|2,Primary|Preparatory,public,Libya,Mizdah,,,,,,31.89503,11.88207,official_emis,exact,open
LBY_002699,GM-051,LBY,HAMZA BEN ABED ALMOTALEB,حمزة بن عبد المطلب,1|2,Primary|Preparatory,public,Libya,Al Jabal al Akhdar,,,,,,32.75737,21.66494,official_emis,exact,open
LBY_002700,MI-452,LBY,HAMZA BEN ABED ALMOTALEB,حمزة بن عبد المطلب,1|2,Primary|Preparatory,public,Libya,Al Marqab,,,,,,32.57599,14.33916,official_emis,exact,open
LBY_002701,GM-217,LBY,HAMZA BEN ABED ALMOTALEB,حمزة بن عبد المطلب,1|2,Primary|Preparatory,public,Libya,Al Jabal al Akhdar,,,,,,32.75737,21.66494,official_emis,exact,open
LBY_002702,JA-279,LBY,HAMZA BIN ABDALMTALEB,حمزة بن عبدالمطلب,1|2,Primary|Preparatory,public,Libya,Az Zawiyah,,,,,,32.6597,12.93431,official_emis,exact,open
LBY_002703,SI-023,LBY,HANYN,حنين,1|2,Primary|Preparatory,public,Libya,Surt,,,,,,31.05581,16.35305,official_emis,exact,open
LBY_002704,JU-012,LBY,HAON ALEDADE ALBANEN,هون الاعدادية للبنين,2,Preparatory,public,Libya,Al Jufrah,,,,,,29.12062,15.93773,official_emis,exact,open
LBY_002705,MI-192,LBY,HARON ALRASHED,هارون الرشيد,1|2,Primary|Preparatory,public,Libya,Al Marqab,,,,,,32.48844,14.60705,official_emis,exact,open
LBY_002706,AJ-037,LBY,HASAEN ALARABE,حسين العريبى,1|2,Primary|Preparatory,public,Libya,Ajdabiya,,,,,,31.09608,20.22542,official_emis,exact,open
LBY_002707,BI-085,LBY,HASAN BEN TABET,حسان بن ثابت,1|2,Primary|Preparatory,public,Libya,Benghazi,,,,,,31.44016,20.15439,official_emis,exact,closed_temporary
LBY_002708,WM-140,LBY,HASAN BEN THABET,حسان بن ثابت,1|2,Primary|Preparatory,public,Libya,Mizdah,,,,,,32.01922,12.86073,official_emis,exact,open
LBY_002709,WM-201,LBY,HASSAN BEN TABETH,حسان بن تابث,1|2,Primary|Preparatory,public,Libya,Mizdah,,,,,,31.33065,12.77815,official_emis,exact,open
LBY_002710,BI-003,LBY,HATEEN,حطين,1,Primary,public,Libya,Benghazi,,,,,,32.132564,20.102218,official_emis,exact,open
LBY_002711,MU-063,LBY,HATEEN,حطين,1|2,Primary|Preparatory,public,Libya,Misratah,,,,,,32.35736,15.06943,official_emis,exact,open
LBY_002712,BI-516,LBY,HATEEN,حطين,1,Primary,public,Libya,Benghazi,,,,,,32.132564,20.102218,official_emis,exact,open
LBY_002713,KU-044,LBY,HATEEN ASHAQ ALAWEL,حطين الشق الأول,1,Primary,public,Libya,Az Zawiyah,,,,,,32.72716,12.73099,official_emis,exact,closed_temporary
LBY_002714,KU-045,LBY,HATEEN ASHAQ ATANI,حطين الشق الثاني,2,Preparatory,public,Libya,An Nuqat al Khams,,,,,,32.70577,12.48803,official_emis,exact,open
LBY_002715,TR-268,LBY,HATEEN SCHOOL,حطين,1|2,Primary|Preparatory,public,Libya,Tajura' wa an Nawahi al Arba,,,,,,32.88684,13.27316,official_emis,exact,open
LBY_002716,JA-061,LBY,HATEM ALTAAE,حاتم الطائي,1|2,Primary|Preparatory,public,Libya,Az Zawiyah,,,,,,32.75017,13.05569,official_emis,exact,open
LBY_002717,MI-008,LBY,HAWAREY ABO MADEN,هواري أبو مدين,1|2,Primary|Preparatory,public,Libya,Al Marqab,,,,,,32.23149,13.60556,official_emis,exact,open
LBY_002718,TR-051,LBY,HAWAREY ABO MADEN,هواري أبو مدين,1|2,Primary|Preparatory,public,Libya,Tajura' wa an Nawahi al Arba,,,,,,32.85816,13.10648,official_emis,exact,open
LBY_002719,BI-462,LBY,HAWARI BUMADIAN,هواري بو مدين,1,Primary,public,Libya,Benghazi,,,,,,32.14265,20.10477,official_emis,exact,open
LBY_002720,BI-051,LBY,HAWARI BUMADIAN,هواري بو مدين,1,Primary,public,Libya,Benghazi,,,,,,32.14265,20.10477,official_emis,exact,open
LBY_002721,JA-064,LBY,HAY ALMOJAHED,حي المجاهد,1|2,Primary|Preparatory,public,Libya,Az Zawiyah,,,,,,32.77077,13.00462,official_emis,exact,open
LBY_002722,TR-545,LBY,HAY TARBALS,حى طرابلس,1|2,Primary|Preparatory,public,Libya,Tajura' wa an Nawahi al Arba,,,,,,32.87458,13.40106,official_emis,exact,unknown
LBY_002723,KU-108,LBY,HELFAYA ALMARKZEYA,حلفاية المركزية,1|2,Primary|Preparatory,public,Libya,An Nuqat al Khams,,,,,,32.76787,12.30769,official_emis,exact,open
LBY_002724,KU-107,LBY,HELFAYA ALSHAMALEYA,حلفاية الشمالية,1|2,Primary|Preparatory,public,Libya,An Nuqat al Khams,,,,,,32.76772,12.31723,official_emis,exact,open
LBY_002725,AJ-038,LBY,HESHAN EJABEL,حيشان اجبيل,1|2,Primary|Preparatory,public,Libya,Ajdabiya,,,,,,30.9474,20.13545,official_emis,exact,closed_temporary
LBY_002726,MI-517,LBY,HETAYAN,حطين,1|2,Primary|Preparatory,public,Libya,Al Marqab,,,,,,32.61667,14.32761,official_emis,exact,closed_temporary
LBY_002727,GM-117,LBY,HETEEN,حطين,1|2,Primary|Preparatory,public,Libya,Al Jabal al Akhdar,,,,,,32.81019,21.84616,official_emis,exact,closed_temporary
LBY_002728,MU-234,LBY,HETEEN,حطين,1|2,Primary|Preparatory,public,Libya,Al Marqab,,,,,,32.42301,14.63107,official_emis,exact,open
LBY_002729,WM-184,LBY,HETEN,حطين,1|2,Primary|Preparatory,public,Libya,Mizdah,,,,,,32.08318,12.66921,official_emis,exact,open
LBY_002730,JA-036,LBY,HETEN,حطين,1|2,Primary|Preparatory,public,Libya,Al Marqab,,,,,,32.40246,13.88165,official_emis,exact,closed_temporary
LBY_002731,SA-048,LBY,HETEN,حطين,2,Preparatory,public,Libya,Sabha,,,,,,26.43806,14.27657,official_emis,exact,open
LBY_002732,SA-096,LBY,HETEN,حطين,2,Preparatory,public,Libya,Sabha,,,,,,26.43806,14.27657,official_emis,exact,open
LBY_002733,MI-040,LBY,HETEN,حطين,1|2,Primary|Preparatory,public,Libya,Al Marqab,,,,,,32.22161,13.46931,official_emis,exact,open
LBY_002734,TR-028,LBY,HIGH WEIR,السد العالى,1|2,Primary|Preparatory,public,Libya,Az Zawiyah,,,,,,32.84406,13.10094,official_emis,exact,open
LBY_002735,GM-149,LBY,HIOB ALMARHOON,هيوب المرهون,3,Secondary (Economic Sciences),public,Libya,Al Jabal al Akhdar,,,,,,32.68784,21.90436,official_emis,exact,closed_temporary
LBY_002736,GM-136,LBY,HMD BO RULA,حمد بورحيل الشريعى,1|2,Primary|Preparatory,public,Libya,Al Jabal al Akhdar,,,,,,32.75908,21.88913,official_emis,exact,open
LBY_002737,GM-134,LBY,HMD GUDER,حمد جيدار,1|2,Primary|Preparatory,public,Libya,Al Jabal al Akhdar,,,,,,32.72962,21.87559,official_emis,exact,closed_temporary
LBY_002738,JA-246,LBY,HMST MARS,مارس 5,1|2,Primary|Preparatory,public,Libya,Tajura' wa an Nawahi al Arba,,,,,,32.52916,13.25715,official_emis,exact,open
LBY_002739,TR-363,LBY,HMZA BEN ABDUALMOTALEB,حمزة بن عبدالمطلب,1,Primary,public,Libya,Tajura' wa an Nawahi al Arba,,,,,,32.85038,13.16372,official_emis,exact,closed_temporary
LBY_002740,WM-112,LBY,HOOD SOKNA,حوض  سوكنه,1|2,Primary|Preparatory,public,Libya,Mizdah,,,,,,32.08443,13.3384,official_emis,exact,open
LBY_002741,JU-013,LBY,HOON ALMARAKZA,هون المركزية,1,Primary,public,Libya,Al Jufrah,,,,,,29.12535,15.93976,official_emis,exact,open
LBY_002742,JA-070,LBY,HOSEN BEN JABER,حسين بن جابر,1|2,Primary|Preparatory,public,Libya,Az Zawiyah,,,,,,32.68398,12.9171,official_emis,exact,open
LBY_002743,GM-039,LBY,HOSSEN ALGAWEFE,حسين الجويفي,1|2,Primary|Preparatory,public,Libya,Al Jabal al Akhdar,,,,,,32.76216,21.68682,official_emis,exact,closed_temporary
LBY_002744,BI-203,LBY,HRAER LIBYA,حرائر ليبيا,2,Preparatory,public,Libya,Benghazi,,,,,,32.081493,20.113624,official_emis,exact,open
LBY_002745,MU-128,LBY,HSAN BEN TABT,حسان بن تابت,1|2,Primary|Preparatory,public,Libya,Misratah,,,,,,32.36618,15.13826,official_emis,exact,open
LBY_002746,JA-155,LBY,HSAN BN ALNAMAN,حسان بن النعمان,1|2,Primary|Preparatory,public,Libya,Al Jifarah,,,,,,32.68232,13.09155,official_emis,exact,open
LBY_002747,MU-268,LBY,HSAN BN TABT,حسام بن ثابث,1|2,Primary|Preparatory,public,Libya,Al Marqab,,,,,,32.47262,14.48016,official_emis,exact,open
LBY_002748,TR-012,LBY,HSAN BN TAPT,حسان بن ثابت,1|2,Primary|Preparatory,public,Libya,Tajura' wa an Nawahi al Arba,,,,,,32.85363,13.1356,official_emis,exact,open
LBY_002749,MI-436,LBY,HSAUN AL HOOATE,حسين الحوات,1|2,Primary|Preparatory,public,Libya,Al Marqab,,,,,,32.57386,14.22157,official_emis,exact,open
LBY_002750,MA-110,LBY,HSN AGLIWAN,حسن اقليوان,1,Primary,public,Libya,Al Marj,,,,,,32.17726,20.58857,official_emis,exact,closed_temporary
LBY_002751,GM-108,LBY,HSN SLH,حسن صالح,1|2,Primary|Preparatory,public,Libya,Al Jabal al Akhdar,,,,,,32.75348,21.94263,official_emis,exact,closed_temporary
LBY_002752,GM-116,LBY,HSUN MATOQ,حسين معتوق,1|2,Primary|Preparatory,public,Libya,Al Jabal al Akhdar,,,,,,32.86787,21.83936,official_emis,exact,closed_temporary
LBY_002753,SI-031,LBY,HTEEN,حطين,1|2,Primary|Preparatory,public,Libya,Misratah,,,,,,31.37921,15.27871,official_emis,exact,open
LBY_002754,BI-248,LBY,HUONIN,حنين,1|2,Primary|Preparatory,public,Libya,Benghazi,,,,,,32.131319,20.094801,official_emis,exact,open
LBY_002755,BI-508,LBY,HUONIN,حنين,1,Primary,public,Libya,Benghazi,,,,,,32.131319,20.094801,official_emis,exact,open
LBY_002756,AJ-015,LBY,HUSN ALBRINA,حسن البرانى,1|2,Primary|Preparatory,public,Libya,Ajdabiya,,,,,,30.74912,20.22196,official_emis,exact,unknown
LBY_002757,TR-196,LBY,HUSSIEN TAROSHA,حسين طروشة,1,Primary,public,Libya,Tajura' wa an Nawahi al Arba,,,,,,32.88463,13.20214,official_emis,exact,open
LBY_002758,GM-028,LBY,IBN KHALDOON,ابن خلدون,1|2,Primary|Preparatory,public,Libya,Al Jabal al Akhdar,,,,,,32.76338,21.76734,official_emis,exact,open
LBY_002759,GM-201,LBY,IBN KHALDOON,ابن خلدون,1,Primary,public,Libya,Al Jabal al Akhdar,,,,,,32.76338,21.76734,official_emis,exact,open
LBY_002760,NA-078,LBY,IBN KHALDOON,ابن خلدون,3,Secondary (Economic Sciences),public,Libya,Ghadamis,,,,,,30.16442,10.46334,official_emis,exact,open
LBY_002761,WA-002,LBY,IBN RUSHD,ابن رشد,1,Primary,public,Libya,Ajdabiya,,,,,,29.012549,21.507656,official_emis,exact,open
LBY_002762,WM-386,LBY,IBN SINA,ابن سيناء,1|2,Primary|Preparatory,public,Libya,Mizdah,,,,,,31.93907,12.1643,official_emis,exact,open
LBY_002763,DA-154,LBY,IBRAHEM BAKAR,ابراهيم بكار,1,Primary,public,Libya,Al Qubbah,,,,,,32.74936,22.66845,official_emis,exact,open
LBY_002764,DA-044,LBY,IBRAHEM BAKAR,ابراهيم بكار,1,Primary,public,Libya,Al Qubbah,,,,,,32.74936,22.66845,official_emis,exact,open
LBY_002765,AJ-001,LBY,IBRAHIM ALEJDABEE,ابراهيم الاجدابي,1,Primary,public,Libya,Ajdabiya,,,,,,30.76543,20.21979,official_emis,exact,open
LBY_002766,MI-370,LBY,IBRAHIM ALHAMODEE,ابراهيم الحمودي,1,Primary,public,Libya,Al Marqab,,,,,,32.57472,13.7429,official_emis,exact,open
LBY_002767,MU-072,LBY,IBRAHIM ALSWEHLE,ابراهيم السويحلي,1|2,Primary|Preparatory,public,Libya,Misratah,,,,,,32.33402,15.1125,official_emis,exact,open
LBY_002768,TR-035,LBY,ITEFAQ JERBA,إتفاق جربة,1,Primary,public,Libya,Tajura' wa an Nawahi al Arba,,,,,,32.87037,13.13835,official_emis,exact,open
LBY_002769,JA-161,LBY,ITTIFAQ WAJDA,اتفاق وجدة,1|2,Primary|Preparatory,public,Libya,Tajura' wa an Nawahi al Arba,,,,,,32.755,13.19805,official_emis,exact,open
LBY_002770,BI-502,LBY,IWSF BWRHEL,يوسف بورحيل,1,Primary,public,Libya,Benghazi,,,,,,32.11863,20.05982,official_emis,exact,open
LBY_002771,BI-239,LBY,IWSF BWRHEL,يوسف بورحيل,1,Primary,public,Libya,Benghazi,,,,,,32.11863,20.05982,official_emis,exact,open
LBY_002772,WM-200,LBY,JAAFAR BEN ABE TALEB,جعفر بن ابي طالب,1|2,Primary|Preparatory,public,Libya,Mizdah,,,,,,31.30056,13.49149,official_emis,exact,open
LBY_002773,NA-035,LBY,JABAL NAFOSA,جبل نفوسة,1|2,Primary|Preparatory,public,Libya,Al Jifarah,,,,,,32.53194,13.02624,official_emis,exact,open
LBY_002774,WS-038,LBY,JABEL AL HSAONA,جبل الحساونة,1|2,Primary|Preparatory,public,Libya,Ash Shati',,,,,,27.51096,13.92918,official_emis,exact,open
LBY_002775,KU-047,LBY,JABER BEN HAYAN,جابر بن حيان,1|2,Primary|Preparatory,public,Libya,An Nuqat al Khams,,,,,,32.75761,12.45564,official_emis,exact,closed_temporary
LBY_002776,SI-057,LBY,JABER BEN HAYAN,جابر بن حيان,1|2,Primary|Preparatory,public,Libya,Surt,,,,,,30.80127,18.07846,official_emis,exact,open
LBY_002777,TU-073,LBY,JABER BEN HAYAN,جابر بن حيان,1|2,Primary|Preparatory,public,Libya,Al Butnan,,,,,,31.84182,24.98252,official_emis,exact,open
LBY_002778,BI-459,LBY,JABER BEN HAYAN,جابر بن حيان,1,Primary,public,Libya,Benghazi,,,,,,32.11731,20.12556,official_emis,exact,open
LBY_002779,BI-040,LBY,JABER BEN HAYAN,جابر بن حيان,1|2,Primary|Preparatory,public,Libya,Benghazi,,,,,,32.11731,20.12556,official_emis,exact,open
LBY_002780,GM-057,LBY,JADALAA ELNEYAN,جاد الله النيان,1|2,Primary|Preparatory,public,Libya,Al Jabal al Akhdar,,,,,,32.74682,21.54749,official_emis,exact,closed_temporary
LBY_002781,ZA-172,LBY,JADED KARDASA,جديد كرداسة,1|2,Primary|Preparatory,public,Libya,Az Zawiyah,,,,,,32.5601,12.56389,official_emis,exact,closed_temporary
LBY_002782,JA-075,LBY,JAFAER ALTAYAR,جعفر الطيار,3,Secondary (Engineering Sciences)|Secondary (Economic Sciences),public,Libya,Az Zawiyah,,,,,,32.74105,12.99879,official_emis,exact,closed_temporary
LBY_002783,JA-069,LBY,JAFAR ELTYARY,جعفر الطيار,1|2,Primary|Preparatory,public,Libya,Al Jifarah,,,,,,32.68839,13.05829,official_emis,exact,closed_temporary
LBY_002784,JA-258,LBY,JAFEAR BEN ABY TALB,جعفر بن ابي طالب,1|2,Primary|Preparatory,public,Libya,Tajura' wa an Nawahi al Arba,,,,,,32.66632,13.29173,official_emis,exact,open
LBY_002785,MA-146,LBY,JAIEL AL TAWRA,جيل الثورة,1|3,Primary|Secondary (Medical Sciences),public,Libya,Al Marj,,,,,,32.47864,20.84336,official_emis,exact,open
LBY_002786,JA-053,LBY,JAIEL AL WAHDA,جيل الوحدة,1|2,Primary|Preparatory,public,Libya,Al Jifarah,,,,,,32.64525,13.02099,official_emis,exact,open
LBY_002787,WM-203,LBY,JALD BN ALWLID,خالد بن الوليد,1|2,Primary|Preparatory,public,Libya,Mizdah,,,,,,31.63984,12.74736,official_emis,exact,open
LBY_002788,TR-149,LBY,JAMA ALMQARIBA,جامع المغاربة,1,Primary,public,Libya,Tajura' wa an Nawahi al Arba,,,,,,32.88896,13.18588,official_emis,exact,open
LBY_002789,TR-407,LBY,JAMA ATAHER,جامع الطاهر,1|2,Primary|Preparatory,public,Libya,Tajura' wa an Nawahi al Arba,,,,,,32.84505,13.20377,official_emis,exact,open
LBY_002790,MA-048,LBY,JAMAEL ABD ANASER,جمال عبدالناصر,1,Primary,public,Libya,Al Marj,,,,,,32.47637,20.8353,official_emis,exact,open
LBY_002791,MU-008,LBY,JAMAL ABD AL- NASER,جمال عبد الناصر,1|2,Primary|Preparatory,public,Libya,Misratah,,,,,,32.388785,15.086673,official_emis,exact,open
LBY_002792,JA-288,LBY,JAMAL ABD AL- NASER,جمال عبد الناصر,1|2,Primary|Preparatory,public,Libya,Az Zawiyah,,,,,,32.63299,12.91752,official_emis,exact,open
LBY_002793,MA-148,LBY,JAMAL ABD AL- NASER,جمال عبد الناصر,3,Secondary (Medical Sciences)|Secondary (Economic Sciences),public,Libya,Al Marj,,,,,,32.47637,20.8353,official_emis,exact,open
LBY_002794,SI-010,LBY,JAMAL ABD ALNASER,جمال عبدالناصر,2,Preparatory,public,Libya,Surt,,,,,,31.05399,16.65705,official_emis,exact,open
LBY_002795,BI-061,LBY,JAMAL ABD ALNASER,جمال عبدالناصر,2,Preparatory,public,Libya,Benghazi,,,,,,31.65924,20.01049,official_emis,exact,closed_temporary
LBY_002796,ZA-053,LBY,JAMAL ABD ALNASER,جمال عبدالناصر,1|2,Primary|Preparatory,public,Libya,Az Zawiyah,,,,,,32.76795,12.71099,official_emis,exact,open
LBY_002797,MI-315,LBY,JAMAL ABD ALNASSER,جمال عبدالناصر,1|2,Primary|Preparatory,public,Libya,Al Marqab,,,,,,32.45335,13.66489,official_emis,exact,closed_temporary
LBY_002798,WM-320,LBY,JAMAL ABD- ALNASER,جمال عبدالناصر,2,Preparatory,public,Libya,Mizdah,,,,,,31.90128,12.25179,official_emis,exact,open
LBY_002799,WS-005,LBY,JAMAL ABDENNASER,جمال عبد الناصر,2,Preparatory,public,Libya,Ash Shati',,,,,,27.58341,14.3555,official_emis,exact,open
LBY_002800,JA-040,LBY,JAMAL ABDENNASER,جمال عبدالناصر,1|2,Primary|Preparatory,public,Libya,Al Marqab,,,,,,32.33897,13.53361,official_emis,exact,closed_temporary
LBY_002801,JA-065,LBY,JAMEA ATOGAR ATANAWIA,جامع التوغار الثانوية,3,Secondary (Engineering Sciences)|Secondary (Economic Sciences),public,Libya,Al Jifarah,,,,,,32.66042,13.05039,official_emis,exact,open
LBY_002802,TR-072,LBY,JAMEIT ALNOR LILMKOFEN,جمعية النور للمكفوفيين,1|2,Primary|Preparatory,public,Libya,Az Zawiyah,,,,,,32.86119,13.09062,official_emis,exact,open
LBY_002803,BI-256,LBY,JAMIAT ALKAFIF,جمعية الكفيف,1|2,Primary|Preparatory,public,Libya,Benghazi,,,,,,32.11737,20.07266,official_emis,exact,open
LBY_002804,MU-187,LBY,JAMILA ABOHYERAD,جميلة أبو حيرد,3,Secondary (Medical Sciences)|Secondary (Economic Sciences),public,Libya,Misratah,,,,,,32.38286,14.97133,official_emis,exact,open
LBY_002805,JA-044,LBY,JANZOOR ALJADEDA,جنزور الجديدة,1|2,Primary|Preparatory,public,Libya,Az Zawiyah,,,,,,32.77294,13.01206,official_emis,exact,open
LBY_002806,TU-089,LBY,JANZOR ALEADADIA,جنزور الاعدادية,1|2,Primary|Preparatory,public,Libya,Al Butnan,,,,,,31.98174,24.65681,official_emis,exact,open
LBY_002807,JA-204,LBY,JANZOR ALGARBEY,جنزور الغربية,1|2,Primary|Preparatory,public,Libya,Az Zawiyah,,,,,,32.70103,13.03348,official_emis,exact,open
LBY_002808,JA-199,LBY,JANZOUR ALTANAWEYA,جنزور الثانوية,3,Secondary (Medical Sciences)|Secondary (Engineering Sciences),public,Libya,Az Zawiyah,,,,,,32.77285,13.06587,official_emis,exact,open
LBY_002809,WH-036,LBY,JARMA AL TANIOAY,جرمة الثانوية,2|3,Preparatory|Secondary (Engineering Sciences),public,Libya,Wadi al Hayaa,,,,,,26.52592,13.07131,official_emis,exact,open
LBY_002810,BI-063,LBY,JAROTA,جروتة,1|2,Primary|Preparatory,public,Libya,Benghazi,,,,,,31.81555,19.98015,official_emis,exact,open
LBY_002811,TR-360,LBY,JEAL ALWAHEDI  ALARIBEYA,جيل الوحدة العربية,1|2,Primary|Preparatory,public,Libya,Tajura' wa an Nawahi al Arba,,,,,,32.8414,13.15674,official_emis,exact,open
LBY_002812,ZA-187,LBY,JEAL ATHAWIRA,جيل الثورة,1|2,Primary|Preparatory,public,Libya,Az Zawiyah,,,,,,32.65872,12.57628,official_emis,exact,open
LBY_002813,KO-030,LBY,JEAL ATHAWIRA,جيل الثورة,3,Secondary (Medical Sciences)|Secondary (Engineering Sciences)|Secondary (Economic Sciences),public,Libya,Al Kufrah,,,,,,25.67821,21.10634,official_emis,exact,open
LBY_002814,MA-045,LBY,JEAL ATHAWIRA,جيل الثورة,1,Primary,public,Libya,Al Marj,,,,,,32.47864,20.84336,official_emis,exact,open
LBY_002815,MU-018,LBY,JEEL AL MUSTAKBAL,جيل المستقبل,1|2,Primary|Preparatory,public,Libya,Misratah,,,,,,32.3992,15.08113,official_emis,exact,open
LBY_002816,MA-132,LBY,JEEL ALFATEH,جيل الفاتح,1,Primary,public,Libya,Al Marj,,,,,,32.13125,20.43042,official_emis,exact,closed_temporary
LBY_002817,MA-219,LBY,JEEL ALFATEH,جيل الفاتح,1,Primary,public,Libya,Al Marj,,,,,,32.13125,20.43042,official_emis,exact,closed_temporary
LBY_002818,JA-054,LBY,JEEL ALMUSTAKBAL,جيل المستقبل,1|2,Primary|Preparatory,public,Libya,Az Zawiyah,,,,,,32.70103,13.03348,official_emis,exact,open
LBY_002819,WM-321,LBY,JEEL ALTAWRA,جيل الثورة,1,Primary,public,Libya,Mizdah,,,,,,31.92476,12.21812,official_emis,exact,open
LBY_002820,TR-295,LBY,JEEL ALTHAWRA,جيل الثورة,1|2,Primary|Preparatory,public,Libya,Tajura' wa an Nawahi al Arba,,,,,,32.86864,13.21458,official_emis,exact,open
LBY_002821,ZA-058,LBY,JEEL ALWAHDA / SHOHADA BANGHAZI,جيل الوحدة/ شهداء بنغازي,1|2,Primary|Preparatory,public,Libya,Az Zawiyah,,,,,,32.73057,12.69113,official_emis,exact,open
LBY_002822,ZA-119,LBY,JEEL ATHADI,جيل التحدي,1|2,Primary|Preparatory,public,Libya,Az Zawiyah,,,,,,32.74355,12.56771,official_emis,exact,open
LBY_002823,MA-131,LBY,JEERA,جيرة,2,Preparatory,public,Libya,Al Marj,,,,,,32.13192,20.42984,official_emis,exact,closed_temporary
LBY_002824,KU-144,LBY,JEL ALTAWAR,جيل الثورة,1|2,Primary|Preparatory,public,Libya,An Nuqat al Khams,,,,,,32.71951,12.28969,official_emis,exact,open
LBY_002825,KU-228,LBY,JEL ELGADAB,جيل الغضب,1|2,Primary|Preparatory,public,Libya,An Nuqat al Khams,,,,,,32.86884,12.01641,official_emis,exact,closed_temporary
LBY_002826,KU-227,LBY,JEL ELTAHADY,جيل التحدي,1|2,Primary|Preparatory,public,Libya,An Nuqat al Khams,,,,,,32.87169,12.00994,official_emis,exact,closed_temporary
LBY_002827,TR-267,LBY,JEQL QLJQ?QHERQ SCHOOL,جيل الجماهيرية,1|2,Primary|Preparatory,public,Libya,Tajura' wa an Nawahi al Arba,,,,,,32.89613,13.25091,official_emis,exact,open
LBY_002828,JA-052,LBY,JIAL AL TAHADY,جيل التحدي,1|2,Primary|Preparatory,public,Libya,Az Zawiyah,,,,,,32.77009,13.0093,official_emis,exact,open
LBY_002829,MI-316,LBY,JIL ALMUSTAKBEL,جيل المستقبل,1|2,Primary|Preparatory,public,Libya,Al Marqab,,,,,,32.40536,13.68915,official_emis,exact,open
LBY_002830,BI-151,LBY,JIL ALWAAD,جيل الواعد,3,Secondary (Economic Sciences),public,Libya,Benghazi,,,,,,32.054218,20.036735,official_emis,exact,closed_temporary
LBY_002831,MI-317,LBY,JIL ALWAHDA,جيل الوحدة,1,Primary,public,Libya,Al Marqab,,,,,,32.46804,13.6759,official_emis,exact,closed_temporary
LBY_002832,TR-523,LBY,JLIG ALTHDI,خليج التحدى,2,Preparatory,public,Libya,Tajura' wa an Nawahi al Arba,,,,,,32.87184,13.36549,official_emis,exact,open
LBY_002833,JA-299,LBY,JMAL ABDALNASR,جمال عبدالناصر,3,Secondary (Engineering Sciences),public,Libya,Al Jifarah,,,,,,32.53194,13.02624,official_emis,exact,open
LBY_002834,WA-029,LBY,JMAL APD ALNASR,جمال عبد الناصر,1|2,Primary|Preparatory,public,Libya,Ajdabiya,,,,,,29.307078,21.641676,official_emis,exact,open
LBY_002835,ZA-055,LBY,JOD ALDEM ALKARBEA,جود دائم   الغربية,1|2,Primary|Preparatory,public,Libya,Az Zawiyah,,,,,,32.75858,12.77673,official_emis,exact,closed_temporary
LBY_002836,ZA-056,LBY,JOD ALDEM ALMARKZA SCHOOL,جود دائم المركزية,1,Primary,public,Libya,Az Zawiyah,,,,,,32.78416,12.80061,official_emis,exact,open
LBY_002837,MU-262,LBY,JOMAA MARKAZIA,الجمعة المركزية,1|2,Primary|Preparatory,public,Libya,Al Marqab,,,,,,32.46622,14.48466,official_emis,exact,closed_temporary
LBY_002838,ZA-054,LBY,JOUD ALDAEN,جود الدائم,1|2,Primary|Preparatory,public,Libya,Az Zawiyah,,,,,,32.78238,12.77964,official_emis,exact,open
LBY_002839,ZA-091,LBY,JOUD DAEM ALTANWEIA,جوددائم التانوية,3,Secondary (Medical Sciences)|Secondary (Engineering Sciences)|Secondary (Economic Sciences),public,Libya,Az Zawiyah,,,,,,32.78347,12.80073,official_emis,exact,closed_temporary
LBY_002840,BI-129,LBY,JPL NFWSH,جبل نفوسه,3,Secondary (Medical Sciences)|Secondary (Engineering Sciences),public,Libya,Benghazi,,,,,,32.093151,20.071792,official_emis,exact,open
LBY_002841,NA-132,LBY,KABAW,كاباو المركزيه,1,Primary,public,Libya,An Nuqat al Khams,,,,,,32.8872,11.98509,official_emis,exact,open
LBY_002842,SA-030,LBY,KADEGA ALKOBRA,خديجه الكبرى,2,Preparatory,public,Libya,Sabha,,,,,,27.05223,14.41033,official_emis,exact,open
LBY_002843,KU-229,LBY,KADEGA BENT KOWAYLED,خديجه بنت خويلد,1|2|3,Primary|Preparatory|Secondary (Economic Sciences),public,Libya,An Nuqat al Khams,,,,,,32.87974,11.98971,official_emis,exact,open
LBY_002844,MU-375,LBY,KADEJA AL KOBRA,خديجة الكبرى,1|2,Primary|Preparatory,public,Libya,Al Marqab,,,,,,32.4611,14.56708,official_emis,exact,open
LBY_002845,MI-073,LBY,KADEJA AL KOBRA,خديجة الكبرى,1|2,Primary|Preparatory,public,Libya,Tajura' wa an Nawahi al Arba,,,,,,32.69676,13.84704,official_emis,exact,open
LBY_002846,TU-004,LBY,KADUJA ALKOBAR ALTANWA,خديجة الكبرى التانوية,1|3,Primary|Secondary (Engineering Sciences)|Secondary (Economic Sciences),public,Libya,Al Butnan,,,,,,32.08121,23.97998,official_emis,exact,open
LBY_002847,JA-110,LBY,KAEB BEN ZOHER,كعب بن زهير,1|2,Primary|Preparatory,public,Libya,Al Marqab,,,,,,32.30112,13.30876,official_emis,exact,open
LBY_002848,MA-117,LBY,KAF BOQREEN,كاف بوقرين,1|2,Primary|Preparatory,public,Libya,Al Marj,,,,,,32.18503,20.47728,official_emis,exact,closed_temporary
LBY_002849,ZA-122,LBY,KAHDEJA AL KOBRA,خديجة الكبري,1|2,Primary|Preparatory,public,Libya,Az Zawiyah,,,,,,32.75955,12.56653,official_emis,exact,open
LBY_002850,ZA-121,LBY,KAHLED BEN ALWALIED,خالد بن الوليد,1|2,Primary|Preparatory,public,Libya,Az Zawiyah,,,,,,32.78513,12.56211,official_emis,exact,closed_temporary
LBY_002851,WS-043,LBY,KALAD BEN ALWAED,خالد بن الوليد,1|2,Primary|Preparatory,public,Libya,Ash Shati',,,,,,27.48562,13.79251,official_emis,exact,open
LBY_002852,KU-145,LBY,KALAD BEN WALED,خالد بن وليد,1|2,Primary|Preparatory,public,Libya,An Nuqat al Khams,,,,,,32.79019,12.24255,official_emis,exact,closed_temporary
LBY_002853,DA-059,LBY,KALAD EBN ALWALED,خالد بن الوليد,1|2,Primary|Preparatory,public,Libya,Al Qubbah,,,,,,32.78427,22.41355,official_emis,exact,open
LBY_002854,SI-018,LBY,KALAD EBN ALWALED,خالد بن الوليد,1|2,Primary|Preparatory,public,Libya,Surt,,,,,,31.1372,16.3414,official_emis,exact,open
LBY_002855,GM-018,LBY,KALAD EBN ALWALED,خالد بن الوليد,1|2,Primary|Preparatory,public,Libya,Al Jabal al Akhdar,,,,,,32.76646,21.75654,official_emis,exact,open
LBY_002856,TR-463,LBY,KALAD EBN ALWALED,خالد بن الوليد,1|2|3,Primary|Preparatory|Secondary (Medical Sciences)|Secondary (Engineering Sciences)|Secondary (Economic Sciences),public,Libya,Tajura' wa an Nawahi al Arba,,,,,,32.80186,13.28267,official_emis,exact,open
LBY_002857,MI-109,LBY,KALAD EBN ALWALED,خالد بن الوليد,1|2,Primary|Preparatory,public,Libya,Al Marqab,,,,,,32.70834,13.9407,official_emis,exact,open
LBY_002858,WM-264,LBY,KALAD EBN ALWALED,خالد بن الوليد,1|2,Primary|Preparatory,public,Libya,Mizdah,,,,,,32.02115,12.55168,official_emis,exact,open
LBY_002859,TR-547,LBY,KALAET ALHEELAM,قلعه العلم,1|2,Primary|Preparatory,public,Libya,Tajura' wa an Nawahi al Arba,,,,,,32.87546,13.3632,official_emis,exact,open
LBY_002860,WH-051,LBY,KALD BN ALWLID,خالد بن الوليد,2,Preparatory,public,Libya,Wadi al Hayaa,,,,,,26.60221,13.56481,official_emis,exact,open
LBY_002861,MI-223,LBY,KALED BEN AL-WALEAD,خالد بن الوليد,1,Primary,public,Libya,Al Marqab,,,,,,32.48195,14.56797,official_emis,exact,open
LBY_002862,WA-023,LBY,KALED BEN AL-WALEAD,خالد بن الوليد,1|2,Primary|Preparatory,public,Libya,Ajdabiya,,,,,,29.132645,21.292042,official_emis,exact,open
LBY_002863,SA-056,LBY,KALED BEN ALWALED,خالد بن الوليد,1|2,Primary|Preparatory,public,Libya,Sabha,,,,,,27.02235,14.45682,official_emis,exact,open
LBY_002864,SA-099,LBY,KALED BEN ALWALED,خالد بن الوليد,1,Primary,public,Libya,Sabha,,,,,,27.02235,14.45682,official_emis,exact,open
LBY_002865,WM-322,LBY,KALED BEN ALWALED,خالد بن الوليد,1,Primary,public,Libya,Mizdah,,,,,,31.94629,12.24541,official_emis,exact,open
LBY_002866,BI-491,LBY,KALEEJ AALTAHADEE,خليج التحدي,1,Primary,public,Libya,Benghazi,,,,,,32.098553,20.106636,official_emis,exact,open
LBY_002867,KU-092,LBY,KALEEJ AALTAHADEE,خليج التحدي,1|2,Primary|Preparatory,public,Libya,An Nuqat al Khams,,,,,,32.69191,12.39953,official_emis,exact,closed_temporary
LBY_002868,TR-518,LBY,KALEEJ AL ARABA,الخليج العربي,1|2,Primary|Preparatory,public,Libya,Tajura' wa an Nawahi al Arba,,,,,,32.79031,13.50222,official_emis,exact,open
LBY_002869,BI-190,LBY,KALEEJ ALTAHADEE,خليج التحدي,1|2,Primary|Preparatory,public,Libya,Benghazi,,,,,,32.098553,20.106636,official_emis,exact,open
LBY_002870,TU-030,LBY,KALEEL MOSTAFA,خليل مصطفى,1|2,Primary|Preparatory,public,Libya,Al Butnan,,,,,,32.07494,23.94732,official_emis,exact,open
LBY_002871,TR-269,LBY,KALEFA ALHEGAME,خليفه الحجامي,1|2,Primary|Preparatory,public,Libya,Tajura' wa an Nawahi al Arba,,,,,,32.90499,13.25517,official_emis,exact,open
LBY_002872,MU-306,LBY,KALEJ ATHADA,خليج التحدي,1|2,Primary|Preparatory,public,Libya,Misratah,,,,,,31.75176,13.982817,official_emis,exact,open
LBY_002873,JA-083,LBY,KALT ALSAADE,خلة السعادي,1|2,Primary|Preparatory,public,Libya,Az Zawiyah,,,,,,32.70103,13.03348,official_emis,exact,open
LBY_002874,WM-082,LBY,KALYAFA ABO ALHASEN,خليفة أبو الحسن,3,Secondary (Engineering Sciences)|Secondary (Economic Sciences),public,Libya,Mizdah,,,,,,32.20494,13.04349,official_emis,exact,open
LBY_002875,TU-104,LBY,KAMBOT ALTANAWEYA ALBAYAN ALAWAL,كمبوت الثانوية البيان الاول,3,Secondary (Medical Sciences)|Secondary (Engineering Sciences)|Secondary (Economic Sciences),public,Libya,Al Butnan,,,,,,31.90347,24.4816,official_emis,exact,open
LBY_002876,TU-099,LBY,KAMBOUT,كمبوت,1,Primary,public,Libya,Al Butnan,,,,,,31.9059,24.47925,official_emis,exact,open
LBY_002877,TR-071,LBY,KARKARSH BANAT SCHOOL,قرقارش بنات,3,Secondary (Engineering Sciences)|Secondary (Economic Sciences),public,Libya,Tajura' wa an Nawahi al Arba,,,,,,32.86455,13.10511,official_emis,exact,open
LBY_002878,BI-089,LBY,KARKORA,كركوره,1|2,Primary|Preparatory,public,Libya,Benghazi,,,,,,31.42539,20.02897,official_emis,exact,open
LBY_002879,DA-006,LBY,KARSA,كرسة الاساسية,1,Primary,public,Libya,,,,,,,32.84569,22.42083,official_emis,exact,open
LBY_002880,DA-180,LBY,KARSA,كرسة الاساسيه,1|2,Primary|Preparatory,public,Libya,,,,,,,32.84569,22.42083,official_emis,exact,open
LBY_002881,MU-191,LBY,KARZAZ  LELBANIAT,كرزاز للبنات,1|3,Primary|Secondary (Medical Sciences),public,Libya,Misratah,,,,,,32.32501,15.10114,official_emis,exact,open
LBY_002882,MI-152,LBY,KASAR ALJADEED,قصر الجديد,1,Primary,public,Libya,Al Marqab,,,,,,32.59072,14.00117,official_emis,exact,open
LBY_002883,JA-146,LBY,KASAR BEEN GACHEER,قصر بن غشير,1|2,Primary|Preparatory,public,Libya,Tajura' wa an Nawahi al Arba,,,,,,32.68445,13.17171,official_emis,exact,closed_temporary
LBY_002884,JA-164,LBY,KASAR BEN KACHEER,قصر بن غشير,3,Secondary (Medical Sciences)|Secondary (Engineering Sciences),public,Libya,Tajura' wa an Nawahi al Arba,,,,,,32.6833,13.17501,official_emis,exact,closed_temporary
LBY_002885,MI-190,LBY,KASAR KORAYSH,قصر قريش,1|2,Primary|Preparatory,public,Libya,Al Marqab,,,,,,32.46193,14.61804,official_emis,exact,open
LBY_002886,SA-035,LBY,KAWAL BENT ALAZAWER,خولة بنت الازور,2,Preparatory,public,Libya,Sabha,,,,,,27.0517,14.42134,official_emis,exact,open
LBY_002887,MA-193,LBY,KAWLA BENT ALAZWAR,خوله بنت الازور,1,Primary,public,Libya,Benghazi,,,,,,32.52579,20.57144,official_emis,exact,open
LBY_002888,MA-034,LBY,KAWLA BENT ALAZWAR,خوله بنت الازور,1,Primary,public,Libya,Benghazi,,,,,,32.52579,20.57144,official_emis,exact,open
LBY_002889,WM-204,LBY,KDIJT AM ALMWMNIN,خديجة ام المومنين,1|2,Primary|Preparatory,public,Libya,Mizdah,,,,,,31.4578,12.97779,official_emis,exact,open
LBY_002890,MA-065,LBY,KHADEJA ALKOBRA,خديجة الكبري,1|2,Primary|Preparatory,public,Libya,Al Marj,,,,,,32.49451,20.81889,official_emis,exact,open
LBY_002891,MI-434,LBY,KHADEJA ALKOBRA,خديجة الكبرى,1|2,Primary|Preparatory,public,Libya,Al Marqab,,,,,,32.6393,14.26849,official_emis,exact,open
LBY_002892,MA-207,LBY,KHADEJA ALKOBRA,خديجة الكبري,1,Primary,public,Libya,Al Marj,,,,,,32.49451,20.81889,official_emis,exact,open
LBY_002893,MU-058,LBY,KHADEJA ALKUBRA,خديجة الكبرى,1|2,Primary|Preparatory,public,Libya,Misratah,,,,,,32.36152,15.09118,official_emis,exact,open
LBY_002894,GM-197,LBY,KHADEJA ALKUBRA,خديجة الكبرى,1,Primary,public,Libya,Al Jabal al Akhdar,,,,,,32.76201,21.78048,official_emis,exact,open
LBY_002895,GM-023,LBY,KHADEJA ALKUBRA,خديجة الكبرى,1|2,Primary|Preparatory,public,Libya,Al Jabal al Akhdar,,,,,,32.76201,21.78048,official_emis,exact,open
LBY_002896,BI-251,LBY,KHADIJA ALKUBRA,خديجة الكبرى,3,Secondary (Economic Sciences),public,Libya,Benghazi,,,,,,32.130728,20.079333,official_emis,exact,open
LBY_002897,WM-106,LBY,KHALD BEN ELWALED,خالد بن الوليد,1|2,Primary|Preparatory,public,Libya,Mizdah,,,,,,32.12501,13.34644,official_emis,exact,open
LBY_002898,JA-183,LBY,KHALD BEN ELWALED,خالد بن الوليد,1|2,Primary|Preparatory,public,Libya,Al Marqab,,,,,,32.4602,14.53294,official_emis,exact,closed_temporary
LBY_002899,TU-072,LBY,KHALD BEN ELWALED,خالد بن الوليد,2,Preparatory,public,Libya,Al Butnan,,,,,,31.75806,25.09019,official_emis,exact,open
LBY_002900,NA-125,LBY,KHALED BEN ALWADEED,خالد بن الوليد,1|2,Primary|Preparatory,public,Libya,Ghadamis,,,,,,32.001647,11.356234,official_emis,exact,open
LBY_002901,MI-510,LBY,KHALED BEN ALWADEED,خالد بن الوليد,1|2,Primary|Preparatory,public,Libya,Al Marqab,,,,,,32.50578,14.39974,official_emis,exact,open
LBY_002902,KU-046,LBY,KHALED BEN ALWADEED,خالد بن الوليد,1|2,Primary|Preparatory,public,Libya,An Nuqat al Khams,,,,,,32.70965,12.43954,official_emis,exact,closed_temporary
LBY_002903,WM-095,LBY,KHALED BEN ALWALED,خالد بن الوليد,3,Secondary (Engineering Sciences),public,Libya,Mizdah,,,,,,32.14884,13.02375,official_emis,exact,open
LBY_002904,JA-306,LBY,KHALED BEN ALWALED,خالد بن الوليد,1|2|3,Primary|Preparatory|Secondary (Medical Sciences)|Secondary (Engineering Sciences)|Secondary (Economic Sciences),public,Libya,Al Marqab,,,,,,32.46193,14.61804,official_emis,exact,open
LBY_002905,BI-177,LBY,KHALED BEN WALEED,خالد بن وليد,2,Preparatory,public,Libya,Benghazi,,,,,,32.099698,20.099452,official_emis,exact,open
LBY_002906,MA-075,LBY,KHALEEG ELTAHADY,خليج التحدي,1,Primary,public,Libya,Al Marj,,,,,,32.50185,20.70481,official_emis,exact,open
LBY_002907,SI-098,LBY,KHALEEJ SERET FOR ALOLOM ALEJTEMAEYA,خليج سرت للعلوم الاجتماعية,3,Secondary (Economic Sciences),public,Libya,Surt,,,,,,31.19755,16.59505,official_emis,exact,open
LBY_002908,GM-092,LBY,KHALEFA ABO EAYDH,خليفة بوعيده,1|2,Primary|Preparatory,public,Libya,Al Jabal al Akhdar,,,,,,32.59229,21.72101,official_emis,exact,closed_temporary
LBY_002909,DA-109,LBY,KHALEJ ALBAMBA,خليج البمبة,1|2,Primary|Preparatory,public,Libya,Al Qubbah,,,,,,32.43797,23.06565,official_emis,exact,open
LBY_002910,DA-172,LBY,KHALEJ ALBAMBA,خليج البمبة,1,Primary,public,Libya,Al Qubbah,,,,,,32.43797,23.06565,official_emis,exact,open
LBY_002911,MA-223,LBY,KHALEJ SIRT,خليج سرت,1,Primary,public,Libya,Al Marj,,,,,,32.17726,20.58857,official_emis,exact,open
LBY_002912,MU-257,LBY,KHALID BEN ALWALID,خالد بن الوليد,1|2,Primary|Preparatory,public,Libya,Al Marqab,,,,,,32.47928,14.49692,official_emis,exact,closed_temporary
LBY_002913,MA-204,LBY,KHALID BEN ALWALID,خالد بن الوليد,1,Primary,public,Libya,Al Marj,,,,,,32.49609,20.83357,official_emis,exact,closed_temporary
LBY_002914,WM-348,LBY,KHALID BEN ALWALID,خالد بن الوليد,2,Preparatory,public,Libya,Ghadamis,,,,,,31.85107,11.7819,official_emis,exact,open
LBY_002915,MA-061,LBY,KHALID BEN ALWALID,خالد بن الوليد,1|2|3,Primary|Preparatory|Secondary (Economic Sciences),public,Libya,Al Marj,,,,,,32.49609,20.83357,official_emis,exact,open
LBY_002916,WM-141,LBY,KHALID BEN ALWALID,خالد بن الوليد,1|2,Primary|Preparatory,public,Libya,Mizdah,,,,,,32.00736,12.8894,official_emis,exact,open
LBY_002917,ZA-211,LBY,KHALID BEN ELWALEED,خالد بن الوليد,1|2,Primary|Preparatory,public,Libya,Az Zawiyah,,,,,,32.46978,12.67103,official_emis,exact,closed_temporary
LBY_002918,AJ-032,LBY,KHALID IBN ALWALID,خالد ابن الوليد,1,Primary,public,Libya,Ajdabiya,,,,,,30.47898,19.7318,official_emis,exact,open
LBY_002919,WM-015,LBY,KHALID IBN ALWALID,خالد ابن الوليد,1|2,Primary|Preparatory,public,Libya,Mizdah,,,,,,32.13359,13.00943,official_emis,exact,open
LBY_002920,MI-017,LBY,KHALID IBN ALWALID,خالد ابن الوليد,1|2,Primary|Preparatory,public,Libya,Az Zawiyah,,,,,,32.74025,12.94231,official_emis,exact,open
LBY_002921,MU-249,LBY,KHALIJ ATAHDI,خليج التحدي,3,Secondary (Economic Sciences),public,Libya,Al Marqab,,,,,,32.48493,14.48166,official_emis,exact,closed_temporary
LBY_002922,MI-264,LBY,KHALIJ SIRT,خليج سرت,1|2,Primary|Preparatory,public,Libya,Tajura' wa an Nawahi al Arba,,,,,,32.69135,13.57125,official_emis,exact,open
LBY_002923,JA-148,LBY,KHALLAT ELGAFER,خلة القفر,1|2,Primary|Preparatory,public,Libya,Tajura' wa an Nawahi al Arba,,,,,,32.76405,13.18607,official_emis,exact,open
LBY_002924,WA-003,LBY,KHAWLA BENT ALAZWAR,خولة بنت الأزور,1,Primary,public,Libya,Ajdabiya,,,,,,29.065577,21.482918,official_emis,exact,open
LBY_002925,SI-097,LBY,KHAWLA BENT ALAZWAR,خولة بنت الأزور,3,Secondary (Engineering Sciences),public,Libya,Surt,,,,,,31.2067,16.58771,official_emis,exact,open
LBY_002926,GA-027,LBY,KHAWLA BENT ALAZWAR,خولة بنت الأزور,1|2|3,Primary|Preparatory|Secondary (Economic Sciences),public,Libya,Ghat,,,,,,25.7822,10.56483,official_emis,exact,open
LBY_002927,WM-142,LBY,KHAWLA BENT ALAZWER,خولة بنت الازور,2,Preparatory,public,Libya,Mizdah,,,,,,32.05994,12.88878,official_emis,exact,open
LBY_002928,ZA-063,LBY,KHAWLA BENT ALZWAR,خول بنت الازور,1|2,Primary|Preparatory,public,Libya,Az Zawiyah,,,,,,32.74278,12.72733,official_emis,exact,closed_temporary
LBY_002929,BI-069,LBY,KHAWLA BINT ALAZWER,خولة بنت الازور,3,Secondary (Medical Sciences)|Secondary (Engineering Sciences)|Secondary (Economic Sciences),public,Libya,Benghazi,,,,,,31.66736,20.0163,official_emis,exact,closed_temporary
LBY_002930,BI-066,LBY,KHMINES ALJDIDA ALEBTEDAEIA,قمينس الجديدة الابتدائية,1,Primary,public,Libya,Benghazi,,,,,,31.66053,20.01435,official_emis,exact,open
LBY_002931,MU-002,LBY,KHWLA BENT ALAZWIR,خولة بنت الازور,3,Secondary (Medical Sciences),public,Libya,Misratah,,,,,,32.385027,15.114613,official_emis,exact,open
LBY_002932,WM-078,LBY,KIZAN,قيزان,1|2,Primary|Preparatory,public,Libya,Mizdah,,,,,,32.20218,13.06215,official_emis,exact,open
LBY_002933,JA-309,LBY,KOALED ALJADEDA,خويلد الجديدة,1|2,Primary|Preparatory,public,Libya,Tajura' wa an Nawahi al Arba,,,,,,32.71321,13.12617,official_emis,exact,closed_temporary
LBY_002934,MU-372,LBY,KOLA BENT AL AZWER,خولة بنت الأزور,1|2|3,Primary|Preparatory|Secondary (Medical Sciences),public,Libya,Al Marqab,,,,,,32.35209,14.56372,official_emis,exact,open
LBY_002935,TU-102,LBY,KOMABAD ALEDADH,كمبوت الاعدادية,2,Preparatory,public,Libya,Al Kufrah,,,,,,25.67821,21.10634,official_emis,exact,open
LBY_002936,GM-224,LBY,KORINA,قورينا,1,Primary,public,Libya,Al Jabal al Akhdar,,,,,,32.8027,21.86999,official_emis,exact,closed_temporary
LBY_002937,GM-107,LBY,KORINA,قورينا,1|2,Primary|Preparatory,public,Libya,Al Jabal al Akhdar,,,,,,32.8027,21.86999,official_emis,exact,closed_temporary
LBY_002938,ZA-076,LBY,KORTOBA,قرطبه,1|2,Primary|Preparatory,public,Libya,Az Zawiyah,,,,,,32.58781,12.73707,official_emis,exact,closed_temporary
LBY_002939,MI-368,LBY,KORTOBA,قرطبة,1|2,Primary|Preparatory,public,Libya,Al Marqab,,,,,,32.43546,13.62791,official_emis,exact,open
LBY_002940,BI-180,LBY,KORTOBA,قرطبة,1|2,Primary|Preparatory,public,Libya,Benghazi,,,,,,32.104382,20.082013,official_emis,exact,closed_temporary
LBY_002941,BI-487,LBY,KORTOBA,قرطبة,1,Primary,public,Libya,Benghazi,,,,,,32.104382,20.082013,official_emis,exact,open
LBY_002942,MU-415,LBY,KORTOBA,قرطبة,1|2,Primary|Preparatory,public,Libya,Al Marqab,,,,,,32.4394,14.554,official_emis,exact,open
LBY_002943,DA-080,LBY,KORTOBA ATANAWIA,قرطبة الثانوية,3,Secondary (Medical Sciences)|Secondary (Engineering Sciences)|Secondary (Economic Sciences),public,Libya,Al Qubbah,,,,,,32.74694,22.3899,official_emis,exact,open
LBY_002944,GM-073,LBY,KRBACH,كرباسة,1,Primary,public,Libya,Al Marj,,,,,,32.66,21.34869,official_emis,exact,closed_temporary
LBY_002945,JA-245,LBY,LA AWATA,العواتة,3,Secondary (Medical Sciences)|Secondary (Engineering Sciences)|Secondary (Economic Sciences),public,Libya,Al Jifarah,,,,,,32.6324,12.99784,official_emis,exact,open
LBY_002946,DA-055,LBY,LIBIA ALHORA,ليبيا الحره,1|2,Primary|Preparatory,public,Libya,Al Qubbah,,,,,,32.62001,22.72713,official_emis,exact,open
LBY_002947,BI-257,LBY,LIBYA,ليبيا,2,Preparatory,public,Libya,Benghazi,,,,,,32.11572,20.07174,official_emis,exact,open
LBY_002948,ZA-102,LBY,LIBYA AL AHRAR,ليبيا الأحرار - الإجلاء سابقاً,1|2,Primary|Preparatory,public,Libya,Az Zawiyah,,,,,,32.7703,12.58563,official_emis,exact,open
LBY_002949,MI-048,LBY,LIBYA ALAHRAR,ليبيا الاحرار,1|2,Primary|Preparatory,public,Libya,Al Marqab,,,,,,32.1784,13.41721,official_emis,exact,open
LBY_002950,MI-279,LBY,LIBYA ALGAD,ليبيا الغذ,1|2|3,Primary|Preparatory|Secondary (Medical Sciences),public,Libya,Tajura' wa an Nawahi al Arba,,,,,,32.72887,13.69964,official_emis,exact,open
LBY_002951,MI-111,LBY,LIBYA ALHARE,ليبيا الحره,1|2,Primary|Preparatory,public,Libya,Al Marqab,,,,,,32.68884,13.92286,official_emis,exact,open
LBY_002952,SI-091,LBY,LIBYA ALHORAA,ليبيا الحرة,1|2,Primary|Preparatory,public,Libya,Surt,,,,,,31.19923,16.5948,official_emis,exact,open
LBY_002953,WM-362,LBY,LIBYA ALHURRA,ليبيا الحره,1|2,Primary|Preparatory,public,Libya,Mizdah,,,,,,31.96376,12.0202,official_emis,exact,open
LBY_002954,MI-532,LBY,LOBDA,لبدة,3,Secondary (Engineering Sciences)|Secondary (Economic Sciences),public,Libya,Al Marqab,,,,,,32.63075,14.28369,official_emis,exact,open
LBY_002955,MI-136,LBY,LOWATA,لواته,1|2,Primary|Preparatory,public,Libya,Al Marqab,,,,,,32.55946,14.0128,official_emis,exact,closed_temporary
LBY_002956,WM-330,LBY,MA'RAKIT ALEMAYAN,معركة العميان,1|2,Primary|Preparatory,public,Libya,Mizdah,,,,,,31.91592,12.24159,official_emis,exact,open
LBY_002957,JA-247,LBY,MABROOK WANEES,مبروك ونيس,1|2,Primary|Preparatory,public,Libya,Tajura' wa an Nawahi al Arba,,,,,,32.60656,13.24051,official_emis,exact,closed_temporary
LBY_002958,MO-065,LBY,MAFEN,معفن,1|2,Primary|Preparatory,public,Libya,Murzuq,,,,,,25.85779,14.46727,official_emis,exact,open
LBY_002959,MO-110,LBY,MAFEN,معفن,1,Primary,public,Libya,Murzuq,,,,,,25.85779,14.46727,official_emis,exact,open
LBY_002960,MO-112,LBY,MAGOWA,مغوة,1,Primary,public,Libya,Murzuq,,,,,,25.94415,14.64617,official_emis,exact,open
LBY_002961,MO-069,LBY,MAGOWA,مغوة,1|2,Primary|Preparatory,public,Libya,Murzuq,,,,,,25.94415,14.64617,official_emis,exact,open
LBY_002962,TR-378,LBY,MAHAMAD ALHORA SCHOOL,محمد الحرية,1|2,Primary|Preparatory,public,Libya,Tajura' wa an Nawahi al Arba,,,,,,32.84456,13.17441,official_emis,exact,open
LBY_002963,TR-185,LBY,MAHAMAD ESAKANDA SCHOOL,محمد اسكندر,1|2,Primary|Preparatory,public,Libya,Tajura' wa an Nawahi al Arba,,,,,,32.88259,13.21253,official_emis,exact,open
LBY_002964,TR-154,LBY,MAHAMAD MAHAMAD ALKO,محمد محمد الكوت,3,Secondary (Engineering Sciences),public,Libya,Tajura' wa an Nawahi al Arba,,,,,,32.88786,13.19593,official_emis,exact,open
LBY_002965,SI-020,LBY,MAHMAD ALFATAH,محمد الفاتح,1|2,Primary|Preparatory,public,Libya,Surt,,,,,,31.2254,16.28629,official_emis,exact,open
LBY_002966,NA-098,LBY,MAHMAD BEN BAKAR ALFARSTANE,محمد بن بكر الفرسطاني,3,Secondary (Medical Sciences)|Secondary (Economic Sciences),public,Libya,Ghadamis,,,,,,31.86561,11.36975,official_emis,exact,open
LBY_002967,ZA-096,LBY,MAHMAD KAMAL,محمد كامل مصطفى,3,Secondary (Engineering Sciences)|Secondary (Economic Sciences),public,Libya,Az Zawiyah,,,,,,32.74214,12.71518,official_emis,exact,closed_temporary
LBY_002968,JU-016,LBY,MAHMAD KAMAL MOSTFA,محمد كاكل مصطفى,3,Secondary (Medical Sciences),public,Libya,Al Jufrah,,,,,,29.12116,15.9448,official_emis,exact,open
LBY_002969,TR-166,LBY,MAITIGA,معيتيقة,3,Secondary (Medical Sciences)|Secondary (Engineering Sciences),public,Libya,Tajura' wa an Nawahi al Arba,,,,,,32.88514,13.17,official_emis,exact,open
LBY_002970,MO-010,LBY,MAJDOL,مجدول الثانوية,3,Secondary (Medical Sciences),public,Libya,Murzuq,,,,,,25.83809,15.0064,official_emis,exact,open
LBY_002971,MU-217,LBY,MAJED AL OROBA,مجد العروبة,1|2,Primary|Preparatory,public,Libya,Al Marqab,,,,,,32.43043,14.56557,official_emis,exact,open
LBY_002972,WA-018,LBY,MALEK BEN ANAS,مالك بن انس,1|2,Primary|Preparatory,public,Libya,Ajdabiya,,,,,,29.157882,21.289974,official_emis,exact,open
LBY_002973,MU-397,LBY,MALEK BEN ANAS,مالك بن انس,1|2,Primary|Preparatory,public,Libya,Al Marqab,,,,,,32.48077,14.59336,official_emis,exact,open
LBY_002974,TR-144,LBY,MANAR ALTAHADE,منار التحدي,1|2,Primary|Preparatory,public,Libya,Tajura' wa an Nawahi al Arba,,,,,,32.87695,13.18169,official_emis,exact,open
LBY_002975,JA-151,LBY,MANSOOR ELGHAWI,منصور الغاوي,1|2,Primary|Preparatory,public,Libya,Al Jifarah,,,,,,32.58955,13.13841,official_emis,exact,open
LBY_002976,JA-250,LBY,MANSOR OOWAN,منصور عون,1|2,Primary|Preparatory,public,Libya,Tajura' wa an Nawahi al Arba,,,,,,32.61651,13.27743,official_emis,exact,closed_temporary
LBY_002977,MI-488,LBY,MAQEAAT ALNEGAZA,موقعة النقازه,1|2,Primary|Preparatory,public,Libya,Al Marqab,,,,,,32.67769,14.11151,official_emis,exact,open
LBY_002978,MI-125,LBY,MARADA,مرادة,3,Secondary (Medical Sciences),public,Libya,Al Marqab,,,,,,32.57671,13.85164,official_emis,exact,open
LBY_002979,MI-006,LBY,MARAKET WEIF,معركة ويف,1|2,Primary|Preparatory,public,Libya,Al Marqab,,,,,,32.24298,13.37231,official_emis,exact,open
LBY_002980,TU-114,LBY,MARAKT ANADUORA,معركة الناظورة,1,Primary,public,Libya,Al Kufrah,,,,,,25.67322,21.10304,official_emis,exact,open
LBY_002981,MO-037,LBY,MARHABA,مرحبا,1|2,Primary|Preparatory,public,Libya,Murzuq,,,,,,26.10555,13.66044,official_emis,exact,open
LBY_002982,MO-120,LBY,MARHABA,مرحبا,1,Primary,public,Libya,Murzuq,,,,,,26.10555,13.66044,official_emis,exact,open
LBY_002983,BI-451,LBY,MARKAZ AL MOTAFOOKEN,مركز المتفوقين,2|3,Preparatory|Secondary (Medical Sciences)|Secondary (Engineering Sciences),public,Libya,Benghazi,,,,,,32.115424,20.065736,official_emis,exact,open
LBY_002983,BI-451,LBY,MARKAZ AL MOTAFOOKEN,مركز المتفوقين,2|3,Preparatory|Secondary (Medical Sciences)|Secondary (Engineering Sciences),public,Libya,Benghazi,,,,,,32.115424,20.065736,official_emis,exact,open
LBY_002984,MU-190,LBY,MARKAZ ALMOSTAKBAL,مركز المستقبل لخدمات الحاسوب,1,Primary,public,Libya,Misratah,,,,,,32.38756,14.9787,official_emis,exact,open
LBY_002985,TR-241,LBY,MARKEZ TABLOS ATEBE,مركز طرابلس الطبي,1|2,Primary|Preparatory,public,Libya,Tajura' wa an Nawahi al Arba,,,,,,32.85276,13.22983,official_emis,exact,open
LBY_002986,TR-031,LBY,MARTYR KHALED AL MALUL,الشهيد خالد المعلول,1|2,Primary|Preparatory,public,Libya,Az Zawiyah,,,,,,32.84052,13.09811,official_emis,exact,open
LBY_002987,WM-080,LBY,MARWAN,مروان,1|2,Primary|Preparatory,public,Libya,Mizdah,,,,,,32.13896,13.07438,official_emis,exact,open
LBY_002988,GM-216,LBY,MASA AL MOCHTARKA,مسة المشتركة,1,Primary,public,Libya,Al Jabal al Akhdar,,,,,,32.74993,21.62729,official_emis,exact,open
LBY_002989,GM-050,LBY,MASA AL MOCHTARKA,مسة المشتركة,1|2,Primary|Preparatory,public,Libya,Al Jabal al Akhdar,,,,,,32.74993,21.62729,official_emis,exact,open
LBY_002990,MI-112,LBY,MASAAB BEN AMERA,مصعب بن عمير,1|2,Primary|Preparatory,public,Libya,Tajura' wa an Nawahi al Arba,,,,,,32.75605,13.80645,official_emis,exact,open
LBY_002991,KU-065,LBY,MASEB BEN OMAIER,مصعب بن عمير,2,Preparatory,public,Libya,An Nuqat al Khams,,,,,,32.77042,12.53366,official_emis,exact,closed_temporary
LBY_002992,SA-050,LBY,MASHROE SABHA,مشروع سبها للتعليم الاساسي,1|2,Primary|Preparatory,public,Libya,Sabha,,,,,,26.8838,14.40132,official_emis,exact,open
LBY_002993,MI-442,LBY,MASOD BEN NAGAH,مسعود بن نجاح,1|2,Primary|Preparatory,public,Libya,Al Marqab,,,,,,32.61643,14.26753,official_emis,exact,open
LBY_002994,JA-159,LBY,MASOOD AL SWESI,مسعود السويسي,1|2,Primary|Preparatory,public,Libya,Tajura' wa an Nawahi al Arba,,,,,,32.69121,13.15077,official_emis,exact,closed_temporary
LBY_002995,MI-369,LBY,MASOUD ALDARHOBEE,مسعود الدرهوبي,1|2,Primary|Preparatory,public,Libya,Al Marqab,,,,,,32.42249,13.44759,official_emis,exact,open
LBY_002996,MO-105,LBY,MASQWEEN,مسقوين,1,Primary,public,Libya,Murzuq,,,,,,26.16463,14.95415,official_emis,exact,open
LBY_002997,MO-054,LBY,MASQWEEN,مسقوين,1|2,Primary|Preparatory,public,Libya,Murzuq,,,,,,26.16463,14.95415,official_emis,exact,open
LBY_002998,TR-298,LBY,MASSOD ALOAMI,مسعود الامي,1|2,Primary|Preparatory,public,Libya,Tajura' wa an Nawahi al Arba,,,,,,32.87068,13.23773,official_emis,exact,open
LBY_002999,NA-046,LBY,MATRES,ماترس للتعليم الأساسي,1|2,Primary|Preparatory,public,Libya,Ghadamis,,,,,,30.1964,10.36725,official_emis,exact,open
LBY_003000,MU-370,LBY,MAUER ALTNWUT,ماجر الثانوية,2|3,Preparatory|Secondary (Engineering Sciences)|Secondary (Economic Sciences),public,Libya,Al Marqab,,,,,,32.35994,14.56294,official_emis,exact,open
LBY_003001,WM-219,LBY,MAZADH ALTKSASE,مزده التخصيصية,3,Secondary (Economic Sciences),public,Libya,Mizdah,,,,,,31.44201,12.98087,official_emis,exact,open
LBY_003002,SA-063,LBY,MCRO ALZRA,مشروع سمنو الزراعى,1,Primary,public,Libya,Sabha,,,,,,27.24297,14.89504,official_emis,exact,open
LBY_003003,MO-099,LBY,MDRWST,مدروسة,1|2,Primary|Preparatory,public,Libya,Murzuq,,,,,,24.74867,14.4926,official_emis,exact,open
LBY_003004,MO-042,LBY,MDRWST,مدروسة,1|2,Primary|Preparatory,public,Libya,Murzuq,,,,,,24.74867,14.4926,official_emis,exact,open
LBY_003005,WM-287,LBY,MEDAN ALAROBAA,ميدان العروبة,1|2,Primary|Preparatory,public,Libya,Mizdah,,,,,,32.00803,12.53131,official_emis,exact,open
LBY_003006,MI-174,LBY,MEGDAAL,مقدال,1,Primary,public,Libya,Al Marqab,,,,,,32.6253,13.8691,official_emis,exact,open
LBY_003007,TR-299,LBY,MELAD ABO ALI,ميلاد أبو علي,1|2,Primary|Preparatory,public,Libya,Tajura' wa an Nawahi al Arba,,,,,,32.87154,13.22719,official_emis,exact,open
LBY_003008,BI-181,LBY,MESHEEL ALWAHDA,مشعل الوحدة,1,Primary,public,Libya,Benghazi,,,,,,32.095214,20.087602,official_emis,exact,open
LBY_003009,MU-028,LBY,MESRATA ALTANAWEYA -BANAT,مصراتة التانوية-بنات,3,Secondary (Medical Sciences),public,Libya,Misratah,,,,,,32.37532,15.08837,official_emis,exact,open
LBY_003010,MU-229,LBY,MESRATA ALTANAWEYA BANEEN,مصراتة التانوية -بنين,3,Secondary (Medical Sciences)|Secondary (Engineering Sciences),public,Libya,Al Marqab,,,,,,32.37609,14.59128,official_emis,exact,open
LBY_003011,WM-216,LBY,MEZDA ALMARKAZEYA,مزدة المركزية,1|2,Primary|Preparatory,public,Libya,Mizdah,,,,,,31.44326,12.98072,official_emis,exact,open
LBY_003012,DA-040,LBY,MFTAH ALMAGRE,مفتاح الماجرى,3,Secondary (Engineering Sciences)|Secondary (Economic Sciences),public,Libya,Al Qubbah,,,,,,32.74801,22.65656,official_emis,exact,open
LBY_003013,MA-001,LBY,MGUWNS,مقيونس,1|2,Primary|Preparatory,public,Libya,Al Marj,,,,,,32.74638,21.2585,official_emis,exact,closed_temporary
LBY_003014,WA-008,LBY,MHAED GMEL,محمد جمال الدرة,1|2,Primary|Preparatory,public,Libya,Ajdabiya,,,,,,29.016131,21.523472,official_emis,exact,open
LBY_003015,KO-025,LBY,MHO ALAMIT LTALIM ALKPAR,محوالامية لتعليم الكبار,1,Primary,public,Libya,Al Kufrah,,,,,,24.20532,23.28749,official_emis,exact,open
LBY_003016,MI-124,LBY,MHOEED AHMUD,محمد احمميد,3,Secondary (Medical Sciences)|Secondary (Engineering Sciences),public,Libya,Tajura' wa an Nawahi al Arba,,,,,,32.75712,13.90515,official_emis,exact,open
LBY_003017,JA-068,LBY,MILLION SHAEED,المليون شهيد,1|2,Primary|Preparatory,public,Libya,Az Zawiyah,,,,,,32.77009,13.0093,official_emis,exact,open
LBY_003018,MU-427,LBY,MISRATA,مصراته,1|2,Primary|Preparatory,public,Libya,Misratah,,,,,,32.3792,15.08606,official_emis,exact,open
LBY_003019,MU-061,LBY,MISRATA ASUMOD,مصراته الصمود,1|2,Primary|Preparatory,public,Libya,Misratah,,,,,,32.36836,15.09293,official_emis,exact,open
LBY_003020,MU-029,LBY,MISURATA ALTANAWEYA BANEEN,مصراته الثانوية بنين,3,Secondary (Medical Sciences)|Secondary (Engineering Sciences),public,Libya,Misratah,,,,,,32.37126,15.07814,official_emis,exact,open
LBY_003021,TR-116,LBY,MITIGA,معيتيقة,3,Secondary (Medical Sciences)|Secondary (Engineering Sciences),public,Libya,Tajura' wa an Nawahi al Arba,,,,,,32.86519,13.12546,official_emis,exact,closed_temporary
LBY_003022,MO-046,LBY,MJDWL ALACACIT,مجدول الاساسية,1|2,Primary|Preparatory,public,Libya,Murzuq,,,,,,25.83741,15.00612,official_emis,exact,open
LBY_003023,MO-100,LBY,MJDWL ALACACIT,مجدول الاساسية,1,Primary,public,Libya,Murzuq,,,,,,25.83741,15.00612,official_emis,exact,open
LBY_003024,KU-152,LBY,MLUTH,مليته,1,Primary,public,Libya,An Nuqat al Khams,,,,,,32.83714,12.23988,official_emis,exact,open
LBY_003025,BI-123,LBY,MNAHEL ALELM,مناهل العلم,1|2,Primary|Preparatory,public,Libya,Benghazi,,,,,,32.078636,20.077256,official_emis,exact,open
LBY_003026,SI-014,LBY,MOAAD BEN GABAL,معاد بن جبل,1|2,Primary|Preparatory,public,Libya,Surt,,,,,,30.99328,16.66666,official_emis,exact,open
LBY_003027,ZA-078,LBY,MOAD ALTAIP,معاد التائب,1|2,Primary|Preparatory,public,Libya,Az Zawiyah,,,,,,32.71614,12.70751,official_emis,exact,open
LBY_003028,WM-366,LBY,MOAD BEN JABEL,معاذ بن جبل,1|2,Primary|Preparatory,public,Libya,Mizdah,,,,,,31.94927,11.98813,official_emis,exact,open
LBY_003029,MU-115,LBY,MOAD EBN JABAL,معاد بن جبل,1|2,Primary|Preparatory,public,Libya,Misratah,,,,,,32.35406,14.9973,official_emis,exact,open
LBY_003030,MI-496,LBY,MOFTAH AL THMONE,مفتاح الثمونى,1|2,Primary|Preparatory,public,Libya,Al Marqab,,,,,,32.69827,14.04271,official_emis,exact,open
LBY_003031,TR-288,LBY,MOHAMED AB,محمد عبد الله البوق,1|2,Primary|Preparatory,public,Libya,Tajura' wa an Nawahi al Arba,,,,,,32.86575,13.27187,official_emis,exact,open
LBY_003032,DA-093,LBY,MOHAMED ABD ALAZEZ,محمد عبدالعزيز,1|2,Primary|Preparatory,public,Libya,Al Qubbah,,,,,,32.72458,22.02414,official_emis,exact,open
LBY_003033,DA-165,LBY,MOHAMED ABD ALAZEZ,محمد عبدالعزيز,1,Primary,public,Libya,Al Qubbah,,,,,,32.72458,22.02414,official_emis,exact,open
LBY_003034,WM-396,LBY,MOHAMED ABDU ALLAH ALBOSEFE,محمد عبد الله البوسيفى,1|2,Primary|Preparatory,public,Libya,Mizdah,,,,,,31.96197,12.09638,official_emis,exact,open
LBY_003035,MI-283,LBY,MOHAMED ABDULKAREEM,محمد عبدالكريم,3,Secondary (Economic Sciences),public,Libya,Tajura' wa an Nawahi al Arba,,,,,,32.74421,13.71142,official_emis,exact,closed_temporary
LBY_003036,TR-027,LBY,MOHAMED AL EMAM,محمد الإمام,1,Primary,public,Libya,Tajura' wa an Nawahi al Arba,,,,,,32.84675,13.13213,official_emis,exact,open
LBY_003037,MI-065,LBY,MOHAMED ALFQEE,محمد الفقيه,1|2,Primary|Preparatory,public,Libya,Al Marqab,,,,,,32.5161,14.16164,official_emis,exact,open
LBY_003038,ZA-077,LBY,MOHAMED ALZHEWEE,محمد الزهيوي,1|2,Primary|Preparatory,public,Libya,Az Zawiyah,,,,,,32.75337,12.72302,official_emis,exact,open
LBY_003039,DA-163,LBY,MOHAMED ANAFERA,محمد النافره,1,Primary,public,Libya,Al Qubbah,,,,,,32.72507,22.02121,official_emis,exact,open
LBY_003040,DA-087,LBY,MOHAMED ANAFERA,محمد النافره,1|2,Primary|Preparatory,public,Libya,Al Qubbah,,,,,,32.72507,22.02121,official_emis,exact,open
LBY_003041,GM-093,LBY,MOHAMED BEN MOASA,محمد بن موسي,1|2,Primary|Preparatory,public,Libya,Al Jabal al Akhdar,,,,,,32.59264,21.82341,official_emis,exact,closed_temporary
LBY_003042,MI-468,LBY,MOHAMED BEN TALEB,محمد بن طالب,1|2,Primary|Preparatory,public,Libya,Al Marqab,,,,,,32.65022,14.2507,official_emis,exact,open
LBY_003043,WM-395,LBY,MOHAMED FKENE,محمد فكينى,1|2,Primary|Preparatory,public,Libya,Mizdah,,,,,,31.98017,12.10478,official_emis,exact,open
LBY_003044,MI-506,LBY,MOHAMED OMAR ASHREF,محمد عمر الشريف,1|2,Primary|Preparatory,public,Libya,Al Marqab,,,,,,32.49887,14.4137,official_emis,exact,open
LBY_003045,TR-197,LBY,MOHAMED TAWFEK ALGNEMI,محمد توفيق الغنيمي,2,Preparatory,public,Libya,Tajura' wa an Nawahi al Arba,,,,,,32.88282,13.20493,official_emis,exact,open
LBY_003046,GM-151,LBY,MOHAMMD ASEL,محمد عسل,3,Secondary (Medical Sciences)|Secondary (Economic Sciences),public,Libya,Al Marj,,,,,,32.61402,21.40118,official_emis,exact,closed_temporary
LBY_003047,MI-067,LBY,MOHAMMED ABO SAYDA,امحمد ابو صيدة,1|2,Primary|Preparatory,public,Libya,Al Marqab,,,,,,32.50645,14.15065,official_emis,exact,open
LBY_003048,WM-338,LBY,MOHAMMED ALEMAM,محمد الامام,3,Secondary (Medical Sciences),public,Libya,Mizdah,,,,,,31.9318,12.24498,official_emis,exact,open
LBY_003049,WM-213,LBY,MOHAMMED BEN HASAN,محمد بن حسين,1|2,Primary|Preparatory,public,Libya,Mizdah,,,,,,31.31044,12.79395,official_emis,exact,open
LBY_003050,TR-180,LBY,MOHAMMED MOHAMMED BEN ETMAN,محمد محمد بن عتمان,1|2,Primary|Preparatory,public,Libya,Tajura' wa an Nawahi al Arba,,,,,,32.89098,13.21137,official_emis,exact,open
LBY_003051,WA-015,LBY,MOHAMMED YOSEF BOO OWENA,محمد يوسف بو عوينة,2,Preparatory,public,Libya,Ajdabiya,,,,,,29.005198,21.50992,official_emis,exact,open
LBY_003052,TR-528,LBY,MONDYAL SCHOOL,مانديلا,1|2,Primary|Preparatory,public,Libya,Tajura' wa an Nawahi al Arba,,,,,,32.82944,13.36377,official_emis,exact,open
LBY_003053,MI-328,LBY,MOQAET ELBWERAT,موقعة البويرات,1|2,Primary|Preparatory,public,Libya,Al Marqab,,,,,,32.34342,13.36729,official_emis,exact,open
LBY_003054,MI-143,LBY,MORAD,مراد,1|2,Primary|Preparatory,public,Libya,Al Marqab,,,,,,32.46339,14.57191,official_emis,exact,closed_temporary
LBY_003055,MO-113,LBY,MORZOQ,مرزق بنين,1,Primary,public,Libya,Murzuq,,,,,,25.91678,13.91512,official_emis,exact,open
LBY_003056,MO-071,LBY,MORZOQ,مرزق بنين,2,Preparatory,public,Libya,Murzuq,,,,,,25.91678,13.91512,official_emis,exact,open
LBY_003057,ZA-136,LBY,MOSA BEN NASER,موسى بن نصر,1|2,Primary|Preparatory,public,Libya,Az Zawiyah,,,,,,32.76178,12.56331,official_emis,exact,open
LBY_003058,WM-153,LBY,MOSA BEN NOSER,موسي بن نصير,1|2,Primary|Preparatory,public,Libya,Mizdah,,,,,,32.05255,12.88047,official_emis,exact,open
LBY_003059,KU-210,LBY,MOSA BEN NOSER,موسي بن نصير,1|2,Primary|Preparatory,public,Libya,An Nuqat al Khams,,,,,,32.80803,12.00763,official_emis,exact,closed_temporary
LBY_003060,SA-006,LBY,MOSA BEN NOSER,موسي بن نصير,1|2,Primary|Preparatory,public,Libya,Sabha,,,,,,27.02912,14.42167,official_emis,exact,open
LBY_003061,SA-079,LBY,MOSA BEN NOSER,موسي بن نصير,1|2,Primary|Preparatory,public,Libya,Sabha,,,,,,27.02912,14.42167,official_emis,exact,open
LBY_003062,TU-134,LBY,MOSA BEN NOSER,موسي بن نصير,1,Primary,public,Libya,Al Butnan,,,,,,31.60612,25.0485,official_emis,exact,open
LBY_003063,WM-234,LBY,MOSA BEN NOSER,موسي بن نصير,1|2,Primary|Preparatory,public,Libya,Mizdah,,,,,,30.38851,13.57767,official_emis,exact,open
LBY_003064,MU-150,LBY,MOSA BEN NOSIER,موسي بن نصير,1|2,Primary|Preparatory,public,Libya,Misratah,,,,,,32.38261,15.1538,official_emis,exact,open
LBY_003065,DA-114,LBY,MOSA BEN NOSIR,موسى بن نصير,1,Primary,public,Libya,Al Qubbah,,,,,,32.2536,22.66564,official_emis,exact,open
LBY_003066,BI-453,LBY,MOSA BNE NOSER,موسى بن نصير,1,Primary,public,Libya,Benghazi,,,,,,32.125283,20.104341,official_emis,exact,open
LBY_003067,KU-006,LBY,MOSA BNE NOSER,موسى بن نصير,1|2,Primary|Preparatory,public,Libya,An Nuqat al Khams,,,,,,32.76113,12.18885,official_emis,exact,open
LBY_003068,SI-022,LBY,MOSA BNE NOSER,موسى بن نصير,1|2,Primary|Preparatory,public,Libya,Surt,,,,,,31.10369,16.28464,official_emis,exact,open
LBY_003069,BI-026,LBY,MOSA BNE NOSER,موسى بن نصير,1|2,Primary|Preparatory,public,Libya,Benghazi,,,,,,32.1239,20.10397,official_emis,exact,open
LBY_003070,MA-160,LBY,MOSA MOHAMED EBRAHIM,موسى محمد إبراهيم,3,Secondary (Economic Sciences),public,Libya,Benghazi,,,,,,32.4271,20.44625,official_emis,exact,open
LBY_003071,GM-133,LBY,MOSA SHAEEB,موسى شعيب,1|2,Primary|Preparatory,public,Libya,Al Jabal al Akhdar,,,,,,32.73517,21.90445,official_emis,exact,closed_temporary
LBY_003072,WA-017,LBY,MOSA SHAHAT,موسى شحات,3,Secondary (Engineering Sciences),public,Libya,Ajdabiya,,,,,,29.023774,21.54482,official_emis,exact,open
LBY_003073,MI-505,LBY,MOSAB BEN OMAEER,مصعب بن عمير,1|2,Primary|Preparatory,public,Libya,Al Marqab,,,,,,32.49612,14.38516,official_emis,exact,open
LBY_003074,MI-215,LBY,MOSAB BEN OMEER,مصعب بن عمير,1|2,Primary|Preparatory,public,Libya,Al Marqab,,,,,,32.36123,13.92086,official_emis,exact,open
LBY_003075,KU-209,LBY,MOSAB BEN OMER,مصعب بن عمير,1|2,Primary|Preparatory,public,Libya,An Nuqat al Khams,,,,,,32.79675,12.04465,official_emis,exact,closed_temporary
LBY_003076,ZA-193,LBY,MOSAB BEN OMER,مصعب بن عمير,1|2,Primary|Preparatory,public,Libya,Az Zawiyah,,,,,,32.63993,12.54626,official_emis,exact,open
LBY_003077,WS-072,LBY,MOSAB BEN OMER,مصعب بن عمير,3,Secondary (Medical Sciences)|Secondary (Economic Sciences),public,Libya,Ash Shati',,,,,,27.48624,13.79178,official_emis,exact,open
LBY_003078,MO-086,LBY,MOSAB BEN OMIR,مصعب بن عمير,1,Primary,public,Libya,Murzuq,,,,,,25.91935,13.91854,official_emis,exact,open
LBY_003079,MO-021,LBY,MOSAB BEN OMIR,مصعب بن عمير,1|2,Primary|Preparatory,public,Libya,Murzuq,,,,,,25.91935,13.91854,official_emis,exact,open
LBY_003080,MU-057,LBY,MOSAEB BEN OMAYR,مصعب بن عمير,1|2,Primary|Preparatory,public,Libya,Misratah,,,,,,32.35062,15.0763,official_emis,exact,open
LBY_003081,NA-037,LBY,MOSFI ABI ESSA,مصطفى ابى عيسى,1|2,Primary|Preparatory,public,Libya,Ghadamis,,,,,,30.1236,9.49401,official_emis,exact,open
LBY_003082,KU-097,LBY,MOTALAT ALABTAL,مثلث الابطال,1|2,Primary|Preparatory,public,Libya,An Nuqat al Khams,,,,,,32.76651,12.38252,official_emis,exact,open
LBY_003083,ZA-232,LBY,MOTRAD LELOLOUM ALHANDASYA,مطرد للعلوم الهندسية,3,Secondary (Engineering Sciences)|Secondary (Economic Sciences),public,Libya,Az Zawiyah,,,,,,32.78874,12.61624,official_emis,exact,closed_temporary
LBY_003084,KU-098,LBY,MOUSA BEN NASER,موسى بن نصر,1|2,Primary|Preparatory,public,Libya,An Nuqat al Khams,,,,,,32.76083,12.34316,official_emis,exact,closed_temporary
LBY_003085,TU-046,LBY,MOUSA HWEDEE,موسي هويدي,1|2,Primary|Preparatory,public,Libya,Al Butnan,,,,,,32.08104,23.82782,official_emis,exact,open
LBY_003086,GM-082,LBY,MRAWA ALJADEDA,مراوة الجديدة,1|2,Primary|Preparatory,public,Libya,Al Jabal al Akhdar,,,,,,32.48639,21.40402,official_emis,exact,closed_temporary
LBY_003087,GM-084,LBY,MRAWT ALASLSIT,مراوة الاساسية,1,Primary,public,Libya,Al Jabal al Akhdar,,,,,,32.48452,21.41003,official_emis,exact,closed_temporary
LBY_003088,MI-003,LBY,MSAB BEN OMAER,مصعب بن عمير,1|2,Primary|Preparatory,public,Libya,Al Marqab,,,,,,32.4891,13.50802,official_emis,exact,open
LBY_003089,KU-151,LBY,MSOB BEN OMAER,مصعب بن عمير,1|2,Primary|Preparatory,public,Libya,An Nuqat al Khams,,,,,,32.73768,12.28596,official_emis,exact,open
LBY_003090,GM-078,LBY,MUHAMMED BELGASEM,محمد بلقاسم,1,Primary,public,Libya,Al Jabal al Akhdar,,,,,,32.56919,21.48421,official_emis,exact,open
LBY_003091,MI-467,LBY,MUOQA'T ALMRGEB,موقعة المرقب,1|2,Primary|Preparatory,public,Libya,Al Marqab,,,,,,32.63567,14.21143,official_emis,exact,open
LBY_003092,GM-074,LBY,MURD RUUH,ميراد رضية,1|2,Primary|Preparatory,public,Libya,Al Marj,,,,,,32.6947,21.33574,official_emis,exact,closed_temporary
LBY_003093,TU-084,LBY,MURSI LAK,مرسي لك,1|2,Primary|Preparatory,public,Libya,Al Butnan,,,,,,31.98344,24.74986,official_emis,exact,closed_temporary
LBY_003094,TU-133,LBY,MURSI LAK,مرسي لك,1,Primary,public,Libya,Al Butnan,,,,,,31.98344,24.74986,official_emis,exact,open
LBY_003095,AJ-034,LBY,MUSA AREESH,موسى عريش,1|2,Primary|Preparatory,public,Libya,Ajdabiya,,,,,,30.29783,19.43957,official_emis,exact,open
LBY_003096,TR-019,LBY,MUSA BEN NUSAER,موسي بن نصير,1|2,Primary|Preparatory,public,Libya,Tajura' wa an Nawahi al Arba,,,,,,32.87553,13.14955,official_emis,exact,open
LBY_003097,MU-273,LBY,MUSA BEN NUSAIR,موسي بن نصير,1,Primary,public,Libya,Al Marqab,,,,,,32.45694,14.50411,official_emis,exact,open
LBY_003098,WM-233,LBY,MUSA'AB BEN OMAIR,مصعب بن عمير,1|2,Primary|Preparatory,public,Libya,Mizdah,,,,,,30.67117,13.59174,official_emis,exact,open
LBY_003099,WA-004,LBY,MUSAAB BEN UMAIR,مصعب بن عمير,1,Primary,public,Libya,Ajdabiya,,,,,,29.029077,21.561978,official_emis,exact,open
LBY_003100,BI-212,LBY,MUSAB BINAUMIR,مصعب بن عمير,1|2,Primary|Preparatory,public,Libya,Benghazi,,,,,,32.073656,20.123398,official_emis,exact,open
LBY_003101,MU-078,LBY,MYSARA,ميسرة,1,Primary,public,Libya,Misratah,,,,,,32.36066,15.10204,official_emis,exact,open
LBY_003102,MI-445,LBY,NAFEE BEN ROYEM,نافع بن رويم,1|2,Primary|Preparatory,public,Libya,Al Marqab,,,,,,32.59144,14.33857,official_emis,exact,open
LBY_003103,JA-062,LBY,NAGEELA,النجيلة الثانوية,3,Secondary (Medical Sciences)|Secondary (Engineering Sciences)|Secondary (Economic Sciences),public,Libya,Az Zawiyah,,,,,,32.77531,13.00387,official_emis,exact,open
LBY_003104,BI-519,LBY,NAHAR ALHYA,نهر الحياة,1,Primary,public,Libya,Benghazi,,,,,,32.12937,20.11209,official_emis,exact,open
LBY_003105,BI-012,LBY,NAHAR ALHYA,نهر الحياه,1|2,Primary|Preparatory,public,Libya,Benghazi,,,,,,32.12937,20.11209,official_emis,exact,open
LBY_003106,NA-096,LBY,NAHAWAND,نهاوند الثانوية,3,Secondary (Engineering Sciences),public,Libya,Ghadamis,,,,,,31.86223,11.49415,official_emis,exact,open
LBY_003107,NA-023,LBY,NAIOT ALMRKZT,نالوت المركزية,1,Primary,public,Libya,Ghadamis,,,,,,31.86354,10.98229,official_emis,exact,open
LBY_003108,TR-190,LBY,NAJEYA ALTWEER,ناجية الطوير,1|2,Primary|Preparatory,public,Libya,Tajura' wa an Nawahi al Arba,,,,,,32.87856,13.21163,official_emis,exact,open
LBY_003109,JA-106,LBY,NAJLA ELKHALDEY,نجلاء الخالدية,1|2,Primary|Preparatory,public,Libya,Al Marqab,,,,,,32.30588,13.4086,official_emis,exact,closed_temporary
LBY_003110,NA-016,LBY,NALOT,نالوت الاعدادية,1|2,Primary|Preparatory,public,Libya,Ghadamis,,,,,,31.86187,10.98768,official_emis,exact,open
LBY_003111,BI-060,LBY,NASAEM ALHUORYA,نسائم الحرية,3,Secondary (Medical Sciences),public,Libya,Benghazi,,,,,,32.1191,20.11469,official_emis,exact,open
LBY_003112,ZA-221,LBY,NASAR ALTKASASE,ناصر التخصصية,3,Secondary (Engineering Sciences)|Secondary (Economic Sciences),public,Libya,Az Zawiyah,,,,,,32.42489,12.64922,official_emis,exact,closed_temporary
LBY_003113,JA-145,LBY,NASAR CHANAB,نصر شنب,1|2,Primary|Preparatory,public,Libya,Tajura' wa an Nawahi al Arba,,,,,,32.61821,13.22506,official_emis,exact,open
LBY_003114,SA-033,LBY,NASAYBAH BENT KABA,نسيبة بنت كعب,2,Preparatory,public,Libya,Sabha,,,,,,27.02561,14.43288,official_emis,exact,open
LBY_003115,SA-091,LBY,NASAYBAH BENT KABA,نسيبة بنت كعب,1,Primary,public,Libya,Sabha,,,,,,27.02561,14.43288,official_emis,exact,open
LBY_003116,MI-144,LBY,NASEEM ALHORIA,نسيم الحرية,1|2,Primary|Preparatory,public,Libya,Al Marqab,,,,,,32.60806,14.02688,official_emis,exact,closed_temporary
LBY_003117,MI-513,LBY,NASER,ناصر,1|2,Primary|Preparatory,public,Libya,Al Marqab,,,,,,32.63867,14.23864,official_emis,exact,open
LBY_003118,WH-046,LBY,NASER,ناصر,1|2,Primary|Preparatory,public,Libya,Wadi al Hayaa,,,,,,26.54669,13.40499,official_emis,exact,open
LBY_003119,ZA-218,LBY,NASER,ناصر للتعليم االاساسي,1|2,Primary|Preparatory,public,Libya,Az Zawiyah,,,,,,32.42943,12.6539,official_emis,exact,closed_temporary
LBY_003120,TR-276,LBY,NASER ALO'ROBA,ناصر العروبة,1|2,Primary|Preparatory,public,Libya,Tajura' wa an Nawahi al Arba,,,,,,32.89409,13.24027,official_emis,exact,open
LBY_003121,GM-146,LBY,NASER ALTAKASOSEA,ناصر التخصصية,3,Secondary (Medical Sciences),public,Libya,Al Jabal al Akhdar,,,,,,32.76441,21.77181,official_emis,exact,open
LBY_003122,WM-217,LBY,NASM LATALEM ALASASE,نسمه للتعليم الاساسى,1|2,Primary|Preparatory,public,Libya,Mizdah,,,,,,31.39708,13.32386,official_emis,exact,open
LBY_003123,WS-030,LBY,NASUER,ناصر,1|2,Primary|Preparatory,public,Libya,Ash Shati',,,,,,27.57044,14.19606,official_emis,exact,open
LBY_003124,BI-473,LBY,NEDHAL ALAHRAR,نضال الاحرار,1,Primary,public,Libya,Benghazi,,,,,,31.92883,20.1696,official_emis,exact,open
LBY_003125,ZA-088,LBY,NEW DAWN HIGH SCHOOL,الفجر الجديد الثانوية,3,Secondary (Medical Sciences)|Secondary (Engineering Sciences),public,Libya,Az Zawiyah,,,,,,32.74653,12.74531,official_emis,exact,open
LBY_003126,NA-061,LBY,NFAT,نفات,1|2,Primary|Preparatory,public,Libya,Ghadamis,,,,,,31.92278,11.65278,official_emis,exact,open
LBY_003127,MO-041,LBY,NGR KNMT,نقركنمة,2,Preparatory,public,Libya,Murzuq,,,,,,24.78698,14.53166,official_emis,exact,open
LBY_003128,TR-050,LBY,NHAWND,نهاوند,1|2,Primary|Preparatory,public,Libya,Az Zawiyah,,,,,,32.84627,13.08638,official_emis,exact,open
LBY_003129,JA-251,LBY,NHER ALHUH,نهر الحياه,1|2,Primary|Preparatory,public,Libya,Tajura' wa an Nawahi al Arba,,,,,,32.57471,13.30062,official_emis,exact,open
LBY_003130,BI-095,LBY,NIDDAL ALAHRAR,نضال الاحرار,1,Primary,public,Libya,Benghazi,,,,,,31.92883,20.1696,official_emis,exact,open
LBY_003131,JA-255,LBY,NOGOM ALWAHDA,نجوم الوحدة,1|2,Primary|Preparatory,public,Libya,Tajura' wa an Nawahi al Arba,,,,,,32.72303,13.28609,official_emis,exact,closed_temporary
LBY_003132,TR-303,LBY,NOOR ALEELEM,نور العلم,3,Secondary (Economic Sciences),public,Libya,Tajura' wa an Nawahi al Arba,,,,,,32.85896,13.20639,official_emis,exact,open
LBY_003133,BI-457,LBY,NOOR ALMAREFA,نور المعرفه,1|2,Primary|Preparatory,public,Libya,Benghazi,,,,,,32.073517,20.060553,official_emis,exact,open
LBY_003134,BI-034,LBY,NOOR ALMAREFA,نور المعرفه,1|2,Primary|Preparatory,public,Libya,Benghazi,,,,,,32.073517,20.060553,official_emis,exact,open
LBY_003135,BI-111,LBY,NOOR ALRAHMAN,نور الرحمن,1|2|3,Primary|Preparatory|Secondary (Economic Sciences),public,Libya,Benghazi,,,,,,31.563881,20.534407,official_emis,exact,open
LBY_003136,GM-227,LBY,NORE ESIQ,نورى اسياق,1,Primary,public,Libya,Al Jabal al Akhdar,,,,,,32.79626,21.87303,official_emis,exact,closed_temporary
LBY_003137,GM-121,LBY,NORE ESIQ,نورى اسياق,1|2,Primary|Preparatory,public,Libya,Al Jabal al Akhdar,,,,,,32.79626,21.87303,official_emis,exact,closed_temporary
LBY_003138,ZA-207,LBY,NORTHERN EMDAKEM,امداكم الشمالية,1|2,Primary|Preparatory,public,Libya,Az Zawiyah,,,,,,32.44939,12.73667,official_emis,exact,open
LBY_003139,KU-066,LBY,NOSAYBA BENT KAAB,نسيبة بنت كعب,1|2,Primary|Preparatory,public,Libya,An Nuqat al Khams,,,,,,32.78716,12.44938,official_emis,exact,closed_temporary
LBY_003140,MU-163,LBY,NOSIBA BENT KAAB,نسيبة بنت كعب,1|2,Primary|Preparatory,public,Libya,Misratah,,,,,,32.38916,14.97871,official_emis,exact,open
LBY_003141,GM-147,LBY,NOSIBA BINT KAEB,نسيبة بنت كعب,3,Secondary (Medical Sciences)|Secondary (Economic Sciences),public,Libya,Al Jabal al Akhdar,,,,,,32.75817,21.786,official_emis,exact,closed_temporary
LBY_003142,MU-109,LBY,NOUR ALGAW,نور الجو,1|2,Primary|Preparatory,public,Libya,Misratah,,,,,,32.31684,15.03078,official_emis,exact,open
LBY_003143,AJ-022,LBY,NOUR ALMAREFA,نور المعرفة,1|2,Primary|Preparatory,public,Libya,Ajdabiya,,,,,,30.7591,20.21978,official_emis,exact,open
LBY_003144,BI-067,LBY,NSIBA BINT KHAB,نسيبة بنت كعب,1,Primary,public,Libya,Benghazi,,,,,,31.65923,20.01049,official_emis,exact,open
LBY_003145,BI-467,LBY,NSIBA BINT KHAB,نسيبة بنت كعب,1,Primary,public,Libya,Benghazi,,,,,,31.65923,20.01049,official_emis,exact,open
LBY_003146,WA-031,LBY,NSIPTO PNTO KAB,نسيبة بنت كعب,1|2,Primary|Preparatory,public,Libya,Ajdabiya,,,,,,29.307005,21.658715,official_emis,exact,open
LBY_003147,TR-309,LBY,OAM ALMOMNEEN,أم المؤمنين,3,Secondary (Medical Sciences)|Secondary (Economic Sciences),public,Libya,Mizdah,,,,,,31.65614,13.23968,official_emis,exact,open
LBY_003148,WH-010,LBY,OBAREY ALMARKAZEYA,اوباري المركزية,1|2,Primary|Preparatory,public,Libya,Wadi al Hayaa,,,,,,26.58957,12.77147,official_emis,exact,open
LBY_003149,WH-057,LBY,OBARI,أوباري,1,Primary,public,Libya,Wadi al Hayaa,,,,,,26.5923,12.7798,official_emis,exact,open
LBY_003150,WH-008,LBY,OBARY ALTANAWEYA,اوباري الثانوية,3,Secondary (Medical Sciences)|Secondary (Engineering Sciences),public,Libya,Wadi al Hayaa,,,,,,26.58977,12.76916,official_emis,exact,open
LBY_003151,BI-187,LBY,OBEE BEN KAAB,ابي بن كعب,1|2,Primary|Preparatory,public,Libya,Benghazi,,,,,,32.087244,20.110548,official_emis,exact,open
LBY_003152,TR-385,LBY,OCTOBER26,26 اكتوبر,1|2,Primary|Preparatory,public,Libya,Tajura' wa an Nawahi al Arba,,,,,,32.80461,13.22185,official_emis,exact,closed_temporary
LBY_003153,JA-147,LBY,OHAD,احد,1|2,Primary|Preparatory,public,Libya,Tajura' wa an Nawahi al Arba,,,,,,32.64295,13.2222,official_emis,exact,closed_temporary
LBY_003154,MO-084,LBY,OKBA BEN NAFA,عقبة بن نافع,1,Primary,public,Libya,Murzuq,,,,,,26.16121,15.1299,official_emis,exact,open
LBY_003155,MU-391,LBY,OKBA BEN NAFA,عقبة بن نافع,1|2,Primary|Preparatory,public,Libya,Al Marqab,,,,,,32.48458,14.59509,official_emis,exact,open
LBY_003156,WS-016,LBY,OKBA BEN NAFA,عقبة بن نافع,1|2,Primary|Preparatory,public,Libya,Ash Shati',,,,,,27.56486,14.25816,official_emis,exact,open
LBY_003157,KU-111,LBY,OKBA BEN NAFE,عقبه بن نافع,1|2,Primary|Preparatory,public,Libya,An Nuqat al Khams,,,,,,32.77198,12.30448,official_emis,exact,open
LBY_003158,TU-066,LBY,OKBA BEN NAFE,عقبه بن نافع,1|2,Primary|Preparatory,public,Libya,Al Butnan,,,,,,31.710969,25.056355,official_emis,exact,open
LBY_003159,GM-035,LBY,OKBA BEN NAFE,عقبه بن نافع,1|2,Primary|Preparatory,public,Libya,Al Jabal al Akhdar,,,,,,32.75594,21.76654,official_emis,exact,closed_temporary
LBY_003160,MU-322,LBY,OKBA BEN NAFEA,عقبة بن نافع,1|2,Primary|Preparatory,public,Libya,Misratah,,,,,,31.745673,14.009644,official_emis,exact,closed_temporary
LBY_003161,MA-226,LBY,OKBA BEN NAFEE,عقبه بن نافع,1|2,Primary|Preparatory,public,Libya,Al Marj,,,,,,32.50115,20.89122,official_emis,exact,open
LBY_003162,MU-139,LBY,OKBA BEN NAFEE,عقبه بن نافع,1|2,Primary|Preparatory,public,Libya,Misratah,,,,,,32.3823,15.13727,official_emis,exact,open
LBY_003163,MA-057,LBY,OKBA BEN NAFEE,عقبه بن نافع,1,Primary,public,Libya,Al Marj,,,,,,32.50115,20.89122,official_emis,exact,open
LBY_003164,GM-229,LBY,OKBA BEN NAFEE,عقبه بن نافع,1,Primary,public,Libya,Al Jabal al Akhdar,,,,,,32.75594,21.76654,official_emis,exact,open
LBY_003165,DA-010,LBY,OM AL MOMANEN,ام المؤمنين,1|2,Primary|Preparatory,public,Libya,Al Qubbah,,,,,,32.76629,22.61491,official_emis,exact,open
LBY_003166,JA-276,LBY,OM ALADEM,ام العدم,1|2,Primary|Preparatory,public,Libya,Al Jifarah,,,,,,32.59058,13.02536,official_emis,exact,open
LBY_003167,MO-007,LBY,OM ALARANEB,ام الارانب,3,Secondary (Medical Sciences)|Secondary (Engineering Sciences)|Secondary (Economic Sciences),public,Libya,Murzuq,,,,,,26.13482,14.7366,official_emis,exact,open
LBY_003168,TR-541,LBY,OM ALBANEEN,أم البنيين,1|2,Primary|Preparatory,public,Libya,Tajura' wa an Nawahi al Arba,,,,,,32.88271,13.37652,official_emis,exact,closed_temporary
LBY_003169,SI-038,LBY,OM ALHASHIM,ام الهشيم,1,Primary,public,Libya,Misratah,,,,,,30.88355,15.32837,official_emis,exact,unknown
LBY_003170,BI-064,LBY,OM ALHERAN,ام الحيران,1|2,Primary|Preparatory,public,Libya,Benghazi,,,,,,31.73981,20.01225,official_emis,exact,open
LBY_003171,WM-294,LBY,OM ALJERSAN ATANWY,ام الجرسان الثانوي,1|3,Primary|Secondary (Medical Sciences)|Secondary (Engineering Sciences)|Secondary (Economic Sciences),public,Libya,Mizdah,,,,,,32.0294,12.55943,official_emis,exact,open
LBY_003172,MU-067,LBY,OM ALKORA ALTALEM ALASASI,ام القري للتعليم الاساسي,1|2,Primary|Preparatory,public,Libya,Misratah,,,,,,32.33303,15.09843,official_emis,exact,open
LBY_003173,TU-132,LBY,OM ALMOAMNEN LMAHO ALOMEAA,ام المؤمنين لمحو الاميه,3,Secondary (Economic Sciences),public,Libya,Al Butnan,,,,,,32.09191,23.95474,official_emis,exact,open
LBY_003174,DA-135,LBY,OM ALMOMENEN,ام المؤمنين,1,Primary,public,Libya,Al Qubbah,,,,,,32.76629,22.61491,official_emis,exact,open
LBY_003175,GM-187,LBY,OM ALSAFSAF,ام الصفصاف,1,Primary,public,Libya,Al Jabal al Akhdar,,,,,,32.78176,21.73937,official_emis,exact,open
LBY_003176,GM-011,LBY,OM ALSAFSAF,ام الصفصاف,1|2,Primary|Preparatory,public,Libya,Al Jabal al Akhdar,,,,,,32.78176,21.73937,official_emis,exact,open
LBY_003177,MI-431,LBY,OM ALTAM,ام الرتم,1|2,Primary|Preparatory,public,Libya,Al Marqab,,,,,,32.4424,14.19522,official_emis,exact,open
LBY_003178,TR-239,LBY,OM AMRAA,ام عمارة,1|2,Primary|Preparatory,public,Libya,Tajura' wa an Nawahi al Arba,,,,,,32.84686,13.20872,official_emis,exact,open
LBY_003179,DA-170,LBY,OM ARRZAM,ام الرزم الاساسية,1,Primary,public,Libya,Al Qubbah,,,,,,32.530038,23.00425,official_emis,exact,open
LBY_003180,MU-026,LBY,OM ASHAHEED,ام الشهيد,3,Secondary (Economic Sciences),public,Libya,Misratah,,,,,,32.3792,15.08606,official_emis,exact,open
LBY_003181,TR-023,LBY,OM AYMAN,أم أيمن,1|2,Primary|Preparatory,public,Libya,Tajura' wa an Nawahi al Arba,,,,,,32.87523,13.14982,official_emis,exact,open
LBY_003182,MI-042,LBY,OM ELGORA,ام القرى,1|2,Primary|Preparatory,public,Libya,Tajura' wa an Nawahi al Arba,,,,,,32.51761,13.41965,official_emis,exact,open
LBY_003183,JA-122,LBY,OM HABEBA,أم حبيبة,1|2,Primary|Preparatory,public,Libya,Tajura' wa an Nawahi al Arba,,,,,,32.68719,13.17838,official_emis,exact,closed_temporary
LBY_003184,DA-110,LBY,OM HAFFEN,ام حفين الاساسية,1|2,Primary|Preparatory,public,Libya,Al Qubbah,,,,,,32.56918,23.07325,official_emis,exact,open
LBY_003185,TU-076,LBY,OM ROKBA,ام ركبه,1|2,Primary|Preparatory,public,Libya,Al Butnan,,,,,,31.92679,24.91947,official_emis,exact,open
LBY_003186,ZA-117,LBY,OM SALIMA,ام سلمه,1|2,Primary|Preparatory,public,Libya,Az Zawiyah,,,,,,32.77721,12.58346,official_emis,exact,closed_temporary
LBY_003187,MU-025,LBY,OM SALMA,ام سلمه,3,Secondary (Medical Sciences)|Secondary (Economic Sciences),public,Libya,Misratah,,,,,,32.3773,15.11569,official_emis,exact,open
LBY_003188,BI-048,LBY,OM SALMA,ام سلمة,2,Preparatory,public,Libya,Benghazi,,,,,,32.13504,20.1095,official_emis,exact,open
LBY_003189,MU-214,LBY,OM SALMA,ام سلمه,1|2,Primary|Preparatory,public,Libya,Al Marqab,,,,,,32.40712,14.62177,official_emis,exact,open
LBY_003190,WA-006,LBY,OMAER AIMTAR,عمر المختار,1,Primary,public,Libya,Ajdabiya,,,,,,29.04544,21.529714,official_emis,exact,open
LBY_003191,JA-237,LBY,OMAER AIMTAR,عمر المختار,2,Preparatory,public,Libya,Al Jifarah,,,,,,32.62584,13.07569,official_emis,exact,open
LBY_003192,MU-377,LBY,OMAER ALMUTER,عمر المختار,1|2,Primary|Preparatory,public,Libya,Al Marqab,,,,,,32.44854,14.54615,official_emis,exact,closed_temporary
LBY_003193,JA-163,LBY,OMAER BEN ABD ALUZUE,عمر بن عبد العزيز,1,Primary,public,Libya,Tajura' wa an Nawahi al Arba,,,,,,32.68667,13.17797,official_emis,exact,closed_temporary
LBY_003194,MI-068,LBY,OMAER BEN ALAS,عمرو بن العاص,1|2,Primary|Preparatory,public,Libya,Al Marqab,,,,,,32.51361,14.13109,official_emis,exact,open
LBY_003195,TR-404,LBY,OMAER BEN ALGIB,عمر بن الخطاب,1,Primary,public,Libya,Tajura' wa an Nawahi al Arba,,,,,,32.86544,13.16736,official_emis,exact,closed_temporary
LBY_003196,MU-211,LBY,OMAER BEN ALTUB,عمر بن الخطاب,1|2,Primary|Preparatory,public,Libya,Al Marqab,,,,,,32.43159,14.66962,official_emis,exact,closed_temporary
LBY_003197,SI-089,LBY,OMAER BEN ASA,عمر بن عاصى,1|2,Primary|Preparatory,public,Libya,Surt,,,,,,31.20745,16.68184,official_emis,exact,open
LBY_003198,MI-255,LBY,OMAER BEN GTUB,عمر بن الخطاب,1|2,Primary|Preparatory,public,Libya,Tajura' wa an Nawahi al Arba,,,,,,32.75191,13.79912,official_emis,exact,open
LBY_003199,WM-403,LBY,OMAER BEN GUTUB,عمر بن الخطاب,3,Secondary (Economic Sciences),public,Libya,Mizdah,,,,,,32.14154,13.03993,official_emis,exact,closed_temporary
LBY_003200,MI-133,LBY,OMAER BEN GUTUB,عمر بن الخطاب,1|2,Primary|Preparatory,public,Libya,Al Marqab,,,,,,32.50585,14.02459,official_emis,exact,closed_temporary
LBY_003201,MI-220,LBY,OMAER BEN GUTUB,عمر بن الخطاب,1|2,Primary|Preparatory,public,Libya,Al Marqab,,,,,,32.48078,14.59325,official_emis,exact,open
LBY_003202,MI-117,LBY,OMAER BEN QUTIB,عمر بن الخطاب,1|2,Primary|Preparatory,public,Libya,Al Marqab,,,,,,32.75115,13.95497,official_emis,exact,open
LBY_003203,NA-090,LBY,OMAER KHALIFA ABOSNINA,عمر خليفة ابو سنينه,3,Secondary (Medical Sciences)|Secondary (Economic Sciences),public,Libya,Ghadamis,,,,,,31.85809,11.15759,official_emis,exact,open
LBY_003204,BI-228,LBY,OMAR ALFAROOK,عمر الفاروق,1,Primary,public,Libya,Benghazi,,,,,,32.13526,20.07527,official_emis,exact,open
LBY_003205,ZA-181,LBY,OMAR ALMISAWI,عمر الميساوى للعلوم الهندسية,3,Secondary (Engineering Sciences),public,Libya,Az Zawiyah,,,,,,32.73724,12.64274,official_emis,exact,closed_temporary
LBY_003206,MI-237,LBY,OMAR ALMKHTAR,عمر المختار,1|2|3,Primary|Preparatory|Secondary (Medical Sciences)|Secondary (Economic Sciences),public,Libya,Tajura' wa an Nawahi al Arba,,,,,,32.73694,13.60898,official_emis,exact,open
LBY_003207,SA-089,LBY,OMAR ALMKHTAR,عمر المختار,1,Primary,public,Libya,Sabha,,,,,,27.01712,14.44576,official_emis,exact,open
LBY_003208,WM-211,LBY,OMAR ALMKHTAR,عمر المختار,1|2,Primary|Preparatory,public,Libya,Mizdah,,,,,,31.44448,12.99031,official_emis,exact,open
LBY_003209,TR-369,LBY,OMAR ALMKTAR,عمر المختار,3,Secondary (Medical Sciences)|Secondary (Engineering Sciences),public,Libya,Tajura' wa an Nawahi al Arba,,,,,,32.84681,13.18496,official_emis,exact,open
LBY_003210,JA-116,LBY,OMAR ALMNSORI,عمر المنصوري,3,Secondary (Medical Sciences)|Secondary (Engineering Sciences)|Secondary (Economic Sciences),public,Libya,Al Marqab,,,,,,32.27276,13.36957,official_emis,exact,closed_temporary
LBY_003211,WS-054,LBY,OMAR ALMOKHTAR,عمر المختار,1|2,Primary|Preparatory,public,Libya,Ash Shati',,,,,,27.48737,13.12073,official_emis,exact,open
LBY_003212,MI-461,LBY,OMAR ALMOKHTAR,عمر المختار,1|2,Primary|Preparatory,public,Libya,Al Marqab,,,,,,32.58544,14.34141,official_emis,exact,open
LBY_003213,WM-282,LBY,OMAR ALMOKHTAR,عمر المختار,1|2,Primary|Preparatory,public,Libya,Mizdah,,,,,,32.01808,12.50406,official_emis,exact,open
LBY_003214,WM-283,LBY,OMAR ALMOKHTAR,عمر المختار,1,Primary,public,Libya,Mizdah,,,,,,32.01041,12.55643,official_emis,exact,open
LBY_003215,MU-080,LBY,OMAR ALMOKTAR,عمر المختار,1|2,Primary|Preparatory,public,Libya,Misratah,,,,,,32.3364,15.08769,official_emis,exact,open
LBY_003216,AJ-049,LBY,OMAR ALMOKTAR,عمر المختار,3,Secondary (Economic Sciences),public,Libya,Ajdabiya,,,,,,30.76721,20.23021,official_emis,exact,closed_temporary
LBY_003217,BI-229,LBY,OMAR ALMOKTAR,عمر المختار,3,Secondary (Medical Sciences)|Secondary (Engineering Sciences),public,Libya,Benghazi,,,,,,32.14329,20.08398,official_emis,exact,open
LBY_003218,WH-022,LBY,OMAR ALMOKTAR,عمر المختار,1,Primary,public,Libya,Wadi al Hayaa,,,,,,26.55426,13.11274,official_emis,exact,open
LBY_003219,KU-020,LBY,OMAR ALMOKTAR,عمر المختار,1|2,Primary|Preparatory,public,Libya,An Nuqat al Khams,,,,,,32.80349,12.36364,official_emis,exact,closed_temporary
LBY_003220,ZA-134,LBY,OMAR ALMOKTAR,عمر المختار,1|2,Primary|Preparatory,public,Libya,Az Zawiyah,,,,,,32.72995,12.59486,official_emis,exact,open
LBY_003221,TR-527,LBY,OMAR ALMOKTER SCHOOL,عمار المختار,1|2,Primary|Preparatory,public,Libya,Tajura' wa an Nawahi al Arba,,,,,,32.79393,13.44079,official_emis,exact,open
LBY_003222,MA-220,LBY,OMAR ALMUKHTAR,عمر المختار,1,Primary,public,Libya,Al Marj,,,,,,32.48689,20.81636,official_emis,exact,closed_temporary
LBY_003223,MI-163,LBY,OMAR ALMUKHTAR,عمر المختار,1|2,Primary|Preparatory,public,Libya,Al Marqab,,,,,,32.60444,13.89671,official_emis,exact,open
LBY_003224,MA-155,LBY,OMAR ALMUKHTAR,عمر المختار,1|2,Primary|Preparatory,public,Libya,Al Marj,,,,,,32.48689,20.81636,official_emis,exact,open
LBY_003225,JA-091,LBY,OMAR ALMUKHTAR,عمر المختار,1|2,Primary|Preparatory,public,Libya,Tajura' wa an Nawahi al Arba,,,,,,32.58226,13.48587,official_emis,exact,open
LBY_003226,SA-023,LBY,OMAR ALMUKHTAR,عمر المختار,2,Preparatory,public,Libya,Sabha,,,,,,27.01712,14.44576,official_emis,exact,open
LBY_003227,GA-023,LBY,OMAR ALMUKHTAR,عمر المختار,3,Secondary (Medical Sciences)|Secondary (Engineering Sciences)|Secondary (Economic Sciences),public,Libya,Ghat,,,,,,25.7822,10.56483,official_emis,exact,open
LBY_003228,DA-079,LBY,OMAR ALMUKHTAR,عمرالمختار,3,Secondary (Engineering Sciences)|Secondary (Economic Sciences),public,Libya,Al Qubbah,,,,,,32.7594,22.24345,official_emis,exact,open
LBY_003229,MO-004,LBY,OMAR ALMUKHTAR,عمر المختار,3,Secondary (Medical Sciences)|Secondary (Engineering Sciences)|Secondary (Economic Sciences),public,Libya,Murzuq,,,,,,25.87272,14.14787,official_emis,exact,open
LBY_003230,GM-054,LBY,OMAR ASER,عمر عصر,1|2,Primary|Preparatory,public,Libya,Al Jabal al Akhdar,,,,,,32.74923,21.56802,official_emis,exact,open
LBY_003231,SA-060,LBY,OMAR BEN ABD ALAZEEZ,عمر بن عبد العزيز,2,Preparatory,public,Libya,Sabha,,,,,,27.20981,14.62729,official_emis,exact,open
LBY_003232,ZA-072,LBY,OMAR BEN ABD ALAZEEZ,عمر بن عبدالعزيز,1|2,Primary|Preparatory,public,Libya,Az Zawiyah,,,,,,32.73164,12.73069,official_emis,exact,closed_temporary
LBY_003233,MU-238,LBY,OMAR BEN ABDELAZEZ,عمر بن عبدالعزيز,1|2,Primary|Preparatory,public,Libya,Al Marqab,,,,,,32.41815,14.62632,official_emis,exact,open
LBY_003234,WM-151,LBY,OMAR BEN ABDELAZEZ,عمر بن عبدالعزيز,1|2,Primary|Preparatory,public,Libya,Mizdah,,,,,,32.11205,12.89561,official_emis,exact,open
LBY_003235,WA-005,LBY,OMAR BEN ABDELAZIZ,عمر بن عبد العزيز,2,Preparatory,public,Libya,Ajdabiya,,,,,,29.068374,21.486805,official_emis,exact,open
LBY_003236,MI-364,LBY,OMAR BEN ABDULAZEZ,عمر بن عبدالعزيز,1|2,Primary|Preparatory,public,Libya,Al Marqab,,,,,,32.44549,13.76536,official_emis,exact,open
LBY_003237,JA-242,LBY,OMAR BEN ABUDAZEZ,عمر بن عبدالعزيز,1|2,Primary|Preparatory,public,Libya,Al Jifarah,,,,,,32.51384,12.96505,official_emis,exact,open
LBY_003238,MU-398,LBY,OMAR BEN ALAAS,عمر بن العاص,1|2,Primary|Preparatory,public,Libya,Al Marqab,,,,,,32.48154,14.62862,official_emis,exact,open
LBY_003239,KU-127,LBY,OMAR BEN ALKATAAB,عمر بن الخطاب,1|2,Primary|Preparatory,public,Libya,An Nuqat al Khams,,,,,,32.755,12.215,official_emis,exact,closed_temporary
LBY_003240,AJ-053,LBY,OMAR BEN ALKATAB,عمر بن الخطاب,2|3,Preparatory|Secondary (Medical Sciences)|Secondary (Engineering Sciences)|Secondary (Economic Sciences),public,Libya,Ajdabiya,,,,,,30.95285,20.12108,official_emis,exact,open
LBY_003241,MI-480,LBY,OMAR BEN ALKATAB,عمر بن الخطاب,2,Preparatory,public,Libya,Al Marqab,,,,,,32.54416,14.37914,official_emis,exact,closed_temporary
LBY_003242,KU-206,LBY,OMAR BEN ALKATAB,عمر بن الخطاب,1|2,Primary|Preparatory,public,Libya,An Nuqat al Khams,,,,,,32.86336,12.09273,official_emis,exact,closed_temporary
LBY_003243,MU-075,LBY,OMAR BEN ALKATAB,عمر بن الخطاب,1|2,Primary|Preparatory,public,Libya,Misratah,,,,,,32.34033,15.10549,official_emis,exact,open
LBY_003244,WM-160,LBY,OMAR BEN ALKATAB,عمر بن الخطاب,3,Secondary (Medical Sciences)|Secondary (Engineering Sciences)|Secondary (Economic Sciences),public,Libya,Mizdah,,,,,,32.08664,12.89226,official_emis,exact,open
LBY_003245,GM-210,LBY,OMAR BEN ALKHATAB,عمر بن الخطاب,1,Primary,public,Libya,Al Jabal al Akhdar,,,,,,32.75548,21.75499,official_emis,exact,closed_temporary
LBY_003246,SA-095,LBY,OMAR BEN ALKHATAB,عمر بن الخطاب,2,Preparatory,public,Libya,Sabha,,,,,,27.02545,14.43658,official_emis,exact,open
LBY_003247,GM-042,LBY,OMAR BEN ALKHATAB,عمر بن الخطاب,1|2,Primary|Preparatory,public,Libya,Al Jabal al Akhdar,,,,,,32.75548,21.75499,official_emis,exact,closed_temporary
LBY_003248,MA-115,LBY,OMAR BEN ALKHATAB,عمر بن الخطاب,1,Primary,public,Libya,Al Marj,,,,,,32.19304,20.6014,official_emis,exact,open
LBY_003249,MA-214,LBY,OMAR BEN ALKHATAB,عمر بن الخطاب,1,Primary,public,Libya,Al Marj,,,,,,32.19304,20.6014,official_emis,exact,open
LBY_003250,SA-047,LBY,OMAR BEN ALKHATAB,عمر بن الخطاب,2,Preparatory,public,Libya,Sabha,,,,,,27.02545,14.43658,official_emis,exact,open
LBY_003251,KU-207,LBY,OMAR BEN ELAAS,عمر بن العاص,1|2,Primary|Preparatory,public,Libya,An Nuqat al Khams,,,,,,32.82449,11.9994,official_emis,exact,closed_temporary
LBY_003252,MI-504,LBY,OMAR BEN KATAB,عمر بن الخطاب,1|2,Primary|Preparatory,public,Libya,Al Marqab,,,,,,32.51218,14.44185,official_emis,exact,open
LBY_003253,KU-055,LBY,OMAR BEN KATAB,عمر بن الخطاب,1|2,Primary|Preparatory,public,Libya,An Nuqat al Khams,,,,,,32.73226,12.45714,official_emis,exact,closed_temporary
LBY_003254,ZA-073,LBY,OMAR BEN YAHAA,عمر بن يحيي,1|2,Primary|Preparatory,public,Libya,Az Zawiyah,,,,,,32.75092,12.71692,official_emis,exact,open
LBY_003255,WM-186,LBY,OMAR DEYA ADEN,عمر ضياء الدين,1|2,Primary|Preparatory,public,Libya,Mizdah,,,,,,32.07634,12.69034,official_emis,exact,open
LBY_003256,WM-328,LBY,OMAR EBN ALKHATTAB,عمر بن الخطاب,1,Primary,public,Libya,Mizdah,,,,,,31.9324,12.24816,official_emis,exact,open
LBY_003257,WH-033,LBY,OMAR EBN ALKHTAB,عمر بن الخطاب,1|2,Primary|Preparatory,public,Libya,Wadi al Hayaa,,,,,,26.52817,13.01448,official_emis,exact,open
LBY_003258,MI-102,LBY,OMAR ELMOKHTAR,عمر المختار,1|2,Primary|Preparatory,public,Libya,Al Marqab,,,,,,32.57622,13.84996,official_emis,exact,open
LBY_003259,GM-098,LBY,OMAR ELMOKHTAR BANAT,عمر المختار بنات,1|2,Primary|Preparatory,public,Libya,Al Jabal al Akhdar,,,,,,32.63286,21.67388,official_emis,exact,open
LBY_003260,GM-220,LBY,OMAR ELMOKHTAR BANAT,عمر المختار بنات,1,Primary,public,Libya,Al Jabal al Akhdar,,,,,,32.63286,21.67388,official_emis,exact,closed_temporary
LBY_003261,WM-117,LBY,OMAR ELMUKHTAR,عمر المختار,1|2,Primary|Preparatory,public,Libya,Mizdah,,,,,,32.05408,13.2932,official_emis,exact,open
LBY_003262,MI-337,LBY,OMAR MOKAREM,عمر مكرم,1|2,Primary|Preparatory,public,Libya,Al Marqab,,,,,,32.26234,13.63403,official_emis,exact,open
LBY_003263,JA-165,LBY,OMARN BEN RIBHT,عمران بن رابحة,3,Secondary (Medical Sciences)|Secondary (Engineering Sciences),public,Libya,Tajura' wa an Nawahi al Arba,,,,,,32.6838,13.16995,official_emis,exact,closed_temporary
LBY_003264,MI-527,LBY,OMER ABD ALAZEEZ,عمر عبدالعزيز,1|2|3,Primary|Preparatory|Secondary (Economic Sciences),public,Libya,Al Marqab,,,,,,32.59769,14.163,official_emis,exact,open
LBY_003265,GM-102,LBY,OMER ABEED,عمر عبيد,1|2,Primary|Preparatory,public,Libya,Al Jabal al Akhdar,,,,,,32.61956,21.56698,official_emis,exact,closed_temporary
LBY_003266,DA-025,LBY,OMER AL-MOKTAR,عمر المختار,1,Primary,public,Libya,,,,,,,32.77083,22.63637,official_emis,exact,open
LBY_003267,MO-053,LBY,OMER ALMOKHTAR,عمرالمختار,2,Preparatory,public,Libya,Murzuq,,,,,,26.13328,14.73913,official_emis,exact,open
LBY_003268,MO-104,LBY,OMER ALMOKHTAR,عمر المختار,2,Preparatory,public,Libya,Murzuq,,,,,,26.13328,14.73913,official_emis,exact,open
LBY_003269,DA-169,LBY,OMER ALMOKHTAR,عمر المختار,1,Primary,public,Libya,Al Qubbah,,,,,,32.6411,22.99564,official_emis,exact,open
LBY_003270,DA-105,LBY,OMER ALMOKHTAR,عمر المختار,1,Primary,public,Libya,Al Qubbah,,,,,,32.6411,22.99564,official_emis,exact,open
LBY_003271,SI-070,LBY,OMER ALMOKHTAR,عمر المختار,1|2,Primary|Preparatory,public,Libya,Surt,,,,,,31.19479,16.57819,official_emis,exact,open
LBY_003272,GM-120,LBY,OMER ALMOKHTAR,عمر المختار,1|2,Primary|Preparatory,public,Libya,Al Jabal al Akhdar,,,,,,32.80811,21.82296,official_emis,exact,closed_temporary
LBY_003273,ZA-216,LBY,OMER ALMOKHTAR,عمر المختار,1|2,Primary|Preparatory,public,Libya,Az Zawiyah,,,,,,32.44587,12.6963,official_emis,exact,closed_temporary
LBY_003274,GM-161,LBY,OMER ALMOKHTAR ALTAKHOSESYA,عمر المختار التخصصية,3,Secondary (Engineering Sciences)|Secondary (Economic Sciences),public,Libya,Al Jabal al Akhdar,,,,,,32.62912,21.67475,official_emis,exact,closed_temporary
LBY_003275,MA-114,LBY,OMER ALMUGHTAR,عمرالمختار,1|2,Primary|Preparatory,public,Libya,Al Marj,,,,,,32.21464,20.49512,official_emis,exact,closed_temporary
LBY_003276,GM-099,LBY,OMER ALMUKTAR,عمر المختار بنين,2,Preparatory,public,Libya,Al Jabal al Akhdar,,,,,,32.62912,21.67475,official_emis,exact,open
LBY_003277,MI-204,LBY,OMER ALMUKTAR,عمر المختار,1|2,Primary|Preparatory,public,Libya,Al Marqab,,,,,,32.44984,13.84403,official_emis,exact,open
LBY_003278,BI-014,LBY,OMER BAN ABD ALAZZEZ,عمر عبدالعزيز,2,Preparatory,public,Libya,Benghazi,,,,,,32.12484,20.12192,official_emis,exact,open
LBY_003279,MA-197,LBY,OMER BAN ABD ALAZZEZ,عمر بن عبدالعزيز,1|2,Primary|Preparatory,public,Libya,Al Marj,,,,,,32.48558,20.84158,official_emis,exact,open
LBY_003280,MA-047,LBY,OMER BAN ABD ALAZZEZ,عمر بن عبدالعزيز,1|2,Primary|Preparatory,public,Libya,Al Marj,,,,,,32.48558,20.84158,official_emis,exact,open
LBY_003281,WM-120,LBY,OMER BEN ABD ALAZIZ,عمر بن عبدالعزيز,3,Secondary (Medical Sciences)|Secondary (Engineering Sciences),public,Libya,Al Marqab,,,,,,32.16838,13.3855,official_emis,exact,closed_temporary
LBY_003282,GM-059,LBY,OMER BEN ABDALAZIZ,عمر بن عبدالعزيز,1|2,Primary|Preparatory,public,Libya,Al Jabal al Akhdar,,,,,,32.72476,21.57964,official_emis,exact,open
LBY_003283,MI-457,LBY,OMER BEN ABEY TALEB,عمر بن عبدالعزيز,1,Primary,public,Libya,Al Marqab,,,,,,32.59234,14.34235,official_emis,exact,open
LBY_003284,JA-170,LBY,OMER BEN ALKHTAB,عمر بن الخطاب,1|2,Primary|Preparatory,public,Libya,Al Marqab,,,,,,32.48597,14.48566,official_emis,exact,closed_temporary
LBY_003285,ZA-016,LBY,OMER BN ALKTAB,عمر بن الخطاب,1|2,Primary|Preparatory,public,Libya,Az Zawiyah,,,,,,32.58692,12.76761,official_emis,exact,closed_temporary
LBY_003286,WM-284,LBY,OMER EBN ALKHATAB,عمر ابن الخطاب,1|2,Primary|Preparatory,public,Libya,Mizdah,,,,,,32.02372,12.50721,official_emis,exact,open
LBY_003287,GM-068,LBY,OMER YOUNS,عمر يونس,1|2,Primary|Preparatory,public,Libya,Al Marj,,,,,,32.61467,21.4009,official_emis,exact,closed_temporary
LBY_003288,BI-137,LBY,OMY MBROKA,امي مبروكة,1,Primary,public,Libya,Benghazi,,,,,,31.933455,20.095353,official_emis,exact,open
LBY_003289,WM-279,LBY,OQBA BEN NAFA,عقبة بن نافع,1,Primary,public,Libya,Mizdah,,,,,,32.05963,12.57089,official_emis,exact,open
LBY_003290,ZA-133,LBY,OQBA BEN NAFAA,عقبة بن نافع,1|2,Primary|Preparatory,public,Libya,An Nuqat al Khams,,,,,,32.65868,12.4701,official_emis,exact,closed_temporary
LBY_003291,MA-213,LBY,OQBA BEN NAFE,عقبة بن نافع,1,Primary,public,Libya,Al Marj,,,,,,32.18672,20.59253,official_emis,exact,open
LBY_003292,JU-024,LBY,OQBA BEN NAFE,عقبة بن نافع,1,Primary,public,Libya,Al Jufrah,,,,,,29.17457,16.14559,official_emis,exact,open
LBY_003293,MA-113,LBY,OQBA BEN NAFE,عقبة بن نافع,2,Preparatory,public,Libya,Al Marj,,,,,,32.18672,20.59253,official_emis,exact,open
LBY_003294,MO-008,LBY,OQBA BEN NAFE`A,عقبة بن نافع,3,Secondary (Medical Sciences),public,Libya,Murzuq,,,,,,26.16121,15.1299,official_emis,exact,open
LBY_003295,WM-148,LBY,OQBA BIN NAFEA,عقبة بن نافع,1|2,Primary|Preparatory,public,Libya,Mizdah,,,,,,32.01186,12.80053,official_emis,exact,open
LBY_003296,TR-508,LBY,OQBA EBN NAFE`A,عقبة بن نافع,1|2,Primary|Preparatory,public,Libya,Tajura' wa an Nawahi al Arba,,,,,,32.89852,13.302273,official_emis,exact,open
LBY_003297,MI-011,LBY,OQBA EBN NAFE`A,عقبة بن نافع,1|2,Primary|Preparatory,public,Libya,Al Marqab,,,,,,32.33938,13.53429,official_emis,exact,open
LBY_003298,KU-024,LBY,OSAMA BEN YAZED,اسامة بن يزيد,1|2,Primary|Preparatory,public,Libya,An Nuqat al Khams,,,,,,32.80082,12.4053,official_emis,exact,closed_temporary
LBY_003299,KO-002,LBY,OSAMA BEN ZAED,اسامة بن زيد,1,Primary,public,Libya,Al Kufrah,,,,,,24.20144,23.29958,official_emis,exact,open
LBY_003300,TU-025,LBY,OSAMA BEN ZAID,اسامة بن زايد,1|2,Primary|Preparatory,public,Libya,Al Butnan,,,,,,32.07967,23.93199,official_emis,exact,open
LBY_003301,MI-045,LBY,OSAMA BEN ZAYD,اسامة بن زيد,1|2,Primary|Preparatory,public,Libya,Tajura' wa an Nawahi al Arba,,,,,,32.47777,13.3848,official_emis,exact,open
LBY_003302,MU-081,LBY,OSAMA BEN ZAYD,أسامة بن زيد,1|2,Primary|Preparatory,public,Libya,Misratah,,,,,,32.36165,15.10763,official_emis,exact,open
LBY_003303,SI-037,LBY,OSAMA BEN ZAYD,اسامة بن زيد,1|2,Primary|Preparatory,public,Libya,Misratah,,,,,,30.60306,15.42811,official_emis,exact,closed_temporary
LBY_003304,WM-358,LBY,OSAMA BEN ZAYD,اسامه بن زيد,1|2,Primary|Preparatory,public,Libya,Mizdah,,,,,,31.95441,12.02968,official_emis,exact,open
LBY_003305,GA-001,LBY,OSAMA BEN ZAYD,اسامة بن زيد,1|2,Primary|Preparatory,public,Libya,Ghat,,,,,,24.95996,10.1749,official_emis,exact,open
LBY_003306,KU-114,LBY,OSAMA BEN ZAYD,أسامة ابن زيد,1|2,Primary|Preparatory,public,Libya,An Nuqat al Khams,,,,,,32.72787,12.25397,official_emis,exact,open
LBY_003307,MA-083,LBY,OSAMA BEN ZED,اسامة بن زيد,1|2,Primary|Preparatory,public,Libya,Al Marj,,,,,,32.47234,21.05055,official_emis,exact,open
LBY_003308,WM-123,LBY,OSAMA BEN ZEED,اسامة بن زيد,1|2,Primary|Preparatory,public,Libya,Mizdah,,,,,,32.05628,12.89284,official_emis,exact,unknown
LBY_003309,WM-227,LBY,OSAMA BEN ZEED,أسامة بن زيد,1|2,Primary|Preparatory,public,Libya,Mizdah,,,,,,30.41091,13.26314,official_emis,exact,open
LBY_003310,MI-187,LBY,OSAMA BEN ZEED,اسامة بن زيد,1|2,Primary|Preparatory,public,Libya,Al Marqab,,,,,,32.43856,14.57484,official_emis,exact,unknown
LBY_003311,MU-212,LBY,OSAMA BEN ZUED,اسامة بن زيد,1|2,Primary|Preparatory,public,Libya,Al Marqab,,,,,,32.45086,14.62804,official_emis,exact,open
LBY_003312,WH-028,LBY,OSAMBEN ZUED,اسامه بن زيد,1|2,Primary|Preparatory,public,Libya,Wadi al Hayaa,,,,,,26.574,12.94212,official_emis,exact,open
LBY_003313,BI-041,LBY,OSANA EBN ZAID,اسامة ابن زيد,1|2,Primary|Preparatory,public,Libya,Benghazi,,,,,,32.11685,20.12088,official_emis,exact,open
LBY_003314,BI-523,LBY,OSANA EBN ZAID,اسامة ابن زيد,1|2,Primary|Preparatory,public,Libya,Benghazi,,,,,,32.137385,20.117073,official_emis,exact,open
LBY_003315,MI-128,LBY,OSOOD ALGABAL,اسود الجبل,1,Primary,public,Libya,Al Marqab,,,,,,32.55385,14.08159,official_emis,exact,closed_temporary
LBY_003316,MO-089,LBY,OTHMAN ADABRI,عثمان الدبري,1,Primary,public,Libya,Murzuq,,,,,,25.91534,13.91892,official_emis,exact,open
LBY_003317,MO-026,LBY,OTHMAN ADABRI,عثمان الدبري,1|2,Primary|Preparatory,public,Libya,Murzuq,,,,,,25.91534,13.91892,official_emis,exact,open
LBY_003318,JA-137,LBY,OTHMAN BEN AFAN,عثمان بن عفان,1|2,Primary|Preparatory,public,Libya,Tajura' wa an Nawahi al Arba,,,,,,32.67643,13.26719,official_emis,exact,closed_temporary
LBY_003319,WA-020,LBY,OTHMAN BEN AFFAN,عثمان بن عفان,1|2,Primary|Preparatory,public,Libya,Ajdabiya,,,,,,29.163248,21.298337,official_emis,exact,open
LBY_003320,GA-009,LBY,OTHMAN BEN AFFAN,عثمان بن عفان,1|2,Primary|Preparatory,public,Libya,Ghat,,,,,,24.9663,10.18357,official_emis,exact,open
LBY_003321,BI-121,LBY,OTMAN BEN AFAN,عثمان بن عفان,1|2,Primary|Preparatory,public,Libya,Benghazi,,,,,,32.080933,20.076483,official_emis,exact,open
LBY_003322,WS-056,LBY,OTMAN BEN AFAN,عثمان بن عفان,1|2,Primary|Preparatory,public,Libya,Ash Shati',,,,,,27.44974,13.05344,official_emis,exact,open
LBY_003323,WH-004,LBY,OTMAN BEN AFAN,عثمان بن عفان,2,Preparatory,public,Libya,Wadi al Hayaa,,,,,,26.59178,12.82015,official_emis,exact,open
LBY_003324,MA-010,LBY,OTMAN BEN AFAN,عثمان بن عفان,1,Primary,public,Libya,Al Marj,,,,,,32.60799,20.74823,official_emis,exact,closed_temporary
LBY_003325,SI-027,LBY,OTMAN BEN AFAN,عثمان بن عفان,3,Secondary (Medical Sciences)|Secondary (Economic Sciences),public,Libya,Surt,,,,,,31.01832,16.9201,official_emis,exact,open
LBY_003326,WM-224,LBY,OTMAN BEN AFAN,عثمان بن عفان,1|2,Primary|Preparatory,public,Libya,Mizdah,,,,,,31.63809,12.80091,official_emis,exact,open
LBY_003327,BI-478,LBY,OTMAN BEN AFAN,عثمان بن عفان,1,Primary,public,Libya,Benghazi,,,,,,32.080933,20.076483,official_emis,exact,open
LBY_003328,MI-145,LBY,OTMAN BEN AFAN,عثمان بن عفان,1|2,Primary|Preparatory,public,Libya,Al Marqab,,,,,,32.61303,14.01626,official_emis,exact,open
LBY_003329,WM-382,LBY,OTMAN BEN AFFAN,عثمان بن عفان,1,Primary,public,Libya,Mizdah,,,,,,32.0168,11.95724,official_emis,exact,open
LBY_003330,TR-275,LBY,PALASTINE,فلسطين,1|2,Primary|Preparatory,public,Libya,Tajura' wa an Nawahi al Arba,,,,,,32.90306,13.26395,official_emis,exact,open
LBY_003331,MA-016,LBY,PTH,بطة,2,Preparatory,public,Libya,Al Marj,,,,,,32.65795,21.10904,official_emis,exact,open
LBY_003332,TU-097,LBY,QABES ALEADADEH,قابس الاعدادية,1|2,Primary|Preparatory,public,Libya,Al Butnan,,,,,,31.98064,24.65758,official_emis,exact,open
LBY_003333,KU-285,LBY,QALYAJ AL TAHADY,خليج التحدي,3,Secondary (Medical Sciences)|Secondary (Engineering Sciences),public,Libya,An Nuqat al Khams,,,,,,32.95393,11.86778,official_emis,exact,open
LBY_003334,MA-133,LBY,QASEER ALCHAREEF,قصر الشريف,1|2,Primary|Preparatory,public,Libya,Al Marj,,,,,,32.0565,20.43896,official_emis,exact,open
LBY_003335,MI-123,LBY,QASEL ELKHYAR,قصر الخيار الثانوية,3,Secondary (Medical Sciences)|Secondary (Engineering Sciences)|Secondary (Economic Sciences),public,Libya,Tajura' wa an Nawahi al Arba,,,,,,32.69785,13.84325,official_emis,exact,open
LBY_003336,MA-088,LBY,QASER ABD AJALEL,قصر عبدالجليل,1|2,Primary|Preparatory,public,Libya,Al Marj,,,,,,32.11759,21.35569,official_emis,exact,open
LBY_003337,TU-079,LBY,QASER ALJADY,قصر الجدي الأعدادية,1|2,Primary|Preparatory,public,Libya,Al Butnan,,,,,,31.85185,24.78894,official_emis,exact,open
LBY_003338,TU-080,LBY,QASER ALJADY,قصر الجدي الثانوية,3,Secondary (Medical Sciences),public,Libya,Al Butnan,,,,,,31.85185,24.78894,official_emis,exact,closed_temporary
LBY_003339,GM-095,LBY,QASER ALMOSTASHI,قصر المستاشي,1|2,Primary|Preparatory,public,Libya,Al Jabal al Akhdar,,,,,,32.48486,21.7311,official_emis,exact,closed_temporary
LBY_003340,AJ-044,LBY,QASER ALRAJAYEL,قصر الرجايل,1,Primary,public,Libya,Ajdabiya,,,,,,31.0627,20.24904,official_emis,exact,open
LBY_003341,NA-107,LBY,QASER ELWATYA,قصر الوطية,1|2,Primary|Preparatory,public,Libya,An Nuqat al Khams,,,,,,32.47577,11.78291,official_emis,exact,open
LBY_003342,GM-069,LBY,QASER LIBYA,قصر ليبيا,1,Primary,public,Libya,Al Marj,,,,,,32.61639,21.40058,official_emis,exact,open
LBY_003343,MI-114,LBY,QASR ALAKHIAR,قصر الأخيار,1|2,Primary|Preparatory,public,Libya,Tajura' wa an Nawahi al Arba,,,,,,32.65918,13.80024,official_emis,exact,open
LBY_003344,MI-512,LBY,QASR ALSHAWAEQ,قصر الشوائق,1|2,Primary|Preparatory,public,Libya,Al Marqab,,,,,,32.66183,14.17903,official_emis,exact,open
LBY_003345,WM-394,LBY,QASR DALA,قصر دلة,1|2,Primary|Preparatory,public,Libya,Mizdah,,,,,,32.03103,12.16811,official_emis,exact,open
LBY_003346,GM-215,LBY,QAWLA BENT AL AZWAR,خولة بنت الأزور,1,Primary,public,Libya,Al Jabal al Akhdar,,,,,,32.75321,21.62473,official_emis,exact,open
LBY_003347,GM-049,LBY,QAWLA BENT AL AZWAR,خولة بنت الأزور,1|2,Primary|Preparatory,public,Libya,Al Jabal al Akhdar,,,,,,32.75321,21.62473,official_emis,exact,open
LBY_003348,MA-180,LBY,QEMMAT ALMAREEFA,قمة المعرفة,2,Preparatory,public,Libya,Al Marj,,,,,,32.47598,20.84377,official_emis,exact,closed_temporary
LBY_003349,TR-067,LBY,QLBQRZNE,البيرونى,3,Secondary (Medical Sciences)|Secondary (Engineering Sciences)|Secondary (Economic Sciences),public,Libya,Az Zawiyah,,,,,,32.84628,13.09287,official_emis,exact,open
LBY_003350,TR-064,LBY,QORTOBA,قرطبة,3,Secondary (Medical Sciences)|Secondary (Engineering Sciences),public,Libya,Tajura' wa an Nawahi al Arba,,,,,,32.86935,13.12488,official_emis,exact,open
LBY_003351,TR-382,LBY,QOTIBA BEN MOSLEM,قتيبة بن مسلم,1,Primary,public,Libya,Tajura' wa an Nawahi al Arba,,,,,,32.81171,13.16794,official_emis,exact,closed_temporary
LBY_003352,NA-044,LBY,QOWMA ALMHM,غومه المحمودى,1|2,Primary|Preparatory,public,Libya,Ghadamis,,,,,,30.20787,10.46614,official_emis,exact,open
LBY_003353,TU-112,LBY,QURTOBA,قرطبة,1|2,Primary|Preparatory,public,Libya,Al Butnan,,,,,,31.95368,24.26475,official_emis,exact,open
LBY_003354,MU-176,LBY,RAAS ALHGMAA,راس الهجمه,1|2,Primary|Preparatory,public,Libya,Misratah,,,,,,32.36787,14.91337,official_emis,exact,open
LBY_003355,MU-019,LBY,RABAA AL-ADAWEY,رابعة العدوية,1|2,Primary|Preparatory,public,Libya,Misratah,,,,,,32.37913,15.10036,official_emis,exact,open
LBY_003356,MU-228,LBY,RABEA ALADAWEYA,رابعة العدوية,1|2,Primary|Preparatory,public,Libya,Al Marqab,,,,,,32.36258,14.60302,official_emis,exact,open
LBY_003357,BI-218,LBY,RABEA ALADAWEYA,رابعه العدويه,1,Primary,public,Libya,Benghazi,,,,,,32.13114,20.07098,official_emis,exact,open
LBY_003358,WM-266,LBY,RABEA'A ALADAWEYA,رابعه العدويه,1|2,Primary|Preparatory,public,Libya,Mizdah,,,,,,32.06188,12.52956,official_emis,exact,open
LBY_003359,MI-176,LBY,RABEAA ALADAWEYA,رابعة العدوية,3,Secondary (Medical Sciences)|Secondary (Economic Sciences),public,Libya,Al Marqab,,,,,,32.58683,14.04467,official_emis,exact,closed_temporary
LBY_003360,GM-209,LBY,RABEAA ALADAWYA,رابعة العدوية,1,Primary,public,Libya,Al Jabal al Akhdar,,,,,,32.76203,21.75156,official_emis,exact,open
LBY_003361,GM-041,LBY,RABEAA ALADAWYA,رابعة العدوية,1|2,Primary|Preparatory,public,Libya,Al Jabal al Akhdar,,,,,,32.76203,21.75156,official_emis,exact,open
LBY_003362,ZA-123,LBY,RABIA ADAWYA,رابعة عدوية,1|2,Primary|Preparatory,public,Libya,Az Zawiyah,,,,,,32.7425,12.54562,official_emis,exact,open
LBY_003363,KU-053,LBY,RAFAA ELANSARY,رافع الانصاري,1|2,Primary|Preparatory,public,Libya,An Nuqat al Khams,,,,,,32.78941,12.5305,official_emis,exact,closed_temporary
LBY_003364,TR-247,LBY,RAGAB ANAYEB,رجب النايب,1|2,Primary|Preparatory,public,Libya,Tajura' wa an Nawahi al Arba,,,,,,32.83428,13.21688,official_emis,exact,open
LBY_003365,JA-160,LBY,RAMADAN ALSWEHLE,رمضان السويحلي,1|2,Primary|Preparatory,public,Libya,Al Jifarah,,,,,,32.57107,13.10119,official_emis,exact,closed_temporary
LBY_003366,ZA-116,LBY,RAMADAN ASWIHLI,رمضان السويحلي,1|2,Primary|Preparatory,public,Libya,Az Zawiyah,,,,,,32.64531,12.52511,official_emis,exact,open
LBY_003367,AJ-054,LBY,RAMADAN EHBEL,رمضان احبيل,3,Secondary (Economic Sciences),public,Libya,Ajdabiya,,,,,,31.0968,20.22467,official_emis,exact,open
LBY_003368,MU-108,LBY,RAMADAN LASWEHLEE,رمضان السويحلي,1|2,Primary|Preparatory,public,Libya,Misratah,,,,,,32.36161,14.98717,official_emis,exact,open
LBY_003369,MI-354,LBY,RAS ALAIED,راس العيد,1|2,Primary|Preparatory,public,Libya,Al Marqab,,,,,,32.42139,13.74343,official_emis,exact,open
LBY_003370,KU-048,LBY,RAS ALDEWAN,راس الديوان,1,Primary,public,Libya,An Nuqat al Khams,,,,,,32.76787,12.30769,official_emis,exact,closed_temporary
LBY_003371,DA-001,LBY,RAS ALHELAL,راس الهلال,2|3,Preparatory|Secondary (Medical Sciences)|Secondary (Economic Sciences),public,Libya,Al Qubbah,,,,,,32.88272,22.1848,official_emis,exact,open
LBY_003372,MI-340,LBY,RAS ALTABAL,راس الطبل,1|2,Primary|Preparatory,public,Libya,Al Marqab,,,,,,32.50045,13.54317,official_emis,exact,open
LBY_003373,MU-011,LBY,RAS ALTOTA,راس التوتة,1|2,Primary|Preparatory,public,Libya,Misratah,,,,,,32.38162,15.09984,official_emis,exact,open
LBY_003374,DA-115,LBY,RAS ATEEN ALASAAYA,راس التين الأساسية,1|2,Primary|Preparatory,public,Libya,Al Qubbah,,,,,,32.60445,23.10812,official_emis,exact,open
LBY_003375,TU-094,LBY,RAS AZAZ,راس عزاز,1|2,Primary|Preparatory,public,Libya,Al Butnan,,,,,,31.9339,24.98296,official_emis,exact,closed_temporary
LBY_003376,KU-240,LBY,RAS IGDEAR,راس جدير,1|2,Primary|Preparatory,public,Libya,An Nuqat al Khams,,,,,,33.14743,11.5702,official_emis,exact,open
LBY_003377,TR-454,LBY,RAUAT ELASLAM,راية الاسلام,1|2,Primary|Preparatory,public,Libya,Tajura' wa an Nawahi al Arba,,,,,,32.84643,13.25866,official_emis,exact,closed_temporary
LBY_003378,BI-390,LBY,RAYAT ALANDALUS,راية الاندلس,1|2,Primary|Preparatory,public,Libya,Benghazi,,,,,,32.076426,20.080595,official_emis,exact,closed_temporary
LBY_003379,DA-092,LBY,RAYAT ALESTEQLAL,راية الأستقلال,1,Primary,public,Libya,Al Qubbah,,,,,,32.59554,22.09206,official_emis,exact,open
LBY_003380,BI-454,LBY,RAYET ALESTEKLAL,راية الاستقلال,1,Primary,public,Libya,Benghazi,,,,,,32.15319,20.11795,official_emis,exact,open
LBY_003381,BI-001,LBY,RAYET ALESTEKLAL,راية الاستقلال,1|2,Primary|Preparatory,public,Libya,Benghazi,,,,,,32.15319,20.11795,official_emis,exact,open
LBY_003382,JA-131,LBY,RDWD ALZAWIT,ردود الزاوية,1|2,Primary|Preparatory,public,Libya,Tajura' wa an Nawahi al Arba,,,,,,32.69897,13.15418,official_emis,exact,closed_temporary
LBY_003383,KU-011,LBY,RMSAN ALSWIHLE,رمضان السويحلي,1|2,Primary|Preparatory,public,Libya,An Nuqat al Khams,,,,,,32.78817,12.19096,official_emis,exact,closed_temporary
LBY_003384,TR-271,LBY,ROSEL ALHATIRA,رسل الحضارة,1|2,Primary|Preparatory,public,Libya,Tajura' wa an Nawahi al Arba,,,,,,32.87811,13.25963,official_emis,exact,open
LBY_003385,WS-070,LBY,ROSEL ELHADARA,رسل الحضارة,3,Secondary (Economic Sciences),public,Libya,Ash Shati',,,,,,27.49709,13.9763,official_emis,exact,open
LBY_003386,GM-029,LBY,ROWAYEFA  A LANSAREY,رويفع الانصاري,1|2,Primary|Preparatory,public,Libya,Al Jabal al Akhdar,,,,,,32.76325,21.76127,official_emis,exact,open
LBY_003387,GM-202,LBY,ROWAYEFA  A LANSAREY,رويفع الانصاري,1,Primary,public,Libya,Al Jabal al Akhdar,,,,,,32.76325,21.76127,official_emis,exact,open
LBY_003388,MI-177,LBY,RSUL ALHDARA,رسل الحضارة,3,Secondary (Medical Sciences)|Secondary (Engineering Sciences),public,Libya,Al Marqab,,,,,,32.57915,13.99632,official_emis,exact,open
LBY_003389,MI-471,LBY,RWEFAA ELANSARY,رويفع الانصاري,1,Primary,public,Libya,Al Marqab,,,,,,32.52508,14.37347,official_emis,exact,closed_temporary
LBY_003390,WA-030,LBY,RWIFA ALANSARE,رويفع الأنصاري,1|2,Primary|Preparatory,public,Libya,Ajdabiya,,,,,,29.306361,21.64275,official_emis,exact,open
LBY_003391,BI-522,LBY,SAAD BEN ABEE WAKAS,سعد بن ابي وقاص,1,Primary,public,Libya,Benghazi,,,,,,32.137385,20.117073,official_emis,exact,open
LBY_003392,BI-004,LBY,SAAD BEN ABEE WAKAS,سعد بن ابي وقاص,1,Primary,public,Libya,Benghazi,,,,,,32.137385,20.117073,official_emis,exact,open
LBY_003393,WA-014,LBY,SAAD BEN ABEE WAKAS,سعد بن ابي وقاص,1|2,Primary|Preparatory,public,Libya,Ajdabiya,,,,,,29.02656,21.560289,official_emis,exact,open
LBY_003394,ZA-064,LBY,SAAD BEN MOAD,سعد بن معاد,1,Primary,public,Libya,Az Zawiyah,,,,,,32.77004,12.70862,official_emis,exact,open
LBY_003395,KU-056,LBY,SABARAT ALSAMALEA,صبراتة الشمالية,1|2,Primary|Preparatory,public,Libya,An Nuqat al Khams,,,,,,32.79546,12.48874,official_emis,exact,closed_temporary
LBY_003396,KU-135,LBY,SABTS FPAER,فبراير 17,1|2,Primary|Preparatory,public,Libya,An Nuqat al Khams,,,,,,32.75987,12.28744,official_emis,exact,open
LBY_003397,JA-315,LBY,SADA ABD ALHYF,سيدى عبد اللطيف,1|3,Primary|Secondary (Medical Sciences)|Secondary (Engineering Sciences)|Secondary (Economic Sciences),public,Libya,Az Zawiyah,,,,,,32.74105,12.99879,official_emis,exact,closed_temporary
LBY_003398,ZA-018,LBY,SADON,سعدون,1|2,Primary|Preparatory,public,Libya,Az Zawiyah,,,,,,32.64048,12.73656,official_emis,exact,closed_temporary
LBY_003399,MU-001,LBY,SADON ALSOHILI,سعدون السويحلى,3,Secondary (Economic Sciences),public,Libya,Misratah,,,,,,32.38241,15.0923,official_emis,exact,open
LBY_003400,KU-110,LBY,SADOON ALSWEHLEY,سعدون السويحلي,1|2,Primary|Preparatory,public,Libya,An Nuqat al Khams,,,,,,32.74739,12.30664,official_emis,exact,open
LBY_003401,TR-293,LBY,SADOUN ALSWEHLI,سعدون السويحلى,1,Primary,public,Libya,Tajura' wa an Nawahi al Arba,,,,,,32.87517,13.23323,official_emis,exact,open
LBY_003402,WM-073,LBY,SADRORES,سدرورس,1|2,Primary|Preparatory,public,Libya,Mizdah,,,,,,32.17971,13.10228,official_emis,exact,open
LBY_003403,MI-062,LBY,SADUON ASWIHLI,سعدون السويحلي,1|2,Primary|Preparatory,public,Libya,Al Marqab,,,,,,32.53383,14.12525,official_emis,exact,open
LBY_003404,JA-244,LBY,SAHAD ALKETAN,شهداء الختنة,3,Secondary (Medical Sciences)|Secondary (Engineering Sciences)|Secondary (Economic Sciences),public,Libya,Al Jifarah,,,,,,32.56183,12.99412,official_emis,exact,open
LBY_003405,TR-184,LBY,SAHADA 15 ALTER,شهداء 15 الطير,1|2,Primary|Preparatory,public,Libya,Tajura' wa an Nawahi al Arba,,,,,,32.89211,13.20116,official_emis,exact,open
LBY_003406,TR-468,LBY,SAHADA AIN ZARA SCHOOL,شهداء عين زارة,1|2|3,Primary|Preparatory|Secondary (Medical Sciences)|Secondary (Engineering Sciences),public,Libya,Tajura' wa an Nawahi al Arba,,,,,,32.83198,13.23688,official_emis,exact,unknown
LBY_003407,MI-052,LBY,SAHADA ALABABASA,شهداء العبباسية,3,Secondary (Medical Sciences),public,Libya,Tajura' wa an Nawahi al Arba,,,,,,32.59884,13.47342,official_emis,exact,open
LBY_003408,SI-102,LBY,SAHADA ALHANI,شهداء الهانى,1|2,Primary|Preparatory,public,Libya,Surt,,,,,,31.01212,17.44499,official_emis,exact,open
LBY_003409,TR-467,LBY,SAHADA ALKALEJ SCHOOL,شهداء الخيلج,1|2,Primary|Preparatory,public,Libya,Tajura' wa an Nawahi al Arba,,,,,,32.77385,13.28392,official_emis,exact,open
LBY_003410,WM-115,LBY,SAHADA ALORBAN,شهداء العربان,1|2,Primary|Preparatory,public,Libya,Mizdah,,,,,,32.13707,13.35886,official_emis,exact,open
LBY_003411,AJ-039,LBY,SAHADA ALRAMASH,شهداء الرمصة,1|2,Primary|Preparatory,public,Libya,Ajdabiya,,,,,,30.95331,20.12262,official_emis,exact,open
LBY_003412,MU-197,LBY,SAHADA TEKARFT,شهداء تاقرفت,1|2,Primary|Preparatory,public,Libya,Misratah,,,,,,32.2979,15.11816,official_emis,exact,open
LBY_003413,MI-285,LBY,SAHAL ALJAFARA,سهل الجفارة,1|2,Primary|Preparatory,public,Libya,Tajura' wa an Nawahi al Arba,,,,,,32.75356,13.75512,official_emis,exact,open
LBY_003414,GM-122,LBY,SAHAT ALASASE,شحات الاساسية,1|2,Primary|Preparatory,public,Libya,Al Jabal al Akhdar,,,,,,32.32276,21.85637,official_emis,exact,closed_temporary
LBY_003415,GM-097,LBY,SAID ALKHAZALI,سعيد الخزعلي,1|2,Primary|Preparatory,public,Libya,Al Jabal al Akhdar,,,,,,32.66137,21.68208,official_emis,exact,closed_temporary
LBY_003416,WM-378,LBY,SAID BEN ABE WAKIAS,سعد بن ابي وقاص,1|2,Primary|Preparatory,public,Libya,Mizdah,,,,,,32.021,12.36417,official_emis,exact,open
LBY_003417,MI-361,LBY,SAID BEN ABE WAKIAS,سعد بن أبي وقاص,1|2,Primary|Preparatory,public,Libya,Al Marqab,,,,,,32.34814,13.84995,official_emis,exact,open
LBY_003418,GM-091,LBY,SAID YOUSEF RADWAN,سعد يوسف رضوان,1,Primary,public,Libya,Al Jabal al Akhdar,,,,,,32.59075,21.71375,official_emis,exact,closed_temporary
LBY_003419,BI-031,LBY,SAKAR KORECH,صقر قريش,2,Preparatory,public,Libya,Benghazi,,,,,,32.1284,20.10863,official_emis,exact,open
LBY_003420,MU-050,LBY,SAKENI BENT ALHOSIEN,سكينة بنت الحسين,1|2,Primary|Preparatory,public,Libya,Misratah,,,,,,32.37288,15.08304,official_emis,exact,open
LBY_003421,WH-005,LBY,SAKENI BENT ALHOSIEN,سكينة بنت الحسين,1,Primary,public,Libya,Wadi al Hayaa,,,,,,26.58454,12.78074,official_emis,exact,open
LBY_003422,TU-013,LBY,SALA ALHDA,صالح الحداد,1|2,Primary|Preparatory,public,Libya,Al Butnan,,,,,,32.08639,23.98156,official_emis,exact,open
LBY_003423,MU-279,LBY,SALAH ADEEN,صلاح الدين,1|2,Primary|Preparatory,public,Libya,Misratah,,,,,,31.768636,14.000584,official_emis,exact,closed_temporary
LBY_003424,JA-180,LBY,SALAH ADEEN ALAYOPE,صلاح الدين الايوبي,1,Primary,public,Libya,Al Marqab,,,,,,32.45358,14.519,official_emis,exact,closed_temporary
LBY_003425,SI-013,LBY,SALAH ADEEN ALAYOPE,صلاح الدين الايوبي,1|2,Primary|Preparatory,public,Libya,Surt,,,,,,31.05011,16.71149,official_emis,exact,open
LBY_003426,JA-056,LBY,SALAH ADEEN ALAYUBI,صلاح الدين الأيوبي,1|2,Primary|Preparatory,public,Libya,Tajura' wa an Nawahi al Arba,,,,,,32.73727,13.13217,official_emis,exact,open
LBY_003427,MU-406,LBY,SALAH ADEN,صلاح الدين الاساسي,1|2,Primary|Preparatory,public,Libya,Al Marqab,,,,,,32.48247,14.55161,official_emis,exact,open
LBY_003428,GA-013,LBY,SALAH ADIN ALAIOBI,صلاح الدين الايوبي,1|2,Primary|Preparatory,public,Libya,Ghat,,,,,,24.8916,10.18354,official_emis,exact,open
LBY_003429,AJ-018,LBY,SALAH AL ATYOWCH,صالح الاطيوش,1|2,Primary|Preparatory,public,Libya,Ajdabiya,,,,,,30.76733,20.23001,official_emis,exact,open
LBY_003430,SI-068,LBY,SALAH ALATEUOSH,صالح الاطيوش,3,Secondary (Medical Sciences)|Secondary (Engineering Sciences),public,Libya,Surt,,,,,,30.78003,17.83963,official_emis,exact,open
LBY_003431,SI-067,LBY,SALAH ALATEUOSH,صالح الاطيوش,1|2,Primary|Preparatory,public,Libya,Surt,,,,,,30.7838,17.83603,official_emis,exact,open
LBY_003432,TU-010,LBY,SALAH ALDAUN ALTANWE,صلاح الدين الثانوية,1|2|3,Primary|Preparatory|Secondary (Economic Sciences),public,Libya,,,,,,,32.07755,24.00078,official_emis,exact,open
LBY_003433,WM-406,LBY,SALAH ALDEEN,صلاح الدين,1,Primary,public,Libya,Mizdah,,,,,,32.1047,12.93694,official_emis,exact,open
LBY_003434,BI-126,LBY,SALAH ALDEEN,صلاح الدين,3,Secondary (Medical Sciences),public,Libya,Benghazi,,,,,,32.083359,20.076207,official_emis,exact,open
LBY_003435,WA-016,LBY,SALAH ALDEEN,صلاح الدين,3,Secondary (Medical Sciences),public,Libya,Ajdabiya,,,,,,29.032972,21.549595,official_emis,exact,open
LBY_003436,WM-090,LBY,SALAH ALDEEN,صلاح الدين,1|2,Primary|Preparatory,public,Libya,Mizdah,,,,,,32.1047,12.93694,official_emis,exact,open
LBY_003437,ZA-174,LBY,SALAH ALDEEN ALAIOBE,صلاح الدين الايوبي,1|2,Primary|Preparatory,public,Libya,Az Zawiyah,,,,,,32.7005,12.66717,official_emis,exact,closed_temporary
LBY_003438,WM-368,LBY,SALAH ALDEEN ALAYOBEY,صلاح الدين الايوبي,1|2,Primary|Preparatory,public,Libya,Mizdah,,,,,,31.94355,12.01452,official_emis,exact,open
LBY_003439,MI-345,LBY,SALAH ALDEIN AL AYOUPY,صلاح الدين الأيوبي,1|2,Primary|Preparatory,public,Libya,Al Marqab,,,,,,32.44172,13.61852,official_emis,exact,open
LBY_003440,MA-009,LBY,SALAH ALDEYN,صلاح الدين,1|2,Primary|Preparatory,public,Libya,Al Marj,,,,,,32.58274,21.0448,official_emis,exact,open
LBY_003441,WS-014,LBY,SALAH ALDEYN,صلاح الدين,2,Preparatory,public,Libya,Ash Shati',,,,,,27.53543,14.25741,official_emis,exact,open
LBY_003442,TU-031,LBY,SALAH ALSAKAR,صالح الساكر,1|2,Primary|Preparatory,public,Libya,Al Butnan,,,,,,32.07537,23.94844,official_emis,exact,open
LBY_003443,BI-261,LBY,SALAH BOWYSER,صالح بويصير,3,Secondary (Economic Sciences),public,Libya,Benghazi,,,,,,32.11857,20.08435,official_emis,exact,open
LBY_003444,JA-092,LBY,SALAH EDDEEN,صلاح الدين,1|2,Primary|Preparatory,public,Libya,Tajura' wa an Nawahi al Arba,,,,,,32.47817,13.38446,official_emis,exact,open
LBY_003445,WM-146,LBY,SALAHADEEN,صلاح الدين,1|2,Primary|Preparatory,public,Libya,Mizdah,,,,,,32.01405,12.82073,official_emis,exact,open
LBY_003446,MU-068,LBY,SALAHADEEN ALEUOBI,صلاح الدين الأيوبي,1|2,Primary|Preparatory,public,Libya,Misratah,,,,,,32.30276,15.08443,official_emis,exact,open
LBY_003447,SA-094,LBY,SALAHADEEN ALEUOBI,صلاح الدين الأيوبي,1,Primary,public,Libya,Sabha,,,,,,27.03534,14.43562,official_emis,exact,closed_temporary
LBY_003448,SA-044,LBY,SALAHADEEN ALEUOBI,صلاح الدين الأيوبي,1,Primary,public,Libya,Sabha,,,,,,27.03534,14.43562,official_emis,exact,open
LBY_003449,GM-080,LBY,SALAK BOASAKER,سلك بوعسكر,1|2,Primary|Preparatory,public,Libya,Al Jabal al Akhdar,,,,,,32.758123,21.761273,official_emis,exact,closed_temporary
LBY_003450,SI-108,LBY,SALAM ALSHRAKE,سالم الشرقى,1|2,Primary|Preparatory,public,Libya,Surt,,,,,,31.15044,16.94824,official_emis,exact,open
LBY_003451,DA-089,LBY,SALEH EMTER,ثانوية صالح  امطير,3,Secondary (Engineering Sciences)|Secondary (Economic Sciences),public,Libya,Al Qubbah,,,,,,32.78836,21.99953,official_emis,exact,open
LBY_003452,TR-032,LBY,SALEM ABDAKABE,سالم عبد النبي,1|2,Primary|Preparatory,public,Libya,Tajura' wa an Nawahi al Arba,,,,,,32.84343,13.11692,official_emis,exact,open
LBY_003453,WM-323,LBY,SALEM ABDALNABY,سالم عبد النبي,1|2,Primary|Preparatory,public,Libya,Mizdah,,,,,,31.93109,12.24897,official_emis,exact,open
LBY_003454,KU-163,LBY,SALEM ABOBAKER,سالم ابوبكر,1|2,Primary|Preparatory,public,Libya,An Nuqat al Khams,,,,,,32.93933,12.07917,official_emis,exact,closed_temporary
LBY_003455,ZA-125,LBY,SALEM ASHOSHAN,سالم الشوشان,1|2,Primary|Preparatory,public,Libya,Az Zawiyah,,,,,,32.675,12.54311,official_emis,exact,open
LBY_003456,WM-231,LBY,SALEM BEN ABDELNABI,سالم بن عبد النبي,1|2,Primary|Preparatory,public,Libya,Mizdah,,,,,,30.41518,13.41694,official_emis,exact,open
LBY_003457,GM-125,LBY,SALEMAN ADRES,سليمان ادريس,1|2,Primary|Preparatory,public,Libya,Al Jabal al Akhdar,,,,,,32.61816,21.91358,official_emis,exact,open
LBY_003458,MI-362,LBY,SALEMAN ALBARONE,سليمان الباروني,1|2,Primary|Preparatory,public,Libya,Al Marqab,,,,,,32.50813,13.71695,official_emis,exact,open
LBY_003459,KU-147,LBY,SALEMAN ALKATER,سليمان خاطر,1|2,Primary|Preparatory,public,Libya,An Nuqat al Khams,,,,,,32.67633,12.28775,official_emis,exact,open
LBY_003460,MI-424,LBY,SALEN ALWESATA,سليين الوسطى,1|2,Primary|Preparatory,public,Libya,Al Marqab,,,,,,32.66125,14.151,official_emis,exact,open
LBY_003461,TR-253,LBY,SALH MASOOD ABOBSEER,صالح مسعود بو بصير,1,Primary,public,Libya,Tajura' wa an Nawahi al Arba,,,,,,32.89204,13.22436,official_emis,exact,open
LBY_003462,NA-048,LBY,SALIH ADEEN,صلاح الدين,1|2,Primary|Preparatory,public,Libya,Ghadamis,,,,,,30.17897,10.45001,official_emis,exact,open
LBY_003463,GM-130,LBY,SALMAN ALHAMARE,سليمان  الحمرى,1|2,Primary|Preparatory,public,Libya,Al Jabal al Akhdar,,,,,,32.61526,21.86871,official_emis,exact,open
LBY_003464,SA-097,LBY,SAMNO,سمنو,1,Primary,public,Libya,Sabha,,,,,,27.27456,14.88043,official_emis,exact,open
LBY_003465,SA-053,LBY,SAMNO,سمنو,1,Primary,public,Libya,Sabha,,,,,,27.27456,14.88043,official_emis,exact,open
LBY_003466,KU-051,LBY,SANA MHEDLY,سناء محيدلي,1|2,Primary|Preparatory,public,Libya,An Nuqat al Khams,,,,,,32.76205,12.53268,official_emis,exact,closed_temporary
LBY_003467,MU-315,LBY,SANA MOHIDALI,سناء محيدلي,3,Secondary (Medical Sciences),public,Libya,Misratah,,,,,,31.745057,14.01599,official_emis,exact,closed_temporary
LBY_003468,JA-234,LBY,SANA MOHIDALI,سناء محيدلي,1|2,Primary|Preparatory,public,Libya,Al Jifarah,,,,,,32.54476,12.96717,official_emis,exact,open
LBY_003469,NA-113,LBY,SANA MUHAIDALE,سناء محيدلي,1|2,Primary|Preparatory,public,Libya,Ghadamis,,,,,,32.01204,11.3543,official_emis,exact,open
LBY_003470,SI-084,LBY,SANA YOUSIF,سناء يوسف,1|2,Primary|Preparatory,public,Libya,Surt,,,,,,31.17796,16.59708,official_emis,exact,open
LBY_003471,BI-456,LBY,SAQER KORECH,صقر قريش,1,Primary,public,Libya,Benghazi,,,,,,32.1284,20.10863,official_emis,exact,open
LBY_003472,DA-064,LBY,SAQER QORAYESH,صقر قريش,1|2,Primary|Preparatory,public,Libya,Al Qubbah,,,,,,32.78151,22.26854,official_emis,exact,open
LBY_003473,TR-171,LBY,SARKHIT ALHOREEYA,صرخة الحرية,2,Preparatory,public,Libya,Tajura' wa an Nawahi al Arba,,,,,,32.87917,13.17133,official_emis,exact,open
LBY_003474,DA-063,LBY,SARSARA,سرسرة,1,Primary,public,Libya,Al Qubbah,,,,,,32.7289,22.3865,official_emis,exact,open
LBY_003475,BI-223,LBY,SAVE ALHAK,سيف الحق,1,Primary,public,Libya,Benghazi,,,,,,32.1437,20.08532,official_emis,exact,open
LBY_003476,TR-033,LBY,SAWAED SLWAHAD SCHOOL,سواعد الوحدة,1|2,Primary|Preparatory,public,Libya,Az Zawiyah,,,,,,32.79088,13.08706,official_emis,exact,open
LBY_003477,GM-062,LBY,SAWASA LEBANAT,سوسة للبنات,1|2,Primary|Preparatory,public,Libya,Al Jabal al Akhdar,,,,,,32.8973,21.9592,official_emis,exact,closed_temporary
LBY_003478,BI-091,LBY,SAYDY ABD AL AITY,سيدي عبد العاطي,1|2,Primary|Preparatory,public,Libya,Benghazi,,,,,,31.42539,20.02897,official_emis,exact,open
LBY_003479,MA-120,LBY,SEDA ALAFE,سيدى اللافى,1|2,Primary|Preparatory,public,Libya,Benghazi,,,,,,32.03002,20.10617,official_emis,exact,open
LBY_003480,JA-243,LBY,SEDA BELRESH,سيدى بالريش,1|2,Primary|Preparatory,public,Libya,Al Jifarah,,,,,,32.59284,13.0663,official_emis,exact,open
LBY_003481,JA-235,LBY,SEDE ALGELANY,سيدي الجيلاني,1|2,Primary|Preparatory,public,Libya,Al Jifarah,,,,,,32.59987,12.95962,official_emis,exact,open
LBY_003482,MA-135,LBY,SEDE MAHUOOS,سيدى مهيوس,1,Primary,public,Libya,Al Marj,,,,,,32.24678,20.73728,official_emis,exact,open
LBY_003483,TU-040,LBY,SEDE RAZAK,سيدى رزق,1,Primary,public,Libya,Al Butnan,,,,,,31.85465,24.0708,official_emis,exact,open
LBY_003484,WM-016,LBY,SEDE YAKOOB,سيدى يعقوب,2,Preparatory,public,Libya,Mizdah,,,,,,32.14789,12.99572,official_emis,exact,closed_temporary
LBY_003485,GM-067,LBY,SEDEY AHMEDA,سيدي احميدة,1,Primary,public,Libya,Al Marj,,,,,,32.57767,21.36761,official_emis,exact,closed_temporary
LBY_003486,MI-028,LBY,SEDEY ALSHAREF,سيدي الشارف,1|2,Primary|Preparatory,public,Libya,Al Marqab,,,,,,32.30664,13.40814,official_emis,exact,open
LBY_003487,BI-079,LBY,SEDI KALEFA,سيدى خليفة,1,Primary,public,Libya,Benghazi,,,,,,32.25046,20.194725,official_emis,exact,open
LBY_003488,BI-471,LBY,SEDI KHALIFA,سيدى خليفة,1,Primary,public,Libya,Benghazi,,,,,,32.25046,20.194725,official_emis,exact,open
LBY_003489,MA-096,LBY,SEDT ALI,سيدي علي,1|2,Primary|Preparatory,public,Libya,Benghazi,,,,,,32.30278,20.26507,official_emis,exact,open
LBY_003490,MI-034,LBY,SEEDE AHMED,سيدي احميد,1,Primary,public,Libya,Tajura' wa an Nawahi al Arba,,,,,,32.65619,13.49761,official_emis,exact,open
LBY_003491,WM-043,LBY,SEEDY KALEFA,سيدي خليفه,1|2,Primary|Preparatory,public,Libya,Mizdah,,,,,,32.06953,13.04785,official_emis,exact,open
LBY_003492,TR-034,LBY,SEF ALESLAAM SABEQN,سيف الإسلام سابقا,1|2,Primary|Preparatory,public,Libya,Tajura' wa an Nawahi al Arba,,,,,,32.84388,13.12525,official_emis,exact,open
LBY_003493,NA-082,LBY,SENAWEN ALTANAWEYA,سيناون التانوية,3,Secondary (Economic Sciences),public,Libya,Ghadamis,,,,,,31.02172,10.59925,official_emis,exact,open
LBY_003494,GM-129,LBY,SH,شهداء 17 فبراير,1,Primary,public,Libya,Al Jabal al Akhdar,,,,,,32.68874,21.90104,official_emis,exact,closed_temporary
LBY_003495,ZA-128,LBY,SHABAB AL HOREYA,شباب الحرية,1|2,Primary|Preparatory,public,Libya,Az Zawiyah,,,,,,32.68707,12.52325,official_emis,exact,closed_temporary
LBY_003496,BI-178,LBY,SHABAB ALENTEFADA,شباب الانتفاضة,2,Preparatory,public,Libya,Benghazi,,,,,,32.089788,20.097043,official_emis,exact,open
LBY_003497,bi-514,LBY,SHABAB ALHORYA,شباب الحرية,1,Primary,public,Libya,Benghazi,,,,,,32.075172,20.11035,official_emis,exact,open
LBY_003498,BI-007,LBY,SHABAB ALTAWRA,شباب الثورة,3,Secondary (Medical Sciences),public,Libya,Benghazi,,,,,,32.13889,20.10827,official_emis,exact,open
LBY_003499,GA-026,LBY,SHADA 17 FEBRUARY,شهداء 17 فبراير,1|2|3,Primary|Preparatory|Secondary (Economic Sciences),public,Libya,Ghat,,,,,,24.78216,10.18128,official_emis,exact,open
LBY_003500,WM-215,LBY,SHADA 17 FEBRUARY,شهداء 17 فبراير,1|2,Primary|Preparatory,public,Libya,Mizdah,,,,,,31.28575,13.46069,official_emis,exact,open
LBY_003501,JA-200,LBY,SHADA ABD ALJALEEL,شهداء عبدالجليل,1|2,Primary|Preparatory,public,Libya,Az Zawiyah,,,,,,32.7335,13.07806,official_emis,exact,closed_temporary
LBY_003502,MI-534,LBY,SHADA ALAFEER / BOYS,شهداء الحفير/ بنين,3,Secondary (Medical Sciences)|Secondary (Engineering Sciences)|Secondary (Economic Sciences),public,Libya,Al Marqab,,,,,,32.61954,14.31525,official_emis,exact,open
LBY_003503,GM-199,LBY,SHADA ALBEDA ALJADEDA,شهداء البيضاء الجديدة,1,Primary,public,Libya,Al Jabal al Akhdar,,,,,,32.76301,21.79297,official_emis,exact,open
LBY_003504,GM-025,LBY,SHADA ALBEDAA ALJADEDA,شهداء البيضاء الجديدة,1|2,Primary|Preparatory,public,Libya,Al Jabal al Akhdar,,,,,,32.76301,21.79297,official_emis,exact,closed_temporary
LBY_003505,TU-050,LBY,SHADA ALESHRA,شهداء العشرة,1|2,Primary|Preparatory,public,Libya,Al Butnan,,,,,,32.10139,23.72017,official_emis,exact,open
LBY_003506,BI-195,LBY,SHADA ALFWEHAT,شهداء الفويهات,2,Preparatory,public,Libya,Benghazi,,,,,,32.073685,20.079297,official_emis,exact,open
LBY_003507,DA-160,LBY,SHADA ALKARES,شهداء الخرص,1,Primary,public,Libya,Al Qubbah,,,,,,32.7577,22.38183,official_emis,exact,open
LBY_003508,WM-352,LBY,SHADA ALREHEBAT / ALETEHAD ALAFREKEE,شهداء الرحيبات/ الاتحاد الافريقي,3,Secondary (Medical Sciences)|Secondary (Engineering Sciences)|Secondary (Economic Sciences),public,Libya,Mizdah,,,,,,31.87563,11.89733,official_emis,exact,open
LBY_003509,MU-399,LBY,SHADA ALSHAT,شهداء الشط,1|2,Primary|Preparatory,public,Libya,Al Marqab,,,,,,32.48506,14.56941,official_emis,exact,open
LBY_003510,MI-056,LBY,SHADA ALSHOREF ALTANAWEYA,شهداء الشويرف الثانوية,3,Secondary (Medical Sciences),public,Libya,Al Marqab,,,,,,32.14284,13.46766,official_emis,exact,open
LBY_003511,MI-367,LBY,SHADA FAAM MALGA,فم ملغة,1|2,Primary|Preparatory,public,Libya,Tajura' wa an Nawahi al Arba,,,,,,32.41655,13.3687,official_emis,exact,open
LBY_003512,NA-034,LBY,SHADA TEKWET ALEADADIA,شهداء تكويت الاعدادية,2,Preparatory,public,Libya,Ghadamis,,,,,,31.96008,11.02518,official_emis,exact,open
LBY_003513,DA-121,LBY,SHADA WADI ALSHAQA,شهداء وادي الشقة,1,Primary,public,Libya,Al Qubbah,,,,,,32.30048,23.08523,official_emis,exact,open
LBY_003514,WM-388,LBY,SHAFY,شفي,1|2,Primary|Preparatory,public,Libya,Mizdah,,,,,,31.99842,12.08629,official_emis,exact,open
LBY_003515,WM-019,LBY,SHAHIDAT ALESLAM,شهيدات الإسلام,1|2,Primary|Preparatory,public,Libya,Mizdah,,,,,,32.16766,13.01462,official_emis,exact,open
LBY_003516,WM-145,LBY,SHAHIRAT ALAREB,شهيرات العرب,1|2,Primary|Preparatory,public,Libya,Mizdah,,,,,,32.03951,12.87141,official_emis,exact,open
LBY_003517,AJ-043,LBY,SHAHWAN,شهوان,1|2,Primary|Preparatory,public,Libya,Ajdabiya,,,,,,31.05894,20.20787,official_emis,exact,open
LBY_003518,BI-114,LBY,SHAIK AL SHOHADA,شيخ الشهداء,3,Secondary (Engineering Sciences)|Secondary (Economic Sciences),public,Libya,Benghazi,,,,,,31.66929,20.25819,official_emis,exact,open
LBY_003519,WM-384,LBY,SHAKSHOK ATANAWYA,شكشوك الثانوية,3,Secondary (Engineering Sciences)|Secondary (Economic Sciences),public,Libya,Mizdah,,,,,,32.01579,11.95636,official_emis,exact,open
LBY_003520,ZA-212,LBY,SHALGODA,شلغودة,1|2,Primary|Preparatory,public,Libya,Az Zawiyah,,,,,,32.37491,12.64145,official_emis,exact,open
LBY_003521,MI-022,LBY,SHAMAS ALMAERAFA,شمس المعرفة,1|2,Primary|Preparatory,public,Libya,Tajura' wa an Nawahi al Arba,,,,,,32.6148,13.38803,official_emis,exact,open
LBY_003522,BI-065,LBY,SHAMASH,شعماش,1|2,Primary|Preparatory,public,Libya,Benghazi,,,,,,31.91095,20.0022,official_emis,exact,open
LBY_003523,MI-057,LBY,SHAMES ALHORIA,شمس الحرية,3,Secondary (Medical Sciences)|Secondary (Engineering Sciences)|Secondary (Economic Sciences),public,Libya,Al Marqab,,,,,,32.53642,14.1162,official_emis,exact,open
LBY_003524,TR-458,LBY,SHAMS ALHURIA,شمس الحرية,2,Preparatory,public,Libya,Tajura' wa an Nawahi al Arba,,,,,,32.8631,13.27183,official_emis,exact,unknown
LBY_003525,BI-090,LBY,SHAT ALBDEN,شط البدين,1|2|3,Primary|Preparatory|Secondary (Economic Sciences),public,Libya,Ajdabiya,,,,,,31.23262,20.17411,official_emis,exact,open
LBY_003526,MU-162,LBY,SHATA ALAMAN,شاطئ الامان,1|2,Primary|Preparatory,public,Libya,Misratah,,,,,,32.39984,15.00795,official_emis,exact,open
LBY_003527,JA-142,LBY,SHAYEKH ALSHOHDA,شيخ الشهداء,1|2,Primary|Preparatory,public,Libya,Tajura' wa an Nawahi al Arba,,,,,,32.60011,13.21249,official_emis,exact,closed_temporary
LBY_003528,TR-364,LBY,SHBAB ALFATAH,شباب الفاتح,1|2,Primary|Preparatory,public,Libya,Tajura' wa an Nawahi al Arba,,,,,,32.8478,13.16418,official_emis,exact,open
LBY_003529,bi-209,LBY,SHBAB ALHRIT,شباب الحرية,1|2,Primary|Preparatory,public,Libya,Benghazi,,,,,,32.075172,20.11035,official_emis,exact,open
LBY_003530,MI-266,LBY,SHBABA ALGAD,شباب الغد,1|2,Primary|Preparatory,public,Libya,Tajura' wa an Nawahi al Arba,,,,,,32.75119,13.77159,official_emis,exact,open
LBY_003531,MI-239,LBY,SHDA ALIMH,شهداء الامة,1|2,Primary|Preparatory,public,Libya,Tajura' wa an Nawahi al Arba,,,,,,32.70222,13.78016,official_emis,exact,open
LBY_003532,TU-054,LBY,SHDA ALQLA,شهداء العقلية,1|2,Primary|Preparatory,public,Libya,Al Butnan,,,,,,32.13202,23.55519,official_emis,exact,open
LBY_003533,NA-103,LBY,SHDA ALWFA,شهداء الوصيفى,1|2,Primary|Preparatory,public,Libya,Ghadamis,,,,,,32.05318,11.53235,official_emis,exact,open
LBY_003534,TU-058,LBY,SHDA AUN,شهداء عين الغزالة,1|2,Primary|Preparatory,public,Libya,Al Butnan,,,,,,32.14456,23.35627,official_emis,exact,open
LBY_003535,JA-216,LBY,SHDA BRUAN,شهداء بالروين,1|2,Primary|Preparatory,public,Libya,Az Zawiyah,,,,,,32.75502,13.03089,official_emis,exact,open
LBY_003536,WM-391,LBY,SHDAE ALWJIM,شهداء الوخيم,1|2,Primary|Preparatory,public,Libya,Mizdah,,,,,,31.97099,12.12921,official_emis,exact,open
LBY_003537,WM-393,LBY,SHDAE MRCIT,شهداء مرسيط,1|2,Primary|Preparatory,public,Libya,Mizdah,,,,,,31.93955,12.09129,official_emis,exact,open
LBY_003538,WM-392,LBY,SHDAE TIPSHAN,شهداء تيبشان,1|2,Primary|Preparatory,public,Libya,Mizdah,,,,,,31.85901,12.21139,official_emis,exact,open
LBY_003539,JA-007,LBY,SHDAI AWLAD ABI AISHT,شهداء اولاد ابى عائشه,1|2,Primary|Preparatory,public,Libya,Al Marqab,,,,,,32.46723,14.6154,official_emis,exact,open
LBY_003540,JA-233,LBY,SHDI ALGRIUT,شهداء الجراية,1|2,Primary|Preparatory,public,Libya,Al Jifarah,,,,,,32.53987,12.90939,official_emis,exact,open
LBY_003541,MA-002,LBY,SHDI SDOS,شهداء اسدوس,1|2,Primary|Preparatory,public,Libya,Al Marj,,,,,,32.73682,21.29642,official_emis,exact,open
LBY_003542,JA-218,LBY,SHDIGNWER,شهداء جنزور,1|2,Primary|Preparatory,public,Libya,Al Marqab,,,,,,32.44646,14.58443,official_emis,exact,open
LBY_003543,TR-251,LBY,SHEEKH ESSID,الشيخ الصيد,1,Primary,public,Libya,Tajura' wa an Nawahi al Arba,,,,,,32.9016,13.24602,official_emis,exact,closed_temporary
LBY_003544,MA-087,LBY,SHEEKH SHOHDDA,شيخ الشهداء,1|2,Primary|Preparatory,public,Libya,Al Marj,,,,,,32.46474,21.00452,official_emis,exact,open
LBY_003545,MU-143,LBY,SHEHAB ELDEN,شهاب الدين,1|2,Primary|Preparatory,public,Libya,Misratah,,,,,,32.37245,15.15019,official_emis,exact,open
LBY_003546,GM-087,LBY,SHEKH ALSHOHADA,شيخ الشهداء,1|2,Primary|Preparatory,public,Libya,Al Jabal al Akhdar,,,,,,32.52413,21.48362,official_emis,exact,closed_temporary
LBY_003547,JA-071,LBY,SHHADA SWANI BIN YADEM,شهداء سواني بن يادم الكريمية,1|2,Primary|Preparatory,public,Libya,Az Zawiyah,,,,,,32.71308,13.06712,official_emis,exact,open
LBY_003548,KU-284,LBY,SHHDAE ABE KMASH,شهداء ابى كماش,3,Secondary (Medical Sciences),public,Libya,An Nuqat al Khams,,,,,,33.07736,11.73317,official_emis,exact,closed_temporary
LBY_003549,MI-417,LBY,SHID ALGRHN,شهداء شقران,1|2,Primary|Preparatory,public,Libya,Al Marqab,,,,,,32.62912,14.15307,official_emis,exact,open
LBY_003550,MI-116,LBY,SHID RIS AIZIL,شهداء راس غزال,1|2,Primary|Preparatory,public,Libya,Tajura' wa an Nawahi al Arba,,,,,,32.68766,13.86356,official_emis,exact,open
LBY_003551,MI-485,LBY,SHKRAN ALMRKZ,شقران المركز,1|2,Primary|Preparatory,public,Libya,Al Marqab,,,,,,32.63882,14.15178,official_emis,exact,open
LBY_003552,ZA-219,LBY,SHLGODA LLOLUOM ALHNDASYA,شغلودة للعلوم الهندسية,3,Secondary (Engineering Sciences),public,Libya,Az Zawiyah,,,,,,32.37507,12.64107,official_emis,exact,closed_temporary
LBY_003553,BI-071,LBY,SHMS ALHRIT,شمس الحرية,1|2,Primary|Preparatory,public,Libya,Benghazi,,,,,,31.65614,20.01343,official_emis,exact,closed_temporary
LBY_003554,BI-498,LBY,SHNAA,سيناء,1,Primary,public,Libya,Benghazi,,,,,,32.14052,20.08596,official_emis,exact,open
LBY_003555,BI-105,LBY,SHOAA ALHUORYA,شعاع الحرية,1,Primary,public,Libya,Benghazi,,,,,,31.66667,20.24787,official_emis,exact,open
LBY_003556,TR-200,LBY,SHODA ALHANEE,شهداء الهاني,1|2,Primary|Preparatory,public,Libya,Tajura' wa an Nawahi al Arba,,,,,,32.88241,13.2195,official_emis,exact,open
LBY_003557,MU-066,LBY,SHODAD ALMGASBA,شهداء المقاصبة,1|2,Primary|Preparatory,public,Libya,Misratah,,,,,,32.35121,15.09571,official_emis,exact,open
LBY_003558,TR-310,LBY,SHOHAAD ALDAMOR,شهداء الدامور,3,Secondary (Engineering Sciences),public,Libya,Tajura' wa an Nawahi al Arba,,,,,,32.88475,13.24839,official_emis,exact,open
LBY_003559,JU-058,LBY,SHOHADA 17 FEBRAYER,شهداء 17فبراير,1,Primary,public,Libya,Al Jufrah,,,,,,29.177,16.15568,official_emis,exact,open
LBY_003560,JU-022,LBY,SHOHADA 17 FEBRAYER,شهداء 17فبراير,1,Primary,public,Libya,Al Jufrah,,,,,,29.177,16.15568,official_emis,exact,open
LBY_003561,ZA-201,LBY,SHOHADA ABE ESSA,شهداء ابي عيسي,3,Secondary (Engineering Sciences)|Secondary (Economic Sciences),public,Libya,Az Zawiyah,,,,,,32.75862,12.63579,official_emis,exact,open
LBY_003562,TR-143,LBY,SHOHADA ABO MELENA,شهداء ابو مليانه,1|2,Primary|Preparatory,public,Libya,Tajura' wa an Nawahi al Arba,,,,,,32.87526,13.18302,official_emis,exact,open
LBY_003563,WM-033,LBY,SHOHADA ABO ZIAN,شهداء ابوزيان,1|2,Primary|Preparatory,public,Libya,Mizdah,,,,,,32.10042,12.97764,official_emis,exact,open
LBY_003564,MI-392,LBY,SHOHADA ABWRT,شهداء عبورة,3,Secondary (Economic Sciences),public,Libya,Tajura' wa an Nawahi al Arba,,,,,,32.65474,13.71744,official_emis,exact,open
LBY_003565,AJ-052,LBY,SHOHADA ADAMOR,شهداء الدامور,1|2,Primary|Preparatory,public,Libya,Ajdabiya,,,,,,30.77041,20.21975,official_emis,exact,open
LBY_003566,JU-010,LBY,SHOHADA AFYA,شهداء عافية,1,Primary,public,Libya,Al Jufrah,,,,,,29.12089,15.9363,official_emis,exact,open
LBY_003567,MA-224,LBY,SHOHADA ALABYAR,شهداء الأبيار,1,Primary,public,Libya,Al Marj,,,,,,32.19219,20.59845,official_emis,exact,open
LBY_003568,MI-322,LBY,SHOHADA ALAGELA,شهداء العقيله,1|2,Primary|Preparatory,public,Libya,Al Marqab,,,,,,32.42569,13.69464,official_emis,exact,open
LBY_003569,TR-381,LBY,SHOHADA ALAGWAR,شهداء الاغوار,1|2,Primary|Preparatory,public,Libya,Tajura' wa an Nawahi al Arba,,,,,,32.79436,13.16429,official_emis,exact,closed_temporary
LBY_003570,WM-165,LBY,SHOHADA ALAKHYAR,شهداء الاخيار,1|2,Primary|Preparatory,public,Libya,Az Zawiyah,,,,,,32.33967,12.78598,official_emis,exact,open
LBY_003571,BI-509,LBY,SHOHADA ALAQELA,شهداء عقيلفة,1,Primary,public,Libya,Benghazi,,,,,,32.127328,20.087115,official_emis,exact,open
LBY_003572,BI-249,LBY,SHOHADA ALAQELA,شهداء العقيلة,1,Primary,public,Libya,Benghazi,,,,,,32.127328,20.087115,official_emis,exact,open
LBY_003573,JA-278,LBY,SHOHADA ALAZIZYA,شهداء العزيزية,1|2,Primary|Preparatory,public,Libya,Al Jifarah,,,,,,32.52598,13.01399,official_emis,exact,open
LBY_003574,DA-094,LBY,SHOHADA ALBREQA,شهداء البريقة,1|2,Primary|Preparatory,public,Libya,Al Qubbah,,,,,,32.72546,22.01928,official_emis,exact,open
LBY_003575,DA-166,LBY,SHOHADA ALBREQA,شهداء البريقة,1,Primary,public,Libya,Al Qubbah,,,,,,32.72546,22.01928,official_emis,exact,open
LBY_003576,MI-019,LBY,SHOHADA ALDAMOOR,شهداء الدامور,1,Primary,public,Libya,Al Marqab,,,,,,32.27276,13.36957,official_emis,exact,open
LBY_003577,WM-114,LBY,SHOHADA ALDAMOR,شهداء الدامور,1|2,Primary|Preparatory,public,Libya,Mizdah,,,,,,32.03555,13.31936,official_emis,exact,closed_temporary
LBY_003578,MU-275,LBY,SHOHADA ALDENAR,شهداء الدينار,1,Primary,public,Libya,Misratah,,,,,,31.771911,13.98853,official_emis,exact,closed_temporary
LBY_003579,WM-044,LBY,SHOHADA ALESLAM,شهداء الاسلام,1|2,Primary|Preparatory,public,Libya,Mizdah,,,,,,32.09157,12.96712,official_emis,exact,open
LBY_003580,MU-111,LBY,SHOHADA ALGERAN,شهداء الغيران,1|2,Primary|Preparatory,public,Libya,Misratah,,,,,,32.35175,15.03162,official_emis,exact,open
LBY_003581,JA-195,LBY,SHOHADA ALGUMA,شهداء الجمعه,3,Secondary (Economic Sciences),public,Libya,Al Marqab,,,,,,32.46119,14.56708,official_emis,exact,open
LBY_003582,WH-053,LBY,SHOHADA ALHANI,شهداء الهاني الثانوية,3,Secondary (Medical Sciences),public,Libya,Wadi al Hayaa,,,,,,26.54685,13.40519,official_emis,exact,open
LBY_003583,ZA-167,LBY,SHOHADA ALHARSHA,شهداء الحرشه,1,Primary,public,Libya,Az Zawiyah,,,,,,32.76133,12.67132,official_emis,exact,closed_temporary
LBY_003584,MI-321,LBY,SHOHADA ALHORIYA,شهداء الحرية,1|2,Primary|Preparatory,public,Libya,Al Marqab,,,,,,32.34345,13.6672,official_emis,exact,open
LBY_003585,BI-087,LBY,SHOHADA ALHOSEN,شهداء الحسين,3,Secondary (Medical Sciences)|Secondary (Economic Sciences),public,Libya,Benghazi,,,,,,31.44086,20.14692,official_emis,exact,closed_temporary
LBY_003586,NA-056,LBY,SHOHADA ALHWAMED,شهداء الحوامد,1|2,Primary|Preparatory,public,Libya,Ghadamis,,,,,,31.97438,11.16532,official_emis,exact,open
LBY_003587,DA-119,LBY,SHOHADA ALJABAL ATAMEME,شهداء الجبل التميمي,2,Preparatory,public,Libya,Al Qubbah,,,,,,32.331737,23.056874,official_emis,exact,open
LBY_003588,DA-174,LBY,SHOHADA ALJABAL ATAMEME,شهداء الجبل التميمي,1,Primary,public,Libya,Al Qubbah,,,,,,32.331737,23.056874,official_emis,exact,open
LBY_003589,WH-021,LBY,SHOHADA ALKALAA,شهداء القلعة,2,Preparatory,public,Libya,Wadi al Hayaa,,,,,,26.54438,13.32249,official_emis,exact,open
LBY_003590,SI-117,LBY,SHOHADA ALKALIJ,شهداء الخليج,3,Secondary (Medical Sciences)|Secondary (Economic Sciences),public,Libya,Surt,,,,,,31.01146,17.43949,official_emis,exact,open
LBY_003591,TU-068,LBY,SHOHADA ALKATARA,شهداء القطاره,1|2,Primary|Preparatory,public,Libya,Al Butnan,,,,,,31.75894,25.07119,official_emis,exact,open
LBY_003592,JA-078,LBY,SHOHADA ALKHALSA,شهداء الخالصة,1|2,Primary|Preparatory,public,Libya,Az Zawiyah,,,,,,32.69599,12.96025,official_emis,exact,open
LBY_003593,GM-079,LBY,SHOHADA ALMAHROGA,شهداء المحروقة,2,Preparatory,public,Libya,Al Jabal al Akhdar,,,,,,32.57014,21.48494,official_emis,exact,closed_temporary
LBY_003594,MI-464,LBY,SHOHADA ALMARQEB,شهداء المرقب,1|2,Primary|Preparatory,public,Libya,Al Marqab,,,,,,32.66044,14.20623,official_emis,exact,open
LBY_003595,DA-097,LBY,SHOHADA ALMHAJA,شهداء المحجة,1|2,Primary|Preparatory,public,Libya,Al Qubbah,,,,,,32.59543,22.09096,official_emis,exact,open
LBY_003596,ZA-229,LBY,SHOHADA ALMOTRED,شهداء المطرد,1|2,Primary|Preparatory,public,Libya,Az Zawiyah,,,,,,32.77617,12.60948,official_emis,exact,closed_temporary
LBY_003597,ZA-213,LBY,SHOHADA ALQENAA,شهداء القنة,1|2,Primary|Preparatory,public,Libya,Az Zawiyah,,,,,,32.3121,12.57006,official_emis,exact,closed_temporary
LBY_003598,MU-042,LBY,SHOHADA ALSAWALEH,شهداء  الصوالح,1|2,Primary|Preparatory,public,Libya,Misratah,,,,,,32.36627,15.04667,official_emis,exact,open
LBY_003599,MU-173,LBY,SHOHADA ALSHAT,شهداء الشط,1|2,Primary|Preparatory,public,Libya,Misratah,,,,,,32.39514,14.939,official_emis,exact,open
LBY_003600,SA-058,LBY,SHOHADA ALSHB,شهداء الشب,2,Preparatory,public,Libya,Sabha,,,,,,27.3694,14.90617,official_emis,exact,open
LBY_003601,BI-472,LBY,SHOHADA ALSLAWY,شهداء السلاوي,1,Primary,public,Libya,Benghazi,,,,,,32.17227,20.13417,official_emis,exact,closed_temporary
LBY_003602,BI-081,LBY,SHOHADA ALSLAWY,شهداء السلاوي,1|2,Primary|Preparatory,public,Libya,Benghazi,,,,,,32.17227,20.13417,official_emis,exact,open
LBY_003603,MI-371,LBY,SHOHADA ALTAHRER,شهداء التحرير,1|2,Primary|Preparatory,public,Libya,Al Marqab,,,,,,32.58833,13.71478,official_emis,exact,closed_temporary
LBY_003604,BI-005,LBY,SHOHADA ALWAJEB,شهداء الواجب,3,Secondary (Medical Sciences)|Secondary (Engineering Sciences),public,Libya,Benghazi,,,,,,32.129086,20.101289,official_emis,exact,open
LBY_003605,MO-088,LBY,SHOHADA ALWAJEB,شهداء الواجب,1,Primary,public,Libya,Murzuq,,,,,,25.92317,13.91956,official_emis,exact,open
LBY_003606,MO-025,LBY,SHOHADA ALWAJEB,شهداء الواجب,1|2,Primary|Preparatory,public,Libya,Murzuq,,,,,,25.92317,13.91956,official_emis,exact,open
LBY_003607,TR-272,LBY,SHOHADA ASHAT,شهداء الشط,1|2,Primary|Preparatory,public,Libya,Tajura' wa an Nawahi al Arba,,,,,,32.9031,13.23821,official_emis,exact,open
LBY_003608,MI-382,LBY,SHOHADA ATAWRA,شهداء الثوره,1|2,Primary|Preparatory,public,Libya,Tajura' wa an Nawahi al Arba,,,,,,32.67784,13.69675,official_emis,exact,closed_temporary
LBY_003609,BI-110,LBY,SHOHADA AZAWYA,شهداء الزاوية,2,Preparatory,public,Libya,Benghazi,,,,,,31.67035,20.25777,official_emis,exact,open
LBY_003610,SI-006,LBY,SHOHADA BADER,شهداء بدر,1|2,Primary|Preparatory,public,Libya,Surt,,,,,,31.10995,16.54579,official_emis,exact,open
LBY_003611,BI-466,LBY,SHOHADA BANGAZI,شهداء بنغازي,1,Primary,public,Libya,Benghazi,,,,,,32.110803,20.09887,official_emis,exact,closed_temporary
LBY_003612,BI-059,LBY,SHOHADA BANGAZI,شهداء بنغازي,1|2,Primary|Preparatory,public,Libya,Benghazi,,,,,,32.110803,20.09887,official_emis,exact,closed_temporary
LBY_003613,JA-101,LBY,SHOHADA BELAK,شهداء بلال,1|2,Primary|Preparatory,public,Libya,Tajura' wa an Nawahi al Arba,,,,,,32.65619,13.49761,official_emis,exact,open
LBY_003614,TR-365,LBY,SHOHADA BIRUT,شهداء بيروت,1|2,Primary|Preparatory,public,Libya,Tajura' wa an Nawahi al Arba,,,,,,32.85358,13.17915,official_emis,exact,open
LBY_003615,GM-010,LBY,SHOHADA ELJABEL ELAKHDAR,شهداء الجبل الأخضر,1|2,Primary|Preparatory,public,Libya,Al Jabal al Akhdar,,,,,,32.788,21.75542,official_emis,exact,open
LBY_003616,WS-034,LBY,SHOHADA ELQARA,شهداء القارة,1|2,Primary|Preparatory,public,Libya,Ash Shati',,,,,,27.50613,14.01451,official_emis,exact,open
LBY_003617,WM-371,LBY,SHOHADA ELRYANA,شهداء الريانية,1|2,Primary|Preparatory,public,Libya,Mizdah,,,,,,32.00559,12.34388,official_emis,exact,open
LBY_003618,JA-102,LBY,SHOHADA ELSHAT,شهداء الشط,1,Primary,public,Libya,Tajura' wa an Nawahi al Arba,,,,,,32.68452,13.53391,official_emis,exact,open
LBY_003619,JA-261,LBY,SHOHADA ELWATN,شهداء الوطن,1,Primary,public,Libya,Tajura' wa an Nawahi al Arba,,,,,,32.56169,13.25053,official_emis,exact,open
LBY_003620,MU-045,LBY,SHOHADA ERMELA ASASY,شهداء الرميلة اساسي,1|2,Primary|Preparatory,public,Libya,Misratah,,,,,,32.36239,15.05505,official_emis,exact,open
LBY_003621,SI-111,LBY,SHOHADA GART AAFIA,شهداء قارة عافية,1|2,Primary|Preparatory,public,Libya,Surt,,,,,,31.00834,17.24824,official_emis,exact,open
LBY_003622,WM-023,LBY,SHOHADA GHRYAN,شهداء غريان الثانوية,3,Secondary (Medical Sciences)|Secondary (Economic Sciences),public,Libya,Mizdah,,,,,,32.16762,13.02217,official_emis,exact,open
LBY_003623,MI-443,LBY,SHOHADA HAMOD,شهداء حمود,1|2,Primary|Preparatory,public,Libya,Al Marqab,,,,,,32.60757,14.25145,official_emis,exact,open
LBY_003624,DA-050,LBY,SHOHADA JABAL NAFOSA,شهداء جبل نفوسة,1,Primary,public,Libya,Al Qubbah,,,,,,32.69816,22.682169,official_emis,exact,open
LBY_003625,BI-117,LBY,SHOHADA JANDOBAA,شهداء جندوبة,1|2,Primary|Preparatory,public,Libya,Benghazi,,,,,,32.098559,20.074209,official_emis,exact,open
LBY_003626,MU-110,LBY,SHOHADA LEBYA,شهداء ليبيا,1|2,Primary|Preparatory,public,Libya,Misratah,,,,,,32.34884,15.02722,official_emis,exact,open
LBY_003627,WM-018,LBY,SHOHADA MANTROS,شهداء منطروس,1|2,Primary|Preparatory,public,Libya,Mizdah,,,,,,32.2249,12.88527,official_emis,exact,open
LBY_003628,BI-109,LBY,SHOHADA SANO,شهداء سانو,1|2,Primary|Preparatory,public,Libya,Benghazi,,,,,,31.504222,20.519621,official_emis,exact,open
LBY_003629,MI-044,LBY,SHOHADA SEDA BANOOR,شهداء سيدي بنور,1|2,Primary|Preparatory,public,Libya,Tajura' wa an Nawahi al Arba,,,,,,32.5845,13.38093,official_emis,exact,open
LBY_003630,KU-167,LBY,SHOHADA SEDY SAED,شهداء سيدي سعيد,1|2,Primary|Preparatory,public,Libya,An Nuqat al Khams,,,,,,32.92993,12.07511,official_emis,exact,closed_temporary
LBY_003631,JU-036,LBY,SHOHADA SHEGAR,شهداء شجار,2,Preparatory,public,Libya,Al Jufrah,,,,,,29.09284,15.77068,official_emis,exact,open
LBY_003632,WM-243,LBY,SHOHADA TAGHMA,شهداء تاغمه,2,Preparatory,public,Libya,Mizdah,,,,,,32.09573,12.55542,official_emis,exact,open
LBY_003633,SI-085,LBY,SHOHADA TAGRIFT,شهداء تاقرفت,1|2,Primary|Preparatory,public,Libya,Surt,,,,,,31.20667,16.56046,official_emis,exact,open
LBY_003634,JU-009,LBY,SHOHADA TAQREFT,شهداء تاقرفت,2,Preparatory,public,Libya,Al Jufrah,,,,,,29.13127,15.93469,official_emis,exact,open
LBY_003635,KU-243,LBY,SHOHADA TAWELT GHAZALA,شهداء طويلة غزالة,1|2,Primary|Preparatory,public,Libya,An Nuqat al Khams,,,,,,32.99757,11.67248,official_emis,exact,open
LBY_003636,WM-324,LBY,SHOHADA WADY ELKHEL,شهداء وادي الخيل,1|2,Primary|Preparatory,public,Libya,Mizdah,,,,,,31.08882,12.35144,official_emis,exact,unknown
LBY_003637,MA-069,LBY,SHOHADA YNAER,شهداء يناير,1|2,Primary|Preparatory,public,Libya,Al Marj,,,,,,32.041134,20.71826,official_emis,exact,open
LBY_003638,MI-387,LBY,SHOHADAA ABORA,شهداء عبورة,1|2,Primary|Preparatory,public,Libya,Tajura' wa an Nawahi al Arba,,,,,,32.65417,13.71836,official_emis,exact,open
LBY_003639,MI-386,LBY,SHOHADAA AL HAJAJ,شهداء الحجاج,1|2,Primary|Preparatory,public,Libya,Tajura' wa an Nawahi al Arba,,,,,,32.63708,13.72639,official_emis,exact,closed_temporary
LBY_003640,MU-079,LBY,SHOHADAA AL MATOS,شهداء ال ماطوس,1|2,Primary|Preparatory,public,Libya,Misratah,,,,,,32.37272,15.09766,official_emis,exact,open
LBY_003641,TU-024,LBY,SHOHADAA ALAQSA,شهداء الاقصى,1|2,Primary|Preparatory,public,Libya,Al Butnan,,,,,,32.08093,23.90613,official_emis,exact,open
LBY_003642,DA-009,LBY,SHOHADAA ALJOMAA,شهداء الجمعه,1|2,Primary|Preparatory,public,Libya,Al Qubbah,,,,,,32.73592,22.5977,official_emis,exact,open
LBY_003643,MU-368,LBY,SHOHADAA ALOROBA,شهداء العروبة,1|2,Primary|Preparatory,public,Libya,Al Marqab,,,,,,32.34617,14.52494,official_emis,exact,open
LBY_003644,MU-073,LBY,SHOHADAA ALSABET,شهداء السبت,1|2,Primary|Preparatory,public,Libya,Misratah,,,,,,32.35286,15.10399,official_emis,exact,open
LBY_003645,MI-200,LBY,SHOHADAA ALSAID,شهداء السيد,1|2,Primary|Preparatory,public,Libya,Al Marqab,,,,,,32.46263,14.56118,official_emis,exact,closed_temporary
LBY_003646,MU-165,LBY,SHOHADAA ALWATAN,شهداء الوطن,1|2,Primary|Preparatory,public,Libya,Misratah,,,,,,32.38294,14.97213,official_emis,exact,open
LBY_003647,MI-344,LBY,SHOHADAA MAREGNA,شهداء مارغنه,1|2,Primary|Preparatory,public,Libya,Al Marqab,,,,,,32.4127,13.61171,official_emis,exact,open
LBY_003648,MU-077,LBY,SHOHADAA RAS MEFTAH,شهداء راس مفتاح,1,Primary,public,Libya,Misratah,,,,,,32.37454,15.10628,official_emis,exact,open
LBY_003649,MI-074,LBY,SHOHDA  ALALOS,شهداء العلوص,1,Primary,public,Libya,Al Marqab,,,,,,32.70957,13.96441,official_emis,exact,open
LBY_003650,KU-242,LBY,SHOHDA ABE KMASH,شهداء ابى كماش,1|2,Primary|Preparatory,public,Libya,An Nuqat al Khams,,,,,,33.07391,11.73639,official_emis,exact,closed_temporary
LBY_003651,JA-018,LBY,SHOHDA ABEY ARQOUB,شهداء ابي عرقوب,3,Secondary (Medical Sciences)|Secondary (Engineering Sciences)|Secondary (Economic Sciences),public,Libya,Al Marqab,,,,,,32.44854,14.54615,official_emis,exact,open
LBY_003652,WS-027,LBY,SHOHDA ABEY GHARA,شهداء ابي غرة,1|2,Primary|Preparatory,public,Libya,Ash Shati',,,,,,27.52406,14.18106,official_emis,exact,open
LBY_003653,MU-169,LBY,SHOHDA ALAGELA,شهداء العقيلة,1|2,Primary|Preparatory,public,Libya,Misratah,,,,,,32.3723,15.00036,official_emis,exact,open
LBY_003654,MA-022,LBY,SHOHDA ALAGILT,شهداء العقيلة,1|2,Primary|Preparatory,public,Libya,Al Marj,,,,,,32.65518,21.03085,official_emis,exact,open
LBY_003655,MA-021,LBY,SHOHDA ALCANIT,شهداء السانية,1|2,Primary|Preparatory,public,Libya,Al Marj,,,,,,32.65525,21.17099,official_emis,exact,open
LBY_003656,BI-210,LBY,SHOHDA ALHWARE,شهداء الهواري,1|2,Primary|Preparatory,public,Libya,Benghazi,,,,,,32.016747,20.141252,official_emis,exact,open
LBY_003657,MU-168,LBY,SHOHDA ALMAHJOUB,شهداء المحجوب,1,Primary,public,Libya,Misratah,,,,,,32.37458,14.97706,official_emis,exact,open
LBY_003658,TR-191,LBY,SHOHDA ALMNSHIA,شهداء المنشية,1|2,Primary|Preparatory,public,Libya,Tajura' wa an Nawahi al Arba,,,,,,32.87913,13.19936,official_emis,exact,open
LBY_003659,MI-131,LBY,SHOHDA ALQESBAT,شهداء القصبات,1|2,Primary|Preparatory,public,Libya,Al Marqab,,,,,,32.57672,14.04189,official_emis,exact,open
LBY_003660,WS-001,LBY,SHOHDA ALSHB,شهداء الشب,1|2,Primary|Preparatory,public,Libya,Ash Shati',,,,,,27.55729,14.4473,official_emis,exact,open
LBY_003661,MI-211,LBY,SHOHDA ALWAGB,شهداء الواجب,1|2,Primary|Preparatory,public,Libya,Al Marqab,,,,,,32.42291,13.90599,official_emis,exact,open
LBY_003662,WH-039,LBY,SHOHDA ALWAJEB,شهداء الواجب,3,Secondary (Medical Sciences),public,Libya,Wadi al Hayaa,,,,,,26.52827,13.01136,official_emis,exact,open
LBY_003663,MU-200,LBY,SHOHDA ALWAJEB,شهداء الواجب,1|2,Primary|Preparatory,public,Libya,Misratah,,,,,,32.25444,15.07883,official_emis,exact,open
LBY_003664,GM-060,LBY,SHOHDA ALZAWEYA,شهداء الزاوية,1|2,Primary|Preparatory,public,Libya,Al Jabal al Akhdar,,,,,,32.66484,21.54479,official_emis,exact,open
LBY_003665,DA-146,LBY,SHOHDA ALZNTAN,شهداء الزنتان,1,Primary,public,Libya,Al Qubbah,,,,,,32.76007,22.64676,official_emis,exact,open
LBY_003666,BI-169,LBY,SHOHDA ALZNTAN,شهداء الزنتان,2,Preparatory,public,Libya,Benghazi,,,,,,32.092316,20.097578,official_emis,exact,open
LBY_003667,DA-033,LBY,SHOHDA ALZNTAN,شهداء الزنتان,1|2,Primary|Preparatory,public,Libya,Al Qubbah,,,,,,32.76007,22.64676,official_emis,exact,open
LBY_003668,WS-002,LBY,SHOHDA ASHKADA,شهداء اشكده,1|2,Primary|Preparatory,public,Libya,Ash Shati',,,,,,27.55645,14.44762,official_emis,exact,open
LBY_003669,MA-111,LBY,SHOHDA ASKAF,شهداء اسقفة,1|2,Primary|Preparatory,public,Libya,Al Marj,,,,,,32.26241,20.61082,official_emis,exact,open
LBY_003670,JA-186,LBY,SHOHDA BE`R TRENA,شهداء بئر ترينة,1|2,Primary|Preparatory,public,Libya,Al Marqab,,,,,,32.46522,14.53113,official_emis,exact,open
LBY_003671,MU-227,LBY,SHOHDA EDWAW,شهداء ادواو,1|2,Primary|Preparatory,public,Libya,Al Marqab,,,,,,32.37458,14.60978,official_emis,exact,open
LBY_003672,MI-132,LBY,SHOHDA FEBRAYER,شهداء فبراير,1|2,Primary|Preparatory,public,Libya,Al Marqab,,,,,,32.57686,14.03909,official_emis,exact,closed_temporary
LBY_003673,MA-124,LBY,SHOHDA FPRAIR,شهداء فبراير,1,Primary,public,Libya,Al Marj,,,,,,32.14623,20.50558,official_emis,exact,open
LBY_003674,WM-209,LBY,SHOHDA GAZA,شهداء غزة,1|2,Primary|Preparatory,public,Libya,Mizdah,,,,,,31.45027,12.98926,official_emis,exact,open
LBY_003675,JA-191,LBY,SHOHDA GRGOZA,شهداء قرقوزة,3,Secondary (Engineering Sciences),public,Libya,Al Marqab,,,,,,32.45694,14.50411,official_emis,exact,open
LBY_003676,MU-147,LBY,SHOHDA GSR AHMD,شهداء قصر أحمد,1|2,Primary|Preparatory,public,Libya,Misratah,,,,,,32.36508,15.20459,official_emis,exact,open
LBY_003677,WM-144,LBY,SHOHDA JANDOBA,شهداء جندوبة,1,Primary,public,Libya,Mizdah,,,,,,32.05904,12.88892,official_emis,exact,open
LBY_003678,BI-162,LBY,SHOHDA JONAYEN,شهداء جنين,3,Secondary (Economic Sciences),public,Libya,Benghazi,,,,,,32.082894,20.118218,official_emis,exact,open
LBY_003679,WS-033,LBY,SHOHDA LIBYA,شهداء ليبيا,1|2,Primary|Preparatory,public,Libya,Ash Shati',,,,,,27.43027,14.02139,official_emis,exact,open
LBY_003680,MA-014,LBY,SHOHDA MOSRATH,شهداء مصراته,1,Primary,public,Libya,Al Marj,,,,,,32.70087,20.94292,official_emis,exact,closed_temporary
LBY_003681,MI-031,LBY,SHOHDA SEDEY ALMASREY,شهداء سيدي الصيد,2,Preparatory,public,Libya,Al Marqab,,,,,,32.33519,13.47878,official_emis,exact,open
LBY_003682,WM-251,LBY,SHOHDA SEFET,شهداء صفيت,1,Primary,public,Libya,Mizdah,,,,,,32.00018,12.63519,official_emis,exact,open
LBY_003683,NA-001,LBY,SHOHDA SENAWN,شهداء سيناون,1|2,Primary|Preparatory,public,Libya,Ghadamis,,,,,,31.02348,10.6035,official_emis,exact,open
LBY_003684,JA-292,LBY,SHOHDA YANA`ER,شهداء ينائر,1|2,Primary|Preparatory,public,Libya,Al Jifarah,,,,,,32.59987,12.95962,official_emis,exact,open
LBY_003685,AJ-088,LBY,SHOHDAA ALBRIGA,شهداء البريقة,3,Secondary (Medical Sciences)|Secondary (Engineering Sciences),public,Libya,,,,,,,30.4085,19.57032,official_emis,exact,open
LBY_003686,AJ-089,LBY,SHOHDAA ALBRIGA,شهداء البريقة,1|2,Primary|Preparatory,public,Libya,,,,,,,30.40886,19.56869,official_emis,exact,unknown
LBY_003687,DA-162,LBY,SHOHDAA ALMATAR,شهداء المطار,1,Primary,public,Libya,Al Qubbah,,,,,,32.76938,22.24413,official_emis,exact,open
LBY_003688,ZA-041,LBY,SHOHDDA ABO HALAL,شهداء ابوهلال,1|2,Primary|Preparatory,public,Libya,Az Zawiyah,,,,,,32.64973,12.66105,official_emis,exact,closed_temporary
LBY_003689,KU-093,LBY,SHOHDDA ALAJEALAT,شهداء العجيلات,1,Primary,public,Libya,An Nuqat al Khams,,,,,,32.75662,12.37473,official_emis,exact,open
LBY_003690,KO-013,LBY,SHOHDDA ALKOFRT,شهداء الكفرة,1|2,Primary|Preparatory,public,Libya,Al Kufrah,,,,,,24.19837,23.29641,official_emis,exact,open
LBY_003691,BI-009,LBY,SHOHDDA ALWATAN,شهداء الوطن,1,Primary,public,Libya,Benghazi,,,,,,32.14841,20.10188,official_emis,exact,open
LBY_003692,ZA-214,LBY,SHOHDDA AMDIKOAM,شهداء أمداكم,1|2,Primary|Preparatory,public,Libya,Az Zawiyah,,,,,,32.44746,12.72814,official_emis,exact,closed_temporary
LBY_003693,MU-193,LBY,SHOHDDA ASSDIDA,شهداء السداده,2,Preparatory,public,Libya,Misratah,,,,,,32.32413,15.10022,official_emis,exact,open
LBY_003694,MI-332,LBY,SHOHDDA ASWNEYA,شهداء السوينية,1|2,Primary|Preparatory,public,Libya,Al Marqab,,,,,,32.43144,13.63794,official_emis,exact,open
LBY_003695,WM-191,LBY,SHOHDDA KEKILA,شهداء  ككله,3,Secondary (Economic Sciences),public,Libya,Mizdah,,,,,,32.05907,12.69928,official_emis,exact,open
LBY_003696,MI-546,LBY,SHOHDDA LIBYA,شهداء ليبيا,1|2|3,Primary|Preparatory|Secondary (Medical Sciences),public,Libya,Al Marqab,,,,,,32.6407,14.27562,official_emis,exact,open
LBY_003697,ZA-140,LBY,SHOHDDA SORMAN,شهداء صرمان,3,Secondary (Engineering Sciences)|Secondary (Economic Sciences),public,Libya,Az Zawiyah,,,,,,32.74281,12.57884,official_emis,exact,open
LBY_003698,NA-081,LBY,SHOOHDA,الشهداء,3,Secondary (Medical Sciences),public,Libya,Ghadamis,,,,,,30.98579,10.55189,official_emis,exact,open
LBY_003699,ZA-108,LBY,SHORE FOR BASIC EDUCATION,الشاطيء للتعليم الاساسي,1|2,Primary|Preparatory,public,Libya,Az Zawiyah,,,,,,32.78513,12.56212,official_emis,exact,open
LBY_003700,NA-038,LBY,SHUDA GDAMS,شهداء غدامس,1|2,Primary|Preparatory,public,Libya,Ghadamis,,,,,,30.12075,9.48932,official_emis,exact,open
LBY_003701,MI-085,LBY,SHUHADA 17 FEBRAYER,شهداء 17 فبرلير,1|2,Primary|Preparatory,public,Libya,Al Marqab,,,,,,32.69673,13.96198,official_emis,exact,open
LBY_003702,JA-011,LBY,SHUHADA ABE HAMED,شهداء ابى حامد,1|2|3,Primary|Preparatory|Secondary (Economic Sciences),public,Libya,Al Marqab,,,,,,32.474,14.56476,official_emis,exact,open
LBY_003703,SI-028,LBY,SHUHADA ABO HADEY,شهداء أبو هادي,3,Secondary (Economic Sciences),public,Libya,Surt,,,,,,31.0646,16.65956,official_emis,exact,open
LBY_003704,MA-158,LBY,SHUHADA ABY AREG,شهداء أبي عرق,3,Secondary (Medical Sciences)|Secondary (Economic Sciences),public,Libya,Al Marj,,,,,,32.47666,21.12335,official_emis,exact,open
LBY_003705,WM-411,LBY,SHUHADA ABY GAZA,شهداء أبي غزة,1,Primary,public,Libya,Mizdah,,,,,,31.62732,12.78462,official_emis,exact,open
LBY_003706,BI-057,LBY,SHUHADA ADAMOUR,شهداء الدامور,1|2,Primary|Preparatory,public,Libya,Benghazi,,,,,,32.08894,20.25523,official_emis,exact,open
LBY_003707,MI-007,LBY,SHUHADA AL HANEY,شهداء الهاني,1|2,Primary|Preparatory,public,Libya,Al Marqab,,,,,,32.16362,13.6452,official_emis,exact,open
LBY_003708,KU-148,LBY,SHUHADA AL JDYAA,شهداء الجديدة,1|2,Primary|Preparatory,public,Libya,An Nuqat al Khams,,,,,,32.74694,12.26169,official_emis,exact,open
LBY_003709,TR-055,LBY,SHUHADA AL KALUG,شهداء الخليج,1|2,Primary|Preparatory,public,Libya,Az Zawiyah,,,,,,32.86168,13.09514,official_emis,exact,open
LBY_003710,WM-267,LBY,SHUHADA AL KLAAFA,شهداء الخلائفة,1|2,Primary|Preparatory,public,Libya,Mizdah,,,,,,32.0028,12.48917,official_emis,exact,open
LBY_003711,MU-130,LBY,SHUHADA AL RMLA,شهداء الرملة التحدي سابقاً,1|2,Primary|Preparatory,public,Libya,Misratah,,,,,,32.38871,15.14026,official_emis,exact,open
LBY_003712,WM-079,LBY,SHUHADA AL SLAHAT,شهداء الصلاحات,1|2,Primary|Preparatory,public,Libya,Mizdah,,,,,,32.12968,13.1127,official_emis,exact,open
LBY_003713,TR-026,LBY,SHUHADA AL WAGAB,شهداء الواجب,1,Primary,public,Libya,Tajura' wa an Nawahi al Arba,,,,,,32.84379,13.12643,official_emis,exact,open
LBY_003714,KU-213,LBY,SHUHADA AL WAJAB,شهداء الواجب,1|2,Primary|Preparatory,public,Libya,An Nuqat al Khams,,,,,,32.88915,11.98104,official_emis,exact,open
LBY_003715,JA-072,LBY,SHUHADA AL WAJEB,شهداء الواجب,1|2,Primary|Preparatory,public,Libya,Az Zawiyah,,,,,,32.71308,13.06712,official_emis,exact,open
LBY_003716,WM-269,LBY,SHUHADA ALGALAU,شهداء القلعة,1|2,Primary|Preparatory,public,Libya,Mizdah,,,,,,32.04636,12.561,official_emis,exact,open
LBY_003717,WM-268,LBY,SHUHADA ALGNAIMA,شهداء الغنائمة,1|2,Primary|Preparatory,public,Libya,Mizdah,,,,,,31.99366,12.5498,official_emis,exact,open
LBY_003718,BI-050,LBY,SHUHADA ALHANI,شهداء الهانى,2,Preparatory,public,Libya,Benghazi,,,,,,32.1367,20.11807,official_emis,exact,open
LBY_003719,BI-075,LBY,SHUHADA ALKWEFIA,شهداء الكويفية,2,Preparatory,public,Libya,Benghazi,,,,,,32.20251,20.20251,official_emis,exact,open
LBY_003720,KU-201,LBY,SHUHADA ALMANSHIA,شهداء المنشية,1|2,Primary|Preparatory,public,Libya,An Nuqat al Khams,,,,,,32.83893,12.08036,official_emis,exact,unknown
LBY_003721,WM-399,LBY,SHUHADA ALROJBAN,شهداء الرجبان,1|2,Primary|Preparatory,public,Libya,Mizdah,,,,,,31.9486,12.15025,official_emis,exact,open
LBY_003722,BI-469,LBY,SHUHADA ALSAHEL,شهداء الساحل,1,Primary,public,Libya,Benghazi,,,,,,32.260124,20.207396,official_emis,exact,open
LBY_003723,BI-073,LBY,SHUHADA ALSAHEL,شهداء الساحل,1,Primary,public,Libya,Benghazi,,,,,,32.260124,20.207396,official_emis,exact,open
LBY_003724,BI-049,LBY,SHUHADA ALTHAWRA,شهداء الثورة,3,Secondary (Economic Sciences),public,Libya,Benghazi,,,,,,32.12427,20.099159,official_emis,exact,open
LBY_003725,MI-115,LBY,SHUHADA ALWAJEB,شهداء الواجب,1|2,Primary|Preparatory,public,Libya,Al Marqab,,,,,,32.68221,13.95098,official_emis,exact,open
LBY_003726,BI-438,LBY,SHUHADA ALWATAN,شهداء الوطن,1|2,Primary|Preparatory,public,Libya,Benghazi,,,,,,32.062507,20.086932,official_emis,exact,open
LBY_003727,WM-271,LBY,SHUHADA AM ALJRSAN,شهداء أم الجرسان,1,Primary,public,Libya,Mizdah,,,,,,32.03388,12.55395,official_emis,exact,open
LBY_003728,MU-390,LBY,SHUHADA AY ALNARLA,شهداء أي النار,1|2,Primary|Preparatory,public,Libya,Al Marqab,,,,,,32.46972,14.61182,official_emis,exact,open
LBY_003729,BI-022,LBY,SHUHADA BANENA,شهداء بنينا,1|2,Primary|Preparatory,public,Libya,Benghazi,,,,,,32.07266,20.25763,official_emis,exact,open
LBY_003730,WM-017,LBY,SHUHADA GIRIAN,شهداء غريان,1|2,Primary|Preparatory,public,Libya,Mizdah,,,,,,32.17359,13.02151,official_emis,exact,open
LBY_003731,ZA-066,LBY,SHUHADA GODAAM,شهداء جودائم,2,Preparatory,public,Libya,Az Zawiyah,,,,,,32.78707,12.80083,official_emis,exact,open
LBY_003732,KU-149,LBY,SHUHADA JANUARY,شهداء يناير,1|2,Primary|Preparatory,public,Libya,An Nuqat al Khams,,,,,,32.75917,12.26444,official_emis,exact,open
LBY_003733,KU-202,LBY,SHUHADA JANUARY,شهداء يناير,1|2,Primary|Preparatory,public,Libya,An Nuqat al Khams,,,,,,32.81044,12.12254,official_emis,exact,open
LBY_003734,JA-012,LBY,SHUHADA KBRARA,شهداء كبرارة,1,Primary,public,Libya,Al Marqab,,,,,,32.46263,14.56118,official_emis,exact,open
LBY_003735,BI-252,LBY,SHUHADA MISRATA,شهداء مصراته,3,Secondary (Medical Sciences),public,Libya,Benghazi,,,,,,32.129336,20.077609,official_emis,exact,open
LBY_003736,NA-018,LBY,SHUHADA NALOT,شهداء نالوت,1|2,Primary|Preparatory,public,Libya,Ghadamis,,,,,,31.8548,10.99035,official_emis,exact,open
LBY_003737,MI-287,LBY,SHUHADA RAS ALGAZAL,شهداء راس الغزال,1|2,Primary|Preparatory,public,Libya,Tajura' wa an Nawahi al Arba,,,,,,32.68518,13.77425,official_emis,exact,open
LBY_003738,TR-525,LBY,SHUHADA TAJOURA,شهداء تاجوراء,1|2,Primary|Preparatory,public,Libya,Tajura' wa an Nawahi al Arba,,,,,,32.76984,13.5344,official_emis,exact,open
LBY_003739,MU-020,LBY,SHUHADA YAADER,شهداء يدر,1|2,Primary|Preparatory,public,Libya,Misratah,,,,,,32.38592,15.10889,official_emis,exact,open
LBY_003740,WS-053,LBY,SHUHADAA' FIBRAYER,شهداء فبراير,1,Primary,public,Libya,Ash Shati',,,,,,27.47925,13.33376,official_emis,exact,open
LBY_003741,MI-319,LBY,SHUHDAA ALAKWAM,شهداء الاكوام,1|2,Primary|Preparatory,public,Libya,Al Marqab,,,,,,32.42142,13.74344,official_emis,exact,open
LBY_003742,WM-076,LBY,SHUHDAA ALBHRIA,شهداء البحرية,1,Primary,public,Libya,Mizdah,,,,,,32.20978,13.02958,official_emis,exact,open
LBY_003743,DA-072,LBY,SHUHDAA ALKHERS,شهداء الخرص,1|2,Primary|Preparatory,public,Libya,Al Qubbah,,,,,,32.7577,22.38183,official_emis,exact,open
LBY_003744,WM-075,LBY,SHUHDAA ALKWASEM,شهداء القواسم,1|2,Primary|Preparatory,public,Libya,Mizdah,,,,,,32.2008,13.04229,official_emis,exact,open
LBY_003745,JA-208,LBY,SHUHDAA ARMLA,شهداء الرملة,1|2,Primary|Preparatory,public,Libya,Az Zawiyah,,,,,,32.72149,13.01552,official_emis,exact,open
LBY_003746,JA-123,LBY,SHUHDAA BN KSHIR,شهداء بن غشير,1|2,Primary|Preparatory,public,Libya,Tajura' wa an Nawahi al Arba,,,,,,32.65964,13.18841,official_emis,exact,closed_temporary
LBY_003747,MU-264,LBY,SHUHDAD KAAM,شهداء كعام,1|2,Primary|Preparatory,public,Libya,Al Marqab,,,,,,32.50517,14.45538,official_emis,exact,closed_temporary
LBY_003748,WM-205,LBY,SIDE ALSAIH,سيدى السائح,1|2,Primary|Preparatory,public,Libya,Mizdah,,,,,,31.63902,12.82386,official_emis,exact,open
LBY_003749,MA-023,LBY,SIDE NWAH,سيدى نوح,1|2,Primary|Preparatory,public,Libya,Al Marj,,,,,,32.6824,21.19635,official_emis,exact,open
LBY_003750,GA-021,LBY,SIDI ABU SALAH,سيدي أبو صلاح,1|2,Primary|Preparatory,public,Libya,Ghat,,,,,,25.75816,10.56012,official_emis,exact,open
LBY_003751,WM-025,LBY,SIDI YAQOOB,سيدي يعقوب,3,Secondary (Medical Sciences)|Secondary (Engineering Sciences)|Secondary (Economic Sciences),public,Libya,Mizdah,,,,,,32.14806,12.99791,official_emis,exact,open
LBY_003752,WM-074,LBY,SIDY YOSEF,مدرسة سيدي يوسف,1|2,Primary|Preparatory,public,Libya,Mizdah,,,,,,32.26349,13.0305,official_emis,exact,open
LBY_003753,GA-014,LBY,SILA ALDUN ALUOB,صلاح الدين الايوبى,1|2,Primary|Preparatory,public,Libya,Ghat,,,,,,24.7916,10.21954,official_emis,exact,open
LBY_003754,BI-219,LBY,SINAA,سيناء,1|2,Primary|Preparatory,public,Libya,Benghazi,,,,,,32.14052,20.08596,official_emis,exact,open
LBY_003755,SI-083,LBY,SIRTE ALMRCZUT,سرت المركزية,1|2,Primary|Preparatory,public,Libya,Surt,,,,,,31.20717,16.57899,official_emis,exact,open
LBY_003756,GM-222,LBY,SLAH ADIN,صلاح الدين,1,Primary,public,Libya,Al Jabal al Akhdar,,,,,,32.80798,21.86174,official_emis,exact,closed_temporary
LBY_003757,GM-105,LBY,SLAH ADIN,صلاحالدين,1|2,Primary|Preparatory,public,Libya,Al Jabal al Akhdar,,,,,,32.80798,21.86174,official_emis,exact,closed_temporary
LBY_003758,WM-273,LBY,SLAH ALDIN,صلاح الدين,1|2,Primary|Preparatory,public,Libya,Mizdah,,,,,,32.06691,12.56132,official_emis,exact,open
LBY_003759,TR-188,LBY,SLAH ALDIN ALAUOBE,صلاح الدين الايوبى,2,Preparatory,public,Libya,Tajura' wa an Nawahi al Arba,,,,,,32.87856,13.21171,official_emis,exact,open
LBY_003760,MI-398,LBY,SLAH ALDIN LAIWPE,صلاح الدين الايوبي,3,Secondary (Medical Sciences)|Secondary (Engineering Sciences)|Secondary (Economic Sciences),public,Libya,Al Marqab,,,,,,32.42999,13.62789,official_emis,exact,open
LBY_003761,WM-359,LBY,SLEMAN ALBARONE,سليمان الباروني,1|2,Primary|Preparatory,public,Libya,Mizdah,,,,,,31.94276,11.99524,official_emis,exact,open
LBY_003762,WM-113,LBY,SLEMAN KATAR,سليمان خاطر,1|2,Primary|Preparatory,public,Libya,Mizdah,,,,,,32.05263,13.24789,official_emis,exact,closed_temporary
LBY_003763,MI-498,LBY,SLIA ALDUN,صلاح الدين,1|2,Primary|Preparatory,public,Libya,Al Marqab,,,,,,32.4648,14.40733,official_emis,exact,open
LBY_003764,KU-166,LBY,SLIMAN ALBARONY,سليمان الباروني,2,Preparatory,public,Libya,An Nuqat al Khams,,,,,,32.92941,12.0927,official_emis,exact,closed_temporary
LBY_003765,TU-087,LBY,SLIMAN ALFARSY,سليمان الفارسي,1,Primary,public,Libya,Al Butnan,,,,,,31.86429,24.75482,official_emis,exact,open
LBY_003766,TR-524,LBY,SLIMAN KATR SABKAN,سليمان خاطر سابقاً,3,Secondary (Medical Sciences)|Secondary (Economic Sciences),public,Libya,Tajura' wa an Nawahi al Arba,,,,,,32.86935,13.36014,official_emis,exact,open
LBY_003767,GM-154,LBY,SLIMAN KHATER,سليمان خاطر,3,Secondary (Medical Sciences),public,Libya,Al Jabal al Akhdar,,,,,,32.80015,21.87279,official_emis,exact,open
LBY_003768,SI-009,LBY,SLIMAN KHATER,سليمان خاطر,1|2,Primary|Preparatory,public,Libya,Surt,,,,,,31.0328,16.67514,official_emis,exact,open
LBY_003769,ZA-127,LBY,SLIMAN KHATR,سليمان خاطر,1|2,Primary|Preparatory,public,Libya,Az Zawiyah,,,,,,32.68712,12.52322,official_emis,exact,open
LBY_003770,GM-052,LBY,SLIUON,سليون,1|2,Primary|Preparatory,public,Libya,Al Jabal al Akhdar,,,,,,32.78805,21.62488,official_emis,exact,closed_temporary
LBY_003771,BI-113,LBY,SLOQ,سلوق للتعليم الاساسي,1,Primary,public,Libya,Benghazi,,,,,,31.66957,20.24957,official_emis,exact,open
LBY_003772,WH-031,LBY,SLUMIN KHATIR,سليمان خاطر,2,Preparatory,public,Libya,Wadi al Hayaa,,,,,,26.55078,13.11167,official_emis,exact,open
LBY_003773,KU-078,LBY,SMOD TUSID,الصمود والتصدى,1|2,Primary|Preparatory,public,Libya,An Nuqat al Khams,,,,,,32.63589,12.31398,official_emis,exact,closed_temporary
LBY_003774,KU-255,LBY,SOBRATA,صبراته للعلوم الهندسية,3,Secondary (Engineering Sciences),public,Libya,An Nuqat al Khams,,,,,,32.78763,12.49533,official_emis,exact,open
LBY_003775,KU-057,LBY,SOBRATA ALGANOBEYA,صبراته الجنوبيه,1|2,Primary|Preparatory,public,Libya,An Nuqat al Khams,,,,,,32.78752,12.47668,official_emis,exact,unknown
LBY_003776,MI-036,LBY,SOEQ ELAHAD,سوق الاحد,1|2,Primary|Preparatory,public,Libya,Tajura' wa an Nawahi al Arba,,,,,,32.5483,13.44021,official_emis,exact,open
LBY_003777,WM-349,LBY,SOFA ALMAHMODEE,سوف المحمودي,1|2,Primary|Preparatory,public,Libya,Mizdah,,,,,,31.85942,11.89603,official_emis,exact,open
LBY_003778,TR-068,LBY,SOHA BASHARA,سهي بشاره,3,Secondary (Medical Sciences)|Secondary (Engineering Sciences),public,Libya,Tajura' wa an Nawahi al Arba,,,,,,32.86084,13.11031,official_emis,exact,open
LBY_003779,ZA-079,LBY,SOHDAI FBRAIR,شهداء فبراير,3,Secondary (Medical Sciences),public,Libya,Az Zawiyah,,,,,,32.76081,12.72496,official_emis,exact,open
LBY_003780,SA-014,LBY,SOKARA,سكرة,1,Primary,public,Libya,Sabha,,,,,,27.05042,14.42251,official_emis,exact,open
LBY_003781,SA-084,LBY,SOKARA,سكرة,1,Primary,public,Libya,Sabha,,,,,,27.05042,14.42251,official_emis,exact,open
LBY_003782,BI-269,LBY,SOKEENA BENT ALHOSEN,سكينه بنت الحسين,2,Preparatory,public,Libya,Benghazi,,,,,,32.111784,20.098011,official_emis,exact,open
LBY_003783,SI-059,LBY,SOKENA BENT ALHASAN,سكينة بنت الحسن,1|2,Primary|Preparatory,public,Libya,Surt,,,,,,30.80352,18.07445,official_emis,exact,open
LBY_003784,JU-034,LBY,SOKNA BANEEN,سوكنة بنين,1,Primary,public,Libya,Al Jufrah,,,,,,29.07097,15.78394,official_emis,exact,open
LBY_003785,JU-035,LBY,SOKNA BANEEN,سوكنة  الاعدادية  بنين,2,Preparatory,public,Libya,Al Jufrah,,,,,,29.06865,15.78601,official_emis,exact,open
LBY_003786,JU-037,LBY,SOKNA EDADEYA,سوكنه اعداديه,2,Preparatory,public,Libya,Al Jufrah,,,,,,29.07106,15.77993,official_emis,exact,open
LBY_003787,JU-033,LBY,SOKNA LELBANAT,سوكنة للبنات,1,Primary,public,Libya,Al Jufrah,,,,,,29.07031,15.78442,official_emis,exact,open
LBY_003788,JU-063,LBY,SOKNA LELBANAT,سوكنة للبنات,1,Primary,public,Libya,Al Jufrah,,,,,,29.07031,15.78442,official_emis,exact,open
LBY_003789,KU-043,LBY,SOLIMAN ALBARONI,سليمان الباروني,2,Preparatory,public,Libya,An Nuqat al Khams,,,,,,32.65196,12.43421,official_emis,exact,closed_temporary
LBY_003790,TR-312,LBY,SOOQ ALGOMAA,سوق الجمعه,3,Secondary (Medical Sciences)|Secondary (Engineering Sciences),public,Libya,Tajura' wa an Nawahi al Arba,,,,,,32.9046,13.23841,official_emis,exact,open
LBY_003791,JA-134,LBY,SOQ ALSABT BANAT,سوق السبت بنات,1|2,Primary|Preparatory,public,Libya,Tajura' wa an Nawahi al Arba,,,,,,32.59931,13.17428,official_emis,exact,closed_temporary
LBY_003792,GM-152,LBY,SOSA ALTAKHSOSEYA,سوسة التخصصية,3,Secondary (Medical Sciences)|Secondary (Engineering Sciences),public,Libya,Al Jabal al Akhdar,,,,,,32.89824,21.97283,official_emis,exact,closed_temporary
LBY_003793,MI-450,LBY,SOUK ALKAMEIS,سوق الخميس,1|2,Primary|Preparatory,public,Libya,Al Marqab,,,,,,32.59121,14.35002,official_emis,exact,open
LBY_003794,TR-056,LBY,SQOR ALFEDA,صقور الفداء,3,Secondary (Medical Sciences)|Secondary (Engineering Sciences)|Secondary (Economic Sciences),public,Libya,Tajura' wa an Nawahi al Arba,,,,,,32.86518,13.12548,official_emis,exact,open
LBY_003795,SI-087,LBY,SQOR ALKHL,صقور الخليج,1|2,Primary|Preparatory,public,Libya,Surt,,,,,,31.20068,16.58032,official_emis,exact,open
LBY_003796,KU-221,LBY,SRH ALOLA,شرره الاولى,1|2,Primary|Preparatory,public,Libya,An Nuqat al Khams,,,,,,32.84041,11.95447,official_emis,exact,open
LBY_003797,BI-464,LBY,SULAIMAN ALKILANI,سليمان الكيلاني,1,Primary,public,Libya,Benghazi,,,,,,32.08138,20.25942,official_emis,exact,open
LBY_003798,BI-055,LBY,SULAIMAN ALKILANI,سليمان الكيلاني,1,Primary,public,Libya,Benghazi,,,,,,32.08138,20.25942,official_emis,exact,open
LBY_003799,TU-115,LBY,SULIMAN ABOELJYA,سليمان ابوعلجية,1,Primary,public,Libya,Al Kufrah,,,,,,25.69594,21.13126,official_emis,exact,open
LBY_003800,JA-232,LBY,SUQ AL KHAMES,سوق الخميس بنين,1|2,Primary|Preparatory,public,Libya,Al Jifarah,,,,,,32.54203,12.95001,official_emis,exact,open
LBY_003801,MI-391,LBY,SUQ AL-JUMA,سوق الجمعة,3,Secondary (Engineering Sciences),public,Libya,Tajura' wa an Nawahi al Arba,,,,,,32.62522,13.67412,official_emis,exact,open
LBY_003802,ZA-129,LBY,SURMAN ALMARKAZYA,صرمان المركزية,1|2,Primary|Preparatory,public,Libya,Az Zawiyah,,,,,,32.75583,12.57545,official_emis,exact,open
LBY_003803,WM-222,LBY,SWANE FASANO,تانويه سواني فسانو,3,Secondary (Medical Sciences),public,Libya,Mizdah,,,,,,31.32294,12.7941,official_emis,exact,open
LBY_003804,JA-115,LBY,SYAD,صياد,3,Secondary (Engineering Sciences)|Secondary (Economic Sciences),public,Libya,Al Marqab,,,,,,32.24298,13.37231,official_emis,exact,open
LBY_003805,TR-355,LBY,SYADA ZEENB ALKOBRA,السيدة زينب الكبري,1|2,Primary|Preparatory,public,Libya,Tajura' wa an Nawahi al Arba,,,,,,32.8511,13.18377,official_emis,exact,open
LBY_003806,GM-166,LBY,TABARK ALHALAM,تبارك العلم,1|2|3,Primary|Preparatory|Secondary (Engineering Sciences)|Secondary (Economic Sciences),public,Libya,Al Jabal al Akhdar,,,,,,32.76756,21.76577,official_emis,exact,closed_temporary
LBY_003807,BI-493,LBY,TABOK,تبوك,1,Primary,public,Libya,Benghazi,,,,,,32.07843,20.123404,official_emis,exact,closed_temporary
LBY_003808,MI-384,LBY,TABOOK,تبوك,1|2,Primary|Preparatory,public,Libya,Al Marqab,,,,,,32.57104,13.74964,official_emis,exact,open
LBY_003809,WM-288,LBY,TAGHMA,تاغمة,1|2,Primary|Preparatory,public,Libya,Mizdah,,,,,,32.09899,12.55519,official_emis,exact,open
LBY_003810,WM-291,LBY,TAGORE28 MARES,تاغوري 28 مارس,3,Secondary (Medical Sciences)|Secondary (Economic Sciences),public,Libya,Mizdah,,,,,,32.06514,12.53282,official_emis,exact,open
LBY_003811,WM-398,LBY,TAGREFET,تاقرفت,3,Secondary (Medical Sciences),public,Libya,Mizdah,,,,,,31.9621,12.13349,official_emis,exact,open
LBY_003812,BI-176,LBY,TAGREFT,تاقرفت,1|2,Primary|Preparatory,public,Libya,Benghazi,,,,,,32.094022,20.103948,official_emis,exact,closed_temporary
LBY_003813,TR-544,LBY,TAJOURA ALMRKAZYA,تاجوراء المركزية,1|2,Primary|Preparatory,public,Libya,Tajura' wa an Nawahi al Arba,,,,,,32.87699,13.35759,official_emis,exact,open
LBY_003814,TR-543,LBY,TAJOURA ASHABYA,تاجوراء الشعبية,1|2,Primary|Preparatory,public,Libya,Tajura' wa an Nawahi al Arba,,,,,,32.88185,13.39379,official_emis,exact,open
LBY_003815,MA-208,LBY,TAKNES ALASASIA,تاكنس الاساسية,1,Primary,public,Libya,Al Marj,,,,,,32.47699,21.12371,official_emis,exact,open
LBY_003816,MA-084,LBY,TAKNES ALASASIA,تاكنس الاساسية,1|2,Primary|Preparatory,public,Libya,Al Marj,,,,,,32.47699,21.12371,official_emis,exact,open
LBY_003817,NA-047,LBY,TAKTAT LELBANIT,تقطة للبنات,1|2,Primary|Preparatory,public,Libya,Ghadamis,,,,,,30.17659,10.45225,official_emis,exact,open
LBY_003818,NA-131,LBY,TAKWEET,ثانوية تكويت,3,Secondary (Medical Sciences),public,Libya,Ghadamis,,,,,,31.96261,11.02477,official_emis,exact,open
LBY_003819,MI-324,LBY,TALA'A ANNASER,طلائع النصر,1|2,Primary|Preparatory,public,Libya,Al Marqab,,,,,,32.4431,13.76367,official_emis,exact,open
LBY_003820,WS-003,LBY,TALAA ALWEHDA ALARABIA,طلائع الوحدة العربية,1|2,Primary|Preparatory,public,Libya,Ash Shati',,,,,,27.58632,14.41866,official_emis,exact,open
LBY_003821,WM-325,LBY,TALAA ALWHDA,طلائع الوحدة,1|2,Primary|Preparatory,public,Libya,Mizdah,,,,,,31.94077,12.34703,official_emis,exact,open
LBY_003822,MU-241,LBY,TALAE ALFATEH/ABDALUH ABAS,طلائع الفاتح/عبدالله عباس,1|2,Primary|Preparatory,public,Libya,Al Marqab,,,,,,32.4334,14.70155,official_emis,exact,open
LBY_003823,WM-350,LBY,TALAEEA ALFATEH,طلائع الفاتح,1|2,Primary|Preparatory,public,Libya,Mizdah,,,,,,31.85625,11.87305,official_emis,exact,open
LBY_003824,JA-057,LBY,TALAIA ALFAITEH,طلائع الفاتح,1|2,Primary|Preparatory,public,Libya,Al Jifarah,,,,,,32.63809,13.06493,official_emis,exact,open
LBY_003825,MI-043,LBY,TALAIA ATKADM,طلائع التقدم,1|2,Primary|Preparatory,public,Libya,Tajura' wa an Nawahi al Arba,,,,,,32.59228,13.40789,official_emis,exact,open
LBY_003826,MI-047,LBY,TALAT ALJALA'L,تلة الجلائل,1|2,Primary|Preparatory,public,Libya,Al Marqab,,,,,,32.46644,13.48473,official_emis,exact,open
LBY_003827,TR-186,LBY,TALAY,طلائع,3,Secondary (Medical Sciences)|Secondary (Engineering Sciences),public,Libya,Tajura' wa an Nawahi al Arba,,,,,,32.87919,13.19507,official_emis,exact,open
LBY_003828,JA-260,LBY,TALAYA ELHOREY,طلائع الحرية,1|2,Primary|Preparatory,public,Libya,Tajura' wa an Nawahi al Arba,,,,,,32.64802,13.26263,official_emis,exact,open
LBY_003829,KU-254,LBY,TALAYL,تليل للعلوم الاقتصادية,3,Secondary (Medical Sciences)|Secondary (Economic Sciences),public,Libya,An Nuqat al Khams,,,,,,32.80148,12.40452,official_emis,exact,open
LBY_003830,SA-052,LBY,TAMANHENT,تمنهنت,3,Secondary (Engineering Sciences),public,Libya,Sabha,,,,,,27.20981,14.62729,official_emis,exact,open
LBY_003831,WS-022,LBY,TAMZAWAT,تامزاوة,1|2,Primary|Preparatory,public,Libya,Ash Shati',,,,,,27.59021,14.21298,official_emis,exact,open
LBY_003832,NA-100,LBY,TAMZEEN,طمزين,3,Secondary (Economic Sciences),public,Libya,Ghadamis,,,,,,31.85088,11.41968,official_emis,exact,open
LBY_003833,ZA-143,LBY,TANAWET ALHOLOOM,تانويه العلوم الاساسيه والاقتصاديه,3,Secondary (Engineering Sciences)|Secondary (Economic Sciences),public,Libya,Az Zawiyah,,,,,,32.76177,12.56197,official_emis,exact,closed_temporary
LBY_003834,DA-042,LBY,TANAWET ALSADA KADJHA,تانوية السيدة خديجة,3,Secondary (Medical Sciences)|Secondary (Engineering Sciences)|Secondary (Economic Sciences),public,Libya,Al Qubbah,,,,,,32.75161,22.65855,official_emis,exact,open
LBY_003835,DA-056,LBY,TANAWET MARTOBA ALJADEDA,تانويه مرتوبه الجديده,3,Secondary (Engineering Sciences),public,Libya,Al Qubbah,,,,,,32.59668,22.76994,official_emis,exact,open
LBY_003836,DA-156,LBY,TANAWET MARTOBA ALJADEDA,تانويه مرتوبه الجديده,1,Primary,public,Libya,Al Qubbah,,,,,,32.59668,22.76994,official_emis,exact,open
LBY_003837,DA-053,LBY,TANAWET NASAR,تانويه ناصر,3,Secondary (Medical Sciences)|Secondary (Economic Sciences),public,Libya,Al Qubbah,,,,,,32.57454,22.75996,official_emis,exact,open
LBY_003838,WA-026,LBY,TANAWET OJLA,ثانوية أوجلة,3,Secondary (Medical Sciences)|Secondary (Economic Sciences),public,Libya,Ajdabiya,,,,,,29.167231,21.293103,official_emis,exact,open
LBY_003839,MI-054,LBY,TANAWEYA SEEDY ALSEAD,ثانوية سيدي الصيد,3,Secondary (Medical Sciences)|Secondary (Engineering Sciences)|Secondary (Economic Sciences),public,Libya,Al Marqab,,,,,,32.3333,13.47745,official_emis,exact,open
LBY_003840,SI-093,LBY,TANAWEYAT ALETEHAD,ثانوية الاتحاد,3,Secondary (Economic Sciences),public,Libya,Surt,,,,,,31.20936,16.58614,official_emis,exact,open
LBY_003841,KU-264,LBY,TANAWEYAT JENAN ATEYA,ثانوية جنان عطية التخصصية,3,Secondary (Medical Sciences)|Secondary (Economic Sciences),public,Libya,An Nuqat al Khams,,,,,,32.76372,12.33022,official_emis,exact,open
LBY_003842,DA-086,LBY,TANAWEYAT OM ALKER,ثانوية ام الخير,3,Secondary (Medical Sciences),public,Libya,Al Qubbah,,,,,,32.78806,21.99961,official_emis,exact,open
LBY_003843,WM-239,LBY,TANAWEYAT TABGA ELTAKHASOSEY,ثانوية طبقة التخصصية,3,Secondary (Engineering Sciences)|Secondary (Economic Sciences),public,Libya,Mizdah,,,,,,30.43074,13.3061,official_emis,exact,open
LBY_003844,NA-004,LBY,TANDEIMERA AL-MARKAZIA,تندميرة المركزية,1,Primary,public,Libya,Ghadamis,,,,,,31.86199,11.49351,official_emis,exact,open
LBY_003845,DA-047,LBY,TANWEAT ALFATANAH,تانوية الفتانح,3,Secondary (Medical Sciences),public,Libya,Al Qubbah,,,,,,32.69979,22.68106,official_emis,exact,open
LBY_003846,WM-238,LBY,TANWET ELGARYA ELGHARBEY,ثانوية القرية الغربية,3,Secondary (Medical Sciences),public,Libya,Mizdah,,,,,,30.41762,13.41662,official_emis,exact,open
LBY_003847,NA-092,LBY,TANWIH ALJWSH,ثانوية الجوش,3,Secondary (Medical Sciences)|Secondary (Economic Sciences),public,Libya,Ghadamis,,,,,,31.98989,11.67507,official_emis,exact,open
LBY_003848,NA-080,LBY,TANWIT TAQTA,ثانوية تقطة,3,Secondary (Medical Sciences)|Secondary (Economic Sciences),public,Libya,Ghadamis,,,,,,30.17807,10.44782,official_emis,exact,open
LBY_003849,JA-302,LBY,TANWYAT  AWLAD AWEN,ثانوية أولاد عوين,3,Secondary (Economic Sciences),public,Libya,Al Jifarah,,,,,,32.61709,13.03188,official_emis,exact,open
LBY_003850,NA-095,LBY,TANZEGHAT ATANWEA,تنزغت التانويه,3,Secondary (Economic Sciences),public,Libya,Ghadamis,,,,,,31.88519,11.57163,official_emis,exact,open
LBY_003851,TR-402,LBY,TAQRIFT,تاقرفت,3,Secondary (Medical Sciences)|Secondary (Engineering Sciences)|Secondary (Economic Sciences),public,Libya,Tajura' wa an Nawahi al Arba,,,,,,32.8547,13.15837,official_emis,exact,open
LBY_003852,AJ-019,LBY,TARAK BEN ZEAD,طارق بن زياد,1|2,Primary|Preparatory,public,Libya,Ajdabiya,,,,,,30.75195,20.22829,official_emis,exact,open
LBY_003853,WM-091,LBY,TARAK BEN ZEAD,طارق بن زياد,1|2,Primary|Preparatory,public,Libya,Mizdah,,,,,,32.10885,13.00976,official_emis,exact,open
LBY_003854,TR-165,LBY,TARBELS ALMARKAZEA SCHOOL,طرابلس المركزية,1|2,Primary|Preparatory,public,Libya,Tajura' wa an Nawahi al Arba,,,,,,32.88999,13.17456,official_emis,exact,open
LBY_003855,MO-119,LBY,TARBO,تربو,1,Primary,public,Libya,Murzuq,,,,,,25.96931,15.16311,official_emis,exact,open
LBY_003856,MU-047,LBY,TAREK BEN ZEAD,طارق بن زياد,1|2,Primary|Preparatory,public,Libya,Misratah,,,,,,32.37455,15.05956,official_emis,exact,open
LBY_003857,SI-053,LBY,TAREK BEN ZEAD,طارق بن زياد,1|2,Primary|Preparatory,public,Libya,Surt,,,,,,30.96742,17.59975,official_emis,exact,open
LBY_003858,DA-100,LBY,TAREK BEN ZEAD,طارق بن زياد,1|2,Primary|Preparatory,public,Libya,Al Jabal al Akhdar,,,,,,32.72139,21.97763,official_emis,exact,open
LBY_003859,WM-210,LBY,TAREK BEN ZEYAD,طارق بن زياد,1|2,Primary|Preparatory,public,Libya,Mizdah,,,,,,31.6517,12.69077,official_emis,exact,open
LBY_003860,MI-012,LBY,TAREK BEN ZEYAD,طارق بن زياد,1|2,Primary|Preparatory,public,Libya,Al Marqab,,,,,,32.29376,13.49881,official_emis,exact,open
LBY_003861,TU-042,LBY,TAREQ BEN ZEYAD,طارق بن زياد,1|2,Primary|Preparatory,public,Libya,Al Butnan,,,,,,31.88965,23.92934,official_emis,exact,open
LBY_003862,MA-196,LBY,TAREQ BEN ZEYIAD,طارق بن زياد,1,Primary,public,Libya,Al Marj,,,,,,32.48459,20.84808,official_emis,exact,open
LBY_003863,ZA-215,LBY,TAREQ BEN ZEYIAD,طارق بن زياد,1|2,Primary|Preparatory,public,Libya,Az Zawiyah,,,,,,32.3799,12.67876,official_emis,exact,closed_temporary
LBY_003864,WS-064,LBY,TAREQ BEN ZEYIAD,طارق بن زياد,3,Secondary (Medical Sciences),public,Libya,Ash Shati',,,,,,27.57471,14.23248,official_emis,exact,open
LBY_003865,WM-147,LBY,TAREQ BEN ZEYIAD,طارق بن زياد,1|2,Primary|Preparatory,public,Libya,Mizdah,,,,,,32.02561,12.88458,official_emis,exact,open
LBY_003866,MA-046,LBY,TAREQ BEN ZEYIAD,طارق بن زياد,2,Preparatory,public,Libya,Al Marj,,,,,,32.48459,20.84808,official_emis,exact,open
LBY_003867,GA-008,LBY,TAREQ BEN ZEYIAD,طارق بن زياد,1|2,Primary|Preparatory,public,Libya,Ghat,,,,,,24.95208,10.08282,official_emis,exact,open
LBY_003868,BI-179,LBY,TAREQ BEN ZIAD,طارق بن زياد,1|2,Primary|Preparatory,public,Libya,Benghazi,,,,,,32.096586,20.083746,official_emis,exact,open
LBY_003869,SA-092,LBY,TAREQ BEN ZIYAD,طارق بن زياد,1,Primary,public,Libya,Sabha,,,,,,27.03302,14.43391,official_emis,exact,open
LBY_003870,WM-297,LBY,TAREQ BEN ZIYAD,طارق بن زياد,3,Secondary (Economic Sciences),public,Libya,Mizdah,,,,,,32.04864,12.56102,official_emis,exact,open
LBY_003871,SA-038,LBY,TAREQ BEN ZIYAD,طارق بن زياد,2,Preparatory,public,Libya,Sabha,,,,,,27.03302,14.43391,official_emis,exact,open
LBY_003872,JA-016,LBY,TAREQ BEN ZIYAD,طارق بن زياد,1|2,Primary|Preparatory,public,Libya,Al Marqab,,,,,,32.48154,14.62862,official_emis,exact,open
LBY_003873,GM-101,LBY,TAREQ BEN ZUD,طارق بن زياد,1|2,Primary|Preparatory,public,Libya,Al Jabal al Akhdar,,,,,,32.61818,21.60278,official_emis,exact,closed_temporary
LBY_003874,KU-059,LBY,TAREQ BEN ZYAD,طارق بن زياد,1|2,Primary|Preparatory,public,Libya,An Nuqat al Khams,,,,,,32.72691,12.44386,official_emis,exact,closed_temporary
LBY_003875,NA-009,LBY,TAREQ BEN ZYAD,طارق بن زياد,1|2,Primary|Preparatory,public,Libya,Ghadamis,,,,,,31.88519,11.57163,official_emis,exact,open
LBY_003876,WH-052,LBY,TAREQ BEN ZYAD,طارق بن زياد,1|2,Primary|Preparatory,public,Libya,Wadi al Hayaa,,,,,,26.61337,13.56311,official_emis,exact,open
LBY_003877,MU-266,LBY,TARG BN ZIAD,طارق بن زياد,1|2,Primary|Preparatory,public,Libya,Al Marqab,,,,,,32.46312,14.49406,official_emis,exact,closed_temporary
LBY_003878,WM-274,LBY,TARG NB ZIAD,طارق بن زياد,2,Preparatory,public,Libya,Mizdah,,,,,,32.06967,12.54378,official_emis,exact,closed_temporary
LBY_003879,MI-107,LBY,TARGAAT,ترغت,1|2,Primary|Preparatory,public,Libya,Tajura' wa an Nawahi al Arba,,,,,,32.70969,13.7979,official_emis,exact,open
LBY_003880,MO-070,LBY,TARGHAN,تراغن,2,Preparatory,public,Libya,Murzuq,,,,,,25.92749,14.43217,official_emis,exact,closed_temporary
LBY_003881,ZA-131,LBY,TARK BEN ZYAD,طارق بن زياد,1|2,Primary|Preparatory,public,Libya,Az Zawiyah,,,,,,32.76866,12.57169,official_emis,exact,closed_temporary
LBY_003882,MI-178,LBY,TARK BN ZIAD,طارق بن زياد,3,Secondary (Medical Sciences)|Secondary (Engineering Sciences)|Secondary (Economic Sciences),public,Libya,Al Marqab,,,,,,32.58148,13.91856,official_emis,exact,open
LBY_003883,MI-165,LBY,TARQ BEN ZAYAD,طارق بن زياد,1|2,Primary|Preparatory,public,Libya,Al Marqab,,,,,,32.58157,13.91859,official_emis,exact,closed_temporary
LBY_003884,ZA-225,LBY,TAWAR ALMETRED,توار المطرد,1|2,Primary|Preparatory,public,Libya,Az Zawiyah,,,,,,32.76958,12.60261,official_emis,exact,closed_temporary
LBY_003885,BI-015,LBY,TAWART ALELAM,ثورة العلم,1|2,Primary|Preparatory,public,Libya,Benghazi,,,,,,32.12054,20.1505,official_emis,exact,open
LBY_003886,MA-005,LBY,TAWRAT ALHEJARA,ثورة الحجارة,1|2,Primary|Preparatory,public,Libya,Al Marj,,,,,,32.563,21.25512,official_emis,exact,open
LBY_003887,MI-009,LBY,TAWRAT ALHEJARA,ثورة الحجارة,1|2,Primary|Preparatory,public,Libya,Al Marqab,,,,,,32.27088,13.54196,official_emis,exact,open
LBY_003888,MA-187,LBY,TAWRAT ALHEJARA,ثورة الحجارة,1,Primary,public,Libya,Al Marj,,,,,,32.563,21.25512,official_emis,exact,open
LBY_003889,DA-066,LBY,TAYEBT ALESM,طيبة الاسم,1,Primary,public,Libya,Al Qubbah,,,,,,32.7448,22.27432,official_emis,exact,open
LBY_003890,BI-204,LBY,TBWK,تبوك,1,Primary,public,Libya,Benghazi,,,,,,32.07843,20.123404,official_emis,exact,open
LBY_003891,BI-211,LBY,TEBAT ALMANWER,طيبة المنورة,1,Primary,public,Libya,Benghazi,,,,,,32.079873,20.113586,official_emis,exact,closed_temporary
LBY_003892,GA-005,LBY,TEHAALA,تهاله,1|2,Primary|Preparatory,public,Libya,Ghat,,,,,,25.35213,10.35213,official_emis,exact,open
LBY_003893,NA-112,LBY,TEJE ALMARKZYA,تيجي المركزي,1|2,Primary|Preparatory,public,Libya,Ghadamis,,,,,,32.01174,11.35772,official_emis,exact,open
LBY_003894,BI-131,LBY,TEKA,تيكا,1|2,Primary|Preparatory,public,Libya,Benghazi,,,,,,31.94215,20.02491,official_emis,exact,closed_temporary
LBY_003895,WM-185,LBY,TEKBAL,تكبال,1|2,Primary|Preparatory,public,Libya,Mizdah,,,,,,32.12956,12.63286,official_emis,exact,open
LBY_003896,KU-002,LBY,TELIL ALSHAMALYA,تليل الشماليه,1|2,Primary|Preparatory,public,Libya,An Nuqat al Khams,,,,,,32.80452,12.37387,official_emis,exact,closed_temporary
LBY_003897,MU-199,LBY,TEMNENA ALMARKAZEYA,طمنينة المركزية,1|2,Primary|Preparatory,public,Libya,Misratah,,,,,,32.25438,15.07983,official_emis,exact,open
LBY_003898,WM-014,LBY,TERKEN ALJADEDA,تغرتة الجديده,1|2,Primary|Preparatory,public,Libya,Mizdah,,,,,,32.12484,12.99495,official_emis,exact,open
LBY_003899,MO-095,LBY,TGRWATAYN,تقروطين,1,Primary,public,Libya,Murzuq,,,,,,26.10223,13.62802,official_emis,exact,open
LBY_003900,MO-035,LBY,TGRWATAYN,تقروطين,1|2,Primary|Preparatory,public,Libya,Murzuq,,,,,,26.10223,13.62802,official_emis,exact,open
LBY_003901,MU-242,LBY,THAER ALSHOHADA,ثأر الشهداء,1|2,Primary|Preparatory,public,Libya,Al Marqab,,,,,,32.40073,14.71758,official_emis,exact,open
LBY_003902,WM-295,LBY,THANAWIAT ALQASER,ثانوية القصرللعلوم الهندسية,3,Secondary (Engineering Sciences),public,Libya,Mizdah,,,,,,32.06608,12.53153,official_emis,exact,open
LBY_003903,KU-283,LBY,THANAWIAT ALULUM ALIANDASIA,ثانوية العلوم الهندسية,3,Secondary (Engineering Sciences),public,Libya,An Nuqat al Khams,,,,,,32.8872,11.98509,official_emis,exact,open
LBY_003904,WM-172,LBY,THANAWIAT ARRABTA ATTAKHASSUSIA,ثانوية الرابطة التخصصية,3,Secondary (Medical Sciences),public,Libya,Mizdah,,,,,,32.16977,12.86282,official_emis,exact,open
LBY_003905,MO-002,LBY,THANWEAT ALBNAT MORZAQ,ثانوية البنات مرزق,3,Secondary (Medical Sciences)|Secondary (Economic Sciences),public,Libya,Murzuq,,,,,,25.91791,13.92147,official_emis,exact,open
LBY_003906,WM-237,LBY,THANWIAT ALGRYA ASHRQYQ,ثانوية القرية الشرقية,3,Secondary (Medical Sciences),public,Libya,Mizdah,,,,,,30.38696,13.57384,official_emis,exact,open
LBY_003907,ZA-144,LBY,THANWIAT ITAFF,ثانوية عطاف,3,Secondary (Medical Sciences)|Secondary (Economic Sciences),public,Libya,Az Zawiyah,,,,,,32.75935,12.58138,official_emis,exact,closed_temporary
LBY_003908,MO-005,LBY,THANWYAT GNFAL,ثانوية قنفل,3,Secondary (Medical Sciences)|Secondary (Engineering Sciences)|Secondary (Economic Sciences),public,Libya,Murzuq,,,,,,25.92087,14.27177,official_emis,exact,open
LBY_003909,SA-039,LBY,THAT ALNITAQIAN,ذات النطاقين,2,Preparatory,public,Libya,Sabha,,,,,,27.03935,14.43063,official_emis,exact,open
LBY_003910,GA-020,LBY,THAWRAT 17 FIRAYER,ثورة 17 فبراير,1|2,Primary|Preparatory,public,Libya,Ghat,,,,,,25.8287,10.5102,official_emis,exact,open
LBY_003911,MU-166,LBY,THO ANOORAIN,ذو النورين,1|2,Primary|Preparatory,public,Libya,Misratah,,,,,,32.37746,14.96619,official_emis,exact,open
LBY_003912,SI-064,LBY,THOWAR  LIBYA,ثوار ليبيا,1|2,Primary|Preparatory,public,Libya,Surt,,,,,,30.59352,18.41048,official_emis,exact,open
LBY_003913,JA-150,LBY,THWRAT ALHAQ,ثورة الحق,1|2,Primary|Preparatory,public,Libya,Al Jifarah,,,,,,32.61321,13.1272,official_emis,exact,closed_temporary
LBY_003914,BI-010,LBY,THWRAT ALHEJARA,ثورة الحجارة,1|2,Primary|Preparatory,public,Libya,Benghazi,,,,,,32.122698,20.090862,official_emis,exact,open
LBY_003915,MO-013,LBY,TJERHE,تجرهى الثانوية,3,Secondary (Medical Sciences)|Secondary (Economic Sciences),public,Libya,Murzuq,,,,,,24.32963,14.26742,official_emis,exact,open
LBY_003916,MO-045,LBY,TJRHE ALSHG  TANE,تجرهي الشق ثانى,2,Preparatory,public,Libya,Murzuq,,,,,,24.3332,14.26774,official_emis,exact,open
LBY_003917,MO-044,LBY,TJRHE ALSHG ALAWL,تجرهي الشق الاول,1,Primary,public,Libya,Murzuq,,,,,,24.32963,14.26742,official_emis,exact,open
LBY_003918,WH-025,LBY,TKIRKIBA,تكركيبة,2,Preparatory,public,Libya,Wadi al Hayaa,,,,,,26.56229,13.24846,official_emis,exact,open
LBY_003919,GA-025,LBY,TLAEA ALHURYA,طلائع الحرية,3,Secondary (Medical Sciences)|Secondary (Economic Sciences),public,Libya,Ghat,,,,,,25.41479,10.35181,official_emis,exact,open
LBY_003920,BI-074,LBY,TLAEA ALNSR,طلائع النصر,2|3,Preparatory|Secondary (Economic Sciences),public,Libya,Benghazi,,,,,,32.259866,20.202596,official_emis,exact,closed_temporary
LBY_003921,JA-009,LBY,TLA`EA ALNSR,طلائع النصر,1|2,Primary|Preparatory,public,Libya,Al Marqab,,,,,,32.47697,14.56586,official_emis,exact,open
LBY_003922,MI-251,LBY,TLA`EA ALNSR,طلائع النصر,1|2,Primary|Preparatory,public,Libya,Tajura' wa an Nawahi al Arba,,,,,,32.68309,13.62608,official_emis,exact,open
LBY_003923,SI-088,LBY,TLEA ALNSER,طلائع النصر,1|2,Primary|Preparatory,public,Libya,Surt,,,,,,31.20813,16.56641,official_emis,exact,open
LBY_003924,MI-210,LBY,TLITLH,طليطله,1,Primary,public,Libya,Al Marqab,,,,,,32.31154,13.95216,official_emis,exact,open
LBY_003925,MO-009,LBY,TMESA ALTHANWEYA,تمسة الثانوية,3,Secondary (Medical Sciences),public,Libya,Murzuq,,,,,,26.39355,15.7831,official_emis,exact,open
LBY_003926,MO-047,LBY,TMST LLATALIM ALASHSE,تمسة للتعليم الاساسى,1|2,Primary|Preparatory,public,Libya,Murzuq,,,,,,26.39371,15.78384,official_emis,exact,open
LBY_003927,MO-101,LBY,TMST LLATALIM ALASHSE,تمسة للتعليم الاساسى,1,Primary,public,Libya,Murzuq,,,,,,26.39371,15.78384,official_emis,exact,open
LBY_003928,NA-015,LBY,TNDMERA ALSHAMALIA,تندميرة الشمالية,1,Primary,public,Libya,Ghadamis,,,,,,32.00784,11.46763,official_emis,exact,open
LBY_003929,BI-152,LBY,TOLYATALA,طليطلة,2,Preparatory,public,Libya,Benghazi,,,,,,32.081864,20.119406,official_emis,exact,open
LBY_003930,NA-070,LBY,TOMAZEEN ALMARKIZEYA,طمزين المركزية,1|2,Primary|Preparatory,public,Libya,Ghadamis,,,,,,31.85475,11.41555,official_emis,exact,open
LBY_003931,MU-208,LBY,TOMINA THANWIA BANEEN,طمينة ثانوية بنيين,3,Secondary (Engineering Sciences)|Secondary (Economic Sciences),public,Libya,Misratah,,,,,,32.25768,15.08259,official_emis,exact,closed_temporary
LBY_003932,NA-071,LBY,TOMZZEN ALAHDIDEYA,طمزين الإعدادية,1,Primary,public,Libya,Ghadamis,,,,,,31.84938,11.41543,official_emis,exact,open
LBY_003933,NA-019,LBY,TONIEN,تونين,1|2,Primary|Preparatory,public,Libya,Ghadamis,,,,,,31.88162,10.97706,official_emis,exact,open
LBY_003934,TR-316,LBY,TORT AIJER,ثورة الحجرة,3,Secondary (Medical Sciences)|Secondary (Economic Sciences),public,Libya,Tajura' wa an Nawahi al Arba,,,,,,32.87978,13.22468,official_emis,exact,open
LBY_003935,WH-027,LBY,TOSH,توش,1|2,Primary|Preparatory,public,Libya,Wadi al Hayaa,,,,,,26.5406,13.09756,official_emis,exact,open
LBY_003936,NA-065,LBY,TOWAR 17FEBRAYER,ثوار 17 فبراير,1|2,Primary|Preparatory,public,Libya,Tajura' wa an Nawahi al Arba,,,,,,32.8466,13.17936,official_emis,exact,open
LBY_003937,ZA-171,LBY,TOWRTO ALHJART,ثورة الحجارة,1|2,Primary|Preparatory,public,Libya,Az Zawiyah,,,,,,32.73647,12.64274,official_emis,exact,open
LBY_003938,WH-026,LBY,TOYOA,تويوة,1|2,Primary|Preparatory,public,Libya,Wadi al Hayaa,,,,,,26.55822,13.14975,official_emis,exact,open
LBY_003939,MO-052,LBY,TOYOEY,تويوي,1|2,Primary|Preparatory,public,Libya,Murzuq,,,,,,26.14596,14.69551,official_emis,exact,open
LBY_003940,MO-103,LBY,TOYOEY,تويوي,1,Primary,public,Libya,Murzuq,,,,,,26.14596,14.69551,official_emis,exact,open
LBY_003941,TR-311,LBY,TRABLOS,طرابلس,3,Secondary (Engineering Sciences),public,Libya,Tajura' wa an Nawahi al Arba,,,,,,32.88475,13.24839,official_emis,exact,open
LBY_003942,MO-074,LBY,TRAGEN,تراغن بنات,1|2,Primary|Preparatory,public,Libya,Murzuq,,,,,,25.92795,14.43095,official_emis,exact,open
LBY_003943,MO-116,LBY,TRAGEN,تراغن بنات,1,Primary,public,Libya,Murzuq,,,,,,25.92795,14.43095,official_emis,exact,open
LBY_003944,MO-059,LBY,TRAGHEN BANEEN,تراغن بنين,1,Primary,public,Libya,Murzuq,,,,,,25.92654,14.45076,official_emis,exact,closed_temporary
LBY_003945,MO-106,LBY,TRAGHEN BANEEN,تراغن بنين,1,Primary,public,Libya,Murzuq,,,,,,25.92654,14.45076,official_emis,exact,open
LBY_003946,TR-167,LBY,TRAPLIS,طرابلس,3,Secondary (Medical Sciences)|Secondary (Economic Sciences),public,Libya,Tajura' wa an Nawahi al Arba,,,,,,32.88452,13.16584,official_emis,exact,open
LBY_003947,MI-389,LBY,TRGHLAT,ترغلات الثانوية,3,Secondary (Medical Sciences),public,Libya,Al Jifarah,,,,,,32.37782,13.11716,official_emis,exact,open
LBY_003948,MI-209,LBY,TRGLAT,ترغلات,1,Primary,public,Libya,Al Marqab,,,,,,32.38035,13.90026,official_emis,exact,open
LBY_003949,MI-396,LBY,TRHONT TNWUT,ترهونة الثانوية,3,Secondary (Economic Sciences),public,Libya,Al Marqab,,,,,,32.43145,13.63801,official_emis,exact,open
LBY_003950,MO-049,LBY,TRPW,تربو,1|2,Primary|Preparatory,public,Libya,Murzuq,,,,,,25.96931,15.16311,official_emis,exact,open
LBY_003951,DA-096,LBY,TRT,ترت,1|2,Primary|Preparatory,public,Libya,Al Qubbah,,,,,,32.78615,22.00786,official_emis,exact,open
LBY_003952,MO-093,LBY,TSAWA,تساوة الشق الثاني,2,Preparatory,public,Libya,Murzuq,,,,,,26.08652,13.50481,official_emis,exact,open
LBY_003953,MO-032,LBY,TSAWA,تساوة الشق الثاني,2,Preparatory,public,Libya,Murzuq,,,,,,26.08652,13.50481,official_emis,exact,open
LBY_003954,MO-030,LBY,TSAWA BANAT ASHAQ ALAWEL,تساوة بنات الشق الأول,1,Primary,public,Libya,Murzuq,,,,,,26.08804,13.50293,official_emis,exact,open
LBY_003955,MO-091,LBY,TSAWA BANAT ASHAQ ALAWEL,تساوة بنات الشق الأول,1,Primary,public,Libya,Murzuq,,,,,,26.08804,13.50293,official_emis,exact,open
LBY_003956,MO-031,LBY,TSAWA BANEN,تساوة بنين,1,Primary,public,Libya,Murzuq,,,,,,26.08788,13.50478,official_emis,exact,open
LBY_003957,MO-092,LBY,TSAWA BANEN,تساوة بنين,1,Primary,public,Libya,Murzuq,,,,,,26.08788,13.50478,official_emis,exact,open
LBY_003958,KO-019,LBY,TSLAMET,تسلمت,1|2,Primary|Preparatory,public,Libya,Al Kufrah,,,,,,25.674,21.07321,official_emis,exact,open
LBY_003959,MO-016,LBY,TSOUT ALTNOUT,تساوة الثانوية,3,Secondary (Medical Sciences)|Secondary (Engineering Sciences)|Secondary (Economic Sciences),public,Libya,Murzuq,,,,,,26.08618,13.50344,official_emis,exact,open
LBY_003960,TU-007,LBY,TUBRAK LATALEM ALASASE WE ALTANAWE,طبرق للتعلم الاساسى والتانوية,1|3,Primary|Secondary (Economic Sciences),public,Libya,Al Butnan,,,,,,32.09225,23.95248,official_emis,exact,open
LBY_003961,TR-515,LBY,UNION AFRICAN,الاتحاد الافريقي,1|2,Primary|Preparatory,public,Libya,Tajura' wa an Nawahi al Arba,,,,,,32.81017,13.42747,official_emis,exact,open
LBY_003962,MI-292,LBY,USOOD LIBYA,أسود ليبيا,1,Primary,public,Libya,Tajura' wa an Nawahi al Arba,,,,,,32.73688,13.60912,official_emis,exact,open
LBY_003963,MI-138,LBY,WADAN,وادنة,1|2,Primary|Preparatory,public,Libya,Al Marqab,,,,,,32.56874,14.04082,official_emis,exact,closed_temporary
LBY_003964,WM-083,LBY,WADE ALKWASM ALTANWIH,وادى القواسم الثانوية,3,Secondary (Economic Sciences),public,Libya,Mizdah,,,,,,32.1771,13.08721,official_emis,exact,open
LBY_003965,JA-314,LBY,WADE ALMAJANEN,وادى المجنين,1|2|3,Primary|Preparatory|Secondary (Economic Sciences),public,Libya,Al Jifarah,,,,,,32.71018,13.06772,official_emis,exact,open
LBY_003966,SI-025,LBY,WADEY AZKEAR,وادي ازكير,1|2,Primary|Preparatory,public,Libya,Misratah,,,,,,31.14412,16.05585,official_emis,exact,open
LBY_003967,BI-102,LBY,WADI ALBAB,وادي الباب,1|2,Primary|Preparatory,public,Libya,Benghazi,,,,,,31.579374,20.528252,official_emis,exact,open
LBY_003968,TU-086,LBY,WADI ALEIN,وادي العين,1|2,Primary|Preparatory,public,Libya,Al Butnan,,,,,,31.97029,24.78874,official_emis,exact,open
LBY_003969,MI-202,LBY,WADI ALMAA,وادي الماء,1|2,Primary|Preparatory,public,Libya,Al Marqab,,,,,,32.44854,14.54615,official_emis,exact,open
LBY_003970,JA-265,LBY,WADI ARABEEA,وادي الربيع,3,Secondary (Economic Sciences),public,Libya,Tajura' wa an Nawahi al Arba,,,,,,32.70178,13.31091,official_emis,exact,open
LBY_003971,JA-264,LBY,WADI ARABEEA,وادي الربيع,1|2,Primary|Preparatory,public,Libya,Tajura' wa an Nawahi al Arba,,,,,,32.70147,13.31116,official_emis,exact,open
LBY_003972,MI-500,LBY,WADI GHAWGHAW,وادي غاوغاو,1|2,Primary|Preparatory,public,Libya,Al Marqab,,,,,,32.51404,14.40647,official_emis,exact,open
LBY_003973,MI-063,LBY,WADI OMRAN,وادي عمران,1|2,Primary|Preparatory,public,Libya,Al Marqab,,,,,,32.54949,14.12694,official_emis,exact,open
LBY_003974,WM-289,LBY,WADI WAMES,وادي وامس,1|2,Primary|Preparatory,public,Libya,Mizdah,,,,,,31.76668,12.70271,official_emis,exact,open
LBY_003975,SI-039,LBY,WADY BY,وادي بي,1|2,Primary|Preparatory,public,Libya,Al Kufrah,,,,,,25.66577,21.05126,official_emis,exact,unknown
LBY_003976,JA-257,LBY,WADY ELRABEE ALSHAMALY,وادي الربيع الشمالي,1,Primary,public,Libya,Tajura' wa an Nawahi al Arba,,,,,,32.74608,13.30952,official_emis,exact,open
LBY_003977,MI-323,LBY,WADY SARAYA,وادي سرايه,1|2,Primary|Preparatory,public,Libya,Tajura' wa an Nawahi al Arba,,,,,,32.59113,13.64988,official_emis,exact,closed_temporary
LBY_003978,BI-153,LBY,WAGDAH ALWAHDAWYA,وجدة الوحدوية,2,Preparatory,public,Libya,Benghazi,,,,,,32.104528,20.128106,official_emis,exact,open
LBY_003979,MU-373,LBY,WAIDA ALMOJAHED CHREF AL DEIN,وجدة المجاهد شرف الدين,1|2,Primary|Preparatory,public,Libya,Al Marqab,,,,,,32.28747,14.57513,official_emis,exact,open
LBY_003980,KU-153,LBY,WAJADA,وجدة,1|2,Primary|Preparatory,public,Libya,An Nuqat al Khams,,,,,,32.73895,12.24598,official_emis,exact,open
LBY_003981,KU-244,LBY,WAJDA,وجدة,1|2,Primary|Preparatory,public,Libya,An Nuqat al Khams,,,,,,32.95114,11.87289,official_emis,exact,open
LBY_003982,KU-067,LBY,WAJDA,وجدة,1|2,Primary|Preparatory,public,Libya,An Nuqat al Khams,,,,,,32.77191,12.46506,official_emis,exact,closed_temporary
LBY_003983,GM-021,LBY,WAJDDA,وجدة,1|2,Primary|Preparatory,public,Libya,Al Jabal al Akhdar,,,,,,32.76315,21.77699,official_emis,exact,open
LBY_003984,GM-195,LBY,WAJDDA,وجدة,1,Primary,public,Libya,Al Jabal al Akhdar,,,,,,32.76315,21.77699,official_emis,exact,open
LBY_003985,SI-063,LBY,WAJDDA,وجدة,1|2|3,Primary|Preparatory|Secondary (Medical Sciences)|Secondary (Engineering Sciences)|Secondary (Economic Sciences),public,Libya,Surt,,,,,,30.80894,18.06543,official_emis,exact,open
LBY_003986,GM-186,LBY,WARDAMA,وردامة,1,Primary,public,Libya,Al Jabal al Akhdar,,,,,,32.79919,21.78824,official_emis,exact,open
LBY_003987,GM-001,LBY,WARDAMA,وردامة,1|2,Primary|Preparatory,public,Libya,Al Jabal al Akhdar,,,,,,32.79919,21.78824,official_emis,exact,open
LBY_003988,NA-049,LBY,WAZEN ALMARKAZEYA,وازن المركزية,1|2,Primary|Preparatory,public,Libya,Ghadamis,,,,,,31.93948,10.66275,official_emis,exact,open
LBY_003989,DA-018,LBY,WDA DRNA,وادى درنة,1|2,Primary|Preparatory,public,Libya,Al Qubbah,,,,,,32.66937,22.58928,official_emis,exact,open
LBY_003990,SI-090,LBY,WDAI ALTLA,وادى تلال,1|2,Primary|Preparatory,public,Libya,Surt,,,,,,31.19839,16.54779,official_emis,exact,open
LBY_003991,JU-027,LBY,WEDAN ATANAWIA,ودان الثانوية,3,Secondary (Medical Sciences)|Secondary (Engineering Sciences),public,Libya,Al Jufrah,,,,,,29.15707,16.14195,official_emis,exact,open
LBY_003992,MI-260,LBY,WHE AL SMAA,وحي السماء,1|2,Primary|Preparatory,public,Libya,Tajura' wa an Nawahi al Arba,,,,,,32.74748,13.69509,official_emis,exact,closed_temporary
LBY_003993,MI-280,LBY,YAFA,يافا,1|2,Primary|Preparatory,public,Libya,Tajura' wa an Nawahi al Arba,,,,,,32.72891,13.69939,official_emis,exact,closed_temporary
LBY_003994,TR-530,LBY,YAHAY ALSAWERE SCHOOL,يحيى السويرى,1|2|3,Primary|Preparatory|Secondary (Engineering Sciences),public,Libya,Tajura' wa an Nawahi al Arba,,,,,,32.77866,13.39448,official_emis,exact,open
LBY_003995,TR-390,LBY,YAOM ALWAFA,يوم الوفاء,1|2,Primary|Preparatory,public,Libya,Tajura' wa an Nawahi al Arba,,,,,,32.83902,13.19757,official_emis,exact,open
LBY_003996,TR-569,LBY,YAOM ALWAFW SCHOOL,يوم الوفاء سابقا,3,Secondary (Economic Sciences),public,Libya,Tajura' wa an Nawahi al Arba,,,,,,32.8902,13.33369,official_emis,exact,open
LBY_003997,MU-041,LBY,YATREB,يثرب,1|2,Primary|Preparatory,public,Libya,Misratah,,,,,,32.37285,15.05581,official_emis,exact,open
LBY_003998,MI-242,LBY,YOOM ALTAHRAR,يوم التحرير,1|2,Primary|Preparatory,public,Libya,Tajura' wa an Nawahi al Arba,,,,,,32.59649,13.56396,official_emis,exact,open
LBY_003999,BI-200,LBY,YOSEF BOKER,يوسف بوكر,2,Preparatory,public,Libya,Benghazi,,,,,,32.077272,20.083546,official_emis,exact,open
LBY_004000,GM-135,LBY,YOSF GULN,يوسف الجيلانى,1|2,Primary|Preparatory,public,Libya,Al Jabal al Akhdar,,,,,,32.73107,21.90635,official_emis,exact,closed_temporary
LBY_004001,TR-511,LBY,YOUM ELINETAQ,يوم الانعتاق,1|2|3,Primary|Preparatory|Secondary (Economic Sciences),public,Libya,Tajura' wa an Nawahi al Arba,,,,,,32.87624,13.33755,official_emis,exact,open
LBY_004002,WM-364,LBY,ZAEYMA ALBARONEY,زعيمة الباروني,1,Primary,public,Libya,Mizdah,,,,,,31.95978,12.01646,official_emis,exact,open
LBY_004003,KU-109,LBY,ZAFRANA ALMARKAZEYA,زعفرانه المركزية,1|2,Primary|Preparatory,public,Libya,An Nuqat al Khams,,,,,,32.68803,12.31913,official_emis,exact,closed_temporary
LBY_004004,TR-140,LBY,ZAHARIT ALFATAH,زهرات الفاتح سابقا,2,Preparatory,public,Libya,Tajura' wa an Nawahi al Arba,,,,,,32.87311,13.19477,official_emis,exact,open
LBY_004005,NA-069,LBY,ZAHARIT FEBRIYER,زهرات فبراير,1,Primary,public,Libya,Ghadamis,,,,,,31.84946,11.33969,official_emis,exact,open
LBY_004006,BI-521,LBY,ZAHRAT AL MADAIN,زهرة المدائن,1,Primary,public,Libya,Benghazi,,,,,,32.1114,20.10774,official_emis,exact,open
LBY_004007,BI-027,LBY,ZAHRAT AL MADAIN,زهرة المدائن,1|2,Primary|Preparatory,public,Libya,Benghazi,,,,,,32.1114,20.10774,official_emis,exact,open
LBY_004008,TR-045,LBY,ZAHRAT ALMADAEN,زهرة المدائن,1|2,Primary|Preparatory,public,Libya,Az Zawiyah,,,,,,32.8474,13.086,official_emis,exact,open
LBY_004009,BI-185,LBY,ZAHRAT ALMOSTAKBEL,زهرات المستقبل,1|2,Primary|Preparatory,public,Libya,Benghazi,,,,,,32.104369,20.110558,official_emis,exact,open
LBY_004010,BI-488,LBY,ZAHRAT ALMOSTAQBEL,زهرات المستقبل,1,Primary,public,Libya,Benghazi,,,,,,32.104369,20.110558,official_emis,exact,closed_temporary
LBY_004011,SI-035,LBY,ZAHRTA ALMDAEN,زهرة المدائن,1|2,Primary|Preparatory,public,Libya,Misratah,,,,,,31.45014,15.24927,official_emis,exact,open
LBY_004012,MI-511,LBY,ZAID ALQAREB,زايد الغريب,1|2,Primary|Preparatory,public,Libya,Al Marqab,,,,,,32.65748,14.25483,official_emis,exact,open
LBY_004013,MU-138,LBY,ZAID BEN TABET,زيد بن ثابت,1|2,Primary|Preparatory,public,Libya,Misratah,,,,,,32.37071,15.166,official_emis,exact,open
LBY_004014,WS-076,LBY,ZAID BEN TABET,زيد بن ثابت,3,Secondary (Medical Sciences),public,Libya,Ash Shati',,,,,,27.48339,13.11517,official_emis,exact,open
LBY_004015,MU-274,LBY,ZAID EBNO THABET,زيد بن ثابت,1|2,Primary|Preparatory,public,Libya,Al Marqab,,,,,,32.46402,14.50727,official_emis,exact,closed_temporary
LBY_004016,ZA-124,LBY,ZAKARIA,زكريا,1|2,Primary|Preparatory,public,Libya,Az Zawiyah,,,,,,32.75262,12.58268,official_emis,exact,open
LBY_004017,JU-046,LBY,ZALLA,زلة للتعليم الاساسي,1|2,Primary|Preparatory,public,Libya,Al Jufrah,,,,,,28.54463,17.55442,official_emis,exact,open
LBY_004018,JU-069,LBY,ZALLA,زلة للتعليم الاساسي,1|2,Primary|Preparatory,public,Libya,Al Jufrah,,,,,,28.54463,17.55442,official_emis,exact,open
LBY_004019,JU-047,LBY,ZALLA  ATHANWEYA,زلة الثانوية,3,Secondary (Medical Sciences)|Secondary (Engineering Sciences)|Secondary (Economic Sciences),public,Libya,Al Jufrah,,,,,,28.54916,17.54461,official_emis,exact,open
LBY_004020,SI-030,LBY,ZAMZAM AL MARKAZEYA,زمزم المركزية,1|2,Primary|Preparatory,public,Libya,Misratah,,,,,,31.18596,15.08593,official_emis,exact,open
LBY_004021,TR-455,LBY,ZARQA ALYAMAMA,زرقاء اليمامة,3,Secondary (Economic Sciences),public,Libya,Tajura' wa an Nawahi al Arba,,,,,,32.8778,13.2806,official_emis,exact,open
LBY_004022,ZA-082,LBY,ZAWEYA ALTANWIH,الزاوية الثانوية,3,Secondary (Medical Sciences),public,Libya,Az Zawiyah,,,,,,32.75597,12.73329,official_emis,exact,open
LBY_004023,GM-071,LBY,ZAWEYAT AL GASREEN,زاوية القصرين,1|2,Primary|Preparatory,public,Libya,Al Marj,,,,,,32.66393,21.40053,official_emis,exact,closed_temporary
LBY_004024,MA-085,LBY,ZAYD BEN TABET,زيد بن ثابت,1|2,Primary|Preparatory,public,Libya,Al Marj,,,,,,32.48254,21.12742,official_emis,exact,open
LBY_004025,WS-035,LBY,ZAYED BEN TABET,زيد بن ثابت,1|2,Primary|Preparatory,public,Libya,Ash Shati',,,,,,27.49423,13.97336,official_emis,exact,open
LBY_004026,NA-120,LBY,ZEQZAW,زقزاو,1|2,Primary|Preparatory,public,Libya,Ghadamis,,,,,,32.04071,11.17801,official_emis,exact,open
LBY_004027,KU-146,LBY,ZFRN SMLUT,زعفرانه الشماليه,1|2,Primary|Preparatory,public,Libya,An Nuqat al Khams,,,,,,32.69744,12.32518,official_emis,exact,closed_temporary
LBY_004028,JA-037,LBY,ZHRA ALWOSTA,زهراء الوسطي,1|2,Primary|Preparatory,public,Libya,Al Marqab,,,,,,32.1415,13.46795,official_emis,exact,closed_temporary
LBY_004029,JA-209,LBY,ZID BIN ALHARETA,زيد بن الحارثة,1|2,Primary|Preparatory,public,Libya,Al Marqab,,,,,,32.45097,14.56644,official_emis,exact,open
LBY_004030,GM-104,LBY,ZID BIN TABET,زيد بن ثابت,1|2,Primary|Preparatory,public,Libya,Al Jabal al Akhdar,,,,,,32.80836,21.87165,official_emis,exact,closed_temporary
LBY_004031,MI-466,LBY,ZID BN TAPT,زيد بن ثابث,1,Primary,public,Libya,Al Marqab,,,,,,32.6409,14.16716,official_emis,exact,open
LBY_004032,GM-221,LBY,ZIN BIN TABET,زيد بن ثابت,1,Primary,public,Libya,Al Jabal al Akhdar,,,,,,32.80836,21.87165,official_emis,exact,closed_temporary
LBY_004033,MU-392,LBY,ZLITEN AL MARKAZIA,زليتن المركزية أساسي,1|2,Primary|Preparatory,public,Libya,Al Marqab,,,,,,32.47804,14.56624,official_emis,exact,open
LBY_004034,MU-381,LBY,ZLITEN ATANWIA ALMARKAZIA,زليتن الثانوية المركزية,3,Secondary (Medical Sciences),public,Libya,Al Marqab,,,,,,32.48453,14.57011,official_emis,exact,open
LBY_004035,TR-292,LBY,ZNATAH,زناته,1,Primary,public,Libya,Tajura' wa an Nawahi al Arba,,,,,,32.87085,13.22638,official_emis,exact,open
LBY_004036,DA-145,LBY,ZOHAIR,زهير,1,Primary,public,Libya,Al Qubbah,,,,,,32.76063,22.64443,official_emis,exact,open
LBY_004037,DA-032,LBY,ZOHAIR,زهير,1,Primary,public,Libya,Al Qubbah,,,,,,32.76063,22.64443,official_emis,exact,open
LBY_004038,TU-070,LBY,ZOHER BEN KAYS,زهير بن قيس,1|2,Primary|Preparatory,public,Libya,Al Butnan,,,,,,31.90739,25.00857,official_emis,exact,open
LBY_004039,KU-319,LBY,ZOLTEN ATAKHASOSYA,زلطن التخصصية,3,Secondary (Medical Sciences)|Secondary (Economic Sciences),public,Libya,An Nuqat al Khams,,,,,,32.94556,11.8678,official_emis,exact,closed_temporary
LBY_004040,KU-293,LBY,ZRGAE ALIMAMT,زرقاء اليماية,1|2,Primary|Preparatory,public,Libya,An Nuqat al Khams,,,,,,32.79602,12.47998,official_emis,exact,closed_temporary
LBY_004041,KU-239,LBY,ZULTON ALMARKAZIA,زلطن المركزية,1,Primary,public,Libya,An Nuqat al Khams,,,,,,32.94591,11.8663,official_emis,exact,open
LBY_004042,KU-049,LBY,ZWAGA ALJANOBEYA,زواغة الجنوبية,1|2,Primary|Preparatory,public,Libya,An Nuqat al Khams,,,,,,32.77556,12.43899,official_emis,exact,closed_temporary
LBY_004043,KU-050,LBY,ZWAGA ALSHMALIYA,زواغة الشمالية,1|2,Primary|Preparatory,public,Libya,An Nuqat al Khams,,,,,,32.77963,12.44129,official_emis,exact,open
LBY_004044,KU-165,LBY,ZWARAA ALSHARKEYA,زوارة الشرقية,1|2,Primary|Preparatory,public,Libya,An Nuqat al Khams,,,,,,32.91922,12.10205,official_emis,exact,open
LBY_004045,KU-164,LBY,ZWARRA ALBAHREEA,زواره البحريه,1|2,Primary|Preparatory,public,Libya,An Nuqat al Khams,,,,,,32.92136,12.10672,official_emis,exact,closed_temporary
LBY_004046,MO-075,LBY,ZWELAA,زويلة,1|2,Primary|Preparatory,public,Libya,Murzuq,,,,,,26.16618,15.12708,official_emis,exact,open
LBY_004047,MO-117,LBY,ZWELAA,زويلة,1,Primary,public,Libya,Murzuq,,,,,,26.16618,15.12708,official_emis,exact,open
LBY_004048,AJ-017,LBY,ZYED BEN TABET,زيد بن ثابت,1|2,Primary|Preparatory,public,Libya,Ajdabiya,,,,,,30.75389,20.22139,official_emis,exact,open
LBY_004049,MI-164,LBY,awlad alalem,اولاد العالم,1,Primary,public,Libya,Al Marqab,,,,,,32.61948,13.89671,official_emis,exact,open
LBY_004050,TR-024,LBY,fifteen octpersa,اكتوبر سابقا5,1|2,Primary|Preparatory,public,Libya,Tajura' wa an Nawahi al Arba,,,,,,32.87085,13.15441,official_emis,exact,open
LBY_004051,WM-232,LBY,muhammad alazhari,محمد الأزهري,1|2,Primary|Preparatory,public,Libya,Mizdah,,,,,,30.43202,13.30153,official_emis,exact,open
LBY_004052,TR-146,LBY,sacan alsn,سكينة بن الحسين,3,Secondary (Economic Sciences),public,Libya,Tajura' wa an Nawahi al Arba,,,,,,32.89365,13.17753,official_emis,exact,open
LBY_004053,TR-497,LBY,samec alert,شمس الحرية,1|2|3,Primary|Preparatory|Secondary (Medical Sciences)|Secondary (Engineering Sciences),public,Libya,Tajura' wa an Nawahi al Arba,,,,,,32.734379,13.35648,official_emis,exact,open
LBY_004054,MI-425,LBY,sayda ramadan,سيدى رمضان,1|2,Primary|Preparatory,public,Libya,Al Marqab,,,,,,32.70871,14.13601,official_emis,exact,open
LBY_004055,DA-005,LBY,سليمان خاطر,SLEMAN,1|2,Primary|Preparatory,public,Libya,,,,,,,32.79423,22.54482,official_emis,exact,open
