geo_id,source_id,country,school_name,school_name_romanized,isced_level,school_type,sector,adm0,adm1,adm2,adm3,urban_rural,ghsl_smod_code,ghsl_urban_rural,latitude,longitude,coordinate_source,coordinate_precision,status
URY_000001,1111010,URY,10 DE PUEBLO BEISSO,,1,ESCUELAS COMUNES,public,Uruguay,Paysandú,Guichón,,urban,,,-32.316550104715745,-57.05309712311562,official_emis,exact,unknown
URY_000002,1103257,URY,18 DE MAYO,,1,ESCUELAS COMUNES,public,Uruguay,Canelones,Las Piedras,,urban,,,-34.73591083097112,-56.21322744197831,official_emis,exact,unknown
URY_000003,1103093,URY,19 DE JUNIO,,1,ESCUELAS COMUNES,public,Uruguay,Canelones,Empalme Olmos,,urban,,,-34.69967660156518,-55.934232926022986,official_emis,exact,unknown
URY_000004,1208005,URY,25 DE AGOSTO,,2|3,,public,Uruguay,Florida,,,,,,-34.413158896037665,-56.39620640201695,official_emis,exact,unknown
URY_000005,1208004,URY,25 DE MAYO,,2|3,,public,Uruguay,Florida,,,,,,-34.199478113173846,-56.34324776756973,official_emis,exact,unknown
URY_000006,1118033,URY,33 RINCÓN DE LA LAGUNA,,1,ESCUELAS COMUNES,public,Uruguay,Tacuarembó,,,rural,,,-31.91977182006902,-55.52752407565778,official_emis,exact,unknown
URY_000007,1105079,URY,AARON DE ANCHORENA,,1,ESCUELAS COMUNES,public,Uruguay,Colonia,,,rural,,,-34.24663081761309,-57.879156706977874,official_emis,exact,unknown
URY_000008,1116017,URY,ABNER PRADA,,1,ESCUELAS COMUNES,public,Uruguay,San José,Libertad,,rural,,,-34.580552535657716,-56.60897391522016,official_emis,exact,unknown
URY_000009,1101011,URY,ABRAHAM LINCOLN,,1,ESCUELAS COMUNES,public,Uruguay,Montevideo,Municipality C,,urban,,,-34.8733405941874,-56.17043024187875,official_emis,exact,unknown
URY_000010,1113081,URY,ABROJAL,,1,ESCUELAS COMUNES,public,Uruguay,Rivera,,,rural,,,-31.801614722107583,-55.020399865129626,official_emis,exact,unknown
URY_000011,1218015,URY,ACHAR,,2|3,,public,Uruguay,Tacuarembó,,,,,,-32.40482061181307,-56.18022621579695,official_emis,exact,unknown
URY_000012,1105008,URY,ADELA ACEVEDO DE VARELA,,1,ESCUELAS COMUNES,public,Uruguay,Colonia,Nueva Palmira,,urban,,,-33.873650674309516,-58.40745998637042,official_emis,exact,unknown
URY_000013,1118109,URY,ADELAIDA PUYOL,,1,ESCUELAS COMUNES,public,Uruguay,Tacuarembó,Paso de los Toros,,urban,,,-32.8123814265285,-56.50800912174314,official_emis,exact,unknown
URY_000014,1113080,URY,ADUANA DE BATOVI,,1,ESCUELAS COMUNES,public,Uruguay,Rivera,,,rural,,,-31.098313722087056,-55.46856535099086,official_emis,exact,unknown
URY_000015,1114065,URY,AGOSTO ALVAREZ,,1,ESCUELAS COMUNES,public,Uruguay,Rocha,Castillos,,rural,,,-34.276102121735256,-53.7805862080769,official_emis,exact,unknown
URY_000016,1119090,URY,AGROPECUARIA LAS PAMPAS,,1,ESCUELAS COMUNES,public,Uruguay,Treinta y Tres,Enrique Martínez,,rural,,,-33.09774262825586,-53.99131489465943,official_emis,exact,unknown
URY_000017,1106030,URY,AGUSTIN FARAUT MARTINI,,1,ESCUELAS COMUNES,public,Uruguay,Durazno,,,rural,,,-33.041160856316935,-56.00267055059847,official_emis,exact,unknown
URY_000018,1102040,URY,AGUSTIN FERREIRO,,1,ESCUELAS COMUNES,public,Uruguay,Artigas,,,urban,,,-30.416675400869533,-56.488155536839095,official_emis,exact,unknown
URY_000019,1104066,URY,AGUSTIN FERREIRO,,1,ESCUELAS COMUNES,public,Uruguay,Cerro Largo,Cerro de las Cuentas,,rural,,,-32.623035356388975,-54.59163859739074,official_emis,exact,unknown
URY_000020,1105027,URY,AGUSTIN FERREIRO,,1,ESCUELAS COMUNES,public,Uruguay,Colonia,La Paz,,rural,,,-34.40282095020402,-57.259711279701826,official_emis,exact,unknown
URY_000021,1106032,URY,AGUSTIN FERREIRO,,1,ESCUELAS COMUNES,public,Uruguay,Durazno,,,urban,,,-32.88325067225859,-55.61376300512926,official_emis,exact,unknown
URY_000022,1107005,URY,AGUSTIN FERREIRO,,1,ESCUELAS COMUNES,public,Uruguay,Flores,,,rural,,,-33.49954217164703,-56.84652138958125,official_emis,exact,unknown
URY_000023,1108022,URY,AGUSTIN FERREIRO,,1,ESCUELAS COMUNES,public,Uruguay,Florida,,,urban,,,-34.277460645570656,-56.21605740196804,official_emis,exact,unknown
URY_000024,1109034,URY,AGUSTIN FERREIRO,,1,ESCUELAS COMUNES,public,Uruguay,Lavalleja,,,rural,,,-34.27306359899555,-55.50104006294018,official_emis,exact,unknown
URY_000025,1110026,URY,AGUSTIN FERREIRO,,1,ESCUELAS COMUNES,public,Uruguay,Maldonado,San Carlos,,rural,,,-34.56229700172163,-55.15175652591541,official_emis,exact,unknown
URY_000026,1111027,URY,AGUSTIN FERREIRO,,1,ESCUELAS COMUNES,public,Uruguay,Paysandú,Piedras Coloradas,,urban,,,-32.37484711699786,-57.60161717512087,official_emis,exact,unknown
URY_000027,1112006,URY,AGUSTIN FERREIRO,,1,ESCUELAS COMUNES,public,Uruguay,Río Negro,,,urban,,,-33.14543151724948,-58.283626630503086,official_emis,exact,unknown
URY_000028,1113038,URY,AGUSTIN FERREIRO,,1,ESCUELAS COMUNES,public,Uruguay,Rivera,Minas de Corrales,,rural,,,-31.57658923750133,-55.485581270335445,official_emis,exact,unknown
URY_000029,1114017,URY,AGUSTIN FERREIRO,,1,ESCUELAS COMUNES,public,Uruguay,Rocha,,,urban,,,-33.60367716438949,-53.71412101270413,official_emis,exact,unknown
URY_000030,1115052,URY,AGUSTIN FERREIRO,,1,ESCUELAS COMUNES,public,Uruguay,Salto,Colonia Lavalleja,,rural,,,-31.038733165874717,-56.63743251798894,official_emis,exact,unknown
URY_000031,1116030,URY,AGUSTIN FERREIRO,,1,ESCUELAS COMUNES,public,Uruguay,San José,,,rural,,,-34.28742659774197,-56.769763315549326,official_emis,exact,unknown
URY_000032,1118061,URY,AGUSTIN FERREIRO,,1,ESCUELAS COMUNES,public,Uruguay,Tacuarembó,,,rural,,,-32.23734086211178,-54.968600927144614,official_emis,exact,unknown
URY_000033,1119028,URY,AGUSTIN FERREIRO,,1,ESCUELAS COMUNES,public,Uruguay,Treinta y Tres,,,urban,,,-33.25282156823322,-54.41517913408784,official_emis,exact,unknown
URY_000034,1113112,URY,AGUSTIN RAMON BISIO,,1,ESCUELAS COMUNES,public,Uruguay,Rivera,,,urban,,,-30.919448042596212,-55.53858364276614,official_emis,exact,unknown
URY_000035,1210002,URY,AIGUA,,2|3,,public,Uruguay,Maldonado,Garzon,,,,,-34.20204071731249,-54.76479215056448,official_emis,exact,unknown
URY_000036,1101151,URY,ALBERT EINSTEIN,,1,ESCUELAS COMUNES,public,Uruguay,Montevideo,Municipality D,,urban,,,-34.821231199386766,-56.15626791552206,official_emis,exact,unknown
URY_000037,1101206,URY,ALBERTO A. ALVES,,1,ESCUELA ESPECIAL,public,Uruguay,Montevideo,Municipality CH,,urban,,,-34.91189060615048,-56.15360085581943,official_emis,exact,unknown
URY_000038,1109090,URY,ALBERTO GALLINAL HEBER,,1,ESCUELAS COMUNES,public,Uruguay,Lavalleja,,,rural,,,-34.45496101906465,-55.204729864800974,official_emis,exact,unknown
URY_000039,1117020,URY,ALBERTO MEYER,,1,ESCUELAS COMUNES,public,Uruguay,Soriano,,,rural,,,-33.53029385352026,-58.06437872949952,official_emis,exact,unknown
URY_000040,1101161,URY,ALEJANDRIA,,1,ESCUELAS COMUNES,public,Uruguay,Montevideo,Municipality G,,urban,,,-34.83406112264847,-56.22089080386015,official_emis,exact,unknown
URY_000041,1110005,URY,ALEJANDRO Y SAMUEL LAFONE,,1,ESCUELAS COMUNES,public,Uruguay,Maldonado,Punta del Este,,urban,,,-34.96350379667343,-54.94467470410152,official_emis,exact,unknown
URY_000042,1101021,URY,ALEMANIA,,1,ESCUELAS COMUNES,public,Uruguay,Montevideo,Municipality C,,urban,,,-34.87603332750272,-56.18592965435262,official_emis,exact,unknown
URY_000043,1112008,URY,ALEMANIA,,1,ESCUELAS COMUNES,public,Uruguay,Río Negro,Nuevo Berlín,,urban,,,-32.979487843953564,-58.05709975581393,official_emis,exact,unknown
URY_000044,1110075,URY,ALFARO,,1,ESCUELAS COMUNES,public,Uruguay,Maldonado,San Carlos,,rural,,,-34.76152870022945,-54.74957151528033,official_emis,exact,unknown
URY_000045,1103088,URY,ALFREDO B. NOBEL,,1,ESCUELAS COMUNES,public,Uruguay,Canelones,Canelones,,rural,,,-34.56710002916808,-56.297441608761865,official_emis,exact,unknown
URY_000046,1101290,URY,ALFREDO ZITARROSA,,1,ESCUELAS COMUNES,public,Uruguay,Montevideo,Municipality G,,urban,,,-34.8005338523144,-56.249509082057074,official_emis,exact,unknown
URY_000047,1103041,URY,ALFREDO ZITARROSA,,1,ESCUELAS COMUNES,public,Uruguay,Canelones,Migues,,rural,,,-34.58736544492038,-55.60675880273188,official_emis,exact,unknown
URY_000048,1105019,URY,AMADEO SOLER,,1,ESCUELAS COMUNES,public,Uruguay,Colonia,,,rural,,,-34.272522906654196,-57.12034514885208,official_emis,exact,unknown
URY_000049,1109006,URY,AMELIA MAESO DE PEREIRA,,1,ESCUELAS COMUNES,public,Uruguay,Lavalleja,José Pedro Varela,,urban,,,-33.455491268648245,-54.53344558637542,official_emis,exact,unknown
URY_000050,1101197,URY,ANA BRUZZONE SCARONE,,1,ESCUELA ESPECIAL,public,Uruguay,Montevideo,Municipality CH,,urban,,,-34.88174313386606,-56.155792187152706,official_emis,exact,unknown
URY_000051,1101271,URY,ANA FRANK,,1,ESCUELAS COMUNES,public,Uruguay,Montevideo,Municipality A,,urban,,,-34.87190187136233,-56.25753760988022,official_emis,exact,unknown
URY_000052,1103051,URY,ANA FRANK,,1,ESCUELAS COMUNES,public,Uruguay,Canelones,Progreso,,rural,,,-34.620864453426975,-56.26384933866706,official_emis,exact,unknown
URY_000053,1109104,URY,ANA MONTERROSO DE LAVALLEJA,,1,ESCUELAS COMUNES,public,Uruguay,Lavalleja,,,urban,,,-34.38024379120212,-55.25170961088125,official_emis,exact,unknown
URY_000054,1117098,URY,ANA MONTERROSO DE LAVALLEJA,,1,ESCUELAS COMUNES,public,Uruguay,Soriano,,,urban,,,-33.250386245860845,-58.00771834514017,official_emis,exact,unknown
URY_000055,1101359,URY,ANA VINOCUR,,1,ESCUELAS COMUNES,public,Uruguay,Montevideo,Municipality F,,urban,,,-34.83809122043293,-56.11779534632183,official_emis,exact,unknown
URY_000056,1101130,URY,ANDRES BELLO,,1,ESCUELAS COMUNES,public,Uruguay,Montevideo,Municipality E,,urban,,,-34.88555648875841,-56.081056006885895,official_emis,exact,unknown
URY_000057,1113045,URY,ANDRESITO,,1,ESCUELAS COMUNES,public,Uruguay,Rivera,,,urban,,,-30.886024554528447,-55.57524437212793,official_emis,exact,unknown
URY_000058,1117011,URY,ANGEL BRACERAS HAEDO,,1,ESCUELAS COMUNES,public,Uruguay,Soriano,,,urban,,,-33.246059948536136,-58.02390929527842,official_emis,exact,unknown
URY_000059,1103206,URY,ANGEL DODERA,,1,ESCUELAS COMUNES,public,Uruguay,Canelones,Progreso,,rural,,,-34.628653073371304,-56.226972536065176,official_emis,exact,unknown
URY_000060,1111004,URY,ANGELA A. PEREZ,,1,ESCUELAS COMUNES,public,Uruguay,Paysandú,,,urban,,,-32.310017318311296,-58.078081262740874,official_emis,exact,unknown
URY_000061,1103149,URY,ANSINA,,1,ESCUELAS COMUNES,public,Uruguay,Canelones,Las Piedras,,urban,,,-34.72489619590757,-56.20149246994307,official_emis,exact,unknown
URY_000062,1106056,URY,ANSINA,,1,ESCUELAS COMUNES,public,Uruguay,Durazno,,,rural,,,-33.17846879718163,-56.27395450068764,official_emis,exact,unknown
URY_000063,1218006,URY,ANSINA,,2|3,,public,Uruguay,Tacuarembó,Ansina,,,,,-31.878132866761504,-55.4598003590357,official_emis,exact,unknown
URY_000064,1109094,URY,ANTOINE DE SAINT EXUPERY,,1,ESCUELAS COMUNES,public,Uruguay,Lavalleja,,,rural,,,-34.298214199756416,-55.34762173839308,official_emis,exact,unknown
URY_000065,1101030,URY,ANTONIO DIONISIO LUSSICH,,1,ESCUELAS COMUNES,public,Uruguay,Montevideo,Municipality A,,urban,,,-34.891685668569544,-56.25014758005514,official_emis,exact,unknown
URY_000066,1104112,URY,ANTONIO GIANOLA,,1,ESCUELAS COMUNES,public,Uruguay,Cerro Largo,Bañado de Medina,,urban,,,-32.36987501566982,-54.19144554921691,official_emis,exact,unknown
URY_000067,1107027,URY,ANTONIO J. CAORSI,,1,ESCUELAS COMUNES,public,Uruguay,Flores,,,urban,,,-33.53536821378526,-56.88886089330497,official_emis,exact,unknown
URY_000068,1101343,URY,APARICIO SARAVIA,,1,ESCUELAS COMUNES,public,Uruguay,Montevideo,Municipality D,,urban,,,-34.832244663317,-56.14897061687518,official_emis,exact,unknown
URY_000069,1111106,URY,APOLO RONCHI,,1,ESCUELAS COMUNES,public,Uruguay,Paysandú,,,urban,,,-32.322420117919826,-58.08656768750033,official_emis,exact,unknown
URY_000070,1107038,URY,ARENAL GRANDE,,1,ESCUELAS COMUNES,public,Uruguay,Flores,,,rural,,,-33.47934260735062,-57.16407720680481,official_emis,exact,unknown
URY_000071,1101156,URY,ARMENIA,,1,ESCUELAS COMUNES,public,Uruguay,Montevideo,Municipality C,,urban,,,-34.86814412043427,-56.16874285271223,official_emis,exact,unknown
URY_000072,1115023,URY,ARQ. PEDRO OSCAR AMBROSONI APA,,1,ESCUELAS COMUNES,public,Uruguay,Salto,Valentín,,urban,,,-31.281450478756057,-57.19619768461604,official_emis,exact,unknown
URY_000073,1119041,URY,ARRAYAMES DEL CEVOLLATÍ,,1,ESCUELAS COMUNES,public,Uruguay,Treinta y Tres,,,rural,,,-33.36811716994039,-54.08398255495245,official_emis,exact,unknown
URY_000074,1119062,URY,ARRAYANES DE CORRALES DE CEBOLLATI,,1,ESCUELAS COMUNES,public,Uruguay,Treinta y Tres,,,rural,,,-33.37008894338957,-54.19051379379304,official_emis,exact,unknown
URY_000075,1104129,URY,ARRIERA,,1,ESCUELAS COMUNES,public,Uruguay,Rivera,,,rural,,,-31.984426769163083,-54.55797692899258,official_emis,exact,unknown
URY_000076,1116032,URY,ARROYO LLANO,,1,ESCUELAS COMUNES,public,Uruguay,San José,,,rural,,,-34.3632306764693,-56.753450165416695,official_emis,exact,unknown
URY_000077,1111046,URY,ARROYO NEGRO,,1,ESCUELAS COMUNES,public,Uruguay,Paysandú,Piedras Coloradas,,rural,,,-32.47837897412092,-57.561044287901275,official_emis,exact,unknown
URY_000078,1119060,URY,ARROZAL 33,,1,ESCUELAS COMUNES,public,Uruguay,Treinta y Tres,,,urban,,,-33.041062285885566,-53.69376015660312,official_emis,exact,unknown
URY_000079,1104127,URY,ARROZAL ROSALES,,1,ESCUELAS COMUNES,public,Uruguay,Cerro Largo,Río Branco,,rural,,,-32.55470709761282,-53.53168046159558,official_emis,exact,unknown
URY_000080,1119076,URY,ARROZAL SANTA FE,,1,ESCUELAS COMUNES,public,Uruguay,Treinta y Tres,,,rural,,,-33.03367254907725,-53.84192648551797,official_emis,exact,unknown
URY_000081,1101004,URY,ARTIGAS,,1,ESCUELAS COMUNES,public,Uruguay,Montevideo,Municipality B,,urban,,,-34.90705364874411,-56.17005845293785,official_emis,exact,unknown
URY_000082,1102001,URY,ARTIGAS,,1,ESCUELAS COMUNES,public,Uruguay,Artigas,,,urban,,,-30.403087795664167,-56.46619794653455,official_emis,exact,unknown
URY_000083,1103106,URY,ARTIGAS,,1,ESCUELAS COMUNES,public,Uruguay,Canelones,Las Piedras,,urban,,,-34.72909103611331,-56.21843655412456,official_emis,exact,unknown
URY_000084,1104001,URY,ARTIGAS,,1,ESCUELAS COMUNES,public,Uruguay,Cerro Largo,,,urban,,,-32.372488303600186,-54.16841535557548,official_emis,exact,unknown
URY_000085,1106001,URY,ARTIGAS,,1,ESCUELAS COMUNES,public,Uruguay,Durazno,,,urban,,,-33.38063804183991,-56.52163718701008,official_emis,exact,unknown
URY_000086,1107001,URY,ARTIGAS,,1,ESCUELAS COMUNES,public,Uruguay,Flores,,,urban,,,-33.521594360708725,-56.898290290679505,official_emis,exact,unknown
URY_000087,1108001,URY,ARTIGAS,,1,ESCUELAS COMUNES,public,Uruguay,Florida,,,urban,,,-34.09805027088075,-56.2146910247771,official_emis,exact,unknown
URY_000088,1109001,URY,ARTIGAS,,1,ESCUELAS COMUNES,public,Uruguay,Lavalleja,,,urban,,,-34.37687392062815,-55.240556625607994,official_emis,exact,unknown
URY_000089,1113001,URY,ARTIGAS,,1,ESCUELAS COMUNES,public,Uruguay,Rivera,,,urban,,,-30.899616546972457,-55.54407436578023,official_emis,exact,unknown
URY_000090,1114007,URY,ARTIGAS,,1,ESCUELAS COMUNES,public,Uruguay,Rocha,,,urban,,,-34.48364288669053,-54.33223865899076,official_emis,exact,unknown
URY_000091,1115001,URY,ARTIGAS,,1,ESCUELAS COMUNES,public,Uruguay,Salto,,,urban,,,-31.389018363134472,-57.96536133494429,official_emis,exact,unknown
URY_000092,1117004,URY,ARTIGAS,,1,ESCUELAS COMUNES,public,Uruguay,Soriano,,,urban,,,-33.24980558715974,-58.032325873627585,official_emis,exact,unknown
URY_000093,1202001,URY,ARTIGAS DEPTAL,,3,,public,Uruguay,Artigas,,,,,,-30.40351937254536,-56.470245272100826,official_emis,exact,unknown
URY_000094,1202004,URY,ARTIGAS Nº 2,,2|3,,public,Uruguay,Artigas,,,,,,-30.40544733036745,-56.46065704432679,official_emis,exact,unknown
URY_000095,1202009,URY,ARTIGAS Nº 3 - MTRO. VALERIANO RENART,,2|3,,public,Uruguay,Artigas,,,,,,-30.411491739014295,-56.471305825025745,official_emis,exact,unknown
URY_000096,1202010,URY,ARTIGAS Nº 4,,2,,public,Uruguay,Artigas,,,,,,-30.39767669873809,-56.46478040764883,official_emis,exact,unknown
URY_000097,1202015,URY,ARTIGAS Nº 5 (PINTADITO),,2|3,,public,Uruguay,Artigas,,,,,,-30.433678736770126,-56.45747138161229,official_emis,exact,unknown
URY_000098,1101277,URY,ATILIO BIANCHI - ELENA DANERO,,1,ESCUELAS COMUNES,public,Uruguay,Montevideo,Municipality F,,urban,,,-34.827054094958115,-56.12780951343462,official_emis,exact,unknown
URY_000099,1203011,URY,ATLANTIDA Nº 1,,2|3,,public,Uruguay,Canelones,Atlántida,,,,,-34.76713048954223,-55.760434954121514,official_emis,exact,unknown
URY_000100,1203052,URY,ATLANTIDA Nº 2,,2|3,,public,Uruguay,Canelones,Atlántida,,,,,-34.759411324835405,-55.763926460767394,official_emis,exact,unknown
URY_000101,1107007,URY,AURORA LIMA IPAR,,1,ESCUELAS COMUNES,public,Uruguay,Flores,,,rural,,,-33.16854748602931,-57.130773078061345,official_emis,exact,unknown
URY_000102,1101190,URY,AUSTRALIA,,1,ESCUELAS COMUNES,public,Uruguay,Montevideo,Municipality A,,urban,,,-34.870597552521986,-56.32947689893224,official_emis,exact,unknown
URY_000103,1103141,URY,AUSTRALIA,,1,ESCUELAS COMUNES,public,Uruguay,Canelones,Ciudad de la Costa,,urban,,,-34.82933112746911,-55.96611484470476,official_emis,exact,unknown
URY_000104,1101048,URY,AUSTRIA,,1,ESCUELAS COMUNES,public,Uruguay,Montevideo,Municipality E,,urban,,,-34.88752389997752,-56.14556670838592,official_emis,exact,unknown
URY_000105,1103208,URY,BALMORIS LLOVERAS,,1,ESCUELAS COMUNES,public,Uruguay,Canelones,Los Cerrillos,,rural,,,-34.597322344059066,-56.30912849309397,official_emis,exact,unknown
URY_000106,1202006,URY,BALTASAR BRUM,,2|3,,public,Uruguay,Artigas,Baltasar Brum,,,,,-30.722005487218848,-57.328914755193665,official_emis,exact,unknown
URY_000107,1102037,URY,BARON DE RIO BRANCO,,1,ESCUELAS COMUNES,public,Uruguay,Artigas,,,urban,,,-30.406259194688243,-56.47162552270154,official_emis,exact,unknown
URY_000108,1111028,URY,BARRA DE GUALEGUAY,,1,ESCUELAS COMUNES,public,Uruguay,Paysandú,,,rural,,,-32.02186386317669,-57.416653911508206,official_emis,exact,unknown
URY_000109,1118051,URY,BARRAS DE ROLON,,1,ESCUELAS COMUNES,public,Uruguay,Tacuarembó,,,rural,,,-32.28950922734596,-55.92567663589531,official_emis,exact,unknown
URY_000110,1108102,URY,BARRIO PIEDRA ALTA,,1,ESCUELAS COMUNES,public,Uruguay,Florida,,,urban,,,-34.10096307354581,-56.20485293821861,official_emis,exact,unknown
URY_000111,1118006,URY,BARRIO SAN ANTONIO,,1,ESCUELAS COMUNES,public,Uruguay,Tacuarembó,,,urban,,,-31.712659755964935,-55.97118786804432,official_emis,exact,unknown
URY_000112,1203024,URY,BARROS BLANCOS Nº 1,,2,,public,Uruguay,Canelones,Barros Blancos,,,,,-34.75779995072222,-56.00318337769316,official_emis,exact,unknown
URY_000113,1203062,URY,BARROS BLANCOS Nº 2,,3,,public,Uruguay,Canelones,Barros Blancos,,,,,-34.757001226114056,-56.002548348457864,official_emis,exact,unknown
URY_000114,1101143,URY,BARTOLOME HIDALGO,,1,ESCUELAS COMUNES,public,Uruguay,Montevideo,Municipality A,,urban,,,-34.887673556067966,-56.267999972211996,official_emis,exact,unknown
URY_000115,1108058,URY,BATALLA DE SARANDI,,1,ESCUELAS COMUNES,public,Uruguay,Florida,,,rural,,,-33.66794115150349,-56.288496780125044,official_emis,exact,unknown
URY_000116,1113073,URY,BAÑADO DE CHAJÁ,,1,ESCUELAS COMUNES,public,Uruguay,Rivera,,,rural,,,-31.05707405916932,-55.52885468892829,official_emis,exact,unknown
URY_000117,1104057,URY,BAÑADO DE MEDINA,,1,ESCUELAS COMUNES,public,Uruguay,Cerro Largo,Bañado de Medina,,rural,,,-32.39205357788299,-54.23494629412964,official_emis,exact,unknown
URY_000118,1104019,URY,BAÑADO DE MORALES,,1,ESCUELAS COMUNES,public,Uruguay,Cerro Largo,Cerro de las Cuentas,,rural,,,-32.5649541995211,-54.350280021875626,official_emis,exact,unknown
URY_000119,1105018,URY,BELGRANO NORTE,,1,ESCUELAS COMUNES,public,Uruguay,Colonia,Carmelo,,rural,,,-33.88248109698812,-58.35173649707981,official_emis,exact,unknown
URY_000120,1202002,URY,BELLA UNION Nº 1,,2,,public,Uruguay,Artigas,Bella Unión,,,,,-30.259937288315047,-57.603194178292924,official_emis,exact,unknown
URY_000121,1202011,URY,BELLA UNION Nº 2,,3,,public,Uruguay,Artigas,Bella Unión,,,,,-30.25601531516528,-57.590550898354174,official_emis,exact,unknown
URY_000122,1101230,URY,BENITA BERRO DE VARELA,,1,ESCUELAS COMUNES,public,Uruguay,Montevideo,Municipality D,,urban,,,-34.78701223654896,-56.13218794609666,official_emis,exact,unknown
URY_000123,1101189,URY,BENITO JUAREZ,,1,ESCUELAS COMUNES,public,Uruguay,Montevideo,Municipality E,,urban,,,-34.89804389149081,-56.06549593117149,official_emis,exact,unknown
URY_000124,1101153,URY,BENJAMIN FRANKLIN,,1,ESCUELAS COMUNES,public,Uruguay,Montevideo,Municipality D,,urban,,,-34.754509479045346,-56.11039262908064,official_emis,exact,unknown
URY_000125,1114027,URY,BENJAMÍN SIERRA Y SIERRA,,1,ESCUELAS COMUNES,public,Uruguay,Rocha,,,rural,,,-33.554908521314516,-53.84197705461093,official_emis,exact,unknown
URY_000126,1202008,URY,BERNABE RIVERA,,2|3,,public,Uruguay,Artigas,,,,,,-30.298574151614154,-56.96703330894402,official_emis,exact,unknown
URY_000127,1106011,URY,BERNARDINA FRAGOSO DE RIVERA,,1,ESCUELAS COMUNES,public,Uruguay,Durazno,,,urban,,,-33.359579354658145,-56.51758202175003,official_emis,exact,unknown
URY_000128,1115050,URY,BERNARDINO CORREA PAIVA,,1,ESCUELAS COMUNES,public,Uruguay,Salto,Mataojo,,rural,,,-30.988230711712333,-56.21643660779064,official_emis,exact,unknown
URY_000129,1104144,URY,BICENTENARIO,,1,ESCUELAS COMUNES,public,Uruguay,Cerro Largo,Río Branco,,urban,,,-32.60822728225453,-53.39623296921774,official_emis,exact,unknown
URY_000130,1112056,URY,BICHADERO,,1,ESCUELAS COMUNES,public,Uruguay,Río Negro,,,rural,,,-32.971900697747934,-57.712237003977194,official_emis,exact,unknown
URY_000131,1105009,URY,BLANCA E. PONS,,1,ESCUELAS COMUNES,public,Uruguay,Colonia,La Paz,,urban,,,-34.34747940715933,-57.31207908366699,official_emis,exact,unknown
URY_000132,1103062,URY,BLANCA ROSA GUARNERIO,,1,ESCUELAS COMUNES,public,Uruguay,Canelones,Canelones,,rural,,,-34.534091366237654,-56.31271328992955,official_emis,exact,unknown
URY_000133,1206006,URY,BLANQUILLO,,2|3,,public,Uruguay,Durazno,,,,,,-32.88614378496677,-55.61927666132857,official_emis,exact,unknown
URY_000134,1103122,URY,BONIFACIO ALCAIN,,1,ESCUELAS COMUNES,public,Uruguay,Canelones,San Bautista,,urban,,,-34.440540433974384,-55.961513123315825,official_emis,exact,unknown
URY_000135,1110064,URY,BR. GRAL.FRUCTUOSO RIVERA,,1,ESCUELAS COMUNES,public,Uruguay,Maldonado,Piriápolis,,urban,,,-34.86690626817399,-55.08114711926889,official_emis,exact,unknown
URY_000136,1101017,URY,BRASIL,,1,ESCUELAS COMUNES,public,Uruguay,Montevideo,Municipality CH,,urban,,,-34.91144086151044,-56.15117534736909,official_emis,exact,unknown
URY_000137,1113007,URY,BRASIL,,1,ESCUELAS COMUNES,public,Uruguay,Rivera,,,urban,,,-30.89860690230872,-55.55379863754739,official_emis,exact,unknown
URY_000138,1106039,URY,BRIG. GRAL. FRUCTUOSO RIVERA,,1,ESCUELAS COMUNES,public,Uruguay,Durazno,,,urban,,,-32.83328856685439,-56.496076680415605,official_emis,exact,unknown
URY_000139,1116047,URY,BRIG. GRAL. FRUCTUOSO RIVERA,,1,ESCUELAS COMUNES,public,Uruguay,San José,,,urban,,,-34.380954237427076,-56.541453164144,official_emis,exact,unknown
URY_000140,1102008,URY,BRIG. GRAL. JUAN A. LAVALLEJA,,1,ESCUELAS COMUNES,public,Uruguay,Artigas,,,urban,,,-30.402358739742738,-56.47557122721101,official_emis,exact,unknown
URY_000141,1111014,URY,BRIG. GRAL. JUAN A. LAVALLEJA,,1,ESCUELAS COMUNES,public,Uruguay,Paysandú,Porvenir,,urban,,,-32.392657887661365,-57.97006439910453,official_emis,exact,unknown
URY_000142,1119083,URY,BRIG. GRAL.DON MANUEL ORIBE,,1,ESCUELAS COMUNES,public,Uruguay,Treinta y Tres,,,urban,,,-33.22359867935177,-54.374684929409185,official_emis,exact,unknown
URY_000143,1116103,URY,BRIG. GRAL.MANUEL ORIBE,,1,ESCUELAS COMUNES,public,Uruguay,San José,,,urban,,,-34.32825017188014,-56.71675563926388,official_emis,exact,unknown
URY_000144,1108109,URY,BRIG.GRAL.FRUCTUOSO RIVERA,,1,ESCUELAS COMUNES,public,Uruguay,Florida,,,urban,,,-34.10891477610153,-56.212855906007135,official_emis,exact,unknown
URY_000145,1119073,URY,BRIGADIER GENERAL JUAN ANTONIO LAVA,,1,ESCUELAS COMUNES,public,Uruguay,Treinta y Tres,,,urban,,,-33.21848847609327,-54.38462053168668,official_emis,exact,unknown
URY_000146,1101037,URY,BRIGADIER GENERAL MANUEL ORIBE,,1,ESCUELAS COMUNES,public,Uruguay,Montevideo,Municipality D,,urban,,,-34.8532656208659,-56.170073928150344,official_emis,exact,unknown
URY_000147,1106075,URY,BRIGADIER GENERAL MANUEL ORIBE,,1,ESCUELAS COMUNES,public,Uruguay,Durazno,,,urban,,,-33.38586162469024,-56.531403400576664,official_emis,exact,unknown
URY_000148,1109010,URY,BRIGADIER GENERAL MANUEL ORIBE,,1,ESCUELAS COMUNES,public,Uruguay,Lavalleja,,,urban,,,-34.38026795130245,-55.230186570145676,official_emis,exact,unknown
URY_000149,1115099,URY,BRIGADIER GENERAL MANUEL ORIBE,,1,ESCUELAS COMUNES,public,Uruguay,Salto,,,urban,,,-31.39409684949227,-57.946123729766576,official_emis,exact,unknown
URY_000150,1101036,URY,BÉLGICA,,1,ESCUELAS COMUNES,public,Uruguay,Montevideo,Municipality C,,urban,,,-34.865142564870425,-56.1930169736433,official_emis,exact,unknown
URY_000151,1113101,URY,C.E.L.E.R.,,1,ESCUELAS COMUNES,public,Uruguay,Rivera,,,urban,,,-30.897838713267472,-55.54242732535284,official_emis,exact,unknown
URY_000152,1101259,URY,C.E.P.O.A.,,1,ESCUELA ESPECIAL,public,Uruguay,Montevideo,Municipality B,,urban,,,-34.901604101450545,-56.18963957053066,official_emis,exact,unknown
URY_000153,1101139,URY,CALABRIA,,1,ESCUELAS COMUNES,public,Uruguay,Montevideo,Municipality F,,urban,,,-34.804101427101365,-56.108657552472266,official_emis,exact,unknown
URY_000154,1101174,URY,CANADA,,1,ESCUELAS COMUNES,public,Uruguay,Montevideo,Municipality A,,urban,,,-34.86250067449504,-56.22634435986267,official_emis,exact,unknown
URY_000155,1103026,URY,CANADA,,1,ESCUELAS COMUNES,public,Uruguay,Canelones,San Antonio,,rural,,,-34.40651023951525,-56.08496662004334,official_emis,exact,unknown
URY_000156,1108037,URY,CANADA,,1,ESCUELAS COMUNES,public,Uruguay,Florida,,,urban,,,-34.1012200653847,-56.21254772492551,official_emis,exact,unknown
URY_000157,1203029,URY,CANELON CHICO,,2|3,,public,Uruguay,Canelones,Progreso,,,,,-34.669721749941225,-56.17236723000232,official_emis,exact,unknown
URY_000158,1203001,URY,CANELONES DEPTAL. - TOMAS BERRETA,,3,,public,Uruguay,Canelones,Canelones,,,,,-34.526677977833764,-56.281262858042126,official_emis,exact,unknown
URY_000159,1203064,URY,CANELONES Nº 2,,2,,public,Uruguay,Canelones,Canelones,,,,,-34.5231332128374,-56.285749595145376,official_emis,exact,unknown
URY_000160,1109031,URY,CAPERUZAS,,1,ESCUELAS COMUNES,public,Uruguay,Lavalleja,Solís de Mataojo,,rural,,,-34.57756176189396,-55.46312914936264,official_emis,exact,unknown
URY_000161,1208007,URY,CAPILLA DEL SAUCE,,2|3,,public,Uruguay,Florida,,,,,,-33.46827907720209,-55.63228289076804,official_emis,exact,unknown
URY_000162,1103187,URY,CAPITAN JUAN ANTONIO ARTIGAS,,1,ESCUELAS COMUNES,public,Uruguay,Canelones,Barros Blancos,,urban,,,-34.76356972685763,-55.99534507903158,official_emis,exact,unknown
URY_000163,1116095,URY,CAPITAN MANUEL ARTIGAS,,1,ESCUELA ESPECIAL,public,Uruguay,San José,,,urban,,,-34.33451125843428,-56.71387542456359,official_emis,exact,unknown
URY_000164,1208012,URY,CARDAL,,2|3,,public,Uruguay,Florida,,,,,,-34.29399015834612,-56.392148868535905,official_emis,exact,unknown
URY_000165,1217002,URY,CARDONA PROF. DR. JUSTO PEDRO RODRIGUEZ,,2|3,,public,Uruguay,Soriano,Cardona,,,,,-33.87115722222037,-57.373359472408644,official_emis,exact,unknown
URY_000166,1104037,URY,CARLOS COSSE CORONEL,,1,ESCUELAS COMUNES,public,Uruguay,Cerro Largo,Quebracho,,rural,,,-32.62246652096266,-54.750022423078796,official_emis,exact,unknown
URY_000167,1118023,URY,CARLOS GARDEL,,1,ESCUELAS COMUNES,public,Uruguay,Tacuarembó,,,rural,,,-31.824487779800616,-56.176637178740094,official_emis,exact,unknown
URY_000168,1116079,URY,CARLOS JUSTINO MALAGUÉZ,,1,ESCUELAS COMUNES,public,Uruguay,San José,Ecilda Paullier,,rural,,,-34.39427252319965,-57.07369532228165,official_emis,exact,unknown
URY_000169,1103195,URY,CARLOS MA. DE PENA,,1,ESCUELAS COMUNES,public,Uruguay,Canelones,Pando,,urban,,,-34.70570767290456,-55.9559282577623,official_emis,exact,unknown
URY_000170,1109065,URY,CARLOS MA.JASO ANCHORENA,,1,ESCUELAS COMUNES,public,Uruguay,Lavalleja,,,rural,,,-33.89976874057477,-55.17002944930059,official_emis,exact,unknown
URY_000171,1206005,URY,CARLOS REYLES,,2|3,,public,Uruguay,Durazno,,,,,,-33.057409029145454,-56.4789397891399,official_emis,exact,unknown
URY_000172,1103114,URY,CARLOS VON METZEN VINCENTI,,1,ESCUELAS COMUNES,public,Uruguay,Canelones,Empalme Olmos,,urban,,,-34.689441538910025,-55.899691985096354,official_emis,exact,unknown
URY_000173,1115040,URY,CARMELO DE ARZADUN,,1,ESCUELAS COMUNES,public,Uruguay,Salto,Mataojo,,rural,,,-31.177432683570732,-56.368284586175974,official_emis,exact,unknown
URY_000174,1205002,URY,CARMELO N ° 1  DR. DAVID BONJOUR,,2|3,,public,Uruguay,Colonia,Carmelo,,,,,-33.99746810844987,-58.28116450362166,official_emis,exact,unknown
URY_000175,1205018,URY,CARMELO Nº 2,,3,,public,Uruguay,Colonia,Carmelo,,,,,-33.986856767742985,-58.28520568869672,official_emis,exact,unknown
URY_000176,1115073,URY,CARUMBÉ,,1,ESCUELAS COMUNES,public,Uruguay,Salto,,,rural,,,-31.526516268747,-56.60541555340936,official_emis,exact,unknown
URY_000177,1203069,URY,CASARINO,,2|3,,public,Uruguay,Canelones,Suárez,,,,,-34.75317317653474,-56.07269209070687,official_emis,exact,unknown
URY_000178,1103053,URY,CASILDO LARRAÑAGA,,1,ESCUELAS COMUNES,public,Uruguay,Canelones,San Ramon,,rural,,,-34.30893097890433,-55.91535222598953,official_emis,exact,unknown
URY_000179,1208003,URY,CASUPA,,2|3,,public,Uruguay,Florida,Casupá,,,,,-34.09865188003895,-55.649962971426895,official_emis,exact,unknown
URY_000180,1101150,URY,CATALUNYA,,1,ESCUELAS COMUNES,public,Uruguay,Montevideo,Municipality A,,urban,,,-34.838456840276805,-56.268031263963486,official_emis,exact,unknown
URY_000181,1110010,URY,CAYETANO SILVA,,1,ESCUELAS COMUNES,public,Uruguay,Maldonado,San Carlos,,urban,,,-34.79190899091823,-54.93450659470131,official_emis,exact,unknown
URY_000182,1104076,URY,CAÑADA BRAVA,,1,ESCUELAS COMUNES,public,Uruguay,Cerro Largo,Arévalo,,rural,,,-32.76567540830265,-55.25597897778787,official_emis,exact,unknown
URY_000183,1110043,URY,CAÑADA DE LA CRUZ,,1,ESCUELAS COMUNES,public,Uruguay,Maldonado,Aiguá,,rural,,,-34.68166110053477,-54.56170146575371,official_emis,exact,unknown
URY_000184,1119020,URY,CAÑADA DE LAS PIEDRAS,,1,ESCUELAS COMUNES,public,Uruguay,Treinta y Tres,,,rural,,,-33.173392361333605,-54.350688627943306,official_emis,exact,unknown
URY_000185,1104026,URY,CAÑADA DE SANTOS,,1,ESCUELAS COMUNES,public,Uruguay,Cerro Largo,Río Branco,,rural,,,-32.63723389699197,-53.59862682449082,official_emis,exact,unknown
URY_000186,1118024,URY,CAÑADA DEL ESTADO,,1,ESCUELAS COMUNES,public,Uruguay,Tacuarembó,San Gregorio de Polanco,,rural,,,-32.537938576679004,-55.871507817867716,official_emis,exact,unknown
URY_000187,1103209,URY,CAÑADA GRANDE,,1,ESCUELAS COMUNES,public,Uruguay,Canelones,Empalme Olmos,,rural,,,-34.66049288629202,-55.86687721328006,official_emis,exact,unknown
URY_000188,1104051,URY,CAÑADA GRANDE,,1,ESCUELAS COMUNES,public,Uruguay,Cerro Largo,Río Branco,,rural,,,-32.65325853092771,-53.42520609708384,official_emis,exact,unknown
URY_000189,1214007,URY,CEBOLLATI,,2|3,,public,Uruguay,Rocha,,,,,,-33.267752738182956,-53.79677718590857,official_emis,exact,unknown
URY_000190,1104087,URY,CELIA ECCHER DE BLOCONA,,1,ESCUELAS COMUNES,public,Uruguay,Cerro Largo,,,urban,,,-32.377102988655196,-54.174359568193736,official_emis,exact,unknown
URY_000191,1106022,URY,CELIA GALARZA DE SANCHEZ,,1,ESCUELAS COMUNES,public,Uruguay,Durazno,,,urban,,,-33.05796427806154,-56.4779831810404,official_emis,exact,unknown
URY_000192,1219003,URY,CERRO CHATO - PROF. ENRIQUE ALZUGARAY,,2|3,,public,Uruguay,Treinta y Tres,Cerro Chato,,,,,-33.10505623463625,-55.132506129356976,official_emis,exact,unknown
URY_000193,1208009,URY,CERRO COLORADO,,2|3,,public,Uruguay,Florida,,,,,,-33.86195818419346,-55.55009773930368,official_emis,exact,unknown
URY_000194,1118031,URY,CERRO DE BATOVI,,1,ESCUELAS COMUNES,public,Uruguay,Tacuarembó,,,rural,,,-31.884772934020297,-56.012385531564455,official_emis,exact,unknown
URY_000195,1108044,URY,CERRO DE LA MACANA,,1,ESCUELAS COMUNES,public,Uruguay,Florida,,,rural,,,-34.0033375922378,-56.19790230433264,official_emis,exact,unknown
URY_000196,1114020,URY,CERRO DE LOS ROCHA,,1,ESCUELAS COMUNES,public,Uruguay,Rocha,Castillos,,rural,,,-34.165057124588536,-53.88382409115039,official_emis,exact,unknown
URY_000197,1118114,URY,CERRO DE PEREIRA,,1,ESCUELAS COMUNES,public,Uruguay,Tacuarembó,,,rural,,,-32.29033385924286,-55.07312061043656,official_emis,exact,unknown
URY_000198,1213008,URY,CERRO PELADO,,2|3,,public,Uruguay,Rivera,,,,,,-31.47244406552908,-55.15637263928068,official_emis,exact,unknown
URY_000199,1113019,URY,CERRO SOLITO,,1,ESCUELAS COMUNES,public,Uruguay,Rivera,,,rural,,,-31.124891458417736,-55.566579787557046,official_emis,exact,unknown
URY_000200,1118076,URY,CERRO TRAVIESO,,1,ESCUELAS COMUNES,public,Uruguay,Tacuarembó,,,rural,,,-31.45553072054058,-56.25362963910149,official_emis,exact,unknown
URY_000201,1118001,URY,CESAR ORTIZ Y AYALA,,1,ESCUELAS COMUNES,public,Uruguay,Tacuarembó,,,urban,,,-31.712645568620793,-55.97952526537635,official_emis,exact,unknown
URY_000202,1108059,URY,CHAMIZO CHICO,,1,ESCUELAS COMUNES,public,Uruguay,Florida,,,rural,,,-34.23341252164621,-55.86722326177346,official_emis,exact,unknown
URY_000203,1211012,URY,CHAPICUY,,2|3,,public,Uruguay,Paysandú,Chapicuy,,,,,-31.663140431725264,-57.88826289151299,official_emis,exact,unknown
URY_000204,1101029,URY,CHECOSLOVAQUIA,,1,ESCUELAS COMUNES,public,Uruguay,Montevideo,Municipality A,,urban,,,-34.891685668569544,-56.25014758005514,official_emis,exact,unknown
URY_000205,1106043,URY,CHILENO GRANDE,,1,ESCUELAS COMUNES,public,Uruguay,Durazno,,,rural,,,-32.70987969235853,-55.75052653594732,official_emis,exact,unknown
URY_000206,1113117,URY,CHIRCAS DE CARAGUATÀ,,1,ESCUELAS COMUNES,public,Uruguay,Rivera,,,rural,,,-31.695005070540773,-54.99066091212754,official_emis,exact,unknown
URY_000207,1113069,URY,CHIRCAS DE MAZANGANO,,1,ESCUELAS COMUNES,public,Uruguay,Rivera,,,rural,,,-32.03857992907288,-54.625304386836824,official_emis,exact,unknown
URY_000208,1214011,URY,CHUY Nº 2,,2,,public,Uruguay,Rocha,Chuy,,,,,-33.699665264312856,-53.45810406202821,official_emis,exact,unknown
URY_000209,1116056,URY,CLAUDIA TAPIA DE ARBOLEYA,,1,ESCUELAS COMUNES,public,Uruguay,San José,,,rural,,,-34.22979101236292,-56.87759837197194,official_emis,exact,unknown
URY_000210,1101262,URY,CLEMENTE ESTABLE,,1,ESCUELAS COMUNES,public,Uruguay,Montevideo,Municipality F,,urban,,,-34.83258896645804,-56.113840522354124,official_emis,exact,unknown
URY_000211,1102005,URY,CLEMENTE ESTABLE,,1,ESCUELAS COMUNES,public,Uruguay,Artigas,Tomás Gomensoro,,urban,,,-30.430413042357866,-57.43368051667908,official_emis,exact,unknown
URY_000212,1104099,URY,CLEMENTE ESTABLE,,1,ESCUELAS COMUNES,public,Uruguay,Cerro Largo,Isidoro Noblía,,urban,,,-31.964083390767804,-54.124750471757636,official_emis,exact,unknown
URY_000213,1105098,URY,CLEMENTE ESTABLE,,1,ESCUELAS COMUNES,public,Uruguay,Colonia,,,urban,,,-34.440149090231166,-57.85234538402795,official_emis,exact,unknown
URY_000214,1106081,URY,CLEMENTE ESTABLE,,1,ESCUELA ESPECIAL,public,Uruguay,Durazno,,,urban,,,-33.389427410411834,-56.520384808607076,official_emis,exact,unknown
URY_000215,1107013,URY,CLEMENTE ESTABLE,,1,ESCUELAS COMUNES,public,Uruguay,Flores,,,rural,,,-33.837584595358145,-57.013542546800146,official_emis,exact,unknown
URY_000216,1109054,URY,CLEMENTE ESTABLE,,1,ESCUELAS COMUNES,public,Uruguay,Lavalleja,,,urban,,,-34.363185168942174,-55.24235426161759,official_emis,exact,unknown
URY_000217,1110056,URY,CLEMENTE ESTABLE,,1,ESCUELAS COMUNES,public,Uruguay,Maldonado,Maldonado,,urban,,,-34.89040102594547,-54.97878666385782,official_emis,exact,unknown
URY_000218,1112034,URY,CLEMENTE ESTABLE,,1,ESCUELAS COMUNES,public,Uruguay,Río Negro,Young,,urban,,,-32.709325121007836,-57.64618919757955,official_emis,exact,unknown
URY_000219,1113109,URY,CLEMENTE ESTABLE,,1,ESCUELAS COMUNES,public,Uruguay,Rivera,,,urban,,,-30.90871671962545,-55.53581703136723,official_emis,exact,unknown
URY_000220,1114003,URY,CLEMENTE ESTABLE,,1,ESCUELAS COMUNES,public,Uruguay,Rocha,Lascano,,urban,,,-33.67773029065929,-54.208059238235286,official_emis,exact,unknown
URY_000221,1115095,URY,CLEMENTE ESTABLE,,1,ESCUELAS COMUNES,public,Uruguay,Salto,,,urban,,,-31.401730641811394,-57.97011961407962,official_emis,exact,unknown
URY_000222,1116080,URY,CLEMENTE ESTABLE,,1,ESCUELAS COMUNES,public,Uruguay,San José,,,urban,,,-34.52390906994454,-56.79790164889486,official_emis,exact,unknown
URY_000223,1117058,URY,CLEMENTE ESTABLE,,1,ESCUELAS COMUNES,public,Uruguay,Soriano,Dolores,,urban,,,-33.52276566310487,-58.22326424839373,official_emis,exact,unknown
URY_000224,1118144,URY,CLEMENTE ESTABLE,,1,ESCUELAS COMUNES,public,Uruguay,Tacuarembó,,,urban,,,-31.719561127940075,-55.986943032214896,official_emis,exact,unknown
URY_000225,1119057,URY,CLEMENTE ESTABLE,,1,ESCUELAS COMUNES,public,Uruguay,Treinta y Tres,,,urban,,,-33.21509184946579,-54.35956826177746,official_emis,exact,unknown
URY_000226,1114031,URY,CLEMENTE LUCRECIO FUNES MOLINA,,1,ESCUELAS COMUNES,public,Uruguay,Rocha,Castillos,,rural,,,-34.13080460775367,-53.937502174323136,official_emis,exact,unknown
URY_000227,1102079,URY,CNEL. LORENZO LATORRE,,1,ESCUELAS COMUNES,public,Uruguay,Artigas,,,urban,,,-30.41285662458687,-56.458648546112165,official_emis,exact,unknown
URY_000228,1115057,URY,CNEL. SANTIAGO ARTIGAS,,1,ESCUELAS COMUNES,public,Uruguay,Salto,,,rural,,,-31.778604721461416,-57.04483447253596,official_emis,exact,unknown
URY_000229,1114094,URY,COL.CNEL. LEONARDO OLIVERA,,1,ESCUELAS COMUNES,public,Uruguay,Rocha,,,rural,,,-33.40446736930127,-53.86463283358437,official_emis,exact,unknown
URY_000230,1103111,URY,COLECTIVIDAD ITALIANA,,1,ESCUELAS COMUNES,public,Uruguay,Canelones,Pando,,urban,,,-34.72074740051324,-55.95895001803639,official_emis,exact,unknown
URY_000231,1103212,URY,COLECTIVIDAD JAPONESA,,1,ESCUELA ESPECIAL,public,Uruguay,Canelones,Suárez,,urban,,,-34.73627386809327,-56.03431094992917,official_emis,exact,unknown
URY_000232,1108110,URY,COLONIA 33 ORIENTALES,,1,ESCUELAS COMUNES,public,Uruguay,Florida,,,rural,,,-34.13276643364507,-55.95298375476438,official_emis,exact,unknown
URY_000233,1117061,URY,COLONIA AGRACIADA,,1,ESCUELAS COMUNES,public,Uruguay,Soriano,,,rural,,,-33.78203901186909,-58.387243157884164,official_emis,exact,unknown
URY_000234,1112046,URY,COLONIA CÉSAR MAYO GUTIÉRREZ,,1,ESCUELAS COMUNES,public,Uruguay,Río Negro,,,rural,,,-32.80515451780862,-57.39854333342085,official_emis,exact,unknown
URY_000235,1112048,URY,COLONIA DR. LUIS A. DE HERRERA,,1,ESCUELAS COMUNES,public,Uruguay,Río Negro,San Javier,,rural,,,-32.71367555689416,-58.06597766298639,official_emis,exact,unknown
URY_000236,1108087,URY,COLONIA FRANCIA,,1,ESCUELAS COMUNES,public,Uruguay,Florida,,,rural,,,-33.76052344507908,-56.03276036041899,official_emis,exact,unknown
URY_000237,1119030,URY,COLONIA JEFFERIES,,1,ESCUELAS COMUNES,public,Uruguay,Treinta y Tres,,,rural,,,-33.21878794294853,-54.2611798187555,official_emis,exact,unknown
URY_000238,1116065,URY,COLONIA JUAN MARÍA PÉREZ,,1,ESCUELAS COMUNES,public,Uruguay,San José,Libertad,,rural,,,-34.65286401028555,-56.77075462684809,official_emis,exact,unknown
URY_000239,1112047,URY,COLONIA KENNEDY,,1,ESCUELAS COMUNES,public,Uruguay,Río Negro,,,rural,,,-32.9397632097164,-57.594694362260185,official_emis,exact,unknown
URY_000240,1215012,URY,COLONIA LAVALLEJA,,2|3,,public,Uruguay,Salto,Colonia Lavalleja,,,,,-31.095860410334456,-57.02392775193723,official_emis,exact,unknown
URY_000241,1117103,URY,COLONIA MANUEL VICTORIA,,1,ESCUELAS COMUNES,public,Uruguay,Soriano,José Enrique Rodó,,rural,,,-33.72511179425655,-57.53274469943383,official_emis,exact,unknown
URY_000242,1205011,URY,COLONIA MIGUELETE,,2|3,,public,Uruguay,Colonia,Miguelete,,,,,-34.00723753466065,-57.645056587747604,official_emis,exact,unknown
URY_000243,1203033,URY,COLONIA NICOLICH,,2|3,,public,Uruguay,Canelones,Nicolich,,,,,-34.81568502676643,-56.009090577469586,official_emis,exact,unknown
URY_000244,1203076,URY,COLONIA NICOLICH Nº 2,,3,,public,Uruguay,Canelones,Nicolich,,,,,-34.7913965369234,-55.99637399084087,official_emis,exact,unknown
URY_000245,1205019,URY,COLONIA Nº 2,,2|3,,public,Uruguay,Colonia,,,,,,-34.440276225663965,-57.85351133443004,official_emis,exact,unknown
URY_000246,1112014,URY,COLONIA OFIR,,1,ESCUELAS COMUNES,public,Uruguay,Río Negro,San Javier,,rural,,,-32.58874511308506,-58.11079154515946,official_emis,exact,unknown
URY_000247,1111065,URY,COLONIA ROS DE OGER,,1,ESCUELAS COMUNES,public,Uruguay,Paysandú,Quebracho,,rural,,,-31.915723789942327,-57.959546670128894,official_emis,exact,unknown
URY_000248,1117100,URY,COLONIA SANTA CLARA,,1,ESCUELAS COMUNES,public,Uruguay,Soriano,,,rural,,,-33.502998379704444,-57.30766879379687,official_emis,exact,unknown
URY_000249,1117012,URY,COLONIA URUGUAYA,,1,ESCUELAS COMUNES,public,Uruguay,Soriano,,,rural,,,-33.62182134872646,-57.660324867924324,official_emis,exact,unknown
URY_000250,1205003,URY,COLONIA VALDENSE  DANIEL ARMAND UGON,,2|3,,public,Uruguay,Colonia,Colonia Valdense,,,,,-34.34343882109549,-57.26642125313651,official_emis,exact,unknown
URY_000251,1116085,URY,COLONIA VICENTE PÉREZ,,1,ESCUELAS COMUNES,public,Uruguay,San José,,,rural,,,-34.58276989830088,-56.92467760146993,official_emis,exact,unknown
URY_000252,1102042,URY,COLONIA VIÑAR,,1,ESCUELAS COMUNES,public,Uruguay,Artigas,Bella Unión,,rural,,,-30.467912486608608,-57.61623296717353,official_emis,exact,unknown
URY_000253,1101175,URY,COMANDANTE PEDRO CAMPBELL,,1,ESCUELAS COMUNES,public,Uruguay,Montevideo,Municipality E,,urban,,,-34.876939479725344,-56.044080976371816,official_emis,exact,unknown
URY_000254,1101355,URY,COMPLEJO EDUCATIVO QUINTA DE L. BAT,,1,ESCUELAS COMUNES,public,Uruguay,Montevideo,Municipality A,,urban,,,-34.84432139841873,-56.256669748636384,official_emis,exact,unknown
URY_000255,1205010,URY,CONCHILLAS,,2|3,,public,Uruguay,Colonia,Carmelo,,,,,-34.1580887626415,-58.03003684710272,official_emis,exact,unknown
URY_000256,1103133,URY,CONFRATERNIDADURUGUAYA-ARGENTI,,1,ESCUELAS COMUNES,public,Uruguay,Canelones,Migues,,rural,,,-34.43300403411532,-55.68782543329722,official_emis,exact,unknown
URY_000257,1101034,URY,CONGRESO DE ABRIL DE 1813,,1,ESCUELAS COMUNES,public,Uruguay,Montevideo,Municipality G,,urban,,,-34.82553774597678,-56.2052572236645,official_emis,exact,unknown
URY_000258,1117112,URY,CONSTANCIO C. VIGIL,,1,ESCUELAS COMUNES,public,Uruguay,Soriano,Dolores,,urban,,,-33.53971530997824,-58.21099911194317,official_emis,exact,unknown
URY_000259,1114088,URY,CONSTANCIO C.VIGIL,,1,ESCUELAS COMUNES,public,Uruguay,Rocha,Chuy,,urban,,,-33.69382231421248,-53.46933107712746,official_emis,exact,unknown
URY_000260,1103054,URY,CORONEL ANDRÉS GUACARARÍ ANDRESIT,,1,ESCUELAS COMUNES,public,Uruguay,Canelones,Sauce,,rural,,,-34.61071427527512,-56.048037352743755,official_emis,exact,unknown
URY_000261,1101263,URY,CORONEL LORENZO LATORRE,,1,ESCUELAS COMUNES,public,Uruguay,Montevideo,Municipality D,,urban,,,-34.832244663317,-56.14897061687518,official_emis,exact,unknown
URY_000262,1117033,URY,CORRALITO,,1,ESCUELAS COMUNES,public,Uruguay,Soriano,,,rural,,,-33.667478940046024,-57.75001777303175,official_emis,exact,unknown
URY_000263,1108096,URY,COSTA DEL TALA,,1,ESCUELAS COMUNES,public,Uruguay,Florida,,,rural,,,-33.57787231101086,-56.06918600008841,official_emis,exact,unknown
URY_000264,1117066,URY,COSTA DEL ÁGUILA.,,1,ESCUELAS COMUNES,public,Uruguay,Soriano,,,rural,,,-33.58884356050564,-58.02174425950851,official_emis,exact,unknown
URY_000265,1112025,URY,COSTAS DE BELLACO,,1,ESCUELAS COMUNES,public,Uruguay,Río Negro,San Javier,,rural,,,-32.60716565538818,-58.054131597704504,official_emis,exact,unknown
URY_000266,1118028,URY,COSTAS DE CARAGUATÁ AL SUR,,1,ESCUELAS COMUNES,public,Uruguay,Tacuarembó,,,rural,,,-32.212271901856795,-55.03734096249466,official_emis,exact,unknown
URY_000267,1118102,URY,COSTAS DE CAÑAS,,1,ESCUELAS COMUNES,public,Uruguay,Tacuarembó,,,rural,,,-31.381748576976026,-55.97559024735163,official_emis,exact,unknown
URY_000268,1109020,URY,COSTAS DE CORRALES,,1,ESCUELAS COMUNES,public,Uruguay,Lavalleja,José Pedro Varela,,rural,,,-33.44391435379566,-54.39551977321211,official_emis,exact,unknown
URY_000269,1110055,URY,COSTAS DE JOSÉ IGNACIO,,1,ESCUELAS COMUNES,public,Uruguay,Maldonado,Aiguá,,rural,,,-34.71579261703405,-54.656786264774105,official_emis,exact,unknown
URY_000270,1117107,URY,COSTAS DEL PERDIDO,,1,ESCUELAS COMUNES,public,Uruguay,Soriano,,,rural,,,-33.56473556668996,-57.376775928721536,official_emis,exact,unknown
URY_000271,1116081,URY,COSTAS DEL SAUCE,,1,ESCUELAS COMUNES,public,Uruguay,San José,,,rural,,,-34.17482089865824,-56.885219166778036,official_emis,exact,unknown
URY_000272,1108093,URY,COSTAS DEL TALITA,,1,ESCUELAS COMUNES,public,Uruguay,Florida,,,rural,,,-33.94263434789838,-56.11765072177636,official_emis,exact,unknown
URY_000273,1101177,URY,CRISTOBAL COLON,,1,ESCUELAS COMUNES,public,Uruguay,Montevideo,Municipality A,,urban,,,-34.84586334313722,-56.24640706507421,official_emis,exact,unknown
URY_000274,1113009,URY,CRISTOBAL COLON,,1,ESCUELAS COMUNES,public,Uruguay,Rivera,,,urban,,,-30.90522561196685,-55.53028296672199,official_emis,exact,unknown
URY_000275,1118050,URY,CRISTOBAL COLON,,1,ESCUELAS COMUNES,public,Uruguay,Tacuarembó,,,urban,,,-31.699590626151902,-55.967111348048455,official_emis,exact,unknown
URY_000276,1101238,URY,CTE.HEBER W.CASTIGLIONI CASTRO,,1,ESCUELAS COMUNES,public,Uruguay,Montevideo,Municipality F,,urban,,,-34.83828120374107,-56.11788081358064,official_emis,exact,unknown
URY_000277,1117060,URY,CUATRO BOCAS DE BUENA VISTA,,1,ESCUELAS COMUNES,public,Uruguay,Soriano,,,rural,,,-33.72671614412497,-58.29382353993492,official_emis,exact,unknown
URY_000278,1104043,URY,CUCHILLA CAMBOTA,,1,ESCUELAS COMUNES,public,Uruguay,Cerro Largo,Las Cañas,,rural,,,-32.517543100542035,-53.794801456966056,official_emis,exact,unknown
URY_000279,1104125,URY,CUCHILLA DEL PARAISO,,1,ESCUELAS COMUNES,public,Uruguay,Cerro Largo,,,rural,,,-32.66071712548004,-53.92061235034592,official_emis,exact,unknown
URY_000280,1107037,URY,CUCHILLA VILLASBOAS,,1,ESCUELAS COMUNES,public,Uruguay,Flores,,,rural,,,-33.4306041128147,-56.75153706040502,official_emis,exact,unknown
URY_000281,1218014,URY,CURTINA,,2|3,,public,Uruguay,Tacuarembó,,,,,,-32.151041863124355,-56.11727033507466,official_emis,exact,unknown
URY_000282,1103036,URY,CURVA DE BRUSCHI,,1,ESCUELAS COMUNES,public,Uruguay,Canelones,Los Cerrillos,,rural,,,-34.550862695185934,-56.34349648730746,official_emis,exact,unknown
URY_000283,1103119,URY,DAMASO ANTONIO LARRAÑAGA,,1,ESCUELAS COMUNES,public,Uruguay,Canelones,Santa Rosa,,urban,,,-34.49775918303767,-56.03997782897826,official_emis,exact,unknown
URY_000284,1102070,URY,DANIEL FERNANDEZ CRESPO,,1,ESCUELAS COMUNES,public,Uruguay,Artigas,,,urban,,,-30.415457732069193,-56.461372475772556,official_emis,exact,unknown
URY_000285,1116083,URY,DANIEL FERNANDEZ CRESPO,,1,ESCUELAS COMUNES,public,Uruguay,San José,,,urban,,,-34.34167417245135,-56.726734775925365,official_emis,exact,unknown
URY_000286,1116051,URY,DARDO SALGUERO DELA HANTY,,1,ESCUELAS COMUNES,public,Uruguay,San José,,,urban,,,-34.32824351980474,-56.7100593931175,official_emis,exact,unknown
URY_000287,1204002,URY,DE  RIO BRANCO  DR. ANIBAL ACOSTA ESTAPE,,2|3,,public,Uruguay,Cerro Largo,Río Branco,,,,,-32.59769622629907,-53.38483609304748,official_emis,exact,unknown
URY_000288,1214002,URY,DE CASTILLOS  JOSE ALDUNATE FERREIRA,,2|3,,public,Uruguay,Rocha,Castillos,,,,,-34.20025675121874,-53.862318173355106,official_emis,exact,unknown
URY_000289,1207002,URY,DE ISMAEL CORTINAS  MERCEDES GIAVI DE ADAMI,,2|3,,public,Uruguay,Flores,,,,,,-33.965666739307544,-57.09203876670168,official_emis,exact,unknown
URY_000290,1214003,URY,DE LASCANO  Mtro. ADOLFO RODRIGUEZ MALLARINI,,2|3,,public,Uruguay,Rocha,Lascano,,,,,-33.681420199010226,-54.21057106263829,official_emis,exact,unknown
URY_000291,1211015,URY,DE LORENZO GEYRES   QUEGUAY  (CEI),,2|3,,public,Uruguay,Paysandú,Lorenzo Geyres,,,,,-32.077462199758294,-57.918671150012344,official_emis,exact,unknown
URY_000292,1212003,URY,DE NUEVO BERLIN  PROF. HORACIO SARAVAY POZZI,,2|3,,public,Uruguay,Río Negro,Nuevo Berlín,,,,,-32.98104693008349,-58.057257459328426,official_emis,exact,unknown
URY_000293,1210003,URY,DE PAN DE AZUCAR  PROF. ALVARO FIGUEREDO,,2|3,,public,Uruguay,Maldonado,Pan de Azúcar,,,,,-34.77123682836344,-55.22298225426994,official_emis,exact,unknown
URY_000294,1212004,URY,DE SAN JAVIER  PROF. VALENTINA POIARKOV,,2|3,,public,Uruguay,Río Negro,San Javier,,,,,-32.66739689340575,-58.13147097459799,official_emis,exact,unknown
URY_000295,1206002,URY,DE SARANDI DEL YI  DR. FRANCISCO DOMINGO RIOS,,2|3,,public,Uruguay,Durazno,Sarandí del Yí,,,,,-33.345982879573974,-55.63049111424261,official_emis,exact,unknown
URY_000296,1209004,URY,DE SOLIS DE MATAOJO  CUNA DE FABINI,,2|3,,public,Uruguay,Lavalleja,Solís de Mataojo,,,,,-34.60048701018687,-55.466338095145716,official_emis,exact,unknown
URY_000297,1202003,URY,DE T.GOMENSORO  DR. ELISEO SALVADOR PORTA,,2|3,,public,Uruguay,Artigas,Tomás Gomensoro,,,,,-30.4324159804123,-57.439187764884515,official_emis,exact,unknown
URY_000298,1101196,URY,DEBORAH VITALE D AMICO,,1,ESCUELAS COMUNES,public,Uruguay,Montevideo,Municipality F,,urban,,,-34.85296056698882,-56.11901492475584,official_emis,exact,unknown
URY_000299,1114082,URY,DEL CANELON,,1,ESCUELAS COMUNES,public,Uruguay,Rocha,,,rural,,,-34.609072913986275,-54.43734762109123,official_emis,exact,unknown
URY_000300,1103028,URY,DEMETRIO AÑON GERIBÓN,,1,ESCUELAS COMUNES,public,Uruguay,Canelones,Santa Lucía,,rural,,,-34.42644710034301,-56.21723755719843,official_emis,exact,unknown
URY_000301,1206001,URY,DEPARTAMENTAL   DR. MIGUEL C. RUBINO,,3,,public,Uruguay,Durazno,,,,,,-33.37571844124323,-56.527695136304686,official_emis,exact,unknown
URY_000302,1207001,URY,DEPARTAMENTAL  CARLOS BRIGNONI MOSQUERA,,2|3,,public,Uruguay,Flores,,,,,,-33.520176377822345,-56.89599827052527,official_emis,exact,unknown
URY_000303,1205001,URY,DEPARTAMENTAL  JUAN LUIS PERROU,,2|3,,public,Uruguay,Colonia,,,,,,-34.46823252000774,-57.84430123406879,official_emis,exact,unknown
URY_000304,1103171,URY,DINAMARCA,,1,ESCUELAS COMUNES,public,Uruguay,Canelones,Nicolich,,urban,,,-34.82064904462082,-56.00743472000188,official_emis,exact,unknown
URY_000305,1102049,URY,DIONISIO DIAZ,,1,ESCUELAS COMUNES,public,Uruguay,Artigas,,,rural,,,-30.448773202908395,-56.52888881502292,official_emis,exact,unknown
URY_000306,1103034,URY,DIONISIO DIAZ,,1,ESCUELAS COMUNES,public,Uruguay,Canelones,Canelones,,rural,,,-34.48541028371461,-56.284045653337685,official_emis,exact,unknown
URY_000307,1104035,URY,DIONISIO DIAZ,,1,ESCUELAS COMUNES,public,Uruguay,Cerro Largo,Arbolito,,rural,,,-32.61449224872383,-54.218558733800535,official_emis,exact,unknown
URY_000308,1105043,URY,DIONISIO DIAZ,,1,ESCUELAS COMUNES,public,Uruguay,Colonia,Miguelete,,rural,,,-34.088444528191395,-57.51007848747577,official_emis,exact,unknown
URY_000309,1106018,URY,DIONISIO DIAZ,,1,ESCUELAS COMUNES,public,Uruguay,Durazno,,,rural,,,-33.2959765703156,-56.35548052753457,official_emis,exact,unknown
URY_000310,1107016,URY,DIONISIO DIAZ,,1,ESCUELAS COMUNES,public,Uruguay,Flores,,,rural,,,-33.508653719284915,-56.9275379024041,official_emis,exact,unknown
URY_000311,1109076,URY,DIONISIO DIAZ,,1,ESCUELAS COMUNES,public,Uruguay,Lavalleja,José Pedro Varela,,rural,,,-33.50411266921639,-54.81350728280216,official_emis,exact,unknown
URY_000312,1110066,URY,DIONISIO DIAZ,,1,ESCUELAS COMUNES,public,Uruguay,Maldonado,Maldonado,,urban,,,-34.84586998811091,-54.942618158835,official_emis,exact,unknown
URY_000313,1111050,URY,DIONISIO DIAZ,,1,ESCUELAS COMUNES,public,Uruguay,Paysandú,Porvenir,,rural,,,-32.49017920715235,-57.74361497638465,official_emis,exact,unknown
URY_000314,1113050,URY,DIONISIO DIAZ,,1,ESCUELAS COMUNES,public,Uruguay,Rivera,,,rural,,,-31.623330493448744,-54.79904123416967,official_emis,exact,unknown
URY_000315,1114019,URY,DIONISIO DIAZ,,1,ESCUELAS COMUNES,public,Uruguay,Rocha,Castillos,,rural,,,-34.400172788519704,-53.86850368154826,official_emis,exact,unknown
URY_000316,1115045,URY,DIONISIO DIAZ,,1,ESCUELAS COMUNES,public,Uruguay,Salto,San Antonio,,rural,,,-31.339849979776165,-57.82397978148058,official_emis,exact,unknown
URY_000317,1117101,URY,DIONISIO DIAZ,,1,ESCUELAS COMUNES,public,Uruguay,Soriano,,,rural,,,-33.31078421761086,-57.48658572505865,official_emis,exact,unknown
URY_000318,1118041,URY,DIONISIO DIAZ,,1,ESCUELAS COMUNES,public,Uruguay,Tacuarembó,,,rural,,,-31.847679602330714,-55.55274481827551,official_emis,exact,unknown
URY_000319,1111016,URY,DIONISIO DÍAZ,,1,ESCUELAS COMUNES,public,Uruguay,Paysandú,,,rural,,,-31.872022467425285,-57.536617518736065,official_emis,exact,unknown
URY_000320,1115013,URY,DOCTOR OSCAR GUGLIELMONE,,1,ESCUELAS COMUNES,public,Uruguay,Salto,,,urban,,,-31.371687547424393,-57.91227119266272,official_emis,exact,unknown
URY_000321,1101200,URY,DOCTOR RICARDO CARITAT,,1,ESCUELA ESPECIAL,public,Uruguay,Montevideo,Municipality G,,urban,,,-34.84827619978982,-56.20198690680083,official_emis,exact,unknown
URY_000322,1217003,URY,DOLORES Nº 1  DR. ROBERTO TARUSELLI,,2|3,,public,Uruguay,Soriano,Dolores,,,,,-33.530623656061366,-58.21659056892914,official_emis,exact,unknown
URY_000323,1217010,URY,DOLORES Nº 2 PROF. JUAN BAUTISTA HERRERO,,2,,public,Uruguay,Soriano,Dolores,,,,,-33.531560573085535,-58.21485912843214,official_emis,exact,unknown
URY_000324,1101225,URY,DOMINGO ARENA,,1,ESCUELAS COMUNES,public,Uruguay,Montevideo,Municipality D,,urban,,,-34.81555716173995,-56.15207251574001,official_emis,exact,unknown
URY_000325,1112017,URY,DOMINGO DE ARCE,,1,ESCUELAS COMUNES,public,Uruguay,Río Negro,Young,,urban,,,-32.6986370035966,-57.62275898087596,official_emis,exact,unknown
URY_000326,1116088,URY,DOMINGO F. SARMIENTO,,1,ESCUELAS COMUNES,public,Uruguay,San José,Ciudad del Plata,,urban,,,-34.7750308662005,-56.36838092882665,official_emis,exact,unknown
URY_000327,1103014,URY,DOMINGO PICCARDO,,1,ESCUELAS COMUNES,public,Uruguay,Canelones,Las Piedras,,rural,,,-34.67178490197162,-56.130640974919864,official_emis,exact,unknown
URY_000328,1114026,URY,DON CARLOS CHICO,,1,ESCUELAS COMUNES,public,Uruguay,Rocha,,,rural,,,-34.34294031936411,-54.25038059513524,official_emis,exact,unknown
URY_000329,1107029,URY,DON JUAN LATEULADE SAFORES,,1,ESCUELAS COMUNES,public,Uruguay,Flores,,,rural,,,-33.73599931188712,-56.46757664128196,official_emis,exact,unknown
URY_000330,1111060,URY,DON LUIS IGNACIO,,1,ESCUELAS COMUNES,public,Uruguay,Paysandú,Guichón,,rural,,,-32.37708720324526,-56.702945472801936,official_emis,exact,unknown
URY_000331,1108003,URY,DORA DE VECCHI DE RODRIGUEZ,,1,ESCUELAS COMUNES,public,Uruguay,Florida,,,urban,,,-34.09073235939237,-56.225435798643026,official_emis,exact,unknown
URY_000332,1103184,URY,DORILLA BORCHE DE FERNÁNDEZ,,1,ESCUELAS COMUNES,public,Uruguay,Canelones,San Ramon,,rural,,,-34.290656499347335,-55.99522837313494,official_emis,exact,unknown
URY_000333,1102036,URY,DORSOLINA BORBA,,1,ESCUELAS COMUNES,public,Uruguay,Artigas,,,urban,,,-30.433678736770126,-56.45747138161229,official_emis,exact,unknown
URY_000334,1105055,URY,DR. ALBERTO BOERGER,,1,ESCUELAS COMUNES,public,Uruguay,Colonia,,,urban,,,-34.33602631538406,-57.69399448351987,official_emis,exact,unknown
URY_000335,1108017,URY,DR. ALEJANDRO GALLINAL,,1,ESCUELAS COMUNES,public,Uruguay,Florida,,,urban,,,-33.862257444978866,-55.547941513866625,official_emis,exact,unknown
URY_000336,1110045,URY,DR. ALFONSO LAMAS,,1,ESCUELAS COMUNES,public,Uruguay,Maldonado,Piriápolis,,rural,,,-34.82463104576144,-55.30447248071312,official_emis,exact,unknown
URY_000337,1102077,URY,DR. BALTASAR BRUM,,1,ESCUELAS COMUNES,public,Uruguay,Artigas,Baltasar Brum,,urban,,,-30.71902488186798,-57.333562815562736,official_emis,exact,unknown
URY_000338,1116101,URY,DR. CARLOS NUÑEZ,,1,ESCUELAS COMUNES,public,Uruguay,San José,Ciudad del Plata,,urban,,,-34.746161883454896,-56.44937924192694,official_emis,exact,unknown
URY_000339,1101054,URY,DR. CLAUDIO WILLIMAN,,1,ESCUELAS COMUNES,public,Uruguay,Montevideo,Municipality A,,urban,,,-34.880626661115016,-56.25393566558283,official_emis,exact,unknown
URY_000340,1101027,URY,DR. EDUARDO ACEVEDO,,1,ESCUELAS COMUNES,public,Uruguay,Montevideo,Municipality C,,urban,,,-34.86702893863215,-56.20147755635764,official_emis,exact,unknown
URY_000341,1101250,URY,DR. EMILIO FRUGONI,,1,ESCUELAS COMUNES,public,Uruguay,Montevideo,Municipality C,,urban,,,-34.8552345777178,-56.19468897164373,official_emis,exact,unknown
URY_000342,1116046,URY,DR. EVARISTO G. CIGANDA,,1,ESCUELAS COMUNES,public,Uruguay,San José,,,urban,,,-34.33868939914264,-56.71500278763866,official_emis,exact,unknown
URY_000343,1101274,URY,DR. HECTOR LORENZO RIOS,,1,ESCUELAS COMUNES,public,Uruguay,Montevideo,Municipality E,,urban,,,-34.89289669591704,-56.099152227854006,official_emis,exact,unknown
URY_000344,1114005,URY,DR. JAVIER BARRIOS AMORIN,,1,ESCUELAS COMUNES,public,Uruguay,Rocha,Castillos,,urban,,,-34.19751387344497,-53.854826449857576,official_emis,exact,unknown
URY_000345,1108028,URY,DR. LEONEL AGUIRRE,,1,ESCUELAS COMUNES,public,Uruguay,Florida,,,urban,,,-33.46787592027948,-55.633343780295725,official_emis,exact,unknown
URY_000346,1101187,URY,DR. LUIS A. DE HERRERA,,1,ESCUELAS COMUNES,public,Uruguay,Montevideo,Municipality F,,urban,,,-34.83514231230914,-56.1177611879364,official_emis,exact,unknown
URY_000347,1101160,URY,DR. LUIS MORQUIO,,1,ESCUELAS COMUNES,public,Uruguay,Montevideo,Municipality F,,urban,,,-34.86970570082855,-56.11902233995014,official_emis,exact,unknown
URY_000348,1105064,URY,DR. LUIS MORQUIO,,1,ESCUELAS COMUNES,public,Uruguay,Colonia,Ombúes de Lavalle,,rural,,,-34.01345160190476,-57.80007013325668,official_emis,exact,unknown
URY_000349,1112060,URY,DR. MARIO CARMINATTI,,1,ESCUELA ESPECIAL,public,Uruguay,Río Negro,,,urban,,,-33.12744897276108,-58.300837080439585,official_emis,exact,unknown
URY_000350,1103140,URY,DR. MATEO LEGNANI,,1,ESCUELAS COMUNES,public,Uruguay,Canelones,Santa Lucía,,urban,,,-34.45081952368787,-56.390960484939114,official_emis,exact,unknown
URY_000351,1106008,URY,DR. MIGUEL C. RUBINO,,1,ESCUELAS COMUNES,public,Uruguay,Durazno,,,urban,,,-33.38354515827741,-56.52470692980554,official_emis,exact,unknown
URY_000352,1117037,URY,DR. PABLO PURRIEL,,1,ESCUELAS COMUNES,public,Uruguay,Soriano,,,urban,,,-33.79055795422479,-57.492868976924164,official_emis,exact,unknown
URY_000353,1101254,URY,DR.AQUILES LANZA,,1,ESCUELA ESPECIAL,public,Uruguay,Montevideo,Municipality B,,urban,,,-34.89322702397805,-56.165644791820974,official_emis,exact,unknown
URY_000354,1101268,URY,DR.ARTURO LUSSICH,,1,ESCUELAS COMUNES,public,Uruguay,Montevideo,Municipality E,,urban,,,-34.87558332692307,-56.12004286544625,official_emis,exact,unknown
URY_000355,1101009,URY,DR.AURELIANO RODRIGUEZ LARRETA,,1,ESCUELAS COMUNES,public,Uruguay,Montevideo,Municipality A,,urban,,,-34.86726279207215,-56.23791880697587,official_emis,exact,unknown
URY_000356,1108045,URY,DR.CYRO GIAMBRUNO,,1,ESCUELAS COMUNES,public,Uruguay,Florida,Fray Marcos,,urban,,,-34.19538229065882,-55.735112690317976,official_emis,exact,unknown
URY_000357,1114041,URY,DR.HÉCTOR LUCIAN CANZANI,,1,ESCUELAS COMUNES,public,Uruguay,Rocha,Castillos,,urban,,,-34.20135323577271,-53.85516105480707,official_emis,exact,unknown
URY_000358,1118004,URY,DR.JUAN ZORRILLA DE SAN MARTIN,,1,ESCUELAS COMUNES,public,Uruguay,Tacuarembó,,,urban,,,-32.40558631926527,-56.17867741918458,official_emis,exact,unknown
URY_000359,1112052,URY,DR.SEMIRAMIDES ZEBALLOS,,1,ESCUELAS COMUNES,public,Uruguay,Río Negro,Young,,urban,,,-32.70344497891661,-57.62998328490448,official_emis,exact,unknown
URY_000360,1117046,URY,DR.SERAFIN RIVAS RODRIGUEZ,,1,ESCUELAS COMUNES,public,Uruguay,Soriano,,,urban,,,-33.254762289615584,-58.03713980487603,official_emis,exact,unknown
URY_000361,1114080,URY,DR: VÍCTOR HUGO BRIOZZO,,1,ESCUELAS COMUNES,public,Uruguay,Rocha,Castillos,,urban,,,-34.19540801648209,-53.85952574641312,official_emis,exact,unknown
URY_000362,1117071,URY,DURAZNITO,,1,ESCUELAS COMUNES,public,Uruguay,Soriano,José Enrique Rodó,,rural,,,-33.619404968803046,-57.43636130113077,official_emis,exact,unknown
URY_000363,1206004,URY,DURAZNO Nº 2,,2|3,,public,Uruguay,Durazno,,,,,,-33.38754949010736,-56.5245991247652,official_emis,exact,unknown
URY_000364,1206012,URY,DURAZNO Nº 3,,2,,public,Uruguay,Durazno,,,,,,-33.37633111436903,-56.52751981586451,official_emis,exact,unknown
URY_000365,1101207,URY,E.T.R.O(ESC.TALLER RECUP.OCUP.,,1,ESCUELA ESPECIAL,public,Uruguay,Montevideo,Municipality B,,urban,,,-34.91077021538919,-56.18762293254156,official_emis,exact,unknown
URY_000366,1216003,URY,ECILDA PAULLIER  JOSE LARGHERO,,2|3,,public,Uruguay,San José,Ecilda Paullier,,,,,-34.35743734715915,-57.04513956402768,official_emis,exact,unknown
URY_000367,1117072,URY,EDMUNDA G.ARISMENDI CHIAPPINI,,1,ESCUELAS COMUNES,public,Uruguay,Soriano,,,rural,,,-33.50657625643487,-58.10428855710064,official_emis,exact,unknown
URY_000368,1101064,URY,EDUARDO FABINI,,1,ESCUELAS COMUNES,public,Uruguay,Montevideo,Municipality F,,urban,,,-34.806027144547556,-56.13180281887436,official_emis,exact,unknown
URY_000369,1109005,URY,EDUARDO FABINI,,1,ESCUELAS COMUNES,public,Uruguay,Lavalleja,Solís de Mataojo,,urban,,,-34.6006958399983,-55.46358629889216,official_emis,exact,unknown
URY_000370,1117065,URY,EDUARDO VICTOR HAEDO,,1,ESCUELAS COMUNES,public,Uruguay,Soriano,,,urban,,,-33.24607335619762,-58.03536265529711,official_emis,exact,unknown
URY_000371,1101182,URY,EGIPTO,,1,ESCUELAS COMUNES,public,Uruguay,Montevideo,Municipality F,,urban,,,-34.84128113082573,-56.12247523301832,official_emis,exact,unknown
URY_000372,1117115,URY,EGRISELDA GUTIÉRREZ BRAVO,,1,ESCUELA ESPECIAL,public,Uruguay,Soriano,Cardona,,urban,,,-33.871350617580205,-57.377966338529475,official_emis,exact,unknown
URY_000373,1112049,URY,EL ABROJAL,,1,ESCUELAS COMUNES,public,Uruguay,Río Negro,Nuevo Berlín,,rural,,,-33.00243549208128,-57.90422447885861,official_emis,exact,unknown
URY_000374,1206003,URY,EL CARMEN,,2|3,,public,Uruguay,Durazno,,,,,,-33.24248746240476,-56.01167136578785,official_emis,exact,unknown
URY_000375,1203023,URY,EL DORADO - 18 DE MAYO,,2|3,,public,Uruguay,Canelones,18 de Mayo,,,,,-34.69873912443583,-56.21442017411332,official_emis,exact,unknown
URY_000376,1115101,URY,EL ESPINILLAR,,1,ESCUELAS COMUNES,public,Uruguay,Salto,Villa Constitución,,rural,,,-30.95980041653556,-57.83948200264405,official_emis,exact,unknown
URY_000377,1118074,URY,EL PARAISO,,1,ESCUELAS COMUNES,public,Uruguay,Tacuarembó,,,rural,,,-31.76020876416504,-55.929165981614666,official_emis,exact,unknown
URY_000378,1203018,URY,EL PINAR,,3,,public,Uruguay,Canelones,Ciudad de la Costa,,,,,-34.801476731611515,-55.91937988886143,official_emis,exact,unknown
URY_000379,1203059,URY,EL PINAR Nº 2,,2|3,,public,Uruguay,Canelones,Ciudad de la Costa,,,,,-34.792658950505874,-55.921528024042615,official_emis,exact,unknown
URY_000380,1112065,URY,EL SURCO,,1,ESCUELAS COMUNES,public,Uruguay,Río Negro,,,rural,,,-32.91752933734622,-57.162444513094655,official_emis,exact,unknown
URY_000381,1108098,URY,EL TORNERO,,1,ESCUELAS COMUNES,public,Uruguay,Florida,,,rural,,,-33.88762166038083,-55.89926005720105,official_emis,exact,unknown
URY_000382,1111093,URY,EL TREBOL,,1,ESCUELAS COMUNES,public,Uruguay,Paysandú,Porvenir,,urban,,,-32.323288044797344,-58.04685616383428,official_emis,exact,unknown
URY_000383,1102044,URY,EL VOLCÁN,,1,ESCUELAS COMUNES,public,Uruguay,Artigas,,,rural,,,-30.78087926107105,-56.25100038040334,official_emis,exact,unknown
URY_000384,1102056,URY,ELADIO F. DIESTE,,1,ESCUELAS COMUNES,public,Uruguay,Artigas,,,urban,,,-30.406280943028612,-56.46148532285917,official_emis,exact,unknown
URY_000385,1110052,URY,ELENA MARROCHE DE MUSSIO,,1,ESCUELAS COMUNES,public,Uruguay,Maldonado,Piriápolis,,urban,,,-34.8633104303211,-55.27178118008429,official_emis,exact,unknown
URY_000386,1113003,URY,ELENA NAVARRO BENTANCUR,,1,ESCUELAS COMUNES,public,Uruguay,Rivera,Tranqueras,,urban,,,-31.192161610120372,-55.76635127884973,official_emis,exact,unknown
URY_000387,1105010,URY,ELIAS HUBER,,1,ESCUELAS COMUNES,public,Uruguay,Colonia,Nueva Helvecia,,urban,,,-34.293575707762976,-57.231024951916375,official_emis,exact,unknown
URY_000388,1106005,URY,ELIAS REGULES,,1,ESCUELAS COMUNES,public,Uruguay,Durazno,Sarandí del Yí,,urban,,,-33.34189851640624,-55.626514851889056,official_emis,exact,unknown
URY_000389,1103180,URY,ELINA CUELLO,,1,ESCUELAS COMUNES,public,Uruguay,Canelones,Progreso,,urban,,,-34.644111893216795,-56.24318516780518,official_emis,exact,unknown
URY_000390,1101203,URY,ELOÍSA GARCÍA ETCHEGOYHEN DE LORE,,1,ESCUELA ESPECIAL,public,Uruguay,Montevideo,Municipality C,,urban,,,-34.862914635707014,-56.20111254224924,official_emis,exact,unknown
URY_000391,1101280,URY,ELOÍSA GARCÍA ETCHEGOYHEN DE LORE,,1,ESCUELA ESPECIAL,public,Uruguay,Montevideo,Municipality C,,urban,,,-34.86251171363647,-56.20017559297675,official_emis,exact,unknown
URY_000392,1117092,URY,ELVIRA JUSTA PERÉ PERUZZO,,1,ESCUELAS COMUNES,public,Uruguay,Soriano,,,rural,,,-33.824019053354775,-58.37997900704535,official_emis,exact,unknown
URY_000393,1104046,URY,EMILIO ORIBE,,1,ESCUELAS COMUNES,public,Uruguay,Cerro Largo,,,urban,,,-32.37147736734043,-54.16075476193816,official_emis,exact,unknown
URY_000394,1106010,URY,EMILIO PENZA,,1,ESCUELAS COMUNES,public,Uruguay,Durazno,,,urban,,,-33.38400806665173,-56.51381315209849,official_emis,exact,unknown
URY_000395,1103166,URY,EMILIO ROMERO,,1,ESCUELAS COMUNES,public,Uruguay,Canelones,18 de Mayo,,urban,,,-34.70725169599284,-56.2144161418897,official_emis,exact,unknown
URY_000396,1101204,URY,EMILIO VERDESIO,,1,ESCUELA ESPECIAL,public,Uruguay,Montevideo,Municipality C,,urban,,,-34.86439982948485,-56.176384032768965,official_emis,exact,unknown
URY_000397,1203025,URY,EMPALME OLMOS,,2|3,,public,Uruguay,Canelones,Empalme Olmos,,,,,-34.70141831625253,-55.88797078485246,official_emis,exact,unknown
URY_000398,1102054,URY,ENEIDA TEXEIRA DE BASALDÚA,,1,ESCUELAS COMUNES,public,Uruguay,Artigas,,,urban,,,-30.40060433426728,-56.4613395007561,official_emis,exact,unknown
URY_000399,1115081,URY,ENRIQUE AMORIN,,1,ESCUELAS COMUNES,public,Uruguay,Salto,,,urban,,,-31.375803639662205,-57.94440505554076,official_emis,exact,unknown
URY_000400,1113092,URY,ENRIQUE BELTRAME,,1,ESCUELAS COMUNES,public,Uruguay,Rivera,Tranqueras,,urban,,,-31.19828849936529,-55.75241763760763,official_emis,exact,unknown
URY_000401,1104032,URY,ENRIQUE BRAYER BLANCO,,1,ESCUELAS COMUNES,public,Uruguay,Cerro Largo,,,rural,,,-32.088493986954475,-54.047853118515064,official_emis,exact,unknown
URY_000402,1117049,URY,ENRIQUE OYHARZABAL PARDIAS,,1,ESCUELAS COMUNES,public,Uruguay,Soriano,José Enrique Rodó,,urban,,,-33.69565403012817,-57.53299443593394,official_emis,exact,unknown
URY_000403,1116106,URY,ENRIQUE RODRIGUEZ FABREGAT,,1,ESCUELAS COMUNES,public,Uruguay,San José,,,urban,,,-34.33740648694115,-56.72184545744231,official_emis,exact,unknown
URY_000404,1104100,URY,ESC:100 CERROS DE PEÑAROL,,1,ESCUELAS COMUNES,public,Uruguay,Cerro Largo,Arévalo,,rural,,,-32.55088228501231,-55.176956002504696,official_emis,exact,unknown
URY_000405,1101273,URY,ESCRIBANO DARDO ORTIZ,,1,ESCUELAS COMUNES,public,Uruguay,Montevideo,Municipality CH,,urban,,,-34.91962223530953,-56.15675102267271,official_emis,exact,unknown
URY_000406,1110107,URY,ESCUELA,,1,ESCUELAS COMUNES,public,Uruguay,Maldonado,Maldonado,,urban,,,-34.88379209092238,-54.97064443264811,official_emis,exact,unknown
URY_000407,1118106,URY,ESCUELA 106,,1,ESCUELAS COMUNES,public,Uruguay,Tacuarembó,,,rural,,,-31.64301666548644,-55.89918087092905,official_emis,exact,unknown
URY_000408,1103258,URY,ESCUELA 258,,1,ESCUELAS COMUNES,public,Uruguay,Canelones,Ciudad de la Costa,,urban,,,-34.79889201603885,-55.956951930969005,official_emis,exact,unknown
URY_000409,1112003,URY,ESCUELA 3 DE TIEMPO COMPLETO,,1,ESCUELAS COMUNES,public,Uruguay,Río Negro,,,urban,,,-33.11933900496557,-58.32665537379917,official_emis,exact,unknown
URY_000410,1111054,URY,ESCUELA 54,,1,ESCUELAS COMUNES,public,Uruguay,Paysandú,Chapicuy,,urban,,,-31.663140431725264,-57.88826289151299,official_emis,exact,unknown
URY_000411,1103303,URY,ESCUELA DE ARTES Y OFICIOS,,1,ESCUELA ESPECIAL,public,Uruguay,Canelones,Paso Carrasco,,urban,,,-34.85733125966969,-56.045762796211996,official_emis,exact,unknown
URY_000412,1111009,URY,ESCUELA GRANJA COLONIA PAYSANDU,,1,ESCUELAS COMUNES,public,Uruguay,Paysandú,,,rural,,,-32.42272917183835,-58.1396367425608,official_emis,exact,unknown
URY_000413,1104122,URY,ESCUELA N° 122 PALLEROS,,1,ESCUELAS COMUNES,public,Uruguay,Cerro Largo,Ramón Trigo,,rural,,,-32.11427063929876,-54.49845106933825,official_emis,exact,unknown
URY_000414,1104027,URY,ESCUELA N° 27 SIERRAS DE RIOS,,1,ESCUELAS COMUNES,public,Uruguay,Cerro Largo,Centurión,,rural,,,-32.22048549390235,-53.761351479592804,official_emis,exact,unknown
URY_000415,1103139,URY,ESCUELA N°139 SAUCE SOLO DE MIGUES,,1,ESCUELAS COMUNES,public,Uruguay,Canelones,Migues,,rural,,,-34.41787758939492,-55.64363415429161,official_emis,exact,unknown
URY_000416,1103150,URY,ESCUELA N°150,,1,ESCUELAS COMUNES,public,Uruguay,Canelones,Tala,,rural,,,-34.28555073708374,-55.73597937919224,official_emis,exact,unknown
URY_000417,1114083,URY,ESCUELA N°83,,1,ESCUELAS COMUNES,public,Uruguay,Rocha,La Paloma,,urban,,,-34.59093200628503,-54.126984445680755,official_emis,exact,unknown
URY_000418,1114107,URY,ESCUELA Nº 107,,1,ESCUELAS COMUNES,public,Uruguay,Rocha,Chuy,,urban,,,-33.69921528565336,-53.45373396940409,official_emis,exact,unknown
URY_000419,1109014,URY,ESCUELA Nº 14,,1,ESCUELAS COMUNES,public,Uruguay,Lavalleja,,,rural,,,-33.87739606233632,-54.72076006484484,official_emis,exact,unknown
URY_000420,1108015,URY,ESCUELA Nº 15 LA ESCOBILLA,,1,ESCUELAS COMUNES,public,Uruguay,Florida,,,rural,,,-34.15322664052127,-55.79913266301848,official_emis,exact,unknown
URY_000421,1105017,URY,ESCUELA Nº 17 COLONIA ARRÚE,,1,ESCUELAS COMUNES,public,Uruguay,Colonia,Carmelo,,rural,,,-34.013517456769044,-58.16444794666272,official_emis,exact,unknown
URY_000422,1102026,URY,ESCUELA Nº 26,,1,ESCUELAS COMUNES,public,Uruguay,Artigas,,,rural,,,-30.600236877309907,-56.63577964752271,official_emis,exact,unknown
URY_000423,1105059,URY,ESCUELA Nº 59 PARAJE QUINTÓN,,1,ESCUELAS COMUNES,public,Uruguay,Colonia,Tarariras,,rural,,,-34.34621206180936,-57.647119374578935,official_emis,exact,unknown
URY_000424,1105066,URY,ESCUELA Nº 66 VÌBORAS Y VACAS,,1,ESCUELAS COMUNES,public,Uruguay,Colonia,,,rural,,,-33.92782775154237,-58.18973193236672,official_emis,exact,unknown
URY_000425,1102013,URY,ESCUELA Nº13 PALMA SOLA,,1,ESCUELAS COMUNES,public,Uruguay,Artigas,Baltasar Brum,,rural,,,-30.711092438454706,-57.53809089551157,official_emis,exact,unknown
URY_000426,1104030,URY,ESCUELA Nº30 - CAÑAS,,1,ESCUELAS COMUNES,public,Uruguay,Cerro Largo,Las Cañas,,rural,,,-32.352624425681164,-53.82990805101131,official_emis,exact,unknown
URY_000427,1104033,URY,ESCUELA Nº33,,1,ESCUELAS COMUNES,public,Uruguay,Cerro Largo,Cerro de las Cuentas,,rural,,,-32.64360172803959,-54.43323268045536,official_emis,exact,unknown
URY_000428,1102063,URY,ESCUELA Nº63 PASO DE LA CRUZ,,1,ESCUELAS COMUNES,public,Uruguay,Artigas,,,rural,,,-30.292743587634174,-57.30955585831424,official_emis,exact,unknown
URY_000429,1118077,URY,ESCUELA Nº77 ESTACIÒN LAURELES,,1,ESCUELAS COMUNES,public,Uruguay,Tacuarembó,,,rural,,,-31.36459934926365,-55.87355636254794,official_emis,exact,unknown
URY_000430,1116024,URY,ESCUELA PASO DEL CARRETÓN,,1,ESCUELAS COMUNES,public,Uruguay,San José,,,rural,,,-34.3654172877417,-56.83012611959792,official_emis,exact,unknown
URY_000431,1103038,URY,ESCUELA RURAL 38,,1,ESCUELAS COMUNES,public,Uruguay,Canelones,Migues,,rural,,,-34.498934320681975,-55.685703983182314,official_emis,exact,unknown
URY_000432,1116071,URY,ESCUELA RURAL N°71,,1,ESCUELAS COMUNES,public,Uruguay,San José,,,rural,,,-34.25873203184633,-56.69993611340179,official_emis,exact,unknown
URY_000433,1103039,URY,ESCUELA RURAL Nº 39. PIEDRAS DE AF,,1,ESCUELAS COMUNES,public,Uruguay,Canelones,Soca,,rural,,,-34.70732095008869,-55.5064816900859,official_emis,exact,unknown
URY_000434,1116077,URY,ESCUELA RURAL Nº 77 DE KIYÚ,,1,ESCUELAS COMUNES,public,Uruguay,San José,Libertad,,rural,,,-34.681809729712725,-56.74706231554772,official_emis,exact,unknown
URY_000435,1116082,URY,ESCUELA RURAL Nº 82 DE TALAS DE PE,,1,ESCUELAS COMUNES,public,Uruguay,San José,,,rural,,,-34.44723267731301,-56.80109103070308,official_emis,exact,unknown
URY_000436,1111059,URY,ESCUELA RURAL VOLANTE,,1,ESCUELAS COMUNES,public,Uruguay,Paysandú,,,rural,,,-32.12664213040868,-57.6409569604143,official_emis,exact,unknown
URY_000437,1109120,URY,ESCUELA TALLER,,1,ESCUELA ESPECIAL,public,Uruguay,Lavalleja,,,urban,,,-34.3750894329202,-55.23061090510938,official_emis,exact,unknown
URY_000438,1104111,URY,ESCUELANº111 PALLEROS,,1,ESCUELAS COMUNES,public,Uruguay,Cerro Largo,Ramón Trigo,,rural,,,-32.17879994014302,-54.37166717588644,official_emis,exact,unknown
URY_000439,1101201,URY,ESPAÑA,,1,ESCUELAS COMUNES,public,Uruguay,Montevideo,Municipality F,,urban,,,-34.85388450381081,-56.130873726087835,official_emis,exact,unknown
URY_000440,1102002,URY,ESPAÑA,,1,ESCUELAS COMUNES,public,Uruguay,Artigas,,,urban,,,-30.403087795664167,-56.46619794653455,official_emis,exact,unknown
URY_000441,1103198,URY,ESPAÑA,,1,ESCUELA ESPECIAL,public,Uruguay,Canelones,Pando,,urban,,,-34.7203984225514,-55.961378865130186,official_emis,exact,unknown
URY_000442,1104132,URY,ESPAÑA,,1,ESCUELAS COMUNES,public,Uruguay,Cerro Largo,,,urban,,,-32.36700548492318,-54.15756936887565,official_emis,exact,unknown
URY_000443,1110095,URY,ESPAÑA,,1,ESCUELAS COMUNES,public,Uruguay,Maldonado,Maldonado,,urban,,,-34.897492821279165,-54.938332974931136,official_emis,exact,unknown
URY_000444,1113113,URY,ESPAÑA,,1,ESCUELAS COMUNES,public,Uruguay,Rivera,,,urban,,,-30.904278258326578,-55.52473121169755,official_emis,exact,unknown
URY_000445,1115064,URY,ESPAÑA,,1,ESCUELAS COMUNES,public,Uruguay,Salto,,,urban,,,-31.373305290316946,-57.9649062084841,official_emis,exact,unknown
URY_000446,1117039,URY,ESPAÑA,,1,ESCUELAS COMUNES,public,Uruguay,Soriano,,,urban,,,-33.26738733752369,-58.02871045933164,official_emis,exact,unknown
URY_000447,1118127,URY,ESPAÑA,,1,ESCUELAS COMUNES,public,Uruguay,Tacuarembó,,,urban,,,-31.72419416808583,-55.97852268705558,official_emis,exact,unknown
URY_000448,1119009,URY,ESPAÑA,,1,ESCUELAS COMUNES,public,Uruguay,Treinta y Tres,Enrique Martínez,,urban,,,-33.20797434398291,-53.80712975649521,official_emis,exact,unknown
URY_000449,1108103,URY,ESPECIAL PARA DISCAPACITADO INTELEC,,1,ESCUELA ESPECIAL,public,Uruguay,Florida,,,urban,,,-34.096086903061355,-56.21651951733213,official_emis,exact,unknown
URY_000450,1118118,URY,ESPECIAL PARA DISCAPACITADO INTELEC,,1,ESCUELA ESPECIAL,public,Uruguay,Tacuarembó,,,urban,,,-31.708645623285133,-55.975727774405925,official_emis,exact,unknown
URY_000451,1110080,URY,ESPECIAL PARA DISCAPACITADOS INTELE,,1,ESCUELA ESPECIAL,public,Uruguay,Maldonado,San Carlos,,urban,,,-34.78525728249411,-54.921908927220116,official_emis,exact,unknown
URY_000452,1101198,URY,ESPECIAL PARA DISCAPACITADOS VISUAL,,1,ESCUELA ESPECIAL,public,Uruguay,Montevideo,Municipality C,,urban,,,-34.86276151508361,-56.21219634806322,official_emis,exact,unknown
URY_000453,1101140,URY,ESPERANZA VISCAY DE FULHER,,1,ESCUELAS COMUNES,public,Uruguay,Montevideo,Municipality F,,urban,,,-34.813916620677716,-56.09823059560934,official_emis,exact,unknown
URY_000454,1103091,URY,ESTACION PIEDRAS DE AFILAR,,1,ESCUELAS COMUNES,public,Uruguay,Canelones,Soca,,rural,,,-34.74316771240766,-55.517229795182985,official_emis,exact,unknown
URY_000455,1108062,URY,ESTACIÓN TALITA,,1,ESCUELAS COMUNES,public,Uruguay,Florida,,,rural,,,-33.92443404353596,-56.04153538482946,official_emis,exact,unknown
URY_000456,1101068,URY,ESTADO DE ISRAEL,,1,ESCUELAS COMUNES,public,Uruguay,Montevideo,Municipality C,,urban,,,-34.86483496257887,-56.182068677724466,official_emis,exact,unknown
URY_000457,1103217,URY,ESTADO DE ISRAEL,,1,ESCUELAS COMUNES,public,Uruguay,Canelones,Ciudad de la Costa,,urban,,,-34.845371589450465,-55.99831132923451,official_emis,exact,unknown
URY_000458,1111112,URY,ESTADO DE ISRAEL,,1,ESCUELAS COMUNES,public,Uruguay,Paysandú,,,urban,,,-32.32637519428437,-58.0702645765971,official_emis,exact,unknown
URY_000459,1101006,URY,ESTADOS UNIDOS DE AMERICA,,1,ESCUELAS COMUNES,public,Uruguay,Montevideo,Municipality B,,urban,,,-34.90232395134564,-56.185363819938374,official_emis,exact,unknown
URY_000460,1114091,URY,ESTERO DE PELOTAS,,1,ESCUELAS COMUNES,public,Uruguay,Rocha,,,rural,,,-33.42562742642519,-53.757917896097325,official_emis,exact,unknown
URY_000461,1115002,URY,ETELVINA MIGLIARO,,1,ESCUELAS COMUNES,public,Uruguay,Salto,,,urban,,,-31.388201354485208,-57.95276401214015,official_emis,exact,unknown
URY_000462,1103235,URY,EUDORO MELO,,1,ESCUELAS COMUNES,public,Uruguay,Canelones,Las Piedras,,urban,,,-34.72365146845771,-56.218127334057904,official_emis,exact,unknown
URY_000463,1103113,URY,EUGENIO M. MIGUES,,1,ESCUELAS COMUNES,public,Uruguay,Canelones,Migues,,urban,,,-34.48821157856918,-55.62898159243389,official_emis,exact,unknown
URY_000464,1103025,URY,EUSEBIO FRANCISCO PEREZ,,1,ESCUELAS COMUNES,public,Uruguay,Canelones,San Antonio,,rural,,,-34.41192380876019,-56.0615354671515,official_emis,exact,unknown
URY_000465,1101267,URY,EUSKADI,,1,ESCUELAS COMUNES,public,Uruguay,Montevideo,Municipality E,,urban,,,-34.881632493531605,-56.11364267394929,official_emis,exact,unknown
URY_000466,1115080,URY,EVARISTO ALVAREZ,,1,ESCUELAS COMUNES,public,Uruguay,Salto,,,rural,,,-31.560630542409708,-57.613979538643854,official_emis,exact,unknown
URY_000467,1113012,URY,EXTRAMUROS,,1,ESCUELAS COMUNES,public,Uruguay,Rivera,,,rural,,,-30.98309916128059,-55.5339492692815,official_emis,exact,unknown
URY_000468,1110041,URY,FARO DE JOSE IGNACIO,,1,ESCUELAS COMUNES,public,Uruguay,Maldonado,Aiguá,,rural,,,-34.80112266050042,-54.644274480129454,official_emis,exact,unknown
URY_000469,1101361,URY,FEDERACION DE RUSIA,,1,ESCUELAS COMUNES,public,Uruguay,Montevideo,Municipality F,,urban,,,-34.84242671410732,-56.15176421971969,official_emis,exact,unknown
URY_000470,1113100,URY,FEDERICO DIAZ,,1,ESCUELAS COMUNES,public,Uruguay,Rivera,,,rural,,,-31.639624943826355,-55.45078705460312,official_emis,exact,unknown
URY_000471,1114044,URY,FELICIA BANAT,,1,ESCUELAS COMUNES,public,Uruguay,Rocha,,,urban,,,-34.47280978570863,-54.3323551070936,official_emis,exact,unknown
URY_000472,1119045,URY,FELICIANA DE FLEITAS DE LACUESTA,,1,ESCUELAS COMUNES,public,Uruguay,Treinta y Tres,,,rural,,,-33.25689939609687,-55.1012231785926,official_emis,exact,unknown
URY_000473,1115012,URY,FELICIANO VIERA,,1,ESCUELAS COMUNES,public,Uruguay,Salto,,,urban,,,-31.36414159416505,-57.93405787506903,official_emis,exact,unknown
URY_000474,1103074,URY,FELIPE ANDRES CURBELO,,1,ESCUELAS COMUNES,public,Uruguay,Canelones,San Antonio,,rural,,,-34.425251533484186,-56.013328997376675,official_emis,exact,unknown
URY_000475,1107023,URY,FELIPE SANGUINETTI,,1,ESCUELAS COMUNES,public,Uruguay,Flores,,,rural,,,-33.318507246616434,-56.92652458644857,official_emis,exact,unknown
URY_000476,1106003,URY,FERNAN SILVA VALDES,,1,ESCUELAS COMUNES,public,Uruguay,Durazno,Sarandí del Yí,,urban,,,-33.343795231696696,-55.63084773034276,official_emis,exact,unknown
URY_000477,1112043,URY,FERNAN SILVA VALDES,,1,ESCUELAS COMUNES,public,Uruguay,Río Negro,Young,,urban,,,-32.69708982690089,-57.63270171292691,official_emis,exact,unknown
URY_000478,1117102,URY,FERNAN SILVA VALDES,,1,ESCUELAS COMUNES,public,Uruguay,Soriano,Dolores,,urban,,,-33.53241846820626,-58.209217389327804,official_emis,exact,unknown
URY_000479,1104089,URY,FERNANDO OTORGUES,,1,ESCUELAS COMUNES,public,Uruguay,Cerro Largo,Arévalo,,rural,,,-32.666294086303886,-55.12464042409588,official_emis,exact,unknown
URY_000480,1108012,URY,FERRER,,1,ESCUELAS COMUNES,public,Uruguay,Florida,,,rural,,,-33.48487192036829,-55.567499012705724,official_emis,exact,unknown
URY_000481,1109096,URY,FLORENCE NIGHTINGALE,,1,ESCUELAS COMUNES,public,Uruguay,Lavalleja,,,urban,,,-34.39564868814204,-55.293506997845434,official_emis,exact,unknown
URY_000482,1105093,URY,FLORENCIO SANCHEZ,,1,ESCUELAS COMUNES,public,Uruguay,Colonia,Florencio Sánchez,,urban,,,-33.87507417656335,-57.36947313079276,official_emis,exact,unknown
URY_000483,1207003,URY,FLORES Nº 2,,2|3,,public,Uruguay,Flores,,,,,,-33.52610512934414,-56.8994696208072,official_emis,exact,unknown
URY_000484,1208001,URY,FLORIDA DEPTAL.,,2|3,,public,Uruguay,Florida,,,,,,-34.09914904320953,-56.2215431385219,official_emis,exact,unknown
URY_000485,1208006,URY,FLORIDA Nº 2,,2,,public,Uruguay,Florida,,,,,,-34.09574597647526,-56.21821376499571,official_emis,exact,unknown
URY_000486,1208013,URY,FLORIDA Nº 3,,2,,public,Uruguay,Florida,,,,,,-34.101872016170994,-56.20595023769416,official_emis,exact,unknown
URY_000487,1204003,URY,FRAILE MUERTO,,2|3,,public,Uruguay,Cerro Largo,Fraile Muerto,,,,,-32.5113715918035,-54.51981667070253,official_emis,exact,unknown
URY_000488,1101003,URY,FRANCIA,,1,ESCUELAS COMUNES,public,Uruguay,Montevideo,Municipality CH,,urban,,,-34.916251019938514,-56.160835950219195,official_emis,exact,unknown
URY_000489,1116049,URY,FRANCIA,,1,ESCUELAS COMUNES,public,Uruguay,San José,Libertad,,urban,,,-34.6308290654672,-56.61796789046021,official_emis,exact,unknown
URY_000490,1117054,URY,FRANCISCA A. ARNAL DE ARTIGAS,,1,ESCUELAS COMUNES,public,Uruguay,Soriano,Cardona,,urban,,,-33.8688976916371,-57.35980225173805,official_emis,exact,unknown
URY_000491,1103016,URY,FRANCISCA A.PASCUAL DE ARTIGAS,,1,ESCUELAS COMUNES,public,Uruguay,Canelones,Sauce,,rural,,,-34.65719038364409,-56.03083138178184,official_emis,exact,unknown
URY_000492,1103010,URY,FRANCISCO DE ASSÍS MACHÍN,,1,ESCUELAS COMUNES,public,Uruguay,Canelones,Sauce,,rural,,,-34.58730197747348,-56.108580304824656,official_emis,exact,unknown
URY_000493,1103032,URY,FRANCISCO DELPIANO,,1,ESCUELAS COMUNES,public,Uruguay,Canelones,Progreso,,rural,,,-34.66491689681604,-56.27453770326428,official_emis,exact,unknown
URY_000494,1116053,URY,FRANCISCO ESPINOLA,,1,ESCUELAS COMUNES,public,Uruguay,San José,,,urban,,,-34.345807239596894,-56.71992584621546,official_emis,exact,unknown
URY_000495,1103012,URY,FRANCISCO JAVIER CABRERA,,1,ESCUELAS COMUNES,public,Uruguay,Canelones,Las Piedras,,urban,,,-34.69776047959794,-56.16884542159584,official_emis,exact,unknown
URY_000496,1110037,URY,FRANCISCO PIRIA,,1,ESCUELAS COMUNES,public,Uruguay,Maldonado,Piriápolis,,urban,,,-34.84537882401592,-55.266830191996576,official_emis,exact,unknown
URY_000497,1113140,URY,FRANCISCO SIÑERIZ,,1,ESCUELAS COMUNES,public,Uruguay,Rivera,,,urban,,,-30.8995621948152,-55.53606102198117,official_emis,exact,unknown
URY_000498,1103069,URY,FRANKLIN CAPPI,,1,ESCUELAS COMUNES,public,Uruguay,Canelones,San Jacinto,,rural,,,-34.510573238856054,-55.82436734148707,official_emis,exact,unknown
URY_000499,1212005,URY,FRAY BENTOS Nº 2,,2|3,,public,Uruguay,Río Negro,,,,,,-33.11606517662064,-58.30098004496188,official_emis,exact,unknown
URY_000500,1212011,URY,FRAY BENTOS Nº 3,,2,,public,Uruguay,Río Negro,,,,,,-33.130956617302886,-58.29051226836583,official_emis,exact,unknown
URY_000501,1208011,URY,FRAY MARCOS,,2|3,,public,Uruguay,Florida,Fray Marcos,,,,,-34.198714982901464,-55.742627447904724,official_emis,exact,unknown
URY_000502,1104004,URY,FRUCTUOSO MAZZIOTTA,,1,ESCUELAS COMUNES,public,Uruguay,Cerro Largo,Fraile Muerto,,urban,,,-32.510100150259376,-54.51844684096546,official_emis,exact,unknown
URY_000503,1109035,URY,FRUCTUOSO RIVERA,,1,ESCUELAS COMUNES,public,Uruguay,Lavalleja,,,urban,,,-34.357884010923165,-55.25058678553254,official_emis,exact,unknown
URY_000504,1112062,URY,FRUCTUOSO RIVERA,,1,ESCUELAS COMUNES,public,Uruguay,Río Negro,,,urban,,,-33.12551184986494,-58.31011251477521,official_emis,exact,unknown
URY_000505,1103023,URY,FUND. BIANCHI ARDOINO-DANERO,,1,ESCUELAS COMUNES,public,Uruguay,Canelones,Empalme Olmos,,rural,,,-34.65380902807299,-55.91624775335985,official_emis,exact,unknown
URY_000506,1103148,URY,FUNDACION TAPIE PIÑEYRO,,1,ESCUELAS COMUNES,public,Uruguay,Canelones,San Ramon,,urban,,,-34.294214073796546,-55.95798222829762,official_emis,exact,unknown
URY_000507,1103050,URY,GABINA ECILDA VAZQUEZ,,1,ESCUELAS COMUNES,public,Uruguay,Canelones,Santa Rosa,,rural,,,-34.53268815556963,-56.14478397027544,official_emis,exact,unknown
URY_000508,1113005,URY,GABRIELA MISTRAL,,1,ESCUELAS COMUNES,public,Uruguay,Rivera,,,urban,,,-30.88735510289438,-55.55206383921936,official_emis,exact,unknown
URY_000509,1109106,URY,GAETÀN,,1,ESCUELAS COMUNES,public,Uruguay,Lavalleja,,,rural,,,-34.18347728192829,-55.42912503570026,official_emis,exact,unknown
URY_000510,1101163,URY,GALICIA,,1,ESCUELAS COMUNES,public,Uruguay,Montevideo,Municipality C,,urban,,,-34.86608879999114,-56.20387168267902,official_emis,exact,unknown
URY_000511,1104015,URY,GARAO,,1,ESCUELAS COMUNES,public,Uruguay,Cerro Largo,Plácido Rosas,,rural,,,-32.728727449629595,-53.66971950034018,official_emis,exact,unknown
URY_000512,1104009,URY,GENERAL APARICIO SARAVIA,,1,ESCUELAS COMUNES,public,Uruguay,Cerro Largo,Tupambaé,,urban,,,-32.83475078410781,-54.762807624943754,official_emis,exact,unknown
URY_000513,1109063,URY,GENERAL ARTIGAS,,1,ESCUELAS COMUNES,public,Uruguay,Lavalleja,,,urban,,,-34.37579391438966,-55.267233621666676,official_emis,exact,unknown
URY_000514,1101251,URY,GENERAL FRUCTUOSO RIVERA,,1,ESCUELAS COMUNES,public,Uruguay,Montevideo,Municipality G,,urban,,,-34.824906957123005,-56.24351430072108,official_emis,exact,unknown
URY_000515,1104074,URY,GENERAL FRUCTUOSO RIVERA,,1,ESCUELAS COMUNES,public,Uruguay,Cerro Largo,Isidoro Noblía,,urban,,,-31.876252461769635,-54.161351058941285,official_emis,exact,unknown
URY_000516,1103109,URY,GENERAL JOSE ARTIGAS,,1,ESCUELAS COMUNES,public,Uruguay,Canelones,Sauce,,urban,,,-34.64896207657114,-56.06609579481025,official_emis,exact,unknown
URY_000517,1111094,URY,GENERAL LEANDRO GOMEZ,,1,ESCUELAS COMUNES,public,Uruguay,Paysandú,,,urban,,,-32.314309123479596,-58.085684765660346,official_emis,exact,unknown
URY_000518,1101209,URY,GERARDO CUESTA,,1,ESCUELA ESPECIAL,public,Uruguay,Montevideo,Municipality B,,urban,,,-34.898707816848365,-56.17730034203502,official_emis,exact,unknown
URY_000519,1117007,URY,GERVASIA GALARZA DE IRASTORZA,,1,ESCUELAS COMUNES,public,Uruguay,Soriano,,,urban,,,-33.25533780183002,-58.02757084802809,official_emis,exact,unknown
URY_000520,1102084,URY,GESTRUDIS GASTESI,,1,ESCUELA ESPECIAL,public,Uruguay,Artigas,Bella Unión,,urban,,,-30.258424025241663,-57.602592411335046,official_emis,exact,unknown
URY_000521,1101302,URY,GIBRAN KHALIL GIBRAN,,1,ESCUELAS COMUNES,public,Uruguay,Montevideo,Municipality G,,urban,,,-34.836700103192996,-56.194114883495445,official_emis,exact,unknown
URY_000522,1114043,URY,GRAL. FRUCTUOSO RIVERA,,1,ESCUELAS COMUNES,public,Uruguay,Rocha,,,urban,,,-34.481276810034025,-54.32668589544485,official_emis,exact,unknown
URY_000523,1119066,URY,GRAL. FRUCTUOSO RIVERA,,1,ESCUELAS COMUNES,public,Uruguay,Treinta y Tres,,,urban,,,-33.234086803262166,-54.37735393151489,official_emis,exact,unknown
URY_000524,1105114,URY,GRAL. JOSE DE SAN MARTIN,,1,ESCUELAS COMUNES,public,Uruguay,Colonia,Carmelo,,urban,,,-34.00742088745398,-58.283198137123826,official_emis,exact,unknown
URY_000525,1110007,URY,GRAL. JOSE DE SAN MARTIN,,1,ESCUELAS COMUNES,public,Uruguay,Maldonado,Maldonado,,urban,,,-34.89609239738438,-54.95308555960954,official_emis,exact,unknown
URY_000526,1115019,URY,GRAL. JUAN A. LAVALLEJA,,1,ESCUELAS COMUNES,public,Uruguay,Salto,Colonia Lavalleja,,rural,,,-31.075213325635662,-57.03383965194312,official_emis,exact,unknown
URY_000527,1103194,URY,GRAL. JUAN ANTONIO LAVALLEJA,,1,ESCUELAS COMUNES,public,Uruguay,Canelones,Pando,,urban,,,-34.714272195421884,-55.95570050157805,official_emis,exact,unknown
URY_000528,1110025,URY,GRAL. LEONARDO OLIVERA,,1,ESCUELAS COMUNES,public,Uruguay,Maldonado,San Carlos,,urban,,,-34.79488014773513,-54.92790786538979,official_emis,exact,unknown
URY_000529,1114070,URY,GRAL. LEONARDO OLIVERA,,1,ESCUELAS COMUNES,public,Uruguay,Rocha,,,rural,,,-33.99549332867311,-53.57282692123511,official_emis,exact,unknown
URY_000530,1101053,URY,GRAN BRETAÑA,,1,ESCUELAS COMUNES,public,Uruguay,Montevideo,Municipality D,,urban,,,-34.85366959206957,-56.17113094123521,official_emis,exact,unknown
URY_000531,1103003,URY,GRAN BRETAÑA,,1,ESCUELAS COMUNES,public,Uruguay,Canelones,Aguas Corrientes,,urban,,,-34.5241601281093,-56.390372645088576,official_emis,exact,unknown
URY_000532,1101039,URY,GRECIA,,1,ESCUELAS COMUNES,public,Uruguay,Montevideo,Municipality CH,,urban,,,-34.91962223530953,-56.15675102267271,official_emis,exact,unknown
URY_000533,1117099,URY,GRITO DE ASENCIO,,1,ESCUELAS COMUNES,public,Uruguay,Soriano,,,urban,,,-33.26530045237443,-58.030210556867324,official_emis,exact,unknown
URY_000534,1101019,URY,GRUPO ESCOLAR F. SANGUINETTI,,1,ESCUELAS COMUNES,public,Uruguay,Montevideo,Municipality D,,urban,,,-34.87779613035626,-56.14583151887543,official_emis,exact,unknown
URY_000535,1101020,URY,GRUPO ESCOLAR FELIPE SANGUINETTI,,1,ESCUELAS COMUNES,public,Uruguay,Montevideo,Municipality D,,urban,,,-34.87769525616039,-56.14559183791367,official_emis,exact,unknown
URY_000536,1101031,URY,GRUPO ESCOLAR JACOBO VARELA,,1,ESCUELAS COMUNES,public,Uruguay,Montevideo,Municipality B,,urban,,,-34.895951799963846,-56.18582073923652,official_emis,exact,unknown
URY_000537,1101060,URY,GRUPO ESCOLAR JOSE H. FIGUEIRA,,1,ESCUELAS COMUNES,public,Uruguay,Montevideo,Municipality E,,urban,,,-34.88791281551185,-56.12795480011723,official_emis,exact,unknown
URY_000538,1101137,URY,GRUPO ESCOLAR MARIA NOYA,,1,ESCUELAS COMUNES,public,Uruguay,Montevideo,Municipality D,,urban,,,-34.855292658292285,-56.15930046021477,official_emis,exact,unknown
URY_000539,1211002,URY,GUICHON,,2|3,,public,Uruguay,Paysandú,Guichón,,,,,-32.363891109775494,-57.199903328162634,official_emis,exact,unknown
URY_000540,1109004,URY,GUILLERMINA DIAGO DE PINTOS,,1,ESCUELAS COMUNES,public,Uruguay,Lavalleja,José Batlle y Ordóñez,,urban,,,-33.472849327112634,-55.14580733180465,official_emis,exact,unknown
URY_000541,1109008,URY,GUILLERMO CUADRI,,1,ESCUELAS COMUNES,public,Uruguay,Lavalleja,,,urban,,,-34.37206950569096,-55.24003727499325,official_emis,exact,unknown
URY_000542,1105126,URY,GUILLERMO TELL,,1,ESCUELAS COMUNES,public,Uruguay,Colonia,Nueva Helvecia,,urban,,,-34.27629465071587,-57.227088395086476,official_emis,exact,unknown
URY_000543,1103031,URY,GUYUNUSA,,1,ESCUELAS COMUNES,public,Uruguay,Canelones,Santa Lucía,,rural,,,-34.3873171024662,-56.244361559425876,official_emis,exact,unknown
URY_000544,1116068,URY,GUYUNUSA,,1,ESCUELAS COMUNES,public,Uruguay,San José,,,urban,,,-34.346199923331916,-56.71039989480184,official_emis,exact,unknown
URY_000545,1107040,URY,HAYDÉE BLANCA RODRÍGUEZ DE DE OLA,,1,ESCUELA ESPECIAL,public,Uruguay,Flores,,,urban,,,-33.51394590647953,-56.89851459459863,official_emis,exact,unknown
URY_000546,1111033,URY,HECTOR FERRARI 1550,,1,ESCUELAS COMUNES,public,Uruguay,Paysandú,,,urban,,,-32.3045678605227,-58.086609487023,official_emis,exact,unknown
URY_000547,1101353,URY,HENRY DUNANT,,1,ESCUELAS COMUNES,public,Uruguay,Montevideo,Municipality F,,urban,,,-34.803875134846535,-56.136045232475254,official_emis,exact,unknown
URY_000548,1105011,URY,HERNANDO ARIAS DE SAAVEDRA,,1,ESCUELAS COMUNES,public,Uruguay,Colonia,Carmelo,,urban,,,-34.00284823334711,-58.285836346167756,official_emis,exact,unknown
URY_000549,1109021,URY,HIGUERITAS,,1,ESCUELAS COMUNES,public,Uruguay,Lavalleja,,,rural,,,-34.340928254788196,-55.28663755755359,official_emis,exact,unknown
URY_000550,1109017,URY,HILDA PISANI DE AMEN,,1,ESCUELAS COMUNES,public,Uruguay,Lavalleja,,,urban,,,-34.37088941987217,-55.44728563575443,official_emis,exact,unknown
URY_000551,1103006,URY,HIPOLITO CABRERA,,1,ESCUELAS COMUNES,public,Uruguay,Canelones,San Bautista,,rural,,,-34.47236612568419,-55.913024100515905,official_emis,exact,unknown
URY_000552,1103197,URY,HOLANDA,,1,ESCUELAS COMUNES,public,Uruguay,Canelones,Las Piedras,,urban,,,-34.720057807254626,-56.228711126801805,official_emis,exact,unknown
URY_000553,1109016,URY,HOMERO GRILLO,,1,ESCUELAS COMUNES,public,Uruguay,Lavalleja,,,rural,,,-34.31172053831309,-55.47833647746407,official_emis,exact,unknown
URY_000554,1101038,URY,HORACIO DURA,,1,ESCUELAS COMUNES,public,Uruguay,Montevideo,Municipality F,,urban,,,-34.868615424153596,-56.131670593725524,official_emis,exact,unknown
URY_000555,1115078,URY,HORACIO QUIROGA,,1,ESCUELAS COMUNES,public,Uruguay,Salto,,,urban,,,-31.373493653008794,-57.95783123303369,official_emis,exact,unknown
URY_000556,1103011,URY,HUERTA ESCOLAR,,1,ESCUELAS COMUNES,public,Uruguay,Canelones,Santa Lucía,,rural,,,-34.45077194855397,-56.34511893531239,official_emis,exact,unknown
URY_000557,1101195,URY,HUMBERTO ZARRILLI,,1,ESCUELAS COMUNES,public,Uruguay,Montevideo,Municipality F,,urban,,,-34.84540158731722,-56.15293684859655,official_emis,exact,unknown
URY_000558,1117048,URY,IBIRAY,,1,ESCUELAS COMUNES,public,Uruguay,Soriano,José Enrique Rodó,,rural,,,-33.624613683616296,-57.57042027944649,official_emis,exact,unknown
URY_000559,1119016,URY,IGNACIO J. BONILLA,,1,ESCUELAS COMUNES,public,Uruguay,Treinta y Tres,,,urban,,,-33.2309941737199,-54.36116070855743,official_emis,exact,unknown
URY_000560,1109036,URY,INDALECIO BENGOCHEA RODRIGUEZ,,1,ESCUELAS COMUNES,public,Uruguay,Lavalleja,,,rural,,,-34.25970398669119,-54.95453756358116,official_emis,exact,unknown
URY_000561,1110017,URY,ING. AGRONOMO JORGE AZNAREZ,,1,ESCUELAS COMUNES,public,Uruguay,Maldonado,Solís Grande,,urban,,,-34.744511408435564,-55.40178848839582,official_emis,exact,unknown
URY_000562,1102025,URY,ING. EZEQUIEL DIMAS SILVA,,1,ESCUELAS COMUNES,public,Uruguay,Artigas,Bella Unión,,rural,,,-30.22152743234954,-57.60981784286775,official_emis,exact,unknown
URY_000563,1104135,URY,INSP.HENRY RUIZ SARTORIO,,1,ESCUELAS COMUNES,public,Uruguay,Cerro Largo,,,urban,,,-32.35299620741956,-54.1596756721567,official_emis,exact,unknown
URY_000564,1113059,URY,INSTRUCCIONES DEL AÑO XIII,,1,ESCUELAS COMUNES,public,Uruguay,Rivera,,,rural,,,-31.143459590086145,-55.39901238225632,official_emis,exact,unknown
URY_000565,1119067,URY,INT.DR.VALENTIN COSSIO,,1,ESCUELAS COMUNES,public,Uruguay,Treinta y Tres,,,rural,,,-32.90823579512063,-54.292935769281236,official_emis,exact,unknown
URY_000566,1111081,URY,INTERNADO,,1,ESCUELAS COMUNES,public,Uruguay,Paysandú,,,rural,,,-32.09140457405294,-56.92105893385543,official_emis,exact,unknown
URY_000567,1110015,URY,INTERNADO CONVIVIR,,1,ESCUELAS COMUNES,public,Uruguay,Maldonado,Garzon,,rural,,,-34.162970618462516,-54.650267899316184,official_emis,exact,unknown
URY_000568,1115038,URY,IRINEO LEGUISAMO,,1,ESCUELAS COMUNES,public,Uruguay,Salto,,,rural,,,-31.658678970896176,-56.61563816292662,official_emis,exact,unknown
URY_000569,1114099,URY,IRMA AYZAGUER DE BONINO,,1,ESCUELAS COMUNES,public,Uruguay,Rocha,,,rural,,,-33.55748421215926,-53.91546370215884,official_emis,exact,unknown
URY_000570,1114105,URY,ISAAC FERREIRA CORREA,,1,ESCUELAS COMUNES,public,Uruguay,Rocha,Castillos,,rural,,,-33.83249216652116,-53.94656076592578,official_emis,exact,unknown
URY_000571,1204006,URY,ISIDORO NOBLIA,,2|3,,public,Uruguay,Cerro Largo,Isidoro Noblía,,,,,-31.963908982921243,-54.12421648579084,official_emis,exact,unknown
URY_000572,1101317,URY,ISLAS BALEARES,,1,ESCUELAS COMUNES,public,Uruguay,Montevideo,Municipality E,,urban,,,-34.88138273020492,-56.11525390032129,official_emis,exact,unknown
URY_000573,1101122,URY,ISLAS CANARIAS,,1,ESCUELAS COMUNES,public,Uruguay,Montevideo,Municipality G,,urban,,,-34.84011325737726,-56.22252903363327,official_emis,exact,unknown
URY_000574,1103138,URY,ISLAS CANARIAS,,1,ESCUELAS COMUNES,public,Uruguay,Canelones,Tala,,rural,,,-34.343637431759674,-55.62187032855265,official_emis,exact,unknown
URY_000575,1110098,URY,ISLAS CANARIAS,,1,ESCUELAS COMUNES,public,Uruguay,Maldonado,San Carlos,,urban,,,-34.79872994052494,-54.924740318408006,official_emis,exact,unknown
URY_000576,1119048,URY,ISMENIA SANCHEZ DE MACHADO,,1,ESCUELAS COMUNES,public,Uruguay,Treinta y Tres,Cerro Chato,,urban,,,-33.1051939371099,-55.130863783396705,official_emis,exact,unknown
URY_000577,1101323,URY,ITALIA,,1,ESCUELAS COMUNES,public,Uruguay,Montevideo,Municipality C,,urban,,,-34.8552345777178,-56.19468897164373,official_emis,exact,unknown
URY_000578,1102068,URY,ITALIA,,1,ESCUELAS COMUNES,public,Uruguay,Artigas,,,urban,,,-30.39751052297489,-56.47273442690419,official_emis,exact,unknown
URY_000579,1103215,URY,ITALIA,,1,ESCUELA ESPECIAL,public,Uruguay,Canelones,La Paz,,urban,,,-34.75669170904536,-56.226600589215074,official_emis,exact,unknown
URY_000580,1108024,URY,ITALIA,,1,ESCUELAS COMUNES,public,Uruguay,Florida,,,urban,,,-34.2935016777301,-56.39184814118469,official_emis,exact,unknown
URY_000581,1111057,URY,ITALIA,,1,ESCUELAS COMUNES,public,Uruguay,Paysandú,,,urban,,,-32.299440787965295,-58.07646910557801,official_emis,exact,unknown
URY_000582,1112053,URY,ITALIA,,1,ESCUELAS COMUNES,public,Uruguay,Río Negro,,,urban,,,-33.12681038318099,-58.290258656372764,official_emis,exact,unknown
URY_000583,1115010,URY,ITALIA,,1,ESCUELAS COMUNES,public,Uruguay,Salto,,,urban,,,-31.407499613099617,-57.97079959930089,official_emis,exact,unknown
URY_000584,1118003,URY,J. AMERICO BEISSO,,1,ESCUELAS COMUNES,public,Uruguay,Tacuarembó,San Gregorio de Polanco,,urban,,,-32.61811468732385,-55.83346561845048,official_emis,exact,unknown
URY_000585,1209002,URY,J. BATLLE Y ORDOÑEZ,,2|3,,public,Uruguay,Lavalleja,José Batlle y Ordóñez,,,,,-33.47276060850808,-55.147713806746474,official_emis,exact,unknown
URY_000586,1103058,URY,J.J.DA SILVA XAVIER TIRADENTES,,1,ESCUELAS COMUNES,public,Uruguay,Canelones,Nicolich,,urban,,,-34.79393911561183,-55.99306394733193,official_emis,exact,unknown
URY_000587,1107004,URY,JAIME RIBOT Y MESTRE,,1,ESCUELAS COMUNES,public,Uruguay,Flores,,,urban,,,-33.525805538381306,-56.90860220502535,official_emis,exact,unknown
URY_000588,1101360,URY,JANUSZ KORCZAK,,1,ESCUELAS COMUNES,public,Uruguay,Montevideo,Municipality F,,urban,,,-34.81316655596651,-56.09679555468812,official_emis,exact,unknown
URY_000589,1101072,URY,JAPON,,1,ESCUELAS COMUNES,public,Uruguay,Montevideo,Municipality E,,urban,,,-34.893758048590165,-56.1244784616457,official_emis,exact,unknown
URY_000590,1103163,URY,JAPON,,1,ESCUELAS COMUNES,public,Uruguay,Canelones,La Paz,,urban,,,-34.75986405922724,-56.23344379379374,official_emis,exact,unknown
URY_000591,1113096,URY,JAPÓN,,1,ESCUELAS COMUNES,public,Uruguay,Rivera,,,urban,,,-30.91406979415402,-55.56506598935515,official_emis,exact,unknown
URY_000592,1116117,URY,JAPÓN,,1,ESCUELAS COMUNES,public,Uruguay,San José,Ciudad del Plata,,urban,,,-34.75091963549607,-56.42137835187748,official_emis,exact,unknown
URY_000593,1103172,URY,JAVIER DE VIANA,,1,ESCUELAS COMUNES,public,Uruguay,Canelones,La Paz,,urban,,,-34.740856545363705,-56.2251205091333,official_emis,exact,unknown
URY_000594,1202014,URY,JAVIER DE VIANA,,2|3,,public,Uruguay,Artigas,,,,,,-30.431783933435693,-56.783395461233575,official_emis,exact,unknown
URY_000595,1105056,URY,JESUALDO SOSA,,1,ESCUELAS COMUNES,public,Uruguay,Colonia,,,rural,,,-34.437446156102204,-57.70777350669108,official_emis,exact,unknown
URY_000596,1101013,URY,JOAQUIN MESTRE,,1,ESCUELAS COMUNES,public,Uruguay,Montevideo,Municipality E,,urban,,,-34.8875240538024,-56.14558859344771,official_emis,exact,unknown
URY_000597,1115005,URY,JOAQUIN SANT'ANNA,,1,ESCUELAS COMUNES,public,Uruguay,Salto,,,urban,,,-31.379836231785696,-57.96983142567189,official_emis,exact,unknown
URY_000598,1101024,URY,JOAQUIN SUAREZ,,1,ESCUELAS COMUNES,public,Uruguay,Montevideo,Municipality C,,urban,,,-34.87380903598919,-56.20133540896777,official_emis,exact,unknown
URY_000599,1103110,URY,JOAQUIN SUAREZ,,1,ESCUELAS COMUNES,public,Uruguay,Canelones,Canelones,,urban,,,-34.52015971670599,-56.281547647638064,official_emis,exact,unknown
URY_000600,1106024,URY,JOAQUIN SUAREZ,,1,ESCUELAS COMUNES,public,Uruguay,Durazno,,,rural,,,-32.91214791333538,-55.44721101851585,official_emis,exact,unknown
URY_000601,1203019,URY,JOAQUIN SUAREZ,,2|3,,public,Uruguay,Canelones,Suárez,,,,,-34.73439436460619,-56.03952123143634,official_emis,exact,unknown
URY_000602,1101192,URY,JOAQUIN TORRES GARCIA,,1,ESCUELAS COMUNES,public,Uruguay,Montevideo,Municipality F,,urban,,,-34.86970570082855,-56.11902233995014,official_emis,exact,unknown
URY_000603,1109013,URY,JOAQUIN TORRES GARCIA,,1,ESCUELAS COMUNES,public,Uruguay,Lavalleja,Mariscala,,urban,,,-34.04276764410851,-54.779584955260454,official_emis,exact,unknown
URY_000604,1111008,URY,JOHN F. KENNEDY,,1,ESCUELAS COMUNES,public,Uruguay,Paysandú,,,urban,,,-32.316730190645856,-58.08212311795445,official_emis,exact,unknown
URY_000605,1105001,URY,JOSE ARTIGAS,,1,ESCUELAS COMUNES,public,Uruguay,Colonia,,,urban,,,-34.47122412043613,-57.84594288880838,official_emis,exact,unknown
URY_000606,1110009,URY,JOSE ARTIGAS,,1,ESCUELAS COMUNES,public,Uruguay,Maldonado,Garzon,,urban,,,-34.20235705751634,-54.76829964165542,official_emis,exact,unknown
URY_000607,1112001,URY,JOSE ARTIGAS,,1,ESCUELAS COMUNES,public,Uruguay,Río Negro,,,urban,,,-33.11455178995097,-58.31198610548037,official_emis,exact,unknown
URY_000608,1118007,URY,JOSE ARTIGAS,,1,ESCUELAS COMUNES,public,Uruguay,Tacuarembó,,,urban,,,-31.710139835436763,-55.98773143770162,official_emis,exact,unknown
URY_000609,1119002,URY,JOSE ARTIGAS,,1,ESCUELAS COMUNES,public,Uruguay,Treinta y Tres,,,urban,,,-33.232832980102245,-54.38588843301924,official_emis,exact,unknown
URY_000610,1101070,URY,JOSE BATLLE Y ORDOÑEZ,,1,ESCUELAS COMUNES,public,Uruguay,Montevideo,Municipality C,,urban,,,-34.886614669886015,-56.191942582512276,official_emis,exact,unknown
URY_000611,1115008,URY,JOSE BATLLE Y ORDOÑEZ,,1,ESCUELAS COMUNES,public,Uruguay,Salto,,,urban,,,-31.385453956812096,-57.942408769967734,official_emis,exact,unknown
URY_000612,1101066,URY,JOSE BELLONI,,1,ESCUELAS COMUNES,public,Uruguay,Montevideo,Municipality D,,urban,,,-34.82242865824425,-56.14182188504699,official_emis,exact,unknown
URY_000613,1103107,URY,JOSE BELLONI,,1,ESCUELAS COMUNES,public,Uruguay,Canelones,La Paz,,urban,,,-34.763459198323034,-56.22445041714204,official_emis,exact,unknown
URY_000614,1108008,URY,JOSE CUNEO,,1,ESCUELAS COMUNES,public,Uruguay,Florida,,,urban,,,-34.09821708026206,-56.23108068918411,official_emis,exact,unknown
URY_000615,1101014,URY,JOSE DE SAN MARTIN,,1,ESCUELAS COMUNES,public,Uruguay,Montevideo,Municipality C,,urban,,,-34.86702893863215,-56.20147755635764,official_emis,exact,unknown
URY_000616,1103157,URY,JOSE ENRIQUE RODO,,1,ESCUELAS COMUNES,public,Uruguay,Canelones,Las Piedras,,urban,,,-34.73215526950098,-56.228063529399655,official_emis,exact,unknown
URY_000617,1104092,URY,JOSE ENRIQUE RODO,,1,ESCUELAS COMUNES,public,Uruguay,Cerro Largo,,,urban,,,-32.36456302931223,-54.170033078989746,official_emis,exact,unknown
URY_000618,1105040,URY,JOSE ENRIQUE RODO,,1,ESCUELAS COMUNES,public,Uruguay,Colonia,Nueva Helvecia,,urban,,,-34.28359264206318,-57.230823794673746,official_emis,exact,unknown
URY_000619,1106002,URY,JOSE ENRIQUE RODO,,1,ESCUELAS COMUNES,public,Uruguay,Durazno,,,urban,,,-33.37964080788764,-56.522663987860604,official_emis,exact,unknown
URY_000620,1108051,URY,JOSE ENRIQUE RODO,,1,ESCUELAS COMUNES,public,Uruguay,Florida,,,urban,,,-34.093877227234934,-56.21085962271299,official_emis,exact,unknown
URY_000621,1110008,URY,JOSE ENRIQUE RODO,,1,ESCUELAS COMUNES,public,Uruguay,Maldonado,San Carlos,,urban,,,-34.79382017673808,-54.92179238760147,official_emis,exact,unknown
URY_000622,1112005,URY,JOSE ENRIQUE RODO,,1,ESCUELAS COMUNES,public,Uruguay,Río Negro,,,urban,,,-33.12721980739996,-58.29946165385976,official_emis,exact,unknown
URY_000623,1115098,URY,JOSE ENRIQUE RODO,,1,ESCUELAS COMUNES,public,Uruguay,Salto,,,urban,,,-31.395381460538463,-57.978121524772945,official_emis,exact,unknown
URY_000624,1116055,URY,JOSE ENRIQUE RODO,,1,ESCUELAS COMUNES,public,Uruguay,San José,,,urban,,,-34.344607173354774,-56.71188405465363,official_emis,exact,unknown
URY_000625,1117041,URY,JOSE ENRIQUE RODO,,1,ESCUELAS COMUNES,public,Uruguay,Soriano,,,urban,,,-33.257341831043966,-58.01969304792167,official_emis,exact,unknown
URY_000626,1118064,URY,JOSE ENRIQUE RODO,,1,ESCUELAS COMUNES,public,Uruguay,Paysandú,Tambores,,urban,,,-31.88054875327035,-56.2390052190881,official_emis,exact,unknown
URY_000627,1217004,URY,JOSE ENRIQUE RODO,,2|3,,public,Uruguay,Soriano,José Enrique Rodó,,,,,-33.69581101818757,-57.53839047118096,official_emis,exact,unknown
URY_000628,1111002,URY,JOSE G. ARTIGAS,,1,ESCUELAS COMUNES,public,Uruguay,Paysandú,,,urban,,,-32.320271334761635,-58.07837271534167,official_emis,exact,unknown
URY_000629,1116050,URY,JOSE G. ARTIGAS,,1,ESCUELAS COMUNES,public,Uruguay,San José,,,urban,,,-34.33943566342927,-56.7064113764744,official_emis,exact,unknown
URY_000630,1101144,URY,JOSE GARIBALDI,,1,ESCUELAS COMUNES,public,Uruguay,Montevideo,Municipality F,,urban,,,-34.83514231230914,-56.1177611879364,official_emis,exact,unknown
URY_000631,1111005,URY,JOSE H. FIGUEIRA,,1,ESCUELAS COMUNES,public,Uruguay,Paysandú,Guichón,,urban,,,-32.35708747065155,-57.20090868400443,official_emis,exact,unknown
URY_000632,1114021,URY,JOSE H. FIGUEIRA,,1,ESCUELAS COMUNES,public,Uruguay,Rocha,Castillos,,rural,,,-34.46766650078301,-53.974757880490145,official_emis,exact,unknown
URY_000633,1114032,URY,JOSE H. FIGUEIRA,,1,ESCUELAS COMUNES,public,Uruguay,Rocha,,,urban,,,-34.472906551806744,-54.306369468976946,official_emis,exact,unknown
URY_000634,1114029,URY,JOSE IGNACIO URIARTE,,1,ESCUELAS COMUNES,public,Uruguay,Rocha,,,urban,,,-33.89511554380359,-53.52362339465545,official_emis,exact,unknown
URY_000635,1103073,URY,JOSE MALACRIDA,,1,ESCUELAS COMUNES,public,Uruguay,Canelones,Santa Lucía,,rural,,,-34.40488921931965,-56.34872987112899,official_emis,exact,unknown
URY_000636,1111017,URY,JOSE MARIA FIRPO,,1,ESCUELAS COMUNES,public,Uruguay,Paysandú,Guichón,,urban,,,-32.32900210815405,-57.04667618822416,official_emis,exact,unknown
URY_000637,1103178,URY,JOSE MARIA GARCIA,,1,ESCUELAS COMUNES,public,Uruguay,Canelones,Barros Blancos,,urban,,,-34.77765225346326,-56.014900590384435,official_emis,exact,unknown
URY_000638,1107047,URY,JOSE MARIA GUERRERO,,1,ESCUELAS COMUNES,public,Uruguay,Flores,,,urban,,,-33.521594360708725,-56.898290290679505,official_emis,exact,unknown
URY_000639,1101172,URY,JOSE MARTI,,1,ESCUELAS COMUNES,public,Uruguay,Montevideo,Municipality E,,urban,,,-34.88822381030234,-56.11484132631397,official_emis,exact,unknown
URY_000640,1110001,URY,JOSE PEDRO RAMIREZ,,1,ESCUELAS COMUNES,public,Uruguay,Maldonado,Maldonado,,urban,,,-34.90437525497084,-54.95615208652301,official_emis,exact,unknown
URY_000641,1114001,URY,JOSE PEDRO RAMIREZ,,1,ESCUELAS COMUNES,public,Uruguay,Rocha,,,urban,,,-34.4797518831993,-54.33776204876089,official_emis,exact,unknown
URY_000642,1101005,URY,JOSE PEDRO VARELA,,1,ESCUELAS COMUNES,public,Uruguay,Montevideo,Municipality B,,urban,,,-34.90368325060801,-56.17832338085011,official_emis,exact,unknown
URY_000643,1102043,URY,JOSE PEDRO VARELA,,1,ESCUELAS COMUNES,public,Uruguay,Artigas,,,urban,,,-30.39395480042715,-56.46820459245995,official_emis,exact,unknown
URY_000644,1103101,URY,JOSE PEDRO VARELA,,1,ESCUELAS COMUNES,public,Uruguay,Canelones,Canelones,,urban,,,-34.526769818883466,-56.28154536595545,official_emis,exact,unknown
URY_000645,1104002,URY,JOSE PEDRO VARELA,,1,ESCUELAS COMUNES,public,Uruguay,Cerro Largo,,,urban,,,-32.372286242087334,-54.16985598408085,official_emis,exact,unknown
URY_000646,1105002,URY,JOSE PEDRO VARELA,,1,ESCUELAS COMUNES,public,Uruguay,Colonia,,,urban,,,-34.46926508235556,-57.847556386521624,official_emis,exact,unknown
URY_000647,1106007,URY,JOSE PEDRO VARELA,,1,ESCUELAS COMUNES,public,Uruguay,Durazno,,,urban,,,-33.372021252403265,-56.52793011872709,official_emis,exact,unknown
URY_000648,1108002,URY,JOSE PEDRO VARELA,,1,ESCUELAS COMUNES,public,Uruguay,Florida,,,urban,,,-34.10125572008552,-56.21248234791262,official_emis,exact,unknown
URY_000649,1109002,URY,JOSE PEDRO VARELA,,1,ESCUELAS COMUNES,public,Uruguay,Lavalleja,,,urban,,,-34.374846392409275,-55.235009413574126,official_emis,exact,unknown
URY_000650,1110002,URY,JOSE PEDRO VARELA,,1,ESCUELAS COMUNES,public,Uruguay,Maldonado,Maldonado,,urban,,,-34.909524845842924,-54.96054440172308,official_emis,exact,unknown
URY_000651,1111001,URY,JOSE PEDRO VARELA,,1,ESCUELAS COMUNES,public,Uruguay,Paysandú,,,urban,,,-32.313412906372314,-58.09544675369062,official_emis,exact,unknown
URY_000652,1113002,URY,JOSE PEDRO VARELA,,1,ESCUELAS COMUNES,public,Uruguay,Rivera,,,urban,,,-30.899197720943967,-55.54373544825194,official_emis,exact,unknown
URY_000653,1114002,URY,JOSE PEDRO VARELA,,1,ESCUELAS COMUNES,public,Uruguay,Rocha,,,urban,,,-34.47877657721567,-54.336029543723605,official_emis,exact,unknown
URY_000654,1115003,URY,JOSE PEDRO VARELA,,1,ESCUELAS COMUNES,public,Uruguay,Salto,,,urban,,,-31.38664900891245,-57.96129859973456,official_emis,exact,unknown
URY_000655,1116045,URY,JOSE PEDRO VARELA,,1,ESCUELAS COMUNES,public,Uruguay,San José,,,urban,,,-34.34035527624194,-56.71392081177768,official_emis,exact,unknown
URY_000656,1117001,URY,JOSE PEDRO VARELA,,1,ESCUELAS COMUNES,public,Uruguay,Soriano,,,urban,,,-33.25164620360805,-58.03007176046793,official_emis,exact,unknown
URY_000657,1118008,URY,JOSE PEDRO VARELA,,1,ESCUELAS COMUNES,public,Uruguay,Tacuarembó,,,urban,,,-31.719561127940075,-55.986943032214896,official_emis,exact,unknown
URY_000658,1119025,URY,JOSE PEDRO VARELA,,1,ESCUELAS COMUNES,public,Uruguay,Treinta y Tres,,,urban,,,-33.22839920177709,-54.38256599399861,official_emis,exact,unknown
URY_000659,1209003,URY,JOSE PEDRO VARELA  AMALIA SOBERA DE DELPINO,,2|3,,public,Uruguay,Lavalleja,José Pedro Varela,,,,,-33.45138957708345,-54.537111262319804,official_emis,exact,unknown
URY_000660,1103027,URY,JOSE PERCOVICH,,1,ESCUELAS COMUNES,public,Uruguay,Canelones,Santa Rosa,,rural,,,-34.50842558757608,-56.10141434966217,official_emis,exact,unknown
URY_000661,1101224,URY,JOSE ROGER BALET,,1,ESCUELAS COMUNES,public,Uruguay,Montevideo,Municipality G,,urban,,,-34.77263213759883,-56.22055065952413,official_emis,exact,unknown
URY_000662,1108033,URY,JOSE VICTOR MENDIZABAL,,1,ESCUELAS COMUNES,public,Uruguay,Florida,,,urban,,,-34.0965098800846,-56.237882305453525,official_emis,exact,unknown
URY_000663,1117025,URY,JOSEFA GANDOLFO DE PENSE,,1,ESCUELAS COMUNES,public,Uruguay,Soriano,,,rural,,,-33.268210390121226,-57.97354384640185,official_emis,exact,unknown
URY_000664,1119019,URY,JOSEFINA MARGARITA IPAR DE MELAZZI,,1,ESCUELAS COMUNES,public,Uruguay,Treinta y Tres,,,urban,,,-32.918381794077156,-54.93136850506859,official_emis,exact,unknown
URY_000665,1106065,URY,JOSÉ BATLLE Y ORDÓÑEZ,,1,ESCUELAS COMUNES,public,Uruguay,Durazno,,,urban,,,-33.3928320763248,-56.52148437770989,official_emis,exact,unknown
URY_000666,1107002,URY,JOSÉ ENRIQUE RODÓ,,1,ESCUELAS COMUNES,public,Uruguay,Flores,,,urban,,,-33.515441127165836,-56.89605777609267,official_emis,exact,unknown
URY_000667,1101193,URY,JOSÉ LUIS ZORRILLA DE SAN MARTÍN,,1,ESCUELAS COMUNES,public,Uruguay,Montevideo,Municipality CH,,urban,,,-34.90775204696212,-56.14848775672575,official_emis,exact,unknown
URY_000668,1107003,URY,JOSÉ PEDRO VARELA,,1,ESCUELAS COMUNES,public,Uruguay,Flores,,,urban,,,-33.5156867100484,-56.898534097876095,official_emis,exact,unknown
URY_000669,1104075,URY,JUAN A. LAVALLEJA,,1,ESCUELAS COMUNES,public,Uruguay,Cerro Largo,,,urban,,,-32.361464956485804,-54.15777473738128,official_emis,exact,unknown
URY_000670,1112027,URY,JUAN A. LAVALLEJA,,1,ESCUELAS COMUNES,public,Uruguay,Río Negro,,,urban,,,-33.115350932238435,-58.314891752501175,official_emis,exact,unknown
URY_000671,1114004,URY,JUAN A. LAVALLEJA,,1,ESCUELAS COMUNES,public,Uruguay,Rocha,,,urban,,,-34.489410084499085,-54.33585453905586,official_emis,exact,unknown
URY_000672,1103146,URY,JUAN ANTONIO LAVALLEJA,,1,ESCUELAS COMUNES,public,Uruguay,Canelones,Atlántida,,urban,,,-34.7739119032802,-55.75695684077892,official_emis,exact,unknown
URY_000673,1105090,URY,JUAN ANTONIO LAVALLEJA,,1,ESCUELAS COMUNES,public,Uruguay,Colonia,,,urban,,,-34.46405723969952,-57.83774830889732,official_emis,exact,unknown
URY_000674,1108038,URY,JUAN ANTONIO LAVALLEJA,,1,ESCUELAS COMUNES,public,Uruguay,Florida,Sarandí Grande,,urban,,,-33.72268463604411,-56.32832628566978,official_emis,exact,unknown
URY_000675,1109011,URY,JUAN ANTONIO LAVALLEJA,,1,ESCUELAS COMUNES,public,Uruguay,Lavalleja,,,urban,,,-34.357884010923165,-55.25058678553254,official_emis,exact,unknown
URY_000676,1110027,URY,JUAN ANTONIO LAVALLEJA,,1,ESCUELAS COMUNES,public,Uruguay,Maldonado,Maldonado,,urban,,,-34.90366130339403,-54.966795903305076,official_emis,exact,unknown
URY_000677,1117010,URY,JUAN ANTONIO LAVALLEJA,,1,ESCUELAS COMUNES,public,Uruguay,Soriano,,,urban,,,-33.25025054914989,-58.035218694188806,official_emis,exact,unknown
URY_000678,1101176,URY,JUAN BALBIN GONZALEZ VALLEJO,,1,ESCUELAS COMUNES,public,Uruguay,Montevideo,Municipality E,,urban,,,-34.88557981736483,-56.10105957562203,official_emis,exact,unknown
URY_000679,1101258,URY,JUAN BAUTISTA CROSA DEPINEROLO,,1,ESCUELAS COMUNES,public,Uruguay,Montevideo,Municipality G,,urban,,,-34.82181557150407,-56.20143303506923,official_emis,exact,unknown
URY_000680,1108047,URY,JUAN BONINO GALLO,,1,ESCUELAS COMUNES,public,Uruguay,Florida,,,urban,,,-34.41411118588321,-56.39729858907994,official_emis,exact,unknown
URY_000681,1103064,URY,JUAN CAFASSO,,1,ESCUELAS COMUNES,public,Uruguay,Canelones,Santa Rosa,,rural,,,-34.47476555454976,-56.14978549271805,official_emis,exact,unknown
URY_000682,1111085,URY,JUAN CARLOS HENDERSON,,1,ESCUELAS COMUNES,public,Uruguay,Paysandú,,,rural,,,-31.95445125325125,-57.19160423268749,official_emis,exact,unknown
URY_000683,1110003,URY,JUAN DE DIOS CURBELO,,1,ESCUELAS COMUNES,public,Uruguay,Maldonado,San Carlos,,urban,,,-34.791179176117275,-54.91392460503615,official_emis,exact,unknown
URY_000684,1108004,URY,JUAN GUGLIELMETTI,,1,ESCUELAS COMUNES,public,Uruguay,Florida,,,urban,,,-34.09605318629266,-56.222568807516424,official_emis,exact,unknown
URY_000685,1117042,URY,JUAN JACKSON,,1,ESCUELAS COMUNES,public,Uruguay,Colonia,,,rural,,,-33.916422045013306,-57.22564247976276,official_emis,exact,unknown
URY_000686,1106034,URY,JUAN JORGE LLADO WILKINS,,1,ESCUELAS COMUNES,public,Uruguay,Durazno,,,rural,,,-32.845218032224714,-55.895897741682056,official_emis,exact,unknown
URY_000687,1101167,URY,JUAN JOSE MOROSOLI,,1,ESCUELAS COMUNES,public,Uruguay,Montevideo,Municipality E,,urban,,,-34.88265107480849,-56.13487143947311,official_emis,exact,unknown
URY_000688,1109007,URY,JUAN JOSE MOROSOLI,,1,ESCUELAS COMUNES,public,Uruguay,Lavalleja,,,urban,,,-34.37109496798329,-55.24626687631512,official_emis,exact,unknown
URY_000689,1110096,URY,JUAN JOSE MUÑOZ,,1,ESCUELAS COMUNES,public,Uruguay,Maldonado,Maldonado,,urban,,,-34.87921860582395,-54.97914807832965,official_emis,exact,unknown
URY_000690,1107025,URY,JUAN JOSÉ CASTRO,,1,ESCUELAS COMUNES,public,Uruguay,Flores,,,rural,,,-33.4921109460295,-56.743503131884964,official_emis,exact,unknown
URY_000691,1205004,URY,JUAN LACAZE,,2|3,,public,Uruguay,Colonia,Juan L. Lacaze,,,,,-34.424468991439596,-57.445855369814424,official_emis,exact,unknown
URY_000692,1205022,URY,JUAN LACAZE Nº 2,,3,,public,Uruguay,Colonia,Juan L. Lacaze,,,,,-34.42510183903753,-57.44542340886152,official_emis,exact,unknown
URY_000693,1101050,URY,JUAN MANUEL BLANES,,1,ESCUELAS COMUNES,public,Uruguay,Montevideo,Municipality G,,urban,,,-34.80371650519673,-56.22496996787866,official_emis,exact,unknown
URY_000694,1105004,URY,JUAN MANUEL BLANES,,1,ESCUELAS COMUNES,public,Uruguay,Colonia,Rosario,,urban,,,-34.31114491463428,-57.351798796848335,official_emis,exact,unknown
URY_000695,1111034,URY,JUAN MANUEL BLANES,,1,ESCUELAS COMUNES,public,Uruguay,Paysandú,,,rural,,,-31.89000075273563,-57.3703146366713,official_emis,exact,unknown
URY_000696,1117097,URY,JUAN MANUEL BLANES,,1,ESCUELAS COMUNES,public,Uruguay,Soriano,Dolores,,urban,,,-33.527697743784,-58.227942582807586,official_emis,exact,unknown
URY_000697,1101057,URY,JUAN MANUEL DE VEDIA,,1,ESCUELAS COMUNES,public,Uruguay,Montevideo,Municipality A,,urban,,,-34.86204486533604,-56.22982755733808,official_emis,exact,unknown
URY_000698,1101136,URY,JUAN MONTALVO,,1,ESCUELAS COMUNES,public,Uruguay,Montevideo,Municipality C,,urban,,,-34.855111441508896,-56.184330867930406,official_emis,exact,unknown
URY_000699,1103118,URY,JUAN OMAR CALANDRIA,,1,ESCUELAS COMUNES,public,Uruguay,Canelones,Aguas Corrientes,,rural,,,-34.49286281063812,-56.337459952037385,official_emis,exact,unknown
URY_000700,1101127,URY,JUAN RAMON JIMENEZ,,1,ESCUELAS COMUNES,public,Uruguay,Montevideo,Municipality G,,urban,,,-34.80936747702967,-56.216061289755345,official_emis,exact,unknown
URY_000701,1104029,URY,JUAN ROSAS,,1,ESCUELAS COMUNES,public,Uruguay,Cerro Largo,Plácido Rosas,,urban,,,-32.75667630782651,-53.71834961844107,official_emis,exact,unknown
URY_000702,1117008,URY,JUAN TORREGLOSA,,1,ESCUELAS COMUNES,public,Uruguay,Soriano,,,rural,,,-33.788882680312206,-57.55398677247878,official_emis,exact,unknown
URY_000703,1105007,URY,JUAN ZORRILLA DE SAN MARTIN,,1,ESCUELAS COMUNES,public,Uruguay,Colonia,Nueva Palmira,,urban,,,-33.872762497290545,-58.40705619874905,official_emis,exact,unknown
URY_000704,1106006,URY,JUAN ZORRILLA DE SAN MARTIN,,1,ESCUELAS COMUNES,public,Uruguay,Durazno,,,urban,,,-33.374117497839784,-56.52416694827438,official_emis,exact,unknown
URY_000705,1107018,URY,JUAN ZORRILLA DE SAN MARTIN,,1,ESCUELAS COMUNES,public,Uruguay,Flores,,,urban,,,-33.506178075327675,-56.896187284656,official_emis,exact,unknown
URY_000706,1108076,URY,JUAN ZORRILLA DE SAN MARTIN,,1,ESCUELAS COMUNES,public,Uruguay,Florida,,,urban,,,-34.10377891861586,-56.21640525736281,official_emis,exact,unknown
URY_000707,1109012,URY,JUAN ZORRILLA DE SAN MARTIN,,1,ESCUELAS COMUNES,public,Uruguay,Lavalleja,,,urban,,,-34.36531456501565,-55.22123692682371,official_emis,exact,unknown
URY_000708,1110021,URY,JUAN ZORRILLA DE SAN MARTIN,,1,ESCUELAS COMUNES,public,Uruguay,Maldonado,Punta del Este,,urban,,,-34.939782486188236,-54.93078244812018,official_emis,exact,unknown
URY_000709,1111026,URY,JUAN ZORRILLA DE SAN MARTIN,,1,ESCUELAS COMUNES,public,Uruguay,Paysandú,,,urban,,,-32.32797931379504,-58.078920927819865,official_emis,exact,unknown
URY_000710,1112032,URY,JUAN ZORRILLA DE SAN MARTIN,,1,ESCUELAS COMUNES,public,Uruguay,Río Negro,San Javier,,urban,,,-32.66562129402863,-58.13431718591767,official_emis,exact,unknown
URY_000711,1115004,URY,JUAN ZORRILLA DE SAN MARTIN,,1,ESCUELAS COMUNES,public,Uruguay,Salto,,,urban,,,-31.388121922747857,-57.96938020381274,official_emis,exact,unknown
URY_000712,1116052,URY,JUAN ZORRILLA DE SAN MARTIN,,1,ESCUELAS COMUNES,public,Uruguay,San José,,,urban,,,-34.33385064252016,-56.70531109288807,official_emis,exact,unknown
URY_000713,1117024,URY,JUAN ZORRILLA DE SAN MARTIN,,1,ESCUELAS COMUNES,public,Uruguay,Soriano,,,urban,,,-33.250848519956,-58.02180748340717,official_emis,exact,unknown
URY_000714,1119085,URY,JUAN ZORRILLA DE SAN MARTIN,,1,ESCUELAS COMUNES,public,Uruguay,Treinta y Tres,,,urban,,,-33.24843350099799,-54.380863295946966,official_emis,exact,unknown
URY_000715,1103102,URY,JUAN ZORRILLA DE SAN MARTÍN,,1,ESCUELAS COMUNES,public,Uruguay,Canelones,Canelones,,urban,,,-34.526769818883466,-56.28154536595545,official_emis,exact,unknown
URY_000716,1104013,URY,JUAN ZORRILLA DE SAN MARTÍN,,1,ESCUELAS COMUNES,public,Uruguay,Cerro Largo,,,urban,,,-32.38035968175669,-54.16520514624382,official_emis,exact,unknown
URY_000717,1119039,URY,JUANA BERNARDA IPUCHE MARIÑO,,1,ESCUELAS COMUNES,public,Uruguay,Treinta y Tres,,,rural,,,-33.197807432490414,-54.38344497386207,official_emis,exact,unknown
URY_000718,1103226,URY,JUANA DE IBARBOUROU,,1,ESCUELAS COMUNES,public,Uruguay,Canelones,Las Piedras,,urban,,,-34.72908201911066,-56.21843663900489,official_emis,exact,unknown
URY_000719,1104003,URY,JUANA DE IBARBOUROU,,1,ESCUELAS COMUNES,public,Uruguay,Cerro Largo,,,urban,,,-32.36456302931223,-54.170033078989746,official_emis,exact,unknown
URY_000720,1105032,URY,JUANA DE IBARBOUROU,,1,ESCUELAS COMUNES,public,Uruguay,Colonia,Ombúes de Lavalle,,urban,,,-33.939554826889875,-57.80807792774683,official_emis,exact,unknown
URY_000721,1106009,URY,JUANA DE IBARBOUROU,,1,ESCUELAS COMUNES,public,Uruguay,Durazno,,,urban,,,-33.378109335108334,-56.532638317570985,official_emis,exact,unknown
URY_000722,1107019,URY,JUANA DE IBARBOUROU,,1,ESCUELAS COMUNES,public,Uruguay,Flores,,,urban,,,-33.51356405722051,-56.906116987913485,official_emis,exact,unknown
URY_000723,1110082,URY,JUANA DE IBARBOUROU,,1,ESCUELAS COMUNES,public,Uruguay,Maldonado,Maldonado,,urban,,,-34.91437318656279,-54.9502456970132,official_emis,exact,unknown
URY_000724,1111042,URY,JUANA DE IBARBOUROU,,1,ESCUELAS COMUNES,public,Uruguay,Paysandú,,,urban,,,-32.316681257697766,-58.06881206497312,official_emis,exact,unknown
URY_000725,1112066,URY,JUANA DE IBARBOUROU,,1,ESCUELAS COMUNES,public,Uruguay,Río Negro,,,urban,,,-33.12156366260655,-58.30042873880259,official_emis,exact,unknown
URY_000726,1113115,URY,JUANA DE IBARBOUROU,,1,ESCUELAS COMUNES,public,Uruguay,Rivera,,,urban,,,-30.897775747255196,-55.556928867937565,official_emis,exact,unknown
URY_000727,1114045,URY,JUANA DE IBARBOUROU,,1,ESCUELAS COMUNES,public,Uruguay,Rocha,,,urban,,,-34.46884820414212,-54.343333151276006,official_emis,exact,unknown
URY_000728,1115047,URY,JUANA DE IBARBOUROU,,1,ESCUELAS COMUNES,public,Uruguay,Salto,,,rural,,,-31.33991491529896,-56.612114818586825,official_emis,exact,unknown
URY_000729,1116089,URY,JUANA DE IBARBOUROU,,1,ESCUELAS COMUNES,public,Uruguay,San José,Ciudad del Plata,,urban,,,-34.75746193037339,-56.40362108548384,official_emis,exact,unknown
URY_000730,1117111,URY,JUANA DE IBARBOUROU,,1,ESCUELAS COMUNES,public,Uruguay,Soriano,,,urban,,,-33.25553773354476,-58.04255949200952,official_emis,exact,unknown
URY_000731,1119047,URY,JUANA DE IBARBOUROU,,1,ESCUELAS COMUNES,public,Uruguay,Treinta y Tres,Santa Clara de Olimar,,urban,,,-32.923075938986216,-54.95026017920674,official_emis,exact,unknown
URY_000732,1119065,URY,JUANA ELIZALDE DE URAN,,1,ESCUELAS COMUNES,public,Uruguay,Treinta y Tres,,,urban,,,-33.231683667812334,-54.39599670055994,official_emis,exact,unknown
URY_000733,1203056,URY,JUANICO,,2|3,,public,Uruguay,Canelones,Canelones,,,,,-34.593284405971396,-56.26173730367591,official_emis,exact,unknown
URY_000734,1108055,URY,JULIA VIGNOLY DE GARCIA,,1,ESCUELAS COMUNES,public,Uruguay,Florida,,,rural,,,-34.274520860074844,-56.24334079698566,official_emis,exact,unknown
URY_000735,1106085,URY,JULIO MARTÍNEZ OYANGUREN,,1,ESCUELAS COMUNES,public,Uruguay,Durazno,,,urban,,,-33.39228068455876,-56.521175576411665,official_emis,exact,unknown
URY_000736,1110006,URY,JULIÁN R. GOICOECHEA,,1,ESCUELAS COMUNES,public,Uruguay,Maldonado,Pan de Azúcar,,urban,,,-34.776085810473944,-55.22347926293331,official_emis,exact,unknown
URY_000737,1108018,URY,JUNCAL FLORIDA,,1,ESCUELAS COMUNES,public,Uruguay,Florida,,,rural,,,-34.12957816832939,-56.16671536032886,official_emis,exact,unknown
URY_000738,1108029,URY,JUSTINA SANTIN,,1,ESCUELAS COMUNES,public,Uruguay,Florida,,,rural,,,-33.6211063979351,-56.36504763295463,official_emis,exact,unknown
URY_000739,1101061,URY,KONRAD ADENAUER,,1,ESCUELAS COMUNES,public,Uruguay,Montevideo,Municipality B,,urban,,,-34.894471281017275,-56.172220662061605,official_emis,exact,unknown
URY_000740,1210017,URY,LA BARRA,,2,,public,Uruguay,Maldonado,San Carlos,,,,,-34.912717110187906,-54.8609902904763,official_emis,exact,unknown
URY_000741,1107043,URY,LA CANTERA,,1,ESCUELAS COMUNES,public,Uruguay,Flores,,,rural,,,-33.922020717604475,-56.88306017608595,official_emis,exact,unknown
URY_000742,1107032,URY,LA CASILLA,,1,ESCUELAS COMUNES,public,Uruguay,Flores,,,rural,,,-33.66871565995398,-56.94862185418752,official_emis,exact,unknown
URY_000743,1114051,URY,LA CENTINELA,,1,ESCUELAS COMUNES,public,Uruguay,Rocha,,,rural,,,-34.21079941511917,-54.41253461493163,official_emis,exact,unknown
URY_000744,1219005,URY,LA CHARQUEADA,,2|3,,public,Uruguay,Treinta y Tres,Enrique Martínez,,,,,-33.2078960909048,-53.806188946112215,official_emis,exact,unknown
URY_000745,1214008,URY,LA CORONILLA,,2|3,,public,Uruguay,Rocha,,,,,,-33.895701781945846,-53.52076792294262,official_emis,exact,unknown
URY_000746,1106020,URY,LA ECONOMÍA,,1,ESCUELAS COMUNES,public,Uruguay,Durazno,,,rural,,,-33.42169218383682,-56.52075604190291,official_emis,exact,unknown
URY_000747,1104055,URY,LA ESPERANZA,,1,ESCUELAS COMUNES,public,Uruguay,Treinta y Tres,Santa Clara de Olimar,,rural,,,-32.91750972429847,-54.97391114638635,official_emis,exact,unknown
URY_000748,1203038,URY,LA FLORESTA,,2|3,,public,Uruguay,Canelones,La Floresta,,,,,-34.753613962614914,-55.677311318948945,official_emis,exact,unknown
URY_000749,1107039,URY,LA GUARDIA,,1,ESCUELAS COMUNES,public,Uruguay,Flores,,,rural,,,-33.7513074392768,-57.002461775514035,official_emis,exact,unknown
URY_000750,1117057,URY,LA LOMA,,1,ESCUELAS COMUNES,public,Uruguay,Soriano,,,rural,,,-33.4200029982993,-58.299676806099136,official_emis,exact,unknown
URY_000751,1107036,URY,LA LUCILA,,1,ESCUELAS COMUNES,public,Uruguay,Flores,,,rural,,,-33.5882751166162,-56.56766434807211,official_emis,exact,unknown
URY_000752,1108027,URY,LA MACANA,,1,ESCUELAS COMUNES,public,Uruguay,Florida,,,rural,,,-34.036155800152386,-56.186869050831795,official_emis,exact,unknown
URY_000753,1108063,URY,LA PALMA,,1,ESCUELAS COMUNES,public,Uruguay,Florida,,,rural,,,-33.365979048240014,-55.50553233049754,official_emis,exact,unknown
URY_000754,1206008,URY,LA PALOMA (DURAZNO),,2|3,,public,Uruguay,Durazno,,,,,,-32.7288808255463,-55.57355906168831,official_emis,exact,unknown
URY_000755,1214006,URY,LA PALOMA (ROCHA),,2|3,,public,Uruguay,Rocha,La Paloma,,,,,-34.65796594805684,-54.15451722496186,official_emis,exact,unknown
URY_000756,1114058,URY,LA PANTANOSAL,,1,ESCUELAS COMUNES,public,Uruguay,Rocha,,,rural,,,-34.40453186751856,-54.367687345312035,official_emis,exact,unknown
URY_000757,1203012,URY,LA PAZ N° 1  JAVIER DE VIANA,,2|3,,public,Uruguay,Canelones,La Paz,,,,,-34.76412688243679,-56.234486169957606,official_emis,exact,unknown
URY_000758,1203034,URY,LA PAZ Nº 2,,2|3,,public,Uruguay,Canelones,La Paz,,,,,-34.754409258710176,-56.223606348113975,official_emis,exact,unknown
URY_000759,1118059,URY,LA ROSADA,,1,ESCUELAS COMUNES,public,Uruguay,Tacuarembó,,,rural,,,-32.014103677315134,-55.64354595392971,official_emis,exact,unknown
URY_000760,1117074,URY,LA TABLA,,1,ESCUELAS COMUNES,public,Uruguay,Soriano,,,rural,,,-33.24000886081024,-57.785728149251774,official_emis,exact,unknown
URY_000761,1119022,URY,LA TAHONA,,1,ESCUELAS COMUNES,public,Uruguay,Treinta y Tres,,,rural,,,-33.20237191241576,-54.84626993776563,official_emis,exact,unknown
URY_000762,1118029,URY,LAS CHIRCAS,,1,ESCUELAS COMUNES,public,Uruguay,Tacuarembó,,,rural,,,-32.36926816305949,-55.06421004693595,official_emis,exact,unknown
URY_000763,1112039,URY,LAS FRACCIONES,,1,ESCUELAS COMUNES,public,Uruguay,Río Negro,,,rural,,,-33.160827670085915,-58.33421776043194,official_emis,exact,unknown
URY_000764,1106096,URY,LAS HIGUERAS,,1,ESCUELAS COMUNES,public,Uruguay,Durazno,,,urban,,,-33.39595415441832,-56.538489215019915,official_emis,exact,unknown
URY_000765,1112019,URY,LAS MARGARITAS,,1,ESCUELAS COMUNES,public,Uruguay,Río Negro,,,rural,,,-33.21423988619492,-58.27476979931856,official_emis,exact,unknown
URY_000766,1102009,URY,LAS PIEDRAS .CATALÁN GRANDE,,1,ESCUELAS COMUNES,public,Uruguay,Artigas,,,rural,,,-30.87886504415841,-56.218112651902736,official_emis,exact,unknown
URY_000767,1203003,URY,LAS PIEDRAS N° 1  MANUEL ROSE,,3,,public,Uruguay,Canelones,Las Piedras,,,,,-34.72592350970075,-56.21666423052303,official_emis,exact,unknown
URY_000768,1203027,URY,LAS PIEDRAS N° 2  GERMAN CABRERA,,2|3,,public,Uruguay,Canelones,Las Piedras,,,,,-34.72708854368438,-56.22540192762882,official_emis,exact,unknown
URY_000769,1203037,URY,LAS PIEDRAS Nº 3,,2|3,,public,Uruguay,Canelones,Las Piedras,,,,,-34.7185549574883,-56.197086722167455,official_emis,exact,unknown
URY_000770,1203055,URY,LAS PIEDRAS Nº 4,,2|3,,public,Uruguay,Canelones,Las Piedras,,,,,-34.72167337749068,-56.21762172561465,official_emis,exact,unknown
URY_000771,1113071,URY,LAS TUNITAS,,1,ESCUELAS COMUNES,public,Uruguay,Rivera,,,rural,,,-30.949916634460923,-55.54031826031238,official_emis,exact,unknown
URY_000772,1104007,URY,LAURA SILVA DE MACIEL,,1,ESCUELAS COMUNES,public,Uruguay,Cerro Largo,,,urban,,,-32.36935260705842,-54.17332599740977,official_emis,exact,unknown
URY_000773,1111089,URY,LAUREANO TACUABE,,1,ESCUELAS COMUNES,public,Uruguay,Paysandú,,,urban,,,-32.30914698173654,-58.06370999832963,official_emis,exact,unknown
URY_000774,1101045,URY,LEONOR HOURTICOU,,1,ESCUELAS COMUNES,public,Uruguay,Montevideo,Municipality B,,urban,,,-34.89090252456569,-56.16988165550495,official_emis,exact,unknown
URY_000775,1103104,URY,LETICIA VOLPE,,1,ESCUELAS COMUNES,public,Uruguay,Canelones,Santa Lucía,,urban,,,-34.45556318115085,-56.39099136690414,official_emis,exact,unknown
URY_000776,1104018,URY,LEYENDA PATRIA,,1,ESCUELAS COMUNES,public,Uruguay,Cerro Largo,Río Branco,,urban,,,-32.599441231740634,-53.38878021316767,official_emis,exact,unknown
URY_000777,1109018,URY,LEYENDA PATRIA,,1,ESCUELAS COMUNES,public,Uruguay,Lavalleja,,,urban,,,-34.38412020911582,-55.26622460748649,official_emis,exact,unknown
URY_000778,1216002,URY,LIBERTAD,,2|3,,public,Uruguay,San José,Libertad,,,,,-34.62999044522423,-56.61798264451907,official_emis,exact,unknown
URY_000779,1103167,URY,LIBERTADOR SIMON BOLIVAR,,1,ESCUELAS COMUNES,public,Uruguay,Canelones,Ciudad de la Costa,,urban,,,-34.85269850091774,-56.00550760760441,official_emis,exact,unknown
URY_000780,1103022,URY,LIBERTADOR SIMÓN BOLÍVAR,,1,ESCUELAS COMUNES,public,Uruguay,Canelones,Tala,,urban,,,-34.22188468471662,-55.728919563239536,official_emis,exact,unknown
URY_000781,1216014,URY,LICEO DE DELTA DEL TIGRE (EX RUEE 1216014),,2|3,,public,Uruguay,San José,Ciudad del Plata,,,,,-34.76293024149661,-56.36683405443845,official_emis,exact,unknown
URY_000782,1203074,URY,LICEO DE LAS PIEDRAS N° 5,,2,,public,Uruguay,Canelones,Las Piedras,,,,,-34.73529112803349,-56.213615630544254,official_emis,exact,unknown
URY_000783,1210018,URY,LICEO MALDONADO N°6,,2|3,,public,Uruguay,Maldonado,Maldonado,,,,,-34.90617184219538,-54.93922129633304,official_emis,exact,unknown
URY_000784,1211019,URY,LICEO N°8,,3,,public,Uruguay,Paysandú,,,,,,-32.312416826659565,-58.0717256309956,official_emis,exact,unknown
URY_000785,1103061,URY,LORENZO MOZZONE,,1,ESCUELAS COMUNES,public,Uruguay,Canelones,Los Cerrillos,,rural,,,-34.64601495917219,-56.31653756757958,official_emis,exact,unknown
URY_000786,1103055,URY,LOS ARENALES,,1,ESCUELAS COMUNES,public,Uruguay,Canelones,Tala,,rural,,,-34.44412730648529,-55.76980869992735,official_emis,exact,unknown
URY_000787,1203013,URY,LOS CERRILLOS,,2|3,,public,Uruguay,Canelones,Los Cerrillos,,,,,-34.60581842203866,-56.355508469157954,official_emis,exact,unknown
URY_000788,1118107,URY,LOS FURTADO,,1,ESCUELAS COMUNES,public,Uruguay,Tacuarembó,,,rural,,,-32.28016352927555,-55.8439389667055,official_emis,exact,unknown
URY_000789,1113030,URY,LOS MIMBRES,,1,ESCUELAS COMUNES,public,Uruguay,Rivera,,,rural,,,-31.591452746922485,-55.452954992986434,official_emis,exact,unknown
URY_000790,1112055,URY,LOS RANCHOS,,1,ESCUELAS COMUNES,public,Uruguay,Río Negro,,,rural,,,-33.313024755656905,-58.314704497671556,official_emis,exact,unknown
URY_000791,1118043,URY,LUIS ALBERTO DE HERRERA,,1,ESCUELAS COMUNES,public,Uruguay,Tacuarembó,,,rural,,,-32.15741377192431,-55.02555128276293,official_emis,exact,unknown
URY_000792,1101146,URY,LUIS BATLLE BERRES,,1,ESCUELAS COMUNES,public,Uruguay,Montevideo,Municipality A,,urban,,,-34.82354983315165,-56.29844214026859,official_emis,exact,unknown
URY_000793,1119061,URY,LUIS CARLOS GARATTE,,1,ESCUELAS COMUNES,public,Uruguay,Treinta y Tres,Rincón,,urban,,,-32.83336874322819,-53.829331872157255,official_emis,exact,unknown
URY_000794,1101063,URY,LUIS CINCINATO BOLLO,,1,ESCUELAS COMUNES,public,Uruguay,Montevideo,Municipality F,,urban,,,-34.87057157447102,-56.106693485109865,official_emis,exact,unknown
URY_000795,1103090,URY,LUIS EDUARDO ALONSO,,1,ESCUELAS COMUNES,public,Uruguay,Canelones,San Antonio,,rural,,,-34.44179514418706,-56.15093601302304,official_emis,exact,unknown
URY_000796,1115056,URY,LUIS MARIO ROASCIO,,1,ESCUELAS COMUNES,public,Uruguay,Salto,San Antonio,,rural,,,-31.382114346043576,-57.871157755716006,official_emis,exact,unknown
URY_000797,1106047,URY,LUIS RAMÓN IGARZABAL,,1,ESCUELAS COMUNES,public,Uruguay,Durazno,,,rural,,,-33.183271225218974,-55.69766273150713,official_emis,exact,unknown
URY_000798,1117006,URY,LUIS SAMPEDRO,,1,ESCUELAS COMUNES,public,Uruguay,Soriano,,,urban,,,-33.39418722140371,-58.318839101380576,official_emis,exact,unknown
URY_000799,1103125,URY,LUISA BLANCO ACEVEDO DE SOCA,,1,ESCUELAS COMUNES,public,Uruguay,Canelones,Soca,,urban,,,-34.68444224676475,-55.69550690264481,official_emis,exact,unknown
URY_000800,1101169,URY,LUISA CASTERAN,,1,ESCUELAS COMUNES,public,Uruguay,Montevideo,Municipality A,,urban,,,-34.880626661115016,-56.25393566558283,official_emis,exact,unknown
URY_000801,1111095,URY,LUISA LUISI,,1,ESCUELAS COMUNES,public,Uruguay,Paysandú,,,urban,,,-32.32501723483329,-58.093971647200576,official_emis,exact,unknown
URY_000802,1103044,URY,MA. ELENA MARINO DE IGLESIAS,,1,ESCUELAS COMUNES,public,Uruguay,Canelones,San Bautista,,urban,,,-34.379907152033084,-55.95225577458647,official_emis,exact,unknown
URY_000803,1104005,URY,MA. JOSEFA GAMIO DE FERREIRO,,1,ESCUELAS COMUNES,public,Uruguay,Cerro Largo,Río Branco,,urban,,,-32.5762144117375,-53.37848197382277,official_emis,exact,unknown
URY_000804,1101145,URY,MAESTRA CATALINA VELAZQUEZ,,1,ESCUELAS COMUNES,public,Uruguay,Montevideo,Municipality G,,urban,,,-34.8005338523144,-56.249509082057074,official_emis,exact,unknown
URY_000805,1101181,URY,MAESTRA ELENA QUINTEROS,,1,ESCUELAS COMUNES,public,Uruguay,Montevideo,Municipality F,,urban,,,-34.84490454612344,-56.118521090985126,official_emis,exact,unknown
URY_000806,1106012,URY,MAESTRA GLADYS SANTIAGO,,1,ESCUELAS COMUNES,public,Uruguay,Durazno,Villa del Carmen,,urban,,,-33.23673237336539,-56.003675693603064,official_emis,exact,unknown
URY_000807,1115097,URY,MAESTRA MARÍA DOMINGA RAVAGNI DE A,,1,ESCUELA ESPECIAL,public,Uruguay,Salto,,,urban,,,-31.385628157748474,-57.940801433969746,official_emis,exact,unknown
URY_000808,1117035,URY,MAESTRA MERCEDES GILARDONI,,1,ESCUELAS COMUNES,public,Uruguay,Soriano,,,rural,,,-33.30849404906256,-57.96624650770576,official_emis,exact,unknown
URY_000809,1103286,URY,MAESTRA OFELIA DE HORTA CAMPODONICO,,1,ESCUELAS COMUNES,public,Uruguay,Canelones,Las Piedras,,urban,,,-34.73604474494184,-56.213018628476675,official_emis,exact,unknown
URY_000810,1103045,URY,MAESTRA PRAXEDES PINO,,1,ESCUELAS COMUNES,public,Uruguay,Canelones,La Paz,,urban,,,-34.688091900108674,-56.27902994545467,official_emis,exact,unknown
URY_000811,1106015,URY,MAESTRE CAMPO,,1,ESCUELAS COMUNES,public,Uruguay,Durazno,,,rural,,,-33.369734106260076,-56.241239021780444,official_emis,exact,unknown
URY_000812,1103121,URY,MAESTRO AGUSTIN FERREIRO,,1,ESCUELAS COMUNES,public,Uruguay,Canelones,San Antonio,,urban,,,-34.450677223966565,-56.082220893033096,official_emis,exact,unknown
URY_000813,1117015,URY,MAESTRO AGUSTIN FERREIRO,,1,ESCUELAS COMUNES,public,Uruguay,Soriano,Dolores,,urban,,,-33.5520395075948,-58.20313553885028,official_emis,exact,unknown
URY_000814,1110050,URY,MAESTRO ANTONIO CAMACHO,,1,ESCUELAS COMUNES,public,Uruguay,Maldonado,Maldonado,,urban,,,-34.90604178868705,-54.94165405888356,official_emis,exact,unknown
URY_000815,1101276,URY,MAESTRO CARLOS CHASSALE,,1,ESCUELAS COMUNES,public,Uruguay,Montevideo,Municipality A,,urban,,,-34.8523155885927,-56.242825957183825,official_emis,exact,unknown
URY_000816,1101331,URY,MAESTRO DANIEL ALBERTO FERNÁNDEZ C,,1,ESCUELAS COMUNES,public,Uruguay,Montevideo,Municipality G,,urban,,,-34.80936747702967,-56.216061289755345,official_emis,exact,unknown
URY_000817,1103009,URY,MAESTRO GREGORIO MIGUES VIEYTE,,1,ESCUELAS COMUNES,public,Uruguay,Canelones,Canelones,,urban,,,-34.59418806407938,-56.25021382867939,official_emis,exact,unknown
URY_000818,1105005,URY,MAESTRO HECTOR L. NOAIN,,1,ESCUELAS COMUNES,public,Uruguay,Colonia,Carmelo,,urban,,,-33.99810432318108,-58.28846086612741,official_emis,exact,unknown
URY_000819,1101329,URY,MAESTRO JESUALDO SOSA,,1,ESCUELAS COMUNES,public,Uruguay,Montevideo,Municipality D,,urban,,,-34.82242865824425,-56.14182188504699,official_emis,exact,unknown
URY_000820,1101269,URY,MAESTRO JULIO CASTRO,,1,ESCUELAS COMUNES,public,Uruguay,Montevideo,Municipality B,,urban,,,-34.905010464645315,-56.190667837813706,official_emis,exact,unknown
URY_000821,1109009,URY,MAESTRO M. LOPEZ TOLEDO,,1,ESCUELAS COMUNES,public,Uruguay,Lavalleja,,,urban,,,-33.74139916718153,-54.75907490152699,official_emis,exact,unknown
URY_000822,1117034,URY,MAESTRO RAUL VAZQUEZ LEDESMA,,1,ESCUELAS COMUNES,public,Uruguay,Soriano,José Enrique Rodó,,rural,,,-33.74866787884861,-57.629002683954724,official_emis,exact,unknown
URY_000823,1106019,URY,MAESTRO ROSENDO BUCHELI,,1,ESCUELAS COMUNES,public,Uruguay,Durazno,Sarandí del Yí,,rural,,,-33.32169578489475,-55.61106155805026,official_emis,exact,unknown
URY_000824,1119003,URY,MAESTRO RUBEN LENA,,1,ESCUELAS COMUNES,public,Uruguay,Treinta y Tres,,,rural,,,-32.99297400828666,-54.56434377467417,official_emis,exact,unknown
URY_000825,1103205,URY,MAESTRO SABAS OLAIZOLA,,1,ESCUELAS COMUNES,public,Uruguay,Canelones,Las Piedras,,urban,,,-34.723651538552296,-56.21813825515024,official_emis,exact,unknown
URY_000826,1103185,URY,MAHATMA GANDHI,,1,ESCUELAS COMUNES,public,Uruguay,Canelones,18 de Mayo,,urban,,,-34.69196858332996,-56.20910178396564,official_emis,exact,unknown
URY_000827,1112059,URY,MAHATMA GANDHI,,1,ESCUELAS COMUNES,public,Uruguay,Río Negro,Young,,urban,,,-32.71039649257415,-57.646591704440986,official_emis,exact,unknown
URY_000828,1210008,URY,MALDONADO Nº 2,,2|3,,public,Uruguay,Maldonado,Maldonado,,,,,-34.8958097139339,-54.95289561138209,official_emis,exact,unknown
URY_000829,1210010,URY,MALDONADO Nº 3,,2,,public,Uruguay,Maldonado,Maldonado,,,,,-34.89747470643138,-54.967221993074865,official_emis,exact,unknown
URY_000830,1210011,URY,MALDONADO Nº 4,,2|3,,public,Uruguay,Maldonado,Punta del Este,,,,,-34.91620330056855,-54.94757335459614,official_emis,exact,unknown
URY_000831,1210015,URY,MALDONADO Nº 5,,2|3,,public,Uruguay,Maldonado,Maldonado,,,,,-34.90184969695084,-54.96467380748957,official_emis,exact,unknown
URY_000832,1101152,URY,MANUEL FRANCISCO ARTIGAS,,1,ESCUELAS COMUNES,public,Uruguay,Montevideo,Municipality A,,urban,,,-34.87364135976688,-56.26630807119615,official_emis,exact,unknown
URY_000833,1108034,URY,MANUEL FRANCISCO ARTIGAS,,1,ESCUELAS COMUNES,public,Uruguay,Florida,Casupá,,urban,,,-34.10116786304045,-55.65242713577098,official_emis,exact,unknown
URY_000834,1116100,URY,MANUEL GARCIA LOPEZ,,1,ESCUELAS COMUNES,public,Uruguay,San José,,,urban,,,-34.33833882504589,-56.700370441738016,official_emis,exact,unknown
URY_000835,1103153,URY,MANUEL ORIBE,,1,ESCUELAS COMUNES,public,Uruguay,Canelones,Parque del Plata,,urban,,,-34.76305975552004,-55.72511622180592,official_emis,exact,unknown
URY_000836,1105006,URY,MANUELA T. NOAÍN,,1,ESCUELAS COMUNES,public,Uruguay,Colonia,Carmelo,,urban,,,-33.99633499893669,-58.28431984201454,official_emis,exact,unknown
URY_000837,1113131,URY,MARCOS BOURRE S/N,,1,ESCUELA ESPECIAL,public,Uruguay,Rivera,Tranqueras,,urban,,,-31.18970240135095,-55.771462583122066,official_emis,exact,unknown
URY_000838,1110042,URY,MARGARITA MUNIZ,,1,ESCUELAS COMUNES,public,Uruguay,Maldonado,Garzon,,urban,,,-34.20867196927879,-54.76454105020364,official_emis,exact,unknown
URY_000839,1101307,URY,MARGARITA XIRGU,,1,ESCUELAS COMUNES,public,Uruguay,Montevideo,Municipality A,,urban,,,-34.838456774466536,-56.26802032760492,official_emis,exact,unknown
URY_000840,1103082,URY,MARIA CLOTILDE NUÑEZ,,1,ESCUELAS COMUNES,public,Uruguay,Canelones,San Bautista,,rural,,,-34.363810013128315,-55.99523675129122,official_emis,exact,unknown
URY_000841,1107028,URY,MARIA EMILIA BEROT DE BELOQUI,,1,ESCUELAS COMUNES,public,Uruguay,Flores,,,rural,,,-33.60318169931455,-56.99182969765845,official_emis,exact,unknown
URY_000842,1116001,URY,MARIA ESPINOLA ESPINOLA,,1,ESCUELAS COMUNES,public,Uruguay,San José,,,rural,,,-34.38389859264407,-56.700001564037734,official_emis,exact,unknown
URY_000843,1103072,URY,MARIA ESTER LABARRERE,,1,ESCUELAS COMUNES,public,Uruguay,Canelones,La Paz,,rural,,,-34.728724804666506,-56.257924614469616,official_emis,exact,unknown
URY_000844,1103047,URY,MARIA LUISA PEREIRA,,1,ESCUELAS COMUNES,public,Uruguay,Canelones,Pando,,urban,,,-34.77014384335121,-55.97057990234545,official_emis,exact,unknown
URY_000845,1102003,URY,MARIA ORTICOCHEA,,1,ESCUELAS COMUNES,public,Uruguay,Artigas,Bella Unión,,urban,,,-30.261401531578457,-57.60659202161477,official_emis,exact,unknown
URY_000846,1101166,URY,MARIA VITTORI,,1,ESCUELAS COMUNES,public,Uruguay,Montevideo,Municipality G,,urban,,,-34.82553774597678,-56.2052572236645,official_emis,exact,unknown
URY_000847,1209005,URY,MARISCALA,,2|3,,public,Uruguay,Lavalleja,Mariscala,,,,,-34.04088319053033,-54.77708886161875,official_emis,exact,unknown
URY_000848,1115092,URY,MARTIN ELIZAINCIN,,1,ESCUELAS COMUNES,public,Uruguay,Salto,,,urban,,,-31.407765387908142,-57.98092185867989,official_emis,exact,unknown
URY_000849,1117009,URY,MARTIN JOSE ARTIGAS,,1,ESCUELAS COMUNES,public,Uruguay,Soriano,Cardona,,urban,,,-33.87316667026956,-57.37096784812117,official_emis,exact,unknown
URY_000850,1101178,URY,MARTIN LUTHER KING,,1,ESCUELAS COMUNES,public,Uruguay,Montevideo,Municipality D,,urban,,,-34.83443457614443,-56.17363133639911,official_emis,exact,unknown
URY_000851,1116060,URY,MARTIN ROGELIO CAMY,,1,ESCUELAS COMUNES,public,Uruguay,San José,,,urban,,,-34.146826314712946,-56.95254296260605,official_emis,exact,unknown
URY_000852,1117002,URY,MARÌA LUISA ANSELMI DE LYONNET,,1,ESCUELAS COMUNES,public,Uruguay,Soriano,Dolores,,urban,,,-33.528962964499414,-58.21763339901079,official_emis,exact,unknown
URY_000853,1115048,URY,MARÍA INÉS FORTEZA,,1,ESCUELAS COMUNES,public,Uruguay,Salto,Villa Constitución,,rural,,,-31.079014562678584,-57.79735857051476,official_emis,exact,unknown
URY_000854,1114097,URY,MARÍA NILA LARROSA MARTÍNEZ,,1,ESCUELA ESPECIAL,public,Uruguay,Rocha,,,urban,,,-34.47621345873242,-54.31818267656859,official_emis,exact,unknown
URY_000855,1213010,URY,MASOLLER,,2|3,,public,Uruguay,Rivera,,,,,,-31.084446041742787,-56.01231917369593,official_emis,exact,unknown
URY_000856,1104062,URY,MAZANGANO,,1,ESCUELAS COMUNES,public,Uruguay,Cerro Largo,Ramón Trigo,,rural,,,-32.12779057730552,-54.64760327160511,official_emis,exact,unknown
URY_000857,1203039,URY,MEDANOS DE SOLYMAR,,2|3,,public,Uruguay,Canelones,Ciudad de la Costa,,,,,-34.80689239952005,-55.92814258085947,official_emis,exact,unknown
URY_000858,1101226,URY,MELCHORA CUENCA,,1,ESCUELAS COMUNES,public,Uruguay,Montevideo,Municipality A,,urban,,,-34.87429631242863,-56.27025220102269,official_emis,exact,unknown
URY_000859,1115025,URY,MELCHORA CUENCA,,1,ESCUELAS COMUNES,public,Uruguay,Salto,,,rural,,,-31.604771864838185,-56.814049036749026,official_emis,exact,unknown
URY_000860,1204012,URY,MELO N°5,,2,,public,Uruguay,Cerro Largo,,,,,,-32.35492582020252,-54.16087939637507,official_emis,exact,unknown
URY_000861,1204007,URY,MELO Nº 3,,2|3,,public,Uruguay,Cerro Largo,,,,,,-32.36701919423846,-54.157377708398116,official_emis,exact,unknown
URY_000862,1204010,URY,MELO Nº 4,,2|3,,public,Uruguay,Cerro Largo,,,,,,-32.375235621022206,-54.15029912365081,official_emis,exact,unknown
URY_000863,1208008,URY,MENDOZA,,2|3,,public,Uruguay,Florida,,,,,,-34.27690182826225,-56.21610604417008,official_emis,exact,unknown
URY_000864,1217015,URY,MERCEDES N° 4,,2,,public,Uruguay,Soriano,,,,,,-33.26285913093523,-58.030944155484846,official_emis,exact,unknown
URY_000865,1217006,URY,MERCEDES Nº 2 LUIS ALBERTO ZANZI,,2|3,,public,Uruguay,Soriano,,,,,,-33.25005122613885,-58.032071133835956,official_emis,exact,unknown
URY_000866,1217011,URY,MERCEDES Nº 3 PROF. GREGORIO CARDOZO LOYARTE,,2,,public,Uruguay,Soriano,,,,,,-33.25506268043266,-58.025935887861344,official_emis,exact,unknown
URY_000867,1111086,URY,MESETA DE ARTIGAS,,1,ESCUELAS COMUNES,public,Uruguay,Paysandú,Chapicuy,,rural,,,-31.644260318672295,-57.92847410774728,official_emis,exact,unknown
URY_000868,1101040,URY,MEXICO,,1,ESCUELAS COMUNES,public,Uruguay,Montevideo,Municipality C,,urban,,,-34.875566552510605,-56.17553956896915,official_emis,exact,unknown
URY_000869,1113054,URY,MIGUEL AGUERRE ARISTEGUI,,1,ESCUELAS COMUNES,public,Uruguay,Rivera,,,rural,,,-31.141382204007872,-55.40244557465189,official_emis,exact,unknown
URY_000870,1111011,URY,MIGUEL DE CERVANTES SAAVEDRA,,1,ESCUELAS COMUNES,public,Uruguay,Paysandú,,,urban,,,-32.32054920062905,-58.05941334040237,official_emis,exact,unknown
URY_000871,1109105,URY,MIGUEL NAVARRA,,1,ESCUELAS COMUNES,public,Uruguay,Lavalleja,,,urban,,,-34.36903852747885,-55.231814695327856,official_emis,exact,unknown
URY_000872,1103199,URY,MIGUEL TALLAC,,1,ESCUELA ESPECIAL,public,Uruguay,Canelones,Canelones,,urban,,,-34.5253441029081,-56.28139417165738,official_emis,exact,unknown
URY_000873,1203008,URY,MIGUES,,2|3,,public,Uruguay,Canelones,Migues,,,,,-34.487497292089905,-55.62961401894637,official_emis,exact,unknown
URY_000874,1213002,URY,MINAS DE CORRALES,,2|3,,public,Uruguay,Rivera,Minas de Corrales,,,,,-31.56863501352626,-55.47515250846772,official_emis,exact,unknown
URY_000875,1113063,URY,MINAS DE CORTUME,,1,ESCUELAS COMUNES,public,Uruguay,Rivera,,,rural,,,-31.709118333730924,-55.14582735817506,official_emis,exact,unknown
URY_000876,1105124,URY,MINAS DE TALCO,,1,ESCUELAS COMUNES,public,Uruguay,Colonia,,,rural,,,-34.18293732510333,-57.92307312738054,official_emis,exact,unknown
URY_000877,1209006,URY,MINAS Nº 2,,2,,public,Uruguay,Lavalleja,,,,,,-34.37080059406553,-55.245859791461655,official_emis,exact,unknown
URY_000878,1209010,URY,MINAS Nº 3,,2|3,,public,Uruguay,Lavalleja,,,,,,-34.377744064291214,-55.244638350129186,official_emis,exact,unknown
URY_000879,1111084,URY,MOLLES GRANDE,,1,ESCUELAS COMUNES,public,Uruguay,Paysandú,,,rural,,,-31.870038235165506,-57.139160864361195,official_emis,exact,unknown
URY_000880,1203014,URY,MONTES,,2|3,,public,Uruguay,Canelones,Montes,,,,,-34.49049093481841,-55.559833559177335,official_emis,exact,unknown
URY_000881,1118099,URY,MONTEVIDEO CHICO,,1,ESCUELAS COMUNES,public,Uruguay,Tacuarembó,,,rural,,,-32.21804778307979,-55.57297732507664,official_emis,exact,unknown
URY_000882,1201039,URY,MONTEVIDEO N º 39,,2|3,,public,Uruguay,Montevideo,Municipality D,,,,,-34.82242341951749,-56.14235773987856,official_emis,exact,unknown
URY_000883,1201053,URY,MONTEVIDEO N° 53 -  RAUL WALLENBERG,,2,,public,Uruguay,Montevideo,Municipality C,,,,,-34.86503477681899,-56.176935661330454,official_emis,exact,unknown
URY_000884,1201076,URY,MONTEVIDEO N° 76,,2,,public,Uruguay,Montevideo,Municipality F,,,,,-34.86885394827612,-56.1309788132673,official_emis,exact,unknown
URY_000885,1201077,URY,MONTEVIDEO N° 77,,2|3,,public,Uruguay,Montevideo,Municipality F,,,,,-34.82293242578773,-56.10780957574754,official_emis,exact,unknown
URY_000886,1201075,URY,MONTEVIDEO N°. 75,,2|3,,public,Uruguay,Montevideo,Municipality C,,,,,-34.864166011394076,-56.21046532810449,official_emis,exact,unknown
URY_000887,1201001,URY,MONTEVIDEO N°1-  JOSE ENRIQUE RODO,,2|3,,public,Uruguay,Montevideo,Municipality B,,,,,-34.90957405577581,-56.19759584717987,official_emis,exact,unknown
URY_000888,1201003,URY,MONTEVIDEO N°3-  DAMASO ANTONIO LARRAÑAGA,,3,,public,Uruguay,Montevideo,Municipality CH,,,,,-34.88739569035901,-56.154311743845845,official_emis,exact,unknown
URY_000889,1201045,URY,MONTEVIDEO N°45 -  VICTOR BERSANELLI,,2|3,,public,Uruguay,Montevideo,Municipality F,,,,,-34.83883819238889,-56.1188373143453,official_emis,exact,unknown
URY_000890,1201047,URY,MONTEVIDEO N°47,,2|3,,public,Uruguay,Montevideo,Municipality A,,,,,-34.86113277962036,-56.2296172617363,official_emis,exact,unknown
URY_000891,1201058,URY,MONTEVIDEO N°58,,3,,public,Uruguay,Montevideo,Municipality F,,,,,-34.83910355491874,-56.11937039386376,official_emis,exact,unknown
URY_000892,1201060,URY,MONTEVIDEO N°60 –  PROFESOR VICTOR CAYOTA,,2,,public,Uruguay,Montevideo,Municipality G,,,,,-34.83953647704695,-56.19349664090052,official_emis,exact,unknown
URY_000893,1201064,URY,MONTEVIDEO N°64,,2,,public,Uruguay,Montevideo,Municipality D,,,,,-34.86766366009453,-56.152697667273685,official_emis,exact,unknown
URY_000894,1201065,URY,MONTEVIDEO N°65,,3,,public,Uruguay,Montevideo,Municipality F,,,,,-34.842169592677166,-56.15109968091604,official_emis,exact,unknown
URY_000895,1201066,URY,MONTEVIDEO N°66 – PARQUE TEJANO,,2,,public,Uruguay,Montevideo,Municipality A,,,,,-34.86857249200086,-56.22967916762467,official_emis,exact,unknown
URY_000896,1201051,URY,MONTEVIDEO Nº 51 –  PROF. ALFREDO TRAVERSONI,,2,,public,Uruguay,Montevideo,Municipality A,,,,,-34.83892674575255,-56.23737072126703,official_emis,exact,unknown
URY_000897,1201052,URY,MONTEVIDEO Nº 52,,2|3,,public,Uruguay,Montevideo,Municipality F,,,,,-34.77581673982395,-56.0425276177268,official_emis,exact,unknown
URY_000898,1201054,URY,MONTEVIDEO Nº 54 –  ARQ. JUAN PABLO TERRA,,2|3,,public,Uruguay,Montevideo,Municipality C,,,,,-34.86567811375091,-56.20864569435788,official_emis,exact,unknown
URY_000899,1201055,URY,MONTEVIDEO Nº 55 -   LUIS HIERRO GAMBARDELLA,,2|3,,public,Uruguay,Montevideo,Municipality E,,,,,-34.88246318074295,-56.150422918636686,official_emis,exact,unknown
URY_000900,1201056,URY,MONTEVIDEO Nº 56,,2,,public,Uruguay,Montevideo,Municipality C,,,,,-34.870171690192294,-56.20082353038992,official_emis,exact,unknown
URY_000901,1201059,URY,MONTEVIDEO Nº 59,,2,,public,Uruguay,Montevideo,Municipality G,,,,,-34.84886159260543,-56.20325009320973,official_emis,exact,unknown
URY_000902,1201061,URY,MONTEVIDEO Nº 61,,3,,public,Uruguay,Montevideo,Municipality A,,,,,-34.87970816382777,-56.248286750424604,official_emis,exact,unknown
URY_000903,1201062,URY,MONTEVIDEO Nº 62,,2|3,,public,Uruguay,Montevideo,Municipality G,,,,,-34.803987809912755,-56.2279300947052,official_emis,exact,unknown
URY_000904,1201063,URY,MONTEVIDEO Nº 63,,3,,public,Uruguay,Montevideo,Municipality G,,,,,-34.84845232486607,-56.20271806615622,official_emis,exact,unknown
URY_000905,1201067,URY,MONTEVIDEO Nº 67,,2|3,,public,Uruguay,Montevideo,Municipality F,,,,,-34.8209051173107,-56.129186474605866,official_emis,exact,unknown
URY_000906,1201068,URY,MONTEVIDEO Nº 68,,3,,public,Uruguay,Montevideo,Municipality B,,,,,-34.89520668176129,-56.1742817710286,official_emis,exact,unknown
URY_000907,1201069,URY,MONTEVIDEO Nº 69,,2,,public,Uruguay,Montevideo,Municipality D,,,,,-34.825510333766935,-56.17939583149273,official_emis,exact,unknown
URY_000908,1201070,URY,MONTEVIDEO Nº 70,,2,,public,Uruguay,Montevideo,Municipality A,,,,,-34.87270592207168,-56.24026475857048,official_emis,exact,unknown
URY_000909,1201071,URY,MONTEVIDEO Nº 71,,2|3,,public,Uruguay,Montevideo,Municipality C,,,,,-34.86306133660726,-56.21254357369395,official_emis,exact,unknown
URY_000910,1201072,URY,MONTEVIDEO Nº 72,,3,,public,Uruguay,Montevideo,Municipality A,,,,,-34.894209606811984,-56.247082126949046,official_emis,exact,unknown
URY_000911,1201073,URY,MONTEVIDEO Nº 73,,2|3,,public,Uruguay,Montevideo,Municipality D,,,,,-34.8313318656204,-56.169550434852255,official_emis,exact,unknown
URY_000912,1201074,URY,MONTEVIDEO Nº 74,,2,,public,Uruguay,Montevideo,Municipality G,,,,,-34.79920732100745,-56.24789227550121,official_emis,exact,unknown
URY_000913,1201010,URY,MONTEVIDEO Nº10-  DR. CARLOS VAZ FERREIRA,,3,,public,Uruguay,Montevideo,Municipality E,,,,,-34.88750234541835,-56.12104296949946,official_emis,exact,unknown
URY_000914,1201011,URY,MONTEVIDEO Nº11-  BRUNO MAURICIO DE ZABALA,,2|3,,public,Uruguay,Montevideo,Municipality A,,,,,-34.893876187888765,-56.24711800196644,official_emis,exact,unknown
URY_000915,1201012,URY,MONTEVIDEO Nº12-  CONGRESO DE TRES CRUCES,,2|3,,public,Uruguay,Montevideo,Municipality CH,,,,,-34.89912429237242,-56.155198463735836,official_emis,exact,unknown
URY_000916,1201013,URY,MONTEVIDEO Nº13-  ITUZAINGO,,2|3,,public,Uruguay,Montevideo,Municipality F,,,,,-34.84245425900399,-56.146678064574324,official_emis,exact,unknown
URY_000917,1201014,URY,MONTEVIDEO Nº14-  T. Y TRES ORIENTALES,,2,,public,Uruguay,Montevideo,Municipality E,,,,,-34.87965950897033,-56.147945986532434,official_emis,exact,unknown
URY_000918,1201015,URY,MONTEVIDEO Nº15-  IBIRAY,,3,,public,Uruguay,Montevideo,Municipality E,,,,,-34.88204001453956,-56.06102656640574,official_emis,exact,unknown
URY_000919,1201016,URY,MONTEVIDEO Nº16-  DESEMBARCO DE LA AGRACIADA,,2|3,,public,Uruguay,Montevideo,Municipality C,,,,,-34.87037156867228,-56.20105135951743,official_emis,exact,unknown
URY_000920,1201017,URY,MONTEVIDEO Nº17-  FRANCISCO ACUÑA DE FIGUEROA,,2|3,,public,Uruguay,Montevideo,Municipality B,,,,,-34.89206267564525,-56.18542135297105,official_emis,exact,unknown
URY_000921,1201018,URY,MONTEVIDEO Nº18  SARANDI,,2|3,,public,Uruguay,Montevideo,Municipality C,,,,,-34.85572129590849,-56.19601880603163,official_emis,exact,unknown
URY_000922,1201019,URY,MONTEVIDEO Nº19-   ANSINA  (Noct.),,2|3,,public,Uruguay,Montevideo,Municipality F,,,,,-34.868811835805126,-56.131395007985475,official_emis,exact,unknown
URY_000923,1201002,URY,MONTEVIDEO Nº2-  HECTOR MIRANDA,,3,,public,Uruguay,Montevideo,Municipality B,,,,,-34.891389403503574,-56.18318450384635,official_emis,exact,unknown
URY_000924,1201020,URY,MONTEVIDEO Nº20-  JOAQUIN TORRES GARCIA,,2|3,,public,Uruguay,Montevideo,Municipality E,,,,,-34.88706024925439,-56.085558806887114,official_emis,exact,unknown
URY_000925,1201021,URY,MONTEVIDEO Nº21-   ABRAZO DEL MONZON,,2,,public,Uruguay,Montevideo,Municipality C,,,,,-34.88407484105618,-56.189691319712544,official_emis,exact,unknown
URY_000926,1201022,URY,MONTEVIDEO Nº22-   JUAN DIAZ DE SOLIS,,2|3,,public,Uruguay,Montevideo,Municipality A,,,,,-34.861500655058535,-56.23075158707731,official_emis,exact,unknown
URY_000927,1201023,URY,MONTEVIDEO Nº23-   CERRITO,,2,,public,Uruguay,Montevideo,Municipality G,,,,,-34.83129964805933,-56.2177453911174,official_emis,exact,unknown
URY_000928,1201024,URY,MONTEVIDEO Nº24-  CARLOS SABAT ERCASTY,,2|3,,public,Uruguay,Montevideo,Municipality A,,,,,-34.837304673551955,-56.27894544570748,official_emis,exact,unknown
URY_000929,1201025,URY,MONTEVIDEO Nº25-  JOSE BELLONI,,2|3,,public,Uruguay,Montevideo,Municipality F,,,,,-34.79839821157721,-56.082603633771036,official_emis,exact,unknown
URY_000930,1201026,URY,MONTEVIDEO Nº26-  ARMANDO ACOSTA Y LARA DIAZ,,3,,public,Uruguay,Montevideo,Municipality C,,,,,-34.87177332985872,-56.17333447934241,official_emis,exact,unknown
URY_000931,1201027,URY,MONTEVIDEO Nº27-   FRANCISCO ANTONIO MACIEL,,2|3,,public,Uruguay,Montevideo,Municipality B,,,,,-34.908640293594715,-56.20507022868862,official_emis,exact,unknown
URY_000932,1201028,URY,MONTEVIDEO Nº28 -   PURIFICACION,,3,,public,Uruguay,Montevideo,Municipality CH,,,,,-34.914311643478285,-56.15294108471901,official_emis,exact,unknown
URY_000933,1201029,URY,MONTEVIDEO Nº29 -   ALICIA GOYENA,,2,,public,Uruguay,Montevideo,Municipality C,,,,,-34.885613734204554,-56.175822235805235,official_emis,exact,unknown
URY_000934,1201030,URY,MONTEVIDEO Nº30 -   CAGANCHA,,2,,public,Uruguay,Montevideo,Municipality E,,,,,-34.89704920763452,-56.12571310893171,official_emis,exact,unknown
URY_000935,1201031,URY,MONTEVIDEO Nº31 -  DR. LUIS ALBERTO DE HERRERA,,2|3,,public,Uruguay,Montevideo,Municipality E,,,,,-34.8921835936659,-56.10393155308068,official_emis,exact,unknown
URY_000936,1201032,URY,MONTEVIDEO Nº32 -   GUAYABO,,2|3,,public,Uruguay,Montevideo,Municipality B,,,,,-34.90047917033334,-56.1832368008023,official_emis,exact,unknown
URY_000937,1201033,URY,MONTEVIDEO Nº33 -   BERNARDINA FRAGOSO DE RIVERA,,2|3,,public,Uruguay,Montevideo,Municipality E,,,,,-34.8877627661298,-56.1036074792975,official_emis,exact,unknown
URY_000938,1201034,URY,MONTEVIDEO Nº34 -   RAFAELA VILLAGRAN DE ARTIGAS,,2|3,,public,Uruguay,Montevideo,Municipality B,,,,,-34.90512636938744,-56.19046967783252,official_emis,exact,unknown
URY_000939,1201035,URY,MONTEVIDEO Nº35 -  INSTITUTO VAZQUEZ ACEVEDO,,3,,public,Uruguay,Montevideo,Municipality B,,,,,-34.90358371978176,-56.175609891200246,official_emis,exact,unknown
URY_000940,1201036,URY,MONTEVIDEO Nº36 -  INSTITUTO BATLLE Y ORDOÑEZ,,3,,public,Uruguay,Montevideo,Municipality G,,,,,-34.849718311828035,-56.20188547658897,official_emis,exact,unknown
URY_000941,1201037,URY,MONTEVIDEO Nº37 -   DR. JAVIER BARRIOS AMORIN,,2,,public,Uruguay,Montevideo,Municipality F,,,,,-34.85339477559538,-56.139356442088186,official_emis,exact,unknown
URY_000942,1201038,URY,MONTEVIDEO Nº38 -   DR. EMILIO FRUGONI,,2|3,,public,Uruguay,Montevideo,Municipality A,,,,,-34.866578924540626,-56.23527748230723,official_emis,exact,unknown
URY_000943,1201004,URY,MONTEVIDEO Nº4-  JUAN ZORRILLA DE SAN MARTIN,,3,,public,Uruguay,Montevideo,Municipality B,,,,,-34.90944406802859,-56.168863147540655,official_emis,exact,unknown
URY_000944,1201040,URY,MONTEVIDEO Nº40 -  EMILIO CARLOS TACCONI,,2|3,,public,Uruguay,Montevideo,Municipality G,,,,,-34.82943366021293,-56.20256242047113,official_emis,exact,unknown
URY_000945,1201041,URY,MONTEVIDEO Nº41 -  PRESIDENTE ORIBE,,2|3,,public,Uruguay,Montevideo,Municipality D,,,,,-34.8530286574557,-56.17235157435907,official_emis,exact,unknown
URY_000946,1201042,URY,MONTEVIDEO Nº42 -   JOSE PEDRO CARDOSO,,2|3,,public,Uruguay,Montevideo,Municipality E,,,,,-34.881819681310645,-56.1145817224997,official_emis,exact,unknown
URY_000947,1201043,URY,MONTEVIDEO Nº43,,2|3,,public,Uruguay,Montevideo,Municipality A,,,,,-34.82994860368842,-56.35480599417453,official_emis,exact,unknown
URY_000948,1201044,URY,MONTEVIDEO Nº44,,2,,public,Uruguay,Montevideo,Municipality G,,,,,-34.76529020212103,-56.300443412123144,official_emis,exact,unknown
URY_000949,1201046,URY,MONTEVIDEO Nº46,,2|3,,public,Uruguay,Montevideo,Municipality A,,,,,-34.8449764902662,-56.25614978201233,official_emis,exact,unknown
URY_000950,1201048,URY,MONTEVIDEO Nº48 -  BERNARDO PRUDENCIO BERRO,,2|3,,public,Uruguay,Montevideo,Municipality D,,,,,-34.78825931724552,-56.13763997469005,official_emis,exact,unknown
URY_000951,1201049,URY,MONTEVIDEO Nº49 -   MTRO VIRGILIO E.SCARABELLI ALBERTI,,2|3,,public,Uruguay,Montevideo,Municipality F,,,,,-34.81345971118723,-56.09741556344903,official_emis,exact,unknown
URY_000952,1201005,URY,MONTEVIDEO Nº5-   JOSE PEDRO VARELA,,2,,public,Uruguay,Montevideo,Municipality B,,,,,-34.91025586362983,-56.168898751425395,official_emis,exact,unknown
URY_000953,1201050,URY,MONTEVIDEO Nº50 – PROF.  JORGE CHEBATAROFF,,2|3,,public,Uruguay,Montevideo,Municipality A,,,,,-34.89058336775243,-56.26753641024329,official_emis,exact,unknown
URY_000954,1201057,URY,MONTEVIDEO Nº57,,2,,public,Uruguay,Montevideo,Municipality F,,,,,-34.842896420620015,-56.151879712180374,official_emis,exact,unknown
URY_000955,1201006,URY,MONTEVIDEO Nº6-  FRANCISCO BAUZA,,3,,public,Uruguay,Montevideo,Municipality C,,,,,-34.863272882591396,-56.20762941882174,official_emis,exact,unknown
URY_000956,1201007,URY,MONTEVIDEO Nº7-  JOAQUIN SUAREZ,,2,,public,Uruguay,Montevideo,Municipality CH,,,,,-34.916696520711966,-56.153562468283965,official_emis,exact,unknown
URY_000957,1201008,URY,MONTEVIDEO Nº8-  INSTRUCCIONES DEL AÑO XIII,,2|3,,public,Uruguay,Montevideo,Municipality CH,,,,,-34.89062768643887,-56.161370176001924,official_emis,exact,unknown
URY_000958,1201009,URY,MONTEVIDEO Nº9  INST. DR. EDUARDO ACEVEDO,,3,,public,Uruguay,Montevideo,Municipality G,,,,,-34.80383888982414,-56.22862022021395,official_emis,exact,unknown
URY_000959,1111049,URY,MTA. MA.TERESA MACRI,,1,ESCUELAS COMUNES,public,Uruguay,Paysandú,Tambores,,rural,,,-32.08260801800507,-56.30915630475932,official_emis,exact,unknown
URY_000960,1103057,URY,MTRA. ELISA SAENZ RIVERO,,1,ESCUELAS COMUNES,public,Uruguay,Canelones,San Ramon,,rural,,,-34.316271301739725,-55.87043683135196,official_emis,exact,unknown
URY_000961,1101149,URY,MTRA. ISABEL ABELENDA DE PAZOS,,1,ESCUELAS COMUNES,public,Uruguay,Montevideo,Municipality A,,urban,,,-34.873802167338425,-56.24980669096643,official_emis,exact,unknown
URY_000962,1105022,URY,MTRA. ISABEL VILLANUSTRE,,1,ESCUELAS COMUNES,public,Uruguay,Colonia,Miguelete,,rural,,,-34.06388625801945,-57.72087473499095,official_emis,exact,unknown
URY_000963,1108009,URY,MTRA. LIDIA COLOMBO DE FIOL,,1,ESCUELAS COMUNES,public,Uruguay,Florida,,,urban,,,-33.92955253606496,-56.238528788210466,official_emis,exact,unknown
URY_000964,1105046,URY,MTRA. MAGDALENA FANETTI,,1,ESCUELAS COMUNES,public,Uruguay,Colonia,Miguelete,,urban,,,-34.00358838595424,-57.64612270901483,official_emis,exact,unknown
URY_000965,1110019,URY,MTRA. RAQUEL RODRIGUEZ CANALE,,1,ESCUELAS COMUNES,public,Uruguay,Maldonado,San Carlos,,urban,,,-34.91326564174882,-54.86091038845567,official_emis,exact,unknown
URY_000966,1110024,URY,MTRO. CANDIDO VILLAR,,1,ESCUELAS COMUNES,public,Uruguay,Maldonado,San Carlos,,urban,,,-34.79609392644102,-54.86719929250342,official_emis,exact,unknown
URY_000967,1103204,URY,MTRO. OTTO NIEMANN,,1,ESCUELAS COMUNES,public,Uruguay,Canelones,Progreso,,urban,,,-34.66196892471075,-56.223432813557885,official_emis,exact,unknown
URY_000968,1103160,URY,MTRO.LUIS ARBENOIZ GAMBARDELLA,,1,ESCUELAS COMUNES,public,Uruguay,Canelones,Canelones,,urban,,,-34.54532824952501,-56.27538086782361,official_emis,exact,unknown
URY_000969,1109015,URY,MTRO.PANTALEON SCOLPINI,,1,ESCUELAS COMUNES,public,Uruguay,Lavalleja,,,urban,,,-33.52653305662501,-54.937757054748246,official_emis,exact,unknown
URY_000970,1116084,URY,MUNDO AZUL,,1,ESCUELAS COMUNES,public,Uruguay,San José,,,rural,,,-34.17671903678397,-56.61927770249777,official_emis,exact,unknown
URY_000971,1103056,URY,N 56,,1,ESCUELAS COMUNES,public,Uruguay,Canelones,San Bautista,,rural,,,-34.40303484139401,-55.921820172183295,official_emis,exact,unknown
URY_000972,1103083,URY,N 83 PASO RIVERO DE VEJIGAS,,1,ESCUELAS COMUNES,public,Uruguay,Canelones,Tala,,rural,,,-34.312935876736006,-55.78756013902345,official_emis,exact,unknown
URY_000973,1219001,URY,N º 1 DEPARTAMENTAL  DR. NILO L. GOYOAGA,,3,,public,Uruguay,Treinta y Tres,,,,,,-33.238331702406356,-54.38540281329411,official_emis,exact,unknown
URY_000974,1210001,URY,N º 1 DEPARTAMENTAL  FLORENCIO COLLAZO,,2|3,,public,Uruguay,Maldonado,Maldonado,,,,,-34.91318826512829,-54.95590075314012,official_emis,exact,unknown
URY_000975,1217001,URY,N º 1 DEPARTAMENTAL  JOSE MARIA CAMPOS,,3,,public,Uruguay,Soriano,,,,,,-33.24553050304071,-58.023581102523494,official_emis,exact,unknown
URY_000976,1214001,URY,N º 1 DPTAL  DOÑA CORA VIGLIOLA DE RENAUD,,2|3,,public,Uruguay,Rocha,,,,,,-34.4812335849847,-54.32841817103244,official_emis,exact,unknown
URY_000977,1218001,URY,N º 1 DPTAL  ILDEFONSO PABLO ESTEVES,,2|3,,public,Uruguay,Tacuarembó,,,,,,-31.714417342726875,-55.98675623698461,official_emis,exact,unknown
URY_000978,1213001,URY,N º 1 DPTAL  INSTITUTO DRA. CELIA E. POMOLI,,2|3,,public,Uruguay,Rivera,,,,,,-30.89910814969444,-55.5445947143618,official_emis,exact,unknown
URY_000979,1210004,URY,N º 1 SAN CARLOS  PRESBITERO MARIANO SOLER,,2|3,,public,Uruguay,Maldonado,San Carlos,,,,,-34.79144521019344,-54.91734945156755,official_emis,exact,unknown
URY_000980,1215002,URY,N º 2  DR. ANTONIO M. GROMPONE,,2|3,,public,Uruguay,Salto,,,,,,-31.376343745019692,-57.96756620396409,official_emis,exact,unknown
URY_000981,1214009,URY,N º 2  PROF. ROSALIO A.  PEREYRA,,2,,public,Uruguay,Rocha,,,,,,-34.47480481746563,-54.33744033144809,official_emis,exact,unknown
URY_000982,1210009,URY,N º 2 DE SAN CARLOS  LUIS BARRIOS TASSANO,,2|3,,public,Uruguay,Maldonado,San Carlos,,,,,-34.793140725911314,-54.926355799564966,official_emis,exact,unknown
URY_000983,1215003,URY,N º 3  JOSE PEREIRA RODRIGUEZ,,2|3,,public,Uruguay,Salto,,,,,,-31.38631823900275,-57.9426592899018,official_emis,exact,unknown
URY_000984,1215004,URY,N º 4  HORACIO QUIROGA,,2|3,,public,Uruguay,Salto,,,,,,-31.408173824216313,-57.97112212027759,official_emis,exact,unknown
URY_000985,1215007,URY,N º 5   ARQ. ARMANDO Y. BARBIERI,,2|3,,public,Uruguay,Salto,,,,,,-31.38648972979344,-57.962085744829984,official_emis,exact,unknown
URY_000986,1103174,URY,N.MONTELONGO Y FCA.DUARTE DE G,,1,ESCUELAS COMUNES,public,Uruguay,Canelones,San Antonio,,rural,,,-34.41858643657571,-56.082724019209955,official_emis,exact,unknown
URY_000987,1101183,URY,NELSON MANDELA,,1,ESCUELAS COMUNES,public,Uruguay,Montevideo,Municipality E,,urban,,,-34.87465115587835,-56.07110021860841,official_emis,exact,unknown
URY_000988,1103029,URY,NILDA ELENA SOLARI DE SANTORO,,1,ESCUELAS COMUNES,public,Uruguay,Canelones,Canelones,,rural,,,-34.482750281071326,-56.19977766804014,official_emis,exact,unknown
URY_000989,1101264,URY,NO TIENE,,1,ESCUELAS COMUNES,public,Uruguay,Montevideo,Municipality A,,urban,,,-34.84068731446848,-56.256658672465484,official_emis,exact,unknown
URY_000990,1103007,URY,NO TIENE,,1,ESCUELAS COMUNES,public,Uruguay,Canelones,Los Cerrillos,,rural,,,-34.623552078253354,-56.41362414221163,official_emis,exact,unknown
URY_000991,1105021,URY,NO TIENE,,1,ESCUELAS COMUNES,public,Uruguay,Colonia,Juan L. Lacaze,,rural,,,-34.38561795005047,-57.39620917473111,official_emis,exact,unknown
URY_000992,1105123,URY,NO TIENE,,1,ESCUELAS COMUNES,public,Uruguay,Colonia,Miguelete,,rural,,,-33.950580823416686,-57.61168627626809,official_emis,exact,unknown
URY_000993,1106046,URY,NO TIENE,,1,ESCUELAS COMUNES,public,Uruguay,Durazno,,,rural,,,-32.85311022817168,-55.658685295518524,official_emis,exact,unknown
URY_000994,1108069,URY,NO TIENE,,1,ESCUELAS COMUNES,public,Uruguay,Florida,,,rural,,,-34.13265380689178,-55.582382850957586,official_emis,exact,unknown
URY_000995,1112018,URY,NO TIENE,,1,ESCUELAS COMUNES,public,Uruguay,Río Negro,,,urban,,,-32.388273092108854,-56.90651229763417,official_emis,exact,unknown
URY_000996,1114040,URY,NO TIENE,,1,ESCUELAS COMUNES,public,Uruguay,Rocha,La Paloma,,urban,,,-34.63363858134716,-54.15960204011598,official_emis,exact,unknown
URY_000997,1114052,URY,NO TIENE,,1,ESCUELAS COMUNES,public,Uruguay,Rocha,La Paloma,,urban,,,-34.659790471631176,-54.155447524275026,official_emis,exact,unknown
URY_000998,1114063,URY,NO TIENE,,1,ESCUELAS COMUNES,public,Uruguay,Rocha,,,rural,,,-34.67053859383136,-54.42296157663696,official_emis,exact,unknown
URY_000999,1115062,URY,NO TIENE,,1,ESCUELAS COMUNES,public,Uruguay,Salto,,,rural,,,-31.242878980663704,-56.77168417480517,official_emis,exact,unknown
URY_001000,1116019,URY,NO TIENE,,1,ESCUELAS COMUNES,public,Uruguay,San José,Rodríguez,,rural,,,-34.22012671157754,-56.53114409284575,official_emis,exact,unknown
URY_001001,1116048,URY,NO TIENE,,1,ESCUELAS COMUNES,public,Uruguay,San José,Ecilda Paullier,,urban,,,-34.35579529998483,-57.04699816681707,official_emis,exact,unknown
URY_001002,1116107,URY,NO TIENE,,1,ESCUELA ESPECIAL,public,Uruguay,San José,Libertad,,urban,,,-34.64024133720781,-56.61719369042601,official_emis,exact,unknown
URY_001003,1117013,URY,NO TIENE,,1,ESCUELAS COMUNES,public,Uruguay,Soriano,,,rural,,,-33.82928968293921,-58.0232991030471,official_emis,exact,unknown
URY_001004,1117067,URY,NO TIENE,,1,ESCUELAS COMUNES,public,Uruguay,Soriano,,,rural,,,-33.582170970012044,-57.72044286421774,official_emis,exact,unknown
URY_001005,1118145,URY,NO TIENE,,1,ESCUELAS COMUNES,public,Uruguay,Tacuarembó,,,urban,,,-31.710139835436763,-55.98773143770162,official_emis,exact,unknown
URY_001006,1105084,URY,NO TIENE NOMINACIÓN OFICIAL,,1,ESCUELAS COMUNES,public,Uruguay,Colonia,Nueva Helvecia,,rural,,,-34.322477034611886,-57.190733516065734,official_emis,exact,unknown
URY_001007,1116075,URY,NO TIENE.,,1,ESCUELAS COMUNES,public,Uruguay,San José,Rodríguez,,rural,,,-34.41386579146265,-56.51902084891013,official_emis,exact,unknown
URY_001008,1106054,URY,NORBERTO ARAMBURU,,1,ESCUELAS COMUNES,public,Uruguay,Durazno,,,rural,,,-32.82946742446851,-55.39139294723784,official_emis,exact,unknown
URY_001009,1104036,URY,NORBERTO SERGIO,,1,ESCUELAS COMUNES,public,Uruguay,Cerro Largo,Arévalo,,rural,,,-32.72504158273273,-55.03107880976405,official_emis,exact,unknown
URY_001010,1205007,URY,NUEVA HELVECIA,,2|3,,public,Uruguay,Colonia,Nueva Helvecia,,,,,-34.30110744895245,-57.2350663939683,official_emis,exact,unknown
URY_001011,1112061,URY,NUEVA MEHLEM,,1,ESCUELAS COMUNES,public,Uruguay,Río Negro,Nuevo Berlín,,rural,,,-32.97925060747934,-57.984614849152265,official_emis,exact,unknown
URY_001012,1205005,URY,NUEVA PALMIRA  DR. MEDULEO PEREZ FONTANA,,2|3,,public,Uruguay,Colonia,Nueva Palmira,,,,,-33.87141046911032,-58.41487206259869,official_emis,exact,unknown
URY_001013,1212002,URY,N°  1 DE YOUNG  MARIO W. LONG,,2|3,,public,Uruguay,Río Negro,Young,,,,,-32.70337876571686,-57.626995500597,official_emis,exact,unknown
URY_001014,1214004,URY,N° 1 DE CHUY  DR. SIMEON E. ARISTIMUÑO,,2|3,,public,Uruguay,Rocha,Chuy,,,,,-33.69971257896903,-53.456926790080864,official_emis,exact,unknown
URY_001015,1211001,URY,N° 1 DEPARTAMENTAL  Q. F. ELIDA HEINZEN,,3,,public,Uruguay,Paysandú,,,,,,-32.31575325872794,-58.09290422049902,official_emis,exact,unknown
URY_001016,1216001,URY,N° 1 DPTAL  DR. ALFONSO ESPINOLA,,3,,public,Uruguay,San José,,,,,,-34.33815037499775,-56.71203659752449,official_emis,exact,unknown
URY_001017,1213005,URY,N° 2  WILSON FERREIRA ALDUNATE,,2|3,,public,Uruguay,Rivera,,,,,,-30.894044177397515,-55.557246385496974,official_emis,exact,unknown
URY_001018,1203075,URY,N° 2 PROGRESO,,2,,public,Uruguay,Canelones,Progreso,,,,,-34.666793257459204,-56.21636991314997,official_emis,exact,unknown
URY_001019,1213006,URY,N° 3  BRIG. GRAL. JUAN ANTONIO LAVALLEJA,,2|3,,public,Uruguay,Rivera,,,,,,-30.908231016618277,-55.53674519709175,official_emis,exact,unknown
URY_001020,1204001,URY,N°. 1 DEPARTAMENTAL  JUANA DE IBARBOUROU,,2|3,,public,Uruguay,Cerro Largo,,,,,,-32.36645422845779,-54.169931616176235,official_emis,exact,unknown
URY_001021,1204005,URY,N°. 2  JUSTINO ZAVALA MUNIZ,,2|3,,public,Uruguay,Cerro Largo,,,,,,-32.37602848246111,-54.16906987595208,official_emis,exact,unknown
URY_001022,1212001,URY,N°1 DEPARTAMENTAL  EUGENIO CAPDEVIELLE,,3,,public,Uruguay,Río Negro,,,,,,-33.12037032300232,-58.30500928946804,official_emis,exact,unknown
URY_001023,1215009,URY,Nº 6,,2|3,,public,Uruguay,Salto,,,,,,-31.406376561837284,-57.9557667367624,official_emis,exact,unknown
URY_001024,1113087,URY,Nº 87 TRES CERROS,,1,ESCUELAS COMUNES,public,Uruguay,Rivera,,,rural,,,-31.62521294544753,-55.61515595215681,official_emis,exact,unknown
URY_001025,1209001,URY,Nº1 DEPARTAMENTAL  INSTITUTO EDUARDO FABINI,,3,,public,Uruguay,Lavalleja,,,,,,-34.373987223568456,-55.237332864583735,official_emis,exact,unknown
URY_001026,1215001,URY,Nº1 DPTAL.  INS. POLITECNICO OSIMANI Y LERENA,,3,,public,Uruguay,Salto,,,,,,-31.39008813636053,-57.957452750453896,official_emis,exact,unknown
URY_001027,1102045,URY,Nº45 TOPADOR,,1,ESCUELAS COMUNES,public,Uruguay,Artigas,,,rural,,,-30.29646796734001,-56.8191031924587,official_emis,exact,unknown
URY_001028,1101303,URY,O.E.A,,1,ESCUELAS COMUNES,public,Uruguay,Montevideo,Municipality A,,urban,,,-34.87364135976688,-56.26630807119615,official_emis,exact,unknown
URY_001029,1101205,URY,OBRA MORQUIO,,1,ESCUELA ESPECIAL,public,Uruguay,Montevideo,Municipality F,,urban,,,-34.84096296541297,-56.150051165003795,official_emis,exact,unknown
URY_001030,1103201,URY,OCTAVIO POSADA,,1,ESCUELAS COMUNES,public,Uruguay,Canelones,Progreso,,urban,,,-34.65876277869202,-56.231200209950494,official_emis,exact,unknown
URY_001031,1101219,URY,OLYMPIA FERNANDEZ,,1,ESCUELAS COMUNES,public,Uruguay,Montevideo,Municipality E,,urban,,,-34.89288759833155,-56.09914138317993,official_emis,exact,unknown
URY_001032,1205009,URY,OMBUES DE LAVALLE,,2|3,,public,Uruguay,Colonia,Ombúes de Lavalle,,,,,-33.935711183087136,-57.80970790654649,official_emis,exact,unknown
URY_001033,1118081,URY,ONCE CERROS,,1,ESCUELAS COMUNES,public,Uruguay,Tacuarembó,,,rural,,,-32.206453651998785,-55.858612218736674,official_emis,exact,unknown
URY_001034,1116105,URY,ORESTES ARAUJO,,1,ESCUELAS COMUNES,public,Uruguay,San José,,,urban,,,-34.33868939914264,-56.71500278763866,official_emis,exact,unknown
URY_001035,1101026,URY,PAISES BAJOS,,1,ESCUELAS COMUNES,public,Uruguay,Montevideo,Municipality A,,urban,,,-34.86223349153859,-56.217004061302276,official_emis,exact,unknown
URY_001036,1101191,URY,PAISES DEL MERCOSUR,,1,ESCUELAS COMUNES,public,Uruguay,Montevideo,Municipality D,,urban,,,-34.84397429981734,-56.156462432179325,official_emis,exact,unknown
URY_001037,1217009,URY,PALMAR,,2|3,,public,Uruguay,Soriano,,,,,,-33.06095468435847,-57.4588763114372,official_emis,exact,unknown
URY_001038,1111022,URY,PALMAR DE QUEBRACHO,,1,ESCUELAS COMUNES,public,Uruguay,Paysandú,Quebracho,,rural,,,-31.89959261127608,-57.73818230301249,official_emis,exact,unknown
URY_001039,1217007,URY,PALMITAS,,2|3,,public,Uruguay,Soriano,,,,,,-33.51108289467199,-57.80228496264652,official_emis,exact,unknown
URY_001040,1203002,URY,PANDO N°. 1  L. ALBERTO BRAUSE,,2|3,,public,Uruguay,Canelones,Pando,,,,,-34.7172692761814,-55.964541298002516,official_emis,exact,unknown
URY_001041,1203051,URY,PANDO Nº. 2,,3,,public,Uruguay,Canelones,Pando,,,,,-34.71440547551739,-55.966040312439546,official_emis,exact,unknown
URY_001042,1111082,URY,PANDULE,,1,ESCUELAS COMUNES,public,Uruguay,Paysandú,Piedras Coloradas,,rural,,,-32.38934465731098,-57.460063258407516,official_emis,exact,unknown
URY_001043,1108068,URY,PANTANOSO DE CASTRO,,1,ESCUELAS COMUNES,public,Uruguay,Florida,,,rural,,,-33.67296471620017,-56.020819134221675,official_emis,exact,unknown
URY_001044,1110084,URY,PARA PERSONAS SORDAS,,1,ESCUELA ESPECIAL,public,Uruguay,Maldonado,Maldonado,,urban,,,-34.914554008517726,-54.95081033520353,official_emis,exact,unknown
URY_001045,1115116,URY,PARA SORDOS Y ALTERACIONES DEL LENG,,1,ESCUELA ESPECIAL,public,Uruguay,Salto,,,urban,,,-31.385549633070227,-57.965925307186254,official_emis,exact,unknown
URY_001046,1108074,URY,PARADA COLONIA SÁNCHEZ,,1,ESCUELAS COMUNES,public,Uruguay,Florida,,,rural,,,-34.07799497444769,-56.08100409798503,official_emis,exact,unknown
URY_001047,1113021,URY,PARADA MEDINA,,1,ESCUELAS COMUNES,public,Uruguay,Rivera,,,rural,,,-31.130618915053812,-55.634548889185076,official_emis,exact,unknown
URY_001048,1111067,URY,PARADA RIVAS,,1,ESCUELAS COMUNES,public,Uruguay,Paysandú,Chapicuy,,rural,,,-31.83904388809891,-57.88844339713558,official_emis,exact,unknown
URY_001049,1119021,URY,"PARAJE ""LA LATA""",,1,ESCUELAS COMUNES,public,Uruguay,Treinta y Tres,,,rural,,,-32.74178838804539,-54.24193004302697,official_emis,exact,unknown
URY_001050,1117083,URY,PARAJE BIZCOCHO,,1,ESCUELAS COMUNES,public,Uruguay,Soriano,,,rural,,,-33.40231908852142,-57.94914303320003,official_emis,exact,unknown
URY_001051,1110035,URY,PARAJE CARLOS CAL,,1,ESCUELAS COMUNES,public,Uruguay,Maldonado,San Carlos,,rural,,,-34.72469278068057,-54.78105741970165,official_emis,exact,unknown
URY_001052,1117094,URY,PARAJE COQUIMBO,,1,ESCUELAS COMUNES,public,Uruguay,Soriano,Palmitas,,rural,,,-33.437408405753004,-57.72848518823415,official_emis,exact,unknown
URY_001053,1117073,URY,PARAJE CORRALITO,,1,ESCUELAS COMUNES,public,Uruguay,Soriano,,,rural,,,-33.66790068262519,-57.86492907590848,official_emis,exact,unknown
URY_001054,1117043,URY,PARAJE ESPINILLO,,1,ESCUELAS COMUNES,public,Uruguay,Soriano,Dolores,,rural,,,-33.58741496494211,-58.21932681855814,official_emis,exact,unknown
URY_001055,1203057,URY,PARQUE DEL PLATA,,2|3,,public,Uruguay,Canelones,Parque del Plata,,,,,-34.751406994520636,-55.728299668387116,official_emis,exact,unknown
URY_001056,1110029,URY,PARTIDO NORTE,,1,ESCUELAS COMUNES,public,Uruguay,Maldonado,San Carlos,,rural,,,-34.702255517907496,-54.911192853760866,official_emis,exact,unknown
URY_001057,1115069,URY,PASCUAL HARRIAGUE,,1,ESCUELAS COMUNES,public,Uruguay,Salto,San Antonio,,rural,,,-31.312879622980375,-57.78257094272869,official_emis,exact,unknown
URY_001058,1108056,URY,PASO CANDIL,,1,ESCUELAS COMUNES,public,Uruguay,Florida,,,rural,,,-34.04613138178778,-56.27192998986566,official_emis,exact,unknown
URY_001059,1203022,URY,PASO CARRASCO - DR. ALBERTO CANDEAU,,2|3,,public,Uruguay,Canelones,Paso Carrasco,,,,,-34.85200778564073,-56.043045884354875,official_emis,exact,unknown
URY_001060,1111076,URY,PASO CASTELL DE CORRALES,,1,ESCUELAS COMUNES,public,Uruguay,Paysandú,Tambores,,rural,,,-31.90397958451376,-56.64692101726879,official_emis,exact,unknown
URY_001061,1118090,URY,PASO DE BALTASAR,,1,ESCUELAS COMUNES,public,Uruguay,Tacuarembó,,,rural,,,-31.729898159624916,-55.783556933356735,official_emis,exact,unknown
URY_001062,1114023,URY,PASO DE BARRANCAS,,1,ESCUELAS COMUNES,public,Uruguay,Rocha,,,rural,,,-33.63200254015317,-53.807794903890375,official_emis,exact,unknown
URY_001063,1108090,URY,PASO DE CALLERO,,1,ESCUELAS COMUNES,public,Uruguay,Florida,,,rural,,,-34.095266028849764,-56.28914689317005,official_emis,exact,unknown
URY_001064,1106017,URY,PASO DE CASTRO,,1,ESCUELAS COMUNES,public,Uruguay,Durazno,,,rural,,,-33.278277526793275,-55.851241144963524,official_emis,exact,unknown
URY_001065,1113091,URY,PASO DE GAIRE,,1,ESCUELAS COMUNES,public,Uruguay,Rivera,,,rural,,,-31.377166831320118,-55.65709378748201,official_emis,exact,unknown
URY_001066,1108118,URY,PASO DE LA CRUZ DEL YI,,1,ESCUELAS COMUNES,public,Uruguay,Florida,,,rural,,,-33.450917028058804,-55.7799511381308,official_emis,exact,unknown
URY_001067,1105134,URY,PASO DE LA QUINTA,,1,ESCUELAS COMUNES,public,Uruguay,Colonia,,,rural,,,-34.14539095270623,-57.1425096683978,official_emis,exact,unknown
URY_001068,1116014,URY,PASO DE LAS PIEDRAS,,1,ESCUELAS COMUNES,public,Uruguay,San José,,,rural,,,-34.168186371429684,-56.73137470726324,official_emis,exact,unknown
URY_001069,1104079,URY,PASO DE LAS TROPAS,,1,ESCUELAS COMUNES,public,Uruguay,Cerro Largo,,,rural,,,-32.302310239421395,-54.17395628285639,official_emis,exact,unknown
URY_001070,1112011,URY,PASO DE LOS MELLIZOS,,1,ESCUELAS COMUNES,public,Uruguay,Río Negro,,,rural,,,-32.52142330132079,-57.158597579660864,official_emis,exact,unknown
URY_001071,1110046,URY,PASO DE LOS TALAS,,1,ESCUELAS COMUNES,public,Uruguay,Maldonado,Garzon,,rural,,,-34.107823301997236,-54.52471014574312,official_emis,exact,unknown
URY_001072,1218002,URY,PASO DE LOS TOROS Nº 1,,2|3,,public,Uruguay,Tacuarembó,Paso de los Toros,,,,,-32.808848083687515,-56.51331602519224,official_emis,exact,unknown
URY_001073,1218012,URY,PASO DE LOS TOROS Nº 2,,2|3,,public,Uruguay,Tacuarembó,Paso de los Toros,,,,,-32.80242715010815,-56.525505907382296,official_emis,exact,unknown
URY_001074,1116061,URY,PASO DE MÁS,,1,ESCUELAS COMUNES,public,Uruguay,San José,Rodríguez,,rural,,,-34.061837840602344,-56.46204743431514,official_emis,exact,unknown
URY_001075,1104038,URY,PASO DE PEREIRA,,1,ESCUELAS COMUNES,public,Uruguay,Cerro Largo,Arévalo,,rural,,,-32.47369022293429,-55.21362532195463,official_emis,exact,unknown
URY_001076,1118036,URY,PASO DEL CERRO,,1,ESCUELAS COMUNES,public,Uruguay,Tacuarembó,,,urban,,,-31.47760691617057,-55.83228711706872,official_emis,exact,unknown
URY_001077,1108046,URY,PASO DEL REY,,1,ESCUELAS COMUNES,public,Uruguay,Florida,,,rural,,,-33.597901568659815,-55.6411246085281,official_emis,exact,unknown
URY_001078,1118063,URY,PASO HONDO,,1,ESCUELAS COMUNES,public,Uruguay,Tacuarembó,,,rural,,,-32.34784104692971,-55.8845857800453,official_emis,exact,unknown
URY_001079,1105118,URY,PASO HOSPITAL,,1,ESCUELAS COMUNES,public,Uruguay,Colonia,Tarariras,,rural,,,-34.14274946295258,-57.65046667110608,official_emis,exact,unknown
URY_001080,1113041,URY,PASO HOSPITAL,,1,ESCUELAS COMUNES,public,Uruguay,Rivera,,,rural,,,-31.653154057863556,-54.62244852724812,official_emis,exact,unknown
URY_001081,1117086,URY,PASO LUGO,,1,ESCUELAS COMUNES,public,Uruguay,Soriano,,,rural,,,-33.24507036402632,-57.2679459192766,official_emis,exact,unknown
URY_001082,1113058,URY,PASO SERPA,,1,ESCUELAS COMUNES,public,Uruguay,Rivera,,,rural,,,-31.03030285275587,-55.50576744071472,official_emis,exact,unknown
URY_001083,1101240,URY,PAUL HARRIS,,1,ESCUELA ESPECIAL,public,Uruguay,Montevideo,Municipality E,,urban,,,-34.88304051454964,-56.09062602512055,official_emis,exact,unknown
URY_001084,1102073,URY,PAUL HARRIS,,1,ESCUELAS COMUNES,public,Uruguay,Artigas,,,urban,,,-30.39364106829385,-56.46210637152712,official_emis,exact,unknown
URY_001085,1103221,URY,PAUL HARRIS,,1,ESCUELAS COMUNES,public,Uruguay,Canelones,Canelones,,urban,,,-34.52324536096748,-56.29262375121648,official_emis,exact,unknown
URY_001086,1106074,URY,PAUL HARRIS,,1,ESCUELAS COMUNES,public,Uruguay,Durazno,Sarandí del Yí,,urban,,,-33.34810456303082,-55.63972095130502,official_emis,exact,unknown
URY_001087,1113144,URY,PAUL HARRIS,,1,ESCUELAS COMUNES,public,Uruguay,Rivera,,,urban,,,-30.90521647271762,-55.53027264344319,official_emis,exact,unknown
URY_001088,1101212,URY,PAULO FREIRE,,1,ESCUELA ESPECIAL,public,Uruguay,Montevideo,Municipality A,,urban,,,-34.87007348391567,-56.2403655622189,official_emis,exact,unknown
URY_001089,1211004,URY,PAYSANDU Nº 2,,2,,public,Uruguay,Paysandú,,,,,,-32.3198295483735,-58.07834623288297,official_emis,exact,unknown
URY_001090,1211008,URY,PAYSANDU Nº 3,,2|3,,public,Uruguay,Paysandú,,,,,,-32.30173662067324,-58.07804693290236,official_emis,exact,unknown
URY_001091,1211009,URY,PAYSANDU Nº 4,,2,,public,Uruguay,Paysandú,,,,,,-32.314489198966626,-58.069880451622595,official_emis,exact,unknown
URY_001092,1211010,URY,PAYSANDU Nº 5,,2|3,,public,Uruguay,Paysandú,,,,,,-32.315204159750856,-58.09277015393955,official_emis,exact,unknown
URY_001093,1211016,URY,PAYSANDU Nº 6,,2|3,,public,Uruguay,Paysandú,,,,,,-32.267447572913554,-58.0845212024311,official_emis,exact,unknown
URY_001094,1211017,URY,PAYSANDU Nº 7,,3,,public,Uruguay,Paysandú,,,,,,-32.32166541922457,-58.07356618616878,official_emis,exact,unknown
URY_001095,1101056,URY,PEDRO A. MACCIO,,1,ESCUELAS COMUNES,public,Uruguay,Montevideo,Municipality D,,urban,,,-34.8482843608644,-56.161646880994965,official_emis,exact,unknown
URY_001096,1115015,URY,PEDRO AMBROSONI,,1,ESCUELAS COMUNES,public,Uruguay,Salto,San Antonio,,urban,,,-31.358653480310956,-57.77008067433294,official_emis,exact,unknown
URY_001097,1109041,URY,PEDRO ARAMENDIA,,1,ESCUELAS COMUNES,public,Uruguay,Lavalleja,,,rural,,,-33.65216457858388,-54.612434940765056,official_emis,exact,unknown
URY_001098,1113079,URY,PEDRO BERNARDINO RODRIGUEZ PAIVA (,,1,ESCUELAS COMUNES,public,Uruguay,Rivera,,,rural,,,-31.084344714206328,-56.012047652399716,official_emis,exact,unknown
URY_001099,1111043,URY,PEDRO JACOBO ETCHEMENDY,,1,ESCUELAS COMUNES,public,Uruguay,Paysandú,Porvenir,,rural,,,-32.35271979826429,-57.72644050864086,official_emis,exact,unknown
URY_001100,1119004,URY,PEQUEÑO DIONISIO,,1,ESCUELAS COMUNES,public,Uruguay,Treinta y Tres,,,rural,,,-33.04894809732507,-54.152310503699205,official_emis,exact,unknown
URY_001101,1114072,URY,PEREGRINA BALBOA,,1,ESCUELAS COMUNES,public,Uruguay,Rocha,,,urban,,,-34.4763839677375,-54.31855820888244,official_emis,exact,unknown
URY_001102,1110044,URY,PETRONA FONTES DE BONILLA,,1,ESCUELAS COMUNES,public,Uruguay,Maldonado,Pan de Azúcar,,urban,,,-34.84636443199748,-55.181822280917814,official_emis,exact,unknown
URY_001103,1101210,URY,PETRONA VIERA,,1,ESCUELA ESPECIAL,public,Uruguay,Montevideo,Municipality CH,,urban,,,-34.88642513755562,-56.15738578172494,official_emis,exact,unknown
URY_001104,1118113,URY,PICADA DE CUELLO,,1,ESCUELAS COMUNES,public,Uruguay,Tacuarembó,,,rural,,,-32.053518784592846,-55.316682184938124,official_emis,exact,unknown
URY_001105,1108100,URY,PIEDRA CAMPANA,,1,ESCUELAS COMUNES,public,Uruguay,Florida,,,rural,,,-33.98439082477009,-55.607528818882976,official_emis,exact,unknown
URY_001106,1108086,URY,PIEDRAS COLORADAS,,1,ESCUELAS COMUNES,public,Uruguay,Florida,,,rural,,,-33.67081520891229,-56.338276191062015,official_emis,exact,unknown
URY_001107,1211006,URY,PIEDRAS COLORADAS,,2|3,,public,Uruguay,Paysandú,Piedras Coloradas,,,,,-32.37465646308945,-57.6018710371022,official_emis,exact,unknown
URY_001108,1107044,URY,PILAR DE HERRERA DE ARTEAGA,,1,ESCUELAS COMUNES,public,Uruguay,Flores,,,urban,,,-33.964169551441756,-57.09209127448743,official_emis,exact,unknown
URY_001109,1210005,URY,PIRIAPOLIS,,2|3,,public,Uruguay,Maldonado,Piriápolis,,,,,-34.86421201379986,-55.27685985498235,official_emis,exact,unknown
URY_001110,1105092,URY,PLACIDO LAGUNA,,1,ESCUELAS COMUNES,public,Uruguay,Colonia,Carmelo,,urban,,,-33.991001675351605,-58.282940409930085,official_emis,exact,unknown
URY_001111,1216010,URY,PLAYA PASCUAL,,2|3,,public,Uruguay,San José,Ciudad del Plata,,,,,-34.74126481072614,-56.457309969902305,official_emis,exact,unknown
URY_001112,1113132,URY,POETA LALO MENDOZA,,1,ESCUELA ESPECIAL,public,Uruguay,Rivera,,,urban,,,-30.90149925717564,-55.55588952084461,official_emis,exact,unknown
URY_001113,1108016,URY,POLANCO DEL YÍ,,1,ESCUELAS COMUNES,public,Uruguay,Florida,,,rural,,,-33.494567864138055,-56.15289187255483,official_emis,exact,unknown
URY_001114,1101065,URY,PORTUGAL,,1,ESCUELAS COMUNES,public,Uruguay,Montevideo,Municipality B,,urban,,,-34.909154636068436,-56.21065880818885,official_emis,exact,unknown
URY_001115,1115091,URY,PORTUGAL,,1,ESCUELAS COMUNES,public,Uruguay,Salto,,,rural,,,-31.316980832651645,-57.88331583279462,official_emis,exact,unknown
URY_001116,1101044,URY,PRESBITERO JOSE BENITO LAMAS,,1,ESCUELAS COMUNES,public,Uruguay,Montevideo,Municipality E,,urban,,,-34.87436040174404,-56.13560386007014,official_emis,exact,unknown
URY_001117,1108108,URY,PROF.CLEMENTE ESTABLE,,1,ESCUELAS COMUNES,public,Uruguay,Florida,,,urban,,,-34.08790738936376,-56.21373326752863,official_emis,exact,unknown
URY_001118,1101292,URY,PROFESOR ALFREDO TRAVERSONI,,1,ESCUELAS COMUNES,public,Uruguay,Montevideo,Municipality A,,urban,,,-34.83812763462961,-56.2364812679945,official_emis,exact,unknown
URY_001119,1103156,URY,PROFESOR CLEMENTE ESTABLE,,1,ESCUELAS COMUNES,public,Uruguay,Canelones,Santa Lucía,,urban,,,-34.45933334592048,-56.39657098074638,official_emis,exact,unknown
URY_001120,1203009,URY,PROGRESO  GILBERTO IGLESIAS,,2|3,,public,Uruguay,Canelones,Progreso,,,,,-34.66113302083133,-56.22244747951041,official_emis,exact,unknown
URY_001121,1117018,URY,PRUDENCIO B. LAVISTA,,1,ESCUELAS COMUNES,public,Uruguay,Soriano,,,urban,,,-33.12039639923892,-57.63923566281231,official_emis,exact,unknown
URY_001122,1115033,URY,PUEBLO BIASSINI,,1,ESCUELAS COMUNES,public,Uruguay,Salto,Valentín,,rural,,,-31.2779682567665,-57.12311418758633,official_emis,exact,unknown
URY_001123,1118134,URY,PUEBLO DE ARRIBA,,1,ESCUELAS COMUNES,public,Uruguay,Tacuarembó,Ansina,,rural,,,-31.863237335130986,-55.43740801326638,official_emis,exact,unknown
URY_001124,1113121,URY,PUEBLO DE LOS GARCÍA,,1,ESCUELAS COMUNES,public,Uruguay,Rivera,,,rural,,,-31.885704498998585,-54.72112311966936,official_emis,exact,unknown
URY_001125,1113125,URY,PUEBLO DE LOS SANTOS,,1,ESCUELAS COMUNES,public,Uruguay,Rivera,,,rural,,,-32.013397204945996,-54.58265331213911,official_emis,exact,unknown
URY_001126,1211011,URY,PUEBLO GALLINAL,,2,,public,Uruguay,Paysandú,,,,,,-31.884294122840398,-57.47729690585703,official_emis,exact,unknown
URY_001127,1212007,URY,PUEBLO GRECO,,2|3,,public,Uruguay,Río Negro,,,,,,-32.81528786979521,-57.046501440938,official_emis,exact,unknown
URY_001128,1211018,URY,PUEBLO PORVENIR,,2|3,,public,Uruguay,Paysandú,Porvenir,,,,,-32.392657887661365,-57.97006439910453,official_emis,exact,unknown
URY_001129,1113122,URY,PUEBLO SOCORRO,,1,ESCUELAS COMUNES,public,Uruguay,Rivera,,,rural,,,-31.906747773345,-54.79431742464699,official_emis,exact,unknown
URY_001130,1105028,URY,PUERTO ROSARIO,,1,ESCUELAS COMUNES,public,Uruguay,Colonia,Rosario,,rural,,,-34.367796441896,-57.319571601014296,official_emis,exact,unknown
URY_001131,1105039,URY,PUERTO SAUCE,,1,ESCUELAS COMUNES,public,Uruguay,Colonia,Juan L. Lacaze,,urban,,,-34.433652741531795,-57.437468936857854,official_emis,exact,unknown
URY_001132,1118116,URY,PUNTA DE CARRETERA,,1,ESCUELAS COMUNES,public,Uruguay,Tacuarembó,,,rural,,,-32.083321806930094,-55.19554995186288,official_emis,exact,unknown
URY_001133,1112028,URY,PUNTA DE SANTA FE,,1,ESCUELAS COMUNES,public,Uruguay,Río Negro,,,rural,,,-33.168459037723345,-58.19749268984309,official_emis,exact,unknown
URY_001134,1116093,URY,PUNTA DE TABAREZ,,1,ESCUELAS COMUNES,public,Uruguay,San José,Rodríguez,,rural,,,-34.0936748555982,-56.567366485317436,official_emis,exact,unknown
URY_001135,1210006,URY,PUNTA DEL ESTE,,2|3,,public,Uruguay,Maldonado,Punta del Este,,,,,-34.944039731062645,-54.936193646659504,official_emis,exact,unknown
URY_001136,1112033,URY,PUNTAS DE AVERIAS,,1,ESCUELAS COMUNES,public,Uruguay,Río Negro,,,rural,,,-32.46710536324791,-56.80764774556643,official_emis,exact,unknown
URY_001137,1108079,URY,PUNTAS DE CHAMAMÉ,,1,ESCUELAS COMUNES,public,Uruguay,Florida,,,rural,,,-33.88771099095475,-55.425020907867776,official_emis,exact,unknown
URY_001138,1107010,URY,PUNTAS DE CORRAL DE PIEDRAS,,1,ESCUELAS COMUNES,public,Uruguay,Flores,,,rural,,,-33.87031990927521,-56.50427279828911,official_emis,exact,unknown
URY_001139,1113017,URY,PUNTAS DE CORRALES,,1,ESCUELAS COMUNES,public,Uruguay,Rivera,,,rural,,,-31.286041993648617,-55.16381302009131,official_emis,exact,unknown
URY_001140,1114016,URY,PUNTAS DE DON CARLOS,,1,ESCUELAS COMUNES,public,Uruguay,Rocha,,,rural,,,-34.30124014141813,-54.2974077500559,official_emis,exact,unknown
URY_001141,1108065,URY,PUNTAS DE LA ESCOBILLA,,1,ESCUELAS COMUNES,public,Uruguay,Florida,Fray Marcos,,rural,,,-34.14594923801386,-55.75124084102642,official_emis,exact,unknown
URY_001142,1104028,URY,PUNTAS DE LA MINA,,1,ESCUELAS COMUNES,public,Uruguay,Cerro Largo,Isidoro Noblía,,rural,,,-31.930405207628063,-54.13231303761408,official_emis,exact,unknown
URY_001143,1117082,URY,PUNTAS DE MACIEL,,1,ESCUELAS COMUNES,public,Uruguay,Soriano,,,rural,,,-33.469161151046976,-57.433002431038986,official_emis,exact,unknown
URY_001144,1106069,URY,PUNTAS DE MALBAJAR,,1,ESCUELAS COMUNES,public,Uruguay,Durazno,,,rural,,,-33.073373892108314,-55.458256551917216,official_emis,exact,unknown
URY_001145,1105125,URY,PUNTAS DE MELO,,1,ESCUELAS COMUNES,public,Uruguay,Colonia,Tarariras,,rural,,,-34.24564971656418,-57.595427318297716,official_emis,exact,unknown
URY_001146,1108081,URY,PUNTAS DE PARANÁ,,1,ESCUELAS COMUNES,public,Uruguay,Florida,Sarandí Grande,,rural,,,-33.749000565236635,-56.32141643826567,official_emis,exact,unknown
URY_001147,1112030,URY,PUNTAS DE ROLÓN,,1,ESCUELAS COMUNES,public,Uruguay,Río Negro,,,rural,,,-32.64048892172018,-56.90083467454041,official_emis,exact,unknown
URY_001148,1108085,URY,PUNTAS DE SAN GABRIEL,,1,ESCUELAS COMUNES,public,Uruguay,Florida,,,rural,,,-34.1102246300604,-55.82573931768237,official_emis,exact,unknown
URY_001149,1107022,URY,PUNTAS DE SAN JOSÉ,,1,ESCUELAS COMUNES,public,Uruguay,Flores,,,rural,,,-33.700846865902264,-56.90892444546222,official_emis,exact,unknown
URY_001150,1115054,URY,PUNTAS DE VALENTIN,,1,ESCUELAS COMUNES,public,Uruguay,Salto,,,rural,,,-31.50157428715401,-57.13481072695192,official_emis,exact,unknown
URY_001151,1104034,URY,PUNTAS DEL CHUY,,1,ESCUELAS COMUNES,public,Uruguay,Cerro Largo,,,rural,,,-32.172611624421506,-54.08335662990632,official_emis,exact,unknown
URY_001152,1117089,URY,PUNTAS DEL COLOLO,,1,ESCUELAS COMUNES,public,Uruguay,Soriano,,,rural,,,-33.29914193503647,-57.66852725808953,official_emis,exact,unknown
URY_001153,1105070,URY,PUNTAS DEL SAUCE,,1,ESCUELAS COMUNES,public,Uruguay,Colonia,Tarariras,,rural,,,-34.19817414469564,-57.52490247582392,official_emis,exact,unknown
URY_001154,1117080,URY,PUNTAS DEL TALA,,1,ESCUELAS COMUNES,public,Uruguay,Soriano,,,rural,,,-33.391730477477,-57.556658146220336,official_emis,exact,unknown
URY_001155,1118026,URY,Q.F.LUIS S.DINI,,1,ESCUELAS COMUNES,public,Uruguay,Tacuarembó,,,urban,,,-31.810621311884155,-55.975301234591335,official_emis,exact,unknown
URY_001156,1211005,URY,QUEBRACHO,,2|3,,public,Uruguay,Paysandú,Quebracho,,,,,-31.937838093785256,-57.89999295335287,official_emis,exact,unknown
URY_001157,1111048,URY,QUEGUAY,,1,ESCUELAS COMUNES,public,Uruguay,Paysandú,Lorenzo Geyres,,urban,,,-32.077462199758294,-57.918671150012344,official_emis,exact,unknown
URY_001158,1103147,URY,QUEMADA,,1,ESCUELAS COMUNES,public,Uruguay,Canelones,Santa Rosa,,rural,,,-34.51513165966707,-56.0245919845247,official_emis,exact,unknown
URY_001159,1118025,URY,QUIEBRA YUGOS,,1,ESCUELAS COMUNES,public,Uruguay,Tacuarembó,,,rural,,,-31.67336663843624,-56.09441293173044,official_emis,exact,unknown
URY_001160,1106016,URY,RAMIRO PUCURULL ISLAS,,1,ESCUELAS COMUNES,public,Uruguay,Durazno,,,rural,,,-33.405290759307874,-56.55111896809053,official_emis,exact,unknown
URY_001161,1103233,URY,RAMON ALVAREZ,,1,ESCUELAS COMUNES,public,Uruguay,Canelones,La Paz,,urban,,,-34.763459198323034,-56.22445041714204,official_emis,exact,unknown
URY_001162,1105075,URY,RAMON ERRECARTE,,1,ESCUELAS COMUNES,public,Uruguay,Colonia,Nueva Helvecia,,rural,,,-34.34860100968225,-57.16097827696722,official_emis,exact,unknown
URY_001163,1101141,URY,REINO DE MALASIA,,1,ESCUELAS COMUNES,public,Uruguay,Montevideo,Municipality D,,urban,,,-34.80244989515377,-56.16176140483126,official_emis,exact,unknown
URY_001164,1113075,URY,REP BOL. DE VENEZUELA,,1,ESCUELAS COMUNES,public,Uruguay,Rivera,,,urban,,,-30.923762585199263,-55.581707244826426,official_emis,exact,unknown
URY_001165,1101344,URY,REP.BOLIVARIANA DE VENEZUELA,,1,ESCUELAS COMUNES,public,Uruguay,Montevideo,Municipality F,,urban,,,-34.868615424153596,-56.131670593725524,official_emis,exact,unknown
URY_001166,1110047,URY,REPECHO,,1,ESCUELAS COMUNES,public,Uruguay,Maldonado,Pan de Azúcar,,rural,,,-34.753440215136315,-55.109360222927016,official_emis,exact,unknown
URY_001167,1101002,URY,REPUBLICA ARGENTINA,,1,ESCUELAS COMUNES,public,Uruguay,Montevideo,Municipality B,,urban,,,-34.905010464645315,-56.190667837813706,official_emis,exact,unknown
URY_001168,1103116,URY,REPUBLICA ARGENTINA,,1,ESCUELAS COMUNES,public,Uruguay,Canelones,Tala,,urban,,,-34.34485801687926,-55.75960589570465,official_emis,exact,unknown
URY_001169,1105037,URY,REPUBLICA ARGENTINA,,1,ESCUELAS COMUNES,public,Uruguay,Colonia,,,urban,,,-34.43878461699619,-57.8553247573134,official_emis,exact,unknown
URY_001170,1107031,URY,REPUBLICA ARGENTINA,,1,ESCUELAS COMUNES,public,Uruguay,Flores,,,urban,,,-33.51886293201459,-56.88952810231585,official_emis,exact,unknown
URY_001171,1108116,URY,REPUBLICA ARGENTINA,,1,ESCUELAS COMUNES,public,Uruguay,Florida,,,urban,,,-34.09617854567745,-56.22242673497757,official_emis,exact,unknown
URY_001172,1111013,URY,REPUBLICA ARGENTINA,,1,ESCUELAS COMUNES,public,Uruguay,Paysandú,,,urban,,,-32.267447572913554,-58.0845212024311,official_emis,exact,unknown
URY_001173,1112007,URY,REPUBLICA ARGENTINA,,1,ESCUELAS COMUNES,public,Uruguay,Río Negro,,,urban,,,-33.131464639941925,-58.29109856364456,official_emis,exact,unknown
URY_001174,1113008,URY,REPUBLICA ARGENTINA,,1,ESCUELAS COMUNES,public,Uruguay,Rivera,,,urban,,,-30.89956231319849,-55.53607148252892,official_emis,exact,unknown
URY_001175,1115112,URY,REPUBLICA ARGENTINA,,1,ESCUELAS COMUNES,public,Uruguay,Salto,,,urban,,,-31.366026539911573,-57.959816361475646,official_emis,exact,unknown
URY_001176,1118137,URY,REPUBLICA ARGENTINA,,1,ESCUELAS COMUNES,public,Uruguay,Tacuarembó,,,urban,,,-31.706014088684828,-55.983966718849764,official_emis,exact,unknown
URY_001177,1115016,URY,REPUBLICA DE ARMENIA,,1,ESCUELAS COMUNES,public,Uruguay,Salto,San Antonio,,urban,,,-31.37663390603923,-57.79829459236321,official_emis,exact,unknown
URY_001178,1101042,URY,REPUBLICA DE BOLIVIA,,1,ESCUELAS COMUNES,public,Uruguay,Montevideo,Municipality G,,urban,,,-34.84800792927414,-56.19821583701022,official_emis,exact,unknown
URY_001179,1101131,URY,REPUBLICA DE CHILE,,1,ESCUELAS COMUNES,public,Uruguay,Montevideo,Municipality B,,urban,,,-34.91008260602153,-56.199506514026886,official_emis,exact,unknown
URY_001180,1101148,URY,REPUBLICA DE COREA,,1,ESCUELAS COMUNES,public,Uruguay,Montevideo,Municipality A,,urban,,,-34.8523155885927,-56.242825957183825,official_emis,exact,unknown
URY_001181,1101041,URY,REPUBLICA DE ECUADOR,,1,ESCUELAS COMUNES,public,Uruguay,Montevideo,Municipality C,,urban,,,-34.88893100902763,-56.18367940779067,official_emis,exact,unknown
URY_001182,1101035,URY,REPUBLICA DE GUATEMALA,,1,ESCUELAS COMUNES,public,Uruguay,Montevideo,Municipality CH,,urban,,,-34.89944059078231,-56.13099603891961,official_emis,exact,unknown
URY_001183,1101008,URY,REPUBLICA DE HAITI,,1,ESCUELAS COMUNES,public,Uruguay,Montevideo,Municipality B,,urban,,,-34.90920301627639,-56.191951191733956,official_emis,exact,unknown
URY_001184,1113044,URY,REPUBLICA DE ITALIA,,1,ESCUELAS COMUNES,public,Uruguay,Rivera,,,urban,,,-30.914161343686498,-55.53939649275893,official_emis,exact,unknown
URY_001185,1118005,URY,REPUBLICA DE ITALIA,,1,ESCUELAS COMUNES,public,Uruguay,Tacuarembó,,,urban,,,-31.707584466253238,-56.00463332701174,official_emis,exact,unknown
URY_001186,1119032,URY,REPUBLICA DE ITALIA,,1,ESCUELAS COMUNES,public,Uruguay,Treinta y Tres,,,urban,,,-33.24360139175159,-54.37064243462873,official_emis,exact,unknown
URY_001187,1101318,URY,REPUBLICA DE LITUANIA,,1,ESCUELAS COMUNES,public,Uruguay,Montevideo,Municipality A,,urban,,,-34.887673556067966,-56.267999972211996,official_emis,exact,unknown
URY_001188,1101049,URY,REPUBLICA DE NICARAGUA,,1,ESCUELAS COMUNES,public,Uruguay,Montevideo,Municipality F,,urban,,,-34.85766068389147,-56.129324377183885,official_emis,exact,unknown
URY_001189,1101028,URY,REPUBLICA DE PANAMÁ,,1,ESCUELAS COMUNES,public,Uruguay,Montevideo,Municipality D,,urban,,,-34.87864560017849,-56.15383238752186,official_emis,exact,unknown
URY_001190,1101051,URY,REPUBLICA DEL PARAGUAY,,1,ESCUELAS COMUNES,public,Uruguay,Montevideo,Municipality CH,,urban,,,-34.90112558731826,-56.140971185641476,official_emis,exact,unknown
URY_001191,1103067,URY,REPUBLICA DEL PARAGUAY,,1,ESCUELAS COMUNES,public,Uruguay,Canelones,Montes,,urban,,,-34.496630438921144,-55.561263636561584,official_emis,exact,unknown
URY_001192,1113094,URY,REPUBLICA DEL PARAGUAY,,1,ESCUELAS COMUNES,public,Uruguay,Rivera,,,urban,,,-30.933155706785435,-55.546884022912515,official_emis,exact,unknown
URY_001193,1117095,URY,REPUBLICA DEL PARAGUAY,,1,ESCUELAS COMUNES,public,Uruguay,Soriano,,,urban,,,-33.25142621487061,-58.044550246759435,official_emis,exact,unknown
URY_001194,1118012,URY,REPUBLICA DEL PARAGUAY,,1,ESCUELAS COMUNES,public,Uruguay,Tacuarembó,Paso de los Toros,,urban,,,-32.81129297914754,-56.51806686354073,official_emis,exact,unknown
URY_001195,1101142,URY,REPUBLICA DEL PERU,,1,ESCUELAS COMUNES,public,Uruguay,Montevideo,Municipality D,,urban,,,-34.74920319232876,-56.16588317541952,official_emis,exact,unknown
URY_001196,1103236,URY,REPUBLICA DEL PERU,,1,ESCUELAS COMUNES,public,Uruguay,Canelones,Toledo,,urban,,,-34.73865485728851,-56.11259439794018,official_emis,exact,unknown
URY_001197,1101052,URY,REPUBLICA DOMINICANA,,1,ESCUELAS COMUNES,public,Uruguay,Montevideo,Municipality G,,urban,,,-34.831126363255805,-56.2160410254845,official_emis,exact,unknown
URY_001198,1103155,URY,REPUBLICA FEDERAL DE ALEMANIA,,1,ESCUELAS COMUNES,public,Uruguay,Canelones,Nicolich,,urban,,,-34.81624436818301,-56.03834262238821,official_emis,exact,unknown
URY_001199,1103005,URY,REPUBLICA FRANCESA,,1,ESCUELAS COMUNES,public,Uruguay,Canelones,Los Cerrillos,,rural,,,-34.585822201599434,-56.331358345113536,official_emis,exact,unknown
URY_001200,1114090,URY,REPUBLICA ITALIANA,,1,ESCUELAS COMUNES,public,Uruguay,Rocha,,,urban,,,-34.4855066424082,-54.349521850245395,official_emis,exact,unknown
URY_001201,1101125,URY,REPUBLICA LIBANESA,,1,ESCUELAS COMUNES,public,Uruguay,Montevideo,Municipality G,,urban,,,-34.83670911998275,-56.19411479562281,official_emis,exact,unknown
URY_001202,1101319,URY,REPUBLICA POPULAR CHINA,,1,ESCUELAS COMUNES,public,Uruguay,Montevideo,Municipality D,,urban,,,-34.83077121751861,-56.17461935661006,official_emis,exact,unknown
URY_001203,1104121,URY,REPÙBLICA DE ITALIA,,1,ESCUELA ESPECIAL,public,Uruguay,Cerro Largo,,,urban,,,-32.360222791042084,-54.147094886346295,official_emis,exact,unknown
URY_001204,1113124,URY,REPÙBLICA POPULAR CHINA,,1,ESCUELAS COMUNES,public,Uruguay,Rivera,Tranqueras,,urban,,,-31.187865236421302,-55.7727561423625,official_emis,exact,unknown
URY_001205,1104119,URY,REPÚBLICA ARGENTINA,,1,ESCUELAS COMUNES,public,Uruguay,Cerro Largo,,,urban,,,-32.368311831798,-54.136418444832906,official_emis,exact,unknown
URY_001206,1103127,URY,REPÚBLICA CHECA,,1,ESCUELAS COMUNES,public,Uruguay,Canelones,Salinas,,rural,,,-34.694608468605935,-55.857558267466956,official_emis,exact,unknown
URY_001207,1101364,URY,REPÚBLICA DE BULGARIA,,1,ESCUELAS COMUNES,public,Uruguay,Montevideo,Municipality A,,urban,,,-34.879891938952824,-56.26507074693038,official_emis,exact,unknown
URY_001208,1101033,URY,REPÚBLICA DE COLOMBIA,,1,ESCUELAS COMUNES,public,Uruguay,Montevideo,Municipality C,,urban,,,-34.88534460344424,-56.17869200710141,official_emis,exact,unknown
URY_001209,1101275,URY,REPÚBLICA DE CROACIA,,1,ESCUELAS COMUNES,public,Uruguay,Montevideo,Municipality G,,urban,,,-34.843820521244105,-56.20733465225523,official_emis,exact,unknown
URY_001210,1112002,URY,REPÚBLICA DE FINLANDIA,,1,ESCUELAS COMUNES,public,Uruguay,Río Negro,,,urban,,,-33.12900199515143,-58.292005813616704,official_emis,exact,unknown
URY_001211,1101058,URY,REPÚBLICA DE SUDÁFRICA,,1,ESCUELAS COMUNES,public,Uruguay,Montevideo,Municipality A,,urban,,,-34.86409206608818,-56.235584952010164,official_emis,exact,unknown
URY_001212,1101367,URY,REPÚBLICA DE SURINAM,,1,ESCUELAS COMUNES,public,Uruguay,Montevideo,Municipality D,,urban,,,-34.82116830976934,-56.15630136048149,official_emis,exact,unknown
URY_001213,1111006,URY,REPÚBLICA DEL PARAGUAY,,1,ESCUELAS COMUNES,public,Uruguay,Paysandú,,,urban,,,-32.322420117919826,-58.08656768750033,official_emis,exact,unknown
URY_001214,1104107,URY,REPÚBLICA FEDERAL DE ALEMANIA,,1,ESCUELAS COMUNES,public,Uruguay,Cerro Largo,Bañado de Medina,,rural,,,-32.364764236596926,-54.21182090448993,official_emis,exact,unknown
URY_001215,1113134,URY,REPÚBLICA FRANCESA,,1,ESCUELAS COMUNES,public,Uruguay,Rivera,,,urban,,,-30.88735510289438,-55.55206383921936,official_emis,exact,unknown
URY_001216,1113150,URY,REPÚBLICA LIBANESA,,1,ESCUELAS COMUNES,public,Uruguay,Rivera,,,rural,,,-30.984424509742734,-55.4977602291429,official_emis,exact,unknown
URY_001217,1109095,URY,RETAMOSA,,1,ESCUELAS COMUNES,public,Uruguay,Lavalleja,,,rural,,,-33.58183258840737,-54.731516290018156,official_emis,exact,unknown
URY_001218,1103096,URY,REZCALA NEFFA,,1,ESCUELAS COMUNES,public,Uruguay,Canelones,San Ramon,,rural,,,-34.308906488607384,-56.050315929166466,official_emis,exact,unknown
URY_001219,1116102,URY,RICARDO DETOMASI,,1,ESCUELAS COMUNES,public,Uruguay,San José,,,urban,,,-34.332248725883936,-56.699272374861025,official_emis,exact,unknown
URY_001220,1106072,URY,RINCON DE BAYGORRIA,,1,ESCUELAS COMUNES,public,Uruguay,Durazno,,,rural,,,-32.879464524901344,-56.81297314555924,official_emis,exact,unknown
URY_001221,1216006,URY,RINCON DE LA BOLSA,,2|3,,public,Uruguay,San José,Ciudad del Plata,,,,,-34.76419746694075,-56.39617490575662,official_emis,exact,unknown
URY_001222,1104105,URY,RINCON DE LOS OLIVERA,,1,ESCUELAS COMUNES,public,Uruguay,Cerro Largo,Las Cañas,,rural,,,-32.541061640846586,-53.72794800187844,official_emis,exact,unknown
URY_001223,1118079,URY,RINCON DE PEREIRA,,1,ESCUELAS COMUNES,public,Uruguay,Tacuarembó,,,rural,,,-32.394048461842,-55.29225683053674,official_emis,exact,unknown
URY_001224,1112041,URY,RINCON DE RAMIREZ,,1,ESCUELAS COMUNES,public,Uruguay,Río Negro,,,rural,,,-32.945246552002416,-57.0020433600935,official_emis,exact,unknown
URY_001225,1215008,URY,RINCON DE VALENTIN (RURAL),,2|3,,public,Uruguay,Salto,Valentín,,,,,-31.280972528099923,-57.19602860187561,official_emis,exact,unknown
URY_001226,1118121,URY,RINCON DE ZAMORA,,1,ESCUELAS COMUNES,public,Uruguay,Tacuarembó,,,rural,,,-32.276952974963045,-55.59658246903684,official_emis,exact,unknown
URY_001227,1110036,URY,RINCON DEL DIARIO,,1,ESCUELAS COMUNES,public,Uruguay,Maldonado,Maldonado,,rural,,,-34.88529615148036,-55.026385314678954,official_emis,exact,unknown
URY_001228,1116039,URY,RINCÒN DE ARIAS,,1,ESCUELAS COMUNES,public,Uruguay,San José,Rodríguez,,rural,,,-34.26115119558679,-56.57038856262645,official_emis,exact,unknown
URY_001229,1118098,URY,RINCÓN DE CHARATAS,,1,ESCUELAS COMUNES,public,Uruguay,Tacuarembó,,,rural,,,-32.357934576782675,-56.02375975991689,official_emis,exact,unknown
URY_001230,1117038,URY,RINCÓN DE COLOLÓ,,1,ESCUELAS COMUNES,public,Uruguay,Soriano,,,rural,,,-33.056342578974636,-57.861566539061094,official_emis,exact,unknown
URY_001231,1116012,URY,RINCÓN DE LA TORRE,,1,ESCUELAS COMUNES,public,Uruguay,San José,Rodríguez,,rural,,,-34.46621490430594,-56.61545293760228,official_emis,exact,unknown
URY_001232,1113082,URY,RINCÓN DE LOS RODRIGUEZ,,1,ESCUELAS COMUNES,public,Uruguay,Rivera,,,rural,,,-31.66013932018322,-54.982954561147494,official_emis,exact,unknown
URY_001233,1107021,URY,RINCÓN DE PALACIO,,1,ESCUELAS COMUNES,public,Uruguay,Flores,,,rural,,,-33.28702874052932,-57.15189196677331,official_emis,exact,unknown
URY_001234,1108106,URY,RINCÓN DE VIGNOLES,,1,ESCUELAS COMUNES,public,Uruguay,Florida,,,rural,,,-34.30045371223884,-56.28170683451012,official_emis,exact,unknown
URY_001235,1213009,URY,RIVERA Nº 4,,2|3,,public,Uruguay,Rivera,,,,,,-30.92058995498978,-55.574606653329795,official_emis,exact,unknown
URY_001236,1213012,URY,RIVERA Nº 5,,3,,public,Uruguay,Rivera,,,,,,-30.893717882713286,-55.55792083115034,official_emis,exact,unknown
URY_001237,1213013,URY,RIVERA Nº 6,,2,,public,Uruguay,Rivera,,,,,,-30.9011157062021,-55.544208611760176,official_emis,exact,unknown
URY_001238,1213016,URY,RIVERA Nº 7,,3,,public,Uruguay,Rivera,,,,,,-30.90855193762935,-55.537200700000255,official_emis,exact,unknown
URY_001239,1213015,URY,RIVERA Nº 8,,2,,public,Uruguay,Rivera,,,,,,-30.93121722211905,-55.546191203037445,official_emis,exact,unknown
URY_001240,1214013,URY,ROCHA Nº 3,,2,,public,Uruguay,Rocha,,,,,,-34.48068760864827,-54.32818520860881,official_emis,exact,unknown
URY_001241,1101339,URY,ROMA,,1,ESCUELAS COMUNES,public,Uruguay,Montevideo,Municipality F,,urban,,,-34.84128113082573,-56.12247523301832,official_emis,exact,unknown
URY_001242,1119050,URY,ROMULO GALLEGOS,,1,ESCUELAS COMUNES,public,Uruguay,Treinta y Tres,Vergara,,urban,,,-32.945329567185404,-53.93641377928948,official_emis,exact,unknown
URY_001243,1106051,URY,ROSA CABRERA ESPINOLA,,1,ESCUELAS COMUNES,public,Uruguay,Durazno,,,rural,,,-33.14064437996029,-56.363930546181365,official_emis,exact,unknown
URY_001244,1103033,URY,ROSA FERRARI DE RAMOS,,1,ESCUELAS COMUNES,public,Uruguay,Canelones,Sauce,,rural,,,-34.59925929588322,-56.1348762133177,official_emis,exact,unknown
URY_001245,1103013,URY,ROSA FOURMENT DE CASSINA,,1,ESCUELAS COMUNES,public,Uruguay,Canelones,Progreso,,urban,,,-34.62170836329908,-56.17584400661778,official_emis,exact,unknown
URY_001246,1101007,URY,ROSA MARINO,,1,ESCUELAS COMUNES,public,Uruguay,Montevideo,Municipality D,,urban,,,-34.8532656208659,-56.170073928150344,official_emis,exact,unknown
URY_001247,1110079,URY,ROSALÍA DE CASTRO,,1,ESCUELA ESPECIAL,public,Uruguay,Maldonado,Maldonado,,urban,,,-34.91456080558946,-54.950678827363774,official_emis,exact,unknown
URY_001248,1205006,URY,ROSARIO  AGUSTIN URBANO INDART CURUCHET,,2|3,,public,Uruguay,Colonia,Rosario,,,,,-34.31243416007574,-57.34559825902766,official_emis,exact,unknown
URY_001249,1101010,URY,RPCA. DE EL SALVADOR,,1,ESCUELAS COMUNES,public,Uruguay,Montevideo,Municipality C,,urban,,,-34.88559577924138,-56.18789266173115,official_emis,exact,unknown
URY_001250,1102019,URY,RPCA. FEDERATIVA DE BRASIL,,1,ESCUELAS COMUNES,public,Uruguay,Artigas,Bella Unión,,urban,,,-30.253433820227034,-57.59268712835891,official_emis,exact,unknown
URY_001251,1104011,URY,RPCA. FEDERATIVA DEL BRASIL,,1,ESCUELAS COMUNES,public,Uruguay,Cerro Largo,,,urban,,,-32.3805594205023,-54.15646469876952,official_emis,exact,unknown
URY_001252,1114028,URY,RPCA. FEDERATIVA DEL BRASIL,,1,ESCUELAS COMUNES,public,Uruguay,Rocha,Chuy,,urban,,,-33.69358317546338,-53.44812177492159,official_emis,exact,unknown
URY_001253,1118011,URY,RPCA. FEDERATIVA DEL BRASIL,,1,ESCUELAS COMUNES,public,Uruguay,Tacuarembó,,,urban,,,-31.723081531484357,-55.97365864144392,official_emis,exact,unknown
URY_001254,1101168,URY,RUMANIA,,1,ESCUELAS COMUNES,public,Uruguay,Montevideo,Municipality D,,urban,,,-34.82312934655334,-56.17400670639052,official_emis,exact,unknown
URY_001255,1103169,URY,RURAL DE ESTACIÓN SOSA DÍAS,,1,ESCUELAS COMUNES,public,Uruguay,Canelones,Salinas,,rural,,,-34.72117043610037,-55.83253336505549,official_emis,exact,unknown
URY_001256,1116020,URY,RURAL DE PUNTAS DE CAGANCHA,,1,ESCUELAS COMUNES,public,Uruguay,San José,,,rural,,,-34.3186204299815,-56.51357588153223,official_emis,exact,unknown
URY_001257,1101025,URY,RUY BARBOSA,,1,ESCUELAS COMUNES,public,Uruguay,Montevideo,Municipality A,,urban,,,-34.86223349153859,-56.217004061302276,official_emis,exact,unknown
URY_001258,1105129,URY,S/NOMBRE,,1,ESCUELAS COMUNES,public,Uruguay,Colonia,,,rural,,,-33.970254841021145,-57.18308061910476,official_emis,exact,unknown
URY_001259,1111075,URY,SALADERO GUAVIYÚ,,1,ESCUELAS COMUNES,public,Uruguay,Paysandú,Quebracho,,rural,,,-31.828745240314763,-58.03029852174287,official_emis,exact,unknown
URY_001260,1203017,URY,SALINAS Nº 1,,3,,public,Uruguay,Canelones,Salinas,,,,,-34.76772732336126,-55.84021549736903,official_emis,exact,unknown
URY_001261,1203061,URY,SALINAS Nº 2,,2,,public,Uruguay,Canelones,Salinas,,,,,-34.766855275414294,-55.840489945327874,official_emis,exact,unknown
URY_001262,1215014,URY,SALTO Nº 7,,2|3,,public,Uruguay,Salto,,,,,,-31.3863103539247,-57.90365189798531,official_emis,exact,unknown
URY_001263,1203031,URY,SAN ANTONIO (CANELONES),,2|3,,public,Uruguay,Canelones,San Antonio,,,,,-34.45153961987023,-56.079381083790594,official_emis,exact,unknown
URY_001264,1215011,URY,SAN ANTONIO (SALTO),,2|3,,public,Uruguay,Salto,San Antonio,,,,,-31.358706854400936,-57.77020727802148,official_emis,exact,unknown
URY_001265,1203020,URY,SAN BAUTISTA  DR. JUAN MARIA FALERO,,2|3,,public,Uruguay,Canelones,San Bautista,,,,,-34.43997908205058,-55.96124795896372,official_emis,exact,unknown
URY_001266,1218003,URY,SAN GREGORIO DE POLANCO,,2|3,,public,Uruguay,Tacuarembó,San Gregorio de Polanco,,,,,-32.61651613669211,-55.83325187370296,official_emis,exact,unknown
URY_001267,1203016,URY,SAN JACINTO,,2|3,,public,Uruguay,Canelones,San Jacinto,,,,,-34.54497272528765,-55.87780672397256,official_emis,exact,unknown
URY_001268,1216007,URY,SAN JOSE Nº 2 PROFESOR HECTOR ALMADA,,2,,public,Uruguay,San José,,,,,,-34.333163941741184,-56.70476993431923,official_emis,exact,unknown
URY_001269,1216008,URY,SAN JOSE Nº 3,,2|3,,public,Uruguay,San José,,,,,,-34.345032909856094,-56.72445147857543,official_emis,exact,unknown
URY_001270,1203035,URY,SAN LUIS,,2|3,,public,Uruguay,Canelones,La Floresta,,,,,-34.768256890964835,-55.579620871434756,official_emis,exact,unknown
URY_001271,1108114,URY,SAN PEDRO DE TIMOTE,,1,ESCUELAS COMUNES,public,Uruguay,Florida,,,rural,,,-33.7841904013856,-55.66720923309691,official_emis,exact,unknown
URY_001272,1203004,URY,SAN RAMON  DR. JUAN BELZA,,2|3,,public,Uruguay,Canelones,San Ramon,,,,,-34.29026571899482,-55.95287007547631,official_emis,exact,unknown
URY_001273,1219002,URY,SANTA CLARA DE OLIMAR - PEDRO L. IPUCHE,,2|3,,public,Uruguay,Treinta y Tres,Santa Clara de Olimar,,,,,-32.92395456555015,-54.94390975998507,official_emis,exact,unknown
URY_001274,1108115,URY,SANTA CLARA.,,1,ESCUELAS COMUNES,public,Uruguay,Florida,,,rural,,,-33.608628734219884,-55.742121826444006,official_emis,exact,unknown
URY_001275,1107020,URY,SANTA ELENA,,1,ESCUELAS COMUNES,public,Uruguay,Flores,,,rural,,,-33.66882086050585,-56.661075008833286,official_emis,exact,unknown
URY_001276,1112037,URY,SANTA ISABEL,,1,ESCUELAS COMUNES,public,Uruguay,Río Negro,Young,,rural,,,-32.75438420734572,-57.58721429624799,official_emis,exact,unknown
URY_001277,1203005,URY,SANTA LUCIA N°1  PROF.  SANTOS RABAQUINO,,3,,public,Uruguay,Canelones,Santa Lucía,,,,,-34.45829674816858,-56.391211038338845,official_emis,exact,unknown
URY_001278,1203040,URY,SANTA LUCIA Nº 2,,2,,public,Uruguay,Canelones,Santa Lucía,,,,,-34.45580084034326,-56.391631968293204,official_emis,exact,unknown
URY_001279,1118027,URY,SANTA RITA,,1,ESCUELAS COMUNES,public,Uruguay,Tacuarembó,,,rural,,,-31.614967405784366,-56.14936830238042,official_emis,exact,unknown
URY_001280,1105074,URY,SANTA ROSA,,1,ESCUELAS COMUNES,public,Uruguay,Colonia,Carmelo,,rural,,,-34.08586112931692,-57.996243546217734,official_emis,exact,unknown
URY_001281,1203007,URY,SANTA ROSA  LORETO DANIEL VIDART,,2|3,,public,Uruguay,Canelones,Santa Rosa,,,,,-34.497488787188665,-56.03884816258527,official_emis,exact,unknown
URY_001282,1113106,URY,SANTIAGO NAVARRO,,1,ESCUELAS COMUNES,public,Uruguay,Rivera,,,rural,,,-31.170268055499132,-55.90851619531576,official_emis,exact,unknown
URY_001283,1109102,URY,SANTIAGO RAMON Y CAJAL,,1,ESCUELAS COMUNES,public,Uruguay,Lavalleja,,,urban,,,-34.37735252555909,-55.22251575735688,official_emis,exact,unknown
URY_001284,1107015,URY,SANTOS ARMANDO CASTAINGDEBAT,,1,ESCUELAS COMUNES,public,Uruguay,Flores,,,rural,,,-33.72867171629064,-56.80142590260131,official_emis,exact,unknown
URY_001285,1108049,URY,SARA LOPEZ DE FERNANDEZ,,1,ESCUELAS COMUNES,public,Uruguay,Florida,,,rural,,,-33.63029409704611,-55.50051920983881,official_emis,exact,unknown
URY_001286,1117056,URY,SARANDI CHICO,,1,ESCUELAS COMUNES,public,Uruguay,Soriano,,,rural,,,-33.33492852709164,-57.89542760627915,official_emis,exact,unknown
URY_001287,1112016,URY,SARANDI DE NAVARRRO,,1,ESCUELAS COMUNES,public,Uruguay,Río Negro,,,rural,,,-32.543161493176996,-56.86223872921779,official_emis,exact,unknown
URY_001288,1113033,URY,SARANDI DE RÍO NEGRO,,1,ESCUELAS COMUNES,public,Uruguay,Rivera,,,rural,,,-32.024648808132476,-54.740882423941954,official_emis,exact,unknown
URY_001289,1208002,URY,SARANDI GRANDE,,2|3,,public,Uruguay,Florida,Sarandí Grande,,,,,-33.723941686331365,-56.32563969498559,official_emis,exact,unknown
URY_001290,1106044,URY,SARANDÍ DE LA CHINA,,1,ESCUELAS COMUNES,public,Uruguay,Durazno,,,rural,,,-32.880254648473624,-56.4863822955636,official_emis,exact,unknown
URY_001291,1110033,URY,SAUCE DE AIGUÁ,,1,ESCUELAS COMUNES,public,Uruguay,Maldonado,Garzon,,rural,,,-34.26771716744621,-54.726772742583364,official_emis,exact,unknown
URY_001292,1111090,URY,SAUCE DEL QUEGUAY ARRIBA,,1,ESCUELAS COMUNES,public,Uruguay,Paysandú,,,rural,,,-32.09705087706346,-57.61011166137309,official_emis,exact,unknown
URY_001293,1203006,URY,SAUCE Nº 1,,2,,public,Uruguay,Canelones,Sauce,,,,,-34.64415346858133,-56.06227625483122,official_emis,exact,unknown
URY_001294,1203065,URY,SAUCE Nº 2,,3,,public,Uruguay,Canelones,Sauce,,,,,-34.6441022200168,-56.06264781092265,official_emis,exact,unknown
URY_001295,1118088,URY,SAUCE SOLO DEL RIO NEGRO,,1,ESCUELAS COMUNES,public,Uruguay,Tacuarembó,,,rural,,,-32.09564229243146,-54.82790779755856,official_emis,exact,unknown
URY_001296,1104114,URY,SAUL URBINA,,1,ESCUELAS COMUNES,public,Uruguay,Cerro Largo,,,urban,,,-32.36024492786754,-54.18698428297845,official_emis,exact,unknown
URY_001297,1113025,URY,SAUZAL DE TRANQUERAS,,1,ESCUELAS COMUNES,public,Uruguay,Rivera,Tranqueras,,rural,,,-31.165513754327733,-55.80105803380603,official_emis,exact,unknown
URY_001298,1104130,URY,SAVINIANO PEREZ,,1,ESCUELA ESPECIAL,public,Uruguay,Cerro Largo,,,urban,,,-32.36929910150293,-54.16652813262102,official_emis,exact,unknown
URY_001299,1202007,URY,SEQUEIRA,,2|3,,public,Uruguay,Artigas,,,,,,-30.99030980026952,-56.872417865558205,official_emis,exact,unknown
URY_001300,1101138,URY,SERAFIN J. GARCIA,,1,ESCUELAS COMUNES,public,Uruguay,Montevideo,Municipality D,,urban,,,-34.782793343622764,-56.13616674070024,official_emis,exact,unknown
URY_001301,1119017,URY,SERAFIN J. GARCIA,,1,ESCUELAS COMUNES,public,Uruguay,Treinta y Tres,Vergara,,urban,,,-32.93964270779287,-53.938320666974924,official_emis,exact,unknown
URY_001302,1104010,URY,SEVERINA SANCHEZ DE PEREZ,,1,ESCUELAS COMUNES,public,Uruguay,Cerro Largo,,,urban,,,-32.35501495011871,-54.16804684426641,official_emis,exact,unknown
URY_001303,1119001,URY,SEVERO RAMIREZ,,1,ESCUELAS COMUNES,public,Uruguay,Treinta y Tres,,,urban,,,-33.2334858211639,-54.38777870238972,official_emis,exact,unknown
URY_001304,1114049,URY,SGTO. FRANCISCO DE LOS SANTOS,,1,ESCUELAS COMUNES,public,Uruguay,Rocha,Castillos,,rural,,,-34.198669024072956,-53.790217585920814,official_emis,exact,unknown
URY_001305,1203030,URY,SHANGRILA,,2|3,,public,Uruguay,Canelones,Ciudad de la Costa,,,,,-34.858241911274476,-56.00524398260163,official_emis,exact,unknown
URY_001306,1109107,URY,SIERRAS BLANCAS,,1,ESCUELAS COMUNES,public,Uruguay,Lavalleja,,,rural,,,-34.0056595791744,-55.129367330026184,official_emis,exact,unknown
URY_001307,1110020,URY,SIERRAS DE CARAPÉ,,1,ESCUELAS COMUNES,public,Uruguay,Maldonado,San Carlos,,rural,,,-34.46854095817229,-54.956802566493714,official_emis,exact,unknown
URY_001308,1110039,URY,SIERRAS DE CARAPÉ,,1,ESCUELAS COMUNES,public,Uruguay,Maldonado,San Carlos,,rural,,,-34.54107740748467,-55.010959073397366,official_emis,exact,unknown
URY_001309,1101032,URY,SIMON BOLIVAR,,1,ESCUELAS COMUNES,public,Uruguay,Montevideo,Municipality CH,,urban,,,-34.90375213063579,-56.15938697475001,official_emis,exact,unknown
URY_001310,1108007,URY,SIMON BOLIVAR,,1,ESCUELAS COMUNES,public,Uruguay,Florida,Sarandí Grande,,urban,,,-33.72638195173358,-56.32823272164294,official_emis,exact,unknown
URY_001311,1113093,URY,SIMON BOLIVAR,,1,ESCUELAS COMUNES,public,Uruguay,Rivera,Vichadero,,rural,,,-31.813381302926324,-54.71804323654593,official_emis,exact,unknown
URY_001312,1112010,URY,SIMÒN BOLIVAR,,1,ESCUELAS COMUNES,public,Uruguay,Río Negro,,,rural,,,-33.23347163919037,-58.03771477530341,official_emis,exact,unknown
URY_001313,1103255,URY,SIN NOMBRE,,1,ESCUELA ESPECIAL,public,Uruguay,Canelones,Santa Lucía,,urban,,,-34.453437715428315,-56.38974395302788,official_emis,exact,unknown
URY_001314,1115070,URY,SIN NOMBRE,,1,ESCUELAS COMUNES,public,Uruguay,Salto,,,rural,,,-31.257577220945866,-57.88994597719077,official_emis,exact,unknown
URY_001315,1103232,URY,SIN NOMINAR,,1,ESCUELAS COMUNES,public,Uruguay,Canelones,Ciudad de la Costa,,urban,,,-34.82946553438866,-55.96601474568639,official_emis,exact,unknown
URY_001316,1114033,URY,SIXTO SILVINO CORREA,,1,ESCUELAS COMUNES,public,Uruguay,Rocha,,,rural,,,-33.64380399081179,-54.18335123176928,official_emis,exact,unknown
URY_001317,1203015,URY,SOCA,,2|3,,public,Uruguay,Canelones,Soca,,,,,-34.685781456493174,-55.69594437100238,official_emis,exact,unknown
URY_001318,1105137,URY,SOLAR DE ARTIGAS,,1,ESCUELA ESPECIAL,public,Uruguay,Colonia,Carmelo,,urban,,,-33.985978470908805,-58.283817587226196,official_emis,exact,unknown
URY_001319,1109092,URY,SOLIS GRANDE,,1,ESCUELAS COMUNES,public,Uruguay,Lavalleja,,,rural,,,-34.48282104486879,-55.515689337772216,official_emis,exact,unknown
URY_001320,1203021,URY,SOLYMAR N° 1,,2|3,,public,Uruguay,Canelones,Ciudad de la Costa,,,,,-34.83305419381906,-55.97237832845693,official_emis,exact,unknown
URY_001321,1203036,URY,SOLYMAR Nº 2,,2|3,,public,Uruguay,Canelones,Ciudad de la Costa,,,,,-34.821718712865135,-55.98300525886605,official_emis,exact,unknown
URY_001322,1101016,URY,SUECIA,,1,ESCUELAS COMUNES,public,Uruguay,Montevideo,Municipality B,,urban,,,-34.9117339850511,-56.17674348889194,official_emis,exact,unknown
URY_001323,1103192,URY,SUECIA,,1,ESCUELA ESPECIAL,public,Uruguay,Canelones,Las Piedras,,urban,,,-34.72362084130919,-56.21757061327024,official_emis,exact,unknown
URY_001324,1101062,URY,SUIZA,,1,ESCUELAS COMUNES,public,Uruguay,Montevideo,Municipality G,,urban,,,-34.843820521244105,-56.20733465225523,official_emis,exact,unknown
URY_001325,1105020,URY,SUIZA,,1,ESCUELAS COMUNES,public,Uruguay,Colonia,,,rural,,,-34.43220694511363,-57.76465125032887,official_emis,exact,unknown
URY_001326,1101180,URY,SUSANA SOCA,,1,ESCUELAS COMUNES,public,Uruguay,Montevideo,Municipality E,,urban,,,-34.89294967823351,-56.08451953254053,official_emis,exact,unknown
URY_001327,1112009,URY,SÁNCHEZ GRANDE,,1,ESCUELAS COMUNES,public,Uruguay,Río Negro,,,rural,,,-32.834303331425204,-57.72839189621592,official_emis,exact,unknown
URY_001328,1118135,URY,SÉMPER,,1,ESCUELAS COMUNES,public,Uruguay,Tacuarembó,,,rural,,,-31.858974159557032,-55.563137741618895,official_emis,exact,unknown
URY_001329,1110097,URY,TACUABÉ,,1,ESCUELAS COMUNES,public,Uruguay,Maldonado,Maldonado,,urban,,,-34.90387297886475,-54.95577057062519,official_emis,exact,unknown
URY_001330,1218004,URY,TACUAREMBO Nº 2 ANDRESITO,,2|3,,public,Uruguay,Tacuarembó,,,,,,-31.726670090900825,-55.97340798817842,official_emis,exact,unknown
URY_001331,1218007,URY,TACUAREMBO Nº 3,,2,,public,Uruguay,Tacuarembó,,,,,,-31.71249735445341,-55.983558311115836,official_emis,exact,unknown
URY_001332,1218010,URY,TACUAREMBO Nº 4,,2|3,,public,Uruguay,Tacuarembó,,,,,,-31.699220588686412,-55.97043930901674,official_emis,exact,unknown
URY_001333,1218011,URY,TACUAREMBO Nº 5,,2,,public,Uruguay,Tacuarembó,,,,,,-31.723374818520455,-55.99232666745,official_emis,exact,unknown
URY_001334,1203010,URY,TALA,,2|3,,public,Uruguay,Canelones,Tala,,,,,-34.345042197070654,-55.75998369792741,official_emis,exact,unknown
URY_001335,1108010,URY,TALA DE CASTRO,,1,ESCUELAS COMUNES,public,Uruguay,Florida,,,rural,,,-33.622476210985745,-55.99378171527003,official_emis,exact,unknown
URY_001336,1107034,URY,TALAS DE MACIEL,,1,ESCUELAS COMUNES,public,Uruguay,Flores,,,rural,,,-33.74403712798744,-56.58297081260575,official_emis,exact,unknown
URY_001337,1101236,URY,TALLER PROTEGIDO AGRARIO,,1,ESCUELA ESPECIAL,public,Uruguay,Montevideo,Municipality G,,urban,,,-34.83037668360049,-56.24289561473093,official_emis,exact,unknown
URY_001338,1109030,URY,TAPES GRANDE CEBOLLATÌ,,1,ESCUELAS COMUNES,public,Uruguay,Lavalleja,,,rural,,,-33.83723449710766,-54.88814888333964,official_emis,exact,unknown
URY_001339,1205008,URY,TARARIRAS,,2|3,,public,Uruguay,Colonia,Tarariras,,,,,-34.27006218512878,-57.615554491098294,official_emis,exact,unknown
URY_001340,1119031,URY,TERESA IPAR DE IMIZCOZ,,1,ESCUELAS COMUNES,public,Uruguay,Treinta y Tres,,,urban,,,-33.23978857249539,-54.38179723897825,official_emis,exact,unknown
URY_001341,1103001,URY,TIMOTEO APARICIO,,1,ESCUELAS COMUNES,public,Uruguay,Canelones,Canelones,,urban,,,-34.52367833040643,-56.25325419323349,official_emis,exact,unknown
URY_001342,1203032,URY,TOLEDO Nº 1,,2|3,,public,Uruguay,Canelones,Toledo,,,,,-34.740471966776326,-56.08879374752313,official_emis,exact,unknown
URY_001343,1203071,URY,TOLEDO Nº 2,,2|3,,public,Uruguay,Canelones,Toledo,,,,,-34.747042351893626,-56.1115323981002,official_emis,exact,unknown
URY_001344,1101179,URY,TOMAS BERRETA,,1,ESCUELAS COMUNES,public,Uruguay,Montevideo,Municipality F,,urban,,,-34.823356685374065,-56.10052243148001,official_emis,exact,unknown
URY_001345,1108052,URY,TOMAS CIRILO CARRERO ANICET,,1,ESCUELAS COMUNES,public,Uruguay,Florida,,,urban,,,-34.240150286952925,-56.21716357541318,official_emis,exact,unknown
URY_001346,1101023,URY,TOMAS CLARAMUNT,,1,ESCUELAS COMUNES,public,Uruguay,Montevideo,Municipality A,,urban,,,-34.856902938183104,-56.22101461653204,official_emis,exact,unknown
URY_001347,1218008,URY,TOSCAS DE CARAGUATA,,2|3,,public,Uruguay,Tacuarembó,,,,,,-32.18365206878704,-55.01182359926113,official_emis,exact,unknown
URY_001348,1213003,URY,TRANQUERAS,,2|3,,public,Uruguay,Rivera,Tranqueras,,,,,-31.19060065284685,-55.76821860143098,official_emis,exact,unknown
URY_001349,1219006,URY,TREINTA Y TRES Nº 2 - SERAFIN J. GARCIA,,2,,public,Uruguay,Treinta y Tres,,,,,,-33.22223851242569,-54.37688176800089,official_emis,exact,unknown
URY_001350,1219008,URY,TREINTA Y TRES Nº 3,,2,,public,Uruguay,Treinta y Tres,,,,,,-33.23204698686831,-54.396554538474035,official_emis,exact,unknown
URY_001351,1219010,URY,TREINTA Y TRES Nº 4,,2,,public,Uruguay,Treinta y Tres,,,,,,-33.237778659960426,-54.384829179153215,official_emis,exact,unknown
URY_001352,1101157,URY,TREINTA Y TRES ORIENTALES,,1,ESCUELAS COMUNES,public,Uruguay,Montevideo,Municipality F,,urban,,,-34.77559553480632,-56.044213149226614,official_emis,exact,unknown
URY_001353,1103117,URY,TREINTA Y TRES ORIENTALES,,1,ESCUELAS COMUNES,public,Uruguay,Canelones,San Ramon,,urban,,,-34.28623069948802,-55.95557107871117,official_emis,exact,unknown
URY_001354,1104006,URY,TREINTA Y TRES ORIENTALES,,1,ESCUELAS COMUNES,public,Uruguay,Cerro Largo,,,urban,,,-32.37706293148295,-54.16855946461434,official_emis,exact,unknown
URY_001355,1106033,URY,TREINTA Y TRES ORIENTALES,,1,ESCUELAS COMUNES,public,Uruguay,Durazno,,,urban,,,-32.72677414040364,-55.57787155447845,official_emis,exact,unknown
URY_001356,1109117,URY,TREINTA Y TRES ORIENTALES,,1,ESCUELAS COMUNES,public,Uruguay,Lavalleja,,,urban,,,-34.374846392409275,-55.235009413574126,official_emis,exact,unknown
URY_001357,1114047,URY,TREINTA Y TRES ORIENTALES,,1,ESCUELAS COMUNES,public,Uruguay,Rocha,Lascano,,rural,,,-33.87561163044044,-54.30637979979816,official_emis,exact,unknown
URY_001358,1117003,URY,TREINTA Y TRES ORIENTALES,,1,ESCUELAS COMUNES,public,Uruguay,Soriano,,,urban,,,-33.80775870884841,-58.269189939278625,official_emis,exact,unknown
URY_001359,1102052,URY,TRES CERROS DE SANTIÑO,,1,ESCUELAS COMUNES,public,Uruguay,Artigas,,,rural,,,-30.74506436456878,-56.19785283588696,official_emis,exact,unknown
URY_001360,1112079,URY,TRES QUINTAS,,1,ESCUELAS COMUNES,public,Uruguay,Río Negro,San Javier,,rural,,,-32.69989823881064,-57.99732446920185,official_emis,exact,unknown
URY_001361,1105083,URY,TULA SUAREZ DE CUTINELLA,,1,ESCUELAS COMUNES,public,Uruguay,Colonia,,,rural,,,-34.408217377934974,-57.87143217247058,official_emis,exact,unknown
URY_001362,1104061,URY,TULIO RODRÍGUEZ,,1,ESCUELAS COMUNES,public,Uruguay,Cerro Largo,Arévalo,,rural,,,-32.64394715072382,-55.07590173319969,official_emis,exact,unknown
URY_001363,1204011,URY,TUPAMBAE,,2|3,,public,Uruguay,Cerro Largo,Tupambaé,,,,,-32.83930190707294,-54.76315275186288,official_emis,exact,unknown
URY_001364,1101185,URY,U.N.E.S.C.O.,,1,ESCUELAS COMUNES,public,Uruguay,Montevideo,Municipality G,,urban,,,-34.80371650519673,-56.22496996787866,official_emis,exact,unknown
URY_001365,1111029,URY,VAIMACA PIRU,,1,ESCUELAS COMUNES,public,Uruguay,Paysandú,Guichón,,rural,,,-32.34414785461395,-56.54220594159846,official_emis,exact,unknown
URY_001366,1112038,URY,VALLE DE SOBA,,1,ESCUELAS COMUNES,public,Uruguay,Río Negro,Young,,rural,,,-32.64773418221766,-57.56143824250005,official_emis,exact,unknown
URY_001367,1214005,URY,VELAZQUEZ,,2|3,,public,Uruguay,Rocha,,,,,,-34.03747296282717,-54.2811072326298,official_emis,exact,unknown
URY_001368,1119049,URY,VERDE ALTO,,1,ESCUELAS COMUNES,public,Uruguay,Treinta y Tres,,,rural,,,-33.16616467103555,-54.42297985884463,official_emis,exact,unknown
URY_001369,1219004,URY,VERGARA - DR. BRAULIO LAGO MIRABALLES,,2|3,,public,Uruguay,Treinta y Tres,Vergara,,,,,-32.93676982709804,-53.94027996998,official_emis,exact,unknown
URY_001370,1113105,URY,VICENTE FOCH PUNTIGLIANO,,1,ESCUELA ESPECIAL,public,Uruguay,Rivera,,,urban,,,-30.899557007580615,-55.5435939981247,official_emis,exact,unknown
URY_001371,1103040,URY,VICENTE PARIANI,,1,ESCUELAS COMUNES,public,Uruguay,Canelones,Sauce,,rural,,,-34.56559366520896,-56.18023517661852,official_emis,exact,unknown
URY_001372,1213004,URY,VICHADERO,,2|3,,public,Uruguay,Rivera,Vichadero,,,,,-31.778160382893915,-54.691416254720075,official_emis,exact,unknown
URY_001373,1115011,URY,VICTOR LIMA,,1,ESCUELAS COMUNES,public,Uruguay,Salto,,,urban,,,-31.400745283851116,-57.98575044094707,official_emis,exact,unknown
URY_001374,1118002,URY,VICTORIA FRIGERIO,,1,ESCUELAS COMUNES,public,Uruguay,Tacuarembó,,,urban,,,-31.71263654783475,-55.979525364183374,official_emis,exact,unknown
URY_001375,1110053,URY,VILLA CHIAPPARA,,1,ESCUELAS COMUNES,public,Uruguay,Maldonado,San Carlos,,urban,,,-34.78789037170763,-54.908783860852694,official_emis,exact,unknown
URY_001376,1215006,URY,VILLA CONSTITUCION,,2|3,,public,Uruguay,Salto,Villa Constitución,,,,,-31.06362343549807,-57.85758191652602,official_emis,exact,unknown
URY_001377,1209007,URY,VILLA DEL ROSARIO,,2|3,,public,Uruguay,Lavalleja,,,,,,-34.31175994396259,-55.477879348920574,official_emis,exact,unknown
URY_001378,1216004,URY,VILLA RODRIGUEZ  MTRA. HAYDEE BELLINI,,2|3,,public,Uruguay,San José,,,,,,-34.380511355890626,-56.538790655165634,official_emis,exact,unknown
URY_001379,1218005,URY,VILLA TAMBORES,,2|3,,public,Uruguay,Paysandú,Tambores,,,,,-31.879744348666865,-56.23875808467701,official_emis,exact,unknown
URY_001380,1110013,URY,VIRREY PEDRO DE CEVALLOS,,1,ESCUELAS COMUNES,public,Uruguay,Maldonado,San Carlos,,urban,,,-34.78346219132525,-54.92396461937876,official_emis,exact,unknown
URY_001381,1101047,URY,WASHINGTON BELTRÁN - ROMILDO RISSO,,1,ESCUELAS COMUNES,public,Uruguay,Montevideo,Municipality C,,urban,,,-34.871770039752626,-56.21362032316386,official_emis,exact,unknown
URY_001382,1116023,URY,WENCESLAO VARELA,,1,ESCUELAS COMUNES,public,Uruguay,San José,,,rural,,,-34.14833778923976,-56.81519098101906,official_emis,exact,unknown
URY_001383,1108021,URY,WILSON FERREIRA ALDUNATE,,1,ESCUELAS COMUNES,public,Uruguay,Florida,,,urban,,,-33.482106695419,-55.15520934114131,official_emis,exact,unknown
URY_001384,1119023,URY,YERBALITO DEL CONVOY,,1,ESCUELAS COMUNES,public,Uruguay,Treinta y Tres,,,rural,,,-33.02748882559947,-54.34087271306967,official_emis,exact,unknown
URY_001385,1212006,URY,YOUNG Nº 2,,2,,public,Uruguay,Río Negro,Young,,,,,-32.71016083316979,-57.636229635720774,official_emis,exact,unknown
URY_001386,1118052,URY,ZANJA DE LOS BAGRES,,1,ESCUELAS COMUNES,public,Uruguay,Tacuarembó,,,rural,,,-31.674052977847538,-55.994526454431906,official_emis,exact,unknown
URY_001387,1113016,URY,ZANJA HONDA,,1,ESCUELAS COMUNES,public,Uruguay,Rivera,,,rural,,,-31.909718067527958,-54.66531971421444,official_emis,exact,unknown
