Codigo,Nombre_del_Centro_Educativo,Provincia,Distrito,Corregimiento,Direccion_Regional,Matricula_2019,Dificil_Acceso,Electricidad,Tipo_de_Fuente_de_Energia,Internet_Si_No,Tipo_de_Servicio,Zona_EscOlar,Director_a_,x,y,ObjectId,GlobalID,CreationDate,Creator,EditDate,Editor,Proveedor,Proy84,Proy151,Matricula_2020,Proy_Colmena,Cantidad_Enlaces,Ancho_Banda,Premedia_Regular,Matricula2021
1373,Escuela Secundaria Puerto Armuelles,Chiriqui,Barú,Puerto Amuelles,Chiriquí,1296,No,Si,Compañía Distribuidora,Si,Fibra Óptica,Dato por verificar,Dato por Verificar,-82.85969302,8.27258386,1,2f393680-05cc-4abb-a8b5-b71b2d062c48,1597153106568,b_ayarza,1617825772978,b_ayarza,CWP,No ,No,,No ,4,10 Mb ,,
931,C.E.B.G. Cristobal Alabarca,Cocle,Penonomé,Río Indio,Coclé,143,Si,Si,Panel Solar,No,Sin Internet,Dato por verificar,Dato por Verificar,-80.24163752,8.84591494,2,6824788f-2687-4144-96d8-a1ee0c51f2bd,1597153106568,b_ayarza,1610224454626,b_ayarza,SN/SV,No ,No ,,Si,SN/SV,SN/SV,,
932,C.E.B.G. Los Elegidos,Cocle,Penonomé,Río Indio,Coclé,19,Si,Si,Panel Solar,No,Sin Internet,16,Barbara Espinoza,-80.31024862,8.90480361,3,b7a4f31d-477d-4979-808d-16eea9f6ec2e,1597153106568,b_ayarza,1610224459978,b_ayarza,SN/SV,No ,No ,,Si,SN/SV,SN/SV,,
934,C.E.B.G. San Cristobal,Cocle,Penonomé,Río Indio,Coclé,144,Si,Si,Panel Solar,No,Sin Internet,15,Antonio Magallon,-80.15997082,8.91258138,4,bfb73249-e95b-46b3-b8f7-4ce5fc8588ad,1597153106568,b_ayarza,1610224462269,b_ayarza,SN/SV,No ,No ,,Si,SN/SV,SN/SV,,
935,Escuela La Mina de Rio Indio,Cocle,Penonomé,Río Indio,Coclé,28,Si,Si,Panel Solar,No,Sin Internet,15,Aura Pinzon,-80.14580412,8.93952567,5,a02d602e-581c-4595-9318-1deb8ffaa7a9,1597153106568,b_ayarza,1610224464644,b_ayarza,SN/SV,No ,No ,,Si,SN/SV,SN/SV,,
1386,Escuela las Mellicitas,Chiriqui,Barú,Puerto Amuelles,Chiriquí,16,Si,Si,Compañía Distribuidora,No,Sin Internet,22,Ruben Tenorio,-82.87663752,8.19008417,6,196f3cb1-4d01-4d55-80ff-e362a589e079,1597153106568,b_ayarza,1610224466956,b_ayarza,SN/SV,No ,No ,,No ,SN/SV,SN/SV,,
936,C.E.B.G. El Jobo de Rio Indio,Cocle,Penonomé,Río Indio,Coclé,64,Si,Si,Panel Solar,No,Sin Internet,15,Omar Trujillo,-80.19663752,9.05063642,7,2513000c-51d3-4db7-95b0-03da20dbc6ff,1597153106568,b_ayarza,1610224471175,b_ayarza,SN/SV,No ,No ,,Si,SN/SV,SN/SV,,
938,C.E.B.G. Coquillo de Uracilo,Cocle,Penonomé,Río Indio,Coclé,98,Si,Si,Panel Solar,No,Sin Internet,15,Yamileth Medina,-80.19385972,8.94230356,9,15a5b06b-7250-4b3c-82f8-f5c6b40f3c4b,1597153106568,b_ayarza,1610224479658,b_ayarza,SN/SV,No ,No ,,Si,SN/SV,SN/SV,,
1387,Escuela Los Planes,Chiriqui,Barú,Puerto Amuelles,Chiriquí,5,Si,No,Dato por Verificar,No,Sin Internet,22,Eugenio Barria,-82.99524862,8.33536142,10,3dd57660-671c-4d03-bd6d-83da4f532cba,1597153106568,b_ayarza,1610224481578,b_ayarza,SN/SV,No ,No ,,No ,SN/SV,SN/SV,,
1390,Escuela Jocote,Chiriqui,Barú,Rodolfo Aguilar Delgado,Chiriquí,40,No,Si,Compañía Distribuidora,Si,Microondas,20,Katerine V. Gonzalez G.,-82.82608192,8.37480568,11,96cf738d-9588-4d1b-a858-3081173460f4,1597153106568,b_ayarza,1610487511498,b_ayarza,Digicel ,No ,No ,,Si ,1,4 Mb ,,
939,C.E.B.G. Cerro Miguel,Cocle,Penonomé,Río Indio,Coclé,138,Si,Si,Panel Solar,No,Sin Internet,15,Edgar Agrazal,-80.23858192,8.93341459,12,61aaa0d1-91ac-4099-99b4-1be8d5b9e209,1597153106568,b_ayarza,1610224484219,b_ayarza,SN/SV,No ,No ,,Si,SN/SV,SN/SV,,
943,Escuela Valle del Platanal,Cocle,Penonomé,Río Indio,Coclé,36,Si,Si,Panel Solar,No,Sin Internet,16,Gustavo Sanchez,-80.25784,8.87704,13,8d9a8090-c9f2-4e03-851e-8c0ac2bb97ca,1597153106568,b_ayarza,1610224487391,b_ayarza,SN/SV,No ,No ,,Si,SN/SV,SN/SV,,
1391,Escuela Sangrillo Arriba,Chiriqui,Barú,Puerto Amuelles,Chiriquí,37,No,Si,Compañía Distribuidora,Si,Fibra Óptica,20,Ilka Sanchez,-82.89274862,8.34397249,14,640d4698-7209-4b93-b2a5-18c50353e76a,1597153106568,b_ayarza,1610487515282,b_ayarza,CWP,No ,No ,,Si ,1,10 Mb ,,
1392,Escuela San Bartolo Limite,Chiriqui,Barú,Puerto Amuelles,Chiriquí,7,Si,No,Dato por Verificar,No,Sin Internet,22,Reina Espinosa,-82.97302632,8.30730593,15,ad0120b5-4424-419f-956a-ab246f31175b,1597153106568,b_ayarza,1610224489400,b_ayarza,SN/SV,No ,No ,,No ,SN/SV,SN/SV,,
944,C.E.B.G. Pueblo Nuevo,Cocle,Penonomé,Río Indio,Coclé,35,Si,Si,Panel Solar,No,Sin Internet,15,Dato por Verificar,-80.18802642,8.95508121,16,b83f4d10-a00d-41de-9a20-b85d0b30fb10,1597153106568,b_ayarza,1610224491484,b_ayarza,SN/SV,No ,No ,,Si,SN/SV,SN/SV,,
945,C.E.B.G. Altos de Riecito,Cocle,Penonomé,Río Indio,Coclé,60,Si,Si,Panel Solar,No,Sin Internet,16,Didimo Quintero,-80.25608192,8.88424819,17,a1d88925-a1ed-417f-b657-b9f9eddb0ca7,1597153106568,b_ayarza,1610224494077,b_ayarza,SN/SV,No ,No  ,,Si,SN/SV,SN/SV,,
1395,Escuela Palmito,Chiriqui,Barú,Rodolfo Aguilar Delgado,Chiriquí,2,No,Si,Compañía Distribuidora,Si,Fibra Óptica,19,Viodelda Suira,-82.86358192,8.40675005,18,1c90073d-688b-450b-88c4-3e430759b09c,1597153106568,b_ayarza,1610487566047,b_ayarza,Cable Onda ,No ,No,,Si ,1,10 Mb ,,
1397,Escuela Los Olivos,Chiriqui,Barú,Rodolfo Aguilar Delgado,Chiriquí,44,No,Si,Compañía Distribuidora,Si,Fibra Óptica,21,Jeni Roxana Della Sera,-82.77941532,8.32619476,19,2c33de20-d7b6-4ab5-9e4e-9fab25f59a19,1597153106568,b_ayarza,1610487567219,b_ayarza,CWP,No ,No,,Si ,1,10 Mb ,,
1074,I.P.T. Colón,Colon,Colón,Cativá,Colón,1817,No,Si,Compañía Distribuidora,Si,Hibrido de Fibra Coaxial/Fibra Óptica,5,Martin De Hoyos,-79.825888,9.360326,20,1889bc60-692b-4cc9-adca-03de18c061e7,1597153106568,b_ayarza,1610464846784,b_ayarza,Cable Onda ,No ,No,,No ,3,2-6 Mb/ 10 Mb ,,
645,C.E.B.G. Santa Clara,Cocle,Antón,Río Hato,Coclé,24,No,Si,Compañía Distribuidora,Si,Hibrido de Fibra Coaxial,Dato por verificar,Dato por Verificar,-80.11052642,8.38091675,21,b22cef4e-c506-47b6-ad2b-a8859ea4c06d,1597153106568,b_ayarza,1610412582645,b_ayarza,Cable Onda ,No ,No,,No ,1,6 Mb ,,
946,C.E.B.G. Las Mercedes,Cocle,Penonomé,Río Indio,Coclé,18,Si,Si,Panel Solar,No,Sin Internet,15,Edilsa Sanjur,-80.21885972,8.97452563,22,f3f5c656-d149-4300-8d15-dde6ec69d893,1597153106568,b_ayarza,1610224495765,b_ayarza,SN/SV,No ,No,,Si,SN/SV,SN/SV,,
646,Escuela El Platanal,Cocle,Antón,Río Hato,Coclé,70,No,Si,Compañía Distribuidora,Si,Fibra Óptica,3,Nitzia Rodriguez,-80.08552632,8.40452786,23,d51af1cc-e1a1-4c81-b539-c49a5df9bebf,1597153106568,b_ayarza,1610412588859,b_ayarza,CWP,No ,No,,No ,1,10 Mb ,,
1075,Escuela El Laguito,Colon,Colón,Cativá,Colón,509,No,Si,Compañía Distribuidora,Si,Fibra Óptica,3,Teodoro Ortiz,-79.840454,9.349426,24,fc7434f4-9df5-40ae-88a8-88bf0f275077,1597153106568,b_ayarza,1610464909017,b_ayarza,CWP,No ,No,,No ,1,10 Mb ,,
1398,Escuela Margenes de Corotu,Chiriqui,Barú,Puerto Amuelles,Chiriquí,13,Si,Si,Compañía Distribuidora,No,Sin Internet,22,Elma Montenegro,-82.88935,8.27087,25,3dbe948b-9016-43ed-9adc-191eac040791,1597153106568,b_ayarza,1610224497687,b_ayarza,SN/SV,No ,No,,No,SN/SV,SN/SV,,
1076,Escuela Barriada Kuna,Colon,Colón,Cativá,Colón,507,No,Si,Compañía Distribuidora,Si,Microondas,3,Mireya Betegon,-79.83997082,9.37730176,26,9c944998-9dbc-4b82-baa1-a8243a470fe7,1597153106568,b_ayarza,1610464910400,b_ayarza,Cable Onda ,No ,No,,No ,1,10 Mb ,,
1079,Escuela La Represa,Colon,Colón,Cativá,Colón,154,No,Si,Compañía Distribuidora,Si,Fibra Óptica,3,Zuleika Ramirez,-79.83997082,9.33674633,27,848c4dd8-e530-4815-875d-4a543a9250d4,1597153106568,b_ayarza,1610464911432,b_ayarza,CWP,No ,No,,No ,1,10 Mb ,,
1399,Escuela Asentamiento Almendros,Chiriqui,Barú,Rodolfo Aguilar Delgado,Chiriquí,103,No,Si,Compañía Distribuidora,Si,Fibra Óptica,19,Itzel Caceres,-82.87524862,8.42702768,28,d2ae92fd-d843-45da-9fa0-5846905bf13c,1597153106568,b_ayarza,1610487614075,b_ayarza,CWP,No ,No,,Si ,1,10 Mb ,,
647,C.E.B.G. Elizabeth Flores De Herrera,Cocle,Antón,Río Hato,Coclé,88,No,Si,Compañía Distribuidora,Si,Fibra Óptica,3,Nivia Aguilar,-80.15969302,8.43758324,29,889ae5d3-ee36-4504-84f8-3fd889c8b262,1597153106568,b_ayarza,1610412584777,b_ayarza,CWP,No ,No,,No ,1,10 Mb ,,
1080,Escuela Juan Gracia Torres,Colon,Colón,Ciricito,Colón,342,No,Si,Sistema Aislado para el Poblado ,Si,Microondas,11,Florentino Abrego,-80.05441522,9.08202519,30,07f3af8a-1265-4894-b368-771f62a9522b,1597153106568,b_ayarza,1610464915002,b_ayarza,CWP,No ,No,,No ,1,10 Mb ,,
1400,Escuela  Almendro Acueducto,Chiriqui,Barú,Rodolfo Aguilar Delgado,Chiriquí,14,No,Si,Compañía Distribuidora,Si,Fibra Óptica,19,Yaltaira Millan,-82.86247082,8.42313889,31,832f2caf-19a8-4c20-91d6-c9760c2dc483,1597153106568,b_ayarza,1610487615660,b_ayarza,CWP,No ,No,,Si ,1,10 Mb ,,
947,C.E.B.G. Uracilo Centro,Cocle,Penonomé,Río Indio,Coclé,45,Si,Si,Panel Solar,No,Sin Internet,11,Mariela Troestch C.,-80.23024862,8.85924829,32,245ec6e7-2e45-4c31-928b-b4299bc165f4,1597153106568,b_ayarza,1610224499664,b_ayarza,SN/SV,No ,No,,Si,SN/SV,SN/SV,,
648,Escuela Farallón,Cocle,Antón,Río Hato,Coclé,98,No,Si,Compañía Distribuidora,Si,Microondas,3,Susana Guillen,-80.13719302,8.35647245,33,ddfdca82-4ecb-4056-b81a-1dbe7b0aa7d6,1597153106568,b_ayarza,1610412590452,b_ayarza,Cable Onda ,No ,No,,No ,1,10 Mb ,,
1081,Escuela Ernesto Triana S.,Colon,Colón,Ciricito,Colón,35,Si,Si,Compañía Distribuidora,Si,Satelital,11,Lesbia Diaz,-80.08219302,9.02702541,34,2eee24db-8aaf-4862-ac82-6dec2409f6a2,1597153106568,b_ayarza,1610466837017,b_ayarza,Cable Onda ,No ,No,,No ,1,2.0 Mb ,,
1401,Escuela Aguacatón,Chiriqui,Barú,Rodolfo Aguilar Delgado,Chiriquí,128,No,Si,Compañía Distribuidora,Si,Fibra Óptica,21,Maricela Suira Chavez,-82.80108192,8.34758358,35,a36bb227-3f6a-4e3b-9922-359e04e32831,1597153106568,b_ayarza,1610487622597,b_ayarza,CWP,No ,No,,Si ,1,10 Mb ,,
948,Escuela Tomas Agraje Mendoza,Cocle,Penonomé,Río Indio,Coclé,40,Si,Si,Panel Solar,No,Sin Internet,Dato por verificar,Dato por Verificar,-80.18080422,8.80980399,36,9b32bf87-cda8-4c83-9097-481db36b34f2,1597153106568,b_ayarza,1610414658618,b_ayarza,SN/SV,No ,No,,Si,SN/SV,SN/SV,,
649,C.E.B.G. Las Guias Oriente,Cocle,Antón,Río Hato,Coclé,186,No,Si,Compañía Distribuidora,Si,Fibra Óptica,Dato por verificar,Dato por Verificar,-80.07108192,8.42813877,37,baddbef4-93bd-47f5-9116-98d2660b32f3,1597153106568,b_ayarza,1610412591221,b_ayarza,CWP,No ,No,,No ,1,10 Mb ,,
650,Centro Educativo Las Guias Occidente,Cocle,Antón,Río Hato,Coclé,80,No,Si,Compañía Distribuidora,Si,Fibra Óptica,3,Zulema Ortiz,-80.09413752,8.40063898,38,683cefda-86f9-4be6-a8d5-ea29bffe0db9,1597153106568,b_ayarza,1610412709216,b_ayarza,CWP,No ,No,,No ,1,10 Mb ,,
651,C.E.B.G. Alto de La Estancia,Cocle,Antón,San Juan De Dios,Coclé,432,Si,Si,Compañía Distribuidora,Si,Fibra Óptica,5,Wilfredo Aisprua Sosa ,-80.174503,8.593853,39,72eaeeb4-be44-470a-b46c-942ec192771e,1597153106568,b_ayarza,1610412713115,b_ayarza,CWP,No ,No,,Si ,1,10 Mb ,,
652,C.E.B.G. La Coca,Cocle,Antón,Caballero,Coclé,68,Si,Si,Compañía Distribuidora,Si,Fibra Óptica,5,Pastor Adames,-80.18441532,8.56147166,40,8fa89982-c03b-45af-8df4-453f70b91ffa,1597153106568,b_ayarza,1610412723751,b_ayarza,CWP,No ,No,,Si,1,10 Mb ,,
654,Escuela Chumical,Cocle,Antón,San Juan De Dios,Coclé,49,No,Si,Compañía Distribuidora,Si,Satelital,5,Tomas Ortega,-80.25691532,8.52813849,41,5f798a36-ee29-4592-8d33-0b9fe7bc0474,1597153106568,b_ayarza,1610412736287,b_ayarza,Cable Onda ,No ,No,,Si ,1,2.0 Mb ,,
661,C.E.B.G. Tebujo,Cocle,Antón,Caballero,Coclé,98,Si,Si,Compañía Distribuidora,Si,Satelital,5,Luciano Castillo,-80.19969302,8.56230496,42,b66ba7ec-6ae2-49aa-ab89-9ad5032b3889,1597153106568,b_ayarza,1610412742590,b_ayarza,Cable Onda ,No ,No,,Si ,1,2.0 Mb ,,
662,Escuela Tranquilla,Cocle,Antón,Caballero,Coclé,146,No,Si,Compañía Distribuidora,Si,Microondas,5,Leandro Mojica,-80.22774862,8.49536082,43,8bf69ea3-d4d9-4923-85e6-a28ef738acd4,1597153106568,b_ayarza,1610412750465,b_ayarza,Digicel ,No ,No,,Si ,1,10 Mb ,,
663,C.E.B.G. El Entradero,Cocle,Antón,San Juan De Dios,Coclé,190,No,Si,Compañía Distribuidora,Si,Fibra Óptica,5,Mariela Martinez,-80.21385972,8.56424945,44,8c1ce246-4ed9-4d62-8669-cd2d5284621a,1597153106568,b_ayarza,1610412745153,b_ayarza,CWP,No ,No,,Si ,1,10 Mb ,,
664,C.E.B.G. Caballero,Cocle,Antón,Caballero,Coclé,113,Si,Si,Compañía Distribuidora,Si,Fibra Óptica,5,Ginela P. De Barrios,-80.19691532,8.54702732,45,f112ab6d-9c6b-4574-829c-5b88fbfbcbe6,1597153106568,b_ayarza,1610412752231,b_ayarza,CWP,No ,No,,Si ,1,10 Mb ,,
665,C.E.B.G. Los Cerritos,Cocle,Antón,Caballero,Coclé,49,Si,Si,Compañía Distribuidora,Si,Satelital,5,Willian Chang,-80.17413752,8.56841603,46,b29f9429-a48b-4841-a6c7-4b00d4254a72,1597153106568,b_ayarza,1610412759784,b_ayarza,Cable Onda ,No ,No,,Si ,1,1.0 Mb ,,
670,C.E.B.G. Santa Rita Arriba,Cocle,Antón,Santa Rita,Coclé,59,No,Si,Compañía Distribuidora,Si,Microondas/Fibra Óptica ,Dato por verificar,Dato por Verificar,-80.18802642,8.4995275,47,997741c6-3e4c-46f0-90f9-3782417dfb27,1597153106568,b_ayarza,1610412778621,b_ayarza,Digicel ,No ,No,,No ,1,10 Mb ,,
671,C.E.B.G. Las Boquillas,Cocle,La Pintada ,La Pintada,Coclé,21,No,Si,Sistema Aislado para el Poblado ,Si,Fibra Óptica,17,Xiomara Castros,-80.47044,8.56565,48,e7fb16c6-4821-4c6d-972f-325701e6a88c,1597153106568,b_ayarza,1610412781901,b_ayarza,CWP,No ,No,,No ,1,10 Mb ,,
672,Escuela Los Reyes,Cocle,La Pintada ,La Pintada,Coclé,18,No,Si,Compañía Distribuidora,No,Sin Internet,10,Viena Vergara C.,-80.4156,8.61018,49,6b64cb43-019a-4a37-bb54-6d7685413f8d,1597153106568,b_ayarza,1610224505279,b_ayarza,SN/SV,No ,No,,No ,SN/SV,SN/SV,,
673,C.E.B.G.  Buenaventura,Cocle,La Pintada ,Piedras Gordas,Coclé,2,Si,No,Dato por Verificar,No,Sin Internet,21,Carlos Santana,-80.52916,8.731,50,a1cd8f50-a7f1-4442-9bb1-a567427762a2,1597153106568,b_ayarza,1610224507013,b_ayarza,SN/SV,No ,No,,Si ,SN/SV,SN/SV,,
674,C.E.B.G. San Juan de Turbe,Colon,Donoso,San José Del General,Colón,33,Si,Si,Panel Solar,No,Sin Internet,16,Ramon Vergara,-80.62219302,8.78674858,51,9ec8772f-4d18-4ba6-86b4-b4f35cdc9739,1597153106568,b_ayarza,1610224508700,b_ayarza,SN/SV,No ,No,,Si ,SN/SV,SN/SV,,
675,C.E.B.G. Corozal,Cocle,La Pintada ,Piedras Gordas,Coclé,26,Si,Si,Panel Solar,No,Sin Internet,21,Josue Arrocha,-80.3761417,8.5274987,52,93c87c81-14ce-444f-b9aa-03864ee8af4f,1597153106568,b_ayarza,1610224512044,b_ayarza,SN/SV,No ,Si,,Si ,SN/SV,SN/SV,,
676,I.P.T. La Pintada,Cocle,La Pintada ,La Pintada,Coclé,302,No,Si,Compañía Distribuidora,Si,Fibra Óptica,17,Alberto Martinez,-80.45108192,8.57063833,53,e824d77f-7738-42c1-968c-27928303bad2,1597153106568,b_ayarza,1610412824608,b_ayarza,CWP ,No ,No,,No ,2,10 Mb ,,
477,Escuela Silico Creek,Comarca Ngabe-Bugle,Jirondai,Tuwai,Comarca Ngäbe-Buglé,104,Si,Si,Panel Solar,No,Sin Internet,1,Dato por Verificar,-82.30913742,9.05091422,54,5794dcd8-bf10-4670-8d93-5467c50dc555,1597153106568,b_ayarza,1610224513702,b_ayarza,SN/SV,No ,Si,,Si ,SN/SV,SN/SV,,
1215,Escuela Miguel De La Borda,Colon,Donoso,Miguel De La Borda,Colón,108,Si,Si,Compañía Distribuidora,Si,Satelital,15,Delfina Cerezo Delgado,-80.30663752,9.1531359,55,64d7c0f9-5e6e-4dab-bcc7-6ae3c45ebcd8,1597153106568,b_ayarza,1610473009071,b_ayarza,Cable Onda,No ,No,,Si,1,1.0 Mb ,,
2,Centro Carlos López Inaqueliguina,Comarca Guna Yala ,Comarca Guna Yala ,Aligandí,Comarca Guna Yala ,123,Si,Si,Panel Solar,Si,Satelital,3,Marlenis De Soto,-78.15330412,9.2973021,56,d1adbd3d-eac5-49df-a352-31db462abf73,1597153106568,b_ayarza,1610224367498,b_ayarza,Cable Onda ,No ,No ,,Si ,1,2.0 Mb ,,
682,C.E.B.G. Santa Elena,Colon,Donoso,Coclé Del Norte,Colón,42,Si,Si,Panel Solar,No,Sin Internet,16,Marcelino Cruz,-80.39109953,8.88254282,57,6e3f9c5c-b01f-4056-bf7c-a3e914199006,1597153106568,b_ayarza,1610224515421,b_ayarza,SN/SV,No ,No,,Si ,SN/SV,SN/SV,,
684,C.E.B.G. Villa del Carmen,Cocle,La Pintada ,Llano Grande,Coclé,201,Si,Si,Panel Solar,No,Sin Internet,Dato por verificar,Dato por Verificar,-80.55413752,8.80508181,58,31bff246-7595-4d8d-b552-73c6c3eb8fd3,1597153106568,b_ayarza,1610224517015,b_ayarza,SN/SV,No ,Si,,No ,SN/SV,SN/SV,,
685,C.E.B.G. Toro Bravo,Cocle,La Pintada ,La Pintada,Coclé,14,No,Si,Compañía Distribuidora,Si,Fibra Óptica,Dato por verificar,Dato por Verificar,-80.46524862,8.54813841,59,da3cc98e-de06-48db-8e82-13a8df89425a,1597153106568,b_ayarza,1610412841173,b_ayarza,CWP ,No ,No,,No ,1,10 Mb ,,
686,Escuela Potrerillo,Cocle,La Pintada ,La Pintada,Coclé,5,Si,No,Dato por Verificar,No,Sin Internet,Dato por verificar,Dato por Verificar,-80.49552642,8.60647149,60,c5d88eb5-ae5b-40c6-9b56-0f791c742c8f,1597153106568,b_ayarza,1610224518805,b_ayarza,SN/SV,No ,No,,No ,SN/SV,SN/SV,,
687,C.E.B.G. José Nadal Silva,Cocle,La Pintada ,La Pintada,Coclé,432,No,Si,Compañía Distribuidora,Si,Hibrido de Fibra Coaxial,17,Odilda Gonzalez,-80.44524862,8.59258264,61,36d7ebe1-3407-4065-9d58-4d3ff03564dc,1597153106568,b_ayarza,1610412883083,b_ayarza,Cable Onda ,No ,No,,No ,1,6 Mb ,,
688,Escuela Membrillar,Cocle,La Pintada ,La Pintada,Coclé,5,No,Si,Compañía Distribuidora,Si,Fibra Óptica,10,Yulissa Stanziola,-80.40997082,8.56786054,62,ce043ff7-4eb3-4eba-80c5-2e205426541a,1597153106568,b_ayarza,1610412884112,b_ayarza,CWP ,No ,No,,No ,1,10 Mb ,,
689,C.E.B.G. El Picacho,Cocle,La Pintada ,La Pintada,Coclé,14,No,Si,Compañía Distribuidora,No,Sin Internet,17,Fany Atencio,-80.49885972,8.59174934,63,f6e48a0f-cbbe-4aa5-b7a3-844595e31904,1597153106568,b_ayarza,1610412889888,b_ayarza,SN/SV,No ,No,,No ,SN/SV,SN/SV,,
690,C.E.B.G. El Farallón,Cocle,La Pintada ,La Pintada,Coclé,38,No,Si,Compañía Distribuidora,Si,Fibra Óptica,10,Fernado Rodriguez,-80.42441522,8.59508263,64,89015e41-20fe-4598-aa8b-d4a19e593275,1597153106568,b_ayarza,1610412903261,b_ayarza,CWP ,No ,No,,No ,1,10 Mb ,,
691,Escuela Bajo Grande,Cocle,La Pintada ,Las Lomas,Coclé,118,No,Si,Compañía Distribuidora,No,Sin Internet,19,Omar Cortez,-80.65719302,8.59063825,65,976ef2cb-931c-4827-b1c6-799b0a4c400f,1597153106568,b_ayarza,1610224524857,b_ayarza,SN/SV,No ,Si,,Si,SN/SV,SN/SV,,
692,Escuela Palmarazo,Cocle,La Pintada ,El Harino,Coclé,8,Si,No,Dato por Verificar,No,Sin Internet,Dato por verificar,Dato por Verificar,-80.64747082,8.73563768,66,22e859ea-da87-4f47-91bd-acf89848111c,1597153106568,b_ayarza,1610224527618,b_ayarza,SN/SV,No ,No,,Si ,SN/SV,SN/SV,,
693,C.E.B.G. Los Molejones,Cocle,La Pintada ,El Harino,Coclé,63,Si,Si,Panel Solar,No,Sin Internet,Dato por verificar,Dato por Verificar,-80.63469302,8.78535968,67,dd22b448-83ed-4fdf-90ac-66886012e54c,1597153106568,b_ayarza,1610224529256,b_ayarza,SN/SV,No ,Si,,Si ,SN/SV,SN/SV,,
695,C.E.B.G. La Rica,Cocle,La Pintada ,El Harino,Coclé,25,Si,Si,Panel Solar,No,Sin Internet,Dato por verificar,Dato por Verificar,-80.60524862,8.71563776,68,ad5ef242-6e92-47ce-913d-57cfd6c2dc4c,1597153106568,b_ayarza,1610224532154,b_ayarza,SN/SV,No ,No,,Si ,SN/SV,SN/SV,,
696,C.E.B.G. Villalobos,Cocle,La Pintada ,El Harino,Coclé,37,Si,Si,Compañía Distribuidora,Si,Fibra Óptica,Dato por verificar,Dato por Verificar,-80.55802642,8.59341594,69,cc359df7-345f-4cd6-9d1d-d0d88a0a1348,1597153106568,b_ayarza,1610412923219,b_ayarza,CWP ,No ,No,,Si ,1,10 Mb ,,
697,C.E.B.G. La Trinidad,Cocle,La Pintada ,Las Lomas,Coclé,31,No,Si,Compañía Distribuidora,Si,Fibra Óptica,19,Diosmisel Bustos,-80.61148,8.59946,70,92a056b6-d44f-42a1-b59f-d0d538b60b62,1597153106568,b_ayarza,1610412920186,b_ayarza,CWP ,No ,No,,Si ,1,10 Mb ,,
698,C.E.B.G. San Juan Centro,Cocle,La Pintada ,El Harino,Coclé,16,Si,Si,Panel Solar,No,Sin Internet,Dato por verificar,Dato por Verificar,-80.62469302,8.76230418,71,55f7369c-cb80-4e14-9e61-598ad2fb3c8d,1597153106568,b_ayarza,1610224534247,b_ayarza,SN/SV,No ,No,,Si ,SN/SV,SN/SV,,
699,C.E.B.G. Ojo de Agua,Cocle,La Pintada ,Las Lomas,Coclé,121,No,Si,Panel Solar,Si,Satelital,19,Cecilia Nuñez,-80.63635972,8.59091605,72,d90aa98a-7f22-462b-b9a2-5dd75c65da71,1597153106568,b_ayarza,1610412946961,b_ayarza,Cable Onda ,No ,No,,Si ,1,2.0 Mb ,,
705,Escuela Boca de Los Rios,Cocle,La Pintada ,El Harino,Coclé,19,No,Si,Compañía Distribuidora,No,Sin Internet,18,Dora Chanis,-80.5581,8.57147,73,6b467a3a-178e-4791-ad90-ebad39d2e0c4,1597153106568,b_ayarza,1610224537185,b_ayarza,SN/SV,No ,No,,Si ,SN/SV,SN/SV,,
706,I.P.T. El Cope,Cocle,La Pintada,El Harino,Coclé,759,No,Si,Compañía Distribuidora,Si,Fibra Óptica,18,Eladio Martinez,-80.579891,8.622283,74,3890fd64-1114-447b-ad9e-316f9127781e,1597153106568,b_ayarza,1610412968153,b_ayarza,CWP ,No ,No,,Si ,2,10 Mb ,,
707,C.E.B.G. Juan José Quiroz,Cocle,La Pintada ,El Harino,Coclé,31,No,Si,Compañía Distribuidora,Si,Fibra Óptica,Dato por verificar,Dato por Verificar,-80.56024862,8.61647145,75,37d76917-d401-4863-80aa-6f8cb71aa292,1597153106568,b_ayarza,1610412968766,b_ayarza,CWP ,No ,No,,Si ,1,10 Mb ,,
708,Escuela Loma Bonita,Cocle,La Pintada ,Las Lomas,Coclé,73,No,Si,Compañía Distribuidora,No,Sin Internet,19,Daniel Cisneros,-80.60385972,8.60091591,76,de82038b-686a-4dfe-a958-1674b422c960,1597153106568,b_ayarza,1610224539995,b_ayarza,SN/SV,No ,Si,,Si ,SN/SV,SN/SV,,
709,Escuela La Mina,Cocle,La Pintada ,Las Lomas,Coclé,14,Si,Si,Planta Eléctrica Propia,No,Sin Internet,19,Algimiro Mojica,-80.60747082,8.58730496,77,3eb32827-1876-4a32-870c-0d6146a8e4b0,1597153106568,b_ayarza,1610224542647,b_ayarza,SN/SV,No ,No,,Si ,SN/SV,SN/SV,,
710,C.E.B.G. Omar Torrijos Herrera,Cocle,La Pintada ,El Harino,Coclé,214,Si,Si,Panel Solar,Si,Satelital,18,Melvin Batista,-80.55771,8.65444,78,b003b911-321d-4aad-87ef-f76ea87727fe,1597153106568,b_ayarza,1610413049701,b_ayarza,Cable Onda ,No ,No,,Si ,1,2.0 Mb ,,
711,Escuela Calabazo  No. 1,Cocle,La Pintada ,Las Lomas,Coclé,75,No,Si,Compañía Distribuidora,Si,Fibra Óptica,19,Hilda Rodriguez,-80.62247082,8.59341594,79,3ab92040-aaf2-4e84-98c1-a6bf5a25a0d6,1597153106568,b_ayarza,1610413054260,b_ayarza,CWP,No ,No,,Si ,1,10 Mb ,,
712,C.E.B.G. Barrigón,Cocle,La Pintada ,El Harino,Coclé,130,No,Si,Compañía Distribuidora,Si,Satelital,Dato por verificar,Dato por Verificar,-80.58885972,8.64480464,80,967dd040-cca1-475c-b8b4-c885efb0afe6,1597153106568,b_ayarza,1610413065190,b_ayarza,Cable Onda ,No ,No,,Si ,1,1.0 Mb ,,
713,C.E.B.G. Cerro Colorado,Cocle,La Pintada ,El Potrero,Coclé,21,No,Si,Compañía Distribuidora,Si,Fibra Óptica,Dato por verificar,Dato por Verificar,-80.49635972,8.54174954,81,a6c11cbb-7703-4cc6-b956-d03908878e75,1597153106568,b_ayarza,1610413068762,b_ayarza,Cable Onda ,No ,No,,No ,1,10 Mb ,,
714,C.E.B.G. Potrellano,Cocle,La Pintada ,El Potrero,Coclé,35,Si,Si,Sistema Aislado para el Poblado ,Si,Fibra Óptica,18,Ruby E. Castrellon C. ,-80.51469302,8.57897159,82,b802442f-b7f2-45de-a039-a45c3137e117,1597153106568,b_ayarza,1610413069356,b_ayarza,CWP,No ,No,,No ,1,10 Mb ,,
715,C.E.B.G. El Potrero,Cocle,La Pintada ,El Potrero,Coclé,178,No,Si,Compañía Distribuidora,Si,Fibra Óptica,Dato por verificar,Dato por Verificar,-80.51608192,8.52952739,83,90878319-b3ae-4784-b711-07da53c25530,1597153106568,b_ayarza,1610413070197,b_ayarza,CWP,No ,No,,No ,1,10 Mb ,,
717,Escuela Las Tablas,Cocle,La Pintada ,El Potrero,Coclé,26,No,Si,Compañía Distribuidora,Si,Fibra Óptica,18,Kayra Espinozas,-80.54330412,8.58869376,84,8a235c24-5367-4b1c-a81d-be5adf358a3a,1597153106568,b_ayarza,1610413070684,b_ayarza,CWP,No ,No,,No ,1,10 Mb ,,
718,Escuela La Madera,Cocle,La Pintada ,El Potrero,Coclé,200,No,Si,Compañía Distribuidora,Si,Fibra Óptica,Dato por verificar,Dato por Verificar,-80.53469302,8.5528606,85,da0e8acf-416b-4a38-87b3-582ef6ca56d1,1597153106568,b_ayarza,1610413075835,b_ayarza,CWP,No ,No,,No ,1,10 Mb ,,
719,Escuela Las Pleyades,Cocle,La Pintada ,Llano Grande,Coclé,71,Si,Si,Panel Solar,No,Sin Internet,21,Adelia Del Rosario,-80.47025606,8.73735598,86,dc2433a3-e9f8-4cbc-9afd-57bad5782e4d,1597153106568,b_ayarza,1610224544588,b_ayarza,SN/SV,No ,Si,,No ,SN/SV,SN/SV,,
720,Escuela El Embarcadero de Cascajal,Cocle,La Pintada ,Llano Grande,Coclé,45,Si,Si,Panel Solar,No,Sin Internet,Dato por verificar,Dato por Verificar,-80.51858192,8.80924849,87,89cabfcf-96c1-4c04-96a1-be9e0bda60b2,1597153106568,b_ayarza,1610224546476,b_ayarza,SN/SV,No ,No,,No ,SN/SV,SN/SV,,
721,C.E.B.G. La Honda,Cocle,La Pintada ,Llano Grande,Coclé,36,No,Si,Compañía Distribuidora,Si,Satelital,17,Imelda Fuentes,-80.423932,8.64454,88,5b2204d1-c74b-4237-9803-bf51033b4c63,1597153106568,b_ayarza,1610413142828,b_ayarza,CWP,No ,No,,Si ,1,4 Mb ,,
722,Escuela Molejón,Cocle,La Pintada ,Llano Grande,Coclé,35,No,No,Dato por Verificar,No,Sin Internet,21,Isidora Mora,-80.51052642,8.76369307,89,a0f968c1-50db-4f21-9457-344f4b14fa20,1597153106568,b_ayarza,1610224553178,b_ayarza,SN/SV,No ,No,,No ,SN/SV,SN/SV,,
723,C.E.B.G. El Palmar Arriba,Cocle,La Pintada ,Llano Grande,Coclé,69,No,Si,Compañía Distribuidora,No,Sin Internet,12,Julio Lopez,-80.39858192,8.66619345,90,24b843ee-7230-4574-a03b-279277658129,1597153106568,b_ayarza,1610224556049,b_ayarza,SN/SV,No ,Si,,Si ,SN/SV,SN/SV,,
724,C.E.B.G. El Palmar Abajo,Cocle,La Pintada ,Llano Grande,Coclé,32,No,No,Dato por Verificar,No,Sin Internet,12,Walkiria E. Juarez T.,-80.39302632,8.66202677,91,8d48534d-1882-44d4-a5ae-6a1dbba48d01,1597153106568,b_ayarza,1610224558638,b_ayarza,SN/SV,No ,No,,Si ,SN/SV,SN/SV,,
725,C.E.B.G. El Banquito,Cocle,Olá,La Pava,Coclé,3,Si,Si,Planta Eléctrica Propia,No,Sin Internet,6,Elezabeth Quintero,-80.58277,8.44448,92,1f684338-2ed1-46d6-83ee-6262bb30633b,1597153106568,b_ayarza,1610224560373,b_ayarza,SN/SV,No ,Si,,Si ,SN/SV,SN/SV,,
726,C.E.B.G. Canoa No. 1,Cocle,La Pintada ,Llano Grande,Coclé,8,Si,Si,Panel Solar,No,Sin Internet,Dato por verificar,Dato por Verificar,-80.55913752,8.8828593,93,4b9d93cd-109d-4fa1-94d7-0523b7705722,1597153106568,b_ayarza,1610224562170,b_ayarza,SN/SV,No ,No,,No ,SN/SV,SN/SV,,
727,Escuela Santa Cecilia,Cocle,La Pintada ,Llano Grande,Coclé,21,Si,Si,Panel Solar,No,Sin Internet,20,Juan Acevedo,-80.43330412,8.82647062,94,ee1c3923-8fa8-4efa-b8cf-9d3d5f88c805,1597153106568,b_ayarza,1610224564533,b_ayarza,SN/SV,No ,No,,No ,SN/SV,SN/SV,,
728,Escuela El Valle de Santa María,Cocle,La Pintada ,Llano Grande,Coclé,22,Si,Si,Planta Eléctrica Propia ,No,Sin Internet,Dato por verificar,Dato por Verificar,-80.53108192,8.81841515,95,b7a588a8-1339-48a3-b25e-c4875c28ef2e,1597153106568,b_ayarza,1610224567831,b_ayarza,SN/SV,No ,No,,No ,SN/SV,SN/SV,,
729,C.E.B.G. San Juanito,Cocle,La Pintada ,Llano Grande,Coclé,45,Si,Si,Compañía Distribuidora,Si,Satelital,20,Yaribeth Rodriguez,-80.46135972,8.66397126,96,cda6090e-0c66-4eb4-839b-f8e6d9a80363,1597153106568,b_ayarza,1610413156918,b_ayarza,Cable Onda ,No ,No,,Si,1,2.0 Mb ,,
730,C.E.B.G. Boca De Toabre,Colon,Donoso,Miguel De La Borda ,Colón,52,Si,Si,Panel Solar,No,Sin Internet,16,Mariana Solano,-80.312858,9.144648,97,ae687981-bbde-4207-81fe-94bc76f217eb,1597153106568,b_ayarza,1610224569519,b_ayarza,SN/SV,No ,No,,Si ,SN/SV,SN/SV,,
731,C.E.B.G. Toabre Abajo,Cocle,La Pintada ,Llano Grande,Coclé,24,Si,Si,Panel Solar,Si,Satelital,Dato por verificar,Dato por Verificar,-80.48608192,8.91313697,98,c36af136-1fc2-4af9-8f16-6e5cff605e95,1597153106568,b_ayarza,1610413181418,b_ayarza,Cable Onda ,No ,No,,No ,1,2.0 Mb ,,
732,C.E.B.G. La Venta,Cocle,La Pintada ,Llano Grande,Coclé,104,No,Si,Compañía Distribuidora,Si,Satelital,17,Sebastiana Gonzalez,-80.41469302,8.63341588,99,941e6649-85b4-404b-b6ad-8e7cdaf4578c,1597153106568,b_ayarza,1612994193452,b_ayarza,Cable Onda ,No ,No,,Si ,1,1.0 Mb ,Si ,
735,Escuela Rita H. de Trujillo,Cocle,La Pintada ,Llano Grande,Coclé,55,No,No,Dato por Verificar,No,Sin Internet,17,Diana Gonzalez,-80.46747082,8.63813806,100,9053f7f8-6491-4008-9cfd-a8b8eadef03a,1597153106568,b_ayarza,1610224571132,b_ayarza,SN/SV,No ,Si,,Si ,SN/SV,SN/SV,,
736,Escuela  Llano Grande,Cocle,La Pintada ,Llano Grande,Coclé,155,Si,Si,Compañía Distribuidora,Si,Satelital,20,Lidia Gonzalez De Diaz,-80.44024852,8.63980466,101,bbf4a0ec-6026-4261-818d-e4458a1c464b,1597153106568,b_ayarza,1610413209567,b_ayarza,Cable Onda ,No ,No,,Si ,1,1.0 Mb ,,
737,Escuela Hacha del Harino,Cocle,La Pintada ,Llano Grande,Coclé,22,Si,Si,Panel Solar,No,Sin Internet,Dato por verificar,Dato por Verificar,-80.44774862,8.7561932,102,1ed2a692-4794-4dc2-b5c0-85f50bc6c311,1597153106568,b_ayarza,1610224573160,b_ayarza,SN/SV,No ,No,,Si ,SN/SV,SN/SV,,
738,Escuela Cutevilla,Cocle,La Pintada ,Llano Grande,Coclé,39,Si,Si,Panel Solar,No,Sin Internet,20,Jesus Nunez,-80.47552642,8.8059152,103,59591226-1bf1-45b8-bc85-868a54c284ff,1597153106568,b_ayarza,1610224575692,b_ayarza,SN/SV,No ,No,,No ,SN/SV,SN/SV,,
739,Escuela Agua Fría,Cocle,La Pintada ,Llano Grande,Coclé,45,No,Si,Compañía Distribuidora,Si,Satelital,17,Ventura Rodriguez,-80.47302642,8.66536016,104,2ffc2814-6ccd-4bc9-b5cf-f49572f04a7e,1597153106568,b_ayarza,1610413272552,b_ayarza,CWP,No ,No,,Si ,1,10 Mb ,,
740,C.E.B.G. Cuteva,Cocle,La Pintada ,Llano Grande,Coclé,67,Si,Si,Panel Solar,No,Sin Internet,20,Javier Rosales,-80.48747082,8.85841489,105,ba19a822-7a29-4d3f-a789-8fb6659769b1,1597153106568,b_ayarza,1610224579130,b_ayarza,SN/SV,No ,No,,No ,SN/SV,SN/SV,,
741,C.E.B.G. Cascajal,Cocle,La Pintada ,Llano Grande,Coclé,52,No,Si,Compañía Distribuidora,No,Sin Internet,21,Priscila Y. De Valdes,-80.45552632,8.71313777,106,e9a444c8-1343-4045-b06e-2c8f6286ba3f,1597153106568,b_ayarza,1610224581486,b_ayarza,SN/SV,No ,Si,,No ,SN/SV,SN/SV,,
742,Escuela Angel Guardia,Cocle,La Pintada ,Piedras Gordas,Coclé,99,No,Si,Compañía Distribuidora,Si,Satelital,17,Gaspar Arauz,-80.51080412,8.63980466,107,ac7390c4-004e-42c3-a0ec-cb7ef98a7747,1597153106568,b_ayarza,1610413281755,b_ayarza,Cable Onda ,No ,No,,Si ,1,1.0 Mb ,,
743,Escuela Cerro Corral,Cocle,La Pintada ,Piedras Gordas,Coclé,17,Si,Si,Panel Solar,No,Sin Internet,17,Mirna Rodriguez,-80.51885962,8.62258253,108,b250585c-100d-4ae7-ad3e-b30cdd1807c5,1597153106568,b_ayarza,1610224585670,b_ayarza,SN/SV,No ,No,,Si ,SN/SV,SN/SV,,
744,Escuela El Jobo,Cocle,La Pintada ,Piedras Gordas,Coclé,54,Si,Si,Compañía Distribuidora,Si,Satelital,18,Yeni Garcia,-80.53441522,8.61591585,109,d3dbb42c-5e2b-4e75-84b2-da4c704d8edd,1597153106568,b_ayarza,1610413311035,b_ayarza,Cable Onda ,No ,No,,Si ,1,1.0 Mb ,,
745,C.E.B.G. Machuca,Cocle,La Pintada ,Piedras Gordas,Coclé,54,No,Si,Compañía Distribuidora,Si,Fibra Óptica,18,oscar J. Lorenzo,-80.54774852,8.62313812,110,1cc3681f-5a3c-441c-802c-1216b998882b,1597153106568,b_ayarza,1610413313316,b_ayarza,CWP,No ,No,,Si ,1,10 Mb ,,
746,Escuela El Platanal,Cocle,La Pintada ,Piedras Gordas,Coclé,5,Si,No,Dato por Verificar,No,Sin Internet,21,Yaneth Sanchez,-80.57135972,8.76563756,111,20b18c8f-4bc5-4a32-ac7c-ae99380ac00c,1597153106568,b_ayarza,1610224589076,b_ayarza,SN/SV,No ,No,,Si ,SN/SV,SN/SV,,
750,Escuela Jujucal,Cocle,La Pintada ,Piedras Gordas,Coclé,44,No,Si,Compañía Distribuidora,Si,Fibra Óptica,17,Eyra Varela,-80.53552642,8.63313808,112,76b515d2-7887-4421-aa31-dceb020ce45e,1597153106568,b_ayarza,1610413324286,b_ayarza,CWP,No ,No,,Si ,1,10 Mb ,,
751,Escuela El Palomo,Cocle,La Pintada ,Piedras Gordas,Coclé,14,Si,No,Dato por Verificar,No,Sin Internet,Dato por verificar,Dato por Verificar,-80.51413752,8.59369374,113,6f5331b2-bb7f-434e-9807-f49641256136,1597153106568,b_ayarza,1610224594800,b_ayarza,SN/SV,No ,No,,Si ,SN/SV,SN/SV,,
752,Escuela  Las Lajas,Cocle,La Pintada ,Piedras Gordas,Coclé,18,Si,Si,Panel Solar,No,Sin Internet,21,Genaro Perez,-80.52024862,8.70785999,114,39e4a2a3-f5cb-47f3-a291-ab94d73ed93b,1597153106568,b_ayarza,1610224598618,b_ayarza,SN/SV,No ,No,,Si ,SN/SV,SN/SV,,
753,Escuela Las Delicias,Cocle,La Pintada ,Piedras Gordas,Coclé,6,Si,Si,Compañía Distribuidora,Si,Fibra Óptica,Dato por verificar,Dato por Verificar,-80.49219302,8.64313794,115,1044995d-2652-49b1-a7ba-08741efe9771,1597153106568,b_ayarza,1610413344293,b_ayarza,CWP,No ,No,,Si ,1,10 Mb ,,
754,Escuela Bermejo,Cocle,La Pintada ,Piedras Gordas,Coclé,55,Si,Si,Compañía Distribuidora,No,Sin Internet,Dato por verificar,Dato por Verificar,-80.52302642,8.65869348,116,feb64621-2de3-464e-9244-f25bfd84bf58,1597153106568,b_ayarza,1610224601738,b_ayarza,SN/SV,No ,Si,55.0,Si ,SN/SV,SN/SV,,
755,C.E.B.G Calabazo No. 2,Cocle,La Pintada ,Piedras Gordas,Coclé,61,Si,Si,Compañía Distribuidora,Si,Satelital,17,Zulay Fernandez,-80.49163752,8.63036029,117,2740857d-afcb-4781-ac1a-9d6352f5e64f,1597153106568,b_ayarza,1610413391015,b_ayarza,Cable Onda ,No ,No,,Si ,1,1.0 Mb ,,
756,C.E.B.G. España,Cocle,Natá,Natá,Coclé,667,No,Si,Compañía Distribuidora,Si,Hibrido de Fibra Coaxial,7,Cipriano Campines,-80.51941532,8.33591692,118,ee9ff5e2-0433-4b83-ae19-e5fdd69f791a,1597153106568,b_ayarza,1610413391807,b_ayarza,Cable Onda ,No ,No,,No ,1,6 Mb ,,
758,Colegio Mariano Prado Arauz,Cocle,Natá,Natá,Coclé,1107,No,Si,Compañía Distribuidora,Si,Hibrido de Fibra Coaxial,7,Felipe  Fernandez,-80.52219302,8.34813918,119,fb0636a8-c113-42dd-a8bb-507db26b01ba,1597153106568,b_ayarza,1610413393155,b_ayarza,Cable Onda ,No ,No,,No ,3,6 Mb ,,
760,C.E.B.G. Virulí,Cocle,Natá,El Caño,Coclé,18,No,No,Dato por Verificar,No,Sin Internet,7,Neibis Atencio,-80.53997082,8.49313863,121,38369493-5330-464c-bb43-5acd6d9c18b8,1597153106568,b_ayarza,1610224606046,b_ayarza,SN/SV,No ,No,,No ,SN/SV,SN/SV,,
761,C.E.B.G. Villarreal,Cocle,Natá,Capellania,Coclé,46,No,Si,Compañía Distribuidora,Si,Fibra Óptica,2,Amparo Carrion,-80.64802642,8.32119478,122,0a4b6b7e-78a0-460d-bfa6-ce372f1a5f99,1597153106568,b_ayarza,1610413482660,b_ayarza,CWP ,No ,No,,No ,1,10 Mb ,,
765,Escuela Roberto F. Chiari,Cocle,Natá,Capellania,Coclé,302,No,Si,Compañía Distribuidora,Si,Hibrido de Fibra Coaxial,2,Rosaida Moran,-80.55084,8.300439,123,643da33b-18b0-47d6-87b9-c676f6fc07ef,1597153106568,b_ayarza,1610413489373,b_ayarza,Cable Onda,No ,No,,No ,1,6 Mb ,,
767,C.E.B.G. Llano La Palma,Cocle,Natá,Capellania,Coclé,14,No,Si,Compañía Distribuidora,Si,Fibra Óptica,2,Florentina Trejos,-80.58135972,8.27758384,124,ecd09196-43b0-4e2e-bc1a-679c5b85d833,1597153106568,b_ayarza,1610413491538,b_ayarza,CWP ,No ,No,,No ,1,10 Mb ,,
768,C.E.B.G. Cienaga Larga,Cocle,Natá,Capellania,Coclé,59,No,Si,Compañía Distribuidora,Si,Fibra Óptica,2,Viodelda Solis,-80.62159,8.30811,125,cf32ea23-2bb4-4b68-bbdf-a4a48b92a8c5,1597153106568,b_ayarza,1610413492105,b_ayarza,CWP ,No ,No,,No ,1,10 Mb ,,
769,C.E.B.G. El Espave,Cocle,Natá,Capellania,Coclé,8,No,Si,Compañía Distribuidora,Si,Fibra Óptica,2,Dato por Verificar,-80.59302632,8.2884171,126,33a6f7b0-2300-479b-b1ed-8cb4998fe6f5,1597153106568,b_ayarza,1610413493057,b_ayarza,CWP ,No ,No,,No ,1,10 Mb ,,
770,C.E.B.G. El Olivo,Cocle,Natá,El Caño,Coclé,32,No,Si,Compañía Distribuidora,Si,Fibra Óptica,7,Marian Y. Mojica M.,-80.52358192,8.45536097,127,7f14a871-6b80-4c42-9964-4524f0f2d95a,1597153106568,b_ayarza,1610413494010,b_ayarza,CWP ,No ,No,,No ,1,10 Mb ,,
773,C.E.B.G. Santa Lucia,Cocle,Natá,El Caño,Coclé,63,No,Si,Compañía Distribuidora,Si,Fibra Óptica,6,Alejandro  Torres,-80.53191522,8.41230553,128,c44299ba-e350-4c30-b005-9669914cf2a8,1597153106568,b_ayarza,1610413495041,b_ayarza,CWP ,No ,No,,No ,1,10 Mb ,,
774,Escuela Simeón Valderrama,Cocle,Natá,El Caño,Coclé,122,No,Si,Compañía Distribuidora,Si,Fibra Óptica,Dato por verificar,Dato por Verificar,-80.54247082,8.40425006,129,659d85eb-9cc4-4610-be8e-1f3a5c9a4e3f,1597153106568,b_ayarza,1610413498535,b_ayarza,CWP ,No ,No,,No ,1,10 Mb ,,
775,C.E.B.G. Sebastian Sucre,Cocle,Natá,El Caño,Coclé,165,No,Si,Compañía Distribuidora,Si,Hibrido de Fibra Coaxial,6,Ivan Quintero,-80.51913742,8.40647226,130,77c873f2-95cf-421e-b3ba-300ae9133046,1597153106568,b_ayarza,1610413501896,b_ayarza,Cable Onda,No ,No,,No ,1,10 Mb ,,
776,C.E.B.G. La Salineta,Cocle,Natá,El Caño,Coclé,23,No,Si,Compañía Distribuidora,No,Sin Internet,6,Mabel Hurtado,-80.57302642,8.45230538,131,2fabda17-25b3-49f3-87ab-899379f1dd09,1597153106568,b_ayarza,1610224608066,b_ayarza,SN/SV,No ,No,,No ,SN/SV,SN/SV,,
777,C.E.B.G. El Valle,Cocle,Natá,Guzmán,Coclé,9,No,No,Dato por Verificar,No,Sin Internet,7,Antonio J. Vargas,-80.54274862,8.50869416,132,636f5bcf-900c-4217-92d7-61f3a143b9b7,1597153106568,b_ayarza,1610224610772,b_ayarza,SN/SV,No ,No,,Si,SN/SV,SN/SV,,
778,C.E.B.G. Guzmán,Cocle,Natá,Guzmán,Coclé,18,No,Si,Panel Solar,No,Sin Internet,7,Dionelis Polanco,-80.58552642,8.52286071,133,979c667c-e19a-4ee7-a9c9-40fd33ba621b,1597153106568,b_ayarza,1610224613879,b_ayarza,SN/SV,No ,No,,Si,SN/SV,SN/SV,,
779,C.E.B.G. Caimitillo,Cocle,Natá,Guzmán,Coclé,16,Si,Si,Panel Solar,No,Sin Internet,19,Enrique Aguilar,-80.61262,8.57529,134,2a9b7cb1-eaf3-487f-84a8-50f7832b9476,1597153106568,b_ayarza,1610224615691,b_ayarza,SN/SV,No ,No,,Si,SN/SV,SN/SV,,
780,C.E.B.G. Honduras,Cocle,Natá,Guzmán,Coclé,2,Si,No,Dato por Verificar,No,Sin Internet,7,Andrea Rodriguez,-80.62108192,8.54230514,135,ca894bf3-0736-41b5-8ab9-a5831f29d46c,1597153106568,b_ayarza,1610224617537,b_ayarza,SN/SV,No ,No,,Si,SN/SV,SN/SV,,
1402,Escuela Agua Buena,Chiriqui,Barú,Puerto Amuelles,Chiriquí,81,No,Si,Compañía Distribuidora,Si,Fibra Óptica,23,Teodolinda Nuñez,-82.87163752,8.30202815,136,9847fbd8-6bb1-4a85-a9f5-3e26ba028201,1597153106568,b_ayarza,1610487625284,b_ayarza,CWP,No ,No,,Si ,1,10 Mb ,,
950,C.E.B.G. Altos del Silencio,Cocle,Penonomé,Río Indio,Coclé,41,Si,Si,Panel Solar,No,Sin Internet,15,Katherine Fuentes,-80.18358192,8.87258154,137,100467bf-c5fc-426d-90c2-ad81e1c71ef1,1597153106568,b_ayarza,1610224620028,b_ayarza,SN/SV,No ,No,,Si,SN/SV,SN/SV,,
1083,Escuela El Chorro De Ciri Grande,Colon,Colón,Ciricito,Colón,10,Si,Si,Panel Solar,No,Sin Internet,11,Alba E. Lam Barrios,-80.04955,8.97109,138,8299640b-5af2-49a4-91b9-b499dc95fd06,1597153106568,b_ayarza,1610224621873,b_ayarza,SN/SV,No ,No,,No ,SN/SV,SN/SV,,
1403,Escuela Blanco Arriba,Chiriqui,Barú,Rodolfo Aguilar Delgado,Chiriquí,54,No,Si,Compañía Distribuidora,Si,Satelital,20,Norma Gonzalez,-82.92997082,8.37036129,139,6a5da886-540f-45fb-a47b-7efea5e501b8,1597153106568,b_ayarza,1610487632082,b_ayarza,Cable Onda ,No ,No,,Si ,1,2.0 Mb ,,
478,Escuela Bajo El Cedro,Bocas del Toro,Chiriquí Grande ,Punta Robalo,Bocas del Toro,332,Si,Si,Panel Solar,Si,Dato por Verificar ,Dato por verificar,Andrea Aparicio,-82.29719312,9.1048028,140,54f8ff16-7c44-42f9-a6d5-cddcc2281ada,1597153106568,b_ayarza,1610411622738,b_ayarza,Cable Onda ,No ,No,,Si ,1,10 Mb ,,
8,Escuela Corbiski,Comarca Guna Yala ,Comarca Guna Yala ,Narganá,Comarca Guna Yala ,109,Si,Si,Panel Solar,No,Sin Internet,Dato por verificar,Mixelio Perea,-78.96358192,9.54618994,141,0ae862cf-4af1-4036-873a-51e048cf9a28,1597153106568,b_ayarza,1610224623564,b_ayarza,SN/SV,No ,No ,,Si ,SN/SV,SN/SV,,
1217,Escuela Belén,Colon,Donoso,Coclé Del Norte,Colón,30,Si,Si,Panel Solar,No,Sin Internet,15,Ismelda Rios,-80.86691522,8.88591488,142,5b1de7a6-14f8-47eb-9f59-b293ee07d4d8,1597153106568,b_ayarza,1610224625603,b_ayarza,SN/SV,No ,No,,Si,SN/SV,SN/SV,,
951,C.E.B.G. Las Palmas,Cocle,Penonomé,Río Indio,Coclé,59,Si,Si,Panel Solar,No,Sin Internet,16,Katerin Chavez,-80.29997082,8.89730374,143,2e263d75-7b35-4d05-886f-881648fabbbf,1597153106568,b_ayarza,1610224627364,b_ayarza,SN/SV,No ,No,,Si,SN/SV,SN/SV,,
952,C.E.B.G. El Límite,Cocle,Penonomé,Río Indio,Coclé,14,Si,Si,Panel Solar,No,Sin Internet,15,Eric Batista,-80.18247082,8.90035923,144,10f4d189-a05e-456c-a91b-b46ed5bab599,1597153106568,b_ayarza,1610224630194,b_ayarza,SN/SV,No ,No,,Si,SN/SV,SN/SV,,
1218,Escuela San Luis,Colon,Donoso,Coclé Del Norte,Colón,40,Si,Si,Panel Solar,No,Sin Internet,16,Javier Camaño,-80.40191532,8.91369247,145,2b0fd5e7-8c60-470f-8c60-852690a509d3,1597153106568,b_ayarza,1610832021673,b_ayarza,SN/SV,No ,No,,Si,SN/SV,SN/SV,,
953,C.E.B.G. El Limón,Cocle,Penonomé,Río Indio,Coclé,13,Si,No,Dato por Verificar,No,Sin Internet,Dato por verificar,Dato por Verificar,-80.29774862,8.8570261,146,32aaf56a-2d49-45df-b7dc-4ef885f7cc0b,1597153106568,b_ayarza,1610224636685,b_ayarza,SN/SV,No ,No,,Si,SN/SV,SN/SV,,
1404,Escuela Finca Blanco,Chiriqui,Barú,Rodolfo Aguilar Delgado,Chiriquí,263,No,Si,Compañía Distribuidora,Si,Microondas,20,Vilma Torrez,-82.875849,8.383757,147,393e9243-3bb2-46c4-9349-0d30c347b4b9,1597153106568,b_ayarza,1610487667113,b_ayarza,Cable Onda ,No ,No,,Si ,1,10 Mb ,,
1085,Escuela La Humildad,Colon,Colón,Escobal,Colón,3,Si,Si,Panel Solar,No,Sin Internet,11,Arelis Rodriguez,-80.00663742,8.99313665,148,c200407d-53c9-4739-89ca-d37b7420e004,1597153106568,b_ayarza,1610224637856,b_ayarza,SN/SV,No ,No,,No ,SN/SV,SN/SV,,
1219,Escuela Rio Caimito,Colon,Donoso,Coclé Del Norte,Colón,65,Si,Si,Panel Solar,No,Sin Internet,15,Neris F. Ruiz,-80.67969302,9.02202543,149,6012eeeb-5c57-414b-b429-20d4070907a9,1597153106568,b_ayarza,1610224640470,b_ayarza,SN/SV,No ,No,,Si,SN/SV,SN/SV,,
954,C.E.B.G. La Encantada,Cocle,Penonomé,Río Indio,Coclé,106,Si,Si,Panel Solar,No,Sin Internet,Dato por verificar,Dato por Verificar,-80.34563,8.87869,150,3253bbe4-fcb2-4bd6-a4be-b1fa28c1342e,1597153106568,b_ayarza,1610224642971,b_ayarza,SN/SV,No ,No,,Si,SN/SV,SN/SV,,
479,Escuela Valle Seco,Bocas del Toro,Chiriquí Grande ,Punta Robalo,Bocas del Toro,44,Si,Si,Compañía Distribuidora,No,Sin Internet,Dato por verificar,Claribel Urriola,-82.28385972,9.04369195,151,abc0a373-d763-4895-805d-5fdc47817132,1597153106568,b_ayarza,1610224645786,b_ayarza,SN/SV,No ,No,,Si ,SN/SV,SN/SV,,
20,I.P.T. Comarca Guna Yala ,Comarca Guna Yala ,Comarca Guna Yala ,Aligandí,Comarca Guna Yala ,58,Si,Si,Panel Solar,Si,Satelital,2,Gustavo Morales ,-78.2394037,9.300226,152,5d46d813-89a3-49d6-8309-ea83bebf8fae,1597153106568,b_ayarza,1610241560384,b_ayarza,Cable Onda ,No ,No ,,Si ,2,2.0 Mb ,,
1086,Escuela Los Cedros Abajo,Colon,Colón,Ciricito,Colón,3,Si,Si,Planta Eléctrica Propia,No,Sin Internet,11,Carmen Tesis,-80.06524862,9.05063642,153,3f7b2182-2b84-4f20-936f-db7d4aeba79d,1597153106568,b_ayarza,1610224647964,b_ayarza,SN/SV,No ,No,,No ,SN/SV,SN/SV,,
1407,Escuela Bongo,Chiriqui,Barú,Rodolfo Aguilar Delgado,Chiriquí,78,No,Si,Compañía Distribuidora,Si,Fibra Óptica,19,Marycruz Pinzon,-82.90441532,8.40591676,154,92e6fb83-9dd3-417e-8386-568325538113,1597153106568,b_ayarza,1610487669551,b_ayarza,CWP,No ,No,,Si ,1,10 Mb ,,
955,C.E.B.G.  Las Marias,Cocle,Penonomé,Río Indio,Coclé,188,Si,Si,Panel Solar,No,Sin Internet,15,Omar Castillo,-80.21969302,8.88952587,155,d5110dda-93fc-4b06-b0a7-0c47f2ccf90e,1597153106568,b_ayarza,1610224649589,b_ayarza,SN/SV,No ,No,,Si,SN/SV,SN/SV,,
21,C.E.B.G. Nele Kantule,Comarca Guna Yala ,Comarca Guna Yala ,Aligandí,Comarca Guna Yala ,281,Si,Si,Panel Solar,No,Sin Internet,3,Baclio Patino ,-77.92385972,9.12980279,156,8e85e6a3-84b5-480f-8757-1891320ca5a4,1597153106568,b_ayarza,1610224651321,b_ayarza,SN/SV,No ,No ,,Si ,SN/SV,SN/SV,,
480,Escuela Alto Mancreek,Comarca Ngabe-Bugle,Jirondai,Man Creek,Comarca Ngäbe-Buglé,56,Si,Si,Panel Solar,Si,Sin Internet,3,Ariel Morales,-82.05774862,8.90313701,157,7446f956-74ea-4de2-9935-4ae502d09fea,1597153106568,b_ayarza,1610411639216,b_ayarza,CWP ,Si,No,,Si ,1,10 Mb ,,
1221,Escuela San Jose De San Lucas,Colon,Donoso,Coclé Del Norte,Colón,102,Si,Si,Planta Eléctrica Propia,No,Sin Internet,16,Erika Burker,-80.570728,9.0772,158,d8cbf57e-b0be-4063-9305-5047626b6688,1597153106568,b_ayarza,1610224653759,b_ayarza,SN/SV,No ,No,,Si,SN/SV,SN/SV,,
1087,Escuela Cirí Grande,Colon,Colón,Ciricito,Colón,20,Si,Si,Panel Solar,No,Sin Internet,11,Sonia De Francis,-80.08385972,9.02758091,159,5a304816-6ed3-4708-8237-0ba356d12196,1597153106568,b_ayarza,1610224657140,b_ayarza,SN/SV,No ,No,,No ,SN/SV,SN/SV,,
1409,Escuela Cañazas ,Chiriqui,Barú,Rodolfo Aguilar Delgado,Chiriquí,30,No,Si,Compañía Distribuidora,Si,Fibra Óptica,20,Maria E. Castillo De Pitti,-82.93219312,8.40313897,160,863fd1eb-b1c5-46ef-98af-5163ac81329c,1597153106568,b_ayarza,1610487668457,b_ayarza,CWP,No ,No,,Si ,1,10 Mb ,,
25,Escuela Ogobsucum,Comarca Guna Yala ,Comarca Guna Yala ,Aligandí,Comarca Guna Yala ,325,Si,Si,Panel Solar,Si,Satelital,3,Lineth Herrera,-77.92302632,9.13174718,161,43053619-7fce-4ccc-81c2-9cc21416d394,1597153106568,b_ayarza,1610241743266,b_ayarza,Cable Onda ,No ,No ,,Si ,1,2.0 Mb ,,
956,C.E.B.G. Sabaneta de U,Cocle,Penonomé,Toabré,Coclé,95,Si,Si,Planta Eléctrica Propia,No,Sin Internet,Dato por verificar,Dato por Verificar,-80.26413752,8.85452611,162,71146521-990b-454a-becf-3ec13e70b4d4,1597153106568,b_ayarza,1610224659748,b_ayarza,SN/SV,No ,No,,Si,SN/SV,SN/SV,,
483,Escuela Kuite,Comarca Ngabe-Bugle,Kankintú,Kankintú,Comarca Ngäbe-Buglé,70,Si,No,Dato por Verificar,No,Sin Internet,5,Lola Elington Palacio,-81.90262,8.84512,163,c9e9f383-b1ee-43c1-88e9-304dd8692579,1597153106568,b_ayarza,1610224661516,b_ayarza,SN/SV,No ,No,,Si ,SN/SV,SN/SV,,
1222,Escuela Rio Palmilla,Colon,Donoso,Coclé Del Norte,Colón,66,Si,Si,Planta Eléctrica Propia ,No,Sin Internet,15,Yesenia Rodriguez,-80.79997082,8.91952575,164,ace54f78-3803-445c-96cc-3bf864bad627,1597153106568,b_ayarza,1610224663297,b_ayarza,SN/SV,No ,No,,Si,SN/SV,SN/SV,,
1410,Escuela Caoba 01,Chiriqui,Barú,Rodolfo Aguilar Delgado,Chiriquí,12,No,Si,Compañía Distribuidora,No,Sin Internet,19,Maria M. Arcia,-82.862205,8.404887,165,9ea2a179-24e0-4d5f-b320-1372deb53ed5,1597153106568,b_ayarza,1610224665094,b_ayarza,SN/SV,No ,Si,,Si ,SN/SV,SN/SV,,
1088,Escuela El Porvenir,Colon,Colón,Ciricito,Colón,27,No,Si,Compañía Distribuidora,No,Sin Internet,11,Rosalinda Brown,-80.04441532,9.09785842,166,24d94007-7ece-4312-98f5-eb4bbfbc72c5,1597153106568,b_ayarza,1610224668398,b_ayarza,SN/SV,No ,No,,No ,SN/SV,SN/SV,,
1223,Escuela Vista Alegre de Cuatro Calles,Colon,Donoso,Coclé Del Norte,Colón,68,Si,Si,Panel Solar,No,Sin Internet,16,Francisco Ruiz,-80.54052642,8.96924785,167,4fa3be21-a678-4798-b974-0d248a9445f1,1597153106568,b_ayarza,1610224670020,b_ayarza,SN/SV,No ,No,,Si,SN/SV,SN/SV,,
957,C.E.B.G. Valle de San Miguel,Cocle,Penonomé,Toabré,Coclé,76,Si,Si,Panel Solar,No,Sin Internet,16,Gerardo Vasquez,-80.32191532,8.78924857,168,3a635176-e319-4af7-959f-d383d448baba,1597153106568,b_ayarza,1610224672150,b_ayarza,SN/SV,No ,No,,Si,SN/SV,SN/SV,,
1411,Escuela Caoba 09,Chiriqui,Barú,Rodolfo Aguilar Delgado,Chiriquí,30,No,Si,Compañía Distribuidora,No,Sin Internet,19,Ydabelys Espinoza,-82.86997082,8.39841669,169,2099b229-8bb5-47c4-a9f8-7873940d990f,1597153106568,b_ayarza,1610224673791,b_ayarza,SN/SV,No ,Si,,Si ,SN/SV,SN/SV,,
1089,Escuela República De Sudáfrica,Colon,Colón,Cristobal,Colón,1206,No,Si,Planta Eléctrica de Empresa,Si,Hibrido de Fibra Coaxial,3,Carmen Maga,-79.869468,9.336069,170,92f1010d-27fe-475e-aea2-fda4779725d1,1597153106568,b_ayarza,1610471918970,b_ayarza,Cable Onda ,No ,No,,No ,1,6 Mb ,,
1225,Escuela Calle Larga,Colon,Donoso,Coclé Del Norte,Colón,9,Si,No,Dato por Verificar,No,Sin Internet,16,Neiza Buzzelle,-80.73302632,8.74897093,171,fb6fae7b-a5bb-4449-8f16-bb8fdabe293f,1597153106568,b_ayarza,1610224680065,b_ayarza,SN/SV,No ,No,,Si,SN/SV,SN/SV,,
484,Escuela Nury,Comarca Ngabe-Bugle,Kankintú,Bisira (Cabecera),Comarca Ngäbe-Buglé,49,Si,Si,Panel Solar,Si,Satelital,5,Jorge Rodriguez,-81.82524862,8.92202574,172,d6fd9067-1334-4998-872e-00a50d9d25fd,1597153106568,b_ayarza,1610411655889,b_ayarza,CWP ,Si,No,,Si ,1,10 Mb ,,
26,Escuela Aidirgandi,Comarca Guna Yala ,Comarca Guna Yala ,Aligandí,Comarca Guna Yala ,17,Si,Si,Panel Solar,No,Sin Internet,2,Marciano Vargas,-78.38219302,9.35952403,173,15c7dd86-1df3-4a97-bf66-8d786da0cb66,1597153106568,b_ayarza,1610224681896,b_ayarza,SN/SV,No ,No ,,Si ,SN/SV,SN/SV,,
958,C.E.B.G. Mercedes Bustamante,Cocle,Penonomé,Toabré,Coclé,276,No,Si,Compañía Distribuidora,Si,Fibra Óptica,12,Griceida Lorenzo,-80.32469302,8.64813803,174,5ae7600a-eac1-4942-9c09-b16f18af4871,1597153106568,b_ayarza,1610414679231,b_ayarza,Cable Onda,No ,No,,Si,1,10 Mb ,,
1412,Escuela Balsa,Chiriqui,Barú,Rodolfo Aguilar Delgado,Chiriquí,84,No,Si,Compañía Distribuidora,Si,Fibra Óptica,19,Ruben D. Miranda,-82.89441522,8.42869437,175,930b9f66-a670-4987-9748-777915fbfdc8,1597153106568,b_ayarza,1610487736806,b_ayarza,CWP,No ,No,,Si ,1,10 Mb ,,
1092,Centro Educativo Simon Manuel Urbina,Colon,Colón,Cristobal,Colón,480,No,Si,Compañía Distribuidora,Si,Hibrido de Fibra Coaxial,6,Gabriel Rowe,-79.89191532,9.33980182,176,00376c69-dd1c-470b-bd8a-ebe7cbad90ce,1597153106568,b_ayarza,1610472023597,b_ayarza,Cable Onda ,No ,No,,No ,3,6 Mb/ 1-10 Mb ,,
27,C.E.B.G. Sayla Iguanaisy,Comarca Guna Yala ,Comarca Guna Yala ,Aligandí,Comarca Guna Yala ,123,Si,Si,Panel Solar,Si,Satelital,3,Iranelis Meza,-77.98330412,9.19702471,177,c1b7dbdd-a319-4dcf-b428-107c9202af85,1597153106568,b_ayarza,1610241765484,b_ayarza,Cable Onda ,No ,No ,,Si ,1,2.0 Mb ,,
486,Escuela Dobrote,Comarca Ngabe-Bugle,Kankintú,Kankintú,Comarca Ngäbe-Buglé,95,Si,Si,Planta Eléctrica de Empresa,No,Sin Internet,6,Erminio Montezuma,-81.81917,8.84779,178,bfe4b202-7a62-4343-b18f-682004ebc71b,1597153106568,b_ayarza,1610224684174,b_ayarza,SN/SV,No ,No,,Si ,SN/SV,SN/SV,,
962,Escuela Paso Real,Cocle,Penonomé,Toabré,Coclé,36,No,Si,Planta Eléctrica Propia,No,Sin Internet,14,Jorge A. Arrocha C.,-80.31941532,8.73397099,180,22b39c43-c62b-4f28-8346-aea2d5637c63,1597153106568,b_ayarza,1610224687881,b_ayarza,SN/SV,No ,No,,Si,SN/SV,SN/SV,,
1413,Escuela Tomas Armuelles,Chiriqui,Barú,Puerto Amuelles,Chiriquí,127,No,Si,Compañía Distribuidora,Si,Fibra Óptica,23,Nidia Piitty,-82.86191522,8.26897277,181,ed2f26f7-bc94-4f9e-84cb-1b8d59dce597,1597153106568,b_ayarza,1610487739494,b_ayarza,CWP,No ,No,,No ,1,10 Mb ,,
1094,C.E.B.G. Adelaida R. Viuda de Herrera,Colon,Colón,Escobal,Colón,621,No,Si,Compañía Distribuidora,Si,Microondas,11,Xiomara Martinez,-79.96441532,9.14702492,182,786bd6b4-9b1d-42b9-b7da-0daba3bf72d8,1597153106568,b_ayarza,1610472043419,b_ayarza,CWP,No ,No,,No ,1,10 Mb ,,
1095,Escuela Campo Alegre,Colon,Colón,Cristobal,Colón,6,Si,No,Dato por Verificar,No,Sin Internet,11,Belinda Anaya,-80.01052642,9.07452512,183,93df8f6e-06a1-422a-881c-150daa7cf880,1597153106568,b_ayarza,1610224690935,b_ayarza,SN/SV,No ,No,,No ,SN/SV,SN/SV,,
1099,Escuela Quebraon,Colon,Colón,Escobal,Colón,22,Si,Si,Panel Solar,No,Sin Internet,11,Leandro Salazar,-80.01774862,9.14841382,186,161f8940-b89b-437d-9d47-c22aceddb373,1597153106568,b_ayarza,1610224697451,b_ayarza,SN/SV,No ,No,,No ,SN/SV,SN/SV,,
1100,Escuela Orondaste L. Martínez,Colon,Colón,Escobal,Colón,8,Si,No,Dato por Verificar,No,Sin Internet,11,Odalis Mendoza,-79.98302642,9.01924764,187,8b9b97fa-b587-4e35-8716-43e45bd3c1e5,1597153106568,b_ayarza,1610224699319,b_ayarza,SN/SV,No ,No,,No ,SN/SV,SN/SV,,
1101,Escuela Rio Gatún,Colon,Colón,Limón,Colón,385,No,Si,Compañía Distribuidora,Si,Fibra Óptica,5,Vielka Salcedo,-79.76913752,9.29007983,188,6a9ca392-13ee-4575-b0b5-eafc677df0fd,1597153106568,b_ayarza,1610472072207,b_ayarza,Cable Onda ,No ,No,,No ,1,10 Mb ,,
1105,Escuela Alfagia,Colon,Colón,Limón,Colón,0,Si,Si,Panel Solar,No,Sin Internet,5,Dato por Verificar,-79.77719302,9.23980224,189,f8a2db8f-a2fe-484c-84c7-aad8468a703e,1597153106568,b_ayarza,1610224702787,b_ayarza,SN/SV,No ,No,,No ,SN/SV,SN/SV,,
1106,Escuela Quebrada Ancha,Colon,Colón,Limón,Colón,399,Si,Si,Compañía Distribuidora,Si,Fibra Óptica,5,Maria R. De Quintero,-79.73691532,9.28341325,190,e4935ca5-43de-4123-bd1a-03458ad4d714,1597153106568,b_ayarza,1610472122015,b_ayarza,Cable Onda ,No ,No,,No ,2,10 Mb ,,
1107,Escuela Efrain Tejada Urriola,Colon,Colón,Limón,Colón,224,No,Si,Compañía Distribuidora,Si,Microondas,5,Samaris Garay,-79.81052642,9.25813556,191,9cbd23d8-8d9b-40c4-a1d7-d39c2e97df7e,1597153106568,b_ayarza,1610472124959,b_ayarza,Cable Onda ,No ,No,,No ,1,10 Mb ,,
1108,Escuela Nueva Providencia,Colon,Colón,Cristobal,Colón,72,No,Si,Planta Eléctrica de Empresa,Si,Satelital,5,Janeth Chambers,-79.81274862,9.26341324,192,4269c0b7-d1e7-482f-af78-00add7972830,1597153106568,b_ayarza,1610472136537,b_ayarza,CWP,No ,No,,No ,1,4 Mb ,,
1110,Escuela Rio Rita,Colon,Colón,Nueva Providencia,Colón,1160,No,Si,Compañía Distribuidora,Si,Fibra Óptica,5,Victor Bernal,-79.79163742,9.30674646,193,ec966f33-ec71-493d-b1f4-9afa4bdedb45,1597153106568,b_ayarza,1610472132225,b_ayarza,Cable Onda ,No ,No,,No ,1,10 Mb ,,
1111,Escuela Nueva Esperanza,Colon,Chagres,La Encantada,Colón,14,Si,Si,Panel Solar,No,Sin Internet,12,Jose Chiru,-79.884989,9.334556,194,557599f3-4f59-43ef-98ac-c698e823cf82,1597153106568,b_ayarza,1610224705292,b_ayarza,SN/SV,No ,No,,Si,SN/SV,SN/SV,,
1112,C.E.B.G. Luis Jiménez Ruiz,Colon,Colón,Puerto Pilón,Colón,951,No,Si,Compañía Distribuidora,Si,Fibra Óptica,4,Maura Smith,-79.79135972,9.36007953,195,fe5f4a8c-1a46-4797-b95b-25013ca9a250,1597153106568,b_ayarza,1610472162387,b_ayarza,Cable Onda ,No ,No,,No ,1,10 Mb ,,
1117,Escuela Aguas Claras No. 2,Colon,Colón,Puerto Pilón,Colón,5,Si,Si,Panel Solar,No,Sin Internet,6,Nora Garcia Acosta,-79.76191522,9.32896856,196,d3b09c19-facb-45d1-984f-a3ba29318f49,1597153106568,b_ayarza,1610227760214,b_ayarza,SN/SV,No ,No,,No ,SN/SV,SN/SV,,
1119,Escuela Villa Alondra,Colon,Colón,Puerto Pilón,Colón,292,No,Si,Compañía Distribuidora,Si,Fibra Óptica,4,Nuria Collins,-79.7805166,9.38807135,198,9e0d3684-e4b4-450a-8c17-c27f4e0e1609,1597153106568,b_ayarza,1610472250826,b_ayarza,Cable Onda ,No ,No,,No ,1,10 Mb ,,
1120,Escuela Felipe Salabarria Mesa,Colon,Colón,Puerto Pilón,Colón,521,No,Si,Compañía Distribuidora,Si,Fibra Óptica,4,Oreida De Rudas,-79.78885972,9.37285728,199,cb7c9656-e1c7-4267-a9f2-5ec388948789,1597153106568,b_ayarza,1610472263703,b_ayarza,Cable Onda ,No ,No,,No ,1,10 Mb ,,
1122,Escuela Marcos R. Vasquez,Colon,Colón,Sabanitas,Colón,1273,No,Si,Compañía Distribuidora,Si,Fibra Óptica,4,Aleyka Hernandez,-79.80330412,9.33952402,200,114e2592-cd58-48bb-96b7-d39d529f2973,1597153106568,b_ayarza,1610472280578,b_ayarza,CWP,No ,No,,No ,1,10 Mb ,,
1123,Escuela Santa Rita Arriba,Colon,Colón,Sabanitas,Colón,575,No,Si,Compañía Distribuidora,Si,Fibra Óptica,7,Celso Martinez,-79.79302632,9.33119075,201,faab56ea-b2b8-40c9-99fb-034dc83fff91,1597153106568,b_ayarza,1610472291484,b_ayarza,Cable Onda ,No ,No,,No ,1,10 Mb ,,
1126,Instituto Benigno Jimenez G.,Colon,Colón,Sabanitas,Colón,2826,No,Si,Compañía Distribuidora,Si,Hibrido de Fibra Coaxial,4,Cecilio Cobham,-79.80108192,9.35285736,202,15e7f0a9-9ede-4b8a-8c97-8958f4357ee9,1597153106568,b_ayarza,1610472332295,b_ayarza,Cable Onda ,No ,No,,No ,3,6 Mb ,,
1128,C.E.B.G. Crispino Ceballos,Colon,Colón,Sabanitas,Colón,1970,No,Si,Compañía Distribuidora,Si,Fibra Óptica,4,Benedita Ibarra,-79.80691522,9.35452395,203,9158600c-11d9-448a-9316-5f704feb9166,1597153106568,b_ayarza,1610472337719,b_ayarza,CWP,No ,No,,No ,1,10 Mb ,,
1129,Escuela Villa Santa Cruz,Colon,Colón,Salamanca,Colón,65,No,Si,Compañía Distribuidora,No,Sin Internet,7,Hector Rodriguez,-79.60858192,9.26646882,204,9f79030c-0ea1-447f-9749-4268881fc088,1597153106568,b_ayarza,1610235510186,b_ayarza,SN/SV,No ,No,,No ,SN/SV,SN/SV,,
1130,Escuela Santa Librada,Colon,Colón,Salamanca,Colón,4,Si,Si,Panel Solar,No,Sin Internet,6,Deibis Murillo,-79.54497082,9.4156348,205,fb4d46b8-c4a0-45f1-aba0-757cc450c278,1597153106568,b_ayarza,1610235526268,b_ayarza,SN/SV,No ,No,,No ,SN/SV,SN/SV,,
1133,C.E.B.G. Salamanca,Colon,Colón,Salamanca,Colón,144,No,Si,Compañía Distribuidora,Si,Satelital,6,Esmeralda Rodriguez,-79.60247082,9.33563523,206,319103dd-d065-460c-8325-fc5b19191dd7,1597153106568,b_ayarza,1610472359188,b_ayarza,CWP,No ,No,,No ,2,10 Mb ,,
1136,Escuela Boquerón Arriba,Colon,Colón,Salamanca,Colón,10,No,Si,Compañía Distribuidora,No,Sin Internet,6,Ana Mendieta,-79.565263,9.378758,207,95d2ba8b-0941-4c6d-a482-6100199c193a,1597153106568,b_ayarza,1610235528426,b_ayarza,SN/SV,No ,No,,No ,SN/SV,SN/SV,,
1138,Escuela Nuevo Paraíso,Colon,Colón,Salamanca,Colón,93,No,Si,Compañía Distribuidora,Si,Microondas,7,Yacela Mendez,-79.634516,9.268916,208,aab2e595-6585-42a6-a95d-bcbbb6cc7da7,1597153106568,b_ayarza,1610472376654,b_ayarza,CWP,No ,No,,No ,1,10 Mb ,,
1139,Escuela Boquerón Abajo,Colon,Colón,Salamanca,Colón,30,No,Si,Compañía Distribuidora,Si,Satelital,6,Istar Osiris Brokamp,-79.56774862,9.35841284,209,93b06f5c-df10-4228-ba25-922ae9e0b927,1597153106568,b_ayarza,1610472398088,b_ayarza,CWP,No ,No,,No ,1,4 Mb ,,
1140,Escuela Daniel Centeno,Colon,Colón,Salamanca,Colón,164,No,Si,Compañía Distribuidora,Si,Microondas,6,Argelis Toribio,-79.63441522,9.30619086,210,57701713-5b42-41e1-9d47-186e2c2e1d7d,1597153106568,b_ayarza,1610472416459,b_ayarza,CWP,No ,No,,No ,1,10 Mb ,,
1141,Escuela Santo Domingo,Colon,Colón,Salamanca,Colón,10,Si,Si,Panel Solar,No,Sin Internet,6,Estefania Rodriguez,-79.61191532,9.38646832,211,082f9b2e-929b-4340-8a6c-5fe976c9f99a,1597153106568,b_ayarza,1610235530896,b_ayarza,SN/SV,No ,No,,No ,SN/SV,SN/SV,,
1143,Escuela Gatuncillo,Colon,Colón,San Juan,Colón,501,No,Si,Compañía Distribuidora,Si,Fibra Óptica,7,Sonia Nuñez De Maxwell,-79.64691522,9.25174669,212,c9eac033-3be1-4d46-af49-7c258be9738c,1597153106568,b_ayarza,1610472462033,b_ayarza,Cable Onda ,No ,No,,No ,1,10 Mb ,,
1148,Centro Educativo Gatuncillo,Colon,Colón,San Juan,Colón,2312,No,Si,Compañía Distribuidora,Si,Fibra Óptica,2,Arcadio Acosta,-79.64774862,9.25285778,214,3306eef5-f260-4be6-9cda-311800eb8c72,1597153106568,b_ayarza,1610472534565,b_ayarza,Cable Onda ,No ,No,,No ,2,10 Mb ,,
1151,Escuela Nuevo Vigia,Colon,Colón,San Juan,Colón,611,No,Si,Compañía Distribuidora,Si,Fibra Óptica,7,Magnolia Forsythe,-79.60802642,9.24452442,215,587bf7d7-c4ae-4b1e-8833-43508f68af68,1597153106568,b_ayarza,1610472535734,b_ayarza,Cable Onda ,No ,No,,No ,1,10 Mb ,,
1152,Escuela Nuevo San Juan,Colon,Colón,San Juan,Colón,315,Si,Si,Compañía Distribuidora,Si,Fibra Óptica,7,Guillermo Vasquez,-79.66552632,9.22591349,216,d94fdd7c-6c4e-4cbb-8b20-9948ea5d924a,1597153106568,b_ayarza,1610472539761,b_ayarza,Cable Onda ,No ,No,,No ,1,10 Mb ,,
1153,Escuela Doctor Augusto S. Boyd No. 2,Colon,Colón,San Juan,Colón,833,No,Si,Compañía Distribuidora,Si,Fibra Óptica,5,Eira Miranda,-79.65524862,9.2484133,217,3f488aea-28ab-48fd-b832-9e5b8df2c45d,1597153106568,b_ayarza,1610472544024,b_ayarza,Cable Onda ,No ,No,,No ,1,10 Mb ,,
1154,Escuela Santa Rosa No. 1,Colon,Colón,Santa Rosa,Colón,44,Si,Si,Compañía Distribuidora,Si,Microondas,7,Brseida Almanza,-79.65552642,9.18424697,218,c92092d9-dcf9-487e-891b-2220b65e1084,1597153106568,b_ayarza,1610472547828,b_ayarza,CWP,No ,No,,No ,1,4 Mb ,,
1155,Escuela Aguas Claras No. 1,Colon,Colón,Santa Rosa,Colón,6,Si,Si,Compañía Distribuidora,No,Sin Internet,7,Edicna Campos,-79.688745,9.185989,219,b5fa2a6a-f4ed-4bf8-a2cf-3d4dc2205fc3,1597153106568,b_ayarza,1610235537911,b_ayarza,SN/SV,No ,No,,No ,SN/SV,SN/SV,,
1156,Escuela Palenque Carretera,Colon,Colón,Santa Rosa,Colón,60,No,Si,Compañía Distribuidora,Si,Fibra Óptica,7,Jessica Del Cid,-79.67774862,9.20924686,220,139ca136-394e-466a-bbc5-43b965a9e374,1597153106568,b_ayarza,1610472574669,b_ayarza,Cable Onda ,No ,No,,No ,1,10 Mb ,,
1157,Escuela Chagres,Colon,Chagres,Nuevo Chagres,Colón,44,No,Si,Compañía Distribuidora,Si,Microondas,8,Irazema Henriquez De Ceballos,-80.08580412,9.23758005,221,139909af-2fd1-42c6-961c-40e86259a6f0,1597153106568,b_ayarza,1610472577997,b_ayarza,CWP,No ,No,,No ,1,4 Mb ,,
1158,Escuela El Congal,Colon,Chagres,Salud,Colón,18,Si,Si,Panel Solar,No,Sin Internet,8,Jesus A. Vasquez,-80.14969312,9.10146951,222,bd22fcf6-bee1-47d7-972d-87d951eb1100,1597153106568,b_ayarza,1610235541574,b_ayarza,SN/SV,No ,No,,Si,SN/SV,SN/SV,,
1159,Escuela Omar Torrijos Herrera,Colon,Chagres,El Guabo,Colón,8,Si,Si,Compañía Distribuidora,No,Sin Internet,12,Jilma Arauz De Solis,-80.08524852,9.11924724,223,2d2d88e3-45a2-46bb-873a-ea11d0bbc651,1597153106568,b_ayarza,1610235543508,b_ayarza,SN/SV,No ,No,,Si,SN/SV,SN/SV,,
1160,Escuela Llano Bonito,Colon,Chagres,Achiote,Colón,20,Si,No,Dato por Verificar,No,Sin Internet,8,Migdalia Arroyo,-80.04108192,9.18841355,224,1d316cfb-d0db-4faa-bc6b-78c321441eda,1597153106568,b_ayarza,1610235546685,b_ayarza,SN/SV,No ,No,,Si,SN/SV,SN/SV,,
1161,Escuela Los Olivos,Colon,Chagres,La Encantada,Colón,5,Si,Si,Panel Solar,No,Sin Internet,12,Eric F. Valdez,-80.16024862,9.03535868,225,d3f99cbd-8887-485a-b9b8-334d20284ee8,1597153106568,b_ayarza,1610235548638,b_ayarza,SN/SV,No ,No,,Si,SN/SV,SN/SV,,
1162,Escuela El Achiote,Colon,Chagres,Achiote,Colón,188,Si,Si,Compañía Distribuidora,Si,Microondas,8,Micela Madrid,-80.016881,9.222807,226,eb869256-1024-49ab-b095-a98c35cf3b88,1597153106568,b_ayarza,1610472759765,b_ayarza,Digicel,No ,No,,Si,1,10 Mb ,,
1163,Escuela Caño Quebrado,Colon,Colón,Escobal,Colón,10,Si,No,Dato por Verificar,No,Sin Internet,8,Rosa Gonzalez,-80.02135972,9.18646916,227,e3c103b1-dfb8-46db-a673-c1de945cf3dc,1597153106568,b_ayarza,1610235550414,b_ayarza,SN/SV,No ,No,,Si,SN/SV,SN/SV,,
1164,Escuela Santa Fe Abajo,Colon,Chagres,El Guabo,Colón,26,Si,Si,Compañía Distribuidora,Si,Satelital,12,Lissette Rodriguez,-80.07635972,9.09924732,228,5acf7055-0fe5-4099-923e-1ac815e96df9,1597153106568,b_ayarza,1610472788171,b_ayarza,Cable Onda ,No ,No,,Si,1,2.0 Mb ,,
1165,Escuela Los Fardales,Colon,Chagres,El Guabo,Colón,9,Si,Si,Planta Eléctrica Propia,No,Sin Internet,12,Agustin Ramos,-80.10219312,9.11841384,229,256ca5ae-9cd6-42c3-ab1e-9cebc8716867,1597153106568,b_ayarza,1610235552586,b_ayarza,SN/SV,No ,No,,Si,SN/SV,SN/SV,,
1167,Escuela El Guabo,Colon,Chagres,El Guabo,Colón,237,Si,Si,Compañía Distribuidora,Si,Satelital,12,Lorena De Gracia De Gutierrez,-80.08469302,9.08563627,230,f5fea6a4-04bf-46a5-aef4-9fd70e2e47c2,1597153106568,b_ayarza,1610472826636,b_ayarza,Cable Onda ,No ,No,,Si,1,2.0 Mb ,,
1168,Escuela El Platano,Colon,Chagres,El Guabo,Colón,21,Si,Si,Compañía Distribuidora,Si,Satelital,11,Izamar Hinestroza,-80.04635972,9.1278583,231,fe71b1b5-a551-4c5c-a318-c2f18e5a5875,1597153106568,b_ayarza,1610472825417,b_ayarza,Cable Onda ,No ,No,,Si,1,2.0 Mb ,,
1169,Escuela Santa Rosa No. 2,Colon,Chagres,La Encantada,Colón,11,Si,No,Dato por Verificar,No,Sin Internet,13,Juan Delgado,-80.18913752,9.04924742,232,9ddb73e9-4607-461b-87ad-33455ab9cdc5,1597153106568,b_ayarza,1610235556462,b_ayarza,SN/SV,No ,No,,Si,SN/SV,SN/SV,,
1170,Escuela El Limón de Chagres,Colon,Chagres,La Encantada,Colón,50,Si,Si,Panel Solar,No,Sin Internet,12,Yarelia Navarro,-80.17163752,8.99063666,233,73585c64-6912-4127-afa6-f8a9e3cbbde3,1597153106568,b_ayarza,1610235559586,b_ayarza,SN/SV,No ,No,,Si,SN/SV,SN/SV,,
1171,Escuela Las Cruces,Colon,Chagres,La Encantada,Colón,103,Si,No,Dato por Verificar,No,Sin Internet,12,Wilfredo Concepcion,-80.142206,9.040752,234,8a270457-58c6-4455-95b1-bd426f446ad8,1597153106568,b_ayarza,1610235562235,b_ayarza,SN/SV,No ,No,,Si,SN/SV,SN/SV,,
1172,Escuela Los Cedros,Colon,Chagres,La Encantada,Colón,29,Si,Si,Panel Solar,No,Sin Internet,12,Eida Martinez,-80.15135972,8.98424779,235,1452362b-7084-4847-8b70-3cf2f0bfa9bb,1597153106568,b_ayarza,1610235565289,b_ayarza,SN/SV,No ,No,,Si,SN/SV,SN/SV,,
1173,Escuela El Congo,Colon,Chagres,La Encantada,Colón,42,Si,No,Dato por Verificar,No,Sin Internet,12,Anaykellys Aguilar,-80.11705974,9.02308799,236,c0feb7a4-05a3-4892-a1bf-514f09503ef1,1597153106568,b_ayarza,1610235567271,b_ayarza,SN/SV,No ,No,,Si,SN/SV,SN/SV,,
1175,Escuela El Castillo,Colon,Chagres,La Encantada,Colón,11,Si,Si,Panel Solar,No,Sin Internet,12,Yaiseth Flores,-80.16385962,9.07119183,237,a12904d5-9573-4731-bb98-bc41bf04d175,1597153106568,b_ayarza,1610235569211,b_ayarza,SN/SV,No ,No,,Si,SN/SV,SN/SV,,
1176,Escuela Los Uveros,Colon,Chagres,La Encantada,Colón,6,Si,Si,Panel Solar,No,Sin Internet,13,Nidia Villalaz,-80.13997082,8.95397011,238,7f8c9fa5-5238-44fc-b056-839a6c681a5a,1597153106568,b_ayarza,1610235570742,b_ayarza,SN/SV,No ,No,,Si,SN/SV,SN/SV,,
1177,Escuela La Encantadita,Colon,Chagres,La Encantada,Colón,67,Si,Si,Compañía Distribuidora,Si,Satelital,12,Yeribel Becerra,-80.117106,9.05878,239,26aa3da4-581a-4804-b2c1-6d2fb4634be4,1597153106568,b_ayarza,1610472858942,b_ayarza,Cable Onda ,No ,No,,Si,1,2.0 Mb ,,
1178,Escuela El Marañon,Colon,Chagres,La Encantada,Colón,56,Si,Si,Panel Solar,Si,Satelital,13,Liana Fajardo,-80.19135972,9.09896952,240,a8c22d90-bc1d-44a1-b66b-910c07f415d8,1597153106568,b_ayarza,1610472857332,b_ayarza,Cable Onda ,No ,No,,Si,1,2.0 Mb ,,
1179,Escuela Piedra Amarilla,Colon,Chagres,La Encantada,Colón,10,Si,Si,Panel Solar,No,Sin Internet,13,Elvia Pineda,-80.17080412,8.97424783,241,67405b8c-1be3-478a-9be7-e9412547cf05,1597153106568,b_ayarza,1610235573489,b_ayarza,SN/SV,No ,No,,Si,SN/SV,SN/SV,,
1180,Escuela La Nueva Union,Colon,Chagres,La Encantada,Colón,14,Si,No,Dato por Verificar,No,Sin Internet,13,Judith Magallon,-80.17858192,9.02035874,242,3ff4a782-0e88-4592-8373-b216a02deb69,1597153106568,b_ayarza,1610235575298,b_ayarza,SN/SV,No ,No,,Si,SN/SV,SN/SV,,
1181,Escuela Nueva Arenosa,Colon,Chagres,La Encantada,Colón,14,Si,No,Dato por Verificar,No,Sin Internet,12,Jose Vasquez,-80.366385,8.905911,243,881f6aad-77aa-4914-8275-15d487dce984,1597153106568,b_ayarza,1610235577070,b_ayarza,SN/SV,No ,No,,Si,SN/SV,SN/SV,,
1182,Escuela Quebrada Bonita No. 2,Colon,Chagres,Salud,Colón,20,Si,Si,Panel Solar,No,Sin Internet,13,Maricela Galvan,-80.18024862,9.11646945,244,7e2b9762-a281-4705-af16-7e877f182eb4,1597153106568,b_ayarza,1610235579691,b_ayarza,SN/SV,No ,No,,Si,SN/SV,SN/SV,,
1183,Escuela José Leandro Solís,Colon,Chagres,Palmas Bellas,Colón,297,No,Si,Compañía Distribuidora,Si,Microondas,8,Josefa Rivas,-80.086234,9.229948,245,8025a053-dee7-4869-9155-4163450d4d8a,1597153106568,b_ayarza,1610472882266,b_ayarza,Digicel,No ,No,,Si,1,4 Mb ,,
1184,Escuela Altos de La Gloria,Colon,Chagres,Palmas Bellas,Colón,5,Si,Si,Panel Solar,No,Sin Internet,8,Crecencio Arias,-80.05941532,9.15841377,246,9adb3f63-7a43-4bac-bca0-6e5cd41247ae,1597153106568,b_ayarza,1610235584191,b_ayarza,SN/SV,No ,No,,Si,SN/SV,SN/SV,,
1187,P.C.  Anastacia Mitre,Colon,Chagres,Palmas Bellas,Colón,227,No,Si,Compañía Distribuidora,Si,Microondas,Dato por verificar,Dato por Verificar,-80.08663742,9.23174677,247,0c641fef-c04d-4cb3-9df5-b099bab2f51b,1597153106568,b_ayarza,1610472899084,b_ayarza,CWP,No ,No,,Si,1,10 Mb ,,
1192,Escuela Piña,Colon,Chagres,Piña,Colón,74,Si,Si,Compañía Distribuidora,Si,Microondas,8,Francia Bailey,-80.04663752,9.28035767,250,e8d28cba-effb-413d-97a2-3645c529b46f,1597153106568,b_ayarza,1613584001902,b_ayarza,CWP,No ,No,,Si,1,4 Mb ,,
1193,Escuela La Unión de Piña ,Colon,Chagres,Piña,Colón,29,Si,Si,Compañía Distribuidora,Si,Microondas,8,Maria E. Gomez,-80.02524862,9.27063551,251,9b4f8259-10d4-4856-af6d-660544372da7,1597153106568,b_ayarza,1610472939353,b_ayarza,CWP,No ,No,,Si,1,4 Mb ,,
1194,Escuela Salud,Colon,Chagres,Salud,Colón,68,Si,Si,Compañía Distribuidora,Si,Microondas,8,Maria Menchaca,-80.13219302,9.20813577,252,18ed5166-05af-43b8-8220-57fef54222a4,1597153106568,b_ayarza,1610472941990,b_ayarza,Digicel,No ,No,,Si,1,4 Mb ,,
1195,Escuela Quebrada de Leon,Colon,Chagres,Salud,Colón,22,Si,Si,Planta Eléctrica Propia,No,Sin Internet,8,Delka Ramos De Hoyos,-80.13774862,9.1773026,253,8eba6ef6-d92e-4999-9f0a-6caddac73470,1597153106568,b_ayarza,1610235589550,b_ayarza,SN/SV,No ,No,,Si,SN/SV,SN/SV,,
1197,Escuela Escobalito,Colon,Chagres,Salud,Colón,18,Si,Si,Panel Solar,No,Sin Internet,8,Ameth Morales,-80.15635972,9.11841384,254,51ba7ccf-be45-4330-a1d8-dd08d18e0b74,1597153106568,b_ayarza,1610235591218,b_ayarza,SN/SV,No ,No,,Si,SN/SV,SN/SV,,
1198,Escuela Gandona,Colon,Chagres,Salud,Colón,19,Si,Si,Panel Solar,No,Sin Internet,8,Luis Marin,-80.12302642,9.18230248,255,6030549b-fff3-483b-a4be-9cde230dc91f,1597153106568,b_ayarza,1610235593692,b_ayarza,SN/SV,No ,No,,Si,SN/SV,SN/SV,,
1199,Escuela Costa de Oro,Colon,Chagres,Salud,Colón,124,Si,Si,Compañía Distribuidora,Si,Microondas,8,Yajaira Ruiz,-80.15080422,9.19646912,256,bfca4217-7fef-4990-9f10-cda9a449ec2d,1597153106568,b_ayarza,1610472963343,b_ayarza,Digicel,No ,No,,Si,1,4 Mb ,,
1200,Escuela Bajo Bonito,Colon,Chagres,Salud,Colón,13,Si,Si,Panel Solar,No,Sin Internet,12,Yoani G. Gonzalez,-80.11913752,9.09646953,257,ae5624de-bc55-46c2-81c2-b722d2d32f31,1597153106568,b_ayarza,1610235595342,b_ayarza,SN/SV,No ,Si,,Si,SN/SV,SN/SV,,
1201,Escuela Nueva Sevilla,Colon,Chagres,Salud,Colón,18,Si,Si,Panel Solar,No,Sin Internet,8,Yamilka Navas,-80.13191522,9.11508055,258,03f9e99e-4c49-4c0a-bdcf-9b9d01522a49,1597153106568,b_ayarza,1610235597017,b_ayarza,SN/SV,No ,No,,Si,SN/SV,SN/SV,,
1202,Escuela El Vallecito,Colon,Donoso,Miguel De La Borda,Colón,47,Si,No,Dato por Verificar,No,Sin Internet,13,Maria Figueroa,-80.23524862,9.06869184,259,43168730-018a-4a3d-9378-99c21a801819,1597153106568,b_ayarza,1610235598767,b_ayarza,SN/SV,No ,No,,Si,SN/SV,SN/SV,,
1203,Escuela Nuevo Veraguas,Colon,Donoso,Miguel De La Borda,Colón,48,Si,Si,Panel Solar,No,Sin Internet,14,Luz Maria Rofriguez,-80.35052642,9.1034139,260,2e085bb5-e517-48cd-861f-ebb759c3da2a,1597153106568,b_ayarza,1610235603688,b_ayarza,SN/SV,No ,No,,Si,SN/SV,SN/SV,,
1204,Escuela Quebrada Grande,Colon,Donoso,Miguel De La Borda,Colón,11,Si,Si,Panel Solar,No,Sin Internet,15,Iris Alveo,-80.35997082,9.13785826,261,74fbf8a0-25f1-4341-92d3-a2f881337c4a,1597153106568,b_ayarza,1610235604689,b_ayarza,SN/SV,No ,No,,Si,SN/SV,SN/SV,,
1205,Escuela Rio Diego,Colon,Donoso,Miguel De La Borda,Colón,109,Si,Si,Panel Solar,Si,Satelital,15,Jose Luis Mendoza,-80.40080412,9.14369163,262,42379cbd-f680-4bc4-a73e-5192802c2829,1597153106568,b_ayarza,1610472987201,b_ayarza,Cable Onda,No ,No,,Si,1,2.0 Mb ,,
1206,Escuela El Iguanero,Colon,Donoso,Miguel De La Borda,Colón,14,Si,Si,Panel Solar,No,Sin Internet,14,Luis Alberto Gonzalez,-80.29393,9.08781,263,86202752-c518-46de-a396-73926a149bb8,1597153106568,b_ayarza,1610235607316,b_ayarza,SN/SV,No ,No,,Si,SN/SV,SN/SV,,
1207,Escuela Altos de Santa Cruz,Colon,Donoso,El Guásimo,Colón,31,Si,Si,Panel Solar,No,Sin Internet,14,Dalvis Hernandez,-80.28691522,9.00341441,264,8cb49863-2dc5-4df0-9879-d778f72b1df0,1597153106568,b_ayarza,1610235608916,b_ayarza,SN/SV,No ,No,,Si,SN/SV,SN/SV,,
1211,Escuela San Benito,Colon,Donoso,San José Del General,Colón,30,Si,Si,Panel Solar,No,Sin Internet,16,Marcial Moran,-80.61913752,8.83674838,265,6e8b1897-520b-4683-b870-69646a2bd54d,1597153106568,b_ayarza,1610235610441,b_ayarza,SN/SV,No ,No,,Si,SN/SV,SN/SV,,
1212,Escuela Llano Bonito,Colon,Donoso,El Guásimo,Colón,8,Si,Si,Panel Solar,No,Sin Internet,14,Carlenia D. Marin,-80.3038,9.05377,266,87770b15-0558-4bb6-80e3-94c3cee5eb27,1597153106568,b_ayarza,1610235612976,b_ayarza,SN/SV,No ,No,,Si,SN/SV,SN/SV,,
1213,Escuela El Aguacate,Colon,Donoso,Miguel De La Borda,Colón,9,Si,Si,Panel Solar,No,Sin Internet,15,Gladys Perez,-80.43580412,9.12646941,267,7ec3d2e8-d28d-45b1-a0c4-d5706656f931,1597153106568,b_ayarza,1610235614561,b_ayarza,SN/SV,No ,No,,Si,SN/SV,SN/SV,,
1214,Escuela El Limón ,Colon,Donoso,Miguel De La Borda,Colón,0,Si,Si,Panel Solar,No,Sin Internet,15,Doris Guardado,-80.46108192,9.12313602,268,d60c7f8a-6f31-4064-aaf4-06a4fdd79f83,1597153106568,b_ayarza,1610235616133,b_ayarza,SN/SV,No ,No,,Si,SN/SV,SN/SV,,
177,Escuela Isla Popa No. 1,Bocas del Toro,Bocas del Toro,Punta Laurel,Bocas del Toro,111,Si,Si,Panel Solar,No,Sin Internet,11,Terencia Williams,-82.15358192,9.18619136,269,958e1b0c-ffe5-4cb1-ae63-c899f9b22e9c,1597153106568,b_ayarza,1610235618342,b_ayarza,SN/SV,No ,No,,Si ,SN/SV,SN/SV,,
963,C.E.B.G. Altos de Los Dariles,Cocle,Penonomé,Toabré,Coclé,57,Si,Si,Panel Solar,Si,Satelital,16,Russell A. Tunon S.,-80.27524862,8.81369287,270,68fa7faf-0069-4f04-bb15-f3dc2f2e9530,1597153106568,b_ayarza,1610414691260,b_ayarza,Cable Onda,No ,No,,Si,1,2.0 Mb ,,
180,Escuela Quebrada Essey,Comarca Ngabe-Bugle,Kusapín,Cañaveral ,Comarca Ngäbe-Buglé,92,Si,Si,Panel Solar,No,Sin Internet,Dato por verificar,Candido Perez,-81.71524862,8.90813689,271,d756ad64-063c-43b1-a88c-ed0b9898beb5,1597153106568,b_ayarza,1610235621508,b_ayarza,SN/SV,No ,No,,Si ,SN/SV,SN/SV,,
1414,Escuela San Bartolo Línea,Chiriqui,Barú,Puerto Amuelles,Chiriquí,140,No,Si,Compañía Distribuidora,Si,Fibra Óptica,23,Jenie Atencio,-82.880834,8.320617,272,2402a922-e0d0-4a27-98eb-81475005b15d,1597153106568,b_ayarza,1610487812834,b_ayarza,CWP,No ,No,,No ,1,10 Mb ,,
964,Escuela Los Pilares,Cocle,Penonomé,Toabré,Coclé,80,Si,Si,Panel Solar,No,Sin Internet,Dato por verificar,Dato por Verificar,-80.237763,8.745011,273,b89c0cf5-165f-4efa-836c-07fd9f0715a3,1597153106568,b_ayarza,1610235627080,b_ayarza,SN/SV,No ,No,,Si,SN/SV,SN/SV,,
965,C.E.B.G. Miraflores,Cocle,Penonomé,Toabré,Coclé,173,No,Si,Compañía Distribuidora,Si,Satelital,12,Damaris E. Bonilla R.,-80.27635972,8.6298047,274,c2da27ce-a2d8-4754-9d7e-4982bf487d58,1597153106568,b_ayarza,1610414718690,b_ayarza,Cable Onda,No ,No,,Si,1,1.0 Mb ,,
966,C.E.B.G. El Guayabo,Cocle,Penonomé,Toabré,Coclé,15,Si,No,Dato por Verificar,No,Sin Internet,14,Diana Ramirez,-80.36269,8.8437,275,72fe01c8-2112-4626-b426-7d7e6f55a321,1597153106568,b_ayarza,1610235628747,b_ayarza,SN/SV,No ,No,,Si,SN/SV,SN/SV,,
967,C.E.B.G. Boca de Banazo,Cocle,Penonomé,Toabré,Coclé,69,Si,Si,Panel Solar,No,Sin Internet,16,Damian Ruiz,-80.32635972,8.82091514,276,6afcf8b6-b892-4935-9182-616d05c9cc5f,1597153106568,b_ayarza,1610235632667,b_ayarza,SN/SV,No ,No,,Si,SN/SV,SN/SV,,
968,C.E.B.G. Banazo,Cocle,Penonomé,Toabré,Coclé,16,Si,Si,Panel Solar,No,Sin Internet,16,Diana Maria Rojas,-80.30329,8.83683,277,cd1a4881-e9e7-43a9-81a6-fe4ae6ac8092,1597153106568,b_ayarza,1610235634307,b_ayarza,SN/SV,No ,No,,Si,SN/SV,SN/SV,,
969,C.E.B.G. Altos del Coco,Cocle,Penonomé,Toabré,Coclé,91,Si,Si,Panel Solar,No,Sin Internet,Dato por verificar,Dato por Verificar,-80.23913742,8.79063746,278,59deefab-bc4e-42c7-a64f-0cfd6f8e6ab4,1597153106568,b_ayarza,1610235636100,b_ayarza,SN/SV,No ,No,,Si,SN/SV,SN/SV,,
970,C.E.B.G. Cuesta de Marica,Cocle,Penonomé,Toabré,Coclé,51,No,Si,Planta Eléctrica Propia,No,Sin Internet,10,Benito Solis ,-80.33302632,8.60980477,279,d010ae30-4b24-496e-bdb9-a93e5ab63d62,1597153106568,b_ayarza,1610235637975,b_ayarza,SN/SV,No ,No,,Si,SN/SV,SN/SV,,
971,C.E.B.G. Cuiria,Cocle,Penonomé,Toabré,Coclé,11,Si,Si,Panel Solar,No,Sin Internet,14,Auriel Visuetti,-80.36793,8.78943,280,02ded50f-0ce0-4af9-9034-acde5b8d93da,1597153106568,b_ayarza,1610235642758,b_ayarza,SN/SV,No ,No,,Si,SN/SV,SN/SV,,
972,C.E.B.G. Chiguiri Abajo,Cocle,Penonomé,Toabré,Coclé,150,No,Si,Compañía Distribuidora,Si,Satelital,Dato por verificar,Dato por Verificar,-80.26135972,8.70785999,281,23048dcb-d7af-46a9-963a-2ff453e53825,1597153106568,b_ayarza,1609178649871,b_ayarza,Cable Onda ,No ,Si ,150.0,Si,1,2.0 Mb ,,
973,Escuela Lourdes,Cocle,Penonomé,Toabré,Coclé,17,Si,No,Dato por Verificar,No,Sin Internet,14,Dato por Verificar,-80.34580412,8.82091514,282,eaaa78ad-db7c-4e32-99eb-5c0eaccda2a3,1597153106568,b_ayarza,1610235644784,b_ayarza,SN/SV,No ,No,,Si,SN/SV,SN/SV,,
974,C.E.B.G. Manuel Jaén Rodríguez,Cocle,Penonomé,Toabré,Coclé,188,No,Si,Panel Solar,No,Sin Internet,12,Mariel Bustos,-80.32219302,8.71174888,283,bcb1de8f-b11f-4367-adaa-9c29ab6f8ef8,1597153106568,b_ayarza,1610235648263,b_ayarza,SN/SV,No ,No,,Si,SN/SV,SN/SV,,
975,C.E.B.G. La Martillada,Cocle,Penonomé,Toabré,Coclé,25,No,Si,Compañía Distribuidora/Panel Solar,No,Sin Internet,12,Lina Gomez,-80.26080422,8.6536935,284,36f285ff-05c5-49eb-a3ee-67c2fe22c7dc,1597153106568,b_ayarza,1610235650904,b_ayarza,SN/SV,No ,Si ,25.0,Si,SN/SV,SN/SV,,
977,C.E.B.G. Ojo de Agua,Cocle,Penonomé,Toabré,Coclé,4,Si,No,Dato por Verificar,No,Sin Internet,12,Maria I. Dominguez,-80.29497082,8.61119367,285,b1a51c93-4481-4473-a9e7-9de9eb0651ed,1597153106568,b_ayarza,1610235652654,b_ayarza,SN/SV,No ,No,,Si,SN/SV,SN/SV,,
978,C.E.B.G. Altos de San Miguel,Cocle,Penonomé,Toabré,Coclé,43,Si,Si,Panel Solar,No,Sin Internet,9,Wilfredo Valdes Madrid ,-80.30385972,8.76674866,286,9f93eb56-fcfd-44bb-b6cf-13d40e71b445,1597153106568,b_ayarza,1610235654346,b_ayarza,SN/SV,No ,No,,Si,SN/SV,SN/SV,,
979,C.E.B.G. Bito,Cocle,Penonomé,Toabré,Coclé,39,Si,Si,Panel Solar,No,Sin Internet,Dato por verificar,Dato por Verificar,-80.26774862,8.76813745,287,4ce6ccaf-a111-43a8-923c-ef3496ec2e47,1597153106568,b_ayarza,1610235657550,b_ayarza,SN/SV,No ,No,,Si,SN/SV,SN/SV,,
980,Escuela  Boca de Chiguiri,Cocle,Penonomé,Toabré,Coclé,24,Si,Si,Panel Solar,No,Sin Internet,11,Roxana Perez,-80.28747082,8.71480436,288,94d777a5-b882-4acb-904b-7923e5da9a58,1597153106568,b_ayarza,1610831938858,b_ayarza,SN/SV,No ,No,,Si,SN/SV,SN/SV,,
981,Escuela Boca de Lura,Cocle,Penonomé,Toabré,Coclé,28,Si,Si,Panel Solar,No,Sin Internet,14,Maria Villarreta,-80.34064,8.78783,289,9c708b73-5fc6-45a8-b03d-f61e87ab0db8,1597153106568,b_ayarza,1610235661925,b_ayarza,SN/SV,No ,No,,Si,SN/SV,SN/SV,,
1227,Escuela Sabanita Verde,Colon,Donoso,Coclé Del Norte,Colón,83,Si,Si,Panel Solar,No,Sin Internet,16,Aracelis Galvez,-80.44219312,8.90452581,290,65c4fa02-5659-4b93-8d65-dbab4f6338a1,1597153106568,b_ayarza,1610235663941,b_ayarza,SN/SV,No ,No,,Si,SN/SV,SN/SV,,
982,Escuela Boca de Tucue,Cocle,Penonomé,Toabré,Coclé,69,No,Si,Panel Solar,No,Sin Internet,14,Noriel Guevara,-80.32941522,8.75258202,291,3ec65444-a720-4c0e-9d3b-67f650ec029e,1597153106568,b_ayarza,1610235673675,b_ayarza,SN/SV,No ,No,,Si,SN/SV,SN/SV,,
983,Escuela Boca de Tulú,Cocle,Penonomé,Toabré,Coclé,62,Si,Si,Panel Solar,No,Sin Internet,14,Rutilio Nuñez,-80.36580422,8.8578594,292,0fb69a57-3ebb-4f8b-83bc-2351e0288bbb,1597153106568,b_ayarza,1610832020336,b_ayarza,SN/SV,No ,No,,Si,SN/SV,SN/SV,,
984,C.E.B.G. Cañazas ,Cocle,Penonomé,Toabré,Coclé,8,Si,Si,Planta Eléctrica Propia ,No,Sin Internet,Dato por verificar,Dato por Verificar,-80.33681,8.84065,293,92a3575e-8fcd-4e89-9485-3a7e5a86b881,1597153106568,b_ayarza,1610235678163,b_ayarza,SN/SV,No ,No,,Si,SN/SV,SN/SV,,
985,C.E.B.G. Caño de San Miguel ,Cocle,Penonomé,Toabré,Coclé,133,Si,Si,Panel Solar,No,Sin Internet,Dato por verificar,Dato por Verificar,-80.27358192,8.72897101,294,f4bca70a-5f21-4fb6-adf3-ba951cb32d15,1597153106568,b_ayarza,1610235680055,b_ayarza,SN/SV,No ,No,,Si,SN/SV,SN/SV,,
986,Escuela Santa Ana,Cocle,Penonomé,Toabré,Coclé,109,Si,Si,Panel Solar,No,Sin Internet,9,Nitzeira Ramos,-80.28858192,8.78563738,295,b780cc95-47b4-4999-a5f6-08a098cbc6dc,1597153106568,b_ayarza,1610235682186,b_ayarza,SN/SV,No ,No,,Si,SN/SV,SN/SV,,
987,C.E.B.G. San José del Naranjal,Cocle,Penonomé,Toabré,Coclé,70,No,Si,Compañía Distribuidora,No,Sin Internet,12,Joaquin Rodriguez,-80.33858192,8.64758243,296,a07ce57c-bccc-4c72-8258-3e319a5d1198,1597153106568,b_ayarza,1610235685156,b_ayarza,SN/SV,No ,Si,,Si,SN/SV,SN/SV,,
988,Escuela Sagreja,Cocle,Penonomé,Toabré,Coclé,84,No,Si,Compañía Distribuidora,Si,Fibra Óptica,12,Victor M. Henriquez M,-80.33663752,8.65702679,297,611da643-3425-4554-9539-a9850576db12,1597153106568,b_ayarza,1610414793192,b_ayarza,Cable Onda ,No ,No,,Si,1,10 Mb ,,
989,Escuela  Quebrada de U.,Cocle,Penonomé,Toabré,Coclé,5,Si,Si,Panel Solar,No,Sin Internet,16,Vanessa Rodriguez,-80.26858192,8.84147056,298,87d86154-e54d-48be-921b-85ad62be4f73,1597153106568,b_ayarza,1610235687870,b_ayarza,SN/SV,No ,No,,Si,SN/SV,SN/SV,,
990,Escuela Sabana Larga,Cocle,Penonomé,Toabré,Coclé,17,No,Si,Compañía Distribuidora,Si,Satelital,12,Anel Quiros,-80.28274862,8.68480448,299,48f22055-c31d-47b4-aa9e-956032dba654,1597153106568,b_ayarza,1610414799908,b_ayarza,Cable Onda ,No ,No,,Si,1,2.0 Mb ,,
991,C.E.B.G. Tambo,Cocle,Penonomé,Toabré,Coclé,57,No,Si,Compañía Distribuidora,Si,Satelital,12,Mireya E. Hernandez ,-80.29535,8.66314,300,4d2377f4-5e40-4244-8817-5f5bd18f9654,1597153106568,b_ayarza,1610414813523,b_ayarza,CWP,No ,No,,Si,1,10 Mb ,,
992,C.E.B.G. Tucuecito,Cocle,Penonomé,Toabré,Coclé,45,Si,Si,Panel Solar,Si,Satelital,12,Fatima E. De Leon,-80.34302632,8.69091556,301,eb030200-f472-4ec0-8d20-e934dff97914,1597153106568,b_ayarza,1610414817586,b_ayarza,Cable Onda ,No ,No,,Si,1,2.0 Mb ,,
993,C.E.B.G. Zumbador,Cocle,Penonomé,Tulú,Coclé,25,Si,Si,Panel Solar,Si,Satelital,10,Hildenfoso Pineda,-80.39219302,8.61063817,302,85b9e7e5-a241-4e5a-b578-a92f324c4ea3,1597153106568,b_ayarza,1610414824602,b_ayarza,Cable Onda ,No ,No,,Si,1,2.0 Mb ,,
994,Escuela  Boca de Cuiria,Cocle,Penonomé,Tulú,Coclé,61,Si,No,Dato por Verificar,No,Sin Internet,14,Betzabe Ibarra,-80.37497082,8.81924845,303,d10d7063-4e23-4e9e-9dc7-441f58aece7d,1597153106568,b_ayarza,1610235689701,b_ayarza,SN/SV,No ,No,,Si,SN/SV,SN/SV,,
995,Escuela Buena Vista,Cocle,Penonomé,Tulú,Coclé,39,Si,Si,Panel Solar,Si,Satelital,12,Azael Rodriguez,-80.38997082,8.72091544,304,5d6cc719-f33b-41a5-88eb-782d2b8f260d,1597153106568,b_ayarza,1610414847731,b_ayarza,Cable Onda ,No ,No,,Si,1,2.0 Mb ,,
996,C.E.B.G. Caimital,Cocle,Penonomé,Tulú,Coclé,21,No,Si,Compañía Distribuidora,No,Sin Internet,Dato por verificar,Dato por Verificar,-80.37052642,8.57897159,305,b15b6958-786d-4e33-851f-c72dfabde519,1597153106568,b_ayarza,1610235691535,b_ayarza,SN/SV,No ,No,,Si,SN/SV,SN/SV,,
997,Escuela Lura,Cocle,Penonomé,Tulú,Coclé,108,Si,Si,Panel Solar,No,Sin Internet,14,Dato por Verificar,-80.35885972,8.75785979,306,2548cceb-7faa-471e-ae87-dc5286a62245,1597153106568,b_ayarza,1610235694001,b_ayarza,SN/SV,No ,No,,Si,SN/SV,SN/SV,,
998,Escuela  Las Marinas,Cocle,Penonomé,Tulú,Coclé,28,Si,Si,Panel Solar,No,Sin Internet,14,Humberto Batista,-80.38302642,8.77619302,307,66a2e364-24a3-41f4-b8aa-f5f713917948,1597153106568,b_ayarza,1610235697898,b_ayarza,SN/SV,No ,No,,Si,SN/SV,SN/SV,,
487,Escuela Solaite,Comarca Ngabe-Bugle,Kankintú,Kankintú,Comarca Ngäbe-Buglé,104,Si,Si,Planta Eléctrica de Empresa,No,Sin Internet,5,Dato por Verificar,-81.92017,8.77505,308,3986cd0f-4db3-43e4-b9a9-a7b7fd1dc32b,1597153106568,b_ayarza,1610235697256,b_ayarza,SN/SV,No ,No,,Si ,SN/SV,SN/SV,,
28,Escuela Irgandi,Comarca Guna Yala ,Comarca Guna Yala ,Aligandí,Comarca Guna Yala ,24,Si,Si,Panel Solar,No,Sin Internet,2,Silverio Pilbo,-78.30080412,9.32980196,309,80f6ae1d-d3b5-41b3-a181-3f495a0ce032,1597153106568,b_ayarza,1610235699439,b_ayarza,SN/SV,No ,No ,,Si ,SN/SV,SN/SV,,
999,C.E.B.G. Las Minas,Cocle,Penonomé,Tulú,Coclé,69,Si,Si,Compañía Distribuidora,Si,Satelital,12,Fanny Gonzalez,-80.39580422,8.64313794,310,7a2b1622-ab89-4526-89bb-af14ab720a00,1597153106568,b_ayarza,1610414878296,b_ayarza,Cable Onda ,No ,No,,Si,1,1.0 Mb ,,
1000,C.E.B.G. La Pedregosa,Cocle,Penonomé,Tulú,Coclé,27,Si,Si,Panel Solar,Si,Satelital,13,Rubiel Figueroa,-80.36608192,8.60563819,311,81b97c70-fd20-4b12-adf9-c33e897a0039,1597153106568,b_ayarza,1610414882345,b_ayarza,Cable Onda ,No ,No,,Si,1,2.0 Mb ,,
1001,C.E.B.G. Perecabe,Cocle,Penonomé,Tulú,Coclé,74,No,Si,Compañía Distribuidora,Si,Satelital,Dato por verificar,Dato por Verificar,-80.38465,8.65842,312,990b594e-0c08-4df3-a6cb-ad168e9502c5,1597153106568,b_ayarza,1610414884877,b_ayarza,Cable Onda ,No ,No,,Si,1,1.0 Mb ,,
1002,Escuela San Isidro,Cocle,Penonomé,Tulú,Coclé,80,Si,Si,Planta Eléctrica Propia,No,Sin Internet,14,Dato por Verificar,-80.38774862,8.78785967,313,f3440165-895a-4bdc-b741-4c786be4cbca,1597153106568,b_ayarza,1610235701597,b_ayarza,SN/SV,No ,No,,Si,SN/SV,SN/SV,,
1004,Escuela Nuevo San Antonio,Cocle,Penonomé,Tulú,Coclé,29,Si,Si,Panel Solar,No,Sin Internet,14,Dato por Verificar,-80.38763,8.78836,314,5f2117de-fce1-4323-b659-c21d1b851b02,1597153106568,b_ayarza,1610235704239,b_ayarza,SN/SV,No ,No,,Si,SN/SV,SN/SV,,
1006,Escuela San Pablo,Cocle,Penonomé,Tulú,Coclé,20,Si,Si,Panel Solar,No,Sin Internet,14,Dato por Verificar,-80.40024862,8.8311928,315,14d2e95c-d58a-4a2d-a702-f9c8eb075510,1597153106568,b_ayarza,1610235705708,b_ayarza,SN/SV,No ,No,,Si,SN/SV,SN/SV,,
1007,Escuela  Luracito Arriba,Cocle,Penonomé,Tulú,Coclé,30,Si,Si,Panel Solar,No,Sin Internet,13,Dato por Verificar,-80.35413752,8.7317488,316,fea9971a-0840-45ba-a615-c5985f0ca742,1597153106568,b_ayarza,1610235708894,b_ayarza,SN/SV,No ,No,,Si,SN/SV,SN/SV,,
1008,Escuela Altos Del Coquillo,Cocle,La Pintada ,Llano Grande,Coclé,52,Si,Si,Panel Solar,No,Sin Internet,20,Ana De Melgar,-80.42682437,8.87197961,317,5548a537-2fe7-4944-9be3-e6c8aa1f2df6,1597153106568,b_ayarza,1610235710644,b_ayarza,SN/SV,No ,No,,No ,SN/SV,SN/SV,,
1009,C.E.B.G. Asunción Moran H.,Cocle,Penonomé,Tulú,Coclé,80,Si,Si,Panel Solar,No,Sin Internet,13,Omaida Tejeira,-80.37635972,8.61730485,318,17433118-b41b-415f-a647-a1a9759ae352,1597153106568,b_ayarza,1610235712348,b_ayarza,SN/SV,No ,No,,Si,SN/SV,SN/SV,,
1011,Escuela Tulu,Cocle,Penonomé,Tulú,Coclé,147,Si,No,Dato por Verificar,No,Sin Internet,20,Oliver Mendoza,-80.39663752,8.76174868,319,a694a6ee-a936-4bd9-9b41-512666a5a124,1597153106568,b_ayarza,1610235713972,b_ayarza,SN/SV,No ,No,,Si,SN/SV,SN/SV,,
1013,Escuela Unión Santeña,Cocle,Penonomé,Tulú,Coclé,21,Si,Si,Panel Solar,No,Sin Internet,14,Vielkys Gonzalez,-80.39108192,8.85563721,320,5c9651d9-0528-41be-a96f-6bd1c5cf96b9,1597153106568,b_ayarza,1610235716597,b_ayarza,SN/SV,No ,No,,Si,SN/SV,SN/SV,,
1014,C.E.B.G. Las Pozas,Cocle,Penonomé,Tulú,Coclé,4,Si,Si,Panel Solar,No,Sin Internet,10,Yarelis Arenilla,-80.39608202,8.57202722,321,38db5842-05de-42a2-a53b-5792cdc2d6ea,1597153106568,b_ayarza,1610235718081,b_ayarza,SN/SV,No ,No,,Si,SN/SV,SN/SV,,
1015,C.E.B.G. Santa Cruz de Perecabecito,Cocle,Penonomé,Tulú,Coclé,84,No,Si,Compañía Distribuidora,Si,Satelital,12,Alvis Gill,-80.36858192,8.6539713,322,7b42643f-7f02-41f2-87a2-f8ac3dd0ccc8,1597153106568,b_ayarza,1610414920525,b_ayarza,Cable Onda ,No ,No,,Si,1,1.0 Mb ,,
1016,Escuela La Tulua,Cocle,Penonomé,Tulú,Coclé,11,Si,No,Dato por Verificar,No,Sin Internet,20,Ludovino Quiroz,-80.42108192,8.7561932,323,e38581c7-1224-4fe7-a22a-76fc103c644b,1597153106568,b_ayarza,1610235719577,b_ayarza,SN/SV,No ,No,,Si,SN/SV,SN/SV,,
1018,Escuela San Vicente de Paul,Colon,Colón,Barrio Norte ,Colón,205,No,Si,Compañía Distribuidora,Si,Hibrido de Fibra Coaxial,2,Hna. Xiomara Sanchez,-79.90219312,9.36230182,324,45570cb9-9cd4-4e87-b265-95c749f4a823,1597153106568,b_ayarza,1610461834582,b_ayarza,Cable Onda ,No ,No,,No ,1,6 Mb ,,
1019,C.E.B.G. República de Bolivia,Colon,Colón,Barrio Sur,Colón,966,No,Si,Compañía Distribuidora,Si,Hibrido de Fibra Coaxial,2,Jose Obregon,-79.89774862,9.35563505,325,b16ca9c1-dc4d-44a5-ad3e-abda4fcd8460,1597153106568,b_ayarza,1610461874278,b_ayarza,Cable Onda ,No ,No,,No ,1,6 Mb ,,
1020,C.E.B.G. Pablo Arosemena,Colon,Colón,Barrio Norte ,Colón,797,No,Si,Compañía Distribuidora,Si,Fibra Óptica,1,Miriam Rangel De Carrillo,-79.90524862,9.36341292,326,15995a12-5338-4dfa-ba35-baed3cbffe83,1597153106568,b_ayarza,1610463197271,b_ayarza,CWP,No ,No,,No ,1,10 Mb ,,
1021,C.E.B.G. Cristóbal Colón,Colon,Colón,Barrio Norte ,Colón,1441,No,Si,Compañía Distribuidora,Si,Hibrido de Fibra Coaxial,3,Maricela Ceballos,-79.90052632,9.36257952,327,fd778f5e-70c4-4411-b749-8d1b9364b378,1597153106568,b_ayarza,1610463303575,b_ayarza,Cable Onda ,No ,No,,No ,1,6 Mb ,,
1022,Escuela Enrique Geenzier,Colon,Colón,Barrio Norte ,Colón,336,No,Si,Compañía Distribuidora,Si,Hibrido de Fibra Coaxial,2,Sandra Mayre,-79.89580412,9.36369062,328,db9b7457-5ea0-4e59-bcaf-dada98ec19a5,1597153106568,b_ayarza,1610463543649,b_ayarza,Cable Onda ,No ,No,,No ,1,6 Mb ,,
1025,Escuela En Busca De Un Mañana ,Colon,Colón,Barrio Norte ,Colón,0,No,Si,Compañía Distribuidora,Si,Hibrido de Fibra Coaxial,1,Amarelis Gondola,-79.903256,9.364269,329,f3575fb8-e6cc-4ae0-bbe6-c291502e998d,1597153106568,b_ayarza,1610463554441,b_ayarza,Cable Onda ,No ,No,,No ,1,6 Mb ,,
1026,Escuela La Cauchera,Colon,Colón,Ciricito,Colón,40,No,Si,Compañía Distribuidora,Si,Satelital,11,Didia Meneses,-80.086275,9.055208,330,dcfd2f78-5ff8-4a0c-955c-3b63b90fca2a,1597153106568,b_ayarza,1610463573905,b_ayarza,Cable Onda ,No ,No,,No ,1,2.0 Mb ,,
1037,Colegio José Guardia Vega,Colon,Colón,Barrio Norte ,Colón,488,No,Si,Compañía Distribuidora,Si,Hibrido de Fibra Coaxial,1,Noemi Cerrud,-79.89830412,9.36369062,331,9e1bc4fd-9f11-4f58-8f29-556b372dade3,1597153106568,b_ayarza,1610463591797,b_ayarza,Cable Onda ,No ,No,,No ,2,6 Mb ,,
1039,Instituto  Rufo A. Garay,Colon,Colón,Barrio Norte ,Colón,0,No,Si,Compañía Distribuidora,Si,Hibrido de Fibra Coaxial,3,Hector Murillo,-79.89663742,9.36369062,332,a8cb21c6-b23d-4766-a140-a1d467ac1ffa,1597153106568,b_ayarza,1610463603537,b_ayarza,Cable Onda ,No ,No,,No ,3,6 Mb ,,
1046,C.E.B.G. Carlos Clement,Colon,Colón,Barrio Norte ,Colón,1009,No,Si,Compañía Distribuidora,Si,Hibrido de Fibra Coaxial,1,Zenaida Barroso,-79.903399,9.365213,334,7ce310a8-a45d-442e-88d5-b89d3f16827f,1597153106568,b_ayarza,1610463655445,b_ayarza,Cable Onda ,No ,No,,No ,1,6 Mb ,,
1047,Escuela Juan Antonio Henríquez,Colon,Colón,Barrio Norte ,Colón,415,No,Si,Compañía Distribuidora,Si,Hibrido de Fibra Coaxial,1,Mirta Arauz,-79.902669,9.365876,335,9dd5b942-c7fe-416e-8e2f-b0b040618b36,1597153106568,b_ayarza,1610463656057,b_ayarza,Cable Onda ,No ,No,,No ,1,6 Mb ,,
1049,Escuela República Oriental del Uruguay,Colon,Colón,Barrio Norte ,Colón,550,No,Si,Compañía Distribuidora,Si,Hibrido de Fibra Coaxial,1,Dato por Verificar,-79.90358192,9.36452401,336,fe2a5cc1-9056-409d-9041-619e07bc0fde,1597153106568,b_ayarza,1610463656811,b_ayarza,Cable Onda ,No ,No,,No ,1,6 Mb ,,
1050,Escuela Porfirio Melendez,Colon,Colón,Barrio Sur,Colón,1434,No,Si,Planta Eléctrica de Empresa,Si,Hibrido de Fibra Coaxial,2,Maria Bernal De Medrano,-79.89691522,9.35535735,337,0403a8e0-3a39-46cb-9a48-9995df7e12ed,1597153106568,b_ayarza,1610463659420,b_ayarza,Cable Onda ,No ,No,,No ,1,6 Mb ,,
1052,Colegio Abel Bravo,Colon,Colón,Barrio Sur,Colón,2312,No,Si,Compañía Distribuidora,Si,Fibra Óptica,Dato por verificar,Dato por Verificar,-79.89330412,9.35646845,338,f585cdf2-76bf-475e-9953-0ae3ce224817,1597153106568,b_ayarza,1610463663561,b_ayarza,Cable Onda ,No ,No,,No ,1,50 Mb ,,
1058,Escuela Altos de Divisa,Colon,Colón,Buena Vista,Colón,70,No,Si,Compañía Distribuidora,Si,Microondas,5,Gilberto Moreno,-79.71191522,9.25396888,341,d1625c3d-aebb-4880-b2ea-4e3333b74d8d,1597153106568,b_ayarza,1610463717535,b_ayarza,Digicel ,No ,No,,No ,1,4 Mb ,,
1059,Escuela La Coclesana,Colon,Colón,Buena Vista,Colón,11,No,Si,Compañía Distribuidora,Si,Microondas,6,Lidia Figueroa,-79.67163752,9.27563549,342,6be075e9-8432-4f50-861e-3e0bde0aa025,1597153106568,b_ayarza,1610463718270,b_ayarza,Cable Onda ,No ,No,,No ,1,4 Mb ,,
1060,C.E.B.G. Elisa Viuda de Garrido,Colon,Colón,Buena Vista,Colón,1356,No,Si,Compañía Distribuidora,Si,Fibra Óptica,5,Ivan Cedeño,-79.69497082,9.2728577,343,e7436e35-0e42-4808-90fb-2b1582a55cc1,1597153106568,b_ayarza,1610463719053,b_ayarza,CWP,No ,No,,No ,1,10 Mb ,,
1066,Escuela Pueblo Grande,Colon,Colón,Buena Vista,Colón,77,No,Si,Compañía Distribuidora,No,Sin Internet,6,Alvaro Ruiz,-79.66691522,9.25869106,344,2f03b1ed-8619-4c1b-a444-cab9f9ff9dd5,1597153106568,b_ayarza,1610235729269,b_ayarza,SN/SV,No ,Si,,No ,SN/SV,SN/SV,,
1067,Escuela Quebrada Bonita No. 1,Colon,Colón,Buena Vista,Colón,387,Si,Si,Compañía Distribuidora,Si,Fibra Óptica,6,Eneida Vega De Chifundo,-79.70580412,9.29841319,345,8f985d37-38ae-4a20-a837-ee599f3dcd51,1597153106568,b_ayarza,1610464475333,b_ayarza,CWP,No ,No,,No ,1,10 Mb ,,
1069,Escuela Frijolito,Colon,Colón,Buena Vista,Colón,16,Si,No,Dato por Verificar,No,Sin Internet,5,Luisa G. Murillo,-79.71135972,9.21174685,346,7d61028a-24a6-41b5-baf5-22018345666a,1597153106568,b_ayarza,1610235732182,b_ayarza,SN/SV,No ,No,,No ,SN/SV,SN/SV,,
1070,Escuela La Escandalosa,Colon,Colón,Buena Vista,Colón,8,Si,No,Dato por Verificar,No,Sin Internet,Dato por verificar,Dato por Verificar,-79.67052642,9.33924632,347,0eabd675-3294-4765-bf4e-fcfaff817cac,1597153106568,b_ayarza,1610235734155,b_ayarza,SN/SV,No ,No,,No ,SN/SV,SN/SV,,
1071,Escuela Peñas Blancas ,Colon,Colón,Buena Vista,Colón,74,No,Si,Compañía Distribuidora,Si,Fibra Óptica,Dato por verificar,Dato por Verificar,-79.68191522,9.30313537,348,f00b1625-09a7-4fdc-b5ea-4f5f8bf68c34,1597153106568,b_ayarza,1610464606812,b_ayarza,Cable Onda ,No ,No,,No ,1,10 Mb ,,
1072,Escuela El Jiral,Colon,Colón,Buena Vista,Colón,353,No,Si,Compañía Distribuidora,Si,Fibra Óptica,5,Alberto Melendez,-79.69247082,9.25007999,349,b2705bda-f3a6-4f26-9b6b-a86f72749eac,1597153106568,b_ayarza,1610464608272,b_ayarza,CWP ,No ,No,,No ,1,10 Mb ,,
1073,C.E.B.G. Manuel Urbano Ayarza,Colon,Colón,Cativá,Colón,3194,No,Si,Compañía Distribuidora,Si,Fibra Óptica,3,Ludolfo Herrera,-79.838387,9.362607,350,003c1258-1e85-46f0-9a85-81cbe518b832,1597153106568,b_ayarza,1610464609475,b_ayarza,CWP ,No ,No,,No ,3,10 Mb ,,
781,C.E.B.G. El Sapillo,Cocle,Natá,Guzmán,Coclé,11,Si,Si,Panel Solar,No,Sin Internet,19,Marisol Vasquez,-80.62663742,8.58202708,351,049d8896-1b0d-44b8-bd6f-6b82e26b4923,1597153106568,b_ayarza,1610235735688,b_ayarza,SN/SV,No ,No,,Si,SN/SV,SN/SV,,
181,Escuela Punta Escondida,Comarca Ngabe-Bugle,Kusapín,Tobobé,Comarca Ngäbe-Buglé,162,Si,Si,Panel Solar,No,Sin Internet,10,Avelia Archibold ,-81.83191522,9.08841396,352,a0a1e360-6c76-4621-af84-ee5d5a0e18c4,1597153106568,b_ayarza,1610235737126,b_ayarza,SN/SV,No ,No,,Si ,SN/SV,SN/SV,,
782,Escuela El Otoal,Cocle,Natá,Guzmán,Coclé,50,Si,No,Dato por Verificar,No,Sin Internet,18,Mariela Castrellon,-80.55858192,8.55869387,353,db065558-82ac-4ca3-be1e-e4e7d08eb01b,1597153106568,b_ayarza,1610235738722,b_ayarza,SN/SV,No ,No,,Si,SN/SV,SN/SV,,
182,Escuela Loma Verde,Comarca Ngabe-Bugle,Kusapín,Cañaveral ,Comarca Ngäbe-Buglé,107,Si,Si,Panel Solar,No,Sin Internet,11,Edwin Santiago,-81.59385972,8.77508193,354,fb954612-b492-4b16-b299-3c2f8daf2668,1597153106568,b_ayarza,1610235740815,b_ayarza,SN/SV,No ,No,,Si ,SN/SV,SN/SV,,
783,C.E.B.G. Piedras Blancas,Cocle,Natá,Guzmán,Coclé,6,Si,No,Dato por Verificar,No,Sin Internet,7,Lineth Diaz,-80.59802642,8.54619392,355,5c4526b2-9cc3-4c32-bafd-54ff788bcd9c,1597153106568,b_ayarza,1610235744012,b_ayarza,SN/SV,No ,No,,Si,SN/SV,SN/SV,,
1415,Escuela San Vicente,Chiriqui,Barú,Puerto Amuelles,Chiriquí,304,No,Si,Compañía Distribuidora,Si,Fibra Óptica,23,Alba Villarreal,-82.86608192,8.26036171,356,dcf32fc8-1e20-436e-bc0c-390b5e71818a,1597153106568,b_ayarza,1610487813959,b_ayarza,CWP,No ,No,,No ,1,10 Mb ,,
325,Escuela Finca 43,Bocas del Toro,Changuinola,Changuinola,Bocas del Toro,164,Si,Si,Compañía Distribuidora,Si,Fibra Óptica,Dato por verificar,Dato por Verificar,-82.59527778,9.48027778,357,eba43c7e-360c-4968-885a-464ab5a0eb29,1597153106568,b_ayarza,1610410023328,b_ayarza,CWP,No ,No,,No ,2,10 Mb ,,
1416,Escuela Rio Mar,Chiriqui,Barú,Puerto Amuelles,Chiriquí,335,No,Si,Compañía Distribuidora,Si,Fibra Óptica,23,Vielka Valdes,-82.85747082,8.27869504,358,220b9d46-4c19-4798-baac-e92cee3a051b,1597153106568,b_ayarza,1610487824341,b_ayarza,CWP,No ,No,,No ,1,10 Mb ,,
326,Escuela Puente Blanco ,Bocas del Toro,Changuinola,Guabito,Bocas del Toro,279,Si,Si,Compañía Distribuidora,No,Sin Internet,Dato por verificar,Dato por Verificar,-82.59493,9.48299,359,ce3ef0a3-afe3-46b4-804f-0fb65c213d4b,1597153106568,b_ayarza,1610235745706,b_ayarza,SN/SV,No ,No,,Si ,SN/SV,SN/SV,,
1417,Escuela Bella Vista,Chiriqui,Barú,Puerto Amuelles,Chiriquí,81,No,Si,Compañía Distribuidora,Si,Satelital,23,Olga Pinto,-82.91052632,8.32063918,360,731e1921-b29a-43ca-88ea-be38aa92e87a,1597153106568,b_ayarza,1610487830034,b_ayarza,Cable Onda ,No ,No,,No ,1,2.0 Mb ,,
328,Escuela Bajo La Esperanza,Bocas del Toro,Changuinola,Cochigro,Bocas del Toro,47,Si,No,Dato por Verificar,No,Sin Internet,Dato por verificar,Greixe Emix De Castillo,-82.50635972,9.28369105,361,3dc91d03-64a2-4db1-ba3d-ab24ff6f151a,1597153106568,b_ayarza,1610235747347,b_ayarza,SN/SV,No ,No,,Si ,SN/SV,SN/SV,,
1418,Escuela Puerto Armuelles,Chiriqui,Barú,Puerto Amuelles,Chiriquí,109,No,Si,Compañía Distribuidora,Si,Fibra Óptica,23,Reina Ramos,-82.85913752,8.27313936,362,ccbb8ffd-2840-46db-9237-b9b3e369080c,1597153106568,b_ayarza,1610487830913,b_ayarza,CWP,No ,No,,No ,2,10 Mb ,,
784,C.E.B.G. La Yeguada,Cocle,Natá,Las Huacas,Coclé,26,Si,Si,Planta Eléctrica Propia,No,Sin Internet,7,Divida Vega,-80.73413742,8.42369439,363,9aafa2e4-02e1-4ebf-a2b6-ef416b0fe1c6,1597153106568,b_ayarza,1610235748974,b_ayarza,SN/SV,No ,No,,Si,SN/SV,SN/SV,,
29,C.E.B.G. Playón Chico,Comarca Guna Yala ,Comarca Guna Yala ,Aligandí,Comarca Guna Yala ,521,Si,Si,Planta Eléctrica de Empresa,Si,Satelital,2,Gladis Iglesias,-78.23108192,9.31424642,364,4cb80393-b62c-482f-9c5e-16226c177d42,1597153106568,b_ayarza,1610241784086,b_ayarza,Cable Onda ,No ,No ,,Si ,1,2.0 Mb ,,
488,Escuela Camarón,Comarca Ngabe-Bugle,Kankintú,Mününi,Comarca Ngäbe-Buglé,39,Si,Si,Panel Solar,No,Sin Internet,8,Dato por Verificar,-81.8736742,8.2775065,365,adcdc957-9536-4d19-a07e-ae8b8e293c89,1597153106568,b_ayarza,1610235753384,b_ayarza,SN/SV,No ,No,,Si ,SN/SV,SN/SV,,
1229,Escuela Cocle del Norte,Colon,Donoso,Coclé Del Norte,Colón,76,Si,Si,Planta Eléctrica Propia/Panel Solar,No,Sin Internet,15,Avelino Santana,-80.56941532,9.07702511,366,35019966-002d-4656-a3d2-2c4c719d7849,1597153106568,b_ayarza,1610235754960,b_ayarza,SN/SV,No ,No,,Si,SN/SV,SN/SV,,
183,Colegio Rio Chiriquí,Comarca Ngabe-Bugle,Kusapín,Río Chiriquí,Comarca Ngäbe-Buglé,443,Si,Si,Panel Solar,Si,Satelital,12,Jorge Luis Castillo,-81.56469302,8.83869277,367,cf12c230-2af5-4034-91db-315060eb7d43,1597153106568,b_ayarza,1610305783922,b_ayarza,Cable Onda ,No ,No,,Si ,2,2.0 Mb ,,
30,Escuela Wichub - Wala,Comarca Guna Yala ,Comarca Guna Yala ,Narganá,Comarca Guna Yala ,29,Si,Si,Panel Solar,No,Sin Internet,1,Daliz L. Gonzalez,-78.95024862,9.55091202,368,793f4ad6-2fb4-4f57-918a-791245a30229,1597153106568,b_ayarza,1610235757728,b_ayarza,SN/SV,No ,No ,,Si ,SN/SV,SN/SV,,
489,Escuela Drigary,Comarca Ngabe-Bugle,Kankintú,Guariviara,Comarca Ngäbe-Buglé,68,Si,No,Dato por Verificar,No,Sin Internet,Dato por verificar,Marciana Abrego,-81.91078891,8.86308187,369,521da191-a2cd-4086-b72c-dac97324adfa,1597153106568,b_ayarza,1610235760510,b_ayarza,SN/SV,No ,No,,Si ,SN/SV,SN/SV,,
334,Colegio Nievecita,Bocas del Toro,Changuinola,Las Tablas,Bocas del Toro,369,Si,Si,Compañía Distribuidora,Si,Microondas,Dato por verificar,Dato por Verificar,-82.73928,9.543404,370,7f709788-0062-4beb-9abd-e5ced485af51,1597153106568,b_ayarza,1610410056448,b_ayarza,Digicel ,No ,No,,No ,2,10 Mb ,,
184,Escuela Boca de Rio Grande,Comarca Ngabe-Bugle,Kusapín,Río Chiriquí,Comarca Ngäbe-Buglé,55,Si,Si,Panel Solar,Si,Satelital,12,Dato por Verificar,-81.56479,8.8405,371,2c307511-a645-4403-99a3-fe610839f150,1597153106568,b_ayarza,1610305816979,b_ayarza,CWP,Si ,No,,Si ,1,10 Mb ,,
494,Escuela Alto del Valle,Comarca Ngabe-Bugle,Jirondai,Büri,Comarca Ngäbe-Buglé,21,Si,Si,Panel Solar,Si,Dato por Verificar ,Dato por verificar,Dato por Verificar,-82.17830412,8.80841519,372,1de34dc1-16c8-490d-8281-bf37b116e64b,1597153106568,b_ayarza,1610411674458,b_ayarza,Cable Onda ,No ,No,,Si ,1,10 Mb ,,
31,Escuela Rio Sidra,Comarca Guna Yala ,Comarca Guna Yala ,Narganá,Comarca Guna Yala ,453,Si,Si,Panel Solar,No,Sin Internet,1,Tobias Herrera (Encargado),-78.83885972,9.45730132,373,d75c5591-4e7c-4442-8471-307706f30f91,1597153106568,b_ayarza,1610235762136,b_ayarza,SN/SV,No ,No ,,Si ,SN/SV,SN/SV,,
1230,Escuela Santa Maria,Colon,Donoso,El Guásimo,Colón,16,Si,Si,Panel Solar,No,Sin Internet,14,Edilma Almanza,-80.29691522,8.93397019,374,34a3513d-e036-408c-a5e3-0804f6f6cb2b,1597153106568,b_ayarza,1610235763588,b_ayarza,SN/SV,No ,No,,Si,SN/SV,SN/SV,,
1419,Escuela El Palmar,Chiriqui,Barú,Puerto Amuelles,Chiriquí,377,No,Si,Compañía Distribuidora,Si,Microondas,23,Elizabeth Espinoza,-82.84969302,8.30536154,375,a7d2686d-d5e7-4d2f-bd3f-2cd2201842d4,1597153106568,b_ayarza,1610487832008,b_ayarza,Cable Onda ,No ,No,,No ,1,10 Mb ,,
786,C.E.B.G. Culebra,Cocle,Natá,Las Huacas,Coclé,10,Si,No,Dato por Verificar,No,Sin Internet,7,Dato por Verificar,-80.80469302,8.52869399,376,aadfc835-06c1-4fb7-9595-976f22ee10ce,1597153106568,b_ayarza,1610235765901,b_ayarza,SN/SV,No ,No,,Si,SN/SV,SN/SV,,
338,C.E.B.G. Bilingüe Nievecita,Bocas del Toro,Changuinola,Las Tablas,Bocas del Toro,1750,Si,N/D,Dato por Verificar,No,Sin Internet,7,Barbara Villarreal,-82.750802,9.546823,377,8a6c9873-bfcb-4763-a210-04594a802948,1597153106568,b_ayarza,1610235768441,b_ayarza,SN/SV,No ,No,,No ,SN/SV,SN/SV,,
185,C.E.B.G. de Tobobe,Comarca Ngabe-Bugle,Kusapín,Tobobé,Comarca Ngäbe-Buglé,487,Si,Si,Panel Solar,Si,Satelital,10,Jose Ameth Vasquez,-81.829166666,9.121111111,378,fe295575-b0b3-4b38-bfd5-57085283be69,1597153106568,b_ayarza,1610305877079,b_ayarza,Cable Onda ,No ,No,,Si ,2,2.0 Mb ,,
339,C.E.B.G.  Guabito,Bocas del Toro,Changuinola,Guabito,Bocas del Toro,2050,Si,Si,Compañía Distribuidora,Si,Fibra Óptica,Dato por verificar,Victor G. Sanjur,-82.61163752,9.49202337,379,2f422038-b5f6-4dee-94ab-e264f96b1ce7,1597153106568,b_ayarza,1610409410807,b_ayarza,CWP ,No ,No,,Si ,2,10 Mb ,,
787,C.E.B.G. Las Huacas,Cocle,Natá,Las Huacas,Coclé,44,Si,Si,Compañía Distribuidora,Si,Satelital,7,Delkis Castrejon,-80.74997082,8.46702762,380,efd21cb2-c5c2-498a-a6cd-a4ce9f617f47,1597153106568,b_ayarza,1610413540209,b_ayarza,Cable Onda,No ,No,,Si,1,2.0 Mb ,,
195,Escuela Cleay,Comarca Ngabe-Bugle,Kusapín,Cañaveral ,Comarca Ngäbe-Buglé,69,Si,Si,Panel Solar,Si,Satelital,Dato por verificar,Velibeth Veces,-81.73216,8.84272,381,7edd2c88-57f7-4892-a4ae-9aafa56b568c,1597153106568,b_ayarza,1610305905380,b_ayarza,CWP,Si,No,,Si ,1,10 Mb ,,
342,Escuela Dos Canos Anexa,Bocas del Toro,Changuinola,Guabito,Bocas del Toro,80,Si,Si,Planta Eléctrica Propia,No,Sin Internet,7,Lenis L. Canto,-82.592429,9.480077,382,4a0ff3e7-26af-4d0c-ba10-d389de96b7f6,1597153106568,b_ayarza,1610235770053,b_ayarza,SN/SV,No ,Si,,Si ,SN/SV,SN/SV,,
496,Escuela Wary,Comarca Ngabe-Bugle,Jirondai,Büri,Comarca Ngäbe-Buglé,64,Si,No,Dato por Verificar,No,Sin Internet,2,Guillermo Miranda,-82.26088632,8.85839918,383,1110c30e-3b62-4ba3-a621-bed4a1282feb,1597153106568,b_ayarza,1610235771608,b_ayarza,SN/SV,No ,No,,Si ,SN/SV,SN/SV,,
32,Escuela Nusatupu,Comarca Guna Yala ,Comarca Guna Yala ,Narganá,Comarca Guna Yala ,74,Si,Si,Panel Solar,No,Sin Internet,1,Roquelina Atencio,-78.83469302,9.45313474,384,c263044a-1da5-4a4f-91c5-9a90d23419d6,1597153106568,b_ayarza,1610235773421,b_ayarza,SN/SV,No ,No ,,Si ,SN/SV,SN/SV,,
1231,Escuela El Escobal,Colon,Donoso,El Guásimo,Colón,25,Si,No,Dato por Verificar,No,Sin Internet,14,Enelsa Toribio,-80.33691532,8.98424779,385,8cdb861b-a677-4ff9-af3c-4fde8834d235,1597153106568,b_ayarza,1610235775206,b_ayarza,SN/SV,No ,No,,Si,SN/SV,SN/SV,,
788,C.E.B.G. Quije,Cocle,Natá,Las Huacas,Coclé,61,Si,Si,Panel Solar,No,Sin Internet,7,Carlos Almanza,-80.77385972,8.48647195,386,5f9b8502-9fa3-4d1f-a8b0-ac6f91f4135b,1597153106568,b_ayarza,1610235778162,b_ayarza,SN/SV,No ,No,,Si,SN/SV,SN/SV,,
343,Escuela Barranco Medio,Bocas del Toro,Changuinola,Las Tablas,Bocas del Toro,338,Si,Si,Compañía Distribuidora,Si,Microondas,7,Edgar Aguilar,-82.71608192,9.52674542,387,cba5cb5d-adfa-4823-b546-9c100916a166,1597153106568,b_ayarza,1610410078678,b_ayarza,Digicel ,No ,No,,No ,2,4 Mb ,,
196,Escuela Cerro De La Cruz,Comarca Ngabe-Bugle,Kusapín,Río Chiriquí,Comarca Ngäbe-Buglé,82,Si,Si,Panel Solar,No,Sin Internet,12,Dato por Verificar,-81.8736742,8.2775065,388,40d73f8b-60be-4ce1-8de2-7a026d192200,1597153106568,b_ayarza,1610235779709,b_ayarza,SN/SV,No ,No,,Si ,SN/SV,SN/SV,,
498,Escuela Nueva Estrella,Bocas del Toro,Chiriquí Grande ,Rambala,Bocas del Toro,159,Si,Si,Compañía Distribuidora,No,Sin Internet,Dato por verificar,Daniel Ramos,-82.194074,8.944731,389,003c49eb-dbc7-4f1c-94e1-6e238b1ae4ff,1597153106568,b_ayarza,1610235782379,b_ayarza,SN/SV,No ,No,,No ,SN/SV,SN/SV,,
33,Escuela Nalunega,Comarca Guna Yala ,Comarca Guna Yala ,Narganá,Comarca Guna Yala ,118,Si,Si,Panel Solar,No,Sin Internet,1,Jazmin Sierra,-78.95330412,9.55007872,390,fa112363-67cd-4eae-9713-6d5d875a8a08,1597153106568,b_ayarza,1610235784488,b_ayarza,SN/SV,No ,No ,,Si ,SN/SV,SN/SV,,
1232,Escuela Celestino Villarreta,Colon,Donoso,El Guásimo,Colón,115,Si,Si,Panel Solar,No,Sin Internet,14,Leoncia E. Urriola,-80.33163742,9.05896968,391,5420477b-bf58-4b19-bd13-45133676cb45,1597153106568,b_ayarza,1610235786176,b_ayarza,SN/SV,No ,No,,Si,SN/SV,SN/SV,,
789,C.E.B.G. Toza,Cocle,Natá,Toza,Coclé,22,Si,Si,Sistema Aislado para el Poblado ,Si,Fibra Óptica,7,Omaira E. Chanis,-80.64358192,8.34619468,392,a11af681-2af2-4df7-ba9f-48d6a6867aff,1597153106568,b_ayarza,1610413590286,b_ayarza,CWP,No ,No,,No ,1,10 Mb ,,
197,Escuela Cerro Santo,Comarca Ngabe-Bugle,Kusapín,Río Chiriquí,Comarca Ngäbe-Buglé,79,Si,No,Dato por Verificar,No,Sin Internet,12,Salomon Abrego,-81.60524862,8.62619361,393,5b5db0dd-70c2-419b-8ce4-b1a952433280,1597153106568,b_ayarza,1610235787864,b_ayarza,SN/SV,No ,No,,Si ,SN/SV,SN/SV,,
1420,Escuela Palmar Sur,Chiriqui,Barú,Puerto Amuelles,Chiriquí,115,No,Si,Compañía Distribuidora,No,Sin Internet,23,Lilian I. Alvarado A.,-82.82728725,8.30061155,394,ab7407ef-9efe-4488-8451-4609fee84870,1597153106568,b_ayarza,1610235791340,b_ayarza,SN/SV,No ,Si,,No ,SN/SV,SN/SV,,
1233,Escuela Belorizal,Colon,Donoso,El Guásimo,Colón,59,Si,Si,Panel Solar,No,Sin Internet,14,Maria E. Martinez,-80.35608192,8.95980349,395,62760dd7-1246-4bfe-a0b4-7a0083dbf203,1597153106568,b_ayarza,1610235794357,b_ayarza,SN/SV,No ,No,,Si,SN/SV,SN/SV,,
198,Escuela Muay Anexa Veracruz,Comarca Ngabe-Bugle,Kusapín,Cañaveral ,Comarca Ngäbe-Buglé,128,Si,Si,Planta Eléctrica de Empresa,Si,Satelital,Dato por verificar,Birgilio Santos,-81.63441532,8.79397075,396,07b37684-f444-4de2-9a2b-e50183af3128,1597153106568,b_ayarza,1610305929833,b_ayarza,CWP,Si,No,,Si ,1,10 Mb ,,
1421,Escuela Monte Verde,Chiriqui,Barú,Puerto Amuelles,Chiriquí,35,No,Si,Compañía Distribuidora,Si,Satelital,23,Milka Suira,-82.87302642,8.27480605,397,aefd2f36-b40e-46f4-929e-5ab24ec81ed2,1597153106568,b_ayarza,1610487864361,b_ayarza,Cable Onda ,No ,No,,No ,1,2.0 Mb ,,
790,C.E.B.G. El Cortezo,Cocle,Natá,Toza,Coclé,244,No,Si,Compañía Distribuidora,Si,Microondas,7,Eliecer Calderon,-80.58580422,8.34730578,398,854611bd-f68a-4f37-b601-4aa29e14d998,1597153106568,b_ayarza,1610413592313,b_ayarza,Cable Onda,No ,No,,No ,1,10 Mb ,,
1234,Escuela Jobo Centro,Colon,Donoso,El Guásimo,Colón,20,Si,Si,Panel Solar,No,Sin Internet,14,Arquimedes Mela,-80.2527,9.03748,399,3e9f19ce-bc62-4345-a97e-fd7452b83ce9,1597153106568,b_ayarza,1610235796169,b_ayarza,SN/SV,No ,No,,Si,SN/SV,SN/SV,,
34,Escuela Isla Máquina o Mormaquetupu,Comarca Guna Yala ,Comarca Guna Yala ,Narganá,Comarca Guna Yala ,110,Si,Si,Panel Solar,No,Sin Internet,1,Lodegracia Hackin,-78.84858192,9.45230144,400,cf0a620f-bb4d-48cd-9d75-7a4f480e3686,1597153106568,b_ayarza,1610235798608,b_ayarza,SN/SV,No ,No ,,Si ,SN/SV,SN/SV,,
500,Escuela La Loma Anexa Cañazas,Comarca Ngabe-Bugle,Jirondai,Büri,Comarca Ngäbe-Buglé,146,Si,Si,Panel Solar,No,Sin Internet,2,Carmen Oriela Rivas,-82.191085,8.779569,401,57c07d64-66dd-46ab-83aa-3dcf52dc1534,1597153106568,b_ayarza,1610235801437,b_ayarza,SN/SV,No ,No,,Si ,SN/SV,SN/SV,,
1422,Escuela Malagueto,Chiriqui,Barú,Rodolfo Aguilar Delgado,Chiriquí,27,No,Si,Compañía Distribuidora,Si,Fibra Óptica,23,Rogelio Yañez,-82.81858192,8.34952797,402,7dc8ff66-7510-4da6-ad66-8375e1704331,1597153106568,b_ayarza,1610487869206,b_ayarza,CWP,No ,No,,Si ,1,10 Mb ,,
344,Escuela Santa Clara,Bocas del Toro,Changuinola,Las Delicias,Bocas del Toro,19,Si,No,Dato por Verificar,No,Sin Internet,7,Mara Machado,-82.76024862,9.49813454,403,71db8151-3d79-49cb-9b31-0238a3417b61,1597153106568,b_ayarza,1610235807618,b_ayarza,SN/SV,No ,No,,Si ,SN/SV,SN/SV,,
1424,Escuela La Ceiba,Chiriqui,Barú,Rodolfo Aguilar Delgado,Chiriquí,15,No,Si,Compañía Distribuidora,No,Sin Internet,20,Isabel Villar,-82.83441522,8.35008357,404,d43b9f0b-fb3e-4df6-989c-6aa87222a590,1597153106568,b_ayarza,1610235809468,b_ayarza,SN/SV,No ,Si,,Si ,SN/SV,SN/SV,,
345,Escuela Agua Salud,Bocas del Toro,Changuinola,Las Delicias,Bocas del Toro,101,Si,Si,Panel Solar,No,Sin Internet,7,Lesler Perez,-82.82191532,9.5073011,405,0b743577-c19d-4aa2-acd1-f9acb0dadf95,1597153106568,b_ayarza,1610235812731,b_ayarza,SN/SV,No ,Si,,Si ,SN/SV,SN/SV,,
1425,Escuela Guayacán,Chiriqui,Barú,Rodolfo Aguilar Delgado,Chiriquí,141,No,Si,Compañía Distribuidora,Si,Fibra Óptica,20,Anayansi Bravo,-82.833819,8.349679,406,322af5d4-b931-41e9-bcf9-0cb86e46b27c,1597153106568,b_ayarza,1610488004096,b_ayarza,CWP,No ,No,,Si ,1,10 Mb ,,
792,C.E.B.G. Guayabital,Cocle,Natá,Toza,Coclé,12,Si,No,Dato por Verificar,No,Sin Internet,7,Yesica Moreno,-80.68378,8.37142,407,08a4ed0e-288b-4dd3-82dd-45dc4975b44b,1597153106568,b_ayarza,1610235814372,b_ayarza,SN/SV,No ,No,,No ,SN/SV,SN/SV,,
346,Escuela Dos Caños ,Bocas del Toro,Changuinola,Las Tablas,Bocas del Toro,156,Si,No,Dato por Verificar,No,Sin Internet,7,Marcela Ellignon,-82.78385972,9.58063419,408,074db98e-adbc-40c8-a236-0e62af9152c5,1597153106568,b_ayarza,1610235815978,b_ayarza,SN/SV,No ,No,,No ,SN/SV,SN/SV,,
502,Escuela El Higo Anexa De Cañazas,Comarca Ngabe-Bugle,Jirondai,Büri,Comarca Ngäbe-Buglé,110,Si,Si,Panel Solar,Si,Satelital,2,Rufino Ugarte,-82.16638,8.87916,409,47f79315-6c20-4445-9f3c-790d3c81d237,1597153106568,b_ayarza,1610411692353,b_ayarza,CWP ,Si,No,,Si ,1,10 Mb ,,
35,Escuela Maguebgandi,Comarca Guna Yala ,Comarca Guna Yala ,Narganá,Comarca Guna Yala ,43,Si,Si,Panel Solar,No,Sin Internet,2,Catalina Gonzalez,-78.39997082,9.37202388,410,90ebca85-7225-4f40-979e-d7367b38a86d,1597153106568,b_ayarza,1610235817641,b_ayarza,SN/SV,No ,No ,,Si ,SN/SV,SN/SV,,
1235,Escuela Valle de Escobal,Colon,Donoso,El Guásimo,Colón,13,Si,No,Dato por Verificar,No,Sin Internet,14,Iris Ortega,-80.33635972,8.93758128,411,6d75cf1e-52af-47b2-8334-432154ea27a7,1597153106568,b_ayarza,1610235820657,b_ayarza,SN/SV,No ,No,,Si,SN/SV,SN/SV,,
1426,Escuela Lechoza,Chiriqui,Barú,Rodolfo Aguilar Delgado,Chiriquí,54,No,Si,Compañía Distribuidora,Si,Fibra Óptica,20,Justo Serrano,-82.83552632,8.37591687,412,a8936f14-5a10-4331-8445-4e65963ce762,1597153106568,b_ayarza,1610488020211,b_ayarza,CWP,No ,No,,Si ,1,10 Mb ,,
793,C.E.B.G. San Antonio,Cocle,Natá,Toza,Coclé,15,Si,No,Dato por Verificar,No,Sin Internet,7,Griselda Ramos,-80.71080412,8.3950834,413,407eb551-9cd5-4b18-a201-783596a7a719,1597153106568,b_ayarza,1610235822822,b_ayarza,SN/SV,No ,No,,No ,SN/SV,SN/SV,,
199,Escuela San Pedro Arriba,Comarca Ngabe-Bugle,Kusapín,Río Chiriquí,Comarca Ngäbe-Buglé,133,Si,Si,Panel Solar,No,Sin Internet,12,Ismael Carpintero,-81.54941522,8.74397095,414,e7377357-7779-4b18-9fdc-bc5ace3ecbcd,1597153106568,b_ayarza,1610235824416,b_ayarza,SN/SV,No ,No,,Si ,SN/SV,SN/SV,,
1236,Escuela Los Bajitos de Donoso,Colon,Donoso,El Guásimo,Colón,18,Si,No,Dato por Verificar,No,Sin Internet,13,Aurora Flores,-80.24497082,9.0059144,415,2d27aa90-636c-41d5-8fd9-c22328b3af4d,1597153106568,b_ayarza,1610235826055,b_ayarza,SN/SV,No ,No,,Si,SN/SV,SN/SV,,
1427,Escuela Jobito,Chiriqui,Barú,Rodolfo Aguilar Delgado,Chiriquí,86,No,Si,Compañía Distribuidora,Si,Microondas,20,Wilson Salinas,-82.84997082,8.37591687,416,01bf6850-388f-4a5f-9431-9ce4530c78ad,1597153106568,b_ayarza,1610488024403,b_ayarza,Cable Onda ,No ,No,,Si ,1,4 Mb ,,
37,Escuela Mandi Yala,Comarca Guna Yala ,Comarca Guna Yala ,Narganá,Comarca Guna Yala ,89,Si,Si,Panel Solar,No,Sin Internet,1,Arnoldo Diaz,-79.14108192,9.43674591,417,80f8ff05-b737-4a35-9de4-4d715b5a9f60,1597153106568,b_ayarza,1610235827649,b_ayarza,SN/SV,No ,No ,,Si ,SN/SV,SN/SV,,
504,Escuela Dayra,Comarca Ngabe-Bugle,Jirondai,Guariviara,Comarca Ngäbe-Buglé,72,Si,Si,Panel Solar,No,Sin Internet,4,Mixis Peñalba,-82.04988502,8.876009011,418,609f951b-bb55-49b5-9608-3e611c90a51b,1597153106568,b_ayarza,1610235830444,b_ayarza,SN/SV,No ,No,,Si ,SN/SV,SN/SV,,
347,Escuela Boca de Yorkin Anexa,Bocas del Toro,Changuinola,Las Delicias,Bocas del Toro,26,Si,No,Dato por Verificar,No,Sin Internet,7,Denis Jimenez,-82.86163752,9.58868965,419,c4e51c01-dc99-4c6d-9575-c206d439b4c4,1597153106568,b_ayarza,1610235831944,b_ayarza,SN/SV,No ,No,,Si ,SN/SV,SN/SV,,
1428,Escuela Flor de Lima,Chiriqui,Barú,Puerto Amuelles,Chiriquí,120,No,Si,Compañía Distribuidora,Si,Microondas,23,Jorge Espinoza C.,-82.87247082,8.26036171,420,979c795c-056a-4893-a8cf-3d7b40a33091,1597153106568,b_ayarza,1610488025932,b_ayarza,Cable Onda ,No ,No,,No ,1,10 Mb ,,
794,C.E.B.G.  Burrica,Cocle,Olá,Olá,Coclé,5,Si,Si,Panel Solar,No,Sin Internet,6,Belgica Vernaza,-80.66080422,8.50869416,421,13170084-06dd-4fb8-920f-56a143f408da,1597153106568,b_ayarza,1610235834694,b_ayarza,SN/SV,No ,No,,Si ,SN/SV,SN/SV,,
200,Escuela Dobari,Comarca Ngabe-Bugle,Kusapín,Cañaveral ,Comarca Ngäbe-Buglé,268,Si,Si,Panel Solar,Si,Satelital,11,Mario Berroa,-81.74024862,8.80091512,422,91f4d0f9-3177-41a9-9cea-31b75ea39c47,1597153106568,b_ayarza,1610305954983,b_ayarza,CWP,Si ,No,,Si ,1,10 Mb ,,
349,Escuela San San Medio Anexa,Bocas del Toro,Changuinola,Guabito,Bocas del Toro,220,Si,Si,Compañía Distribuidora,Si,Fibra Óptica,6,Dato por Verificar,-82.62358192,9.42007928,423,a612bb04-8287-45a4-9018-e4354d4a673c,1597153106568,b_ayarza,1610410099737,b_ayarza,CWP ,No ,No,,No ,2,10 Mb ,,
505,Escuela Coclesito,Comarca Ngabe-Bugle,Kankintú,Guariviara,Comarca Ngäbe-Buglé,435,Si,Si,Panel Solar,Si,Satelital,3,Santiago Flores,-81.98330412,8.76647086,424,f4a124ed-d39e-4278-bf55-07562e277877,1597153106568,b_ayarza,1612994155436,b_ayarza,CWP ,Si,No,,Si ,1,10 Mb ,Si ,
38,Escuela Sahila Iguadingipe,Comarca Guna Yala ,Comarca Guna Yala ,Narganá,Comarca Guna Yala ,185,Si,Si,Panel Solar,No,Sin Internet,2,Francisco Gonzalez,-78.58586,9.44571,425,eb377693-4cac-49aa-9321-075117a8fa91,1597153106568,b_ayarza,1610235836417,b_ayarza,SN/SV,No ,No ,,Si ,SN/SV,SN/SV,,
1239,Escuela La Palma,Colon,Donoso,El Guásimo,Colón,65,Si,Si,Sistema Aislado para el Poblado ,No,Sin Internet,14,Alexis Peralta,-80.29176929,9.03653695,426,9b117497-c9e1-49fe-8254-4fa3c26a7f79,1597153106568,b_ayarza,1610235839428,b_ayarza,SN/SV,No ,Si,,Si,SN/SV,SN/SV,,
201,Escuela Kuli,Comarca Ngabe-Bugle,Kusapín,Cañaveral ,Comarca Ngäbe-Buglé,74,Si,Si,Panel Solar,No,Sin Internet,11,Wilfredo Smith,-81.65719302,8.80841519,427,80babb54-3026-4009-8ca2-c4a2bba4ab1d,1597153106568,b_ayarza,1610235844006,b_ayarza,SN/SV,No ,No,,Si ,SN/SV,SN/SV,,
795,C.E.B.G. Los Cabritos,Cocle,Olá,Olá,Coclé,12,Si,No,Dato por Verificar,No,Sin Internet,7,Dato por Verificar,-80.70294,8.40505,428,0f65ef22-e31f-40f8-80f7-c764672c9386,1597153106568,b_ayarza,1610235845741,b_ayarza,SN/SV,No ,No,,Si ,SN/SV,SN/SV,,
39,C.E.B.G. Sayla Olonibiginya,Comarca Guna Yala ,Comarca Guna Yala ,Narganá,Comarca Guna Yala ,397,Si,Si,Planta Eléctrica de Empresa,Si,Satelital,1,Adelicia Robinsosn,-78.96163752,9.47285685,429,44e48eee-f69d-4887-855d-f30c0a433b42,1597153106568,b_ayarza,1610241809263,b_ayarza,Cable Onda ,No ,No ,,Si ,1,2.0 Mb ,,
506,Escuela El Guabal,Comarca Ngabe-Bugle,Jirondai,Man Creek,Comarca Ngäbe-Buglé,235,Si,Si,Panel Solar,Si,Satelital,3,Walter Arcia V.,-82.03497082,8.86285938,430,6e73d7ed-2cf1-4317-8bce-bb79da44d898,1597153106568,b_ayarza,1610411722705,b_ayarza,CWP ,Si,No,,Si ,1,10 Mb ,,
350,Escuela Alto Yorkin,Bocas del Toro,Changuinola,Las Delicias,Bocas del Toro,70,Si,Si,Panel Solar,No,Sin Internet,7,Dato por Verificar,-82.88163742,9.56646755,431,ea15a54d-a5d3-49ff-a615-e3f1e25f10a7,1597153106568,b_ayarza,1610235848569,b_ayarza,SN/SV,No ,Si,,Si ,SN/SV,SN/SV,,
1429,Escuela Quebrada de Tallo,Chiriqui,Barú,Limón,Chiriquí,27,Si,Si,Compañía Distribuidora,Si,Satelital,22,Edwin Franco,-82.874584,8.084134,432,4fa9f1a9-c75a-45f4-a2cd-397b9938925d,1597153106568,b_ayarza,1610488043728,b_ayarza,Cable Onda ,No ,No,,Si ,1,2.0 Mb ,,
41,Escuela Arritupu,Comarca Guna Yala ,Comarca Guna Yala ,Narganá,Comarca Guna Yala ,69,Si,Si,Panel Solar,No,Sin Internet,1,Betzaida Rodriguez,-79.03802642,9.49619005,433,9a127ef3-751b-473c-959a-d4145b2e2412,1597153106568,b_ayarza,1610235850273,b_ayarza,SN/SV,No ,No ,,Si ,SN/SV,SN/SV,,
202,Escuela Playa Lorenzo No. 1,Comarca Ngabe-Bugle,Kusapín,Tobobé,Comarca Ngäbe-Buglé,232,Si,Si,Panel Solar,Si,Satelital,10,Dato por Verificar,-81.86135972,9.06869184,434,9aee2367-154c-4378-b117-d0623f599adc,1597153106568,b_ayarza,1610305988995,b_ayarza,CWP,Si ,No,,Si ,1,10 Mb ,,
507,Escuela Chalite,Comarca Ngabe-Bugle,Kankintú,Guariviara,Comarca Ngäbe-Buglé,183,Si,Si,Panel Solar,No,Sin Internet,4,Edgar Gonzalez,-82.02469302,8.87480373,435,20b1f494-bb59-4010-8cfd-418cd3b77656,1597153106568,b_ayarza,1610235852135,b_ayarza,SN/SV,No ,No,,Si ,SN/SV,SN/SV,,
203,Escuela Punta Nispero,Comarca Ngabe-Bugle,Kusapín,Tobobé,Comarca Ngäbe-Buglé,194,Si,Si,Panel Solar,Si,Satelital,10,Breithner Garcia,-81.80858192,9.06813635,436,15d9c7be-773b-407b-8269-5d48194465e5,1597153106568,b_ayarza,1610305990344,b_ayarza,CWP,Si,No,,Si ,1,10 Mb ,,
1430,Escuela Punta Burica,Chiriqui,Barú,Limón,Chiriquí,38,Si,Si,Compañía Distribuidora,Si,Satelital,22,Gladismir Guerra A.,-82.86569,8.103443,437,77cee046-fd9d-4723-ba96-d9d6d13e67ff,1597153106568,b_ayarza,1610488049241,b_ayarza,Cable Onda ,No ,No,,Si ,1,2.0 Mb ,,
796,Escuela El Hato,Cocle,Olá,Olá,Coclé,24,No,Si,Compañía Distribuidora,No,Sin Internet,Dato por verificar,Dato por Verificar,-80.65052642,8.45036099,438,03ea2e87-ae5f-491b-8ed2-ac739efa6ddc,1597153106568,b_ayarza,1610235855812,b_ayarza,SN/SV,No ,No,,Si ,SN/SV,SN/SV,,
204,Escuela Rio Caña,Comarca Ngabe-Bugle,Kusapín,Tobobé,Comarca Ngäbe-Buglé,217,Si,Si,Panel Solar,Si,Satelital,Dato por verificar,Lucila Patino,-81.70283,8.85411,439,ecd589f0-bc19-47e3-8857-05a157cf179a,1597153106568,b_ayarza,1610305991973,b_ayarza,CWP,Si ,No,,Si ,1,10 Mb ,,
508,Escuela Dudori,Comarca Ngabe-Bugle,Kankintú,Guariviara,Comarca Ngäbe-Buglé,216,Si,Si,Panel Solar,Si,Satelital,4,Magdalena Castillo Quintero,-81.96385972,8.87147044,440,29c4b265-a80c-4e84-99c4-011560db705b,1597153106568,b_ayarza,1610411736493,b_ayarza,CWP ,Si,No,,Si ,1,10 Mb ,,
1431,Escuela Caña Blanca,Chiriqui,Barú,Limón,Chiriquí,12,Si,Si,Compañía Distribuidora,No,Sin Internet,22,Yohana Espinoza,-82.87719302,8.15202871,441,aea4384b-1c39-4765-b1ff-d2b9b4efa897,1597153106568,b_ayarza,1610235857340,b_ayarza,SN/SV,No ,No,,Si ,SN/SV,SN/SV,,
42,Escuela Cartí Mulatupu,Comarca Guna Yala ,Comarca Guna Yala ,Narganá,Comarca Guna Yala ,130,Si,Si,Panel Solar,No,Sin Internet,1,Reynelio Arias,-78.95135972,9.47285685,442,0ffe9b94-a3ae-4bfb-aa9c-5ee41e79381e,1597153106568,b_ayarza,1610235858966,b_ayarza,SN/SV,No ,No ,,Si ,SN/SV,SN/SV,,
1241,Escuela Unión Coclesana,Colon,Donoso,El Guásimo,Colón,34,Si,No,Dato por Verificar,No,Sin Internet,14,Luz Torrero,-80.38108192,9.04730303,443,6129c726-d8f7-4ef0-99fb-f9244b7bb6ea,1597153106568,b_ayarza,1610235861341,b_ayarza,SN/SV,No ,No,,Si,SN/SV,SN/SV,,
352,Escuela San San Medio,Bocas del Toro,Changuinola,Guabito,Bocas del Toro,139,Si,Si,Panel Solar,No,Sin Internet,Dato por verificar,Dato por Verificar,-82.62358192,9.42007928,444,998cd803-b398-46d3-93d7-8c8466afaf4f,1597153106568,b_ayarza,1610235865278,b_ayarza,SN/SV,No ,No,,Si ,SN/SV,SN/SV,,
1432,Escuela Bella Vista,Chiriqui,Barú,Limón,Chiriquí,27,Si,Si,Compañía Distribuidora,Si,Satelital,22,Manuel Pineda Espinoza,-82.88274852,8.05064028,445,1c37e17a-4e40-47e6-aafa-1e964aecffd3,1597153106568,b_ayarza,1610488066273,b_ayarza,Cable Onda ,No ,No,,Si ,1,2.0 Mb ,,
798,Centro Justino Arrocha Soberón,Cocle,Olá,Olá,Coclé,97,No,Si,Compañía Distribuidora,Si,Fibra Óptica,6,Digna Emerita Arrocha,-80.65135972,8.4211944,446,af7d6d44-6b22-4a88-9579-47c4fc055f79,1597153106568,b_ayarza,1610413691989,b_ayarza,Cable Onda ,No ,No,,Si ,1,10 Mb ,,
205,Escuela Rio Veracruz,Comarca Ngabe-Bugle,Kusapín,Rio Chiriqui,Comarca Ngäbe-Buglé,165,Si,Si,Panel Solar,No,Sin Internet,11,Mario Baker ,-81.61191522,8.79924853,447,b2ceeb6f-f5dd-430b-8623-d136fbdc5871,1597153106568,b_ayarza,1612994067734,b_ayarza,SN/SV,No ,No,,Si ,SN/SV,SN/SV,Si,
353,Escuela San San Tigra,Bocas del Toro,Changuinola,Guabito,Bocas del Toro,43,Si,Si,Panel Solar,No,Sin Internet,Dato por verificar,Dimorah Quintero,-82.64941522,9.4392459,448,83640207-ae6b-4ee9-b6fd-abd081e8be50,1597153106568,b_ayarza,1610235894181,b_ayarza,SN/SV,No ,No,,Si ,SN/SV,SN/SV,,
1242,Escuela Santa Lucía,Colon,Donoso,El Guásimo,Colón,22,Si,Si,Panel Solar,No,Sin Internet,14,Bienvenido Mela,-80.33335,8.89759,449,dd19021d-d6d8-4736-923b-029f06b8ed33,1597153106568,b_ayarza,1610235895768,b_ayarza,SN/SV,No ,No,,Si,SN/SV,SN/SV,,
45,Colegio Secundario Félix E. Oller,Comarca Guna Yala ,Comarca Guna Yala ,Narganá,Comarca Guna Yala ,295,Si,Si,Planta Eléctrica de Empresa,Si,Microondas,2,Lenin Vargas,-78.59330412,9.44702356,450,c451d112-5784-41da-99ab-5d841e81ebf9,1597153106568,b_ayarza,1610241021682,b_ayarza,Digicel ,No ,No ,,Si ,2,10 Mb ,,
509,Escuela Tobori ,Comarca Ngabe-Bugle,Kankintú,Guariviara,Comarca Ngäbe-Buglé,167,Si,Si,Planta Eléctrica de Empresa,No,Sin Internet,3,Erick Eysseric,-82.04385972,8.72730441,451,42876f8d-2a55-4803-9583-236053ed1bf4,1597153106568,b_ayarza,1610235897532,b_ayarza,SN/SV,No ,No,,Si ,SN/SV,SN/SV,,
1433,P.C. Punta Burica,Chiriqui,Barú,Limón,Chiriquí,57,Si,Si,Compañía Distribuidora,Si,Satelital,Dato por verificar,Dato por Verificar,-82.868315,8.104518,452,8e4d3115-fdf8-4032-9516-939645bb0105,1597153106568,b_ayarza,1610488063974,b_ayarza,Cable Onda ,No ,No,,Si ,1,2.0 Mb ,,
799,C.E.B.G. Los Caracoles,Cocle,Olá,El Copé,Coclé,125,Si,Si,Compañía Distribuidora,Si,Satelital,6,Geronimo Guevara,-80.73080412,8.47008311,453,4cb147ef-f9b6-42ce-8ec3-4a3505a704a9,1597153106568,b_ayarza,1610413693073,b_ayarza,Cable Onda ,No ,No,,Si ,1,2.0 Mb ,,
206,Escuela San Pedrito,Comarca Ngabe-Bugle,Santa Catalina o Calovebo,San Pedrito (Jikui),Comarca Ngäbe-Buglé,155,Si,Si,Panel Solar,Si,Satelital,12,Dato por Verificar,-81.50330412,8.80063732,454,8fce7e11-aebc-4fb9-926b-d1c5c0fac39a,1597153106568,b_ayarza,1610306013613,b_ayarza,CWP,Si,No,,Si ,1,10 Mb ,,
1434,Escuela Puerto Balsa,Chiriqui,Barú,Limón,Chiriquí,7,Si,Si,Compañía Distribuidora,No,Sin Internet,22,Lionel Camarena,-82.85858192,8.07647348,455,302085b3-37f2-4f75-9424-90355bf4c78d,1597153106568,b_ayarza,1610235899039,b_ayarza,SN/SV,No ,No,,Si ,SN/SV,SN/SV,,
511,Escuela Druri,Comarca Ngabe-Bugle,Kankintú,Guariviara,Comarca Ngäbe-Buglé,155,Si,Si,Panel Solar,No,Sin Internet,3,Benaro Abrego,-81.96941522,8.77341533,456,21d2a42f-4df4-42cb-a31c-d9f797f6149b,1597153106568,b_ayarza,1610235901644,b_ayarza,SN/SV,No ,No,,Si ,SN/SV,SN/SV,,
54,Escuela Cartí Tupile,Comarca Guna Yala ,Comarca Guna Yala ,Narganá,Comarca Guna Yala ,178,Si,Si,Panel Solar,No,Sin Internet,1,Makiryae Oran,-78.96358192,9.48119012,457,d0c35205-29b2-4e31-8615-e085ef2cb110,1597153106568,b_ayarza,1610235903234,b_ayarza,SN/SV,No ,No ,,Si ,SN/SV,SN/SV,,
1243,Escuela Villa del Carmen,Colon,Donoso,El Guásimo,Colón,131,Si,Si,Planta Eléctrica de Empresa,No,Sin Internet,14,Janeth De La Espada,-80.38997082,9.00258101,458,552c6745-51dc-42a4-96ff-ad5adb165f68,1597153106568,b_ayarza,1610235905202,b_ayarza,SN/SV,No ,No,,Si,SN/SV,SN/SV,,
354,Escuela San San,Bocas del Toro,Changuinola,El Teribe,Bocas del Toro,14,Si,Si,Panel Solar,No,Sin Internet,Dato por verificar,Jose Jimenez,-82.67747082,9.44980135,459,fec71fab-aa93-4724-a466-aa5dcaaea3b5,1597153106568,b_ayarza,1610235907739,b_ayarza,SN/SV,No ,No,,Si ,SN/SV,SN/SV,,
800,C.E.B.G.  Luisa,Cocle,Olá,El Copé,Coclé,32,Si,Si,Panel Solar,No,Sin Internet,6,Anabelzi Solis,-80.70512,8.48548,460,3a47fb60-9ece-4db0-ab89-0389e9597e97,1597153106568,b_ayarza,1610235910272,b_ayarza,SN/SV,No ,No,,Si ,SN/SV,SN/SV,,
1435,Escuela Baco,Chiriqui,Barú,Baco,Chiriquí,69,No,Si,Compañía Distribuidora,No,Sin Internet,21,Carmen Gonzalez M.,-82.74941532,8.35869464,461,d391c7c0-18a6-4585-8681-ed8fa6c1dc20,1597153106568,b_ayarza,1610235912230,b_ayarza,SN/SV,No ,No,,No ,SN/SV,SN/SV,,
355,Escuela San San Drury,Bocas del Toro,Changuinola,El Teribe,Bocas del Toro,157,Si,Si,Panel Solar,Si,Satelital,6,Ismael Francis,-82.67747082,9.44146809,462,1049af09-ba79-4742-8250-489f519d5d47,1597153106568,b_ayarza,1610410132975,b_ayarza,Cable Onda ,No ,No,,No ,1,2.0 Mb ,,
207,Escuela Rio Viento,Comarca Ngabe-Bugle,Kusapín,Canaveral ,Comarca Ngäbe-Buglé,199,Si,Si,Panel Solar,Si,Satelital,11,Dato por Verificar,-81.75219302,8.8575816,463,95937440-467c-4ba8-8813-e9910ef36e52,1597153106568,b_ayarza,1610306030304,b_ayarza,CWP,Si ,No,,Si ,1,10 Mb ,,
1244,Escuela Miguelito,Colon,Donoso,El Guásimo,Colón,55,Si,No,Dato por Verificar,No,Sin Internet,14,Rita E. Acosta,-80.37830412,8.97563672,464,ed7a8aa7-838e-4105-9a59-f444cee348ee,1597153106568,b_ayarza,1610235915106,b_ayarza,SN/SV,No ,No,,Si,SN/SV,SN/SV,,
56,Escuela Rio Azúcar,Comarca Guna Yala ,Comarca Guna Yala ,Narganá,Comarca Guna Yala ,146,Si,Si,Planta Eléctrica de Empresa,Si,Microondas,2,Leoncio Hernandez,-78.62691522,9.43369032,465,e587cabb-7e3c-42ac-8cdc-c694827fa940,1597153106568,b_ayarza,1610241049862,b_ayarza,Digicel ,No ,No ,,Si ,1,10 Mb ,,
801,I.P.T. Omar Torrijos Herrera,Cocle,Olá,El Copé,Coclé,171,Si,Si,Planta Eléctrica de Empresa,Si,Fibra Óptica,6,Gilberto  Ramos,-80.69200762,8.44848469,466,cd851962-6855-4d04-9ba3-533b7596dc35,1597153106568,b_ayarza,1610413716239,b_ayarza,Cable Onda ,No ,No,,Si ,1,10 Mb ,,
517,Escuela Giali,Comarca Ngabe-Bugle,Kankintú,Guariviara,Comarca Ngäbe-Buglé,142,Si,Si,Planta Eléctrica de Empresa,No,Sin Internet,4,Dato por Verificar,-81.94614,8.81912,467,c99bf5d9-822d-4f7d-8f46-046b5ea2d50f,1597153106568,b_ayarza,1610235919024,b_ayarza,SN/SV,No ,No,,Si ,SN/SV,SN/SV,,
1436,Escuela Corotú Civil,Chiriqui,Barú,Baco,Chiriquí,73,No,Si,Compañía Distribuidora,Si,Microondas,21,Dalila J. Moreno ,-82.76247082,8.37786126,468,a6e68430-6638-46b0-9cb2-a3a9b553059f,1597153106568,b_ayarza,1610488149175,b_ayarza,Digicel ,No ,No,,No ,1,10 Mb ,,
357,Colegio Secundario de Guabito,Bocas del Toro,Changuinola,Guabito,Bocas del Toro,1050,Si,Si,Compañía Distribuidora,Si,Fibra Óptica,Dato por verificar,Iveth Del C. Mendez,-82.60858192,9.49146787,469,b3aa76d8-3c11-4807-84f4-e31eec4d3578,1597153106568,b_ayarza,1610410155645,b_ayarza,CWP ,No ,No,,Si ,2,10 Mb ,,
208,C.E.B.G. Finca 32,Bocas del Toro,Changuinola,Changuinola,Bocas del Toro,1989,Si,Si,Compañía Distribuidora,Si,Microondas,Dato por verificar,Dato por Verificar,-82.55681,9.42734,470,c6173683-8da2-4a6c-b7ae-3afe6ee83c88,1597153106568,b_ayarza,1610409672007,b_ayarza,Cable Onda ,No ,No,,No ,2,10 Mb ,,
212,I.P.T. El Silencio,Bocas del Toro,Changuinola,El Empalme,Bocas del Toro,1249,Si,Si,Compañía Distribuidora,Si,Hibrido de Fibra Coaxial,Dato por verificar,Dato por Verificar,-82.528957,9.375647,472,67523426-f506-4560-9e50-086a06a3750f,1597153106568,b_ayarza,1610306239985,b_ayarza,Cable Onda ,No ,No,,Si ,2,6 Mb ,,
213,I.P.T. Bocas del Toro,Bocas del Toro,Changuinola,Changuinola,Bocas del Toro,1526,Si,Si,Compañía Distribuidora,Si,Hibrido de Fibra Coaxial/Fibra Óptica,Dato por verificar,Dato por Verificar,-82.51552642,9.47146796,473,193c2042-bc07-4d5b-a6b6-dfaecb85aba6,1597153106568,b_ayarza,1610306289369,b_ayarza,Cable Onda ,No ,No,,Si ,3,10 Mb ,,
231,C.E.B.G. Finca 62,Bocas del Toro,Changuinola,Changuinola,Bocas del Toro,1261,Si,Si,Compañía Distribuidora,Si,Microondas,Dato por verificar,Rossay De Pineda,-82.48441532,9.44980135,475,9da6b771-9edf-44d4-8d5c-ca87f9844863,1597153106568,b_ayarza,1610409744628,b_ayarza,Cable Onda ,No ,No,,No ,1,10 Mb ,,
232,Escuela Quebrada Guabo,Bocas del Toro,Changuinola,Cochigro,Bocas del Toro,211,Si,Si,Panel Solar,No,Sin Internet,9,Gaudina Beer,-82.54497082,9.29841319,476,ce743213-9d77-40ed-99d7-80f4f3838023,1597153106568,b_ayarza,1610235925126,b_ayarza,SN/SV,No ,No,,Si ,SN/SV,SN/SV,,
233,Escuela Alto Pita,Bocas del Toro,Changuinola,Empalme,Bocas del Toro,13,Si,Si,Panel Solar,No,Sin Internet,9,Dato por Verificar,-82.592802,9.41159,477,ec9e4019-d346-4148-9ab3-363ec4d10008,1597153106568,b_ayarza,1610235928458,b_ayarza,SN/SV,No ,No,,Si ,SN/SV,SN/SV,,
234,Escuela Quebrada  Puerco,Bocas del Toro,Changuinola,Cochigro,Bocas del Toro,34,Si,Si,Planta Eléctrica Propia,No,Sin Internet,9,Claudina Wright,-82.57552642,9.29035763,478,de98bd05-1ee7-4b40-afb9-e43b8b2a3044,1597153106568,b_ayarza,1610235930273,b_ayarza,SN/SV,No ,No,,Si ,SN/SV,SN/SV,,
235,Escuela Finca 15,Bocas del Toro,Changuinola,El Empalme,Bocas del Toro,727,Si,Si,Compañía Distribuidora,Si,Fibra Óptica,Dato por verificar,Jiovani Jimenez,-82.51919,9.41355,479,7286c061-8c21-466a-a4de-d0d800258910,1597153106568,b_ayarza,1610409775702,b_ayarza,CWP ,No ,No,,No ,1,10 Mb ,,
236,Escuela Finca 66,Bocas del Toro,Changuinola,Changuinola,Bocas del Toro,495,Si,Si,Compañía Distribuidora,Si,Hibrido de Fibra Coaxial,4,Guillermo Jimenez,-82.51691532,9.44535697,480,170b7e45-f6d3-4037-8f10-5b63d3533368,1597153106568,b_ayarza,1612818761938,b_ayarza,Cable Onda ,No ,No,,No ,1,6 Mb ,,
238,Escuela Cochigro,Bocas del Toro,Changuinola,Cochigro,Bocas del Toro,173,Si,No,Dato por Verificar,No,Sin Internet,9,Dato por Verificar,-82.48826,9.29303,481,065feffc-82ae-4166-a274-04e5b7332c1e,1597153106568,b_ayarza,1610235931855,b_ayarza,SN/SV,No ,No,,Si ,SN/SV,SN/SV,,
239,Escuela Buena Selva,Bocas del Toro,Changuinola,La Gloria,Bocas del Toro,38,Si,Si,Planta Eléctrica Propia,No,Sin Internet,9,Pastor Montenegro,-82.50830412,9.34535739,482,3ef1e43e-2749-4301-bfc6-131ae4cf313a,1597153106568,b_ayarza,1610235934128,b_ayarza,SN/SV,No ,No,,Si ,SN/SV,SN/SV,,
240,Escuela Finca 41 Anexa Guabito,Bocas del Toro,Changuinola,Guabito,Bocas del Toro,125,Si,Si,Compañía Distribuidora,Si,Fibra Óptica,Dato por verificar,Marta Avila,-82.62552642,9.49230117,483,632a31f5-6ba0-40f0-b37c-ebedc66e6006,1597153106568,b_ayarza,1610408755891,b_ayarza,CWP,No ,No,,Si ,1,10 Mb ,,
241,Escuela Bajo Culubre,Bocas del Toro,Changuinola,Nance Del Risco,Bocas del Toro,229,Si,Si,Planta Eléctrica Propia,No,Sin Internet,3,Jazmin Jimenez,-82.51942,9.44103,484,42e72ee1-43bf-47a3-8306-45a7bc4dd8a5,1597153106568,b_ayarza,1610235935972,b_ayarza,SN/SV,No ,No,,Si ,SN/SV,SN/SV,,
242,Escuela Bajo Sori,Bocas del Toro,Changuinola,El Teribe,Bocas del Toro,57,Si,Si,Planta Eléctrica de Empresa,Si,Satelital,8,Camilo Castillo,-82.55552632,9.36257952,485,bb723be6-77a6-4182-a637-79c511f81c31,1597153106568,b_ayarza,1610408794589,b_ayarza,Cable Onda ,No ,No,,Si ,1,2.0 Mb ,,
243,Escuela San San Mona,Bocas del Toro,Changuinola,Guabito,Bocas del Toro,67,Si,Si,Compañía Distribuidora,No,Sin Internet,6,Mauriceth Arauz,-82.518572,9.445131,486,aee16d91-4318-4ddf-a463-746d4dd3ac0a,1597153106568,b_ayarza,1610235938004,b_ayarza,SN/SV,No ,Si,,Si ,SN/SV,SN/SV,,
244,Escuela Loma Bandera,Bocas del Toro,Changuinola,El Teribe,Bocas del Toro,7,Si,No,Dato por Verificar,No,Sin Internet,6,Oswald Gonzalez,-82.66330412,9.41119042,487,e793b76e-7c8f-4395-b862-604f92caf02c,1597153106568,b_ayarza,1610235941691,b_ayarza,SN/SV,No ,No,,Si ,SN/SV,SN/SV,,
245,Escuela Loma Muleto,Bocas del Toro,Changuinola,La Gloria,Bocas del Toro,239,Si,Si,Planta Eléctrica Propia,No,Sin Internet,2,David Diaz,-82.47080422,9.36285732,488,083243e5-5b3a-4210-b146-7fe5708e7cf1,1597153106568,b_ayarza,1610235943350,b_ayarza,SN/SV,No ,Si,,Si ,SN/SV,SN/SV,,
247,Escuela Bella Vista,Bocas del Toro,Changuinola,Almirante,Bocas del Toro,244,Si,Si,Planta Eléctrica Propia,No,Sin Internet,2,Luisa Weir,-82.46747082,9.34591299,489,583ccbe1-5e88-4cd8-9837-a59c614ccd8d,1597153106568,b_ayarza,1610235945048,b_ayarza,SN/SV,No ,No,,Si ,SN/SV,SN/SV,,
248,Escuela La Ceiba,Bocas del Toro,Changuinola,Nance Del Risco,Bocas del Toro,103,Si,No,Dato por Verificar,No,Sin Internet,3,Dato por Verificar,-82.51219302,9.01591426,490,da6943f3-b718-458f-bb9b-d9d5a6b27839,1597153106568,b_ayarza,1610235947566,b_ayarza,SN/SV,No ,No,,Si ,SN/SV,SN/SV,,
249,Escuela Santa Marta Anexa,Bocas del Toro,Changuinola,El Empalme,Bocas del Toro,21,Si,No,Dato por Verificar,No,Sin Internet,5,Yarelis Quintero,-82.58108192,9.4153571,491,94f76680-144e-4de8-8624-901399964e9b,1597153106568,b_ayarza,1610235949085,b_ayarza,SN/SV,No ,No,,No ,SN/SV,SN/SV,,
250,Escuela El Silencio,Bocas del Toro,Changuinola,El Empalme,Bocas del Toro,416,Si,Si,Compañía Distribuidora,Si,Hibrido de Fibra Coaxial,Dato por verificar,Dato por Verificar,-82.53441532,9.3909128,492,1379d624-bc46-4473-b3c9-ad93e67a5812,1597153106568,b_ayarza,1610408870823,b_ayarza,Cable Onda ,No ,No,,Si ,1,6 Mb ,,
251,Escuela Sursuba,Bocas del Toro,Changuinola,Cochigro,Bocas del Toro,20,Si,Si,Panel Solar,No,Sin Internet,9,Joana E. Gonzalez,-82.54247082,9.33507964,493,f28ad231-ea83-4d2e-ab4e-b806fc9485b5,1597153106568,b_ayarza,1610235950986,b_ayarza,SN/SV,No ,No,,Si ,SN/SV,SN/SV,,
254,Escuela Cun King,Bocas del Toro,Changuinola,El Teribe,Bocas del Toro,14,Si,Si,Planta Eléctrica Propia,No,Sin Internet,8,Gladis E. De Leon,-82.62997082,9.38035725,494,1b34ac85-8c8e-4bd0-9695-376bb01c60d7,1597153106568,b_ayarza,1610235952615,b_ayarza,SN/SV,No ,No,,Si ,SN/SV,SN/SV,,
255,Escuela Valle Junquito,Bocas del Toro,Changuinola,La Gloria,Bocas del Toro,204,Si,Si,Panel Solar,No,Sin Internet,2,M. De Gonzalez,-82.48663752,9.3681351,495,7f483716-9fa4-4153-a72e-ac323da2ec5f,1597153106568,b_ayarza,1610235954212,b_ayarza,SN/SV,No ,No,,Si ,SN/SV,SN/SV,,
257,Escuela Zegla,Bocas del Toro,Changuinola,El Empalme,Bocas del Toro,60,Si,No,Dato por Verificar,No,Sin Internet,8,Kathy Morno,-82.54358192,9.37702396,496,d8e2d03c-fb39-4c12-b182-25ea807e19d9,1597153106568,b_ayarza,1610235958261,b_ayarza,SN/SV,No ,Si ,,Si ,SN/SV,SN/SV,,
258,Escuela Charagre,Bocas del Toro,Changuinola,El Empalme,Bocas del Toro,77,Si,Si,Compañía Distribuidora,No,Sin Internet,8,Nelson Gonzalez,-82.56330422,9.38896831,497,7b93bcd6-579a-4172-aba1-cfabbecd1760,1597153106568,b_ayarza,1610235958839,b_ayarza,SN/SV,No ,Si ,,No ,SN/SV,SN/SV,,
259,Escuela Bonyick,Bocas del Toro,Changuinola,El Teribe,Bocas del Toro,40,Si,Si,Planta Eléctrica Propia,No,Sin Internet,8,Elvia Mendoza,-82.59997082,9.34952408,498,68e36330-3240-4583-9869-0c83a07d55a8,1597153106568,b_ayarza,1610235960464,b_ayarza,SN/SV,No ,No,,Si ,SN/SV,SN/SV,,
260,Escuela Solon,Bocas del Toro,Changuinola,El Teribe,Bocas del Toro,45,Si,Si,Panel Solar,Si,Satelital,8,Dato por Verificar,-82.60635972,9.36091293,499,bfbe0a1e-6f7e-406e-8c61-845ec3acfdbf,1597153106568,b_ayarza,1610408901715,b_ayarza,Cable Onda ,No ,No,,Si ,1,2.0 Mb ,,
261,Escuela Corriente Grande,Bocas del Toro,Changuinola,Cochigro,Bocas del Toro,12,Si,No,Dato por Verificar,No,Sin Internet,9,Lourdes Ruiz,-82.53802632,9.30424647,500,c7a693f3-97dc-4cee-b6f9-369fd5f0e0c6,1597153106568,b_ayarza,1610235963508,b_ayarza,SN/SV,No ,No,,Si ,SN/SV,SN/SV,,
262,Escuela Changuinola,Bocas del Toro,Changuinola,Changuinola,Bocas del Toro,696,Si,Si,Compañía Distribuidora,Si,Hibrido de Fibra Coaxial,Dato por verificar,Dato por Verificar,-82.51385972,9.45619022,501,6378d307-736e-4c15-8ceb-a00ea2b953a1,1597153106568,b_ayarza,1610409829495,b_ayarza,Cable Onda ,No ,No,,No ,1,6 Mb ,,
264,Escuela Finca 67,Bocas del Toro,Changuinola,Changuinola,Bocas del Toro,204,Si,Si,Compañía Distribuidora,Si,Microondas,4,Dato por Verificar,-82.49691522,9.43646811,502,853128aa-b9f4-4801-ae97-db57abb44e86,1597153106568,b_ayarza,1610409839762,b_ayarza,Cable Onda ,No ,No,,No ,1,10 Mb ,,
265,Escuela Finca 64,Bocas del Toro,Changuinola,Changuinola,Bocas del Toro,240,Si,Si,Compañía Distribuidora,Si,Microondas,Dato por verificar,Dato por Verificar,-82.49608192,9.45896801,503,d301210f-f47e-49ae-b7ae-4ac242f119b1,1597153106568,b_ayarza,1610409852288,b_ayarza,Cable Onda ,No ,No,,No ,1,10 Mb ,,
266,Escuela Finca 44,Bocas del Toro,Changuinola,Changuinola,Bocas del Toro,242,Si,Si,Compañía Distribuidora,Si,Fibra Óptica,Dato por verificar,Dato por Verificar,-82.48274862,9.47424575,504,ec52ad85-d7be-43e9-aacb-799eb9a1ada9,1597153106568,b_ayarza,1610409872372,b_ayarza,Cable Onda ,No ,No,,No ,2,10 Mb ,,
267,C.E.B.G. La Gloria,Bocas del Toro,Changuinola,La Gloria,Bocas del Toro,490,Si,Si,Planta Eléctrica Propia,No,Sin Internet,Dato por verificar,Vielca Arauz,-82.48524862,9.33480184,505,92e828e5-38ac-4f36-99f9-b156358e7831,1597153106568,b_ayarza,1610235966036,b_ayarza,SN/SV,No ,No,,Si ,SN/SV,SN/SV,,
268,Escuela Loma Bonita,Bocas del Toro,Changuinola,La Gloria,Bocas del Toro,65,Si,No,Dato por Verificar,No,Sin Internet,Dato por verificar,Marleny Bonilla,-82.49080412,9.37452397,506,86349f11-f84d-4f54-a25e-1d2d2877a145,1597153106568,b_ayarza,1610235967586,b_ayarza,SN/SV,No ,No,,Si ,SN/SV,SN/SV,,
269,Escuela Milla 11,Bocas del Toro,Changuinola,La Gloria,Bocas del Toro,93,Si,Si,Compañía Distribuidora,No,Sin Internet,2,Juan Munoz,-82.47358192,9.38702382,507,3e325ee3-c91a-48fb-a979-00dabe57031b,1597153106568,b_ayarza,1610235969137,b_ayarza,SN/SV,No ,Si,,Si ,SN/SV,SN/SV,,
270,Escuela Milla 7 1/3,Bocas del Toro,Changuinola,La Gloria,Bocas del Toro,217,Si,Si,Planta Eléctrica Propia,No,Sin Internet,2,Aracelis Gonzalez,-82.44830412,9.36369062,508,7445305d-7c27-42c6-9ad4-fb2550a75c6c,1597153106568,b_ayarza,1610235970759,b_ayarza,SN/SV,No ,Si,,Si ,SN/SV,SN/SV,,
272,Escuela Santa Rosa,Bocas del Toro,Changuinola,Cochigro,Bocas del Toro,29,Si,No,Dato por Verificar,No,Sin Internet,8,Gabriel Abrego,-82.52191522,9.34674629,509,2f7d88d2-bb4f-4d8f-8b38-b9300c7c595d,1597153106568,b_ayarza,1610235973304,b_ayarza,SN/SV,No ,No,,Si ,SN/SV,SN/SV,,
273,Escuela San Juan,Bocas del Toro,Changuinola,La Gloria,Bocas del Toro,49,Si,Si,Planta Eléctrica Propia,No,Sin Internet,8,Dato por Verificar,-82.51830412,9.36952389,510,e339d5f2-be57-444b-b24c-4e1ecf0fe1b3,1597153106568,b_ayarza,1610235976200,b_ayarza,SN/SV,No ,Si,,No ,SN/SV,SN/SV,,
274,Escuela Finca 02,Bocas del Toro,Changuinola,El Empalme,Bocas del Toro,200,Si,Si,Compañía Distribuidora,Si,Microondas,4,Jorge R. Stepherson,-82.48135972,9.41730149,511,ab5ccda9-4cac-4860-9068-fb4a788c6dc1,1597153106568,b_ayarza,1610409901317,b_ayarza,Cable Onda ,No ,No,,No ,1,10 Mb ,,
275,Escuela Finca 03,Bocas del Toro,Changuinola,El Empalme,Bocas del Toro,126,Si,Si,Compañía Distribuidora,No,Sin Internet,Dato por verificar,Dato por Verificar,-82.47719302,9.42730145,512,238f0a4c-22a1-4137-89c8-66ab5eda3862,1597153106568,b_ayarza,1610235978364,b_ayarza,SN/SV,No ,No,,No ,SN/SV,SN/SV,,
276,C.E.B.G. Finca 04,Bocas del Toro,Changuinola,El Empalme,Bocas del Toro,1790,Si,Si,Compañía Distribuidora,Si,Microondas,4,Dato por Verificar,-82.50024862,9.40230155,513,a54928f8-5ebf-4f47-90a8-9bd267ce3a04,1597153106568,b_ayarza,1610409915807,b_ayarza,Cable Onda ,No ,No,,No ,2,10 Mb ,,
277,Escuela Santa Marta Arriba,Bocas del Toro,Changuinola,El Empalme,Bocas del Toro,25,Si,No,Dato por Verificar,No,Sin Internet,Dato por verificar,Maritza Gamarra,-82.58135972,9.4153571,514,915fee25-a19f-41e4-94fb-717c20afc59f,1597153106568,b_ayarza,1610235979925,b_ayarza,SN/SV,No ,No,,No ,SN/SV,SN/SV,,
280,Escuela Finca 41,Bocas del Toro,Changuinola,Changuinola,Bocas del Toro,1168,Si,Si,Compañía Distribuidora,Si,Hibrido de Fibra Coaxial,Dato por verificar,Guillermo Thomas Samudio,-82.51385972,9.47146796,515,cb0d63bb-3385-4fe2-b0d6-d2a2e4126e37,1597153106568,b_ayarza,1610409925565,b_ayarza,Cable Onda ,No ,No,,No ,1,6 Mb ,,
281,Escuela Almirante,Bocas del Toro,Changuinola,Almirante,Bocas del Toro,579,Si,Si,Compañía Distribuidora,Si,Hibrido de Fibra Coaxial,1,Maria Lescano,-82.39476,9.29324,516,1fb91b03-1148-4edb-869e-923ed62080c7,1597153106568,b_ayarza,1610409125761,b_ayarza,Cable Onda ,No ,No,,Si ,1,6 Mb ,,
283,Escuela Quebrada Cacao,Bocas del Toro,Changuinola,Almirante,Bocas del Toro,32,Si,No,Dato por Verificar,No,Sin Internet,1,Dato por Verificar,-82.413631,9.299605,517,4da344b7-ec32-46db-9a71-628800cb2da4,1597153106568,b_ayarza,1610235982456,b_ayarza,SN/SV,No ,Si,,Si ,SN/SV,SN/SV,,
284,Escuela Quebrada Banano,Bocas del Toro,Changuinola,Almirante,Bocas del Toro,65,Si,Si,Panel Solar,No,Sin Internet,2,Dato por Verificar,-82.39413752,9.29341311,518,cc944e56-3d85-43f1-ba5f-7e379e56a7e9,1597153106568,b_ayarza,1610235984864,b_ayarza,SN/SV,No ,No,,Si ,SN/SV,SN/SV,,
285,Escuela Guayacán,Bocas del Toro,Changuinola,Valle Del Risco,Bocas del Toro,189,Si,Si,Panel Solar,No,Sin Internet,3,Dato por Verificar,-82.46774862,9.07285853,519,d2d7e844-82a4-49cc-808a-c5a07cfc9f1a,1597153106568,b_ayarza,1610235986631,b_ayarza,SN/SV,No ,No,,Si ,SN/SV,SN/SV,,
286,Escuela Renacimiento,Bocas del Toro,Changuinola,Valle De Agua Arriba,Bocas del Toro,37,Si,No,Dato por Verificar,No,Sin Internet,Dato por verificar,Dato por Verificar,-82.37663752,9.21452454,520,0a52b7f9-23f6-4f06-83ba-1b56db011e3e,1597153106568,b_ayarza,1610235988202,b_ayarza,SN/SV,No ,No,,Si ,SN/SV,SN/SV,,
287,Escuela Punta Peña de Risco,Bocas del Toro,Changuinola,Valle Del Risco,Bocas del Toro,95,Si,Si,Panel Solar,No,Sin Internet,12,Dato por Verificar,-82.39830412,9.19758021,521,6c635469-bc0e-4574-b4d4-11f7571ded82,1597153106568,b_ayarza,1610235991537,b_ayarza,SN/SV,No ,No,,Si ,SN/SV,SN/SV,,
288,C.E.B.G. Valle Risco,Bocas del Toro,Changuinola,Valle Del Risco,Bocas del Toro,1179,Si,Si,Panel Solar,Si,Satelital,Dato por verificar,Roberto Miranda,-82.42885972,9.22952448,522,1e9c3525-6012-4294-b0f1-fa9b338f2def,1597153106568,b_ayarza,1610409165260,b_ayarza,Cable Onda ,No ,No,,Si ,2,2.0 Mb ,,
289,Escuela Valle de Agua Arriba,Bocas del Toro,Changuinola,Valle De Agua Arriba,Bocas del Toro,238,Si,Si,Panel Solar,No,Sin Internet,Dato por verificar,Maleny Ortiz,-82.37913752,9.24396892,523,194d959f-a1fb-456a-9ed3-eab6282b1f25,1597153106568,b_ayarza,1610235993120,b_ayarza,SN/SV,No ,Si,,Si ,SN/SV,SN/SV,,
291,Colegio Secundario de Almirante,Bocas del Toro,Changuinola,Almirante,Bocas del Toro,1451,Si,Si,Compañía Distribuidora,Si,Fibra Óptica,Dato por verificar,Silvestre Dixon,-82.41135972,9.29785759,524,a6bda1d3-9131-412c-ab92-c75ad342ede5,1597153106568,b_ayarza,1610409190539,b_ayarza,CWP,No ,No,,Si ,3,10 Mb ,,
296,Escuela Cerro Palma,Bocas del Toro,Bocas del Toro,Cauchero,Bocas del Toro,57,Si,Si,Panel Solar,No,Sin Internet,12,Vielka Moreno,-82.38747082,9.08869176,525,cc6ccd9e-1962-4af0-9f2b-b998693ad227,1597153106568,b_ayarza,1610235995770,b_ayarza,SN/SV,No ,No,,Si ,SN/SV,SN/SV,,
297,Escuela Valle de Agua Abajo,Bocas del Toro,Changuinola,Valle De Agua Arriba,Bocas del Toro,17,Si,No,Dato por Verificar,No,Sin Internet,1,Noemi Ticas,-82.36858192,9.23924674,526,dc1cfa20-148e-45c4-a33c-e078adb0be84,1597153106568,b_ayarza,1610235997286,b_ayarza,SN/SV,No ,No,,Si ,SN/SV,SN/SV,,
298,Escuela Valle de Las Perlas,Bocas del Toro,Changuinola,Valle De Agua Arriba,Bocas del Toro,34,Si,Si,Planta Eléctrica Propia,No,Sin Internet,1,Diana Alvarez,-82.39052642,9.25313558,527,7521d272-2a7c-4a5a-9f0e-883a6b35143b,1597153106568,b_ayarza,1610235999718,b_ayarza,SN/SV,No ,No,,Si ,SN/SV,SN/SV,,
299,Escuela Rio Oeste Arriba,Bocas del Toro,Changuinola,Valle De Agua Arriba,Bocas del Toro,214,Si,Si,Planta Eléctrica Propia,No,Sin Internet,1,Juliana Jimenez,-82.41913742,9.26230214,528,66f315c7-5bff-4c73-87cc-98a9518ddf66,1597153106568,b_ayarza,1610236001443,b_ayarza,SN/SV,No ,Si,,Si ,SN/SV,SN/SV,,
300,Escuela Nuevo Paraíso,Bocas del Toro,Changuinola,Almirante,Bocas del Toro,173,Si,Si,Compañía Distribuidora,No,Sin Internet,1,Cilia Trotman,-82.40358192,9.29257982,529,f0d73f51-41b3-473c-b403-a7cdb6ab0c5f,1597153106568,b_ayarza,1610236003084,b_ayarza,SN/SV,No ,No,,Si ,SN/SV,SN/SV,,
301,Escuela Rio Oeste Abajo,Bocas del Toro,Changuinola,Valle De Agua Arriba,Bocas del Toro,60,Si,Si,Planta Eléctrica Propia,No,Sin Internet,1,Hugo Gracia,-82.40497082,9.25313558,530,a889afe7-14cc-48fb-bde6-d11f4fc52f50,1597153106568,b_ayarza,1610236006635,b_ayarza,SN/SV,No ,Si,,Si ,SN/SV,SN/SV,,
302,Escuela Quebrada Pitti,Bocas del Toro,Changuinola,Valle De Agua Arriba,Bocas del Toro,61,Si,No,Dato por Verificar,No,Sin Internet,12,Shanira Miller,-82.34024862,9.19730241,531,e37de76e-33c9-4b23-8628-e4f7316ff00b,1597153106568,b_ayarza,1610236008467,b_ayarza,SN/SV,No ,No,,No ,SN/SV,SN/SV,,
303,Escuela Quebrada  Pueblo,Bocas del Toro,Bocas del Toro,Cauchero,Bocas del Toro,86,Si,Si,Panel Solar,No,Sin Internet,12,Elizabeth Castillo,-82.36469302,9.14396933,532,8f837d6b-c1b9-4d89-b44a-6c50363569a8,1597153106568,b_ayarza,1610236009939,b_ayarza,SN/SV,No ,Si,,Si ,SN/SV,SN/SV,,
305,Escuela Milla 06,Bocas del Toro,Changuinola,La Gloria,Bocas del Toro,87,Si,No,Dato por Verificar,No,Sin Internet,2,Dato por Verificar,-82.42858192,9.34757958,533,cff98447-d959-4c13-93a6-2f10951d291c,1597153106568,b_ayarza,1610236012464,b_ayarza,SN/SV,No ,No,,Si ,SN/SV,SN/SV,,
306,Escuela Miraflores,Bocas del Toro,Changuinola,Almirante,Bocas del Toro,149,Si,Si,Sistema Aislado para el Poblado ,No,Sin Internet,2,Dato por Verificar,-82.43897,9.30679,534,8f5811fc-ebe6-443f-8a05-e6069d3680a7,1597153106568,b_ayarza,1610236014999,b_ayarza,SN/SV,No ,Si,,Si ,SN/SV,SN/SV,,
307,Escuela Nance de Risco,Bocas del Toro,Changuinola,Nance Del Risco,Bocas del Toro,555,Si,Si,Compañía Distribuidora,No,Sin Internet,3,Dato por Verificar,-82.46997082,9.26674662,535,a525c91f-e2df-4d81-bd31-ebaff1c0e67c,1597153106568,b_ayarza,1610236016627,b_ayarza,SN/SV,No ,Si,,Si ,SN/SV,SN/SV,,
308,Escuela Tibite,Bocas del Toro,Changuinola,Almirante,Bocas del Toro,48,Si,Si,Panel Solar,No,Sin Internet,Dato por verificar,Yajaira Dumas,-82.45691532,9.3192464,536,28fe91e3-2171-4c7b-ba8e-5f4fc59566f1,1597153106568,b_ayarza,1610236019673,b_ayarza,SN/SV,No ,No,,Si ,SN/SV,SN/SV,,
309,Escuela Ojo de Agua,Bocas del Toro,Changuinola,Almirante,Bocas del Toro,27,Si,Si,Compañía Distribuidora,No,Sin Internet,Dato por verificar,Hernan Espinoza,-82.457969,9.293852,537,7aaec653-4a27-4899-9e77-dfd95411df91,1597153106568,b_ayarza,1610236020330,b_ayarza,SN/SV,No ,No,,Si ,SN/SV,SN/SV,,
310,Escuela Milla 04,Bocas del Toro,Changuinola,Almirante,Bocas del Toro,84,Si,Si,Planta Eléctrica Propia,No,Sin Internet,2,Wendell Garcia,-82.41635972,9.30619086,538,c1101a7f-f937-4f91-8e4b-353a5c5a4098,1597153106568,b_ayarza,1610236022255,b_ayarza,SN/SV,No ,Si,,Si ,SN/SV,SN/SV,,
311,Escuela Berta López,Bocas del Toro,Changuinola,Almirante,Bocas del Toro,835,Si,Si,Compañía Distribuidora,Si,Hibrido de Fibra Coaxial,1,Denys Omayra Melgar,-82.394736,9.293292,539,bdb055d8-9002-443c-83e2-51843a09a43b,1597153106568,b_ayarza,1610409206055,b_ayarza,Cable Onda ,No ,No,,Si ,1,6 Mb ,,
312,Escuela Boca de Yorkin,Bocas del Toro,Changuinola,Las Delicias,Bocas del Toro,34,Si,No,Dato por Verificar,No,Sin Internet,7,Dato por Verificar,-82.88283,9.56703,540,897451d8-adbe-4df1-87ff-b8d7f5fe7904,1597153106568,b_ayarza,1610236025562,b_ayarza,SN/SV,No ,No,,Si ,SN/SV,SN/SV,,
313,Escuela Barranco Adentro,Bocas del Toro,Changuinola,Las Tablas,Bocas del Toro,949,Si,Si,Compañía Distribuidora,Si,Microondas,7,Hilda Pandiella,-82.72858192,9.53341219,541,54fb8eb8-93d4-4bc6-8fe3-5fa2da1bc6b5,1597153106568,b_ayarza,1610409969054,b_ayarza,CWP,No ,No,,No ,2,10 Mb,,
314,Escuela Deborah,Bocas del Toro,Changuinola,Guabito,Bocas del Toro,213,Si,Si,Compañía Distribuidora,Si,Satelital,Dato por verificar,Osvaldo Gonzalez,-82.59497082,9.51480117,542,ec6ca330-b5c2-4b73-83ed-c2c888fe0676,1597153106568,b_ayarza,1610409285418,b_ayarza,Cable Onda ,No ,No,,Si ,1,1.0 Mb ,,
315,Escuela Alto Dos Caños Anexa,Bocas del Toro,Changuinola,Las Tablas,Bocas del Toro,24,Si,No,Dato por Verificar,No,Sin Internet,7,Itza Moreco C.,-82.77052632,9.55091202,543,cdf4462f-d543-45a1-9a58-1f18aebfccca,1597153106568,b_ayarza,1610236029655,b_ayarza,SN/SV,No ,No,,No ,SN/SV,SN/SV,,
316,Escuela Finca California,Bocas del Toro,Changuinola,Guabito,Bocas del Toro,101,Si,Si,Compañía Distribuidora,No,Sin Internet,6,Dioselina Osiris Vasquez,-82.59024862,9.54007876,544,ad779568-c4e7-4562-8ca9-5dc1b8183972,1597153106568,b_ayarza,1610236035576,b_ayarza,SN/SV,No ,Si,,Si ,SN/SV,SN/SV,,
317,Escuela Finca 54,Bocas del Toro,Changuinola,Guabito,Bocas del Toro,216,Si,Si,Compañía Distribuidora,Si,Fibra Óptica,Dato por verificar,Dato por Verificar,-82.70774862,9.49452336,545,d4e3423c-aa33-4a24-9169-f35601144d7b,1597153106568,b_ayarza,1610409306754,b_ayarza,CWP,No ,No,,Si ,1,10 Mb ,,
320,Escuela Quebrada Canela,Bocas del Toro,Changuinola,Las Tablas,Bocas del Toro,95,Si,No,Dato por Verificar,No,Sin Internet,7,Dato por Verificar,-82.703116,9.496467,546,f1f4251a-c49f-48b9-be56-10913ca21f76,1597153106568,b_ayarza,1610236041481,b_ayarza,SN/SV,No ,No,,No ,SN/SV,SN/SV,,
321,C.E.B.G. Bilingüe Mariano Thomas,Bocas del Toro,Changuinola,Las Tablas,Bocas del Toro,565,Si,Si,Planta Eléctrica de Empresa,Si,Microondas,Dato por verificar,Dato por Verificar,-82.5216603,9.4372819,547,55fd3315-d6a3-487d-b35f-e28fd87f1440,1597153106568,b_ayarza,1610409997133,b_ayarza,CWP,No ,No,,No ,2,4 Mb ,,
322,Escuela Las Palmitas,Bocas del Toro,Changuinola,Las Tablas,Bocas del Toro,38,Si,Si,Panel Solar,No,Sin Internet,7,Magdalena Perez,-82.750615,9.547787,548,8dad05fd-4670-4aa2-9e41-30c46a6a80df,1597153106568,b_ayarza,1610236060389,b_ayarza,SN/SV,No ,No,,Si ,SN/SV,SN/SV,,
323,Escuela Bisira No.3 Anexa Qda. Canela,Bocas del Toro,Changuinola,Las Tablas,Bocas del Toro,69,Si,Si,Planta Eléctrica Propia,No,Sin Internet,Dato por verificar,Dato por Verificar,-82.49858192,9.47563464,549,ed23eead-c461-4473-9b26-0305a48ab473,1597153106568,b_ayarza,1610236062759,b_ayarza,SN/SV,No ,No,,No ,SN/SV,SN/SV,,
518,Escuela Caño Sucio,Comarca Ngabe-Bugle,Kankintú,Guariviara,Comarca Ngäbe-Buglé,128,Si,Si,Panel Solar,No,Sin Internet,4,Desiderio Miranda,-82.01691522,8.84702604,550,ebc11e30-2c0d-46da-931c-0f91f75b438c,1597153106568,b_ayarza,1610236064426,b_ayarza,SN/SV,No ,No,,Si ,SN/SV,SN/SV,,
803,C.E.B.G. El Cristo ,Cocle,Olá,El Copé,Coclé,87,Si,Si,Compañía Distribuidora,Si,Satelital,Dato por verificar,Dato por Verificar,-80.682316,8.438946,551,e952392f-a570-4119-b968-e4afd4f4094c,1597153106568,b_ayarza,1610413722534,b_ayarza,Cable Onda ,No ,No,,Si ,1,1.0 Mb ,,
1437,Escuela La Esperanza,Chiriqui,Barú,Baco,Chiriquí,287,No,Si,Compañía Distribuidora,Si,Fibra Óptica,21,Ricardo Montero obando,-82.78969302,8.40647226,552,633b9669-ae63-4de2-8a15-da04fd27699a,1597153106568,b_ayarza,1610488149992,b_ayarza,CWP,No ,No,,No ,1,10 Mb ,,
362,Escuela Quebrada Pluma,Bocas del Toro,Changuinola,Valle Del Risco,Bocas del Toro,38,Si,Si,Panel Solar,No,Sin Internet,3,Sabina E. Batista,-82.453544,9.177129,553,2db5c557-833f-4a83-99c8-cb7d8068ed77,1597153106568,b_ayarza,1610236067098,b_ayarza,SN/SV,No ,No,,Si ,SN/SV,SN/SV,,
804,C.E.B.G. La Mesa,Cocle,Olá,El Copé,Coclé,21,Si,Si,Panel Solar,No,Sin Internet,6,Maritza Quintero,-80.72635972,8.48813864,554,fc4705f9-996e-4d7e-9630-d1047597dcef,1597153106568,b_ayarza,1610236068678,b_ayarza,SN/SV,No ,No,,Si ,SN/SV,SN/SV,,
519,Escuela Caño Llano,Comarca Ngabe-Bugle,Santa Catalina o Calovebo,Loma Yuca (Ljuicho),Comarca Ngäbe-Buglé,219,Si,Si,Panel Solar,Si,Satelital,Dato por verificar,Casilda Gonzalez,-81.41752,8.71839,555,ea150808-4898-476b-bc66-4d089ce40e70,1597153106568,b_ayarza,1610411769666,b_ayarza,CWP ,Si,No,,Si ,1,10 Mb ,,
1245,Escuela Boca del Congal,Colon,Donoso,El Guásimo,Colón,70,Si,Si,Panel Solar,No,Sin Internet,14,Melivet Caballero,-80.30302632,9.02480312,556,8a095c43-420b-46e3-b9ea-a2ad91bccd69,1597153106568,b_ayarza,1610236070271,b_ayarza,SN/SV,No ,No,,Si,SN/SV,SN/SV,,
805,Escuela Los Machos,Cocle,Olá,El Palmar,Coclé,16,Si,Si,Panel Solar,No,Sin Internet,19,Jose Cedeno,-80.69691522,8.56452715,557,ddbf4692-c41c-4394-93fe-d6804ef2e98d,1597153106568,b_ayarza,1610236071866,b_ayarza,SN/SV,No ,No,,Si ,SN/SV,SN/SV,,
57,Escuela Rodolfo Chiari,Comarca Guna Yala ,Comarca Guna Yala ,Narganá,Comarca Guna Yala ,196,Si,Si,Compañía Distribuidora,Si,Microondas,2,Jorge Escobar,-78.58719302,9.44980135,558,24f08edf-3c8a-4c90-9310-df39b70070ba,1597153106568,b_ayarza,1610241310689,b_ayarza,Digicel ,No ,No ,,Si ,1,10 Mb ,,
59,Escuela Ticantiki,Comarca Guna Yala ,Comarca Guna Yala ,Narganá,Comarca Guna Yala ,157,Si,Si,Panel Solar,No,Sin Internet,2,Edna Gonzalez,-78.48052642,9.42535705,559,6da569d3-6804-4085-8680-9e30ba8d95d5,1597153106568,b_ayarza,1610236073539,b_ayarza,SN/SV,No ,No ,,Si ,SN/SV,SN/SV,,
806,Escuela Las Barretas,Cocle,Olá,El Palmar,Coclé,67,Si,Si,Panel Solar,No,Sin Internet,19,Dato por Verificar,-80.72163752,8.58341598,560,28779f40-49dd-46a8-9c60-f9242cd76f68,1597153106568,b_ayarza,1610236076071,b_ayarza,SN/SV,No ,No,,Si ,SN/SV,SN/SV,,
60,Escuela Soledad Mandinga,Comarca Guna Yala ,Comarca Guna Yala ,Narganá,Comarca Guna Yala ,102,Si,Si,Panel Solar,No,Sin Internet,1,Ebello Martinez,-79.04691522,9.50313452,561,f4014e7c-ea85-4d97-b7f5-ff8d37f8d277,1597153106568,b_ayarza,1610236077618,b_ayarza,SN/SV,No ,No ,,Si ,SN/SV,SN/SV,,
807,C.E.B.G. El Helechar,Cocle,Olá,El Palmar,Coclé,16,Si,Si,Panel Solar,No,Sin Internet,19,Marisol Delgado,-80.70108192,8.59174934,562,082752a0-b009-4e6d-b910-840bee0d155f,1597153106568,b_ayarza,1610236079243,b_ayarza,SN/SV,No ,No,,Si ,SN/SV,SN/SV,,
808,C.E.B.G. El Pedregoso,Cocle,Olá,Olá,Coclé,3,Si,Si,Sistema Aislado para el Poblado ,No,Sin Internet,19,Guillermo Urena,-80.69052642,8.54091624,563,31e7f6e8-4a45-4ab2-b897-cd7109399898,1597153106568,b_ayarza,1610236080882,b_ayarza,SN/SV,No ,No,,Si ,SN/SV,SN/SV,,
65,Escuela Arcadio Martínez,Comarca Guna Yala ,Comarca Guna Yala ,Tubualá,Comarca Guna Yala ,168,Si,Si,Panel Solar,Si,Satelital,4,Issac Dixon,-77.724303,8.92175,564,36c8e543-079c-40c2-babd-18657b616c57,1597153106568,b_ayarza,1610241349397,b_ayarza,Cable Onda ,No ,No ,,Si ,2,2.0 Mb ,,
1246,Escuela Cerro Miguel,Colon,Donoso,El Guásimo,Colón,67,Si,Si,Planta Eléctrica de Empresa,No,Sin Internet,14,Lilibeth Villarreta,-80.27330422,8.96841445,565,bc360ce8-dfa8-4488-afc6-8b32caad4bca,1597153106568,b_ayarza,1610236084274,b_ayarza,SN/SV,No ,No,,Si,SN/SV,SN/SV,,
809,Escuela Zancona,Cocle,Olá,El Palmar,Coclé,29,Si,Si,Panel Solar,No,Sin Internet,19,Dato por Verificar,-80.73552632,8.56980493,566,34d9788e-b650-4828-8780-61dc8ecbffa7,1597153106568,b_ayarza,1610236085883,b_ayarza,SN/SV,No ,No,,Si ,SN/SV,SN/SV,,
1438,Escuela Paso Canoa Abajo,Chiriqui,Barú,El Progreso,Chiriquí,66,No,Si,Compañía Distribuidora,Si,Fibra Óptica,19,Xenia Gonzalez,-82.84080422,8.41813891,567,7eafd749-2ecd-4f62-8460-0f10c99a6229,1597153106568,b_ayarza,1610488153055,b_ayarza,CWP,No ,No,,No ,1,10 Mb ,,
66,Escuela Cuba,Comarca Guna Yala ,Comarca Guna Yala ,Tubualá,Comarca Guna Yala ,62,Si,Si,Panel Solar,No,Sin Internet,4,Mayra Martinez,-77.71969302,8.91563696,568,46372c6f-bf60-462d-be13-13222f6cc6d4,1597153106568,b_ayarza,1610236087446,b_ayarza,SN/SV,No ,No ,,Si ,SN/SV,SN/SV,,
1247,Escuela Nueva Concepción,Colon,Donoso,El Guásimo,Colón,27,Si,Si,Panel Solar,No,Sin Internet,14,Ismael Espinosa,-80.36802642,9.02091434,569,6fd347f8-2e8f-42c6-833f-d3e6cc159ba3,1597153106568,b_ayarza,1610236089026,b_ayarza,SN/SV,No ,No,,Si,SN/SV,SN/SV,,
520,Escuela Filo Verde,Comarca Ngabe-Bugle,Jirondai,Tuwai,Comarca Ngäbe-Buglé,251,Si,Si,Planta Eléctrica de Empresa,Si,Satelital,1,Marta I. Villareal,-82.33385972,9.01508096,570,783f3295-a6f1-4741-aede-196f4d6d3bf6,1597153106568,b_ayarza,1610411770891,b_ayarza,CWP ,Si,No,,Si ,1,10 Mb ,,
366,Escuela Changuinola Arriba,Bocas del Toro,Changuinola,Nance Del Risco,Bocas del Toro,55,Si,Si,Panel Solar,No,Sin Internet,3,Camilo Gimenez,-82.49302632,9.176747,571,de4de9a0-1a47-4137-a702-3233e22afa0e,1597153106568,b_ayarza,1610236090652,b_ayarza,SN/SV,No ,No,,Si ,SN/SV,SN/SV,,
1439,C.E.B.G. Madre Vieja,Chiriqui,Barú,Baco,Chiriquí,29,No,Si,Compañía Distribuidora,No,Sin Internet,21,Felix A. Rodriguez  G.,-82.80964,8.41056,572,0f64f71c-ad5e-43e5-8cd1-3605cb1ff164,1597153106568,b_ayarza,1610236099367,b_ayarza,SN/SV,No ,No,,No ,SN/SV,SN/SV,,
522,Escuela Buena Vista,Comarca Ngabe-Bugle,Jirondai,Tuwai,Comarca Ngäbe-Buglé,62,Si,Si,Panel Solar,No,Sin Internet,1,Doris Caballero,-81.90014073,9.099492378,573,73b2a3ae-a8bd-4fbb-94c9-435ba1cc6cd1,1597153106568,b_ayarza,1610236103286,b_ayarza,SN/SV,No ,No,,Si ,SN/SV,SN/SV,,
1248,Escuela Nuevo San José No.1,Colon,Donoso,El Guásimo,Colón,52,Si,Si,Panel Solar,No,Sin Internet,14,Hindelicia Hernandez,-80.31635972,8.9575812,574,3fb12e59-7500-4d19-ba23-879bc4ca01c2,1597153106568,b_ayarza,1610236104896,b_ayarza,SN/SV,No ,No,,Si,SN/SV,SN/SV,,
67,Escuela Caledonia,Comarca Guna Yala ,Comarca Guna Yala ,Tubualá,Comarca Guna Yala ,219,Si,Si,Panel Solar,No,Sin Internet,4,Mirella Martinez,-77.69496,8.903233,575,6f6808d1-1c07-48fd-a87a-e7613cbc6a1c,1597153106568,b_ayarza,1610236106335,b_ayarza,SN/SV,No ,No ,,Si ,SN/SV,SN/SV,,
810,C.E.B.G.  José María Cruz,Cocle,Olá,El Palmar,Coclé,17,Si,Si,Panel Solar,No,Sin Internet,19,Ilsa Espinoza,-80.67858192,8.58286048,576,e2bc9ceb-ea47-44f6-a5bf-59a098e0a9e1,1597153106568,b_ayarza,1610236112703,b_ayarza,SN/SV,No ,No,,Si ,SN/SV,SN/SV,,
811,C.E.B.G. El Palmar,Cocle,Olá,El Palmar,Coclé,17,Si,Si,Panel Solar,No,Sin Internet,19,Jenny Torres,-80.67330412,8.57536051,577,c00f5e0b-4d3b-4853-8821-63c0518ee933,1597153106568,b_ayarza,1610236114316,b_ayarza,SN/SV,No ,No,,Si ,SN/SV,SN/SV,,
68,Escuela Anachucuna,Comarca Guna Yala ,Comarca Guna Yala ,Tubualá,Comarca Guna Yala ,193,Si,Si,Panel Solar,Si,Satelital,4,Yrelia Lopez,-77.55274862,8.7311932,578,82900db9-417b-4330-a4b2-068b38508f9f,1597153106568,b_ayarza,1610241371992,b_ayarza,Cable Onda ,No ,No ,,Si ,1,2.0 Mb ,,
1440,Centro de Educativo Media de Progreso,Chiriqui,Barú,El Progreso,Chiriquí,0,No,Si,Compañía Distribuidora,Si,Fibra Óptica,Dato por verificar,Dato por Verificar,-82.834729,8.451821,579,8cc56678-417c-48b6-aabc-33ae8956f71b,1597153106568,b_ayarza,1610488227488,b_ayarza,CWP,No ,No,,No ,2,10 Mb ,,
81,Escuela Armila,Comarca Guna Yala ,Comarca Guna Yala ,Tubualá,Comarca Guna Yala ,259,Si,Si,Planta Eléctrica de Empresa,No,Sin Internet,4,Alcides Hernandez,-77.4512,8.6618,580,6eef36c7-7200-4ac0-a064-dea29d1ff378,1597153106568,b_ayarza,1610236116176,b_ayarza,SN/SV,No ,No ,,Si ,SN/SV,SN/SV,,
812,C.E.B.G. La Mesa,Cocle,Olá,El Palmar,Coclé,3,Si,Si,Sistema Aislado para el Poblado ,No,Sin Internet,19,Soledad Gonzalez,-80.66635972,8.55869387,581,b0f87e9c-74b7-41c7-8ce3-6be433721883,1597153106568,b_ayarza,1610236120887,b_ayarza,SN/SV,No ,No,,Si ,SN/SV,SN/SV,,
367,Escuela Charco La Pava,Bocas del Toro,Changuinola,Nance Del Risco,Bocas del Toro,135,Si,Si,Compañía Distribuidora,No,Sin Internet,3,Ricardo Santamaria,-82.49580412,9.23202447,582,899d3f38-e2fc-4b80-be17-ec907a135e98,1597153106568,b_ayarza,1610236122749,b_ayarza,SN/SV,No ,Si,,Si ,SN/SV,SN/SV,,
523,Escuela Quebrada de Garza,Bocas del Toro,Chiriquí Grande ,Punta Robalo,Bocas del Toro,33,Si,Si,Panel Solar,Si,Dato por Verificar ,14,Yaritza Gaitan,-82.29802642,9.11730274,583,d05da79b-61f8-47ff-a3ec-4bf3bd0a8ed9,1597153106568,b_ayarza,1610411790234,b_ayarza,Cable Onda ,No ,No,,Si ,1,10 Mb ,,
1249,Escuela Gobea,Colon,Donoso,Gobea,Colón,63,Si,Si,Compañía Distribuidora,Si,Satelital,15,Cesar De Leon,-80.25373,9.16851,584,7d85270d-b07a-4e75-a96f-1dc0dce0ee82,1597153106568,b_ayarza,1610474026654,b_ayarza,Cable Onda,No ,No,,Si,1,2.0 Mb ,,
813,C.E.B.G. Barranco Colorado Centro,Cocle,Olá,El Picacho,Coclé,18,Si,Si,Compañía Distribuidora,Si,Fibra Óptica,Dato por verificar,Dato por Verificar,-80.63774862,8.38813903,585,a957eab5-98e2-4f4a-9512-4da74e617abd,1597153106568,b_ayarza,1610413753714,b_ayarza,Cable Onda ,No ,No,,Si ,1,10 Mb ,,
1441,C.E.B.G. Paso Canoa Internacional,Chiriqui,Barú,El Progreso,Chiriquí,646,No,Si,Compañía Distribuidora,Si,Fibra Óptica,18,Harmodio De Gracia,-82.838793,8.53739,586,d3dded41-0a4b-44de-9c46-fc1c45383c2b,1597153106568,b_ayarza,1610488228827,b_ayarza,CWP,No ,No,,No ,1,10 Mb ,,
1251,Escuela Caño Mamey ,Colon,Donoso,Gobea,Colón,13,Si,Si,Panel Solar,No,Sin Internet,15,Clistenes Carrion,-80.25080412,9.15035821,587,bf8c6d9a-5be9-441b-a15e-4ce0c8cae8b2,1597153106568,b_ayarza,1610236124703,b_ayarza,SN/SV,No ,No,,Si,SN/SV,SN/SV,,
525,Escuela Los Santos,Comarca Ngabe-Bugle,Jirondai,Tuwai,Comarca Ngäbe-Buglé,187,Si,Si,Panel Solar,No,Sin Internet,1,Edgar Arjona,-82.36691522,8.98896997,588,62652343-eacd-499a-8f30-ff2d826deba3,1597153106568,b_ayarza,1610236126485,b_ayarza,SN/SV,No ,No,,Si ,SN/SV,SN/SV,,
369,Escuela Valle Rey,Bocas del Toro,Changuinola,Valle Del Risco,Bocas del Toro,30,Si,Si,Compañía Distribuidora,No,Sin Internet,3,Karina Jimenez,-82.453276,9.179447,589,8c4c00e0-a142-47db-8659-1b6b97e3be20,1597153106568,b_ayarza,1610236129269,b_ayarza,SN/SV,No ,No,,Si ,SN/SV,SN/SV,,
82,Escuela Carreto,Comarca Guna Yala ,Comarca Guna Yala ,Tubualá,Comarca Guna Yala ,132,Si,Si,Panel Solar,Si,Satelital,4,Arnobis Guardia,-77.58385972,8.77897081,590,fd92ffea-e99a-4991-a363-10182237b006,1597153106568,b_ayarza,1610241401684,b_ayarza,Cable Onda ,No ,No ,,Si ,1,2.0 Mb ,,
1450,Escuela Kilómetro 24,Chiriqui,Barú,Baco,Chiriquí,91,No,Si,Compañía Distribuidora,Si,Fibra Óptica,21,Alcibiades Aguila,-82.81635972,8.32619476,591,38c935c0-b87b-490c-b82d-1650fcf8cb94,1597153106568,b_ayarza,1610488229889,b_ayarza,CWP,No ,No,,No ,1,10 Mb ,,
372,Escuela Siekgin,Bocas del Toro,Changuinola,El Teribe,Bocas del Toro,65,Si,Si,Panel Solar,No,Sin Internet,8,Gonzalo Hooker,-82.66302632,9.39535718,592,bbace25c-8a77-4331-9271-54a0e2eb87cf,1597153106568,b_ayarza,1610236131056,b_ayarza,SN/SV,No ,Si,,Si ,SN/SV,SN/SV,,
526,Escuela Nueva Estrella,Comarca Ngabe-Bugle,Jirondai,Tuwai,Comarca Ngäbe-Buglé,75,Si,Si,Planta Eléctrica de Empresa,No,Sin Internet,1,Lisbeth Pimentel,-82.32114134,9.064923733,593,0d0f65d1-23b5-42fb-8394-abb511926b6b,1597153106568,b_ayarza,1610236133009,b_ayarza,SN/SV,No ,Si ,,Si ,SN/SV,SN/SV,,
1253,Escuela La Andriona,Colon,Donoso,Gobea,Colón,26,Si,Si,Panel Solar,No,Sin Internet,13,Yasmina Garibaldi,-80.21635972,9.10535839,594,984d0a7c-6092-48ec-aa87-319c87cb236a,1597153106568,b_ayarza,1610236136012,b_ayarza,SN/SV,No ,No,,Si,SN/SV,SN/SV,,
814,C.E.B.G. Guiri,Cocle,Olá,La Pava,Coclé,17,Si,Si,Compañía Distribuidora,Si,Fibra Óptica,6,Jose Gonzalez,-80.63247082,8.45508317,595,b9ad8cc6-83d4-4f7f-9ea5-b39ad9719bce,1597153106568,b_ayarza,1610413754652,b_ayarza,CWP,No ,No,,Si ,1,10 Mb ,,
1254,Escuela Rio Indio,Colon,Donoso,Río Indio,Colón,190,Si,Si,Compañía Distribuidora,No,Sin Internet,13,Alberto Berry,-80.19191522,9.19369133,596,e042bedb-df8a-4a8a-bb34-350c3d30d5dc,1597153106568,b_ayarza,1610236137809,b_ayarza,SN/SV,No ,No,,Si,SN/SV,SN/SV,,
815,C.E.B.G.  Los Valles de Ola,Cocle,Olá,La Pava,Coclé,6,Si,No,Dato por Verificar,No,Sin Internet,7,Linet Perez,-80.651296,8.420593,597,34e6f8ca-8686-43df-80e5-cda1306d4948,1597153106568,b_ayarza,1610236139932,b_ayarza,SN/SV,No ,No,,Si ,SN/SV,SN/SV,,
1255,Escuela Las Minas de Donoso,Colon,Donoso,Río Indio,Colón,35,Si,Si,Sistema Aislado para el Poblado ,No,Sin Internet,13,Zenaida Valencia De Salazar,-80.20885972,9.01591426,598,40080328-e7fc-4706-991b-341e430ec3fd,1597153106568,b_ayarza,1610236142699,b_ayarza,SN/SV,No ,No,,Si,SN/SV,SN/SV,,
528,Escuela Mamatata,Comarca Ngabe-Bugle,Kankintú,Piedra Roja,Comarca Ngäbe-Buglé,74,Si,Si,Panel Solar,No,Sin Internet,7,Florentina Pedrol,-81.78012,8.56009,599,c9b17097-0eba-4c4e-a056-30d18c031ddd,1597153106568,b_ayarza,1610236145652,b_ayarza,SN/SV,No ,No,,Si ,SN/SV,SN/SV,,
819,C.E.B.G. Ernesto Osorio Gómez,Cocle,Olá,La Pava,Coclé,126,No,Si,Compañía Distribuidora,Si,Dato por Verificar ,6,Roberto Francisco Vasquez,-80.58997082,8.4461943,600,3c58f85a-5293-40fd-9864-855b31c47cb4,1597153106568,b_ayarza,1610413815601,b_ayarza,Cable Onda ,No ,No,,Si ,1,10 Mb ,,
529,Escuela Caballero Nuto,Comarca Ngabe-Bugle,Kankintú,Mününi,Comarca Ngäbe-Buglé,76,Si,Si,Panel Solar,No,Sin Internet,8,Dato por Verificar,-81.6805312,8.67875233,601,28c4e495-6a5c-4658-a56d-420cc7980de0,1597153106568,b_ayarza,1610236149334,b_ayarza,SN/SV,No ,No,,Si ,SN/SV,SN/SV,,
820,C.E.B.G. Feliciano Pinzón Cristóbal,Cocle,Olá,La Pava,Coclé,118,No,Si,Compañía Distribuidora,Si,Dato por Verificar ,6,Marlene Edith Rodriguez,-80.61385972,8.42980547,602,237da7d7-1411-4e88-8501-883774913617,1597153106568,b_ayarza,1610413816219,b_ayarza,Cable Onda ,No ,No,,Si ,1,10 Mb ,,
530,Escuela Rio Balsa,Comarca Ngabe-Bugle,Kankintú,Piedra Roja,Comarca Ngäbe-Buglé,98,Si,No,Dato por Verificar,No,Sin Internet,7,Ismael Morales Smith,-81.7253331,8.55475109,603,bf153d61-ef85-4547-92ad-b584eb911af6,1597153106568,b_ayarza,1610236152391,b_ayarza,SN/SV,No ,No,,Si ,SN/SV,SN/SV,,
821,C.E.B.G. Sofia Quirós de Tejeira,Cocle,Penonomé,Penonomé,Coclé,474,No,Si,Compañía Distribuidora,Si,Hibrido de Fibra Coaxial,15,Marisol Coronado,-80.36913752,8.51202745,604,92441ecf-ecde-4c7f-a399-8da6c78bb764,1597153106568,b_ayarza,1610413817195,b_ayarza,Cable Onda ,No ,No,,No ,1,6 Mb ,,
532,Escuela Girote,Comarca Ngabe-Bugle,Santa Catalina o Calovebo,Valle Bonito,Comarca Ngäbe-Buglé,112,Si,Si,Panel Solar,Si,Satelital,Dato por verificar,Dato por Verificar,-81.8736742,8.2775065,605,ecba944f-8b7c-4c0a-bb7e-518442ba6d58,1597153106568,b_ayarza,1610411816411,b_ayarza,CWP ,Si,No,,Si ,1,10 Mb,,
534,Escuela El Mango,Comarca Ngabe-Bugle,Santa Catalina o Calovebo,San Pedrito (Jikui),Comarca Ngäbe-Buglé,104,Si,Si,Panel Solar,Si,Satelital,12,Mariabel Pita,-81.54302642,8.80258192,607,653e1f7a-3048-4a3c-800c-0ffe743bb506,1597153106568,b_ayarza,1610411831364,b_ayarza,CWP ,Si,No,,Si ,1,10 Mb,,
823,I.P.T. Leonila P. de Grimaldo,Cocle,Penonomé,Penonomé,Coclé,1407,No,Si,Compañía Distribuidora,Si,Dato por Verificar ,Dato por verificar,Dato por Verificar,-80.34385972,8.51508294,608,5373039f-a15f-4f3d-ad73-6e7c2c5dd596,1597153106568,b_ayarza,1610413807137,b_ayarza,Cable Onda ,No ,No,,No ,2,6 Mb ,,
829,C.E.B.G. Gurbe,Cocle,Penonomé,Río Indio,Coclé,5,Si,Si,Panel Solar,No,Sin Internet,16,Diana Pardo,-80.31552632,8.87785932,609,9c70342f-0aba-45c2-8637-57cc4b4dc44f,1597153106568,b_ayarza,1610236157783,b_ayarza,SN/SV,No ,No,,Si,SN/SV,SN/SV,,
831,C.E.B.G Ana T. de Rodríguez,Cocle,Penonomé,Penonomé,Coclé,20,No,Si,Compañía Distribuidora,Si,Dato por Verificar ,Dato por verificar,Dato por Verificar,-80.35416,8.54684,610,a7415a90-f544-4ba1-bf5f-737aca1972ee,1597153106568,b_ayarza,1610413859968,b_ayarza,Cable Onda ,No ,No,,No ,1,10 Mb ,,
836,Escuela Secundaria Ángel María Herrera,Cocle,Penonomé,Penonomé,Coclé,2430,No,Si,Compañía Distribuidora,Si,Dato por Verificar ,Dato por verificar,Dato por Verificar,-80.354474,8.512278,611,848e08a1-29a8-47c4-9c8e-b732feb39e05,1597153106568,b_ayarza,1610413855884,b_ayarza,Cable Onda ,No ,No,,No ,3,6 Mb ,,
842,C.E.B.G. Lelia Lombardo,Cocle,Penonomé,Penonomé,Coclé,14,No,Si,Compañía Distribuidora,Si,Hibrido de Fibra Coaxial,Dato por verificar,Dato por Verificar,-80.36836493,8.54184603,614,e27d7b86-ad17-4653-b0a0-7370ae228329,1597153106568,b_ayarza,1610413932720,b_ayarza,Cable Onda ,No ,No,,No ,1,6 Mb ,,
843,C.E.B.G. Simeon Conte,Cocle,Penonomé,Penonomé,Coclé,1560,No,Si,Compañía Distribuidora,Si,Hibrido de Fibra Coaxial,12,Herminda A. Gomez C.,-80.35771025,8.51931486,615,2abedb05-8332-4854-a8da-40f490972307,1597153106568,b_ayarza,1610413939058,b_ayarza,Cable Onda ,No ,No,,No ,2,6 Mb ,,
844,C.E.B.G. Federico Zuñiga,Cocle,Penonomé,Penonomé,Coclé,1512,No,Si,Compañía Distribuidora,Si,Hibrido de Fibra Coaxial/Fibra Óptica,Dato por verificar,Dato por Verificar,-80.364937,8.520854,616,cfd8ea3a-f3bd-4197-b9b1-51f8012368cd,1597153106568,b_ayarza,1610413965949,b_ayarza,Cable Onda ,No ,No,,No ,3,2-6 Mb/ 50 Mb ,,
846,C.E.B.G. Clelia F. de Martinez,Cocle,Penonomé,Penonomé,Coclé,518,No,Si,Compañía Distribuidora,Si,Hibrido de Fibra Coaxial,Dato por verificar,Dato por Verificar,-80.35177,8.512732,617,0782c0c7-8bed-4feb-bb2c-9e4ebebbd25e,1597153106568,b_ayarza,1610413968246,b_ayarza,Cable Onda ,No ,No,,No ,2,6 Mb ,,
847,Escuela Rubén Darío Carles,Cocle,Penonomé,Penonomé,Coclé,531,No,Si,Compañía Distribuidora,Si,Hibrido de Fibra Coaxial,14,Gladys Rodriguez,-80.34663742,8.52841629,618,5c908c29-00e0-45cf-b9a7-715aee15e93a,1597153106568,b_ayarza,1610413975341,b_ayarza,Cable Onda ,No ,No,,No ,2,6 Mb ,,
849,C.E.B.G. Vista Hermosa,Cocle,Penonomé,Cañaveral,Coclé,311,No,Si,Compañía Distribuidora,Si,Hibrido de Fibra Coaxial,15,Juana Edith Perez R.,-80.37247082,8.52341621,619,db60314d-6d14-4060-9d80-880db8d96c7d,1597153106568,b_ayarza,1610413977005,b_ayarza,Cable Onda ,No ,No,,No ,1,6 Mb ,,
853,C.E.B.G. María T. de Herrera,Cocle,Penonomé,Cañaveral,Coclé,26,No,Si,Compañía Distribuidora,Si,Fibra Óptica,Dato por verificar,Dato por Verificar,-80.40747082,8.50147189,620,8522f8ba-83b8-4fcd-8c31-3a3dca392b86,1597153106568,b_ayarza,1610413982931,b_ayarza,CWP,No ,No,,No ,1,10 Mb ,,
854,C.E.B.G. Juan Bautista Rosas,Cocle,Penonomé,Cañaveral,Coclé,58,No,Si,Compañía Distribuidora,Si,Fibra Óptica,10,Nedlka Castillo,-80.435532,8.54249,621,5ef16d60-d695-40d7-a94d-0175ed5f87d9,1597153106568,b_ayarza,1610414048055,b_ayarza,CWP,No ,No,,No ,1,10 Mb ,,
855,Escuela Cermeño,Cocle,Penonomé,Cañaveral,Coclé,31,No,Si,Compañía Distribuidora,Si,Hibrido de Fibra Coaxial,9,Teofila Bethancourt,-80.44885972,8.49147193,622,8f400f7f-9309-4a9a-aca2-742881ef622c,1597153106568,b_ayarza,1610414048699,b_ayarza,Cable Onda ,No ,No,,No ,1,6 Mb ,,
1453,Escuela Chuchupate,Chiriqui,Barú,El Progreso,Chiriquí,251,No,Si,Compañía Distribuidora,Si,Microondas,19,Maritza Sanjur,-82.856977,8.433987,623,1bbda12b-c90e-4d15-9429-413460b72510,1597153106568,b_ayarza,1610488230889,b_ayarza,Cable Onda ,No ,No,,No ,1,10 Mb ,,
1256,Escuela El Chilar,Colon,Donoso,Río Indio,Colón,19,Si,Si,Planta Eléctrica Propia/Panel Solar,No,Sin Internet,13,Luis Asprilla,-80.19747082,9.15869157,624,2d6e7119-0f42-46e8-8b20-7020ff396afa,1597153106568,b_ayarza,1610236164416,b_ayarza,SN/SV,No ,No,,Si,SN/SV,SN/SV,,
374,Escuela Cable Via,Bocas del Toro,Changuinola,Empalme,Bocas del Toro,14,Si,No,Dato por Verificar,No,Sin Internet,9,Yilca  Y. Miranda,-82.592183,9.411348,625,f6ae5ee3-5a04-4286-8c7a-09bfea98d0a5,1597153106568,b_ayarza,1610236169290,b_ayarza,SN/SV,No ,No,,Si ,SN/SV,SN/SV,,
83,Escuela Isla Pino,Comarca Guna Yala ,Comarca Guna Yala ,Tubualá,Comarca Guna Yala ,52,Si,Si,Panel Solar,No,Sin Internet,4,Dixon Gonzalez,-79.058908,9.538086,626,a5e7361d-1d74-4a46-8666-8805ac034f2f,1597153106568,b_ayarza,1610236171307,b_ayarza,SN/SV,No ,No ,,Si ,SN/SV,SN/SV,,
857,C.E.B.G. Los Uveros,Cocle,Penonomé,Cañaveral,Coclé,93,No,Si,Compañía Distribuidora,Si,Hibrido de Fibra Coaxial,10,Francisca Soto ,-80.39524852,8.53286067,627,e307fd8c-8567-47bb-aff4-16b6aa8e979e,1597153106568,b_ayarza,1610414050309,b_ayarza,Cable Onda ,No ,No,,No ,1,6 Mb ,,
858,C.E.B.G. Virgilia Gonzalez De Pombo,Cocle,Penonomé,Cañaveral,Coclé,109,No,Si,Compañía Distribuidora,Si,Hibrido de Fibra Coaxial,10,Angela Rodriguez,-80.40639841,8.54447219,628,25801eff-102c-4207-bf81-e04ac73d9ab4,1597153106568,b_ayarza,1610414049420,b_ayarza,Cable Onda ,No ,No,,No ,1,6 Mb ,,
859,Escuela Santos George,Cocle,Penonomé,Cañaveral,Coclé,119,No,Si,Compañía Distribuidora,Si,Hibrido de Fibra Coaxial,Dato por verificar,Dato por Verificar,-80.42969302,8.51813853,629,4e051765-1de2-4482-a2cc-57178764e91b,1597153106568,b_ayarza,1610414051230,b_ayarza,Cable Onda ,No ,No,,No ,1,6 Mb ,,
860,C.E.B.G.  Porfirio Gómez,Cocle,Penonomé,Coclé,Coclé,194,No,Si,Compañía Distribuidora,Si,Hibrido de Fibra Coaxial,9,Pacifico Catrellon,-80.41774862,8.45258318,630,e1f65ffc-9bdc-4a3d-8e26-0cf62bd7052e,1597153106568,b_ayarza,1610414075446,b_ayarza,Cable Onda ,No,No,,No ,1,6 Mb ,,
861,C.E.B.G. Arnulfo Arias Madrid,Cocle,Penonomé,Coclé,Coclé,12,Si,Si,Compañía Distribuidora,No,Sin Internet,9,Maria Luz Pimentel,-80.47080412,8.3689724,631,b5dc74e0-b196-4b8b-a8db-5f1f3f6f1e83,1597153106568,b_ayarza,1610236173978,b_ayarza,SN/SV,No ,No,,No ,SN/SV,SN/SV,,
864,C.E.B.G. Victoriano Lorenzo,Cocle,Penonomé,Coclé,Coclé,91,No,Si,Compañía Distribuidora,Si,Microondas,9,Gerald Godoy ,-80.42830422,8.36452792,632,24ebb058-f8dc-4695-8593-f5d30dd5bfb2,1597153106568,b_ayarza,1610414120493,b_ayarza,Digicel ,No ,No,,No ,1,10 Mb ,,
865,C.E.B.G. Las Guabas,Cocle,Penonomé,Coclé,Coclé,210,No,Si,Compañía Distribuidora,Si,Satelital,9,Betzi Villareal,-80.44663752,8.38952792,633,2aef859c-247d-403f-955b-fa4b3311b615,1597153106568,b_ayarza,1610414121019,b_ayarza,CWP,No ,No,,No ,1,10 Mb ,,
866,C.E.B.G. Marcelino Quirós y Quirós,Cocle,Penonomé,Coclé,Coclé,166,No,Si,Compañía Distribuidora,Si,Fibra Óptica,9,Rosa E. Garcia,-80.41802642,8.46286094,634,747cd495-9198-4674-bee3-d84008435c4b,1597153106568,b_ayarza,1610414125289,b_ayarza,Cable Onda ,No ,No,,No ,1,10 Mb ,,
867,C.E.B.G. Vaquilla,Cocle,Penonomé,Chiguirí Arriba,Coclé,293,No,Si,Compañía Distribuidora,Si,Satelital,8,Raul Gordillo,-80.19635972,8.69536004,635,69d62b57-5120-4ccf-91a7-243174d937a7,1597153106568,b_ayarza,1610414132523,b_ayarza,Cable Onda ,No ,Si,,Si ,1,2.0 Mb ,,
868,C.E.B.G. Rio Indio Arriba,Cocle,Penonomé,Chiguirí Arriba,Coclé,77,Si,Si,Panel Solar,No,Sin Internet,11,Natividad Chiru,-80.15135972,8.78785967,636,4ffb35dd-fec4-4f59-b7eb-dfea50082474,1597153106568,b_ayarza,1610236178033,b_ayarza,SN/SV,No ,No,,Si ,SN/SV,SN/SV,,
869,Escuela Pozo Azul,Cocle,Penonomé,Chiguirí Arriba,Coclé,164,No,Si,Compañía Distribuidora,Si,Satelital,8,Deyanira Jimenez,-80.21024852,8.64369354,637,f7b68969-dd97-45e9-9ce7-8779289f38a8,1597153106568,b_ayarza,1610414156693,b_ayarza,Cable Onda ,No ,No,,Si,1,1.0 Mb ,,
870,C.E.B.G. Loma Grande,Cocle,Penonomé,Chiguirí Arriba,Coclé,52,Si,No,Dato por Verificar,No,Sin Internet,8,Jose A. Carles R. ,-80.190003,8.674679,638,d1f66439-7211-4109-b245-5fb99bfd9758,1597153106568,b_ayarza,1610236180018,b_ayarza,SN/SV,No ,No,,No ,SN/SV,SN/SV,,
871,C.E.B.G. Boca de Las Minas,Cocle,Penonomé,Chiguirí Arriba,Coclé,116,Si,Si,Panel Solar,No,Sin Internet,8,Deivin Yoel Castro,-80.13108192,8.70869329,639,b73b2dc8-e94a-4449-b7a4-62c6dc6f1be8,1597153106568,b_ayarza,1610236182393,b_ayarza,SN/SV,No ,No,,Si ,SN/SV,SN/SV,,
874,Escuela Quebrada Grande,Cocle,Penonomé,Chiguirí Arriba,Coclé,92,Si,Si,Panel Solar,No,Sin Internet,Dato por verificar,Dato por Verificar,-80.17635972,8.77591532,640,55b2499b-9949-42b0-8c70-cfea91ae126e,1597153106568,b_ayarza,1610236188368,b_ayarza,SN/SV,No ,Si,,Si ,SN/SV,SN/SV,,
876,C.E.B.G. Renacimiento de U.,Cocle,Penonomé,Chiguirí Arriba,Coclé,148,Si,Si,Panel Solar,No,Sin Internet,Dato por verificar,Dato por Verificar,-80.14747082,8.74341545,641,6ef02033-8ca4-4754-8ae3-ae154302a284,1597153106568,b_ayarza,1610831941999,b_ayarza,SN/SV,No ,No,,Si  ,SN/SV,SN/SV,,
883,Escuela Chiguiri Centro,Cocle,Penonomé,Chiguirí Arriba,Coclé,19,Si,Si,Panel Solar,No,Sin Internet,11,Marla Itzel Fernandez,-80.22524852,8.69536004,642,ef22fe8b-6d7f-497f-8c4e-90dd29dea0b8,1597153106568,b_ayarza,1610414327011,b_ayarza,SN/SV,No ,No,,Si  ,3,SN/SV,,
884,Centro Educativo Candelario Ovalle,Cocle,Penonomé,Chiguirí Arriba,Coclé,395,Si,Si,Panel Solar,Si,Satelital,11,Jesus Garcia Benitez,-80.182758,8.743254,643,c28aae02-2080-4294-8315-3e95c674c4f9,1597153106568,b_ayarza,1610414327843,b_ayarza,Cable Onda ,No ,No,,Si  ,1,2.0 Mb ,,
885,C.E.B.G. Oajaca,Cocle,Penonomé,Chiguirí Arriba,Coclé,72,No,Si,Compañía Distribuidora,Si,Fibra Óptica,8,Sugeidis Cedeño,-80.20635972,8.63647137,644,a5e3f9f4-2c84-4d71-956f-3e815b0aadbe,1597153106568,b_ayarza,1610414328434,b_ayarza,CWP,No ,No,,Si  ,1,10 Mb ,,
887,C.E.B.G Asunción Chirú,Cocle,Penonomé,Chiguirí Arriba,Coclé,312,No,Si,Panel Solar,Si,Satelital,11,Candelario Mela,-80.22052632,8.72424873,645,5faddc91-012d-48d6-81b5-61b58db47d1f,1597153106568,b_ayarza,1612994214049,b_ayarza,Cable Onda ,No ,No,,Si  ,1,2.0 Mb ,Si ,
888,C.E.B.G San Miguel Arriba,Cocle,Penonomé,Chiguirí Arriba,Coclé,193,Si,Si,Compañía Distribuidora,Si,Satelital,8,Luis Gutierrez,-80.14552632,8.69174885,646,e607f9f3-99ee-4a96-8466-748d5512c3c2,1597153106568,b_ayarza,1610414329726,b_ayarza,Cable Onda ,No ,No,,Si  ,1,2.0 Mb ,,
889,Escuela El Rosario,Cocle,Penonomé,El Coco,Coclé,31,No,Si,Compañía Distribuidora,Si,Fibra Óptica,Dato por verificar,Dato por Verificar,-80.33385962,8.41536102,647,2dea1c6d-0b95-4195-9f77-59b4dbd1511f,1597153106568,b_ayarza,1610414330309,b_ayarza,Cable Onda ,No ,No,,No ,1,10 Mb ,,
893,C.E.B.G. Llano Marin,Cocle,Penonomé,El Coco,Coclé,250,No,Si,Compañía Distribuidora,Si,Fibra Óptica,8,Juan Rodriguez,-80.33219302,8.48924974,648,582c8520-0006-4e2a-a21b-6f23e8f85703,1597153106568,b_ayarza,1610414331096,b_ayarza,Cable Onda ,No ,No,,No ,1,10 Mb ,,
894,C.E.B.G. Aguas Blancas,Cocle,Penonomé,El Coco,Coclé,143,No,Si,Compañía Distribuidora,Si,Microondas,8,Maria Celia Salazar,-80.31274862,8.50508298,649,d44e92d1-7c58-4eb5-a964-6ddfbe9a7e93,1597153106568,b_ayarza,1610414334021,b_ayarza,Cable Onda ,No ,No,,No ,1,10 Mb ,,
895,C.E.B.G. Agua Fria,Cocle,Penonomé,El Coco,Coclé,5,No,Si,Compañía Distribuidora,Si,Satelital,Dato por verificar,Dato por Verificar,-80.34385972,8.4203611,650,1f60cad6-9aa8-4b19-90a7-ee05fbea01e0,1597153106568,b_ayarza,1610414334917,b_ayarza,Cable Onda ,No ,No,,No ,1,2.0 Mb ,,
897,C.E.B.G. Ana Perez de Isaza,Cocle,Penonomé,El Coco,Coclé,107,No,Si,Compañía Distribuidora,Si,Microondas,9,Lorena Gordon,-80.35274862,8.39924998,652,d93adc2d-7144-400c-949c-a35bcaa50a6a,1597153106568,b_ayarza,1610414400029,b_ayarza,Digicel ,No ,No,,No ,1,10 Mb ,,
898,Escuela Jacinta Arosemena de Moran,Cocle,Penonomé,El Coco,Coclé,97,No,Si,Compañía Distribuidora,Si,Fibra Óptica,Dato por verificar,Dato por Verificar,-80.32163752,8.46563873,653,7233109d-7fbe-4d85-97cd-1d4cefde656a,1597153106568,b_ayarza,1610414401029,b_ayarza,CWP ,No ,No,,No ,1,10 Mb ,,
899,C.E.B.G.  Simón Martínez Pérez,Cocle,Penonomé,Pajonal,Coclé,80,No,Si,Compañía Distribuidora,Si,Fibra Óptica,8,Leocadio Sanchez,-80.21441532,8.61897144,654,32fb582b-be53-4ab4-8a10-cf6004b962b1,1597153106568,b_ayarza,1610414401483,b_ayarza,Cable  Onda ,No ,No,,No ,1,10 Mb ,,
900,C.E.B.G. Pajonal Arriba,Cocle,Penonomé,Pajonal,Coclé,18,No,Si,Compañía Distribuidora,Si,Fibra Óptica,8,Julia Liam,-80.23497082,8.60591599,655,a2a89ad7-b31c-4edc-a9a0-c8c8850ee419,1597153106568,b_ayarza,1610414410453,b_ayarza,Cable  Onda ,No ,No,,No ,1,10 Mb ,,
901,Escuela El Aguila,Cocle,Penonomé,Pajonal,Coclé,41,Si,Si,Sistema Aislado para el Poblado ,No,Sin Internet,8,Lisannis Guzman,-80.255562,8.593693,656,fd9d38b5-6601-4fb0-9459-022f1bfcf016,1597153106568,b_ayarza,1610236208089,b_ayarza,SN/SV,No ,No,,No ,SN/SV,SN/SV,,
902,C.E.B.G. Atre,Cocle,Penonomé,Pajonal,Coclé,13,Si,No,Dato por Verificar,No,Sin Internet,8,Dionicio Tejada,-80.23413752,8.66980454,657,f614896f-6c91-42c2-9006-88a39377ff2f,1597153106568,b_ayarza,1610236209263,b_ayarza,SN/SV,No ,No,,No ,SN/SV,SN/SV,,
903,C.E.B.G. El Barrero,Cocle,Penonomé,Pajonal,Coclé,45,No,Si,Compañía Distribuidora,No,Sin Internet,13,Iris Atencio,-80.30580422,8.55841617,658,f2aee0a1-6072-4c6c-8eb8-30d073df550c,1597153106568,b_ayarza,1610236209732,b_ayarza,SN/SV,No ,No,,No ,SN/SV,SN/SV,,
904,Escuela  Celestino del Rosario,Cocle,Penonomé,Pajonal,Coclé,44,No,Si,Compañía Distribuidora,No,Sin Internet,13,Dioselina Bernal,-80.28941532,8.53480506,659,69cb8a16-6f42-4a26-ae13-085b5ff233e9,1597153106568,b_ayarza,1610236210326,b_ayarza,SN/SV,No ,No,,No ,SN/SV,SN/SV,,
905,Escuela  Churuquita Grande,Cocle,Penonomé,Pajonal,Coclé,219,No,Si,Compañía Distribuidora,Si,Satelital,11,olmedo Valdes,-80.27469312,8.59369374,660,fc486028-4501-46d6-b030-b28d1e291bb7,1597153106568,b_ayarza,1610414522812,b_ayarza,Cable Onda ,No ,No,,No ,1,1.0 Mb ,,
906,C.E.B.G. Guabal,Cocle,Penonomé,Pajonal,Coclé,45,No,Si,Compañía Distribuidora,Si,Fibra Óptica,8,Rodrigo Pineda,-80.25497082,8.6278603,661,a786654b-e041-4dd4-9fc7-675ec52c39bd,1597153106568,b_ayarza,1610414532737,b_ayarza,Cable Onda ,No ,No,,No ,1,10 Mb ,,
907,C.E.B.G. Modesto Morán H.,Cocle,Penonomé,Pajonal,Coclé,242,No,Si,Compañía Distribuidora,Si,Fibra Óptica,13,Osvaldo Rodriguez,-80.27774862,8.57258272,662,130fc541-2e45-4fe8-880d-e25d0422e268,1597153106568,b_ayarza,1610414533480,b_ayarza,CWP,No ,No,,No ,1,10 Mb ,,
909,C.E.B.G. José de Los Reyes Vásquez,Cocle,Penonomé,Pajonal,Coclé,222,No,Si,Compañía Distribuidora,Si,Fibra Óptica,8,Horaceo Rodriguez,-80.23635972,8.62674921,663,1e5fa4db-494e-4a4a-a948-dd57aa20f658,1597153106568,b_ayarza,1610414536022,b_ayarza,Cable Onda ,No ,No,,Si ,2,10 Mb ,,
915,C.E.B.G. Francisco Figueroa Herrera,Cocle,Penonomé,Pajonal,Coclé,82,No,Si,Compañía Distribuidora,Si,Fibra Óptica,13,Dalmaris Rodriguez,-80.25635962,8.59369374,664,c6f9261d-26d5-4e16-b7bf-9121f57b4bd7,1597153106568,b_ayarza,1610414536572,b_ayarza,Cable Onda ,No ,No,,No ,1,10 Mb ,,
916,Escuela Sonadora,Cocle,Penonomé,Pajonal,Coclé,84,No,Si,Compañía Distribuidora,Si,Fibra Óptica,13,Nedelka Lara,-80.32913752,8.55313829,665,21095153-c196-4141-9a16-9f6b0b61e4dc,1597153106568,b_ayarza,1610414537210,b_ayarza,Cable Onda ,No ,No,,No ,1,10 Mb ,,
917,C.E.B.G. Santa Cruz,Cocle,Penonomé,Pajonal,Coclé,42,No,Si,Compañía Distribuidora,Si,Fibra Óptica,13,Yesenia Montoya,-80.31469302,8.53702726,666,956e3590-bc26-49d9-925c-c2ea9e29f0a0,1597153106568,b_ayarza,1610414537897,b_ayarza,Cable Onda ,No ,No,,No ,1,10 Mb ,,
918,C.E.B.G. San Juan Bosco ,Cocle,Penonomé,Pajonal,Coclé,68,No,Si,Compañía Distribuidora,Si,Fibra Óptica,Dato por verificar,Dato por Verificar,-80.25247082,8.55786058,667,f04b4090-7c3a-49c0-8491-e9a2fd6d4aa5,1597153106568,b_ayarza,1610414541928,b_ayarza,Cable Onda ,No ,No,,No ,1,10 Mb ,,
919,C.E.B.G.  Monte Grande,Cocle,Penonomé,Pajonal,Coclé,31,No,Si,Compañía Distribuidora,No,Sin Internet,13,Nilsa Marquez,-80.31580412,8.578416,668,c75aba6e-0f92-410c-b0e4-b7990dea5d95,1597153106568,b_ayarza,1610236212367,b_ayarza,SN/SV,No ,No,,No ,SN/SV,SN/SV,,
920,C.E.B.G. La Negrita,Cocle,Penonomé,Pajonal,Coclé,73,No,Si,Compañía Distribuidora,Si,Fibra Óptica,Dato por verificar,Dato por Verificar,-80.29830412,8.57480501,669,841b8d66-da31-4e7e-937e-a766ebf62d9a,1597153106568,b_ayarza,1610414568254,b_ayarza,Cable Onda ,No ,No,,No ,1,10 Mb ,,
921,C.E.B.G. Victor Perez Flores,Cocle,Penonomé,Pajonal,Coclé,234,No,Si,Compañía Distribuidora,Si,Satelital,8,Yamileth Sanchez Rodriguez ,-80.23747082,8.62452702,670,2ac96dff-b1a8-40e4-a55c-b85b19737077,1597153106568,b_ayarza,1610414573540,b_ayarza,Cable Onda ,No ,No,,No ,1,1.0 Mb ,,
922,C.E.B.G. Membrillo,Cocle,Penonomé,Pajonal,Coclé,173,No,Si,Compañía Distribuidora,Si,Satelital,13,Ivan Lopez,-80.22080412,8.58286048,671,25793e01-98d0-470b-b633-587126bd2ccf,1597153106568,b_ayarza,1610414636343,b_ayarza,Cable Onda ,No ,Si,173.0,No ,2,2.0 Mb,,
923,C.E.B.G. José de Gracia Fernández,Cocle,Penonomé,Río Grande,Coclé,87,No,Si,Compañía Distribuidora,Si,Hibrido de Fibra Coaxial,Dato por verificar,Dato por Verificar,-80.48719302,8.42563888,672,f260c1ad-da4b-407c-8aa9-65ed6d8c0215,1597153106568,b_ayarza,1610414636952,b_ayarza,Cable Onda ,No ,No,,No ,1,6 Mb ,,
924,Escuela Victor Manuel Ramos Vega,Cocle,Olá,La Pava,Coclé,147,No,Si,Compañía Distribuidora,Si,Fibra Óptica,9,Eliliana Gonzalez P.,-80.59747082,8.44313872,673,91377978-a4e6-4c6e-a6b2-d1bfd00b9ea6,1597153106568,b_ayarza,1610414637749,b_ayarza,Cable Onda ,No ,No,,No ,1,10 Mb ,,
928,C.E.B.G. Ciruelito,Cocle,Penonomé,Río Grande,Coclé,61,No,Si,Compañía Distribuidora,Si,Fibra Óptica,9,Noemi De Urieta,-80.45135972,8.45702756,674,c5c88f43-bfdb-4644-bca1-4591eb0bcce0,1597153106568,b_ayarza,1610414639749,b_ayarza,Cable Onda ,No ,No,,No ,1,10 Mb ,,
929,C.E.B.G. Garicin,Cocle,Penonomé,Río Grande,Coclé,5,No,Si,Compañía Distribuidora,Si,Fibra Óptica,Dato por verificar,Dato por Verificar,-80.45441522,8.43813884,675,85603c09-d793-463e-9510-45639d0f41db,1597153106568,b_ayarza,1610414640519,b_ayarza,Cable Onda ,No ,No,,No ,1,10 Mb ,,
930,C.E.B.G. Zenón Magallón,Cocle,Penonomé,Río Indio,Coclé,49,Si,Si,Planta Eléctrica Propia,No,Sin Internet,16,Alvaro Madrid,-80.26719302,8.89897033,676,2846f5cf-aa8e-4ed2-8bbd-6bd974e8a450,1597153106568,b_ayarza,1610236214446,b_ayarza,SN/SV,No ,No,,Si,SN/SV,SN/SV,,
535,Escuela Chelele,Comarca Ngabe-Bugle,Santa Catalina o Calovebo,San Pedrito (Jikui),Comarca Ngäbe-Buglé,32,Si,No,Dato por Verificar,No,Sin Internet,Dato por verificar,Hector Murillo,-81.42663742,8.79341515,677,009d1066-79c2-4a80-90fc-51855d4c5798,1597153106568,b_ayarza,1610236223666,b_ayarza,SN/SV,No ,No,,Si ,SN/SV,SN/SV,,
536,Escuela Sulidu,Comarca Ngabe-Bugle,Kusapín,Rio Chiriquí,Comarca Ngäbe-Buglé,34,Si,No,Dato por Verificar,No,Sin Internet,12,Benigno Palacio,-81.61830422,8.63174909,678,e7a8d699-9af3-4235-8aea-0a6c567e6568,1597153106568,b_ayarza,1610236224229,b_ayarza,SN/SV,No ,No,,Si ,SN/SV,SN/SV,,
537,Escuela Rio Diablo,Comarca Ngabe-Bugle,Kusapín,Canaveral ,Comarca Ngäbe-Buglé,45,Si,Si,Panel Solar,No,Sin Internet,11,Dato por Verificar,-81.73274862,9.03396978,679,4c8bcb85-d449-4af3-a8a9-9f6d88e0923c,1597153106568,b_ayarza,1610236224749,b_ayarza,SN/SV,No ,No,,Si ,SN/SV,SN/SV,,
539,Escuela Rio Cedro,Comarca Ngabe-Bugle,Kusapín,Río Chiriquí,Comarca Ngäbe-Buglé,53,Si,No,Dato por Verificar,No,Sin Internet,12,Silverio Miranda,-81.56774,8.74851,680,46bf341e-6ee4-47d0-ab63-108be535557e,1597153106568,b_ayarza,1610236225385,b_ayarza,SN/SV,No ,No,,Si ,SN/SV,SN/SV,,
541,Escuela Punta Valiente,Comarca Ngabe-Bugle,Kusapín,Kusapín,Comarca Ngäbe-Buglé,43,Si,Si,Panel Solar,No,Sin Internet,Dato por verificar,Mirla Quintero ,-81.91302642,9.17869139,681,c35f2db5-d276-427f-965c-2e2f43fd1902,1597153106568,b_ayarza,1610236227557,b_ayarza,SN/SV,No ,No,,Si ,SN/SV,SN/SV,,
542,Escuela Kenany,Comarca Ngabe-Bugle,Kankintú,Bisira (Cabecera),Comarca Ngäbe-Buglé,121,Si,Si,Planta Eléctrica de Empresa,No,Sin Internet,9,Masiel Amores,-81.77969302,8.95008123,682,e15de018-8a54-4365-a234-d6ca03c595b1,1597153106568,b_ayarza,1610236238604,b_ayarza,SN/SV,No ,No,,Si ,SN/SV,SN/SV,,
545,C.E.B.G. Abelardo Herrera,Cocle,Aguadulce,Barrios Unidos,Coclé,974,No,Si,Compañía Distribuidora,Si,Hibrido de Fibra Coaxial,2,Dato por Verificar,-80.539853,8.237081,683,c40dcb42-7094-4dc9-8bde-ed9f9922abc3,1597153106568,b_ayarza,1610411859019,b_ayarza,Cable Onda,No ,No,,No ,1,6 Mb ,,
546,C.E.B.G. Paula F. de Jiménez,Cocle,Aguadulce,Pocrí,Coclé,14,No,Si,Compañía Distribuidora,Si,ADSL,2,Dato por Verificar,-80.561154,8.256761,684,038e8396-507d-46ef-8cad-cd69f4139fcb,1597153106568,b_ayarza,1610411863319,b_ayarza,CWP ,No ,No,,No ,1,6 Mb ,,
550,Colegio Rodolfo Chiari,Cocle,Aguadulce,Aguadulce,Coclé,1834,No,Si,Compañía Distribuidora,Si,Hibrido de Fibra Coaxial,Dato por verificar,Jose Ferri,-80.54941522,8.24147288,686,78ec3c96-dbe8-4626-b98a-1bf2f016f2a5,1597153106568,b_ayarza,1610411888803,b_ayarza,Cable Onda,No ,No,,No ,4,6 Mb ,,
1454,Escuela San Valentín,Chiriqui,Barú,Baco,Chiriquí,295,No,Si,Compañía Distribuidora,Si,Fibra Óptica,21,Leydiana Rojas,-82.56830412,8.50313859,687,ac277811-74f4-4c60-bb0e-8639e012c0ed,1597153106568,b_ayarza,1610488233856,b_ayarza,CWP,No ,No,,No ,1,10 Mb ,,
554,I.P.T. Industrial Aguadulce,Cocle,Aguadulce,Aguadulce,Coclé,876,No,Si,Compañía Distribuidora,Si,Hibrido de Fibra Coaxial,Dato por verificar,Marlenia Aguilar Martinez,-80.52997082,8.24397287,690,4dfa8506-2913-4d53-8015-78dd3b790181,1597153106568,b_ayarza,1610411966746,b_ayarza,Cable Onda ,No ,No,,No ,4,6 Mb ,,
1455,Escuela Teca,Chiriqui,Barú,Baco,Chiriquí,95,No,Si,Compañía Distribuidora,Si,Microondas,21,Damarys otero,-82.76714,8.3626,691,b82ce9f8-c0e1-43c5-b82a-555c883fbe39,1597153106568,b_ayarza,1610488237801,b_ayarza,Digicel ,No ,No,,No ,1,4 Mb ,,
558,Escuela Alejandro Tapia,Cocle,Aguadulce,Aguadulce,Coclé,902,No,Si,Planta Eléctrica de Empresa,Si,Hibrido de Fibra Coaxial,2,Jackeline Urriola,-80.540034,8.24709,692,1832c9e3-47d2-4dbb-98f7-d5afe9b33c12,1597153106568,b_ayarza,1610411968135,b_ayarza,Cable Onda ,No ,No,,No ,2,6 Mb ,,
1456,Escuela Progreso,Chiriqui,Barú,El Progreso,Chiriquí,495,No,Si,Compañía Distribuidora,Si,Fibra Óptica,19,Georgina Rivera,-82.834896,8.453067,693,e80b69d3-b0bb-4f9a-aa45-3ae0c434f3e2,1597153106568,b_ayarza,1610488245184,b_ayarza,CWP,No ,No,,No ,1,10 Mb ,,
85,Escuela Mansucum,Comarca Guna Yala ,Comarca Guna Yala ,Tubualá,Comarca Guna Yala ,107,Si,Si,Panel Solar,No,Sin Internet,4,Edelio Perez Morris,-77.80154,9.02264,694,afb35261-f434-4ecd-b2de-ce53b8cd334c,1597153106568,b_ayarza,1610236241418,b_ayarza,SN/SV,No ,No ,,Si ,SN/SV,SN/SV,,
1458,Escuela Paso Canoa Arriba,Chiriqui,Barú,El Progreso,Chiriquí,128,No,Si,Compañía Distribuidora,Si,Microondas,18,Martir Chavarria ,-82.82885972,8.55619398,695,754eb108-9339-47ff-917d-27ecfa2ffed1,1597153106568,b_ayarza,1610488672450,b_ayarza,CWP,No ,No,,No ,1,10 Mb ,,
1258,I.P.T. Gil Betegón Martínez,Colon,Donoso,Río Indio,Colón,362,No,Si,Compañía Distribuidora,Si,Fibra Óptica,1,Albero Berry,-80.19191522,9.19396913,696,950745f9-2ed1-45e6-9174-d945199ba2dd,1597153106568,b_ayarza,1610478497137,b_ayarza,Cable Onda,No ,No,,Si,1,10 Mb ,,
1459,Escuela Cuervito,Chiriqui,Barú,El Progreso,Chiriquí,152,No,Si,Compañía Distribuidora,Si,Fibra Óptica,19,Maritza Miranda,-82.84202892,8.46541435,697,c0d74799-fc08-4239-8eff-0b0ed7dd5fda,1597153106568,b_ayarza,1610488675995,b_ayarza,CWP,No ,No,,No ,1,10 Mb ,,
1460,Escuela Colorado Kilometro 32,Chiriqui,Barú,El Progreso,Chiriquí,170,No,Si,Compañía Distribuidora,Si,Microondas,21,Sebastian Concepcion,-82.839861,8.417477,698,2762f181-58db-4188-b866-34bc60cc788a,1597153106568,b_ayarza,1610488676874,b_ayarza,Cable Onda ,No ,No,,No ,1,10 Mb ,,
1461,Escuela Berba,Chiriqui,Barú,Baco,Chiriquí,116,No,Si,Compañía Distribuidora,Si,Microondas,21,Idalides Rivera,-82.82081,8.38638,699,5f440905-9f22-4130-abb0-0674630dd50f,1597153106568,b_ayarza,1610488678228,b_ayarza,Cable Onda ,No ,No,,No ,1,10 Mb ,,
1462,Escuela Cipres,Chiriqui,Barú,Baco,Chiriquí,186,No,Si,Planta Eléctrica de Empresa,Si,Microondas,21,Velckys C. De Santamaria,-82.762311,8.330159,700,1926d86d-049d-4e42-969c-39a1851154ff,1597153106568,b_ayarza,1610488679901,b_ayarza,Cable Onda ,No ,No,,No ,1,10 Mb ,,
1463,Escuela Colorado Centro,Chiriqui,Barú,El Progreso,Chiriquí,57,No,Si,Compañía Distribuidora,Si,Fibra Óptica,21,Yajaira Lisbeth Sanjur Alvarez,-82.827713,8.422221,701,30d36079-a736-443b-bef4-f382654f1dc1,1597153106568,b_ayarza,1610488680938,b_ayarza,CWP,No ,No,,No ,1,10 Mb ,,
1465,Escuela Manaca Civil,Chiriqui,Barú,Rodolfo Aguilar Delgado,Chiriquí,235,No,Si,Compañía Distribuidora,Si,Fibra Óptica,23,Abdulia Jordan,-82.817837,8.325853,702,6042e847-5906-44bd-8de0-6da01936e06c,1597153106568,b_ayarza,1610488682217,b_ayarza,CWP,No ,No,,Si ,1,10 Mb ,,
1466,Escuela Burica Centro,Chiriqui,Barú,Rodolfo Aguilar Delgado,Chiriquí,289,No,Si,Compañía Distribuidora,Si,Microondas,20,Leonicio Pineda,-82.903075,8.391161,703,504866d7-fda8-4c6a-be4c-988428281a22,1597153106568,b_ayarza,1610488696434,b_ayarza,CWP,No ,No,,Si ,1,10 Mb ,,
1474,Escuela Antonio Ríos Saavedra,Chiriqui,Boquerón,Boquerón,Chiriquí,500,No,Si,Compañía Distribuidora,Si,Hibrido de Fibra Coaxial,10,Miriam M. Sanjur,-82.56830412,8.50313859,704,2ddbabf0-b664-4d47-b8a2-fcf1fed8a883,1597153106568,b_ayarza,1610488758359,b_ayarza,Cable Onda ,No ,No,,No ,1,10 Mb ,,
1475,Escuela Secundaria El Macano,Chiriqui,Boquerón,Boquerón,Chiriquí,594,No,Si,Compañía Distribuidora,Si,Microondas,Dato por verificar,Dato por Verificar,-82.571573,8.571129,705,7beb544b-62f1-4832-bc32-7c28756e376d,1597153106568,b_ayarza,1610488761390,b_ayarza,Cable Onda ,No ,No,,No ,3,10 Mb ,,
1476,Escuela La Meseta,Chiriqui,Boquerón,Boquerón,Chiriquí,103,No,Si,Compañía Distribuidora,Si,Fibra Óptica,10,Ana Rosa Pierce,-82.59458,8.55401,706,15f8143e-6045-475c-bd1c-1343c980555a,1597153106568,b_ayarza,1610488764377,b_ayarza,CWP,No ,No,,No ,1,10 Mb ,,
1480,Escuela Macano,Chiriqui,Boquerón,Boquerón,Chiriquí,168,No,Si,Compañía Distribuidora,Si,Fibra Óptica,10,Joksana Mojica,-82.57158,8.57176,707,57592212-5385-4daf-9e7e-ef43db6f5a82,1597153106568,b_ayarza,1610488765146,b_ayarza,CWP,No ,No,,No ,1,10 Mb ,,
1481,Escuela Ojo de Agua,Chiriqui,Boquerón,Bágala,Chiriquí,30,Si,Si,Compañía Distribuidora,Si,Fibra Óptica,10,Cesar A. Justavino,-82.53941522,8.49230523,708,1b2141ac-6f3e-4cb1-85f4-92814b587bb7,1597153106568,b_ayarza,1610488765842,b_ayarza,CWP,No ,No,,No ,1,10 Mb ,,
1482,Escuela Cerro Colorado,Chiriqui,Boquerón,Bágala,Chiriquí,19,Si,Si,Compañía Distribuidora,Si,Fibra Óptica,10,Leonel Caballero,-82.53552642,8.50924966,709,1bdb99ed-5aab-42a0-acc1-89636f5eb20d,1597153106568,b_ayarza,1610488771052,b_ayarza,CWP,No ,No,,No ,1,10 Mb ,,
1483,Escuela Cerro Cabuya,Chiriqui,Boquerón,Bágala,Chiriquí,96,No,Si,Compañía Distribuidora,Si,Fibra Óptica,10,Denip L. Candanedo,-82.54858192,8.54508283,710,f43b8aac-ed2b-4d46-8bcf-aa87a1ae41cb,1597153106568,b_ayarza,1610488791428,b_ayarza,Cable Onda ,No ,No,,No ,1,10 Mb ,,
1485,Escuela Miguel P. Sanchez,Chiriqui,Boquerón,Bágala,Chiriquí,170,No,Si,Compañía Distribuidora,No,Sin Internet,10,Ilka L. De Aparicio,-82.52774852,8.46758312,711,865aa5a3-7eec-4a0b-b819-773998250ec7,1597153106568,b_ayarza,1610236242728,b_ayarza,SN/SV,No ,Si,,No ,SN/SV,SN/SV,,
1486,Escuela La Cordillera,Chiriqui,Boquerón,Cordillera,Chiriquí,48,No,Si,Compañía Distribuidora,Si,Fibra Óptica,11,Mary Morales,-82.60358192,8.71563776,712,98dc0f9f-f38b-4c5c-aebf-8c6f4a0bbfeb,1597153106568,b_ayarza,1610488874531,b_ayarza,Cable Onda ,No ,No,,No ,1,10 Mb ,,
375,Escuela Bahía la Ballena,Bocas del Toro,Chiriquí Grande ,Chiriquí Grande (Cabecera),Comarca Ngäbe-Buglé,338,Si,Si,Panel Solar,No,Sin Internet,13,Maria Atencio,-82.07747082,8.92313683,713,af278250-57d2-4620-9a25-60b456ad731b,1597153106568,b_ayarza,1610236244712,b_ayarza,SN/SV,No ,Si,,Si ,SN/SV,SN/SV,,
1487,Escuela Bonilla,Chiriqui,Boquerón,Guabal,Chiriquí,30,No,Si,Compañía Distribuidora,Si,Fibra Óptica,6,Nidia Rojas,-82.53747082,8.60563819,714,b9836f74-e41f-4539-afb1-384caad8379b,1597153106568,b_ayarza,1610488875720,b_ayarza,CWP,No ,No,,No ,1,10 Mb ,,
1489,Escuela Aguacate,Chiriqui,Boquerón,Guabal,Chiriquí,122,No,Si,Compañía Distribuidora,Si,Fibra Óptica,6,Cesar Saldaña C.,-82.54441532,8.63091579,715,1d4c3911-8f22-4ca8-ab50-3678b92f6394,1597153106568,b_ayarza,1610488877342,b_ayarza,CWP,No ,No,,No ,1,10 Mb ,,
1490,Escuela Las Huacas,Chiriqui,Boquerón,Guabal,Chiriquí,12,No,Si,Compañía Distribuidora,Si,Fibra Óptica,10,Monica Del C. Chang,-82.55441522,8.56730494,716,cd324504-3dd0-42e1-8d25-664e508c18ea,1597153106568,b_ayarza,1610488876530,b_ayarza,CWP,No ,No,,No ,1,10 Mb ,,
1491,Escuela Guabal,Chiriqui,Boquerón,Guabal,Chiriquí,14,No,Si,Compañía Distribuidora,Si,Fibra Óptica,6,Marquela Olivero G.,-82.53774862,8.59147155,717,8dfaad82-37b4-4bf0-822d-1cd612e371df,1597153106568,b_ayarza,1610488878125,b_ayarza,CWP,No ,No,,No ,1,10 Mb ,,
1492,Escuela Bocalatun,Chiriqui,Boquerón,Guayabal,Chiriquí,172,No,Si,Compañía Distribuidora,Si,Microondas,10,Iris G. De Sarmiento,-82.58497082,8.59313824,718,9f4c382b-c5b7-4938-8fe7-7f00acfdfe3d,1597153106568,b_ayarza,1610488878733,b_ayarza,Cable Onda ,No ,No,,No ,1,10 Mb ,,
1493,Escuela Macano Arriba,Chiriqui,Boquerón,Guayabal,Chiriquí,19,Si,Si,Compañía Distribuidora,Si,Fibra Óptica,10,Dato por Verificar,-82.57274852,8.59536043,719,51b46dc9-7459-403e-93ab-717fc4d382b1,1597153106568,b_ayarza,1610488880058,b_ayarza,CWP,No ,No,,No ,1,10 Mb ,,
1494,Escuela Guayabal,Chiriqui,Boquerón,Guayabal,Chiriquí,13,No,Si,Compañía Distribuidora,Si,Fibra Óptica,10,Anabela C. De De Leon,-82.58135972,8.61286036,720,586e2024-1a9f-41db-9e8a-d050610e3ad5,1597153106568,b_ayarza,1610488881396,b_ayarza,CWP,No ,No,,No ,1,10 Mb ,,
1497,Escuela Santa Rita,Chiriqui,Boquerón,Guayabal,Chiriquí,58,No,Si,Compañía Distribuidora,Si,Fibra Óptica,6,Eladio Adames,-82.56052642,8.65869348,721,b69c4d27-2b73-4c9a-9592-51ac479ac200,1597153106568,b_ayarza,1610488959880,b_ayarza,CWP ,No ,No,,No ,1,10 Mb ,,
1498,Escuela Paraíso,Chiriqui,Boquerón,Paraiso,Chiriquí,43,Si,Si,Compañía Distribuidora,Si,Microondas,11,Beatriz Hernandez,-82.59080422,8.66452686,722,d4de7503-2420-40bf-8cee-14ed2b2ad2db,1597153106568,b_ayarza,1610488963798,b_ayarza,Cable Onda ,No ,No,,No ,1,10 Mb ,,
1499,Escuela La Guinea,Chiriqui,Boquerón,Pedregal,Chiriquí,190,No,Si,Compañía Distribuidora,Si,Fibra Óptica,10,Ruth Del Cid,-82.59191532,8.4992497,723,3170cac6-4a75-4235-9117-72e9db0bdf52,1597153106568,b_ayarza,1610488969423,b_ayarza,CWP ,No ,No,,Si ,1,10 Mb ,,
1500,Escuela Pedregalito,Chiriqui,Boquerón,Pedregal,Chiriquí,36,No,Si,Compañía Distribuidora,Si,Microondas,10,Gilma Atencio,-82.59302642,8.47174981,724,d2449929-b8bf-4167-af54-af82fae58b7f,1597153106568,b_ayarza,1610488974549,b_ayarza,CWP ,No ,No,,Si ,1,4 Mb ,,
1504,Escuela La Victoria,Chiriqui,Boquerón,Pedregal,Chiriquí,150,No,Si,Compañía Distribuidora,Si,Hibrido de Fibra Coaxial,10,Elvis Ortiz,-82.59941522,8.49369422,725,ba617a8e-21da-483d-8c62-2d9a7ef904df,1597153106568,b_ayarza,1610488978726,b_ayarza,Cable Onda ,No ,No,,Si ,1,6 Mb ,,
1505,Escuela Sitio Lazaro,Chiriqui,Boquerón,Tijeras,Chiriquí,8,No,Si,Compañía Distribuidora,Si,Fibra Óptica,10,Julia Carpintero,-82.57830422,8.46702762,726,3286e159-c4b3-4f8d-8dd7-cf2436d19715,1597153106568,b_ayarza,1610488982180,b_ayarza,Cable Onda ,No ,No,,No ,1,10 Mb ,,
1506,Escuela Tijera,Chiriqui,Boquerón,Tijeras,Chiriquí,100,Si,Si,Compañía Distribuidora,Si,Hibrido de Fibra Coaxial,10,Nora A. Fernandez,-82.55524862,8.46674983,727,ef7dbed0-2394-4d6a-b8a7-57aba225ccf0,1597153106568,b_ayarza,1610488986043,b_ayarza,Cable Onda ,No ,No,,No ,1,6 Mb ,,
1508,Escuela Alto Quiel,Chiriqui,Boquete,Los Naranjos,Chiriquí,126,No,Si,Compañía Distribuidora,Si,Satelital,7,Ivette Sanchez,-82.47802632,8.81535957,728,c377a848-05e7-4850-8ecc-6d40df05f5d3,1597153106568,b_ayarza,1610488990571,b_ayarza,Cable Onda ,No ,No,,No ,1,2.0 Mb ,,
1509,Escuela El Francés Arriba,Chiriqui,Boquete,Alto Boquete,Chiriquí,48,No,Si,Compañía Distribuidora,Si,Fibra Óptica,7,Wilbert Cozzarelli,-82.43635972,8.64813803,729,f39daee0-dda0-4e6b-b2f8-6a3c2d856aee,1597153106568,b_ayarza,1610488998361,b_ayarza,Cable Onda ,No ,No,,No ,1,10 Mb ,,
1510,Escuela Jaramillo Abajo,Chiriqui,Boquete,Alto Boquete,Chiriquí,52,No,Si,Compañía Distribuidora,No,Sin Internet,7,Janeth Rovira,-82.419025,8.74945833,730,a943e4f9-34f3-4ef0-a8d6-ed9eeb773a81,1597153106568,b_ayarza,1610236255615,b_ayarza,SN/SV,No ,No,,No ,SN/SV,SN/SV,,
1512,Escuela Jaramillo Arriba,Chiriqui,Boquete,Jaramillo,Chiriquí,86,No,Si,Compañía Distribuidora,Si,Hibrido de Fibra Coaxial,7,Maribel Rivera,-82.42219312,8.78813747,731,29c425fa-20d2-45c6-a3b8-eb874c9fc734,1597153106568,b_ayarza,1610489004912,b_ayarza,Cable Onda ,No ,No,,No ,1,6 Mb ,,
1513,Escuela Palo Alto,Chiriqui,Boquete,Los Naranjos,Chiriquí,116,No,Si,Compañía Distribuidora,Si,Hibrido de Fibra Coaxial,7,Ausberto Torres H.,-82.42830412,8.79674854,732,10432a30-a54a-4db0-ab49-cbee8f7333da,1597153106568,b_ayarza,1610489037910,b_ayarza,Cable Onda ,No ,No,,No ,1,6 Mb ,,
1520,Escuela Secundaria Benigno T. Argote,Chiriqui,Boquete,Alto Boquete,Chiriquí,1023,No,Si,Compañía Distribuidora,Si,Hibrido de Fibra Coaxial,Dato por verificar,Dato por Verificar,-82.43289444,8.74493056,734,0ead161f-0ce7-4bc2-9ebb-844e66d5eb4b,1597153106568,b_ayarza,1610489051505,b_ayarza,Cable Onda ,No ,No,,No ,3,6 Mb ,,
1525,Escuela Alto Jaramillo,Chiriqui,Boquete,Jaramillo,Chiriquí,35,No,Si,Compañía Distribuidora,No,Sin Internet,7,Diovelis Martinez,-82.43274862,8.74508204,735,662c82cf-00c9-48aa-9be7-5b9ffeb9be6e,1597153106568,b_ayarza,1610236257898,b_ayarza,SN/SV,No ,No,,No ,SN/SV,SN/SV,,
1526,Escuela Josefa M. de Vásquez,Chiriqui,Boquete,Bajo Boquete,Chiriquí,767,No,Si,Compañía Distribuidora,Si,Hibrido de Fibra Coaxial/Fibra Óptica,7,Yenis Franco,-82.43385972,8.77702642,736,de20f094-9863-4e8e-82a9-db5d45303fa8,1597153106568,b_ayarza,1610489159458,b_ayarza,Cable Onda ,No ,No,,No ,2,6 Mb/ 10 Mb ,,
1527,Escuela Volcancito,Chiriqui,Boquete,Alto Boquete,Chiriquí,186,No,Si,Compañía Distribuidora,Si,Hibrido de Fibra Coaxial,7,Candelario Pineda,-82.44552632,8.76924855,737,59992c75-fe94-42f5-ad5c-546a41f41841,1597153106568,b_ayarza,1610489160036,b_ayarza,Cable Onda ,No ,No,,No ,1,6 Mb ,,
1528,Escuela El Francés,Chiriqui,Boquete,Alto Boquete,Chiriquí,29,No,Si,Compañía Distribuidora,Si,Fibra Óptica,7,Doriela Soto,-82.42247082,8.61536035,738,251b8aca-2694-4156-ba8a-2a9fe72fd110,1597153106568,b_ayarza,1610489160846,b_ayarza,Cable Onda ,No ,No,,No ,1,10 Mb ,,
1529,Escuela Pueblo Nuevo,Chiriqui,Boquete,Caldera,Chiriquí,8,No,Si,Compañía Distribuidora,Si,Fibra Óptica,7,Marta C. Gonzalez,-82.36830412,8.66147127,739,8d2c091f-1c98-425d-acf0-fcddf8c507db,1597153106568,b_ayarza,1610489161494,b_ayarza,Cable Onda ,No ,No,,No ,1,10 Mb ,,
1531,Escuela Estrella Los Valles,Chiriqui,Boquete,Jaramillo,Chiriquí,52,No,Si,Compañía Distribuidora,Si,Satelital,7,Iris Serrano Batista,-82.38663742,8.73952647,740,3ee611c4-55d0-40b3-a2bd-2b61ce920ca9,1597153106568,b_ayarza,1610489162286,b_ayarza,Cable Onda ,No ,No,,No ,1,2.0 Mb ,,
1532,Escuela Caldera,Chiriqui,Boquete,Caldera,Chiriquí,260,No,Si,Compañía Distribuidora,Si,Microondas,7,Norma Arauz,-82.37913752,8.6536935,741,63686013-35c6-483b-be7b-030457a048c6,1597153106568,b_ayarza,1610489163645,b_ayarza,Cable Onda ,No ,No,,No ,1,10 Mb ,,
1534,Escuela Alto Boquete,Chiriqui,Boquete,Alto Boquete,Chiriquí,358,No,Si,Planta Eléctrica de Empresa,Si,Hibrido de Fibra Coaxial,7,Yolanda Juarez Ortiz,-82.43413742,8.73285989,742,a334fe34-59ec-4c35-996a-e83ee966712b,1597153106568,b_ayarza,1610489166192,b_ayarza,Cable Onda ,No ,No,,No ,1,6 Mb ,,
1535,Escuela Palmira Abajo,Chiriqui,Boquete,Palmira,Chiriquí,51,No,Si,Compañía Distribuidora,No,Sin Internet,7,Agapito Rodriguez,-82.46635962,8.72952661,743,af80c9ef-4873-47c9-8ca0-9434ea0a392c,1597153106568,b_ayarza,1610236258445,b_ayarza,SN/SV,No ,No,,No ,SN/SV,SN/SV,,
1259,C.E.B.G. Caño Del Rey,Colon,Donoso,Miguel De La Borda ,Colón,14,Si,Si,Panel Solar,No,Sin Internet,13,Melida Mares,-80.24997412,9.09853896,744,fc0b2e1b-e121-4578-bedc-d3c6a356103e,1597153106568,b_ayarza,1610236260293,b_ayarza,SN/SV,No ,No,,Si,SN/SV,SN/SV,,
1260,Escuela Jobo Abajo,Colon,Donoso,Río Indio,Colón,49,Si,No,Dato por Verificar,No,Sin Internet,13,Darleny Gonzalez,-80.19497082,9.06035858,745,d10d510a-4f50-4cd7-9ff0-5aaee6e812c4,1597153106568,b_ayarza,1610236259636,b_ayarza,SN/SV,No ,No,,Si,SN/SV,SN/SV,,
1261,Escuela El Papayo,Colon,Donoso,Río Indio,Colón,13,Si,Si,Panel Solar,No,Sin Internet,13,Rosaura Menchaca,-80.22497082,8.9809144,746,8d817c1f-5a0f-4ff3-911c-81e88c3d7f12,1597153106568,b_ayarza,1610236262826,b_ayarza,SN/SV,No ,No,,Si,SN/SV,SN/SV,,
1264,Escuela Canoas de Donoso,Colon,Donoso,San José Del General,Colón,19,Si,Si,Panel Solar,No,Sin Internet,16,Alexis Peralta,-80.56135972,8.87813701,747,a221d294-0b3b-4492-91c8-b0cdf226bf90,1597153106568,b_ayarza,1610236271036,b_ayarza,SN/SV,No ,No,,Si,SN/SV,SN/SV,,
1265,I.P.T.  Coclesito,Colon,Donoso,San José Del General,Colón,517,Si,Si,Compañía Distribuidora,Si,Satelital,6,Ladislao Gracia,-80.55691532,8.81147068,748,778ecdc0-7156-46e4-a320-4d41658399c8,1597153106568,b_ayarza,1610478522924,b_ayarza,Cable Onda,No ,Si,,Si,2,2.0 Mb ,,
1266,Escuela Nazareth,Colon,Donoso,Miguel De La Borda,Colón,12,Si,Si,Panel Solar,No,Sin Internet,15,Maitte Ferguson,-80.32358192,9.12202492,749,450e2f30-2728-4dde-a91c-32bc46c0e0a4,1597153106568,b_ayarza,1610236270380,b_ayarza,SN/SV,No ,No,,Si,SN/SV,SN/SV,,
1267,Escuela El Platanal,Colon,Donoso,Miguel De La Borda,Colón,15,Si,Si,Panel Solar,No,Sin Internet,15,octavisa Guerra,-80.47135972,9.11396946,750,83c9128a-5cdf-4898-9836-ecc640bf1ec5,1597153106568,b_ayarza,1610236272099,b_ayarza,SN/SV,No ,No,,Si,SN/SV,SN/SV,,
1268,Escuela Buenaventura,Colon,Portobelo ,Portobelo,Colón,34,No,Si,Compañía Distribuidora,Si,Satelital,9,Manuela A. De Caicedo,-79.66747082,9.53674548,751,52c8bbb6-ac41-40a0-81d7-48c1d734d9ee,1597153106568,b_ayarza,1610478561912,b_ayarza,Cable Onda,No ,No,,No ,1,10 Mb ,,
1273,Escuela Nuevo Tonosí,Colon,Portobelo ,Portobelo,Colón,18,No,Si,Compañía Distribuidora,Si,Microondas,9,Berta De Cote,-79.62024862,9.55230091,752,b045b0ee-1d8f-4b22-b069-36fb15988aef,1597153106568,b_ayarza,1610478582083,b_ayarza,Digicel ,No ,No,,No ,1,4 Mb ,,
1274,Escuela Rio Piedra,Colon,Portobelo ,Portobelo,Colón,267,No,Si,Compañía Distribuidora,Si,Fibra Óptica,9,Lidia Tesis,-79.72969302,9.4617458,753,4cdb2440-6c77-42ce-abb5-4eedc1afb1b6,1597153106568,b_ayarza,1610478586182,b_ayarza,Cable Onda,No ,No,,No ,1,10 Mb ,,
1275,Escuela Rio Guanche,Colon,Portobelo ,Portobelo,Colón,69,No,Si,Compañía Distribuidora,Si,Satelital,9,Celina Fatima Robles,-79.68691532,9.49869014,754,e6a08a79-9561-4b3a-ab1b-8ef6b7f51dd3,1597153106568,b_ayarza,1610478590695,b_ayarza,Cable Onda,No ,No,,No ,1,10 Mb ,,
1276,Escuela San Antonio,Colon,Portobelo ,Garrote  o Puerto Lindo,Colón,14,No,Si,Compañía Distribuidora,Si,Satelital,10,Erick Perez Pimentel,-79.56135972,9.56535645,755,ee2b39c5-6a6d-4876-87fd-897cf1fbe87b,1597153106568,b_ayarza,1610478591741,b_ayarza,Cable Onda,No ,No,,No ,1,10 Mb ,,
1277,Escuela Garrote,Colon,Portobelo ,Garrote  o Puerto Lindo,Colón,61,No,Si,Planta Eléctrica de Empresa,Si,Satelital,9,Nestor Ramos,-79.58497082,9.60674518,756,0d6a2c27-4871-4f5b-82d7-2d61e2e3fe08,1597153106568,b_ayarza,1610478592632,b_ayarza,Cable Onda,No ,No,,No ,1,10 Mb ,,
1278,C.E.B.G. Jacoba Urriola Solis,Colon,Portobelo ,Portobelo,Colón,388,No,Si,Compañía Distribuidora,Si,Fibra Óptica,9,Raquel Macias,-79.65351,9.55332,757,f1b8a247-9bc4-4036-8752-97439557e9b5,1597153106568,b_ayarza,1610478593402,b_ayarza,Cable Onda,No ,No,,No ,1,10 Mb ,,
1279,Escuela Manuel A. Molinar,Colon,Portobelo ,Cacique,Colón,3,Si,No,Dato por Verificar,No,Sin Internet,9,Nedelka Alveo,-79.61608192,9.61285625,758,a9968fb5-4e62-4e0c-ab38-5d3763c56436,1597153106568,b_ayarza,1610236274304,b_ayarza,SN/SV,No ,No,,No ,SN/SV,SN/SV,,
1280,Escuela Jose Pobre,Colon,Portobelo ,Cacique,Colón,12,No,Si,Compañía Distribuidora,No,Sin Internet,9,Tatiana Martinez De Chifundo,-79.63330412,9.60230069,759,b4966c3e-cfa8-4321-ab67-955bd2f6fddf,1597153106568,b_ayarza,1610236288388,b_ayarza,SN/SV,No ,No,,No ,SN/SV,SN/SV,,
1281,Escuela Isla Grande,Colon,Portobelo ,Isla Grande,Colón,21,Si,Si,Dato por Verificar,Si,Microondas,9,Arisel Lam,-79.56108192,9.63202277,760,dafae033-aee2-4f86-8b77-b4c0eab5a847,1597153106568,b_ayarza,1610478708949,b_ayarza,CWP ,No ,No,,No ,1,4 Mb ,,
1282,Escuela Portolatina C. de Rios,Colon,Portobelo ,Isla Grande,Colón,59,Si,Si,Compañía Distribuidora,Si,Microondas,9,Maria B. De Martinez,-79.56219312,9.62230071,761,4f737ac0-57f5-4d79-b036-37944ccef6e4,1597153106568,b_ayarza,1610478712822,b_ayarza,CWP ,No ,No,,No ,1,10 Mb ,,
1283,Escuela María Chiquita,Colon,Portobelo ,María Chiquita,Colón,301,No,Si,Compañía Distribuidora,Si,Fibra Óptica,9,Lastenia De Martinez,-79.75191532,9.44313478,762,6685c53a-cf2a-42ca-afec-622f63bf6976,1597153106568,b_ayarza,1610478713845,b_ayarza,Cable Onda,No ,No,,No ,1,10 Mb ,,
1285,Escuela Palenque,Colon,Santa Isabel,Palenque,Colón,68,No,Si,Compañía Distribuidora,Si,Microondas,10,Gertrudis Marin,-79.35608192,9.57313412,763,a20229f9-0db6-4663-b4de-e3cdcb116bd5,1597153106568,b_ayarza,1610478714798,b_ayarza,CWP ,No ,No,,Si ,1,10 Mb ,,
1286,Escuela Juana Viuda de Sugaste,Colon,Santa Isabel,Cuango,Colón,106,No,Si,Compañía Distribuidora,Si,Satelital,10,Nilvia Quiroz,-79.31219302,9.56730085,764,029a4414-5f0e-4d8e-ae07-2771a74436ed,1597153106568,b_ayarza,1610478722987,b_ayarza,CWP ,No ,No,,Si ,1,4 Mb ,,
1287,Escuela Miramar,Colon,Santa Isabel,Nombre De Dios,Colón,0,No,Si,Compañía Distribuidora,Si,Satelital,Dato por verificar,Dato por Verificar,-79.33497082,9.57618981,765,2b7cb457-6925-40f8-b112-e4c6484b33fa,1597153106568,b_ayarza,1610478725722,b_ayarza,CWP ,No ,No,,Si ,1,4 Mb ,,
1290,C.E.B.G. José Isabel Herrera,Colon,Santa Isabel,Nombre De Dios,Colón,305,No,Si,Compañía Distribuidora,Si,Satelital,Dato por verificar,Dato por Verificar,-79.47163752,9.58091199,766,7d98d518-a7a0-4abc-93ed-79cfac05f7b5,1597153106568,b_ayarza,1610478731207,b_ayarza,CWP ,No ,No,,Si ,2,10 Mb ,,
1292,Escuela Playa Chiquita,Colon,Santa Isabel,Playa Chiquita,Colón,25,Si,Si,Compañía Distribuidora,Si,Satelital,10,Adalberto Salazar Yap,-79.29108192,9.56591205,768,96dc45a5-ba1b-498b-88bd-a661c32e6fce,1597153106568,b_ayarza,1610478732266,b_ayarza,CWP ,No ,No,,Si ,1,10 Mb ,,
1293,Escuela Ernesto Acosta,Colon,Santa Isabel,Palmira,Colón,72,Si,Si,Compañía Distribuidora,Si,Satelital,10,Azalia Prendas,-79.21858192,9.54480104,769,13e405e7-e8a5-4130-b4f6-dc62098a88b5,1597153106568,b_ayarza,1610478759511,b_ayarza,CWP ,No ,No,,Si ,1,10 Mb ,,
1294,Escuela Simeón Salazar,Colon,Santa Isabel,Santa Isabel,Colón,49,Si,Si,Compañía Distribuidora,Si,Satelital,10,Normelinda Solis,-79.19552642,9.53980096,770,b9e7f8d0-0fa3-4e54-8f37-f56884a995d0,1597153106568,b_ayarza,1610478760085,b_ayarza,CWP ,No ,No,,No ,1,10 Mb ,,
1295,Escuela Heriberto Molinar,Colon,Santa Isabel,Viento Frío,Colón,74,Si,Si,Compañía Distribuidora,Si,Microondas,10,Adriana Aguilar,-79.40580412,9.58230078,771,0b8cb011-9cef-402e-91a2-445713ae04e9,1597153106568,b_ayarza,1610478760966,b_ayarza,CWP ,No ,No,,No ,1,10 Mb ,,
1297,Escuela El Progreso,Colon,Santa Isabel,Palmira,Colón,15,Si,No,Dato por Verificar,No,Sin Internet,10,Yolanda Santos,-79.22624205,9.51807995,773,37909c8d-2edc-4772-98df-12fffab993c1,1597153106568,b_ayarza,1610236293740,b_ayarza,SN/SV,No ,Si,,Si ,SN/SV,SN/SV,,
1298,Escuela Mostrenco,Chiriqui,Alanje,Alanje,Chiriquí,94,No,Si,Compañía Distribuidora,Si,Fibra Óptica,Dato por verificar,Dato por Verificar,-82.57080412,8.39258341,774,45b7e209-8f82-4d21-9ff4-09243491164a,1597153106568,b_ayarza,1610478811201,b_ayarza,CWP ,No ,No,,No,1,10 Mb ,,
1299,Escuela Alanje,Chiriqui,Alanje,Alanje,Chiriquí,362,No,Si,Compañía Distribuidora,Si,Fibra Óptica,Dato por verificar,Dato por Verificar,-82.55608192,8.40313897,775,7e00274a-7073-4b30-a70b-38bdc845cce9,1597153106568,b_ayarza,1610478811867,b_ayarza,CWP ,No ,No,,No,1,10 Mb ,,
1301,Escuela Canta Gallo,Chiriqui,Alanje,Canta Gallo,Chiriquí,131,No,Si,Compañía Distribuidora,Si,Fibra Óptica,Dato por verificar,Dato por Verificar,-82.62135972,8.3675835,776,08e99ff0-d714-4cca-ad13-828e068391d7,1597153106568,b_ayarza,1610478819904,b_ayarza,Cable Onda ,No ,No,,No,1,10 Mb ,,
1304,Escuela Secundaria de Alanje,Chiriqui,Alanje,Alanje,Chiriquí,480,No,Si,Compañía Distribuidora,Si,Microondas,Dato por verificar,Dato por Verificar,-82.55512,8.41192,778,abf4b2a7-0533-455b-8433-de4b338d34f3,1597153106568,b_ayarza,1610479312931,b_ayarza,Cable Onda ,No ,No,,No,3,10 Mb ,,
1306,Escuela Las Mercedes ,Chiriqui,Alanje,Nuevo México,Chiriquí,68,No,Si,Compañía Distribuidora,Si,Fibra Óptica,Dato por verificar,Dato por Verificar,-82.71396055,8.44424959,779,9b758e85-8304-45b6-988c-e21918a224eb,1597153106568,b_ayarza,1610479314097,b_ayarza,CWP,No ,No,,Si ,1,10 Mb ,,
1307,Escuela Los Limones,Chiriqui,Alanje,Divalá,Chiriquí,29,No,Si,Compañía Distribuidora,Si,Fibra Óptica,Dato por verificar,Dato por Verificar,-82.67385972,8.41536102,780,b6b90284-9f8e-4f08-ac4a-7cc790761d2c,1597153106568,b_ayarza,1610479316173,b_ayarza,Cable Onda ,No ,No,,Si ,1,10 Mb ,,
1308,C.E.B.G. Divala,Chiriqui,Alanje,Divalá,Chiriquí,740,No,Si,Compañía Distribuidora,Si,Fibra Óptica,9,Galia G. Gonzalez M.,-82.71552642,8.41341663,781,a86a3bd2-6929-4c71-987e-cd7c51e2e54f,1597153106568,b_ayarza,1610831805312,b_ayarza,CWP,No ,No,,Si ,2,4/ 10 Mb ,,
1310,Escuela Chiriquí Viejo,Chiriqui,Alanje,Nuevo México,Chiriquí,124,Si,Si,Compañía Distribuidora,Si,Satelital,Dato por verificar,Dato por Verificar,-82.71858192,8.35452805,782,0e16a73e-448e-41c9-bd29-e581be3ff3bc,1597153106568,b_ayarza,1610479329676,b_ayarza,Cable Onda ,No ,No,,Si ,2,2.0 Mb ,,
1315,Escuela La Pita,Chiriqui,Alanje,El Tejar,Chiriquí,54,No,Si,Compañía Distribuidora,Si,Fibra Óptica,9,Tomasa Duque,-82.58747082,8.43591664,783,eb8eba9b-343d-4bae-8f15-fb85916050d3,1597153106568,b_ayarza,1610479330740,b_ayarza,Cable Onda ,No ,No,,No,1,10 Mb ,,
1316,Escuela Loma de San Pedro,Chiriqui,Alanje,El Tejar,Chiriquí,36,No,Si,Compañía Distribuidora,Si,Fibra Óptica,Dato por verificar,Dato por Verificar,-82.55135972,8.43147216,784,909738cc-f892-47e5-8ba5-c8ebe5604b96,1597153106568,b_ayarza,1610479331478,b_ayarza,Cable Onda ,No ,No,,No,1,10 Mb ,,
1318,Escuela El Tejar,Chiriqui,Alanje,El Tejar,Chiriquí,92,No,Si,Compañía Distribuidora,Si,Fibra Óptica,Dato por verificar,Dato por Verificar,-82.57441522,8.43536105,785,2ac1373e-0108-43ab-9025-bc85731eea80,1597153106568,b_ayarza,1610479332399,b_ayarza,Cable Onda ,No ,No,,No,1,10 Mb ,,
1319,Escuela Los Pocitos,Chiriqui,Alanje,Guarumal,Chiriquí,41,No,Si,Compañía Distribuidora,Si,Fibra Óptica,Dato por verificar,Dato por Verificar,-82.56997082,8.33175034,786,d3440d21-022c-4346-8f11-651560348ec3,1597153106568,b_ayarza,1610479345455,b_ayarza,CWP,No ,No,,No,1,10 Mb ,,
1321,Escuela Guarumal,Chiriqui,Alanje,Guarumal,Chiriquí,335,No,Si,Compañía Distribuidora,Si,Fibra Óptica,Dato por verificar,Dato por Verificar,-82.53052642,8.35175016,787,d03ee73c-5b84-45df-aa18-c74f84d181b2,1597153106568,b_ayarza,1610479334227,b_ayarza,CWP,No ,No,,No,1,10 Mb ,,
1322,Escuela Guasimo,Chiriqui,Alanje,Guarumal,Chiriquí,38,No,Si,Compañía Distribuidora,No,Sin Internet,Dato por verificar,Dato por Verificar,-82.57358192,8.36008353,788,e4363ddd-d678-446c-8110-58533d2cedba,1597153106568,b_ayarza,1610236296028,b_ayarza,SN/SV,No ,No,,No,SN/SV,SN/SV,,
1324,Escuela Palo Grande,Chiriqui,Alanje,Palo Grande,Chiriquí,18,No,Si,Compañía Distribuidora,Si,Satelital,Dato por verificar,Dato por Verificar,-82.60524852,8.34925027,789,21b69260-341d-4099-bded-76053ee5526a,1597153106568,b_ayarza,1610479401569,b_ayarza,Cable Onda ,No ,No,,No,1,1.0 Mb ,,
1325,Escuela Querevalo,Chiriqui,Alanje,Querevalo,Chiriquí,82,No,Si,Compañía Distribuidora,Si,Hibrido de Fibra Coaxial,Dato por verificar,Dato por Verificar,-82.52330412,8.37452798,790,25c2f1a4-9fd7-4985-88aa-dd98be3cf1aa,1597153106568,b_ayarza,1610479406116,b_ayarza,Cable Onda ,No ,No,,No,1,6 Mb ,,
1327,Escuela Orilla del Rio,Chiriqui,Alanje,Querevalo,Chiriquí,129,No,Si,Compañía Distribuidora,Si,Fibra Óptica,Dato por verificar,Dato por Verificar,-82.50330412,8.36063913,791,582d0dc8-847c-43a0-bcfb-9a7350b3ca4c,1597153106568,b_ayarza,1610479409673,b_ayarza,Cable Onda ,No ,No,,No,1,10 Mb ,,
1328,Escuela San Martin,Chiriqui,Alanje,Santo Tomas,Chiriquí,84,No,Si,Compañía Distribuidora,No,Sin Internet,Dato por verificar,Dato por Verificar,-82.646108,8.449922,792,7d86a82b-e32c-475e-bf33-9505c6a8e1a4,1597153106568,b_ayarza,1610236296624,b_ayarza,SN/SV,No ,No,,No,SN/SV,SN/SV,,
1329,Escuela Santo Tomas,Chiriqui,Alanje,Santo Tomas,Chiriquí,149,No,Si,Compañía Distribuidora,Si,Fibra Óptica,Dato por verificar,Dato por Verificar,-82.64997082,8.39175011,793,37964f6a-fcf3-48e8-928a-3f519080dec0,1597153106568,b_ayarza,1610479500127,b_ayarza,Cable Onda ,No ,No,,No,1,10 Mb ,,
1330,Escuelas Los Angeles,Chiriqui,Barú,Puerto Amuelles,Chiriquí,185,No,Si,Compañía Distribuidora,Si,Fibra Óptica,23,Edwin Guizado,-82.86144724,8.28360562,794,e979f017-5f38-401d-a4a8-ac7f90255338,1597153106568,b_ayarza,1610479500589,b_ayarza,CWP,No ,No,,No,1,10 Mb ,,
1332,Escuela Manaca Norte,Chiriqui,Barú,Rodolfo Aguilar Delgado,Chiriquí,143,No,Si,Compañía Distribuidora,Si,Fibra Óptica,23,Yadira Quintero,-82.80691532,8.33980591,795,d0b6814c-94fd-414e-8441-f2399be1412d,1597153106568,b_ayarza,1610479501181,b_ayarza,CWP,No ,No,,Si ,1,10 Mb ,,
1335,Escuela Majagua,Chiriqui,Barú,Rodolfo Aguilar Delgado,Chiriquí,37,No,Si,Compañía Distribuidora,Si,Fibra Óptica,20,Narcisa Mendoza,-82.88802642,8.35563915,796,8273b273-dab0-49be-989a-ab3515232477,1597153106568,b_ayarza,1610479501978,b_ayarza,CWP,No ,No,,Si ,1,10 Mb ,,
1336,Escuela Higuerón,Chiriqui,Barú,Rodolfo Aguilar Delgado,Chiriquí,81,No,Si,Compañía Distribuidora,Si,Microondas,19,Yamileth Romero,-82.88719302,8.40841665,797,726cc1e5-bde0-4afa-9f4e-1fadddd8ab53,1597153106568,b_ayarza,1610479502728,b_ayarza,Cable Onda ,No ,No,,Si ,1,10 Mb ,,
1339,Escuela Corozo,Chiriqui,Barú,Rodolfo Aguilar Delgado,Chiriquí,79,Si,Si,Compañía Distribuidora,Si,Fibra Óptica,19,Lilia Saenz,-82.92330412,8.22036186,798,b2186bce-326c-4611-80ef-839598ca8502,1597153106568,b_ayarza,1610479503591,b_ayarza,CWP,No ,No,,Si ,1,10 Mb ,,
1340,Escuela Corredor,Chiriqui,Barú,Rodolfo Aguilar Delgado,Chiriquí,55,No,Si,Compañía Distribuidora,Si,Fibra Óptica,20,Federico Santo,-82.93135972,8.41619452,799,5db139be-5469-44e0-8ced-4c4307b6f358,1597153106568,b_ayarza,1610479504563,b_ayarza,Cable Onda ,No ,No,,Si ,1,10 Mb ,,
1344,C.E.B.G. Tres Brazo,Chiriqui,Barú,Puerto Amuelles,Chiriquí,4,Si,Si,Panel Solar,No,Sin Internet,22,Elsy De Gracia,-82.87274862,8.34813918,800,a0a7b9b0-08db-4ea7-af90-fff71994b817,1597153106568,b_ayarza,1610236298852,b_ayarza,SN/SV,No ,No,,No ,SN/SV,SN/SV,,
1346,Escuela La Victoria,Chiriqui,Barú,Rodolfo Aguilar Delgado,Chiriquí,75,Si,Si,Compañía Distribuidora,Si,Fibra Óptica,20,Karen Pineda,-82.95024862,8.40036118,802,24b86abc-4f3d-49df-b95a-66a48d3e5e73,1597153106568,b_ayarza,1610479564233,b_ayarza,CWP,No ,No,,Si ,1,10 Mb ,,
1347,Escuela Finca Zapatero,Chiriqui,Barú,Rodolfo Aguilar Delgado,Chiriquí,103,No,Si,Compañía Distribuidora,Si,Microondas,20,Rosa Vasquez,-82.88885972,8.39619449,803,e14fa0ac-73e9-4d62-a852-86147b0f6d4b,1597153106568,b_ayarza,1610479564729,b_ayarza,Cable Onda ,No ,No,,Si ,1,10 Mb ,,
1348,Escuela Higuito,Chiriqui,Barú,Rodolfo Aguilar Delgado,Chiriquí,49,No,Si,Compañía Distribuidora,Si,Fibra Óptica,20,Idamaris Espinosa,-82.88608192,8.34813918,804,b0ed889b-8706-4015-95c5-13bfcf122f60,1597153106568,b_ayarza,1610479566197,b_ayarza,Cable Onda ,No ,No,,Si ,1,10 Mb ,,
1368,P.C. Corozo,Chiriqui,Barú,Rodolfo Aguilar Delgado,Chiriquí,130,No,Si,Compañía Distribuidora,Si,Fibra Óptica,Dato por verificar,Dato por Verificar,-82.85919722,8.27427222,806,79024290-e25b-44ee-bd37-13314009822a,1597153106568,b_ayarza,1610487286239,b_ayarza,CWP,No ,No,,Si ,1,10 Mb ,,
1369,I.P.T. Barú,Chiriqui,Barú,Rodolfo Aguilar Delgado,Chiriquí,302,No,Si,Compañía Distribuidora,Si,Fibra Óptica,Dato por verificar,Dato por Verificar,-82.813088,8.339388,807,c70759c0-ec64-4a92-8cc5-e983e7630264,1597153106568,b_ayarza,1610487288146,b_ayarza,CWP,No ,No,,Si ,3,10 Mb ,,
1371,Escuela Secundaria Finca Blanco,Chiriqui,Barú,Rodolfo Aguilar Delgado,Chiriquí,641,No,Si,Compañía Distribuidora,Si,Fibra Óptica,Dato por verificar,Dato por Verificar,-82.876552,8.383351,808,c38fa72a-22e3-43a0-9bea-1add45cdedb9,1597153106568,b_ayarza,1610487289506,b_ayarza,CWP,No ,No,,Si ,2,10 Mb ,,
1372,Instituto Puerto Armuelles,Chiriqui,Barú,Puerto Amuelles,Chiriquí,823,No,Si,Compañía Distribuidora,Si,Fibra Óptica,Dato por verificar,Dato por Verificar,-82.84608192,8.30647263,809,96d3c25a-710b-4770-8c4e-efc0ca0f67b5,1597153106568,b_ayarza,1610487291964,b_ayarza,CWP,No ,No,,No ,2,10 Mb ,,
378,Escuela Palmito Anexa Pueblo Nuevo,Comarca Ngabe-Bugle,Jirondai,Büri,Comarca Ngäbe-Buglé,66,Si,No,Dato por Verificar,No,Sin Internet,2,Anyuris Miranda,-82.20701267,8.845063863,810,00ac6190-9e88-4084-ab69-9f9a40faf3ed,1597153106568,b_ayarza,1610236305155,b_ayarza,SN/SV,No ,No,,Si ,SN/SV,SN/SV,,
560,Escuela Ana Polo Tapia,Cocle,Aguadulce,Aguadulce,Coclé,258,No,Si,Compañía Distribuidora,Si,Hibrido de Fibra Coaxial,2,Dato por Verificar,-80.55413752,8.23841729,811,6092700d-ba26-439a-bfa0-769fedd42357,1597153106568,b_ayarza,1610411969435,b_ayarza,Cable Onda ,No ,No,,No ,1,6 Mb ,,
86,Escuela Nabagandi,Comarca Guna Yala ,Comarca Guna Yala ,Tubualá,Comarca Guna Yala ,136,Si,Si,Panel Solar,No,Sin Internet,4,Ligia Jaen,-77.80191532,9.01952544,812,a87aaf56-57d5-422d-9524-dbdb1f18c231,1597153106568,b_ayarza,1610236310784,b_ayarza,SN/SV,No ,No ,,Si ,SN/SV,SN/SV,,
87,Escuela Soledad Miria,Comarca Guna Yala ,Comarca Guna Yala ,Tubualá,Comarca Guna Yala ,234,Si,Si,Panel Solar,Si,Microondas,1,Nelicia Santos,-78.90080422,9.44591247,813,56fa7f49-b73e-4782-9455-1575127c9cdc,1597153106568,b_ayarza,1610241428100,b_ayarza,Digicel ,No ,No ,,Si ,1,10 Mb ,,
88,Escuela Ailitupu,Comarca Guna Yala ,Comarca Guna Yala ,Narganá,Comarca Guna Yala ,0,Si,Si,Panel Solar,No,Sin Internet,1,Rosalia Robid,-79.05774862,9.52257884,814,54c32c06-00cf-486d-868e-960fb6cd030e,1597153106568,b_ayarza,1610236312400,b_ayarza,SN/SV,No ,No ,,Si ,SN/SV,SN/SV,,
89,Escuela Acuatutpu,Comarca Guna Yala ,Comarca Guna Yala ,Narganá,Comarca Guna Yala ,104,Si,Si,Panel Solar,No,Sin Internet,1,Yindira Gonzalez,-78.99969302,9.45841241,815,fc79f8cc-376b-45ff-b888-483482f6f5b6,1597153106568,b_ayarza,1610236315728,b_ayarza,SN/SV,No ,No ,,Si ,SN/SV,SN/SV,,
91,Escuela Rio Gangandi,Comarca Guna Yala ,Comarca Guna Yala ,Narganá,Comarca Guna Yala ,105,Si,Si,Panel Solar,No,Sin Internet,1,Eneristo Robinson,-79.12219302,9.4389681,816,7e475281-b727-4de7-814a-0835a0be4640,1597153106568,b_ayarza,1610236315150,b_ayarza,SN/SV,No ,No ,,Si ,SN/SV,SN/SV,,
92,C.E.B.G. Nibaguiña Cabu,Comarca Guna Yala ,Comarca Guna Yala ,Tubualá,Comarca Guna Yala ,336,Si,Si,Panel Solar,Si,Satelital,4,Irma De Taylor,-77.74885972,8.94591464,817,d9b6c2e3-2d22-4aad-be84-dc76eaf87265,1597153106568,b_ayarza,1610241464185,b_ayarza,Cable Onda ,No ,No ,,Si ,1,2.0 Mb ,,
93,Escuela República de Nicaragua,Bocas del Toro,Bocas del Toro,Bocas Del Toro,Bocas del Toro,1153,Si,Si,Compañía Distribuidora,Si,Hibrido de Fibra Coaxial,10,Dato por Verificar,-82.24247082,9.33952402,818,5b787461-12d5-4562-9cf8-ca0358edfdc9,1597153106568,b_ayarza,1610241468021,b_ayarza,Cable Onda ,No ,No ,,Si ,1,6 Mb ,,
94,Escuela Valle Escondido,Bocas del Toro,Bocas del Toro,Tierra Oscura,Bocas del Toro,67,Si,Si,Panel Solar,No,Sin Internet,Dato por verificar,Dato por Verificar,-82.28747082,9.2723021,819,f471aa32-3ac3-4e89-8ef9-bab7dd231776,1597153106568,b_ayarza,1610236317416,b_ayarza,SN/SV,No ,No ,,Si ,SN/SV,SN/SV,,
95,Escuela San Cristóbal,Bocas del Toro,Bocas del Toro,Tierra Oscura,Bocas del Toro,299,Si,Si,Panel Solar,No,Sin Internet,Dato por verificar,Dato por Verificar,-82.26719312,9.28424655,820,7bf528c2-de17-48d5-88bc-ce366e31ee7b,1597153106568,b_ayarza,1610236319913,b_ayarza,SN/SV,No ,No ,,Si ,SN/SV,SN/SV,,
96,Escuela Loma Partida,Bocas del Toro,Bocas del Toro,Tierra Oscura,Bocas del Toro,96,Si,Si,Panel Solar,No,Sin Internet,Dato por verificar,Dato por Verificar,-82.17135972,9.14896931,821,d5f778a1-026f-4efb-9fb4-f985c7f7a2f1,1597153106568,b_ayarza,1610236322227,b_ayarza,SN/SV,No ,No ,,Si ,SN/SV,SN/SV,,
97,Escuela Cerro Brujo,Bocas del Toro,Bocas del Toro,Tierra Oscura,Bocas del Toro,40,Si,Si,Panel Solar,No,Sin Internet,Dato por verificar,Dato por Verificar,-82.18858202,9.18674686,822,4a2365ec-c755-4d31-9bc7-eff5f8d0871f,1597153106568,b_ayarza,1610236323870,b_ayarza,SN/SV,No ,No ,,Si ,SN/SV,SN/SV,,
98,Escuela Buena Esperanza,Bocas del Toro,Bocas del Toro,Tierra Oscura,Bocas del Toro,42,Si,Si,Panel Solar,No,Sin Internet,Dato por verificar,Dato por Verificar,-82.22552642,9.19313583,823,5356bd44-9d16-4483-bc0d-f15a2c27418f,1597153106568,b_ayarza,1610236325651,b_ayarza,SN/SV,No ,No ,,Si ,SN/SV,SN/SV,,
99,Escuela Boca de Drago,Bocas del Toro,Bocas del Toro,Bocas Del Toro,Bocas del Toro,108,Si,Si,Planta Eléctrica Propia,No,Sin Internet,Dato por verificar,Dato por Verificar,-82.32163752,9.41813479,824,d11f07f7-c866-461e-b062-aa92a45516e1,1597153106568,b_ayarza,1610236327310,b_ayarza,SN/SV,No ,No ,,Si ,SN/SV,SN/SV,,
100,Escuela Bahía Grande,Bocas del Toro,Bocas del Toro,Tierra Oscura,Bocas del Toro,38,Si,No,Dato por Verificar,No,Sin Internet,Dato por verificar,Dato por Verificar,-82.28774862,9.24258002,825,451dee93-4d71-4336-9d5c-609e2587fb31,1597153106568,b_ayarza,1610236335644,b_ayarza,SN/SV,No ,No ,,Si ,SN/SV,SN/SV,,
101,Escuela Bahía Honda,Bocas del Toro,Bocas del Toro,Bastimentos,Bocas del Toro,63,Si,No,Dato por Verificar,No,Sin Internet,Dato por verificar,Cristhian Villarreal,-82.15524852,9.31396863,826,4ff6a01a-57c5-437c-8587-6e46ee75aff9,1597153106568,b_ayarza,1610236338781,b_ayarza,SN/SV,No ,No ,,Si ,SN/SV,SN/SV,,
102,Escuela Quebrada Huaca,Bocas del Toro,Bocas del Toro,Cauchero,Bocas del Toro,1050,Si,No,Dato por Verificar,No,Sin Internet,12,Dato por Verificar,-82.39469302,9.1286917,827,2511dc20-3579-4d55-b6db-743a16d6c8f5,1597153106568,b_ayarza,1610236341950,b_ayarza,SN/SV,No ,No ,,Si ,SN/SV,SN/SV,,
103,Escuela Valle de Guacamaya,Comarca Ngabe-Bugle,Santa Catalina o Calovebo,Valle Bonito,Comarca Ngäbe-Buglé,184,Si,No,Dato por Verificar,No,Sin Internet,Dato por verificar,Marilin Guevara,-81.27302632,8.66174897,828,8f3283cc-fa8e-4a12-b5c7-ab864775331c,1597153106568,b_ayarza,1610236344234,b_ayarza,SN/SV,No ,No ,,Si ,SN/SV,SN/SV,,
104,Escuela Los Higuerones,Bocas del Toro,Bocas del Toro,Cauchero,Bocas del Toro,114,Si,Si,Panel Solar,Si,Dato por Verificar ,12,Paty De Valdes,-82.32580412,9.1514693,829,ffb46e25-405f-40b2-acee-53ed87c7f571,1597153106568,b_ayarza,1610241495500,b_ayarza,Cable Onda ,No ,No ,,Si ,1,10 Mb ,,
105,Escuela Loma Azul,Bocas del Toro,Bocas del Toro,Cauchero,Bocas del Toro,238,Si,Si,Panel Solar,No,Sin Internet,12,Romeliz Hooker,-82.34302642,9.16258036,830,79579a22-d369-44a2-9633-006a0fd2af8d,1597153106568,b_ayarza,1610236348675,b_ayarza,SN/SV,No ,No,,Si ,SN/SV,SN/SV,,
106,Escuela Cayo Paloma,Comarca Ngabe-Bugle,Kusapín,Tobobé,Comarca Ngäbe-Buglé,141,Si,Si,Panel Solar,No,Sin Internet,10,Hilda Ayala C.,-81.84052642,9.13535827,831,ee286ec8-ae3e-4d1e-83d1-7d62c5033ba7,1597153106568,b_ayarza,1610236350813,b_ayarza,SN/SV,No ,No,,Si ,SN/SV,SN/SV,,
107,Escuela Loma Estrella,Bocas del Toro,Changuinola,Valle De Agua Arriba,Bocas del Toro,302,Si,Si,Panel Solar,No,Dato por Verificar ,12,Maria Gutierrez,-82.30108192,9.17841369,832,f295fdad-ddfa-4ff8-93c9-98f75b82975c,1597153106568,b_ayarza,1610236353204,b_ayarza,SN/SV,No ,No,,Si ,SN/SV,SN/SV,,
108,Escuela Cauchero Arriba,Bocas del Toro,Bocas del Toro,Cauchero,Bocas del Toro,55,Si,Si,Panel Solar,No,Sin Internet,12,Dato por Verificar,-82.29552632,9.16952473,833,00e6c6e8-5d99-43b7-b82f-ac31458c0337,1597153106568,b_ayarza,1610236355580,b_ayarza,SN/SV,No ,Si ,,Si ,SN/SV,SN/SV,,
109,Escuela Aguacate,Bocas del Toro,Bocas del Toro,Tierra oscura,Bocas del Toro,27,Si,Si,Planta Eléctrica Propia,No,Sin Internet,Dato por verificar,Joel Mendoza ,-82.22080422,9.16758034,834,414038cb-7e16-4674-9a0b-3491833977f3,1597153106568,b_ayarza,1610236358206,b_ayarza,SN/SV,No ,No,,Si ,SN/SV,SN/SV,,
114,Escuela Jugly,Comarca Ngabe-Bugle,Kusapín,Cañaberal,Comarca Ngäbe-Buglé,138,Si,Si,Panel Solar,No,Sin Internet,11,Dato por Verificar,-81.8736742,8.2775065,835,cc5bbd57-aa93-4355-a053-c937bdee6c9c,1597153106568,b_ayarza,1610236360085,b_ayarza,SN/SV,No ,No,,Si ,SN/SV,SN/SV,,
115,Escuela Luis Flores,Bocas del Toro,Bocas del Toro,Bocas Del Toro,Bocas del Toro,1451,Si,No,Dato por Verificar,No,Sin Internet,Dato por verificar,Anyuri Melendez,-82.24385972,9.39563498,836,40448f86-ff38-4aa9-b890-74bad924fb73,1597153106568,b_ayarza,1610236361768,b_ayarza,SN/SV,No ,No,,Si ,SN/SV,SN/SV,,
116,Escuela Quebrada Platano,Bocas del Toro,Bocas del Toro,Cauchero,Bocas del Toro,60,Si,Si,Panel Solar,No,Sin Internet,12,Dionisio Mendoza,-82.37786,9.120851,837,5b46e6b4-7774-433a-a3b1-6d043f92d554,1597153106568,b_ayarza,1610236363439,b_ayarza,SN/SV,No ,No,,Si ,SN/SV,SN/SV,,
117,Escuela Quebrada Pinzón,Bocas del Toro,Bocas del Toro,Cauchero,Bocas del Toro,190,Si,Si,Panel Solar,No,Sin Internet,12,Dato por Verificar,-82.35997082,9.16146926,838,f1c0f68e-6340-4e30-ada9-87d7b5d31229,1597153106568,b_ayarza,1610236366013,b_ayarza,SN/SV,No ,No,,Si ,SN/SV,SN/SV,,
122,Colegio Rogelio Josue Ibarra,Bocas del Toro,Bocas del Toro,Bocas Del Toro,Bocas del Toro,860,Si,Si,Compañía Distribuidora,Si,Hibrido de Fibra Coaxial,Dato por verificar,Dato por Verificar,-82.24247082,9.34063511,839,ef086793-368e-4c42-9917-5e13949f4c36,1597153106568,b_ayarza,1610241857052,b_ayarza,Cable Onda ,No ,No,,Si ,2,6 Mb ,,
125,Escuela Arcelio Fitzgeral,Bocas del Toro,Bocas del Toro,Cauchero,Bocas del Toro,29,Si,Si,Panel Solar,No,Sin Internet,Dato por verificar,Dato por Verificar,-82.25497082,9.15813598,841,890127ec-2e33-4973-8499-e0877d07b68f,1597153106568,b_ayarza,1610236367561,b_ayarza,SN/SV,No ,No,,Si ,SN/SV,SN/SV,,
126,Escuela Bocatorito,Bocas del Toro,Bocas del Toro,Tierra oscura,Bocas del Toro,33,Si,No,Dato por Verificar,No,Sin Internet,Dato por verificar,Dato por Verificar,-82.25691522,9.24341332,842,0cb5a98e-a568-4d39-9db1-7cf59fe9709a,1597153106568,b_ayarza,1610236370040,b_ayarza,SN/SV,No ,No,,Si ,SN/SV,SN/SV,,
127,Escuela Carenero,Bocas del Toro,Bocas del Toro,Bocas Del Toro,Bocas del Toro,1526,Si,Si,Compañía Distribuidora,Si,Microondas,Dato por verificar,Dato por Verificar,-82.23524862,9.33841292,843,6a4f49a7-4f8d-49ba-b736-7faff58750e3,1597153106568,b_ayarza,1610241897120,b_ayarza,Cable Onda ,No ,No,,Si ,1,10 Mb ,,
128,Escuela Colonia Santeña,Bocas del Toro,Bocas del Toro,Bocas Del Toro,Bocas del Toro,1249,Si,No,Dato por Verificar,No,Sin Internet,Dato por verificar,Dato por Verificar,-82.26997082,9.39507938,844,05a1329b-9c2f-4078-b66e-0b38e846893e,1597153106568,b_ayarza,1610236372822,b_ayarza,SN/SV,No ,No,,Si ,SN/SV,SN/SV,,
130,Escuela Tierra Oscura,Bocas del Toro,Bocas del Toro,Tierra Oscura,Bocas del Toro,181,Si,Si,Panel Solar,No,Sin Internet,Dato por verificar,Dato por Verificar,-82.27552632,9.20202459,845,2314a5b1-7a14-4773-95f7-dab74be26c8a,1597153106568,b_ayarza,1610236374322,b_ayarza,SN/SV,No ,No,,Si ,SN/SV,SN/SV,,
131,Escuela Secretario,Bocas del Toro,Bocas del Toro,Tierra Oscura,Bocas del Toro,212,Si,Si,Panel Solar,No,Sin Internet,Dato por verificar,Katherine Sanjur B. ,-82.21219302,9.20758017,846,ab3f5205-c84b-4773-aa8e-80ba37b2570b,1597153106568,b_ayarza,1610236377420,b_ayarza,SN/SV,No ,No,,Si ,SN/SV,SN/SV,,
133,Escuela Manuel Aparicio,Comarca Ngabe-Bugle,Kusapín,Bahía Azul,Comarca Ngäbe-Buglé,176,Si,Si,Panel Solar,No,Sin Internet,9,Idolia Duncan,-81.81830422,9.02341433,847,c99b3774-dd51-481f-ad64-41e66cab67fd,1597153106568,b_ayarza,1610236379311,b_ayarza,SN/SV,No ,No,,Si ,SN/SV,SN/SV,,
134,Escuela Toroki,Comarca Ngabe-Bugle,Kusapín,Bahía Azul,Comarca Ngäbe-Buglé,186,Si,Si,Panel Solar,No,Sin Internet,9,Jorge Prescott,-81.92258481,9.14773605,848,b9f83d2e-dfc3-468d-90fd-6593dd162187,1597153106568,b_ayarza,1610236381011,b_ayarza,SN/SV,No ,No,,Si ,SN/SV,SN/SV,,
136,Escuela Playa Verde,Comarca Ngabe-Bugle,Kusapín,Bahía Azul,Comarca Ngäbe-Buglé,71,Si,Si,Panel Solar,No,Sin Internet,9,Dato por Verificar,-81.93774862,9.13452497,849,1b388979-81d9-4159-9b73-d10dc272d7aa,1597153106568,b_ayarza,1610236382526,b_ayarza,SN/SV,No ,No,,Si ,SN/SV,SN/SV,,
137,Escuela Guacamaya Anexa La Ensenada,Comarca Ngabe-Bugle,Kusapín,Kusapín,Comarca Ngäbe-Buglé,84,Si,Si,Panel Solar,No,Sin Internet,Dato por verificar,Yojanbed Villareal De Fuentes,-81.87052461,9.155136153,850,4df81fde-9096-4379-9679-235bb60ebca4,1597153106568,b_ayarza,1610236384214,b_ayarza,SN/SV,No ,No,,Si ,SN/SV,SN/SV,,
139,Escuela Oriente de Risco,Bocas del Toro,Changuinola,Valle Del Risco,Bocas del Toro,155,Si,Si,Panel Solar,No,Sin Internet,12,Nelson Abrego,-82.42858192,9.19646912,851,d8dfbf18-dd86-4085-b7af-176da324326f,1597153106568,b_ayarza,1610236392358,b_ayarza,SN/SV,No ,No,,Si ,SN/SV,SN/SV,,
140,Escuela Zorra,Comarca Ngabe-Bugle,Kankintú,Guariviara,Comarca Ngäbe-Buglé,318,Si,Si,Planta Eléctrica de Empresa,Si,Satelital,3,Luisa Del Carmen Ramos,-82.04358192,8.72591552,852,4b25b26d-81fb-4e8c-8bcb-4d748aff30d2,1597153106568,b_ayarza,1612993986304,b_ayarza,CWP ,Si,No,,Si ,1,10 Mb ,Si ,
141,Escuela Quebrada Pita,Bocas del Toro,Changuinola,Valle Del Risco,Bocas del Toro,31,Si,Si,Panel Solar,No,Sin Internet,3,Carmelina Abrego,-82.39608192,9.20508018,853,7ef9153e-9485-4ad5-84e8-5dd2d64a3b07,1597153106568,b_ayarza,1610236395429,b_ayarza,SN/SV,No ,No,,Si ,SN/SV,SN/SV,,
142,Escuela Soledad del Valle de Risco,Bocas del Toro,Changuinola,Valle Del Risco,Bocas del Toro,109,Si,Si,Compañía Distribuidora,No,Sin Internet,3,Ofilio Sam Gonzalez,-82.46219302,9.24508001,854,e690740a-cc7d-40cd-9682-458f2b93a37d,1597153106568,b_ayarza,1610236397021,b_ayarza,SN/SV,No ,Si,,Si ,SN/SV,SN/SV,,
149,Colegio Kusapín,Comarca Ngabe-Bugle,Kusapín,Kusapín,Comarca Ngäbe-Buglé,370,Si,Si,Panel Solar,Si,Satelital,10,James Alvaro,-81.886951,9.181356,855,3770bd94-2452-4385-a256-fba4a60177ce,1597153106568,b_ayarza,1610241968212,b_ayarza,Cable Onda ,No ,No,,Si ,2,2.0 Mb ,,
151,Escuela Playa Lorenzo No. 2,Comarca Ngabe-Bugle,Kusapín,Bahía Azul,Comarca Ngäbe-Buglé,234,Si,Si,Panel Solar,Si,Sin Internet,9,Damian Pinzon,-81.86247082,9.07341402,856,17c6c677-d006-4e4a-a2fa-504adc1e5c68,1597153106568,b_ayarza,1610241971378,b_ayarza,CWP,Si ,No,,Si ,1,10 Mb ,,
152,Escuela Cerro Redondo,Comarca Ngabe-Bugle,Kusapín,Kusapín,Comarca Ngäbe-Buglé,37,Si,Si,Panel Solar,No,Sin Internet,10,Dalvis Murillo,-81.91191532,9.16258036,857,f97e2a54-b3e4-451e-8533-2e56031cc898,1597153106568,b_ayarza,1610236402618,b_ayarza,SN/SV,No ,No,,Si ,SN/SV,SN/SV,,
153,Escuela Buena Vista,Comarca Ngabe-Bugle,Kusapín,Bahía Azul,Comarca Ngäbe-Buglé,127,Si,Si,Panel Solar,No,Sin Internet,9,Dato por Verificar,-81.88247082,9.09508063,858,1f5759b5-043e-456c-92ca-2eafb943cef8,1597153106568,b_ayarza,1610236404978,b_ayarza,SN/SV,No ,No,,Si ,SN/SV,SN/SV,,
154,Escuela Bastimentos,Bocas del Toro,Bocas del Toro,Bastimentos,Bocas del Toro,192,Si,Si,Compañía Distribuidora,Si,Microondas,Dato por verificar,Dato por Verificar,-82.21108192,9.34896848,859,5c298275-663e-441c-98be-0ab618186863,1597153106568,b_ayarza,1610241993685,b_ayarza,CWP,No ,No,,Si ,2,4 Mb ,,
155,Escuela Quebrada Sal,Bocas del Toro,Bocas del Toro,Bastimentos,Bocas del Toro,327,Si,Si,Panel Solar,No,Sin Internet,Dato por verificar,Dato por Verificar,-82.10191532,9.29980208,860,bb3d4aa1-a405-498d-a4fb-11986a734767,1597153106568,b_ayarza,1610236408387,b_ayarza,SN/SV,No ,No,,Si ,SN/SV,SN/SV,,
561,Escuela Daniel Quirós Pereira,Cocle,Aguadulce,El Cristo,Coclé,28,No,Si,Compañía Distribuidora,Si,Hibrido de Fibra Coaxial,2,Ruben Gomez,-80.61368,8.2234,861,31cc4340-3f42-4e73-a75e-5b448212acc1,1597153106568,b_ayarza,1610411970612,b_ayarza,Cable Onda ,No ,No,,No ,1,6 Mb ,,
379,Escuela Monte Lirio,Comarca Ngabe-Bugle,Jirondai,Man Creek,Comarca Ngäbe-Buglé,109,Si,Si,Panel Solar,No,Sin Internet,3,Amarilys Batista Rivera,-82.10274862,8.86647046,862,b4fc07ae-117c-4037-b3fe-cbd0836ccb36,1597153106568,b_ayarza,1610236411002,b_ayarza,SN/SV,No ,No,,Si ,SN/SV,SN/SV,,
157,Escuela Caguita,Comarca Ngabe-Bugle,Santa Catalina o Calovebo,Santa Catalina o Calovebora (Bledeshia) (Cabecera),Comarca Ngäbe-Buglé,29,Si,Si,Panel Solar,No,Sin Internet,Dato por verificar,Dato por Verificar,-81.28302642,8.79091526,863,0d182483-fdd3-4fd1-9af3-1afb93fba845,1597153106568,b_ayarza,1610236413065,b_ayarza,SN/SV,No ,No,,Si ,SN/SV,SN/SV,,
158,Escuela El Pajonal,Comarca Ngabe-Bugle,Santa Catalina o Calovebo,Valle Bonito,Comarca Ngäbe-Buglé,104,Si,No,Dato por Verificar,No,Sin Internet,Dato por verificar,Dato por Verificar,-81.8736742,8.2775065,864,461d1f8a-5703-4bc6-b699-e1acf8b2ce9f,1597153106568,b_ayarza,1610236414741,b_ayarza,SN/SV,No ,No,,Si ,SN/SV,SN/SV,,
159,Escuela El Terrón,Comarca Ngabe-Bugle,Santa Catalina o Calovebo,Santa Catalina o Calovebora (Bledeshia) (Cabecera),Comarca Ngäbe-Buglé,67,Si,Si,Panel Solar,Si,Satelital,Dato por verificar,Dato por Verificar,-81.22413752,8.72313763,865,d028a57d-9e98-4e6d-ac56-4daca91a6ee4,1597153106568,b_ayarza,1610300473719,b_ayarza,CWP,Si ,No,,Si ,1,10 Mb ,,
162,Escuela Alto del Cuay,Comarca Ngabe-Bugle,Santa Catalina o Calovebo,Valle Bonito,Comarca Ngäbe-Buglé,20,Si,Si,Panel Solar,No,Sin Internet,Dato por verificar,Dato por Verificar,-81.22302642,8.69008226,866,e26ffb6b-73d8-4002-be2b-93ed9d4e4eb3,1597153106568,b_ayarza,1610236416520,b_ayarza,SN/SV,No ,No,,Si ,SN/SV,SN/SV,,
163,Escuela Boca del Rio Guabo,Comarca Ngabe-Bugle,Santa Catalina o Calovebo,San Pedrito (Jikui),Comarca Ngäbe-Buglé,32,Si,Si,Panel Solar,No,Sin Internet,Dato por verificar,Dato por Verificar,-81.46052632,8.80313741,867,a0a6fe9d-0703-4051-a820-9e763627f51e,1597153106568,b_ayarza,1610236420151,b_ayarza,SN/SV,No ,No,,Si ,SN/SV,SN/SV,,
164,Escuela Valerio Flores,Comarca Ngabe-Bugle,Santa Catalina o Calovebo,Valle Bonito,Comarca Ngäbe-Buglé,89,Si,Si,Panel Solar,Si,Satelital,Dato por verificar,Dato por Verificar,-81.23302642,8.6042493,868,01e8a23f-c465-4709-a49e-fac81865a55d,1597153106568,b_ayarza,1610305685187,b_ayarza,CWP,Si,No,,Si ,1,10 Mb ,,
165,Escuela Rio Piedra,Comarca Ngabe-Bugle,Santa Catalina o Calovebo,Valle Bonito,Comarca Ngäbe-Buglé,62,Si,Si,Panel Solar,Si,Satelital,Dato por verificar,Dato por Verificar,-81.19274862,8.56008277,869,c00f03cd-5d3d-4bd3-9556-665f8521e331,1597153106568,b_ayarza,1610305707787,b_ayarza,CWP,Si,No,,Si ,1,10 Mb ,,
167,C.E.B.G. Santa Catalina,Comarca Ngabe-Bugle,Santa Catalina o Calovebo,Santa Catalina o Calovebora (Bledeshia) (Cabecera),Comarca Ngäbe-Buglé,319,Si,Si,Panel Solar,Si,Satelital,Dato por verificar,Dato por Verificar,-81.31868,8.77222,870,6c87dfb2-f949-4651-9fe4-a7f2b5a3e71b,1597153106568,b_ayarza,1610305708799,b_ayarza,CWP,Si ,No,,Si ,1,10 Mb ,,
168,Escuela Rio Chucara,Comarca Ngabe-Bugle,Santa Catalina o Calovebo,Santa Catalina o Calovebora (Bledeshia) (Cabecera),Comarca Ngäbe-Buglé,223,Si,Si,Panel Solar,Si,Satelital,Dato por verificar,Dato por Verificar,-81.39358192,8.78535968,871,9dfc77bf-ec3b-4d85-a48e-57dfdcda07d7,1597153106568,b_ayarza,1610305710797,b_ayarza,CWP,Si,No,,Si ,1,10 Mb ,,
169,Escuela San Soledad,Comarca Ngabe-Bugle,Santa Catalina o Calovebo,Santa Catalina o Calovebora (Bledeshia) (Cabecera),Comarca Ngäbe-Buglé,175,Si,No,Dato por Verificar,No,Sin Internet,Dato por verificar,Dato por Verificar,-81.29969302,8.7045266,872,db10c9d5-6b4e-40e9-8aec-25b4b7dc9c77,1597153106568,b_ayarza,1610236422392,b_ayarza,SN/SV,No ,No,,Si ,SN/SV,SN/SV,,
170,Escuela Rio Grande,Comarca Ngabe-Bugle,Santa Catalina o Calovebo,Valle Bonito,Comarca Ngäbe-Buglé,71,Si,No,Dato por Verificar,No,Sin Internet,Dato por verificar,Dato por Verificar,-81.22830412,8.64813803,873,546f0371-8e2c-4f74-ab73-a1c23f0429b5,1597153106568,b_ayarza,1610236453638,b_ayarza,SN/SV,No ,No,,Si ,SN/SV,SN/SV,,
171,Escuela Valle Bonito,Comarca Ngabe-Bugle,Santa Catalina o Calovebo,Valle Bonito,Comarca Ngäbe-Buglé,197,Si,Si,Panel Solar,Si,Satelital,Dato por verificar,Dato por Verificar,-81.27413742,8.63258259,874,340928e6-789a-426e-ac47-58b802a875fb,1597153106568,b_ayarza,1610305747000,b_ayarza,CWP,Si ,No,,Si ,1,10 Mb ,,
172,Escuela Punta Laurel,Bocas del Toro,Bocas del Toro,Punta Laurel,Bocas del Toro,11,Si,No,Dato por Verificar,No,Sin Internet,Dato por verificar,Dato por Verificar,-82.12635962,9.14119155,875,a40be818-60cc-4f7e-82c4-8d8fc408f3d7,1597153106568,b_ayarza,1610236455638,b_ayarza,SN/SV,No ,No,,Si ,SN/SV,SN/SV,,
173,Escuela Solarte,Bocas del Toro,Bocas del Toro,Bastimentos,Bocas del Toro,63,Si,Si,Panel Solar,No,Sin Internet,Dato por verificar,Dato por Verificar,-82.21913742,9.33257965,876,deaa4b37-f61e-46e6-ac4c-0cb7ee52bcaa,1597153106568,b_ayarza,1610236457329,b_ayarza,SN/SV,No ,No,,Si ,SN/SV,SN/SV,,
174,Escuela Isla Popa No. 2,Bocas del Toro,Bocas del Toro,Punta Laurel,Bocas del Toro,97,Si,Si,Panel Solar,No,Sin Internet,11,Dato por Verificar,-82.14135972,9.21896902,877,5f74aa9d-f28d-4ea9-8351-af45e3a6ce1d,1597153106568,b_ayarza,1610236458923,b_ayarza,SN/SV,No ,No,,Si ,SN/SV,SN/SV,,
175,Escuela Cayo de Agua,Bocas del Toro,Bocas del Toro,Punta Laurel,Bocas del Toro,256,Si,Si,Panel Solar,No,Sin Internet,Dato por verificar,Bessy Villarreal,-82.05663752,9.1525804,878,341f6e4f-06d0-4990-a137-983304be21a1,1597153106568,b_ayarza,1610236460534,b_ayarza,SN/SV,No ,No,,Si ,SN/SV,SN/SV,,
176,Escuela Isla Tigre,Bocas del Toro,Bocas del Toro,Punta Laurel,Bocas del Toro,207,Si,Si,Planta Eléctrica Propia/Panel Solar,No,Sin Internet,Dato por verificar,Dato por Verificar,-82.08191532,9.1750803,879,b39b6b3e-1593-4f47-9a81-97ba279283ce,1597153106568,b_ayarza,1610236467525,b_ayarza,SN/SV,No ,No,,Si ,SN/SV,SN/SV,,
562,Escuela El Naranjal,Cocle,Aguadulce,El Cristo,Coclé,55,No,Si,Compañía Distribuidora,Si,Satelital,Dato por verificar,Niscasia Toribio,-80.6221,8.27146,880,bea88b71-eaf9-4538-b2fe-c5d7347f06f5,1597153106568,b_ayarza,1610411979292,b_ayarza,Cable Onda ,No ,No,,No ,1,2.0 Mb ,,
563,Escuela El Pinzón,Cocle,Aguadulce,El Cristo,Coclé,12,No,Si,Compañía Distribuidora,Si,Satelital,1,Flor Rodriguez,-80.70171,8.27698,881,d6572dae-99b9-4166-b17d-0097bbc499ba,1597153106568,b_ayarza,1610411983886,b_ayarza,Cable Onda ,No ,No,,No ,1,1.0 Mb ,,
565,C.E.B.G. Los Volcanes,Cocle,Aguadulce,El Cristo,Coclé,4,No,Si,Compañía Distribuidora,Si,Microondas,1,Zoraida Duggon,-80.64543,8.27788,882,da3daf0d-f8a6-44cc-8ff2-0ac3f3a72195,1597153106568,b_ayarza,1610411997217,b_ayarza,Cable Onda ,No ,No,,No ,1,10 Mb ,,
566,Escuela Pedro Guevara,Cocle,Aguadulce,El Cristo,Coclé,189,No,Si,Compañía Distribuidora,Si,Hibrido de Fibra Coaxial,1,Dato por Verificar,-80.61747082,8.25425063,883,b859b68a-219a-4220-8e4f-41f7ea7375df,1597153106568,b_ayarza,1610412002275,b_ayarza,Cable Onda ,No ,No,,No ,1,6 Mb ,,
567,C.E.B.G. Loma de los Gonzalez,Cocle,Aguadulce,El Cristo,Coclé,31,No,Si,Compañía Distribuidora,Si,Fibra Óptica,1,Dato por Verificar,-80.68580412,8.31258371,884,35470a12-5d55-4fce-9497-cb84166452af,1597153106568,b_ayarza,1610412086937,b_ayarza,CWP,No ,No,,No ,1,10 Mb ,,
568,C.E.B.G. Hato  Rincones,Cocle,Aguadulce,El Cristo,Coclé,44,No,Si,Compañía Distribuidora,Si,Satelital,Dato por verificar,Lorena Villareal,-80.67441532,8.27258386,885,2d51136c-064f-4503-b492-88436cf74fcb,1597153106568,b_ayarza,1610412088060,b_ayarza,CWP,No ,No,,No ,1,10 Mb ,,
569,C.E.B.G. Higo Juan Bran,Cocle,Aguadulce,El Cristo,Coclé,9,No,Si,Compañía Distribuidora,Si,Microondas,Dato por verificar,Lourdes Gisela,-80.63330412,8.29313938,886,6fa75086-4cce-43d6-93da-d37a308e0ed0,1597153106568,b_ayarza,1610412089717,b_ayarza,Digicel ,No ,No,,No ,1,10 Mb ,,
570,C.E.B.G. El Barrero,Cocle,Aguadulce,El Roble,Coclé,145,No,Si,Compañía Distribuidora,Si,Hibrido de Fibra Coaxial,1,Diomedes Atencio,-80.68635972,8.15591769,887,e484cb4c-4f6e-47e4-86ac-3468e3ca6e82,1597153106568,b_ayarza,1610412095558,b_ayarza,Cable Onda ,No ,No,,No ,1,6 Mb ,,
571,C.E.B.G. Rogelio Robles Mendez,Cocle,Aguadulce,El Roble,Coclé,39,No,Si,Compañía Distribuidora,Si,Microondas,1,Benilda De De Leon,-80.73176,8.19365,888,2726f71e-8254-4259-a6c1-2921f2c64848,1597153106568,b_ayarza,1610412099108,b_ayarza,Cable Onda ,No ,No,,No ,1,4 Mb ,,
576,Escuela El Roble,Cocle,Aguadulce,El Roble,Coclé,293,No,Si,Planta Eléctrica de Empresa,Si,Fibra Óptica,1,Dato por Verificar,-80.644497,8.167593,889,5f23250b-0a4f-4324-ad55-36b8b5510834,1597153106568,b_ayarza,1610412102845,b_ayarza,CWP,No ,No,,No ,1,10 Mb ,,
579,C.E.B.G. Salitrosa,Cocle,Aguadulce,El Roble,Coclé,95,No,Si,Compañía Distribuidora,Si,Hibrido de Fibra Coaxial,2,Dato por Verificar,-80.63663752,8.21036189,890,73774ea8-2fd0-4f03-b5d0-d973cd16821d,1597153106568,b_ayarza,1610412108837,b_ayarza,Cable Onda ,No ,No,,No ,1,6 Mb ,,
580,Escuela Secundaria El Roble,Cocle,Aguadulce,El Roble,Coclé,369,No,Si,Compañía Distribuidora,Si,Hibrido de Fibra Coaxial,Dato por verificar,Hermelinda Rodriguez,-80.65635972,8.16313987,891,bb7f32f7-654c-4355-b7af-af87f7f7e3ad,1597153106568,b_ayarza,1610412105083,b_ayarza,Cable Onda ,No ,No,,No ,2,6 Mb ,,
581,C.E.B.G. Eric del Valle,Cocle,Aguadulce,El Roble,Coclé,28,No,Si,Compañía Distribuidora,Si,Hibrido de Fibra Coaxial,Dato por verificar,Dato por Verificar,-80.70413742,8.20119533,892,043eca0e-afb6-4d29-a20d-ce5bc0e98edc,1597153106568,b_ayarza,1610412137350,b_ayarza,Cable Onda ,No ,No,,No ,1,6 Mb ,,
582,C.E.B.G. Jaguito,Cocle,Aguadulce,El Roble,Coclé,136,No,Si,Compañía Distribuidora,Si,Hibrido de Fibra Coaxial,1,Consuelo Rodriguez,-80.68747082,8.17841751,893,2a4bd88d-7519-4df1-bc2e-267efb9b43e2,1597153106568,b_ayarza,1610412138573,b_ayarza,Cable Onda ,No ,No,,No ,1,6 Mb ,,
583,C.E.B.G. Francisca C. de Sierra,Cocle,Aguadulce,El Roble,Coclé,142,No,Si,Compañía Distribuidora,Si,Fibra Óptica,Dato por verificar,Itza Pedrechi,-80.63608192,8.17008424,894,90bd8865-ba39-48c2-9412-48615f12c14d,1597153106568,b_ayarza,1610412142323,b_ayarza,CWP,No ,No,,No ,1,10 Mb ,,
584,Escuela Cerro Morado,Cocle,Aguadulce,Pocrí,Coclé,52,No,Si,Compañía Distribuidora,No,Sin Internet,2,Arcelinda Vega De Julio,-80.57830412,8.24063958,895,14ba4e12-cbf0-4ddc-80d3-2a0c3ed3dd06,1597153106568,b_ayarza,1610236469067,b_ayarza,SN/SV,No ,Si,47.0,No ,SN/SV,SN/SV,,
585,C.E.B.G. San Martin de Porres,Cocle,Aguadulce,Pocrí,Coclé,151,No,Si,Compañía Distribuidora,Si,Hibrido de Fibra Coaxial,2,Raul Rodriguez,-80.53885972,8.25980611,896,736a16dd-825a-4fe6-9795-67c1089de68d,1597153106568,b_ayarza,1610412173703,b_ayarza,Cable Onda ,No ,No,,No ,1,6 Mb ,,
586,C.E.B.G. El Perú,Cocle,Aguadulce,Pocrí,Coclé,441,No,Si,Compañía Distribuidora,Si,Hibrido de Fibra Coaxial,2,Dato por Verificar,-80.55608192,8.25313953,897,6dc3e922-1003-4065-9c73-83504f570864,1597153106568,b_ayarza,1610412174958,b_ayarza,Cable Onda ,No ,No,,No ,1,6 Mb ,,
589,P.C. Pocrí,Cocle,Aguadulce,Pocrí,Coclé,675,No,Si,Compañía Distribuidora,Si,Hibrido de Fibra Coaxial,2,Dato por Verificar,-80.12219302,7.66203056,898,6d4ee5cf-e622-4d5c-be60-9691d335a8b8,1597153106568,b_ayarza,1610412175778,b_ayarza,Cable Onda ,No ,No,,No ,2,6 Mb ,,
592,C.E.B.G. Juan Demostenes Arosemena,Cocle,Aguadulce,Pocrí,Coclé,869,No,Si,Compañía Distribuidora,Si,Hibrido de Fibra Coaxial,1,Rosa Serrano,-80.54885972,8.25813941,900,b829a9e6-5eba-4e89-8623-980cd97b63e3,1597153106568,b_ayarza,1610412229550,b_ayarza,Cable Onda ,No ,No,,No ,2,6 Mb ,,
594,Escuela El Bijagual,Cocle,Antón,Antón,Coclé,113,No,Si,Compañía Distribuidora,Si,Fibra Óptica,4,Amalia M. Perez,-80.25969302,8.37841676,901,163b4c30-9bed-4682-978a-a4a25346829c,1597153106568,b_ayarza,1610412230454,b_ayarza,CWP,No ,No,,No ,1,10 Mb ,,
595,C.E.B.G. República  Dominicana,Cocle,Antón,Antón,Coclé,1042,No,Si,Compañía Distribuidora,Si,Hibrido de Fibra Coaxial,Dato por verificar,Dato por Verificar,-80.26478711,8.3935348,902,332776e9-0dc1-4194-9af2-b10078211446,1597153106568,b_ayarza,1610412231498,b_ayarza,Cable Onda ,No ,No,,No ,1,6 Mb ,,
602,Colegio Salomón Ponce Aguilera,Cocle,Antón,Antón,Coclé,1884,No,Si,Compañía Distribuidora,Si,Hibrido de Fibra Coaxial,4,Ramon A. Guadia F.,-80.26719302,8.39341671,904,6cc59fd1-d389-4a4d-b386-63af16d555e0,1597153106568,b_ayarza,1610412251110,b_ayarza,Cable Onda ,No ,No,,No ,3,6 Mb ,,
607,C.E.B.G. Doctor Manuel Patiño,Cocle,Antón,Antón,Coclé,587,No,Si,Compañía Distribuidora,Si,Hibrido de Fibra Coaxial,5,Leonida Cisnero De Ramos,-80.26524862,8.40036118,905,4440ef81-1954-4a7d-ac8e-5ad6b9b09195,1597153106568,b_ayarza,1610412252208,b_ayarza,Cable Onda ,No ,No,,No ,1,6 Mb ,,
608,C.E.B.G. Guabas Arriba,Cocle,Antón,Antón,Coclé,109,No,Si,Compañía Distribuidora,No,Sin Internet,5,Nixia M. Toribio,-80.26108192,8.46813872,906,e4229f7e-427c-4f97-aee6-8a8daee3d43d,1597153106568,b_ayarza,1610236479988,b_ayarza,SN/SV,No ,Si,,No ,SN/SV,SN/SV,,
609,C.E.B.G. La Hincada,Cocle,Antón,Antón,Coclé,9,No,Si,Compañía Distribuidora,Si,Microondas,5,Karina Abrego M.,-80.25913752,8.4211944,907,a0ba4596-f81b-4cf8-97fb-d5a78f5051bc,1597153106568,b_ayarza,1610412269632,b_ayarza,Digicel ,No ,No,,No ,1,4 Mb ,,
610,C.E.B.G. Loma Larga,Cocle,Antón,Cabuya,Coclé,8,Si,No,Dato por Verificar,No,Sin Internet,Dato por verificar,Dato por Verificar,-80.15885972,8.52924959,908,a92bd5ed-4a23-4586-8bdc-844cc375950e,1597153106568,b_ayarza,1610236481858,b_ayarza,SN/SV,No ,No,,No ,SN/SV,SN/SV,,
611,C.E.B.G. Mata Palo,Cocle,Antón,Cabuya,Coclé,31,Si,Si,Panel Solar,No,Sin Internet,Dato por verificar,Dato por Verificar,-80.13774862,8.55536059,909,b81eb585-ce35-4c83-a00c-b58a39c68798,1597153106568,b_ayarza,1610236484766,b_ayarza,SN/SV,No ,No,,No ,SN/SV,SN/SV,,
612,C.E.B.G. Cabuya Arriba,Cocle,Antón,Cabuya,Coclé,49,No,Si,Compañía Distribuidora,Si,Fibra Óptica,Dato por verificar,Dato por Verificar,-80.1628144,8.54746415,910,26f759f3-2584-41c2-baf5-6453ac1a65b9,1597153106568,b_ayarza,1610412326344,b_ayarza,CWP ,No ,No,,No ,1,10 Mb ,,
613,C.E.B.G. Cabuya,Cocle,Antón,Cabuya,Coclé,53,No,Si,Compañía Distribuidora,Si,Satelital,Dato por verificar,Dato por Verificar,-80.16219302,8.54758282,911,9dce9f6f-7b68-4433-9b16-f67cfcc3388d,1597153106568,b_ayarza,1610412334002,b_ayarza,Cable Onda ,No ,No,,No ,1,2.0 Mb ,,
614,C.E.B.G. El Macano,Cocle,Antón,Cabuya,Coclé,28,Si,Si,Planta Eléctrica Propia,Si,Satelital,Dato por verificar,Dato por Verificar,-80.12997082,8.54924951,912,b76dafe2-1c98-4ade-8532-9994974124f0,1597153106568,b_ayarza,1610412336536,b_ayarza,CWP ,No ,No,,No ,1,10 Mb ,,
615,C.E.B.G. El Chirú,Cocle,Antón,El Chirú,Coclé,116,No,Si,Compañía Distribuidora,Si,Fibra Óptica,Dato por verificar,Dato por Verificar,-80.19024862,8.39924998,913,86502c08-a277-487a-9054-b27b1e207c89,1597153106568,b_ayarza,1610412338398,b_ayarza,CWP ,No ,No,,No ,1,10 Mb ,,
616,C.E.B.G. Bona Aguilar de Aguilar,Cocle,Antón,El Chirú,Coclé,10,No,Si,Compañía Distribuidora,No,Sin Internet,Dato por verificar,Dato por Verificar,-80.208437,8.324836,914,ef389050-c813-4a32-8a86-2f9b3e93ed9c,1597153106568,b_ayarza,1610236488627,b_ayarza,SN/SV,No ,No,,No ,SN/SV,SN/SV,,
619,C.E.B.G. Pueblo Nuevo,Cocle,Antón,El Chirú,Coclé,121,No,Si,Compañía Distribuidora,Si,Fibra Óptica,Dato por verificar,Dato por Verificar,-80.201517,8.390337,915,1a2c0401-071d-40ec-9e23-de17927c8c87,1597153106568,b_ayarza,1610412438664,b_ayarza,Cable Onda ,No ,No,,No ,1,10 Mb ,,
620,C.E.B.G. José Marciano Moreno,Cocle,Antón,El Chirú,Coclé,66,No,Si,Compañía Distribuidora,Si,Fibra Óptica,Dato por verificar,Dato por Verificar,-80.23969302,8.40952774,916,3e5f7e65-4c9d-4a5c-afe1-63421eebe265,1597153106568,b_ayarza,1610412439305,b_ayarza,CWP,No ,No,,No ,1,10 Mb ,,
621,C.E.B.G. LLano Grande,Cocle,Antón,El Retiro,Coclé,68,No,Si,Compañía Distribuidora,Si,Fibra Óptica,Dato por verificar,Dato por Verificar,-80.18274862,8.44063883,917,380251e8-ad1e-4861-89c9-112a1c6c6ec7,1597153106568,b_ayarza,1610412443527,b_ayarza,CWP,No ,No,,No ,1,10 Mb ,,
622,C.E.B.G. El Retiro,Cocle,Antón,El Retiro,Coclé,98,No,Si,Compañía Distribuidora,Si,Fibra Óptica,3,Leyda Carrasco,-80.15635972,8.48063867,918,c24e537f-84a3-469b-a79a-1be2bb9ffd25,1597153106568,b_ayarza,1610412444733,b_ayarza,CWP,No ,No,,No ,1,10 Mb ,,
624,C.E.B.G. El Marañon,Cocle,Antón,El Retiro,Coclé,30,No,Si,Compañía Distribuidora,Si,Fibra Óptica,Dato por verificar,Dato por Verificar,-80.21330422,8.42924987,919,6a1aa135-e31c-4b5c-92bf-b0fbafa979ba,1597153106568,b_ayarza,1610412447948,b_ayarza,Cable Onda ,No ,No,,No ,1,10 Mb ,,
625,C.E.B.G. Altos de la Mesa,Cocle,Antón,El Valle,Coclé,35,No,Si,Compañía Distribuidora,Si,Satelital,3,Ivalis De Gracia,-80.13191522,8.63591587,920,e615de62-3dae-4cf5-93fa-cd23f9e1f844,1597153106568,b_ayarza,1610412453225,b_ayarza,Cable Onda ,No ,No,,No ,1,2.0 Mb ,,
628,I.P.T. El Valle,Cocle,Antón,El Valle,Coclé,731,No,Si,Compañía Distribuidora,Si,Hibrido de Fibra Coaxial,3,Edgar Fabrega,-80.11802642,8.61258256,921,3f662603-1cb7-4db0-91e4-ffe2da1ec81c,1597153106568,b_ayarza,1610412461310,b_ayarza,Cable Onda ,No ,No,,No ,2,6 Mb ,,
630,C.E.B.G.  El Valle,Cocle,Antón,El Valle,Coclé,402,No,Si,Compañía Distribuidora,Si,Hibrido de Fibra Coaxial,3,Lidia Rodriguez,-80.11997082,8.60174931,922,c1580a28-e75d-4432-999e-80b39bea8ce6,1597153106568,b_ayarza,1610412462974,b_ayarza,Cable Onda ,No ,No,,No ,2,6 Mb ,,
631,C.E.B.G. La Compañia,Cocle,Antón,El Valle,Coclé,634,No,Si,Compañía Distribuidora,Si,Hibrido de Fibra Coaxial,3,Juan Pecchio,-80.13441532,8.60674929,923,27934540-b015-450d-9f56-8767a99a62fb,1597153106568,b_ayarza,1610412464177,b_ayarza,Cable Onda ,No ,No,,No ,1,6 Mb ,,
632,C.E.B.G. El Jaguito,Cocle,Antón,Juan Díaz,Coclé,7,No,Si,Compañía Distribuidora,Si,Fibra Óptica,5,Omaira Ortega,-80.3164,8.40351,924,584c0021-dfb2-4bdd-a23e-a4ef59a99d61,1597153106568,b_ayarza,1610412565470,b_ayarza,CWP,No ,No,,No ,1,10 Mb ,,
634,C.E.B.G. Juan Diaz,Cocle,Antón,Juan Díaz,Coclé,310,No,Si,Compañía Distribuidora,Si,Fibra Óptica,5,Lourdes Q. De Glasgow,-80.28385972,8.46536093,925,a8c8abcd-7557-4e20-a66b-a31c02d2e961,1597153106568,b_ayarza,1610412571491,b_ayarza,Cable Onda ,No ,No,,No ,1,10 Mb ,,
636,C.E.B.G. Angelina Maylin de Tirone,Cocle,Antón,Río Hato,Coclé,1219,No,Si,Compañía Distribuidora,Si,Fibra Óptica,Dato por verificar,Dato por Verificar,-80.16358192,8.37980566,926,4aa0a79c-3182-4afa-a732-5ac4d174deb0,1597153106568,b_ayarza,1610412566377,b_ayarza,Cable Onda ,No ,No,,No ,1,10 Mb ,,
637,C.E.B.G. La Mata,Cocle,Antón,Río Hato,Coclé,100,No,Si,Compañía Distribuidora,Si,Microondas,3,Omaira Silleros,-80.09524862,8.47508309,927,f46e562c-8b87-4143-9316-3b18330728f9,1597153106568,b_ayarza,1612994179117,b_ayarza,Digicel ,No ,No,,No ,1,10 Mb ,Si ,
638,C.E.B.G. Los Pollos,Cocle,Antón,Río Hato,Coclé,124,No,Si,Compañía Distribuidora,Si,Fibra Óptica,Dato por verificar,Dato por Verificar,-80.15830412,8.41063894,928,8f3dd8aa-69e8-4e22-bc42-a7698f114b28,1597153106568,b_ayarza,1610412575680,b_ayarza,CWP,No ,No,,No ,1,10 Mb ,,
382,Escuela Boca de Mancreeck an. Mancreeck,Comarca Ngabe-Bugle,Jirondai,Guariviara,Comarca Ngäbe-Buglé,94,Si,Si,Panel Solar,No,Sin Internet,4,Eloisa Douglas F.,-82.06024862,8.93452569,929,c68e79e8-4305-4bf8-8666-7e9dddd82b5f,1597153106568,b_ayarza,1610236491052,b_ayarza,SN/SV,No ,No,,Si ,SN/SV,SN/SV,,
383,Escuela Oriente,Comarca Ngabe-Bugle,Jirondai,Büri,Comarca Ngäbe-Buglé,148,Si,Si,Compañía Distribuidora,Si,Satelital,2,Eduardo Perez ,-82.22191532,8.88980367,930,e1a19c1a-beee-4af4-9d72-6a07211648e8,1597153106568,b_ayarza,1610410173978,b_ayarza,Cable Onda ,No ,No,,Si ,1,2.0 Mb ,,
384,Escuela Molejones,Bocas del Toro,Chiriquí Grande ,Miramar,Bocas del Toro,101,Si,Si,Planta Eléctrica de Empresa,No,Sin Internet,14,Carlos E. Mendoza,-82.27080412,9.01008098,931,f6192181-5425-40b4-a244-32c4da7fe21f,1597153106568,b_ayarza,1610236497130,b_ayarza,SN/SV,No ,No,,Si ,SN/SV,SN/SV,,
385,Escuela Quebrada Negrita,Comarca Ngabe-Bugle,Jirondai,Tuwai,Comarca Ngäbe-Buglé,86,Si,Si,Panel Solar,Si,Satelital,1,Datys Selles,-81.8736742,8.2775065,932,dac18064-849a-4703-a611-ddf7e5f836ab,1597153106568,b_ayarza,1610410193210,b_ayarza,CWP,Si ,No,,Si ,1,10 Mb ,,
386,Escuela Gavilán,Comarca Ngabe-Bugle,Kankintú,Mününi,Comarca Ngäbe-Buglé,98,Si,Si,Panel Solar,No,Sin Internet,8,Rebeca Guerra,-81.67333123,8.60991513,933,bfa7097c-7087-45a9-a3de-6347679abeee,1597153106568,b_ayarza,1610236500132,b_ayarza,SN/SV,No ,No,,Si ,SN/SV,SN/SV,,
387,Escuela Barranquilla,Comarca Ngabe-Bugle,Jirondai,Man Creek,Comarca Ngäbe-Buglé,368,Si,Si,Panel Solar,Si,Satelital,3,Xavier Penaloza,-82.08497082,8.86258158,934,b0df8f40-9bb4-4ee8-b33b-17ec6b4095e6,1597153106568,b_ayarza,1610410215895,b_ayarza,CWP,Si ,No,,Si ,1,10 Mb ,,
388,Escuela Quebrada Venado,Comarca Ngabe-Bugle,Kankintú,Guariviara,Comarca Ngäbe-Buglé,251,Si,Si,Panel Solar,Si,Satelital,3,Briseida Rodriguez,-81.98969312,8.74869313,935,25ee6ef1-84cb-4307-ac60-704f3bac65c8,1597153106568,b_ayarza,1610410224761,b_ayarza,CWP,Si,No,,Si ,1,10 Mb ,,
390,Escuela Urracá,Comarca Ngabe-Bugle,Kankintú,Piedra Roja,Comarca Ngäbe-Buglé,320,Si,Si,Panel Solar,Si,Satelital,7,Beyra Perez,-81.796063,8.627135,936,f4def3ea-bfc9-41e8-9208-5fbaa234a034,1597153106568,b_ayarza,1610410245503,b_ayarza,Cable Onda ,No ,No,,Si ,1,2.0 Mb ,,
391,Escuela El Valle Abajo,Comarca Ngabe-Bugle,Jirondai,Büri,Comarca Ngäbe-Buglé,172,Si,Si,Panel Solar,Si,Satelital,2,Elsa Vega,-82.207324,8.93816,937,3c07df9c-1e3e-4808-a481-8148f7dea0d4,1597153106568,b_ayarza,1610410266234,b_ayarza,CWP,Si,No,,Si ,1,10 Mb ,,
392,Escuela Cañazas ,Bocas del Toro,Chiriquí Grande ,Punta Peña,Bocas del Toro,242,Si,Si,Planta Eléctrica Propia,No,Sin Internet,13,Veronica Ellis,-82.18135972,8.87258154,938,44a1b0f4-798f-4c3d-baec-c3e0cd80b545,1597153106568,b_ayarza,1610236502188,b_ayarza,SN/SV,No ,Si,,Si ,SN/SV,SN/SV,,
393,Escuela Rambala,Bocas del Toro,Chiriquí Grande ,Rambala,Bocas del Toro,169,Si,Si,Compañía Distribuidora,Si,Fibra Óptica,13,Victorio Vasquez,-82.18385972,8.92758132,939,64823a3f-1ed1-47bb-b57e-9a6e2a81dafc,1597153106568,b_ayarza,1610410285991,b_ayarza,CWP,No ,No,,No ,1,10 Mb ,,
394,Escuela Quebrada Cayuco,Comarca Ngabe-Bugle,Kankintú,Guariviara,Comarca Ngäbe-Buglé,799,Si,Si,Panel Solar,Si,Satelital,3,Dato por Verificar,-82.01052642,8.82174844,940,3dcbe280-2f14-479b-94f0-9d2145fd0882,1597153106568,b_ayarza,1610410299721,b_ayarza,CWP,Si,No,,Si ,1,10 Mb ,,
395,Escuela Quebrada El Bajo,Bocas del Toro,Chiriquí Grande ,Chiriquí Grande,Bocas del Toro,176,Si,No,Dato por Verificar,No,Sin Internet,13,Coralia Quintanar,-82.13135972,8.93980347,941,9ae26049-033a-4632-9d1e-b195684c85b4,1597153106568,b_ayarza,1610236503939,b_ayarza,SN/SV,No ,No,,Si ,SN/SV,SN/SV,,
396,C.E.B.G. Punta Peña ,Bocas del Toro,Chiriquí Grande ,Punta Peña,Bocas del Toro,867,Si,Si,Compañía Distribuidora,Si,Fibra Óptica,Dato por verificar,Adelia Miranda,-82.18413742,8.91730356,942,43726871-c1ed-4094-862a-090d2894aae2,1597153106568,b_ayarza,1610410320104,b_ayarza,CWP,No ,No,,Si ,2,10 Mb ,,
397,C.E.B.G. Pueblo Nuevo,Comarca Ngabe-Bugle,Jirondai,Büri,Comarca Ngäbe-Buglé,583,Si,Si,Compañía Distribuidora,Si,Microondas,2,Eriberto Castillo,-82.20385972,8.88452599,943,adc3056c-9b2d-4239-8cb2-8eb131e3cb4d,1597153106568,b_ayarza,1610410339207,b_ayarza,Digicel ,No ,No,,Si ,2,10 Mb ,,
398,Escuela Pueblo Mesa,Comarca Ngabe-Bugle,Jirondai,Man Creek,Comarca Ngäbe-Buglé,402,Si,Si,Panel Solar,Si,Satelital,3,Dato por Verificar,-82.11802642,8.8575816,944,6f631cbf-3f25-42aa-b680-6b136a0a0100,1597153106568,b_ayarza,1612993800868,b_ayarza,CWP,Si ,No,,Si ,1,10 Mb ,Si,
399,Escuela Mancreeck,Comarca Ngabe-Bugle,Jirondai,Man Creek,Comarca Ngäbe-Buglé,302,Si,Si,Panel Solar,Si,Satelital,4,Fernandez Morales,-81.8736742,8.2775065,945,79607ea1-57fc-41a4-a96c-0217c07293d8,1597153106568,b_ayarza,1610410385038,b_ayarza,CWP,Si,No,,Si ,1,10 Mb ,,
400,Colegio San Agustín de Kankintú,Comarca Ngabe-Bugle,Kankintú,Kankintú,Comarca Ngäbe-Buglé,639,Si,Si,Planta Eléctrica de Empresa,Si,Satelital,Dato por verificar,Dato por Verificar,-81.815931,8.846204,946,e3f6c4af-aae6-4a22-8e94-44a432241ab8,1597153106568,b_ayarza,1610410401952,b_ayarza,Cable Onda ,No ,No,,Si ,2,2.0 Mb ,,
401,Escuela Quebrada Grande,Comarca Ngabe-Bugle,Kankintú,Kankintú,Comarca Ngäbe-Buglé,144,Si,Si,Panel Solar,No,Sin Internet,5,Edwin Urriola,-81.8736742,8.2775065,947,969d8174-5150-429c-987e-1c1d4fe24d9e,1597153106568,b_ayarza,1610236506515,b_ayarza,SN/SV,No ,No,,Si ,SN/SV,SN/SV,,
403,Escuela Dionisia G. De Ayarza,Bocas del Toro,Chiriquí Grande ,Chiriquí Grande ,Bocas del Toro,946,Si,Si,Compañía Distribuidora,Si,Fibra Óptica,Dato por verificar,Bladimir O. Rodriguez,-82.115227,8.946721,948,b95ed56c-fee6-435d-81a1-17b9eb98fa4e,1597153106568,b_ayarza,1610410422511,b_ayarza,CWP,No ,No,,Si ,2,10 Mb ,,
404,Escuela Valle Rico,Comarca Ngabe-Bugle,Kusapín,Río Chiriquí,Comarca Ngäbe-Buglé,80,Si,No,Dato por Verificar,No,Sin Internet,12,Dato por Verificar,-81.8736742,8.2775065,949,3e37f4be-896d-418e-8210-25277a787bbf,1597153106568,b_ayarza,1610236508734,b_ayarza,SN/SV,No ,No,,Si ,SN/SV,SN/SV,,
405,Escuela Loma de Agua,Comarca Ngabe-Bugle,Jirondai,Tuwai,Comarca Ngäbe-Buglé,83,Si,Si,Panel Solar,Si,Satelital,1,Dato por Verificar,-82.34719302,9.00313661,950,16949402-82a4-428c-8836-26523abc3752,1597153106568,b_ayarza,1610410450173,b_ayarza,CWP,Si,No,,Si ,1,10 Mb ,,
406,Escuela Chiriquicito No. 2,Bocas del Toro,Chiriquí Grande ,Rambala,Bocas del Toro,44,Si,No,Dato por Verificar,No,Sin Internet,Dato por verificar,Dato por Verificar,-82.1553,8.94768,951,045e74a2-1e62-4bfb-9ed5-d3fd3c29d6b1,1597153106568,b_ayarza,1610236510629,b_ayarza,SN/SV,No ,No,,No ,SN/SV,SN/SV,,
407,Escuela Los Chiricanos,Bocas del Toro,Chiriquí Grande ,Miramar,Bocas del Toro,112,Si,Si,Compañía Distribuidora,No,Sin Internet,Dato por verificar,Dato por Verificar,-82.21941532,8.9811922,952,b51e0876-9783-4add-860a-3311282fbd08,1597153106568,b_ayarza,1610236512270,b_ayarza,SN/SV,No ,Si,,Si ,SN/SV,SN/SV,,
409,I.P.T. Chiriquí Grande,Bocas del Toro,Chiriquí Grande ,Punta Peña,Bocas del Toro,523,Si,Si,Compañía Distribuidora,Si,Fibra Óptica,Dato por verificar,Einia M. Berroa,-82.11469302,8.94563684,954,90eda1a8-a02f-4c49-bfcc-1ed33e66ba9b,1597153106568,b_ayarza,1610410466957,b_ayarza,CWP,No ,No,,Si ,1,10 Mb ,,
420,Escuela Chiriquicito No. 1,Bocas del Toro,Chiriquí Grande ,Rambala,Bocas del Toro,62,Si,No,Dato por Verificar,No,Sin Internet,13,Dato por Verificar,-82.17691532,8.955359,955,c1d51924-5659-4651-b637-4d0964611b29,1597153106568,b_ayarza,1610236517056,b_ayarza,SN/SV,No ,Si ,,No ,SN/SV,SN/SV,,
422,Escuela Chiriquí Mali,Comarca Ngabe-Bugle,Jirondai,Büri,Comarca Ngäbe-Buglé,138,Si,Si,Compañía Distribuidora,Si,Fibra Óptica,2,Yarelis L. Castillo,-82.14163742,8.98702548,956,67c800ba-4b36-4357-8922-582f5050bb7f,1597153106568,b_ayarza,1610410544946,b_ayarza,Cable Onda ,No ,No,,Si ,1,10 Mb ,,
423,Escuela Mananti,Comarca Ngabe-Bugle,Jirondai,Guariviara,Comarca Ngäbe-Buglé,143,Si,Si,Panel Solar,Si,Satelital,4,Yauri Tejedor,-82.02330412,8.89980363,957,c92cb8ab-5a97-453f-9513-3fe243304656,1597153106568,b_ayarza,1610410546100,b_ayarza,CWP,Si,No,,Si ,1,10 Mb ,,
424,Escuela Guariviara,Comarca Ngabe-Bugle,Kankintú,Guariviara,Comarca Ngäbe-Buglé,334,Si,Si,Planta Eléctrica de Empresa,Si,Satelital,4,Yarelys L. Castillo,-81.99552642,8.83952617,958,9a7c5942-0d48-4332-b2cd-8bee7c1cdf98,1597153106568,b_ayarza,1612994087329,b_ayarza,CWP,Si,No,,Si ,1,10 Mb ,Si ,
425,Escuela Cerro Ñeque,Comarca Ngabe-Bugle,Kankintú,Guariviara,Comarca Ngäbe-Buglé,123,Si,Si,Panel Solar,No,Sin Internet,4,Kenius Pineda,-81.91941522,8.86758156,959,1d3d4c5b-b90d-431f-a318-3c657271a331,1597153106568,b_ayarza,1610236518620,b_ayarza,SN/SV,No ,No,,Si ,SN/SV,SN/SV,,
426,Escuela Boca de Guariviara,Comarca Ngabe-Bugle,Jirondai,Guariviara,Comarca Ngäbe-Buglé,40,Si,Si,Panel Solar,No,Sin Internet,4,Dato por Verificar,-81.97663752,8.93702568,960,c41d1bc8-e107-4162-a544-3a6eb3b601ab,1597153106568,b_ayarza,1610236521408,b_ayarza,SN/SV,No ,No,,Si ,SN/SV,SN/SV,,
427,Escuela Poman Kiary,Comarca Ngabe-Bugle,Kankintú,Bisira (Cabecera),Comarca Ngäbe-Buglé,92,Si,Si,Panel Solar,No,Sin Internet,5,Juana Delmira Gonzalez,-81.85053,8.88326,961,4af7f173-62de-4070-b69b-a4895886fe7c,1597153106568,b_ayarza,1610236523939,b_ayarza,SN/SV,No ,No,,Si ,SN/SV,SN/SV,,
429,C.E.B.G. Bisira,Comarca Ngabe-Bugle,Kankintú,Bisira (Cabecera),Comarca Ngäbe-Buglé,538,Si,Si,Panel Solar,Si,Satelital,Dato por verificar,Silvia Sanjur,-81.86330412,8.90147032,962,d96b9ae2-cf0b-4a11-872b-ca797314a5d0,1597153106568,b_ayarza,1610410574417,b_ayarza,CWP,Si,No,,No ,1,10 Mb ,,
430,Escuela Bucori,Comarca Ngabe-Bugle,Kusapín,Bahía Azul,Comarca Ngäbe-Buglé,325,Si,Si,Panel Solar,Si,Satelital,9,Nilka Espinosa,-81.90191522,9.11341396,963,cfb0ece5-031c-4e91-93aa-f60079c185d8,1597153106568,b_ayarza,1610410575527,b_ayarza,CWP,Si,No,,Si ,1,10 Mb ,,
432,Escuela Guarumito,Comarca Ngabe-Bugle,Jirondai,Büri,Comarca Ngäbe-Buglé,160,Si,Si,Planta Eléctrica de Empresa,No,Sin Internet,2,Guillermina Juarez,-82.24497082,8.92147024,964,b672884a-449c-4dc1-8faa-46b1a70d1464,1597153106568,b_ayarza,1610236525550,b_ayarza,SN/SV,No ,No,,Si ,SN/SV,SN/SV,,
433,Escuela Dibote,Comarca Ngabe-Bugle,Kankintú,Piedra Roja,Comarca Ngäbe-Buglé,56,Si,Si,Panel Solar,No,Sin Internet,7,ROlando Williams,-81.8736742,8.2775065,965,b69534c3-f0f5-4887-be98-4fb94b57f682,1597153106568,b_ayarza,1610236528321,b_ayarza,SN/SV,No ,No,,Si ,SN/SV,SN/SV,,
435,Escuela Cricamola,Comarca Ngabe-Bugle,Kankintú,Bisira (Cabecera),Comarca Ngäbe-Buglé,66,Si,Si,Panel Solar,No,Sin Internet,5,Adelina Viagra S. ,-81.800894,8.899857,966,d2997cb0-c026-44eb-90c3-c063efc7e880,1597153106568,b_ayarza,1610236531298,b_ayarza,SN/SV,No ,No,,Si ,SN/SV,SN/SV,,
436,Escuela Calante,Comarca Ngabe-Bugle,Kankintú,Kankintú,Comarca Ngäbe-Buglé,604,Si,Si,Planta Eléctrica de Empresa,Si,Satelital,5,Luis Molina Guerra,-81.91274862,8.81535957,967,84f5f9ad-2343-4b39-86a4-1267e7e96e0a,1597153106568,b_ayarza,1610410595770,b_ayarza,CWP,Si,No,,Si ,1,10 Mb ,,
437,Escuela Boca del Rio Cricamola,Comarca Ngabe-Bugle,Kankintú,Bisira (Cabecera),Comarca Ngäbe-Buglé,81,Si,Si,Panel Solar,No,Sin Internet,5,Jorge Castillo Beker,-81.92774862,8.97674782,968,0d2da2f8-4b25-40f5-9fe6-5df98291385f,1597153106568,b_ayarza,1610236533220,b_ayarza,SN/SV,No ,No,,Si ,SN/SV,SN/SV,,
440,Escuela Nutivi,Comarca Ngabe-Bugle,Kankintú,Kankintú,Comarca Ngäbe-Buglé,249,Si,Si,Panel Solar,Si,Satelital,6,Hirisnel UrriOla,-81.84330412,8.86897045,970,eab06134-9de3-4b5b-982f-07fa0f88a6e8,1597153106568,b_ayarza,1610410661155,b_ayarza,CWP,Si,No,,Si ,1,2.0 Mb ,,
441,Escuela Odobate,Comarca Ngabe-Bugle,Kankintú,Kankintú,Comarca Ngäbe-Buglé,249,Si,Si,Panel Solar,Si,Satelital,5,Ezequias Morales,-81.85964,8.82818,971,24eee72c-a35c-4480-ae4d-5223ae4e398f,1597153106568,b_ayarza,1610410666048,b_ayarza,CWP,Si,No,,Si ,1,10 Mb ,,
442,Escuela Mununi No. 1,Comarca Ngabe-Bugle,Kankintú,Guoroni,Comarca Ngäbe-Buglé,186,Si,Si,Panel Solar,No,Sin Internet,6,Osbaldo Machado,-81.79497082,8.79980403,972,633c4936-db14-48cd-8ab4-b8f871c0d890,1597153106568,b_ayarza,1610236534858,b_ayarza,SN/SV,No ,No,,Si ,SN/SV,SN/SV,,
443,Escuela Mutari,Comarca Ngabe-Bugle,Kankintú,Guoroni,Comarca Ngäbe-Buglé,299,Si,Si,Panel Solar,Si,Satelital,6,Reynaldo Nap,-81.79691522,8.70952668,973,2c0d0bdd-a724-4854-af1e-b1a07722edf5,1597153106568,b_ayarza,1610410695772,b_ayarza,CWP,Si,No,,Si ,1,10 Mb ,,
444,Escuela Rio Bueno,Comarca Ngabe-Bugle,Kankintú,Piedra Roja,Comarca Ngäbe-Buglé,171,Si,No,Dato por Verificar,No,Sin Internet,6,Luis Alvarez,-81.75302632,8.62147143,974,547d2440-c74d-4377-af50-0fb8ea2b6f5d,1597153106568,b_ayarza,1610236536401,b_ayarza,SN/SV,No ,No,,Si ,SN/SV,SN/SV,,
445,Escuela Quebrada Caracol,Comarca Ngabe-Bugle,Kankintú,Kankintú,Comarca Ngäbe-Buglé,124,Si,Si,Panel Solar,No,Sin Internet,6,Nuvia Del C. Quiroz,-81.73691522,8.66924904,975,1719993c-4790-408a-9378-b9129b0e8345,1597153106568,b_ayarza,1610236538215,b_ayarza,SN/SV,No ,No,,Si ,SN/SV,SN/SV,,
446,Escuela Coronte,Comarca Ngabe-Bugle,Kankintú,Piedra Roja,Comarca Ngäbe-Buglé,269,Si,Si,Planta Eléctrica de Empresa,Si,Satelital,6,Meraldo Saavedra,-81.78274862,8.67730451,976,b1389d7e-a293-4c74-b9a3-83b5c64b7026,1597153106568,b_ayarza,1610410713597,b_ayarza,CWP,Si,No,,Si ,1,10 Mb ,,
447,Escuela Quebrada Mironí,Comarca Ngabe-Bugle,Kankintú,Piedra Roja,Comarca Ngäbe-Buglé,43,Si,No,Dato por Verificar,No,Sin Internet,8,Digna Vasquez,-81.72969302,8.55424939,977,c8fff953-90fb-4b98-8bc5-06ae1dc434aa,1597153106568,b_ayarza,1610236540002,b_ayarza,SN/SV,No ,No,,Si ,SN/SV,SN/SV,,
448,Escuela Mayo,Comarca Ngabe-Bugle,Kankintú,Mününi,Comarca Ngäbe-Buglé,106,Si,Si,Panel Solar,Si,Satelital,8,Lorenzo Vega,-81.85052642,8.81285958,978,fdd1c27a-bfed-4093-bdb1-2d1c83b9ba3a,1597153106568,b_ayarza,1612994106215,b_ayarza,CWP,Si,No,,Si ,1,10 Mb ,Si ,
449,Escuela Quebrada Mono,Comarca Ngabe-Bugle,Kankintú,Piedra Roja,Comarca Ngäbe-Buglé,44,Si,No,Dato por Verificar,No,Sin Internet,12,Jorge Alexis Santos,-81.73385972,8.56174946,979,900bd64f-3f29-45e1-8bff-3070629f6691,1597153106568,b_ayarza,1610236542793,b_ayarza,SN/SV,No ,No,,Si ,SN/SV,SN/SV,,
450,Escuela Sineti,Comarca Ngabe-Bugle,Kankintú,Mününi,Comarca Ngäbe-Buglé,166,Si,Si,Panel Solar,Si,Satelital,8,Hernandez Quintero,-81.71552642,8.53869395,980,bfb8c342-daf3-4289-9e6c-34f280994d80,1597153106568,b_ayarza,1610411480213,b_ayarza,CWP,Si,No,,Si ,1,10 Mb ,,
451,Escuela La Trinchera,Comarca Ngabe-Bugle,Kankintú,Mününi,Comarca Ngäbe-Buglé,222,Si,Si,Panel Solar,Si,Satelital,8,Erick Navarro,-81.70802632,8.51536074,981,c749097b-d4f5-4c2c-9654-12a874e5d737,1597153106568,b_ayarza,1612994112944,b_ayarza,CWP,Si,No,,Si ,1,10 Mb ,Si ,
452,Escuela Ubambiti,Comarca Ngabe-Bugle,Kankintú,Piedra Roja,Comarca Ngäbe-Buglé,210,Si,Si,Panel Solar,No,Sin Internet,7,German Green,-81.74191532,8.57091613,982,fcaef6e6-2df6-4b0a-8783-df2de76108b9,1597153106568,b_ayarza,1610236544732,b_ayarza,SN/SV,No ,No,,No ,SN/SV,SN/SV,,
453,Escuela Turury,Comarca Ngabe-Bugle,Kankintú,Piedra Roja,Comarca Ngäbe-Buglé,79,Si,Si,Panel Solar,No,Sin Internet,7,Carlos Nieto,-81.776066,8.631099,983,b988ad45-7762-445f-a28d-d221098f254b,1597153106568,b_ayarza,1610236547490,b_ayarza,SN/SV,No ,No,,Si ,SN/SV,SN/SV,,
454,Escuela Quebrada Hacha,Comarca Ngabe-Bugle,Kankintú,Piedra Roja,Comarca Ngäbe-Buglé,260,Si,Si,Panel Solar,Si,Satelital,7,Bonergis Gonzalez,-81.8736742,8.2775065,984,f19e5147-b82c-42e2-861a-9e06bc01fd67,1597153106568,b_ayarza,1612994119413,b_ayarza,CWP,Si,No,,Si ,1,10 Mb ,Si ,
455,Escuela Punta Piña,Comarca Ngabe-Bugle,Kankintú,Piedra Roja,Comarca Ngäbe-Buglé,267,Si,Si,Panel Solar,Si,Satelital,7,Artemio Palacio,-81.74608192,8.57036053,985,fec2bcd9-b057-430d-8a2e-41df5cc95009,1597153106568,b_ayarza,1610411501285,b_ayarza,CWP,Si,No,,Si ,1,10 Mb ,,
457,Escuela Omar Torrijos ,Comarca Ngabe-Bugle,Kankintú,Piedra Roja,Comarca Ngäbe-Buglé,194,Si,Si,Panel Solar,No,Sin Internet,7,Mileyka Alvarez,-81.76719302,8.54841611,986,d7a37a3d-8886-47bc-ba27-719db16badce,1597153106568,b_ayarza,1610236549272,b_ayarza,SN/SV,No ,No,,Si ,SN/SV,SN/SV,,
458,Escuela Sirote,Comarca Ngabe-Bugle,Kankintú,Kankintú,Comarca Ngäbe-Buglé,275,Si,Si,Panel Solar,Si,Satelital,6,Vielsa Sanchez Moreno,-81.75497082,8.6045271,987,0d97eec6-d05a-4f5c-aabb-79f4d3b824c0,1597153106568,b_ayarza,1610411510071,b_ayarza,CWP,Si,No,,Si ,1,10 Mb ,,
459,Escuela Rio Suiche,Comarca Ngabe-Bugle,Kankintú,Piedra Roja,Comarca Ngäbe-Buglé,54,Si,Si,Panel Solar,No,Sin Internet,7,Virginia De Leon ,-81.78524852,8.5261941,988,3673ca0a-52b2-45b0-8d59-3643b1749718,1597153106568,b_ayarza,1610236550780,b_ayarza,SN/SV,No ,No,,Si ,SN/SV,SN/SV,,
460,Escuela Piedra Roja,Comarca Ngabe-Bugle,Kankintú,Piedra Roja,Comarca Ngäbe-Buglé,495,Si,Si,Panel Solar,Si,Satelital,7,Dionis Olmedo Gonzalez,-81.796163,8.627453,989,ec4dbd01-9e21-4d79-80c6-cba2f964558b,1597153106568,b_ayarza,1610411525920,b_ayarza,CWP,Si,No,,Si ,1,10 Mb ,,
461,Escuela Santa Marta,Comarca Ngabe-Bugle,Jirondai,Tuwai,Comarca Ngäbe-Buglé,107,Si,Si,Panel Solar,No,Sin Internet,1,Oscar E. Cortez,-82.32330412,9.04591414,990,ada1926e-2b48-49ab-b9a4-975f14cefa7a,1597153106568,b_ayarza,1610236553747,b_ayarza,SN/SV,No ,No,,Si ,SN/SV,SN/SV,,
463,Escuela Rio Auyama,Bocas del Toro,Chiriquí Grande ,Punta Robalo,Bocas del Toro,449,Si,Si,Panel Solar,Si,Dato por Verificar ,14,Zulemi Chocha,-82.30080422,9.13730266,991,34460824-0a28-4960-be05-b0c24762c914,1597153106568,b_ayarza,1610411545452,b_ayarza,Cable Onda ,No ,No,,Si ,1,10 Mb ,,
464,Escuela Palma Real,Bocas del Toro,Chiriquí Grande ,Punta Robalo,Bocas del Toro,25,Si,No,Dato por Verificar,No,Sin Internet,14,Jolin Vigil,-82.29913752,9.03952536,992,6f58b56c-3213-4001-b1d4-4eb8839e0686,1597153106568,b_ayarza,1610236555388,b_ayarza,SN/SV,No ,No,,Si ,SN/SV,SN/SV,,
465,Escuela Miramar,Bocas del Toro,Chiriquí Grande ,Miramar,Bocas del Toro,69,Si,No,Dato por Verificar,No,Sin Internet,14,Emilce Field,-82.24358192,8.99841433,993,b8b3e634-6245-454f-8601-7c4ecf347f5c,1597153106568,b_ayarza,1610236559266,b_ayarza,SN/SV,No ,No,,Si ,SN/SV,SN/SV,,
466,Escuela Dos Bocas,Comarca Ngabe-Bugle,Jirondai,Tuwai,Comarca Ngäbe-Buglé,238,Si,Si,Panel Solar,Si,Satelital,1,Saul Franco,-82.35719302,9.11008057,994,43442867-dd33-4c07-8200-efd7a4c2b9f2,1597153106568,b_ayarza,1612994132342,b_ayarza,CWP,Si,No,,Si ,1,10 Mb ,Si ,
467,Escuela Alto La Gloria,Bocas del Toro,Chiriquí Grande ,Miramar,Bocas del Toro,299,Si,Si,Planta Eléctrica Propia,No,Sin Internet,14,Einis Carrera,-82.23941532,8.9806367,995,3c2236fd-85b6-4de4-8497-af25c2252097,1597153106568,b_ayarza,1610236565167,b_ayarza,SN/SV,No ,No,,Si ,SN/SV,SN/SV,,
468,Escuela Las Cañas,Bocas del Toro,Chiriquí Grande ,Miramar,Bocas del Toro,110,Si,Si,Compañía Distribuidora,No,Sin Internet,14,Octavia Trocmak,-82.27941522,9.01980324,996,9fc96d1c-b583-4486-ab0a-4e14f3eb3e59,1597153106568,b_ayarza,1610236569622,b_ayarza,SN/SV,No ,Si,113.0,Si,SN/SV,SN/SV,,
471,Escuela La Conga,Bocas del Toro,Chiriquí Grande ,Punta Robalo,Bocas del Toro,21,Si,No,Dato por Verificar,No,Sin Internet,14,Dato por Verificar,-82.281685,9.045645,997,4fa5ba66-c62e-4452-9023-de98462bfe75,1597153106568,b_ayarza,1610236571671,b_ayarza,SN/SV,No ,No,,Si ,SN/SV,SN/SV,,
474,Escuela El Escobal,Bocas del Toro,Chiriquí Grande ,Punta Robalo,Bocas del Toro,36,Si,Si,Panel Solar,No,Sin Internet,14,Elmira M. De Chui,-82.34080412,9.14035825,998,8937de93-be08-4e80-a5ab-cd4b872f96cb,1597153106568,b_ayarza,1610236583194,b_ayarza,SN/SV,No ,No,,Si ,SN/SV,SN/SV,,
475,C.E.B.G. El Norteño ,Comarca Ngabe-Bugle,Jirondai,Tuwai,Comarca Ngäbe-Buglé,726,Si,Si,Compañía Distribuidora,Si,Satelital,Dato por verificar,Martin Batista,-82.315,9.01001,999,f3166441-f1fa-4015-8b1c-45de9fd3efc6,1597153106568,b_ayarza,1610411597002,b_ayarza,Cable Onda ,No ,No,,Si ,2,2.0 Mb ,,
476,Escuela Punta Robalo,Bocas del Toro,Chiriquí Grande ,Punta Robalo,Bocas del Toro,14,Si,No,Dato por Verificar,No,Sin Internet,14,Dato por Verificar,-82.24830412,9.04230305,1000,be9c56b1-f963-4a57-b6d0-47eddc7ea2f2,1597153106568,b_ayarza,1610236582266,b_ayarza,SN/SV,No ,No,,Si ,SN/SV,SN/SV,,
2435,Escuela Arreti,Darien,Chepigana ,Río Iglesias,Darién,27,Si,Si,Compañía Distribuidora,No,Sin Internet,3,Angelica Cortez,-78.07982192,8.54435606,1001,4fe54325-e607-48b7-96ee-fcf499e3c66d,1597153106568,b_ayarza,1610236584119,b_ayarza,SN/SV,No ,No,,Si,SN/SV,SN/SV,,
2436,Escuela Bijagual,Darien,Chepigana ,Río Iglesias,Darién,0,Si,Si,Compañía Distribuidora,No,Sin Internet,4,Baneza Chami,-78.00367187,8.45100139,1002,55aba7f0-a1f3-455c-90b8-00fcf2d2245a,1597153106568,b_ayarza,1610236586414,b_ayarza,SN/SV,No ,No,,Si,SN/SV,SN/SV,,
2437,Escuela Condoto,Comarca Embera,Sambú,Jingurudó,Comarca Emberá,0,Si,Si,Panel Solar,No,Sin Internet,3,Milka Chami,-78.13469302,7.88175199,1003,69010559-4fea-4330-a843-be818cd6ac68,1597153106568,b_ayarza,1610236588887,b_ayarza,SN/SV,No ,No,,Si,SN/SV,SN/SV,,
2438,Escuela Valle de Bijagual,Darien,Chepigana ,Sambú,Darién,34,Si,Si,Compañía Distribuidora,Si,Satelital,6,Eida Guerra,-78.01622,8.420895,1004,957d2840-e333-47a9-a457-be4f147a527e,1597153106568,b_ayarza,1610564657770,b_ayarza,Cable Onda ,No ,No,,Si,1,10 Mb ,,
2442,C.E.B.G. Sambú,Darien,Chepigana ,Sambú,Darién,116,Si,Si,Planta Eléctrica de Empresa,Si,Satelital,6,Rigoberto Flaco,-78.20865036,8.02696371,1006,f98eb00a-c786-4668-8b10-8d66421f0052,1597153106568,b_ayarza,1610564707454,b_ayarza,CWP,No ,No,,Si,1,10 Mb ,,
2444,Escuela Rio Sábalo,Comarca Embera,Sambú,Río Sábalo,Comarca Emberá,0,Si,Si,Planta Eléctrica de Empresa,Si,Satelital,3,Evaristo Quintana,-78.20302642,7.97869604,1007,186eae73-ccf8-43c6-a570-4b9274d9f107,1597153106568,b_ayarza,1610564714346,b_ayarza,Cable Onda ,No ,No,,Si,1,2.0 Mb ,,
2445,Escuela Josepaganti,Darien,Chepigana ,Setegantí,Darién,15,Si,Si,Compañía Distribuidora,No,Sin Internet,2,Denis Rodriguez,-78.12378976,8.30799259,1008,276cdbac-9032-44f9-8829-748b2517ec42,1597153106568,b_ayarza,1610236594230,b_ayarza,SN/SV,No ,No,,Si,SN/SV,SN/SV,,
2447,Escuela Seteganti,Darien,Chepigana ,Setegantí,Darién,81,Si,Si,Compañía Distribuidora,Si,Satelital,2,Esther Castillo,-78.0886266,8.29415844,1009,f5d0f099-e1c2-41f2-bb20-9aab19c478d5,1597153106568,b_ayarza,1610564756876,b_ayarza,Cable Onda ,No ,No,,No ,1,2.0 Mb ,,
2448,Escuela El Quintín,Darien,Chepigana ,Setegantí,Darién,48,Si,Si,Compañía Distribuidora,Si,Satelital,2,Maruquel Pinilla,-78.07842888,8.23055606,1010,bf59eddd-d466-4d29-b03a-48deb497ae52,1597153106568,b_ayarza,1610564758484,b_ayarza,Cable Onda ,No ,No,,No ,1,2.0 Mb ,,
2449,Escuela Cémaco,Darien,Chepigana ,Taimatí,Darién,119,Si,Si,Panel Solar,Si,Satelital,6,Elizabeth Gonzalez,-78.22553052,8.15001069,1011,f5a42940-45e4-42ea-b29a-37aa13632468,1597153106568,b_ayarza,1610564759429,b_ayarza,Cable Onda ,No ,No,,Si,1,2.0 Mb ,,
2450,Escuela Crispulo Leotau,Darien,Chepigana ,Taimatí,Darién,72,Si,Si,Panel Solar,Si,Satelital,6,Maria Chavez,-78.24552632,8.1545288,1012,723f8eed-3eff-4963-8090-29aa47cf2cd5,1597153106568,b_ayarza,1610564762309,b_ayarza,Cable Onda ,No ,No,,Si,1,2.0 Mb ,,
2453,Escuela Buenos Aires,Darien,Chepigana ,Tucutí,Darién,13,Si,No,Dato por Verificar,No,Sin Internet,2,Olga Gonzalez,-77.83024852,7.75953022,1013,7f099c5b-cab3-42fb-911f-52b5bdba3c11,1597153106568,b_ayarza,1610236596028,b_ayarza,SN/SV,No ,No,,Si,SN/SV,SN/SV,,
2454,Escuela Nueva Galilea,Darien,Chepigana ,Tucutí,Darién,39,Si,Si,Panel Solar,Si,Satelital,2,Jorge Rios,-77.86302642,7.89091865,1014,3e344340-3bb0-4af1-92ea-df7b34ef42a6,1597153106568,b_ayarza,1610564790395,b_ayarza,Cable Onda ,No ,No,,Si,1,2.0 Mb ,,
2455,Escuela Inocencio Quintanar B.,Darien,Chepigana ,Tucutí,Darién,224,Si,Si,Planta Eléctrica de Empresa,Si,Satelital,2,Ivan Gaitan,-77.93358192,7.962585,1015,392f0795-fe7d-4cb0-a167-9023cdf4f239,1597153106568,b_ayarza,1610564792282,b_ayarza,Cable Onda ,No ,No,,Si,1,2.0 Mb ,,
2456,Escuela Vasco Nunez de Balboa ,Darien,Chepigana ,Tucutí,Darién,32,Si,Si,Planta Eléctrica de Empresa,Si,Satelital,2,Yeny Calamari,-77.84997082,7.87036313,1016,f204e503-d844-4297-b94f-99a926da6c96,1597153106568,b_ayarza,1610564796368,b_ayarza,Cable Onda ,No ,No,,Si,1,2.0 Mb ,,
2458,Escuela Pueblo Nuevo,Darien,Chepigana ,Tucutí,Darién,11,Si,Si,Panel Solar,No,Sin Internet,2,Heidi De Leon,-77.89108192,7.91258518,1017,d9de494e-aa35-4949-bd7d-becd6c3907a8,1597153106568,b_ayarza,1610236599119,b_ayarza,SN/SV,No ,No,,Si,SN/SV,SN/SV,,
2707,Escuela Ernestina de Chiari,Herrera,Santa María,El Rincón,Herrera,196,No,Si,Compañía Distribuidora,Si,Hibrido de Fibra Coaxial,3,Jose Dwitt H.,-80.61630273,8.12140393,1018,b8dd7af5-30d8-4b1a-8917-56c3382ac317,1597153106568,b_ayarza,1610568212620,b_ayarza,Cable Onda,No ,No,,No ,1,6 Mb ,,
2085,Escuela LLano Culebra,Chiriqui,Tolé,El Cristo,Chiriquí,490,Si,Si,Panel Solar,Si,Satelital,27,Davis Enoldo Sanjur Aguila De Mondolis,-81.61496557,8.30551575,1019,da9e0f04-5ba6-484a-b310-5bde79464bbf,1597153106568,b_ayarza,1610498788754,b_ayarza,Cable Onda ,No ,No,,Si,2,10 Mb ,,
2459,Escuela Llano Bonito,Darien,Chepigana ,Tucutí,Darién,56,Si,No,Dato por Verificar,No,Sin Internet,2,Isabela Mendoza,-77.87247082,7.89702973,1020,094fca66-2642-49e3-a787-804b35cd1520,1597153106568,b_ayarza,1610236602221,b_ayarza,SN/SV,No ,No,,Si,SN/SV,SN/SV,,
2460,Escuela Chuleti,Darien,Chepigana ,Tucutí,Darién,21,Si,Si,Planta Eléctrica de Empresa,No,Sin Internet,Dato por verificar,Dato por Verificar,-77.92635972,7.98758491,1021,953bbe9d-82c2-4fd8-ba2e-9208c07e96c5,1597153106568,b_ayarza,1610236604031,b_ayarza,SN/SV,No ,No,,Si,SN/SV,SN/SV,,
2461,Escuela Quebrada Tanque,Darien,Chepigana ,Santa Fé,Darién,19,Si,No,Dato por Verificar,No,Sin Internet,3,Yovana Gomez,-78.04441522,8.71924885,1022,af9f057c-d156-4a3d-8a0e-0caa48b313e3,1597153106568,b_ayarza,1610236606219,b_ayarza,SN/SV,No ,No,,Si,SN/SV,SN/SV,,
2462,Escuela Pueblo Nuevo,Darien,Chepigana ,Santa Fé,Darién,51,Si,Si,Compañía Distribuidora,Si,Satelital,3,Marcelino Diaz,-78.14192574,8.68402748,1023,a8baa3e8-83b7-40a2-9792-29566fca6ed1,1597153106568,b_ayarza,1610564816628,b_ayarza,Cable Onda ,No ,No,,Si,1,2.0 Mb ,,
2464,Escuela Quebrada Lastenia,Darien,Chepigana ,Santa Fé,Darién,11,Si,Si,Panel Solar,No,Sin Internet,3,Amarilis Salas,-78.07830422,8.74035986,1024,96f57e99-d46b-4d7c-8820-f3146122efac,1597153106568,b_ayarza,1610236608587,b_ayarza,SN/SV,No ,No,,Si,SN/SV,SN/SV,,
2465,Escuela La Relojera,Darien,Chepigana ,Santa Fé,Darién,12,Si,Si,Panel Solar,No,Sin Internet,3,Milagro Luque,-78.07135972,8.68647118,1025,a363c38d-f64a-4ca3-aac8-f3ba01ac556e,1597153106568,b_ayarza,1610236610837,b_ayarza,SN/SV,No ,No,,Si,SN/SV,SN/SV,,
2466,Escuela Rio Pavo,Darien,Chepigana ,Río Congo Arriba,Darién,30,Si,Si,Compañía Distribuidora,No,Sin Internet,Dato por verificar,Dato por Verificar,-78.3974799,8.78311398,1026,a0ff3249-350a-4bf6-b4f0-48b1fdc43a25,1597153106568,b_ayarza,1610831831728,b_ayarza,SN/SV,No ,No,,Si,SN/SV,SN/SV,,
2467,Escuela Walla,Darien,Chepigana ,Comarca Wargandí,Darién,399,Si,Si,Panel Solar,No,Sin Internet,Dato por verificar,Dato por Verificar,-78.05715,8.98171,1027,76ddbb31-2fb5-4dbf-800c-07e941bf56f1,1597153106568,b_ayarza,1612994338889,b_ayarza,SN/SV,No ,No,,Si,SN/SV,SN/SV,Si ,
2468,Escuela Evelio D. Carrizo,Herrera,Chitré,Llano Bonito,Herrera,620,No,Si,Compañía Distribuidora,Si,Hibrido de Fibra Coaxial,1,Mariela E. Gonzalez,-80.42913752,7.97175166,1028,34625120-0823-48e4-994d-db931dc2ac74,1597153106568,b_ayarza,1610564909835,b_ayarza,Cable Onda ,No ,No,,No ,1,6 Mb ,,
2475,Colegio Jose D. Crespo,Herrera,Chitré,Chitré,Herrera,2078,No,Si,Compañía Distribuidora,Si,Hibrido de Fibra Coaxial/Fibra Óptica,1,Jesse Diez Giron,-80.421611,7.960524,1030,45c3a464-c72b-4e29-94da-e60820af4a29,1597153106568,b_ayarza,1610564925611,b_ayarza,Cable Onda ,No ,No,,No ,5,4-6 Mb/ 10 Mb ,,
2482,Escuela Tomas Herrera,Herrera,Chitré,San Juan Bautisanta,Herrera,548,No,Si,Compañía Distribuidora,Si,Hibrido de Fibra Coaxial,1,Maritza Trejos,-80.42889703,7.96565022,1031,06411a79-0330-4f13-8d23-9776e0a69deb,1597153106568,b_ayarza,1610831851589,b_ayarza,Cable Onda ,No ,No,,No ,2,6 Mb ,,
2483,Escuela Juan T. del Busto,Herrera,Chitré,Chitre,Herrera,499,No,Si,Compañía Distribuidora,Si,Hibrido de Fibra Coaxial,1,Mayra Corrales,-80.43719302,7.9623072,1032,54a8494a-041f-4679-9d6e-1f650401cd05,1597153106568,b_ayarza,1610564932836,b_ayarza,Cable Onda ,No ,No,,No ,1,6 Mb ,,
2484,Escuela Eneida M. de Castillero,Herrera,Chitré,Llano Bonito,Herrera,327,No,Si,Compañía Distribuidora,Si,Hibrido de Fibra Coaxial,1,Manuel Saavedra,-80.41883918,7.97600803,1033,1c9d0de4-e516-4fb7-95f3-4139ad8271ed,1597153106568,b_ayarza,1610564937726,b_ayarza,Cable Onda ,No ,No,,No ,1,6 Mb ,,
2488,Escuela Hipolito Perez Tello,Herrera,Chitré,Chitré,Herrera,736,No,Si,Compañía Distribuidora,Si,Hibrido de Fibra Coaxial,1,Joel Aizprua,-80.424482,7.964282,1035,f62cf554-849b-4e6c-b87c-dc3398227279,1597153106568,b_ayarza,1610565047235,b_ayarza,Cable Onda ,No ,No,,No ,2,6 Mb ,,
2489,C.E.B.G. Presidente John F. Kennedy,Herrera,Chitré,La Arena,Herrera,1044,No,Si,Compañía Distribuidora,Si,Hibrido de Fibra Coaxial,2,Gladys Ruiz,-80.46339432,7.96915237,1036,9c06b9e2-b06d-4614-a820-041a378867e9,1597153106568,b_ayarza,1610565054207,b_ayarza,Cable Onda/ CWP,No ,No,,No ,4,3-6 Mb/ 1-10 Mb,,
2492,Escuela Boca de Parita,Herrera,Chitré,Monagrillo,Herrera,148,No,Si,Compañía Distribuidora,Si,Hibrido de Fibra Coaxial,1,Argelis Batista,-80.4484896,8.01262522,1037,76a02a05-c6e6-4621-8474-f027f4bcaa2c,1597153106568,b_ayarza,1610565064451,b_ayarza,Cable Onda ,No ,No,,No ,1,6 Mb ,,
2493,Colegio Padre Segundo Familiar Cano,Herrera,Chitré,Monagrillo,Herrera,1636,No,Si,Compañía Distribuidora,Si,Fibra Óptica,1,Pedro Saez,-80.43146731,7.97706743,1038,4b16b467-a927-468b-9a47-9672ea9d0725,1597153106568,b_ayarza,1610565070293,b_ayarza,CWP,No ,No,,No ,4,10 Mb ,,
2496,Escuela Sergio Perez Delgado,Herrera,Chitré,Monagrillo,Herrera,1000,No,Si,Compañía Distribuidora,Si,Hibrido de Fibra Coaxial,1,Martha E. De Rodriguez,-80.43464412,7.98020006,1039,2e26d15c-4267-4a0b-9112-2f3260cba5dc,1597153106568,b_ayarza,1610565409319,b_ayarza,Cable Onda ,No ,No,,No ,2,6 Mb ,,
2498,Escuela Gloriela N. Barria,Herrera,Las Minas ,Las Minas,Herrera,145,No,Si,Compañía Distribuidora,Si,Microondas,9,Jacinto Carrasco,-80.7472132,7.79932869,1040,84a06e58-67c3-4072-a566-5fc947fb6ede,1597153106568,b_ayarza,1610565587928,b_ayarza,Cable Onda ,No ,No,,Si,1,6 Mb ,,
2499,Escuela Cerro Gordo,Herrera,Las Minas ,Las Minas,Herrera,9,No,Si,Compañía Distribuidora,No,Sin Internet,9,Aurelio Montilla,-80.69896995,7.79024881,1041,3320f25c-738c-4214-bec1-2d761f4ac411,1597153106568,b_ayarza,1610236661625,b_ayarza,SN/SV,No ,No,,Si,SN/SV,SN/SV,,
2500,Escuela La Calidonia,Herrera,Las Minas ,Las Minas,Herrera,11,No,Si,Compañía Distribuidora,No,Sin Internet,9,Lourdes Y. Gomez,-80.75446645,7.77151964,1042,a0125487-e160-450b-85cb-0ccffa7c078f,1597153106568,b_ayarza,1610236663410,b_ayarza,SN/SV,No ,No,,Si,SN/SV,SN/SV,,
2501,Escuela La Peña De Tebario,Herrera,Las Minas ,El Toro,Herrera,1,Si,Si,Panel Solar,No,Sin Internet,9,Argelis Avellan,-80.90322,7.7486,1043,a7ab0300-bf98-4314-b65e-732039d856a7,1597153106568,b_ayarza,1610236666371,b_ayarza,SN/SV,No ,Si,,Si,SN/SV,SN/SV,,
2502,Escuela Rio Viejo,Herrera,Las Minas ,Chepo,Herrera,10,Si,Si,Panel Solar,No,Sin Internet,10,Julian J. Corrales,-80.82774852,7.65814157,1044,15f5fdf0-3581-44ce-8e79-470095bd41ba,1597153106568,b_ayarza,1610236668108,b_ayarza,SN/SV,No ,No,,Si,SN/SV,SN/SV,,
2507,Escuela Los Pintos,Herrera,Las Minas ,Las Minas,Herrera,22,No,Si,Compañía Distribuidora,No,Sin Internet,9,Apolonio Guerra,-80.69885972,7.77230787,1045,95eca43f-4868-4e24-8f86-42450c33b760,1597153106568,b_ayarza,1610236670347,b_ayarza,SN/SV,No ,No,,Si,SN/SV,SN/SV,,
2508,Escuela La Cuchilla,Herrera,Las Minas ,Las Minas,Herrera,5,Si,Si,Compañía Distribuidora,No,Sin Internet,9,Rubiela Tejedor,-80.70469302,7.8203633,1046,3e409770-4f6d-49cb-a46d-87cb92c9c49d,1597153106568,b_ayarza,1610236672004,b_ayarza,SN/SV,No ,No,,Si,SN/SV,SN/SV,,
2509,Escuela Filo LLano,Herrera,Las Minas ,Chepo,Herrera,1,Si,No,Dato por Verificar,No,Sin Internet,10,David Perez,-80.81924768,7.68458024,1047,c6c2d45d-97ef-4f00-9b5c-28d215af8e2d,1597153106568,b_ayarza,1610236673835,b_ayarza,SN/SV,No ,No,,Si,SN/SV,SN/SV,,
2510,Escuela La Desbarrancada,Herrera,Las Minas ,Chepo,Herrera,25,Si,Si,Panel Solar,No,Sin Internet,10,Roxana Guerrero,-80.78969302,7.6495306,1048,44109b2b-2563-4158-bea2-281345ba96b0,1597153106568,b_ayarza,1610236676088,b_ayarza,SN/SV,No ,No,,Si,SN/SV,SN/SV,,
2512,Escuela La Sonadora,Herrera,Las Minas ,Chepo,Herrera,15,Si,Si,Panel Solar,No,Sin Internet,10,Jose I. Gonzalez C.,-80.85025067,7.70540009,1049,4094b81e-d4ed-403e-b458-c3c97b4483c7,1597153106568,b_ayarza,1610236682594,b_ayarza,SN/SV,No ,No,,Si,SN/SV,SN/SV,,
2513,Escuela El Jacinto,Herrera,Las Minas ,Chepo,Herrera,19,Si,Si,Panel Solar,No,Sin Internet,10,Francisco A. Deago V.,-80.8072612,7.69245459,1050,1c37ce6f-0bad-4850-abc2-62ff422303e5,1597153106568,b_ayarza,1610236684790,b_ayarza,SN/SV,No ,No,,Si,SN/SV,SN/SV,,
2514,Escuela Las Playitas,Herrera,Las Minas ,Chepo,Herrera,13,Si,Si,Panel Solar,No,Sin Internet,9,Yarelys O. Castillo,-80.79427457,7.70634892,1051,ef1a43b3-8692-42f8-b137-ac51a114d37e,1597153106568,b_ayarza,1610236687463,b_ayarza,SN/SV,No ,No,,Si,SN/SV,SN/SV,,
2515,C.E.B.G. de Chepo,Herrera,Las Minas ,Chepo,Herrera,193,No,Si,Compañía Distribuidora,Si,Satelital,9,Damaris Almendas,-80.82690671,7.73060902,1052,82e017ad-ff3c-401b-adad-cc9a7938f374,1597153106568,b_ayarza,1610565666901,b_ayarza,Cable Onda ,No ,Si,,Si,2,2.0 Mb ,,
1537,Escuela Palmira,Chiriqui,Boquete,Palmira,Chiriquí,294,No,Si,Compañía Distribuidora,Si,Fibra Óptica,7,Dato por Verificar,-82.44941522,8.74202656,1053,5fa65bf6-2b5d-489c-b68a-f12001310650,1597153106568,b_ayarza,1610489227945,b_ayarza,Cable Onda ,No ,No,,No ,1,10 Mb ,,
2516,Escuela Rio Negro,Herrera,Las Minas ,Chepo,Herrera,3,Si,Si,Compañía Distribuidora,No,Sin Internet,10,Jorge Herrera,-80.81409159,7.60973371,1054,4c1fad7a-1cca-4040-907e-d9a7f837c194,1597153106568,b_ayarza,1610236689181,b_ayarza,SN/SV,No ,No,,Si,SN/SV,SN/SV,,
2518,Escuela El Chumical,Herrera,Las Minas ,Chumical,Herrera,46,No,Si,Compañía Distribuidora,Si,Fibra Óptica,9,Avelina Banda,-80.73591256,7.84797975,1055,aac820a2-e340-4af7-9351-aa14c1cc11c4,1597153106568,b_ayarza,1610565672304,b_ayarza,CWP,No ,No,,Si,1,10 Mb ,,
2520,Escuela El Maure,Herrera,Las Minas ,El Toro,Herrera,7,Si,Si,Panel Solar,No,Sin Internet,9,Carlin Perez,-80.88686635,7.7744794,1056,b4772cee-a234-4a30-afd1-1a11fd103cb9,1597153106568,b_ayarza,1610236690822,b_ayarza,SN/SV,No ,No,,Si,SN/SV,SN/SV,,
2522,Escuela El Toro,Herrera,Las Minas ,El Toro,Herrera,30,No,Si,Compañía Distribuidora,Si,Satelital,9,Maria Pimentel,-80.86908484,7.75322908,1057,0efe8ee9-e195-41ac-83e4-e3501c6007a1,1597153106568,b_ayarza,1610565701400,b_ayarza,Cable Onda ,No ,No,,Si,1,2.0 Mb ,,
2524,Escuela El Platito,Herrera,Las Minas ,El Toro,Herrera,3,Si,Si,Panel Solar,No,Sin Internet,9,Jorge Perez,-80.89608192,7.7375858,1058,ad7e9973-763d-444a-bbbe-cf21dfcb4cef,1597153106568,b_ayarza,1610236692525,b_ayarza,SN/SV,No ,No,,Si,SN/SV,SN/SV,,
2525,Escuela El Castillo,Herrera,Las Minas ,El Toro,Herrera,11,Si,Si,Panel Solar,No,Sin Internet,9,Carmen Castillo,-80.90379327,7.75580328,1059,05ed69e7-5bbd-4937-aa87-d078cf6bfc7c,1597153106568,b_ayarza,1610236696675,b_ayarza,SN/SV,No ,No,,Si,SN/SV,SN/SV,,
2526,Escuela La Peña,Herrera,Las Minas ,Leones,Herrera,4,No,Si,Compañía Distribuidora,No,Sin Internet,9,Manuel Guillen,-80.78954847,7.75563219,1060,ac2c43fc-af75-4c1c-8bf5-cf5051bfa8cd,1597153106568,b_ayarza,1610236699722,b_ayarza,SN/SV,No ,No,,Si,SN/SV,SN/SV,,
2527,Escuela Las Lajas,Herrera,Las Minas ,Leones,Herrera,12,Si,Si,Compañía Distribuidora,No,Sin Internet,9,Idaldo Atencio,-80.77076614,7.7777023,1061,4421cad8-e6f2-4ea9-92fc-e362cebbf6bf,1597153106568,b_ayarza,1610236703161,b_ayarza,SN/SV,No ,No,,Si,SN/SV,SN/SV,,
2528,Escuela Los Ceibos,Herrera,Las Minas ,Leones,Herrera,2,Si,No,Dato por Verificar,No,Sin Internet,9,Yadira Martinez,-80.82413742,7.75341914,1062,945e87c0-5995-4092-aaf7-d00d8085a1af,1597153106568,b_ayarza,1610236704912,b_ayarza,SN/SV,No ,No,,Si,SN/SV,SN/SV,,
2529,Escuela Los Helechales,Herrera,Las Minas ,Leones,Herrera,4,Si,Si,Compañía Distribuidora,No,Sin Internet,9,Marlenys Lopez,-80.80147491,7.8091597,1063,7d95585a-00de-4357-8062-af591d3a0751,1597153106568,b_ayarza,1610236706755,b_ayarza,SN/SV,No ,No,,Si,SN/SV,SN/SV,,
2530,Escuela Leones,Herrera,Las Minas ,Leones,Herrera,18,Si,Si,Compañía Distribuidora,No,Sin Internet,9,Zonia Franco,-80.85317158,7.76981928,1064,4cd5c727-68d6-4f82-a0e7-0a5f5d929d4f,1597153106568,b_ayarza,1610236709129,b_ayarza,SN/SV,No ,No,,Si,SN/SV,SN/SV,,
2531,Escuela El Suay,Herrera,Las Minas ,Leones,Herrera,6,Si,Si,Compañía Distribuidora,No,Sin Internet,9,Abelardo Soto,-80.81335469,7.78440239,1065,48cc1cc8-39a5-4907-b770-2b864e58433f,1597153106568,b_ayarza,1610236710858,b_ayarza,SN/SV,No ,No,,Si,SN/SV,SN/SV,,
2532,Escuela Los Virotales,Herrera,Las Minas ,Quebrada El Ciprián,Herrera,13,Si,Si,Panel Solar,No,Sin Internet,10,Denis Ramos,-80.77811114,7.67299529,1066,4ab85a0a-eabd-4799-95c5-6804e4af461b,1597153106568,b_ayarza,1610236714047,b_ayarza,SN/SV,No ,No,,Si,SN/SV,SN/SV,,
2533,Escuela Las Matas,Herrera,Las Minas ,Quebrada El Ciprián,Herrera,14,Si,Si,Panel Solar,No,Sin Internet,10,Denis Cortez S.,-80.74913592,7.6560414,1067,2fe3de90-22a5-41ea-b5a9-3171155b3129,1597153106568,b_ayarza,1610236716656,b_ayarza,SN/SV,No ,No,,Si,SN/SV,SN/SV,,
2534,Escuela La Huaca,Herrera,Las Minas ,Quebrada Del Rosario,Herrera,8,Si,Si,Compañía Distribuidora,Si,Satelital,10,Maura Y. Rodriguez F.,-80.76094525,7.74198553,1068,fc4296cd-efc2-485f-a28d-89389510554f,1597153106568,b_ayarza,1610565755265,b_ayarza,Cable Onda,No ,No,,Si,1,2.0 Mb,,
2535,Escuela El Cope,Herrera,Las Minas ,Quebrada El Ciprián,Herrera,6,Si,Si,Compañía Distribuidora,No,Sin Internet,10,Iluminada Velasquez,-80.73228337,7.69689189,1069,a692d542-a3fa-4d26-a1e5-7ee65ca6276a,1597153106568,b_ayarza,1610236719042,b_ayarza,SN/SV,No ,No,,Si,SN/SV,SN/SV,,
2536,Escuela Las Yescas,Herrera,Las Minas ,Quebrada Del Rosario,Herrera,11,Si,Si,Compañía Distribuidora,No,Sin Internet,11,Juan Manuel Gonzalez,-80.71042429,7.73287545,1070,391921af-ab63-471f-9891-9e63d5f116d0,1597153106568,b_ayarza,1610236720948,b_ayarza,SN/SV,No ,No,,Si,SN/SV,SN/SV,,
2537,Escuela Quebrada del Rosario Abajo,Herrera,Las Minas ,Quebrada Del Rosario,Herrera,7,Si,Si,Compañía Distribuidora,No,Sin Internet,11,Yaquelin Rodriguez,-80.72245062,7.70080978,1071,9cbd5e26-6bd7-479a-9ba3-7e6ebbfd254a,1597153106568,b_ayarza,1610236726443,b_ayarza,SN/SV,No ,No,,Si,SN/SV,SN/SV,,
2281,Escuela La Tortuga,Comarca Embera,Cémaco,Lajas Blancas,Comarca Emberá,0,Si,Si,Panel Solar,No,Sin Internet,2,Donoso Chango,-77.71302642,8.53341617,1072,338baba7-94b6-49f0-9eba-bc25a2be112d,1597153106568,b_ayarza,1610236774851,b_ayarza,SN/SV,No ,No,,Si,SN/SV,SN/SV,,
2538,Escuela Quebrada de Cantaro,Herrera,Las Minas ,Chepo,Herrera,53,Si,Si,Panel Solar,No,Sin Internet,10,Alicia M. Flores F.,-80.78344373,7.68810411,1073,9999ad2b-a835-442f-8117-479fb57d5631,1597153106568,b_ayarza,1610236775804,b_ayarza,SN/SV,No ,No,,Si,SN/SV,SN/SV,,
2541,Escuela El Gallo,Herrera,Las Minas ,Quebrada Del Rosario,Herrera,7,Si,No,Dato por Verificar,No,Sin Internet,11,Nelda Gonzalez,-80.71170009,7.71988087,1074,b8ab6dc1-8b57-4ce8-ac19-fb231bfb739d,1597153106568,b_ayarza,1610236776414,b_ayarza,SN/SV,No ,No,,Si,SN/SV,SN/SV,,
2542,Escuela Loma del Ranchito,Herrera,Las Minas ,Quebrada El Ciprián,Herrera,5,Si,Si,Panel Solar,No,Sin Internet,10,Zuleika Rios,-80.7525819,7.68149465,1075,58409f34-6f33-4998-8110-52bdaa6ed43e,1597153106568,b_ayarza,1610236778572,b_ayarza,SN/SV,No ,No,,Si,SN/SV,SN/SV,,
2543,Escuela El Nanzal,Herrera,Las Minas ,Quebrada Del Rosario,Herrera,47,No,Si,Compañía Distribuidora,Si,Satelital,10,Efrain Franco P.,-80.72408647,7.74346541,1076,f88ecae0-067b-4e97-8ac4-d3d5d87b28fa,1597153106568,b_ayarza,1610565776994,b_ayarza,Cable Onda,No ,No,,Si,1,2.0 Mb,,
2544,Escuela Quebrada de Ciprian,Herrera,Las Minas ,Quebrada El Ciprián,Herrera,20,Si,No,Dato por Verificar,No,Sin Internet,10,Yariela Ramos,-80.7642646,7.70255265,1077,bbdf13da-2cbf-4198-9709-ae8b84420c68,1597153106568,b_ayarza,1610236777947,b_ayarza,SN/SV,No ,No,,Si,SN/SV,SN/SV,,
2545,Escuela Quebrada del Rosario,Herrera,Las Minas ,Quebrada Del Rosario,Herrera,54,Si,Si,Compañía Distribuidora,Si,Satelital,10,Leyda Perez Rios,-80.73677988,7.71956914,1078,bbd1b129-f3ce-4c4c-b7b0-658d494be4d6,1597153106568,b_ayarza,1610565820054,b_ayarza,Cable Onda,No ,No,,Si,1,2.0 Mb,,
2547,C.E.B.G. Los Pozos,Herrera,Los Pozos,Los Pozos,Herrera,404,No,Si,Compañía Distribuidora,Si,Fibra Óptica,4,Benjamin Perez,-80.6464432,7.78155027,1079,36c61ca8-381a-403d-82e0-c6c71ba4493d,1597153106568,b_ayarza,1610565825690,b_ayarza,CWP,No ,No,,Si,2,10 Mb,,
2549,Escuela El Chirote,Herrera,Los Pozos,La Pitaloza,Herrera,5,Si,No,Dato por Verificar,No,Sin Internet,12,Olmedo Rodriguez,-80.680973,7.60691835,1080,bbcd7c0f-a270-4106-afc7-235372e34ca2,1597153106568,b_ayarza,1610236781712,b_ayarza,SN/SV,No ,No,,Si,SN/SV,SN/SV,,
2550,Escuela Las Cuestas,Herrera,Los Pozos,Los Pozos,Herrera,4,Si,Si,Compañía Distribuidora,Si,Fibra Óptica,11,Deisy Marelys Mela Bosquez.,-80.67163742,7.83036327,1081,60784cf7-e974-45e3-b5a5-111dc5e5f182,1597153106568,b_ayarza,1610565891651,b_ayarza,Cable Onda,No ,No,,Si,1,10 Mb,,
2551,Escuela Francisco Henriquez,Herrera,Los Pozos,Los Pozos,Herrera,41,No,Si,Compañía Distribuidora,Si,Fibra Óptica,4,Diamantina Quintero,-80.6813113,7.79053802,1082,89e2ee82-8210-49f1-9f57-7c5ad35082ce,1597153106568,b_ayarza,1610565890247,b_ayarza,Cable Onda,No ,No,,Si,1,10 Mb,,
2552,C.E.B.G. Luciria de Pimentel,Herrera,Los Pozos,Los Pozos,Herrera,218,No,Si,Planta Eléctrica de Empresa,Si,Fibra Óptica,4,Herlinda Almendas De Trejos,-80.64641066,7.78746355,1083,9b190638-f590-4e21-ac99-c2950d821dc9,1597153106568,b_ayarza,1610565893598,b_ayarza,CWP,No ,No,,Si,1,10 Mb,,
2553,Escuela El Manglillo,Herrera,Los Pozos,La Pitaloza,Herrera,5,Si,No,Dato por Verificar,No,Sin Internet,12,Eduardo F. Ramirez,-80.783707,7.566905,1084,bf144111-5963-42aa-9453-fa083de4771a,1597153106568,b_ayarza,1610236783222,b_ayarza,SN/SV,No ,Si,,Si,SN/SV,SN/SV,,
2554,Escuela El Piro,Herrera,Los Pozos,Los Pozos,Herrera,4,No,Si,Compañía Distribuidora,Si,Fibra Óptica,4,Lidia Mudarra,-80.63147845,7.7658356,1085,cc549c64-e76b-48d2-8530-ffd35a080d38,1597153106568,b_ayarza,1610565920465,b_ayarza,CWP,No ,No,,Si,1,10 Mb,,
2555,Escuela Barro Blanco,Herrera,Los Pozos,Los Pozos ,Herrera,12,No,Si,Compañía Distribuidora,Si,Fibra Óptica,11,Aida Canto,-80.67513398,7.80934975,1086,8e81e112-c06e-4da8-b6e8-322cbcca1bbe,1597153106568,b_ayarza,1610565921906,b_ayarza,Cable Onda,No ,No,,Si,1,10 Mb,,
2556,Escuela Sabaneta de Leones,Herrera,Los Pozos,Los Pozos,Herrera,4,Si,Si,Compañía Distribuidora,No,Sin Internet,11,Irasema Enith Gonzalez,-80.66718712,7.75503972,1087,03175083-de81-4fcc-ad5d-ac3998d10856,1597153106568,b_ayarza,1610236785712,b_ayarza,SN/SV,No ,No,,Si,SN/SV,SN/SV,,
2558,Escuela Las Lagunitas,Herrera,Los Pozos,Capurí,Herrera,8,No,Si,Compañía Distribuidora,No,Sin Internet,12,Evidelia Vargas De Guillen,-80.6700317,7.73071882,1088,0cb8c143-58fb-422e-8852-a31afe8a2359,1597153106568,b_ayarza,1610236788071,b_ayarza,SN/SV,No ,No,,Si,SN/SV,SN/SV,,
2559,Escuela El Capurí,Herrera,Los Pozos,Capurí,Herrera,12,No,Si,Compañía Distribuidora,No,Sin Internet,12,Pedro A. Bosquez M.,-80.64201042,7.72646517,1089,32e58495-da97-41c7-83b7-5fa45138f14a,1597153106568,b_ayarza,1610236789759,b_ayarza,SN/SV,No ,No,,Si,SN/SV,SN/SV,,
1720,Escuela Nuevo Amanecer,Chiriqui,David,David,Chiriquí,194,No,Si,Compañía Distribuidora,Si,Hibrido de Fibra Coaxial,2,Jose Otero,-82.44683699,8.41861431,1090,b7a43f18-13d3-4b55-8ea7-0b1ef026d37f,1597153106568,b_ayarza,1610492124541,b_ayarza,Cable Onda ,No ,No,,No ,1,6 Mb ,,
2582,Escuela Las Pipas,Herrera,Los Pozos,Los Cerros De Paja,Herrera,75,No,Si,Compañía Distribuidora,Si,Satelital,11,Lastenia Guillen,-80.69580412,7.70397481,1091,0fcaae7e-a95f-40c0-8c29-acc826ad54ad,1597153106568,b_ayarza,1610566034652,b_ayarza,Cable Onda,No ,No,,Si,1,2.0 Mb,,
2560,Escuela El Jacintillo,Herrera,Los Pozos,Capurí,Herrera,13,No,Si,Compañía Distribuidora,No,Sin Internet,12,Jose Trejos,-80.65567797,7.73620928,1092,85a126d7-8b7e-48a1-9ea7-0d72d4e49fbb,1597153106568,b_ayarza,1610236791368,b_ayarza,SN/SV,No ,No,,Si,SN/SV,SN/SV,,
2562,Escuela La Canoa,Herrera,Los Pozos,El Calabacito,Herrera,6,No,Si,Compañía Distribuidora,No,Sin Internet,12,Aracelis H. De Rodriguez,-80.61157749,7.71939114,1093,fab05ff3-25a3-481e-94d6-7f41096c7e71,1597153106568,b_ayarza,1610236793040,b_ayarza,SN/SV,No ,Si,,Si,SN/SV,SN/SV,,
2564,Escuela El Calabacito,Herrera,Los Pozos,El Calabacito,Herrera,13,No,Si,Compañía Distribuidora,Si,Satelital,12,Lisbeth Juarez,-80.59564852,7.72109339,1094,3bcce6df-c180-4a21-bb73-8e627f2ff25a,1597153106568,b_ayarza,1610565959761,b_ayarza,Cable Onda,No ,No,,Si,1,2.0 Mb ,,
2567,Escuela La Arena,Herrera,Los Pozos,La Arena,Herrera,9,No,Si,Compañía Distribuidora,No,Sin Internet,12,Nerys Valdes De De Leon,-80.59171001,7.7513303,1095,3a606b12-63f1-4b11-8bde-41c81bca765b,1597153106568,b_ayarza,1610236796371,b_ayarza,SN/SV,No ,No,,Si,SN/SV,SN/SV,,
2569,Escuela Los Peladeros,Herrera,Los Pozos,Las Llanas,Herrera,10,Si,No,Dato por Verificar,No,Sin Internet,11,Lineth Villarreal,-80.72151467,7.65780723,1096,cc43665a-de76-4fb5-975e-955fef9226e8,1597153106568,b_ayarza,1610236797965,b_ayarza,SN/SV,No ,No,,Si,SN/SV,SN/SV,,
2570,Escuela Cruce de Santa Clara,Herrera,Los Pozos,La Pitaloza,Herrera,8,Si,Si,Panel Solar,No,Sin Internet,12,Yahaira L. Tello A.,-80.7200648,7.58696597,1097,89236ede-8be5-4275-9bc0-282f2d66df5a,1597153106568,b_ayarza,1610236800621,b_ayarza,SN/SV,No ,No,,Si,SN/SV,SN/SV,,
2571,Escuela LLana Arriba,Herrera,Los Pozos,Las Llanas,Herrera,9,Si,Si,Compañía Distribuidora,No,Sin Internet,12,Lilibeth Robles,-80.70819386,7.64808598,1098,00c1dced-d47d-49d8-9558-c8fb956096ac,1597153106568,b_ayarza,1610236802328,b_ayarza,SN/SV,No ,No,,Si,SN/SV,SN/SV,,
2572,Escuela Llana Abajo,Herrera,Los Pozos,Las Llanas,Herrera,11,Si,Si,Compañía Distribuidora,Si,Satelital,12,Jorge M. Calderon R.,-80.69219302,7.66147496,1099,ee89c851-ac6b-4719-95c8-c24a3d7a04b3,1597153106568,b_ayarza,1610565985121,b_ayarza,Cable Onda,No ,No,,Si,1,2.0 Mb ,,
2573,Escuela El Caracucho,Herrera,Los Pozos,Las Llanas,Herrera,12,Si,Si,Compañía Distribuidora,No,Sin Internet,12,Martina Diaz Bernal,-80.68914026,7.64312828,1100,6cf2846d-6f34-4455-8d2e-206e0075d7de,1597153106568,b_ayarza,1610236803919,b_ayarza,SN/SV,No ,No,,Si,SN/SV,SN/SV,,
2574,Escuela La Pitaloza,Herrera,Los Pozos,La Pitaloza,Herrera,31,No,Si,Compañía Distribuidora,Si,Satelital,12,Eneida Almanza,-80.66832311,7.6418568,1101,bba83d34-c418-4f26-9919-9b9e4ec0955f,1597153106568,b_ayarza,1610566000133,b_ayarza,Cable Onda,No ,No,,Si,1,2.0 Mb ,,
2575,Escuela El Canafistulo ,Herrera,Los Pozos,La Pitaloza,Herrera,26,Si,Si,Compañía Distribuidora,No,Sin Internet,12,Yessica Huerta,-80.6515898,7.64506366,1102,3697f400-4c10-47ea-845a-61d16b65558b,1597153106568,b_ayarza,1610236806470,b_ayarza,SN/SV,No ,No,,Si,SN/SV,SN/SV,,
2576,Escuela Santa Clara,Herrera,Los Pozos,La Pitaloza,Herrera,6,Si,No,Dato por Verificar,No,Sin Internet,12,Rosa M. Marin O.,-80.75871999,7.57100266,1103,0f415011-7088-4098-83b8-bed9c3b46b61,1597153106568,b_ayarza,1610236810067,b_ayarza,SN/SV,No ,No,,Si,SN/SV,SN/SV,,
2577,Escuela Los Cerritos,Herrera,Los Pozos,Los Cerritos,Herrera,51,No,Si,Compañía Distribuidora,No,Sin Internet,4,Reyna Marciaga De Perez,-80.61532136,7.80309434,1104,d3ffe87f-1122-46b9-bde8-51fb3eb70a5e,1597153106568,b_ayarza,1610236813291,b_ayarza,SN/SV,No ,Si,,Si,SN/SV,SN/SV,,
2579,Escuela Pan de Azúcar,Herrera,Los Pozos,Los Cerros De Paja,Herrera,6,Si,Si,Compañía Distribuidora,No,Sin Internet,11,Olga Dominguez,-80.68723367,7.73482933,1105,4392f7ab-b109-4d71-9e1d-f1bc80c54aa3,1597153106568,b_ayarza,1610236825663,b_ayarza,SN/SV,No ,No,,Si,SN/SV,SN/SV,,
2581,Escuela El Chorrillo,Herrera,Los Pozos,Los Cerros De Paja,Herrera,3,Si,No,Dato por Verificar,No,Sin Internet,11,Yajaira E Montenegro,-80.6988,7.71548,1106,cf7139e7-f442-4048-836d-90acf7f51930,1597153106568,b_ayarza,1610236826289,b_ayarza,SN/SV,No ,No,,Si,SN/SV,SN/SV,,
2898,Instituto Plinio A. Moscoso,Los Santos,Pedasí,Pedasí,Los Santos,223,No,Si,Compañía Distribuidora,Si,Fibra Óptica,Dato por verificar,Dato por Verificar,-80.02760125,7.53306574,1107,0fc35581-5a56-4f18-9e02-55f80945f033,1597153106568,b_ayarza,1610649314854,b_ayarza,Cable Onda,No ,No,,No ,1,10 Mb ,,
1866,Escuela Jose Sabino Bonilla,Comarca Ngabe-Bugle,Nole Duima,Susama,Comarca Ngäbe-Buglé,282,Si,Si,Panel Solar,No,Sin Internet,Dato por verificar,Dato por Verificar,-81.78360373,8.37717995,1108,77ce0aae-3fa5-4f06-8147-5543edb9a594,1597153106568,b_ayarza,1610236826882,b_ayarza,SN/SV,No ,No,,Si,SN/SV,SN/SV,,
2710,Escuela La Guaca,Los Santos,Guararé,Guararé,Los Santos,13,No,Si,Compañía Distribuidora,Si,Hibrido de Fibra Coaxial,2,Nilsa Marilin De Puyol,-80.27185845,7.80751444,1109,1df7a6fe-87b1-442d-9713-b281cee50002,1597153106568,b_ayarza,1610568295941,b_ayarza,Cable Onda,No ,No,,No ,1,6 Mb ,,
1721,Escuela Loma Colorada,Chiriqui,David,David,Chiriquí,710,No,Si,Compañía Distribuidora,Si,Hibrido de Fibra Coaxial,1,Dacmar Torres,-82.41758089,8.41043878,1110,1ba493e3-93a6-401c-8867-88de5ef79d99,1597153106568,b_ayarza,1610492125301,b_ayarza,Cable Onda ,No ,No,,No ,1,6 Mb ,,
1722,Escuela Maria Olimpia de Obaldia,Chiriqui,David,David,Chiriquí,530,No,Si,Compañía Distribuidora,Si,Hibrido de Fibra Coaxial,1,Maria Migdalia Caceres De Pitti,-82.42676475,8.39384385,1111,dbb90f0a-c33a-44d9-a7de-cd3474829e72,1597153106568,b_ayarza,1610492126800,b_ayarza,Cable Onda ,No ,No,,No ,1,6 Mb ,,
1723,C.E.B.G. Elisa Chiari,Chiriqui,David,David,Chiriquí,858,No,Si,Compañía Distribuidora,Si,Hibrido de Fibra Coaxial,1,Pedro Arauz,-82.42164122,8.42111406,1112,01093d71-9700-487c-a5c8-abd30bb9a8fc,1597153106568,b_ayarza,1610492127367,b_ayarza,Cable Onda ,No ,No,,No ,1,6 Mb ,,
1724,Escuela Doleguita,Chiriqui,David,David,Chiriquí,608,No,Si,Compañía Distribuidora,Si,Hibrido de Fibra Coaxial,2,Rita M. De Tejeira,-82.42747082,8.43952773,1113,3e322b98-8503-4652-bc2b-b5771c57ec70,1597153106568,b_ayarza,1610492130001,b_ayarza,Cable Onda ,No ,No,,No ,1,6 Mb ,,
1725,Escuela Barriada Victoriano Lorenzo,Chiriqui,David,David,Chiriquí,299,No,Si,Compañía Distribuidora,Si,Hibrido de Fibra Coaxial,3,Evis L. Ortiz R.,-82.4356467,8.41488126,1114,08870217-5935-4929-95ac-5d7e50d145be,1597153106568,b_ayarza,1610492140360,b_ayarza,Cable Onda ,No ,No,,No ,1,6 Mb ,,
1726,Escuela Nuevo Vedado,Chiriqui,David,David,Chiriquí,376,No,Si,Compañía Distribuidora,Si,Hibrido de Fibra Coaxial,1,Elvia Caballero E.,-82.42719302,8.41952781,1115,44cb0884-c6e0-4a8c-9d23-d0cb9555b3ef,1597153106568,b_ayarza,1610492141344,b_ayarza,Cable Onda ,No ,No,,No ,1,6 Mb ,,
1727,Escuela José María Roy,Chiriqui,David,David,Chiriquí,875,No,Si,Compañía Distribuidora,Si,Hibrido de Fibra Coaxial,2,Maria C. Morales,-82.43373395,8.42166873,1116,ec2a0b11-eeef-4cc0-b55e-e37d17b46f4a,1597153106568,b_ayarza,1610492142204,b_ayarza,Cable Onda ,No ,No,,No ,1,6 Mb ,,
1728,Escuela Los Cerrillos,Chiriqui,David,Bijagual,Chiriquí,15,No,Si,Compañía Distribuidora,No,Sin Internet,3,Juana Castro,-82.34855926,8.56393828,1117,96f83176-9e30-429e-a9a9-953e77b965a1,1597153106568,b_ayarza,1610236830500,b_ayarza,SN/SV,No ,No,,No ,SN/SV,SN/SV,,
2089,Escuela Cerro Caña,Comarca Ngabe-Bugle,Müna,Cerro Caña,Comarca Ngäbe-Buglé,426,Si,Si,Panel Solar,Si,Satelital,28,Julio Diaz,-81.62524862,8.35675024,1118,91bd1a0a-71fb-4c8c-8cd5-d3e380869ada,1597153106568,b_ayarza,1612994299972,b_ayarza,CWP,Si,No,,Si,1,10 Mb ,Si ,
1730,Escuela Mariano Candanedo,Chiriqui,David,Bijagual,Chiriquí,20,No,Si,Compañía Distribuidora,No,Sin Internet,3,Renoir N. Pimentel,-82.3344545,8.50846329,1119,ddab6607-2252-406e-823f-817ae938ac92,1597153106568,b_ayarza,1610236829563,b_ayarza,SN/SV,No ,No,,No ,SN/SV,SN/SV,,
1732,Escuela Macano,Chiriqui,David,Cochea,Chiriquí,14,No,Si,Compañía Distribuidora,No,Sin Internet,5,Migdalia Barria R.,-82.38941532,8.60980477,1120,4681ba19-8cb4-4a99-a998-8d59bdb996b6,1597153106568,b_ayarza,1610236833965,b_ayarza,SN/SV,No ,No,,No ,SN/SV,SN/SV,,
3089,Escuela El Caimito,Panama Oeste,Capira,Caimito,Panamá Oeste,164,No,Si,Compañía Distribuidora,Si,Fibra Óptica,8,Mirla A. Saldana,-79.94750847,8.81613055,1121,a20a7399-ac32-4d6c-a5b8-74a5c9ae399a,1597153106568,b_ayarza,1610651684210,b_ayarza,Cable Onda,No ,No,,No ,1,10 Mb ,,
2092,Escuela Cerro Iglesia,Chiriqui,Tolé,Cerro Viejo,Chiriquí,8,Si,Si,Panel Solar,No,Sin Internet,Dato por verificar,Dato por Verificar,-81.56574143,8.29064557,1122,cb4597bb-f6e2-44ba-82a1-53b14555b33d,1597153106568,b_ayarza,1610236839299,b_ayarza,SN/SV,No ,No,,Si,SN/SV,SN/SV,,
2711,Colegio Francisco I. Castillero,Los Santos,Guararé,Guararé,Los Santos,887,No,Si,Compañía Distribuidora,Si,Hibrido de Fibra Coaxial,Dato por verificar,Dato por Verificar,-80.28385819,7.82432558,1123,c27b5115-ab85-4943-bcfb-e5ea83eec99b,1597153106568,b_ayarza,1610568297592,b_ayarza,Cable Onda,No ,No,,No ,2,6 Mb ,,
1735,Escuela Cochea Arriba,Chiriqui,David,Cochea,Chiriquí,72,No,Si,Compañía Distribuidora,Si,Microondas,5,Celideth Gonzalez,-82.37778936,8.54293259,1124,f65caf58-f805-4c23-b951-22b35360e165,1597153106568,b_ayarza,1610492368923,b_ayarza,Digicel ,No ,No,,No ,1,4 Mb ,,
2093,Escuela Alto Guayabo,Chiriqui,Tolé,Justo Fidel Palacios,Chiriquí,37,Si,Si,Panel Solar,Si,Satelital,Dato por verificar,Dato por Verificar,-81.53024215,8.30298483,1125,2596217b-b664-4075-965a-ed65f60884b4,1597153106568,b_ayarza,1610499619893,b_ayarza,Cable Onda ,No ,No,,Si,1,2.0 Mb,,
3090,Escuela Enrique A. Jiménez,Panama Oeste,Capira,Campana,Panamá Oeste,47,No,Si,Compañía Distribuidora,Si,Fibra Óptica,5,Dato por Verificar,-79.89276564,8.72007097,1126,fe2fdcab-4244-47dc-9306-84031f414c4c,1597153106568,b_ayarza,1610651685743,b_ayarza,Cable Onda,No ,No,,No ,1,10 Mb ,,
1867,Escuela Petita Santos,Comarca Ngabe-Bugle,Nole Duima,Susama,Comarca Ngäbe-Buglé,558,Si,Si,Compañía Distribuidora,No,Sin Internet,23,Jorge Morris,-81.79763592,8.34514531,1127,6d140c39-4c33-4f56-9fae-a02fb5e6973f,1597153106568,b_ayarza,1610236850901,b_ayarza,SN/SV,No ,Si,,Si,SN/SV,SN/SV,,
2900,C.E.B.G. Plinio A. Moscoso,Los Santos,Pedasí,Pedasí,Los Santos,277,No,Si,Compañía Distribuidora,Si,Fibra Óptica,4,Rosa Cedeño,-80.02907483,7.5320178,1128,2b2b472f-8c70-46a5-a1ce-f58e44af2cf5,1597153106568,b_ayarza,1610649317604,b_ayarza,Cable Onda,No ,No,,No ,1,10 Mb ,,
1538,Escuela Domingo Faustino Sarmiento,Chiriqui,Boquete,Palmira,Chiriquí,20,No,Si,Compañía Distribuidora,Si,Microondas,7,Velia G. Rodriguez A.,-82.46052632,8.76647086,1129,798b7c25-d829-4d00-9fa4-e79fd24ac959,1597153106568,b_ayarza,1610489228710,b_ayarza,Cable Onda ,No ,No,,No ,1,34Mb ,,
2282,Escuela La Caleta,Comarca Embera,Cémaco,Lajas Blancas,Comarca Emberá,0,Si,Si,Sistema Aislado para el Poblado ,No,Sin Internet,2,Leonel Lino,-77.72524862,8.44897209,1130,9b71e0ac-59ba-4539-afe3-356b3f2d36a8,1597153106568,b_ayarza,1610236852579,b_ayarza,SN/SV,No ,No,,Si,SN/SV,SN/SV,,
2094,Escuela Bajo Solis,Chiriqui,Tolé,Justo Fidel Palacios,Chiriquí,38,Si,Si,Panel Solar,No,Sin Internet,Dato por verificar,Dato por Verificar,-81.52497082,8.32480596,1131,2aa3137a-544f-4a0b-92c7-a5b4dfa16c9f,1597153106568,b_ayarza,1610499731325,b_ayarza,SN/SV,No ,No,,Si,SN/SV,SN/SV,,
2583,Escuela Cerro de Paja,Herrera,Los Pozos,Los Cerros De Paja,Herrera,3,Si,Si,Compañía Distribuidora,No,Sin Internet,12,Elvira C. Cordoba,-80.67077202,7.72134943,1132,aa45a14d-9deb-43a0-b59c-5b8765eed24c,1597153106568,b_ayarza,1610236853762,b_ayarza,SN/SV,No ,No,,Si,SN/SV,SN/SV,,
2095,Escuela Alto Algarrobo,Chiriqui,Tolé,Justo Fidel Palacios,Chiriquí,122,Si,Si,Panel Solar,No,Sin Internet,Dato por verificar,Dato por Verificar,-81.56113699,8.34218889,1134,b61fd39a-c50f-4ccb-855b-face73fba946,1597153106568,b_ayarza,1610236860354,b_ayarza,SN/SV,No ,No,,Si,SN/SV,SN/SV,,
2584,Escuela El Salitre,Herrera,Los Pozos,Los Cerros De Paja,Herrera,30,Si,Si,Compañía Distribuidora,No,Sin Internet,11,Milagros Del C Poveda.,-80.71391109,7.67236616,1135,34103bba-44da-4fe7-8054-c4cb4f756ede,1597153106568,b_ayarza,1610236862514,b_ayarza,SN/SV,No ,No,,Si,SN/SV,SN/SV,,
2283,Escuela Punta Grande,Comarca Embera,Cémaco,Manuel Ortega,Comarca Emberá,0,Si,Si,Panel Solar,No,Sin Internet,1,Hiqinio Katua,-77.61858192,8.27425045,1136,06525705-796b-4522-aa8b-a8462b4696bf,1597153106568,b_ayarza,1610236865124,b_ayarza,SN/SV,No ,No,,Si,SN/SV,SN/SV,,
2712,C.E.B.G. Juana Vernaza,Los Santos,Guararé,Guararé,Los Santos,468,No,Si,Compañía Distribuidora,Si,Hibrido de Fibra Coaxial,2,Dato por Verificar,-80.27997082,7.81953001,1137,e488e8ae-fda7-4345-9b08-6616a5234e33,1597153106568,b_ayarza,1610568306909,b_ayarza,Cable Onda,No ,No,,No ,1,6 Mb ,,
1539,C.E.B.G. Bongo Abajo,Chiriqui,Bugaba,El Bongo,Chiriquí,13,No,Si,Compañía Distribuidora,Si,Fibra Óptica,11,Ginela Gonzalez,-82.61774862,8.57286052,1138,04b89794-eb72-4ec9-ac10-e9d1fabe10a8,1597153106568,b_ayarza,1610489229523,b_ayarza,Cable Onda ,No ,No,,No ,1,10 Mb ,,
1868,Escuela Ricardo Murgas,Chiriqui,Remedios,El Nancito,Chiriquí,31,No,Si,Compañía Distribuidora,Si,Fibra Óptica,25,Jose A. Rivera,-81.72979401,8.23904101,1139,e55b2d01-39c9-49a7-b6ee-2af238f15791,1597153106568,b_ayarza,1610497116952,b_ayarza,Cable Onda ,No ,No,,Si,1,10 Mb ,,
3091,Escuela Cerro Campana,Panama Oeste,Capira,Campana,Panamá Oeste,76,No,Si,Compañía Distribuidora,Si,Fibra Óptica,5,Sixta Villamil C.,-79.90268274,8.71172121,1140,b3fff92e-38c1-4fec-876b-977251fba585,1597153106568,b_ayarza,1610651688704,b_ayarza,Cable Onda,No ,No,,No ,1,10 Mb ,,
2903,Escuela Los Destiladeros,Los Santos,Pedasí,Pedasí,Los Santos,11,No,Si,Compañía Distribuidora,Si,Satelital,4,Manuel Herrera,-80.04566513,7.47048016,1141,c693c9bf-bb48-45c4-9610-677480a541f2,1597153106568,b_ayarza,1610649604944,b_ayarza,CWP,No ,No,,No ,1,4 Mb ,,
1736,Escuela Marcelino Samudio,Chiriqui,David,Cochea,Chiriquí,53,No,Si,Compañía Distribuidora,Si,Satelital,3,Xaviera Camarena,-82.35865577,8.50881891,1142,48c6c440-2b32-4df0-8721-aded1b994e8b,1597153106568,b_ayarza,1610492369349,b_ayarza,Cable Onda ,No ,No,,No ,1,2.0 Mb ,,
2096,Escuela Tambor,Chiriqui,Tolé,El Cristo,Chiriquí,162,Si,Si,Panel Solar,Si,Satelital,Dato por verificar,Dato por Verificar,-81.5952694,8.32032435,1143,3ceea4ac-0875-4cfb-b223-6186d35c1152,1597153106568,b_ayarza,1610499754177,b_ayarza,Cable Onda ,No ,No,,Si,1,2.0 Mb,,
2585,Escuela La Arena,Herrera,Ocú,Menchaca,Herrera,7,No,Si,Compañía Distribuidora,Si,Fibra Óptica,8,Marixenia Valencia R.,-80.72469302,7.88286308,1144,a0a4ec20-0d07-4482-9020-3d4a50442aef,1597153106568,b_ayarza,1610566107137,b_ayarza,Cable Onda,No ,No,,No ,1,10 Mb,,
2715,Escuela La Loma,Los Santos,Guararé,El Espinal,Los Santos,17,No,Si,Compañía Distribuidora,Si,Fibra Óptica,2,Maria Del C. Vasquez,-80.33368987,7.83007568,1145,2cae76c0-283f-4f90-8f79-6901bf5dfaca,1597153106568,b_ayarza,1610568311827,b_ayarza,CWP,No ,No,,No ,1,10 Mb ,,
2284,Escuela Boca de Tigre,Comarca Embera,Cémaco,Manuel Ortega,Comarca Emberá,0,Si,Si,Panel Solar,No,Sin Internet,1,Anayansi Olea,-77.54469302,8.23897289,1146,0327df8e-f62c-409c-8040-9c037da13890,1597153106568,b_ayarza,1610236867327,b_ayarza,SN/SV,No ,No,,Si,SN/SV,SN/SV,,
1540,Escuela La Cuchilla,Chiriqui,Bugaba,El Bongo,Chiriquí,92,Si,Si,Compañía Distribuidora,Si,Fibra Óptica,11,Lourdes Castillo,-82.60552632,8.6028604,1147,772550d5-5231-4e79-90ff-aa368c5df6d6,1597153106568,b_ayarza,1610489230070,b_ayarza,Cable Onda ,No ,No,,No ,1,10 Mb ,,
3092,Escuela Quebrada Grande,Panama Oeste,Capira,Cermeño,Panamá Oeste,44,No,Si,Planta Eléctrica de Empresa,Si,Satelital,5,Argelis De Gonzalez,-79.80546423,8.75572523,1148,b9c80321-dff7-4e2b-a895-f2e7daa7f342,1597153106568,b_ayarza,1610651702393,b_ayarza,Cable Onda,No ,No,,No ,1,2.0 Mb,,
1737,Escuela Guayabal,Chiriqui,David,Cochea,Chiriquí,87,No,Si,Compañía Distribuidora,Si,Satelital,3,Irene Acosta De Hernadez,-82.3511931,8.45931038,1149,874adc58-b128-4866-a0d2-2cee448c9acf,1597153106568,b_ayarza,1610492370030,b_ayarza,Cable Onda ,No ,No,,No ,1,2.0 Mb ,,
2904,Escuela Pablo Ballesteros,Los Santos,Pedasí,Los Asientos,Los Santos,66,No,Si,Compañía Distribuidora,Si,Fibra Óptica,4,Manuel Cedeno,-80.13091265,7.51503232,1150,09444fee-48b5-4604-870a-310c52e165bf,1597153106568,b_ayarza,1610649605757,b_ayarza,Cable Onda,No ,No,,No ,1,10 Mb ,,
1876,Escuela Lajero Abajo,Comarca Ngabe-Bugle,Nole Duima,Lajero,Comarca Ngäbe-Buglé,394,Si,Si,Panel Solar,No,Sin Internet,23,Rosa Itzel,-81.76858192,8.27258386,1151,42698160-f2bf-43fc-a605-224c1e40b35e,1597153106568,b_ayarza,1610236870484,b_ayarza,SN/SV,No ,No,,Si,SN/SV,SN/SV,,
3093,Escuela Doctor Augusto Samuel Boyd,Panama Oeste,Capira,Cermeño,Panamá Oeste,67,No,Si,Compañía Distribuidora,Si,Fibra Óptica,5,Shachiska Vasquez,-79.82161132,8.74114091,1152,12ea825a-4be3-44f8-8ea7-9388dde044e6,1597153106568,b_ayarza,1610651711747,b_ayarza,Cable Onda,No ,No,,No ,1,10 Mb ,,
2908,Escuela Oria,Los Santos,Pedasí,Oria Arriba,Los Santos,17,No,Si,Compañía Distribuidora,Si,Satelital,4,Doralis Cedeno,-80.21179,7.51103,1153,42bebde3-8436-4a76-a5ae-de1e6d5c4dd7,1597153106568,b_ayarza,1610649606465,b_ayarza,Cable Onda,No ,No,,No ,1,2.0 Mb ,,
1738,Escuela El Higo,Chiriqui,David,Cochea,Chiriquí,43,No,Si,Compañía Distribuidora,Si,Fibra Óptica,5,Deyra Diaz,-82.3847759,8.57783816,1154,6b9c2ab9-01f9-40af-90f6-34eb623b6f21,1597153106568,b_ayarza,1610492370647,b_ayarza,CWP,No ,No,,No ,1,10 Mb,,
2285,Escuela El Común,Comarca Embera,Cémaco,Manuel Ortega,Comarca Emberá,0,Si,Si,Compañía Distribuidora,No,Sin Internet,1,Ariel Berrugate,-77.62052642,8.18675088,1155,18dce098-3f54-421e-8de1-df60618809dc,1597153106568,b_ayarza,1610236872281,b_ayarza,SN/SV,No ,No,,Si,SN/SV,SN/SV,,
2586,Escuela La Cabuya,Herrera,Ocú,Ocú,Herrera,8,No,Si,Compañía Distribuidora,Si,Fibra Óptica,6,Maria Maure,-80.76719312,7.98258493,1156,a7bb86ff-9f8d-4f02-973b-e4c3f784a6ce,1597153106568,b_ayarza,1610566108507,b_ayarza,Cable Onda,No ,No,,No ,1,10 Mb,,
1541,Escuela Justo Abel Castillo,Chiriqui,Bugaba,La Concepción,Chiriquí,500,No,Si,Compañía Distribuidora,Si,Hibrido de Fibra Coaxial,11,Eleida Beitia C.,-82.61830412,8.52202731,1157,38d96427-3a71-47ba-9219-12211c441f36,1597153106568,b_ayarza,1610489231138,b_ayarza,Cable Onda ,No ,No,,No ,1,6 Mb ,,
1739,Escuela El Veladero,Chiriqui,David,Chiriquí,Chiriquí,85,No,Si,Compañía Distribuidora,Si,Hibrido de Fibra Coaxial,3,osvaldo Bonilla,-82.28785863,8.43234775,1158,246571e8-e52d-43c0-8643-8d41c3188f2f,1597153106568,b_ayarza,1610492371889,b_ayarza,Cable Onda ,No ,No,,No ,1,6 Mb ,,
2911,Escuela Mariabé,Los Santos,Pedasí,Mariabé,Los Santos,6,No,Si,Compañía Distribuidora,Si,Fibra Óptica,4,Edilma Vargas,-80.06326889,7.58116359,1159,d837e43b-6efc-41e1-8ecc-48e6fd00b68e,1597153106568,b_ayarza,1610649607096,b_ayarza,Cable Onda,No ,No,,No ,1,10 Mb ,,
2587,Escuela El Hatillo,Herrera,Ocú,Ocú,Herrera,84,No,Si,Compañía Distribuidora,Si,Fibra Óptica,6,Irma G. De Martinez,-80.77988805,7.96489212,1160,12726d9e-e681-47e1-b31b-23b030e1f265,1597153106568,b_ayarza,1610566110063,b_ayarza,Cable Onda,No ,No,,No ,1,10 Mb,,
2286,Escuela Corozal,Comarca Embera,Cémaco,Manuel Ortega,Comarca Emberá,0,Si,Si,Compañía Distribuidora,No,Sin Internet,1,Tomas Sanapi,-77.59663742,8.20202862,1161,601ff69e-917e-4410-9cd7-c9fe972a785b,1597153106568,b_ayarza,1610236874188,b_ayarza,SN/SV,No ,No,,Si,SN/SV,SN/SV,,
3095,P.C. Monte Oscuro,Panama Oeste,Capira,Cermeño,Panamá Oeste,92,No,Si,Compañía Distribuidora,Si,Satelital,5,Abraham Solis,-79.79075379,8.72463021,1162,75229d1e-f888-4223-85fe-077d391e7a94,1597153106568,b_ayarza,1610651715341,b_ayarza,Cable Onda,No ,No,,No ,1,2.0 Mb,,
1880,Escuela Rio Sereno,Chiriqui,Renacimiento,Río Sereno,Chiriquí,519,No,Si,Compañía Distribuidora,Si,Microondas,15,Maria Gomez Telles,-82.86041678,8.81981185,1163,cbf6ae18-afd3-4b3f-b2e2-bc271525e0ac,1597153106568,b_ayarza,1610497131317,b_ayarza,Cable Onda ,No ,No,,No ,1,10 Mb ,,
2104,Escuela Nuevo Panamá,Chiriqui,Tolé,Cerro Viejo,Chiriquí,11,No,Si,Compañía Distribuidora,Si,Fibra Óptica,26,Iris Lopez,-81.56350619,8.20583249,1164,c858a33f-6209-49f4-8fed-ab1bc834e074,1597153106568,b_ayarza,1610499758020,b_ayarza,Cable Onda ,No ,No,,Si,1,10 Mb ,,
2718,Escuela Felicia de Morcillo,Los Santos,Guararé,El Espinal,Los Santos,59,No,Si,Compañía Distribuidora,Si,Fibra Óptica,2,Maria Espinosa,-80.32065328,7.86656203,1165,15d390df-7b78-4066-b311-d3a535f9642d,1597153106568,b_ayarza,1610568315713,b_ayarza,CWP,No ,No,,No ,1,10 Mb ,,
3098,Escuela Los Uveros,Panama Oeste,Capira,Cirí De  Los Sotos,Panamá Oeste,76,Si,Si,Panel Solar,No,Sin Internet,8,Maria Luisa Rios Ch.,-80.13704233,8.952485,1166,8b693839-5248-480b-a289-b7edbfe6f9dc,1597153106568,b_ayarza,1610236875797,b_ayarza,SN/SV,No ,No,,Si,SN/SV,SN/SV,,
1881,Escuela La Unión Internacional,Chiriqui,Renacimiento,Río Sereno,Chiriquí,47,No,Si,Compañía Distribuidora,Si,Satelital,15,Maria B. Camarena F.,-82.86543906,8.84014093,1167,4b626a23-e4f7-4942-8f0d-575865854539,1597153106568,b_ayarza,1610497145079,b_ayarza,Cable Onda ,No ,No,,No ,1,2.0 Mb ,,
1884,Escuela Secundaria Renacimiento,Chiriqui,Renacimiento,Río Sereno,Chiriquí,696,No,Si,Compañía Distribuidora,Si,Microondas,Dato por verificar,Dato por Verificar,-82.86523649,8.83014227,1168,b589fc2b-ccc0-4553-9fc3-ae481308498e,1597153106568,b_ayarza,1610497160042,b_ayarza,Cable Onda ,No ,No,,No ,3,10 Mb ,,
1885,Escuela Caisan Arriba,Chiriqui,Renacimiento,Plaza Caisán,Chiriquí,41,No,Si,Compañía Distribuidora,Si,Microondas,Dato por verificar,Dato por Verificar,-82.78767981,8.76877274,1169,2fb1ef17-277b-4b84-8f96-479cfa96992f,1597153106568,b_ayarza,1610497162956,b_ayarza,Cable Onda ,No ,No,,Si ,1,10 Mb ,,
1886,Escuela Miraflores,Chiriqui,Renacimiento,Río Sereno,Chiriquí,113,No,Si,Compañía Distribuidora,No,Sin Internet,15,Gerald De Gracia,-82.83052208,8.84396417,1170,d05c613a-34f4-4621-82fa-705fb1c0deca,1597153106568,b_ayarza,1610236879970,b_ayarza,SN/SV,No ,No,,No ,SN/SV,SN/SV,,
1887,Escuela Cerrón,Chiriqui,Renacimiento,Río Sereno,Chiriquí,64,No,Si,Compañía Distribuidora,Si,Hibrido de Fibra Coaxial,15,Carlos Cortez,-82.865286,8.763113,1171,7c9921f8-dcc2-4169-96dc-b80856a83d75,1597153106568,b_ayarza,1610497173970,b_ayarza,Cable Onda ,No ,No,,No ,1,6 Mbb ,,
1888,Escuela Nueva Zelandia,Bocas del Toro,Changuinola,Valle Del Risco,Bocas del Toro,19,Si,No,Dato por Verificar,No,Sin Internet,Dato por verificar,Dato por Verificar,-82.452105,9.176247,1172,5cba3ea6-c63d-4cf2-babf-71328162f1a2,1597153106568,b_ayarza,1610236883408,b_ayarza,SN/SV,No ,No,,Si ,SN/SV,SN/SV,,
1889,Escuela Altamira,Chiriqui,Renacimiento,Río Sereno,Chiriquí,59,No,Si,Compañía Distribuidora,No,Sin Internet,15,Darinel Gonzalez,-82.86219996,8.79331402,1173,479c98e7-e6d6-4991-9372-b4a9963e83c7,1597153106568,b_ayarza,1610236886287,b_ayarza,SN/SV,No ,No,,No ,SN/SV,SN/SV,,
1890,Escuela Piedra de Candela,Chiriqui,Renacimiento,Río Sereno,Chiriquí,217,No,Si,Compañía Distribuidora,Si,Microondas,15,Greisy Quintero,-82.77852217,8.87509527,1174,c68bed3e-87a5-4889-ab31-885d525fa638,1597153106568,b_ayarza,1610497208223,b_ayarza,Digicel ,No ,No,,No ,1,4 Mb ,,
1891,Escuela Ojo de Agua,Chiriqui,Renacimiento,Breñon,Chiriquí,18,No,Si,Compañía Distribuidora,No,Sin Internet,18,Iris Guerra,-82.83494312,8.64615648,1175,e0d1b5ef-8124-40ab-a82f-389bb979c165,1597153106568,b_ayarza,1610236890130,b_ayarza,SN/SV,No ,No,,No ,SN/SV,SN/SV,,
1892,Escuela Salsipuedes,Chiriqui,Renacimiento,Breñon,Chiriquí,31,No,Si,Compañía Distribuidora,Si,Satelital,18,Marjelis Y. Cabrera,-82.79849264,8.58539249,1176,b525b24b-cfcd-41f8-9fe4-d2b0437731ef,1597153106568,b_ayarza,1610497236689,b_ayarza,Cable Onda ,No ,No,,No ,1,2.0 Mb ,,
1893,Escuela Breñon ,Chiriqui,Renacimiento,Breñon,Chiriquí,38,No,Si,Compañía Distribuidora,Si,Microondas,18,Calixto Grajales,-82.81564424,8.62875284,1177,cd01c1a3-8d4f-4b95-aa1b-3265686a67d6,1597153106568,b_ayarza,1610497383676,b_ayarza,CWP ,No ,No,,No ,1,10 Mb ,,
1894,Escuela Copal,Chiriqui,Renacimiento,Cañas Gordas,Chiriquí,39,No,Si,Compañía Distribuidora,Si,Satelital,18,Tomas Espinoza,-82.90126487,8.76684735,1178,83f3aead-4bc7-4451-a942-84fb022332d4,1597153106568,b_ayarza,1610497384312,b_ayarza,Cable Onda ,No ,No,,Si ,1,2.0 Mb ,,
1895,Escuela Quebrada de Vueltas,Chiriqui,Renacimiento,Cañas Gordas,Chiriquí,90,No,Si,Compañía Distribuidora,Si,Satelital,18,Amelia Santos,-82.83990114,8.67003326,1179,66ce8e59-e1a9-40cc-8895-ff227d472327,1597153106568,b_ayarza,1610497384939,b_ayarza,Cable Onda ,No ,No,,Si ,1,2.0 Mb ,,
1896,Escuela Los Planes,Chiriqui,Renacimiento,Cañas Gordas,Chiriquí,20,No,Si,Compañía Distribuidora,Si,Microondas,18,Edith M. Patino,-82.86196383,8.68896812,1180,d98c9375-e1b6-4fe9-b9ea-d926b33f21e7,1597153106568,b_ayarza,1610497385355,b_ayarza,Digicel ,No ,No,,Si ,1,4 Mb ,,
1897,Escuela Nueva Delly,Chiriqui,Renacimiento,Cañas Gordas,Chiriquí,23,No,Si,Compañía Distribuidora,Si,Microondas,18,Euclides L. Arauz P.,-82.86939532,8.70948134,1181,a2cea382-bac2-4845-9fa6-8fd0d9884827,1597153106568,b_ayarza,1610497386112,b_ayarza,Digicel ,No ,No,,Si ,1,4 Mb ,,
1900,Escuela Alto Quiel,Chiriqui,Renacimiento,Cañas Gordas,Chiriquí,294,No,Si,Compañía Distribuidora,Si,Satelital,18,Luis A.Murgas,-82.88844516,8.7293738,1182,ecb3123e-210c-48c5-a10e-e255567bcb81,1597153106568,b_ayarza,1610497386865,b_ayarza,Cable Onda ,No ,Si,,Si ,1,2.0 Mb ,,
1901,Escuela Bajos de Chiriquí,Chiriqui,Renacimiento,Cañas Gordas,Chiriquí,74,Si,Si,Compañía Distribuidora,Si,Microondas,15,Elis L. Paizano,-82.85191522,8.7306377,1183,bbb451b2-2bfe-41fe-9bc4-ffe35d9dee83,1597153106568,b_ayarza,1610497387443,b_ayarza,Digicel ,No ,No,,Si ,1,4 Mb ,,
2588,Escuela El Potrero,Herrera,Ocú,Menchaca,Herrera,32,No,Si,Compañía Distribuidora,Si,Fibra Óptica,8,Catalina Gonzalez,-80.77738982,7.89087057,1184,56b54f6f-49a2-47c5-a5f0-3663e1bf42a1,1597153106568,b_ayarza,1610566122100,b_ayarza,Cable Onda,No ,No,,No ,1,10 Mb,,
1545,Escuela Brisas del Rio,Chiriqui,Bugaba,Bugaba,Chiriquí,91,No,Si,Compañía Distribuidora,Si,Microondas,13,Lorena Aparicio,-82.63830422,8.49424972,1185,b9368009-9f93-4655-91f4-b30db3d3f0d0,1597153106568,b_ayarza,1610489235548,b_ayarza,CWP,No ,No,,No ,1,10 Mb ,,
2288,Escuela Nuevo Belen,Comarca Embera,Cémaco,Manuel Ortega,Comarca Emberá,0,Si,Si,Panel Solar,No,Sin Internet,1,Flavio Chaqui,-77.65358192,8.22730623,1186,4849064a-93f7-440a-99d3-00ab9f717b7d,1597153106568,b_ayarza,1610236896162,b_ayarza,SN/SV,No ,No,,Si,SN/SV,SN/SV,,
1741,Escuela Chiriquí,Chiriqui,David,Chiriquí,Chiriquí,304,No,Si,Compañía Distribuidora,Si,Hibrido de Fibra Coaxial,3,Itza Valdes U.,-82.32524852,8.39758339,1187,fb630642-b976-4c08-94e0-1ca8e0bbfe4a,1597153106568,b_ayarza,1610492371802,b_ayarza,Cable Onda ,No ,No,,No ,1,6 Mb ,,
2913,Escuela Purio,Los Santos,Pedasí,Purio,Los Santos,9,No,Si,Compañía Distribuidora,Si,Fibra Óptica,4,Laila Jaen,-80.08152726,7.60065387,1188,b1f618d7-cda5-42cc-a65b-95af6c91a32e,1597153106568,b_ayarza,1610649607730,b_ayarza,Cable Onda,No ,No,,No ,1,10 Mb ,,
1902,Escuela Cañas Gordas ,Chiriqui,Renacimiento,Cañas Gordas,Chiriquí,14,No,Si,Compañía Distribuidora,Si,Microondas,18,Mercedes J. De Martinez,-82.91672499,8.74790381,1189,29a647ac-904b-4f5c-9a6c-3edc0e246112,1597153106568,b_ayarza,1610497390810,b_ayarza,Digicel ,No ,No,,Si ,1,4 Mb ,,
1903,Escuela Santa Clara Abajo,Chiriqui,Renacimiento,Monte Lirio,Chiriquí,36,Si,Si,Compañía Distribuidora,Si,Microondas,15,Delsy Rujano,-82.77552632,8.81563726,1190,0626b336-684a-4903-955b-28d5a2a302a1,1597153106568,b_ayarza,1610497404807,b_ayarza,Cable Onda ,No ,No,,No ,1,4 Mb ,,
1904,Escuela Palmarito,Chiriqui,Renacimiento,Santa Clara,Chiriquí,73,Si,Si,Compañía Distribuidora,No,Sin Internet,15,Jose A. Guerra H.,-82.82284074,8.82340944,1191,9526995d-5e9b-4d4e-a81d-df2a0f7f6b83,1597153106568,b_ayarza,1610236898926,b_ayarza,SN/SV,No ,No,,No ,SN/SV,SN/SV,,
1905,I.P.T. Monte Lirio,Chiriqui,Renacimiento,Monte Lirio,Chiriquí,0,No,Si,Compañía Distribuidora,Si,Microondas,Dato por verificar,Dato por Verificar,-82.82364079,8.79378616,1192,002b8e38-57d8-43f8-8c24-955ea8c6ae89,1597153106568,b_ayarza,1610497475514,b_ayarza,Digicel ,No ,No,,No ,1,10 Mb ,,
1911,Escuela Santa Clara,Chiriqui,Renacimiento,Santa Clara,Chiriquí,316,No,Si,Compañía Distribuidora,Si,Microondas,15,Victoriano Olivero,-82.78009232,8.83650103,1193,3dbb0f5e-11ad-46e8-a282-adb4d2c6be4d,1597153106568,b_ayarza,1610497476826,b_ayarza,Cable Onda ,No ,No,,No ,1,10 Mb ,,
1912,Escuela San Antonio Abajo,Chiriqui,Renacimiento,Monte Lirio,Chiriquí,103,No,Si,Compañía Distribuidora,Si,Microondas,15,Aneldo Sevillano,-82.78803973,8.7942883,1194,1b89ec4b-b70f-4401-a48f-8520c3a69a2f,1597153106568,b_ayarza,1610497480684,b_ayarza,Cable Onda ,No ,No,,No ,1,10 Mb ,,
1913,Escuela Alto La Mina,Chiriqui,Renacimiento,Plaza Caisán,Chiriquí,36,No,Si,Compañía Distribuidora,Si,Satelital,14,Dato por Verificar,-82.81243374,8.70527629,1195,6dc7199a-467c-4ae7-aa85-83fbfa732ada,1597153106568,b_ayarza,1610497487711,b_ayarza,Cable Onda ,No ,No,,Si ,1,2.0 Mb ,,
1915,C.E.B.G. Caizán Fuertes Caminos,Chiriqui,Renacimiento,Plaza Caisán,Chiriquí,560,No,Si,Compañía Distribuidora,Si,Microondas,Dato por verificar,Dato por Verificar,-82.81997082,8.74313765,1196,9e53fcce-a341-4725-9d30-a5bbff4f2d1b,1597153106568,b_ayarza,1610497497262,b_ayarza,Cable Onda ,No ,No,,Si ,1,10 Mb ,,
1917,Escuela Caizan Primavera,Chiriqui,Renacimiento,Plaza Caisán,Chiriquí,70,No,Si,Compañía Distribuidora,Si,Microondas,14,Dato por Verificar,-82.73774862,8.7828597,1197,4cfaaa1c-674d-4c1f-8b47-170c01924cac,1597153106568,b_ayarza,1610497498747,b_ayarza,Cable Onda ,No ,No,,Si ,1,10 Mb ,,
1919,Escuela Dominical,Chiriqui,Renacimiento,Dominical,Chiriquí,95,No,Si,Planta Eléctrica de Empresa,Si,Satelital,17,Yadira I. Guerra C.,-82.79969459,8.67104793,1198,5f8814e5-7456-4d0b-bb15-9fe77b850d97,1597153106568,b_ayarza,1610497494897,b_ayarza,Cable Onda ,No ,No,,No ,1,2.0 Mb ,,
1920,Escuela Cerro Paja,Chiriqui,Renacimiento,Dominical,Chiriquí,10,Si,Si,Panel Solar,No,Sin Internet,14,Doris Moreno M.,-82.77605632,8.72161789,1199,9d243a1a-056a-4088-8ed2-bec89900ceec,1597153106568,b_ayarza,1610236900886,b_ayarza,SN/SV,No ,No,,No ,SN/SV,SN/SV,,
1921,Escuela Caña Blanca Arriba,Chiriqui,Renacimiento,Dominical,Chiriquí,17,Si,Si,Panel Solar,No,Sin Internet,Dato por verificar,Dato por Verificar,-82.69580412,8.75091532,1200,89d96dfb-ca3b-4da4-a95e-ebabe2002b00,1597153106568,b_ayarza,1610236904710,b_ayarza,SN/SV,No ,No,,No ,SN/SV,SN/SV,,
1922,Escuela Alto Bonito,Chiriqui,Renacimiento,Dominical,Chiriquí,10,Si,Si,Panel Solar,No,Sin Internet,17,Mirna Vasquez,-82.74608192,8.71397107,1201,a47d590d-1758-4583-8706-cc5d16807178,1597153106568,b_ayarza,1610236907385,b_ayarza,SN/SV,No ,No,,No ,SN/SV,SN/SV,,
1923,Escuela Baitun Arriba,Chiriqui,Renacimiento,Santa Cruz ,Chiriquí,27,No,Si,Compañía Distribuidora,Si,Microondas,17,Edilma E. Guerra De Polanco,-82.78168496,8.65358312,1202,930ce5b4-ac5e-459a-8f1d-54afd1866630,1597153106568,b_ayarza,1610497550158,b_ayarza,CWP,No ,No,,No ,1,10 Mb ,,
1926,Escuela Bonita,Chiriqui,Renacimiento,Santa Cruz ,Chiriquí,32,No,Si,Compañía Distribuidora,Si,Satelital,17,Luzmila Q. De Vargas,-82.75546754,8.61546678,1203,c39213a1-2a4c-4977-a7bb-69e30a38dd2c,1597153106568,b_ayarza,1610497553213,b_ayarza,Cable Onda ,No ,No,,No ,1,2.0 Mb ,,
1927,Escuela Baitun Abajo,Chiriqui,Renacimiento,Santa Cruz ,Chiriquí,37,No,Si,Compañía Distribuidora,Si,Satelital,Dato por verificar,Dato por Verificar,-82.78719302,8.64591573,1204,50757d8c-fd18-4913-a2bf-efefe7f0a036,1597153106568,b_ayarza,1610497555501,b_ayarza,Cable Onda ,No ,No,,No ,1,2.0 Mb ,,
1929,Escuela Salitral,Chiriqui,Renacimiento,Santa Cruz ,Chiriquí,132,No,Si,Compañía Distribuidora,Si,Satelital,17,Felicia Abrego,-82.75239572,8.66735154,1205,3873f87a-25ff-4f51-b17b-67e9d586baa5,1597153106568,b_ayarza,1610497554291,b_ayarza,Cable Onda ,No ,No,,No ,1,2.0 Mb ,,
1930,Escuela Santa Cruz,Chiriqui,Renacimiento,Santa Cruz ,Chiriquí,38,No,Si,Compañía Distribuidora,Si,Satelital,17,Luis M. Alvarez,-82.76018282,8.64585641,1206,96c82bb5-9d16-457a-926b-d29a34ad5b83,1597153106568,b_ayarza,1610497558695,b_ayarza,Cable Onda ,No ,No,,No ,1,2.0 Mb ,,
1931,Escuela Bajo Cerrón,Chiriqui,Renacimiento,Río Sereno,Chiriquí,9,No,Si,Compañía Distribuidora,No,Sin Internet,15,Marileida Rios De Nieto,-82.86358336,8.74308989,1207,37786608-f409-47ef-a040-6f70a60dfea0,1597153106568,b_ayarza,1610236912557,b_ayarza,SN/SV,No ,No,,No ,SN/SV,SN/SV,,
1933,Escuela Santa Cruz,Chiriqui,San Félix,Santa Cruz ,Chiriquí,10,No,Si,Compañía Distribuidora,Si,Satelital,25,Walkiria Carrera,-81.91297136,8.23458722,1208,95f0a8f0-f7a7-4e5c-add9-03742d51b1b1,1597153106568,b_ayarza,1610497622970,b_ayarza,Cable Onda ,No ,No,,No ,1,2.0 Mb ,,
1934,Escuela Las Lajas,Chiriqui,Remedios,Santa Lucía,Chiriquí,152,No,Si,Compañía Distribuidora,Si,Fibra Óptica,25,Edgar A. Serrano,-81.87004822,8.25334014,1209,6c1b8865-e7e7-4c61-afaa-a192e7ceda94,1597153106568,b_ayarza,1610497634040,b_ayarza,CWP,No ,No,,No ,1,10 Mb ,,
1937,Escuela Secundaria de Las Lajas,Chiriqui,San Félix,Las Lajas,Chiriquí,503,No,Si,Compañía Distribuidora,Si,Fibra Óptica,Dato por verificar,Dato por Verificar,-81.8690881,8.24424036,1210,ae7d1fda-1662-4e64-81cc-087c3a5e5f9f,1597153106568,b_ayarza,1610497628107,b_ayarza,CWP,No ,No,,No ,3,10 Mb ,,
1940,Escuela Lajas Adentro,Chiriqui,San Félix,Lajas Adentro,Chiriquí,112,No,Si,Compañía Distribuidora,Si,Fibra Óptica,25,Itzel Murgas,-81.90166,8.213676,1211,d60507ec-7934-49f1-9b1e-739928ad5636,1597153106568,b_ayarza,1610497635566,b_ayarza,CWP,No ,No,,No ,1,10 Mb ,,
1941,Escuela El Paraíso,Chiriqui,San Félix,Las Lajas,Chiriquí,20,No,Si,Compañía Distribuidora,Si,Fibra Óptica,25,Gloriela Montezuma Cano,-81.86900126,8.23486819,1212,780c21cf-02fa-46e9-ab4a-8a429e7aeb25,1597153106568,b_ayarza,1610497637206,b_ayarza,Cable Onda ,No ,No,,No ,1,10 Mb ,,
1957,Escuela Juay,Chiriqui,San Félix,Juay,Chiriquí,27,No,Si,Compañía Distribuidora,Si,Fibra Óptica,25,Ofelia Rodriguez,-81.9476361,8.28637738,1213,53b1f912-baaf-4743-9541-c034259db957,1597153106568,b_ayarza,1610497643363,b_ayarza,Cable Onda ,No ,No,,Si ,1,10 Mb ,,
1959,C.E.B.G. Quebrada de Loro,Comarca Ngabe-Bugle,Mironó,Quebrada De Loro,Comarca Ngäbe-Buglé,670,Si,Si,Panel Solar,Si,Satelital,20,Cleotilde Valdes,-81.92024862,8.35480585,1214,cee07d58-0931-43d4-8eba-b7e007ec8377,1597153106568,b_ayarza,1610497647917,b_ayarza,Cable Onda ,No ,No,,Si ,1,2.0 Mb ,,
1962,Escuela Cerro Mesa Arriba,Comarca Ngabe-Bugle,Mironó,Salto Dupí,Comarca Ngäbe-Buglé,170,Si,Si,Panel Solar,No,Sin Internet,21,Aurelia Garcia,-81.887381,8.349895,1215,40f1f494-39d2-49f1-9f81-29536360aeac,1597153106568,b_ayarza,1610236916254,b_ayarza,SN/SV,No ,No,,Si ,SN/SV,SN/SV,,
1964,Colegio San Félix,Chiriqui,San Félix,San Félix,Chiriquí,677,No,Si,Compañía Distribuidora,Si,Microondas,25,Yelania Atencio De Anderson,-81.86805053,8.29645805,1216,8f5bb32f-99ad-4268-b6b6-fa637149d498,1597153106568,b_ayarza,1610497683391,b_ayarza,Cable Onda ,No ,No,,No ,3,10 Mb ,,
1967,C.E.B.G. Hato Chami,Comarca Ngabe-Bugle,Nole Duima,Hato Chamí,Comarca Ngäbe-Buglé,581,Si,Si,Panel Solar,Si,Satelital,24,Migdonio Rodriguez,-81.76652796,8.44663059,1217,92f1dbea-2c60-4105-9ee6-b956ec8cfdf1,1597153106568,b_ayarza,1612311212653,b_ayarza,Cable Onda ,No ,No,,Si ,2,2.0 Mb ,,
1968,Escuela Calabazal,Comarca Ngabe-Bugle,Nole Duima,Cerro Iglesias (Cabecera),Comarca Ngäbe-Buglé,231,Si,Si,Panel Solar,No,Sin Internet,23,Rigoberto Sanjur,-81.79516969,8.32158953,1218,61a16fc5-e5ba-4285-9cfd-f4d3a2ece2fe,1597153106568,b_ayarza,1610236918212,b_ayarza,SN/SV,No ,No,,Si ,SN/SV,SN/SV,,
1969,C.E.B.G. Cerro Iglesia,Comarca Ngabe-Bugle,Nole Duima,Cerro Iglesias (Cabecera),Comarca Ngäbe-Buglé,593,Si,Si,Panel Solar,Si,Satelital,23,Ariel Arenas,-81.79470425,8.30504067,1219,d6dddbff-0670-4810-af1d-4a38410dde5c,1597153106568,b_ayarza,1610497700427,b_ayarza,Cable Onda ,No ,No,,Si ,1,2.0 Mb ,,
1971,Escuela Cerro Mono,Comarca Ngabe-Bugle,Müna,Alto Caballero,Comarca Ngäbe-Buglé,64,Si,No,Dato por Verificar,No,Sin Internet,27,Elvinia Pinto,-81.66377568,8.30347104,1220,f0aed33a-90da-4053-a2b2-3730ae2e8e55,1597153106568,b_ayarza,1610236922687,b_ayarza,SN/SV,No ,No,,Si ,SN/SV,SN/SV,,
1972,Escuela Alto Loro,Comarca Ngabe-Bugle,Müna,Krüa,Comarca Ngäbe-Buglé,109,Si,Si,Panel Solar,No,Sin Internet,29,Anel Jimenez,-81.8736742,8.2775065,1221,146550b8-ddcf-42a4-a216-15ac185fe721,1597153106568,b_ayarza,1610236923375,b_ayarza,SN/SV,No ,No,,Si ,SN/SV,SN/SV,,
1974,Escuela Cerro Puerco Abajo,Comarca Ngabe-Bugle,Müna,Cerro Puerco,Comarca Ngäbe-Buglé,134,Si,Si,Panel Solar,No,Sin Internet,25,Rosendo Soto,-81.75370346,8.28512029,1222,fb774bd9-086e-44b0-a9c1-d36bf428d58a,1597153106568,b_ayarza,1610236925203,b_ayarza,SN/SV,No ,No,,Si ,SN/SV,SN/SV,,
1975,Escuela Bajo Mira,Comarca Ngabe-Bugle,Müna,Krüa,Comarca Ngäbe-Buglé,59,Si,Si,Planta Eléctrica de Empresa,No,Sin Internet,Dato por verificar,Dato por Verificar,-81.8736742,8.2775065,1223,bc4d13ae-9678-4406-a414-641b694751ce,1597153106568,b_ayarza,1610236928484,b_ayarza,SN/SV,No ,No,,Si ,SN/SV,SN/SV,,
1976,Escuela Arcoiris,Comarca Ngabe-Bugle,Müna,Krüa,Comarca Ngäbe-Buglé,77,Si,Si,Panel Solar,No,Sin Internet,30,Markela Jimenez,-81.8736742,8.2775065,1224,b6bc90f4-e4f6-487c-9f93-e0c95ce42bec,1597153106568,b_ayarza,1610236937616,b_ayarza,SN/SV,No ,No,,Si ,SN/SV,SN/SV,,
1977,Escuela Laguna,Comarca Ngabe-Bugle,Müna,Maraca,Comarca Ngäbe-Buglé,76,Si,Si,Panel Solar,No,Sin Internet,26,Rosaura Paz,-81.54423853,8.53065228,1225,829dd846-ff0c-4073-b6df-8342c1327ff7,1597153106568,b_ayarza,1610236936991,b_ayarza,SN/SV,No ,No,,Si ,SN/SV,SN/SV,,
1980,I.P.T. Joaquina H. de Torrijos,Comarca Ngabe-Bugle,Besiko,Soloy (Cabecera),Comarca Ngäbe-Buglé,867,Si,Si,Compañía Distribuidora,Si,Satelital,16,Hector Quintero,-82.08604642,8.48354555,1226,44b40a66-a102-482d-b484-0fa5b1564c3e,1597153106568,b_ayarza,1610497727119,b_ayarza,Cable Onda ,No ,Si,,Si ,2,2.0 Mb ,,
1982,Escuela Alto Bonito,Comarca Ngabe-Bugle,Besiko,Cerro Banco,Comarca Ngäbe-Buglé,206,Si,Si,Panel Solar,No,Sin Internet,17,Eulalia Hernandez,-82.047973,8.494618,1227,e8aa5256-2dc1-439d-bc60-77ca20819be9,1597153106568,b_ayarza,1610236939617,b_ayarza,SN/SV,No ,No,,Si ,SN/SV,SN/SV,,
1983,Escuela Chorchita,Comarca Ngabe-Bugle,Besiko,Emplanada De Chorcha,Comarca Ngäbe-Buglé,192,Si,Si,Panel Solar,No,Sin Internet,15,Adelina Palacio,-82.16634791,8.48715558,1228,52f4086a-7664-45c2-9a1d-2a13a65dc5f6,1597153106568,b_ayarza,1610236938867,b_ayarza,SN/SV,No ,No,,Si ,SN/SV,SN/SV,,
1985,Escuela Quebrada Peces,Comarca Ngabe-Bugle,Besiko,Camaron Arriba,Comarca Ngäbe-Buglé,118,Si,Si,Panel Solar,No,Sin Internet,19,Euclides Rodriguez,-82.02338,8.38674,1229,59259fb5-dee3-4290-89ed-d85de8d9377d,1597153106568,b_ayarza,1610236942307,b_ayarza,SN/SV,No ,No,,Si ,SN/SV,SN/SV,,
1988,Escuela Cabecera de Ullama,Comarca Ngabe-Bugle,Besiko,Camaron Arriba,Comarca Ngäbe-Buglé,345,Si,Si,Panel Solar,Si,Satelital,19,Francisca Arauz,-81.9717316,8.41612611,1230,c2e7d96f-c4fa-4722-b98b-aff168fe182b,1597153106568,b_ayarza,1612994270213,b_ayarza,CWP,Si,No,,Si ,1,10 Mb ,Si ,
1989,Escuela Posoy,Comarca Ngabe-Bugle,Besiko,Camaron Arriba,Comarca Ngäbe-Buglé,101,Si,Si,Panel Solar,No,Sin Internet,19,Damaris Gallardo,-81.97305339,8.39384484,1231,298b3132-970b-42d9-81c8-5d55d86ecc9a,1597153106568,b_ayarza,1610236944120,b_ayarza,SN/SV,No ,No,,Si ,SN/SV,SN/SV,,
1990,Escuela Cerro Muleto,Comarca Ngabe-Bugle,Besiko,Niba,Comarca Ngäbe-Buglé,207,Si,Si,Panel Solar,Si,Satelital,17,Francis Correa,-81.98024862,8.52786069,1232,79210adb-7a3c-4bf0-9389-d0267f0c1238,1597153106568,b_ayarza,1610497789575,b_ayarza,CWP,Si,No,,Si ,1,10 Mb ,,
1991,Escuela Nueva Molena,Comarca Ngabe-Bugle,Besiko,Niba,Comarca Ngäbe-Buglé,494,Si,Si,Panel Solar,No,Sin Internet,Dato por verificar,Dato por Verificar,-81.95774862,8.50702737,1233,5a39928d-af25-4865-a350-02cd41ecaaa0,1597153106568,b_ayarza,1612994286771,b_ayarza,SN/SV,No ,No,,Si ,SN/SV,SN/SV,Si ,
1993,Escuela Sara Victoria Campbell,Chiriqui,San Lorenzo,Horconcitos,Chiriquí,112,No,Si,Compañía Distribuidora,Si,Satelital,24,Luis A. Rodriguez,-82.15441407,8.31313132,1234,dedce8f7-43ea-4ab1-88bf-6c56c62a8a7a,1597153106568,b_ayarza,1610497824275,b_ayarza,Cable Onda ,No ,No,,No ,1,1.0 Mb ,,
1999,Escuela Boca Chica,Chiriqui,San Lorenzo,Boca Chica,Chiriquí,28,No,Si,Compañía Distribuidora,Si,Microondas,24,Castulo Carrera,-82.21796041,8.22051483,1235,2f2796f0-ecfc-49f6-b460-3f9f2f1bca79,1597153106568,b_ayarza,1610497847943,b_ayarza,Cable Onda ,No ,No,,No ,1,4 Mb ,,
2007,Escuela Las Vueltas,Chiriqui,San Lorenzo,Boca Del Monte,Chiriquí,77,No,Si,Compañía Distribuidora,Si,Fibra Óptica,24,Lisbeth B. Arauz C.,-82.2029271,8.38629309,1236,0b2b922b-269e-4035-bac6-4c19aef6bf13,1597153106568,b_ayarza,1610497871694,b_ayarza,Cable Onda ,No ,No,,No ,1,10 Mb ,,
2010,Escuela Boca del Monte,Chiriqui,San Lorenzo,Boca Del Monte,Chiriquí,184,No,Si,Compañía Distribuidora,Si,Fibra Óptica,24,Elsia Pinzon,-82.11580412,8.35508355,1237,501367bb-6a5f-487e-b4f7-8bef9d2146bc,1597153106568,b_ayarza,1610497896532,b_ayarza,CWP,No ,No,,No ,1,10 Mb ,,
2011,Escuela Sabalo,Chiriqui,San Lorenzo,Boca Del Monte,Chiriquí,25,No,Si,Compañía Distribuidora,Si,Satelital,24,Delsy Gomez,-82.0976834,8.40081245,1238,17c8036b-a007-4603-9bc9-f5e10558f2e9,1597153106568,b_ayarza,1610497930878,b_ayarza,Cable Onda ,No ,No,,No ,1,2.0 Mb ,,
2012,Escuela Anastacio Alvarado,Chiriqui,San Lorenzo,Boca Del Monte,Chiriquí,6,Si,No,Dato por Verificar,No,Sin Internet,24,Sara Castilllo,-82.10529531,8.44065989,1239,a65a862c-1ec9-42f1-8550-8e4e5db52b23,1597153106568,b_ayarza,1610236948883,b_ayarza,SN/SV,No ,No,,No ,SN/SV,SN/SV,,
2016,Escuela Quebrada de Hacha,Comarca Ngabe-Bugle,Besiko,Nämnoni,Comarca Ngäbe-Buglé,527,Si,Si,Panel Solar,Si,Satelital,19,Hernan Leones,-81.99073777,8.34362088,1240,a7b4e526-aab6-4e09-9d46-0a9901b05874,1597153106568,b_ayarza,1610497950409,b_ayarza,Cable Onda ,No ,No,,Si,1,2.0 Mb ,,
2031,Escuela Junta Mani,Comarca Ngabe-Bugle,Besiko,Emplanada De Chorcha,Comarca Ngäbe-Buglé,189,Si,Si,Panel Solar,No,Sin Internet,15,Nelson Sanjur,-82.14302642,8.5517495,1242,398ac70f-fcfe-4859-bb05-47f4590b96be,1597153106568,b_ayarza,1610236953781,b_ayarza,SN/SV,No ,No,,Si,SN/SV,SN/SV,,
2032,Escuela San Juan,Chiriqui,San Lorenzo,San Juan,Chiriquí,109,No,Si,Compañía Distribuidora,Si,Fibra Óptica,24,Danys Rodriguez,-81.99497082,8.27925054,1243,cb0faef6-c79c-455e-9a79-df3d03d03246,1597153106568,b_ayarza,1610498057237,b_ayarza,CWP,No ,No,,No ,1,10 Mb ,,
2033,Escuela Hato San Juan,Chiriqui,San Lorenzo,San Juan,Chiriquí,112,No,Si,Compañía Distribuidora,Si,Fibra Óptica,24,Fredy R. Ruiz O.,-81.97772752,8.26372964,1244,1fcd4eff-8d7e-45e5-af86-906010689a56,1597153106568,b_ayarza,1610498059287,b_ayarza,CWP,No ,No,,No ,1,10 Mb ,,
2035,Escuela Cieneguita,Chiriqui,San Lorenzo,San Juan,Chiriquí,121,No,Si,Compañía Distribuidora,Si,Fibra Óptica,24,Ilsia Samudio,-82.00180047,8.32357493,1245,a589309b-0d85-46ba-97f9-55b6b2f17f49,1597153106568,b_ayarza,1610498060097,b_ayarza,CWP,No ,No,,No ,1,10 Mb ,,
2040,Escuela San Lorenzo,Chiriqui,San Lorenzo,San Lorenzo,Chiriquí,313,No,Si,Compañía Distribuidora,Si,Fibra Óptica,Dato por verificar,Dato por Verificar,-82.10170198,8.3071835,1246,97c0519d-2681-42d5-ae3e-6a1bc9132089,1597153106568,b_ayarza,1610498064541,b_ayarza,CWP,No ,No,,No ,1,10 Mb ,,
2043,Escuela El Jobo,Chiriqui,San Lorenzo,San Lorenzo,Chiriquí,8,Si,Si,Compañía Distribuidora,No,Sin Internet,24,Miryanci Aizpurua,-82.07365227,8.32530458,1247,70ac585b-ec98-478a-baba-b9ac5809b028,1597153106568,b_ayarza,1610236955531,b_ayarza,SN/SV,No ,Si,8.0,No ,SN/SV,SN/SV,,
2044,Escuela Llano Grande,Chiriqui,San Lorenzo,San Lorenzo,Chiriquí,39,No,Si,Compañía Distribuidora,No,Sin Internet,24,Eyvy V. Troya R.,-82.05473672,8.34390564,1248,5541533e-d831-4ae4-b073-44d2e97f7167,1597153106568,b_ayarza,1610236957359,b_ayarza,SN/SV,No ,No,,No ,SN/SV,SN/SV,,
2046,I.P.T. Abel Tapiero Miranda,Chiriqui,San Lorenzo,San Lorenzo,Chiriquí,597,No,Si,Compañía Distribuidora,Si,Fibra Óptica,Dato por verificar,Dato por Verificar,-82.10615869,8.30965066,1249,2c3ab589-2490-489a-91d0-7de23a69d07c,1597153106568,b_ayarza,1610498168424,b_ayarza,CWP,No ,No,,No ,3,10 Mb ,,
2050,Escuela Alto Mango,Comarca Ngabe-Bugle,Besiko,Soloy (Cabecera),Comarca Ngäbe-Buglé,418,Si,Si,Panel Solar,Si,Satelital,16,Josefina Pineda,-82.07385972,8.55508289,1250,41d3f8ed-b447-459d-99e3-96aee0d30372,1597153106568,b_ayarza,1610498169945,b_ayarza,Cable Onda ,No ,No,,Si,1,2.0 Mb ,,
2055,Escuela Alto La Arena,Chiriqui,Tolé,Veladero,Chiriquí,7,Si,Si,Compañía Distribuidora,No,Sin Internet,Dato por verificar,Dato por Verificar,-81.6395411,8.25436597,1251,9cb2607e-9117-48ba-8a04-48ce7bfee253,1597153106568,b_ayarza,1610236959237,b_ayarza,SN/SV,No ,No,,No ,SN/SV,SN/SV,,
2056,Escuela Veladero,Chiriqui,Tolé,Veladero,Chiriquí,65,No,Si,Compañía Distribuidora,Si,Microondas,26,Betzy L. Aguila A.,-81.65330412,8.2342507,1252,a675c376-4a48-48fe-8473-447f6b9844c6,1597153106568,b_ayarza,1610498192011,b_ayarza,CWP ,No ,No,,No ,1,4 Mb ,,
2057,Escuela El Común,Chiriqui,Tolé,Tolé,Chiriquí,0,Si,Si,Compañía Distribuidora,No,Sin Internet,26,Lorenza M. De Hojabri,-81.68271533,8.20836025,1253,e53d5628-b168-48db-a095-ca333450c954,1597153106568,b_ayarza,1610236962863,b_ayarza,SN/SV,No ,No,,No ,SN/SV,SN/SV,,
2058,Escuela Ule,Chiriqui,Tolé,Bella Vista,Chiriquí,8,Si,No,Dato por Verificar,No,Sin Internet,26,Arcangela Perez Rodriguez,-81.60802642,8.19563965,1254,2545de67-644a-4824-91a4-fa6f50002222,1597153106568,b_ayarza,1610236964724,b_ayarza,SN/SV,No ,No,,No ,SN/SV,SN/SV,,
2059,Escuela Santiago Bolanos,Chiriqui,Tolé,Tolé,Chiriquí,423,No,Si,Compañía Distribuidora,Si,Fibra Óptica,26,Noris De Aizpurua,-81.6692231,8.242025,1255,e3369ea7-4c92-4e34-9c5e-2629f0a7c916,1597153106568,b_ayarza,1610498219917,b_ayarza,CWP ,No ,No,,Si,1,10 Mb ,,
2061,Escuela Bella Vista,Chiriqui,Tolé,Bella Vista,Chiriquí,38,Si,Si,Compañía Distribuidora,Si,Fibra Óptica,26,Jose A. Mondolis,-81.62100843,8.21076795,1256,c10e46ed-84d3-46b6-a11a-70e5fb6dcd4c,1597153106568,b_ayarza,1610498222117,b_ayarza,Cable Onda ,No ,No,,Si,1,10 Mb ,,
2072,Colegio Comercial Tole,Chiriqui,Tolé,Tolé,Chiriquí,1143,No,Si,Compañía Distribuidora,Si,Fibra Óptica,Dato por verificar,Dato por Verificar,-81.66945896,8.24266304,1258,01112c5f-3dee-48e4-ac63-ed66ce9ff55b,1597153106568,b_ayarza,1610498250103,b_ayarza,Cable Onda ,No ,No,,No ,2,10 Mb ,,
2075,C.E.B.G. Cerro Viejo,Chiriqui,Tolé,Cerro Viejo,Chiriquí,227,No,Si,Compañía Distribuidora,Si,Microondas,Dato por verificar,Dato por Verificar,-81.57802642,8.25786172,1259,0fb9c5f3-5a83-46f2-b469-6f250cee5458,1597153106568,b_ayarza,1610498256866,b_ayarza,Digicel,No ,No,,Si,1,10 Mb ,,
2076,Escuela La Corocita,Chiriqui,Tolé,Bella Vista,Chiriquí,22,Si,Si,Panel Solar,No,Sin Internet,26,Maria E. Guizado,-81.58752863,8.19054229,1260,b0d78bdf-416c-43ea-b058-abe6b11703ba,1597153106568,b_ayarza,1610236971856,b_ayarza,SN/SV,No ,No,,Si,SN/SV,SN/SV,,
2077,Escuela LLano Limon ,Chiriqui,Tolé,Veladero,Chiriquí,176,No,Si,Compañía Distribuidora,Si,Microondas,Dato por verificar,Dato por Verificar,-81.65590552,8.24982201,1261,d013e6dd-a7fb-4eed-b7ce-0309be7d3114,1597153106568,b_ayarza,1610498433411,b_ayarza,Cable Onda ,No ,No,,No ,1,4 Mb ,,
2078,Escuela Tabasara Abajo,Chiriqui,Tolé,Bella Vista,Chiriquí,11,No,Si,Compañía Distribuidora,Si,Fibra Óptica,26,Omar Rodriguez C.,-81.58748661,8.21031742,1262,0840eeb1-1912-4d1f-b3ca-c6eeaf25db0d,1597153106568,b_ayarza,1610498429395,b_ayarza,Cable Onda ,No ,No,,Si,1,10 Mb ,,
2079,Escuela Guayabal,Comarca Ngabe-Bugle,Müna,Kikari,Comarca Ngäbe-Buglé,295,Si,Si,Panel Solar,Si,Satelital,Dato por verificar,Dato por Verificar,-81.65469302,8.5264718,1263,54230b74-f2e8-44b0-ba7d-e804b1c5cb0c,1597153106568,b_ayarza,1610498427825,b_ayarza,CWP,Si,No,,Si,1,10 Mb ,,
2080,Escuela Alto Saldaña ,Comarca Ngabe-Bugle,Müna,Alto Caballero,Comarca Ngäbe-Buglé,317,Si,Si,Panel Solar,Si,Satelital,27,Roqui Perez,-81.68582316,8.33368424,1264,afa2cc94-382b-4b7e-889a-394d94a4c0de,1597153106568,b_ayarza,1609179981911,b_ayarza,Cable Onda ,No ,Si ,317.0,Si ,1,2.0 Mb,,
2081,Escuela Alto Caballero,Comarca Ngabe-Bugle,Müna,Alto Caballero,Comarca Ngäbe-Buglé,603,Si,Si,Compañía Distribuidora,Si,Microondas,Dato por verificar,Dato por Verificar,-81.67421672,8.29520558,1265,9e05f05a-3be9-4a5b-8f7c-740b071f5def,1597153106568,b_ayarza,1610498604856,b_ayarza,Cable Onda ,No ,No,,Si,1,10 Mb ,,
2083,Escuela Buenos Aires,Chiriqui,Tolé,Potrero De Caña,Chiriquí,82,No,Si,Compañía Distribuidora,Si,Fibra Óptica,Dato por verificar,Dato por Verificar,-81.66969302,8.27147276,1266,9f9a48b7-3632-49d3-a077-f4aad14d10f9,1597153106568,b_ayarza,1610498607621,b_ayarza,CWP,No ,No,,Si,1,10 Mb ,,
3099,Escuela Ciricito los Sotos,Panama Oeste,Capira,Cirí De  Los Sotos,Panamá Oeste,27,Si,Si,Panel Solar,Si,Satelital,9,Dato por Verificar,-80.09290425,8.97493919,1268,5163b0a2-cfa7-48a7-bad8-bebc39eae856,1597153106568,b_ayarza,1610651733023,b_ayarza,Cable Onda,No ,No,,Si,1,2.0 Mb,,
1547,Escuela San Miguel del Yuco,Chiriqui,Bugaba,La Concepción,Chiriquí,33,No,Si,Compañía Distribuidora,Si,Satelital,11,Rosmery Pitti,-82.62459,8.54498,1269,2970d0ff-01c5-4bd8-8a95-7faeb060a041,1597153106568,b_ayarza,1610489285697,b_ayarza,Cable Onda ,No ,No,,No ,1,2.0 Mb ,,
2109,Escuela Villa de La Arena,Chiriqui,Tolé,Cerro Viejo,Chiriquí,9,Si,No,Dato por Verificar,No,Sin Internet,Dato por verificar,Dato por Verificar,-81.56249315,8.22974816,1270,201da90a-cd4d-4231-a6e1-cdcebc1a798a,1597153106568,b_ayarza,1610236980587,b_ayarza,SN/SV,No ,No,,Si,SN/SV,SN/SV,,
3100,Escuela Nuevo Progreso,Panama Oeste,Capira,Cirí De  Los Sotos,Panamá Oeste,14,Si,Si,Panel Solar,No,Sin Internet,6,Eustaquia Rodriguez,-80.10226342,8.93700688,1271,0b719400-6285-4aa7-aa45-38a567716f72,1597153106568,b_ayarza,1610236982430,b_ayarza,SN/SV,No ,No,,Si,SN/SV,SN/SV,,
2719,Escuela Los Toretos,Los Santos,Guararé,El Macano,Los Santos,3,No,Si,Compañía Distribuidora,Si,Fibra Óptica,2,Darinka Lineth Vega,-80.42543779,7.67414588,1272,06f0ef24-2bad-4b2a-95f4-f696ef25bf06,1597153106568,b_ayarza,1610568316808,b_ayarza,Cable Onda,No ,No,,No ,1,10 Mb ,,
2589,Escuela Rincón Grande ,Herrera,Ocú,Ocú,Herrera,17,No,Si,Compañía Distribuidora,Si,Satelital,6,Celideth Espinosa A.,-80.83421438,8.01168781,1273,dc1805b7-244f-41e5-a06a-24cb7e49bc5c,1597153106568,b_ayarza,1610566128679,b_ayarza,Cable Onda,No ,No,,No ,1,2.0 Mb ,,
2919,Escuela La Laguna,Los Santos,Pocrí,Pocrí,Los Santos,25,No,Si,Compañía Distribuidora,Si,Fibra Óptica,11,Elliot Ballesteros,-80.11967576,7.62975937,1274,aeb2e110-6c02-4799-8912-bb73c9f5f684,1597153106568,b_ayarza,1610649608291,b_ayarza,Cable Onda,No ,No,,No ,1,10 Mb ,,
1742,Escuela La Pita,Chiriqui,David,Chiriquí,Chiriquí,75,No,Si,Compañía Distribuidora,Si,Fibra Óptica,3,Elidia Aviles A.,-82.25122553,8.39966764,1275,1121f536-37be-4161-af01-da4a197d75e1,1597153106568,b_ayarza,1610492373597,b_ayarza,CWP,No ,No,,No ,1,10 Mb,,
2289,Escuela Tesca Villa Nueva,Comarca Embera,Cémaco,Manuel Ortega,Comarca Emberá,29,Si,Si,Sistema Aislado para el Poblado ,No,Sin Internet,1,Dato por Verificar,-77.54635972,8.21897296,1276,2c5bc92f-db4a-4d12-b4b2-bd9308535f77,1597153106568,b_ayarza,1610236984273,b_ayarza,SN/SV,No ,No,,Si,SN/SV,SN/SV,,
2721,Escuela Cucula,Los Santos,Guararé,El Macano,Los Santos,10,No,Si,Compañía Distribuidora,Si,Satelital,2,Maria Cristina Dominguez,-80.4203729,7.70353473,1277,dcb17590-d26d-4c17-a145-83dce0093317,1597153106568,b_ayarza,1610568323167,b_ayarza,Cable Onda,No ,No,,No ,1,2.0 Mb ,,
2111,I.P.T. Carlos Rosas,Chiriqui,Tolé,Cerro Viejo,Chiriquí,307,Si,Si,Compañía Distribuidora,Si,Satelital,Dato por verificar,Dato por Verificar,-81.57782494,8.25696124,1278,8f1fd943-1aae-4cc0-9b46-f32b96f87d38,1597153106568,b_ayarza,1610499906265,b_ayarza,Digicel ,No ,No,,Si,1,10 Mb ,,
2291,Escuela Rio Tuqueza,Comarca Embera,Cémaco,Lajas Blancas,Comarca Emberá,0,Si,Si,Panel Solar,Si,Satelital,2,Alexander Sabugara,-77.69747082,8.46730532,1279,3115c2d1-0943-463a-8be9-77c40fe6a45e,1597153106568,b_ayarza,1610561318490,b_ayarza,Cable Onda ,No ,No,,Si,1,2.0 Mb ,,
2722,Escuela Guarare Arriba,Los Santos,Guararé,Guararé Arriba,Los Santos,10,No,Si,Compañía Distribuidora,Si,Fibra Óptica,2,Italo Javier Barrios,-80.35909857,7.80809432,1280,b997c52d-391a-4836-985b-7275fe2e7815,1597153106568,b_ayarza,1610568326849,b_ayarza,CWP,No ,No,,No ,1,10 Mb ,,
1548,Escuela Bongo Arriba,Chiriqui,Bugaba,El Bongo,Chiriquí,28,No,Si,Compañía Distribuidora,Si,Fibra Óptica,11,Anabelis Beitia,-82.62356,8.59147,1281,d1d1ffa6-3635-4d35-877b-b37eff7948b2,1597153106568,b_ayarza,1610489289734,b_ayarza,Cable Onda ,No ,No,,No ,1,10 Mb ,,
1743,Escuela Chorcha Abajo,Chiriqui,David,Chiriquí,Chiriquí,138,No,Si,Compañía Distribuidora,Si,Microondas,5,Arturo Romero,-82.27992076,8.37044405,1282,cc4ff54c-8645-4c78-b400-d6179e87de38,1597153106568,b_ayarza,1610492372354,b_ayarza,Digicel ,No ,No,,No ,1,4 Mb ,,
3101,Escuela Las Lajitas,Panama Oeste,Capira,Cirí De  Los Sotos,Panamá Oeste,68,Si,Si,Panel Solar,No,Sin Internet,6,Jorge Rios,-80.09024862,8.89424805,1283,92f08cd7-262f-4153-90a1-fff6f9f386f8,1597153106568,b_ayarza,1610236986581,b_ayarza,SN/SV,No ,No,,Si,SN/SV,SN/SV,,
2920,C.E.B.G. Ernestina Sucre,Los Santos,Pocrí,Pocrí,Los Santos,55,No,Si,Compañía Distribuidora,Si,Fibra Óptica,11,Marisol Saavedra,-80.1217052,7.6616659,1284,0cebfa6c-c23d-4a8f-89ea-a277d1c7a492,1597153106568,b_ayarza,1610649609190,b_ayarza,Cable Onda,No ,No,,No ,1,10 Mb ,,
1549,Escuela Bugabita,Chiriqui,Bugaba,La Concepción,Chiriquí,252,No,Si,Compañía Distribuidora,Si,Hibrido de Fibra Coaxial,13,Ibis Raquel Castillo G.,-82.63941532,8.52008292,1285,153033c0-797f-4b7f-ab04-00f935dba736,1597153106568,b_ayarza,1610489292788,b_ayarza,Cable Onda ,No ,No,,No ,1,6 Mb ,,
2723,Escuela Heraclio Barleta,Los Santos,Guararé,La Enea,Los Santos,85,No,Si,Compañía Distribuidora,Si,Hibrido de Fibra Coaxial,2,Danilo Vergara,-80.27418232,7.83631261,1286,c528c3a3-2e44-41e6-9eed-2b570560e0ff,1597153106568,b_ayarza,1610568334277,b_ayarza,Cable Onda,No ,No,,No ,1,6 Mb ,,
2292,Escuela Los Morritos,Comarca Embera,Cémaco,Manuel Ortega,Comarca Emberá,0,Si,Si,Sistema Aislado para el Poblado ,No,Sin Internet,1,Edwin A. Garcia,-77.52247082,8.27786164,1287,b467413e-dfc1-4432-bafd-3cbd66c786b1,1597153106568,b_ayarza,1610236988411,b_ayarza,SN/SV,No ,No,,Si,SN/SV,SN/SV,,
1744,Escuela Guaca Arriba,Chiriqui,David,Guacá,Chiriquí,87,No,Si,Compañía Distribuidora,Si,Fibra Óptica,6,Ruth I. Arauz C.,-82.49047869,8.55013077,1288,fd81668b-1b45-4c33-a7d8-fa7e6dcde0a3,1597153106568,b_ayarza,1610492375033,b_ayarza,CWP,No ,No,,No ,1,10 Mb,,
2113,Escuela El Nancito,Chiriqui,Tolé,Cerro Viejo,Chiriquí,21,Si,Si,Panel Solar,No,Sin Internet,Dato por verificar,Dato por Verificar,-81.58930412,8.22304375,1289,90a0d6d7-14ca-4d02-9fbd-1b15b3bf3c88,1597153106568,b_ayarza,1610236992020,b_ayarza,SN/SV,No ,Si,,Si,SN/SV,SN/SV,,
2590,Escuela Las Guabas,Herrera,Ocú,Ocú,Herrera,10,No,Si,Compañía Distribuidora,Si,Fibra Óptica,8,Virginia Carrasco G.,-80.80498595,7.91225896,1290,e555d015-46de-4ace-9503-338c84a37fe3,1597153106568,b_ayarza,1610566130850,b_ayarza,Cable Onda,No ,No,,No ,1,10 Mb,,
2921,Escuela Colán,Los Santos,Pocrí,El Cañafístulo,Los Santos,5,No,Si,Compañía Distribuidora,Si,Satelital,11,Margarita Diaz,-80.22935726,7.58699766,1291,efbdc714-1d73-42aa-9f63-8ed9ee4ce550,1597153106568,b_ayarza,1610649638834,b_ayarza,Cable Onda,No ,No,,No ,1,2.0 Mb ,,
1745,Escuela Nance Bonito,Chiriqui,David,Guacá,Chiriquí,11,No,Si,Compañía Distribuidora,No,Sin Internet,5,Ilsa Y. Caceres B.,-82.52794463,8.63811538,1292,efe63bee-0060-44ea-b9a4-a847464e404f,1597153106568,b_ayarza,1610236993896,b_ayarza,SN/SV,No ,No,,No ,SN/SV,SN/SV,,
2114,Escuela Nuevo Palomar,Comarca Ngabe-Bugle,Müna,Bakama,Comarca Ngäbe-Buglé,57,Si,Si,Panel Solar,No,Sin Internet,31,Gisela Barroso,-81.62300455,8.26505297,1293,56dcb356-808f-4dd6-9450-51f65789db3f,1597153106568,b_ayarza,1610236996022,b_ayarza,SN/SV,No ,No,,Si,SN/SV,SN/SV,,
2115,Escuela Calabacito,Chiriqui,Tolé,Cerro Viejo,Chiriquí,41,Si,No,Dato por Verificar,No,Sin Internet,Dato por verificar,Dato por Verificar,-81.61048675,8.2824257,1294,a9daaef3-b47f-406f-b076-243e21d94276,1597153106568,b_ayarza,1610236997714,b_ayarza,SN/SV,No ,No,,Si,SN/SV,SN/SV,,
2116,Escuela Cerro Magle,Chiriqui,Tolé,Cerro Viejo,Chiriquí,52,Si,Si,Panel Solar,No,Sin Internet,Dato por verificar,Dato por Verificar,-81.57872629,8.2997664,1295,5657207b-7e23-452f-9886-411a20263b62,1597153106568,b_ayarza,1610237001736,b_ayarza,SN/SV,No ,No,,Si,SN/SV,SN/SV,,
2120,I.P.T. Chichica,Comarca Ngabe-Bugle,Müna,Chichica,Comarca Ngäbe-Buglé,889,Si,Si,Panel Solar,Si,Satelital,28,Martin Cano,-81.66873544,8.36497346,1296,b7c7ea32-ac56-4ceb-b3ef-8388b17adf8a,1597153106568,b_ayarza,1610557149765,b_ayarza,Cable Onda ,No ,Si,,Si,2,2.0 Mb ,,
2127,Escuela Cerro Javilla,Comarca Ngabe-Bugle,Müna,Roka,Comarca Ngäbe-Buglé,184,Si,Si,Panel Solar,No,Sin Internet,29,Orlando Montero,-81.5950413,8.46875624,1298,f503c7c4-244e-49e6-929b-48c61f2961b9,1597153106568,b_ayarza,1610237015493,b_ayarza,SN/SV,No ,No,,Si,SN/SV,SN/SV,,
2132,Centro Educativo Bertilo Mejía Santamaria,Chiriqui,Tolé,Lajas De Tolé,Chiriquí,20,No,Si,Compañía Distribuidora,Si,Satelital,26,Leonarda Gonzalez,-81.698508,8.170119,1299,787709e9-827a-4b00-9cbb-782b89cba047,1597153106568,b_ayarza,1610557223481,b_ayarza,Cable Onda ,No ,No,,Si,1,2.0 Mb ,,
2133,Escuela Quebrada Lajas,Chiriqui,Tolé,Lajas De Tolé,Chiriquí,9,Si,No,Dato por Verificar,No,Sin Internet,26,Zoraida E. Diaz,-81.63635972,8.15230651,1300,1373e39e-2aa0-4217-a73c-11529ed8e597,1597153106568,b_ayarza,1610237018039,b_ayarza,SN/SV,No ,No,,Si,SN/SV,SN/SV,,
2134,Escuela El Guabino,Chiriqui,Tolé,Lajas De Tolé,Chiriquí,34,Si,Si,Compañía Distribuidora,Si,Satelital,26,Aida E. Salinas,-81.66774862,8.16869545,1301,57e46fc3-5752-49e5-95bd-8384a472a812,1597153106568,b_ayarza,1610557241402,b_ayarza,Cable Onda ,No ,No,,Si,1,2.0 Mb ,,
2135,Escuela Cerro Caballo,Chiriqui,Tolé,Bella Vista,Chiriquí,7,Si,No,Dato por Verificar,No,Sin Internet,26,Benabe Boniche,-81.62413752,8.17675092,1302,2bb2d6c7-bc36-44b7-89d6-9da97ff571f4,1597153106568,b_ayarza,1610237019758,b_ayarza,SN/SV,No ,No,,Si,SN/SV,SN/SV,,
2136,Escuela Tebujo,Comarca Ngabe-Bugle,Müna,Maraca,Comarca Ngäbe-Buglé,626,Si,Si,Panel Solar,Si,Satelital,26,Mariana Sires,-81.72549217,8.39505482,1303,f768308b-aa67-4655-b5c4-4fe2b94f210b,1597153106568,b_ayarza,1610557277147,b_ayarza,CWP,Si,No,,Si,1,10 Mb ,,
2143,Escuela Alto Cienaga,Comarca Ngabe-Bugle,Müna,Peña Blanca,Comarca Ngäbe-Buglé,211,Si,Si,Panel Solar,No,Sin Internet,29,Enilma Carugial,-81.64830422,8.45230538,1304,ac2690f4-cdf0-4ba4-9dae-367d732a9406,1597153106568,b_ayarza,1610237021564,b_ayarza,SN/SV,No ,No,,Si,SN/SV,SN/SV,,
2152,Escuela Potrero de Caña,Chiriqui,Tolé,Potrero De Caña,Chiriquí,169,Si,Si,Compañía Distribuidora,Si,Satelital,Dato por verificar,Dato por Verificar,-81.67036253,8.27128876,1306,7239a0ac-54fd-458f-832c-b9a9c3a78500,1597153106568,b_ayarza,1610557337263,b_ayarza,Cable Onda ,No ,No,,Si,1,2.0 Mb ,,
2155,Escuela Nata de Tole,Chiriqui,Tolé,Quebrada De Piedra,Chiriquí,35,No,Si,Compañía Distribuidora,Si,Satelital,26,Luis Solis,-81.65608192,8.0728624,1307,9386f706-9034-414b-8281-5a6114ca99f5,1597153106568,b_ayarza,1610557354979,b_ayarza,Cable Onda ,No ,No,,No ,1,10 Mb ,,
2156,P.C. Quebrada de Piedra,Chiriqui,Tolé,Quebrada De Piedra,Chiriquí,70,No,Si,Compañía Distribuidora,Si,Fibra Óptica,Dato por verificar,Dato por Verificar,-81.68367053,8.0948946,1308,d514c029-4b71-4ba5-a7cf-1bde1fadfc0a,1597153106568,b_ayarza,1610557375851,b_ayarza,Cable Onda ,No ,No,,No ,1,10 Mb ,,
2293,Escuela José Isabel Guaynora,Comarca Embera,Cémaco,Manuel Ortega,Comarca Emberá,Dato por Verificar ,Si,Si,Dato por Verificar,No,Sin Internet,1,Valeria Sanchez,-77.54635972,8.21897296,1310,d1e510ed-ab3c-42ea-9fbb-2966b05c9c28,1597153106568,b_ayarza,1610237029711,b_ayarza,SN/SV,No ,No,,No ,SN/SV,SN/SV,,
3102,C.E.B.G. Ciricito Arriba,Panama Oeste,Capira,Cirí Grande,Panamá Oeste,210,Si,Si,Planta Eléctrica de Empresa,Si,Satelital,4,Teofila Flores De Ramos,-80.0783366,8.80714524,1311,640e4b54-f4cd-4b66-b5a7-66c9548aacf2,1597153106568,b_ayarza,1610651755415,b_ayarza,Cable Onda,No ,No,,Si,1,2.0 Mb,,
2725,Escuela Santa Isabel,Los Santos,Guararé,Perales,Los Santos,13,No,Si,Compañía Distribuidora,Si,Fibra Óptica,2,Luis Carlos Mendoza,-80.35834074,7.76503105,1312,d818a794-2b51-4321-a26a-a5c70e75f2b6,1597153106568,b_ayarza,1610568340363,b_ayarza,Cable Onda,No ,No,,No ,1,10 Mb ,,
2158,Escuela Quebrada de Piedra,Chiriqui,Tolé,Quebrada De Piedra,Chiriquí,100,No,Si,Compañía Distribuidora,Si,Fibra Óptica,26,Itza Santos,-81.68218736,8.09492853,1313,39b3d8d4-a07e-4502-ad56-4508d3c6e7e2,1597153106568,b_ayarza,1610557385559,b_ayarza,Cable Onda ,No ,No,,No ,1,10 Mb ,,
2159,Escuela La Ensenada,Chiriqui,Tolé,Quebrada De Piedra,Chiriquí,10,Si,Si,Panel Solar,No,Sin Internet,26,Maximino Ballastero,-81.98175278,8.29860833,1314,ecd4d6ae-ceb3-4337-bdb4-4ab9f2a7b20f,1597153106568,b_ayarza,1610237032054,b_ayarza,SN/SV,No ,No,,No ,SN/SV,SN/SV,,
2160,Escuela Alto Laguna,Chiriqui,Tolé,Quebrada De Piedra,Chiriquí,19,Si,Si,Panel Solar,No,Sin Internet,26,Dato por Verificar,-81.6365082,8.11321807,1315,32546f1e-32b8-4486-adcf-20cf531b5175,1597153106568,b_ayarza,1610237034187,b_ayarza,SN/SV,No ,No,,No ,SN/SV,SN/SV,,
2165,Escuela Alto Higuerón,Comarca Ngabe-Bugle,Müna,Mreeni,Comarca Ngäbe-Buglé,270,Si,Si,Panel Solar,Si,Satelital,30,Emaida Camano,-81.55,8.4,1316,9562201d-74e1-46ed-941f-9a40578abfe7,1597153106568,b_ayarza,1610557410953,b_ayarza,CWP,Si,No,,Si ,1,10 Mb ,,
2168,C.E.B.G. Sitio Prado,Comarca Ngabe-Bugle,Müna,Sitio Prado,Comarca Ngäbe-Buglé,353,Si,Si,Panel Solar,Si,Satelital,30,Erasmo Hernandez,-81.57975267,8.37327492,1317,ebad15c2-b728-470d-b96f-64c4d552f6fe,1597153106568,b_ayarza,1610557436044,b_ayarza,Cable Onda ,No ,No,,Si ,2,2.0 Mb ,,
2170,Escuela Buenos Aires,Comarca Ngabe-Bugle,Müna,Sitio Prado,Comarca Ngäbe-Buglé,35,Si,Si,Panel Solar,Si,Satelital,Dato por verificar,Dato por Verificar,-81.59747082,8.40480566,1319,60cc7389-6bd1-4311-8d3e-33d6d81015c5,1597153106568,b_ayarza,1610557473390,b_ayarza,CWP,Si,No,,Si ,1,10 Mb ,,
2171,Escuela Nuevo San Cristobal,Comarca Ngabe-Bugle,Müna,Mreeni,Comarca Ngäbe-Buglé,163,Si,Si,Panel Solar,No,Sin Internet,30,Edilsa Carpintero,-81.56134531,8.41890839,1320,787bbddd-4613-48b1-95c7-87e224a0d181,1597153106568,b_ayarza,1610237040066,b_ayarza,SN/SV,No ,No,,Si ,SN/SV,SN/SV,,
2179,Escuela Cerro Otoe,Comarca Ngabe-Bugle,Mironó,Hato Culantro,Comarca Ngäbe-Buglé,449,Si,Si,Panel Solar,Si,Satelital,22,Alexander Chavarria,-81.874167,8.447222,1321,8e9d6b98-9e21-4584-856b-cd1907c81be0,1597153106568,b_ayarza,1610557525863,b_ayarza,CWP,Si,No,,Si ,1,10 Mb ,,
2180,Escuela Cerro Piedra,Comarca Ngabe-Bugle,Mironó,Hato Culantro,Comarca Ngäbe-Buglé,294,Si,Si,Panel Solar,No,Sin Internet,22,Edirnet Garcia,-81.83997082,8.44008323,1322,09224759-d8c0-447d-be76-d59e039769ed,1597153106568,b_ayarza,1610237041802,b_ayarza,SN/SV,No ,No,,Si ,SN/SV,SN/SV,,
2181,Escuela Boca De Macho,Chiriqui,San Félix,Juay,Chiriquí,94,Si,Si,Panel Solar,No,Sin Internet,Dato por verificar,Dato por Verificar,-81.934312,8.330688,1323,16079eff-8453-4c59-95ff-4b01686cc1ab,1597153106568,b_ayarza,1610237044800,b_ayarza,SN/SV,No ,Si,,Si ,SN/SV,SN/SV,,
2182,Escuela Guabo,Comarca Ngabe-Bugle,Mironó,Hato Culantro,Comarca Ngäbe-Buglé,118,Si,Si,Panel Solar,No,Sin Internet,22,Javier Mendoza,-81.9032279,8.46677943,1324,3ed39790-e5be-424a-b8fa-0123811ac0aa,1597153106568,b_ayarza,1610237047378,b_ayarza,SN/SV,No ,No,,Si ,SN/SV,SN/SV,,
2183,Escuela Cabuya,Comarca Ngabe-Bugle,Mironó,Hato Culantro,Comarca Ngäbe-Buglé,128,Si,Si,Panel Solar,No,Sin Internet,22,Edinson Flores,-81.862933,8.481052,1325,cef974dc-48c6-49c9-9431-7b48a51561ab,1597153106568,b_ayarza,1610237051675,b_ayarza,SN/SV,No ,No,,Si ,SN/SV,SN/SV,,
2184,Escuela Llano Culantro,Comarca Ngabe-Bugle,Mironó,Hato Culantro,Comarca Ngäbe-Buglé,177,Si,Si,Panel Solar,No,Sin Internet,22,Eloy De Gracia,-81.85135972,8.46758312,1326,14c34c89-93ac-4a67-a2f2-7eac1818555f,1597153106568,b_ayarza,1610237056518,b_ayarza,SN/SV,No ,No,,Si ,SN/SV,SN/SV,,
2186,Escuela Quebrada de otoe,Comarca Ngabe-Bugle,Mironó,Salto Dupí,Comarca Ngäbe-Buglé,80,Si,Si,Panel Solar,No,Sin Internet,21,Arisnelio Barria,-81.89135972,8.33119474,1327,398b75d3-6782-4d24-96da-749c87feb48c,1597153106568,b_ayarza,1610237060569,b_ayarza,SN/SV,No ,No,,Si ,SN/SV,SN/SV,,
2188,C.E.B.G. Mironó,Comarca Ngabe-Bugle,Mironó,Hato Pilón,Comarca Ngäbe-Buglé,883,Si,Si,Panel Solar,Si,Satelital,21,Carlos Atencio,-81.864169,8.404002,1328,fdd653d7-d8f7-42b1-87ab-688009be322d,1597153106568,b_ayarza,1610557587391,b_ayarza,Cable Onda ,No ,No,,Si ,1,2.0 Mb ,,
2191,Escuela Cerro Pita,Comarca Ngabe-Bugle,Mironó,Cascabel,Comarca Ngäbe-Buglé,74,Si,Si,Panel Solar,No,Sin Internet,22,Feliciano Vejerano,-81.90413752,8.53980515,1329,f343e0fa-0785-46a0-89a1-2246d1dadc12,1597153106568,b_ayarza,1610237061866,b_ayarza,SN/SV,No ,No,,Si ,SN/SV,SN/SV,,
2192,Escuela Viroli,Comarca Ngabe-Bugle,Mironó,Cascabel,Comarca Ngäbe-Buglé,88,Si,Si,Panel Solar,No,Sin Internet,22,Jose Saldana,-81.83830412,8.48286086,1330,2b582d65-e8c3-435a-b7ba-fe900391c6ce,1597153106568,b_ayarza,1610237063804,b_ayarza,SN/SV,No ,No,,Si ,SN/SV,SN/SV,,
2195,Escuela Cerro Brisa,Comarca Ngabe-Bugle,Mironó,Quebrada De Loro,Comarca Ngäbe-Buglé,316,Si,Si,Panel Solar,Si,Satelital,20,Jobet Edwards,-81.93426793,8.33076678,1331,b528dd1b-68af-4399-9293-8473ab479683,1597153106568,b_ayarza,1610557746559,b_ayarza,CWP,Si,No,,Si ,1,10 Mb ,,
2197,Escuela Emilia Valdelamar,Darien,Pinogana ,El Real De Santa María,Darién,290,Si,Si,Compañía Distribuidora,Si,Microondas,5,Jose Antonio Flores V.,-77.73441522,8.11258445,1332,c1c83723-f3fb-411a-8fdd-1f3ec0317243,1597153106568,b_ayarza,1610557777350,b_ayarza,CWP,No ,No,,Si ,2,10 Mb/ 5 Mb ,,
2204,I.P.T. Marco A. Alarcón P.,Darien,Pinogana ,Metetí,Darién,227,Si,Si,Compañía Distribuidora,Si,Microondas,4,Domingo Concepcion,-77.980736,8.497859,1335,891214a7-5b9c-4782-9635-a997b1a364a0,1597153106568,b_ayarza,1610557807325,b_ayarza,CWP,No ,No,,Si ,2,10 Mb ,,
2209,Escuela San Vicente,Darien,Pinogana ,Metetí,Darién,63,Si,Si,Compañía Distribuidora,Si,Satelital,4,Alicia Sanchez,-78.03215219,8.5660889,1336,e1d5e137-bb10-493c-967b-2fb247d1d4e7,1597153106568,b_ayarza,1610557888361,b_ayarza,Cable Onda ,No ,No,,Si ,1,1.0 Mb,,
2210,Escuela Boca de Yape,Darien,Pinogana ,Yape,Darién,27,Si,Si,Compañía Distribuidora,Si,Microondas,5,Ilsa Checa,-77.60052642,8.09786231,1337,6726af5c-de07-486d-b3c7-bc53be4f4286,1597153106568,b_ayarza,1610558073140,b_ayarza,CWP,No ,No,,Si ,1,5.0 Mb ,,
2212,Escuela Pirre No.1 ,Darien,Pinogana ,El Real De Santa María,Darién,16,Si,Si,Panel Solar,No,Sin Internet,5,Luz Mena,-77.75524862,8.05397357,1338,606af338-5664-4983-aaa5-0b8a8b1198c4,1597153106568,b_ayarza,1610237089958,b_ayarza,SN/SV,No ,No,,Si ,SN/SV,SN/SV,,
2214,Escuela Cupe,Darien,Pinogana ,Boca De Cupé,Darién,17,Si,Si,Panel Solar,No,Sin Internet,5,Ermelinda Jordan,-77.58830412,8.03369584,1339,b6a935f9-7e3d-4e17-b308-8687ae59da9a,1597153106568,b_ayarza,1610237096405,b_ayarza,SN/SV,No ,No,,Si ,SN/SV,SN/SV,,
2215,Escuela Payita,Darien,Pinogana ,Paya,Darién,0,Si,No,Dato por Verificar,No,Sin Internet,5,Briceida Gonzalez,-77.38302642,7.9061964,1340,18bf1895-5925-40dd-9bc0-aa2e273c8f5a,1597153106568,b_ayarza,1610237099140,b_ayarza,SN/SV,No ,No,,Si ,SN/SV,SN/SV,,
2216,Escuela Matuganti,Darien,Pinogana ,Boca De Cupé,Darién,65,Si,Si,Panel Solar,No,Sin Internet,5,Anayansi Linares,-77.51552632,7.81314113,1341,cab61c20-a25b-4412-9f4a-87cad61248fa,1597153106568,b_ayarza,1610237105218,b_ayarza,SN/SV,No ,No,,Si ,SN/SV,SN/SV,,
2218,C.E.B.G. Boca de Cupe,Darien,Pinogana ,Boca De Cupé,Darién,27,Si,Si,Planta Eléctrica de Empresa,Si,Microondas,5,Issac Acevedo,-77.58830412,8.03369584,1342,80f2f0e6-5464-4027-b42e-f7332d4dd9c2,1597153106568,b_ayarza,1610558101970,b_ayarza,CWP,No ,No,,Si ,1,5.0 Mb ,,
2220,Escuela Sobiaquiru,Darien,Pinogana ,Paya,Darién,16,Si,Si,Panel Solar,No,Sin Internet,5,Lilibeth Rojas,-77.51691522,7.92175184,1343,6362dc8c-4f06-4eef-9c09-68081baf5c31,1597153106568,b_ayarza,1610237104412,b_ayarza,SN/SV,No ,No,,Si ,SN/SV,SN/SV,,
2221,Escuela Paya,Darien,Pinogana ,Paya,Darién,140,Si,Si,Panel Solar,No,Sin Internet,5,Yolanda Frias,-77.39552632,7.90202961,1344,712a774c-75e3-4ea4-bd27-6698142c996c,1597153106568,b_ayarza,1610237107540,b_ayarza,SN/SV,No ,No,,Si ,SN/SV,SN/SV,,
2222,Escuela Pinogama,Darien,Pinogana ,Pinogana,Darién,105,Si,Si,Compañía Distribuidora,Si,Microondas,5,Rooselvelt Castillo,-77.68108192,8.11397335,1345,e5a06dfc-5b13-41f0-98b1-d14e3df762cd,1597153106568,b_ayarza,1610558128380,b_ayarza,CWP,No ,No,,Si ,1,10 Mb ,,
2224,Escuela El Balsal,Darien,Pinogana ,Boca De Cupé,Darién,27,Si,Si,Panel Solar,No,Sin Internet,5,Allain Him,-77.53663742,7.94675175,1346,f107fe2e-6f52-4127-9739-60a6399e708d,1597153106568,b_ayarza,1610237109587,b_ayarza,SN/SV,No ,No,,Si ,SN/SV,SN/SV,,
2225,Escuela Pucuro,Darien,Pinogana ,Pucuro,Darién,139,Si,Si,Planta Eléctrica de Empresa,No,Sin Internet,5,Marta E. Villamonte A.,-77.49108202,7.98341832,1347,1a4eef02-98eb-482d-b4eb-1701bc14a62f,1597153106568,b_ayarza,1610237113042,b_ayarza,SN/SV,No ,No,,Si ,SN/SV,SN/SV,,
2229,Escuela Anayansi,Darien,Pinogana ,Metetí,Darién,77,Si,Si,Planta Eléctrica de Empresa,Si,Microondas,4,Maria Higuera,-78.00689232,8.54433112,1348,8cb7d3b5-51e9-4339-9ed4-3063d179dde3,1597153106568,b_ayarza,1610558176908,b_ayarza,Cable Onda ,No ,No,,Si ,1,4 Mb ,,
2230,Escuela Santa Librada,Darien,Pinogana ,Yaviza,Darién,192,Si,Si,Compañía Distribuidora,Si,Satelital,5,Susana Garcia,-77.81330412,8.27925054,1349,7199db2b-4ec1-4e09-a09d-c46c2f33f67a,1597153106568,b_ayarza,1612994319213,b_ayarza,Cable Onda ,No ,No,,Si ,1,1.0 Mb ,Si ,
2231,Escuela Canglón,Darien,Pinogana ,Metetí,Darién,52,Si,Si,Planta Eléctrica de Empresa,Si,Microondas,4,Maria Centeno,-77.82858192,8.3417503,1350,6a0dc3bb-daf8-4625-b452-e6ef86fcce3b,1597153106568,b_ayarza,1610558178177,b_ayarza,Digicel ,No ,No,,Si ,1,4 Mb ,,
2234,Escuela Nicanor,Darien,Pinogana ,Metetí,Darién,31,Si,Si,Planta Eléctrica de Empresa,Si,Satelital,4,Fulvia Torres,-78.03595266,8.55231467,1352,360d0825-b6cf-4125-8825-c7444ec8e993,1597153106568,b_ayarza,1610559106454,b_ayarza,Cable Onda ,No ,No,,Si,1,1.0 Mb ,,
2235,Escuela Morti,Darien,Pinogana ,Comarca Kuna De Wargandí,Darién,235,Si,Si,Panel Solar,No,Sin Internet,Dato por verificar,Dato por Verificar,-77.97640893,8.84266425,1353,c0c229ae-0fa5-4a87-b39e-51209d883a51,1597153106568,b_ayarza,1610237117478,b_ayarza,SN/SV,No ,No,,Si,SN/SV,SN/SV,,
2236,Escuela Aldea Embera,Darien,Chepigana ,Chepigana,Darién,69,Si,No,Dato por Verificar,No,Sin Internet,2,Jose A. Quintana,-78.01911473,8.11629636,1354,cbf5e33a-3151-45cd-a673-e95d1be9057d,1597153106568,b_ayarza,1610237119902,b_ayarza,SN/SV,No ,No,,Si,SN/SV,SN/SV,,
2239,Escuela El Totumo,Darien,Pinogana ,Yaviza,Darién,13,Si,Si,Panel Solar,No,Sin Internet,5,Luzmalia Arias,-77.83858192,8.28369492,1355,273cb9bf-364e-4098-9f04-464859035aa3,1597153106568,b_ayarza,1610237122495,b_ayarza,SN/SV,No ,No,,Si,SN/SV,SN/SV,,
2240,Escuela Sansón Arriba,Darien,Pinogana ,Metetí,Darién,0,Si,No,Dato por Verificar,No,Sin Internet,4,Aida Jaramillo,-77.90469302,8.38536124,1356,134fb5f6-1a4d-4dd7-afbd-0190e1b0b3be,1597153106568,b_ayarza,1610237126364,b_ayarza,SN/SV,No ,Si,,Si,SN/SV,SN/SV,,
2241,Escuela Sansón Abajo,Darien,Pinogana ,Metetí,Darién,0,Si,Si,Compañía Distribuidora,No,Sin Internet,4,Maria E. Mendoza,-77.82913742,8.42591658,1357,fa65df37-5810-4088-b4a7-c07e934dfdb8,1597153106568,b_ayarza,1610237129882,b_ayarza,SN/SV,No ,Si,,Si,SN/SV,SN/SV,,
2242,Escuela Sansoncito,Darien,Pinogana ,Metetí,Darién,18,Si,Si,Compañía Distribuidora,Si,Satelital,4,Aminta Otero,-77.91247082,8.43924993,1358,385e20e5-22aa-4c78-a8e0-9001a6390962,1597153106568,b_ayarza,1610559163280,b_ayarza,Cable Onda ,No ,No,,Si,1,1.0 Mb ,,
2243,Escuela Sansón,Darien,Pinogana ,Metetí,Darién,37,Si,Si,Compañía Distribuidora,Si,Satelital,4,Saul Murillo,-77.86635972,8.41202774,1359,65b984b8-fc83-46a2-b647-3e45163f1253,1597153106568,b_ayarza,1610559163146,b_ayarza,Cable Onda ,No ,No,,Si,1,1.0 Mb ,,
2249,C.E.B.G. Marco A. Alarcón P.,Darien,Pinogana ,Metetí,Darién,770,Si,Si,Compañía Distribuidora,Si,Microondas,4,Pablo Murillo,-77.97941522,8.50369408,1360,b0155169-bfb4-4791-9b32-f87ba7b0f125,1597153106568,b_ayarza,1610559165297,b_ayarza,Cable Onda ,No ,No,,Si,2,10 Mb ,,
2250,C.E.B.G. José del Carmen Mejía,Darien,Pinogana ,Yaviza,Darién,640,Si,Si,Compañía Distribuidora,Si,Microondas,5,Bolivar Canizalez,-77.69219312,8.16063988,1361,ea1be8ee-33ea-4eb2-ad67-68d3fa8a6df9,1597153106568,b_ayarza,1610559173863,b_ayarza,CWP ,No ,No,,Si,1,10 Mb ,,
2251,Escuela La Peñita ,Darien,Pinogana ,Metetí,Darién,29,Si,Si,Planta Eléctrica de Empresa,No,Sin Internet,4,Blasina Ruiz,-77.79663742,8.36480571,1362,c494ea4d-abfb-4b32-8f86-04a6349bec18,1597153106568,b_ayarza,1610237133599,b_ayarza,SN/SV,No ,No,,Si,SN/SV,SN/SV,,
2253,Escuela Rio Tupiza,Comarca Embera,Cémaco,Manuel Ortega,Comarca Emberá,0,Si,Si,Planta Eléctrica de Empresa,No,Sin Internet,1,Rafael Pereira,-77.61941532,8.30480594,1364,928f4bdf-1c42-4ec7-a8f5-904a35604cfd,1597153106568,b_ayarza,1610237137812,b_ayarza,SN/SV,No ,No,,Si,SN/SV,SN/SV,,
2254,Escuela Quebrada Félix,Darien,Pinogana ,Metetí,Darién,15,Si,Si,Compañía Distribuidora,No,Sin Internet,4,Melissa Rodriguez,-77.84469302,8.37369458,1365,a435e9af-ed85-47c1-aea8-5099aa05fd78,1597153106568,b_ayarza,1610237140860,b_ayarza,SN/SV,No ,No,,Si,SN/SV,SN/SV,,
2255,Escuela Punuloso,Darien,Pinogana ,Metetí,Darién,0,Si,Si,Compañía Distribuidora,Si,Fibra Óptica,4,Yariseth Rubides,-77.98635972,8.52786069,1366,b4c46388-03a8-4db8-b52c-a0f1c998d89a,1597153106568,b_ayarza,1610561065681,b_ayarza,Cable Onda ,No ,No,,Si,1,10 Mb ,,
2256,Escuela Portuchada,Darien,Pinogana ,Metetí,Darién,106,Si,Si,Planta Eléctrica de Empresa,No,Sin Internet,4,Maria De Los A. Valdes,-77.94274862,8.46813872,1367,054ff7f7-5cd2-428e-b6bd-a468871250b3,1597153106568,b_ayarza,1610237142465,b_ayarza,SN/SV,No ,Si,,Si,SN/SV,SN/SV,,
2259,Escuela Chati,Darien,Pinogana ,Metetí,Darién,11,Si,No,Dato por Verificar,No,Sin Internet,Dato por verificar,Dato por Verificar,-77.980763,8.497009,1368,8d467c6a-ff1f-4026-bd0b-f9306965ae36,1597153106568,b_ayarza,1610237149521,b_ayarza,SN/SV,No ,Si,,Si,SN/SV,SN/SV,,
2261,Escuela Nuevo Progreso,Darien,Pinogana ,Yaviza,Darién,102,Si,Si,Planta Eléctrica de Empresa,Si,Satelital,5,Tulio Kurt Alvarez De Sedas,-77.77358192,8.24258397,1369,3b4fafc9-7bc6-4dc8-b92a-e15399c14dbb,1597153106568,b_ayarza,1610561095360,b_ayarza,Cable Onda ,No ,No,,Si,1,2.0 Mb ,,
2262,Escuela Membrillo,Comarca Embera,Cémaco,Lajas Blancas,Comarca Emberá,66,Si,Si,Sistema Aislado para el Poblado ,No,Sin Internet,2,Angela C. Montenegro,-77.80330422,8.63480478,1370,85390902-cecc-4c4a-a8f5-c899a0cdab76,1597153106568,b_ayarza,1610237152658,b_ayarza,SN/SV,No ,No,,Si,SN/SV,SN/SV,,
2263,Escuela La Esperanza,Comarca Embera,Cémaco,Manuel Ortega,Comarca Emberá,0,Si,Si,Planta Eléctrica de Empresa,No,Sin Internet,1,Flavio Chaqui,-77.60163752,8.33008364,1371,b425927c-2c4d-4126-92dc-a028dfd221fc,1597153106568,b_ayarza,1610237155182,b_ayarza,SN/SV,No ,No,,Si,SN/SV,SN/SV,,
2264,Escuela Puente del Rio Yape,Comarca Embera,Cémaco,Cirilo Guaynora,Comarca Emberá,0,Si,Si,Compañía Distribuidora,Si,Microondas,1,Osman Caisamo,-77.59608192,8.10286229,1372,4df59712-beb4-4f75-a2d9-fac1fe323ddf,1597153106568,b_ayarza,1610561148704,b_ayarza,CWP,No ,No,,Si,1,5.0 Mb ,,
2265,Escuela Vista Alegre,Comarca Embera,Cémaco,Cirilo Guaynora,Comarca Emberá,0,Si,Si,Compañía Distribuidora,Si,Satelital,1,Elvira Vanegas,-77.61524862,8.12202882,1373,e45f43d7-b2aa-4086-95c7-f535b53cbbf9,1597153106568,b_ayarza,1610561156816,b_ayarza,Cable Onda ,No ,No,,Si,1,2.0 Mb ,,
2266,Escuela Capeti,Comarca Embera,Cémaco,Cirilo Guaynora,Comarca Emberá,0,Si,Si,Compañía Distribuidora,Si,Satelital,1,Eda Chami,-77.57385972,8.06230694,1374,9f60091d-8a65-42b7-8f25-66d2c17fb867,1597153106568,b_ayarza,1610561159209,b_ayarza,Cable Onda ,No ,No,,Si,1,2.0 Mb ,,
2269,Escuela Aruza Arriba,Darien,Chepigana ,Río Iglesias,Darién,53,Si,Si,Compañía Distribuidora,No,Sin Internet,4,Nixi Lino,-77.93751078,8.40689573,1375,2af2b723-fded-4a8d-9fa7-a8bce0bf8e69,1597153106568,b_ayarza,1610237157666,b_ayarza,SN/SV,No ,No,,Si,SN/SV,SN/SV,,
2271,C.E.B.G. Nuevo Vigía,Comarca Embera,Cémaco,Lajas Blancas,Comarca Emberá,0,Si,Si,Compañía Distribuidora,No,Sin Internet,2,Nelson Guinora,-77.76330412,8.38119455,1377,d9055192-89e5-4bb1-9cd7-a1e380ca05f2,1597153106568,b_ayarza,1610561203867,b_ayarza,SN/SV,No ,No,,Si,SN/SV,SN/SV,,
2272,Escuela Alto Playon,Comarca Embera,Cémaco,Lajas Blancas,Comarca Emberá,0,Si,Si,Planta Eléctrica de Empresa,Si,Satelital,2,Marilin Consepcion,-77.88274862,8.53674956,1378,2691af3c-c5c2-4f26-a16d-e5c6980dd1b7,1597153106568,b_ayarza,1610561228842,b_ayarza,Cable Onda ,No ,No,,Si,1,2.0 Mb ,,
2273,Escuela Bajo Chiquito,Comarca Embera,Cémaco,Lajas Blancas,Comarca Emberá,0,Si,Si,Panel Solar,No,Sin Internet,2,Romulo Apochito,-77.67913752,8.45758316,1379,cd62a6b5-0caa-4b1e-b58b-f9e5f182d71b,1597153106568,b_ayarza,1610237165101,b_ayarza,SN/SV,No ,No,,Si,SN/SV,SN/SV,,
2274,Escuela Peña de Bijagual,Comarca Embera,Cémaco,Lajas Blancas,Comarca Emberá,0,Si,Si,Planta Eléctrica de Empresa,No,Sin Internet,2,Lauriano Chami,-77.72191522,8.25175064,1380,909ea388-4320-44c8-906f-b7cb651990a6,1597153106568,b_ayarza,1610237168007,b_ayarza,SN/SV,No ,No,,Si,SN/SV,SN/SV,,
2275,Escuela Lajas Blancas,Comarca Embera,Cémaco,Lajas Blancas,Comarca Emberá,0,Si,Si,Compañía Distribuidora,Si,Satelital,2,Castillo Degaiza,-77.80997082,8.41730561,1381,702f9138-369a-49ea-b536-6c5691a14b79,1597153106568,b_ayarza,1610561257167,b_ayarza,Cable Onda ,No ,No,,Si,2,2.0 Mb ,,
2276,Escuela Sinaí,Comarca Embera,Cémaco,Lajas Blancas,Comarca Emberá,0,Si,Si,Panel Solar,No,Sin Internet,2,Virgilio Rosales,-77.83052642,8.61480475,1382,0c93b375-5cbb-4a1e-9258-739644484421,1597153106568,b_ayarza,1610237170617,b_ayarza,SN/SV,No ,No,,Si,SN/SV,SN/SV,,
2277,Escuela El Salto del Chucunaque,Comarca Embera,Cémaco,Lajas Blancas,Comarca Emberá,0,Si,Si,Compañía Distribuidora,Si,Satelital,2,Eulogio Aparicio,-77.76302632,8.31341711,1383,c6b6c42f-b9ff-4fd9-8419-25ca5aae582a,1597153106568,b_ayarza,1610561279231,b_ayarza,Cable Onda ,No ,No,,Si,1,2.0 Mb ,,
2280,Escuela Dozaque Puru,Comarca Embera,Cémaco,Lajas Blancas,Comarca Emberá,0,Si,Si,Sistema Aislado para el Poblado ,No,Sin Internet,2,Malaquias Dogirama,-77.76080412,8.56341605,1384,d2ea9a21-188e-423a-ac55-597e23326de6,1597153106568,b_ayarza,1610237185346,b_ayarza,SN/SV,No ,No,,Si,SN/SV,SN/SV,,
2922,Escuela Canafístulo ,Los Santos,Pocrí,El Cañafístulo,Los Santos,11,No,Si,Compañía Distribuidora,No,Sin Internet,11,Elvia Ureña,-80.22867832,7.6192187,1385,05eaa4b6-85b0-42fb-92be-56b888a734cd,1597153106568,b_ayarza,1610237186278,b_ayarza,SN/SV,No ,No,,No ,SN/SV,SN/SV,,
2592,Escuela Los Remedios,Herrera,Ocú,Ocú,Herrera,6,No,Si,Compañía Distribuidora,Si,Fibra Óptica,7,Ilka Arcia,-80.80834249,7.95953444,1386,ab7832f4-d219-4460-81d0-fedefb3051f7,1597153106568,b_ayarza,1610566132197,b_ayarza,Cable Onda,No ,No,,No ,1,10 Mb,,
2926,Escuela Abigail Escala,Los Santos,Pocrí,Lajamina,Los Santos,28,No,Si,Compañía Distribuidora,Si,Fibra Óptica,4,Briceida De Vergara,-80.13317928,7.59190121,1387,ba6bdeba-4bf3-482a-a71d-17f087c7fc89,1597153106568,b_ayarza,1610649657257,b_ayarza,Cable Onda,No ,No,,No ,1,10 Mb ,,
1746,Escuela Guaca Abajo,Chiriqui,David,Guacá,Chiriquí,12,No,Si,Compañía Distribuidora,Si,Microondas,5,Kathia Martinez,-82.4641074,8.52258992,1389,4d67b7e0-e623-423f-8635-07d4712fe9a3,1597153106568,b_ayarza,1610492465835,b_ayarza,Cable Onda ,No ,No,,No ,1,4 Mb ,,
2931,Escuela Carricillal,Los Santos,Pocrí,Paritilla,Los Santos,4,No,Si,Compañía Distribuidora,No,Sin Internet,11,Francisco Cedeno,-80.202982,7.57220872,1390,e8d70583-2b75-41fb-abff-39aab4b68d3f,1597153106568,b_ayarza,1610237189708,b_ayarza,SN/SV,No ,No,,No ,SN/SV,SN/SV,,
2594,Colegio Rafael Quintero Villarreal,Herrera,Ocú,Ocú,Herrera,1148,No,Si,Compañía Distribuidora,Si,Hibrido de Fibra Coaxial,7,Deisy Barria,-80.78102931,7.94538618,1391,76d60be7-ce9e-44d0-83c0-d6bd45f3eaec,1597153106568,b_ayarza,1610566175468,b_ayarza,Cable Onda,No ,No,,No ,3,10 Mb,,
1747,Escuela Alto Majagua ,Chiriqui,David,Guacá,Chiriquí,8,No,Si,Compañía Distribuidora,Si,Microondas,Dato por verificar,Dato por Verificar,-82.47545,8.55116,1392,b0a0edc0-ba59-4e7b-9322-c30a67b0dda6,1597153106568,b_ayarza,1610492469109,b_ayarza,Cable Onda ,No ,No,,No ,1,10 Mb,,
2295,Escuela Barranquillita,Comarca Embera,Cémaco,Manuel Ortega,Comarca Emberá,0,Si,Si,Panel Solar,No,Sin Internet,1,Levi Guaceruca,-77.58691532,8.3673057,1393,f4355c8e-c695-4be9-aa3a-5c56aeb7c039,1597153106568,b_ayarza,1610237180230,b_ayarza,SN/SV,No ,No,,Si,SN/SV,SN/SV,,
2935,Escuela Justo Vasquez B.,Los Santos,Pocrí,Paritilla,Los Santos,34,No,Si,Compañía Distribuidora,Si,Fibra Óptica,11,Jose Batista,-80.16964707,7.63061422,1394,1aab1517-35c1-4a24-ac2c-c5b37ba2857c,1597153106568,b_ayarza,1610649671967,b_ayarza,Cable Onda,No ,No,,No ,1,10 Mb ,,
1748,Escuela Palmira del Banco,Chiriqui,David,Guacá,Chiriquí,33,No,Si,Compañía Distribuidora,Si,Microondas,6,Luz Denia Candanedo,-82.53830412,8.69147116,1395,984ef595-45f9-411a-acc4-c8888c6ee4ca,1597153106568,b_ayarza,1610492470250,b_ayarza,Cable Onda ,No ,No,,No ,1,10 Mb,,
2595,Escuela Valle Rico,Herrera,Ocú,Menchaca,Herrera,16,No,Si,Compañía Distribuidora,Si,Fibra Óptica,8,Elias Franco,-80.76086079,7.90633834,1396,360a1288-e8f7-4626-9c60-582507eab880,1597153106568,b_ayarza,1610566243590,b_ayarza,Cable Onda,No ,No,,No ,1,10 Mb,,
2937,Escuela Rosa Maria Angulo de Arce,Los Santos,Tonosí,Tonosí,Los Santos,314,No,Si,Compañía Distribuidora,Si,Fibra Óptica,6,Laureano Barria,-80.43862958,7.40733833,1397,003d9b7d-bad8-4077-a042-33e898e10c20,1597153106568,b_ayarza,1610649672923,b_ayarza,Cable Onda,No ,No,,No ,1,10 Mb ,,
2726,Escuela La Pasera,Los Santos,Guararé,La Pasera,Los Santos,54,No,Si,Compañía Distribuidora,Si,Hibrido de Fibra Coaxial,2,Dalvis Castro,-80.30504658,7.79769554,1398,412c2829-1769-4c4f-bbe7-a03b484e4685,1597153106568,b_ayarza,1610568342912,b_ayarza,Cable Onda,No ,No,,No ,1,6 Mb ,,
2296,Escuela Boca de Trampa,Comarca Embera,Sambú,Río Sábalo,Comarca Emberá,0,Si,Si,Planta Eléctrica de Empresa,No,Sin Internet,3,Raquela Carpio,-78.13913742,7.9336962,1399,bfab3198-9457-413c-9e58-f15436032907,1597153106568,b_ayarza,1610237204434,b_ayarza,SN/SV,No ,No,,Si,SN/SV,SN/SV,,
1552,I.P.T. La Concepción,Chiriqui,Bugaba,La Concepción,Chiriquí,991,No,Si,Compañía Distribuidora,Si,Hibrido de Fibra Coaxial/Fibra Óptica,Dato por verificar,Dato por Verificar,-82.61358192,8.52119402,1400,5ca69616-e0af-4b49-893e-fffb50cc43cb,1597153106568,b_ayarza,1610489369871,b_ayarza,Cable Onda ,No ,No,,No ,3,2-6 Mb/ 10 Mb,,
3103,Escuela Los Chorros,Panama Oeste,Capira,Cirí De  Los Sotos,Panamá Oeste,86,Si,Si,Panel Solar,No,Sin Internet,9,Oneima Bernal,-80.06678825,8.94758784,1401,83caedc5-f4df-4ab3-8cae-59fee83fdc76,1597153106568,b_ayarza,1610237205789,b_ayarza,SN/SV,No ,Si,,Si,SN/SV,SN/SV,,
2730,Escuela Benjamín Velásquez,Los Santos,Guararé,Las Trancas,Los Santos,28,No,Si,Compañía Distribuidora,Si,Microondas,2,Cenen Melendez,-80.3751467,7.73709157,1403,57b6572f-3fb4-465e-b36d-d70ef1ed14a5,1597153106568,b_ayarza,1610635958547,b_ayarza,Cable Onda,No ,No,,No ,1,10 Mb ,,
2732,Escuela Santa Rosa,Los Santos,Guararé,El Hato,Los Santos,7,No,Si,Compañía Distribuidora,Si,Fibra Óptica,2,Edith De Villarreal,-80.37939943,7.76670445,1404,9a112357-6a97-435f-a098-d97c7954b517,1597153106568,b_ayarza,1610635959352,b_ayarza,Cable Onda,No ,No,,No ,1,10 Mb ,,
2733,Escuela LLano Abajo,Los Santos,Guararé,Llano Abajo,Los Santos,10,No,Si,Compañía Distribuidora,Si,Fibra Óptica,10,Cornelia Cortes,-80.40732127,7.79433672,1405,ec974aaa-704d-4c20-a806-cbdccae74e95,1597153106568,b_ayarza,1610635960042,b_ayarza,Cable Onda,No ,No,,No ,1,10 Mb ,,
2734,Escuela El Hato,Los Santos,Guararé,El Hato,Los Santos,7,No,Si,Compañía Distribuidora,Si,Fibra Óptica,2,Lesbia Judith Medina,-80.37361236,7.79360166,1406,7232e273-085a-4199-bef9-8c8d67ef490a,1597153106568,b_ayarza,1610635960680,b_ayarza,CWP,No ,No,,No ,1,10 Mb ,,
2735,Escuela La Peña,Los Santos,Guararé,Llano Abajo,Los Santos,17,No,Si,Compañía Distribuidora,Si,Fibra Óptica,10,Agapito Peralta,-80.41165343,7.76697169,1407,122e8908-af7b-4bf5-a03a-7ce870da53f8,1597153106568,b_ayarza,1610635961622,b_ayarza,Cable Onda,No ,No,,No ,1,10 Mb ,,
2736,Escuela Presidente Porras,Los Santos,Las Tablas,Las Tablas Cabecera,Los Santos,482,No,Si,Compañía Distribuidora,Si,Hibrido de Fibra Coaxial,1,Salomon Hernandez,-80.27584566,7.76640981,1408,2eed8211-5fb2-40e3-a700-f01106785952,1597153106568,b_ayarza,1610635945051,b_ayarza,Cable Onda,No ,No,,No ,1,6 Mb ,,
2738,Colegio Manuel Maria Tejada Roca,Los Santos,Las Tablas,Las Tablas Cabecera,Los Santos,1660,No,Si,Compañía Distribuidora,Si,Hibrido de Fibra Coaxial/Fibra Óptica,Dato por verificar,Dato por Verificar,-80.27271103,7.7685867,1410,60d2bd33-b9b3-4432-8fe3-4f83307de1e4,1597153106568,b_ayarza,1610645586019,b_ayarza,Cable Onda,No ,No,,No ,3,6 Mb/ 2-10  Mb,,
2739,Centro Centro Educativo Santa Isabel,Los Santos,Las Tablas,Las Tablas ,Los Santos,72,No,Si,Compañía Distribuidora,No,Sin Internet,1,Luric Camaño,-80.27233254,7.77015652,1411,152a9ede-adfe-472b-9bda-67ec9a15746d,1597153106568,b_ayarza,1610237208201,b_ayarza,SN/SV,No ,No,,No ,SN/SV,SN/SV,,
2746,Escuela Claudio Vásquez V.,Los Santos,Las Tablas,Las Tablas Cabecera,Los Santos,806,No,Si,Compañía Distribuidora,Si,Hibrido de Fibra Coaxial,1,Celibeth Peralta,-80.26331618,7.75543014,1412,06dba0ae-47cf-4cb6-8e04-6ad85204f988,1597153106568,b_ayarza,1610645615443,b_ayarza,Cable Onda,No ,No,,No ,1,6 Mb ,,
2748,Escuela Las Lagunitas,Los Santos,Las Tablas,Bajo Corral,Los Santos,12,No,Si,Compañía Distribuidora,No,Sin Internet,11,Raquel Almanza,-80.25685889,7.62431323,1413,ce353908-ca66-4c4e-9d5b-22d4f19b4483,1597153106568,b_ayarza,1610237211081,b_ayarza,SN/SV,No ,No,,No ,SN/SV,SN/SV,,
2749,Escuela Bajo Corral,Los Santos,Las Tablas,Bajo Corral,Los Santos,20,No,Si,Compañía Distribuidora,Si,Satelital,11,Eduvina Rodriguez,-80.26100423,7.60769954,1414,f9dd1157-b5ca-4b6c-946b-111b51c23b6c,1597153106568,b_ayarza,1610645636934,b_ayarza,Cable Onda,No ,No,,No ,1,2.0 Mb ,,
2751,Escuela Taboga,Los Santos,Las Tablas,Bayano,Los Santos,2,Si,Si,Planta Eléctrica de Empresa,No,Sin Internet,7,Marilin Mudarra,-80.43754851,7.57998443,1415,05e01467-adf2-4795-a34e-134d1fde2876,1597153106568,b_ayarza,1610237213370,b_ayarza,SN/SV,No ,No,,Si ,SN/SV,SN/SV,,
2752,Escuela El Fermin,Los Santos,Las Tablas,Bayano,Los Santos,5,No,Si,Panel Solar,No,Sin Internet,7,Elizabeth Herrera,-80.417016,7.61444248,1416,0b16f7ae-874b-4476-966b-666e013240b8,1597153106568,b_ayarza,1610237215419,b_ayarza,SN/SV,No ,No,,Si ,SN/SV,SN/SV,,
2754,Escuela Sergio González Ruiz,Los Santos,Las Tablas,Bayano,Los Santos,19,Si,Si,Compañía Distribuidora,Si,Fibra Óptica,7,Alexis Cedeño,-80.41567026,7.64741106,1417,215bdf57-b372-45f5-a3ed-3a4044dbd427,1597153106568,b_ayarza,1610645718978,b_ayarza,Cable Onda,No ,No,,Si ,1,10 Mb ,,
2756,Escuela Carlos M. Espino F.,Los Santos,Las Tablas,Bayano,Los Santos,15,No,Si,Compañía Distribuidora,Si,Fibra Óptica,7,German Alonzo,-80.38219312,7.63091957,1418,33fb3c75-3416-4b66-92a1-99e2e6896b69,1597153106568,b_ayarza,1610645723125,b_ayarza,Cable Onda,No ,No,,Si ,1,10 Mb ,,
2758,Escuela Plinio A. Tejada,Los Santos,Las Tablas,El Carate,Los Santos,77,No,Si,Compañía Distribuidora,Si,Hibrido de Fibra Coaxial,7,Jorge Dominguez,-80.29588704,7.73111229,1419,80445825-50fd-4fde-aebc-b3293e7cd293,1597153106568,b_ayarza,1610645706740,b_ayarza,Cable Onda,No ,No,,No ,1,6 Mb ,,
1749,Escuela El Rodeo,Chiriqui,David,Guacá,Chiriquí,8,No,Si,Compañía Distribuidora,No,Sin Internet,5,Hubert Santo,-82.50830063,8.56920403,1420,b5a65433-6cc0-4755-a2f3-106553335cf3,1597153106568,b_ayarza,1610237218201,b_ayarza,SN/SV,No ,No,,No ,SN/SV,SN/SV,,
2596,Escuela Quebrada de Agua,Herrera,Ocú,Ocú,Herrera,39,No,Si,Compañía Distribuidora,Si,Fibra Óptica,6,Ruben Campos,-80.78935422,7.98112438,1421,f24b4be6-6367-4082-9e8a-09dceafa8d2d,1597153106568,b_ayarza,1610566245190,b_ayarza,Cable Onda,No ,No,,No ,1,10 Mb,,
2760,Escuela Antonio González,Los Santos,Las Tablas,El Cocal,Los Santos,91,No,Si,Compañía Distribuidora,Si,ADSL,1,Panama Villarreal,-80.27856869,7.74083104,1422,6f35f8f3-2549-4783-a031-13feeb972b99,1597153106568,b_ayarza,1610645724614,b_ayarza,Cable Onda,No ,No,,No,1,10 Mb ,,
2762,Escuela Nemesio Medina,Los Santos,Las Tablas,El Manantial,Los Santos,32,No,Si,Compañía Distribuidora,Si,Fibra Óptica,1,Adelaida De Barrios,-80.24469302,7.78258574,1423,5ec0d37e-9cc4-4a4f-9c45-51139dc3b316,1597153106568,b_ayarza,1610645728538,b_ayarza,Cable Onda,No ,No,,No,1,10 Mb ,,
2764,Escuela El Muñoz ,Los Santos,Las Tablas,El Muñoz,Los Santos,36,No,Si,Compañía Distribuidora,Si,Microondas,7,Rudilia Alfaro,-80.32107058,7.67743343,1424,dc2a37c8-5aae-47be-95d2-d9c0a571000f,1597153106568,b_ayarza,1610645767770,b_ayarza,Cable Onda,No ,No,,No,1,4 Mb ,,
2766,Escuela El Pedregoso,Los Santos,Las Tablas,El Pedregoso,Los Santos,5,No,Si,Compañía Distribuidora,No,Sin Internet,7,Jorge Dominguez,-80.32719226,7.69512665,1425,dfa62532-edbc-46d2-b5f9-20fd1201ff5b,1597153106568,b_ayarza,1610237222997,b_ayarza,SN/SV,No ,No,,No,SN/SV,SN/SV,,
2769,Escuela La Miel,Los Santos,Las Tablas,La Miel,Los Santos,12,No,Si,Compañía Distribuidora,Si,Satelital,7,Bricelda Vega,-80.32778079,7.55952139,1426,498f2572-4785-414b-93a7-f843eeafda00,1597153106568,b_ayarza,1610646416633,b_ayarza,Cable Onda,No ,No,,No,1,2.0 Mb ,,
2772,Escuela Carlos M. Ballesteros,Los Santos,Las Tablas,La Palma,Los Santos,125,No,Si,Compañía Distribuidora,Si,Fibra Óptica,11,Alexis Gonzalez,-80.19191965,7.70093897,1427,a2f4eacf-6c42-4973-a26e-ddd4f13bba05,1597153106568,b_ayarza,1610646422039,b_ayarza,CWP,No ,No,,No,1,10 Mb ,,
2775,Escuela La Tiza,Los Santos,Las Tablas,La Tiza,Los Santos,43,No,Si,Compañía Distribuidora,Si,Fibra Óptica,1,Maria E. Garrido,-80.28960424,7.7498155,1428,29ea336b-d92d-4dd9-8256-4ba0d56f3d97,1597153106568,b_ayarza,1610646425140,b_ayarza,CWP,No ,No,,No,1,10 Mb ,,
2777,Escuela Amaris Duran de Vidal,Los Santos,Las Tablas,Las Palmitas,Los Santos,156,No,Si,Compañía Distribuidora,Si,Hibrido de Fibra Coaxial,1,Nitza Zazavilla,-80.28571935,7.76636582,1429,1b8cbea1-f659-4b1f-911c-cd75dba53e36,1597153106568,b_ayarza,1610646429280,b_ayarza,Cable Onda,No ,No,,No,1,6 Mb ,,
2780,Escuela Benilda Cespedes Tablas Abajo,Los Santos,Las Tablas,Las Tablas Abajo,Los Santos,68,No,Si,Compañía Distribuidora,Si,ADSL,1,Daris Gonzales,-80.24979559,7.79767575,1430,0ea91f96-ef52-45c4-9f77-9f781d718fe0,1597153106568,b_ayarza,1610646435490,b_ayarza,CWP,No ,No,,No,1,10 Mb ,,
2782,Escuela Alejandro González H.,Los Santos,Las Tablas,Nuario,Los Santos,11,No,Si,Compañía Distribuidora,Si,Satelital,7,Nelly Gonzalez,-80.31992719,7.52714575,1431,70d9a65e-c1b5-404d-8f73-ebba93b611e4,1597153106568,b_ayarza,1610646438945,b_ayarza,Cable Onda,No ,No,,No,1,2.0 Mb ,,
2783,Escuela Palmira,Los Santos,Las Tablas,Palmira,Los Santos,12,No,Si,Compañía Distribuidora,No,Sin Internet,7,Elia Vasquez De Cedeño,-80.352202,7.66900028,1432,86f94011-f714-4f57-99e6-ef7ba38d5ecc,1597153106568,b_ayarza,1610237225007,b_ayarza,SN/SV,No ,No,,No,SN/SV,SN/SV,,
2784,Escuela Gustavo Batista,Los Santos,Las Tablas,Peña Blanca,Los Santos,50,No,Si,Compañía Distribuidora,Si,Hibrido de Fibra Coaxial,1,Felix Vasquez,-80.28524852,7.72147475,1433,f8bd6784-fb76-4885-a8e4-6fb08e3f28e2,1597153106568,b_ayarza,1610646477322,b_ayarza,Cable Onda,No ,No,,No,1,6 Mb,,
2786,Escuela Ofelia C. de Acevedo,Los Santos,Las Tablas,Río Hondo,Los Santos,6,No,Si,Compañía Distribuidora,Si,Fibra Óptica,2,Encarnacion Bernal,-80.3593323,7.71470426,1434,c787ad89-1a42-4ab2-9f24-5e38d722f72f,1597153106568,b_ayarza,1610646483711,b_ayarza,Cable Onda,No ,No,,No,1,10 Mb ,,
2787,Escuela San José,Los Santos,Las Tablas,San José,Los Santos,25,No,Si,Compañía Distribuidora,Si,Hibrido de Fibra Coaxial,11,Flor Bustamante,-80.24465108,7.67561145,1435,dda5fe6c-0d0b-41a4-9902-c01f38c987dc,1597153106568,b_ayarza,1610646478953,b_ayarza,Cable Onda,No ,No,,No,1,6 Mb,,
2789,Escuela San Miguel,Los Santos,Las Tablas,San Miguel,Los Santos,8,No,Si,Compañía Distribuidora,No,Sin Internet,11,Mercedes Franco,-80.27229362,7.65884613,1436,39e2e5b7-0247-4f30-bb8f-73abb5dd6b09,1597153106568,b_ayarza,1610237226962,b_ayarza,SN/SV,No ,No,,No,SN/SV,SN/SV,,
2790,Escuela Melquisedec Vásquez,Los Santos,Las Tablas,Santo Domingo,Los Santos,111,No,Si,Compañía Distribuidora,Si,Hibrido de Fibra Coaxial,1,Elizabeth Villarreal,-80.24338763,7.7490166,1437,6b0bcc63-7bea-447f-9b45-6e3c03a571d6,1597153106568,b_ayarza,1610831795062,b_ayarza,Cable Onda,No ,No,,No,1,6 Mb,,
2793,Escuela Valle Rico,Los Santos,Las Tablas,Valle Rico,Los Santos,7,No,Si,Compañía Distribuidora,Si,Fibra Óptica,7,Josefa Gonzales,-80.35278705,7.62202027,1438,9da12001-de9a-406a-b43d-28471d3cb20b,1597153106568,b_ayarza,1610831788231,b_ayarza,Cable Onda,No ,No,,No,1,10 Mb ,,
2794,Escuela Oria,Los Santos,Las Tablas,Bayano,Los Santos,5,Si,Si,Compañía Distribuidora,Si,Satelital,7,Manuel Dominguez,-80.43731,7.59493,1439,9d743891-7cd8-4a76-a7a4-c45d6fda328a,1597153106568,b_ayarza,1610831786791,b_ayarza,Cable Onda,No ,No,,No,1,2.0 Mb ,,
2795,Escuela El Guayabo,Los Santos,Las Tablas,Valle Rico,Los Santos,3,No,Si,Compañía Distribuidora,No,Sin Internet,7,Margarita Medina,-80.3720479,7.60581737,1440,9fbc9a0a-aa8c-4580-be08-7bf8f32c6734,1597153106568,b_ayarza,1610237228946,b_ayarza,SN/SV,No ,No,,No,SN/SV,SN/SV,,
2796,C.E.B.G. Jaime Alba,Los Santos,Las Tablas,Vallerriquito,Los Santos,98,No,Si,Compañía Distribuidora,Si,Microondas,Dato por verificar,Dato por Verificar,-80.31580412,7.62314169,1441,031ddf01-2159-4535-84d1-1a029feea9c2,1597153106568,b_ayarza,1610646662699,b_ayarza,Digicel ,No ,No,,No,1,10 Mb ,,
2800,Escuela San Agustin,Los Santos,Los Santos,La Villa De Los Santos,Los Santos,38,No,Si,Compañía Distribuidora,Si,Microondas,3,Monica Fuentes,-80.44634254,7.91969115,1442,614dc730-35c9-446d-9340-5f2bc5389d8a,1597153106568,b_ayarza,1610646667803,b_ayarza,CWP ,No ,No,,No,1,4 Mb ,,
2801,Instituto Coronel Segundo de Villarreal,Los Santos,Los Santos,La Villa De Los Santos,Los Santos,1021,No,Si,Compañía Distribuidora,Si,Hibrido de Fibra Coaxial,Dato por verificar,Dato por Verificar,-80.41497082,7.93064071,1443,ae8195df-34d2-48f3-9ade-891bb229d953,1597153106568,b_ayarza,1610646673838,b_ayarza,Cable Onda,No ,No,,No,4,6 Mb,,
2808,I.P.T. Azuero,Los Santos,Los Santos,La Villa De Los Santos,Los Santos,652,No,Si,Compañía Distribuidora,Si,Hibrido de Fibra Coaxial,Dato por verificar,Dato por Verificar,-80.41663752,7.92841842,1445,6c033c75-5385-4003-8881-2b59e7cba668,1597153106568,b_ayarza,1610646717645,b_ayarza,Cable Onda,No ,No,,No,2,6 Mb,,
2812,C.E.B.G. Nicanor Villalaz,Los Santos,Los Santos,La Villa De Los Santos,Los Santos,688,No,Si,Compañía Distribuidora,Si,Hibrido de Fibra Coaxial,3,Delfina Castro,-80.41147143,7.9313079,1447,901edc14-ef9e-4d4e-81c6-b0448069aa25,1597153106568,b_ayarza,1610646763725,b_ayarza,Cable Onda,No ,No,,No,1,6 Mb,,
2813,Escuela San Luis,Los Santos,Los Santos,El Guásimo,Los Santos,22,No,Si,Compañía Distribuidora,Si,Fibra Óptica,3,Zenaida Centella,-80.51927331,7.86140852,1448,87e4470e-37a0-4edf-a744-7eda7922fbde,1597153106568,b_ayarza,1610646773529,b_ayarza,Cable Onda,No ,No,,No,1,10 Mb ,,
2814,Escuela El Guasímo,Los Santos,Los Santos,El Guásimo,Los Santos,13,No,Si,Compañía Distribuidora,Si,Microondas,10,Eusebia Dominguez,-80.52678847,7.80967952,1449,f1e870fa-a018-44c5-9975-138eea6ac93f,1597153106568,b_ayarza,1610646780280,b_ayarza,Digicel ,No ,No,,No,1,4 Mb ,,
2816,Escuela La Colorada,Los Santos,Los Santos,La Colorada,Los Santos,103,No,Si,Compañía Distribuidora,Si,Satelital,3,Carmen Frias,-80.55663501,7.82776228,1450,3d7d00a6-28c0-4016-8eb8-7dce72e84198,1597153106568,b_ayarza,1610646828742,b_ayarza,Cable Onda,No ,No,,No,1,2.0 Mb ,,
2818,Escuela María Beatriz Rodríguez,Los Santos,Los Santos,La Espigadilla,Los Santos,123,No,Si,Compañía Distribuidora,Si,Hibrido de Fibra Coaxial,3,Waldistrudis R. Castro G.,-80.38918327,7.88761609,1451,8902c7c6-e480-4d72-b6a8-a935a44b3e77,1597153106568,b_ayarza,1610646824120,b_ayarza,Cable Onda,No ,No,,No,1,6 Mb,,
2822,Escuela Las Cruces,Los Santos,Los Santos,Las Cruces,Los Santos,79,No,Si,Compañía Distribuidora,Si,Fibra Óptica,10,Melida Montenegro,-80.42410199,7.83114088,1452,2039a4a5-4f91-4b1e-bbd7-17c3d1c49ca8,1597153106568,b_ayarza,1610646832698,b_ayarza,Cable Onda,No ,No,,No,1,10 Mb ,,
2823,Escuela Guarareito - La Limona,Los Santos,Los Santos,Las Cruces,Los Santos,19,No,Si,Compañía Distribuidora,Si,Satelital,10,Erika Morales,-80.43852523,7.79386946,1453,fddb0857-a058-4a7f-b9c2-604917b2b01e,1597153106568,b_ayarza,1610646835024,b_ayarza,Cable Onda,No ,No,,No,1,10 Mb ,,
2824,Escuela Las Guabas,Los Santos,Los Santos,Las Guabas,Los Santos,45,No,Si,Compañía Distribuidora,Si,Satelital,10,Lourdes Escobar,-80.49806983,7.81496929,1454,8da5f444-1377-494e-8e8c-7af7ce0769a3,1597153106568,b_ayarza,1610648818769,b_ayarza,Cable Onda,No ,No,,No,1,10 Mb ,,
2826,Escuela Villa Lourdes,Los Santos,Los Santos,Villa Lourdes,Los Santos,32,No,Si,Compañía Distribuidora,Si,Fibra Óptica,10,Digna Melgar,-80.47272025,7.80960404,1455,b1787d08-2bf5-4220-8931-25317f674b07,1597153106568,b_ayarza,1610648819868,b_ayarza,Cable Onda,No ,No,,No,1,10 Mb ,,
2828,Escuela La Laja,Los Santos,Los Santos,Villa Lourdes,Los Santos,10,No,Si,Compañía Distribuidora,Si,Fibra Óptica,10,Beatriz Rodriguez,-80.48629222,7.79216075,1457,ce2d8d91-7332-4022-818c-0d726cf424ff,1597153106568,b_ayarza,1610648826233,b_ayarza,Cable Onda,No ,No,,No,1,10 Mb ,,
2829,Escuela Los Angeles,Los Santos,Los Santos,Los Angeles,Los Santos,30,No,Si,Compañía Distribuidora,Si,Fibra Óptica,3,Noris Castillo De Perez,-80.35408248,7.88524361,1458,dd24c71c-c7ec-460b-a67f-fdb6df67e0ae,1597153106568,b_ayarza,1610648834565,b_ayarza,CWP ,No ,No,,No,1,10 Mb ,,
2831,Escuela Los Olivos,Los Santos,Los Santos,Los Olivos,Los Santos,39,Si,Si,Planta Eléctrica de Empresa,Si,Hibrido de Fibra Coaxial,3,Genaro Lopez,-80.49499,7.90198,1459,8d0d3c09-c50b-4733-b70c-307193aa0f32,1597153106568,b_ayarza,1610648840098,b_ayarza,Cable Onda,No ,No,,No,1,6 Mb ,,
2834,Escuela El Bijao,Los Santos,Los Santos,Los Olivos,Los Santos,14,No,Si,Compañía Distribuidora,Si,Fibra Óptica,3,Arnulfo Cantellano,-80.49533026,7.90270998,1460,db000dea-8767-494d-b232-e30e53b8954a,1597153106568,b_ayarza,1610648845274,b_ayarza,CWP ,No ,No,,No,1,10 Mb ,,
2835,Escuela El Guayabal,Los Santos,Los Santos,Los Olivos,Los Santos,44,No,Si,Compañía Distribuidora,Si,Fibra Óptica,3,Rosa Cortez,-80.50984064,7.89591886,1461,3c8520ae-6208-4b02-afb5-8f5a5ed8a253,1597153106568,b_ayarza,1610648853368,b_ayarza,Cable Onda,No ,No,,No,1,10 Mb ,,
2836,Escuela Llano Largo,Los Santos,Los Santos,Llano Largo,Los Santos,192,No,Si,Compañía Distribuidora,Si,Fibra Óptica,3,Nelys E. Garcia,-80.42426836,7.90689384,1462,4f5bfe90-bafa-4d56-9fbf-4e0ce9407995,1597153106568,b_ayarza,1610648866228,b_ayarza,CWP ,No ,No,,No,1,10 Mb ,,
2840,Escuela José de Los Santos Moreno,Los Santos,Los Santos,Sabana Grande,Los Santos,162,No,Si,Compañía Distribuidora,Si,Hibrido de Fibra Coaxial,10,Elizabeth Garcia,-80.36538692,7.83825266,1463,452a1360-f216-4505-949b-47feb5773bbd,1597153106568,b_ayarza,1610648870464,b_ayarza,Cable Onda,No ,No,,No,1,6 Mb ,,
2841,Escuela Las Zatras,Los Santos,Los Santos,Sabana Grande,Los Santos,13,No,Si,Compañía Distribuidora,Si,Fibra Óptica,10,Marthelis Garcia,-80.38550788,7.82273296,1464,abcaff5d-5f8e-4b3d-a65c-15c86a39201d,1597153106568,b_ayarza,1610648883474,b_ayarza,CWP ,No ,No,,No,1,10 Mb ,,
2842,Escuela Santa Ana,Los Santos,Los Santos,Santa Ana,Los Santos,147,No,Si,Compañía Distribuidora,Si,Hibrido de Fibra Coaxial,3,Juan De Dios Gomez,-80.36448386,7.93364474,1465,5ce22f7c-7c9e-43dd-8b7a-9bb5cc97ee52,1597153106568,b_ayarza,1610648890034,b_ayarza,Cable Onda,No ,No,,No,1,6 Mb ,,
2844,Escuela El Senor de los Milagros,Los Santos,Los Santos,Santa Ana,Los Santos,75,No,Si,Compañía Distribuidora,Si,Fibra Óptica,3,Maria Pinilla,-80.38227,7.917162,1466,58a3c86e-2a61-4fd2-98ea-210c3763d906,1597153106568,b_ayarza,1610648891183,b_ayarza,Cable Onda,No ,No,,No,1,10 Mb ,,
2845,Escuela Tres Quebradas,Los Santos,Los Santos,Tres Quebradas ,Los Santos,58,No,Si,Compañía Distribuidora,Si,Fibra Óptica,10,Cecilia Pereira,-80.40347889,7.84355284,1467,a18669d1-4c2f-4fe2-969d-0b0b01f71cf3,1597153106568,b_ayarza,1610648903911,b_ayarza,CWP ,No ,No,,No,1,10 Mb ,,
2847,Escuela Agua Buena,Los Santos,Los Santos,Agua Buena,Los Santos,127,No,Si,Compañía Distribuidora,Si,Hibrido de Fibra Coaxial,10,Carlos Rivera,-80.39964436,7.83715867,1468,2bd70c34-7ea8-4baf-8852-c801115000b1,1597153106568,b_ayarza,1610648908871,b_ayarza,Cable Onda,No ,No,,No,1,6 Mb ,,
2849,Escuela Rudecinda Rodríguez,Los Santos,Macaracas,Macaracas,Los Santos,409,No,Si,Compañía Distribuidora,Si,Hibrido de Fibra Coaxial,5,Felicidad Gutierrez,-80.549373,7.737346,1469,85ffc25f-bd80-4f75-9d29-a66c94ec7559,1597153106568,b_ayarza,1610648919307,b_ayarza,Cable Onda,No ,No,,No,1,6 Mb ,,
2850,Colegio Rafael A. Moreno,Los Santos,Macaracas,Macaracas,Los Santos,708,No,Si,Compañía Distribuidora,Si,Hibrido de Fibra Coaxial,5,Eugenia Diaz,-80.551041,7.732294,1470,0ceed704-517d-4931-8798-407ace132ecb,1597153106568,b_ayarza,1610648922391,b_ayarza,Cable Onda,No ,No,,No,4,6 Mb ,,
2853,Escuela Los Higos,Los Santos,Macaracas,Macaracas ,Los Santos,10,No,Si,Compañía Distribuidora,Si,Fibra Óptica,5,Fatima Flores,-80.53323841,7.71377868,1472,c8a36b5a-a101-47fe-bb05-5deffbb19f5b,1597153106568,b_ayarza,1610648930308,b_ayarza,Cable Onda,No ,No,,No,1,10 Mb ,,
2856,Escuela Los Leales,Los Santos,Macaracas,Macaracas,Los Santos,10,No,Si,Compañía Distribuidora,No,Sin Internet,5,Alfonzo Rodriguez,-80.52465992,7.75071956,1473,30866d72-f122-4e51-80ae-8bf6e6d0f569,1597153106568,b_ayarza,1610237232716,b_ayarza,SN/SV,No ,No,,No,SN/SV,SN/SV,,
2857,Escuela Los Botoncillos,Los Santos,Macaracas,Bahía Honda,Los Santos,48,No,Si,Compañía Distribuidora,Si,Microondas,5,Edwin Lopez,-80.42951085,7.71410704,1474,56c5a148-d3f0-44ca-81a7-39476ce370e5,1597153106568,b_ayarza,1610648955005,b_ayarza,Cable Onda,No ,No,,Si,1,10 Mb ,,
2859,Escuela Bahía Honda,Los Santos,Macaracas,Bahía Honda,Los Santos,18,No,Si,Compañía Distribuidora,Si,Microondas,5,Enitzia Cortes,-80.45387818,7.71213432,1475,2dd220fa-05cf-4d7e-998a-081cb7350ed7,1597153106568,b_ayarza,1610648957293,b_ayarza,Cable Onda,No ,No,,Si,1,10 Mb ,,
2862,Escuela El Tolú,Los Santos,Macaracas,Bajos de Güera,Los Santos,11,No,Si,Compañía Distribuidora,No,Sin Internet,8,Luz Benavides,-80.63410175,7.56229091,1476,b97b2d2b-ae7a-49a4-ac03-46596180ced6,1597153106568,b_ayarza,1610237239818,b_ayarza,SN/SV,No ,No,,Si,SN/SV,SN/SV,,
2864,Escuela Bajos de Guera,Los Santos,Macaracas,Bajos de Güera,Los Santos,58,No,Si,Compañía Distribuidora,Si,Satelital,8,Ivis G. De Melgar,-80.60653282,7.5531228,1477,0ad77591-d332-413f-a093-06145b60e2f7,1597153106568,b_ayarza,1610649138749,b_ayarza,CWP,No ,No,,Si,1,4 Mb ,,
2865,Escuela El Tallo,Los Santos,Macaracas,Bajos de Güera,Los Santos,7,Si,Si,Panel Solar,No,Sin Internet,8,Yolanda Benitez Sanchez,-80.66744602,7.56557556,1478,02bffc13-06be-4889-b150-38eaffa1b67f,1597153106568,b_ayarza,1610237244879,b_ayarza,SN/SV,No ,No,,Si,SN/SV,SN/SV,,
2867,Escuela La Paula,Los Santos,Macaracas,Bajos de Güera,Los Santos,15,No,Si,Compañía Distribuidora,Si,Satelital,8,Lidia Cano,-80.58497082,7.58453083,1479,dd99db21-79b3-4808-8598-9fc21e55aae3,1597153106568,b_ayarza,1610649140654,b_ayarza,CWP,No ,No,,Si,1,4 Mb ,,
2870,Centro Corozal,Los Santos,Macaracas,Corozal,Los Santos,28,No,Si,Compañía Distribuidora,Si,Microondas,5,Maritza De Frias,-80.47691924,7.75472537,1480,01b73a9a-4a51-441d-8bd5-16c7a00fdcc2,1597153106568,b_ayarza,1610649146717,b_ayarza,Cable Onda,No ,No,,No ,1,10 Mb ,,
2871,Escuela Chupá,Los Santos,Macaracas,Chupá,Los Santos,17,No,Si,Compañía Distribuidora,Si,Satelital,5,Esilda Corrales,-80.57272076,7.80237529,1481,ab385073-f6c6-4a7e-a076-0da20cb013ec,1597153106568,b_ayarza,1610649148724,b_ayarza,CWP,No ,No,,No ,1,10 Mb ,,
2874,Escuela El Cedro,Los Santos,Macaracas,El Cedro,Los Santos,11,No,Si,Compañía Distribuidora,Si,Satelital,Dato por verificar,Dato por Verificar,-80.5312498,7.78144735,1482,ae75880c-9c04-4a42-9851-0398166ce523,1597153106568,b_ayarza,1610649156583,b_ayarza,Cable Onda,No ,No,,No ,1,2.0 Mb ,,
2875,Escuela Espino Amarillo,Los Santos,Macaracas,Espino Amarillo,Los Santos,9,No,Si,Compañía Distribuidora,Si,Fibra Óptica,5,Zinilda Cortes,-80.44502527,7.67551858,1483,108ac84c-af95-4628-b200-c18b9d3d2771,1597153106568,b_ayarza,1610649159786,b_ayarza,Cable Onda,No ,No,,Si,1,10 Mb ,,
2876,Escuela Tumaco,Los Santos,Macaracas,La Mesa,Los Santos,8,Si,Si,Panel Solar,No,Sin Internet,8,Herica Tello,-80.65511465,7.61833281,1484,e3e652b3-22c2-45e5-9f37-85e5fbd4c041,1597153106568,b_ayarza,1610237245601,b_ayarza,SN/SV,No ,No,,No ,SN/SV,SN/SV,,
2877,Escuela La Mesa,Los Santos,Macaracas,La Mesa,Los Santos,17,No,Si,Compañía Distribuidora,Si,Microondas,8,Erika Cortes,-80.62191603,7.65620117,1485,14404156-4c9b-478e-9690-f4e8a2488d43,1597153106568,b_ayarza,1610649222544,b_ayarza,Digicel ,No ,No,,No ,1,10 Mb ,,
2880,Escuela El Pájaro,Los Santos,Macaracas,Las Palmas,Los Santos,5,No,Si,Compañía Distribuidora,Si,Fibra Óptica,5,Domitilo Dominguez,-80.51616705,7.71489039,1486,d7d31dc3-72c2-4979-99ae-70b59b3e4e90,1597153106568,b_ayarza,1610649223458,b_ayarza,Cable Onda,No ,No,,No ,1,10 Mb ,,
2882,Escuela El Calabazo,Los Santos,Macaracas,Las Palmas,Los Santos,10,No,Si,Compañía Distribuidora,Si,Fibra Óptica,5,Debora Montilla,-80.5047119,7.69036904,1487,67b642e5-3a3c-4703-9aba-4af419debbbb,1597153106568,b_ayarza,1610649228173,b_ayarza,Cable Onda,No ,No,,No ,1,10 Mb ,,
2883,Escuela Los Guayabos,Los Santos,Macaracas,Las Palmas,Los Santos,4,No,Si,Compañía Distribuidora,Si,Fibra Óptica,5,Agripina Cano,-80.489375,7.670808,1488,2836fccf-ea4f-4aa4-9c93-375641de81de,1597153106568,b_ayarza,1610649295918,b_ayarza,Cable Onda,No ,No,,No ,1,10 Mb ,,
2887,Escuela Bombachito,Los Santos,Macaracas,Llano De Piedra,Los Santos,6,No,Si,Compañía Distribuidora,Si,Satelital,8,Darilis Castro,-80.57089513,7.63992585,1489,bb36033c-4b73-4766-a9ea-8724139a4281,1597153106568,b_ayarza,1610649237132,b_ayarza,CWP,No ,No,,No ,1,4 Mb ,,
2890,Escuela Llano de Piedras,Los Santos,Macaracas,Llano De Piedra,Los Santos,158,No,Si,Compañía Distribuidora,Si,Satelital,8,Belgica Sandoval,-80.558967,7.659999,1490,dd774e6f-87c0-491a-8764-0183a9da4c60,1597153106568,b_ayarza,1610649243851,b_ayarza,CWP,No ,No,,No ,1,10 Mb ,,
2893,Escuela Mogollón,Los Santos,Macaracas,Mogollón,Los Santos,11,Si,Si,Compañía Distribuidora,Si,Fibra Óptica,5,Valentina De Abrego,-80.45689014,7.64981309,1491,1cd79add-4029-44f5-8f5e-751073589087,1597153106568,b_ayarza,1610649297221,b_ayarza,Cable Onda,No ,No,,Si,1,10 Mb ,,
2896,Escuela Quema,Los Santos,Macaracas,Mogollón,Los Santos,11,Si,Si,Compañía Distribuidora,Si,Satelital,5,Javier Flores,-80.47364814,7.59793794,1492,9bcd41bf-d5d1-4c87-80a3-27d87bbec197,1597153106568,b_ayarza,1610649301003,b_ayarza,Cable Onda,No ,No,,Si,1,2.0 Mb ,,
2297,Escuela Rio de Jesús,Darien,Chepigana ,Garachiné,Darién,57,Si,Si,Planta Eléctrica de Empresa,Si,Satelital,6,Katia Mendoza,-78.25885972,8.01091812,1493,214b859e-756b-450e-99ba-50325d27b872,1597153106568,b_ayarza,1610561359963,b_ayarza,CWP,No ,No,,Si,1,10 Mb ,,
2940,Escuela Bucaro,Los Santos,Tonosí,Tonosí,Los Santos,36,No,Si,Compañía Distribuidora,Si,Satelital,6,Melquiades Cedeño,-80.35308304,7.34806443,1494,a8f16b2f-ee95-459d-b50c-7795eb0cf334,1597153106568,b_ayarza,1610649701383,b_ayarza,Cable Onda,No ,No,,No ,1,2.0 Mb ,,
1750,Centro Educativo Medio Victoriano Lorenzo,Chiriqui,David,Las Lomas,Chiriquí,1160,No,Si,Compañía Distribuidora,Si,Hibrido de Fibra Coaxial,Dato por verificar,Dato por Verificar,-82.39257862,8.42593178,1495,c984217a-c8e7-4ea1-881b-3de69a6b781b,1597153106568,b_ayarza,1610493971017,b_ayarza,Cable Onda ,No ,No,,Si,2,6 Mb ,,
2298,Escuela La Chunga,Comarca Embera,Sambú,Río Sábalo,Comarca Emberá,0,Si,Si,Sistema Aislado para el Poblado ,No,Sin Internet,3,Renilcia Degaiza,-78.21267972,8.08357811,1496,9f2f6563-8c54-47e6-a6e3-f0eeaff78f12,1597153106568,b_ayarza,1610237251445,b_ayarza,SN/SV,No ,No,,Si,SN/SV,SN/SV,,
1751,Escuela San José,Chiriqui,David,Las Lomas,Chiriquí,676,No,Si,Compañía Distribuidora,Si,Hibrido de Fibra Coaxial,3,Clelia Barria,-82.395101,8.423139,1497,c0eaa86b-b7b9-46ec-8157-b91d22d2b1ee,1597153106568,b_ayarza,1610496072449,b_ayarza,Cable Onda ,No ,No,,Si ,2,6 Mb ,,
2299,Escuela Rio Tigre,Comarca Embera,Sambú,Río Sábalo,Comarca Emberá,0,Si,Si,Panel Solar,No,Sin Internet,3,Anayanci Olea,-78.17469302,7.93786289,1498,96694e96-9476-4c1d-a429-26b3b2262ae0,1597153106568,b_ayarza,1610237250708,b_ayarza,SN/SV,No ,No,,Si,SN/SV,SN/SV,,
1755,Escuela Victoriano Lorenzo,Chiriqui,David,Las Lomas,Chiriquí,842,No,Si,Compañía Distribuidora,Si,Hibrido de Fibra Coaxial,2,Zoila Aparicio M.,-82.39326552,8.4298723,1499,444094e9-b0fa-4f58-98c3-1ae7b6a33872,1597153106568,b_ayarza,1610496079223,b_ayarza,Cable Onda ,No ,No,,Si ,1,6 Mb ,,
2941,Escuela El Espaveito,Los Santos,Tonosí,Altos de Güera,Los Santos,2,Si,Si,Compañía Distribuidora,No,Sin Internet,9,Santiago Gutierrez,-80.64640523,7.52000351,1500,60ef3a88-7964-4d4f-b7a8-37717f344a49,1597153106568,b_ayarza,1610237253696,b_ayarza,SN/SV,No ,No,,Si,SN/SV,SN/SV,,
3104,C.E.B.G. Nuevo Paraíso,Panama Oeste,Capira,Cirí De  Los Sotos,Panamá Oeste,13,Si,Si,Panel Solar,No,Sin Internet,6,Marileidi Rodriguez,-80.08034563,8.92466986,1501,9ba007af-882c-466d-ae5e-a4f248f29d20,1597153106568,b_ayarza,1610237255837,b_ayarza,SN/SV,No ,No,,Si,SN/SV,SN/SV,,
2300,Escuela Boca de Guina,Comarca Embera,Sambú,Jingurudó,Comarca Emberá,0,Si,Si,Sistema Aislado para el Poblado ,No,Sin Internet,3,Sacaria Lino,-78.05250565,7.83215253,1502,5e365534-7bd8-4ba1-ad59-d87127228f80,1597153106568,b_ayarza,1610237257759,b_ayarza,SN/SV,No ,No,,Si,SN/SV,SN/SV,,
2597,Escuela José Dolores Carrizo,Herrera,Ocú,Ocú,Herrera,677,No,Si,Planta Eléctrica de Empresa,Si,Hibrido de Fibra Coaxial,7,Adelaida Rodriguez,-80.78033418,7.94841464,1503,9838bc21-ff7f-432b-8b13-203214c7479b,1597153106568,b_ayarza,1610566257396,b_ayarza,Cable Onda,No ,No,,No ,2,6 Mb,,
2942,Escuela Altos de Guerra,Los Santos,Tonosí,Altos de Güera,Los Santos,2,Si,Si,Compañía Distribuidora,No,Sin Internet,9,Adilio Ballesteros,-80.62163752,7.53147541,1504,c2371f4a-99d3-4207-a088-6cdbbe1412ab,1597153106568,b_ayarza,1610237260697,b_ayarza,SN/SV,No ,No,,Si,SN/SV,SN/SV,,
2301,Escuela Pavarando,Comarca Embera,Sambú,Jingurudó,Comarca Emberá,0,Si,Si,Panel Solar,No,Sin Internet,3,Rogelio Jordan,-78.03772008,7.79289075,1505,eacd08ce-9766-46d8-8127-77db2fac7fdc,1597153106568,b_ayarza,1610237262704,b_ayarza,SN/SV,No ,No,,Si,SN/SV,SN/SV,,
1760,Escuela LLano Grande Arriba,Chiriqui,David,Las Lomas,Chiriquí,174,No,Si,Compañía Distribuidora,Si,Hibrido de Fibra Coaxial,3,Nancy Binns,-82.39330422,8.44036103,1506,17a73050-70fa-4978-bfd2-26d4fcd441ab,1597153106568,b_ayarza,1610496080065,b_ayarza,Cable Onda ,No ,No,,Si ,1,6 Mb ,,
1553,Colegio Daniel O. Crespo,Chiriqui,Bugaba,La Concepción,Chiriquí,2011,No,Si,Compañía Distribuidora,Si,Hibrido de Fibra Coaxial,Dato por verificar,Dato por Verificar,-82.62747082,8.52063842,1508,2e34cc27-63f6-40b0-ad36-18e674986bf8,1597153106568,b_ayarza,1610489375290,b_ayarza,Cable Onda ,No ,No,,No ,3,6 Mb ,,
1762,Escuela El Quiteño,Chiriqui,David,Las Lomas,Chiriquí,194,No,Si,Compañía Distribuidora,Si,Hibrido de Fibra Coaxial,3,Cecilia Carrillo,-82.3966699,8.47406141,1509,d0de95db-14e6-4faa-93bb-91492644db39,1597153106568,b_ayarza,1610496080789,b_ayarza,Cable Onda ,No ,No,,Si ,1,6 Mb ,,
1557,Escuela El Calvario,Chiriqui,Bugaba,El Bongo,Chiriquí,18,No,Si,Compañía Distribuidora,Si,Fibra Óptica,11,Lilia M. De Arcia,-82.61719302,8.55674948,1510,da2dd64c-327e-4a8a-bda2-91629af235f7,1597153106568,b_ayarza,1610489379265,b_ayarza,Cable Onda ,No ,No,,No ,1,10 Mb ,,
1763,Escuela LLano Grande Abajo,Chiriqui,David,Las Lomas,Chiriquí,386,No,Si,Compañía Distribuidora,Si,Hibrido de Fibra Coaxial,Dato por verificar,Dato por Verificar,-82.39392285,8.44020257,1511,b8689b49-8df0-4f38-8be4-37005435bcef,1597153106568,b_ayarza,1610496082449,b_ayarza,Cable Onda ,No ,No,,Si ,1,6 Mb ,,
1764,Escuela Mata del Nance,Chiriqui,David,Las Lomas,Chiriquí,250,No,Si,Compañía Distribuidora,Si,Hibrido de Fibra Coaxial,3,Graciela Montero,-82.40088289,8.45295377,1512,4a1d8e57-6fee-4a96-b22f-e203d80cf05b,1597153106568,b_ayarza,1610496084864,b_ayarza,Cable Onda ,No ,No,,Si ,1,6 Mb ,,
1765,Escuela El Valle,Chiriqui,David,Las Lomas,Chiriquí,76,No,Si,Compañía Distribuidora,No,Sin Internet,3,Iris Vergara,-82.33552868,8.42874309,1513,613820cc-0f54-45fb-a785-e87b4c140edd,1597153106568,b_ayarza,1610237266490,b_ayarza,SN/SV,No ,Si,,Si ,SN/SV,SN/SV,,
1766,Escuela La Primavera,Chiriqui,David,Pedregal,Chiriquí,1151,No,Si,Compañía Distribuidora,Si,Hibrido de Fibra Coaxial,1,Deisy Rios,-82.421939,8.386917,1514,010db5a2-8ca4-4a17-9e69-84df58c97fbf,1597153106568,b_ayarza,1610496139129,b_ayarza,Cable Onda ,No ,No,,Si ,2,6 Mb ,,
1767,P.C. Pablo E. Corsen,Chiriqui,David,Pedregal,Chiriquí,1101,No,Si,Compañía Distribuidora,Si,Hibrido de Fibra Coaxial/Fibra Óptica,Dato por verificar,Dato por Verificar,-82.42497082,8.38397234,1515,fbbfa887-e927-4de7-b8f4-34ed65b8e8e9,1597153106568,b_ayarza,1610496156710,b_ayarza,Cable Onda/ CWP,No ,No,,Si ,3,6 Mb/ 2-10 Mb,,
1772,Escuela Pedregal,Chiriqui,David,Pedregal,Chiriquí,663,No,Si,Compañía Distribuidora,Si,Hibrido de Fibra Coaxial,1,Nilca De Leon,-82.43358192,8.37175019,1517,ba953135-e37d-4311-a1ca-6bc897445d68,1597153106568,b_ayarza,1610496184955,b_ayarza,Cable Onda ,No ,No,,Si ,1,6 Mb ,,
1773,Escuela San Carlitos,Chiriqui,David,San Carlos,Chiriquí,58,No,Si,Compañía Distribuidora,Si,Hibrido de Fibra Coaxial,4,Raquel Mendoza Pitty,-82.45830412,8.49147193,1518,86b8444b-b4e2-42d8-843e-7bd2e22fc580,1597153106568,b_ayarza,1610496204443,b_ayarza,Cable Onda ,No ,No,,No ,1,6 Mb ,,
1775,Escuela Aura Rosa Aguilar,Chiriqui,David,San Carlos,Chiriquí,105,No,Si,Compañía Distribuidora,Si,Microondas,4,Cordelia Caballero,-82.50539477,8.52198305,1519,ec5a6bcd-2504-447f-907b-9089353d9b1a,1597153106568,b_ayarza,1610496217016,b_ayarza,Cable Onda ,No ,No,,No ,1,10 Mb ,,
1777,Escuela Sabana Bonita,Chiriqui,David,San Carlos,Chiriquí,48,No,Si,Compañía Distribuidora,Si,Microondas,4,Enrique Alvarado Trosetch,-82.51688402,8.55542562,1520,355a6497-3302-41f5-92e5-d8f736c72a8d,1597153106568,b_ayarza,1610496257296,b_ayarza,CWP ,No ,No,,No ,1,4 Mb ,,
1778,C.E.B.G. Amanda Gonzalez de Morales,Chiriqui,David,San Pablo Nuevo,Chiriquí,36,No,Si,Compañía Distribuidora,Si,Hibrido de Fibra Coaxial,4,Agustina Villarreal,-82.49993056,8.42834167,1521,dce0d367-9873-426b-9b79-959edcb26349,1597153106568,b_ayarza,1610496263258,b_ayarza,Cable Onda ,No ,No,,No ,1,6 Mb ,,
1780,Escuela Margarita Berman,Chiriqui,David,San Pablo Nuevo,Chiriquí,90,No,Si,Compañía Distribuidora,Si,Microondas,4,Roman Aparicio,-82.52016519,8.41788958,1522,9e1b0815-70c1-4b2c-8a78-41c90d22a887,1597153106568,b_ayarza,1610496267457,b_ayarza,CWP ,No ,No,,No ,1,10 Mb ,,
1781,C.E.B.G. Corozal,Chiriqui,David,San Pablo Nuevo,Chiriquí,25,No,Si,Compañía Distribuidora,Si,Fibra Óptica,4,Eudomilia Diez,-82.49568247,8.38704115,1523,9b20e6ee-ce75-4dbc-a709-8ff11f31c025,1597153106568,b_ayarza,1610496312940,b_ayarza,Cable Onda ,No ,No,,No ,1,10 Mb ,,
1782,C.E.B.G. Vidal B. de Barroso,Chiriqui,David,San Pablo Nuevo,Chiriquí,281,No,Si,Compañía Distribuidora,Si,Hibrido de Fibra Coaxial,4,Yoisy Atencio,-82.5019669,8.45826865,1524,a43edc03-dd1c-4027-9dd4-2c064553b334,1597153106568,b_ayarza,1610496314400,b_ayarza,Cable Onda ,No ,No,,No ,1,6 Mb ,,
1784,Escuela San Juan de David,Chiriqui,David,San Pablo Viejo,Chiriquí,15,No,Si,Compañía Distribuidora,Si,Microondas,4,Nisla De Gracia,-82.48472651,8.48225302,1525,333fc7f4-f25b-40b0-894c-7e9b4c1bfd4f,1597153106568,b_ayarza,1610496315009,b_ayarza,Cable Onda ,No ,No,,No ,1,4 Mb ,,
1785,Escuela Montilla,Chiriqui,David,San Pablo Viejo,Chiriquí,42,No,Si,Compañía Distribuidora,Si,Hibrido de Fibra Coaxial,4,Michelle Santamaria,-82.47935212,8.46813157,1526,e6e2f1a8-a51b-4379-935a-3a423be1fd31,1597153106568,b_ayarza,1610496316004,b_ayarza,Cable Onda ,No ,No,,No ,1,6 Mb ,,
1787,Escuela San Pablo Viejo Arriba,Chiriqui,David,San Pablo Viejo,Chiriquí,124,No,Si,Compañía Distribuidora,Si,Hibrido de Fibra Coaxial,4,Yariela Santamaria,-82.50483422,8.48387761,1527,6c51523a-9103-4eb3-b7b7-47ee807e65c5,1597153106568,b_ayarza,1610496320103,b_ayarza,Cable Onda ,No ,No,,No ,1,6 Mb ,,
3106,Escuela Dos Aguas,Panama Oeste,Capira,Cirí De  Los Sotos,Panamá Oeste,8,Si,Si,Panel Solar,No,Sin Internet,6,Leydi Cordoba De Rios,-80.10134202,8.9539692,1528,037dfa3a-c58b-49c9-b4c7-763b36c1f49d,1597153106568,b_ayarza,1610237273643,b_ayarza,SN/SV,No ,No,,Si,SN/SV,SN/SV,,
2302,Escuela Boro Biche,Comarca Embera,Sambú,Jingurudó,Comarca Emberá,0,Si,Si,Panel Solar,No,Sin Internet,3,Victor Mora Cortez,-78.0817,7.87611,1529,e6f6950a-8de7-464a-a07e-95933040bc82,1597153106568,b_ayarza,1610237275003,b_ayarza,SN/SV,No ,No,,Si,SN/SV,SN/SV,,
2598,Escuela El Guayabito,Herrera,Ocú,Ocú,Herrera,9,No,Si,Compañía Distribuidora,Si,Fibra Óptica,7,Alcides Mendoza,-80.82385972,7.91758516,1530,b25f2b68-3f1f-4bb5-81d2-77c075ffdd4f,1597153106568,b_ayarza,1610566263902,b_ayarza,Cable Onda,No ,No,,No ,1,10 Mb,,
2943,Escuela Rio Quema,Los Santos,Tonosí,Altos de Güera,Los Santos,12,No,Si,Compañía Distribuidora,Si,Satelital,9,Ritela Perez,-80.56116874,7.51263718,1531,eba42818-bd22-473f-b4ea-f0c44c252f48,1597153106568,b_ayarza,1610649717357,b_ayarza,Cable Onda,No ,No,,Si,1,2.0 Mb ,,
1788,Escuela Leopoldina Field,Chiriqui,Dolega,Dolega,Chiriquí,845,No,Si,Compañía Distribuidora,Si,Fibra Óptica,5,Vielka Del R. Cabrera C.,-82.41355335,8.56091242,1532,a824edac-7a39-4a35-a5c8-0c069cfffafc,1597153106568,b_ayarza,1610496355836,b_ayarza,CWP,No ,No,,No ,2,4/ 10 Mb ,,
1789,Escuela Los Algarrobos,Chiriqui,Dolega,Los Algarrobos,Chiriquí,1283,No,Si,Compañía Distribuidora,Si,Hibrido de Fibra Coaxial,5,Susana Hernandez,-82.4251428,8.49841111,1533,21da1d82-0c80-4c43-809b-b875cf6769a9,1597153106568,b_ayarza,1610496358914,b_ayarza,Cable Onda ,No ,No,,No ,1,6 Mb ,,
1790,Escuela Los Bejucos,Chiriqui,Dolega,Los Algarrobos,Chiriquí,11,No,Si,Compañía Distribuidora,No,Sin Internet,5,Francisca Peralta,-82.46284425,8.58557492,1534,5beddc98-df8a-4a7c-a003-6726848c2bab,1597153106568,b_ayarza,1610237285369,b_ayarza,SN/SV,No ,No,,No ,SN/SV,SN/SV,,
1794,Escuela Secundaria Beatriz M. de Cabal,Chiriqui,Dolega,Dolega,Chiriquí,1986,No,Si,Compañía Distribuidora,Si,Hibrido de Fibra Coaxial,Dato por verificar,Dato por Verificar,-82.41052642,8.56369385,1536,9801c425-a734-4662-a417-af0e6d54f397,1597153106568,b_ayarza,1610496420384,b_ayarza,Cable Onda ,No ,No,,No ,4,6 Mb ,,
1798,Escuela Santa Rosa,Chiriqui,Dolega,Los Algarrobos,Chiriquí,54,No,Si,Compañía Distribuidora,Si,Hibrido de Fibra Coaxial,5,Lynnette De Cordoba,-82.42854972,8.53271394,1537,a3d74afb-3c88-4e52-9c53-bb8b8c3d34e1,1597153106568,b_ayarza,1610496423949,b_ayarza,Cable Onda ,No ,No,,No ,1,6 Mb ,,
1799,Escuela Algarrobos Arriba,Chiriqui,Dolega,Los Algarrobos,Chiriquí,183,No,Si,Compañía Distribuidora,Si,Microondas,5,Edda B. Palma,-82.42459613,8.52059072,1538,3ebe8e70-3931-4d32-9f1b-bf81ce337923,1597153106568,b_ayarza,1610496427214,b_ayarza,Digicel ,No ,No,,No ,1,10 Mb ,,
1800,Escuela El Flor,Chiriqui,Dolega,Dolega,Chiriquí,93,No,Si,Compañía Distribuidora,No,Sin Internet,5,Martha Barraza,-82.44358192,8.57563831,1539,7cf3e2b3-6685-475f-b44c-3e18f11ae87d,1597153106568,b_ayarza,1610237730205,b_ayarza,SN/SV,No ,Si,,No ,SN/SV,SN/SV,,
1801,Escuela Las Cañas,Chiriqui,Dolega,Los Algarrobos,Chiriquí,30,No,Si,Compañía Distribuidora,Si,Microondas,5,Melida B. De Lopez,-82.44913742,8.56369385,1540,0de3ae59-1983-476b-ab46-6f1bcd23c5fb,1597153106568,b_ayarza,1610496706320,b_ayarza,Cable Onda ,No ,No,,No ,1,4 Mb ,,
1802,Escuela José Lucinio Lara,Chiriqui,Dolega,Dos Ríos,Chiriquí,69,No,Si,Compañía Distribuidora,Si,Microondas,5,Neria Miranda E.,-82.38524862,8.53424957,1541,5fa19669-9903-4f0f-9735-d30fbc6a00c4,1597153106568,b_ayarza,1610496706977,b_ayarza,Cable Onda ,No ,No,,No ,1,4 Mb ,,
1804,Escuela Rincón Largo,Chiriqui,Dolega,Los Anasantacios,Chiriquí,70,No,Si,Compañía Distribuidora,Si,Fibra Óptica,5,Daisy Campos,-82.40990946,8.52989472,1542,965dbad9-5c42-4c56-a2ec-1abc14d6a3bd,1597153106568,b_ayarza,1610496707642,b_ayarza,CWP,No ,No,,No ,1,10 Mb ,,
1807,Escuela Caimito,Chiriqui,Dolega,Los Anasantacios,Chiriquí,72,No,Si,Compañía Distribuidora,Si,Hibrido de Fibra Coaxial,5,Jennifer Espinosa,-82.42211744,8.5463419,1543,d508475a-ef97-41bc-b311-1afd1cf48849,1597153106568,b_ayarza,1610496708400,b_ayarza,Cable Onda ,No ,No,,No ,1,6 Mb ,,
1808,Escuela Los Anastacios,Chiriqui,Dolega,Los Anasantacios,Chiriquí,143,No,Si,Compañía Distribuidora,Si,Fibra Óptica,5,Dora S. De Gonzalez,-82.41779282,8.53054786,1544,dc47cbff-7375-4c73-956e-186a6c559b04,1597153106568,b_ayarza,1610496709189,b_ayarza,CWP,No ,No,,No ,1,10 Mb ,,
1809,Escuela Cabecera de Cochea,Chiriqui,Dolega,Potrerillos,Chiriquí,33,Si,Si,Compañía Distribuidora,No,Sin Internet,6,Maria Hernandez,-82.49625153,8.71646191,1545,052fc50c-7bbe-4b91-a1d9-0fe6e73586f4,1597153106568,b_ayarza,1610237734081,b_ayarza,SN/SV,No ,No,,No ,SN/SV,SN/SV,,
1810,Escuela Brazo de Cochea,Chiriqui,Dolega,Potrerillos,Chiriquí,3,Si,Si,Dato por Verificar,No ,Sin Internet,6,Arelis O. Cedeño,-82.47289,8.70535,1546,a644c7bb-5a0e-492f-b165-24fb363f82d8,1597153106568,b_ayarza,1610237736221,b_ayarza,SN/SV,No ,No,,No ,SN/SV,SN/SV,,
1812,Escuela Arturo Miro,Chiriqui,Dolega,Potrerillos,Chiriquí,27,No,Si,Compañía Distribuidora,Si,Satelital,6,Ilka M. Pinto E.,-82.48934373,8.67022863,1547,73a3a5c4-64cb-4a78-a195-b5c315a83940,1597153106568,b_ayarza,1610496751184,b_ayarza,Cable Onda ,No ,No,,No ,1,2.0 Mb ,,
1813,Escuela Félix A. Lara,Chiriqui,Dolega,Potrerillos,Chiriquí,289,No,Si,Compañía Distribuidora,Si,Microondas,6,Ada E. Quiroz V.,-82.49258674,8.68770895,1548,09a9e8c1-04f6-46d3-9f97-02bcad6ffa13,1597153106568,b_ayarza,1610496753916,b_ayarza,Cable Onda ,No ,No,,No ,1,10 Mb ,,
1814,Escuela Elifenia Staff,Chiriqui,Dolega,Potrerillos  Abajo,Chiriquí,309,No,Si,Compañía Distribuidora,Si,Microondas,6,Fray Jimenez,-82.48331766,8.6435939,1549,a6b95ab2-7a2f-452c-ad00-c19448fade71,1597153106568,b_ayarza,1612994255898,b_ayarza,Cable Onda ,No ,No,,No ,1,10 Mb ,Si ,
1815,Escuela La Acequia,Chiriqui,Dolega,Dolega,Chiriquí,23,No,Si,Compañía Distribuidora,Si,Fibra Óptica,6,Tilcia Juarez,-82.44550725,8.61574928,1550,061511f9-c97c-4c40-886e-930adfdebaae,1597153106568,b_ayarza,1610496754777,b_ayarza,Cable Onda ,No ,No,,No ,1,10 Mb ,,
1817,Escuela Rovira Arriba,Chiriqui,Dolega,Rovira,Chiriquí,82,No,Si,Compañía Distribuidora,Si,Microondas,6,Fatima Quiroz G.,-82.50064864,8.63784395,1551,52816fca-d14a-432f-b4f6-9d15e9cdd827,1597153106568,b_ayarza,1610496759060,b_ayarza,Cable Onda ,No ,No,,No ,1,10 Mb ,,
1818,Escuela Mayor Martin Gonzalez,Chiriqui,Dolega,Rovira,Chiriquí,12,No,Si,Compañía Distribuidora,No,Sin Internet,6,Diamantina Cedeno De Reyes,-82.49105669,8.62728299,1552,ade29da8-55e9-464d-ba3a-14fc115f3ab2,1597153106568,b_ayarza,1610237738374,b_ayarza,SN/SV,No ,No,,No ,SN/SV,SN/SV,,
1819,Escuela Banco de Palmira,Chiriqui,Dolega,Rovira,Chiriquí,10,Si,Si,Compañía Distribuidora,No,Sin Internet,Dato por verificar,Dato por Verificar,-82.52802632,8.7061933,1553,44981cac-b50f-45fa-97d8-34951a8ae89b,1597153106568,b_ayarza,1610237741513,b_ayarza,SN/SV,No ,No,,No ,SN/SV,SN/SV,,
1820,C.E.B.G. Elefia Martínez Serrano,Chiriqui,Dolega,Rovira,Chiriquí,50,Si,Si,Compañía Distribuidora,Si,Microondas,6,Gisela Pitti,-82.51080412,8.68869337,1554,450f106c-6294-423a-bb4b-d0a90a1afacf,1597153106568,b_ayarza,1610496784923,b_ayarza,Cable Onda ,No ,No,,No ,1,10 Mb ,,
1822,Escuela Loma Alta,Chiriqui,Dolega,Tinajas,Chiriquí,13,Si,Si,Compañía Distribuidora,No,Sin Internet,6,Marilyn M. Muñoz,-82.49444761,8.60737431,1555,3c52ce60-e22a-4e80-b7c9-52ac60e2eecf,1597153106568,b_ayarza,1610237743740,b_ayarza,SN/SV,No ,No,,No ,SN/SV,SN/SV,,
1823,Escuela Palma Real,Chiriqui,Dolega,Rovira,Chiriquí,76,No,Si,Compañía Distribuidora,Si,Microondas,6,Yolanda De Pimentel,-82.51756677,8.65850395,1556,bcc17e8b-819c-41bf-abdd-cd54f3dce390,1597153106568,b_ayarza,1610496807248,b_ayarza,Cable Onda ,No ,No,,No ,1,10 Mb ,,
1824,Escuela Balita,Chiriqui,Dolega,Tinajas,Chiriquí,22,No,Si,Compañía Distribuidora,No,Sin Internet,5,Solinka Burgos,-82.45102879,8.53524218,1557,a262f454-a05b-4791-89f7-aaeadd73b35d,1597153106568,b_ayarza,1610237745427,b_ayarza,SN/SV,No ,No,,No ,SN/SV,SN/SV,,
1825,Escuela Los Palomos,Chiriqui,Dolega,Tinajas,Chiriquí,12,Si,No,Dato por Verificar,No,Sin Internet,6,Emilio Navarro Romero,-82.48497173,8.59688361,1558,1f58c9b3-68d2-4a1f-9211-555fb1f5510c,1597153106568,b_ayarza,1610237747310,b_ayarza,SN/SV,No ,No,,No ,SN/SV,SN/SV,,
1826,Centro Educativo Rita Irene Wald Jaramillo ,Chiriqui,Dolega,Tinajas,Chiriquí,204,No,Si,Compañía Distribuidora,Si,Microondas,5,Ines Castillo,-82.109363,8.566165,1559,6be1ed36-28c8-4e14-b801-552d5e66e7fd,1597153106568,b_ayarza,1610496811904,b_ayarza,Cable Onda ,No ,No,,No ,1,10 Mb ,,
1828,Escuela Sebastian Sánchez,Chiriqui,Gualaca,Gualaca,Chiriquí,6,No,Si,Compañía Distribuidora,No,Sin Internet,8,Ruth J. Quiel E.,-82.2998982,8.53320733,1560,a11da39d-1dea-4ba8-b1c2-9fa0405b143b,1597153106568,b_ayarza,1610237749303,b_ayarza,SN/SV,No ,No,,No ,SN/SV,SN/SV,,
1830,Escuela Secundaria Jesus Maria Pla,Chiriqui,Gualaca,Gualaca,Chiriquí,591,No,Si,Compañía Distribuidora,Si,Fibra Óptica,Dato por verificar,Dato por Verificar,-82.30064535,8.52289474,1561,d080d5f4-77bb-4347-8e62-3c59ec8e1df5,1597153106568,b_ayarza,1610496819144,b_ayarza,CWP,No ,No,,No ,3,10 Mb ,,
1831,Escuela Bilingüe Gualaca,Chiriqui,Gualaca,Gualaca,Chiriquí,454,No,Si,Compañía Distribuidora,Si,Fibra Óptica,8,Maria De Espinoza,-82.29936044,8.52595949,1562,d52f4564-2f7c-435f-84f4-901cab916412,1597153106568,b_ayarza,1610496860938,b_ayarza,CWP,No ,No,,No ,2,4/ 10 Mb,,
1833,Escuela Bella Vista,Chiriqui,Gualaca,Gualaca,Chiriquí,52,No,Si,Compañía Distribuidora,Si,Satelital,8,Rocio Jazmin Nieto,-82.22802632,8.60897148,1563,436a5c2c-9e82-4e00-b50f-0109eddff637,1597153106568,b_ayarza,1610496869109,b_ayarza,Cable Onda ,No ,No,,No ,1,2.0 Mb ,,
1835,Escuela Higuerón,Chiriqui,Gualaca,Gualaca,Chiriquí,70,No,Si,Compañía Distribuidora,No,Sin Internet,8,Magda Yissel Franco Avila,-82.28500952,8.49921008,1565,b4130cb7-cfa4-41a4-a6e3-39e13cc5c6c6,1597153106568,b_ayarza,1610237753860,b_ayarza,SN/SV,No ,No,,No ,SN/SV,SN/SV,,
1836,Escuela La Esperanza,Chiriqui,Gualaca,Gualaca,Chiriquí,6,Si,Si,Compañía Distribuidora,Si,Fibra Óptica,Dato por verificar,Dato por Verificar,-82.33405249,8.59195346,1566,430a60a3-2192-422b-9b8b-c92941b58bdc,1597153106568,b_ayarza,1610496923593,b_ayarza,Cable Onda ,No ,No,,No ,1,10 Mb ,,
1837,Escuela Valle de la Mina,Chiriqui,Gualaca,Hornito,Chiriquí,126,No,Si,Compañía Distribuidora,Si,Satelital,8,Denia Guerra De Jimenez,-82.221552,8.665456,1567,5f85235a-3382-44aa-8693-66616284609b,1597153106568,b_ayarza,1610496927755,b_ayarza,Cable Onda ,No ,No,,No ,1,1.0 Mb ,,
1838,Escuela Los Planes,Chiriqui,Gualaca,Gualaca,Chiriquí,11,No,Si,Compañía Distribuidora,Si,Fibra Óptica,8,Magalys Chavez C.,-82.21747082,8.63313808,1568,74ca9c1b-da74-48fa-8aab-9097bbfdd7ad,1597153106568,b_ayarza,1610496932222,b_ayarza,Cable Onda ,No ,No,,No ,1,10 Mb ,,
1839,Escuela Entre Rios,Chiriqui,Gualaca,Hornito,Chiriquí,31,No,Si,Compañía Distribuidora,Si,Satelital,8,Tiama Z. Acosta,-82.24108192,8.66869344,1569,50cf84c5-cc40-4dbf-a442-6c44f1e9cdc4,1597153106568,b_ayarza,1610496945911,b_ayarza,Cable Onda ,No ,No,,No ,1,1.0 Mb ,,
1840,Escuela Chiriquicito,Chiriqui,Gualaca,Hornito,Chiriquí,22,No,Si,Compañía Distribuidora,Si,Fibra Óptica,8,Silka Restrepo Agrazal,-82.28413752,8.68536008,1570,372405bf-6f7f-43e7-ab86-e10418d9fc8d,1597153106568,b_ayarza,1610496949645,b_ayarza,Cable Onda ,No ,No,,No ,1,10 Mb ,,
1841,Escuela Calabazal,Chiriqui,Gualaca,Paja De Sombrero,Chiriquí,6,Si,Si,Compañía Distribuidora,No,Sin Internet,8,Rosa Gaitan,-82.27115901,8.65766459,1571,7cb068d7-b9f1-4559-909b-67ad89f23a8d,1597153106568,b_ayarza,1610237755743,b_ayarza,SN/SV,No ,Si,,Si,SN/SV,SN/SV,,
1842,Escuela Fortuna,Chiriqui,Gualaca,Hornito,Chiriquí,6,Si,Si,Compañía Distribuidora,Si,Fibra Óptica,8,Yahaira Vargas,-82.26219302,8.72897101,1572,739b384f-b7f8-47c7-885f-15cddfb8144d,1597153106568,b_ayarza,1610496973174,b_ayarza,Cable Onda ,No ,No,,No ,1,Cable Onda ,,
1843,Escuela Soledad,Chiriqui,Gualaca,Hornito,Chiriquí,11,Si,Si,Compañía Distribuidora,No,Sin Internet,8,Carlos Ruben Arjona,-82.28552642,8.72063764,1573,e33ff1d8-3615-40ca-88aa-7e2bfbb2074e,1597153106568,b_ayarza,1610237757407,b_ayarza,SN/SV,No ,No,,No ,SN/SV,SN/SV,,
1844,Escuela Eutimia B. de Nieto,Chiriqui,Gualaca,Los Angeles,Chiriquí,125,Si,Si,Compañía Distribuidora,Si,Satelital,8,Daysi J. Canto A.,-82.20358192,8.5264718,1574,2df52ade-d660-4362-ac5f-3efd9620411c,1597153106568,b_ayarza,1610497001981,b_ayarza,Cable Onda ,No ,No,,Si,1,2.0 Mb ,,
1845,Escuela Los Bongos,Chiriqui,Gualaca,Los Angeles,Chiriquí,6,Si,No,Dato por Verificar,No,Sin Internet,8,Aura Castillo Cruz,-82.22330422,8.53758285,1575,593dd98c-e359-4faf-9d84-64d8b36818ba,1597153106568,b_ayarza,1610237759057,b_ayarza,SN/SV,No ,No,,Si,SN/SV,SN/SV,,
1847,Escuela Paja de Sombrero,Chiriqui,Gualaca,Paja De Sombrero,Chiriquí,44,No,Si,Compañía Distribuidora,Si,Satelital,8,Javier Arosemena,-82.32135972,8.68647118,1576,e9549e9f-4e26-4ba9-966f-8122b2d5c32d,1597153106568,b_ayarza,1610497020022,b_ayarza,Cable Onda ,No ,No,,Si,1,1.0 Mb ,,
1848,Escuela Rincón de Gualaca,Chiriqui,Gualaca,Rincón,Chiriquí,78,No,Si,Compañía Distribuidora,Si,Fibra Óptica,8,Indira Cabrera,-82.28093875,8.46609417,1577,43dd2461-e033-413d-a570-8e409e327113,1597153106568,b_ayarza,1610497039521,b_ayarza,Cable Onda ,No ,No,,No ,1,10 Mb ,,
1850,Escuela David Trujillo,Chiriqui,Gualaca,Rincón,Chiriquí,15,No,Si,Compañía Distribuidora,Si,Fibra Óptica,8,Mabel Gutierrez,-82.26302632,8.45508317,1578,fd023176-30f5-4bf1-9984-fe8cef9f3025,1597153106568,b_ayarza,1610497041372,b_ayarza,Cable Onda ,No ,No,,No ,1,10 Mb ,,
1851,Escuela Galerita,Chiriqui,Gualaca,Rincón,Chiriquí,8,Si,No,Dato por Verificar,No,Sin Internet,Dato por verificar,Dato por Verificar,-82.21988,8.48775,1579,a23036c1-cb8b-4007-a42c-2a54e65f286a,1597153106568,b_ayarza,1610237763532,b_ayarza,SN/SV,No ,No,,No ,SN/SV,SN/SV,,
1852,Escuela Quebrada de Lajas,Chiriqui,Gualaca,Rincón,Chiriquí,34,No,Si,Compañía Distribuidora,Si,Satelital,8,Enna C. De Martinez,-82.23622594,8.46707385,1580,550d45e3-e3d0-4221-8b8b-acca27cbaa38,1597153106568,b_ayarza,1610497092607,b_ayarza,Cable Onda ,No ,No,,No ,1,2.0 Mb ,,
1854,Escuela Antonio Anguizola,Chiriqui,Remedios,Remedios,Chiriquí,412,No,Si,Compañía Distribuidora,Si,Fibra Óptica,25,Anel Sandoya M.,-81.83178269,8.22814298,1581,61961b5b-bef5-4420-8469-9aa61e1b1609,1597153106568,b_ayarza,1610497084614,b_ayarza,CWP,No ,No,,No ,1,10 Mb ,,
1857,I.P.T. Chiriquí Oriente,Chiriqui,Remedios,Santa Lucía,Chiriquí,374,No,Si,Compañía Distribuidora,Si,Fibra Óptica,Dato por verificar,Dato por Verificar,-81.8190352,8.24802129,1582,fe75b78c-f19b-4d82-9e13-6a622062f2b1,1597153106568,b_ayarza,1610497085630,b_ayarza,Cable Onda ,No ,No,,No ,2,10 Mb ,,
1859,Escuela El María,Chiriqui,Remedios,Santa Lucía,Chiriquí,31,No,Si,Compañía Distribuidora,Si,Fibra Óptica,25,omayra I.Gonzalez C.,-81.77608192,8.2359174,1583,12007116-67d2-4a89-9c31-ba2f74c7fa78,1597153106568,b_ayarza,1610497086151,b_ayarza,Cable Onda ,No ,No,,No ,1,10 Mb ,,
1863,C.E.B.G. Quebrada  de Guabo,Comarca Ngabe-Bugle,Nole Duima,Susama,Comarca Ngäbe-Buglé,903,Si,Si,Compañía Distribuidora,Si,Microondas,23,Martin Rodriguez,-81.83067142,8.33164978,1584,ae11e0ca-0b05-413f-b36d-68d99ce58d4a,1597153106568,b_ayarza,1610497087210,b_ayarza,Digicel ,No ,No,,Si,1,10 Mb ,,
3107,Escuela Tres Hermanas,Panama Oeste,Capira,Cirí De  Los Sotos,Panamá Oeste,49,Si,Si,Panel Solar,No,Sin Internet,9,Euribiades Melendez,-80.12377896,8.91182814,1585,99469727-7de8-49ee-94b4-5e0e78f96808,1597153106568,b_ayarza,1610237766380,b_ayarza,SN/SV,No ,No,,Si,SN/SV,SN/SV,,
3108,Escuela Teria Nacimiento,Panama Oeste,Capira,Cirí Grande,Panamá Oeste,24,Si,Si,Panel Solar,No,Sin Internet,7,Yesenia Lopez,-80.08387088,8.77138691,1586,14a625b9-110d-4594-b25b-6798db44d6ec,1597153106568,b_ayarza,1610237768230,b_ayarza,SN/SV,No ,No,,Si,SN/SV,SN/SV,,
3109,Escuela Natividad Gordon,Panama Oeste,Capira,Cirí Grande,Panamá Oeste,84,Si,Si,Planta Eléctrica de Empresa,Si,Satelital,9,Zenaida Ramos S.,-80.09695484,8.79756567,1587,2ea94c68-17d9-42c6-bd8e-b5864191569d,1597153106568,b_ayarza,1610831973214,b_ayarza,Cable  Onda ,No ,No,,Si,1,2.0 Mb,,
3110,Escuela Las Petras,Panama Oeste,Capira,Santa Rosa,Panamá Oeste,23,Si,Si,Panel Solar,No,Sin Internet,6,Erika Espinosa,-80.07209721,8.88391621,1588,ee49861b-e3d3-4eaa-9ca0-d780ce575295,1597153106568,b_ayarza,1610237769989,b_ayarza,SN/SV,No ,No,,Si,SN/SV,SN/SV,,
3111,Escuela Bonga Arriba,Panama Oeste,Capira,Cirí Grande,Panamá Oeste,21,Si,Si,Sistema Aislado para el Poblado ,Si,Fibra Óptica,7,Catalina Rodriguez,-80.04137127,8.83337776,1589,2e496e34-3d5d-4941-a72b-dbf0f3f66150,1597153106568,b_ayarza,1610651805286,b_ayarza,Cable Onda,No ,No,,Si,1,10 Mb ,,
2944,Escuela Los Zatrales,Los Santos,Tonosí,Altos de Güera,Los Santos,5,Si,No,Dato por Verificar,No,Sin Internet,9,Dato por Verificar,-80.66927734,7.53090104,1590,d1c7cd97-cc91-4a5d-a1db-4ba848b4c02b,1597153106568,b_ayarza,1610237771871,b_ayarza,SN/SV,No ,No,,Si,SN/SV,SN/SV,,
2945,Escuela Boca de Quema,Los Santos,Tonosí,Altos de Güera,Los Santos,8,No,Si,Compañía Distribuidora,Si,Satelital,9,Damaris Moreno,-80.57459223,7.52193109,1591,cc67dab9-bc51-4294-bc2f-5dcd8557e1fd,1597153106568,b_ayarza,1610649733576,b_ayarza,Cable Onda,No ,No,,Si,1,2.0 Mb ,,
3112,Escuela La Conga,Panama Oeste,Capira,Cirí Grande,Panamá Oeste,12,Si,Si,Compañía Distribuidora,Si,Fibra Óptica,7,Yesi Y. Acevedo Castro,-80.00493044,8.84706193,1592,cf255a68-4033-4f74-ab2f-ca7b4ff132cb,1597153106568,b_ayarza,1610651804151,b_ayarza,Cable Onda,No ,No,,Si,1,10 Mb ,,
2946,Escuela Isla de Cañas,Los Santos,Tonosí,Isla De Cañas,Los Santos,19,Si,Si,Compañía Distribuidora,Si,Satelital,4,Laura Govea,-80.31436048,7.41506486,1593,76b237c2-3940-4cbb-845d-5a81918fb15f,1597153106568,b_ayarza,1610649734374,b_ayarza,Cable Onda,No ,No,,Si,1,2.0 Mb ,,
2947,Escuela Agua Buena,Los Santos,Tonosí,Cañas,Los Santos,4,No,Si,Compañía Distribuidora,No,Sin Internet,4,Marta Quinzada,-80.34328173,7.45719979,1594,8779f8ca-f926-4726-91c3-415f98f5e8ec,1597153106568,b_ayarza,1610237774545,b_ayarza,SN/SV,No ,No,,No ,SN/SV,SN/SV,,
2599,Escuela Los Bajos,Herrera,Ocú,Menchaca,Herrera,25,No,Si,Compañía Distribuidora,Si,Fibra Óptica,8,Nubiela Guerra T.,-80.80341131,7.86542941,1595,d03cff50-ea54-474a-af65-6bf8509897e2,1597153106568,b_ayarza,1610566287358,b_ayarza,Cable Onda,No ,No,,Si,1,10 Mb,,
3113,Escuela Claras Arriba,Panama Oeste,Capira,Cirí Grande,Panamá Oeste,70,Si,Si,Panel Solar,No,Sin Internet,9,Dato por Verificar,-80.14595573,8.80585,1596,1730582e-d925-4896-a0eb-65b84608ebbc,1597153106568,b_ayarza,1610237776527,b_ayarza,SN/SV,No ,No,,Si,SN/SV,SN/SV,,
2949,Escuela Pablo Barrios,Los Santos,Tonosí,Cañas,Los Santos,32,No,Si,Compañía Distribuidora,Si,Satelital,4,Jose Luis Perez,-80.26285729,7.44762858,1597,e0356295-9ebc-4a56-b6ce-c30081d7d0bc,1597153106568,b_ayarza,1610649810686,b_ayarza,Cable Onda,No ,No,,No ,1,2.0 Mb ,,
2303,Escuela Boca de Venado,Comarca Embera,Sambú,Jingurudó,Comarca Emberá,0,Si,Si,Panel Solar,No,Sin Internet,3,Samuel Bacorizo,-78.12052632,7.92425183,1598,0580e434-f68a-46c2-9a08-9dd2918ca917,1597153106568,b_ayarza,1610237778235,b_ayarza,SN/SV,No ,No,,Si,SN/SV,SN/SV,,
2600,Escuela Bernardino Barba,Herrera,Ocú,Ocú,Herrera,29,No,Si,Compañía Distribuidora,Si,Microondas,8,Javier A. Solis,-80.756434,7.871594,1599,ca11be94-a72c-4d23-a1bb-b8dde0f050e6,1597153106568,b_ayarza,1610566293116,b_ayarza,Cable Onda,No ,No,,No ,1,4 Mb ,,
3114,Escuela Claras Abajo,Panama Oeste,Capira,Santa Rosa,Panamá Oeste,146,Si,Si,Panel Solar,No,Sin Internet,9,Daysi Gonzalez,-80.16052809,8.85967261,1600,70915716-69fb-49e6-97ac-c01abff781d4,1597153106568,b_ayarza,1610237780091,b_ayarza,SN/SV,No ,No,,Si,SN/SV,SN/SV,,
2951,Escuela Aquilino Dominguez,Los Santos,Tonosí,El Bebedero,Los Santos,9,No,Si,Compañía Distribuidora,Si,Microondas,6,Mindalella Gonzalez,-80.48308474,7.39698856,1601,ab2fc863-1353-43a0-8128-df9df85cff2d,1597153106568,b_ayarza,1610649821005,b_ayarza,Digicel ,No ,No,,No ,1,4 Mb ,,
2304,Escuela Boca de Jingurudó,Comarca Embera,Sambú,Jingurudó,Comarca Emberá,0,Si,Si,Sistema Aislado para el Poblado ,No,Sin Internet,3,Nicanor Flaco,-78.08385972,7.876752,1602,eea73151-3482-4928-9b45-ceb28f2e5ad7,1597153106568,b_ayarza,1610237781813,b_ayarza,SN/SV,No ,No,,Si,SN/SV,SN/SV,,
2601,Escuela Los Asientos,Herrera,Ocú,Entradero Del Castillo,Herrera,7,No,Si,Compañía Distribuidora,No,Sin Internet,8,Dalila D. Lopez,-80.83383683,7.88877108,1603,42daa950-fd34-4223-aeac-424f9fff901a,1597153106568,b_ayarza,1610237784999,b_ayarza,SN/SV,No ,No,,Si,SN/SV,SN/SV,,
2952,Escuela La Corocita,Los Santos,Tonosí,El Bebedero,Los Santos,9,No,Si,Compañía Distribuidora,Si,Satelital,9,Oris Perez,-80.51599767,7.45060898,1604,709116f8-0429-4628-9d53-160d492d5523,1597153106568,b_ayarza,1610649824553,b_ayarza,CWP,No ,No,,No ,1,4 Mb ,,
2602,Escuela Cerro Largo,Herrera,Ocú,Cerro Largo,Herrera,12,No,Si,Compañía Distribuidora,No,Sin Internet,8,Quenia I. Arcia A.,-80.83101137,7.83911027,1605,cafb29c2-04fa-4663-9e0c-0e784a8d54cf,1597153106568,b_ayarza,1610237786909,b_ayarza,SN/SV,No ,No,,Si,SN/SV,SN/SV,,
2305,Escuela Agua Fría No.1,Darien,Chepigana ,Agua Buena,Darién,136,Si,Si,Planta Eléctrica de Empresa,Si,Microondas,Dato por verificar,Dato por Verificar,-78.19665751,8.85773401,1606,80541178-df03-4e16-a41c-07cde616028a,1597153106568,b_ayarza,1610561407580,b_ayarza,Cable Onda ,No ,No,,Si,1,10 Mb ,,
3116,Escuela Altos de Nuevo Limón ,Panama Oeste,Capira,Santa Rosa,Panamá Oeste,36,Si,Si,Panel Solar,No,Sin Internet,6,Indira Antedilla,-80.10200551,8.87347976,1607,203da8e7-e850-4ba1-89e9-78ee2a19489b,1597153106568,b_ayarza,1610919017954,b_ayarza,SN/SV,No ,No,,Si,SN/SV,SN/SV,,
1558,Escuela Belén,Chiriqui,Bugaba,La Concepción,Chiriquí,736,No,Si,Compañía Distribuidora,Si,Hibrido de Fibra Coaxial,13,Krystal Amada Pitti Gonzalez,-82.62830412,8.51563854,1608,3a9861d3-dbe6-43fb-8272-2374bcd9b415,1597153106568,b_ayarza,1610489382112,b_ayarza,Cable Onda ,No ,No,,No ,1,6 Mb ,,
2953,Escuela Rio Viejo de Perina,Los Santos,Tonosí,El Bebedero,Los Santos,15,No,Si,Compañía Distribuidora,Si,Satelital,9,Judith Navarro,-80.47562348,7.42043036,1609,638eb06a-77a2-4f79-ae37-0903d5d38d20,1597153106568,b_ayarza,1610649829679,b_ayarza,Cable Onda,No ,No,,No ,1,10 Mb ,,
1559,Escuela Solano,Chiriqui,Bugaba,La Concepción,Chiriquí,691,No,Si,Compañía Distribuidora,Si,Hibrido de Fibra Coaxial,13,Olga Pitty,-82.61080412,8.51480514,1610,8f025f1d-4ac8-4c94-8157-77fd4fc618d5,1597153106568,b_ayarza,1610489383212,b_ayarza,Cable Onda ,No ,No,,No ,1,6 Mb ,,
2954,Escuela Rio Viejo del Solar,Los Santos,Tonosí,El Cacao,Los Santos,30,No,Si,Compañía Distribuidora,Si,Microondas,6,Emilia De Gracia,-80.4136755,7.42593647,1611,72e8f766-3727-43a2-a26f-86d1866fa2f6,1597153106568,b_ayarza,1610649831937,b_ayarza,CWP,No ,No,,No ,1,4 Mb ,,
1560,Escuela San Vicente,Chiriqui,Bugaba,La Concepción,Chiriquí,100,No,Si,Compañía Distribuidora,Si,Fibra Óptica,11,Eleuterio Salina C,-82.63663752,8.59258264,1612,a1dbef16-f994-4c91-96d8-d558fec2e618,1597153106568,b_ayarza,1610489392020,b_ayarza,CWP,No ,No,,No ,1,10 Mb ,,
1561,Escuela El Porvenir,Chiriqui,Bugaba,La Concepción,Chiriquí,416,No,Si,Compañía Distribuidora,Si,Hibrido de Fibra Coaxial,11,Edilcia Navarro,-82.62307,8.52931,1613,da018403-beec-478a-9789-74382060cd83,1597153106568,b_ayarza,1610489394581,b_ayarza,Cable Onda ,No ,No,,No ,1,6 Mb ,,
1562,Escuela Las Tumbas,Chiriqui,Bugaba,El Bongo,Chiriquí,6,Si,Si,Compañía Distribuidora,No,Sin Internet,11,Gilma E. Dominguez,-82.61107,8.62605,1614,a1991856-3c3a-4203-a0da-2eb5004a1299,1597153106568,b_ayarza,1610237790550,b_ayarza,SN/SV,No ,No,,No ,SN/SV,SN/SV,,
1563,Escuela La Libertad,Chiriqui,Bugaba,Aserrío de Gariché,Chiriquí,48,Si,Si,Compañía Distribuidora,No,Sin Internet,16,Erick B. Espinosa Guerra,-82.78794,8.512529,1615,95152771-fd2f-4a89-baf6-9c3214ab40e5,1597153106568,b_ayarza,1610237793319,b_ayarza,SN/SV,No ,No,,No ,SN/SV,SN/SV,,
1564,Escuela Jacu,Chiriqui,Bugaba,Aserrío de Gariché,Chiriquí,166,No,Si,Compañía Distribuidora,Si,Fibra Óptica,16,Dionisia A. De Najera,-82.81608192,8.47869428,1616,d462e0b2-e4b6-407b-832e-ee7d76304900,1597153106568,b_ayarza,1610489549567,b_ayarza,Cable Onda ,No ,No,,No ,1,10 Mb ,,
1565,Escuela Las Azules,Chiriqui,Bugaba,Aserrío de Gariché,Chiriquí,34,No,Si,Compañía Distribuidora,Si,Fibra Óptica,16,Rosa E. De Quintero,-82.792061,8.456545,1617,55233058-617b-4978-8f0a-bda7f948b1a7,1597153106568,b_ayarza,1610489551106,b_ayarza,CWP,No ,No,,No ,1,10 Mb ,,
1566,Escuela Aserrio,Chiriqui,Bugaba,Aserrío de Gariché,Chiriquí,448,No,Si,Compañía Distribuidora,Si,Fibra Óptica,16,Migdalia Barrera,-82.788087,8.489695,1618,c740e00c-5655-435d-8921-7069900b96cf,1597153106568,b_ayarza,1610489558880,b_ayarza,Cable Onda ,No ,No,,No ,1,10 Mb ,,
1567,Escuela Quebrada Grande,Chiriqui,Bugaba,Aserrío de Gariché,Chiriquí,40,No,Si,Compañía Distribuidora,No,Sin Internet,18,Luis Ivan Almengor Lamotte,-82.81747082,8.51536074,1619,77b33121-b7da-485c-b975-d1f02a709b0d,1597153106568,b_ayarza,1610237795372,b_ayarza,SN/SV,No ,No,,No ,SN/SV,SN/SV,,
1568,Escuela Alto Gariché,Chiriqui,Bugaba,Aserrío de Gariché,Chiriquí,27,Si,Si,Compañía Distribuidora,Si,Fibra Óptica,16,Adriana Pimentel,-82.74774862,8.5259163,1620,8e30d277-490c-495d-8e0b-6df7f1b75b4d,1597153106568,b_ayarza,1610489703334,b_ayarza,Cable Onda ,No ,No,,No ,1,10 Mb ,,
1569,Escuela La Celmira,Chiriqui,Bugaba,Aserrío de Gariché,Chiriquí,171,No,Si,Compañía Distribuidora,Si,Fibra Óptica,16,Rosa Pineda,-82.80191522,8.54869391,1621,7ba01166-9fa9-45c4-b748-37b0c49c9755,1597153106568,b_ayarza,1610489704034,b_ayarza,Cable Onda ,No ,No,,No ,1,10 Mb ,,
1578,Escuela Gariche,Chiriqui,Bugaba,Aserrío de Gariché,Chiriquí,98,Si,Si,Compañía Distribuidora,Si,Fibra Óptica,16,Ruben D. Batista S.,-82.77969302,8.48702745,1622,cb383d78-69b6-474d-872d-b041829855b7,1597153106568,b_ayarza,1610489706121,b_ayarza,CWP,No ,No,,No ,1,10 Mb ,,
1579,Escuela Exquisito,Chiriqui,Bugaba,Aserrío de Gariché,Chiriquí,31,No,Si,Compañía Distribuidora,Si,Fibra Óptica,16,Jesus De Gracia R.,-82.77247082,8.53980515,1623,df023352-c242-4895-a3ab-26f8edf3cceb,1597153106568,b_ayarza,1610489704945,b_ayarza,CWP,No ,No,,No ,1,10 Mb ,,
1580,Escuela El Portón,Chiriqui,Bugaba,Aserrío de Gariché,Chiriquí,256,No,Si,Compañía Distribuidora,Si,Satelital,16,Belkis Lezcano,-82.78635972,8.56536055,1624,aab00b39-7d6b-49b3-9b01-f80d0252acea,1597153106568,b_ayarza,1612994237272,b_ayarza,Cable Onda ,No ,No,,No ,1,1.0 Mb ,Si ,
1581,Escuela El Roble,Chiriqui,Bugaba,Aserrío de Gariché,Chiriquí,56,No,Si,Compañía Distribuidora,Si,Fibra Óptica,16,Dalys Camargo M.,-82.77608202,8.51258295,1625,045c4c08-c917-4933-9665-97a7a1cf51bd,1597153106568,b_ayarza,1610489706965,b_ayarza,CWP,No ,No,,No ,1,10 Mb ,,
1582,Escuela San Isidro,Chiriqui,Bugaba,Aserrío de Gariché,Chiriquí,194,No,Si,Compañía Distribuidora,Si,Microondas,18,Jackeline Gutierrez,-82.83052642,8.53369397,1626,750fbbeb-497d-4de7-b5e0-6af5293ee51a,1597153106568,b_ayarza,1610489708735,b_ayarza,Cable Onda ,No ,No,,No ,1,10 Mb ,,
1583,Escuela San Pedro,Chiriqui,Bugaba,Aserrío de Gariché,Chiriquí,65,No,Si,Compañía Distribuidora,Si,Fibra Óptica,16,Eliecer Serrano,-82.80135972,8.56258276,1627,0f5c8808-4cbe-4b29-a905-b3aec3f6ae5b,1597153106568,b_ayarza,1610489714964,b_ayarza,Cable Onda ,No ,No,,No ,1,10 Mb ,,
1584,Escuela Mata de Bugaba,Chiriqui,Bugaba,Bugaba,Chiriquí,305,No,Si,Compañía Distribuidora,Si,Hibrido de Fibra Coaxial,13,Celia Cortes,-82.61441522,8.50230519,1628,3ad7b732-13cf-494a-8e75-689cc504837d,1597153106568,b_ayarza,1610489728470,b_ayarza,Cable Onda ,No ,No,,No ,1,6 Mb ,,
2307,C.E.B.G. Eugenio Perez A.,Darien,Chepigana ,La Palma,Darién,646,Si,Si,Compañía Distribuidora,Si,Fibra Óptica,2,Jose Perez,-78.14105294,8.40214425,1630,3555f89e-0fd9-48db-841b-e84ebae1bde5,1597153106568,b_ayarza,1610561410585,b_ayarza,CWP,No ,No,,Si,1,10 Mb ,,
3117,Escuela La Bonga,Panama Oeste,Capira,Cirí Grande,Panamá Oeste,20,Si,Si,Compañía Distribuidora,Si,Satelital,8,Luzmila Rodriguez,-80.03582831,8.86463877,1631,bc24ad1e-ac03-4f78-9838-a3a8229c3e65,1597153106568,b_ayarza,1610656239474,b_ayarza,Cable Onda,No ,No,,Si,1,10 Mb ,,
1585,Escuela Bugaba,Chiriqui,Bugaba,Bugaba,Chiriquí,68,No,Si,Compañía Distribuidora,No,Sin Internet,13,Delsy S. Cordoba,-82.62052632,8.48369416,1632,6929f537-2af8-45b1-8c83-0a8d16f76e4a,1597153106568,b_ayarza,1610237798720,b_ayarza,SN/SV,No ,No,,No ,SN/SV,SN/SV,,
1588,C.E.B.G. Cerro Punta,Chiriqui,Bugaba,Cerro Punta,Chiriquí,466,No,Si,Compañía Distribuidora,Si,Fibra Óptica,14,Mirta Sanchez,-82.57885972,8.86230378,1633,2d90c809-3b3e-4031-8953-c5c3a0650c3c,1597153106568,b_ayarza,1610489753531,b_ayarza,CWP,No ,No,,No ,1,10 Mb ,,
1592,Escuela Las Nubes,Chiriqui,Bugaba,Cerro Punta,Chiriquí,0,No,Si,Compañía Distribuidora,No,Sin Internet,Dato por verificar,Dato por Verificar,-82.59663752,8.88508149,1634,c3122885-3547-4791-9fe6-f52ebdb64ccc,1597153106568,b_ayarza,1610237800247,b_ayarza,SN/SV,No ,No,,No ,SN/SV,SN/SV,,
1593,Centro Fernando Eleta Almaran,Chiriqui,Bugaba,Cerro Punta,Chiriquí,153,No,Si,Compañía Distribuidora,Si,Fibra Óptica,Dato por verificar,Dato por Verificar,-82.56413752,8.86924825,1635,ecbe9fa4-5339-4a88-98b4-e3a441358f9f,1597153106568,b_ayarza,1610489764125,b_ayarza,CWP,No ,No,,No ,1,10 Mb ,,
1597,Escuela Nueva Suiza,Chiriqui,Bugaba,Cerro Punta,Chiriquí,60,No,Si,Compañía Distribuidora,Si,Fibra Óptica,Dato por verificar,Dato por Verificar,-82.60469302,8.84647054,1636,3dbd3066-813b-4a7e-9ac7-b11fa30518c8,1597153106568,b_ayarza,1610489786400,b_ayarza,Cable Onda ,No ,No,,No ,1,10 Mb ,,
1598,Escuela Paso Ancho,Chiriqui,Bugaba,Cerro Punta,Chiriquí,487,No,Si,Compañía Distribuidora,Si,Microondas,14,Maria F. Espinosa C.,-82.623182,8.815369,1637,fd282b85-3614-4841-9c1b-d0c847ffc8c0,1597153106568,b_ayarza,1610489794485,b_ayarza,Cable Onda ,No ,No,,No ,1,4 Mb ,,
1599,Escuela Gómez Abajo,Chiriqui,Bugaba,Gómez,Chiriquí,53,No,Si,Compañía Distribuidora,Si,Fibra Óptica,17,Liliana A. Carrasco S.,-82.72219302,8.55341609,1638,6efd6ff8-da47-49a7-a246-bb7e56f93fb7,1597153106568,b_ayarza,1610489797616,b_ayarza,Cable Onda ,No ,No,,No ,1,10 Mb ,,
1600,Escuela Alto Chiriquí,Chiriqui,Bugaba,Gómez,Chiriquí,17,No,Si,Compañía Distribuidora,No,Sin Internet,16,Carolina Carrillo,-82.78302642,8.57897159,1639,9cca4334-2652-4b02-a9a7-bb984754b521,1597153106568,b_ayarza,1610237803000,b_ayarza,SN/SV,No ,No,,No ,SN/SV,SN/SV,,
1603,Escuela Gómez,Chiriqui,Bugaba,Gómez,Chiriquí,153,No,Si,Compañía Distribuidora,Si,Fibra Óptica,17,Xenia Caballero Alvarez,-82.728654,8.559434,1640,bbef3ecc-6d6e-4223-98bb-ac89e4622b42,1597153106568,b_ayarza,1610489830735,b_ayarza,CWP,No ,No,,No ,1,10 Mb ,,
1604,Escuela San Miguel de Exquisito,Chiriqui,Bugaba,Gómez,Chiriquí,106,No,Si,Compañía Distribuidora,Si,Fibra Óptica,16,Nora Pitty,-82.75774852,8.55008281,1641,2fab8aaf-99cf-48b8-bc8e-8be69e537e45,1597153106568,b_ayarza,1610489831657,b_ayarza,CWP,No ,No,,No ,1,10 Mb ,,
1605,Escuela La Meseta,Chiriqui,Bugaba,Gómez,Chiriquí,8,No,Si,Compañía Distribuidora,No,Sin Internet,17,Leticia Hernandez,-82.592448,8.552602,1642,f3cb4587-6706-4bc2-b5d5-e42c161aaf9f,1597153106568,b_ayarza,1610237804679,b_ayarza,SN/SV,No ,No,,No ,SN/SV,SN/SV,,
1606,Escuela Siogui Abajo No. 1,Chiriqui,Bugaba,Estrella,Chiriquí,55,No,Si,Compañía Distribuidora,Si,Microondas,Dato por verificar,Dato por Verificar,-82.65635972,8.49230523,1643,e4048b5b-2951-4209-b622-2a512f12068d,1597153106568,b_ayarza,1610489938978,b_ayarza,Digicel ,No ,No,,No ,1,4 Mb ,,
1607,Escuela La Tranca,Chiriqui,Bugaba,Estrella,Chiriquí,207,No,Si,Compañía Distribuidora,Si,Microondas,Dato por verificar,Dato por Verificar,-82.67564444,8.46768889,1644,ecc83b27-7db8-4dc8-be46-1e5fc8822ce9,1597153106568,b_ayarza,1610489942199,b_ayarza,CWP,No ,No,,No ,1,10 Mb ,,
1612,Escuela La Estrella,Chiriqui,Bugaba,Estrella,Chiriquí,213,No,Si,Compañía Distribuidora,Si,Hibrido de Fibra Coaxial,12,Judith Santos,-82.67274862,8.51813853,1645,866e3c23-8a7b-44d2-a782-0902d3e8a7b6,1597153106568,b_ayarza,1610489947498,b_ayarza,Cable Onda ,No ,No,,No ,1,6 Mb ,,
1613,Escuela Siogui Abajo No. 2,Chiriqui,Bugaba,Estrella,Chiriquí,66,No,Si,Compañía Distribuidora,Si,Microondas,13,Dato por Verificar,-82.66358192,8.49341642,1646,cacef853-2b3a-4434-a3d0-b114844bb104,1597153106568,b_ayarza,1610489951731,b_ayarza,Digicel ,No ,No,,No ,1,10 Mb ,,
1614,Escuela Siogui Arriba,Chiriqui,Bugaba,Estrella,Chiriquí,68,Si,Si,Compañía Distribuidora,Si,Fibra Óptica,12,Isbeth Sanchez,-82.67580412,8.54202734,1647,bdf33c4e-5c91-4bf2-8c3c-d158005f867a,1597153106568,b_ayarza,1610489952887,b_ayarza,Cable Onda ,No ,No,,No ,1,10 Mb ,,
1615,Escuela San Andres,Chiriqui,Bugaba,San Andrés,Chiriquí,162,No,Si,Compañía Distribuidora,Si,Fibra Óptica,17,Reyes Sanchez,-82.72802632,8.6042493,1648,6e83409c-3e06-4c4a-9ae4-203757380636,1597153106568,b_ayarza,1610489953639,b_ayarza,CWP,No ,No,,No ,1,10 Mb ,,
1617,P.C. San Andrés,Chiriqui,Bugaba,San Andrés,Chiriquí,272,No,Si,Compañía Distribuidora,Si,Fibra Óptica,Dato por verificar,Dato por Verificar,-82.72802632,8.6042493,1649,f1a1e490-11b4-42d2-a892-91685ebdaf24,1597153106568,b_ayarza,1610489954332,b_ayarza,CWP,No ,No,,No ,1,10 Mb ,,
1619,Escuela La Esperanza,Chiriqui,Bugaba,San Andrés,Chiriquí,13,Si,No,Dato por Verificar,No,Sin Internet,17,Georgina Quiroz,-82.71358192,8.64063805,1650,5d2d723a-ee86-4d9e-94af-fead516c92ff,1597153106568,b_ayarza,1610237807241,b_ayarza,SN/SV,No ,No,,No ,SN/SV,SN/SV,,
1620,Escuela San Francisco,Chiriqui,Bugaba,San Andrés,Chiriquí,51,No,Si,Compañía Distribuidora,Si,Fibra Óptica,17,Marcelina Miranda,-82.72997082,8.63619357,1651,e17f2a3c-1b56-4b46-973b-84b55425410e,1597153106568,b_ayarza,1610489986006,b_ayarza,CWP,No ,No,,No ,1,10 Mb ,,
1621,Escuela Quebrada Llana,Chiriqui,Bugaba,San Andrés,Chiriquí,9,Si,No,Dato por Verificar,No,Sin Internet,17,Eligio A. Jurado P.,-82.70580412,8.67841561,1652,6fdb04f2-2082-44f1-b6ed-1f28c352d114,1597153106568,b_ayarza,1610237809523,b_ayarza,SN/SV,No ,No,,No ,SN/SV,SN/SV,,
1622,C.E.B.G. Santa Marta,Chiriqui,Boquerón,Paraiso,Chiriquí,92,No,Si,Compañía Distribuidora,Si,Fibra Óptica,Dato por verificar,Dato por Verificar,-82.589585,8.700118,1653,403d23c4-74f5-4387-8614-af988629da89,1597153106568,b_ayarza,1610490004487,b_ayarza,CWP,No ,No,,No ,1,10 Mb ,,
1623,Escuela Bijagual No. 2,Chiriqui,Bugaba,Santa Marta,Chiriquí,26,Si,Si,Compañía Distribuidora,No,Sin Internet,12,Lissette Mora,-82.69858202,8.54952721,1654,8b48beeb-4d56-45a5-bb3d-f448e8cd6a19,1597153106568,b_ayarza,1610237812254,b_ayarza,SN/SV,No ,No,,No ,SN/SV,SN/SV,,
1624,Escuela Santa Marta,Chiriqui,Bugaba,Santa Marta,Chiriquí,419,No,Si,Compañía Distribuidora,Si,Microondas,12,Elida E. Frago,-82.69969312,8.52036072,1655,bad0648b-1197-46da-be0c-6235df1091b3,1597153106568,b_ayarza,1610490060566,b_ayarza,CWP,No ,No,,No ,1,10 Mb ,,
1625,Escuela Camarón Arriba,Chiriqui,Bugaba,Santa Rosa,Chiriquí,76,No,Si,Compañía Distribuidora,Si,Satelital,12,Iliana Beitia De Martinez,-82.67191532,8.63841586,1656,15bce734-1511-423b-8af8-4aa3a2299fcf,1597153106568,b_ayarza,1610490073313,b_ayarza,Cable Onda ,No ,No,,No ,1,2.0 Mb ,,
1628,Escuela Santa Rosa,Chiriqui,Bugaba,Santa Rosa,Chiriquí,11,No,Si,Compañía Distribuidora,Si,Fibra Óptica,12,Juanita Almengor,-82.68497082,8.6025826,1657,55cb4f2d-c5c5-4094-9ff6-d5e2866733b1,1597153106568,b_ayarza,1610490066045,b_ayarza,Cable Onda ,No ,No,,No ,1,10 Mb ,,
1629,Escuela El Santo,Chiriqui,Bugaba,Santa Rosa,Chiriquí,119,No,Si,Compañía Distribuidora,Si,Microondas,12,Maria Del C Morales,-82.67885972,8.56730494,1658,c239d7b6-a500-4f25-a482-0a73e9642fb6,1597153106568,b_ayarza,1610490076869,b_ayarza,Digicel ,No ,No,,No ,1,4 Mb ,,
1630,Escuela Bijagual No. 1,Chiriqui,Bugaba,Santa Marta,Chiriquí,12,No,Si,Compañía Distribuidora,No,Sin Internet,12,Aleida Lizbeth Serracin E.,-82.70747082,8.55758278,1659,d0261b61-8273-4f36-8076-95ccff8b631a,1597153106568,b_ayarza,1610237813964,b_ayarza,SN/SV,No ,No,,No ,SN/SV,SN/SV,,
1631,Escuela Bajo Frio,Chiriqui,Bugaba,Santa Rosa,Chiriquí,10,Si,Si,Panel Solar,No,Sin Internet,12,Migdalia Suira,-82.65941522,8.62647141,1660,3645493a-e0ce-463e-9331-66d8c0ef28d1,1597153106568,b_ayarza,1610237820018,b_ayarza,SN/SV,No ,No,,No ,SN/SV,SN/SV,,
1632,Escuela Santo Domingo de Guzmán,Chiriqui,David,San Pablo Viejo,Chiriquí,44,No,Si,Compañía Distribuidora,Si,Hibrido de Fibra Coaxial,4,Daneyra Castrellon,-82.47308,8.4283,1661,618a2620-91b6-4da0-9240-128d27b01d22,1597153106568,b_ayarza,1610490383320,b_ayarza,Cable Onda ,No ,No,,No ,1,6 Mb ,,
1633,Centro Educativo Santo Domingo,Chiriqui,Bugaba,Santo Domingo,Chiriquí,737,No,Si,Compañía Distribuidora,Si,Fibra Óptica,Dato por verificar,Dato por Verificar,-82.71135972,8.51341635,1662,1ca3c15a-010e-4a9a-8536-e90f231ef8f8,1597153106568,b_ayarza,1610490383939,b_ayarza,Cable Onda ,No ,No,,Si ,1,10 Mb ,,
1636,Escuela Manchuila,Chiriqui,Bugaba,Santo Domingo,Chiriquí,118,No,Si,Compañía Distribuidora,Si,Fibra Óptica,12,Orlando O. Arauz Rios,-82.71219302,8.47841648,1663,7c76565e-61d8-4258-8af7-482f3ee0621d,1597153106568,b_ayarza,1610490388277,b_ayarza,Cable Onda ,No ,No,,Si ,1,10 Mb ,,
1637,Escuela Santo Domingo,Chiriqui,Bugaba,Santo Domingo,Chiriquí,232,No,Si,Compañía Distribuidora,Si,Hibrido de Fibra Coaxial/Fibra Óptica,12,Guillermina Arauz,-82.71080412,8.51036076,1664,29e7e614-4320-425a-a3a9-a8e42bdc2086,1597153106568,b_ayarza,1610490391168,b_ayarza,Cable Onda ,No ,No,,Si ,2,6 Mb/ 10 Mb ,,
1638,Escuela Gariche Abajo,Chiriqui,Bugaba,Santo Domingo,Chiriquí,20,No,Si,Compañía Distribuidora,Si,Fibra Óptica,16,Jorge Luis Almengor,-82.76497082,8.45591647,1665,3b01f192-d7e9-41c4-8576-39355f7ab653,1597153106568,b_ayarza,1610490398115,b_ayarza,CWP,No ,No,,Si ,1,10 Mb ,,
1639,Escuela Volante,Chiriqui,Bugaba,Sortova,Chiriquí,7,Si,Si,Compañía Distribuidora,Si,Fibra Óptica,13,Richard Santamaria,-82.66719302,8.58647157,1666,93b0dbdf-a360-4335-b713-e6d84ced8539,1597153106568,b_ayarza,1610490399521,b_ayarza,Cable Onda ,No ,No,,No ,1,10 Mb ,,
1641,Escuela La Colonia,Chiriqui,Bugaba,Sortova,Chiriquí,6,No,Si,Compañía Distribuidora,Si,Fibra Óptica,13,Eriudis I. Mendoza R.,-82.65358192,8.56563835,1667,64131298-11f1-4a3e-a4c2-a45e1def1f86,1597153106568,b_ayarza,1610490401738,b_ayarza,Cable Onda ,No ,No,,No ,1,10 Mb ,,
1642,Escuela Sortova,Chiriqui,Bugaba,Sortova,Chiriquí,239,No,Si,Compañía Distribuidora,Si,Hibrido de Fibra Coaxial,13,Diana Saldaña,-82.65135972,8.5511939,1668,954f409e-f06a-4628-b319-3e6657a6f9ea,1597153106568,b_ayarza,1610490404434,b_ayarza,Cable Onda ,No ,No,,No ,1,6 Mb ,,
1643,Escuela Chantal,Chiriqui,Bugaba,Sortova,Chiriquí,11,No,Si,Compañía Distribuidora,Si,Fibra Óptica,11,Leticia Nuñez,-82.64635972,8.62369362,1669,744cbfe5-3525-41d5-acf3-184ee8e74dcf,1597153106568,b_ayarza,1610490432238,b_ayarza,Cable Onda ,No ,No,,No ,1,10 Mb ,,
1644,C.E.B.G. de Volcán,Chiriqui,Bugaba,Volcán,Chiriquí,642,No,Si,Compañía Distribuidora,Si,Hibrido de Fibra Coaxial,14,Dato por Verificar,-82.638658,8.774949,1670,3ba41459-a33e-47db-86d8-a62184f0bdc4,1597153106568,b_ayarza,1610490436040,b_ayarza,Cable Onda ,No ,No,,No ,2,6 Mb ,,
1647,Escuela Secundaria de Volcán,Chiriqui,Bugaba,Volcán,Chiriquí,0,No,Si,Compañía Distribuidora,Si,Fibra Óptica,Dato por verificar,Dato por Verificar,-82.633414,8.790034,1672,31052aa1-b016-450a-9732-000eae4a2439,1597153106568,b_ayarza,1610490609902,b_ayarza,CWP,No ,No,,No ,3,10 Mb ,,
1652,Escuela Bijao,Chiriqui,Bugaba,Volcán,Chiriquí,50,No,Si,Compañía Distribuidora,Si,Fibra Óptica,Dato por verificar,Dato por Verificar,-82.62441532,8.70952668,1673,bfc91c70-50c3-405e-a44a-9aec68a9d3ea,1597153106568,b_ayarza,1610490612716,b_ayarza,CWP,No ,No,,No ,1,10 Mb ,,
1653,Escuela Brazos de Gariche,Chiriqui,Bugaba,Volcán,Chiriquí,21,No,Si,Compañía Distribuidora,No,Sin Internet,14,Dato por Verificar,-82.67135972,8.69952672,1674,ddd27ec2-4ec4-4019-8461-363bb60b25ae,1597153106568,b_ayarza,1610237827480,b_ayarza,SN/SV,No ,No,,No ,SN/SV,SN/SV,,
1654,Escuela Cuesta de Piedra,Chiriqui,Bugaba,La Concepción,Chiriquí,81,No,Si,Compañía Distribuidora,Si,Microondas,11,Johanna Quintero,-82.62393,8.67742,1675,18fefade-c698-4f20-a0dd-1aad189ec629,1597153106568,b_ayarza,1610491729183,b_ayarza,Cable Onda ,No ,No,,No ,1,10 Mb ,,
1656,Escuela Las Perlas,Chiriqui,Bugaba,Volcán,Chiriquí,0,No,Si,Compañía Distribuidora,Si,Microondas,Dato por verificar,Dato por Verificar,-82.64969302,8.79119296,1676,fc969367-e15e-4f01-a4c6-2a8c11499e4a,1597153106568,b_ayarza,1610491730329,b_ayarza,Cable Onda ,No ,No,,No ,1,10 Mb ,,
1657,Escuela Nueva California,Chiriqui,Bugaba,Volcán,Chiriquí,1156,No,Si,Compañía Distribuidora,Si,Fibra Óptica,Dato por verificar,Dato por Verificar,-82.64747082,8.78674858,1677,17f09b0d-af90-42c3-b781-78132c7acd07,1597153106568,b_ayarza,1610491731036,b_ayarza,CWP,No ,No,,No ,1,10 Mb ,,
1658,Escuela El Valle,Chiriqui,Bugaba,Volcán,Chiriquí,181,No,Si,Compañía Distribuidora,Si,Microondas,14,Dinora M. Flores Ch.,-82.64928,8.7726,1678,b70d6c91-2d2f-4e8d-bc8e-bbb7f54bb3e5,1597153106568,b_ayarza,1610491733827,b_ayarza,Cable Onda ,No ,No,,No ,1,10 Mb ,,
1659,Escuela Ojo de Agua,Chiriqui,Bugaba,Santo Domingo,Chiriquí,0,Si,Si,Compañía Distribuidora,Si,Fibra Óptica,12,Cindy Vergara,-82.71163742,8.47702749,1679,843f54d5-5b98-4b26-b945-6d27bcbe63d0,1597153106568,b_ayarza,1610491735366,b_ayarza,Cable Onda ,No ,No,,No ,1,10 Mb ,,
1660,Escuela Quebrada Negra,Chiriqui,Bugaba,Santo Domingo,Chiriquí,111,Si,Si,Compañía Distribuidora,No,Sin Internet,12,Betzibel Guerra,-82.73191532,8.48119417,1680,879d83f8-baa6-4902-a404-7ff6873fcfa8,1597153106568,b_ayarza,1610237830236,b_ayarza,SN/SV,No ,Si,,Si,SN/SV,SN/SV,,
1662,C.E.B.G. República de Francia,Chiriqui,David,David,Chiriquí,961,No,Si,Compañía Distribuidora,Si,Hibrido de Fibra Coaxial,2,Elida De Palma,-82.43102,8.4331,1681,a751f885-5e3b-4e35-a07a-3968a86037f9,1597153106568,b_ayarza,1610491817387,b_ayarza,Cable Onda ,No ,No,,No ,1,6 Mb ,,
1663,Escuela Lassonde,Chiriqui,David,David,Chiriquí,512,No,Si,Compañía Distribuidora,Si,Hibrido de Fibra Coaxial,2,Denis M. Jimenez T.,-82.44330412,8.42424999,1682,5072c44f-a552-4a71-9ab4-02086c839e43,1597153106568,b_ayarza,1610491819197,b_ayarza,Cable Onda ,No ,No,,No ,1,6 Mb ,,
1675,Instituto David,Chiriqui,David,David,Chiriquí,1814,No,Si,Compañía Distribuidora,Si,Hibrido de Fibra Coaxial,Dato por verificar,Dato por Verificar,-82.43913752,8.42175,1684,b8ddb7b1-8a89-4876-bbe7-8006f1a47e9a,1597153106568,b_ayarza,1610491825371,b_ayarza,Cable Onda ,No ,No,,No ,4,6 Mb ,,
1676,Colegio Felix Olivares,Chiriqui,David,David,Chiriquí,0,No,Si,Compañía Distribuidora,Si,Hibrido de Fibra Coaxial,Dato por verificar,Dato por Verificar,-82.41802632,8.43786104,1685,de3deb5f-2d72-4989-80d1-7c4939ae9fd2,1597153106568,b_ayarza,1610491826792,b_ayarza,Cable Onda ,No ,No,,No ,3,6 Mb ,,
1686,I.P.T. Arnulfo Arias Madrid,Chiriqui,David,David,Chiriquí,1382,No,Si,Compañía Distribuidora,Si,Hibrido de Fibra Coaxial,Dato por verificar,Dato por Verificar,-82.44342865,8.41996638,1688,fb3d9994-1e09-4725-81b5-9b436d6d4da1,1597153106568,b_ayarza,1610491834469,b_ayarza,Cable Onda ,No ,No,,No ,3,6 Mb ,,
1687,I.P.T. de David,Chiriqui,David,David,Chiriquí,0,No,Si,Compañía Distribuidora,Si,Hibrido de Fibra Coaxial,Dato por verificar,Dato por Verificar,-82.41837136,8.43681284,1689,132535b5-1125-4b64-bbb1-bf8df03cd0ae,1597153106568,b_ayarza,1610491889106,b_ayarza,Cable Onda ,No ,No,,No ,2,6 Mb ,,
1688,Colegio Francisco Morazan,Chiriqui,David,David,Chiriquí,1354,No,Si,Compañía Distribuidora,Si,Hibrido de Fibra Coaxial/Fibra Óptica,Dato por verificar,Dato por Verificar,-82.4178359,8.42603585,1690,8af3ae14-a03c-4f34-9862-19d02d71975d,1597153106568,b_ayarza,1610491955617,b_ayarza,Cable Onda ,No ,No,,No ,5,3-6 Mb/ 1-10 Mb/ 1- 50 Mb,,
1706,Escuela Aguacatal,Chiriqui,David,San Pablo Viejo,Chiriquí,253,No,Si,Compañía Distribuidora,Si,Hibrido de Fibra Coaxial,4,Fanny Y. Guerra L.,-82.46163752,8.45897206,1691,964d3341-16e4-43a4-839b-39cffd5c53c3,1597153106568,b_ayarza,1610491905209,b_ayarza,Cable Onda ,No ,No,,No ,1,6 Mb ,,
1707,Escuela San Cristóbal,Chiriqui,David,David,Chiriquí,395,No,Si,Compañía Distribuidora,Si,Hibrido de Fibra Coaxial,2,Maria Elena B. De Jordan,-82.4406738,8.41672771,1692,284ec3d6-6931-4564-9967-31c854ac800c,1597153106568,b_ayarza,1610491905862,b_ayarza,Cable Onda ,No ,No,,No ,1,6 Mb ,,
1708,C.E.B.G. San Mateo,Chiriqui,David,David,Chiriquí,704,No,Si,Compañía Distribuidora,Si,Hibrido de Fibra Coaxial,2,Elesbia Santamaria,-82.43855709,8.43223468,1693,ef6b4fe8-31dc-4a01-9d2f-10233473f38c,1597153106568,b_ayarza,1610491906472,b_ayarza,Cable Onda ,No ,No,,No ,1,6 Mb ,,
1709,Escuela Santa Cruz,Chiriqui,David,David,Chiriquí,246,No,Si,Compañía Distribuidora,Si,Hibrido de Fibra Coaxial,4,Ariatne L. Aguirre,-82.42768196,8.45062941,1694,7ee16ee3-8980-4e32-b729-c14fd3033f16,1597153106568,b_ayarza,1610491908076,b_ayarza,Cable Onda ,No ,No,,No ,1,6 Mb ,,
1710,Escuela El Varital,Chiriqui,David,David,Chiriquí,269,No,Si,Compañía Distribuidora,Si,Hibrido de Fibra Coaxial,1,Emily E. Enriquez,-82.41895199,8.43245026,1695,accadcfd-3abb-4608-926e-76539148c748,1597153106568,b_ayarza,1610491907482,b_ayarza,Cable Onda ,No ,No,,No ,1,6 Mb ,,
1711,Escuela Portachuelo,Chiriqui,David,David,Chiriquí,59,No,Si,Compañía Distribuidora,Si,Hibrido de Fibra Coaxial,4,Mitzi L. Gutierrez E.,-82.41941522,8.47619419,1696,a44f20b9-ba8e-4c68-87b6-8571da5ba619,1597153106568,b_ayarza,1610491910265,b_ayarza,Cable Onda ,No ,No,,No ,1,6 Mb ,,
1712,Escuela Medalla Milagrosa,Chiriqui,David,David,Chiriquí,554,No,Si,Compañía Distribuidora,Si,Hibrido de Fibra Coaxial,1,Sor Leticia Peren,-82.42115901,8.42496975,1697,da14ce2b-8ac2-4f33-b85c-21ac125a1278,1597153106568,b_ayarza,1610491908881,b_ayarza,Cable Onda ,No ,No,,No ,1,6 Mb ,,
1717,Escuela Los Abanicos,Chiriqui,David,David,Chiriquí,722,No,Si,Compañía Distribuidora,Si,Hibrido de Fibra Coaxial,1,Maritza Gonzalez,-82.43904978,8.39945162,1699,f517ac93-779e-48e9-95ca-6aaa81f82331,1597153106568,b_ayarza,1610492123776,b_ayarza,Cable Onda ,No ,No,,No ,1,6 Mb ,,
2955,I.P.T.A. Tonosí,Los Santos,Tonosí,El Cacao,Los Santos,385,No,Si,Compañía Distribuidora,Si,Fibra Óptica,Dato por verificar,Dato por Verificar,-80.40785902,7.44141362,1700,4c1036e2-8659-4b36-8a83-80061e35c205,1597153106568,b_ayarza,1610649839027,b_ayarza,Cable Onda,No ,No,,No ,1,10 Mb ,,
2957,Escuela El Cacao,Los Santos,Tonosí,El Cacao,Los Santos,36,No,Si,Compañía Distribuidora,No,Sin Internet,6,Reina Frias,-80.40341457,7.44990118,1701,39d4b1ba-9608-4e7f-afbf-26a8dcb5bff3,1597153106568,b_ayarza,1610237834520,b_ayarza,SN/SV,No ,Si,,No ,SN/SV,SN/SV,,
2958,Escuela El Cortezo Arriba,Los Santos,Tonosí,El Cortezo,Los Santos,27,No,Si,Compañía Distribuidora,Si,Satelital,9,Misleybis Saldana,-80.63312347,7.42948889,1702,9dc302a9-d619-43bc-a594-4b7d88b241f1,1597153106568,b_ayarza,1610649867507,b_ayarza,Cable Onda,No ,No,,Si ,1,2.0 Mb ,,
2959,Escuela La Pintada,Los Santos,Tonosí,El Cortezo,Los Santos,10,No,Si,Compañía Distribuidora,Si,Satelital,9,Dato por Verificar,-80.65192026,7.46262893,1703,6ebb265e-8f72-4cbb-a498-611e33337829,1597153106568,b_ayarza,1610649875696,b_ayarza,Cable Onda,No ,No,,Si ,1,2.0 Mb ,,
2960,Escuela La Pintadita,Los Santos,Tonosí,El Cortezo,Los Santos,5,No,Si,Compañía Distribuidora,No,Sin Internet,9,Dato por Verificar,-80.63874934,7.48193653,1704,0e490f85-af5f-49bd-b36a-ff4b9daf554e,1597153106568,b_ayarza,1610237836787,b_ayarza,SN/SV,No ,No,,Si ,SN/SV,SN/SV,,
2963,Escuela El Espave,Los Santos,Tonosí,Flores,Los Santos,5,No,Si,Compañía Distribuidora,No,Sin Internet,4,Noble Aguilar,-80.38195187,7.51867353,1705,6e9e83c9-c728-49c4-9bfe-3712014fa2e2,1597153106568,b_ayarza,1610237838448,b_ayarza,SN/SV,No ,No,,No ,SN/SV,SN/SV,,
2604,Escuela El Guarumal,Herrera,Ocú,Cerro Largo,Herrera,19,Si,Si,Compañía Distribuidora,No,Sin Internet,8,Ignacio Murillo,-80.77292875,7.83647732,1706,96b9693d-19a0-408c-a8aa-36c360ddb974,1597153106568,b_ayarza,1610237840129,b_ayarza,SN/SV,No ,No,,Si ,SN/SV,SN/SV,,
2966,Escuela Flores,Los Santos,Tonosí,Flores,Los Santos,8,No,Si,Compañía Distribuidora,No,Sin Internet,4,Leopoldo Villarreal,-80.40581781,7.48262943,1707,10ea05a2-01b9-4bac-b180-1e0b50055a84,1597153106568,b_ayarza,1610237843043,b_ayarza,SN/SV,No ,No,,No ,SN/SV,SN/SV,,
2605,Escuela El Rascador,Herrera,Ocú,Entradero Del Castillo,Herrera,9,Si,Si,Panel Solar,No,Sin Internet,8,Maribel Barba,-80.87723409,7.8035052,1708,94eafd68-069e-46e3-9a50-87b35aeecce6,1597153106568,b_ayarza,1610237845108,b_ayarza,SN/SV,No ,No,,Si ,SN/SV,SN/SV,,
2968,Escuela Pedregal,Los Santos,Tonosí,Cambutal,Los Santos,4,No,Si,Compañía Distribuidora,Si,Satelital,6,Maritza Rodriguez,-80.43213946,7.28786698,1709,d3835eff-e533-4c57-b40b-d3c4e71168b2,1597153106568,b_ayarza,1610649961054,b_ayarza,Cable Onda,No ,No,,No ,1,2.0 Mb ,,
2969,Escuela La Zapatosa,Los Santos,Tonosí,Guánico,Los Santos,4,No,Si,Compañía Distribuidora,Si,Satelital,6,Eustogio Gonzalez,-80.48305362,7.32277644,1710,5c654295-1586-4b96-95cb-914bbf191927,1597153106568,b_ayarza,1610649966664,b_ayarza,CWP,No ,No,,No ,1,4 Mb ,,
2308,Escuela Rio Mogue,Darien,Chepigana ,La Palma,Darién,112,Si,Si,Panel Solar,No,Sin Internet,Dato por verificar,Dato por Verificar,-78.15720322,8.24753649,1711,d15cb1af-d874-43fe-9e36-0e712a41f831,1597153106568,b_ayarza,1610237846889,b_ayarza,SN/SV,No ,No,,Si,SN/SV,SN/SV,,
2606,Escuela El Zapotal,Herrera,Ocú,Entradero Del Castillo,Herrera,4,Si,No,Dato por Verificar,No,Sin Internet,8,Fide Vega Escobar,-80.89135972,7.81230773,1712,a088a734-9313-4d7b-b7f1-d4c72ac54f4a,1597153106568,b_ayarza,1610237848622,b_ayarza,SN/SV,No ,No,,Si ,SN/SV,SN/SV,,
2970,Escuela Ave María,Los Santos,Tonosí,Guánico,Los Santos,20,No,Si,Compañía Distribuidora,Si,Satelital,6,Yessenia Escobar,-80.45275335,7.32552312,1713,e480038b-ba2f-419a-9d92-917f7ee67a6b,1597153106568,b_ayarza,1610649968776,b_ayarza,CWP,No ,No,,No ,1,4 Mb ,,
3120,Escuela Inés Martínez Gómez,Panama Oeste,Capira,Santa Rosa,Panamá Oeste,23,Si,Si,Compañía Distribuidora,Si,Fibra Óptica,6,Ivan Alvarado,-80.0557772,8.86731087,1714,9ae6b8ae-709d-4d99-ac7f-ca8322f7442a,1597153106568,b_ayarza,1610656241077,b_ayarza,Cable Onda,No ,No,,Si,1,10 Mb ,,
2309,Escuela Mogocenega,Darien,Chepigana ,La Palma,Darién,9,Si,Si,Compañía Distribuidora,No,Sin Internet,2,Emilia Moreno,-78.16379777,8.3183807,1715,85b77eb3-8fab-47f7-b8ce-5c7afce6185e,1597153106568,b_ayarza,1610237850372,b_ayarza,SN/SV,No ,No,,Si,SN/SV,SN/SV,,
2607,Escuela La Sabaneta,Herrera,Ocú,Cerro Largo,Herrera,7,Si,Si,Panel Solar,No,Sin Internet,8,Rudier Barria,-80.8359394,7.81063468,1716,874c65a5-78f0-4c29-a05e-c730520a9050,1597153106568,b_ayarza,1610237853014,b_ayarza,SN/SV,No ,No,,Si ,SN/SV,SN/SV,,
2971,Escuela Cambutal,Los Santos,Tonosí,Cambutal,Los Santos,43,No,Si,Compañía Distribuidora,Si,Satelital,6,Carla Induni,-80.48703877,7.26730288,1717,b619d660-a6b7-4fa7-877b-43eacd25aec9,1597153106568,b_ayarza,1610649972901,b_ayarza,Cable Onda,No ,No,,No ,1,2.0 Mb ,,
3121,Escuela Las Gaitas,Panama Oeste,Capira,Cirí Grande,Panamá Oeste,39,Si,Si,Compañía Distribuidora,Si,Fibra Óptica,7,Dato por Verificar,-80.05252811,8.82941941,1718,6703a7b2-029f-45cc-9fd9-0616eab51c39,1597153106568,b_ayarza,1610656254820,b_ayarza,Cable Onda,No ,No,,Si,1,10 Mb ,,
2311,Escuela Quebrada Limón,Darien,Chepigana ,Río Congo Arriba,Darién,6,Si,Si,Panel Solar,No,Sin Internet,Dato por verificar,Dato por Verificar,-78.33600694,8.65006658,1719,c54448c2-f53b-493f-8377-1270a67b6151,1597153106568,b_ayarza,1610237855758,b_ayarza,SN/SV,No ,No,,Si,SN/SV,SN/SV,,
2312,Escuela Quebrada Jabón,Darien,Chepigana ,Santa Fé,Darién,15,Si,Si,Panel Solar,No,Sin Internet,Dato por verificar,Dato por Verificar,-78.22788421,8.76579155,1720,f0dc0ca3-7407-49b1-a258-8444baed465f,1597153106568,b_ayarza,1610237859166,b_ayarza,SN/SV,No ,Si,,Si,SN/SV,SN/SV,,
2314,Escuela Valle Rico,Darien,Chepigana ,Río Congo Arriba,Darién,15,Si,No,Dato por Verificar,No,Sin Internet,Dato por verificar,Dato por Verificar,-78.32608192,8.73674878,1721,a61822bb-a887-4a3b-bf0c-9510affe3f9b,1597153106568,b_ayarza,1610237861220,b_ayarza,SN/SV,No ,No,,Si,SN/SV,SN/SV,,
2315,Escuela India,Darien,Chepigana ,La Palma,Darién,9,Si,No,Dato por Verificar,No,Sin Internet,Dato por verificar,Dato por Verificar,-78.12818032,8.21898692,1722,8d9ff09d-1bec-4328-9062-c12584b44638,1597153106568,b_ayarza,1610237862907,b_ayarza,SN/SV,No ,No,,Si,SN/SV,SN/SV,,
2316,Escuela Embera Puru,Darien,Chepigana ,Santa Fé,Darién,37,Si,Si,Compañía Distribuidora,Si,Satelital,Dato por verificar,Dato por Verificar,-78.17131046,8.75899356,1723,65951667-a296-40ea-8cd2-f5e936d168b9,1597153106568,b_ayarza,1610561753337,b_ayarza,Cable Onda ,No ,No,,Si,1,2.0 Mb ,,
2317,Escuela El Marañon,Darien,Chepigana ,Santa Fé,Darién,10,Si,Si,Compañía Distribuidora,Si,Satelital,3,Celia Reyes,-78.23608192,8.65730459,1724,d8120c5d-7e92-4ad4-9d71-6e969ca2ab42,1597153106568,b_ayarza,1610561756556,b_ayarza,Cable Onda ,No ,No,,Si,1,2.0 Mb ,,
2327,C.E.B.G. Cucunati,Darien,Chepigana ,Cucunatí,Darién,200,Si,Si,Compañía Distribuidora,Si,Satelital/Microondas,Dato por verificar,Dato por Verificar,-78.270388,8.589806,1726,d5bbca75-8eef-46f4-aea9-233ce289314f,1597153106568,b_ayarza,1610561818926,b_ayarza,CWP,No ,No,,Si,1,5.0 Mb ,,
2328,I.P.T. Alejandro Castillo,Darien,Chepigana ,La Palma,Darién,271,Si,Si,Compañía Distribuidora,Si,Fibra Óptica,2,Nicolas Batista,-78.14098137,8.40208278,1727,d57cead8-430f-4807-b408-31f87f36bbe8,1597153106568,b_ayarza,1610561874097,b_ayarza,CWP,No ,No,,Si,2,10 Mb ,,
2330,P.C. Zapallal,Darien,Chepigana ,Santa Fé,Darién,763,Si,Si,Compañía Distribuidora,Si,Fibra Óptica,3,Nora E. Blanco,-78.13225383,8.65046982,1728,45f42d1e-d905-4776-b5a9-8a866dcc5247,1597153106568,b_ayarza,1610561891423,b_ayarza,Cable Onda ,No ,No,,Si,2,10 Mb ,,
2338,Escuela Nurra,Darien,Pinogana ,Comarca Kuna De Wargandí,Darién,137,Si,Si,Planta Eléctrica de Empresa,No,Sin Internet,Dato por verificar,Dato por Verificar,-78.05523809,9.01123402,1729,9e584236-6e1c-4d4c-9233-4e22bd1d9bef,1597153106568,b_ayarza,1610237868707,b_ayarza,SN/SV,No ,No,,Si,SN/SV,SN/SV,,
2339,Escuela Coredo,Darien,Chepigana ,Santa Fé,Darién,17,Si,Si,Panel Solar,No,Sin Internet,3,Siomara Bonilla,-78.17674702,8.57320536,1730,47e7306f-e0ac-4734-83d5-b50a42ec6399,1597153106568,b_ayarza,1610237870705,b_ayarza,SN/SV,No ,No,,Si,SN/SV,SN/SV,,
2340,Escuela San Miguel,Darien,Chepigana ,Santa Fé,Darién,12,Si,No,Dato por Verificar,No,Sin Internet,3,Dato por Verificar,-78.11321927,8.68116051,1731,2db58d49-5ab5-43b7-b10c-1b128e5c9ec0,1597153106568,b_ayarza,1610237873403,b_ayarza,SN/SV,No ,No,,Si,SN/SV,SN/SV,,
2342,Escuela Quebrada Eusebio,Darien,Chepigana ,Cucunatí,Darién,10,Si,No,Dato por Verificar,No,Sin Internet,1,Mildred Ferraro,-78.28744102,8.61879178,1732,f52abbb4-344f-427a-aebe-8fa1ed1294b2,1597153106568,b_ayarza,1610237876091,b_ayarza,SN/SV,No ,No,,Si,SN/SV,SN/SV,,
2343,Escuela Candelilla,Darien,Chepigana ,Cucunatí,Darién,12,Si,Si,Compañía Distribuidora,No,Sin Internet,1,Ofelina Ruiloba,-78.26488016,8.63769631,1733,8de4da96-1809-40d1-bd6f-b620d0a0202c,1597153106568,b_ayarza,1610237878869,b_ayarza,SN/SV,No ,No,,Si,SN/SV,SN/SV,,
2345,Escuela Altos de Buenos Aires,Darien,Pinogana ,Metetí,Darién,0,Si,Si,Planta Eléctrica de Empresa,Si,Fibra Óptica,4,Blasina Ruiz,-77.95580422,8.52924959,1734,b18de9d8-3637-42b2-ab79-59660db8cd88,1597153106568,b_ayarza,1610561920761,b_ayarza,Cable Onda ,No ,No,,Si,1,10 Mb ,,
2346,Escuela Llano Bonito de Mogue,Darien,Chepigana ,La Palma,Darién,13,Si,No,Dato por Verificar,No,Sin Internet,7,Silfidoneth Salazar,-78.10477673,8.18256434,1735,c8206e46-bf54-4a81-8e17-972fda2d37df,1597153106568,b_ayarza,1610237880778,b_ayarza,SN/SV,No ,No,,Si,SN/SV,SN/SV,,
2347,Escuela Rio Roman,Darien,Chepigana ,Santa Fé,Darién,0,Si,Si,Planta Eléctrica de Empresa,No,Sin Internet,3,Jesus A. Madrid,-78.24691522,8.64424914,1736,16f0bcf5-caf9-4985-a5fc-0b88c80ab4a6,1597153106568,b_ayarza,1610237883481,b_ayarza,SN/SV,No ,No,,Si,SN/SV,SN/SV,,
2348,Escuela Quebrada Honda,Darien,Chepigana ,Santa Fé,Darién,40,Si,Si,Compañía Distribuidora,Si,Microondas,3,Adriana A. De Ramos,-78.11256986,8.63522654,1737,4c1e7847-4c3b-4869-abe6-e48cdc900876,1597153106568,b_ayarza,1610561961296,b_ayarza,Cable Onda ,No ,No,,Si,1,4 Mb ,,
2349,Escuela Gerardo Bacorizo  Dogirama       ,Darien,Chepigana ,Santa Fé,Darién,177,Si,Si,Compañía Distribuidora,Si,Satelital,3,Edildo Membache,-78.14269955,8.69144466,1738,0a487306-ab5a-4567-88cf-3775e620adce,1597153106568,b_ayarza,1610561963089,b_ayarza,Cable Onda ,No ,No,,Si,1,1.0 Mb ,,
2350,Escuela La Quebrada,Darien,Chepigana ,La Palma,Darién,8,Si,Si,Planta Eléctrica de Empresa,No,Sin Internet,1,Daxenia Vergara,-78.16608192,8.48591635,1739,411f5d2f-3933-4fbe-9a15-1ef6278cd4bc,1597153106568,b_ayarza,1610237885209,b_ayarza,SN/SV,No ,No,,Si,SN/SV,SN/SV,,
2351,Escuela Punta Alegre,Darien,Chepigana ,La Palma,Darién,111,Si,Si,Panel Solar,Si,Microondas,1,Luis Aviles,-78.25225145,8.29364903,1740,fcc1d8cb-71d4-4f28-b649-e7952722ac60,1597153106568,b_ayarza,1610562084027,b_ayarza,CWP,No ,No,,Si,1,5.0 Mb ,,
2353,Escuela Palmira,Darien,Chepigana ,Agua Buena,Darién,36,Si,No,Dato por Verificar,No,Sin Internet,Dato por verificar,Dato por Verificar,-78.1014478,8.83845193,1741,4efc99e2-438d-49d2-9f31-eba1da5507ed,1597153106568,b_ayarza,1610237886989,b_ayarza,SN/SV,No ,No,,Si,SN/SV,SN/SV,,
2357,Escuela Santa Rosa,Darien,Chepigana ,Cucunatí,Darién,21,Si,No,Dato por Verificar,No,Sin Internet,1,Maria De Gracia,-78.24572898,8.59336037,1742,c8eb866b-d29b-48b0-913d-2353d359c8ff,1597153106568,b_ayarza,1610237889709,b_ayarza,SN/SV,No ,No,,Si,SN/SV,SN/SV,,
2361,Escuela El Mamey,Darien,Chepigana ,Jaqué,Darién,0,Si,No,Dato por Verificar,No,Sin Internet,7,Itzomara Guerra,-78.00818724,7.47548344,1743,4c9bd2db-cd54-4a03-8c9b-c45106cafd6c,1597153106568,b_ayarza,1610237891444,b_ayarza,SN/SV,No ,No,,Si,SN/SV,SN/SV,,
2363,Escuela Vista Alegre,Darien,Chepigana ,Agua Buena,Darién,50,Si,Si,Compañía Distribuidora,No,Sin Internet,Dato por verificar,Dato por Verificar,-78.13417345,8.78398308,1744,9800eada-aef5-4087-b558-b4d5a2b7a307,1597153106568,b_ayarza,1610237894008,b_ayarza,SN/SV,No ,Si,,Si,SN/SV,SN/SV,,
2365,Escuela Agua Buena No.1,Darien,Chepigana ,Santa Fé,Darién,3,Si,Si,Panel Solar,Si,Microondas,3,Dato por Verificar,-78.21012847,8.63277089,1745,c16de29c-1459-4ce5-9609-078150041d45,1597153106568,b_ayarza,1610564290915,b_ayarza,CWP,No ,No,,Si,1,5.0 Mb ,,
2366,Escuela El Zapallal,Darien,Chepigana ,Santa Fé,Darién,251,Si,Si,Compañía Distribuidora,Si,Fibra Óptica,3,Adela R. Sanchez,-78.1268058,8.64958309,1746,3aa8713b-fc0b-4f96-9f53-18311d15f424,1597153106568,b_ayarza,1610564295386,b_ayarza,Cable Onda ,No ,No,,Si,1,10 Mb ,,
2367,Escuela El Tirado,Darien,Chepigana ,Agua Buena,Darién,55,Si,Si,Planta Eléctrica de Empresa,No,Sin Internet,Dato por verificar,Dato por Verificar,-78.17313311,8.76535855,1747,a07ed96d-2cb8-4e2a-a333-0de0b9394b76,1597153106568,b_ayarza,1610237895743,b_ayarza,SN/SV,No ,Si,,Si,SN/SV,SN/SV,,
2368,Escuela El Tamarindo,Darien,Chepigana ,Santa Fé,Darién,21,Si,Si,Compañía Distribuidora,Si,Satelital,3,Elsie M. Quintero,-78.24467201,8.70094245,1748,a4eed7f9-9ac8-4c16-a2b9-1ede98c04128,1597153106568,b_ayarza,1610564322029,b_ayarza,Cable Onda ,No ,No,,Si,1,1.0 Mb ,,
2369,Escuela Zimba,Darien,Chepigana ,Santa Fé,Darién,15,Si,Si,Planta Eléctrica de Empresa,No,Sin Internet,Dato por verificar,Dato por Verificar,-78.22367525,8.74184494,1749,4b6758cd-8f31-4af8-85be-52ce1a8646ef,1597153106568,b_ayarza,1610237898620,b_ayarza,SN/SV,No ,No,,Si,SN/SV,SN/SV,,
2370,Escuela Santa Fe,Darien,Chepigana ,Santa Fé,Darién,593,Si,Si,Planta Eléctrica de Empresa,Si,Microondas,3,Jose A. Bazan,-78.15540176,8.65847911,1750,e4be2b7c-af54-4d16-ba90-a5c73b00f097,1597153106568,b_ayarza,1610564335283,b_ayarza,Cable Onda ,No ,No,,Si,1,10 Mb ,,
2374,Escuela Caoba,Darien,Chepigana ,Río Congo,Darién,0,Si,Si,Panel Solar,No,Sin Internet,1,Luis Carpio,-78.4526157,8.53045991,1752,bb0b829d-1233-4ff3-970e-10d9997957b4,1597153106568,b_ayarza,1610237904980,b_ayarza,SN/SV,No ,No,,Si,SN/SV,SN/SV,,
2375,Escuela Alto del Cristo,Darien,Chepigana ,Santa Fé,Darién,85,Si,Si,Compañía Distribuidora,Si,Fibra Óptica,3,Damanis Marin,-78.08049956,8.60764609,1753,7fe67c98-5da4-45c0-a28e-53b2e17b5fd4,1597153106568,b_ayarza,1610832001558,b_ayarza,Cable  Onda ,No ,No,,Si,1,10 Mb ,,
2376,Escuela Boca de Lara,Darien,Chepigana ,Santa Fé,Darién,30,Si,Si,Planta Eléctrica de Empresa,Si,Satelital,3,Andres Moreno,-78.14536159,8.61671353,1754,7635fd20-9e63-4074-be89-dc10e0f17e7e,1597153106568,b_ayarza,1610832000531,b_ayarza,Cable  Onda ,No ,No,,Si,1,2.0 Mb ,,
2377,Escuela La Cantera,Darien,Chepigana ,Santa Fé,Darién,222,Si,Si,Compañía Distribuidora,Si,Fibra Óptica,3,Gladys E. Batista,-78.17065248,8.6420366,1755,6f25f780-6b0f-413d-83f5-0a6c82dcaa02,1597153106568,b_ayarza,1610831997745,b_ayarza,Cable  Onda ,No ,No,,Si,1,10 Mb ,,
2378,Escuela Agua Fría No.2,Darien,Chepigana ,Agua Buena,Darién,287,Si,Si,Planta Eléctrica de Empresa,Si,Microondas,Dato por verificar,Dato por Verificar,-78.1888946,8.82249449,1756,e353e563-f423-4aa5-b024-b64aab5b9b03,1597153106568,b_ayarza,1610831994321,b_ayarza,Cable  Onda ,No ,No,,Si,1,10 Mb ,,
2379,Escuela Camoganti,Darien,Chepigana ,Camoganti,Darién,51,Si,Si,Compañía Distribuidora,Si,Satelital,2,Jhaline Hinestroza,-77.88691522,8.0461959,1757,363ff0cf-62f0-4080-b4ee-1510032096ed,1597153106568,b_ayarza,1610831985861,b_ayarza,Cable  Onda ,No ,No,,Si,1,2.0 Mb ,,
2380,Escuela Bacao,Darien,Chepigana ,Tucutí,Darién,28,Si,Si,Compañía Distribuidora,No,Sin Internet,2,Rosa Guerra,-77.89747082,8.00897373,1758,17d22a62-f4cc-492d-af73-a347530732bf,1597153106568,b_ayarza,1610237906784,b_ayarza,SN/SV,No ,No,,Si,SN/SV,SN/SV,,
2381,Escuela Chepigana,Darien,Chepigana ,Chepigana,Darién,32,Si,Si,Compañía Distribuidora,No,Sin Internet,2,Esther Castillo,-78.04361911,8.28499193,1759,cf398305-4f8c-4ef0-b28c-0fdda93dc37a,1597153106568,b_ayarza,1610237909161,b_ayarza,SN/SV,No ,No,,Si,SN/SV,SN/SV,,
2387,Escuela Buena Vista,Darien,Chepigana ,Río Congo Arriba,Darién,8,Si,Si,Compañía Distribuidora,No,Sin Internet,Dato por verificar,Dato por Verificar,-78.38715135,8.76036809,1760,b9f2abe4-249c-46a9-96a4-2a5ae35c91c3,1597153106568,b_ayarza,1610237910880,b_ayarza,SN/SV,No ,No,,Si,SN/SV,SN/SV,,
2389,Escuela La Marea,Darien,Chepigana ,Chepigana,Darién,57,Si,Si,Planta Eléctrica de Empresa,No,Sin Internet,2,Yahaira Perea,-77.98913752,8.14036215,1761,ebff04f3-18e0-4f78-8f9c-0d409c756c10,1597153106568,b_ayarza,1610237915133,b_ayarza,SN/SV,No ,No,,Si,SN/SV,SN/SV,,
2392,Escuela Altos De Jesús,Darien,Chepigana ,Garachiné,Darién,7,Si,Si,Panel Solar,No,Sin Internet,6,Jose Murillo,-78.25821,8.00944,1762,8630b198-0810-4413-8a69-c2d1726578e4,1597153106568,b_ayarza,1610237918889,b_ayarza,SN/SV,No ,No,,Si,SN/SV,SN/SV,,
2393,C.E.B.G. José de la Cruz Herrera,Darien,Chepigana ,Garachiné,Darién,430,Si,Si,Planta Eléctrica de Empresa,Si,Satelital,6,Nivia Acuña,-78.36611822,8.06692151,1763,9ca54378-7ee2-4eb5-ad3a-1e3877b88b0e,1597153106568,b_ayarza,1610564437940,b_ayarza,CWP,No ,No,,Si,2,10 Mb ,,
2396,Escuela Calle Larga,Darien,Chepigana ,Garachiné,Darién,11,Si,Si,Planta Eléctrica de Empresa,No,Sin Internet,6,Eleuteria Berrugate,-78.30729222,8.02614846,1764,281213e1-a0d3-4970-ad74-e29535db7522,1597153106568,b_ayarza,1610237920602,b_ayarza,SN/SV,No ,No,,Si,SN/SV,SN/SV,,
2397,Escuela Cerro Naipe,Darien,Chepigana ,Garachiné,Darién,23,Si,Si,Panel Solar,No,Sin Internet,6,Luzmila Saez,-78.29968207,7.98941338,1765,17d0e3ae-ed92-47af-aaf5-f852e85e36b1,1597153106568,b_ayarza,1610237922978,b_ayarza,SN/SV,No ,No,,Si,SN/SV,SN/SV,,
2399,Escuela Biroquera,Darien,Chepigana ,Jaqué,Darién,33,Si,Si,Panel Solar,No,Sin Internet,7,Arsenio Biricha,-78.10441703,7.5353745,1766,11568677-dac2-418b-b1fc-74c392eca1d8,1597153106568,b_ayarza,1610237924900,b_ayarza,SN/SV,No ,No,,Si,SN/SV,SN/SV,,
2400,Escuela Guayabito,Darien,Chepigana ,Jaqué,Darién,18,Si,No,Dato por Verificar,No,Sin Internet,7,Vielka Rivera,-78.0387784,7.3935254,1767,4454fbac-b63a-44e4-8e2a-003b0ebda6fa,1597153106568,b_ayarza,1610237927871,b_ayarza,SN/SV,No ,No,,Si,SN/SV,SN/SV,,
2402,C.E.B.G. Marcos Medina A.,Darien,Chepigana ,Jaqué,Darién,204,Si,Si,Compañía Distribuidora,Si,Satelital,7,Victor Concepcion,-78.15989943,7.5168823,1768,8836d2fb-fe8d-4312-90b0-b1734777c5cd,1597153106568,b_ayarza,1610564486184,b_ayarza,Cable Onda ,No ,No,,Si,2,2.0 Mb ,,
2405,Escuela Cocalito,Darien,Chepigana ,Jaqué,Darién,23,Si,No,Dato por Verificar,No,Sin Internet,7,Mitzila Batista,-77.97635972,7.29286511,1769,ed9f572c-3644-4921-8e9d-a83387632f09,1597153106568,b_ayarza,1610237930169,b_ayarza,SN/SV,No ,No,,Si,SN/SV,SN/SV,,
2406,Escuela Guayabillo,Darien,Chepigana ,Santa Fé,Darién,10,Si,Si,Panel Solar,No,Sin Internet,Dato por verificar,Dato por Verificar,-78.28386354,8.7456441,1770,e1d10fe2-a291-4581-bf60-f00e8f0af81f,1597153106568,b_ayarza,1610237932950,b_ayarza,SN/SV,No ,No,,Si,SN/SV,SN/SV,,
2407,Escuela El Coco,Darien,Chepigana ,Jaqué,Darién,0,Si,No,Dato por Verificar,No,Sin Internet,7,Elizabeth Hidalgo,-78.07360059,7.49747837,1771,ea94e8cf-e890-4b55-8507-b36d4d390042,1597153106568,b_ayarza,1610237936878,b_ayarza,SN/SV,No ,No,,Si,SN/SV,SN/SV,,
2409,Escuela Pavarando de Jaque,Darien,Chepigana ,Jaqué,Darién,22,Si,Si,Panel Solar,No,Sin Internet,7,Erdgardo Zambrano,-78.08129726,7.51342097,1772,97ae21ab-747f-4ff9-8399-456f33b49d02,1597153106568,b_ayarza,1610237940275,b_ayarza,SN/SV,No ,No,,Si,SN/SV,SN/SV,,
2410,Escuela Quebrada Lucas,Darien,Chepigana ,Jaqué,Darién,9,Si,No,Dato por Verificar,No,Sin Internet,7,Dalis De Jaramillo,-78.08984589,7.49529148,1773,83d28d42-20fe-4502-a66c-8fd2398dcd7d,1597153106568,b_ayarza,1610237943421,b_ayarza,SN/SV,No ,No,,Si,SN/SV,SN/SV,,
2411,Escuela Nueva Estancia,Darien,Chepigana ,Puerto Piña,Darién,35,Si,Si,Panel Solar,No,Sin Internet,6,Eladio Torres,-78.36969302,7.89536304,1774,90e33beb-9bb4-4393-9191-cc740711fa65,1597153106568,b_ayarza,1610237947268,b_ayarza,SN/SV,No ,No,,Si,SN/SV,SN/SV,,
2413,Escuela Puerto Piña,Darien,Chepigana ,Puerto Piña,Darién,37,Si,Si,Compañía Distribuidora,Si,Satelital,7,Juan Ortega,-78.17956694,7.58332684,1775,245d8614-ec85-4dcd-9616-d681ab62dd28,1597153106568,b_ayarza,1610564511263,b_ayarza,Cable Onda ,No ,No,,Si,2,2.0 Mb ,,
2414,Escuela Arenal,Darien,Chepigana ,Río Congo Arriba,Darién,27,Si,Si,Compañía Distribuidora,No,Sin Internet,Dato por verificar,Dato por Verificar,-78.37052632,8.79813733,1776,82a8392a-2b37-4588-a98a-e74e433351ca,1597153106568,b_ayarza,1610237950347,b_ayarza,SN/SV,No ,No,,Si,SN/SV,SN/SV,,
2416,Escuela Platanillo,Darien,Chepigana ,Río Congo Arriba,Darién,280,Si,Si,Compañía Distribuidora,Si,Satelital,Dato por verificar,Dato por Verificar,-78.38175132,8.82036983,1777,467ca276-950e-45f2-a589-1977a00470a0,1597153106568,b_ayarza,1610564556754,b_ayarza,Cable Onda ,No ,Si,,Si,1,2.0 Mb ,,
2417,Escuela Rio Congo,Darien,Chepigana ,Río Congo,Darién,10,Si,Si,Dato por Verificar,Si,Microondas,Dato por verificar,Dato por Verificar,-78.36934411,8.40239327,1778,f7b41952-b2ad-4163-86fd-4c0f1783e37b,1597153106568,b_ayarza,1610564561638,b_ayarza,CWP,No ,No,,Si,1,5.0 Mb ,,
2418,Escuela Rio Bonito,Darien,Chepigana ,Río Congo Arriba,Darién,13,Si,Si,Panel Solar,No,Sin Internet,Dato por verificar,Dato por Verificar,-78.41471072,8.74359005,1779,58429633-85f8-4c88-a0fd-0fbc0725ebcb,1597153106568,b_ayarza,1610237952217,b_ayarza,SN/SV,No ,No,,Si,SN/SV,SN/SV,,
2420,Escuela Unión Interiorana,Darien,Chepigana ,Río Congo,Darién,15,Si,Si,Panel Solar,No,Sin Internet,Dato por verificar,Dato por Verificar,-78.369373,8.404605,1781,3ff6a8c7-0159-4cbe-8600-0ec1b9a2e009,1597153106568,b_ayarza,1610237955844,b_ayarza,SN/SV,No ,No,,Si,SN/SV,SN/SV,,
2423,Escuela Monte Rico,Darien,Chepigana ,Río Congo Arriba,Darién,14,Si,No,Dato por Verificar,No,Sin Internet,Dato por verificar,Dato por Verificar,-78.41974593,8.68542595,1783,2a125d76-5b5c-49c5-9488-9be5a468e6dc,1597153106568,b_ayarza,1610237960509,b_ayarza,SN/SV,No ,No,,Si,SN/SV,SN/SV,,
2424,Escuela Bajo Bonito,Darien,Chepigana ,Río Congo,Darién,6,Si,No,Dato por Verificar,No,Sin Internet,1,Denis Villamonte,-78.32085812,8.56791518,1784,f0cb8287-5a9c-4e52-8067-b87dce0cb9f4,1597153106568,b_ayarza,1610237962841,b_ayarza,SN/SV,No ,No,,Si,SN/SV,SN/SV,,
2426,Escuela La Reserva,Darien,Chepigana ,Río Congo,Darién,10,Si,Si,Sistema Aislado para el Poblado ,No,Sin Internet,Dato por verificar,Dato por Verificar,-78.38687231,8.62423544,1786,c57cfc42-03d0-4ba6-b936-b67cee8b635c,1597153106568,b_ayarza,1610237966154,b_ayarza,SN/SV,No ,No,,Si,SN/SV,SN/SV,,
2427,Escuela Nuevo Paraíso,Darien,Chepigana ,Rio Congo Arriba,Darién,19,Si,Si,Compañía Distribuidora,No,Sin Internet,Dato por verificar,Dato por Verificar,-78.39743599,8.79645229,1787,850665a1-7cc0-4be1-bbcf-55f95b44e528,1597153106568,b_ayarza,1610237969904,b_ayarza,SN/SV,No ,No,,Si,SN/SV,SN/SV,,
2428,Escuela Edamia Mendoza (Barriales),Darien,Chepigana ,Río Congo,Darién,111,Si,Si,Planta Eléctrica de Empresa,No,Sin Internet,1,Yeidis E. Cordoba,-78.38078417,8.59275327,1788,82307fe3-636d-4023-95e6-d59fc99393ba,1597153106568,b_ayarza,1610237971904,b_ayarza,SN/SV,No ,No,,Si,SN/SV,SN/SV,,
2429,Escuela Caña Blanca,Darien,Chepigana ,Río Congo,Darién,7,Si,Si,Panel Solar,No,Sin Internet,1,Clemente Saavedra,-78.34690217,8.52834516,1789,5cb607b7-1dc0-4388-aa32-9754a0816b90,1597153106568,b_ayarza,1610237975372,b_ayarza,SN/SV,No ,No,,Si,SN/SV,SN/SV,,
2430,Escuela Agua Caliente,Darien,Chepigana ,Río Iglesias,Darién,0,Si,Si,Compañía Distribuidora,No,Sin Internet,4,Ana Maria Gonzalez,-77.9728525,8.38602042,1790,7d5b30ff-04d9-4eda-b1f4-79a75469b92a,1597153106568,b_ayarza,1610237977216,b_ayarza,SN/SV,No ,No,,Si,SN/SV,SN/SV,,
2432,Escuela La Moneda,Darien,Chepigana ,Río Iglesias,Darién,0,Si,Si,Compañía Distribuidora,Si,Satelital,4,Rubi Guerra,-78.05639093,8.58780147,1791,1f5e6506-823b-4ad3-9565-d98b176f00d1,1597153106568,b_ayarza,1610564593522,b_ayarza,Cable Onda ,No ,No,,Si,1,1.0 Mb ,,
2433,Escuela Agua Buena No. 2,Darien,Chepigana ,Santa Fé,Darién,6,Si,No,Dato por Verificar,No,Sin Internet,3,Carlos De Leon,-78.19616191,8.61058278,1792,f9ac6aab-4633-4bf0-b8e8-6530f4c3479c,1597153106568,b_ayarza,1610237983749,b_ayarza,SN/SV,No ,No,,Si,SN/SV,SN/SV,,
2434,Escuela Rio Iglesia,Darien,Chepigana ,Río Iglesias,Darién,107,Si,Si,Planta Eléctrica de Empresa,Si,Satelital,4,Maria Esther Ojo,-78.01032851,8.39743578,1793,28b82343-2101-4c18-a700-7bd0124d4324,1597153106568,b_ayarza,1610564630647,b_ayarza,Cable Onda ,No ,No,,Si,1,2.0 Mb ,,
2972,Escuela Carmelo A. Falcon,Los Santos,Tonosí,Guánico,Los Santos,8,No,Si,Compañía Distribuidora,Si,Satelital,6,Dato por Verificar,-80.43525459,7.30199868,1794,01ca2a55-7e33-426c-8fb1-a4af8d04a7be,1597153106568,b_ayarza,1610649976633,b_ayarza,CWP,No ,No,,No ,1,4 Mb ,,
2974,Escuela Jobero,Los Santos,Tonosí,Guánico,Los Santos,6,Si,Si,Compañía Distribuidora,Si,Satelital,6,Noemi Hernandez,-80.5284861,7.35874284,1795,2bef8039-14eb-4d53-84e8-7e5f7fab936d,1597153106568,b_ayarza,1610649982412,b_ayarza,Cable Onda,No ,No,,No ,1,2.0 Mb ,,
2975,Escuela Guanico Arriba,Los Santos,Tonosí,Guánico,Los Santos,16,No,Si,Compañía Distribuidora,Si,Satelital,6,Beatriz Dominguez,-80.49821675,7.33831376,1796,1d3a7c23-9dad-4992-905c-22b9021d0954,1597153106568,b_ayarza,1610649990429,b_ayarza,CWP,No ,No,,No ,1,4 Mb ,,
2976,Escuela La Tronosa,Los Santos,Tonosí,La Tronosa,Los Santos,1,No,Si,Compañía Distribuidora,Si,Satelital,9,Dato por Verificar,-80.5903867,7.43683586,1797,12ad7e96-603f-42a8-98b9-f620a519590e,1597153106568,b_ayarza,1610650085803,b_ayarza,Cable Onda,No ,No,,Si,1,2.0 Mb ,,
2977,Escuela La Llana,Los Santos,Tonosí,La Tronosa,Los Santos,52,No,Si,Compañía Distribuidora,Si,Satelital,9,Arturo Moreno,-80.55011226,7.50254026,1798,48c967f8-ad05-455f-ab91-0b746db7573d,1597153106568,b_ayarza,1610650088994,b_ayarza,CWP,No ,No,,Si,1,4 Mb ,,
2978,Escuela Guaniquito,Los Santos,Tonosí,La Tronosa,Los Santos,51,No,Si,Compañía Distribuidora,Si,Satelital,9,Yiariveth Jimenez,-80.58441532,7.4739756,1799,e78a4109-8022-449c-b34d-a490dc89f0a7,1597153106568,b_ayarza,1610650092680,b_ayarza,Cable Onda,No ,No,,Si,1,2.0 Mb ,,
2981,C.E.B.G. Cerro Silvestre,Panama Oeste,Arraijan,Cerro Silvestre,Panamá Oeste,1110,No,Si,Compañía Distribuidora,Si,Hibrido de Fibra Coaxial,1-A,Sheila C. De Kennion,-79.67306414,8.97650708,1800,75945ca3-d3ef-4400-94a5-136a0b884ab6,1597153106568,b_ayarza,1610650100591,b_ayarza,Cable Onda,No ,No,,No ,1,6 Mb ,,
2982,Escuela Las Colinas de Caceres,Panama Oeste,Arraijan,Arraijan,Panamá Oeste,415,No,Si,Compañía Distribuidora,Si,Fibra Óptica,1-B,Castalia Holguin,-79.66385972,8.94091456,1801,82f85db5-9144-4a41-99c4-87825e790f5f,1597153106568,b_ayarza,1610650106368,b_ayarza,CWP,No ,No,,Si,1,10 Mb ,,
2608,Escuela El Pájaro,Herrera,Ocú,Entradero Del Castillo,Herrera,6,Si,Si,Compañía Distribuidora,Si,Satelital,8,Victor Pinto Vega,-80.86123439,7.83615697,1802,1ed28098-4a80-4255-bb68-d5190d3cb68d,1597153106568,b_ayarza,1610567006857,b_ayarza,Cable Onda,No ,No,,Si ,1,2.0 Mb ,,
2984,Escuela Estado de Minnesota,Panama Oeste,Arraijan,Arraijan,Panamá Oeste,602,No,Si,Compañía Distribuidora,Si,Hibrido de Fibra Coaxial,1-B,Luz E. Panezo,-79.63425036,8.94796751,1803,dd2936f6-7376-4bb4-9632-d0072dfa25ad,1597153106568,b_ayarza,1610650117267,b_ayarza,Cable Onda/ CWP ,No ,No,,Si,2,6 Mb/ 10 Mb,,
2609,Escuela Entradero del Castillo,Herrera,Ocú,Cerro Largo,Herrera,66,No,Si,Compañía Distribuidora,Si,Satelital,8,Migdalia E. Avila D.,-80.85046581,7.85281872,1805,a6698dad-e9df-409d-a45a-652a482d10d9,1597153106568,b_ayarza,1610567012171,b_ayarza,Cable Onda,No ,No,,Si ,1,2.0 Mb ,,
2987,Centro Educativo Stella Maria Sierra,Panama Oeste,Arraijan,Arraijan,Panamá Oeste,1722,No,Si,Compañía Distribuidora,Si,Hibrido de Fibra Coaxial,1,Iris Villegas,-79.64000421,8.94137849,1806,c151cab5-7440-4b37-88b0-91dea2fd5c51,1597153106568,b_ayarza,1610650215859,b_ayarza,Cable Onda,No ,No,,Si,1,6 Mb ,,
2610,Escuela El Ave María,Herrera,Ocú,Cerro Largo,Herrera,8,No,Si,Compañía Distribuidora,No,Sin Internet,8,Aquino Moreno P.,-80.84223079,7.88254193,1807,beb399db-af06-42c8-a7aa-a3c5d9effcbd,1597153106568,b_ayarza,1610237986344,b_ayarza,SN/SV,No ,No,,Si ,SN/SV,SN/SV,,
3122,Escuela Bella Vista ,Panama Oeste,Capira,Santa Rosa,Panamá Oeste,25,Si,Si,Panel Solar,No,Sin Internet,6,Zelideth Del Carmen Dominguez,-80.09809458,8.84198764,1808,0819e1ed-ced1-4b9f-8127-ad7ebcf4b229,1597153106568,b_ayarza,1610237988310,b_ayarza,SN/SV,No ,No,,Si,SN/SV,SN/SV,,
2989,I.P.T. Fernando de Lesseps,Panama Oeste,Arraijan,Burunga,Panamá Oeste ,2484,No,Si,Compañía Distribuidora,Si,Hibrido de Fibra Coaxial,3,Alejandro Mena,-79.65453903,8.95805206,1809,fe425450-7380-4ca7-a05a-c462e43c4cef,1597153106568,b_ayarza,1610650221714,b_ayarza,Cable Onda,No ,No,,Si,3,10 Mb ,,
3123,Escuela Jordanal,Panama Oeste,Capira,Cirí Grande,Panamá Oeste,110,Si,Si,Planta Eléctrica de Empresa,No,Sin Internet,9,Jorge Luis Alvarez M.,-80.10365728,8.69715303,1810,6f42877c-752d-42ea-a84c-032caa8915c2,1597153106568,b_ayarza,1610237993823,b_ayarza,SN/SV,No ,No,,Si,SN/SV,SN/SV,,
2990,Colegio Cristobal Adan Urriola,Panama Oeste,Arraijan,Arraijan,Panamá Oeste,1797,No,Si,Compañía Distribuidora,Si,Fibra Óptica,1,Abel Guerra,-79.654342,8.945069,1811,5d4c83fa-ad0e-46ad-a453-ca1cc13c420c,1597153106568,b_ayarza,1610650224824,b_ayarza,CWP,No ,No,,Si,3,10 Mb ,,
3124,Escuela Rio Indio Arriba,Panama Oeste,Capira,Cirí Grande,Panamá Oeste,61,Si,Si,Panel Solar,Si,Satelital,8,America Vernaza,-80.11290851,8.65475651,1812,c8baa625-353e-47ad-8f64-f5cddaec90f9,1597153106568,b_ayarza,1610656344418,b_ayarza,Cable Onda,No ,No,,Si,1,2.0 Mb ,,
2991,C.E.B.G. Reina T. de Arauz,Panama Oeste,Arraijan,Burunga,Panamá Oeste ,523,No,Si,Compañía Distribuidora,Si,Hibrido de Fibra Coaxial,1-B,Monolith Samaniego R.,-79.67558379,8.95558696,1813,b5f71ed2-060f-4a84-a1e8-77a50076c2aa,1597153106568,b_ayarza,1610650226776,b_ayarza,Cable Onda,No ,No,,Si,1,6 Mb ,,
3125,Escuela Rio Indio Los Chorros,Panama Oeste,Capira,Cirí Grande,Panamá Oeste,84,Si,Si,Planta Eléctrica de Empresa,No,Sin Internet,9,Dato por Verificar,-80.12524862,8.76341527,1814,6cf13be6-0677-427e-b140-8079fb929523,1597153106568,b_ayarza,1610237995792,b_ayarza,SN/SV,No ,No,,Si,SN/SV,SN/SV,,
2611,Escuela El Bejucal,Herrera,Ocú,Cerro Largo,Herrera,14,Si,No,Dato por Verificar,No,Sin Internet,8,Minerva Almanza,-80.80238588,7.8387436,1815,817f159f-2c9c-48b9-aed2-92a0c9c1690f,1597153106568,b_ayarza,1610238000971,b_ayarza,SN/SV,No ,No,,Si ,SN/SV,SN/SV,,
2997,Escuela Valle del Sol,Panama Oeste,Arraijan,Arraijan,Panamá Oeste,812,No,Si,Compañía Distribuidora,Si,Hibrido de Fibra Coaxial,1-B,Olga Aguilar  De Camargo,-79.64947116,8.93151133,1816,71864265-4545-47e8-883a-4e573e731d2b,1597153106568,b_ayarza,1610650229754,b_ayarza,Cable Onda,No ,No,,Si,1,6 Mb ,,
3126,Escuela Santa Rosa No. 1,Panama Oeste,Capira,Santa Rosa,Panamá Oeste,101,Si,Si,Panel Solar,No,Sin Internet,6,Milagros Chavez,-80.10200551,8.87347976,1817,12c55218-0988-4728-85dc-027f78f4727c,1597153106568,b_ayarza,1610238003919,b_ayarza,SN/SV,No ,Si,,Si,SN/SV,SN/SV,,
2612,Escuela El Boquerón,Herrera,Ocú,El Tijera,Herrera,16,Si,Si,Panel Solar,No,Sin Internet,7,Ilka M. Maure M.,-80.92282091,7.87476952,1818,f760872e-8ce7-4ce8-99c7-728a526da4de,1597153106568,b_ayarza,1610238006475,b_ayarza,SN/SV,No ,No,,Si ,SN/SV,SN/SV,,
2998,Escuela La Playita,Panama Oeste,Arraijan,Cerro Silvestre,Panamá Oeste,48,No,Si,Compañía Distribuidora,No,Sin Internet,1-C,Edwin R. Aparicio B.,-79.6556193,8.89402434,1819,d0e0fe83-d687-4953-b3cc-c21c61422753,1597153106568,b_ayarza,1610650264778,b_ayarza,SN/SV,No ,Si,,No ,SN/SV,6 Mb ,,
3127,Centro Educativo Gregorio Velasquez,Panama Oeste,Capira,Santa Rosa,Panamá Oeste,86,Si,Si,Panel Solar,No,Sin Internet,6,Roberto Bustamante,-80.10774862,8.86924825,1820,fb39269f-8847-4110-a0e7-761d2905a046,1597153106568,b_ayarza,1610238012206,b_ayarza,SN/SV,No ,Si,,Si,SN/SV,SN/SV,,
3128,Escuela Rio Indio Centro,Panama Oeste,Capira,Cirí Grande,Panamá Oeste,88,Si,Si,Panel Solar,No,Sin Internet,8,Nellys Rodriguez,-80.11524852,8.72202654,1821,03e87391-f2c4-4dd2-a2e7-41ba762c8603,1597153106568,b_ayarza,1610238015065,b_ayarza,SN/SV,No ,No,,Si,SN/SV,SN/SV,,
3129,Escuela Riecito,Panama Oeste,Capira,Santa Rosa,Panamá Oeste,17,Si,Si,Panel Solar,No,Sin Internet,7,Dato por Verificar,-80.15680771,8.89263314,1822,abc6bc3a-2067-420e-bf26-ed9f5bbc1462,1597153106568,b_ayarza,1610238020444,b_ayarza,SN/SV,No ,No,,Si,SN/SV,SN/SV,,
3130,Escuela Peña Blanca,Panama Oeste,Capira,El Cacao,Panamá Oeste,50,Si,Si,Compañía Distribuidora,Si,Satelital,7,Nedelka Rodriguez,-80.05983023,8.75405516,1823,4b2c9b0a-b9b6-4c10-a04e-2cb8bc112d92,1597153106568,b_ayarza,1610656372384,b_ayarza,CWP,No ,No,,Si,1,10 Mb ,,
3131,Escuela Altamira,Panama Oeste,Capira,El Cacao,Panamá Oeste,11,Si,Si,Panel Solar,No,Sin Internet,7,Elvia R. Mendoza De Perez,-80.0355217,8.72728804,1824,b42f2329-038e-436b-a822-00e143d43635,1597153106568,b_ayarza,1610238026419,b_ayarza,SN/SV,No ,No,,Si,SN/SV,SN/SV,,
3132,Escuela Trinidad Arriba,Panama Oeste,Capira,El Cacao,Panamá Oeste,14,Si,Si,Compañía Distribuidora,Si,Satelital,7,Dato por Verificar,-79.98614814,8.7317244,1825,9a1d4eae-224f-4a0c-a9e3-fb6f5cb52ef7,1597153106568,b_ayarza,1610656408329,b_ayarza,Cable Onda,No ,No,,Si,1,2.0 Mb ,,
3133,Escuela Nuestra Señora de Fátima,Panama Oeste,Capira,El Cacao,Panamá Oeste,86,Si,Si,Panel Solar,No,Sin Internet,9,Roberto Guevara,-80.00633914,8.71919271,1826,2d5223d0-d754-465f-98f2-ac4638528f2d,1597153106568,b_ayarza,1610238028275,b_ayarza,SN/SV,No ,Si,,Si,SN/SV,SN/SV,,
3134,Escuela San Antonio de Padua,Panama Oeste,Capira,El Cacao,Panamá Oeste,158,Si,Si,Compañía Distribuidora,Si,Satelital,8,Abundio Sanchez B.,-80.0565862,8.76583081,1827,ebb2897e-438d-492d-8608-258cf3a1abc7,1597153106568,b_ayarza,1609180375850,b_ayarza,Cable Onda ,No ,Si ,158.0,Si ,1,2.0 Mb ,,
3135,Escuela Hierba Buena,Panama Oeste,Capira,El Cacao,Panamá Oeste,14,Si,Si,Panel Solar,No,Sin Internet,7,Jannet Chacon,-80.03580412,8.70980448,1828,00df13e3-65ac-4601-b868-341f30cbe199,1597153106568,b_ayarza,1610238030962,b_ayarza,SN/SV,No ,No,,Si,SN/SV,SN/SV,,
3136,Centro Medio El Cacao,Panama Oeste,Capira,El Cacao,Panamá Oeste,589,Si,Si,Compañía Distribuidora,Si,Satelital,3,Moises Herrera,-80.01244417,8.76047916,1829,fb8e9a25-5d15-4771-8ace-06a6bfbac4e9,1597153106568,b_ayarza,1610656492068,b_ayarza,CWP,No ,No ,,Si,3,10 Mb ,,
3137,Escuela Limón Raudales,Panama Oeste,Capira,El Cacao,Panamá Oeste,27,Si,Si,Panel Solar,Si,Satelital,9,Anacelis Robinson,-80.02849106,8.80061235,1830,d9a83786-e36d-4b4c-aec2-6a709475e0b1,1597153106568,b_ayarza,1610656469033,b_ayarza,Cable Onda ,No ,No,,Si,1,2.0 Mb ,,
3138,Escuela El Jagua,Panama Oeste,Capira,El Cacao,Panamá Oeste,7,Si,Si,Panel Solar,Si,Satelital,7,Dato por Verificar,-80.04498134,8.7406861,1831,0e77d385-0bdd-4098-9dec-5b6fd0d032fb,1597153106568,b_ayarza,1610656516281,b_ayarza,Cable Onda ,No ,No,,Si,1,2.0 Mb ,,
3139,Escuela Trinidad de las Minas,Panama Oeste,Capira,El Cacao,Panamá Oeste,96,Si,Si,Compañía Distribuidora,Si,Satelital,5,Noriel Rodriguez,-79.99679796,8.77801283,1832,d7f404d2-da8e-4988-b3a0-f9ab30caec16,1597153106568,b_ayarza,1610656522580,b_ayarza,CWP,No ,No,,Si,1,10 Mb ,,
3140,Escuela Vista Alegre,Panama Oeste,Capira,El Cacao,Panamá Oeste,51,Si,Si,Panel Solar,No,Sin Internet,9,David Perez,-80.01300715,8.80773937,1833,f620f3a4-81d8-4652-8db3-e92295230912,1597153106568,b_ayarza,1610238033848,b_ayarza,SN/SV,No ,No,,Si,SN/SV,SN/SV,,
3141,Escuela Aguacate Arriba,Panama Oeste,Capira,El Cacao,Panamá Oeste,131,Si,Si,Panel Solar,No,Sin Internet,9,Juan Carlos Gonzalez,-79.97009969,8.75145075,1834,6055c733-d1a6-4ac3-88eb-0743657f2580,1597153106568,b_ayarza,1610238035817,b_ayarza,SN/SV,No ,Si,,Si,SN/SV,SN/SV,,
3142,Escuela La Negrita,Panama Oeste,Capira,El Cacao,Panamá Oeste,27,Si,Si,Planta Eléctrica de Empresa,No,Sin Internet,7,Dato por Verificar,-80.05387056,8.80679267,1835,ee3736d9-3de4-4bf4-819b-617c29980a6c,1597153106568,b_ayarza,1610238038817,b_ayarza,SN/SV,No ,No,,Si,SN/SV,SN/SV,,
3143,Escuela Bajo Bonito,Panama Oeste,Capira,El Cacao,Panamá Oeste,98,Si,Si,Panel Solar,No,Sin Internet,9,Dato por Verificar,-80.0581809,8.71826157,1836,c97c2adf-fd6f-4b7b-9a4e-b4447468d06e,1597153106568,b_ayarza,1610238040849,b_ayarza,SN/SV,No ,No,,Si,SN/SV,SN/SV,,
3145,Escuela Trinidad de Los Lagos,Panama Oeste,Capira,La Trinidad,Panamá Oeste,7,Si,Si,Compañía Distribuidora,Si,Satelital,6,Kathy E. Arauz M.,-79.99497082,8.96952555,1837,5f272adc-41d5-4305-a224-60378b52e52a,1597153106568,b_ayarza,1610656559340,b_ayarza,Cable Onda ,No ,No,,Si,1,2.0 Mb ,,
3146,Escuela La Humildad,Panama Oeste,Capira,La Trinidad,Panamá Oeste,18,Si,Si,Compañía Distribuidora,Si,Satelital,6,Domingo De Leon,-80.02603111,8.95216302,1838,c0f33300-1616-40fa-966a-f4276ed299c2,1597153106568,b_ayarza,1610656561863,b_ayarza,Cable Onda ,No ,No,,Si,1,2.0 Mb ,,
3147,Escuela Los Faldares,Panama Oeste,Capira,La Trinidad,Panamá Oeste,16,Si,Si,Panel Solar,No,Sin Internet,6,Juan Andrade,-80.05253375,8.90058878,1839,32072e55-629d-46f6-907c-f6b7661a8a30,1597153106568,b_ayarza,1610238043480,b_ayarza,SN/SV,No ,Si,,Si,SN/SV,SN/SV,,
3148,Escuela Los Cañones,Panama Oeste,Capira,La Trinidad,Panamá Oeste,40,Si,Si,Panel Solar,No,Sin Internet,6,Zuleyka De Alomzo,-80.04650709,8.94705521,1840,e665c1b4-f0fe-48e8-9f6a-1aa2305f0f97,1597153106568,b_ayarza,1610238045754,b_ayarza,SN/SV,No ,No,,Si,SN/SV,SN/SV,,
3149,Escuela Aguacate Abajo,Panama Oeste,Capira,La Trinidad,Panamá Oeste,13,Si,Si,Compañía Distribuidora,Si,Satelital,6,Alonso Camano,-79.98828277,8.93892949,1841,908fa126-9d61-442d-a157-69585eb1b1e2,1597153106568,b_ayarza,1610656573564,b_ayarza,Cable Onda ,No ,No,,Si,1,2.0 Mb ,,
3151,Escuela El Caraño,Panama Oeste,Capira,La Trinidad,Panamá Oeste,11,Si,Si,Panel Solar,No,Sin Internet,6,Julia Thelma Canto,-79.99858192,8.91702586,1843,700b2d5c-fa0e-4f07-bb2f-d905b00e1a36,1597153106568,b_ayarza,1610238050411,b_ayarza,SN/SV,No ,No,,Si,SN/SV,SN/SV,,
3152,Escuela La Florida,Panama Oeste,Capira,La Trinidad,Panamá Oeste,73,Si,Si,Compañía Distribuidora,Si,Fibra Óptica,9,Geran Rodriguez,-79.99317527,8.85240965,1844,79a7f531-2062-44fc-b182-956863d763ab,1597153106568,b_ayarza,1610656642963,b_ayarza,Cable Onda ,No ,No,,Si,1,10 Mb ,,
3153,Escuela Nueva Arenosa,Panama Oeste,Capira,La Trinidad,Panamá Oeste,217,No,Si,Compañía Distribuidora,Si,Fibra Óptica,9,Susana Ortega,-79.99668494,8.86907015,1845,638bc4d1-29f6-4b4f-a543-83d3e1ae3bb1,1597153106568,b_ayarza,1610656646432,b_ayarza,Cable Onda ,No ,No,,Si,1,10 Mb ,,
3154,Escuela La Honda,Panama Oeste,Capira,La Trinidad,Panamá Oeste,72,Si,Si,Panel Solar,Si,Satelital,9,Laura Rodriguez B.,-80.02339168,8.90916739,1846,bf979849-3353-4590-9277-91ddc860b4b7,1597153106568,b_ayarza,1610656655392,b_ayarza,CWP,No ,No,,Si,1,10 Mb ,,
3155,Escuela Ollas Arriba,Panama Oeste,Capira,Las Ollas Arriba,Panamá Oeste,159,No,Si,Compañía Distribuidora,Si,Hibrido de Fibra Coaxial,5,Nereida E. Reyna,-79.91001524,8.80861555,1847,ab13a557-0862-4b8b-b375-8a62ebbbf122,1597153106568,b_ayarza,1610656661658,b_ayarza,Cable Onda ,No ,No,,Si,1,6 Mb ,,
3158,Escuela Majara,Panama Oeste,Capira,Lídice,Panamá Oeste,76,Si,Si,Compañía Distribuidora,Si,Satelital,5,Isabel Medina,-79.92614352,8.72665685,1848,3f8811e1-9c4c-4c59-97ea-4777428d4643,1597153106568,b_ayarza,1610656666087,b_ayarza,Cable Onda ,No ,No,,No ,1,2.0 Mb ,,
3159,Escuela Caimitillo,Panama Oeste,Capira,Lídice,Panamá Oeste,9,Si,Si,Compañía Distribuidora,Si,Satelital,5,Michel Yanet Esturian Gonzalez,-79.93586718,8.77379551,1849,18dcdf02-17a2-4a33-ad57-e0ac1f4f3c3b,1597153106568,b_ayarza,1610656668728,b_ayarza,Cable Onda ,No ,No,,No ,1,2.0 Mb ,,
3160,Escuela Hernando Barcenas,Panama Oeste,Capira,Lídice,Panamá Oeste,716,No,Si,Compañía Distribuidora,Si,Hibrido de Fibra Coaxial,5,Dalis Solis,-79.91745307,8.74355212,1850,30f5543d-1e6e-4612-b600-91b2d612fe7f,1597153106568,b_ayarza,1610656672448,b_ayarza,Cable Onda ,No ,No,,No ,1,6 Mb ,,
3163,Escuela Las Filipinas,Panama Oeste,Capira,Lídice,Panamá Oeste,18,Si,Si,Compañía Distribuidora,Si,Fibra Óptica,5,Maribel Martinez,-79.94592169,8.76549327,1851,1ff51579-84c8-4245-a2b9-af62afb4f7fa,1597153106568,b_ayarza,1610656676196,b_ayarza,Cable Onda ,No ,No,,No ,1,10 Mb ,,
3164,Escuela Lídice ,Panama Oeste,Capira,Lídice,Panamá Oeste,301,No,Si,Compañía Distribuidora,Si,Hibrido de Fibra Coaxial,5,Emma Berrocal Cajar,-79.90719883,8.75009586,1852,a5771d8b-7e31-4390-8261-e7b23641373d,1597153106568,b_ayarza,1610656698165,b_ayarza,Cable Onda ,No ,No,,No ,1,6 Mb ,,
3165,Escuela Domingo Diaz Arosemena,Panama Oeste,Capira,Villa Carmen,Panamá Oeste,68,No,Si,Compañía Distribuidora,Si,Hibrido de Fibra Coaxial,5,Dalis E. Perez,-79.87460233,8.80028969,1853,98bb5aa2-94c1-4db7-968c-641b54ca39f2,1597153106568,b_ayarza,1610656700450,b_ayarza,Cable Onda ,No ,No,,No ,1,6 Mb ,,
3166,Escuela La Pita,Panama Oeste,Capira,Villa RosaRio,Panamá Oeste,125,No,Si,Compañía Distribuidora,Si,Hibrido de Fibra Coaxial/Microondas,5,Cecilia Centella Chavarria,-79.85108192,8.82424843,1854,86ba4baf-6378-42fe-85c7-3277d8d33fec,1597153106568,b_ayarza,1610658757340,b_ayarza,Cable Onda/ Digicel ,No ,No,,No ,2,6 Mb /4 Mb ,,
3168,Escuela Harmodio Arias Madrid,Panama Oeste,Capira,Villa RosaRio,Panamá Oeste,514,No,Si,Compañía Distribuidora,Si,Fibra Óptica,5,Jessica Urriola,-79.87264305,8.77909113,1855,f945c80d-c0b7-42e8-be89-3a56604fd578,1597153106568,b_ayarza,1610658767101,b_ayarza,CWP,No ,No,,No ,1,10 Mb ,,
3169,Escuela Ahogado Centro,Panama Oeste,Capira,Santa Rosa,Panamá Oeste,22,Si,No,Dato por Verificar,No,Sin Internet,6,Ruth Echevers Duarte,-80.08330412,8.87091484,1856,0e591f50-9536-448e-940f-d6a8f19a754e,1597153106568,b_ayarza,1610238052301,b_ayarza,SN/SV,No ,Si,,Si ,SN/SV,SN/SV,,
3170,Escuela Rafael Maduro,Panama Oeste,Chame,Chame,Panamá Oeste,662,No,Si,Compañía Distribuidora,Si,Fibra Óptica,10,Irma O. Cedeño  R.,-79.88277168,8.57713202,1857,0d861207-b2ef-472b-9f34-0e18f6308b87,1597153106568,b_ayarza,1610658831682,b_ayarza,CWP,No ,No,,No ,1,10 Mb ,,
3172,Colegio Harmodio Arias Madrid,Panama Oeste,Chame,Chame,Panamá Oeste,1806,No,Si,Compañía Distribuidora,Si,Hibrido de Fibra Coaxial,2,Homero Carrillo Z.,-79.88547306,8.58232314,1858,f022ca32-5116-44c1-9d3b-5f4e234294a7,1597153106568,b_ayarza,1610658835824,b_ayarza,Cable Onda ,No ,No,,No ,3,6 Mb ,,
3173,Escuela Santa Cruz,Panama Oeste,Chame,Bejuco,Panamá Oeste,149,No,Si,Compañía Distribuidora,Si,Fibra Óptica,10,Felicita Vegas,-79.881469,8.631275,1859,c527055c-eb8e-4ae2-a942-886351b65926,1597153106568,b_ayarza,1610658839942,b_ayarza,Cable Onda ,No ,No,,No ,1,10 Mb ,,
3174,Escuela Berta E. Fernández,Panama Oeste,Chame,Bejuco,Panamá Oeste,713,No,Si,Compañía Distribuidora,Si,Fibra Óptica,10,Joana Giraldez,-79.88774862,8.59786042,1860,4a7affbe-be6f-4be8-9d12-4694658dd9f1,1597153106568,b_ayarza,1610658842489,b_ayarza,CWP,No ,No,,No ,1,10 Mb ,,
3177,Escuela LLano Grande,Panama Oeste,Chame,Buenos Aires,Panamá Oeste,24,No,Si,Compañía Distribuidora,Si,Fibra Óptica,10,Damaris Almanza,-79.9287485,8.62579184,1862,e8c7272f-d1f8-4d3f-a4e6-73131642274f,1597153106568,b_ayarza,1610716626554,b_ayarza,Cable Onda,No ,No,,No ,1,10 Mb ,,
3178,Escuela Buena Vista,Panama Oeste,Chame,Buenos Aires,Panamá Oeste,56,Si,Si,Compañía Distribuidora,Si,Microondas,10,Sandra C. Solis ,-79.96730677,8.6653003,1863,11c4ec43-2e91-40b6-85ba-1c93b918f8b4,1597153106568,b_ayarza,1610716628674,b_ayarza,Cable Onda,No ,No,,No ,1,4 Mb ,,
3179,Escuela Bajo del Rio,Panama Oeste,Chame,Buenos Aires,Panamá Oeste,28,No,Si,Compañía Distribuidora,Si,Fibra Óptica,10,Yadira N. De Vargas,-79.95906642,8.63869856,1864,8ce88df1-eb25-4a67-890f-b9834de675b0,1597153106568,b_ayarza,1610716633798,b_ayarza,Cable Onda,No ,No,,No ,1,10 Mb ,,
3180,Escuela La Lagunita,Panama Oeste,Chame,Buenos Aires,Panamá Oeste,53,Si,Si,Panel Solar,No,Sin Internet,9,Dato por Verificar,-79.98413752,8.6798046,1865,0437135a-8b7d-48d3-8334-49b4b5b30ed8,1597153106568,b_ayarza,1610238057085,b_ayarza,SN/SV,No ,No,,No ,SN/SV,SN/SV,,
3181,Escuela Jacinta Henríquez ,Panama Oeste,Chame,Buenos Aires,Panamá Oeste,143,No,Si,Compañía Distribuidora,Si,Fibra Óptica,8,Neivis De Gonzalez,-79.94571578,8.63213986,1866,8bcac04e-ea1b-4439-85c1-bb2f2d9a121c,1597153106568,b_ayarza,1610718015132,b_ayarza,Cable Onda,No ,No,,No ,1,10 Mb ,,
3182,Escuela Rufina González,Panama Oeste,Chame,Cabuya,Panamá Oeste,98,No,Si,Compañía Distribuidora,Si,Hibrido de Fibra Coaxial,10,Berta Moreno De Torres,-79.92342555,8.57514443,1867,768ff113-7f73-486b-ac4c-78a3baf7746e,1597153106568,b_ayarza,1610718020585,b_ayarza,Cable Onda,No ,No,,No ,1,6 Mb ,,
3184,Escuela Los Pozos,Panama Oeste,Chame,Cabuya,Panamá Oeste,112,No,Si,Planta Eléctrica de Empresa,Si,Microondas,10,Mercedes Morales,-79.97413004,8.56902975,1868,1f7c7414-998f-4d1f-b5b6-0107a179c0c3,1597153106568,b_ayarza,1610718022461,b_ayarza,Cable Onda,No ,No,,No ,1,10 Mb ,,
3185,Escuela Chicá,Panama Oeste,Chame,Chicá,Panamá Oeste,126,No,Si,Compañía Distribuidora,Si,Microondas,9,Dato por Verificar,-79.94166794,8.66295902,1869,cd365330-dfb4-4197-a8e6-60ccff6fd724,1597153106568,b_ayarza,1610718025681,b_ayarza,Cable Onda,No ,No,,No ,1,10 Mb ,,
3186,Escuela El Libano ,Panama Oeste,Chame,El Líbano,Panamá Oeste,17,No,Si,Compañía Distribuidora,Si,Microondas,10,Marta E  Guerra De Rodriguez,-79.832656,8.619234,1870,c266993f-4d67-4cb3-b3e3-54facd5e2638,1597153106568,b_ayarza,1610718032110,b_ayarza,Cable Onda,No ,No,,No ,1,4 Mb ,,
3187,Escuela Roberto Eisemmann,Panama Oeste,Chame,Las Lajas,Panamá Oeste,320,No,Si,Compañía Distribuidora,Si,Hibrido de Fibra Coaxial,10,Indira A. Ruiz  R.,-79.91438521,8.54307514,1871,4a36f7e9-4120-453c-9a7d-f2829bc95ceb,1597153106568,b_ayarza,1610718037021,b_ayarza,Cable Onda,No ,No,,No ,1,6 Mb ,,
3188,Escuela Las Lajas,Panama Oeste,Chame,Las Lajas,Panamá Oeste,106,No,Si,Compañía Distribuidora,Si,Hibrido de Fibra Coaxial,10,Lucita Edith  Zamora,-79.93190197,8.5523859,1872,fe4dc13f-7619-4c7c-9e4b-f3b98c5ee920,1597153106568,b_ayarza,1610718044757,b_ayarza,Cable Onda,No,No,,No ,1,6 Mb ,,
3189,Escuela Nueva Gorgona,Panama Oeste,Chame,Nueva Gorgona,Panamá Oeste,257,No,Si,Compañía Distribuidora,Si,Hibrido de Fibra Coaxial,10,Amalia Pinzon Chacon,-79.87163752,8.5506383,1873,d484b3aa-9876-4594-aebe-ceba6f2fa256,1597153106568,b_ayarza,1610718057882,b_ayarza,Cable Onda,No ,No,,No ,1,6 Mb ,,
3191,Escuela Coloncito,Panama Oeste,Chame,Nueva Gorgona,Panamá Oeste,188,No,Si,Compañía Distribuidora,Si,Hibrido de Fibra Coaxial/Fibra Óptica,10,Maritza C. Villanueva,-79.8935561,8.56575325,1874,e7856426-81e0-4095-acac-45a2bce1e5d0,1597153106568,b_ayarza,1610718147129,b_ayarza,Cable Onda,No ,No,,No ,2,6 Mb/ 10 Mb,,
3192,Escuela Punta Chame,Panama Oeste,Chame,Punta Chame,Panamá Oeste,35,No,Si,Compañía Distribuidora,No,Sin Internet,10,Andrea Gonzalez,-79.709396,8.64606884,1875,bffee3ea-9d8a-4340-a1e2-bd8e1adb3960,1597153106568,b_ayarza,1610238058882,b_ayarza,SN/SV,No ,No,,No ,SN/SV,SN/SV,,
3193,Escuela Sajalices,Panama Oeste,Chame,Sajalices,Panamá Oeste,179,No,Si,Compañía Distribuidora,Si,Hibrido de Fibra Coaxial,10,Julia A. Mares,-79.869799,8.686532,1876,7a1641f7-5002-45bb-8eba-865f7fabf809,1597153106568,b_ayarza,1610718170403,b_ayarza,Cable Onda,No ,No,,No ,1,6 Mb ,,
3194,Escuela El Espave,Panama Oeste,Chame,Sajalices,Panamá Oeste,48,No,Si,Compañía Distribuidora,Si,Hibrido de Fibra Coaxial,8,Dato por Verificar,-79.87278348,8.66343075,1877,aa2f2de9-a7fe-4259-8c57-b71491c54a29,1597153106568,b_ayarza,1610718174661,b_ayarza,Cable Onda,No ,No,,No ,1,6 Mb ,,
3195,Escuela Toribio Lora Puche,Panama Oeste,Chame,Sorá,Panamá Oeste,106,No,Si,Compañía Distribuidora,Si,Fibra Óptica,8,Noris Ramos,-80.00965078,8.63478086,1878,f34b253f-d9cd-49c9-8a8c-bdc8ec423fc2,1597153106568,b_ayarza,1610718187682,b_ayarza,Cable Onda,No ,No,,No ,1,10 Mb ,,
3196,Escuela Filipinas,Panama Oeste,Chame,Sorá,Panamá Oeste,11,Si,Si,Compañía Distribuidora,Si,Satelital,10,Yariveth Y. ,-80.03723638,8.66475438,1879,ac7e7faf-c5ea-47cf-bcc9-6fb29b29e1e3,1597153106568,b_ayarza,1610718204073,b_ayarza,Cable Onda,No ,No,,No ,1,2.0 Mb ,,
3197,Escuela El Jobo,Panama Oeste,Chame,Sorá,Panamá Oeste,2,No,Si,Compañía Distribuidora,Si,Microondas,10,Clara Herrera De Martinez,-79.96622986,8.64160471,1880,652ed73b-3fa5-46ca-9141-3529bc79a266,1597153106568,b_ayarza,1610718197821,b_ayarza,Cable Onda,No ,No,,No ,1,4 Mb ,,
3198,Escuela El Nanzal,Panama Oeste,Chame,Sorá,Panamá Oeste,8,Si,Si,Panel Solar,No,Sin Internet,10,Roselyn Del C. Castillo,-79.99247082,8.67841561,1881,dcd12efc-6b8a-45ad-884a-8f2b4259e9a4,1597153106568,b_ayarza,1610238060603,b_ayarza,SN/SV,No ,No,,No ,SN/SV,SN/SV,,
3199,Escuela El Manglarito,Panama Oeste,Chame,Sorá,Panamá Oeste,27,Si,Si,Compañía Distribuidora,Si,Fibra Óptica,10,Ingri S. Jaramillo  P.,-80.02131886,8.67406378,1882,5063d0ef-4b21-4e2a-9950-12512f504227,1597153106568,b_ayarza,1610718213808,b_ayarza,Cable Onda,No ,No,,No ,1,10 Mb ,,
3200,C.E.B.G. José Gabriel Duque,Panama,Chepo,Chepo,Panamá Este,1052,No,Si,Compañía Distribuidora,Si,Hibrido de Fibra Coaxial,1,Francisco Camarena,-79.08858192,9.17285801,1883,c0e1b12c-cf18-4f1a-b8b9-f492eaf2c9fc,1597153106568,b_ayarza,1610718254919,b_ayarza,Cable Onda,No ,No,,Si,1,6 Mb ,,
3201,Escuela Bethel,Panama,Chepo,Comarca Kuna De Madungandí,Panamá Este,12,No,Si,Compañía Distribuidora,Si,Fibra Óptica,4,Nielka O. Beltran Reyes,-78.80410568,9.18953104,1884,07b37181-e241-4d32-ba0b-bdbe4eba97f3,1597153106568,b_ayarza,1610718258814,b_ayarza,Cable Onda,No ,No,,Si,1,10 Mb ,,
3202,Escuela Rio Sabana,Panama,Chepo,Tortí,Panamá Este,8,Si,N/D,Dato por Verificar,No,Sin Internet,Dato por verificar,Dato por Verificar,-79.1029465,9.1728983,1885,3696aa51-ab30-48f5-9010-9006c8dc3a99,1597153106568,b_ayarza,1610238062360,b_ayarza,SN/SV,No ,Si,,Si,SN/SV,SN/SV,,
3203,Escuela Puerto Limón,Panama,Chepo,Comarca Kuna De Madunganí,Panamá Este,137,Si,No,Dato por Verificar,No,Sin Internet,8,Valentin Rodriguez,-78.22815346,8.99534879,1886,86b266c4-8ecb-47a4-8613-c63b935fb301,1597153106568,b_ayarza,1610238064174,b_ayarza,SN/SV,No ,No,,Si,SN/SV,SN/SV,,
3001,Escuela Residencial Vacamonte,Panama Oeste,Arraijan,Vista Alegre,Panamá Oeste,1129,No,Si,Compañía Distribuidora,Si,Hibrido de Fibra Coaxial,1-C,Arcesio Olivardia,-79.70020497,8.91562158,1887,2adc9b10-b7b6-423c-8f4a-a8191b0368e0,1597153106568,b_ayarza,1610650288762,b_ayarza,Cable Onda,No ,No,,No ,1,6 Mb ,,
3017,Escuela La Cascada,Panama Oeste,Arraijan,Arraijan,Panamá Oeste,631,No,Si,Compañía Distribuidora,Si,Hibrido de Fibra Coaxial,1-C,Misael Ortega,-79.63304222,8.93784433,1888,0ef798e3-9589-4d37-aa0c-b19d88b9deed,1597153106568,b_ayarza,1610650289232,b_ayarza,Cable Onda,No ,No,,Si,1,6 Mb ,,
3018,Escuela Once de Octubre,Panama Oeste,Arraijan,Burunga,Panamá Oeste ,571,No,Si,Compañía Distribuidora,Si,Hibrido de Fibra Coaxial,1-B,Victor F. Perez P.,-79.640394,8.929549,1889,caae8a15-779b-4fde-a0c6-93e60858c18f,1597153106568,b_ayarza,1610650362877,b_ayarza,Cable Onda,No ,No,,Si,1,6 Mb ,,
3019,Escuela Lluvia de Bendiciones,Panama Oeste,Arraijan,Burunga,Panamá Oeste ,181,No,Si,Compañía Distribuidora,Si,Fibra Óptica,1-A,Ramos Arday,-79.67583333,8.94805556,1890,f533469a-1973-41a6-89b9-f6a1602c2369,1597153106568,b_ayarza,1610650290535,b_ayarza,Cable Onda,No ,No,,Si,1,10 Mb ,,
3020,Escuela Fuente de Amor,Panama Oeste,Arraijan,Burunga,Panamá Oeste ,618,No,Si,Compañía Distribuidora,Si,Microondas,1-C,Ritza De Limyueng,-79.67469302,8.97730332,1891,7b826bdb-d006-4341-b6fd-617780f9f9e9,1597153106568,b_ayarza,1610650352657,b_ayarza,Cable Onda,No ,No,,Si,1,10 Mb ,,
3021,Escuela Jesús En Los Pobres,Panama Oeste,Arraijan,Arraijan,Panamá Oeste,299,No,Si,Compañía Distribuidora,Si,Hibrido de Fibra Coaxial,1-C,Leticia Romero R.,-79.633268,8.938429,1892,55012f60-3066-43a5-b3e7-7dbbdbef9370,1597153106568,b_ayarza,1610650348589,b_ayarza,Cable Onda,No ,No,,Si,1,6 Mb ,,
3022,Escuela Monte Claro,Panama Oeste,Arraijan,Cerro Silvestre,Panamá Oeste,32,No,Si,Compañía Distribuidora,Si,Fibra Óptica,1-C,Magaly Batacio,-79.67858192,8.94063676,1893,0153ecef-b9ff-45a6-83d6-02e400276138,1597153106568,b_ayarza,1610650341982,b_ayarza,Cable Onda,No ,No,,Si,1,10 Mb ,,
2613,Escuela Los Jaramillos,Herrera,Ocú,Los Llanos,Herrera,6,No,Si,Compañía Distribuidora,Si,Fibra Óptica,7,Gladys M. Rodriguez,-80.83913752,7.93536289,1894,47555460-d0a1-4b5e-b2fa-ddb6c33e78ce,1597153106568,b_ayarza,1610567031388,b_ayarza,Cable Onda,No ,No,,No ,1,10 Mb ,,
3023,Escuela Guillermo Andreve,Panama Oeste,Arraijan,Arraijan,Panamá Oeste,1497,No,Si,Compañía Distribuidora,Si,Hibrido de Fibra Coaxial,1-A,Gricelda Caceres,-79.65515699,8.94827912,1895,6e638a7f-4f1c-4043-b839-09736bda5521,1597153106568,b_ayarza,1610650334806,b_ayarza,Cable Onda,No ,No,,Si,1,6 Mb ,,
3025,Escuela Burunga,Panama Oeste,Arraijan,Burunga,Panamá Oeste ,883,No,Si,Compañía Distribuidora,Si,Hibrido de Fibra Coaxial,1-B,Mireya Pino,-79.6745487,8.96766443,1896,77ac743c-01f3-4962-b719-72e56c20d8f3,1597153106568,b_ayarza,1610650599489,b_ayarza,Cable Onda,No ,No,,Si,1,6 Mb ,,
2614,Escuela Limón de Tijera,Herrera,Ocú,El Tijera,Herrera,18,Si,No,Dato por Verificar,No,Sin Internet,7,Diomedes Atencio Pino,-80.91497082,7.82452989,1897,0c1d337e-4368-45f7-9fc3-e7d6ca5d08ff,1597153106568,b_ayarza,1610238068337,b_ayarza,SN/SV,No ,No,,Si ,SN/SV,SN/SV,,
3026,C.E.B.G. Bique,Panama Oeste,Arraijan,Cerro Silvestre,Panamá Oeste,285,No,Si,Compañía Distribuidora,Si,Microondas,1-B,Carlos Camarena,-79.67290299,8.91479434,1898,1dba187b-1eaf-4360-89c8-f4e731923472,1597153106568,b_ayarza,1610650604350,b_ayarza,Cable Onda,No ,No,,No ,1,10 Mb ,,
2615,Escuela Aleida González,Herrera,Ocú,Llano Grande,Herrera,21,No,Si,Compañía Distribuidora,Si,Satelital,5,Aurelia Avila,-80.68608192,7.97091837,1899,78e3d145-0725-4e6d-afdc-bf227da7a220,1597153106568,b_ayarza,1610567078823,b_ayarza,Cable Onda,No ,No,,No ,1,1.0 Mb ,,
3027,C.E.B.G. La Polvareda,Panama Oeste,Arraijan,Arraijan,Panamá Oeste,599,No,Si,Compañía Distribuidora,Si,Hibrido de Fibra Coaxial,1-B,Mercedes Romero De Ruiz,-79.644129,8.94244255,1900,715f1e55-40d9-4f22-abfd-2cff1e799c87,1597153106568,b_ayarza,1610650628797,b_ayarza,Cable Onda,No ,No,,Si,1,6 Mb ,,
3029,C.E.B.G. Nuevo Chorrillo,Panama Oeste,Arraijan,Cerro Silvestre,Panamá Oeste,521,No,Si,Compañía Distribuidora,Si,Hibrido de Fibra Coaxial,1-A,Maria Angelina M.De Villareal,-79.692679,8.952205,1901,16009b64-1eab-46b4-8b13-eac88cfbea94,1597153106568,b_ayarza,1610650692520,b_ayarza,Cable Onda,No ,No,,No ,1,6 Mb ,,
2616,Escuela Los Potreros,Herrera,Ocú,Los Llanos,Herrera,3,Si,No,Dato por Verificar,No,Sin Internet,7,Alfredo A. Murillo,-80.92885972,7.9070297,1902,6cf7773a-1ec0-4702-aeb7-02b06d57194c,1597153106568,b_ayarza,1610238070243,b_ayarza,SN/SV,No ,No,,No ,SN/SV,SN/SV,,
3036,Escuela San José de Bernardino,Panama Oeste,Arraijan,Juan Demóstenes Arosemena,Panamá Oeste,902,No,Si,Compañía Distribuidora,Si,Hibrido de Fibra Coaxial,1-B,Adriano Perez,-79.73330422,8.92813691,1903,52f6bfd1-7920-4870-9224-da5175c40f62,1597153106568,b_ayarza,1610650692939,b_ayarza,Cable Onda,No ,No,,No ,1,6 Mb ,,
2617,Escuela Gerardo O. Quintero,Herrera,Ocú,Los Llanos,Herrera,10,No,Si,Compañía Distribuidora,No,Sin Internet,7,Abdiel Nuñez,-80.86663752,7.90008522,1904,8497b4ff-1e5b-4edb-b122-a83e497834cc,1597153106568,b_ayarza,1610238072040,b_ayarza,SN/SV,No ,No,,No ,SN/SV,SN/SV,,
2622,Escuela Perfecto Rios Franco,Herrera,Ocú,El Tijera,Herrera,15,Si,No,Dato por Verificar,No,Sin Internet,7,Heydi Gonzalez,-80.910631,7.834636,1905,1ec16f52-bb5b-4231-897e-11e0384213b9,1597153106568,b_ayarza,1610238075550,b_ayarza,SN/SV,No ,Si,,Si,SN/SV,SN/SV,,
2623,Escuela Rincón Santo ,Herrera,Ocú,Los Llanos,Herrera,24,No,Si,Compañía Distribuidora,Si,Satelital,7,Reyna M. Cornejo V.,-80.85774852,7.97119607,1906,026a3b7c-fd8f-4a41-84e4-acec388ffe9d,1597153106568,b_ayarza,1610567130985,b_ayarza,Cable Onda,No ,No,,No ,1,2.0 Mb ,,
2624,I.P.T. Los Llanos De Ocú,Herrera,Ocú,Los Llanos,Herrera,191,No,Si,Compañía Distribuidora,Si,Microondas,7,Cristobal Morales,-80.878305,7.929544,1907,e0832975-4330-45b2-8dc6-de5e49c11257,1597153106568,b_ayarza,1610567138542,b_ayarza,Cable Onda,No ,No,,No ,3,10 Mb ,,
2625,Escuela Lastenia C. de Villarreal,Herrera,Ocú,Los Llanos,Herrera,44,No,Si,Compañía Distribuidora,Si,Satelital,7,Valeria De Gracia A.,-80.84719302,7.95508502,1908,59bd3c69-e773-4daf-b157-a8daac3c2ce1,1597153106568,b_ayarza,1610567134487,b_ayarza,Cable Onda,No ,No,,No ,1,1.0 Mb ,,
2626,Escuela Inés Pinto Rodríguez,Herrera,Ocú,El Tijera,Herrera,3,Si,Si,Panel Solar,No,Sin Internet,7,Digna E. De Ureña,-80.94191532,7.84619661,1909,769126a6-787a-4fbd-bd52-db3d62cf74cc,1597153106568,b_ayarza,1610238078307,b_ayarza,SN/SV,No ,No,,Si,SN/SV,SN/SV,,
2628,Escuela Gregorio Gill,Herrera,Ocú,Los Llanos,Herrera,11,No,Si,Compañía Distribuidora,Si,Microondas,7,Dalton Neil De Leon,-80.88746409,7.89920311,1910,b019e6de-1a88-4e4e-a16f-386f7964410e,1597153106568,b_ayarza,1610567237659,b_ayarza,Cable Onda,No ,No,,No ,1,4 Mb,,
2629,Escuela Entradero de Tijera,Herrera,Ocú,Los Llanos,Herrera,5,Si,Si,Compañía Distribuidora,No,Sin Internet,8,Ramon A. Martinez,-80.86714564,7.87159637,1911,5cc8ae4f-ee4b-489a-9142-586746af3d7e,1597153106568,b_ayarza,1610238080589,b_ayarza,SN/SV,No ,No,,No ,SN/SV,SN/SV,,
2630,Escuela Cristina R. de Pinzón,Herrera,Ocú,Llano Grande,Herrera,42,No,Si,Compañía Distribuidora,Si,Fibra Óptica,5,Maria Murillo,-80.70877672,7.9747305,1912,d3d3ad93-7ea6-4de9-bdfb-be6bcbad0044,1597153106568,b_ayarza,1610567316089,b_ayarza,Cable Onda,No ,No,,No ,1,10 Mb ,,
2631,Escuela La Polonia,Herrera,Ocú,Llano Grande,Herrera,11,No,Si,Compañía Distribuidora,Si,Fibra Óptica,5,Maria Murillo Ramos,-80.70214724,7.95531185,1913,fde689b8-4cca-4087-971b-bea1625606d9,1597153106568,b_ayarza,1610567317673,b_ayarza,Cable Onda,No ,No,,No ,1,10 Mb ,,
2632,Escuela Rafael Quintero Villareal,Herrera,Ocú,Llano Grande,Herrera,7,No,Si,Compañía Distribuidora,Si,Fibra Óptica,5,Meris Caballero,-80.71095596,7.98594081,1914,85609f16-71b9-4e96-a1a0-26b51cb30fac,1597153106568,b_ayarza,1610567318585,b_ayarza,CWP,No ,No,,No ,1,10 Mb ,,
2636,Escuela Llano Largo,Herrera,Ocú,Peñas Chatas,Herrera,13,No,Si,Compañía Distribuidora,Si,Fibra Óptica,6,Ketzalidy L. Morales R.,-80.77413752,8.02814026,1916,c2061ea8-fee6-4931-b2a1-8ebfc6c48301,1597153106568,b_ayarza,1610567319964,b_ayarza,Cable Onda,No ,No,,Si ,1,10 Mb ,,
2637,Escuela El Negrito,Herrera,Ocú,Peñas Chatas,Herrera,11,No,Si,Compañía Distribuidora,Si,Fibra Óptica,6,Aitza Y. Reyes T.,-80.8062241,8.04258838,1917,d5f9bfaf-b7c2-4e73-93a8-0cddd7a3d46b,1597153106568,b_ayarza,1610567321874,b_ayarza,Cable Onda,No ,No,,No ,1,10 Mb ,,
2638,Escuela Dos Bocas,Herrera,Ocú,Peñas Chatas,Herrera,3,No,Si,Compañía Distribuidora,Si,Fibra Óptica,6,Miriam Almanza,-80.85330412,8.05786245,1918,6155c94f-96a1-4500-8dad-ead23e122045,1597153106568,b_ayarza,1610567322565,b_ayarza,Cable Onda,No ,No,,No ,1,10 Mb ,,
2639,Escuela Domingo Villalobos,Herrera,Ocú,Peñas Chatas,Herrera,60,No,Si,Compañía Distribuidora,Si,Fibra Óptica,6,Luisa Barria G.,-80.80250453,8.01971003,1919,a46ce501-7437-4d67-b735-edf805a63faa,1597153106568,b_ayarza,1610567327112,b_ayarza,Cable Onda,No ,No,,No ,1,10 Mb ,,
2640,Escuela Las Paredes,Herrera,Ocú,Peñas Chatas,Herrera,15,No,Si,Compañía Distribuidora,No,Sin Internet,6,Xiomara E. Castillo,-80.84710677,8.03450115,1920,f4d57395-68d6-4423-bc6c-9e729cc290df,1597153106568,b_ayarza,1610238082422,b_ayarza,SN/SV,No ,No,,No ,SN/SV,SN/SV,,
2642,C.E.B.G. De Parita,Herrera,Parita ,Parita,Herrera,1000,No,Si,Compañía Distribuidora,Si,Hibrido de Fibra Coaxial,2,Ovidio Sianca,-80.51744597,7.99844937,1921,8cef4c9e-1db1-48a6-b2c8-11a514675ace,1597153106568,b_ayarza,1610567447184,b_ayarza,Cable Onda,No ,No,,No ,4,6 Mb ,,
2645,Escuela Puerto Limón,Herrera,Parita ,Parita,Herrera,9,No,Si,Compañía Distribuidora,Si,Microondas,2,Rosalia Delgado,-80.49097535,8.00282997,1923,2140f340-bb6f-4012-b270-92815327fd0a,1597153106568,b_ayarza,1610567456346,b_ayarza,Cable Onda,No ,No,,No ,1,4 Mb ,,
2647,Escuela Cabuya,Herrera,Parita ,Cabuya,Herrera,73,No,Si,Compañía Distribuidora,Si,ADSL,3,Camilo Avila,-80.63178898,8.03056269,1924,3111891f-5fed-4da5-bd76-4833f7c645b7,1597153106568,b_ayarza,1610567465226,b_ayarza,CWP,No ,No,,No ,1,10 Mb ,,
2648,Escuela El Pedernal,Herrera,Parita ,Cabuya,Herrera,8,No,Si,Compañía Distribuidora,Si,Microondas,3,Nereida M. Almanza S.,-80.61774862,8.02980705,1925,2b987cdf-0f93-4863-9693-37d2526bfb8c,1597153106568,b_ayarza,1610567470372,b_ayarza,CWP,No ,No,,Si,1,10 Mb ,,
2649,Escuela Los Higos,Herrera,Parita ,Cabuya,Herrera,25,No,Si,Compañía Distribuidora,Si,Microondas,3,Nela R. Aizprua De C.,-80.65997082,8.00814043,1926,260a5746-878e-4b1b-9f05-ea7be5e3d2a3,1597153106568,b_ayarza,1610567473546,b_ayarza,Digicel ,No ,No,,No ,1,4 Mb ,,
2650,Escuela Los Castillos,Herrera,Parita ,Los Castillos,Herrera,89,No,Si,Compañía Distribuidora,No,Sin Internet,3,Evelin Perez,-80.61931877,7.98784304,1927,249a6a81-e7ba-428d-91c6-f6dcc41df89f,1597153106568,b_ayarza,1610238084266,b_ayarza,SN/SV,No ,Si,,No ,SN/SV,SN/SV,,
2652,Escuela LLano de la Cruz,Herrera,Parita ,Llano De La Cruz,Herrera,6,No,Si,Compañía Distribuidora,No,Sin Internet,5,Ricardo Huerta,-80.63998252,7.95845491,1928,6c129ad4-e613-42f6-9d44-fce0c9b5d830,1597153106568,b_ayarza,1610238086889,b_ayarza,SN/SV,No ,No,,No ,SN/SV,SN/SV,,
2653,Escuela Paris,Herrera,Parita ,Paris,Herrera,41,No,Si,Compañía Distribuidora,Si,Hibrido de Fibra Coaxial,3,Erika J. Robles De Barrio,-80.55413752,8.05730685,1929,8762bcac-ec74-4184-818d-3613f8b82e6c,1597153106568,b_ayarza,1610567511642,b_ayarza,Cable Onda,No ,No,,No ,1,6 Mb ,,
2655,Escuela Portobelillo,Herrera,Parita ,Portobelillo,Herrera,9,No,Si,Compañía Distribuidora,No,Sin Internet,3,Cenobia Lopez,-80.5989042,8.01804128,1930,784f3d1d-4a7d-43be-8ea8-2ca73daed07d,1597153106568,b_ayarza,1610238088671,b_ayarza,SN/SV,No ,No,,No ,SN/SV,SN/SV,,
2656,Escuela La Valencia,Herrera,Parita ,Portobelillo,Herrera,43,No,Si,Compañía Distribuidora,Si,Satelital,3,Marilis Nuñez,-80.58837694,7.9925255,1931,938d1070-b2ba-41c6-8f6e-b2332fda103f,1597153106568,b_ayarza,1610567533848,b_ayarza,Cable Onda,No ,No,,No ,1,2.0 Mb ,,
2657,Escuela La Concepción ,Herrera,Parita ,Potuga,Herrera,5,No,Si,Compañía Distribuidora,No,Sin Internet,3,Dato por Verificar,-80.69635221,8.06467591,1932,fec513db-abec-4fa5-af63-b9c9a75dce47,1597153106568,b_ayarza,1610238090754,b_ayarza,SN/SV,No ,No,,No ,SN/SV,SN/SV,,
2659,Escuela Potuga,Herrera,Parita ,Potuga,Herrera,76,No,Si,Compañía Distribuidora,Si,Hibrido de Fibra Coaxial,3,Iraida Ruiz,-80.618427,8.06727243,1933,4049acf7-9e20-4226-9231-76feb8c2a11e,1597153106568,b_ayarza,1610567613416,b_ayarza,Cable Onda,No ,No,,No ,1,6 Mb ,,
2660,Escuela Ildaura Vieto,Herrera,Pesé,Pesé,Herrera,517,No,Si,Compañía Distribuidora,Si,Hibrido de Fibra Coaxial,4,Luzmila S. De Guillen,-80.61205094,7.90805594,1934,fa47a89b-87ad-4be1-87b0-fb0ca018fd36,1597153106568,b_ayarza,1610567615276,b_ayarza,Cable Onda,No ,No,,No ,1,6 Mb ,,
2662,Colegio José Octavio Huerta,Herrera,Pesé,Pesé,Herrera,803,No,Si,Compañía Distribuidora,Si,Hibrido de Fibra Coaxial,4,Rita E. Chiriboga C.,-80.61072121,7.90745926,1935,1ff1f586-de72-4661-a18f-05c490ad8914,1597153106568,b_ayarza,1610567771217,b_ayarza,Cable Onda,No ,No,,No ,4,6 Mb ,,
2663,Escuela La Arenita,Herrera,Pesé,Las Cabras,Herrera,29,No,Si,Compañía Distribuidora,Si,Satelital,4,Maria E. Arroyo,-80.56575301,7.87327146,1936,8e1ab8c5-160f-463b-9f2e-1248e9e3ffc6,1597153106568,b_ayarza,1610567784299,b_ayarza,Cable Onda,No ,No,,No ,1,1.0 Mb ,,
2664,Escuela Calabazo,Herrera,Pesé,Las Cabras,Herrera,8,No,Si,Compañía Distribuidora,Si,Satelital,4,Jose D. Bernal,-80.59337011,7.85325873,1937,48b3b0b7-6efc-4c2d-9b0c-8bc02cb2a26e,1597153106568,b_ayarza,1610567787519,b_ayarza,Cable Onda,No ,No,,No ,1,1.0 Mb ,,
2665,Escuela El Ciruelito,Herrera,Pesé,Las Cabras,Herrera,8,No,Si,Compañía Distribuidora,Si,Fibra Óptica,4,Marvin Zulema Mendoza M.,-80.56490199,7.8543802,1938,cafd0d39-1efd-475a-84ab-2b65fd363500,1597153106568,b_ayarza,1610567794931,b_ayarza,Cable Onda,No ,No,,No ,1,10 Mb ,,
2666,Escuela Las Flores,Herrera,Pesé,Las Cabras,Herrera,53,No,Si,Compañía Distribuidora,Si,Fibra Óptica,4,Yazmina Del C. Pineda Arauz,-80.57752679,7.9148892,1939,ac77a937-3195-4fe9-ba9c-4cafed98e076,1597153106568,b_ayarza,1610567796286,b_ayarza,Cable Onda,No ,No,,No ,1,10 Mb ,,
2667,Escuela Las Cabras,Herrera,Pesé,Las Cabras,Herrera,118,No,Si,Compañía Distribuidora,Si,Fibra Óptica,4,Claudio Quintero Guillen,-80.54749003,7.87687135,1940,cea7c02d-eaf8-469d-b987-cea8b4dac879,1597153106568,b_ayarza,1610567797367,b_ayarza,Cable Onda,No ,No,,No ,1,10 Mb ,,
2668,Escuela El Jazmin,Herrera,Pesé,El Pájaro,Herrera,8,No,Si,Compañía Distribuidora,Si,Fibra Óptica,2,Justo Quintero,-80.59106983,7.948366,1941,8335aead-1d8e-4e58-9962-9ef5e27cbc22,1597153106568,b_ayarza,1610567798627,b_ayarza,Cable Onda,No ,No,,No ,1,10 Mb ,,
2669,Escuela El Pájaro,Herrera,Pesé,El Pájaro,Herrera,37,No,Si,Compañía Distribuidora,Si,Satelital,2,Ofelina Murillo,-80.56575244,7.94606051,1942,45e15ed9-73ac-4e11-94fa-866ebaa3270c,1597153106568,b_ayarza,1610567889865,b_ayarza,Cable Onda,No ,No,,No ,1,2.0 Mb ,,
2671,Escuela El Barrero,Herrera,Pesé,El Barrero,Herrera,41,No,Si,Compañía Distribuidora,Si,Hibrido de Fibra Coaxial,2,Luciano A. Bravo M.,-80.5229218,7.93270764,1943,99d9225d-46b9-4faa-b9cb-de33a848472a,1597153106568,b_ayarza,1610567901828,b_ayarza,Cable Onda,No ,No,,No ,1,6 Mb ,,
2672,Escuela Ricaurte Salamín,Herrera,Pesé,El Barrero,Herrera,86,No,Si,Compañía Distribuidora,Si,Hibrido de Fibra Coaxial,2,Nadia Pinto,-80.54349551,7.93316628,1944,86520985-ed7c-4bab-88bd-899c8b64a604,1597153106568,b_ayarza,1610567906581,b_ayarza,Cable Onda,No ,No,,No ,1,6 Mb ,,
2675,Escuela Bienvenido Quintero,Herrera,Pesé,El Pedregoso,Herrera,26,No,Si,Compañía Distribuidora,Si,Fibra Óptica,5,Denys Hernandez,-80.63445641,7.91054719,1946,dbefef0c-769c-4d11-9ab7-033edd50385d,1597153106568,b_ayarza,1610567936341,b_ayarza,Cable Onda,No ,No,,No ,1,10 Mb ,,
2676,Escuela El Pedregoso,Herrera,Pesé,El Pedregoso,Herrera,48,No,Si,Compañía Distribuidora,Si,Hibrido de Fibra Coaxial,5,Mayra Barria,-80.6376625,7.94212174,1947,a5f23246-fc4d-4e26-bf8f-3f09ac8cf0a1,1597153106568,b_ayarza,1610567939231,b_ayarza,Cable Onda,No ,No,,No ,1,6 Mb ,,
2677,Escuela La Candelaria,Herrera,Pesé,El Pedregoso,Herrera,12,No,Si,Compañía Distribuidora,No,Sin Internet,5,Domingo Pinzon,-80.66202379,7.93325764,1948,190ee117-74ec-4018-8106-941985d535cc,1597153106568,b_ayarza,1610238092567,b_ayarza,SN/SV,No ,No,,No ,SN/SV,SN/SV,,
2678,Escuela El Pedregosito,Herrera,Pesé,El Pedregoso,Herrera,16,No,Si,Planta Eléctrica de Empresa,Si,Microondas,5,Jaqueline Barria,-80.63085541,7.92462014,1949,50135582-af88-4f12-a975-b927902a0158,1597153106568,b_ayarza,1610568010200,b_ayarza,CWP,No ,No,,No ,1,4 Mb ,,
2681,Escuela La Trinidad,Herrera,Pesé,El Ciruelo,Herrera,31,No,Si,Compañía Distribuidora,Si,Microondas,5,Yohana Vega,-80.70094424,7.91237028,1950,79685f7c-9381-44d4-b9ae-321bc7c99bf6,1597153106568,b_ayarza,1610568013388,b_ayarza,Digicel ,No ,No,,Si,1,4 Mb ,,
2682,Escuela El Ciruelo,Herrera,Pesé,El Ciruelo,Herrera,32,No,Si,Compañía Distribuidora,Si,Fibra Óptica,5,Ciprian Batista,-80.6728319,7.89515277,1951,6b1529eb-d894-4e6a-9996-400b2bf4631b,1597153106568,b_ayarza,1610568018420,b_ayarza,Cable Onda,No ,No,,Si,1,10 Mb ,,
2683,Escuela Bahía Honda,Herrera,Pesé,Sabana Grande,Herrera,11,No,Si,Compañía Distribuidora,Si,Fibra Óptica,5,Lidia Atencio,-80.675989,7.851438,1952,673a51f6-7473-44db-b853-2fc956c0d370,1597153106568,b_ayarza,1610568019719,b_ayarza,Cable Onda,No ,No,,No ,1,10 Mb ,,
2684,Escuela Peñas Prietas ,Herrera,Pesé,Sabana Grande,Herrera,12,No,Si,Compañía Distribuidora,Si,Fibra Óptica,5,Noeblin Moreno,-80.63373493,7.86030451,1953,49f0aca3-548f-4e46-865d-466ad7ab240b,1597153106568,b_ayarza,1610568020544,b_ayarza,Cable Onda,No ,No,,No ,1,10 Mb ,,
2685,Escuela El Potrero,Herrera,Pesé,Sabana Grande,Herrera,5,No,Si,Compañía Distribuidora,Si,Fibra Óptica,5,Francisco Quintero,-80.64315,7.86859,1954,a38fbbd2-c114-416a-9e39-8eb33809ff1e,1597153106568,b_ayarza,1610568021169,b_ayarza,Cable Onda,No ,No,,No ,1,10 Mb ,,
2687,Escuela Sabana Grande,Herrera,Pesé,Sabana Grande,Herrera,71,No,Si,Compañía Distribuidora,Si,Fibra Óptica,5,Diva Mabel Cruz,-80.63733429,7.88273604,1955,6f3d529a-8937-49ed-a36e-3bd8095321c7,1597153106568,b_ayarza,1610568021813,b_ayarza,Cable Onda,No ,No,,No ,1,10 Mb ,,
2688,Escuela Los Corralillos,Herrera,Pesé,Sabana Grande,Herrera,11,No,Si,Compañía Distribuidora,Si,Fibra Óptica,5,Zugeydy Bravo,-80.68782866,7.8700359,1956,86cb33d2-4264-4b23-81da-37c5b671b9e1,1597153106568,b_ayarza,1610568022586,b_ayarza,Cable Onda,No ,No,,No ,1,10 Mb ,,
2689,Escuela Mandinga,Herrera,Pesé,Sabana Grande,Herrera,6,No,Si,Compañía Distribuidora,Si,Fibra Óptica,5,Zuleika Nuñez,-80.66163752,7.8503632,1957,92fef7aa-32e9-484d-b3db-a66bdaf035ff,1597153106568,b_ayarza,1610568023492,b_ayarza,Cable Onda,No ,No,,No ,1,10 Mb ,,
2690,Escuela El Banco,Herrera,Pesé,Rincon Hondo,Herrera,12,No,Si,Compañía Distribuidora,Si,Fibra Óptica,4,Guiomare Rodriguez Gomez,-80.61665797,7.83608015,1958,87c7d893-3179-46c5-bd6a-e880502c05c7,1597153106568,b_ayarza,1610568024138,b_ayarza,Cable Onda,No ,No,,No ,1,10 Mb ,,
2691,Escuela Esquiguita,Herrera,Pesé,Rincón Hondo,Herrera,31,No,Si,Compañía Distribuidora,Si,Satelital,4,Ernesto Diaz,-80.64620045,7.83691461,1959,711377da-6fea-4200-8077-4f78fd75c406,1597153106568,b_ayarza,1610568085707,b_ayarza,Cable Onda,No ,No,,No ,1,1.0 Mb ,,
2693,Escuela El Cocuyo,Herrera,Pesé,Rincón Hondo,Herrera,25,No,Si,Compañía Distribuidora,Si,Fibra Óptica,4,Mayra L. Vasquez Q.,-80.61235635,7.86630043,1960,6828e549-ff20-465c-9077-be82ac447242,1597153106568,b_ayarza,1610568026883,b_ayarza,Cable Onda,No ,No,,No ,1,10 Mb ,,
2694,Escuela Borrola,Herrera,Pesé,Rincón Hondo,Herrera,22,No,Si,Compañía Distribuidora,No,Sin Internet,4,Nelsa Escobar,-80.63476577,7.82647318,1961,5709e4b4-e00c-42c3-855e-5ba08265b21a,1597153106568,b_ayarza,1610238095223,b_ayarza,SN/SV,No ,No,,No ,SN/SV,SN/SV,,
2695,Escuela Los Canelos,Herrera,Santa María,Los Canelos,Herrera,269,No,Si,Compañía Distribuidora,Si,Hibrido de Fibra Coaxial,6,Melisa R. Mojica M.,-80.69897115,8.12386395,1962,55220bc0-e2cc-4526-a0ae-352c9a08c57f,1597153106568,b_ayarza,1610568173533,b_ayarza,Cable Onda,No ,No,,No ,1,6 Mb ,,
2697,Instituto De Artes Mecánicas,Herrera,Santa María,Los Canelos,Herrera,324,No,Si,Compañía Distribuidora,Si,Hibrido de Fibra Coaxial,3,Bolivar Gonzalez,-80.68618298,8.1276512,1963,c0c26645-19dd-41bf-9ae5-a0ebec6c3548,1597153106568,b_ayarza,1610568175652,b_ayarza,Cable Onda,No ,No,,No ,3,6 Mb ,,
2698,C.E.B.G. Sebastian Pinzón,Herrera,Santa María,Santa María,Herrera,478,No,Si,Compañía Distribuidora,Si,Fibra Óptica,3,Saria Marciaga,-80.66217008,8.1151769,1964,d7cadedc-e9be-4adf-b350-0d5c5cc3e24e,1597153106568,b_ayarza,1610568184045,b_ayarza,CWP,No ,No,,No ,1,10 Mb ,,
2700,Escuela Salamanca,Herrera,Santa María,Los Canelos,Herrera,26,No,Si,Compañía Distribuidora,Si,Fibra Óptica,6,Maximileana Mojica,-80.73825826,8.10864396,1965,fb30f4d4-df7d-4dc7-9852-e30bb449ecce,1597153106568,b_ayarza,1610568185142,b_ayarza,Cable Onda,No ,No,,No ,1,10 Mb ,,
2703,Escuela Melania Pascal de Lopez,Herrera,Santa María,Chupampa,Herrera,126,No,Si,Compañía Distribuidora,Si,Fibra Óptica,6,Yarko B. Rodriguez,-80.77725347,8.07630214,1966,831ad36e-e399-4d6c-9bbe-0912ed13e833,1597153106568,b_ayarza,1610568190556,b_ayarza,CWP,No ,No,,No ,1,10 Mb ,,
2704,Escuela El Limón ,Herrera,Santa María,El Limón,Herrera,44,No,Si,Compañía Distribuidora,Si,Fibra Óptica,6,Celina J. Urriola Q.,-80.77482044,8.05682015,1967,467ae0cc-636b-419f-9e60-3b70838d93ec,1597153106568,b_ayarza,1610568195065,b_ayarza,Cable Onda,No ,No,,No ,1,10 Mb ,,
2705,Escuela Los Panamaes,Herrera,Santa María,Chupampa,Herrera,13,No,Si,Compañía Distribuidora,Si,Satelital,6,Mariela Tristan,-80.79540231,8.06285726,1968,87064222-92dc-4509-8707-fc97c37483a1,1597153106568,b_ayarza,1610568201558,b_ayarza,Cable Onda,No ,No,,No ,1,1.0 Mb ,,
2706,Escuela María C. de Villarreal,Herrera,Santa María,El Limón,Herrera,43,No,Si,Compañía Distribuidora,Si,Microondas,6,Olivia De Jaen,-80.74552632,8.07452899,1969,fe97c2a2-a630-48b0-926f-2986f81542ed,1597153106568,b_ayarza,1610568209245,b_ayarza,Cable Onda,No ,No,,No ,1,4 Mb ,,
3037,C.E.B.G  Cerro Tigre,Panama Oeste,Arraijan,Juan Demóstenes Arosemena,Panamá Oeste,354,No,Si,Compañía Distribuidora,Si,Hibrido de Fibra Coaxial,1-C,Taurino Delgado,-79.7072612,8.93733281,1970,e808b4dc-1cf2-4dbf-a7b5-c92b36e37e86,1597153106568,b_ayarza,1610650693439,b_ayarza,Cable Onda,No ,No,,No ,1,6 Mb ,,
3039,Escuela Leonidas Delgado Vargas,Panama Oeste,Arraijan,Juan Demóstenes Arosemena,Panamá Oeste,539,No,Si,Compañía Distribuidora,Si,Fibra Óptica,1-A,Miriam Yadira Polo Jaen,-79.71953644,8.94311768,1971,e3a4ccc5-7ba6-48de-90a9-1c89e1ed885e,1597153106568,b_ayarza,1610650694022,b_ayarza,Cable Onda,No ,No,,No ,1,10 Mb ,,
3041,C.E.B.G. Nuevo Arraiján,Panama Oeste,Arraijan,Juan Demóstenes Arosemena,Panamá Oeste,853,No,Si,Compañía Distribuidora,Si,Hibrido de Fibra Coaxial,1-C,Pricilla Murillo,-79.71984271,8.92572008,1972,92dd4ff4-fe50-4811-b199-dab24ff8df11,1597153106568,b_ayarza,1610650694841,b_ayarza,Cable Onda,No ,No,,No ,1,6 Mb ,,
3043,C.E.B.G. Nuevo Emperador,Panama Oeste,Arraijan,Nuevo Emperador,Panamá Oeste,406,No,Si,Compañía Distribuidora,Si,Hibrido de Fibra Coaxial,1-C,Lilibeth De Aleman,-79.73038831,9.00150535,1973,bee7a141-bbb1-4d9b-8477-17622c2e10e7,1597153106568,b_ayarza,1610650696521,b_ayarza,Cable Onda,No ,No,,No ,1,6 Mb ,,
3045,Escuela Santa Clara,Panama Oeste,Arraijan,Nuevo Emperador,Panamá Oeste,369,No,Si,Compañía Distribuidora,Si,Fibra Óptica,1-B,Blas Ruiz ,-79.75043283,9.03687166,1974,927cac99-5d15-4bf6-9543-0e0a35fcccf5,1597153106568,b_ayarza,1610650760335,b_ayarza,Cable Onda,No ,No,,No ,1,10 Mb ,,
3046,Escuela Huile,Panama Oeste,Arraijan,Santa Clara,Panamá Oeste,84,No,Si,Compañía Distribuidora,Si,Satelital,Dato por verificar,Dato por Verificar,-79.73428652,9.03327344,1975,cf693e4e-d164-4168-b9cd-82b9a05cf75c,1597153106568,b_ayarza,1610650762578,b_ayarza,Cable Onda,No ,No,,No ,1,1.0 Mb ,,
3048,Escuela Veracruz,Panama Oeste,Arraijan,Veracruz,Panamá Oeste,1624,No,Si,Compañía Distribuidora,Si,Fibra Óptica,1-A,Serafin Dimas,-79.62637557,8.89068818,1977,66f355b6-6793-43ed-85b7-ab6f8edc37a7,1597153106568,b_ayarza,1610650770576,b_ayarza,CWP,No ,No,,Si,1,10 Mb ,,
3050,Escuela Cosecha Amistad,Panama Oeste,Arraijan,Veracruz,Panamá Oeste,151,No,Si,Compañía Distribuidora,Si,Hibrido de Fibra Coaxial,1-A,Diana De Gomez,-79.64067081,8.8892656,1978,f63cfcf4-25f6-4d08-99a3-3c40e3776525,1597153106568,b_ayarza,1610650772610,b_ayarza,Cable Onda,No ,No,,Si,1,6 Mb ,,
3052,Escuela Koskuna,Panama Oeste,Arraijan,Veracruz,Panamá Oeste,667,No,Si,Compañía Distribuidora,Si,Hibrido de Fibra Coaxial,1-A,Enrique Bernal,-79.61546595,8.89788312,1979,42e8f3aa-9777-4b92-9aa7-fe218710235b,1597153106568,b_ayarza,1610650773405,b_ayarza,Cable Onda,No ,No,,Si,1,6 Mb ,,
3053,Escuela Roberto F. Chiari,Panama Oeste,Arraijan,Vista Alegre,Panamá Oeste,1615,No,Si,Compañía Distribuidora,Si,Hibrido de Fibra Coaxial,1-A,Alvaro Alexis Parris,-79.70259158,8.92906704,1980,be65fcda-9e3a-4f0b-a6ac-50e37a53e3fa,1597153106568,b_ayarza,1610650774764,b_ayarza,Cable Onda,No ,No,,No ,1,6 Mb ,,
3054,Escuela Brisas del Chumical,Panama Oeste,Arraijan,Vista Alegre,Panamá Oeste,848,No,Si,Compañía Distribuidora,Si,Fibra Óptica,1-A,Diana Esther Alveo De Miller,-79.69052642,8.91508137,1981,b4eca552-ba92-4fd0-a0b9-1ac26eab8f56,1597153106568,b_ayarza,1610650775596,b_ayarza,Cable Onda,No ,No,,No ,1,10 Mb ,,
3057,C.E.B.G. El Tecal,Panama Oeste,Arraijan,Vista Alegre,Panamá Oeste,817,No,Si,Compañía Distribuidora,Si,Hibrido de Fibra Coaxial,1-A,Irasema Rodriguez M.,-79.71183049,8.90095176,1982,7359d493-644f-4444-9e34-1c74e96b74a0,1597153106568,b_ayarza,1610650776265,b_ayarza,Cable Onda,No ,No,,No ,1,6 Mb ,,
3066,Escuela Loma Bonita,Panama Oeste,Arraijan,Vista Alegre,Panamá Oeste,622,No,Si,Compañía Distribuidora,Si,Hibrido de Fibra Coaxial,1-B,Juan Alberto Gonzalez,-79.69176433,8.92922302,1983,f2bb1d85-e4e5-4461-9eb4-d3f0b716c62f,1597153106568,b_ayarza,1610650785250,b_ayarza,Cable Onda,No ,No,,No ,1,6 Mb ,,
3067,C.E.B.G. Residencial Vista Alegre,Panama Oeste,Arraijan,Vista Alegre,Panamá Oeste,1830,No,Si,Compañía Distribuidora,Si,Hibrido de Fibra Coaxial,1-B,Elvin Miller,-79.70857034,8.92405387,1984,54709708-1eaa-4d25-9b8f-ee882d20e060,1597153106568,b_ayarza,1610650819382,b_ayarza,Cable Onda,No ,No,,No ,1,6 Mb ,,
3068,Escuela Nueva Jerusalén,Panama Oeste,Arraijan,Burunga,Panamá Oeste ,253,No,Si,Compañía Distribuidora,Si,Microondas,1-C,Eysi Rivas,-79.67660883,8.97892104,1985,2a5a5775-e164-4712-8d89-07c9e4380421,1597153106568,b_ayarza,1610650822994,b_ayarza,Cable Onda,No ,No,,Si ,1,10 Mb ,,
3070,C.E.B.G. José Irene Muñoz ,Panama,Balboa,San Miguel,Panamá Este,66,Si,Si,Compañía Distribuidora,Si,Microondas,12,Ricardo Rios,-78.93683715,8.45571446,1986,39504828-e1df-4472-addf-83edd6835eca,1597153106568,b_ayarza,1610650824975,b_ayarza,CWP,No ,No,,Si ,1,10 Mb ,,
3072,Escuela Isla Contadora,Panama,Balboa,Saboga,Panamá Este,18,Si,Si,Planta Eléctrica de Empresa,No,Sin Internet,12,Aracellys Gonzalez,-79.03691532,8.6286936,1987,9723f578-f992-4726-b202-f8122ba8a7d9,1597153106568,b_ayarza,1610238097065,b_ayarza,SN/SV,No ,No,,Si ,SN/SV,SN/SV,,
3076,Escuela La Ensenada,Panama,Balboa,La Ensenada,Panamá Este,8,Si,Si,Panel Solar,No,Sin Internet,12,Lisbeth Peña,-78.84640871,8.36538151,1988,c7e49af8-c2c4-42b6-b052-918b33364ed4,1597153106568,b_ayarza,1610238098785,b_ayarza,SN/SV,No ,No,,No ,SN/SV,SN/SV,,
3077,Escuela La Esmeralda,Panama,Balboa,La Ensenada,Panamá Este,49,Si,Si,Planta Eléctrica de Empresa,No,Sin Internet,12,Daysi Escobar,-78.92498938,8.26775356,1989,58517806-fff4-4e02-be54-bf175900bdb9,1597153106568,b_ayarza,1610238101769,b_ayarza,SN/SV,No ,No,,Si ,SN/SV,SN/SV,,
3078,Escuela La Guinea,Panama,Balboa,La Guinea,Panamá Este,6,Si,Si,Planta Eléctrica de Empresa,No,Sin Internet,12,Patricia Herrera,-78.93053223,8.34345394,1990,0037b4a5-999c-4e92-beef-5a27a68d4340,1597153106568,b_ayarza,1610238104292,b_ayarza,SN/SV,No ,No,,Si ,SN/SV,SN/SV,,
3079,Escuela José Dolores Luna Rivera,Panama,Balboa,Pedro González,Panamá Este,15,Si,Si,Panel Solar,No,Sin Internet,12,Zulma Gonzalez,-79.1024253,8.41420986,1991,e96bdbe1-6d66-4b7b-82d3-b6a31e9a797a,1597153106568,b_ayarza,1610238107012,b_ayarza,SN/SV,No ,No,,Si ,SN/SV,SN/SV,,
3080,Escuela Saboga,Panama,Balboa,Saboga,Panamá Este,34,Si,Si,Compañía Distribuidora,No,Sin Internet,12,Xenia Villalobos,-79.06204338,8.62717835,1992,249e5a1c-15a4-4110-a948-a5615b51e852,1597153106568,b_ayarza,1610238110802,b_ayarza,SN/SV,No ,No,,No ,SN/SV,SN/SV,,
3081,Escuela Federico Boyd,Panama Oeste,Capira,Capira,Panamá Oeste,830,No,Si,Compañía Distribuidora,Si,Hibrido de Fibra Coaxial,5,Rodolfo Vasquez,-79.87833362,8.75771956,1993,30a99976-f244-40f3-896d-77c9ce160115,1597153106568,b_ayarza,1610651622336,b_ayarza,Cable Onda,No ,No,,No ,1,6 Mb ,,
3082,I.P.T.  Capira,Panama Oeste,Capira,Capira,Panamá Oeste,1456,No,Si,Compañía Distribuidora,Si,Fibra Óptica,Dato por verificar,Dato por Verificar,-79.8631527,8.76581905,1994,77f72203-07eb-475c-ba74-e81cdfc39b1a,1597153106568,b_ayarza,1610651628321,b_ayarza,Cable Onda,No ,No,,No ,2,10 Mb ,,
3084,Escuela Cerro Cermeño,Panama Oeste,Capira,Capira,Panamá Oeste,13,No,Si,Compañía Distribuidora,Si,Fibra Óptica,5,Yarita Gonzalez,-79.83037964,8.78651375,1995,ce8be342-bf2c-4af5-907b-2ce0758e317a,1597153106568,b_ayarza,1610651629879,b_ayarza,Cable Onda,No ,No,,No ,1,10 Mb ,,
3085,Escuela Bonga Centro,Panama Oeste,Capira,Cirí Grande,Panamá Oeste,32,Si,Si,Compañía Distribuidora,Si,Fibra Óptica,7,Edwin Tejeria,-80.03385972,8.85452611,1996,c481c548-3930-4f6b-a453-06b18c47c6f5,1597153106568,b_ayarza,1610651634186,b_ayarza,Cable Onda,No ,No,,Si,1,10 Mb ,,
3086,Escuela El Harino,Panama Oeste,Capira,Cirí Grande,Panamá Oeste,78,Si,Si,Panel Solar,Si,Satelital,9,Lurys Delgado,-80.13331969,8.79214352,1997,788c2e67-c7b2-40fe-951a-bf2c48039ce7,1597153106568,b_ayarza,1610651640189,b_ayarza,Cable Onda,No ,No,,Si,1,1.0 Mb ,,
3087,Escuela La Valdesa,Panama Oeste,Capira,Caimito,Panamá Oeste,125,No,Si,Compañía Distribuidora,Si,Satelital,8,Alcibiades Castillo R.,-79.96405971,8.78790715,1998,bc5d3f01-6214-44bf-8bab-09559d64d962,1597153106568,b_ayarza,1610651644978,b_ayarza,CWP,No ,No,,No ,1,10 Mb ,,
3088,Escuela Cañazas,Panama Oeste,Capira,Caimito,Panamá Oeste,39,No,Si,Sistema Aislado para el Poblado ,No,Sin Internet,5,Rufino Martinez,-79.96592413,8.83962019,1999,f01e5e79-0b82-426f-8db1-7665518fe1b5,1597153106568,b_ayarza,1610238111455,b_ayarza,SN/SV,No ,No,,No ,SN/SV,SN/SV,,
4937,Escuela Flor de Anis,Comarca Ngabe-Bugle,Nole Duima,Hato Chamí,Comarca Ngäbe-Buglé,467,Si,Si,Panel Solar,Si,Satelital,24,Onelia Castro,-81.76558207,8.41277606,2001,416b8b21-3f3f-4d18-82da-5b7739e1dd64,1597153106568,b_ayarza,1612994415517,b_ayarza,CWP ,Si,No,,Si ,1,10 Mb ,Si ,
4939,Escuela Buena Vista,Comarca Ngabe-Bugle,Nole Duima,Jadäberi,Comarca Ngäbe-Buglé,408,Si,Si,Panel Solar,Si,Satelital,24,Rogelio De Gracia,-81.82358192,8.53980515,2002,1a812453-fc85-4690-a11f-744425878970,1597153106568,b_ayarza,1610829479512,b_ayarza,CWP ,Si,No,,Si ,1,10 Mb ,,
4940,Escuela Jenjibre,Comarca Ngabe-Bugle,Nole Duima,Jadäberi,Comarca Ngäbe-Buglé,102,Si,Si,Panel Solar,No,Sin Internet,24,Elvia Montezuma,-81.82385972,8.47119421,2003,6c617462-d93a-4cfc-bc69-65cec4849480,1597153106568,b_ayarza,1610238115877,b_ayarza,SN/SV,No ,No,,Si ,SN/SV,SN/SV,,
4941,C.E.B.G. Cerro Puerco,Comarca Ngabe-Bugle,Müna,Cerro Puerco,Comarca Ngäbe-Buglé,619,Si,Si,Panel Solar,Si,Satelital,25,Mariano Peña,-81.736303,8.316244,2004,776b9a11-9043-43b4-9f3a-1176e9a1ef20,1597153106568,b_ayarza,1610829507561,b_ayarza,Cable Onda ,No ,No,,Si ,1,2.0 Mb ,,
4943,Escuela San Cristóbal,Comarca Ngabe-Bugle,Müna,Mreeni,Comarca Ngäbe-Buglé,107,Si,Si,Panel Solar,No,Sin Internet,30,Claudina Santos,-81.53469302,8.37619457,2005,8afe6818-eb8e-4161-9f01-ee98511961e5,1597153106568,b_ayarza,1610238118969,b_ayarza,SN/SV,No ,No,,Si ,SN/SV,SN/SV,,
4944,Centro Educativo Llano Ñopo,Comarca Ngabe-Bugle,Müna,Roka,Comarca Ngäbe-Buglé,612,Si,Si,Panel Solar,Si,Satelital,29,Jose Delgado Barria,-81.61469302,8.42452779,2006,75dd820d-faa0-4cc7-a683-98c433335806,1597153106568,b_ayarza,1610829528817,b_ayarza,CWP,No ,No ,,Si ,2,10 Mb ,,
4227,Escuela Juan N. González,Veraguas,Cañazas,Los Valles,Veraguas,105,Si,Si,Panel Solar,No,Sin Internet,18,Roque Alvarado,-81.19572149,8.44556479,2007,e830ff28-838d-4610-992d-9a5e6b39b15a,1597153106568,b_ayarza,1610238120766,b_ayarza,SN/SV,No ,No,,Si ,SN/SV,SN/SV,,
4945,Escuela Alto Balsa,Comarca Ngabe-Bugle,Müna,Krüa,Comarca Ngäbe-Buglé,129,Si,Si,Panel Solar,No,Sin Internet,30,Reina Carrizo,-81.52070361,8.53625157,2008,bfea6416-801c-49ba-89a6-b658a38b23dd,1597153106568,b_ayarza,1610238122423,b_ayarza,SN/SV,No ,No,,Si ,SN/SV,SN/SV,,
4946,Escuela Portorrica,Comarca Ngabe-Bugle,Müna,Chichica,Comarca Ngäbe-Buglé,253,Si,Si,Panel Solar,Si,Satelital,28,Mario Camarena,-81.68885972,8.38425004,2009,d9c2a389-4a11-400c-9193-e72373632d9d,1597153106568,b_ayarza,1610829575903,b_ayarza,CWP,Si,No,,Si ,1,10 Mb ,,
4947,Escuela Peña Blanca ,Comarca Ngabe-Bugle,Müna,Peña Blanca,Comarca Ngäbe-Buglé,479,Si,Si,Panel Solar,Si,Satelital,26,Sdorinel Sinclair,-81.68824174,8.47074582,2010,10940cd5-4404-4665-9363-220577b0c538,1597153106568,b_ayarza,1609182939520,b_ayarza,Cable Onda,No ,Si,479.0,Si,1,2.0 Mb ,,
4949,Escuela Guari,Comarca Ngabe-Bugle,Nole Duima,Cerro Iglesias (Cabecera),Comarca Ngäbe-Buglé,173,Si,Si,Panel Solar,No,Sin Internet,23,Esther Concepcion,-81.811531,8.323596,2011,5b0f0186-71fe-4f86-b3e6-d394ce5b265d,1597153106568,b_ayarza,1610238124372,b_ayarza,SN/SV,No ,No,,Si ,SN/SV,SN/SV,,
4950,Escuela Las Tinajas,Comarca Ngabe-Bugle,Besiko,Soloy (Cabecera),Comarca Ngäbe-Buglé,89,Si,Si,Panel Solar,No,Sin Internet,15,Marta Vilchez,-82.108964,8.570145,2012,f82b9453-079a-4be8-a71b-dd7ea2d2351b,1597153106568,b_ayarza,1610238126175,b_ayarza,SN/SV,No ,No,,Si ,SN/SV,SN/SV,,
4951,Escuela Soloy,Comarca Ngabe-Bugle,Besiko,Soloy (Cabecera),Comarca Ngäbe-Buglé,558,Si,Si,Panel Solar,Si,Satelital,16,Arlyn Iglesia,-82.08376214,8.48215952,2013,411ec698-3193-4ccd-9c0a-db1e327eb4e1,1597153106568,b_ayarza,1610829595748,b_ayarza,Cable Onda,No ,Si,,Si ,1,2.0 Mb ,,
4953,Escuela Quebrada Perdiz,Comarca Ngabe-Bugle,Besiko,Niba,Comarca Ngäbe-Buglé,153,Si,Si,Panel Solar,No,Sin Internet,16,Ilsa Santos,-81.958764,8.519675,2014,6b5a27ba-a84d-4d3c-8777-1799b2ccb7ea,1597153106568,b_ayarza,1610238129697,b_ayarza,SN/SV,No ,No,,Si ,SN/SV,SN/SV,,
4954,Escuela Gasparillo,Comarca Ngabe-Bugle,Besiko,Cerro Banco,Comarca Ngäbe-Buglé,322,Si,Si,Panel Solar,No,Sin Internet,17,Saturnino Soto,-81.99368869,8.50495158,2015,7a8e8a2b-75c9-429d-9f9c-c06d86b53256,1597153106568,b_ayarza,1610238132119,b_ayarza,SN/SV,No ,No,,Si ,SN/SV,SN/SV,,
4955,Escuela Quebrada De Hacha,Comarca Ngabe-Bugle,Besiko,Cerro Banco,Comarca Ngäbe-Buglé,96,Si,Si,Panel Solar,No,Sin Internet,17,Juan Barria,-82.045688,8.476657,2016,81e9792d-f9ff-4a57-8c39-6d57c0598167,1597153106568,b_ayarza,1610238135026,b_ayarza,SN/SV,No ,No,,Si ,SN/SV,SN/SV,,
4957,Escuela Plan de Chorcha,Comarca Ngabe-Bugle,Besiko,Emplanada De Chorcha,Comarca Ngäbe-Buglé,397,Si,Si,Panel Solar,No,Sin Internet,15,Anabela Rojas,-82.16531024,8.46514513,2017,14e849da-9c4d-46cf-8579-0cf75b53b71b,1597153106568,b_ayarza,1610238137368,b_ayarza,SN/SV,No ,No,,Si ,SN/SV,SN/SV,,
4960,Escuela Boca de Remedios,Comarca Ngabe-Bugle,Besiko,Boca De Balsa,Comarca Ngäbe-Buglé,500,Si,Si,Panel Solar,Si,Satelital,16,Martin Santana,-82.04080412,8.57008273,2018,c8ac2b74-390b-46ff-adef-a99ebab9224f,1597153106568,b_ayarza,1610829614929,b_ayarza,Cable Onda,No ,No,,Si ,1,2.0 Mb ,,
4961,Escuela Boca de Balsa,Comarca Ngabe-Bugle,Besiko,Boca De Balsa,Comarca Ngäbe-Buglé,435,Si,Si,Panel Solar,Si,Satelital,16,Yaneth Torres,-82.03469312,8.53119398,2019,3635a780-2b9a-4bcd-a539-76619923ee85,1597153106568,b_ayarza,1610829660366,b_ayarza,CWP ,Si,No,,Si ,1,10 Mb ,,
4964,Escuela Cascabel,Comarca Ngabe-Bugle,Mironó,Cascabel,Comarca Ngäbe-Buglé,298,Si,Si,Panel Solar,Si,Satelital,22,Emerita  Montezuma,-81.87633,8.52575,2020,941e05bb-2f9f-42e5-b250-cc7b9113f250,1597153106568,b_ayarza,1612994425720,b_ayarza,CWP ,Si,No,,Si ,1,10 Mb ,Si ,
4965,C.E.B.G. Hato Juli,Comarca Ngabe-Bugle,Mironó,Hato Julí,Comarca Ngäbe-Buglé,594,Si,Si,Compañía Distribuidora,Si,Microondas,21,Aura Aguirre,-81.84768157,8.35260274,2021,704af8ec-08e7-439b-9f80-2f4811727810,1597153106568,b_ayarza,1610829664591,b_ayarza,Digicel ,No ,No,,Si ,1,10 Mb ,,
4966,Escuela Juay Arriba,Comarca Ngabe-Bugle,Mironó,Hato Corotú,Comarca Ngäbe-Buglé,131,Si,Si,Panel Solar,No,Sin Internet,20,Yuni Rios,-81.94163752,8.32952815,2022,005ce296-098a-415d-b7fd-23c3ea615b41,1597153106568,b_ayarza,1610238140631,b_ayarza,SN/SV,No ,No,,Si ,SN/SV,SN/SV,,
4968,Escuela Octavio López Pascal,Chiriqui,Boquete,Los Naranjos,Chiriquí,372,No,Si,Compañía Distribuidora,Si,Hibrido de Fibra Coaxial,7,Ruth Aviles,-82.44524862,8.79397075,2023,82e9789e-7ec3-4a8d-a278-b3f30669e6c0,1597153106568,b_ayarza,1610829686691,b_ayarza,Cable Onda,No ,No,,No ,1,6 Mb ,,
4510,Escuela  San José,Veraguas,Santa Fé,Calovébora,Veraguas,30,Si,Si,Panel Solar,No,Sin Internet,24,Dario Castillo,-81.036746,8.355071,2024,aa4a22d3-fe60-4a98-9458-49fc0b9fe2d9,1597153106568,b_ayarza,1610238142378,b_ayarza,SN/SV,No ,No,,Si ,SN/SV,SN/SV,,
4981,I.P.T. Unadrusia,Comarca Embera,Sambú,Río Sábalo,Comarca Emberá,0,Si,Si,Compañía Distribuidora,Si,Satelital,3,Emanuel Corpas,-78.20376486,8.01896155,2026,7f2367da-c17c-45ff-a1c0-fa5921e12ef3,1597153106568,b_ayarza,1610829710073,b_ayarza,Cable Onda,No ,No,,Si ,2,2.0 Mb ,,
4985,Escuela Caracolar,Panama Oeste,Capira,Cirí Grande,Panamá Oeste,36,Si,Si,Panel Solar,No,Sin Internet,7,Yovana M. Murillo,-80.10266912,8.76215528,2028,299c387b-6dbc-4772-9640-09b5b4c542ce,1597153106568,b_ayarza,1610238150292,b_ayarza,SN/SV,No ,No,,Si ,SN/SV,SN/SV,,
4986,Escuela Nargandi,Panama,Chepo,Comarca Madugandí,Panamá Este,131,Si,No,Dato por Verificar,No,Sin Internet,8,Liadith G. Gomez,-78.442446,9.160324,2029,68bbf0df-5083-4e3f-aa21-07d11ba7d6a5,1597153106568,b_ayarza,1610238152136,b_ayarza,SN/SV,No ,No,,Si ,SN/SV,SN/SV,,
4987,Escuela Pigandi Grande,Panama,Chepo,Tortí,Panamá Este,8,Si,No,Dato por Verificar,No,Sin Internet,7,Matilda Canto Marin,-78.15885972,8.96869225,2030,741536c1-ecbe-40c3-aac0-9adfa2db7e5b,1597153106568,b_ayarza,1610238153885,b_ayarza,SN/SV,No ,Si,8.0,Si,SN/SV,SN/SV,,
4989,Escuela Manuel Amador Guerrero,Panama,Panamá,El Chorrillo,Panamá Centro,725,No,Si,Compañía Distribuidora,Si,Hibrido de Fibra Coaxial,1,Bolivar Gaona M.,-79.54227213,8.94955164,2031,1259e316-8198-4f58-a772-679dbe52c4f8,1597153106568,b_ayarza,1610829797289,b_ayarza,Cable Onda,No ,No,,No ,1,6 Mb ,,
4991,Escuela La Siesta (Emperatriz Taboada),Panama,Panamá,Tocumen,Panamá Centro,916,No,Si,Compañía Distribuidora,Si,Fibra Óptica,10,Gladys De Aizpurua,-79.35726068,9.0788387,2032,159fae9d-3089-40ce-8455-379c3640f6e5,1597153106568,b_ayarza,1610829775435,b_ayarza,CWP,No ,No,,Si ,2,4 Mb/ 10 Mb,,
4992,Escuela Severino Hernández,Panama,San Miguelito,Mateo Iturralde,San Miguelito,631,No,Si,Compañía Distribuidora,Si,Hibrido de Fibra Coaxial,5,Evelina Meneses,-79.49552632,9.0300809,2033,04520915-3f52-46cc-a6ef-12da6c8e29c3,1597153106568,b_ayarza,1610829799257,b_ayarza,Cable Onda,No ,No,,Si ,1,6 Mb ,,
4994,Escuela El Pedregoso,Veraguas,Cañazas,El Picador,Veraguas,53,Si,Si,Panel Solar,No,Sin Internet,21,Zuleica Gonzalez,-81.2667,8.36667,2034,80b15304-014f-421f-8bd2-5246bffd5d0c,1597153106568,b_ayarza,1610238155714,b_ayarza,SN/SV,No ,No,,Si ,SN/SV,SN/SV,,
5013,I.P.T.  Rio Hato,Cocle,Antón,Río Hato,Coclé,851,No,Si,Compañía Distribuidora,Si,Hibrido de Fibra Coaxial,3,Jose A. Gonzalez A.,-80.16929227,8.38265896,2036,020bb1ae-5600-42d9-b41e-369b563f8164,1597153106568,b_ayarza,1610829839346,b_ayarza,Cable Onda,No ,No,,No ,2,6 Mb ,,
5017,Escuela Antonio José de Sucre,Chiriqui,David,David,Chiriquí,551,No,Si,Compañía Distribuidora,Si,Hibrido de Fibra Coaxial,1,Silka Isabel Rojas Arauz,-82.42886776,8.42679391,2037,43200811-7c11-4be3-99f6-518c3665e207,1597153106568,b_ayarza,1610829841088,b_ayarza,Cable Onda,No ,No,,No ,1,6 Mb ,,
5018,I.P.T. Jacoba Urriola Sólis  ,Colon,Portobelo ,Portobelo,Colón,598,No,Si,Compañía Distribuidora,Si,Fibra Óptica,4,Raquel Macias,-79.650058,9.553807,2038,5b0a186d-8eb5-4a44-98d0-7c9670694ce7,1597153106568,b_ayarza,1610829843799,b_ayarza,Cable Onda,No ,No,,No ,2,10 Mb ,,
5031,Escuela Camarón Arriba,Comarca Ngabe-Bugle,Besiko,Camaron Arriba,Comarca Ngäbe-Buglé,907,Si,Si,Panel Solar,Si,Microondas,19,Jorge Diaz,-82.03325058,8.46012227,2039,1a654659-aaf1-4dd4-a2e5-4fa132a3a204,1597153106568,b_ayarza,1610829848799,b_ayarza,Digicel ,No ,No,,Si ,1,10 Mb ,,
5032,Escuela LLano Junco,Comarca Ngabe-Bugle,Müna,Cerro Puerco,Comarca Ngäbe-Buglé,204,Si,Si,Panel Solar,No,Sin Internet,25,Cristian Pino,-81.75135972,8.36147243,2040,bac8e27c-e954-4e35-94c7-a088a2d2ee06,1597153106568,b_ayarza,1610238161243,b_ayarza,SN/SV,No ,No,,Si ,SN/SV,SN/SV,,
5033,Escuela Cerro Salitre,Comarca Ngabe-Bugle,Müna,Peña Blanca,Comarca Ngäbe-Buglé,200,Si,Si,Panel Solar,No,Sin Internet,26,Nixia Palacio,-81.72388825,8.428386,2041,c3eff438-2c31-4fa4-8901-3bf5af8d71fd,1597153106568,b_ayarza,1610238163972,b_ayarza,SN/SV,No ,No,,Si ,SN/SV,SN/SV,,
5034,Escuela Cerro Miel,Comarca Ngabe-Bugle,Müna,Peña Blanca,Comarca Ngäbe-Buglé,252,Si,Si,Panel Solar,No,Sin Internet,26,Candelaria Reyes,-81.66885972,8.43702774,2042,dbf2d2d8-1386-4c2b-a93d-bd1ba20a7e4e,1597153106568,b_ayarza,1610238168535,b_ayarza,SN/SV,No ,No,,Si ,SN/SV,SN/SV,,
5035,Escuela Cerro Algodón,Comarca Ngabe-Bugle,Müna,Diko,Comarca Ngäbe-Buglé,296,Si,Si,Panel Solar,Si,Satelital,28,Rubiela Rodriguez,-81.64512468,8.35972314,2043,0499611d-43f7-4877-bd52-9e860ddf0ffb,1597153106568,b_ayarza,1610829880213,b_ayarza,Cable Onda,No ,Si,,Si ,1,2.0 Mb ,,
5036,Escuela Guacamaya,Comarca Ngabe-Bugle,Müna,Roka,Comarca Ngäbe-Buglé,183,Si,Si,Panel Solar,No,Sin Internet,29,Deika Colindres,-81.57762107,8.55791608,2044,b07f88be-a3a3-4dbc-b2a1-9be997106af1,1597153106568,b_ayarza,1610238169176,b_ayarza,SN/SV,No ,No,,Si ,SN/SV,SN/SV,,
5038,Escuela Alto Camarón,Comarca Ngabe-Bugle,Mironó,Hato Corotú,Comarca Ngäbe-Buglé,242,Si,Si,Panel Solar,Si,Satelital,20,Danny Sanchez,-81.94969302,8.36091683,2045,1fe6bd2b-e77d-42ea-9553-9ee9edb4dcaf,1597153106568,b_ayarza,1610829900086,b_ayarza,Cable Onda,No ,No,,Si ,1,2.0 Mb ,,
5040,Escuela Lajero Arriba,Comarca Ngabe-Bugle,Nole Duima,Lajero,Comarca Ngäbe-Buglé,392,Si,Si,Panel Solar,Si,Satelital,23,Cecilia Cires,-81.76991343,8.28990123,2046,27a9fb60-27fd-482f-9660-ec9f7b7dbac4,1597153106568,b_ayarza,1610829901452,b_ayarza,Cable Onda,No ,No,,Si ,1,2.0 Mb ,,
5041,Escuela Quebrada Carrizo,Comarca Ngabe-Bugle,Müna,Ümani,Comarca Ngäbe-Buglé,195,Si,Si,Panel Solar,No,Sin Internet,25,Argelis Perez,-81.73764536,8.31717031,2047,5de17d81-a20c-41b1-8c94-4f77cd933e44,1597153106568,b_ayarza,1610238171042,b_ayarza,SN/SV,No ,No,,Si ,SN/SV,SN/SV,,
5043,Escuela Cerro Venado,Comarca Ngabe-Bugle,Müna,Bakama,Comarca Ngäbe-Buglé,100,Si,Si,Compañía Distribuidora,Si,Microondas,31,Vicente Mendoza,-81.57858192,8.22925062,2048,82616eff-2b34-4014-ad8b-52073de10bfe,1597153106568,b_ayarza,1610829917903,b_ayarza,Digicel ,No ,No,,Si ,1,4 Mb ,,
5049,Escuela Cogle,Comarca Ngabe-Bugle,Müna,Bakama,Comarca Ngäbe-Buglé,34,Si,Si,Panel Solar,No,Sin Internet,31,Roque Duarte,-81.59774862,8.23147291,2049,3be6fc1d-699f-47db-8e6d-bc70f947f275,1597153106568,b_ayarza,1610238175250,b_ayarza,SN/SV,No ,No,,Si ,SN/SV,SN/SV,,
5050,Escuela Kapandi,Panama,Chepo,Comarca Madugandí,Panamá Este,69,Si,No,Dato por Verificar,No,Sin Internet,8,Fernelis Alvarado,-78.442446,9.160324,2050,76933e6b-1487-4801-a39e-17038a53cc7d,1597153106568,b_ayarza,1610238177206,b_ayarza,SN/SV,No ,No,,Si ,SN/SV,SN/SV,,
5054,Escuela Boca de Sagui,Comarca Ngabe-Bugle,Besiko,Niba,Comarca Ngäbe-Buglé,735,Si,Si,Panel Solar,Si,Satelital,16,Humberto Staff,-81.98274862,8.55563838,2051,c0258582-1e05-4e85-bd4e-41277874ef2f,1597153106568,b_ayarza,1610829951765,b_ayarza,CWP,Si,No,,Si ,1,10 Mb ,,
5056,C.E.B.G. Hacha,Cocle,La Pintada ,Llano Grande,Coclé,21,Si,Si,Panel Solar,No,Sin Internet,20,Amarilis Juarez,-80.42635962,8.63841586,2052,180c0aaf-c8c4-40f6-aae4-60415a0a4cdc,1597153106568,b_ayarza,1610238179804,b_ayarza,SN/SV,No ,No,,No,SN/SV,SN/SV,,
5059,Escuela Diwarsicua,Panama,Chepo,Comarca Madugandí,Panamá Este,77,Si,Si,Panel Solar,No,Sin Internet,8,Evelyn Caballero,-78.442446,9.160324,2053,e811f806-a267-436e-b01e-99d05c673fc7,1597153106568,b_ayarza,1610238181663,b_ayarza,SN/SV,No ,Si,,Si ,SN/SV,SN/SV,,
5061,Escuela Chichica,Comarca Ngabe-Bugle,Müna,Chichica,Comarca Ngäbe-Buglé,329,Si,Si,Panel Solar,Si,Satelital,28,Maria Rodriguez,-81.66777928,8.36461839,2054,a5911b7a-4e28-41a2-a4f9-fd683e603b2f,1597153106568,b_ayarza,1610829954245,b_ayarza,CWP,Si,No,,Si ,1,10 Mb ,,
5063,Escuela Tijera,Comarca Ngabe-Bugle,Müna,Chichica,Comarca Ngäbe-Buglé,140,Si,Si,Panel Solar,No,Sin Internet,28,Ilka Sirex,-81.6611048,8.33028969,2055,9f66c9cf-3ff9-4b2a-811e-50a767fc8458,1597153106568,b_ayarza,1610238183525,b_ayarza,SN/SV,No ,No,,Si ,SN/SV,SN/SV,,
5064,Escuela Jengibre,Comarca Ngabe-Bugle,Besiko,Cerro De Patena,Comarca Ngäbe-Buglé,292,Si,Si,Panel Solar,No,Sin Internet,18,Jose Case,-81.93913742,8.44536101,2056,fbb60d9f-a718-404b-87e3-c272728bfc2f,1597153106568,b_ayarza,1612994442541,b_ayarza,SN/SV,No ,No,,Si ,SN/SV,SN/SV,Si ,
5065,Escuela Cerro Balsa,Comarca Ngabe-Bugle,Müna,Nibra,Comarca Ngäbe-Buglé,49,Si,Si,Panel Solar,No,Sin Internet,31,Cesar Acosta,-81.5222469,8.26704774,2057,c461cf72-977d-47c1-9af9-4f04a40ff4fa,1597153106568,b_ayarza,1610238188122,b_ayarza,SN/SV,No ,No,,Si ,SN/SV,SN/SV,,
5066,Escuela Carrizal,Comarca Ngabe-Bugle,Mironó,Cascabel,Comarca Ngäbe-Buglé,240,Si,Si,Panel Solar,Si,Satelital,22,Alvaro Gonzalez,-81.89822759,8.49624083,2058,428b9875-da07-4fb3-9ed8-067d13e55ff4,1597153106568,b_ayarza,1610829968028,b_ayarza,CWP,Si,No,,Si ,1,10 Mb ,,
5067,Escuela Los Santos,Comarca Ngabe-Bugle,Müna,Nibra,Comarca Ngäbe-Buglé,65,Si,Si,Panel Solar,No,Sin Internet,31,Adelaida Pascacio,-81.56076,8.32601,2059,379b5d14-2762-4630-a75a-b742de1b8933,1597153106568,b_ayarza,1610238189950,b_ayarza,SN/SV,No ,No,,Si ,SN/SV,SN/SV,,
5068,Escuela Llano Zeble,Comarca Ngabe-Bugle,Müna,Maraca,Comarca Ngäbe-Buglé,71,Si,Si,Panel Solar,No,Sin Internet,24,Esteban Vasquez,-81.72325,8.35709,2060,c342f44d-a9f8-4a14-b94a-6dfa3002a7b1,1597153106568,b_ayarza,1610238191873,b_ayarza,SN/SV,No ,No,,Si ,SN/SV,SN/SV,,
5069,Escuela Alto Estrella,Comarca Ngabe-Bugle,Müna,Chichica,Comarca Ngäbe-Buglé,223,Si,Si,Compañía Distribuidora,Si,Satelital,28,olmedo Mojica,-81.68239133,8.40348069,2061,1fa64206-25fc-44ea-88d4-20e1e48ca913,1597153106568,b_ayarza,1610829989156,b_ayarza,Cable Onda ,No ,No,,Si ,1,2.0 Mb ,,
5073,Escuela La Palma,Comarca Ngabe-Bugle,Müna,Ümani,Comarca Ngäbe-Buglé,28,Si,Si,Panel Solar,No,Sin Internet,27,Minerva Palacios,-81.8736742,8.2775065,2062,7929916e-ff95-473f-ae78-264aff931b77,1597153106568,b_ayarza,1610238193997,b_ayarza,SN/SV,No ,No,,Si ,SN/SV,SN/SV,,
5074,Escuela Cerro Cacicón,Comarca Ngabe-Bugle,Müna,Maraca,Comarca Ngäbe-Buglé,336,Si,Si,Panel Solar,Si,Satelital,27,Victor Gaitan,-81.71108192,8.34925027,2063,be855a1a-9fec-43ae-922d-2f1043409d63,1597153106568,b_ayarza,1610830021190,b_ayarza,CWP,Si,No,,Si ,1,10 Mb ,,
5075,Escuela LLano Majagua,Comarca Ngabe-Bugle,Müna,Maraca,Comarca Ngäbe-Buglé,262,Si,Si,Panel Solar,Si,Satelital,26,Modesto Flores,-81.72691532,8.37758347,2064,bf4cee13-bc9f-42af-bd73-85a68b7acbf4,1597153106568,b_ayarza,1610830022257,b_ayarza,CWP,Si,No,,Si ,1,10 Mb ,,
5076,Escuela Peña Prieta,Comarca Ngabe-Bugle,Müna,Maraca,Comarca Ngäbe-Buglé,359,Si,Si,Panel Solar,Si,Satelital,26,Joel Marcucci,-81.711971,8.348271,2065,1cd6c9fd-18f2-4d8e-b7a0-10fa2e7bc227,1597153106568,b_ayarza,1610830027375,b_ayarza,Cable Onda ,No ,No,,Si ,1,2.0 Mb ,,
5077,Centro Educativo Cody Steven Oser,Comarca Ngabe-Bugle,Müna,Peña Blanca,Comarca Ngäbe-Buglé,465,Si,Si,Panel Solar,No,Sin Internet,26,Higinio Cortes,-81.700126,8.41557877,2066,4b518c74-a304-4292-ac34-fff44991d28e,1597153106568,b_ayarza,1612994454955,b_ayarza,SN/SV,No ,No,,Si ,SN/SV,SN/SV,Si ,
5079,Escuela Cerro Plata,Comarca Ngabe-Bugle,Müna,Krüa,Comarca Ngäbe-Buglé,151,Si,Si,Panel Solar,No,Sin Internet,Dato por verificar,Dato por Verificar,-81.54169327,8.47563773,2067,255a0974-7e4d-4e70-9fa2-22d76d0b3af7,1597153106568,b_ayarza,1610238199425,b_ayarza,SN/SV,No ,No,,Si ,SN/SV,SN/SV,,
5082,C.E.B.G. Quebrada Arena,Comarca Ngabe-Bugle,Müna,Ümani,Comarca Ngäbe-Buglé,221,Si,Si,Panel Solar,No,Sin Internet,25,Nodiel Canto,-81.72086191,8.30642013,2068,7873ff5a-0312-4096-a0c0-d1ef7a1aaa75,1597153106568,b_ayarza,1610238201164,b_ayarza,SN/SV,No ,No,,Si ,SN/SV,SN/SV,,
5083,Escuela Chube,Comarca Ngabe-Bugle,Besiko,Niba,Comarca Ngäbe-Buglé,281,Si,Si,Panel Solar,No,Sin Internet,18,Gregorio Valdes,-81.94441532,8.53452727,2069,285fe5ae-24d8-4908-8d25-d35fad1bdfaa,1597153106568,b_ayarza,1610238204258,b_ayarza,SN/SV,No ,No,,Si ,SN/SV,SN/SV,,
5084,Escuela Hato Jobo,Comarca Ngabe-Bugle,Mironó,Hato Jobo,Comarca Ngäbe-Buglé,141,Si,Si,Panel Solar,No,Sin Internet,20,Emanuel Gallardo,-81.89812319,8.41084481,2070,9c9a0bcc-dfbc-4451-84d3-b37db706b69f,1597153106568,b_ayarza,1610238207302,b_ayarza,SN/SV,No ,No,,Si ,SN/SV,SN/SV,,
5085,Escuela La Meregilda,Chiriqui,Tolé,El Cristo,Chiriquí,98,Si,Si,Panel Solar,No,Sin Internet,28,Demetrio Carrera,-81.62663752,8.30313925,2071,1f95b1d6-761e-471f-a3f0-ae8fee603a6b,1597153106568,b_ayarza,1610238211339,b_ayarza,SN/SV,No ,No,,Si ,SN/SV,SN/SV,,
5086,Escuela Alto Conejo,Comarca Ngabe-Bugle,Müna,Roka,Comarca Ngäbe-Buglé,216,Si,Si,Panel Solar,No,Sin Internet,29,Luciano Macho,-81.61622932,8.45425939,2072,90ab605c-daaf-408e-94e2-f26f9c0c63cb,1597153106568,b_ayarza,1610238213073,b_ayarza,SN/SV,No ,No,,Si ,SN/SV,SN/SV,,
5089,C.E.B.G. Octavio Ceballos,Comarca Guna Yala ,Comarca Guna Yala ,Puerto Obaldía,Comarca Guna Yala ,105,Si,Si,Planta Eléctrica de Empresa,Si,Satelital,4,Ramon Agmes,-77.418954,8.666695,2073,3f89378b-c0fe-4aaa-b0b9-8eef22b70da1,1597153106568,b_ayarza,1610830054141,b_ayarza,Cable Onda ,No ,No,,Si ,1,2.0 Mb ,,
5093,Escuela Tabardi,Panama,Chepo,Comarca Madugandí,Panamá Este,35,Si,No,Dato por Verificar,No,Sin Internet,8,Andy Josue Sanchez,-78.61511084,9.20085657,2074,e76fa944-c056-488b-8a3c-048d6beac5e5,1597153106568,b_ayarza,1610238215042,b_ayarza,SN/SV,No ,No,,Si ,SN/SV,SN/SV,,
5096,C.E.B.G. Barrio Unido,Cocle,Penonomé,Río Indio,Coclé,37,Si,Si,Panel Solar,No,Sin Internet,8,Vielka Escobar,-80.21903,8.67767,2075,bbc53e39-a440-4f8f-be3e-c64c0652b28a,1597153106568,b_ayarza,1610238602911,b_ayarza,SN/SV,No ,Si,,Si ,SN/SV,SN/SV,,
5098,Escuela Secundaria de Aserio,Chiriqui,Bugaba,Aserrío de Gariché,Chiriquí,1150,No,Si,Compañía Distribuidora,Si,Fibra Óptica,Dato por verificar,Dato por Verificar,-82.78730978,8.49016427,2076,d22687af-3fbf-4e1f-93e0-cf2e98e2130b,1597153106568,b_ayarza,1610830081798,b_ayarza,CWP,No ,No,,No ,3,10 Mb ,,
5099,C.E.B.G. Monte Oscuro,Panama Oeste,Capira,Cermeño,Panamá Oeste,107,No,Si,Compañía Distribuidora,Si,Microondas,1,Anayansi Small,-79.80113122,8.73305796,2077,2a4e896d-0749-4c2d-ac01-d96440b33c81,1597153106568,b_ayarza,1610830079216,b_ayarza,Cable Onda ,No ,No,,No ,1,4 Mb ,,
5106,Escuela Llano San Martin,Comarca Ngabe-Bugle,Besiko,Cerro Banco,Comarca Ngäbe-Buglé,200,Si,Si,Panel Solar,No,Sin Internet,17,Roberto Palacio,-82.018961,8.467682,2078,8a4624db-60bb-4812-8846-ef276e76dc29,1597153106568,b_ayarza,1610238606362,b_ayarza,SN/SV,No ,No,,Si,SN/SV,SN/SV,,
5107,Escuela Boca de Huso,Comarca Ngabe-Bugle,Besiko,Soloy (Cabecera),Comarca Ngäbe-Buglé,87,Si,Si,Panel Solar,No,Sin Internet,16,Ernesto Palacio,-82.05191532,8.50952746,2079,97473504-822c-4387-97ec-8be4f19e0c77,1597153106568,b_ayarza,1610238616732,b_ayarza,SN/SV,No ,Si,,Si,SN/SV,SN/SV,,
5108,Escuela Cerro Viejo,Comarca Ngabe-Bugle,Besiko,Emplanada De Chorcha,Comarca Ngäbe-Buglé,69,Si,Si,Panel Solar,No,Sin Internet,15,Norma Gallardo,-82.13108192,8.48313866,2080,75c183e2-f5d4-4c78-85a4-36287854222b,1597153106568,b_ayarza,1610238626296,b_ayarza,SN/SV,No ,No,,Si,SN/SV,SN/SV,,
5113,Escuela Cerro Tula,Comarca Ngabe-Bugle,Nole Duima,Hato Chamí,Comarca Ngäbe-Buglé,258,Si,Si,Panel Solar,No,Sin Internet,24,Midalis Guerra,-81.7912957,8.39715817,2081,f3124ca6-b602-4550-9b1e-1309f6d95aa7,1597153106568,b_ayarza,1610238634760,b_ayarza,SN/SV,No ,No,,Si,SN/SV,SN/SV,,
5118,Escuela Cerro Ceniza,Comarca Ngabe-Bugle,Müna,Cerro Puerco,Comarca Ngäbe-Buglé,283,Si,Si,Panel Solar,Si,Satelital,25,Nayra Perez,-81.76174276,8.3249201,2082,e30656ed-5778-430a-a08a-0a62463f4e64,1597153106568,b_ayarza,1610830098624,b_ayarza,CWP,Si,No,,Si,1,10 Mb ,,
5122,Escuela Alto Guayabal,Comarca Ngabe-Bugle,Mironó,Salto Dupí,Comarca Ngäbe-Buglé,351,Si,Si,Panel Solar,No,Sin Internet,21,Erasmo Santos,-81.888124,8.350322,2083,446136dd-a4b1-4f31-8997-1ae809ef1fde,1597153106568,b_ayarza,1610238643219,b_ayarza,SN/SV,No ,No,,Si,SN/SV,SN/SV,,
5123,Escuela Hato Dupi,Comarca Ngabe-Bugle,Mironó,Salto Dupí,Comarca Ngäbe-Buglé,428,Si,Si,Panel Solar,No,Sin Internet,21,Cesil Cordoba,-81.887470819,8.350083569,2084,d63f8e54-f6db-4db9-95b5-822793ea3d05,1597153106568,b_ayarza,1612994468907,b_ayarza,SN/SV,No ,No,,Si,SN/SV,SN/SV,Si ,
5130,C.E.B.G. Buenos Aires,Comarca Ngabe-Bugle,Ñürüm,Buenos Aires,Comarca Ngäbe-Buglé,615,Si,Si,Panel Solar,Si,Satelital,30,Mario Atencio,-81.47544828,8.47890535,2085,c1a4ff57-d672-4a4d-95a0-c13fa335ae4a,1597153106568,b_ayarza,1610830135814,b_ayarza,Cable Onda ,No ,No,,Si,1,2.0 Mb ,,
5134,C.E.B.G. Kuerima,Comarca Ngabe-Bugle,Mironó,Hato Pilón,Comarca Ngäbe-Buglé,325,Si,Si,Compañía Distribuidora,Si,Satelital,21,Yovani Rodriguez,-81.82105799,8.35321192,2086,eef4aac9-78c8-4f84-9a54-a36c4714e8e1,1597153106568,b_ayarza,1610830182446,b_ayarza,Cable Onda ,No ,No,,Si,1,2.0 Mb ,,
5135,Escuela Kaboy,Comarca Ngabe-Bugle,Mironó,Hato Jobo,Comarca Ngäbe-Buglé,326,Si,Si,Panel Solar,Si,Satelital,20,Marco Aguirre,-81.91608192,8.3942501,2087,2bd9018b-dc3d-4a29-8544-7ded203d9bfc,1597153106568,b_ayarza,1610830130463,b_ayarza,CWP,Si,No,,Si,1,10 Mb ,,
5136,Escuela Quebrada Plata,Comarca Ngabe-Bugle,Müna,Ümani,Comarca Ngäbe-Buglé,49,Si,Si,Panel Solar,No,Sin Internet,25,Mario Gonzalez,-81.72830422,8.33730582,2088,8bed54a6-7d2f-46bf-b93c-6329c4cfe863,1597153106568,b_ayarza,1610238720866,b_ayarza,SN/SV,No ,No,,Si,SN/SV,SN/SV,,
5137,Escuela LLano Tugri,Comarca Ngabe-Bugle,Müna,Peña Blanca,Comarca Ngäbe-Buglé,297,Si,Si,Compañía Distribuidora,Si,Fibra Óptica,26,Wilson Quiroz,-81.71671871,8.48211874,2089,24383a1d-40f6-4c54-9987-5fa58c34ca7b,1597153106568,b_ayarza,1610830219885,b_ayarza,Cable Onda ,No ,No,,Si,1,10 Mb ,,
5141,Escuela San Antonio,Panama,San Miguelito,Victoriano Lorenzo,San Miguelito,205,No,Si,Compañía Distribuidora,Si,Hibrido de Fibra Coaxial,5,Enilda J. De Gonzalez,-79.505331,9.031145,2090,f1b3409d-65f0-48f0-9ba3-e9f67af11e70,1597153106568,b_ayarza,1610830221448,b_ayarza,Cable Onda ,No ,No,,Si,1,6 Mb ,,
5155,Escuela Cerro Mosquito,Comarca Ngabe-Bugle,Müna,Kikari,Comarca Ngäbe-Buglé,287,Si,Si,Panel Solar,Si,Satelital,28,Santos Dario Camarena,-81.68957595,8.35274226,2092,002b98b2-e3f8-416e-8e38-f5d2fdf161b2,1597153106568,b_ayarza,1610830246944,b_ayarza,CWP,Si,No,,Si,1,10 Mb ,,
5156,Escuela Cerro Vaca,Comarca Ngabe-Bugle,Müna,Nibra,Comarca Ngäbe-Buglé,317,Si,Si,Panel Solar,Si,Satelital,31,Aquilino Villanero,-81.56482653,8.31299932,2093,1f45f275-ff20-41f9-977d-9def23d56240,1597153106568,b_ayarza,1612994479858,b_ayarza,CWP,Si,No,,Si,1,10 Mb ,Si ,
5159,Escuela Las Trancas,Comarca Ngabe-Bugle,Müna,Cerro Caña,Comarca Ngäbe-Buglé,462,Si,Si,Panel Solar,Si,Satelital,28,Pedro Jimenes,-81.63547207,8.32438117,2094,0b4feb49-2cca-4ca5-a942-e1f28dc03140,1597153106568,b_ayarza,1610830251762,b_ayarza,CWP,Si ,No,,Si,1,10 Mb ,,
5160,Escuela Ola,Comarca Ngabe-Bugle,Nole Duima,Lajero,Comarca Ngäbe-Buglé,105,Si,Si,Panel Solar,No,Sin Internet,23,Baudilio Gonzalez,-81.74416371,8.27142654,2095,179a831c-c94f-4593-8845-9cba5bb746f0,1597153106568,b_ayarza,1610238738905,b_ayarza,SN/SV,No ,No,,Si,SN/SV,SN/SV,,
5170,Escuela Quebrada Caña ,Comarca Ngabe-Bugle,Müna,Bakama,Comarca Ngäbe-Buglé,114,Si,Si,Panel Solar,No,Sin Internet,31,Augusto Sanchez,-81.60774862,8.24425057,2097,361fd5e0-d071-4578-a871-3b5a4fa7f431,1597153106568,b_ayarza,1610238751137,b_ayarza,SN/SV,No ,No,,Si,SN/SV,SN/SV,,
5171,Escuela Alto Caña ,Comarca Ngabe-Bugle,Besiko,Soloy (Cabecera),Comarca Ngäbe-Buglé,261,Si,Si,Panel Solar,Si,Dato por Verificar ,Dato por verificar,Dato por Verificar,-82.12385972,8.52786069,2098,4595c59e-3fc7-48aa-907e-c338f1f8b7da,1597153106568,b_ayarza,1610830313007,b_ayarza,Cable Onda ,No ,No,,Si,1,2.0 Mb ,,
5172,Escuela Cerro Miel,Comarca Ngabe-Bugle,Besiko,Soloy (Cabecera),Comarca Ngäbe-Buglé,379,Si,Si,Panel Solar,Si,Satelital,15,Nidia Vergara,-82.08830412,8.51869403,2099,0219adcd-9d2d-4993-bd17-3badab572637,1597153106568,b_ayarza,1610830316239,b_ayarza,CWP,Si,No,,Si,1,10 Mb ,,
5174,Escuela Israel,Comarca Ngabe-Bugle,Besiko,Soloy (Cabecera),Comarca Ngäbe-Buglé,112,Si,Si,Panel Solar,No,Sin Internet,15,Marcelina Bejerano,-82.11011711,8.48152575,2100,0f0676b8-2a0f-44d8-a321-88a01e0789d2,1597153106568,b_ayarza,1610238760655,b_ayarza,SN/SV,No ,Si,,Si,SN/SV,SN/SV,,
5176,Escuela Escobal,Comarca Ngabe-Bugle,Besiko,Camaron Arriba,Comarca Ngäbe-Buglé,234,Si,No,Dato por Verificar,No,Sin Internet,19,Veronica Talin,-82.00302642,8.41563882,2101,90127cde-8691-40ec-9dc3-9c54c1e671e3,1597153106568,b_ayarza,1610238768681,b_ayarza,SN/SV,No ,No,,Si,SN/SV,SN/SV,,
3682,P.C. Panamá,Panama,Panamá,Bella Vista,Panamá Centro,799,No,Si,Compañía Distribuidora,Si,Hibrido de Fibra Coaxial,2,Lourdes Ramos De Cuevas,-79.53350447,8.97553895,2102,49c0d723-6fc0-4492-9be4-b48e4d2b2f96,1597153106568,b_ayarza,1610729711571,b_ayarza,Cable Onda ,No ,No,,No ,2,6 Mb ,,
3207,Escuela San Francisco de Piriati,Panama,Chepo,Tortí,Panamá Este,44,No,Si,Planta Eléctrica de Empresa,No,Sin Internet,6,Iris Catillo,-78.68163456,9.07729102,2103,f0d149ef-a520-4cfb-aaf1-b62aff0563ac,1597153106568,b_ayarza,1610238776917,b_ayarza,SN/SV,No ,Si,,Si,SN/SV,SN/SV,,
3900,Escuela Juan Gil,Panama,Panamá,San Martín,Panamá Centro,68,No,Si,Compañía Distribuidora,Si,Fibra Óptica,12,Silvia Cianca,-79.25663752,9.18008028,2104,bb3a99cd-4f5d-4317-ab61-2693efc95734,1597153106568,b_ayarza,1610731297661,b_ayarza,Cable Onda ,No ,No,,Si,1,10 Mb ,,
4362,C.E.B.G. El Pixvae,Veraguas,Las Palmas,Pixvae,Veraguas,49,Si,Si,Panel Solar,Si,Satelital,26,Jorge Gonzalez,-81.57723652,7.83300545,2105,528bfda5-1a75-4012-9d16-ef1112c88df3,1597153106568,b_ayarza,1610741818570,b_ayarza,Cable Onda ,No ,No,,Si ,1,2.0 Mb ,,
4512,Escuela Urracá,Veraguas,Santa Fé,Calovébora,Veraguas,60,Si,Si,Panel Solar,No,Sin Internet,24,Javier Forero,-80.96733165,8.11286743,2106,acf8bb42-1685-41e2-91bd-bb4fb6d69a48,1597153106568,b_ayarza,1610238784636,b_ayarza,SN/SV,No ,No,,Si ,SN/SV,SN/SV,,
4098,Escuela Tara,Veraguas,Atalaya,El Barrito,Veraguas,6,No,Si,Compañía Distribuidora,Si,Satelital,5,Jose Solis,-80.95590074,7.99261135,2107,9f648816-a43c-457c-bb5e-3714fa905244,1597153106568,b_ayarza,1610734649452,b_ayarza,CWP ,No ,No,,No ,1,4 Mb ,,
3360,Escuela Jose Sotero Angulo,Panama,Chimán,Chimán,Panamá Este,100,Si,Si,Planta Eléctrica de Empresa,No,Sin Internet,11,Melida Vergara,-78.63302632,8.71508216,2108,27d05348-8ae4-4c06-8eec-b6bb3a5bf657,1597153106568,b_ayarza,1610238861278,b_ayarza,SN/SV,No ,No,,Si,SN/SV,SN/SV,,
4681,Escuela Las Blanditas,Veraguas,Santiago,Ponuga,Veraguas,6,Si,Si,Panel Solar,No,Sin Internet,5,Yanin Mendoza,-81.03277452,7.81824169,2109,989356a1-dfca-4fbd-b33b-805cc07744e4,1597153106568,b_ayarza,1610238868718,b_ayarza,SN/SV,No ,No,,No ,SN/SV,SN/SV,,
3687,C.E.B.G. Ricardo Miro,Panama,Panamá,Pueblo Nuevo,Panamá Centro,358,No,Si,Compañía Distribuidora,Si,Hibrido de Fibra Coaxial,2,Yeneira Dominguez,-79.5235252,8.99934277,2110,aebf519a-e81e-427b-9d77-2f903f3c07d7,1597153106568,b_ayarza,1610729712196,b_ayarza,Cable Onda ,No ,No,,No ,1,6 Mb ,,
3688,Instituto Comercial Panama,Panama,Panamá,Pueblo Nuevo,Panamá Centro,2904,No,Si,Compañía Distribuidora,Si,Hibrido de Fibra Coaxial,3,Griselda Poveda,-79.51087574,9.01643581,2111,9417a45a-f33d-4af4-964d-af2083bfc225,1597153106568,b_ayarza,1610729713461,b_ayarza,Cable Onda ,No ,No,,No ,2,6 Mb ,,
3694,C.E.B.G. Francisco Arias Paredes,Panama,Panamá,Pueblo Nuevo,Panamá Centro,383,No,Si,Compañía Distribuidora,Si,Hibrido de Fibra Coaxial,1,Emigdalia Lasso,-79.51608192,9.01230317,2113,a93f4d4b-5a60-47ee-bebb-0640f1106631,1597153106568,b_ayarza,1610729785526,b_ayarza,Cable Onda ,No ,No,,No ,1,6 Mb ,,
3696,Escuela Federico A. Velásquez,Panama,Panamá,San Francisco,Panamá Centro,182,No,Si,Compañía Distribuidora,Si,Hibrido de Fibra Coaxial,5,Roberto Solis,-79.50586419,8.98351271,2114,bf7d9ab5-1ff0-4efe-9534-7dc17b7f4f2c,1597153106568,b_ayarza,1610729794715,b_ayarza,Cable Onda ,No ,No,,No ,1,6 Mb ,,
3702,Escuela Profesional Isabel Herrera Obaldía,Panama,Panamá,San Francisco,Panamá Centro,1571,No,Si,Compañía Distribuidora,Si,Hibrido de Fibra Coaxial,8,Martin L. Jones G.,-79.51277669,8.98348378,2115,55b3a19b-a947-4bf1-aa94-e58378c9e2e5,1597153106568,b_ayarza,1610831881379,b_ayarza,Cable Onda ,No ,No,,No ,3,6 Mb ,,
3703,Escuela Richard Neumann,Panama,Panamá,San Francisco,Panamá Centro,804,No,Si,Compañía Distribuidora,Si,Hibrido de Fibra Coaxial,8,Virgilio De Sedas,-79.51416096,8.98125723,2116,54af0c01-d859-466a-88f6-c101422b6ef3,1597153106568,b_ayarza,1610729787636,b_ayarza,Cable Onda ,No ,No,,No ,3,6 Mb ,,
3704,Colegio José A. Remón Cantera,Panama,Panamá,San Francisco,Panamá Centro,1811,No,Si,Compañía Distribuidora,Si,Hibrido de Fibra Coaxial/Fibra Óptica,7,Luis Mosquera,-79.51345439,8.98192905,2117,eab970e5-7426-4976-bbe7-0a6d5b65dd74,1597153106568,b_ayarza,1610729795056,b_ayarza,Cable Onda ,No ,No,,No ,3,10 Mb ,,
3709,Escuela Doctor Belisario Porras,Panama,Panamá,San Francisco,Panamá Centro,627,No,Si,Compañía Distribuidora,Si,Hibrido de Fibra Coaxial,6,Elisa Nuñez,-79.50424053,8.98905927,2118,20a3d94f-f57b-4edb-8955-124b5e7f7267,1597153106568,b_ayarza,1610729796460,b_ayarza,Cable Onda ,No ,No,,No ,2,6 Mb ,,
3710,Escuela República de Puerto Rico,Panama,Panamá,San Francisco,Panamá Centro,325,No,Si,Compañía Distribuidora,Si,Hibrido de Fibra Coaxial,6,Indira Antonia Ruiz,-79.51417882,8.99879483,2119,0ad47d8b-9f85-4756-a72c-5494d51f6a5a,1597153106568,b_ayarza,1610729799468,b_ayarza,Cable Onda ,No ,No,,No ,1,6 Mb ,,
3713,Escuela República De Finlandia,Panama,Panamá,San Francisco,Panamá Centro,221,No,Si,Compañía Distribuidora,Si,Hibrido de Fibra Coaxial,12,Clara De Camarena,-79.51236893,8.97991624,2120,c4f77ea0-4e57-4c80-9156-83afbd68c474,1597153106568,b_ayarza,1610729822944,b_ayarza,Cable Onda ,No ,No,,No ,1,6 Mb ,,
3714,C.E.B.G. República de Haiti,Panama,Panamá,Parque Lefevre,Panamá Centro,760,No,Si,Compañía Distribuidora,Si,Hibrido de Fibra Coaxial,8,Cecilio Ramos,-79.492249,9.018617,2121,b31c1824-612a-46da-9d6e-d3e058c3621d,1597153106568,b_ayarza,1610729840484,b_ayarza,Cable Onda ,No ,No,,No ,1,6 Mb ,,
3718,Instituto José Dolores Moscote,Panama,Panamá,Parque Lefevre,Panamá Centro,2917,No,Si,Compañía Distribuidora,Si,Hibrido de Fibra Coaxial/Fibra Óptica,7,Luz M. De Camaño,-79.48885972,9.01952544,2122,a1f825e0-cfd8-490d-9e24-836cc2122855,1597153106568,b_ayarza,1610729863723,b_ayarza,Cable Onda ,No ,No,,No ,4,3-6 Mb/ 1-10 Mb,,
3725,Escuela María Ossa de Amador,Panama,Panamá,Parque Lefevre,Panamá Centro,645,No,Si,Compañía Distribuidora,Si,Hibrido de Fibra Coaxial,5,Saturnino Hernandez,-79.50108192,9.01091428,2124,22f17eaa-fe88-45f7-bc62-40a82eecfd0b,1597153106568,b_ayarza,1610729899139,b_ayarza,Cable Onda ,No ,No,,No ,1,6 Mb ,,
4228,Escuela Los Pilones,Veraguas,Cañazas,Los Valles,Veraguas,15,Si,Si,Panel Solar,No,Sin Internet,18,Jose Barria,-81.22358192,8.39091682,2125,896c88cd-5986-42cd-bcb7-5e2d47e9e13a,1597153106568,b_ayarza,1610238920481,b_ayarza,SN/SV,No ,No,,Si ,SN/SV,SN/SV,,
3726,Escuela Juan B. Sosa,Panama,Panamá,Parque Lefevre,Panamá Centro,637,No,Si,Compañía Distribuidora,Si,Hibrido de Fibra Coaxial,5,Mira Zulema Barrios,-79.49324355,9.00769926,2126,0f322883-bc67-4c10-8a05-6dd4f98ac7ec,1597153106568,b_ayarza,1610729899565,b_ayarza,Cable Onda ,No ,No,,No ,1,6 Mb ,,
3727,Escuela Manuel Espinosa Batista,Panama,Panamá,Parque Lefevre,Panamá Centro,424,No,Si,Compañía Distribuidora,Si,Hibrido de Fibra Coaxial,5,Enna Alonso  De Espino,-79.504048,9.004283,2127,b826bf85-b6ce-462a-bc63-5028d136be12,1597153106568,b_ayarza,1610729900457,b_ayarza,Cable Onda ,No ,No,,No ,1,6 Mb ,,
3729,Escuela Sara Sotillo,Panama,Panamá,Parque Lefevre,Panamá Centro,362,No,Si,Compañía Distribuidora,Si,Hibrido de Fibra Coaxial,5,Zaida Iveth Santos,-79.48552642,9.01258097,2128,68f5f8a3-a073-4b86-95a8-62333e74efcd,1597153106568,b_ayarza,1610729901112,b_ayarza,Cable Onda ,No ,No,,No ,1,6 Mb ,,
3730,Escuela Mateo Iturralde,Panama,Panamá,Río Abajo,Panamá Centro,239,No,Si,Compañía Distribuidora,Si,Hibrido de Fibra Coaxial,5,Somaira De Bethancourt,-79.492522,9.026181,2129,cc93ff36-f4ce-4746-9287-8e9ff804bbc6,1597153106568,b_ayarza,1610729901784,b_ayarza,Cable Onda ,No ,No,,No ,1,6 Mb ,,
3732,Centro Educativo Estado De Libia,Panama,Panamá,Río Abajo,Panamá Centro,568,No,Si,Compañía Distribuidora,Si,Hibrido de Fibra Coaxial,5,Nidia E. Perez,-79.499372,9.023732,2130,d2b3ef73-2bb4-4579-955f-ff0d47e09d5e,1597153106568,b_ayarza,1610729904374,b_ayarza,Cable Onda ,No ,No,,No ,1,6 Mb ,,
3736,Escuela Villa Catalina,Panama,Panamá,Juan Díaz,Panamá Centro,339,No,Si,Compañía Distribuidora,Si,Hibrido de Fibra Coaxial,5,Maria Sosa,-79.414696,9.061474,2131,8f7ceced-2549-40cd-bc46-d249b5c1e251,1597153106568,b_ayarza,1610729924912,b_ayarza,Cable Onda ,No ,No,,Si ,1,6 Mb ,,
3737,Escuela José María Torrijos,Panama,Panamá,Juan Díaz,Panamá Centro,503,No,Si,Compañía Distribuidora,Si,Hibrido de Fibra Coaxial,5,Jacqueline De Portocarrero,-79.42774862,9.04424754,2132,cc87666c-81ad-457c-9c21-6886359f6084,1597153106568,b_ayarza,1610730035020,b_ayarza,Cable Onda ,No ,No,,Si ,1,6 Mb ,,
3738,Escuela República de Guatemala,Panama,Panamá,Juan Díaz,Panamá Centro,623,No,Si,Compañía Distribuidora,Si,Hibrido de Fibra Coaxial,5,Marlene Cedeño,-79.43219302,9.04952532,2133,5f12fcdb-a6ad-428e-af68-995034782b77,1597153106568,b_ayarza,1610730037173,b_ayarza,Cable Onda ,No ,No,,Si ,1,6 Mb ,,
3741,Escuela Carmen Sole Bosch,Panama,Panamá,Juan Díaz,Panamá Centro,437,No,Si,Compañía Distribuidora,Si,Hibrido de Fibra Coaxial,5,Griselda Perez,-79.463299,9.043643,2134,926784a8-9edd-4676-a2d5-6734fc23ceef,1597153106568,b_ayarza,1610730042677,b_ayarza,Cable Onda ,No ,No,,Si ,1,6 Mb ,,
3742,I.P.T. Don Bosco,Panama,Panamá,Juan Díaz,Panamá Centro,1913,No,Si,Compañía Distribuidora,Si,Hibrido de Fibra Coaxial/Fibra Óptica,13,Manuel Landero,-79.41409561,9.04997338,2135,518e1db9-04bf-4e0e-b163-cd5aad6f0f7d,1597153106568,b_ayarza,1610730054183,b_ayarza,Cable Onda ,No ,No,,Si ,3,2-6 Mb / 10 Mb,,
3743,I.P.T. Juan Diaz,Panama,Panamá,Juan Díaz,Panamá Centro,1781,No,Si,Compañía Distribuidora,Si,Hibrido de Fibra Coaxial,8,Iris Caballero,-79.44469302,9.03758087,2136,ae334910-2e3f-4b83-915d-5b5489b6e2d0,1597153106568,b_ayarza,1610730065321,b_ayarza,Cable Onda ,No ,No,,Si ,2,6 Mb ,,
3746,C.E.B.G. Ernesto T. Lefevre,Panama,Panamá,Juan Díaz,Panamá Centro,413,No,Si,Compañía Distribuidora,Si,Hibrido de Fibra Coaxial,6,Aurora Ayala,-79.44747082,9.04563634,2137,91cdf8c6-10a1-4400-aaa9-6bf5dce74c7b,1597153106568,b_ayarza,1610730067141,b_ayarza,Cable Onda ,No ,No,,Si ,1,6 Mb ,,
3747,Colegio Secundario Elena Chavez de Pinate,Panama,Panamá,Juan Díaz,Panamá Centro,1719,No,Si,Compañía Distribuidora,Si,Hibrido de Fibra Coaxial,7,Mario Meza,-79.44348405,9.03940235,2138,4b0c9608-0b4c-418c-9148-48ca84ceb482,1597153106568,b_ayarza,1610730081321,b_ayarza,Cable Onda ,No ,No,,Si ,2,6 Mb ,,
3761,Escuela Marcia A. de Canellas,Panama,Panamá,Pedregal,Panamá Centro,65,No,Si,Compañía Distribuidora,Si,Fibra Óptica,12,Yaritzi Rodriguez,-79.43103713,9.10823373,2139,50a0c89a-b72d-4dd6-920b-8ec824199f8b,1597153106568,b_ayarza,1610730089224,b_ayarza,Cable Onda ,No ,No,,Si ,1,10 Mb ,,
3762,Escuela Don Bosco,Panama,Panamá,Juan Díaz,Panamá Centro,708,No,Si,Compañía Distribuidora,Si,Hibrido de Fibra Coaxial,5,Hilma Yolanda Brown,-79.41552632,9.05063642,2140,25a55920-c51e-4325-a5cb-ebefb0b859bc,1597153106568,b_ayarza,1610730160288,b_ayarza,Cable Onda ,No ,No,,Si ,1,6 Mb ,,
3763,Escuela Federico Escobar,Panama,Panamá,Juan Díaz,Panamá Centro,1101,No,Si,Compañía Distribuidora,Si,Hibrido de Fibra Coaxial,5,Zobeida Montilla,-79.42052632,9.05063642,2141,dd1c6989-6d6c-4475-b6cd-0eaed1fd7413,1597153106568,b_ayarza,1610730161318,b_ayarza,Cable Onda ,No ,No,,Si ,1,6 Mb ,,
3765,Escuela Toribio Berrio Sosa,Panama,Panamá,Juan Díaz,Panamá Centro,371,No,Si,Compañía Distribuidora,Si,Hibrido de Fibra Coaxial,5,Maria Angelica Cuevas,-79.44330412,9.04008086,2142,d140b619-3bbb-4b8d-a855-22a58bf81f23,1597153106568,b_ayarza,1610730162104,b_ayarza,Cable Onda ,No ,No,,Si ,1,6 Mb ,,
3767,Escuela La Concepción,Panama,Panamá,Juan Díaz,Panamá Centro,411,No,Si,Compañía Distribuidora,Si,Hibrido de Fibra Coaxial,5,Norma Cedeño,-79.42997082,9.04869192,2143,cd6025a9-6311-460c-a60c-ab5f794372b1,1597153106568,b_ayarza,1610730168425,b_ayarza,Cable Onda ,No ,No,,Si ,1,6 Mb ,,
3768,Escuela Gaspar octavio Hernández,Panama,Panamá,Juan Díaz,Panamá Centro,174,No,Si,Compañía Distribuidora,Si,Hibrido de Fibra Coaxial,6,Guillermina Chacon,-79.46830412,9.04146975,2144,0a1fa15b-18c8-4080-a8e7-01433c3ca749,1597153106568,b_ayarza,1610730173757,b_ayarza,Cable Onda ,No ,No,,Si ,1,6 Mb ,,
3769,Escuela Narciso Garay,Panama,Panamá,Pedregal,Panamá Centro,1023,No,Si,Compañía Distribuidora,Si,Fibra Óptica,9,Roxana De Espinoza,-79.43604952,9.07729257,2145,e03f0c28-b06d-4387-ad24-1a5f612f7a96,1597153106568,b_ayarza,1610730177726,b_ayarza,CWP,No ,No,,Si ,1,10 Mb ,,
3771,Escuela Cirilo J. Martínez,Panama,Panamá,Pedregal,Panamá Centro,1558,No,Si,Compañía Distribuidora,Si,Fibra Óptica,9,Martina Castillo De Gonzalez,-79.4248,9.071555,2146,1ec72a43-2ef5-4dc6-a96b-14a1d3073577,1597153106568,b_ayarza,1610730183213,b_ayarza,CWP,No ,No,,Si ,1,10 Mb ,,
3775,C.E.B.G. Ascanio Villalaz Paz,Panama,Panamá,Pedregal,Panamá Centro,357,No,Si,Compañía Distribuidora,Si,Hibrido de Fibra Coaxial,9,Doris E. Brown Ch.,-79.419904,9.076642,2147,859a0b84-b747-4480-858f-e0137fe7a2e0,1597153106568,b_ayarza,1610730187251,b_ayarza,Cable Onda ,No ,No,,Si ,1,6 Mb ,,
3779,Escuela Gran Bretaña,Panama,Panamá,Pedregal,Panamá Centro,1430,No,Si,Compañía Distribuidora,Si,Fibra Óptica,9,Casilda Eneida Perez,-79.43080412,9.06230297,2148,e4d37bd7-545d-4951-95da-879a06ed88e6,1597153106568,b_ayarza,1610730256522,b_ayarza,CWP,No ,No,,Si ,2,10 Mb ,,
3780,Escuela Santa Cruz,Panama,Panamá,Pedregal,Panamá Centro,522,No,Si,Compañía Distribuidora,Si,Microondas,9,Jose Camarena,-79.44314535,9.11002168,2149,0a7f7b19-dd1e-4d18-80a3-e707480108b1,1597153106568,b_ayarza,1610730257897,b_ayarza,Cable Onda ,No ,No,,Si ,1,10 Mb ,,
3781,Escuela Doctor Juan Arturo Martinelli Sosa,Panama,Panamá,Pedregal,Panamá Centro,86,No,Si,Compañía Distribuidora,Si,Fibra Óptica,12,Marbella M. Hidalgo,-79.45441532,9.11035837,2150,ab926c51-d51f-4c6b-a7ef-2c47fddb4633,1597153106568,b_ayarza,1610730259194,b_ayarza,Cable Onda ,No ,No,,Si ,1,10 Mb ,,
3782,Escuela Jose Pablo Paredes,Panama,Panamá,Pedregal,Panamá Centro,581,No,Si,Compañía Distribuidora,Si,Hibrido de Fibra Coaxial,9,Irina Aguilar De Castanedas,-79.42501974,9.09982489,2151,4957bc2b-9055-449f-b572-3b0fd5b06530,1597153106568,b_ayarza,1610730263375,b_ayarza,Cable Onda ,No ,No,,Si ,1,6 Mb ,,
3791,Escuela Omar Torrijos H.,Panama,Panamá,Ancón,Panamá Centro,710,No,Si,Compañía Distribuidora,Si,ADSL,1,Yolanda Gustave,-79.62644776,9.02943419,2154,8b46bc5b-6a40-4bc9-884d-9fd6c4c64585,1597153106568,b_ayarza,1610730343919,b_ayarza,CWP,No ,No,,Si ,1,6 Mb ,,
3792,Escuela Tomas Arias,Panama,Panamá,Chilibre,Panamá Norte,982,No,Si,Compañía Distribuidora,Si,Fibra Óptica,2,Octavio Quijada,-79.61218092,9.17459727,2155,3bedb541-7f43-4662-8ca2-f2186726a6e5,1597153106568,b_ayarza,1610730395223,b_ayarza,CWP,No ,No,,Si ,1,10 Mb ,,
3793,Escuela Presidente John F. Kennedy,Panama,Panamá,Chilibre,Panamá Norte,1383,No,Si,Compañía Distribuidora,Si,Fibra Óptica,2,Maria Q. De Salazar,-79.60384873,9.12219179,2156,d0601584-861b-4d66-bb43-93d201d3ca92,1597153106568,b_ayarza,1610730396827,b_ayarza,CWP,No ,No,,Si ,2,10 Mb ,,
3794,Escuela Villa Unida,Panama,Panamá,Chilibre,Panamá Norte,547,No,Si,Compañía Distribuidora,Si,Fibra Óptica,3,Olivia De Corrales,-79.62407351,9.19113922,2157,9b6e034a-961e-422a-9a54-ec4c13da570d,1597153106568,b_ayarza,1610730404820,b_ayarza,Cable Onda ,No ,No,,Si ,1,10 Mb ,,
3795,Escuela Tranquilla,Panama,Panamá,Caimitillo,Panamá Norte,20,Si,Si,Panel Solar,No,Sin Internet,1,Eleuteria Abrego,-79.55552632,9.24146893,2158,b47de5aa-0a30-47fd-848e-32152dda1186,1597153106568,b_ayarza,1610238924506,b_ayarza,SN/SV,No ,No,,Si ,SN/SV,SN/SV,,
3797,C.E.B.G. San Juan de Pequeni Rural,Panama,Panamá,Caimitillo,Panamá Norte,42,Si,Si,Panel Solar,Si,Satelital,1,Anel Avila,-79.52552632,9.38119054,2159,44f1cb7d-099f-4ec4-bba3-c9ac18e3aa9c,1597153106568,b_ayarza,1610831900338,b_ayarza,Cable Onda ,No ,No,,Si ,1,2.0 Mb ,,
3798,C.E.B.G. Nuevo Caimitillo,Panama,Panamá,Caimitillo,Panamá Norte,387,No,Si,Compañía Distribuidora,Si,Satelital,2,Nidia De Chambers,-79.538512,9.152804,2160,9554dce9-d146-4540-924a-accdfc0ba636,1597153106568,b_ayarza,1612994372754,b_ayarza,Cable Onda ,No ,No,,Si ,1,10 Mb ,Si ,
3799,Escuela San Juan de Pequeni (Indigena),Panama,Panamá,Caimitillo,Panamá Norte,23,Si,No,Dato por Verificar,No,Sin Internet,1,Saul Torres,-79.52580412,9.37785726,2161,ccf05a33-945e-4a00-bb82-36fb78543a70,1597153106568,b_ayarza,1610238928240,b_ayarza,SN/SV,No ,No,,Si ,SN/SV,SN/SV,,
3808,I.P.T. Chilibre,Panama,Panamá,Chilibre,Panamá Norte,528,No,Si,Compañía Distribuidora,Si,Fibra Óptica,1,Nicolas Caballero,-79.62469312,9.19119134,2162,255de2bd-88a9-4bde-ae11-f3500d4b8cce,1597153106568,b_ayarza,1610730473073,b_ayarza,Cable Onda ,No ,No,,Si ,2,10 Mb ,,
3813,Escuela Penas Blanca,Panama,Panamá,Caimitillo,Panamá Norte,9,Si,No,Dato por Verificar,No,Sin Internet,Dato por verificar,Dato por Verificar,-79.57024862,9.27924647,2163,778488fb-5597-4a8b-af0b-f4576b10d62f,1597153106568,b_ayarza,1610238930942,b_ayarza,SN/SV,No ,No,,Si ,SN/SV,SN/SV,,
3815,Escuela Emberá 2.60,Panama,Panamá,Caimitillo,Panamá Norte,20,Si,Si,Panel Solar,Si,Satelital,1,Marilyn De Cumberbatch,-79.51524862,9.26535763,2164,9a58a900-a00d-40f0-9952-d2ce587f0345,1597153106568,b_ayarza,1610730524172,b_ayarza,Cable Onda ,No ,No,,Si ,1,2.0 Mb ,,
3816,C.E.B.G.  María la Torre,Panama,Panamá,Caimitillo,Panamá Norte,930,No,Si,Compañía Distribuidora,Si,Microondas,2,Gabriel Gaitan,-79.56247082,9.17146922,2165,5dbd8d30-f095-475c-a477-19be83d5e97c,1597153106568,b_ayarza,1610730527079,b_ayarza,Cable Onda ,No ,No,,Si ,1,10 Mb ,,
3817,Escuela Domingo Romero,Panama,Panamá,Caimitillo,Panamá Norte,424,No,Si,Compañía Distribuidora,Si,Microondas,2,Maritza Sanjur,-79.53191532,9.17035812,2166,85ddda85-5b3d-41f6-b103-581451bdf52f,1597153106568,b_ayarza,1610730527844,b_ayarza,Cable Onda ,No ,No,,Si ,1,10 Mb ,,
3818,Escuela El  Naju,Panama,Panamá,Caimitillo,Panamá Norte,502,No,Si,Compañía Distribuidora,Si,Microondas,3,Ana Paula Perez,-79.58858192,9.15730258,2167,cbca5f41-20cd-4a71-8881-76d28b9ed32e,1597153106568,b_ayarza,1610730528505,b_ayarza,Cable Onda ,No ,No,,Si ,1,10 Mb ,,
3819,Centro  Educativo José Artigas,Panama,San Miguelito,Chilibre,Panamá Norte,2008,No,Si,Compañía Distribuidora,Si,Fibra Óptica,3,Abdiel Gonzalez,-79.541003,9.159354,2168,8aba91bf-8436-4deb-8889-769eb3dbcf20,1597153106568,b_ayarza,1610730529298,b_ayarza,Cable Onda ,No ,No,,Si ,2,10 Mb ,,
3820,Escuela Quebrada Ancha,Panama,Panamá,Caimitillo,Panamá Norte,5,Si,Si,Planta Eléctrica de Empresa,No,Sin Internet,1,Maria Marin,-79.55969302,9.31507972,2169,4c2a99f2-3378-4851-b423-0965141358c7,1597153106568,b_ayarza,1610238933003,b_ayarza,SN/SV,No ,No,,Si ,SN/SV,SN/SV,,
3821,C.E.B.G. Victoriano Lorenzo,Panama,Panamá,Caimitillo,Panamá Norte,90,Si,Si,Panel Solar,No,Sin Internet,1,Evidelia Gutierrez,-79.54274862,9.22730229,2170,65d0863b-075f-41d8-9230-eda8a3646d55,1597153106568,b_ayarza,1610238934925,b_ayarza,SN/SV,No ,No,,Si ,SN/SV,SN/SV,,
3822,Escuela Don Bosco Rural,Panama,Panamá,Chilibre,Panamá Norte,188,No,Si,Compañía Distribuidora,Si,Microondas,1,Ruth B. Moran,-79.60690555,9.13874385,2171,3ace039f-adc3-4b41-8e9e-476e04d21867,1597153106568,b_ayarza,1610730572294,b_ayarza,Cable Onda ,No ,No,,Si ,1,10 Mb ,,
3823,Escuela Santos Jorge A.,Panama,Panamá,Chilibre,Panamá Norte,756,No,Si,Compañía Distribuidora,Si,Microondas,3,Silvia Gil,-79.61969302,9.15480259,2172,2ab774e8-db4e-45cc-9780-2d7a2a81e7cc,1597153106568,b_ayarza,1610730573930,b_ayarza,Cable Onda ,No ,No,,Si ,1,10 Mb ,,
3824,C.E.B.G. Presidente Roosevelt,Panama,Panamá,Chilibre,Panamá Norte,1572,No,Si,Compañía Distribuidora,Si,Fibra Óptica,2,Bienvenido Bejarano,-79.61843152,9.16443533,2173,c4c59f22-cb72-4130-8e13-e0549a657188,1597153106568,b_ayarza,1610730598748,b_ayarza,CWP,No ,No,,Si ,2,10 Mb ,,
3825,Escuela Nicole Garay,Panama,Panamá,Alcalde Díaz,Panamá Norte,983,No,Si,Dato por Verificar,Si,Fibra Óptica,2,Antonio Ureña,-79.57152162,9.12564447,2174,961090f8-f654-4047-8c81-a6205af80a01,1597153106568,b_ayarza,1610730599566,b_ayarza,CWP,No ,No,,Si ,2,10 Mb ,,
3827,Centro San Juan Pablo II,Panama,Panamá,Ernesto Córdoba Campos,Panamá Norte,1085,No,Si,Compañía Distribuidora,Si,Fibra Óptica,2,Rosa Almanza,-79.536157,8.968219,2175,d949d738-26ea-45f2-9f50-556613c52281,1597153106568,b_ayarza,1610730600957,b_ayarza,CWP,No ,No,,Si ,1,10 Mb ,,
3829,Escuela San Pablo y Villanueva,Panama,Panamá,Las Cumbres,Panamá Norte,1030,No,Si,Compañía Distribuidora,Si,Hibrido de Fibra Coaxial,2,Plinio A. Peña,-79.58528357,9.1194644,2176,b1886474-670a-463e-843a-d90dcf115f7b,1597153106568,b_ayarza,1610730613612,b_ayarza,Cable Onda ,No ,No,,No ,1,6 Mb ,,
3830,Escuela Villa Milagros,Panama,Panamá,Ernesto Córdoba Campos,Panamá Norte,586,No,Si,Compañía Distribuidora,No,Sin Internet,2,Oscar Herrera,-79.50480118,9.09142076,2177,b5aecf6b-992f-4f9a-b50f-587b1c7b7ee8,1597153106568,b_ayarza,1610238938175,b_ayarza,SN/SV,No ,Si,586.0,Si,SN/SV,SN/SV,,
3831,C.E.B.G. Santa Librada Rural,Panama,San Miguelito,Las Cumbres,Panamá Norte,256,No,Si,Compañía Distribuidora,No,Sin Internet,1,Candido Diaz Castillo,-79.535471,9.06345,2178,b0753528-b6aa-4c2b-bc61-d2071cbd411b,1597153106568,b_ayarza,1610238940114,b_ayarza,SN/SV,No ,Si,256.0,No,SN/SV,SN/SV,,
3832,Escuela Villa Cardenas,Panama,Panamá,Las Cumbres,Panamá Norte,222,No,Si,Compañía Distribuidora,Si,Fibra Óptica,1,Linda De Miranda,-79.54885972,9.06119187,2179,4667db4d-2cea-484b-8a0b-d24014f74998,1597153106568,b_ayarza,1610730688751,b_ayarza,Cable Onda ,No ,No,,No,1,10 Mb ,,
3833,Escuela Guillermo Patterson,Panama,Panamá,Las Cumbres,Panamá Norte,145,No,Si,Compañía Distribuidora,Si,Fibra Óptica,1,Luis Magallon,-79.56911614,9.07906723,2180,3346996c-6917-437d-9219-610e85895de7,1597153106568,b_ayarza,1610730690561,b_ayarza,CWP,No ,No,,No,1,10 Mb ,,
3834,Escuela República de la India,Panama,Panamá,Las Cumbres,Panamá Norte,919,No,Si,Compañía Distribuidora,Si,Hibrido de Fibra Coaxial,2,Dennis Guerra,-79.52639006,9.07636219,2181,a2dae5a1-a614-43f6-9f34-d71f7cb091e4,1597153106568,b_ayarza,1610730703974,b_ayarza,Cable Onda ,No ,No,,No,1,6 Mb ,,
3835,Escuela Santa Rita,Panama,Panamá,Ernesto Córdoba Campos,Panamá Norte,436,No,Si,Compañía Distribuidora,Si,Hibrido de Fibra Coaxial,2,Carmen Lemos De Zamora,-79.50285455,9.07743833,2182,34551b01-d22a-49d7-a54f-3d1648bb7d18,1597153106568,b_ayarza,1610730705517,b_ayarza,Cable Onda ,No ,No,,Si,1,6 Mb ,,
3843,Escuela Nuevo Progreso,Panama,Panamá,Ernesto Córdoba Campos,Panamá Norte,2046,No,Si,Compañía Distribuidora,Si,Microondas,2,Julio Ortega,-79.49440255,9.09363277,2183,deb561a8-d02c-476f-9fb7-b1fa06388534,1597153106568,b_ayarza,1610730715837,b_ayarza,Cable Onda ,No ,No,,Si,1,10 Mb ,,
3853,Escuela La Cabima,Panama,Panamá,Alcalde Díaz,Panamá Norte,2369,No,Si,Compañía Distribuidora,Si,Hibrido de Fibra Coaxial,3,Aida G. De Morales,-79.53788349,9.11423315,2185,1f2477f4-4eac-4a43-9444-64597765c6e3,1597153106568,b_ayarza,1610730719159,b_ayarza,Cable Onda ,No ,No,,Si,2,6 Mb ,,
3854,Escuela República Árabe de Egipto,Panama,Panamá,Las Cumbres,Panamá Norte,1434,No,Si,Compañía Distribuidora,Si,Hibrido de Fibra Coaxial,3,Ana Maria Rodriguez,-79.53302642,9.08730287,2186,c324edfc-ffef-421d-9897-4bc910c78bbc,1597153106568,b_ayarza,1610730722791,b_ayarza,Cable Onda ,No ,No,,No ,1,6 Mb ,,
3855,C.E.B.G. Melchor Lasso de La Vega,Panama,Panamá,Alcalde Díaz,Panamá Norte,834,No,Si,Compañía Distribuidora,Si,Fibra Óptica,3,Juan Daniel,-79.54524852,9.11646945,2187,ff521759-b78e-4e82-8b2f-5a61b1f9c3db,1597153106568,b_ayarza,1610730781160,b_ayarza,CWP ,No ,No,,Si,1,10 Mb ,,
3856,Escuela María Henríquez,Panama,Panamá,Alcalde Díaz,Panamá Norte,832,No,Si,Compañía Distribuidora,Si,Fibra Óptica,2,Yenia De Rivadeneira,-79.5280981,9.10983737,2188,ee3fd3a9-29f1-4a53-849e-1cbb0c55c9fa,1597153106568,b_ayarza,1610730781973,b_ayarza,CWP ,No ,No,,Si,1,10 Mb ,,
3857,Escuela Unión Panamericana,Panama,Panamá,Alcalde Díaz,Panamá Norte,941,No,Si,Compañía Distribuidora,Si,Fibra Óptica,3,Maritza De Valdes,-79.55274862,9.12063613,2189,fbfb612b-050d-4580-ae3b-84ad9c238d09,1597153106568,b_ayarza,1610730782678,b_ayarza,CWP ,No ,No,,Si,1,10 Mb ,,
3858,C.E.B.G. 24 de Diciembre,Panama,Panamá,24 De Diciembre,Panamá Centro,788,No,Si,Compañía Distribuidora,Si,Fibra Óptica,10,Edilma Coronado,-79.36445563,9.09836594,2190,be714f3f-4c03-4b25-be41-f35787214854,1597153106568,b_ayarza,1610730783714,b_ayarza,CWP ,No ,No,,Si,1,10 Mb ,,
3859,Escuela Paso Blanco No. 1,Panama,Panamá,Pacora,Panamá Centro,1046,No,Si,Compañía Distribuidora,Si,Fibra Óptica,11,Susana Del C. Jimenez G.,-79.24630981,9.12859171,2191,e2926cb2-9943-4696-b4e8-0ff06865e4a5,1597153106568,b_ayarza,1610730784214,b_ayarza,Cable Onda ,No ,No,,Si,1,10 Mb ,,
3860,Escuela San Diego,Panama,Panamá,Pacora,Panamá Centro,156,No,Si,Compañía Distribuidora,Si,Fibra Óptica,12,Herminia Concepcion,-79.25162992,9.09921741,2192,625f81ed-d053-4c66-858a-563be56abbbc,1597153106568,b_ayarza,1610730784988,b_ayarza,Cable Onda ,No ,No,,No ,1,10 Mb ,,
3871,C.E.B.G.  Gumercinda Paez,Panama,Panamá,San Martín,Panamá Centro,775,No,Si,Compañía Distribuidora,Si,Fibra Óptica,13,Azael Santizo,-79.27729758,9.13006793,2195,8e3dda1e-04cb-410c-9cbf-45a94f3debe9,1597153106568,b_ayarza,1610730916577,b_ayarza,Cable Onda ,No ,No,,Si,1,10 Mb ,,
3872,I.P.T. Jeptha B. Duncan,Panama,Panamá,24 De Diciembre,Panamá Centro,3161,No,Si,Compañía Distribuidora,Si,Hibrido de Fibra Coaxial/Fibra Óptica,13,Arturo Martinez Gil,-79.36364844,9.10657781,2196,db6052d1-2571-4360-b3eb-b983683bf2d3,1597153106568,b_ayarza,1610730916012,b_ayarza,Cable Onda ,No ,No,,Si,3,2-6 Mb / 10 Mb,,
3873,Escuela Secundaria Francisco de Miranda,Panama,Panamá,24 De Diciembre,Panamá Centro,1670,No,Si,Compañía Distribuidora,Si,Microondas,11,Yuri Jaramillo,-79.32682328,9.09826202,2197,0583483e-c0e0-4719-a40b-e8be579187b7,1597153106568,b_ayarza,1610730912922,b_ayarza,Cable Onda ,No ,No,,Si,2,6 Mb ,,
3881,Escuela Juan E. Jiménez,Panama,Panamá,24 De Diciembre,Panamá Centro,360,No,Si,Planta Eléctrica de Empresa,Si,Satelital,10,Edith Del C. Gonzalez,-79.4059,9.187119,2198,faaccd0b-acab-44be-933e-cfccafe90577,1597153106568,b_ayarza,1612994391383,b_ayarza,Cable Onda ,No ,No,,Si,2,1.0 Mb ,Si ,
3885,Escuela Unión Centroamericana,Panama,Panamá,24 De Diciembre,Panamá Centro,1389,No,Si,Compañía Distribuidora,Si,Hibrido de Fibra Coaxial,10,Tomas Gutierrez,-79.33562553,9.10806139,2199,bdf4b3a7-4658-44f4-b30e-52425240a9d9,1597153106568,b_ayarza,1610730911521,b_ayarza,Cable Onda ,No ,No,,Si,1,6 Mb ,,
3887,Escuela República de Honduras,Panama,Panamá,Pacora,Panamá Centro,1869,No,Si,Compañía Distribuidora,Si,Fibra Óptica,11,Nitzia Garrido,-79.29129275,9.08524432,2200,04ba8dab-c96e-4bdb-a3c4-60cb9f263d23,1597153106568,b_ayarza,1610730966356,b_ayarza,CWP,No ,No,,No ,1,10 Mb ,,
3888,Escuela Vista Hermosa,Panama,Panamá,24 De Diciembre,Panamá Centro,868,No,Si,Compañía Distribuidora,Si,Fibra Óptica,10,Celinda Herrera,-79.35839206,9.11792686,2201,eaa975ae-8ceb-4c28-b9e8-3ce4bcb24e17,1597153106568,b_ayarza,1610730968805,b_ayarza,CWP,No ,No,,Si,1,10 Mb ,,
3889,Escuela Virgen De Guadalupe,Panama,Panamá,Pacora,Panamá Centro,1289,No,Si,Compañía Distribuidora,Si,Hibrido de Fibra Coaxial,11,Jose Alberto Rios,-79.25439282,9.12762354,2202,c4b34838-b13b-48d1-8e8d-1655b0293040,1597153106568,b_ayarza,1610730975782,b_ayarza,Cable Onda ,No ,No,,Si,1,6 Mb ,,
3891,Escuela Altos de Pacora,Panama,Panamá,Pacora,Panamá Centro,76,Si,Si,Compañía Distribuidora,Si,Satelital,12,Eduardo R. Ramos,-79.34266,9.25574,2203,e6b48f2a-7951-4c46-9b4c-82256c773194,1597153106568,b_ayarza,1610730982148,b_ayarza,Cable Onda ,No ,No,,Si,1,2.0 Mb ,,
3892,Escuela Altos De Cabuya,Panama,Panamá,24 De Diciembre,Panamá Centro,591,No,Si,Compañía Distribuidora,No,Sin Internet,10,Lucila De Jimenez,-79.37273515,9.11438165,2204,7a07ad8f-3ae5-4509-b092-5555aad4b3a4,1597153106568,b_ayarza,1610238946184,b_ayarza,SN/SV,No ,Si,,Si,SN/SV,SN/SV,,
3894,Escuela Cerro Azul,Panama,Panamá,Pacora,Panamá Centro,171,No,Si,Compañía Distribuidora,Si,Microondas,10,Zenaida Franco,-79.39143,9.13483,2205,0835c97f-33ec-494e-85f9-6c0430bde4ab,1597153106568,b_ayarza,1610731280898,b_ayarza,Digicel ,No ,No,,Si,1,10 Mb ,,
3896,Escuela Utive,Panama,Panamá,Pacora,Panamá Centro,40,No,Si,Compañía Distribuidora,Si,Microondas,12,Kenia Herrera,-79.3367642,9.16268735,2206,5275d15f-d535-48c2-8a5b-14e16dc49ae7,1597153106568,b_ayarza,1610731285817,b_ayarza,Cable Onda ,No ,No,,No ,1,4 Mb ,,
3897,Escuela Luis N. Herazo,Panama,Panamá,Pacora,Panamá Centro,1660,No,Si,Compañía Distribuidora,Si,Hibrido de Fibra Coaxial,11,Dora Flores De Ortega,-79.33634915,9.11314368,2207,235cd920-c25d-42cd-b1c1-a80d5bf72e64,1597153106568,b_ayarza,1610731290944,b_ayarza,Cable Onda ,No ,No,,No ,1,6 Mb ,,
3898,Escuela Santa Maria De Los Angeles,Panama,Panamá,24 De Diciembre,Panamá Centro,1484,No,Si,Compañía Distribuidora,Si,Hibrido de Fibra Coaxial,10,Ivette De Rodriguez,-79.35807493,9.09718047,2208,8c23f3e5-041f-433b-ac3a-46b26993d92c,1597153106568,b_ayarza,1610731292718,b_ayarza,Cable Onda ,No ,No,,Si,1,6 Mb ,,
3899,Escuela Pueblo Nuevo de Pacora,Panama,Panamá,Pacora,Panamá Centro,51,Si,Si,Compañía Distribuidora,Si,Fibra Óptica,12,Zuliana L. Ellis,-79.30791675,9.12734429,2209,975e6e80-c63b-430c-8af6-36d1b07ab15f,1597153106568,b_ayarza,1610731300375,b_ayarza,Cable Onda ,No ,No,,No  ,1,10 Mb ,,
4514,Escuela Roberto Cibala,Veraguas,Santa Fé,Río Luis,Veraguas,116,Si,Si,Panel Solar,Si,Satelital,23,Japon Vasquez,-81.21990081,8.68275493,2210,6ff8413b-6bf9-4dbf-a29e-202e6d97179c,1597153106568,b_ayarza,1610826978950,b_ayarza,Cable Onda ,No ,No,,Si ,1,2.0 Mb ,,
4364,Escuela Jorones,Veraguas,Las Palmas,Puerto Vidal,Veraguas,47,No,Si,Compañía Distribuidora,Si,Fibra Óptica,26,Sixta Santos,-81.56608192,8.0448069,2211,a2f675af-8f77-4e32-aece-ec11a1372ba2,1597153106568,b_ayarza,1610741826580,b_ayarza,Cable Onda ,No ,No,,Si ,1,10 Mb ,,
4519,Escuela San Antonio,Veraguas,Santa Fé,Calovébora,Veraguas,147,Si,Si,Panel Solar,Si,Satelital,24,Yarissa Aguirre,-80.96413742,8.80341521,2212,9e82220e-c607-4359-87c8-c68a8dc1c2de,1597153106568,b_ayarza,1610826979844,b_ayarza,Cable Onda ,No ,No,,Si ,1,2.0 Mb ,,
3902,Escuela Mamoni Arriba,Panama,Chepo,Las Margaritas,Panamá Este,23,Si,Si,Panel Solar,No,Sin Internet,12,Anayansi Maure C.,-79.2181,9.28229,2213,3279ebe6-2621-4bd4-b226-31bbbd2f9dd0,1597153106568,b_ayarza,1610238948466,b_ayarza,SN/SV,No ,No,,Si,SN/SV,SN/SV,,
4230,Escuela El Común,Veraguas,Cañazas,Los Valles,Veraguas,19,Si,Si,Panel Solar,No,Sin Internet,18,Lourdes Gallardo,-81.18580422,8.41480552,2214,f705a7c4-787a-42ec-8ed3-5b5c6f46e7fb,1597153106568,b_ayarza,1610238950282,b_ayarza,SN/SV,No ,No,,Si ,SN/SV,SN/SV,,
4365,Escuela Peña Blanca,Veraguas,Las Palmas,Puerto Vidal,Veraguas,21,Si,Si,Compañía Distribuidora,Si,Satelital,25,Jose F. Robles,-81.59301122,8.07460361,2215,9443de80-9323-4329-9551-9b0ccc50a85a,1597153106568,b_ayarza,1610741828867,b_ayarza,Cable Onda ,No ,No,,Si ,1,2.0 Mb ,,
3904,Escuela Carriazo,Panama,Panamá,San Martín,Panamá Centro,28,No,Si,Compañía Distribuidora,Si,Satelital,12,Yariela E. Lopez,-79.24312451,9.20526176,2216,d7041454-35ba-4310-a077-3bdde4262208,1597153106568,b_ayarza,1610731343085,b_ayarza,Cable Onda ,No ,No,,Si,1,2.0 Mb ,,
4520,Escuela Calovebora,Veraguas,Santa Fé,Calovébora,Veraguas,40,Si,Si,Panel Solar,Si,Satelital,24,Hernan Moreno,-81.20969302,8.78619298,2217,789aba19-c632-48c8-b0f2-ccd605738873,1597153106568,b_ayarza,1610826980419,b_ayarza,Cable Onda ,No ,No,,Si ,1,2.0 Mb ,,
4685,I.P.T. Pablo Pinzón C.,Veraguas,Santiago,Ponuga,Veraguas,237,No,Si,Compañía Distribuidora,Si,Microondas,5,Jose Caballero,-80.99320162,7.85053312,2218,a80bd97a-18d1-4a99-b7fc-81c425ad93ed,1597153106568,b_ayarza,1610828680024,b_ayarza,CWP,No ,No,,No ,4,10 Mb ,,
3361,Centro Educativo Playa de las Merecedes,Panama,Chimán,Brujas,Panamá Este,20,Si,Si,Planta Eléctrica de Empresa,No,Sin Internet,11,Gumercinda Valdes,-78.53358192,8.58647157,2219,e7512e20-ab6f-4520-b201-6d27ea4e7d3a,1597153106568,b_ayarza,1610238953048,b_ayarza,SN/SV,No ,No,,Si,SN/SV,SN/SV,,
4100,Escuela Los Corralillos,Veraguas,Atalaya,El Barrito,Veraguas,19,No,Si,Compañía Distribuidora,Si,Satelital,5,Eufemia Murillo,-80.94190498,7.98135216,2220,2989cd6f-fecf-4020-bab5-9ad394960b0b,1597153106568,b_ayarza,1610734642154,b_ayarza,CWP ,No ,No,,No ,1,4 Mb ,,
4522,Escuela Río Concepción ,Veraguas,Santa Fé,Calovébora,Veraguas,36,Si,Si,Panel Solar,Si,Satelital,24,Dalial Hernandez,-80.97191532,8.84147056,2221,41d2ddbd-a699-4c42-a189-54bc255be039,1597153106568,b_ayarza,1610826981008,b_ayarza,Cable Onda ,No ,No,,Si ,1,2.0 Mb ,,
4101,Escuela El Coco,Veraguas,Atalaya,La Montanuela,Veraguas,10,No,Si,Compañía Distribuidora,Si,Satelital,4,Emiliano Aguilar,-80.86163752,8.00786263,2222,ca34f439-9d44-4052-8153-360e63a98ead,1597153106568,b_ayarza,1610734660324,b_ayarza,Cable Onda ,No ,No,,No ,1,2.0 Mb ,,
3208,Escuela Juan Banon Afuera,Panama,Chepo,Chepo,Panamá Este,4,Si,No,Dato por Verificar,No,Sin Internet,1,Eneida Ortega,-79.104043,9.163186,2223,a61eb514-ad66-40e6-a3db-cbe59a5301ef,1597153106568,b_ayarza,1610238955283,b_ayarza,SN/SV,No ,No,,Si,SN/SV,SN/SV,,
3362,Escuela San Buenaventura,Panama,Chimán,Brujas,Panamá Este,14,Si,Si,Planta Eléctrica de Empresa,No,Sin Internet,11,Bernabe Bonilla,-78.49601802,8.5082427,2224,3f8ba4b5-7dfa-44dc-9e91-a2736d423dee,1597153106568,b_ayarza,1610238957095,b_ayarza,SN/SV,No ,No,,Si,SN/SV,SN/SV,,
4686,Escuela San Pedro del Espino,Veraguas,Santiago,San Pedro Del Espino,Veraguas,111,No,Si,Compañía Distribuidora,Si,Fibra Óptica,3,Gladys Santamaria,-81.08330412,8.13890161,2225,15961734-1d09-4c2a-bfa6-478a888f902e,1597153106568,b_ayarza,1610828685573,b_ayarza,Cable Onda ,No ,No,,No ,1,10 Mb ,,
4102,Escuela La Montañuela ,Veraguas,Atalaya,La Montanuela,Veraguas,63,No,Si,Compañía Distribuidora,Si,Satelital,4,Victor Peñalba,-80.85747082,8.02564027,2226,e8d8ea9e-8e46-48e2-8d63-0bd15140c74a,1597153106568,b_ayarza,1610734661704,b_ayarza,Cable Onda ,No ,No,,No ,1,2.0 Mb ,,
4524,C.E.B.G. Rio Guazaro,Veraguas,Santa Fé,Calovébora,Veraguas,102,Si,Si,Panel Solar,Si,Satelital,24,Calixto Madrid,-81.07974701,8.8089346,2227,dd7911f4-02d8-46c2-8080-a7b1780ec6a9,1597153106568,b_ayarza,1610826982594,b_ayarza,Cable Onda ,No ,No,,Si ,1,2.0 Mb ,,
4231,Escuela Altos de los Pajaritos,Veraguas,Cañazas,Los Valles,Veraguas,17,No,Si,Panel Solar,No,Sin Internet,18,Miguel Angel Gonzalez,-81.20024862,8.3936945,2229,4d50c8a4-bdc2-4054-b82c-5d1da26705a1,1597153106568,b_ayarza,1610238963081,b_ayarza,SN/SV,No ,No,,Si ,SN/SV,SN/SV,,
3905,Escuela La Mesa,Panama,Panamá,San Martín,Panamá Centro,241,No,Si,Compañía Distribuidora,Si,Microondas,11,Anabel Pimentel,-79.27320421,9.17756066,2230,1e3af109-1892-44de-86aa-52da1a93990c,1597153106568,b_ayarza,1610731348555,b_ayarza,Cable Onda ,No ,No,,Si,1,10 Mb ,,
3363,Escuela Trinidacita Anexa Rio Marcos,Panama,Chimán,Brujas,Panamá Este,10,Si,No,Dato por Verificar,No,Sin Internet,11,Btzy Ramos,-78.4984704,8.61976113,2231,18d1ac00-434b-4e06-af05-8c1c97c9027e,1597153106568,b_ayarza,1610238965147,b_ayarza,SN/SV,No ,No,,Si,SN/SV,SN/SV,,
4687,Escuela La Huaca,Veraguas,Santiago,San Pedro Del Espino,Veraguas,0,No,Si,Compañía Distribuidora,Si,Fibra Óptica,3,Jesus Barria,-81.06247082,8.13091768,2232,9fee6039-dd47-49d9-b117-b34e52122a89,1597153106568,b_ayarza,1610828694609,b_ayarza,Cable Onda ,No ,No,,No ,1,10 Mb ,,
4688,Escuela La Horqueta,Veraguas,Santiago,San Pedro Del Espino,Veraguas,25,No,Si,Compañía Distribuidora,No,Sin Internet,3,Denis Batista,-81.09491194,8.12761601,2233,2b1916c5-6b22-4bfb-b115-a9ab2499cb23,1597153106568,b_ayarza,1610238968395,b_ayarza,SN/SV,No ,No,,No ,SN/SV,SN/SV,,
4690,Escuela Romulo Arrocha A.,Veraguas,Santiago,San Martín De Porres,Veraguas,913,No,Si,Compañía Distribuidora,Si,Hibrido de Fibra Coaxial,2,Dallys E. Tuñon,-80.95725551,8.11738224,2234,f74e6e68-dade-4efb-b4bf-88fe4a9dad0a,1597153106568,b_ayarza,1610828729552,b_ayarza,Cable Onda ,No ,No,,No ,2,6 Mb ,,
4691,C.E.B.G. La Soledad,Veraguas,Santiago,Canto del Llano,Veraguas,408,No,Si,Compañía Distribuidora,Si,Hibrido de Fibra Coaxial,2,Yaneth Stevenson,-80.9885203,8.13457359,2235,ac8d6ee4-6394-4004-8e44-85cc3b0df9be,1597153106568,b_ayarza,1610828733322,b_ayarza,Cable Onda ,No ,No,,No ,1,6 Mb ,,
4693,Escuela El Anon,Veraguas,Santiago,Canto del Llano,Veraguas,20,No,Si,Compañía Distribuidora,Si,Hibrido de Fibra Coaxial,1,Jessica Mojica,-80.95034,8.166867,2236,32dfaaa1-199b-438c-843b-bbb2b2749f94,1597153106568,b_ayarza,1610828736093,b_ayarza,Cable Onda ,No ,No,,No ,1,6 Mb ,,
4697,Escuela El Embalsadero,Veraguas,Santiago,Los Algarrobos,Veraguas,103,No,Si,Compañía Distribuidora,Si,Microondas,3,Gabriela Hernandez,-81.04960474,8.10343276,2237,8fc66d13-5cf1-465b-89da-be690a835796,1597153106568,b_ayarza,1610828766331,b_ayarza,Digicel ,No ,No,,No ,1,4 Mb ,,
4699,Escuela Agua de Salud,Comarca Ngabe-Bugle,Ñürüm,Guayabito,Comarca Ngäbe-Buglé,31,Si,Si,Panel Solar,Si,Satelital,Dato por verificar,Dato por Verificar,-81.47219302,8.51091636,2238,a725ba33-16b3-4f52-a75f-b65fb55c7858,1597153106568,b_ayarza,1610828770519,b_ayarza,Cable Onda ,No ,No,,Si ,1,2.0 Mb ,,
4700,Escuela Las Filipinas,Comarca Ngabe-Bugle,Ñürüm,Guayabito,Comarca Ngäbe-Buglé,89,Si,Si,Panel Solar,No,Sin Internet,Dato por verificar,Dato por Verificar,-81.51163752,8.50508298,2239,108ad168-428e-41f6-b47b-92da2575cea7,1597153106568,b_ayarza,1610238970853,b_ayarza,SN/SV,No ,No,,Si ,SN/SV,SN/SV,,
4703,C.E.B.G. Virotal,Comarca Ngabe-Bugle,Ñürüm,Guayabito,Comarca Ngäbe-Buglé,451,Si,Si,Panel Solar,Si,Satelital,Dato por verificar,Dato por Verificar,-81.48121295,8.53975659,2240,eb5657eb-c85d-4faa-b9c4-152a57b49a4f,1597153106568,b_ayarza,1610828802019,b_ayarza,CWP,Si,No,,Si ,1,10 Mb ,,
4711,Escuela Cabecera de Virigua,Comarca Ngabe-Bugle,Ñürüm,Guibale,Comarca Ngäbe-Buglé,70,Si,Si,Panel Solar,No,Sin Internet,Dato por verificar,Dato por Verificar,-81.40524862,8.51424964,2241,efa17570-357a-4f89-a92d-90955104e8c2,1597153106568,b_ayarza,1610238972430,b_ayarza,SN/SV,No ,No,,Si ,SN/SV,SN/SV,,
4721,Escuela Las Huacas,Comarca Ngabe-Bugle,Ñürüm,Cerro Pelado o Jugri,Comarca Ngäbe-Buglé,152,Si,Si,Planta Eléctrica de Empresa,No,Sin Internet,Dato por verificar,Dato por Verificar,-81.378563,8.498059,2242,6d42403c-a0d6-46a9-b34d-5729af5c8524,1597153106568,b_ayarza,1610238974207,b_ayarza,SN/SV,No ,No,,Si ,SN/SV,SN/SV,,
4727,Escuela Carmen C. Herrera,Veraguas,Soná,Soná,Veraguas,443,No,Si,Compañía Distribuidora,Si,Hibrido de Fibra Coaxial,12,Carlos Tejedor,-81.31573829,7.99585356,2243,9ee41668-5773-4198-ad1d-15ec35b48c1c,1597153106568,b_ayarza,1610828852995,b_ayarza,Cable Onda ,No ,No,,No ,1,6 Mb ,,
4728,Escuela San José,Veraguas,Soná,Soná,Veraguas,336,Si,Si,Compañía Distribuidora,Si,Hibrido de Fibra Coaxial,15,Lilia Vergara,-81.32858192,8.00508484,2244,f940090c-81e8-4340-b856-0411b7df0c73,1597153106568,b_ayarza,1610828855102,b_ayarza,Cable Onda ,No ,No,,No ,1,6 Mb ,,
4729,C.E.B.G. Miguel Alba,Veraguas,Soná,Soná,Veraguas,1022,No,Si,Compañía Distribuidora,Si,Hibrido de Fibra Coaxial/Fibra Óptica,12,Emiliano Ramos,-81.31416944,8.00661618,2245,1e4115fc-4331-4e5e-8650-d85a17f48dd6,1597153106568,b_ayarza,1610828864105,b_ayarza,Cable Onda ,No ,No,,No ,4,3 -6 Mb/ 1 -10 Mb,,
4730,Escuela Llano Largo,Veraguas,Montijo,Unión Del Norte,Veraguas,17,No,Si,Compañía Distribuidora,Si,Satelital,8,Graciela Guerra,-81.08526055,8.04496378,2246,0c4bb673-6dbc-439b-b046-cf3ec9367ba3,1597153106568,b_ayarza,1610828868840,b_ayarza,Cable Onda ,No ,No,,No ,1,2.0 Mb ,,
4732,Escuela Paso Hondo,Veraguas,Soná,Guarumal,Veraguas,8,Si,Si,Compañía Distribuidora,No,Sin Internet,14,Yolanda Castillo,-81.3772184,7.78618335,2247,f6017c52-5903-4b34-a906-d9ab474404cb,1597153106568,b_ayarza,1610238976722,b_ayarza,SN/SV,No ,No,,No ,SN/SV,SN/SV,,
4366,Escuela Puerto Vidal,Veraguas,Las Palmas,Puerto Vidal,Veraguas,112,No,Si,Compañía Distribuidora,Si,Fibra Óptica,26,Jose Hernandez,-81.6095631,8.05060507,2248,5f604161-4c22-40c4-bc7e-657af58bcc11,1597153106568,b_ayarza,1610741833164,b_ayarza,Cable Onda ,No ,No,,Si ,1,10 Mb ,,
4733,Escuela Dos Bocas,Veraguas,Soná,Guarumal,Veraguas,14,Si,Si,Compañía Distribuidora,Si,Satelital,14,Yarelis Batista,-81.35600871,7.78360197,2249,4af86177-b66e-4920-a0df-29c68058d684,1597153106568,b_ayarza,1610828904073,b_ayarza,CWP,No ,No,,No ,1,10 Mb ,,
4736,Escuela Brunilda Benavides,Veraguas,Soná,Quebrada De Oro,Veraguas,26,No,Si,Compañía Distribuidora,Si,Fibra Óptica,12,Eleuteria Hernandez,-81.38998892,8.02251544,2250,02a135f5-7104-4dc2-9a8a-c85e794f22fb,1597153106568,b_ayarza,1610828900458,b_ayarza,Cable Onda ,No ,No,,No ,1,10 Mb ,,
4740,Colegio Jose B. Alvarado,Veraguas,Soná,Soná,Veraguas,1426,No,Si,Compañía Distribuidora,Si,Hibrido de Fibra Coaxial,12,Aurelina Abrego,-81.31918864,8.00790559,2251,d346d07d-3d32-42d6-b034-69449d04c695,1597153106568,b_ayarza,1610828899942,b_ayarza,Cable Onda ,No ,No,,No ,3,6 Mb ,,
4744,Escuela Rodolfo Reyes,Veraguas,Soná,Bahía Honda,Veraguas,15,Si,Si,Panel Solar,No,Sin Internet,13,Yadira Toribio,-81.50995057,7.777474,2253,3b05b5b6-2d13-4c78-866a-96654249eeac,1597153106568,b_ayarza,1610238980050,b_ayarza,SN/SV,No ,No,,Si  ,SN/SV,SN/SV,,
4746,Escuela Bahía Honda ,Veraguas,Soná,Bahía Honda,Veraguas,32,Si,Si,Panel Solar,No,Sin Internet,13,Tomas Gonzalez,-81.51858192,7.75064125,2254,fa86296e-7330-42c5-af26-e8c6db02a1d4,1597153106568,b_ayarza,1610238981863,b_ayarza,SN/SV,No ,No,,Si  ,SN/SV,SN/SV,,
4748,Escuela Cabecera de Managua,Veraguas,Soná,Bahía Honda,Veraguas,4,Si,Si,Panel Solar,No,Sin Internet,13,Jhony Hernandez,-81.43747082,7.72258585,2255,ccc8a9d2-a2fa-422c-b845-d0cd3b38c83e,1597153106568,b_ayarza,1610238983395,b_ayarza,SN/SV,No ,No,,Si  ,SN/SV,SN/SV,,
4750,Escuela La Pita,Veraguas,Soná,Calidonia,Veraguas,16,No,Si,Compañía Distribuidora,No,Sin Internet,26,Massiel Solis,-81.37969302,7.98702941,2256,925fe2c6-59c0-477f-b115-e05be08a67c2,1597153106568,b_ayarza,1610238986192,b_ayarza,SN/SV,No ,No,,Si  ,SN/SV,SN/SV,,
4751,Escuela Majaguillal,Veraguas,Soná,Calidonia,Veraguas,9,Si,Si,Panel Solar,No,Sin Internet,15,Ada Melgar,-81.50035744,7.84420597,2257,8f370019-f506-4287-bf6c-a83f44868b17,1597153106568,b_ayarza,1610831918613,b_ayarza,SN/SV,No ,No,,Si  ,SN/SV,SN/SV,,
4753,Escuela Cabismales,Veraguas,Soná,Calidonia,Veraguas,20,Si,Si,Panel Solar,No,Sin Internet,15,Plinio Figuero,-81.46608192,7.88619637,2259,fbbafb00-4b66-4961-9033-a11378f31171,1597153106568,b_ayarza,1610239090476,b_ayarza,SN/SV,No ,No,,Si  ,SN/SV,SN/SV,,
4754,Escuela Huesitales,Veraguas,Soná,Calidonia,Veraguas,9,Si,Si,Panel Solar,No,Sin Internet,15,Rogelio Mesa,-81.384557,7.960427,2260,6edff2e8-883f-450d-8401-8ec8e2670c17,1597153106568,b_ayarza,1610239093969,b_ayarza,SN/SV,No ,No,,Si  ,SN/SV,SN/SV,,
4755,Escuela Catecito de Calidonia,Veraguas,Soná,Calidonia,Veraguas,18,Si,Si,Panel Solar,No,Sin Internet,15,Carmen Alcides Sanchez,-81.46381357,7.85180086,2261,d4da6c36-1ba9-4110-8e36-cbaa557a22bc,1597153106568,b_ayarza,1610239095861,b_ayarza,SN/SV,No ,No,,Si  ,SN/SV,SN/SV,,
4756,Escuela Cabecera de Bubi,Veraguas,Soná,Calidonia,Veraguas,20,Si,Si,Panel Solar,Si,Satelital,15,Martin Vega,-81.41539896,7.92059159,2262,de10da50-23c8-471d-a8e6-e611ce520d72,1597153106568,b_ayarza,1610828945265,b_ayarza,Cable Onda ,No ,No,,Si  ,1,2.0 Mb ,,
4757,Escuela Calidonia,Veraguas,Soná,Calidonia,Veraguas,56,Si,Si,Compañía Distribuidora,Si,Satelital,15,Carlos Vasquez,-81.38459112,7.96030282,2263,e02e6324-0dd0-466b-ada0-a576f1ad87d8,1597153106568,b_ayarza,1610828951801,b_ayarza,Cable Onda ,No ,No,,Si  ,1,2.0 Mb ,,
4758,Escuela San Rafael Arriba,Veraguas,Soná,Cativé,Veraguas,7,Si,Si,Panel Solar,No,Sin Internet,15,Maria Rosales,-81.42100815,7.81136255,2264,9b7cbd40-96fb-4e1b-b688-a06d3bb33fe5,1597153106568,b_ayarza,1610239097490,b_ayarza,SN/SV,No ,No,,Si  ,SN/SV,SN/SV,,
4759,Escuela El Llano,Veraguas,Soná,Cativé,Veraguas,3,Si,Si,Panel Solar,No,Sin Internet,15,Lisbeth Batista,-81.34413752,7.91564077,2265,afca9455-aaca-4478-8ce5-5a56ec35de69,1597153106568,b_ayarza,1610239099649,b_ayarza,SN/SV,No ,No,,Si  ,SN/SV,SN/SV,,
4761,Escuela Cative,Veraguas,Soná,Cativé,Veraguas,17,Si,Si,Compañía Distribuidora,No,Sin Internet,15,Cesibel Rodriguez,-81.38012348,7.91949266,2266,b561085b-a8eb-47cf-ab83-65275aee3c37,1597153106568,b_ayarza,1610239101367,b_ayarza,SN/SV,No ,No,,Si  ,SN/SV,SN/SV,,
4763,Escuela Cañas Blancas ,Veraguas,Soná,Cativé,Veraguas,11,Si,Si,Panel Solar,No,Sin Internet,15,Jose Guizado,-81.45073471,7.83397098,2267,182aa13c-8bea-4882-9baf-8bc99c15333f,1597153106568,b_ayarza,1610239103383,b_ayarza,SN/SV,No ,No,,Si  ,SN/SV,SN/SV,,
4764,Escuela El Cedral,Veraguas,Soná,Cativé,Veraguas,9,Si,Si,Panel Solar,No,Sin Internet,15,Domy ortega,-81.36941532,7.86341875,2268,572ca3a2-c93d-46bf-bb78-1aeaf65ab233,1597153106568,b_ayarza,1610239105852,b_ayarza,SN/SV,No ,No,,Si  ,SN/SV,SN/SV,,
4766,Escuela Llano Grande Arriba,Veraguas,Soná,El Marañón,Veraguas,21,No,Si,Panel Solar,No,Sin Internet,10,Vielka Munoz,-81.24108192,8.08647345,2269,28b52837-fb5f-4f4d-8c1d-8c4e5d34a50d,1597153106568,b_ayarza,1610239107649,b_ayarza,SN/SV,No ,No,,Si  ,SN/SV,SN/SV,,
4767,Escuela Isabel Arosemena,Veraguas,Soná,El Marañón,Veraguas,94,No,Si,Compañía Distribuidora,Si,Fibra Óptica,10,Gladys Juarez,-81.28064979,8.00577934,2270,fe082dea-35c0-4969-bc63-c03664fae790,1597153106568,b_ayarza,1610828984454,b_ayarza,Cable Onda ,No ,No,,Si  ,1,10 Mb ,,
4768,Escuela Cerro Largo,Veraguas,Soná,El Marañón,Veraguas,32,Si,Si,Compañía Distribuidora,Si,Satelital,12,Jose Torres,-81.2524033,8.05619659,2271,541ed44c-2c5e-42a3-9f2a-21320a0d54e3,1597153106568,b_ayarza,1610828985526,b_ayarza,Cable Onda ,No ,No,,Si  ,1,2.0 Mb ,,
4769,C.E.B.G. Bolivar ,Veraguas,Soná,El Marañón,Veraguas,138,No,Si,Compañía Distribuidora,Si,Fibra Óptica,10,Rufina Lima,-81.22887237,8.02606721,2272,32c663f3-2abf-4ea7-ab49-987c581cbce0,1597153106568,b_ayarza,1610828986404,b_ayarza,Cable Onda ,No ,No,,Si  ,1,10 Mb ,,
4770,Escuela Boca del Monte ,Veraguas,Soná,El Marañón,Veraguas,11,No,Si,Panel Solar,No,Sin Internet,10,Roswell Ramirez,-81.26548648,7.98031238,2273,335db3ff-1914-4f9e-a3db-f4c7d4c57077,1597153106568,b_ayarza,1610239109290,b_ayarza,SN/SV,No ,No,,Si  ,SN/SV,SN/SV,,
4772,Escuela La Trinchera,Veraguas,Soná,Guarumal,Veraguas,145,No,Si,Compañía Distribuidora,Si,Satelital,14,Jorge A. Castillo,-81.27603289,7.79888652,2274,180f62b1-ad9f-492a-9b51-53f2799f3a68,1597153106568,b_ayarza,1609182715844,b_ayarza,Cable Onda,No ,Si,145.0,No ,1,1.0 Mb ,,
4773,Escuela San Andres,Veraguas,Soná,Guarumal,Veraguas,8,No,No,Dato por Verificar,No,Sin Internet,14,Ovidio Perez,-81.31729145,7.80372348,2275,c48be469-8d8c-418b-8974-8de3b83c11cc,1597153106568,b_ayarza,1610239110946,b_ayarza,SN/SV,No ,No,,No ,SN/SV,SN/SV,,
4774,Escuela El Pito,Veraguas,Soná,Guarumal,Veraguas,28,No,Si,Compañía Distribuidora,No,Sin Internet,14,Misael Almanza,-81.22257594,7.79540915,2276,1444779f-cbd8-461d-904b-67a5cf4fa516,1597153106568,b_ayarza,1610239114744,b_ayarza,SN/SV,No ,No,,No ,SN/SV,SN/SV,,
4775,Centro  Educativo Doctor Ricardo Martinelli Pardini,Veraguas,Soná,Guariviara,Veraguas,185,No,Si,Compañía Distribuidora,Si,Fibra Óptica,14,Anyis L. Zambrano,-81.25747082,7.79814118,2277,c926ee6c-6a8d-42c6-b103-8eeb19cc24e9,1597153106568,b_ayarza,1610829030563,b_ayarza,Cable Onda,No ,No,,No ,1,10 Mb ,,
4780,Escuela Borracheron,Veraguas,Soná,Guarumal,Veraguas,21,No,Si,Compañía Distribuidora,Si,Satelital,14,Sergio Carranza,-81.3245603,7.77001347,2278,b981cba1-fd07-4e56-be39-ada6348afee0,1597153106568,b_ayarza,1610829031801,b_ayarza,Cable Onda,No ,No,,No ,1,2.0 Mb ,,
4782,Escuela La Playa,Veraguas,Soná,Guarumal,Veraguas,33,Si,Si,Compañía Distribuidora,Si,Satelital,14,Ambrocio Gonzalez,-81.17324663,7.78133119,2279,9568abec-b8e8-442b-878d-9048b8322f2f,1597153106568,b_ayarza,1610829033181,b_ayarza,Cable Onda,No ,No,,No ,1,2.0 Mb ,,
4787,Escuela Palma Alta,Veraguas,Soná,La Soledad,Veraguas,5,Si,Si,Panel Solar,No,Sin Internet,14,Milagros Quiros,-81.32342956,7.84687621,2282,ebfe93d8-c88f-4883-8c9c-b3be707c670b,1597153106568,b_ayarza,1610239121234,b_ayarza,SN/SV,No ,No,,No ,SN/SV,SN/SV,,
4788,Escuela Los Polancos,Veraguas,Soná,La Soledad,Veraguas,14,No,Si,Compañía Distribuidora,Si,Fibra Óptica,14,Luis Carlos Alvarado,-81.29858192,7.93647399,2283,1d8745e8-089d-4c89-8b08-221e30fa54fd,1597153106568,b_ayarza,1610829082892,b_ayarza,Cable Onda,No ,No,,No ,1,10 Mb ,,
4789,Escuela Quebrada Honda,Veraguas,Soná,La Soledad,Veraguas,19,No,Si,Compañía Distribuidora,Si,Satelital,14,Itzel De Leon Rivas,-81.27580625,7.91835375,2284,8dcd701a-f4ba-419c-b804-46ae1a737367,1597153106568,b_ayarza,1610829077470,b_ayarza,Cable Onda,No ,No,,No ,1,2.0 Mb ,,
4790,Escuela San Juanito,Veraguas,Soná,La Soledad,Veraguas,19,No,Si,Compañía Distribuidora,No,Sin Internet,14,Luis Bazan,-81.31858192,7.88175199,2285,b4148a49-c516-42da-8384-706a40caace2,1597153106568,b_ayarza,1610239123093,b_ayarza,SN/SV,No ,No,,No ,SN/SV,SN/SV,,
4791,Centro  Educativo Alberto L. Martinelli Della Togna,Veraguas,Soná,La Soledad,Veraguas,61,No,Si,Compañía Distribuidora,Si,Fibra Óptica,14,Dayana Mojica,-81.26784605,7.87942677,2286,c26258a7-dcc8-4894-a181-6ad4db3a7366,1597153106568,b_ayarza,1610829102842,b_ayarza,Cable Onda,No ,No,,No ,1,10 Mb ,,
4792,Escuela El Yaya,Veraguas,Soná,La Soledad,Veraguas,19,Si,Si,Planta Eléctrica propia,No,Sin Internet,14,Hector Cuevas,-81.3590176,7.84590838,2287,d84a765a-fd14-4098-84e5-f644d717a670,1597153106568,b_ayarza,1610239124750,b_ayarza,SN/SV,No ,No,,No ,SN/SV,SN/SV,,
4794,Escuela Leonardo Vasquez,Veraguas,Soná,Quebrada De Oro,Veraguas,51,No,Si,Planta Eléctrica de Empresa,No,Sin Internet,12,Teodolinda Gonzalez,-81.36230366,8.02467808,2288,e10534d6-670a-4fc7-a892-7274fc05cce6,1597153106568,b_ayarza,1610239126577,b_ayarza,SN/SV,No ,No,,No ,SN/SV,SN/SV,,
4796,Escuela El Espino,Veraguas,Soná,Quebrada De Oro,Veraguas,31,No,Si,Compañía Distribuidora,Si,Satelital,12,Eliany Santos,-81.37449728,8.05877401,2289,cba38e21-a3fd-4e36-81b9-19c14eb427a6,1597153106568,b_ayarza,1610829148760,b_ayarza,Cable Onda,No ,No,,No ,1,10 Mb ,,
4797,Escuela Zumbona (Anexo de Carrizal),Veraguas,Soná,Río Grande,Veraguas,17,No,Si,Compañía Distribuidora,Si,Satelital,13,Edwin Alexander Mendoza,-81.31511464,7.7337063,2290,9dee5071-c945-4949-b0be-7c4d6406f76a,1597153106568,b_ayarza,1610829153674,b_ayarza,Cable Onda,No ,No,,No ,1,2.0 Mb ,,
4798,Escuela Julieta Duarte,Veraguas,Soná,Río Grande,Veraguas,61,No,Si,Compañía Distribuidora,Si,Satelital,13,Alexis A. Canto,-81.30131561,7.70265042,2291,b31ccd67-e9ca-4ae3-9ac7-74355b644588,1597153106568,b_ayarza,1610829150274,b_ayarza,Cable Onda,No ,No,,No ,1,2.0 Mb ,,
4799,Escuela Tigre de Los Amarillos,Veraguas,Soná,Hicaco,Veraguas,39,No,Si,Compañía Distribuidora,Si,Satelital,13,Argelio Castillo,-81.25161079,7.70367483,2292,84602279-a526-4160-a30b-44adef7c9226,1597153106568,b_ayarza,1610829157630,b_ayarza,Cable Onda,No ,No,,No ,1,1.0 Mb ,,
4800,Escuela Santa Catalina,Veraguas,Soná,Hicaco,Veraguas,83,No,Si,Compañía Distribuidora,Si,Satelital,13,Jorge Lima,-81.25885972,7.63869724,2293,c61d3b9c-2fa5-4d09-a713-37429544c0d3,1597153106568,b_ayarza,1610829162098,b_ayarza,CWP,No ,No ,,No ,1,4 Mb ,,
4801,Escuela Rio Grande,Veraguas,Soná,Río Grande,Veraguas,10,Si,Si,Compañía Distribuidora,No,Sin Internet,13,Lilibeth Cianca,-81.33802632,7.71230808,2294,3e911ac8-884f-413c-8e45-a29aa2d9487f,1597153106568,b_ayarza,1610239128287,b_ayarza,SN/SV,No ,No,,No ,SN/SV,SN/SV,,
4802,Escuela Cabecera de Quebrada Grande,Veraguas,Soná,Río Grande,Veraguas,11,Si,Si,Panel Solar,No,Sin Internet,13,Expedita Camarena,-81.39191522,7.71814136,2295,b056735e-389d-4692-963c-1669ae182a51,1597153106568,b_ayarza,1610239130162,b_ayarza,SN/SV,No ,No,,No ,SN/SV,SN/SV,,
4803,Escuela Pueblo Nuevo,Veraguas,Soná,Hicaco,Veraguas,14,No,Si,Compañía Distribuidora,Si,Satelital,13,Alexander Aponte,-81.26552642,7.6798082,2296,3c777dad-84d1-4e3e-bf16-211f009be1ae,1597153106568,b_ayarza,1610829210057,b_ayarza,CWP,No ,No,,No ,1,4 Mb ,,
4804,Escuela Madre Vieja,Veraguas,Soná,Río Grande,Veraguas,68,No,Si,Compañía Distribuidora,Si,Satelital,13,Heriberto Lee,-81.33161284,7.6757834,2297,af4427a5-6c12-4fe1-9bb5-aa5602268c82,1597153106568,b_ayarza,1610829212496,b_ayarza,CWP,No ,No,,No ,1,4 Mb ,,
4805,Escuela El Hicaco,Veraguas,Soná,Hicaco,Veraguas,46,No,Si,Compañía Distribuidora,Si,Satelital,13,Pastor Amores,-81.20205027,7.65387826,2298,7de38b3b-b3a7-4ce9-8f38-72020e256ba7,1597153106568,b_ayarza,1610829219797,b_ayarza,Cable Onda,No ,No,,No ,1,1.0 Mb ,,
4806,Escuela Nuevo Chorrillo,Veraguas,Soná,Río Grande,Veraguas,24,No,Si,Panel Solar,No,Sin Internet,13,Manuel Gordillo,-81.39358508,7.736734,2299,c03a74f9-999c-4862-be42-e647065aa45c,1597153106568,b_ayarza,1610239136928,b_ayarza,SN/SV,No ,No,,No ,SN/SV,SN/SV,,
4807,Escuela Carrizal,Veraguas,Soná,Río Grande,Veraguas,34,No,Si,Compañía Distribuidora,Si,Satelital,13,Eusebio Yepez,-81.28069486,7.72748873,2300,0eccf907-9ec9-4646-a2d5-6c0eea17cbae,1597153106568,b_ayarza,1610829260208,b_ayarza,Cable Onda,No ,No,,No ,1,1.0 Mb ,,
4812,Colegio Eduardo Sanchez Diaz ,Veraguas,Soná,Río Grande,Veraguas,318,No,Si,Compañía Distribuidora,Si,Satelital,13,Jose Perez,-81.27872157,7.72945389,2301,4a4643a7-417d-4611-8211-8d0c6baee0fc,1597153106568,b_ayarza,1610829280540,b_ayarza,Cable Onda,No ,Si,,No ,2,2.0 Mb ,,
4813,Escuela Rodeo Viejo,Veraguas,Soná,Río Grande,Veraguas,56,Si,Si,Compañía Distribuidora,Si,Satelital,12,Celia Rodriguez,-81.31583392,8.11141597,2302,db89ff2c-73e8-485c-90f5-209b9d1cb799,1597153106568,b_ayarza,1610829287152,b_ayarza,CWP,No ,No,,Si,1,4 Mb ,,
4814,Escuela Rincón Largo,Veraguas,Soná,Rodeo Viejo,Veraguas,42,Si,Si,Panel Solar,No,Sin Internet,12,Berta A. Pineda,-81.29802642,8.07675128,2303,94a0621b-a4f1-4af8-962d-75c8519a4db8,1597153106568,b_ayarza,1610239139500,b_ayarza,SN/SV,No ,No,,Si,SN/SV,SN/SV,,
4815,Escuela La Pascuala,Veraguas,Soná,Rodeo Viejo,Veraguas,13,Si,Si,Sistema Aislado para el Poblado ,No,Sin Internet,12,Adrian Rodriguez,-81.315815,8.111348,2304,81eae2fd-b5b0-47f5-91ea-923fcc1d6f93,1597153106568,b_ayarza,1610239141704,b_ayarza,SN/SV,No ,No,,Si,SN/SV,SN/SV,,
4816,Escuela Paraguay,Veraguas,Soná,Rodeo Viejo,Veraguas,20,Si,Si,Panel Solar,No,Sin Internet,27,Ismael Vasquez,-81.27339433,8.11612493,2305,d1065e15-5933-4daf-883a-82a67ad15c82,1597153106568,b_ayarza,1610239143375,b_ayarza,SN/SV,No ,No,,Si,SN/SV,SN/SV,,
4818,Escuela El Juncal,Veraguas,Soná,Rodeo Viejo,Veraguas,20,Si,Si,Panel Solar,No,Sin Internet,12,Vianney Mojica,-81.36610326,8.09764185,2306,894b298e-7c97-4d0c-bd7a-92b6e77e1dd8,1597153106568,b_ayarza,1610239145063,b_ayarza,SN/SV,No ,No,,Si,SN/SV,SN/SV,,
4819,Escuela Coibita,Veraguas,Soná,Rodeo Viejo,Veraguas,12,Si,Si,Panel Solar,No,Sin Internet,12,Jose Pinilla,-81.3570925,8.07589203,2307,5369c0ed-4b52-4b87-aa7b-5c0ad3b00ae5,1597153106568,b_ayarza,1610239148627,b_ayarza,SN/SV,No ,No,,Si,SN/SV,SN/SV,,
4820,Escuela Boca del Monte No. 2,Veraguas,Soná,Rodeo Viejo,Veraguas,13,Si,Si,Compañía Distribuidora,No,Sin Internet,12,Leonardo Castillo,-81.30328358,8.11857069,2308,7856c6b0-00dd-49af-a2e3-668a3348766f,1597153106568,b_ayarza,1610239152207,b_ayarza,SN/SV,No ,No,,Si,SN/SV,SN/SV,,
4821,Escuela Bajo del Cobre,Veraguas,Soná,Rodeo Viejo,Veraguas,6,Si,Si,Compañía Distribuidora,No,Sin Internet,12,Santiago De Gracias,-81.30902322,8.04975863,2309,bded4c76-0c76-44e7-9511-67a1ec501de3,1597153106568,b_ayarza,1610239153938,b_ayarza,SN/SV,No ,No,,Si,SN/SV,SN/SV,,
4822,Escuela Los Algarrobos,Veraguas,Soná,Rodeo Viejo,Veraguas,34,Si,Si,Compañía Distribuidora,Si,Satelital,12,Ana Bernal,-81.31925409,8.07622076,2310,d02113b7-4654-4fc3-8743-ac97eeee2db7,1597153106568,b_ayarza,1610829311140,b_ayarza,Cable Onda ,No ,No,,Si,1,2.0 Mb ,,
4838,C.E.B.G. Salomón Ponce Aguilera,Cocle,Antón,San Juan De Dios,Coclé,534,No,Si,Compañía Distribuidora,Si,Fibra Óptica,5,Gervacio Gonzalez,-80.266828,8.393211,2312,f9623f25-4d19-49f4-8bef-fd71b8e8f873,1597153106568,b_ayarza,1610829321749,b_ayarza,CWP,No ,No,,Si,2,10 Mb ,,
4856,Escuela La Miel,Comarca Guna Yala ,Comarca Guna Yala ,Puerto Obaldía,Comarca Guna Yala ,12,Si,Si,Compañía Distribuidora,No,Sin Internet,4,Silvio Diaz,-77.370805,8.664731,2313,311b8025-98b1-4265-9c21-f1f6de2c6512,1597153106568,b_ayarza,1610239159641,b_ayarza,SN/SV,No ,No,,Si,SN/SV,SN/SV,,
4857,Escuela Mamitupu,Comarca Guna Yala ,Comarca Guna Yala ,Aligandí,Comarca Guna Yala ,99,Si,Si,Sistema Aislado para el Poblado ,Si,Satelital,3,Macario Morris A.,-77.96885972,9.19008024,2314,f2e125b3-7f9b-438d-8f12-9fb63aeda173,1597153106568,b_ayarza,1610829431429,b_ayarza,Cable Onda ,No ,No,,Si,1,2.0 Mb ,,
4919,Escuela 4 De Abril,Bocas del Toro,Changuinola,Changuinola ,Bocas del Toro,861,Si,Si,Compañía Distribuidora,No,Sin Internet,5,Luis Gonzalez,-82.51722534,9.48349297,2317,a3917247-47a4-45fe-a500-a1abd7051789,1597153106568,b_ayarza,1610239165954,b_ayarza,SN/SV,No ,Si,861.0,No ,SN/SV,SN/SV,,
4921,Escuela Mununi No. 3 ,Comarca Ngabe-Bugle,Kankintú,Mününi,Comarca Ngäbe-Buglé,57,Si,Si,Panel Solar,No,Sin Internet,8,Jose Del C. Rudas,-81.71385972,8.53508286,2318,f825494f-4483-45e8-bbef-92428fd92efd,1597153106568,b_ayarza,1610239170038,b_ayarza,SN/SV,No ,No,,Si ,SN/SV,SN/SV,,
4922,Escuela Guanabana,Comarca Ngabe-Bugle,Kankintú,Guoroni,Comarca Ngäbe-Buglé,107,Si,Si,Panel Solar,No,Sin Internet,6,Dioneldo Julian,-81.74168478,8.74429381,2319,3a662226-48d9-4912-86d8-660d952301f8,1597153106568,b_ayarza,1610239174288,b_ayarza,SN/SV,No ,No,,Si ,SN/SV,SN/SV,,
4923,Escuela Quebrada Tigre,Comarca Ngabe-Bugle,Kankintú,Kankitu ,Comarca Ngäbe-Buglé,74,Si,Si,Panel Solar,No,Sin Internet,6,Tomas Miranda,-81.74247082,8.64424914,2320,2ef252d2-a1ef-4dbf-b38c-c0f2f6f196d2,1597153106568,b_ayarza,1610239178918,b_ayarza,SN/SV,No ,No,,Si ,SN/SV,SN/SV,,
4924,Escuela Guayacán,Comarca Ngabe-Bugle,Kankintú,Guoroni,Comarca Ngäbe-Buglé,170,Si,No,Dato por Verificar,No,Sin Internet,6,Carli Smith Quintero,-81.8736742,8.2775065,2321,7a66c52a-46e6-44f1-adde-b31773a9be34,1597153106568,b_ayarza,1610239180370,b_ayarza,SN/SV,No ,No,,Si ,SN/SV,SN/SV,,
4925,Escuela Valle De Comun,Comarca Ngabe-Bugle,Kankintú,Mününi,Comarca Ngäbe-Buglé,77,Si,Si,Panel Solar,No,Sin Internet,8,Domingo Monroy,-81.723421,8.580125,2322,87eccaab-1fdc-4d7c-9a3d-ef2def9e1db5,1597153106568,b_ayarza,1610239182136,b_ayarza,SN/SV,No ,No,,Si ,SN/SV,SN/SV,,
4926,Escuela Alto Pedregal,Comarca Ngabe-Bugle,Kankintú,Piedra Roja,Comarca Ngäbe-Buglé,108,Si,Si,Panel Solar,Si,Satelital,8,Jose A. Montenegro,-81.67415475,8.62220009,2323,4d98e7c9-453d-4617-8a8e-60200bb6fd6e,1597153106568,b_ayarza,1610829455896,b_ayarza,CWP ,Si,No,,Si ,1,10 Mb ,,
4927,Escuela Tibra,Comarca Ngabe-Bugle,Kankintú,Mününi,Comarca Ngäbe-Buglé,71,Si,Si,Panel Solar,No,Sin Internet,8,Elva Olmos,-81.66496428,8.60268848,2324,1d9a20d3-e910-4bab-a9fa-99f5cd1e3649,1597153106568,b_ayarza,1610239183761,b_ayarza,SN/SV,No ,No,,Si ,SN/SV,SN/SV,,
4928,Escuela Cerro Balsa,Comarca Ngabe-Bugle,Kankintú,Mününi,Comarca Ngäbe-Buglé,85,Si,Si,Panel Solar,No,Sin Internet,8,Evidelio Villagra,-81.70185515,8.66084066,2325,c08140ec-d8ef-45f1-be94-4423dc806ef6,1597153106568,b_ayarza,1610239187419,b_ayarza,SN/SV,No ,No,,Si ,SN/SV,SN/SV,,
4929,Escuela Caguita Arriba,Comarca Ngabe-Bugle,Santa Catalina o Calovebo,Santa Catalina o Calovebora (Bledeshia) (Cabecera),Comarca Ngäbe-Buglé,35,Si,No,Dato por Verificar,No,Sin Internet,Dato por verificar,Dato por Verificar,-81.26182715,8.77478175,2326,b9793a77-3e29-4760-afb2-9d399adc0575,1597153106568,b_ayarza,1610239189372,b_ayarza,SN/SV,No ,No,,Si ,SN/SV,SN/SV,,
4931,Escuela Alto Corrales,Comarca Ngabe-Bugle,Santa Catalina o Calovebo,Loma Yuca (Ljuicho),Comarca Ngäbe-Buglé,76,Si,Si,Planta Eléctrica de Empresa,No,Sin Internet,Dato por verificar,Dato por Verificar,-81.37350304,8.70291352,2327,c6f831f6-0f47-4b32-a51c-79d850417fc2,1597153106568,b_ayarza,1610239191036,b_ayarza,SN/SV,No ,No,,Si ,SN/SV,SN/SV,,
4932,Escuela La Ensenada,Comarca Ngabe-Bugle,Kusapín,Kusapín,Comarca Ngäbe-Buglé,107,Si,Si,Panel Solar,No,Sin Internet,10,Yamileth Yazmin Pinzon,-81.87274862,9.15508039,2328,763f3ad4-a0b8-4ea6-b14e-83fbf9b32db1,1597153106568,b_ayarza,1610239192871,b_ayarza,SN/SV,No ,No,,Si ,SN/SV,SN/SV,,
4933,Escuela  Boca de Uracillo,Cocle,Penonomé,Río Indio,Coclé,27,Si,Si,Panel Solar,No,Sin Internet,15,Hipolito Martinez,-80.17654001,8.96825751,2329,ba4ccfe4-4b62-4157-bdbd-1f5edca9dbd1,1597153106568,b_ayarza,1610239194543,b_ayarza,SN/SV,No ,No,,Si ,SN/SV,SN/SV,,
4232,Escuela Agua Amarilla,Veraguas,Cañazas,San Marcelo,Veraguas,5,No,Si,Panel Solar,No,Sin Internet,19,Alexander Rodriguez,-81.19052642,8.28063943,2330,ca7c7c5c-0d11-42ea-9031-b04a4af075b7,1597153106568,b_ayarza,1610239196279,b_ayarza,SN/SV,No ,No,,No ,SN/SV,SN/SV,,
3906,Escuela Rio Indio,Panama,Panamá,San Martín,Panamá Centro,11,Si,Si,Planta Eléctrica de Empresa,No,Sin Internet,12,Jaime Amagara,-79.22508213,9.20809665,2332,b6aa86a7-e688-4efc-a317-20ed3a4c29e5,1597153106568,b_ayarza,1610239199199,b_ayarza,SN/SV,No ,No,,Si,SN/SV,SN/SV,,
4233,Escuela Guabal Saliente,Veraguas,Cañazas,El Aromillo,Veraguas,24,Si,Si,Panel Solar,No,Sin Internet,19,Fredesvinda Camarena,-81.14599623,8.31640782,2333,f5dd0e31-c21c-423d-870e-0e8ce850da3f,1597153106568,b_ayarza,1610239202003,b_ayarza,SN/SV,No ,No,,Si ,SN/SV,SN/SV,,
3212,I.P.T. México ,Panama,Chepo,Chepo,Panamá Este,925,No,Si,Compañía Distribuidora,Si,Fibra Óptica,13,Victor Pimentel,-79.22616119,9.12976183,2334,9f9fbdf1-c643-4813-89eb-584baf4f13d6,1597153106568,b_ayarza,1610721465427,b_ayarza,Cable Onda,No ,No,,Si,2,10 Mb ,,
3213,Colegio Venancio Fenosa Pascual,Panama,Chepo,Chepo,Panamá Este,1952,No,Si,Compañía Distribuidora,Si,Fibra Óptica,13,Giovanni Mercado,-79.09108192,9.17841369,2335,0e238899-55fa-4569-8a2c-ebf0fa67ef5c,1597153106568,b_ayarza,1610721470181,b_ayarza,CWP,No ,No,,Si,4,10 Mb ,,
4525,Escuela Sabaneta de la Pena,Veraguas,Santa Fé,Rubén Cantú,Veraguas,41,Si,Si,Panel Solar,No,Sin Internet,22,Keniel Valdivieso,-81.00626118,8.45916064,2336,2922ec88-67a3-490e-89f2-223148c158c1,1597153106568,b_ayarza,1610239203659,b_ayarza,SN/SV,No ,No,,Si ,SN/SV,SN/SV,,
4234,Escuela El  Hacha,Veraguas,Cañazas,El Aromillo,Veraguas,92,Si,Si,Panel Solar,No,Sin Internet,19,Larisa Saenz,-81.12330422,8.34869467,2337,9fdb6c89-49af-4f63-82d1-db9ef653334b,1597153106568,b_ayarza,1610239205316,b_ayarza,SN/SV,No ,No,,Si ,SN/SV,SN/SV,,
3214,C.E.B.G. Tortí,Panama,Chepo,Tortí,Panamá Este,755,No,Si,Compañía Distribuidora,Si,Fibra Óptica,13,Edilma Hidalgo,-78.39829041,8.92008674,2338,3289cd10-0b4a-48cd-abe0-bfcf7e93a972,1597153106568,b_ayarza,1610721472994,b_ayarza,Cable Onda,No ,No,,Si,2,10 Mb ,,
4527,C.E.B.G. El Alto,Veraguas,Santa Fé,El Alto,Veraguas,90,No,Si,Compañía Distribuidora,Si,Satelital,22,Fredesbinda Santos,-81.03761677,8.51217947,2339,6da182f9-2369-4137-a1c0-bdf01351bec5,1597153106568,b_ayarza,1610827005848,b_ayarza,Cable Onda ,No ,No,,No ,1,2.0 Mb ,,
4235,Escuela Las Lajillas,Veraguas,Cañazas,El Aromillo,Veraguas,15,No,Si,Panel Solar,No,Sin Internet,19,Bernarda Rodriguez,-81.12997429,8.32197165,2340,cd12cd06-ba0b-4082-91f0-c3dfd4deea5d,1597153106568,b_ayarza,1610239207081,b_ayarza,SN/SV,No ,No,,Si ,SN/SV,SN/SV,,
4104,Escuela La Pandura,Veraguas,Calobre,Chitra,Veraguas,8,Si,Si,Panel Solar,No,Sin Internet,17,Fermin Santa Maria,-80.92663324,8.50560984,2342,ea96dedc-9b68-4b3b-b868-21befb3d89d4,1597153106568,b_ayarza,1610239212487,b_ayarza,SN/SV,No ,No,,No ,SN/SV,SN/SV,,
3364,Escuela Rio Marcos,Panama,Chimán,Brujas,Panamá Este,18,Si,Si,Panel Solar,No,Sin Internet,11,Laura Tejedor,-78.49660676,8.6413539,2343,ed49890e-2748-4f13-86a6-26918477a0e9,1597153106568,b_ayarza,1610239214739,b_ayarza,SN/SV,No ,No,,Si,SN/SV,SN/SV,,
3221,Escuela Bilingüe Akua Yala,Panama,Chepo,Comarca Kuna De Madungandí,Panamá Este,132,No,Si,Compañía Distribuidora,Si,Fibra Óptica,8,Francisco Castillo,-78.79972479,9.17125536,2344,bb72d262-b7b7-4f53-87af-eb7f169cf863,1597153106568,b_ayarza,1610721475486,b_ayarza,Cable Onda,No ,No,,Si,1,10 Mb ,,
4237,Escuela Tolecillo,Veraguas,Cañazas,El Aromillo,Veraguas,7,Si,Si,Panel Solar,No,Sin Internet,19,Luis Mojica,-81.13524852,8.37591687,2345,76bb357b-4b12-4c52-9fff-c175930d8595,1597153106568,b_ayarza,1610239216334,b_ayarza,SN/SV,No ,No,,Si ,SN/SV,SN/SV,,
4106,Escuela Los Panamaitos,Veraguas,Calobre,San José,Veraguas,29,Si,Si,Panel Solar,No,Sin Internet,17,Rossmery Vargas,-80.78015429,8.44304941,2346,ec4ada2c-a997-4801-aa98-13ab1937d634,1597153106568,b_ayarza,1610239218912,b_ayarza,SN/SV,No ,No,,Si ,SN/SV,SN/SV,,
4529,Escuela Nuevo Progreso,Veraguas,Santa Fé,El Alto,Veraguas,22,Si,Si,Panel Solar,No,Sin Internet,22,Amalia Quiroz,-80.9998001,8.51191897,2347,db02060a-3ecf-4319-8609-04e8f0a1fb63,1597153106568,b_ayarza,1610239220522,b_ayarza,SN/SV,No ,No,,No ,SN/SV,SN/SV,,
4369,Escuela Bubi Arriba,Veraguas,Las Palmas,Zapotillo,Veraguas,5,Si,No,Dato por Verificar,No,Sin Internet,26,Magnolia Abrego,-81.50528603,7.96172831,2348,d651a52e-fcfa-4967-a0c7-c47f80951467,1597153106568,b_ayarza,1610239223042,b_ayarza,SN/SV,No ,No,,Si ,SN/SV,SN/SV,,
3907,Escuela San Miguel de Pacora,Panama,Panamá,San Martín,Panamá Centro,57,No,Si,Compañía Distribuidora,Si,Satelital,12,Jose Guizado,-79.25358192,9.2234135,2349,088d5f97-f9a6-441d-a207-b8cbe6ae13f3,1597153106568,b_ayarza,1610731417402,b_ayarza,Cable Onda ,No ,No,,Si,1,2.0 Mb ,,
3365,Escuela Gonzalo Vásquez,Panama,Chimán,Gonzalo Vásquez,Panamá Este,15,Si,Si,Planta Eléctrica de Empresa,No,Sin Internet,11,Idania Rodriguez,-78.45125618,8.41965195,2350,5a9fa643-e983-4521-886e-0c9e46f44177,1597153106568,b_ayarza,1610239224640,b_ayarza,SN/SV,No ,No,,Si,SN/SV,SN/SV,,
3908,Escuela La Chapa,Panama,Panamá,San Martín,Panamá Centro,14,Si,Si,Compañía Distribuidora,Si,Satelital,12,Lorena Castillo,-79.23802642,9.24452442,2351,8b0c58a8-a829-469c-992f-396ffd3f52ab,1597153106568,b_ayarza,1610731418582,b_ayarza,Cable Onda ,No ,No,,Si,1,2.0 Mb ,,
4238,Escuela San Marcelo,Veraguas,Cañazas,San Marcelo,Veraguas,7,No,Si,Compañía Distribuidora,No,Sin Internet,19,Ana Almengor,-81.14735625,8.27231454,2352,78173815-6c16-4ac4-99c1-042f185ed5dd,1597153106568,b_ayarza,1610239227068,b_ayarza,SN/SV,No ,No,,No ,SN/SV,SN/SV,,
3224,Escuela El Trapichito,Panama,Chepo,Chepo ,Panamá Este,6,Si,No,Dato por Verificar,No,Sin Internet,1,Miriam Gutierrez,-79.1029465,9.1728983,2353,7e47b5a8-21a5-496a-9c41-1a52754a2487,1597153106568,b_ayarza,1610239228724,b_ayarza,SN/SV,No ,Si,,Si,SN/SV,SN/SV,,
4107,Colegio Secundario Agroforestal de Calobre,Veraguas,Calobre,Calobre,Veraguas,352,No,Si,Compañía Distribuidora,Si,Fibra Óptica,16,Luis Carlos Nuñez,-80.84330412,8.31869479,2355,81a2338f-dbec-4178-bdc4-6d1783f60e72,1597153106568,b_ayarza,1610734753061,b_ayarza,Cable Onda ,No ,No,,No ,2,10 Mb ,,
4370,Escuela Tabacal,Veraguas,Las Palmas,Zapotillo,Veraguas,16,Si,Si,Panel Solar,No,Sin Internet,26,Nicolin Batista,-81.53675642,7.9459711,2356,c7517896-09e1-4662-820d-b7e89ddb49ec,1597153106568,b_ayarza,1610239234874,b_ayarza,SN/SV,No ,No,,Si ,SN/SV,SN/SV,,
3909,Escuela Doctor Ricardo J. Alfaro,Panama,Panamá,Tocumen,Panamá Centro,2414,No,Si,Compañía Distribuidora,Si,Hibrido de Fibra Coaxial/Fibra Óptica,10,Briceida P. De Vasquez,-79.37969302,9.09258064,2357,f2157171-a125-45ab-82b4-0c42875bac68,1597153106568,b_ayarza,1610731433655,b_ayarza,Cable Onda ,No ,No,,Si,2,6 Mb / 10 Mb ,,
3369,Escuela Victoria D Spinay,Panama Oeste,La Chorrera,Barrio Balboa ,Panamá Oeste ,1645,No,Si,Compañía Distribuidora,Si,Hibrido de Fibra Coaxial,Dato por verificar,Dato por Verificar,-79.79625932,8.87274526,2358,eff226dc-e0bc-41ea-9816-6f198abd8338,1597153106568,b_ayarza,1610724512919,b_ayarza,Cable Onda,No ,No,,Si,1,6 Mb ,,
4239,Escuela El Poste,Veraguas,Cañazas,San Marcelo,Veraguas,25,No,Si,Compañía Distribuidora,Si,Microondas,19,Iveth Moreno,-81.17901861,8.30015622,2359,2c514748-e6a4-4a8b-837e-e2dff42ae53e,1597153106568,b_ayarza,1610736568876,b_ayarza,Digicel ,No ,No,,Si ,1,4 Mb ,,
4111,Escuela Punta Delgadita,Veraguas,Santiago,San Martín De Porres,Veraguas,379,No,Si,Compañía Distribuidora,Si,Hibrido de Fibra Coaxial,2,Jacinta De Cumbrera,-80.94296785,8.10999286,2360,1690cc8e-587c-47a8-b3f9-011257a90699,1597153106568,b_ayarza,1610734755125,b_ayarza,Cable Onda ,No ,No,,No ,1,6 Mb ,,
4374,Escuela Zapotal,Veraguas,Las Palmas,Zapotillo,Veraguas,6,Si,No,Dato por Verificar,No,Sin Internet,26,Mirelis Almanza,-81.57218164,7.93512189,2361,ac4312f1-2293-48e4-a801-0660e6e050aa,1597153106568,b_ayarza,1610239237597,b_ayarza,SN/SV,No ,No,,Si ,SN/SV,SN/SV,,
4530,Escuela El Carmen,Veraguas,Santa Fé,El Alto,Veraguas,40,No,Si,Compañía Distribuidora,Si,Microondas,22,Isaias Godoy,-81.05742575,8.48786906,2362,f751f057-af87-47fa-8cc9-80e6bcff89cc,1597153106568,b_ayarza,1610827025215,b_ayarza,CWP,No ,No,,No ,1,4 Mb ,,
4115,Escuela El Pedregoso,Veraguas,Calobre,Calobre,Veraguas,45,No,Si,Compañía Distribuidora,Si,Fibra Óptica,16,Lurys Richards,-80.83849832,8.29136202,2363,8d84badb-071d-46b4-9512-bb84aac60990,1597153106568,b_ayarza,1610734756162,b_ayarza,Cable Onda ,No ,No,,No ,1,10 Mb ,,
3916,Escuela Genesis,Panama,Panamá,Las Mañanitas,Panamá Centro,316,No,Si,Compañía Distribuidora,Si,Microondas,9,Marlena Muñoz,-79.39584661,9.10900258,2364,a75c296b-20a9-42a5-b366-4985ed431c1b,1597153106568,b_ayarza,1610731460919,b_ayarza,CWP,No ,No,,Si,2,10 Mb ,,
4375,Escuela El Palmeno,Veraguas,Las Palmas,Zapotillo,Veraguas,10,Si,No,Dato por Verificar,No,Sin Internet,26,Veronica Rios,-81.5077328,7.91694201,2365,4770af62-eaeb-4a59-84e4-fff559f34589,1597153106568,b_ayarza,1610239240795,b_ayarza,SN/SV,No ,No,,Si ,SN/SV,SN/SV,,
3225,Escuela Juan Banon Adentro,Panama,Chepo,Chepo,Panamá Este,9,Si,No,Dato por Verificar,No,Sin Internet,1,Solangel Solano,-79.00413742,9.1039695,2366,735a203c-44e4-4bd3-a7d7-407f93e56353,1597153106568,b_ayarza,1610239240170,b_ayarza,SN/SV,No ,No,,Si,SN/SV,SN/SV,,
4532,Escuela El Palmarito,Veraguas,Santa Fé,Rubén Cantú,Veraguas,18,Si,Si,Panel Solar,No,Sin Internet,22,Himilce Palma,-81.01533668,8.49229935,2367,baebd525-fd33-4551-8019-585394591c39,1597153106568,b_ayarza,1610239244220,b_ayarza,SN/SV,No ,No,,Si ,SN/SV,SN/SV,,
3921,C.E.B.G. San Miguel Arcangel,Panama,Panamá,Las Mañanitas,Panamá Centro,1357,No,Si,Compañía Distribuidora,Si,Hibrido de Fibra Coaxial,9,Maribel Chong,-79.40664689,9.09661541,2368,96863fd8-af5a-4971-be69-59caf2118194,1597153106568,b_ayarza,1610731468587,b_ayarza,Cable Onda ,No ,No,,Si,1,6 Mb ,,
4116,Escuela Las Tetas,Veraguas,Calobre,Calobre,Veraguas,16,No,Si,Compañía Distribuidora,Si,Satelital,16,Olga Carrera,-80.78497082,8.27425045,2369,c02f05ef-b313-43d7-b1a7-39914eda2311,1597153106568,b_ayarza,1610734757900,b_ayarza,Cable Onda ,No ,No,,No ,1,2.0 Mb ,,
3375,Centro Educativo San Antonio,Panama Oeste,La Chorrera,Barrio Balboa ,Panamá Oeste ,723,No,Si,Compañía Distribuidora,Si,Hibrido de Fibra Coaxial,Dato por verificar,Dato por Verificar,-79.801307,8.887388,2370,a373be3e-927b-41ae-a68b-3eae459d3828,1597153106568,b_ayarza,1610724515779,b_ayarza,Cable Onda,No ,No,,Si,1,6 Mb ,,
4240,Escuela Palo Verde,Veraguas,Cañazas,San Marcelo,Veraguas,50,Si,Si,Compañía Distribuidora,Si,Satelital,19,Brenan Ocaña,-81.18747082,8.25313953,2371,a5e9fd23-4c49-4410-9abc-29799a090217,1597153106568,b_ayarza,1610736576438,b_ayarza,Cable Onda ,No ,No,,No ,1,2.0 Mb ,,
3922,P.C. Tocumen,Panama,Panamá,Tocumen,Panamá Centro,1696,No,Si,Compañía Distribuidora,Si,Fibra Óptica,10,Gimara Almengor,-79.39913752,9.07341402,2372,5901cb09-35e5-45e6-b274-bfe32d092ecd,1597153106568,b_ayarza,1610731476154,b_ayarza,Cable Onda ,No ,No,,Si,1,10 Mb ,,
3377,Escuela Secundaria Pedro Pablo Sánchez ,Panama Oeste,La Chorrera,Barrio Balboa ,Panamá Oeste ,3172,No,Si,Compañía Distribuidora,Si,Hibrido de Fibra Coaxial,1,Jose Elpidio Rodriguez Rodriguez,-79.78477527,8.87053937,2373,054ca553-6e41-4aea-9328-b7eb6c4f999a,1597153106568,b_ayarza,1610724519209,b_ayarza,Cable Onda,No ,No,,Si,2,6 Mb ,,
3226,Escuela Unión Veraguense,Panama,Chepo,Chepo,Panamá Este,6,Si,No,Dato por Verificar,No,Sin Internet,9,Aida Aguilar,-78.98608192,9.08091409,2374,fe27d90c-32bf-497c-979c-3a0ac116515f,1597153106568,b_ayarza,1610239246179,b_ayarza,SN/SV,No ,No,,Si,SN/SV,SN/SV,,
3388,Escuela Federico Yico Velasquez,Panama Oeste,La Chorrera,Barrio Balboa ,Panamá Oeste ,552,No,Si,Compañía Distribuidora,Si,Fibra Óptica,4,Dalida Ester Cedeno Garcia,-79.80177364,8.88805435,2375,4e92a963-3e43-4830-b1d1-3fbceb79312f,1597153106568,b_ayarza,1610724524667,b_ayarza,CWP,No ,No,,Si,1,10 Mb ,,
4117,Escuela San Miguel,Veraguas,Calobre,Calobre,Veraguas,22,Si,Si,Compañía Distribuidora,Si,Fibra Óptica,16,Angie E. Rosas,-80.82033593,8.26405872,2376,3e73daed-d3ec-438a-8a8d-7a988d4fe3d9,1597153106568,b_ayarza,1610734760845,b_ayarza,Cable Onda ,No ,No,,No ,1,10 Mb ,,
4241,Escuela Los Panamaes,Veraguas,Cañazas,El Aromillo,Veraguas,36,No,Si,Compañía Distribuidora,Si,Satelital,19,Cornelio Mojica,-81.17135972,8.32702816,2377,46beed2f-dc32-43a0-83cc-0dd7b6af532d,1597153106568,b_ayarza,1610736579332,b_ayarza,Cable Onda ,No ,No,,Si ,1,2.0 Mb ,,
4376,Escuela Espala Arriba,Veraguas,Las Palmas,Zapotillo,Veraguas,4,Si,Si,Planta Eléctrica de Empresa,No,Sin Internet,26,Jose Adames,-81.53334471,7.91874035,2378,db5a7799-d900-4bab-9c49-60ddf5273456,1597153106568,b_ayarza,1610239247882,b_ayarza,SN/SV,No ,No,,Si ,SN/SV,SN/SV,,
4534,Escuela Los Llanos,Veraguas,Santa Fé,El Cuay,Veraguas,39,Si,Si,Panel Solar,No,Sin Internet,22,Marilyn Jimenez,-81.11691529,8.46372604,2379,58370f39-4c95-4180-93da-7ee5e0417263,1597153106568,b_ayarza,1610239249342,b_ayarza,SN/SV,No ,No,,No ,SN/SV,SN/SV,,
3227,Escuela Tigre Arriba,Panama,Chepo,Chepo,Panamá Este,6,Si,No,Dato por Verificar,No,Sin Internet,1,Ilsa Sanjur,-79.03969302,9.07646961,2380,b1189483-3cca-48c5-80fe-2fe536a4067c,1597153106568,b_ayarza,1610239250898,b_ayarza,SN/SV,No ,No,,Si,SN/SV,SN/SV,,
4118,Escuela El Barnizal,Veraguas,Calobre,Barnizal,Veraguas,21,Si,Si,Panel Solar,No,Sin Internet,17,Aminta Ortega,-80.77726962,8.40955309,2381,2020575f-d546-4a89-b5c4-d718203e956c,1597153106568,b_ayarza,1610239252504,b_ayarza,SN/SV,No ,No,,Si ,SN/SV,SN/SV,,
3940,Escuela Sector Sur,Panama,Panamá,Tocumen,Panamá Centro,911,No,Si,Compañía Distribuidora,No,Sin Internet,10,Rosa E. Avila,-79.38802632,9.08091409,2382,8dd648f8-f934-4c2d-8f3b-dba5fa845ce3,1597153106568,b_ayarza,1610239255145,b_ayarza,SN/SV,No ,Si,,Si,SN/SV,SN/SV,,
4377,Escuela Lovaina,Veraguas,Las Palmas,Pixvae,Veraguas,13,Si,Si,Panel Solar,No,Sin Internet,26,Elsa Rodriguez De Cardenas,-81.52477212,7.88808792,2383,025a052a-9c15-4d93-aff9-cd8ea6f7e9e6,1597153106568,b_ayarza,1610239260117,b_ayarza,SN/SV,No ,No,,Si ,SN/SV,SN/SV,,
4119,Escuela El Portuguez,Veraguas,Calobre,Barnizal,Veraguas,6,Si,Si,Panel Solar,No,Sin Internet,17,Melva De Croz,-80.75058002,8.39368339,2384,ddecc4f2-a42c-46d4-9f56-ec9ef896dbfa,1597153106568,b_ayarza,1610239260666,b_ayarza,SN/SV,No ,No,,Si ,SN/SV,SN/SV,,
4535,Escuela La Rana,Veraguas,Santa Fé,El Cuay,Veraguas,19,Si,Si,Panel Solar,No,Sin Internet,22,Eduardo Batista,-81.1445335,8.46309268,2385,24a3e1ec-74f5-45bb-87bb-1e32235fbab0,1597153106568,b_ayarza,1610239263385,b_ayarza,SN/SV,No ,No,,No ,SN/SV,SN/SV,,
3228,Escuela Tigre Abajo,Panama,Chepo,Santa Cruz De Chinina,Panamá Este,15,Si,Si,Planta Eléctrica de Empresa,No,Sin Internet,Dato por verificar,Dato por Verificar,-79.05441532,9.0800807,2386,e07c098d-a7a2-4068-988c-20e8848a59dc,1597153106568,b_ayarza,1610239264666,b_ayarza,SN/SV,No ,No,,Si,SN/SV,SN/SV,,
3389,Escuela  República de Costa Rica,Panama Oeste,La Chorrera,Barrio Balboa ,Panamá Oeste ,1344,No,Si,Compañía Distribuidora,Si,Hibrido de Fibra Coaxial,2,Manuel Arauz Batista,-79.78266896,8.87992771,2387,a92b5f7e-50a8-401c-aa4e-1ad2c4cf7a85,1597153106568,b_ayarza,1610724528449,b_ayarza,Cable Onda,No ,No,,Si,1,6 Mb ,,
4242,Escuela LLano Grande,Veraguas,Cañazas,San Marcelo,Veraguas,22,No,Si,Panel Solar,No,Sin Internet,19,Eduardo Arcia,-81.12997082,8.24813955,2388,eab3f2f8-872d-4d00-bc54-bed972d34ddf,1597153106568,b_ayarza,1610239267810,b_ayarza,SN/SV,No ,No,,No ,SN/SV,SN/SV,,
3229,Escuela Limonada Arriba,Panama,Chepo,Chepo,Panamá Este,5,Si,Si,Panel Solar,No,Sin Internet,1,Nidia Hernandez,-78.96997082,9.08424738,2389,065fd99d-c006-493f-8426-0d57f9302441,1597153106568,b_ayarza,1610239269546,b_ayarza,SN/SV,No ,No,,Si,SN/SV,SN/SV,,
3941,Escuela Nuevo Belen,Panama,Panamá,Tocumen,Panamá Centro,1341,No,Si,Compañía Distribuidora,Si,Microondas,9,Maria Isabel Ruiz,-79.39372003,9.0901302,2390,173c0e44-9e90-467b-91aa-9cf9297f8386,1597153106568,b_ayarza,1610731557232,b_ayarza,Digicel ,No ,No,,Si,1,10 Mb ,,
3391,C.E.B.G. José María Barranco,Panama Oeste,La Chorrera,Barrio Balboa ,Panamá Oeste ,1738,No,Si,Compañía Distribuidora,Si,Hibrido de Fibra Coaxial,3,Carlos Fernandez,-79.78052642,8.87341483,2391,b386be39-3e27-4879-a939-5a8a91708222,1597153106568,b_ayarza,1610724531490,b_ayarza,Cable Onda,No ,No,,Si,1,6 Mb ,,
4243,Escuela Las Huacas,Veraguas,Cañazas,San Marcelo,Veraguas,16,No,Si,Compañía Distribuidora,Si,Satelital,19,Roque Martinez,-81.147463,8.272288,2392,e29a0207-97d8-4af2-9702-3137478b82dc,1597153106568,b_ayarza,1610736620394,b_ayarza,CWP,No ,No,,No ,1,4 Mb ,,
3230,Escuela Calobre Abajo,Panama,Chepo,El Llano,Panamá Este,6,Si,No,Dato por Verificar,No,Sin Internet,1,Marlenis Gonzalez,-78.982055,9.219888,2393,83b85c87-ff9e-4dc0-bbf5-762dab683f4a,1597153106568,b_ayarza,1610239272205,b_ayarza,SN/SV,No ,No,,Si,SN/SV,SN/SV,,
4536,Escuela El Cuaycito,Veraguas,Santa Fé,El Cuay,Veraguas,23,Si,Si,Panel Solar,No,Sin Internet,22,Cirila Rodriguez,-81.12920302,8.42347949,2394,00e40ab7-eaa0-49e5-9b94-2d748960fff0,1597153106568,b_ayarza,1610239274361,b_ayarza,SN/SV,No ,No,,No ,SN/SV,SN/SV,,
3942,Escuela Emperatriz Taboada,Panama,Panamá,Tocumen,Panamá Centro,1326,No,Si,Compañía Distribuidora,Si,Fibra Óptica,10,Ruth Ortiz,-79.36400616,9.08260431,2395,ee3da5e9-a90b-48f5-9c02-23c6066fa272,1597153106568,b_ayarza,1610731558112,b_ayarza,CWP ,No ,No,,Si,1,10 Mb ,,
4244,Escuela Corita de Los Perez,Veraguas,Cañazas,San Marcelo,Veraguas,10,No,Si,Compañía Distribuidora,No,Sin Internet,19,Yadira Sanjur,-81.13663742,8.28619491,2397,6d1b6e61-3d9a-40aa-8ba1-44ce4d55490e,1597153106568,b_ayarza,1610239277298,b_ayarza,SN/SV,No ,No,,No ,SN/SV,SN/SV,,
3231,Escuela Quebrada Trapiche,Panama,Chepo,Chepo,Panamá Este,6,Si,No,Dato por Verificar,No,Sin Internet,9,Maritza Flores,-78.95663742,9.09980292,2398,693194dc-4494-4170-8646-7c6210c051d3,1597153106568,b_ayarza,1610239278940,b_ayarza,SN/SV,No ,No,,Si,SN/SV,SN/SV,,
4378,Escuela Buena Vista Sur,Veraguas,Montijo,Pilón,Veraguas,12,No,Si,Compañía Distribuidora,Si,Microondas,8,Yarizel Gonzalez,-81.09135972,7.95786281,2399,21e1232d-fa3f-4c8f-800f-07512c422cd6,1597153106568,b_ayarza,1610741882704,b_ayarza,CWP,No ,No,,No ,1,10 Mb ,,
4120,Escuela Loma Llana,Veraguas,Calobre,Chitra,Veraguas,26,Si,Si,Panel Solar,No,Sin Internet,17,Margarita Batista,-80.90498152,8.50389208,2400,c2cd55fe-3a7e-47b3-9d98-0524c03ea8b6,1597153106568,b_ayarza,1610239280787,b_ayarza,SN/SV,No ,No,,No ,SN/SV,SN/SV,,
4245,Escuela El Aromillo,Veraguas,Cañazas,El Aromillo,Veraguas,10,Si,Si,Panel Solar,No,Sin Internet,19,Victor Gomez,-81.14941522,8.36258352,2401,a316ecd5-f14a-46c2-bd05-329c3ac83a3c,1597153106568,b_ayarza,1610239282320,b_ayarza,SN/SV,No ,No,,Si ,SN/SV,SN/SV,,
3232,Escuela Unión de Azuero,Panama,Chepo,Chepo,Panamá Este,399,No,Si,Compañía Distribuidora,Si,Hibrido de Fibra Coaxial,2,Griselda De Hernandez,-79.16726755,9.15684735,2402,c36c236c-f3b8-4044-8fd4-cbd4135edf97,1597153106568,b_ayarza,1610721497464,b_ayarza,Cable Onda,No ,No,,Si,1,6 Mb ,,
3943,Escuela Ciudad Jardín Las Mañanitas,Panama,Panamá,Mañanitas,Panamá Centro,1650,No,Si,Compañía Distribuidora,Si,Fibra Óptica,9,Oscar Pino Hidalgo,-79.40715236,9.09385061,2403,d13f7d58-652e-453f-ad99-bef941a495a2,1597153106568,b_ayarza,1610731558453,b_ayarza,CWP ,No ,No,,Si,1,10 Mb ,,
4121,C.E.B.G. Chitra,Veraguas,Calobre,Chitra,Veraguas,60,Si,Si,Sistema Aislado para el Poblado ,Si,Satelital,17,Cristobal Cruz,-80.90662648,8.52866872,2404,40d9f9e2-9b32-41c5-9800-c9145036d45b,1597153106568,b_ayarza,1610734777985,b_ayarza,Cable Onda ,No ,No,,No ,1,2.0 Mb ,,
4379,Escuela El Chumical,Veraguas,Montijo,Unión Del Norte,Veraguas,3,No,Si,Compañía Distribuidora,Si,Satelital,8,Mirian Alvarado,-81.06413752,8.05564026,2405,42eb9e43-0f21-4bda-8fa0-bc06ade5ac6f,1597153106568,b_ayarza,1610741905782,b_ayarza,Cable Onda ,No ,No,,No ,1,1.0 Mb ,,
3393,Escuela El Limón ,Panama Oeste,La Chorrera,Barrio Colón ,Panamá Oeste ,235,No,Si,Compañía Distribuidora,Si,Hibrido de Fibra Coaxial,2,Maritza De Arauz,-79.75608192,8.90508141,2406,238e867c-51a3-4baf-9d00-0cbe3a0ccc62,1597153106568,b_ayarza,1610725471660,b_ayarza,Cable Onda,No ,No,,No ,1,6 Mb ,,
4246,Escuela Boca de Corita,Veraguas,Cañazas,San Marcelo,Veraguas,11,No,Si,Compañía Distribuidora,No,Sin Internet,19,Edid Alvarez,-81.10524852,8.26647278,2407,8a3ef2f5-bfe3-4b26-9fad-23d7f419f0f2,1597153106568,b_ayarza,1610239284631,b_ayarza,SN/SV,No ,No,,No ,SN/SV,SN/SV,,
4537,Escuela Los Corotues,Veraguas,Santa Fé,El Cuay,Veraguas,35,Si,Si,Panel Solar,No,Sin Internet,22,Mayra Canto,-81.08017821,8.41154234,2408,e8f6761f-fc63-4e1a-9cbd-8233b4fc42c8,1597153106568,b_ayarza,1610239287850,b_ayarza,SN/SV,No ,No,,No ,SN/SV,SN/SV,,
3234,Escuela Limonada Abajo,Panama,Chepo,Chepo ,Panamá Este,19,Si,Si,Panel Solar,No,Sin Internet,1,Vielka Alvarez,-79.1029465,9.1728983,2409,17bdba95-c1ff-44ff-be7f-ed6d79fd6db5,1597153106568,b_ayarza,1610239291053,b_ayarza,SN/SV,No ,Si,,Si,SN/SV,SN/SV,,
4122,Escuela Media Luna,Veraguas,Calobre,Chitra,Veraguas,6,Si,Si,Sistema Aislado para el Poblado ,No,Sin Internet,17,Xiomara Garcia,-80.88651368,8.51226422,2410,c37b9fbd-bf81-44e7-8bc2-883885beac9f,1597153106568,b_ayarza,1610239292659,b_ayarza,SN/SV,No ,No,,No ,SN/SV,SN/SV,,
4380,Escuela Llano Largo,Veraguas,Soná,Soná,Veraguas,38,No,Si,Compañía Distribuidora,Si,Satelital,12,Adelo Cruz,-81.33413742,7.97591825,2411,1c97fece-c797-44d6-8e61-aa3ff083f218,1597153106568,b_ayarza,1610741906924,b_ayarza,Cable Onda ,No ,No,,No ,1,2.0 Mb ,,
3396,C.E.B.G. Leopoldo Castillo G.,Panama Oeste,La Chorrera,Barrio Colón ,Panamá Oeste ,1381,No,Si,Compañía Distribuidora,Si,Hibrido de Fibra Coaxial,3,Moises A. Rodriguez M.,-79.77607521,8.87720364,2412,bfcd96a5-f309-45e2-a521-4ae0a486db13,1597153106568,b_ayarza,1610725472527,b_ayarza,Cable Onda,No ,No,,No ,1,6 Mb ,,
4247,Escuela Comuncito El Ceibal,Veraguas,Cañazas,El Aromillo,Veraguas,17,Si,Si,Panel Solar,No,Sin Internet,19,Maria Rosales,-81.19247082,8.37730567,2413,33472781-19b6-4c64-993b-5160758e0c6a,1597153106568,b_ayarza,1610239294398,b_ayarza,SN/SV,No ,No,,Si ,SN/SV,SN/SV,,
4538,Escuela El Cedro,Veraguas,Santa Fé,El Cuay,Veraguas,16,Si,Si,Compañía Distribuidora,No,Sin Internet,9,Yadira Tenorio,-81.06365761,8.42084962,2414,3f370ce9-d963-49f4-a36b-15c474cb44ca,1597153106568,b_ayarza,1610239297981,b_ayarza,SN/SV,No ,No,,No ,SN/SV,SN/SV,,
3398,Colegio Moises Castillo Ocaña,Panama Oeste,La Chorrera,Barrio Colón ,Panamá Oeste ,2272,No,Si,Compañía Distribuidora,Si,Hibrido de Fibra Coaxial,2,Mariela Rios De Salinas,-79.78124648,8.89206183,2415,4764e3b6-95eb-4375-b2e5-1ba378ed803d,1597153106568,b_ayarza,1610725477769,b_ayarza,Cable Onda,No ,No,,No ,2,6 Mb ,,
4381,Escuela Vielka B. de Martínez,Veraguas,Montijo,Santa Hermosa,Veraguas,118,No,Si,Compañía Distribuidora,Si,Microondas,8,Flavio Batista,-81.06540275,7.94474219,2416,748c03b4-022a-4610-98ba-6a36b75ae8f4,1597153106568,b_ayarza,1610741913139,b_ayarza,CWP,No ,No,,No ,1,10 Mb ,,
3944,Escuela Reino de los Paises Bajos Holanda,Panama,Panamá,Las Mañanitas,Panamá Centro,1231,No,Si,Compañía Distribuidora,Si,Fibra Óptica,9,Dalys Vega De Almengor,-79.40552632,9.08341408,2417,e50c6a8e-94e2-4998-9f37-133d8494f8e8,1597153106568,b_ayarza,1610731559603,b_ayarza,CWP ,No ,No,,Si,2,10 Mb ,,
4539,Escuela El Pantano,Veraguas,Santa Fé,El Pantano,Veraguas,79,No,Si,Compañía Distribuidora,Si,Microondas,22,Nedelka Jimenes,-81.07008542,8.53444117,2418,da82c686-3868-4576-a31c-0d88262313f0,1597153106568,b_ayarza,1610827048720,b_ayarza,CWP,No ,No,,No ,1,10 Mb ,,
3401,Escuela Fuente del Chase,Panama Oeste,La Chorrera,Barrio Colón ,Panamá Oeste ,442,No,Si,Compañía Distribuidora,Si,Hibrido de Fibra Coaxial,2,Nidia A. De Castillo,-79.75838355,8.89167528,2419,a87473ea-b8f5-427b-8a37-701c3515876c,1597153106568,b_ayarza,1610725522911,b_ayarza,Cable Onda,No ,No,,No ,1,6 Mb ,,
4383,Escuela La Honda,Veraguas,Mariato ,Llano De Catival o Mariato (Cabecera),Veraguas,4,Si,Si,Panel Solar,No,Sin Internet,6,Ricardo Ortega,-80.84580422,7.59425289,2420,74d37371-8974-4566-b63b-c226fab1e217,1597153106568,b_ayarza,1610239299519,b_ayarza,SN/SV,No ,Si,,No ,SN/SV,SN/SV,,
4248,Escuela El Ceibal,Veraguas,Cañazas,El Aromillo,Veraguas,10,Si,Si,Panel Solar,No,Sin Internet,19,Rebeca Perez,-81.16997082,8.36508351,2421,fbda4156-69de-460b-91db-864009f294c4,1597153106568,b_ayarza,1610239301141,b_ayarza,SN/SV,No ,No,,Si ,SN/SV,SN/SV,,
4123,Escuela La Hondura,Veraguas,Calobre,Chitra,Veraguas,48,Si,Si,Panel Solar,No,Sin Internet,17,Maria De Perez,-80.94382712,8.52683969,2422,b5a622eb-4e88-4a11-9010-ecdfdf1d7f9d,1597153106568,b_ayarza,1610239302735,b_ayarza,SN/SV,No ,No,,No ,SN/SV,SN/SV,,
3946,Escuela Colón ,Panama Oeste,San Carlos,San Carlos,Panamá Oeste ,52,No,Si,Compañía Distribuidora,Si,Fibra Óptica,Dato por verificar,Dato por Verificar,-79.97191522,8.4992497,2423,4a470388-70cb-45e2-8258-1606a6d0087c,1597153106568,b_ayarza,1610731567262,b_ayarza,Cable Onda ,No ,No,,No ,1,10 Mb ,,
4541,Escuela Santa Bárbara,Veraguas,Santa Fé,Gatu o Gatucito,Veraguas,15,Si,Si,Panel Solar,No,Sin Internet,22,Elioud Rodriguez,-80.97238784,8.50195004,2424,0b3268f9-ea00-48b9-8fcf-11c42480e091,1597153106568,b_ayarza,1610239304414,b_ayarza,SN/SV,No ,No,,Si ,SN/SV,SN/SV,,
4387,C.E.B.G. Idelfonso Canto Solis ,Veraguas,Montijo,Pilón,Veraguas,100,No,Si,Compañía Distribuidora,Si,Satelital,8,Aracelis Portugal,-81.07427191,7.95549897,2425,04e1ccf3-807f-49d8-aa44-34206e524012,1597153106568,b_ayarza,1610741958510,b_ayarza,CWP,No ,No,,No ,1,4 Mb ,,
3237,C.E.B.G. Santa Isabel,Panama,Chepo,Chepo,Panamá Este,459,No,Si,Compañía Distribuidora,Si,Fibra Óptica,10,Edith L. De Vasquez,-79.1029465,9.1728983,2426,ec0cf9d4-1614-4543-9171-7b7317159a16,1597153106568,b_ayarza,1610721555119,b_ayarza,Cable Onda/ CWP,No ,No,,Si,2,10 Mb ,,
4249,Escuela Los Bravos,Veraguas,La Mesa,La Mesa,Veraguas,7,No,Si,Panel Solar,No,Sin Internet,11,Lineth Tristan,-81.18108192,8.11230665,2427,d0ca8812-35c9-43c6-b56a-978dab1c7537,1597153106568,b_ayarza,1610239306944,b_ayarza,SN/SV,No ,No,,No ,SN/SV,SN/SV,,
4125,Escuela Pueblo Nuevo,Veraguas,Calobre,Chitra,Veraguas,34,Si,Si,Sistema Aislado para el Poblado ,Si,Satelital,17,Ilsa Guizado,-80.9107983,8.52396614,2428,695960f5-973d-4d20-ac63-2d85bb2411d3,1597153106568,b_ayarza,1610734800091,b_ayarza,CWP,No ,No,,No ,1,10 Mb ,,
4388,Escuela Hato de Jesús,Veraguas,Montijo,Unión Del Norte,Veraguas,20,No,Si,Compañía Distribuidora,Si,Satelital,8,Carmen Aguilar,-81.08498281,8.00360128,2429,3d6b0044-225b-400f-aabd-705d643e6c24,1597153106568,b_ayarza,1610741961812,b_ayarza,Cable Onda ,No ,No,,No ,1,2.0 Mb ,,
3948,Colegio San Carlos,Panama Oeste,San Carlos,San Carlos,Panamá Oeste ,1089,No,Si,Compañía Distribuidora,Si,Hibrido de Fibra Coaxial,4,Modesto Guardia,-79.96752443,8.46721282,2430,b5cb5b64-f50c-4837-86f8-3a4b4bdfec45,1597153106568,b_ayarza,1610731610195,b_ayarza,Cable Onda ,No ,No,,No ,3,6 Mb ,,
4542,Escuela Gatu,Veraguas,Santa Fé,Gatu o Gatucito,Veraguas,62,Si,Si,Panel Solar,No,Sin Internet,22,Honorio Gonzalez,-80.95670619,8.52790258,2431,df8e0218-7d14-4737-9728-68c6be4ec39e,1597153106568,b_ayarza,1610239308572,b_ayarza,SN/SV,No ,No,,Si ,SN/SV,SN/SV,,
3402,C.E.B.G. Naciones Unidas,Panama Oeste,La Chorrera,Barrio Colón ,Panamá Oeste ,1989,No,Si,Compañía Distribuidora,Si,Hibrido de Fibra Coaxial,2,Elsa De De Sedas,-79.77746673,8.88686482,2432,b83b0232-d25e-47ca-ad0f-26a444c11ec5,1597153106568,b_ayarza,1610725527661,b_ayarza,Cable Onda,No ,No,,No ,1,6 Mb ,,
3949,Escuela Río de Jesús,Panama Oeste,San Carlos,Los Llanitos,Panamá Oeste ,13,No,Si,Panel Solar,Si,Fibra Óptica,Dato por verificar,Dato por Verificar,-80.08969302,8.61147147,2433,9575bf35-f3e6-47dd-a71d-d33d1a6796df,1597153106568,b_ayarza,1610731598105,b_ayarza,Cable Onda ,No ,No,,No ,1,10 Mb ,,
3238,Escuela Superación Campesina,Panama,Chepo,Chepo,Panamá Este,192,No,Si,Compañía Distribuidora,Si,Fibra Óptica,2,Raquel Rodriguez,-79.14847066,9.16457577,2435,1f3a609a-331f-488b-a4ed-66a7c0cc2719,1597153106568,b_ayarza,1610721555846,b_ayarza,Cable Onda,No ,No,,Si,1,10 Mb ,,
4545,Escuela Quebrada Oscura,Veraguas,Santa Fé,Gatu o Gatucito,Veraguas,55,Si,Si,Panel Solar,No,Sin Internet,22,Ileanova Guevara,-80.94142382,8.55603757,2436,796ea0ec-c921-4256-9175-db15cd0a8ed1,1597153106568,b_ayarza,1610239316183,b_ayarza,SN/SV,No ,No,,Si ,SN/SV,SN/SV,,
3404,C.E.B.G. Aminta Martinez,Panama Oeste,La Chorrera,Amador,Panamá Oeste ,516,No,Si,Compañía Distribuidora,Si,Fibra Óptica,4,Llizabeth Pinzon De Villanero,-79.90479194,9.03050706,2437,26b93a5f-c925-4986-8694-76505b0ce5fb,1597153106568,b_ayarza,1610725536311,b_ayarza,Cable Onda,No ,No,,Si ,1,10 Mb ,,
4250,Escuela El Rodeo,Veraguas,La Mesa,Los Milagros,Veraguas,19,No,Si,Compañía Distribuidora,Si,Fibra Óptica,11,Doris Rodriguez,-81.09218929,8.17069783,2438,c1e13a65-6834-458c-803f-5f78a658d313,1597153106568,b_ayarza,1610736669853,b_ayarza,Cable Onda  ,No ,No,,No ,1,10 Mb ,,
4389,Escuela El Bongo,Veraguas,Montijo,Costa Hermosa,Veraguas,82,No,Si,Compañía Distribuidora,Si,Microondas,8,Argentina Johnson De Garrido,-81.04558847,7.95177543,2439,5916f522-c8a6-424a-8dec-e82490f7d503,1597153106568,b_ayarza,1610741964953,b_ayarza,CWP,No ,No,,No ,1,10 Mb ,,
4126,Escuela El Cocla,Veraguas,Calobre,El Cocla,Veraguas,7,Si,Si,Panel Solar,No,Sin Internet,16,Francisco Nuñez,-80.91829826,8.3148786,2440,45beb76b-1ae9-4a43-be74-4ce0a3c24fa7,1597153106568,b_ayarza,1610239322677,b_ayarza,SN/SV,No ,No,,No ,SN/SV,SN/SV,,
4252,Escuela Santa Catalina,Veraguas,La Mesa,La Mesa,Veraguas,27,No,Si,Compañía Distribuidora,No,Sin Internet,11,Ruth Peñalba,-81.26567548,8.14011045,2441,d935aecf-0a58-4176-8c65-31b7c626bcab,1597153106568,b_ayarza,1610239323194,b_ayarza,SN/SV,No ,No,,No ,SN/SV,SN/SV,,
3239,Escuela Rio Piedra,Panama,Chepo,Cañita,Panamá Este,11,No,Si,Compañía Distribuidora,Si,Fibra Óptica,4,Nidia Batista,-78.87663752,9.21758013,2442,3bfa2fbf-5734-4a6b-96ff-d6afcc574d4b,1597153106568,b_ayarza,1610721556892,b_ayarza,Cable Onda,No ,No,,Si,1,10 Mb ,,
3950,Escuela El Copecito,Panama Oeste,San Carlos,El Espino,Panamá Oeste ,96,No,Si,Compañía Distribuidora,Si,Microondas,11,Carlos Gonzalez,-80.03663742,8.51397185,2443,005a456b-8409-4455-b04b-0bbcfac25380,1597153106568,b_ayarza,1610731578870,b_ayarza,Cable Onda ,No ,No,,No ,1,10 Mb ,,
4253,P.C. La Mesa,Veraguas,La Mesa,La Mesa,Veraguas,385,No,Si,Compañía Distribuidora,Si,Fibra Óptica,11,Debora Perez,-81.18508218,8.14701037,2444,8e664015-4d63-41fa-8f46-0dc59f396bfa,1597153106568,b_ayarza,1610736681830,b_ayarza,Cable Onda  ,No ,No,,No ,2,10 Mb ,,
4127,Escuela El Viento,Veraguas,Calobre,El Cocla,Veraguas,19,Si,Si,Panel Solar,No,Sin Internet,16,Ricardo Batista,-80.86274862,8.32619476,2445,96f184be-cc5a-42df-8294-289855d3a53d,1597153106568,b_ayarza,1610239324934,b_ayarza,SN/SV,No ,No,,No ,SN/SV,SN/SV,,
3241,C.E.B.G. Climaco Delgado B.,Panama,Chepo,Cañita,Panamá Este,227,No,Si,Compañía Distribuidora,Si,Fibra Óptica,3,Raul Naranjo,-78.88802642,9.21619123,2446,aec7fa31-8015-4e39-827f-859ed769ff3a,1597153106568,b_ayarza,1610721557546,b_ayarza,Cable Onda,No ,No,,Si,1,10 Mb ,,
4546,Escuela Alto Corona,Veraguas,Santa Fé,Rubén Cantú,Veraguas,6,Si,Si,Panel Solar,No,Sin Internet,22,Lilisbeth Toribio,-80.96135972,8.46369434,2447,7f5dca0b-43c1-4b33-be8f-6e480226eec9,1597153106568,b_ayarza,1610239326742,b_ayarza,SN/SV,No ,No,,Si ,SN/SV,SN/SV,,
4390,Escuela El Coco,Veraguas,Montijo,Montijo,Veraguas,3,No,Si,Compañía Distribuidora,Si,Microondas,8,Bella Gracia,-81.02175477,8.01051434,2448,599a18e2-1848-415a-a535-03f0a5144879,1597153106568,b_ayarza,1610741969687,b_ayarza,Digicel ,No ,No,,No ,1,4 Mb ,,
3406,Escuela Lagarterita,Panama Oeste,La Chorrera,Amador,Panamá Oeste ,16,No,Si,Compañía Distribuidora,Si,Fibra Óptica,Dato por verificar,Dato por Verificar,-79.91413742,9.0795251,2449,ff03f7c4-6c68-4f9f-9351-c0cb1163e3e4,1597153106568,b_ayarza,1610725538398,b_ayarza,Cable Onda,No ,No,,Si ,1,10 Mb ,,
3243,Escuela Buenos Aires,Panama,Chepo,Cañita,Panamá Este,22,No,Si,Compañía Distribuidora,Si,Fibra Óptica,4,Maria Jurado,-78.82144617,9.23970383,2450,b9652b4d-df59-458a-af63-2beae88ab070,1597153106568,b_ayarza,1610721561595,b_ayarza,Cable Onda,No ,No,,Si,1,10 Mb ,,
3951,Escuela La Uva,Panama Oeste,San Carlos,El Espino,Panamá Oeste,19,Si,Si,Compañía Distribuidora,Si,Satelital,11,Lilibeth Agrazal,-80.01526835,8.52960294,2451,b4b92183-039e-4da8-b92c-b9b947a85155,1597153106568,b_ayarza,1610731678591,b_ayarza,CWP,No ,No,,No ,1,10 Mb ,,
4547,Escuela Gatuncito,Veraguas,Santa Fé,Gatu o Gatucito,Veraguas,90,Si,Si,Panel Solar,No,Sin Internet,22,Pedro Pablo Mojica,-80.95214958,8.53315443,2452,4d09e7e8-1f58-4a84-9073-ac0e89c10076,1597153106568,b_ayarza,1610239329387,b_ayarza,SN/SV,No ,No,,Si ,SN/SV,SN/SV,,
4254,Escuela Piedra Hincada,Veraguas,La Mesa,La Mesa,Veraguas,6,No,Si,Compañía Distribuidora,No,Sin Internet,11,Francisco Medina,-81.14578869,8.13940647,2453,87cffeba-8659-46d3-a327-2dea851385e1,1597153106568,b_ayarza,1610239332015,b_ayarza,SN/SV,No ,No,,No ,SN/SV,SN/SV,,
3407,Escuela Lagartera Grande,Panama Oeste,La Chorrera,Amador,Panamá Oeste ,29,Si,Si,Panel Solar,No,Sin Internet,4,Eneida Barria,-79.90761854,9.11733454,2454,12e27752-3748-449c-a2fb-df4d5b9a01d8,1597153106568,b_ayarza,1610239334988,b_ayarza,SN/SV,No ,No,,Si ,SN/SV,SN/SV,,
4391,Escuela Adolfo J. Fabrega,Veraguas,Montijo,Montijo,Veraguas,267,No,Si,Compañía Distribuidora,Si,Hibrido de Fibra Coaxial,8,Gladis Vasquez De Gonzalez,-81.05476894,7.98964814,2455,4ed51253-25f0-4f1e-b258-a7f84359b33e,1597153106568,b_ayarza,1610741973831,b_ayarza,Cable Onda ,No ,No,,No ,1,6 Mb ,,
4128,Escuela José G. Robles,Veraguas,Calobre,El Cocla,Veraguas,13,No,Si,Compañía Distribuidora,No,Sin Internet,16,Maribel Gonzalez,-80.86208,8.32594,2456,4fec4928-e426-4655-8478-a8b9b89731a5,1597153106568,b_ayarza,1610239336744,b_ayarza,SN/SV,No ,No,,No ,SN/SV,SN/SV,,
3953,Escuela El Espino,Panama Oeste,San Carlos,El Espino,Panamá Oeste,54,No,Si,Compañía Distribuidora,Si,Hibrido de Fibra Coaxial,11,Dalis Pinto B.,-80.0177909,8.48360494,2457,a8fb792f-6260-41dc-b400-aa87db1cf7ee,1597153106568,b_ayarza,1610731682085,b_ayarza,Cable Onda ,No ,No,,No ,1,6 Mb ,,
4255,Escuela Caña Brava ,Veraguas,La Mesa,Los Milagros,Veraguas,6,No,Si,Compañía Distribuidora,Si,Fibra Óptica,11,Miroslava P. Garcia,-81.10929012,8.15821884,2458,395c06f3-2179-4a9c-8a1b-401dd2ed6322,1597153106568,b_ayarza,1610736721668,b_ayarza,Cable Onda  ,No ,No,,No ,1,10 Mb ,,
4548,Escuela Pescara,Veraguas,Santa Fé,Rubén Cantú,Veraguas,63,Si,Si,Panel Solar,No,Sin Internet,9,Migdalia Cisnero,-80.94491272,8.4433004,2459,c1f69c4e-a0c9-4299-85c5-70ecbd2d1c20,1597153106568,b_ayarza,1610239339973,b_ayarza,SN/SV,No ,No,,Si ,SN/SV,SN/SV,,
4392,Escuela Mario Riera Pinilla,Veraguas,Montijo,Unión Del Norte,Veraguas,18,No,Si,Compañía Distribuidora,No,Sin Internet,8,Gladys Ortega,-81.06080422,8.02036259,2460,17e57906-ce39-4e8f-b868-435183e6348d,1597153106568,b_ayarza,1610239341645,b_ayarza,SN/SV,No ,No,,No ,SN/SV,SN/SV,,
3408,Escuela Tinajones Arriba,Panama Oeste,La Chorrera,Amador,Panamá Oeste ,42,No,Si,Compañía Distribuidora,Si,Satelital,4,Lisbeth Caceres Montero,-79.89597489,9.00271286,2461,158a5bdc-b241-4760-8d4e-4ef634f5d426,1597153106568,b_ayarza,1610725595311,b_ayarza,Cable Onda,No ,No,,Si ,1,10 Mb ,,
3245,Escuela Parti,Panama,Chepo,Tortí,Panamá Este,2,Si,Si,Panel Solar,No,Sin Internet,4,Blanquiceth De Leon,-78.65552642,9.0550808,2462,856f9fe6-0d5c-4ac6-9832-aaf45397bbce,1597153106568,b_ayarza,1610239347426,b_ayarza,SN/SV,No ,Si,,Si,SN/SV,SN/SV,,
4549,C.E.B.G. El Guabal,Veraguas,Santa Fé,Río Luis,Veraguas,131,Si,Si,Panel Solar,Si,Satelital,23,Petita Hernandez,-81.20271632,8.57766356,2463,16efd8b0-15e2-4f9d-b3f4-0e77d7bd4ccd,1597153106568,b_ayarza,1610827120642,b_ayarza,Cable Onda ,No ,No,,Si ,1,2.0 Mb ,,
3409,Escuela Hules Abajo,Panama Oeste,La Chorrera,Amador,Panamá Oeste ,29,Si,Si,Compañía Distribuidora,Si,Fibra Óptica,Dato por verificar,Dato por Verificar,-79.91374365,9.0630555,2464,166e0bd0-4bf9-4461-b34f-3fe95a04bc65,1597153106568,b_ayarza,1610725597469,b_ayarza,Cable Onda,No ,No,,Si ,1,10 Mb ,,
4393,Escuela Arenas,Veraguas,Mariato ,Arenas,Veraguas,27,No,Si,Compañía Distribuidora,No,Sin Internet,6,Yaniselly Mendoza,-80.86080422,7.37203154,2465,689bb8c3-c3b7-433b-878d-b88cdfd4ae9f,1597153106568,b_ayarza,1610239353978,b_ayarza,SN/SV,No ,Si,,No ,SN/SV,SN/SV,,
4257,Escuela Miradores,Veraguas,La Mesa,Los Milagros,Veraguas,55,No,Si,Compañía Distribuidora,Si,Fibra Óptica,11,Irma De Vargas,-81.13084329,8.18196139,2466,868f3b50-d74b-4f9e-b424-add7f95fa287,1597153106568,b_ayarza,1610736722409,b_ayarza,Cable Onda  ,No ,No,,No ,1,10 Mb ,,
4129,Escuela El Esquinado,Veraguas,Calobre,El Cocla,Veraguas,15,No,Si,Panel Solar,No,Sin Internet,16,Alfredo Torres,-80.89006642,8.34312008,2467,cd7b16c6-4c56-409b-a18f-a90626ba036b,1597153106568,b_ayarza,1610239355485,b_ayarza,SN/SV,No ,No,,No ,SN/SV,SN/SV,,
4552,Escuela Las Barreras,Veraguas,Santiago,Santiago,Veraguas,178,No,Si,Compañía Distribuidora,Si,Hibrido de Fibra Coaxial,3,Robinson Hoo,-80.99987159,8.1060887,2468,4a3d0bed-c008-49fe-aaa1-8e93f95048df,1597153106568,b_ayarza,1610827131110,b_ayarza,Cable Onda ,No ,No,,No ,2,6 Mb ,,
4258,Escuela José Muñoz M.,Veraguas,La Mesa,La Mesa,Veraguas,326,No,Si,Compañía Distribuidora,Si,Fibra Óptica,11,Emiliana Aviles De Patiño,-81.18626106,8.14821459,2469,d9e90c30-56b1-4185-9001-2a1c8195c733,1597153106568,b_ayarza,1610736723237,b_ayarza,Cable Onda  ,No ,No,,No ,1,10 Mb ,,
3246,Escuela La Riviera,Panama,Chepo,El Llano,Panamá Este,20,No,Si,Compañía Distribuidora,Si,Satelital,3,Maria Del C. Gonzalez,-78.88698235,9.18697059,2470,900bd7bb-fe20-438e-aca5-8c87f23b73e6,1597153106568,b_ayarza,1610721586707,b_ayarza,CWP,No ,No,,Si,1,4 Mb ,,
3954,Escuela El Higo,Panama Oeste,San Carlos,El Higo,Panamá Oeste ,558,No,Si,Compañía Distribuidora,Si,Fibra Óptica,11,Lizgay Giron,-80.03789218,8.45188876,2471,2b06b875-5e31-447d-9328-cdbd266f3f30,1597153106568,b_ayarza,1610731684910,b_ayarza,Cable Onda ,No ,No,,Si,1,10 Mb ,,
4131,Escuela El Aguacatal,Veraguas,Calobre,El Potrero,Veraguas,12,Si,Si,Panel Solar,No,Sin Internet,17,Maribel Ortega,-80.81023675,8.40237202,2472,6e98aa3d-7d94-4b6f-beac-4f426c3a1556,1597153106568,b_ayarza,1610239358062,b_ayarza,SN/SV,No ,No,,No ,SN/SV,SN/SV,,
4259,Escuela Alto El Llanón,Veraguas,La Mesa,Bisvalles,Veraguas,13,Si,Si,Panel Solar,No,Sin Internet,11,Jaqueline Terreros,-81.24163742,8.24897285,2473,d0558fb6-aec2-40b6-9c3a-d1b7e4a3623b,1597153106568,b_ayarza,1610239360963,b_ayarza,SN/SV,No ,No,,No ,SN/SV,SN/SV,,
4553,C.E.B.G. República de Oliver Alemán,Veraguas,Santiago,Carlos Santana Ávila,Veraguas,135,No,Si,Compañía Distribuidora,Si,Hibrido de Fibra Coaxial,4,Thatiana Vega,-80.85274862,8.08147347,2474,3343e81a-479b-44a2-a3bf-5bde4be7a97d,1597153106568,b_ayarza,1610827132165,b_ayarza,Cable Onda ,No ,No,,No ,1,6 Mb ,,
3248,Escuela Ciro Rivera,Panama,Chepo,Chepillo,Panamá Este,22,Si,Si,Planta Eléctrica de Empresa,No,Sin Internet,9,Karla Guerra,-79.12774852,8.95369231,2475,cafce98b-d77e-43cc-9339-449e047a15f9,1597153106568,b_ayarza,1610239362845,b_ayarza,SN/SV,No ,No,,Si,SN/SV,SN/SV,,
4394,Escuela El Cacao,Veraguas,Mariato ,El Cacao,Veraguas,8,No,Si,Compañía Distribuidora,No,Sin Internet,6,Deybis Cruz,-80.86941522,7.34480933,2476,8108d2c8-0dcf-4079-af1c-10c366abe7cc,1597153106568,b_ayarza,1610239364533,b_ayarza,SN/SV,No ,No,,No ,SN/SV,SN/SV,,
3410,Escuela Las Pavas,Panama Oeste,La Chorrera,Amador,Panamá Oeste ,61,Si,Si,Compañía Distribuidora,Si,Satelital,4,Aleida De Diaz,-79.88724652,9.10338223,2477,2fcaee1a-f7d3-47f2-9b7e-3374ee78d56a,1597153106568,b_ayarza,1610725604700,b_ayarza,Cable Onda,No ,No,,Si ,1,2.0 Mb ,,
3249,Escuela Higueronal Arriba,Panama,Chepo,Tortí,Panamá Este,14,Si,Si,Panel Solar,No,Sin Internet,6,Gladys Perez,-78.32952978,8.88639234,2478,6de46a1a-513a-46ea-a68d-aa63b47b7cb8,1597153106568,b_ayarza,1610239366220,b_ayarza,SN/SV,No ,No,,Si,SN/SV,SN/SV,,
4555,Escuela Cañasilla Arriba ,Veraguas,Santiago,Canto del Llano,Veraguas,51,No,Si,Compañía Distribuidora,Si,Hibrido de Fibra Coaxial,1,Emanuel De Gracia,-80.95081025,8.14276076,2479,bec4d1e5-5baf-449d-bd86-c103418446d2,1597153106568,b_ayarza,1610827133884,b_ayarza,Cable Onda ,No ,No,,No ,1,6 Mb ,,
3250,Escuela Rio Tigre Abajo,Panama,Chepo,El Llano,Panamá Este,14,Si,Si,Planta Eléctrica de Empresa,No,Sin Internet,4,Marina Amores,-78.79416814,9.0802185,2480,2bdc9bf4-c691-4aea-9433-d22761f78176,1597153106568,b_ayarza,1610239367845,b_ayarza,SN/SV,No ,No,,Si,SN/SV,SN/SV,,
3411,Escuela Arosemena,Panama Oeste,La Chorrera,Arosemena,Panamá Oeste ,37,No,Si,Compañía Distribuidora,Si,Satelital,9,Benito Tejada ,-79.96469312,8.97341453,2481,0dae559c-c4eb-42f8-ae42-4066eeae55a3,1597153106568,b_ayarza,1610725605987,b_ayarza,Cable Onda,No ,No,,No,1,2.0 Mb ,,
3955,Escuela El Cope,Panama Oeste,San Carlos,El Higo,Panamá Oeste ,57,No,Si,Compañía Distribuidora,Si,Satelital,11,Obdulia Cortes V,-80.05333741,8.50052912,2482,007b5fbd-16e2-4c86-8146-fbcf7833f8de,1597153106568,b_ayarza,1610731683195,b_ayarza,Cable Onda ,No ,No,,Si,1,2.0 Mb ,,
4395,Escuela Serafín Vargas Quintero,Veraguas,Mariato ,Arenas,Veraguas,48,No,Si,Compañía Distribuidora,Si,Satelital,6,Clodomiro Canto,-80.80524862,7.37064265,2483,3cbf8c7c-6120-4c4f-98ba-5d8c7a45bc1b,1597153106568,b_ayarza,1609182468960,b_ayarza,Cable Onda,No ,Si,48.0,No ,1,2.0 Mb,,
4132,Escuela El Potrero,Veraguas,Calobre,El Potrero,Veraguas,20,Si,Si,Compañía Distribuidora,No,Sin Internet,17,Jose Navarro,-80.79741766,8.3821074,2484,e1698e76-ba71-4fc6-8c71-c2e1d702bcf7,1597153106568,b_ayarza,1610239369550,b_ayarza,SN/SV,No ,No,,No ,SN/SV,SN/SV,,
4556,Escuela Cañazas Arriba,Veraguas,Santiago,Urracá,Veraguas,68,No,Si,Compañía Distribuidora,Si,Microondas,4,Noris Gonzalez,-80.89290663,8.11704418,2485,8dac203c-34a3-46ae-8ecd-80fd939f359a,1597153106568,b_ayarza,1610827139185,b_ayarza,Cable Onda ,No ,No,,No ,1,4 Mb ,,
3957,Escuela La Peña,Panama Oeste,San Carlos,Guayabito,Panamá Oeste ,22,Si,Si,Sistema Aislado para el Poblado ,Si,Microondas,Dato por verificar,Dato por Verificar,-79.98261807,8.54812345,2486,a8727c7e-a535-4000-9206-29e5f9f23df0,1597153106568,b_ayarza,1610731696098,b_ayarza,Digicel ,No ,No,,No ,1,4 Mb ,,
3251,Escuela Tres Quebradas,Panama,Chepo,El Llano,Panamá Este,11,Si,Si,Compañía Distribuidora,Si,Satelital,3,Angela R. De Banda,-78.89890286,9.1026411,2487,48f80cfb-23ab-40b0-92ed-94289c9bfc26,1597153106568,b_ayarza,1610721612717,b_ayarza,Cable Onda,No ,No,,Si,1,2.0 Mb ,,
3412,Escuela La Divisa,Panama Oeste,La Chorrera,Arosemena,Panamá Oeste ,12,No,Si,Compañía Distribuidora,Si,Satelital,Dato por verificar,Dato por Verificar,-79.94108192,8.92785912,2489,90a35c54-e713-46ee-b0c9-651db4319e75,1597153106568,b_ayarza,1610725608922,b_ayarza,Cable Onda,No ,No,,No ,1,2.0 Mb ,,
4260,Escuela Los Valdeses,Veraguas,La Mesa,Bisvalles,Veraguas,16,No,Si,Panel Solar,Si,Satelital,11,Clelia Alvarez,-81.23005366,8.1614393,2490,1de28c86-5289-4b78-b543-40821023daa1,1597153106568,b_ayarza,1610736746100,b_ayarza,Cable Onda  ,No ,No,,No ,1,2.0 Mb ,,
3253,Escuela Playa Chuzo Afuera,Panama,Chepo,Tortí,Panamá Este,59,Si,Si,Compañía Distribuidora,Si,Fibra Óptica,5,Daysi Maure,-78.38496849,8.91886365,2491,6aa2ed99-5e2b-4127-a778-2280d60f405a,1597153106568,b_ayarza,1610721614726,b_ayarza,Cable Onda,No ,No,,Si,1,10 Mb ,,
3414,Escuela Santa Cruz,Panama Oeste,La Chorrera,El Arado,Panamá Oeste ,48,No,Si,Compañía Distribuidora,Si,Fibra Óptica,2,Mayra Lisbeth Salas Moran,-79.79464371,8.9452674,2492,c382ebb9-9f9d-42c4-b7a9-cb6aa0cac59d,1597153106568,b_ayarza,1610725613685,b_ayarza,Cable Onda,No ,No,,Si ,1,10 Mb ,,
3958,Escuela El Guayabito,Panama Oeste,San Carlos,Guayabito,Panamá Oeste ,13,Si,Si,Compañía Distribuidora,Si,Microondas,Dato por verificar,Dato por Verificar,-80.01386189,8.55105697,2493,f6c57cdf-e8b5-4a93-8387-0aed45501327,1597153106568,b_ayarza,1610731697590,b_ayarza,Digicel ,No ,No,,No ,1,4 Mb ,,
4402,Escuela Cascajilloso,Veraguas,Mariato ,Arenas,Veraguas,16,No,Si,Compañía Distribuidora,Si,Satelital,6,Arleth Gonzalez,-80.87615663,7.39165366,2494,8b304f59-1b24-47a8-8dc3-640dc73b1d19,1597153106568,b_ayarza,1610742001043,b_ayarza,Cable Onda,No ,No,,No ,1,2.0 Mb,,
3959,Escuela La Ermita,Panama Oeste,San Carlos,La Ermita,Panamá Oeste ,160,No,Si,Compañía Distribuidora,Si,Microondas,11,Leticia Aura Rodriguez,-79.958411,8.491664,2495,e0e6bfdf-43ed-4725-bc64-99d5b45b167c,1597153106568,b_ayarza,1610731700558,b_ayarza,Cable Onda ,No ,No,,No ,1,10 Mb ,,
4261,Escuela Subi,Veraguas,La Mesa,Bisvalles,Veraguas,18,No,Si,Panel Solar,No,Sin Internet,11,Didier Rodriguez,-81.22552632,8.22758403,2496,749dc72c-e21b-4fdf-8acf-48fb851363ef,1597153106568,b_ayarza,1610239377035,b_ayarza,SN/SV,No ,No,,No ,SN/SV,SN/SV,,
3256,Escuela La Ocho,Panama,Chepo,Tortí,Panamá Este,8,Si,No,Dato por Verificar,No,Sin Internet,6,Arianis Rios,-78.2088699,8.925632,2497,5ff8dcf1-7d13-4dd0-8359-6079c71bd28d,1597153106568,b_ayarza,1610239380263,b_ayarza,SN/SV,No ,No,,Si,SN/SV,SN/SV,,
4557,Escuela La Concepción,Veraguas,Santiago,Carlos Santana Ávila,Veraguas,43,No,Si,Compañía Distribuidora,Si,Microondas,4,Cristina Arcia,-80.85786906,8.12763306,2498,8ee3bb01-da29-4ba8-af61-5ccb40d940a8,1597153106568,b_ayarza,1610827144922,b_ayarza,Digicel ,No ,No,,No ,1,4 Mb ,,
4404,Escuela Baradero,Veraguas,Mariato ,El Cacao,Veraguas,6,Si,Si,Panel Solar,No,Sin Internet,6,Eduardo Mendoza,-80.88340245,7.29915562,2499,2d2266b1-34a2-4f21-b1da-e52fcc7436d0,1597153106568,b_ayarza,1610239386157,b_ayarza,SN/SV,No ,No,,No ,SN/SV,SN/SV,,
3961,Escuela La Pita,Panama Oeste,San Carlos,La Ermita,Panamá Oeste ,26,No,Si,Compañía Distribuidora,Si,Fibra Óptica,11,Marta Isabel Lombardo,-80.07981247,8.50148572,2500,6629d9ab-d937-4349-975a-6dcac70e77d8,1597153106568,b_ayarza,1610731740801,b_ayarza,Digicel ,No ,No,,No ,1,10 Mb ,,
4263,Escuela Alto de Los Sánchez,Veraguas,La Mesa,Bisvalles,Veraguas,65,No,Si,Compañía Distribuidora,Si,Satelital,11,Eusebia De Gracia,-81.21793228,8.24794368,2501,16689260-b20d-498c-b898-12bbd379f32a,1597153106568,b_ayarza,1610736778878,b_ayarza,Cable Onda  ,No ,No,,No ,1,2.0 Mb,,
3415,Escuela El Lirio,Panama Oeste,La Chorrera,El Arado,Panamá Oeste,64,No,Si,Compañía Distribuidora,Si,Satelital,2,Petra Marin,-79.78460372,9.02844275,2502,e848fedd-191a-45aa-a522-643f810e8dca,1597153106568,b_ayarza,1610725634588,b_ayarza,Cable Onda,No ,No,,Si ,1,2.0 Mb ,,
4133,P.C. El Espinal,Veraguas,Calobre,El Potrero,Veraguas,92,Si,Si,Compañía Distribuidora,Si,Fibra Óptica,16,Serafin Zamorano,-80.79009889,8.36115466,2503,d4c78441-6f75-4425-8f02-67e1e8834547,1597153106568,b_ayarza,1610734861555,b_ayarza,Cable Onda ,No ,No,,No ,1,10 Mb ,,
3257,Escuela Platanares,Panama,Chepo,El Llano,Panamá Este,18,No,Si,Compañía Distribuidora,Si,Fibra Óptica,3,Denis Y. Villamonte,-79.00448602,9.2169371,2504,fc7a5f49-d97b-4877-a6f2-95cfc9b729fa,1597153106568,b_ayarza,1610721635677,b_ayarza,Cable Onda,No ,No,,Si,1,10 Mb ,,
4558,Escuela El Espino,Veraguas,Santiago,Canto del Llano,Veraguas,57,No,Si,Compañía Distribuidora,Si,Fibra Óptica,1,Jaqueline Agrazal,-80.95772727,8.1940268,2505,25210b7b-2bbc-43db-af96-35f3bfada1e5,1597153106568,b_ayarza,1610827149052,b_ayarza,Cable Onda ,No ,No,,No ,1,10 Mb ,,
4264,Escuela Zovelda Franco,Veraguas,La Mesa,Bisvalles,Veraguas,46,No,Si,Compañía Distribuidora,Si,Fibra Óptica,11,Margarita Guerra,-81.19488038,8.2040885,2506,e0796b1d-1044-46e7-812f-730fb774252e,1597153106568,b_ayarza,1610736784523,b_ayarza,Cable Onda  ,No ,No,,No ,1,10 Mb ,,
4134,Escuela Llano Grande,Veraguas,Calobre,El Potrero,Veraguas,15,Si,Si,Compañía Distribuidora,Si,Fibra Óptica,16,Omar Gonzalez,-80.81243344,8.35033407,2507,b75766f6-a4f3-4750-b591-d20ee8af335a,1597153106568,b_ayarza,1610734862540,b_ayarza,Cable Onda ,No ,No,,No ,1,10 Mb ,,
3417,C.E.B.G. El Arado,Panama Oeste,La Chorrera,El Arado,Panamá Oeste,465,No,Si,Compañía Distribuidora,Si,Fibra Óptica,2,Mirla Castillo Barria,-79.76083561,8.96634593,2508,9fdf1b6b-ae6b-40e1-ae3b-51096506b17b,1597153106568,b_ayarza,1610725654291,b_ayarza,Cable Onda,No ,No,,Si ,1,10 Mb ,,
4405,Escuela Los Almacigos,Veraguas,Montijo,Cébaco,Veraguas,7,Si,Si,Planta Eléctrica de Empresa,No,Sin Internet,8,Sonia Pecchio,-81.10635962,7.57619745,2509,048fe213-4cce-4818-8038-b1556c803823,1597153106568,b_ayarza,1610239383093,b_ayarza,SN/SV,No ,No,,No ,SN/SV,SN/SV,,
3258,Escuela La Pavita de Maje,Panama,Chepo,El Llano,Panamá Este,19,Si,Si,Panel Solar,No,Sin Internet,9,Richard Lopez,-78.78915563,9.01455545,2510,aa9918b5-f251-4c59-acaf-8fa73490d4ce,1597153106568,b_ayarza,1610239397074,b_ayarza,SN/SV,No ,No,,Si,SN/SV,SN/SV,,
3962,Escuela El Picacho,Panama Oeste,San Carlos,La Laguna,Panamá Oeste ,8,Si,Si,Compañía Distribuidora,No,Sin Internet,Dato por verificar,Dato por Verificar,-80.0382717,8.63036803,2511,4661e6bb-eb7f-442a-8c4e-5d531588baec,1597153106568,b_ayarza,1610239397638,b_ayarza,SN/SV,No ,No,,No ,SN/SV,SN/SV,,
4135,Escuela La Laguna,Veraguas,Calobre,La Laguna,Veraguas,33,No,Si,Compañía Distribuidora,Si,Fibra Óptica,17,Xiomara Solis,-80.73059881,8.34101991,2513,a9b19750-77b7-478b-a1d3-3f7491dee2e5,1597153106568,b_ayarza,1610734863196,b_ayarza,Cable Onda ,No ,No,,Si ,1,10 Mb ,,
3419,Escuela El Coco,Panama Oeste,La Chorrera,El Coco,Panamá Oeste ,1034,No,Si,Compañía Distribuidora,Si,Hibrido de Fibra Coaxial,Dato por verificar,Dato por Verificar,-79.80710351,8.86768829,2514,34c3b342-4f1a-413d-b917-d382ed36508e,1597153106568,b_ayarza,1610725674013,b_ayarza,Cable Onda,No ,No,,Si ,1,6 Mb ,,
4407,Escuela El Jobo,Veraguas,Montijo,Cébaco,Veraguas,5,Si,Si,Planta Eléctrica de Empresa,No,Sin Internet,8,Luz Vasquez,-81.19188665,7.5304877,2515,327b02ff-71df-454b-93d0-a18250530328,1597153106568,b_ayarza,1610239401846,b_ayarza,SN/SV,No ,No,,No ,SN/SV,SN/SV,,
3259,Escuela Las Lajitas,Panama,Chepo,El Llano,Panamá Este,6,Si,No,Dato por Verificar,No,Sin Internet,3,Victor Morales,-78.92274862,9.06341407,2516,7de450c3-472a-4e5c-9254-64bc618fbc9f,1597153106568,b_ayarza,1610239399704,b_ayarza,SN/SV,No ,No,,Si,SN/SV,SN/SV,,
3963,Escuela José de la Rosa Bernal ,Panama Oeste,San Carlos,La Laguna,Panamá Oeste,8,No,Si,Compañía Distribuidora,Si,Microondas,11,Fatima Agudo De Calderon,-80.0261609,8.59422548,2517,35700e8e-ba3e-4a8c-99e3-c1fb02ee673a,1597153106568,b_ayarza,1610731773028,b_ayarza,Digicel ,No ,No,,No ,1,4 Mb ,,
4408,Escuela Horacio Acuna ,Veraguas,Montijo,Gobernadora,Veraguas,35,Si,Si,Panel Solar,No,Sin Internet,8,Elisa Gil,-81.18635709,7.55946394,2519,c2230325-fcf7-4626-8165-b743dc35bd3b,1597153106568,b_ayarza,1610239400657,b_ayarza,SN/SV,No ,No,,No ,SN/SV,SN/SV,,
4265,Escuela Los Pilones,Veraguas,La Mesa,Bisvalles,Veraguas,11,No,No,Dato por Verificar,No,Sin Internet,11,Lizbeth Calles,-81.18937684,8.23552527,2520,c514ffab-14dc-4e9a-83e5-3bcd67dd3733,1597153106568,b_ayarza,1610239405140,b_ayarza,SN/SV,No ,No,,No ,SN/SV,SN/SV,,
4410,Escuela Cebaco,Veraguas,Montijo,Cébaco,Veraguas,11,Si,Si,Planta Eléctrica de Empresa,No,Sin Internet,8,Lizbeth Zambrano,-81.072654,7.577826,2521,e138d7e5-e5c0-4445-9846-4be169188a68,1597153106568,b_ayarza,1610239407059,b_ayarza,SN/SV,No ,No,,No ,SN/SV,SN/SV,,
3964,Escuela La Laguna,Panama Oeste,San Carlos,La Laguna,Panamá Oeste ,84,No,Si,Compañía Distribuidora,Si,Fibra Óptica,8,Pablo A Rodriguez,-80.04742483,8.60662675,2522,019d39b3-6189-4e90-a658-06101a6fc539,1597153106568,b_ayarza,1610731778847,b_ayarza,Cable Onda ,No ,No,,No ,1,10 Mb ,,
4563,Instituto Profesiona Omar Torrijos H.,Veraguas,Santiago,Santiago,Veraguas,1529,No,Si,Compañía Distribuidora,Si,Hibrido de Fibra Coaxial,2,Luis Ramos,-80.96952467,8.10170655,2523,351dd8fb-ed3d-40d8-9cbd-71ed8a9b0e38,1597153106568,b_ayarza,1610827266675,b_ayarza,Cable Onda ,No ,No,,No ,3,10 Mb ,,
3260,Escuela Colonia Santeña,Panama,Chepo,Tortí,Panamá Este,7,Si,No,Dato por Verificar,No,Sin Internet,7,Mirian Pineda,-78.51635972,8.89591484,2524,abe56a19-d7b1-40f7-853c-0f86eb3ba343,1597153106568,b_ayarza,1610239408954,b_ayarza,SN/SV,No ,No,,Si,SN/SV,SN/SV,,
3421,P.C. Balboa,Panama Oeste,La Chorrera,El Coco,Panamá Oeste ,714,No,Si,Compañía Distribuidora,Si,Hibrido de Fibra Coaxial,4,Roberto Carrillo Gonzalez,-79.80663742,8.86758156,2525,446b166d-612a-4aa1-88f4-14dbc7ce4ea4,1597153106568,b_ayarza,1610725718519,b_ayarza,Cable Onda,No ,No,,Si ,1,6 Mb ,,
4564,P.C. La Inmaculada Concepcion,Veraguas,Santiago,Carlos Santana Ávila,Veraguas,214,No,Si,Compañía Distribuidora,Si,Satelital,4,Julian Gonzalez,-80.85825612,8.12635665,2526,3083c073-e40e-4187-9c28-e55a57c0510b,1597153106568,b_ayarza,1610827271068,b_ayarza,Cable Onda ,No ,Si,,No ,2,2.0 Mb ,,
4266,Escuela Jose David Jimenez,Veraguas,La Mesa,Bisvalles,Veraguas,77,No,Si,Sistema Aislado para el Poblado ,Si,Fibra Óptica,11,Lena Santos,-81.24913752,8.19841744,2527,98ef260e-ac66-4f4a-b7cf-e1a5019237e8,1597153106568,b_ayarza,1610736850369,b_ayarza,Cable Onda  ,No ,No,,No ,1,10 Mb ,,
3965,Escuela Las Uvas,Panama Oeste,San Carlos,Las Uvas,Panamá Oeste ,218,No,Si,Compañía Distribuidora,Si,Hibrido de Fibra Coaxial,11,Silka Ramos Quijada,-79.99708133,8.46342915,2528,d795c6d0-3337-4136-a2a0-9877396b1f05,1597153106568,b_ayarza,1610731785324,b_ayarza,Cable Onda ,No ,No,,No ,1,6 Mb ,,
3262,Escuela Calobre Cienaga,Panama,Chepo,El Llano,Panamá Este,5,Si,Si,Compañía Distribuidora,Si,Microondas,3,Dalia Garcia,-78.91164397,9.12154322,2529,af6331d0-5dfd-4386-98ca-1a6964feb5d6,1597153106568,b_ayarza,1610721649410,b_ayarza,Digicel ,No ,No,,Si,1,4 Mb ,,
4136,Escuela Las Trancas,Veraguas,Calobre,La Laguna,Veraguas,28,Si,Si,Compañía Distribuidora,Si,Fibra Óptica,17,Ana Almanza,-80.77165656,8.33847067,2530,d78cd8f0-7074-473c-b1b8-1e85032b4fe5,1597153106568,b_ayarza,1610734866430,b_ayarza,Cable Onda ,No ,No,,Si ,1,10 Mb ,,
4565,I.P.T. de Veraguas,Veraguas,Santiago,Canto del Llano,Veraguas,1236,No,Si,Compañía Distribuidora,Si,Hibrido de Fibra Coaxial,4,Marcelino Gonzalez,-80.97094607,8.11156508,2531,89765c3f-12f2-4c43-8c92-bf95e25714bb,1597153106568,b_ayarza,1610827274797,b_ayarza,Cable Onda ,No ,No,,No ,2,6 Mb ,,
4267,Escuela Bisvalle,Veraguas,La Mesa,Bisvalles,Veraguas,14,No,Si,Compañía Distribuidora,Si,Fibra Óptica,11,Nitziabeth Tristan,-81.22385972,8.18786198,2532,8836b0b8-1ea2-4f16-bd73-28b52700d9ff,1597153106568,b_ayarza,1610736853217,b_ayarza,Cable Onda  ,No ,No,,No ,1,10 Mb ,,
3271,Escuela Piriatí Arriba,Panama,Chepo,Tortí,Panamá Este,8,Si,No,Dato por Verificar,No,Sin Internet,4,Elizabeth Batista,-78.61524862,9.02230323,2533,f8d370fd-ff99-4569-8bcf-797c19288133,1597153106568,b_ayarza,1610239411008,b_ayarza,SN/SV,No ,No,,Si,SN/SV,SN/SV,,
4137,Escuela La Gallinaza,Veraguas,Calobre,La Raya De Calobre,Veraguas,16,Si,Si,Compañía Distribuidora,Si,Microondas,16,Deisy Cruz,-80.78750526,8.24929489,2534,dcf0c189-3b03-4585-a66e-cc653799ca2c,1597153106568,b_ayarza,1610734871367,b_ayarza,Cable Onda ,No ,No,,No ,1,4 Mb ,,
3967,Escuela Los Yerbos,Panama Oeste,San Carlos,Los Llanitos,Panamá Oeste ,13,Si,Si,Compañía Distribuidora,Si,Satelital,Dato por verificar,Dato por Verificar,-80.08252539,8.55043156,2535,33d4c12b-6358-49d7-a1a6-6c2b9ed9ee37,1597153106568,b_ayarza,1610731791926,b_ayarza,Cable Onda ,No ,No,,No ,1,1.0 Mb ,,
3424,Escuela Potrero Grande,Panama Oeste,La Chorrera,El Coco,Panamá Oeste ,452,No,Si,Compañía Distribuidora,Si,Hibrido de Fibra Coaxial,3,Sheila Jamieson Morales,-79.83054381,8.88422209,2536,5a23963d-25da-4707-928d-577154287bbf,1597153106568,b_ayarza,1610725716323,b_ayarza,Cable Onda,No ,No,,Si ,1,6 Mb ,,
4411,Escuela El Cope,Veraguas,Montijo,La Garceana,Veraguas,6,Si,N/D,Dato por Verificar,No,Sin Internet,8,Ilka Gonzalez,-81.033376,7.90026,2537,e378169b-9093-46d1-867a-9a64483ca665,1597153106568,b_ayarza,1610239413836,b_ayarza,SN/SV,No ,No,,Si,SN/SV,SN/SV,,
4269,Escuela Montana de Boro,Veraguas,La Mesa,Boró,Veraguas,33,No,Si,Compañía Distribuidora,Si,Satelital,27,Elizabeth Guizado,-81.28913742,8.14730652,2538,e36cace7-dd6e-4945-a265-59f31cd8cfd8,1597153106568,b_ayarza,1610736855893,b_ayarza,Cable Onda  ,No ,No,,Si ,1,2.0 Mb,,
4412,Escuela La Garceana,Veraguas,Montijo,La Garceana,Veraguas,2,Si,Si,Compañía Distribuidora,No,Sin Internet,8,Elsa De Pineda,-81.01544272,7.94063898,2539,588a5b20-41be-44ba-9994-404a118436a8,1597153106568,b_ayarza,1610239415727,b_ayarza,SN/SV,No ,No,,Si,SN/SV,SN/SV,,
3425,C.E.B.G. José E. Escala,Panama Oeste,La Chorrera,Santa Rita,Panamá Oeste ,611,No,Si,Compañía Distribuidora,Si,Fibra Óptica,3,Yovani Gonzalez,-79.87913752,8.85952599,2540,ffe6bc59-0e7c-4100-a2e5-7db08c21ab1e,1597153106568,b_ayarza,1610725719831,b_ayarza,Cable Onda,No ,No,,Si ,1,10 Mb ,,
4138,Escuela La Raya,Veraguas,Calobre,La Raya De Calobre,Veraguas,12,Si,Si,Compañía Distribuidora,Si,Microondas,16,Angela Guevara,-80.82717842,8.22062639,2541,84fd31a0-d750-43fb-a27d-6ff4c301afe3,1597153106568,b_ayarza,1610734873136,b_ayarza,Cable Onda ,No ,No,,No ,1,4 Mb ,,
3970,Escuela Chichivali,Panama Oeste,San Carlos,Los Llanitos,Panamá Oeste ,63,Si,Si,Compañía Distribuidora,Si,Fibra Óptica,9,Dato por Verificar,-80.10204056,8.56281884,2542,de4fd065-aef7-4539-8446-de69503ee396,1597153106568,b_ayarza,1610731798887,b_ayarza,Cable Onda ,No ,No,,No ,1,10 Mb ,,
3273,Escuela San Judas Tadeo,Panama,Chepo,El Llano,Panamá Este,11,Si,Si,Panel Solar,No,Sin Internet,3,Marcos Hines,-78.96024862,9.15702478,2543,4ed66dee-3228-457b-80a2-a24de7a0b077,1597153106568,b_ayarza,1610239417477,b_ayarza,SN/SV,No ,No,,Si,SN/SV,SN/SV,,
4270,C.E.B.G. Boro,Veraguas,La Mesa,Boró,Veraguas,98,No,Si,Compañía Distribuidora,Si,Satelital,27,Arles Batista,-81.30123594,8.17569283,2544,d0476866-13f3-4a63-886e-33629b17b313,1597153106568,b_ayarza,1610736857321,b_ayarza,Cable Onda  ,No ,No,,Si ,1,2.0 Mb,,
4139,Escuela El Baco,Veraguas,Calobre,La Tetilla,Veraguas,7,No,Si,Compañía Distribuidora,Si,Satelital,16,Eillen Gomez,-80.89052642,8.24369507,2545,e1557aaf-144e-4b38-bfab-d4c63351b956,1597153106568,b_ayarza,1610734877858,b_ayarza,Cable Onda ,No ,No,,No ,1,2.0 Mb ,,
4566,Colegio Daniel Alvarez A.,Veraguas,Mariato ,Llano De Catival o Mariato (Cabecera),Veraguas,266,No,Si,Compañía Distribuidora,Si,Microondas,6,Abdul Calles,-80.98861957,7.64927187,2546,3346dd25-2de5-46ad-8fbe-784948990982,1597153106568,b_ayarza,1610827277554,b_ayarza,CWP ,No ,No,,No ,2,10 Mb ,,
3274,Escuela San Jose de Loma Bonita,Panama,Chepo,Tortí,Panamá Este,14,Si,No,Dato por Verificar,No,Sin Internet,7,Delba De Galvez,-78.57892551,8.97401037,2547,bb693ab0-ab44-4e08-b80d-8e1a1985d25d,1597153106568,b_ayarza,1610239419493,b_ayarza,SN/SV,No ,No,,Si,SN/SV,SN/SV,,
4140,Escuela Los Boquerones de Calobre,Veraguas,Calobre,La Tetilla,Veraguas,23,No,Si,Compañía Distribuidora,No,Sin Internet,16,Gloria Vasquez,-80.85779909,8.24293406,2548,c1267acc-0b9f-4f8e-81ae-e8e524572fef,1597153106568,b_ayarza,1610239424900,b_ayarza,SN/SV,No ,No,,No ,SN/SV,SN/SV,,
4271,P.C. de Boro,Veraguas,La Mesa,Boró,Veraguas,138,No,Si,Compañía Distribuidora,Si,Satelital,27,Pedro Adames,-81.30339037,8.17436576,2549,1dfb38bd-4ead-48ab-96c0-66cef2d1e286,1597153106568,b_ayarza,1610736860656,b_ayarza,Cable Onda  ,No ,No,,Si ,1,2.0 Mb,,
3971,Escuela El Roble,Panama Oeste,San Carlos,Los Llanitos,Panamá Oeste ,15,Si,Si,Compañía Distribuidora,Si,Fibra Óptica,Dato por verificar,Dato por Verificar,-80.10950147,8.57824848,2550,552cd78d-107c-498e-bfa0-f08621816b10,1597153106568,b_ayarza,1610731799959,b_ayarza,Cable Onda ,No ,No,,No ,1,10 Mb ,,
3426,Escuela Biancheri,Panama Oeste,La Chorrera,El Coco,Panamá Oeste,239,No,Si,Compañía Distribuidora,Si,Hibrido de Fibra Coaxial,4,Yariela Castillero Britton,-79.80497082,8.86980375,2551,20b6330e-8ace-493a-80bd-f7819b5469c3,1597153106568,b_ayarza,1610725721031,b_ayarza,Cable Onda,No ,No,,Si ,1,6 Mb ,,
4413,Escuela Isla Leones,Veraguas,Montijo,Leones,Veraguas,5,Si,Si,Planta Eléctrica de Empresa,No,Sin Internet,8,Edward Campos,-81.10497082,7.73036362,2552,7725b53a-dbbf-446e-bb5d-3db8d2906d2f,1597153106568,b_ayarza,1610239430137,b_ayarza,SN/SV,No ,No,,No ,SN/SV,SN/SV,,
4272,Escuela Olaca de Boro,Veraguas,La Mesa,Boró,Veraguas,40,Si,Si,Panel Solar,No,Sin Internet,27,Benilda Moreno,-81.33997082,8.14952872,2553,b45053f3-7454-45ed-83e7-eb285a0b4e9a,1597153106568,b_ayarza,1610239431975,b_ayarza,SN/SV,No ,Si,,Si ,SN/SV,SN/SV,,
4568,Colegio Belisario Villar,Veraguas,Santiago,Canto del Llano,Veraguas,902,No,Si,Compañía Distribuidora,Si,Hibrido de Fibra Coaxial,3,Narciso Rujano,-80.96883213,8.12249314,2554,21365e19-e6fb-4a39-9f0d-2ae3734b86c2,1597153106568,b_ayarza,1610827279712,b_ayarza,Cable Onda ,No ,No,,No ,4,10 Mb ,,
3972,Escuela Las Margaritas,Panama Oeste,San Carlos,Los Llanitos,Panamá Oeste ,190,No,Si,Compañía Distribuidora,Si,Fibra Óptica,8,Evidelia Vargas,-80.07111638,8.56705529,2555,9283ed33-fe4a-48f0-aa87-d02bec9397cc,1597153106568,b_ayarza,1610731800739,b_ayarza,Cable Onda ,No ,No,,No ,1,10 Mb ,,
4414,Escuela Angulito,Veraguas,Mariato ,Llano De Catival o Mariato (Cabecera),Veraguas,14,No,Si,Compañía Distribuidora,Si,Satelital,6,Melida Batista,-80.97102966,7.67298295,2556,1f9c5ed9-e4f2-4f29-be62-0e4dac4b1049,1597153106568,b_ayarza,1610742033909,b_ayarza,CWP,No ,No,,No ,1,4 Mb ,,
3427,Escuela La Doradilla,Panama Oeste,La Chorrera,Feulliet,Panamá Oeste ,481,No,Si,Compañía Distribuidora,Si,Hibrido de Fibra Coaxial,3,Modesta Rodriguez,-79.84842,8.83891,2557,23147216-d84d-4163-a60c-fd90dd34d45e,1597153106568,b_ayarza,1610725725446,b_ayarza,Cable Onda,No ,No,,No,1,6 Mb ,,
4141,Escuela Barrero Grande,Veraguas,Calobre,La Yeguada,Veraguas,5,No,No,Dato por Verificar,No,Sin Internet,17,Zenaida Almanza,-80.89318147,8.451771,2558,596d353f-991a-4721-92e6-39a2e375a79d,1597153106568,b_ayarza,1610239435947,b_ayarza,SN/SV,No ,No,,No ,SN/SV,SN/SV,,
4273,Escuela Charco Negro,Veraguas,La Mesa,Llano Grande,Veraguas,16,No,Si,Compañía Distribuidora,Si,Fibra Óptica,10,Amado Batista,-81.17935107,8.06925559,2559,b6697211-78c9-44cd-b7e6-05572def44ff,1597153106568,b_ayarza,1610736881278,b_ayarza,Cable Onda  ,No ,No,,No ,1,10 Mb ,,
4569,C.E.B.G. José Santos Puga,Veraguas,Santiago,Santiago,Veraguas,1424,No,Si,Compañía Distribuidora,Si,Hibrido de Fibra Coaxial/Fibra Óptica,1,Brigido Gonzalez,-80.97239968,8.09903619,2560,563ef42a-92d8-4e9c-af75-2f66973fcab3,1597153106568,b_ayarza,1610827283230,b_ayarza,Cable Onda ,No ,No,,No ,4,10 Mb ,,
3973,Escuela Los Llanitos,Panama Oeste,San Carlos,Los Llanitos,Panamá Oeste ,41,No,Si,Compañía Distribuidora,No,Sin Internet,Dato por verificar,Dato por Verificar,-80.09343135,8.59900667,2561,2e04d07f-62b1-4ac5-8878-3b9c222d5c25,1597153106568,b_ayarza,1610239439857,b_ayarza,SN/SV,No ,No,,No ,SN/SV,SN/SV,,
4142,Escuela San Juan,Veraguas,Calobre,La Yeguada,Veraguas,25,Si,Si,Panel Solar,No,Sin Internet,17,Edith M. Gonzalez,-80.8253504,8.4899831,2562,16124084-255d-47b3-99a4-3a157181fe50,1597153106568,b_ayarza,1610239442225,b_ayarza,SN/SV,No ,No,,No ,SN/SV,SN/SV,,
3275,Escuela Rio Tortí Abajo,Panama,Chepo,Tortí,Panamá Este,38,Si,Si,Compañía Distribuidora,Si,Fibra Óptica,5,Miroslava De Mendoza,-78.38689549,8.94556085,2563,e99de741-14b9-41ee-984c-299972e15227,1597153106568,b_ayarza,1610721673030,b_ayarza,Cable Onda,No ,No,,Si,1,10 Mb ,,
4145,Escuela El Satro,Veraguas,Calobre,La Yeguada,Veraguas,31,Si,Si,Compañía Distribuidora,No,Sin Internet,17,Yudy Ochoa,-80.84952189,8.45631136,2564,acd2eb94-d667-4df0-8316-d4cd9c10d16e,1597153106568,b_ayarza,1610239444100,b_ayarza,SN/SV,No ,No,,No ,SN/SV,SN/SV,,
4570,Instituto Urracá,Veraguas,Santiago,San Martín De Porres,Veraguas,2720,No,Si,Compañía Distribuidora,Si,Hibrido de Fibra Coaxial/Fibra Óptica,1,Lucinio De Leon,-80.97858192,8.10230669,2565,220a09ab-817a-4075-b5fa-89320a587114,1597153106568,b_ayarza,1610827296554,b_ayarza,Cable Onda ,No ,No,,No ,5,4 - 6 Mb/10 Mb,,
3974,Escuela Mata Ahogado,Panama Oeste,San Carlos,Los Llanitos,Panamá Oeste ,182,No,Si,Compañía Distribuidora,Si,Fibra Óptica,8,Audina Navarro,-80.09749899,8.62201444,2566,e3f8e6d4-16b7-488a-9940-e27eb1c95c6c,1597153106568,b_ayarza,1610731864989,b_ayarza,Cable Onda ,No ,No,,No ,1,10 Mb ,,
4274,Escuela La Montaña,Veraguas,La Mesa,Llano Grande,Veraguas,6,No,Si,Compañía Distribuidora,No,Sin Internet,11,Marcos Vega,-81.16608192,8.11258445,2567,ead8626f-a5de-45be-8930-5498488d91cb,1597153106568,b_ayarza,1610239447085,b_ayarza,SN/SV,No ,No,,No ,SN/SV,SN/SV,,
4146,Escuela Manuel S. Vasquez,Veraguas,Calobre,La Yeguada,Veraguas,54,No,Si,Compañía Distribuidora,Si,Satelital,17,Alvaro Abrego,-80.85663742,8.43174996,2568,0a58ccfd-ff4f-4a28-9eaa-033029c8367f,1597153106568,b_ayarza,1610734912866,b_ayarza,Cable Onda ,No ,No,,No ,1,2.0 Mb ,,
3276,Escuela Piriatí Emberá,Panama,Chepo,Chepo,Panamá Este,104,No,Si,Planta Eléctrica de Empresa,No,Sin Internet,1,Margarita Flores,-78.62366143,9.05077254,2569,4faad37d-3302-406a-93ac-0f14ff27fcb8,1597153106568,b_ayarza,1610239449542,b_ayarza,SN/SV,No ,No,,Si,SN/SV,SN/SV,,
4571,Escuela Normal Juan D. Arosemena,Veraguas,Santiago,Santiago,Veraguas,1511,No,Si,Compañía Distribuidora,Si,Hibrido de Fibra Coaxial/Fibra Óptica ,Dato por verificar,Dato por Verificar,-80.97895817,8.10138815,2570,d8cd5ff1-fae6-4069-a39a-b6b1992cdde2,1597153106568,b_ayarza,1610827300913,b_ayarza,Cable Onda ,No ,No,,No ,5,10 Mb ,,
3428,Escuela Las Lajitas,Panama Oeste,La Chorrera,Feulliet,Panamá Oeste ,25,No,Si,Compañía Distribuidora,No,Sin Internet,2,Noriel Bonilla,-79.85913752,8.85952599,2571,25572437-dd4b-482f-b5fc-2f24b9930bf8,1597153106568,b_ayarza,1610239451320,b_ayarza,SN/SV,No ,No,,No,SN/SV,SN/SV,,
4415,Escuela Torio,Veraguas,Mariato ,Llano De Catival o Mariato (Cabecera),Veraguas,57,No,Si,Compañía Distribuidora,Si,Satelital,6,Ildaura Peralta,-80.948141,7.549375,2572,70b288c5-8123-4948-8fb2-852b77623b4e,1597153106568,b_ayarza,1610742037703,b_ayarza,CWP,No ,No,,No ,1,4 Mb ,,
3277,Escuela Ambroya,Panama,Chepo,Tortí,Panamá Este,18,Si,Si,Planta Eléctrica de Empresa,No,Sin Internet,7,Yalitza Caseres,-78.58773737,8.90963517,2573,002bea40-61b8-43f7-8363-45d4780cb681,1597153106568,b_ayarza,1610239454304,b_ayarza,SN/SV,No ,No,,Si,SN/SV,SN/SV,,
4275,Escuela Los Flores,Veraguas,La Mesa,Los Milagros,Veraguas,23,No,Si,Compañía Distribuidora,Si,Satelital,3,Kenia Montilla,-81.10273576,8.12241959,2575,43a02f48-b028-406c-8766-e3cbbfde8781,1597153106568,b_ayarza,1610736915245,b_ayarza,Cable Onda  ,No ,No,,No ,1,1.0 Mb ,,
4416,Escuela Paraíso,Veraguas,Mariato ,Llano De Catival o Mariato (Cabecera),Veraguas,13,Si,Si,Compañía Distribuidora,No,Sin Internet,6,Felicita Caballero,-80.92032134,7.64272571,2576,50cbf047-90f1-4491-9c3d-81802bc2ed58,1597153106568,b_ayarza,1610239456108,b_ayarza,SN/SV,No ,No,,No ,SN/SV,SN/SV,,
3430,Escuela Altos de San Francisco,Panama Oeste,La Chorrera,Guadalupe,Panamá Oeste ,805,No,Si,Compañía Distribuidora,Si,Hibrido de Fibra Coaxial,3,Victor Raul Casazola,-79.79247082,8.8575816,2577,0a021c6c-1560-4665-8847-d6081db957b6,1597153106568,b_ayarza,1610726597898,b_ayarza,Cable Onda,No ,No,,No,1,6 Mb ,,
3278,Escuela San Jose De Torti,Panama,Chepo,Tortí,Panamá Este,3,Si,No,Dato por Verificar,No,Sin Internet,5,Luz Enida Mela,-79.1029465,9.1728983,2578,458a004b-305b-4874-a9e6-3340a46aaf7b,1597153106568,b_ayarza,1610239460077,b_ayarza,SN/SV,No ,No,,Si,SN/SV,SN/SV,,
4147,Escuela La Cije,Veraguas,Calobre,La Yeguada,Veraguas,30,Si,Si,Panel Solar,No,Sin Internet,17,Carlos Gonzalez,-80.91808697,8.42850288,2579,88fbe30c-a81f-4cc4-8ef4-b108608b9fc6,1597153106568,b_ayarza,1610239463595,b_ayarza,SN/SV,No ,No,,No ,SN/SV,SN/SV,,
3975,Escuela Rodeo Viejo,Panama Oeste,San Carlos,San José,Panamá Oeste ,138,No,Si,Compañía Distribuidora,Si,Fibra Óptica,8,Cecilia Fernandez Quiroz,-79.95081857,8.53000441,2580,b6db94d7-cd2b-4edc-b197-5273ecf6e83b,1597153106568,b_ayarza,1610731866143,b_ayarza,Cable Onda ,No ,No,,No ,1,10 Mb ,,
4603,Escuela San Justino de Jacobis,Veraguas,Santiago,Santiago,Veraguas,191,No,Si,Compañía Distribuidora,Si,Hibrido de Fibra Coaxial,1,Stuardo Marroquin,-80.98691532,8.09425122,2581,b5d86d89-f2c3-4a08-bf05-76c1f658e7d1,1597153106568,b_ayarza,1610827340800,b_ayarza,Cable Onda ,No ,No,,No ,2,6 Mb ,,
4421,Escuela Bajo Grande,Veraguas,Mariato ,Llano De Catival o Mariato (Cabecera),Veraguas,10,Si,Si,Panel Solar,No,Sin Internet,6,Jose Santos,-80.88600845,7.63852406,2582,84328fa2-5789-451f-9dfd-49a44c94b478,1597153106568,b_ayarza,1610239465439,b_ayarza,SN/SV,No ,No,,No ,SN/SV,SN/SV,,
3280,Escuela Loma Bonita,Panama,Chepo,Tortí,Panamá Este,37,No,Si,Compañía Distribuidora,Si,Fibra Óptica,5,Luzmila Chavez,-78.56038645,9.01796704,2584,d5d7b8a5-81c8-41e1-a015-633f11c03ed5,1597153106568,b_ayarza,1610721688304,b_ayarza,Cable Onda,No ,No,,Si,1,10 Mb ,,
4148,Escuela Cocobo,Veraguas,Calobre,Las Guías,Veraguas,6,Si,Si,Compañía Distribuidora,No,Sin Internet,16,Raul Quintero,-80.71959898,8.2415964,2585,ed6b6d2d-5a72-4732-915f-9735def8d9de,1597153106568,b_ayarza,1610239469156,b_ayarza,SN/SV,No ,No,,No ,SN/SV,SN/SV,,
3976,Escuela San José,Panama Oeste,San Carlos,San José,Panamá Oeste ,353,No,Si,Compañía Distribuidora,Si,Hibrido de Fibra Coaxial,11,Rudy Garcia Navarro,-79.92575841,8.53413603,2586,0c6c1085-06a7-42ff-8ecd-ef13869fba91,1597153106568,b_ayarza,1610731871331,b_ayarza,Cable Onda ,No ,No,,No ,1,6 Mb ,,
4149,Escuela Guías Arriba,Veraguas,Calobre,Las Guías,Veraguas,39,No,Si,Compañía Distribuidora,Si,Microondas,16,Leopolda De Leon,-80.76952983,8.24541371,2587,76ef55f0-dc61-4e28-bcc7-b3ece94088c8,1597153106568,b_ayarza,1610734971641,b_ayarza,Cable Onda ,No ,No,,No ,1,4 Mb ,,
4606,Escuela La Estrella,Veraguas,Santiago,Santiago,Veraguas,82,No,Si,Compañía Distribuidora,Si,Hibrido de Fibra Coaxial,2,Waldo Batista,-80.997879,8.082662,2588,309e336b-04c9-4b5e-a281-0105d5b8201a,1597153106568,b_ayarza,1610827341573,b_ayarza,Cable Onda ,No ,No,,No ,1,6 Mb ,,
4276,Escuela Llano Grande,Veraguas,La Mesa,Llano Grande,Veraguas,40,No,Si,Compañía Distribuidora,Si,Fibra Óptica,10,Yatzury Canto,-81.13385972,8.07508459,2589,7cbf683d-4955-40a7-b8cc-c32a686c397e,1597153106568,b_ayarza,1610736918497,b_ayarza,Cable Onda  ,No ,No,,No ,1,10 Mb ,,
3978,Escuela República Italia,Panama,San Miguelito,Amelia Denis de Icaza,San Miguelito,800,No,Si,Compañía Distribuidora,Si,Hibrido de Fibra Coaxial,3,Melida Raquell Asprilla De Leon,-79.50648573,9.0408811,2590,093cdc52-03f7-412c-afd5-37387537f483,1597153106568,b_ayarza,1610731872505,b_ayarza,Cable Onda ,No ,No,,Si,1,6 Mb ,,
4150,Escuela Matapalo,Veraguas,Calobre,Las Guías,Veraguas,5,Si,Si,Compañía Distribuidora,Si,Satelital,16,Miladis Perez,-80.76288143,8.28380484,2591,3a15bdab-a535-43e7-bfa1-bef4d74e76ac,1597153106568,b_ayarza,1610734978988,b_ayarza,Cable Onda ,No ,No,,No ,1,2.0 Mb ,,
4607,Escuela Anexa El Canadá,Veraguas,Santiago,Santiago,Veraguas,1198,No,Si,Compañía Distribuidora,Si,Hibrido de Fibra Coaxial,1,Mineth Castrellon,-80.97885972,8.10925116,2592,fca7fc61-3726-4c25-8cf3-7f5c5d03987d,1597153106568,b_ayarza,1610827342452,b_ayarza,Cable Onda ,No ,No,,No ,2,6 Mb ,,
3282,Escuela Agua Fría,Panama,Chepo,Tortí,Panamá Este,13,Si,Si,Panel Solar,No,Sin Internet,7,Juana Martinez,-78.49773363,8.93209336,2593,00a209bd-a148-4d90-a943-9a341250ce5b,1597153106568,b_ayarza,1610239470891,b_ayarza,SN/SV,No ,No,,Si,SN/SV,SN/SV,,
3432,I.P.T. La Chorrera,Panama Oeste,La Chorrera,Guadalupe,Panamá Oeste ,2515,No,Si,Compañía Distribuidora,Si,Fibra Óptica,3,Donis Perez,-79.80024862,8.86563717,2594,5874ce92-3396-4522-ae6b-41c911783043,1597153106568,b_ayarza,1610726656471,b_ayarza,Cable Onda,No ,No,,No,1,50 Mb ,,
4422,Escuela Limones,Veraguas,Mariato ,Llano De Catival o Mariato (Cabecera),Veraguas,40,No,Si,Compañía Distribuidora,Si,Satelital,6,Rafael Sanjur,-80.94698762,7.62383752,2595,f107a97d-f626-4d7b-8f7b-45e1bcdba1ed,1597153106568,b_ayarza,1610743318357,b_ayarza,CWP,No ,No,,No ,1,4 Mb ,,
3285,Escuela Cañazas,Panama,Chepo,Tortí,Panamá Este,24,No,Si,Compañía Distribuidora,Si,Microondas,6,Irma Saldana,-78.26084736,8.93220845,2597,17cfb799-c658-46e3-8d67-df423892e670,1597153106568,b_ayarza,1610721744296,b_ayarza,Digicel ,No ,No,,Si,1,4 Mb ,,
3286,Escuela María Elena Diaz,Panama,Chepo,Tortí,Panamá Este,176,No,Si,Compañía Distribuidora,Si,Microondas,5,Marileidi Arroyo,-78.44622797,8.95884277,2598,e24e85b6-954a-450f-b1bc-1857de5f6726,1597153106568,b_ayarza,1610721747111,b_ayarza,Digicel ,No ,No,,Si,1,4 Mb ,,
4277,Escuela Animas de Boro,Veraguas,La Mesa,San Bartolo,Veraguas,74,No,Si,Compañía Distribuidora,Si,Fibra Óptica,27,Rafael Mojica,-81.326189,8.214043,2599,d934d4a6-81c7-491a-b94c-6a6277887e34,1597153106568,b_ayarza,1610736920310,b_ayarza,Cable Onda  ,No ,No,,Si ,1,10 Mb ,,
3979,Escuela Nueve de Enero,Panama,San Miguelito,Amelia Denis de Icaza,San Miguelito,625,No,Si,Compañía Distribuidora,Si,Hibrido de Fibra Coaxial,2,Sonia Lewis West,-79.51547864,9.03924155,2600,003e0c07-35d2-4191-a843-9c3bc472d035,1597153106568,b_ayarza,1610731875862,b_ayarza,Cable Onda ,No ,No,,Si,1,6 Mb ,,
4423,Escuela Manuel H. Reyes,Veraguas,Mariato ,Llano De Catival o Mariato (Cabecera),Veraguas,228,No,Si,Compañía Distribuidora,Si,Microondas,6,Adolfo Montilla,-80.99191522,7.64703061,2601,f38a4ee2-1a13-49af-b166-e889807e4deb,1597153106568,b_ayarza,1610743319576,b_ayarza,CWP,No ,No,,No ,1,10 Mb ,,
3437,Escuela El Nazareno,Panama Oeste,La Chorrera,Guadalupe,Panamá Oeste ,493,No,Si,Compañía Distribuidora,Si,Hibrido de Fibra Coaxial,2,Josefina Jaramillo,-79.83247082,8.84313726,2602,a0b8ca13-5e72-4306-b052-e39f8d9bd0f7,1597153106568,b_ayarza,1610726679645,b_ayarza,Cable Onda,No ,No,,No,1,6 Mb ,,
4152,C.E.B.G. Las Guias,Veraguas,Calobre,Las Guías,Veraguas,121,No,Si,Compañía Distribuidora,Si,Microondas,16,Maria Gordillo,-80.76057605,8.20236707,2603,c924e9ec-bb56-4a33-ab8b-565e86f01688,1597153106568,b_ayarza,1610734982890,b_ayarza,Cable Onda ,No ,No,,No ,2,10 Mb ,,
3980,Escuela Amelia Denis de Icaza,Panama,San Miguelito,Amelia Denis de Icaza,San Miguelito,376,No,Si,Compañía Distribuidora,Si,Fibra Óptica,2,Rosa  I. Luna J. De Terrero,-79.5040643,9.04521314,2604,858d5f9e-ec8d-421e-969f-5f1e1416ea22,1597153106568,b_ayarza,1610731879260,b_ayarza,CWP,No ,No,,Si,2,10 Mb ,,
3288,Escuela Santa Rosa de Lima,Panama,Chepo,Tortí,Panamá Este,86,No,Si,Compañía Distribuidora,Si,Fibra Óptica,7,Valerio Muñoz,-78.50247082,8.9803589,2605,670a3573-9338-44e1-b49e-79f6aedeb583,1597153106568,b_ayarza,1610721751252,b_ayarza,Cable Onda,No ,No,,Si,1,10 Mb ,,
4153,Escuela Pereque,Veraguas,Calobre,Las Guías,Veraguas,27,Si,Si,Compañía Distribuidora,Si,Microondas,16,Toribio Sanjur,-80.74127876,8.2722341,2607,a428a489-7fcd-4095-b38c-4ba1679ba590,1597153106568,b_ayarza,1610735005652,b_ayarza,Digicel,No ,No,,No ,1,4 Mb ,,
3981,P.C. Louis Martinz,Panama,San Miguelito,Amelia Denis de Icaza,San Miguelito,1251,No,Si,Compañía Distribuidora,Si,Hibrido de Fibra Coaxial,1,Evelia R. Rangel,-79.50135972,9.04258085,2608,bdc9e91a-037c-4db9-985f-54413e106980,1597153106568,b_ayarza,1610731888970,b_ayarza,Cable Onda ,No ,No,,Si,1,6 Mb ,,
3289,Escuela Ipeti Choco,Panama,Chepo,Tortí,Panamá Este,78,No,Si,Compañía Distribuidora,Si,Fibra Óptica,5,Elerma Dogirama,-78.51476139,8.9694958,2609,c701b7fc-4d5d-4b7d-b430-3bd3f29f7ab3,1597153106568,b_ayarza,1610721752174,b_ayarza,Cable Onda,No ,No,,Si,1,10 Mb ,,
4424,Escuela Palo Seco,Veraguas,Mariato ,Llano De Catival o Mariato (Cabecera),Veraguas,9,No,Si,Compañía Distribuidora,Si,Microondas,6,Jose Barrante,-80.95921351,7.59955318,2610,9c486b21-e093-4863-bc6b-aef00f18aed4,1597153106568,b_ayarza,1610743324920,b_ayarza,CWP,No ,No,,No ,1,4 Mb ,,
3438,Escuela La Herradura,Panama Oeste,La Chorrera,Guadalupe,Panamá Oeste ,819,No,Si,Compañía Distribuidora,Si,Hibrido de Fibra Coaxial,4,Deyanira Barria P.,-79.80863239,8.8521537,2611,57adc4dd-fa00-4aef-a883-a0b56fa77533,1597153106568,b_ayarza,1610726680614,b_ayarza,Cable Onda,No ,No,,No,1,6 Mb ,,
4610,Escuela Farfan,Veraguas,Soná,Hicaco,Veraguas,25,No,Si,Compañía Distribuidora,Si,Satelital,13,Dato por Verificar,-81.21855497,7.6920903,2612,01f22091-406a-4560-9f2d-5221596f3b61,1597153106568,b_ayarza,1610827705651,b_ayarza,Cable Onda ,No ,No,,No ,1,2.0 Mb ,,
3290,Escuela Unicito,Panama,Chepo,El Llano,Panamá Este,29,No,Si,Compañía Distribuidora,Si,Fibra Óptica,3,Lourdes Luna,-79.01509625,9.2377873,2613,d0ba7232-b5db-4346-bee2-1c4d4ebe95dc,1597153106568,b_ayarza,1610721755088,b_ayarza,Cable Onda,No ,No,,Si,1,10 Mb ,,
3292,Escuela Higueronal Cabecera,Panama,Chepo,Tortí,Panamá Este,13,Si,No,Dato por Verificar,No,Sin Internet,6,Elix Samaniego,-78.31108192,8.9303591,2614,7766f047-05e7-443b-abe3-dffae16690b8,1597153106568,b_ayarza,1610239477996,b_ayarza,SN/SV,No ,No,,Si,SN/SV,SN/SV,,
4278,Escuela Jesús María González Pérez,Veraguas,La Mesa,San Bartolo,Veraguas,18,No,No,Dato por Verificar,No,Sin Internet,11,Pedro Vega,-81.28163752,8.2345285,2615,d4d6d3f9-5b37-4e85-a3d6-75e4f5d757be,1597153106568,b_ayarza,1610239480091,b_ayarza,SN/SV,No ,Si,,Si ,SN/SV,SN/SV,,
3439,C.E.B.G. Zaida  Z. Nuñez ,Panama Oeste,La Chorrera,Guadalupe,Panamá Oeste ,2512,No,Si,Compañía Distribuidora,Si,Hibrido de Fibra Coaxial,3,Zunilda De Martinez,-79.80918347,8.86214196,2616,b3aefb49-f859-4db5-824f-411609993421,1597153106568,b_ayarza,1610726681675,b_ayarza,Cable Onda,No ,No,,No,1,6 Mb ,,
3294,Escuela Maje Cordillera,Panama,Chepo,El Llano,Panamá Este,31,Si,Si,Planta Eléctrica de Empresa,No,Sin Internet,4,Yinis Castillo,-78.756993,9.038791,2617,c9e98813-348d-4370-8a22-bdcc59fec8b8,1597153106568,b_ayarza,1610239482741,b_ayarza,SN/SV,No ,No,,Si,SN/SV,SN/SV,,
4279,C.E.B.G. El Juan,Veraguas,La Mesa,San Bartolo,Veraguas,27,No,Si,Panel Solar,No,Sin Internet,27,Gloribel Guerra,-81.35913752,8.19036197,2618,76650191-7428-42d6-ac90-3b08e4378746,1597153106568,b_ayarza,1610239484585,b_ayarza,SN/SV,No ,No,,Si ,SN/SV,SN/SV,,
3296,Escuela Palmas Bellas,Panama,Chepo,Tortí,Panamá Este,44,No,Si,Compañía Distribuidora,Si,Microondas,6,Omaris Rosales,-78.28983214,8.88675632,2619,ab92fa9b-f5ff-4a3f-a64b-33ba791c2957,1597153106568,b_ayarza,1610721779358,b_ayarza,Digicel ,No ,No,,Si,1,4 Mb ,,
3441,Escuela Virgen de Guadalupe,Panama Oeste,La Chorrera,Guadalupe,Panamá Oeste ,816,No,Si,Compañía Distribuidora,Si,Hibrido de Fibra Coaxial,2,Elias Saldana,-79.82383711,8.85735505,2620,67c18679-11df-4396-9fb8-e6e247405d66,1597153106568,b_ayarza,1610726685448,b_ayarza,Cable Onda,No ,No,,No,1,6 Mb ,,
4613,Escuela Angelica P. de Riera,Veraguas,Santiago,Santiago,Veraguas,166,No,Si,Compañía Distribuidora,Si,Hibrido de Fibra Coaxial,1,Juan Pinzon,-80.93573479,8.09414243,2621,8d878c98-902e-402f-8968-f1b33a41889a,1597153106568,b_ayarza,1610827710342,b_ayarza,Cable Onda ,No ,No,,No ,2,6 Mb ,,
3982,Escuela El Mirador,Panama,San Miguelito,Belisario Frías ,San Miguelito,327,No,Si,Compañía Distribuidora,Si,Fibra Óptica,7,Yaqueline O. Robles H.,-79.48774862,9.07230293,2622,7e111fbe-a1a8-4178-8cec-4906cd9882f7,1597153106568,b_ayarza,1610731897789,b_ayarza,Cable Onda ,No ,No,,Si,1,10 Mb ,,
4425,Escuela La Pita,Veraguas,Mariato ,Llano De Catival o Mariato (Cabecera),Veraguas,5,No,No,Dato por Verificar,No,Sin Internet,6,Daniel Guerrero,-80.94087333,7.65979124,2623,76489fc6-c57e-4495-a847-7b602ae7dcff,1597153106568,b_ayarza,1610239488908,b_ayarza,SN/SV,No ,No,,No ,SN/SV,SN/SV,,
4154,Escuela Llano Colorado,Veraguas,Calobre,Las Guías,Veraguas,18,Si,Si,Compañía Distribuidora,Si,Fibra Óptica,16,Catalina Pereira,-80.78483991,8.19747776,2624,e051f3ab-61ca-44cf-bb0f-0da10a0fe8b6,1597153106568,b_ayarza,1610735002385,b_ayarza,Cable Onda ,No ,No,,No ,1,10 Mb ,,
4614,Escuela La Florecita,Veraguas,Santiago,Santiago,Veraguas,35,No,Si,Compañía Distribuidora,Si,Hibrido de Fibra Coaxial,1,Sandra Poveda,-80.95464246,8.09067775,2625,c789c1c1-45cf-4653-b8cb-3cc7ec3bc52f,1597153106568,b_ayarza,1610827712656,b_ayarza,Cable Onda ,No ,No,,No ,1,6 Mb ,,
3998,I.P.T. de San Miguelito,Panama,San Miguelito,Belisario Frías ,San Miguelito,2103,No,Si,Compañía Distribuidora,Si,Fibra Óptica,9,Raul Velasquez G.,-79.492572,9.078829,2626,4c0b13e2-ae4e-431f-a559-bf7f970e8b92,1597153106568,b_ayarza,1610731919235,b_ayarza,CWP,No ,No,,Si,4,10 Mb ,,
3297,Escuela Agua Buena,Panama,Chepo,El Llano,Panamá Este,13,Si,No,Dato por Verificar,No,Sin Internet,3,Lisleidi Pinto,-78.87581068,9.0668412,2627,8b15c485-151c-41dc-adc9-5398bb4dc65a,1597153106568,b_ayarza,1610239489580,b_ayarza,SN/SV,No ,No,,Si,SN/SV,SN/SV,,
4156,Escuela Alto Limón,Veraguas,Calobre,Monjaras,Veraguas,14,No,Si,Compañía Distribuidora,No,Sin Internet,17,Magali Quintero,-80.83945998,8.39366745,2628,baf1d8fb-fd6b-406e-a3a2-aabe1a9aa560,1597153106568,b_ayarza,1610239494022,b_ayarza,SN/SV,No ,No,,No ,SN/SV,SN/SV,,
4426,Escuela Malena,Veraguas,Mariato ,Llano De Catival o Mariato (Cabecera),Veraguas,49,No,Si,Compañía Distribuidora,Si,Satelital,6,Antonio Quintero,-80.96191522,7.57480856,2629,c335aefb-99f4-45ce-b20a-47b9d906e119,1597153106568,b_ayarza,1610743373169,b_ayarza,CWP,No ,No,,No ,1,4 Mb ,,
4615,Escuela La Fragua,Veraguas,Santiago,San Pedro Del Espino,Veraguas,22,No,Si,Planta Eléctrica de Empresa,Si,Fibra Óptica,3,Elsa Camarena,-81.06739704,8.16428761,2630,bd65e12c-672f-4490-a0f7-52bbb9840456,1597153106568,b_ayarza,1610827716195,b_ayarza,Cable Onda ,No ,No,,No ,1,10 Mb ,,
3442,Escuela La Valdesa,Panama Oeste,La Chorrera,Guadalupe,Panamá Oeste ,203,No,Si,Compañía Distribuidora,Si,Fibra Óptica,2,Marcia Perez,-79.81728012,8.83676877,2631,bf561f13-896a-4bef-9827-96bbe5d5a729,1597153106568,b_ayarza,1610726703123,b_ayarza,Cable Onda,No ,No,,No,1,10 Mb ,,
4280,Escuela Mercedes A. de Tristan,Veraguas,La Mesa,San Bartolo,Veraguas,26,No,Si,Sistema Aislado para el Poblado ,Si,Fibra Óptica,11,Amparo Gonzalez,-81.27711753,8.21223584,2632,da557448-1de0-4013-86a7-b5bab1824eb8,1597153106568,b_ayarza,1610736944930,b_ayarza,Cable Onda  ,No ,No ,,Si ,1,10 Mb ,,
4000,P.C.  Leon A. Soto ,Panama,San Miguelito,Amelia Denis de Icaza,San Miguelito,910,No,Si,Compañía Distribuidora,Si,Hibrido de Fibra Coaxial,1,Francisco Luis Crawford,-79.50976211,9.04066715,2633,c325df5d-9b2a-49fb-8545-5c9379e57a27,1597153106568,b_ayarza,1610731921801,b_ayarza,Cable Onda ,No ,No,,Si,1,6 Mb ,,
4617,Escuela Julio Daniel Abrego,Veraguas,Santiago,Santiago,Veraguas,270,No,Si,Compañía Distribuidora,Si,Hibrido de Fibra Coaxial,1,Ana Matilde B. De Martinez,-80.98595779,8.11985618,2634,8df294be-df42-4161-a04a-8481abf8da34,1597153106568,b_ayarza,1610827719582,b_ayarza,Cable Onda ,No ,No,,No ,2,6 Mb ,,
4157,Escuela Monjaras,Veraguas,Calobre,Monjaras,Veraguas,23,Si,Si,Compañía Distribuidora,Si,Satelital,16,Rosenda Jimenez De Navarro,-80.86517049,8.37177042,2635,9ce5d8e2-cff7-4efe-824c-b9e0e45dba97,1597153106568,b_ayarza,1610736336990,b_ayarza,Cable Onda ,No ,No,,No ,1,2.0 Mb ,,
4282,Escuela El Marañon,Veraguas,La Mesa,San Bartolo,Veraguas,21,No,Si,Compañía Distribuidora,No,Sin Internet,27,Ulices Camano,-81.35108192,8.22786183,2636,e456c25a-5445-405d-9dde-e242ecd0f00d,1597153106568,b_ayarza,1610239497708,b_ayarza,SN/SV,No ,No,,Si ,SN/SV,SN/SV,,
4428,I.P.T Jaime Melamed Áviles,Veraguas,Montijo,Pilón,Veraguas,236,No,Si,Compañía Distribuidora,Si,Microondas,8,Celso Augusto Trejos,-81.072098,7.951492,2637,c9d1bcde-3b7e-4634-b7be-7ad84563feec,1597153106568,b_ayarza,1610743376861,b_ayarza,CWP,No ,No,,No ,2,10 Mb ,,
3443,Escuela Las Yayas,Panama Oeste,La Chorrera,Herrera,Panamá Oeste ,29,No,Si,Compañía Distribuidora,Si,Fibra Óptica,2,Made Murillo,-79.8660824,8.92593971,2638,d740ff1f-57ce-44da-b33e-00bf4f3891b7,1597153106568,b_ayarza,1610726706932,b_ayarza,Cable Onda,No ,No,,No,1,10 Mb ,,
4002,Escuela Mono Congo,Panama,Panamá,Caimitillo,Panamá Norte,7,Si,Si,Panel Solar,No,Sin Internet,1,Marisol  Perez,-79.53256084,9.33810358,2639,d846274b-bf5d-4600-a3a9-53dab28a5437,1597153106568,b_ayarza,1610239499404,b_ayarza,SN/SV,No ,No,,Si,SN/SV,SN/SV,,
4283,Escuela Bajada de la Cruz,Veraguas,Las Palmas,Las Palmas,Veraguas,6,No,Si,Compañía Distribuidora,No,Sin Internet,25,Raquel De Pino,-81.49330422,8.16452866,2640,9cf7384e-ab1a-4f40-bd6b-d016b26f5a05,1597153106568,b_ayarza,1610736949132,b_ayarza,SN/SV,No ,No,,Si ,SN/SV,SN/SV,,
4618,Escuela Llano de La Cruz,Veraguas,Santiago,Urracá,Veraguas,11,No,Si,Compañía Distribuidora,Si,Fibra Óptica,4,Zuleika Trejos,-80.89784415,8.15032045,2641,fb828f31-228a-48f3-9864-e7b6c08118a7,1597153106568,b_ayarza,1610827724430,b_ayarza,Cable Onda ,No ,No,,No ,1,10 Mb ,,
3298,Escuela Las Claritas,Panama,Chepo,El Llano,Panamá Este,4,Si,N/D,Dato por Verificar,No,Sin Internet,6,Jose A. Gonzalez,-79.1029465,9.1728983,2642,35c49842-9c8b-4794-adb6-ac7ffd123481,1597153106568,b_ayarza,1610239503527,b_ayarza,SN/SV,No ,Si,,Si,SN/SV,SN/SV,,
4284,Escuela Las Mesitas,Comarca Ngabe-Bugle,Ñürüm,Cerro Pelado,Comarca Ngäbe-Buglé,201,Si,Si,Planta Eléctrica de Empresa,Si,Satelital,Dato por verificar,Dato por Verificar,-81.51580412,8.15563989,2643,078a54ed-d18e-432f-ba5a-55fd6985f512,1597153106568,b_ayarza,1610736967035,b_ayarza,Cable Onda  ,No ,No,,Si ,1,2.0 Mb ,,
3444,Escuela Las Zanguengas,Panama Oeste,La Chorrera,Herrera,Panamá Oeste ,35,No,Si,Compañía Distribuidora,Si,Satelital,Dato por verificar,Dato por Verificar,-79.87080422,8.9575812,2644,20f85812-a2c5-4ffa-a453-18e6a44c4e28,1597153106568,b_ayarza,1610726713062,b_ayarza,Cable Onda,No ,No,,No,1,2.0 Mb ,,
4619,Escuela El Junquillo,Veraguas,Santiago,Edwin Fábrega,Veraguas,5,No,Si,Compañía Distribuidora,Si,Satelital,2,Elsie Maure,-81.00140123,8.03948696,2645,8e4cd304-66c1-4da3-9f8f-7cd53d04b637,1597153106568,b_ayarza,1610827729580,b_ayarza,Cable Onda ,No ,No,,No ,1,2.0 Mb ,,
4003,Escuela Santa Marta,Panama,San Miguelito,Belisario Frías ,San Miguelito,1404,No,Si,Compañía Distribuidora,Si,Fibra Óptica,7,Esteban Pinzon A.,-79.49497082,9.08091409,2646,24c37341-28f8-43e4-a6e7-dee935bbe581,1597153106568,b_ayarza,1610732918643,b_ayarza,Cable Onda ,No ,No,,Si,1,10 Mb ,,
4429,Escuela Loma de Quebro,Veraguas,Mariato ,Quebro,Veraguas,47,No,Si,Compañía Distribuidora,Si,Satelital,6,Benito Rodriguez,-80.8867381,7.43864028,2647,fc61b96f-5d7e-4b82-9596-7b7807f82886,1597153106568,b_ayarza,1609182545229,b_ayarza,Cable Onda ,No ,Si,47.0,No ,1,2.0 Mb ,,
4158,Escuela San José,Veraguas,Calobre,San José,Veraguas,13,Si,Si,Panel Solar,No,Sin Internet,17,Nolkis Flores,-80.80248186,8.46507756,2648,d100a9dc-6900-4f9d-af81-3c17e76570fb,1597153106568,b_ayarza,1610239505343,b_ayarza,SN/SV,No ,No,,Si ,SN/SV,SN/SV,,
4005,Escuela Rogelio Sinan,Panama,San Miguelito,Belisario Frías ,San Miguelito,492,No,Si,Compañía Distribuidora,Si,Hibrido de Fibra Coaxial,7,Noel Arturo Johnson,-79.48858192,9.08063629,2649,d934ed60-12a2-48eb-a024-6de5d41e9828,1597153106568,b_ayarza,1610732921162,b_ayarza,Cable Onda ,No ,No,,Si,1,6 Mb ,,
4620,C.E.B.G. Manuela H. de Pérez,Veraguas,Santiago,Santiago,Veraguas,821,No,Si,Compañía Distribuidora,Si,Hibrido de Fibra Coaxial,1,Maria Del R. De Bradica,-80.97431038,8.10098496,2650,0ef3a451-d245-46bf-b63d-ef1b613d704c,1597153106568,b_ayarza,1610827734889,b_ayarza,Cable Onda ,No ,No,,No ,2,6 Mb ,,
4006,C.E.B.G. Jerónimo de La Ossa,Panama,San Miguelito,Amelia Denis de Icaza,San Miguelito,802,No,Si,Compañía Distribuidora,Si,Hibrido de Fibra Coaxial,4,Graciela Moreno,-79.50513586,9.03672957,2651,c8d9b304-f9ce-4aee-af6e-2d9894d8bea4,1597153106568,b_ayarza,1610732923799,b_ayarza,Cable Onda ,No ,No,,Si,1,6 Mb ,,
4430,Escuela Quebro,Veraguas,Mariato ,Quebro,Veraguas,18,No,Si,Compañía Distribuidora,No,Sin Internet,6,Doris Guerra,-80.83469302,7.42842025,2652,1f555b44-9036-44d9-ae01-30f91a17ad9c,1597153106568,b_ayarza,1610239508269,b_ayarza,SN/SV,No ,No,,No ,SN/SV,SN/SV,,
4159,Escuela Guásimo,Veraguas,Calobre,San José,Veraguas,32,Si,Si,Panel Solar,No,Sin Internet,17,Cristobal Castillo,-80.76746322,8.4620824,2653,d57e0495-6131-4275-9bb9-fc48ecb7ee28,1597153106568,b_ayarza,1610239509972,b_ayarza,SN/SV,No ,No,,Si ,SN/SV,SN/SV,,
3299,Escuela Valle de Charco Rico,Panama,Chepo,Tortí,Panamá Este,10,Si,No,Dato por Verificar,No,Sin Internet,7,Jenny Sanchez,-78.51885972,8.92785912,2654,f5a7036d-2144-43d9-a583-8bb1640dc757,1597153106568,b_ayarza,1610239512816,b_ayarza,SN/SV,No ,No,,Si,SN/SV,SN/SV,,
3445,Escuela Altos del Espave,Panama Oeste,La Chorrera,Herrera,Panamá Oeste ,100,No,Si,Compañía Distribuidora,Si,Satelital,2,Nixia Perez,-79.8286512,8.95136505,2655,d44638b5-e2b2-4df9-960d-2092e8120a5b,1597153106568,b_ayarza,1610726731017,b_ayarza,Cable Onda,No ,No,,No,1,1.0 Mb ,,
4622,Escuela Martincito,Veraguas,Santiago,Santiago,Veraguas,19,No,Si,Compañía Distribuidora,Si,Microondas,2,Dallys Villareal,-80.96199676,8.06648427,2656,b8d571dc-768f-4187-bbb8-59b3a9d7c0c4,1597153106568,b_ayarza,1610827742326,b_ayarza,Digicel ,No ,No,,No ,1,4 Mb ,,
4007,C.E.B.G. General José de San Martin,Panama,San Miguelito,Belisario Frías ,San Miguelito,1889,No,Si,Compañía Distribuidora,Si,Microondas,10,Gilian De Griffith (Sub Dir),-79.50182978,9.06569044,2657,5c5b9198-5867-4200-affc-63f077adcde3,1597153106568,b_ayarza,1610732926792,b_ayarza,Cable Onda ,No ,No,,Si,2,10 Mb ,,
4160,Escuela Bocle,Veraguas,Cañazas,El Picador,Veraguas,68,Si,Si,Panel Solar,No,Sin Internet,21,Mayra Atencio M.,-81.30635972,8.41313883,2658,80a6cb48-02e7-46dc-9da4-e7f56b9f74a6,1597153106568,b_ayarza,1610239515348,b_ayarza,SN/SV,No ,No,,Si ,SN/SV,SN/SV,,
4287,I.P.T. Las Palmas,Veraguas,Las Palmas,Las Palmas,Veraguas,721,No,Si,Compañía Distribuidora,Si,Fibra Óptica,25,Ramon Garcia,-81.49303362,8.20212462,2660,912d8752-248c-447a-9c88-dc3d77f68370,1597153106568,b_ayarza,1610736992401,b_ayarza,Cable Onda  ,No ,No,,Si ,4,10 Mb ,,
4008,Escuela Valle de Urracá,Panama,San Miguelito,Arnulfo Arias,San Miguelito,851,No,Si,Compañía Distribuidora,Si,Fibra Óptica,7,Yaselis M. Cauto R.,-79.48469312,9.06730305,2661,405a1917-2e3b-48cd-9cbf-459a7c72a07f,1597153106568,b_ayarza,1610732927695,b_ayarza,Cable Onda ,No ,No,,Si,1,10 Mb ,,
4433,Escuela Morrillo,Veraguas,Mariato ,Quebro,Veraguas,21,No,Si,Compañía Distribuidora,No,Sin Internet,6,Luis Concepcion,-80.93108835,7.46552086,2662,49ee4bf7-1270-43b6-8140-57fe5f66eae3,1597153106568,b_ayarza,1610239520941,b_ayarza,SN/SV,No ,Si,,No ,SN/SV,SN/SV,,
3300,Escuela Catrigandi,Panama,Chepo,Tortí,Panamá Este,32,No,Si,Planta Eléctrica de Empresa,Si,Fibra Óptica,5,Dorance Villar,-78.59001737,9.02551902,2663,84966eb6-a444-4275-a0f9-4ef8688b0c3b,1597153106568,b_ayarza,1610721827862,b_ayarza,Cable Onda,No ,No,,Si,1,10 Mb ,,
4161,Escuela Alto Bala,Veraguas,Cañazas,Cañazas,Veraguas,57,No,Si,Compañía Distribuidora,Si,Microondas,18,Lilia Hernandez,-81.20163752,8.35341686,2664,a6a73955-c7f2-4c74-a581-a00590673c48,1597153106568,b_ayarza,1610736351688,b_ayarza,Cable Onda ,No ,No,,Si ,1,4 Mb ,,
3447,Escuela Corozales Afuera,Panama Oeste,La Chorrera,Hurtado,Panamá Oeste ,35,No,Si,Compañía Distribuidora,Si,Satelital,3,Yaneth Camarena,-79.87657108,8.91229477,2665,7ac5e27f-4ff2-4ecd-b5c3-1ccfdd44285f,1597153106568,b_ayarza,1610726782409,b_ayarza,Cable Onda,No ,No,,No,1,1.0 Mb ,,
4293,Escuela Piedra Amarilla,Veraguas,Las Palmas,El Prado,Veraguas,13,Si,Si,Panel Solar,No,Sin Internet,27,Teofila Bejerano,-81.52302632,8.25091734,2666,de9a3529-6f3d-49f4-90ca-e32ae8a3f825,1597153106568,b_ayarza,1610239526832,b_ayarza,SN/SV,No ,No,,Si ,SN/SV,SN/SV,,
4009,Escuela Santiago de La Guardia,Panama,San Miguelito,Omar Torrijos,San Miguelito,941,No,Si,Compañía Distribuidora,Si,Fibra Óptica,10,Ruben Villar,-79.5117087,9.0732554,2667,6870078d-8d1c-4b4c-9dd3-a4f5770eb48c,1597153106568,b_ayarza,1610732928354,b_ayarza,CWP ,No ,No,,Si,2,10 Mb ,,
4623,Escuela Martin Grande,Veraguas,Santiago,Edwin Fábrega,Veraguas,97,No,Si,Compañía Distribuidora,Si,Hibrido de Fibra Coaxial,2,Maria Mojica,-81.00524862,8.07064021,2668,19f81606-1482-460a-9e1a-d67582b9d28d,1597153106568,b_ayarza,1610827767215,b_ayarza,Cable Onda ,No ,No,,No ,1,6 Mb ,,
3302,Escuela Icanti,Panama,Chepo,Comarca Kuna De Madungandí,Panamá Este,288,Si,Si,Planta Eléctrica de Empresa,No,Sin Internet,8,Itzi Fabrega,-78.69240987,9.21796134,2669,6e6df6f1-15fa-465d-ad43-24e1a80f76b7,1597153106568,b_ayarza,1610239527523,b_ayarza,SN/SV,No ,No,,Si,SN/SV,SN/SV,,
3448,Escuela Corozales Adentro,Panama Oeste,La Chorrera,Hurtado,Panamá Oeste ,40,No,Si,Compañía Distribuidora,Si,Satelital,3,Jose Rodriguez,-79.90469302,8.93758128,2670,5317f8f1-21d5-4c60-b202-ae40d63f364a,1597153106568,b_ayarza,1610726879632,b_ayarza,Cable Onda,No ,No,,No,1,1.0 Mb ,,
4294,Escuela Mata Redonda,Veraguas,Las Palmas,Las Palmas,Veraguas,48,Si,Si,Panel Solar,No,Sin Internet,27,Misael Caballero,-81.43691532,8.16008428,2671,e3f147c7-c24b-4a24-a048-2391852862db,1597153106568,b_ayarza,1610239529456,b_ayarza,SN/SV,No ,No,,Si ,SN/SV,SN/SV,,
4010,Escuela  Samaria Sinai,Panama,San Miguelito,Belisario Porras,San Miguelito,941,No,Si,Compañía Distribuidora,Si,Fibra Óptica,3,Cledia Isabel Rodriguez De Villar,-79.494874,9.053911,2672,ad6c7473-05e7-4d4b-85b0-dc8dce963222,1597153106568,b_ayarza,1610732932246,b_ayarza,Cable Onda ,No ,No,,Si,1,10 Mb ,,
4162,Escuela Cerro Viejo,Veraguas,Cañazas,Cañazas,Veraguas,6,Si,Si,Panel Solar,No,Sin Internet,18,Sinecio Cozzarelli,-81.18441532,8.3417503,2673,cc121058-da27-4257-807d-f359ed5ad174,1597153106568,b_ayarza,1610239531610,b_ayarza,SN/SV,No ,No,,Si ,SN/SV,SN/SV,,
4434,Escuela Alto Tebario,Veraguas,Mariato ,Tebario,Veraguas,41,No,Si,Compañía Distribuidora,Si,Satelital,6,Nicolasa Moreno,-80.97141772,7.72380125,2674,29a7687f-520d-417f-883f-d2ee815bdb02,1597153106568,b_ayarza,1610824421266,b_ayarza,CWP,No ,No,,No ,1,4 Mb ,,
4624,Escuela José de Los Santos Gutiérrez,Veraguas,Santiago,Carlos Santana Ávila,Veraguas,545,No,Si,Compañía Distribuidora,Si,Hibrido de Fibra Coaxial,4,Elida Gordon,-80.88998669,8.08346378,2675,534f5779-608f-4fa4-a7e5-576e05609651,1597153106568,b_ayarza,1610827770427,b_ayarza,Cable Onda ,No ,No,,No ,1,6 Mb ,,
4295,Escuela La Campana,Veraguas,Las Palmas,Las Palmas,Veraguas,9,Si,Si,Panel Solar,Si,Microondas,27,Dalys Rivera,-81.37691522,8.14480653,2676,64c9a2fc-dfa9-41d5-b7ca-2730bb03b62c,1597153106568,b_ayarza,1610737018176,b_ayarza,Digicel ,No ,No,,Si ,1,4 Mb ,,
3304,Escuela Lorenza G. de Lasso,Panama,Chepo,El Llano,Panamá Este,98,No,Si,Compañía Distribuidora,Si,Fibra Óptica,3,Fulvia Villarreal,-78.9656388,9.221384,2677,67390d11-4fc2-4161-a970-ddca20116a68,1597153106568,b_ayarza,1610724265584,b_ayarza,Cable Onda,No ,No,,Si,1,10 Mb ,,
4011,Escuela República de Corea,Panama,San Miguelito,Belisario Porras,San Miguelito,846,No,Si,Compañía Distribuidora,Si,Fibra Óptica,3,Max A. Mendez N.,-79.49302632,9.04896972,2678,856b25ae-715a-4838-8ab4-153ea8bca9b5,1597153106568,b_ayarza,1610733015536,b_ayarza,CWP,No ,No,,Si,2,10 Mb ,,
4438,Escuela Cerro Gordo,Veraguas,Río De Jesús,Río De Jesús,Veraguas,52,No,Si,Compañía Distribuidora,Si,Satelital,10,Esteban Aparico,-81.18498451,8.03017185,2679,2e7f5a60-c6db-42da-9e97-a02c57f850dc,1597153106568,b_ayarza,1610824429086,b_ayarza,Cable Onda ,No ,No,,No ,1,1.0 Mb ,,
4163,Escuela La Campana,Veraguas,Cañazas,El Picador,Veraguas,47,Si,Si,Panel Solar,No,Sin Internet,21,Miriam Sanjur,-81.29358706,8.43464331,2680,3fa60078-a457-435c-8413-fde4dd58dd86,1597153106568,b_ayarza,1610239534710,b_ayarza,SN/SV,No ,No,,Si ,SN/SV,SN/SV,,
4625,Escuela La Mata del Espino,Veraguas,Santiago,Canto del Llano,Veraguas,22,No,Si,Compañía Distribuidora,No,Sin Internet,1,Olga E. Rodriguez,-80.93671316,8.20102737,2681,8b676778-00ed-4c83-b25a-e71b700f2b68,1597153106568,b_ayarza,1610239536665,b_ayarza,SN/SV,No ,No,,No ,SN/SV,SN/SV,,
3449,Escuela León A. Soto ,Panama Oeste,La Chorrera,Iturralde,Panamá Oeste ,37,No,Si,Compañía Distribuidora,Si,Satelital,Dato por verificar,Dato por Verificar,-79.95046171,9.04322053,2682,7122cb1e-4993-4aeb-a684-f9e73e3f6060,1597153106568,b_ayarza,1610726889862,b_ayarza,Cable Onda,No ,No,,No,1,2.0 Mb ,,
4626,Escuela Piedra del Sol,Veraguas,Santiago,Edwin Fábrega,Veraguas,36,No,Si,Compañía Distribuidora,Si,Hibrido de Fibra Coaxial,2,Jorge Robles,-81.0384187,8.04202391,2683,4b44367b-bf02-4c83-8554-611a060cbf77,1597153106568,b_ayarza,1610827824032,b_ayarza,Cable Onda ,No ,No,,No ,1,6 Mb ,,
3305,Escuela Llano Cartí ,Panama,Chepo,El Llano,Panamá Este,11,Si,Si,Compañía Distribuidora,Si,Microondas,3,Isidro Morales,-78.98524862,9.31091304,2684,7597e623-3c43-4d4a-83a4-4f07be2f852b,1597153106568,b_ayarza,1610724271069,b_ayarza,Digicel ,No ,No,,Si,1,4 Mb ,,
4296,Escuela José A. Ruiz,Veraguas,Las Palmas,Las Palmas,Veraguas,291,No,Si,Compañía Distribuidora,Si,Fibra Óptica,25,Mario Atencio,-81.45765412,8.13918638,2685,3ecc22aa-2ef5-4811-8433-b6d452989bfd,1597153106568,b_ayarza,1610737021070,b_ayarza,Cable Onda  ,No ,No,,Si ,1,10 Mb ,,
4012,Escuela Don Bosco,Panama,San Miguelito,Belisario Porras,San Miguelito,1069,No,Si,Compañía Distribuidora,Si,Fibra Óptica,3,Hilda De Torres,-79.503178,9.056974,2686,31fe487c-11bc-4c40-95cc-781ab3751186,1597153106568,b_ayarza,1610733020286,b_ayarza,Cable Onda ,No ,No,,Si,2,10 Mb ,,
3450,Escuela La Colorada,Panama Oeste,La Chorrera,Iturralde,Panamá Oeste ,108,No,Si,Compañía Distribuidora,Si,Fibra Óptica,4,Elias Mendieta,-79.91774862,8.98258109,2687,35d06156-d3ac-4860-aece-c61f3f0ecbfe,1597153106568,b_ayarza,1610726907748,b_ayarza,Cable Onda,No ,No,,No,1,10 Mb ,,
4627,Centro Educativo La Primavera,Veraguas,Santiago,Santiago,Veraguas,2176,No,Si,Compañía Distribuidora,Si,Hibrido de Fibra Coaxial,1,Eloisa De Fernandez,-80.97662656,8.10888919,2688,5bd02d47-5e43-469e-8511-810139fdacf3,1597153106568,b_ayarza,1610827824762,b_ayarza,Cable Onda ,No ,No,,No ,2,6 Mb ,,
3306,Escuela Atanacio Morales,Panama,Chepo,Comarca Kuna De Madungandí,Panamá Este,261,No,Si,Compañía Distribuidora,Si,Fibra Óptica,8,Amarilis De Velasquez,-78.50334533,8.9861009,2689,dc6855ee-6d1b-4090-8424-3be45032e2e0,1597153106568,b_ayarza,1610724274305,b_ayarza,Cable Onda,No ,No,,Si,1,10 Mb ,,
4164,Escuela Santa Rosa,Veraguas,Cañazas,Cañazas,Veraguas,12,No,Si,Compañía Distribuidora,No,Sin Internet,18,Enriqueta Muñoz,-81.23634032,8.30021736,2690,9d05ca9b-ac0c-44a9-b8b9-7c045914ff19,1597153106568,b_ayarza,1610239538493,b_ayarza,SN/SV,No ,No,,Si ,SN/SV,SN/SV,,
4439,Escuela Adolfo Herrera,Veraguas,Río De Jesús,Río De Jesús,Veraguas,123,No,Si,Compañía Distribuidora,Si,Hibrido de Fibra Coaxial,10,Carmen Aguilar,-81.1584882,7.98443728,2691,b6ad6518-2a85-4bdc-9fc3-f1bdca43cd90,1597153106568,b_ayarza,1610824625598,b_ayarza,Cable Onda ,No ,No,,No ,1,6 Mb ,,
3307,Escuela Loma de Los Naranjos,Panama,Chepo,El Llano,Panamá Este,203,No,Si,Compañía Distribuidora,Si,Satelital,13,Manuel Perez,-78.88726292,9.16570317,2693,b5775827-309c-41c3-872d-8101470aba1f,1597153106568,b_ayarza,1610724287009,b_ayarza,CWP,No ,No ,,Si,2,10 Mb ,,
4297,Escuela El Mamey,Veraguas,Las Palmas,Las Palmas,Veraguas,18,Si,Si,Panel Solar,No,Sin Internet,25,Jaime Garcia,-81.49969302,8.14063995,2694,1a86e82a-8d0c-451e-934a-dfc7962b667a,1597153106568,b_ayarza,1610239540368,b_ayarza,SN/SV,No ,No,,Si ,SN/SV,SN/SV,,
4628,Escuela Quebrada Honda,Veraguas,Santiago,Edwin Fábrega,Veraguas,8,No,Si,Compañía Distribuidora,Si,Satelital,2,Deisy Del C. Santos,-81.03123156,8.06147139,2695,b21608f7-ca9e-4de7-b2f5-ad02acbf5a9a,1597153106568,b_ayarza,1610827825496,b_ayarza,Cable Onda ,No ,No,,No ,1,1.0 Mb ,,
4442,Escuela Los Leones,Veraguas,Río De Jesús,Catorce De Noviembre,Veraguas,6,No,Si,Compañía Distribuidora,No,Sin Internet,10,Aristides Castillo,-81.13024862,7.98786271,2696,9a82e604-9bab-4d4b-8f93-d5016d7b9d43,1597153106568,b_ayarza,1610239543464,b_ayarza,SN/SV,No ,No,,No ,SN/SV,SN/SV,,
4165,Escuela San Juan,Veraguas,Cañazas,Cañazas,Veraguas,22,No,Si,Panel Solar,No,Sin Internet,18,Edna Pineda,-81.24219302,8.28202832,2697,ec04ac91-e714-4863-90ff-79fbc6576a51,1597153106568,b_ayarza,1610239545211,b_ayarza,SN/SV,No ,No,,Si ,SN/SV,SN/SV,,
3452,Escuela La Represa,Panama Oeste,La Chorrera,La Represa,Panamá Oeste ,35,No,Si,Compañía Distribuidora,Si,Satelital,2,Yenixa Rodriguez,-79.83799621,9.04430398,2698,22ce5ec2-3416-4e5a-93cc-b421bd59cfc2,1597153106568,b_ayarza,1610726919436,b_ayarza,Cable Onda,No ,No,,No,1,1.0 Mb ,,
3309,Escuela Nuevo Panamá,Panama,Chepo,Tortí,Panamá Este,22,No,Si,Compañía Distribuidora,Si,Fibra Óptica,6,Aurora Mendoza,-78.32635972,8.89341475,2700,54fcd794-5f4f-4b49-9997-9cb51a9bfea3,1597153106568,b_ayarza,1610724291868,b_ayarza,Cable Onda,No ,No,,Si,1,10 Mb ,,
4298,Escuela LLano Largo,Veraguas,Las Palmas,Las Palmas,Veraguas,6,No,Si,Compañía Distribuidora,No,Sin Internet,25,Diana Mesa,-81.43885972,8.11341785,2701,af98d6fa-7467-443e-a87c-bf113dfc65f3,1597153106568,b_ayarza,1610239550881,b_ayarza,SN/SV,No ,No,,Si ,SN/SV,SN/SV,,
4629,C.E.B.G. Rubén Darío,Veraguas,Santiago,Canto del Llano,Veraguas,1128,No,Si,Compañía Distribuidora,Si,Hibrido de Fibra Coaxial,1,Rosa P. De Robles,-80.96525566,8.1223291,2702,2864538d-520f-4428-9060-bf1af5bc5545,1597153106568,b_ayarza,1610827826561,b_ayarza,Cable Onda ,No ,No,,No ,1,6 Mb ,,
4630,Escuela Guayaquil,Veraguas,Santiago,San Martín De Porres,Veraguas,12,No,Si,Compañía Distribuidora,Si,Hibrido de Fibra Coaxial,1,Linda Urriola,-80.92379212,8.10472764,2703,7d15d2cb-4a9c-4c79-8bf3-f20c8cca2325,1597153106568,b_ayarza,1610827827264,b_ayarza,Cable Onda ,No ,No,,No ,1,6 Mb ,,
4631,Escuela Juana B. Macias,Veraguas,Santiago,Carlos Santana Ávila,Veraguas,118,No,Si,Compañía Distribuidora,Si,Fibra Óptica,4,Ilaria Gonzalez De Hernandez,-80.81858192,8.09452902,2704,d353bb47-6f48-4fa8-8193-de4b78feac92,1597153106568,b_ayarza,1610827827752,b_ayarza,Cable Onda ,No ,No,,No ,1,10 Mb ,,
4632,Escuela La Valdes,Veraguas,Santiago,Edwin Fábrega,Veraguas,11,No,Si,Compañía Distribuidora,Si,Satelital,2,Elizabeth Hidalgo,-80.99853521,8.05994544,2705,7b1120ca-5618-46ad-a81c-80499b0d8bf2,1597153106568,b_ayarza,1610827828423,b_ayarza,Cable Onda ,No ,No,,No ,1,1.0 Mb ,,
4633,Escuela San Martin de Porres,Veraguas,Santiago,San Martín De Porres,Veraguas,1005,No,Si,Compañía Distribuidora,Si,Hibrido de Fibra Coaxial,1,Maria Eugenia Alvarado,-80.96380457,8.11318162,2706,5247af3b-6308-4621-bca1-af7f124819fd,1597153106568,b_ayarza,1610828335581,b_ayarza,Cable Onda ,No ,No,,No ,2,6 Mb ,,
4635,Escuela San Antonio,Veraguas,Santiago,Santiago,Veraguas,678,No,Si,Compañía Distribuidora,Si,Hibrido de Fibra Coaxial,1,Pastora Batista,-80.93076872,8.07460669,2707,ac5b4c8d-611b-429f-8070-245a08e824a3,1597153106568,b_ayarza,1610828337128,b_ayarza,Cable Onda ,No ,No,,No ,2,6 Mb ,,
4636,Escuela La Peana,Veraguas,Santiago,Urracá,Veraguas,28,No,Si,Compañía Distribuidora,Si,Microondas,4,Aracelis Dixon,-80.92247082,8.14536213,2708,5d3aadd8-90bc-46ee-aecc-7a8e4d851711,1597153106568,b_ayarza,1610828353106,b_ayarza,Cable Onda ,No ,No,,No ,1,4 Mb ,,
4637,C.E.B.G. Margarito Mojica,Veraguas,Santiago,La Colorada,Veraguas,118,No,Si,Compañía Distribuidora,Si,Hibrido de Fibra Coaxial,2,Matilde Rojas ,-80.98393467,8.01405312,2709,d97b973a-c670-4b35-a488-82870f0f8cea,1597153106568,b_ayarza,1610828354977,b_ayarza,Cable Onda ,No ,No,,No ,1,6 Mb ,,
4639,Escuela El Peligro,Veraguas,Santiago,La Colorada,Veraguas,7,No,Si,Compañía Distribuidora,Si,Microondas,2,Nixia Nunez,-81.00921918,7.97810195,2710,506a7647-ea18-4503-a39b-ff420f8731f4,1597153106568,b_ayarza,1610828364528,b_ayarza,Digicel ,No ,No,,No ,1,4 Mb ,,
4641,Escuela Los Hatillos,Veraguas,Santiago,La Colorada,Veraguas,55,No,Si,Compañía Distribuidora,Si,Hibrido de Fibra Coaxial,2,Katia Jaen,-80.98101962,8.04877602,2711,758cf456-a5de-4ed4-8c33-7cc145262df9,1597153106568,b_ayarza,1610828367479,b_ayarza,Cable Onda ,No ,No,,No ,1,6 Mb ,,
4642,Escuela El Centeno,Veraguas,Santiago,La Colorada,Veraguas,9,No,Si,Compañía Distribuidora,No,Sin Internet,2,Norelis Mojica,-80.97548992,8.00609388,2712,199d30ed-3796-4955-a3ce-8cb9e6b56464,1597153106568,b_ayarza,1610239640962,b_ayarza,SN/SV,No ,No,,No ,SN/SV,SN/SV,,
4644,P.C. Margarito Mojica,Veraguas,Santiago,La Colorada,Veraguas,91,No,Si,Compañía Distribuidora,Si,Satelital,2,Israel Martinez,-80.978335,8.040106,2713,cf960b1e-ea00-474d-a1bf-08b94782184b,1597153106568,b_ayarza,1610828383321,b_ayarza,Cable Onda ,No ,No,,No ,1,6 Mb ,,
4645,Escuela La Colorada de la Peña,Veraguas,Santiago,La Peña,Veraguas,5,No,Si,Compañía Distribuidora,No,Sin Internet,3,Mario Rodriguez,-81.02676875,8.17303428,2714,aa156db7-c1af-4ace-a4be-b65f12450264,1597153106568,b_ayarza,1610239643660,b_ayarza,SN/SV,No ,No,,No ,SN/SV,SN/SV,,
4646,Escuela La Subidita,Veraguas,Santiago,La Peña,Veraguas,52,No,Si,Compañía Distribuidora,Si,Fibra Óptica,3,Sonia Espinosa,-81.06731802,8.202787,2715,ea96c2bc-7a4e-4eb9-a567-b14643bae576,1597153106568,b_ayarza,1610828406463,b_ayarza,Cable Onda ,No ,No,,No ,1,10 Mb ,,
4647,Escuela Rincón Largo,Veraguas,Santiago,La Peña,Veraguas,87,No,Si,Compañía Distribuidora,Si,Fibra Óptica,3,Jose E. Arenas,-81.0514122,8.15686695,2716,cdc7c67e-9dda-4b9a-8bd2-16c512d78d40,1597153106568,b_ayarza,1610828407386,b_ayarza,Cable Onda ,No ,No,,No ,1,10 Mb ,,
4649,Escuela El Carrasco,Veraguas,Santiago,Los Algarrobos,Veraguas,6,No,Si,Compañía Distribuidora,No,Sin Internet,2,Alma Rosa Garcia,-81.03478074,8.08011259,2717,345107cc-7fbf-4528-b9fd-c31edc394cca,1597153106568,b_ayarza,1610239646837,b_ayarza,SN/SV,No ,No,,No ,SN/SV,SN/SV,,
4650,Escuela Los Algarrobos,Veraguas,Santiago,Los Algarrobos,Veraguas,378,Si,Si,Compañía Distribuidora,Si,Hibrido de Fibra Coaxial,3,Mariluz Olave,-81.01541128,8.11350391,2718,91b64687-15e6-4ba2-89b4-b46b817815cb,1597153106568,b_ayarza,1610828459916,b_ayarza,Cable Onda ,No ,No,,No ,1,6 Mb ,,
4654,Colegio Secundario La Peña,Veraguas,Santiago,La Peña,Veraguas,609,No,Si,Compañía Distribuidora,Si,Hibrido de Fibra Coaxial,3,Meliton Ramos,-81.02004913,8.12578999,2719,6f63066e-c895-4b70-9b72-4f08458d36e2,1597153106568,b_ayarza,1610828460479,b_ayarza,Cable Onda ,No ,No,,No ,3,10 Mb ,,
4656,Escuela Agustín Pérez Colmenares,Veraguas,Santiago,La Peña,Veraguas,475,No,Si,Compañía Distribuidora,Si,Fibra Óptica,3,Luis Quiroz,-81.02785859,8.13116035,2720,0490e772-0406-4882-8fdd-ca616a989516,1597153106568,b_ayarza,1610828461197,b_ayarza,Cable Onda ,No ,No,,No ,1,10 Mb ,,
4657,Escuela Las Balsas,Veraguas,Santiago,Los Algarrobos,Veraguas,20,No,Si,Compañía Distribuidora,Si,Fibra Óptica,3,Malvin Castillo,-81.0892314,8.0657469,2721,7f300ea0-b96b-489a-aa5d-427c826d14a1,1597153106568,b_ayarza,1610828463657,b_ayarza,Cable Onda ,No ,No,,No ,1,10 Mb ,,
4658,Escuela El Llanillo,Veraguas,Santiago,Los Algarrobos,Veraguas,85,No,Si,Compañía Distribuidora,Si,Fibra Óptica,3,Arelis Pineda,-81.07736366,8.07059296,2722,a25c423a-41b8-4f82-933b-8fe8ee668312,1597153106568,b_ayarza,1610828462558,b_ayarza,Cable Onda ,No ,No,,No ,1,10 Mb ,,
4659,Escuela Pacora,Veraguas,Santiago,Los Algarrobos,Veraguas,10,No,Si,Planta Eléctrica de Empresa,No,Sin Internet,3,Lilibeth Hernandez,-81.0782889,8.10282873,2723,2b8aa975-f187-4283-9478-bf64330e2f5f,1597153106568,b_ayarza,1610239649226,b_ayarza,SN/SV,No ,No,,No ,SN/SV,SN/SV,,
4660,Escuela  Rincón Sucio,Veraguas,Santiago,La Peña,Veraguas,35,No,Si,Compañía Distribuidora,No,Sin Internet,3,Amada Castillo,-81.02694444,8.12972222,2724,d9c0cf8c-3464-430f-87fd-f441dcc24134,1597153106568,b_ayarza,1610239651717,b_ayarza,SN/SV,No ,No,,No ,SN/SV,SN/SV,,
4661,Escuela La Corocita,Veraguas,Santiago,Los Algarrobos,Veraguas,6,No,Si,Compañía Distribuidora,No,Sin Internet,3,Rafael Barria,-81.04768328,8.07756947,2725,e0ee7617-34d3-4df5-b58a-0f39671dfa41,1597153106568,b_ayarza,1610239653587,b_ayarza,SN/SV,No ,No,,No ,SN/SV,SN/SV,,
4662,Escuela La Huaca,Veraguas,Santiago,La Raya De Santa María,Veraguas,25,No,Si,Compañía Distribuidora,Si,Microondas,4,Doris Chavarria,-80.74259642,8.16732092,2726,1d9f48a6-e062-469a-a8c4-3ee9fe16a196,1597153106568,b_ayarza,1610828571797,b_ayarza,Cable Onda ,No ,No,,No ,1,10 Mb ,,
4663,Escuela El Pedernal,Veraguas,Santiago,La Raya De Santa María,Veraguas,98,No,Si,Compañía Distribuidora,Si,Microondas,4,Celia Cisneros,-80.78454206,8.14507169,2727,484dc9d2-03a5-4fb9-afd8-9963fad2bf09,1597153106568,b_ayarza,1610828572759,b_ayarza,Cable Onda ,No ,No,,No ,1,10 Mb ,,
4664,Escuela Tierra Hueca,Veraguas,Santiago,Urracá,Veraguas,34,No,Si,Compañía Distribuidora,Si,Fibra Óptica,4,Rosa Cozzarelli,-80.87697108,8.18767168,2728,e77b332b-8360-45b1-bbd0-3bfca75257e2,1597153106568,b_ayarza,1610828574638,b_ayarza,Cable Onda ,No ,No,,No ,1,10 Mb ,,
4665,Escuela La Raya de Santa Maria,Veraguas,Santiago,La Raya De Santa María,Veraguas,123,No,Si,Compañía Distribuidora,Si,Microondas,4,Octavio Gil,-80.81658953,8.16930474,2729,8234c460-73fd-4dd7-a426-9134df4d833c,1597153106568,b_ayarza,1610828575701,b_ayarza,CWP,No ,No,,No ,1,10 Mb ,,
4666,Escuela Capellania,Veraguas,Santiago,La Raya De Santa María,Veraguas,13,No,Si,Compañía Distribuidora,Si,Microondas,4,Martina Rodriguez,-80.82330412,8.12480671,2730,80a73ab7-241e-4029-869b-ea501c5a9f54,1597153106568,b_ayarza,1610828583557,b_ayarza,Cable Onda ,No ,No,,No ,1,4 Mb ,,
4667,Escuela Cañazas Abajo,Veraguas,Santiago,La Raya De Santa María,Veraguas,35,No,Si,Compañía Distribuidora,Si,Fibra Óptica,4,Cenit Canto,-80.71256495,8.14240721,2731,9339dbd8-107d-4def-9f1e-8c524bc83fea,1597153106568,b_ayarza,1610828585783,b_ayarza,Cable Onda ,No ,No,,No ,1,10 Mb ,,
4672,Escuela Isaura J. Carrizo,Veraguas,Santiago,Ponuga,Veraguas,128,No,Si,Compañía Distribuidora,Si,Satelital,5,Olvia Atencio De Herrera,-80.9761197,7.88298225,2732,0af2fbaa-d121-421c-a054-da47c22c6d82,1597153106568,b_ayarza,1610828598083,b_ayarza,Cable Onda ,No ,No,,No ,1,10 Mb ,,
4674,Escuela Las Tranquilas,Veraguas,Santiago,Ponuga,Veraguas,7,No,Si,Compañía Distribuidora,No,Sin Internet,5,Dorian Gordillo,-80.91163752,7.94147397,2733,e6fe3931-a776-4069-84ea-a0c9fb42e9be,1597153106568,b_ayarza,1610239655337,b_ayarza,SN/SV,No ,No,,No ,SN/SV,SN/SV,,
4675,Escuela El Suay,Veraguas,Santiago,Ponuga,Veraguas,13,No,Si,Compañía Distribuidora,Si,Satelital,5,Edilsa Ramos,-80.99087134,7.74327816,2734,6207afaa-923d-4af3-92c2-7dd68e5c5b5c,1597153106568,b_ayarza,1610828620611,b_ayarza,Cable Onda ,No ,No,,No ,1,4 Mb ,,
4676,Escuela Las Sabaneta,Veraguas,Santiago,Ponuga,Veraguas,38,No,Si,Compañía Distribuidora,Si,Satelital,5,Victor Jose Pardo,-80.98478306,7.78224211,2735,7cc54b52-5901-478c-a0da-33da6f8cfeb2,1597153106568,b_ayarza,1610828622122,b_ayarza,Cable Onda ,No ,No,,No ,1,4 Mb ,,
4677,Escuela El Macho,Veraguas,Santiago,Ponuga,Veraguas,3,No,Si,Compañía Distribuidora,No,Sin Internet,5,Milva Pinzon,-80.99636605,7.92775682,2736,f7215324-f078-405a-ba6a-b6db3fa23bc0,1597153106568,b_ayarza,1610239658087,b_ayarza,SN/SV,No ,No,,No ,SN/SV,SN/SV,,
4678,Escuela Ángel Augusto Ortiz R.,Veraguas,Santiago,Ponuga,Veraguas,34,No,Si,Compañía Distribuidora,No,Sin Internet,5,Amneris Rodriguez,-80.95350486,7.9346221,2737,6e5fbfb4-c3d1-44c7-b2d8-66b3230aa8a3,1597153106568,b_ayarza,1610239659837,b_ayarza,SN/SV,No ,No,,No ,SN/SV,SN/SV,,
4680,Escuela Cirbulaco,Veraguas,Santiago,Ponuga,Veraguas,61,No,Si,Compañía Distribuidora,Si,Microondas,5,Agustina Ramos,-80.98925028,7.85255098,2738,34a81866-7407-42c7-8dd8-d547098f4a12,1597153106568,b_ayarza,1610828644345,b_ayarza,CWP,No ,No,,No ,1,10 Mb ,,
3453,Escuela Alto del Jobo,Panama Oeste,La Chorrera,La Represa,Panamá Oeste ,37,No,Si,Compañía Distribuidora,Si,Microondas,2,Marvin Vega,-79.81112314,8.98748621,2739,8fb2dbcc-c7e6-4c4d-8d2e-bab2fd11a264,1597153106568,b_ayarza,1610726929631,b_ayarza,CWP,No ,No,,No,1,10 Mb ,,
4015,I.P.T.C Nicolás del Rosario ,Panama,San Miguelito,Omar Torrijos,San Miguelito,1649,No,Si,Compañía Distribuidora,Si,Hibrido de Fibra Coaxial,9,Nayla Bustamante,-79.51079985,9.04691867,2740,cec32646-3e33-4e7a-a965-46402dd78a31,1597153106568,b_ayarza,1610733127070,b_ayarza,Cable Onda ,No ,No,,Si,2,6 Mb ,,
3310,Escuela Pintupo,Panama,Chepo,Comarca Kuna De Madungandí,Panamá Este,118,Si,Si,Panel Solar,No,Sin Internet,8,Olouidinyale Amencio Guerrero,-78.72144583,9.22373345,2741,b68fe66e-426e-4036-99ff-106919d99211,1597153106568,b_ayarza,1610239662378,b_ayarza,SN/SV,No ,No,,Si,SN/SV,SN/SV,,
3455,Escuela Los Mortales,Panama Oeste,La Chorrera,Los Díaz,Panamá Oeste ,36,No,Si,Compañía Distribuidora,Si,Satelital,3,Enedina Marisol,-79.94274862,8.84980393,2742,1abfc70f-0457-4042-8682-0122873e0691,1597153106568,b_ayarza,1610726938166,b_ayarza,Cable Onda,No ,No,,No,1,1.0 Mb ,,
4016,I.P.T. Louis Martinz,Panama,San Miguelito,Belisario Porras,San Miguelito,785,No,Si,Compañía Distribuidora,Si,Hibrido de Fibra Coaxial/Fibra Óptica,4,Climaco Herrera Ch.,-79.494895,9.053414,2743,48a117cb-5779-47be-ba67-f0c22408bfe5,1597153106568,b_ayarza,1610733136906,b_ayarza,Cable Onda ,No ,No,,Si,3,6 Mb/ 2-10  Mb,,
4443,Escuela Las Peñitas,Veraguas,Río De Jesús,Río De Jesús,Veraguas,11,No,Si,Compañía Distribuidora,Si,Fibra Óptica,10,Danis Barrios De Jaramillo,-81.15580422,8.04869579,2744,812692b2-3152-48e7-aaed-c9b0ea7aa858,1597153106568,b_ayarza,1610826652276,b_ayarza,Cable Onda ,No ,No,,No ,1,10 Mb ,,
4166,Escuela La Pintada,Veraguas,Cañazas,Cañazas,Veraguas,16,Si,Si,Panel Solar,No,Sin Internet,18,Efrain Torres,-81.24858192,8.26619498,2745,052db2a7-7a9d-4583-a9b2-8d6cd1869867,1597153106568,b_ayarza,1610239664075,b_ayarza,SN/SV,No ,No,,Si ,SN/SV,SN/SV,,
4018,P.C. Santa Librada,Panama,San Miguelito,Omar Torrijos,San Miguelito,1253,No,Si,Compañía Distribuidora,Si,Fibra Óptica,10,Lourdes C. Villar Q.,-79.50209157,9.07276598,2746,777cb322-42f7-4757-b586-0fa3dd60d9f4,1597153106568,b_ayarza,1610733142594,b_ayarza,CWP ,No ,No,,Si,2,10 Mb ,,
4444,Escuela Los Panamaes,Veraguas,Río De Jesús,Río De Jesús,Veraguas,12,No,Si,Compañía Distribuidora,Si,Fibra Óptica,10,Tomasa Castillo,-81.14302642,7.95175164,2747,3a1f2ccc-5ad5-4df5-bfca-4041674179f9,1597153106568,b_ayarza,1610826660306,b_ayarza,Cable Onda ,No ,No,,No ,1,10 Mb ,,
3312,Escuela Playa Chuzo Adentro,Panama,Chepo,Tortí,Panamá Este,8,Si,Si,Compañía Distribuidora,Si,Fibra Óptica,6,Flor Maria Batista,-78.38313935,8.85803441,2748,a1ab4019-9fa2-4ccf-bc7f-b46075309a50,1597153106568,b_ayarza,1610724324283,b_ayarza,Cable Onda,No ,No,,Si,1,10 Mb ,,
3456,Escuela Las Ollas Abajos,Panama Oeste,La Chorrera,Los Díaz,Panamá Oeste ,42,No,Si,Compañía Distribuidora,Si,Fibra Óptica,3,Yadira Quintero,-79.91052632,8.84119276,2749,879dcce2-ae75-426e-9bc2-004658690b88,1597153106568,b_ayarza,1610726940897,b_ayarza,Cable Onda,No ,No,,No,1,10 Mb ,,
3457,Escuela Mendoza,Panama Oeste,La Chorrera,Mendoza,Panamá Oeste ,468,No,Si,Planta Eléctrica de Empresa,Si,Microondas,2,Nekelda De Gonzalez,-79.84820587,9.0160011,2751,f48ab6e1-e4d9-417c-9c0c-da84b2d50518,1597153106568,b_ayarza,1610726964588,b_ayarza,Cable Onda,No ,No,,No,1,10 Mb ,,
4299,Escuela El Espavecito,Veraguas,Las Palmas,Las Palmas,Veraguas,16,No,Si,Panel Solar,No,Sin Internet,25,Sonia Gonzalez,-81.40024862,8.11758443,2752,0ace30b8-276f-4df7-b44a-6b7615dd8ebe,1597153106568,b_ayarza,1610239666232,b_ayarza,SN/SV,No ,No,,Si ,SN/SV,SN/SV,,
4445,Escuela Los Montes,Veraguas,Río De Jesús,Catorce De Noviembre,Veraguas,19,No,Si,Compañía Distribuidora,Si,Fibra Óptica,10,Edith Pineda,-81.14625224,8.00024812,2753,593719e5-6175-4827-b5bd-ba5a71bc73b5,1597153106568,b_ayarza,1610826693393,b_ayarza,Cable Onda ,No ,No,,No ,1,10 Mb ,,
4038,Escuela Juan José Amado,Panama,San Miguelito,Omar Torrijos,San Miguelito,174,No,Si,Compañía Distribuidora,Si,Hibrido de Fibra Coaxial,8,Amelio De Gracia,-79.52232732,9.06572929,2754,eb92ffda-9f84-4916-a802-74b506b83683,1597153106568,b_ayarza,1610733148029,b_ayarza,Cable Onda ,No ,No,,Si,1,6 Mb ,,
3313,Escuela Quebrada Cali,Panama,Chepo,Tortí,Panamá Este,78,Si,Si,Compañía Distribuidora,Si,Fibra Óptica,4,Sujayla Bravo,-78.63602488,9.04821355,2755,0d62a67f-b7d5-461e-99c7-bb6af8148278,1597153106568,b_ayarza,1610724320049,b_ayarza,Cable Onda,No ,No,,Si,1,10 Mb ,,
3458,Escuela Tinajones Abajo,Panama Oeste,La Chorrera,Mendoza,Panamá Oeste ,5,No,Si,Compañía Distribuidora,No,Sin Internet,2,Samanta Arosemena M.,-79.88138,9.053097,2756,e3318c86-6f94-4174-b39b-77c5ac42cd96,1597153106568,b_ayarza,1610239670366,b_ayarza,SN/SV,No ,No,,No,SN/SV,SN/SV,,
4300,Escuela El Calabazo,Veraguas,Las Palmas,Cerro De Casa,Veraguas,36,Si,Si,Panel Solar,No,Sin Internet,25,Kenia Mojica,-81.59843817,8.13376225,2757,1873f220-3a89-4e78-bd5f-0d54afe80a78,1597153106568,b_ayarza,1610239672335,b_ayarza,SN/SV,No ,No,,Si ,SN/SV,SN/SV,,
4446,Escuela El Pájaro,Veraguas,Río De Jesús,Catorce De Noviembre,Veraguas,40,No,Si,Compañía Distribuidora,Si,Satelital,10,Nancy Guevara,-81.11825488,7.95598332,2758,fb4e30b3-aea0-4cd1-a52a-d38d4efc49d5,1597153106568,b_ayarza,1610826700976,b_ayarza,Cable Onda ,No ,No,,No ,1,2.0 Mb ,,
4449,Escuela Cerro Banco,Veraguas,Río De Jesús,Las Huacas,Veraguas,26,No,Si,Compañía Distribuidora,Si,Satelital,10,Venicia G. De Jordan,-81.16691522,7.92258514,2759,a309b0d4-5ff8-4848-9936-9559614ff1f7,1597153106568,b_ayarza,1610826706434,b_ayarza,CWP,No ,No,,Si,1,4 Mb ,,
4451,I.P.T. Rio de Jesús ,Veraguas,Río De Jesús,Las Huacas,Veraguas,164,No,Si,Compañía Distribuidora,Si,Satelital,10,Cesar Ortega,-81.15298205,7.93412519,2760,da46350b-421a-44be-844c-cdfa277f14a6,1597153106568,b_ayarza,1610826710850,b_ayarza,Cable Onda ,No ,No,,Si,2,1.0 Mb ,,
4452,Escuela Las Huacas,Veraguas,Río De Jesús,Las Huacas,Veraguas,57,No,Si,Compañía Distribuidora,Si,Satelital,10,Ricaurte Torres,-81.14135972,7.90175191,2761,e192b737-820a-4c56-b2d2-77812606a687,1597153106568,b_ayarza,1610826758946,b_ayarza,CWP,No ,No,,Si,1,4 Mb ,,
4453,Escuela Los Castillos,Veraguas,Río De Jesús,Los Castillos,Veraguas,41,No,Si,Compañía Distribuidora,Si,Satelital,10,Lastenia Mojicas,-81.11873063,8.02615024,2762,e3853dca-d420-42ff-a466-0de62a5ca4b1,1597153106568,b_ayarza,1610826766392,b_ayarza,Cable Onda ,No ,No,,No ,1,2.0 Mb ,,
4454,Escuela Utira,Veraguas,Río De Jesús,Utira,Veraguas,28,No,Si,Compañía Distribuidora,Si,Satelital,10,Eduardo Vasquez,-81.21660877,7.97508318,2763,1a5dce9b-3a3a-494c-a390-38867d0d7344,1597153106568,b_ayarza,1610826769157,b_ayarza,Cable Onda ,No ,No,,No ,1,2.0 Mb ,,
4455,C.E.B.G. Pedro Arrocha Graell,Veraguas,San Francisco,San Francisco,Veraguas,299,No,Si,Compañía Distribuidora,Si,Hibrido de Fibra Coaxial,7,Dioselina S. De Tristan,-80.97287194,8.24798916,2764,d09bffca-5983-4b84-9d8f-e3e9724feb5e,1597153106568,b_ayarza,1610826774452,b_ayarza,Cable Onda ,No ,No,,No ,2,6 Mb ,,
4457,C.E.B.G. San José No. 2,Veraguas,San Francisco,San José,Veraguas,177,No,Si,Compañía Distribuidora,Si,Fibra Óptica,9,Italia Cruscomagno De Agudo,-81.04052632,8.35175016,2765,96a63dbc-6c6f-441b-92c8-648cd6a21269,1597153106568,b_ayarza,1610826781019,b_ayarza,Cable Onda ,No ,No,,Si,1,10 Mb ,,
4463,Escuela Los Hatillos Abajo,Veraguas,San Francisco,San Francisco,Veraguas,6,No,Si,Planta Eléctrica de Empresa,Si,Fibra Óptica,7,Maria Rodriguez,-81.00848376,8.21969499,2766,e5b1c845-a810-4822-a4fa-ea50881c7742,1597153106568,b_ayarza,1610826783481,b_ayarza,Cable Onda ,No ,No,,No ,1,10 Mb ,,
4464,Escuela Corral Falso,Veraguas,San Francisco,Corral Falso,Veraguas,16,No,Si,Compañía Distribuidora,No,Sin Internet,7,Ana Miriam Reyes,-80.86246333,8.20397087,2767,1f450789-72bf-4b56-af7b-d6849614b622,1597153106568,b_ayarza,1610239674401,b_ayarza,SN/SV,No ,No,,No ,SN/SV,SN/SV,,
4465,Escuela El Espave,Veraguas,San Francisco,Corral Falso,Veraguas,11,No,Si,Compañía Distribuidora,No,Sin Internet,7,Argelis Concepcion,-80.91986975,8.24225899,2768,f20591ed-1e12-4917-b484-a518e7dba2c4,1597153106568,b_ayarza,1610239676010,b_ayarza,SN/SV,No ,No,,No ,SN/SV,SN/SV,,
4466,Escuela El Peñon,Veraguas,San Francisco,Los Hatillos,Veraguas,16,Si,Si,Panel Solar,No,Sin Internet,9,Jose Atencio,-80.97400845,8.35177868,2769,d82f8ef0-6121-42eb-ba36-837eebc03181,1597153106568,b_ayarza,1610239677713,b_ayarza,SN/SV,No ,No,,Si ,SN/SV,SN/SV,,
4467,Escuela Hatillos Arriba,Veraguas,San Francisco,Los Hatillos,Veraguas,8,No,Si,Panel Solar,No,Sin Internet,7,Priscila Robles,-80.98482494,8.31544652,2770,7b1d2584-7b6f-4e03-ad04-e2f7bc01246f,1597153106568,b_ayarza,1610239680432,b_ayarza,SN/SV,No ,No,,Si ,SN/SV,SN/SV,,
4468,Escuela El Chorrillito,Veraguas,San Francisco,Los Hatillos,Veraguas,21,Si,Si,Panel Solar,No,Sin Internet,9,Gloria Jaramillo,-80.98747471,8.38676227,2771,fb83179c-8c93-4373-bb97-c88df2df7473,1597153106568,b_ayarza,1610239682057,b_ayarza,SN/SV,No ,No,,Si ,SN/SV,SN/SV,,
4469,Escuela Aguacatal,Veraguas,San Francisco,Los Hatillos,Veraguas,10,Si,Si,Panel Solar,No,Sin Internet,7,Casiano Martinez,-80.95756273,8.32245084,2772,258606b9-250d-4adf-a96d-83eac4ded07b,1597153106568,b_ayarza,1610239683697,b_ayarza,SN/SV,No ,No,,Si ,SN/SV,SN/SV,,
4470,Escuela Piedras Gordas,Veraguas,San Francisco,Los Hatillos,Veraguas,6,Si,No,Dato por Verificar,No,Sin Internet,7,Arquimedes Mojica,-80.9393968,8.28398206,2773,a2db6b43-b06c-4f68-96da-d1235dc3e957,1597153106568,b_ayarza,1610239685284,b_ayarza,SN/SV,No ,No,,Si ,SN/SV,SN/SV,,
4472,Escuela Carabali,Veraguas,San Francisco,Los Hatillos,Veraguas,4,No,Si,Planta Eléctrica de Empresa,No,Sin Internet,7,Idoralis Castillo,-80.97967157,8.29608365,2774,66fd29b8-dbbe-41ed-b6df-01beee5a39be,1597153106568,b_ayarza,1610239687750,b_ayarza,SN/SV,No ,No,,Si ,SN/SV,SN/SV,,
4167,Escuela Piedra de Amolar,Veraguas,Cañazas,Cañazas,Veraguas,62,Si,Si,Panel Solar,No,Sin Internet,21,Kathy Giono,-81.26984062,8.43347916,2775,1a978a93-0e33-44ff-83fd-34c6a8daac0e,1597153106568,b_ayarza,1610239689329,b_ayarza,SN/SV,No ,No,,Si ,SN/SV,SN/SV,,
4473,Escuela El Chorrillo,Veraguas,San Francisco,Los Hatillos,Veraguas,12,Si,Si,Panel Solar,No,Sin Internet,9,Olmedo Bravo,-80.96069556,8.39284657,2776,3f51c464-cd64-4313-90f0-1fb6f2e2eb44,1597153106568,b_ayarza,1610239692698,b_ayarza,SN/SV,No ,No,,Si ,SN/SV,SN/SV,,
4474,Escuela Rogelio E. Nurse,Veraguas,San Francisco,Remance,Veraguas,47,No,Si,Compañía Distribuidora,Si,Satelital,7,Mirta Rosa Almanza,-81.08097709,8.24631251,2777,b5d3056c-64ed-4ef0-9a38-2e9f7866d7fb,1597153106568,b_ayarza,1610826813219,b_ayarza,Cable Onda ,No ,No,,Si ,1,2.0 Mb ,,
4475,Escuela El Castillo,Veraguas,San Francisco,Remance,Veraguas,15,No,No,Dato por Verificar,No,Sin Internet,7,Vielka De Lima,-81.05135972,8.22591733,2778,d82e5ccc-8b40-45f2-8dff-d226cd1aaa8a,1597153106568,b_ayarza,1610239694580,b_ayarza,SN/SV,No ,No,,Si ,SN/SV,SN/SV,,
4476,Escuela La Bodega,Veraguas,San Francisco,Remance,Veraguas,18,Si,Si,Panel Solar,No,Sin Internet,9,Erica Del C. Quintero,-81.10802642,8.33675022,2779,93ed62bc-71a5-4619-8e7e-beb54821db02,1597153106568,b_ayarza,1610239696315,b_ayarza,SN/SV,No ,No,,Si ,SN/SV,SN/SV,,
4477,Escuela El Cortezo,Veraguas,San Francisco,Remance,Veraguas,34,No,Si,Panel Solar,No,Sin Internet,7,Ada Bonilla,-81.03785028,8.24977811,2780,684a13df-3604-4eae-96f2-51fcecfb6533,1597153106568,b_ayarza,1610239699598,b_ayarza,SN/SV,No ,No,,Si ,SN/SV,SN/SV,,
4478,Escuela Las Penitas de Los Jimenez,Veraguas,San Francisco,Remance,Veraguas,7,Si,Si,Panel Solar,No,Sin Internet,9,Isabel Mendoza,-81.11815322,8.37412965,2781,ad768856-ac40-4048-88f0-e96c5f698651,1597153106568,b_ayarza,1610239702222,b_ayarza,SN/SV,No ,No,,Si ,SN/SV,SN/SV,,
4479,Escuela La Gorda,Veraguas,San Francisco,Remance,Veraguas,40,Si,Si,Panel Solar,No,Sin Internet,7,Denia Lopez,-81.08747082,8.28341712,2782,293b524e-275b-4a80-93d3-c81db1b0c518,1597153106568,b_ayarza,1610239703898,b_ayarza,SN/SV,No ,No,,Si ,SN/SV,SN/SV,,
4480,Escuela Los Hernandez,Veraguas,San Francisco,Remance,Veraguas,40,Si,Si,Panel Solar,No,Sin Internet,7,Doralis Alain,-81.10691532,8.31813929,2783,68109814-6029-41ae-bd28-3f2cd002dc19,1597153106568,b_ayarza,1610239706115,b_ayarza,SN/SV,No ,Si,,Si ,SN/SV,SN/SV,,
4481,Escuela San Juan,Veraguas,San Francisco,San Juan,Veraguas,84,No,Si,Compañía Distribuidora,Si,Fibra Óptica,7,Manuel De Jesus Castillo,-81.01274852,8.30369484,2784,d1d90af0-49ca-4b63-b788-39ae3a7b54c0,1597153106568,b_ayarza,1610826836855,b_ayarza,Cable Onda ,No ,No,,No ,1,10 Mb ,,
4483,Escuela El Ciruelar,Veraguas,San Francisco,San José,Veraguas,23,Si,Si,Panel Solar,No,Sin Internet,9,Hilda Escobar,-81.08201639,8.34012465,2786,d91c82a3-fd83-4297-b5e2-866fd381bbe6,1597153106568,b_ayarza,1610239710838,b_ayarza,SN/SV,No ,Si,,Si ,SN/SV,SN/SV,,
4484,Escuela La Honda,Veraguas,San Francisco,San Juan,Veraguas,47,Si,Si,Compañía Distribuidora,Si,Fibra Óptica,7,Yadira Abrego,-81.02802632,8.32675036,2787,e7673f40-8658-44a6-92de-4be710cc8776,1597153106568,b_ayarza,1610826862399,b_ayarza,Cable Onda ,No ,No,,No ,1,10 Mb ,,
4486,Escuela El Cañaveral,Veraguas,San Francisco,San José,Veraguas,53,No,Si,Compañía Distribuidora,Si,Fibra Óptica,9,Asuncion Rodriguez,-81.05830412,8.33591692,2788,8ea9c66e-3674-4efe-8bef-b7d00237dadd,1597153106568,b_ayarza,1610826861134,b_ayarza,Cable Onda ,No ,No,,Si ,1,10 Mb ,,
4487,Escuela Cuay Abajo,Veraguas,San Francisco,San José,Veraguas,55,Si,Si,Panel Solar,No,Sin Internet,9,Abdiel Cabrera,-81.09080412,8.37841676,2789,11c157d4-ef9b-401e-ae22-dead0298a1cd,1597153106568,b_ayarza,1610239712979,b_ayarza,SN/SV,No ,No,,Si ,SN/SV,SN/SV,,
4488,Escuela Las Mendozas,Veraguas,San Francisco,San José,Veraguas,52,Si,Si,Panel Solar,No,Sin Internet,9,Alcides Iguala,-81.06691532,8.38008346,2790,cd7c64eb-ddba-48c5-95fb-bd3c02bc64bc,1597153106568,b_ayarza,1610239714699,b_ayarza,SN/SV,No ,No,,Si ,SN/SV,SN/SV,,
4490,Escuela El Naranjal,Veraguas,San Francisco,San Juan,Veraguas,51,No,Si,Compañía Distribuidora,No,Sin Internet,7,Maria Zeballos,-81.05552632,8.31008372,2791,62bb075b-b077-4780-aaf8-aa9f667342c7,1597153106568,b_ayarza,1610239717391,b_ayarza,SN/SV,No ,Si,51.0,Si,SN/SV,SN/SV,,
4491,C.E.B.G. Santa Fé,Veraguas,Santa Fé,Santa Fé,Veraguas,138,No,Si,Compañía Distribuidora,Si,Microondas,22,Alcibiades Casas,-81.07726841,8.51004796,2792,436d3d61-f36e-4bc8-91ba-e837bb15d13d,1597153106568,b_ayarza,1610826883455,b_ayarza,CWP,No ,No,,No ,1,10 Mb ,,
4496,I.P.T. Agroforestal Alto de Piedra,Veraguas,Santa Fé,Santa Fé,Veraguas,178,Si,Si,Compañía Distribuidora,Si,Fibra Óptica,23,Ovidia Rodriguez,-81.11439552,8.51423583,2793,26b9e87d-fa1f-41e1-a83c-3bc64669e018,1597153106568,b_ayarza,1610826886257,b_ayarza,Cable Onda ,No ,No,,No ,1,10 Mb ,,
4501,Escuela Alto Limón,Veraguas,Santa Fé,Río Luis,Veraguas,32,Si,Si,Panel Solar,No,Sin Internet,23,Elias Concepcion,-81.17987042,8.68951377,2794,d3d6bbb9-9892-43f1-ae4f-1b74ecff84a4,1597153106568,b_ayarza,1610239719110,b_ayarza,SN/SV,No ,No,,Si ,SN/SV,SN/SV,,
4502,Escuela Vueltas Largas,Veraguas,Santa Fé,Santa Fé,Veraguas,61,No,Si,Compañía Distribuidora,Si,Satelital,9,Jhony Sanchez,-81.06061147,8.44970233,2795,5a760539-b28e-4910-8822-d29b078ba164,1597153106568,b_ayarza,1610826898795,b_ayarza,Cable Onda ,No ,No,,No ,1,1.0 mB ,,
4503,Escuela Tute Abajo,Veraguas,Santa Fé,Santa Fé,Veraguas,9,Si,Si,Planta Eléctrica de Empresa,No,Sin Internet,22,Justo Abrego,-81.07163742,8.47786088,2796,a3aa865b-7bcd-448d-90cf-dff732164262,1597153106568,b_ayarza,1610239720986,b_ayarza,SN/SV,No ,No,,No ,SN/SV,SN/SV,,
4504,Escuela El Caimito,Veraguas,Santa Fé,Rubén Cantú,Veraguas,14,Si,Si,Compañía Distribuidora,No,Sin Internet,22,Edilsa Abrego,-80.93385972,8.49286073,2797,c61ab19e-611f-444d-8489-c7d1a01117de,1597153106568,b_ayarza,1610239722440,b_ayarza,SN/SV,No ,No,,Si ,SN/SV,SN/SV,,
4505,Escuela El Pedregoso,Veraguas,Santa Fé,Santa Fé,Veraguas,34,No,Si,Compañía Distribuidora,Si,Satelital,9,Nitzia Castillo,-81.01830422,8.42369439,2798,5a12146e-c6cb-4916-875f-c14d4bc8eb9b,1597153106568,b_ayarza,1610826920024,b_ayarza,CWP,No ,No,,No ,1,4 Mb ,,
4506,Escuela Rio Veraguas,Veraguas,Santa Fé,Calovebora,Veraguas,37,Si,Si,Planta Eléctrica Propia/Panel Solar,No,Sin Internet,24,Zuleika Garcia,-80.90358192,8.86952605,2799,2129d020-d8d3-4df7-800c-59f03f68bec0,1597153106568,b_ayarza,1610239724210,b_ayarza,SN/SV,No ,No,,Si ,SN/SV,SN/SV,,
4507,Escuela Soledad Concepcion,Veraguas,Santa Fé,Río Luis,Veraguas,63,Si,Si,Panel Solar,Si,Satelital,23,Fidel Concepcion,-81.21080569,8.60955593,2800,677bb4ad-7b1c-45dc-99bb-04bd648a249b,1597153106568,b_ayarza,1610826936351,b_ayarza,Cable Onda ,No ,No,,Si ,1,2.0 Mb ,,
4508,Escuela Caloveborita,Veraguas,Santa Fé,Río Luis,Veraguas,58,Si,Si,Panel Solar,No,Sin Internet,23,Marleni Fletcher,-81.18496147,8.67024214,2801,dc7169f6-ad24-4627-afab-a53c49869757,1597153106568,b_ayarza,1610239726804,b_ayarza,SN/SV,No ,No,,Si ,SN/SV,SN/SV,,
4509,Escuela Belencillo,Veraguas,Santa Fé,Calovebora,Veraguas,46,Si,Si,Planta Eléctrica de Empresa,No,Sin Internet,24,Jaquelin Flores,-81.074951,8.784365,2802,673b7c0c-9f8c-427e-bc8f-1d076dea64f0,1597153106568,b_ayarza,1610239729624,b_ayarza,SN/SV,No ,No,,Si ,SN/SV,SN/SV,,
3314,Escuela Curtí,Panama,Chepo,Tortí,Panamá Este,87,No,Si,Compañía Distribuidora,Si,Fibra Óptica,5,Alcides Frias,-78.53930531,9.00457809,2803,1349ce63-424e-4ace-b7b5-46da21cc1d46,1597153106568,b_ayarza,1610724341296,b_ayarza,Cable Onda,No ,No,,Si,1,10 Mb ,,
4302,Escuela El Raizal,Veraguas,Las Palmas,Cerro De Casa,Veraguas,32,Si,Si,Panel Solar,No,Sin Internet,25,Godofredo Santos,-81.61044565,8.09635808,2804,f50be359-07c5-4ff8-aa8c-ea7aa6bfe1c9,1597153106568,b_ayarza,1610239732139,b_ayarza,SN/SV,No ,No,,Si ,SN/SV,SN/SV,,
3316,Escuela Playa Chuzo Centro,Panama,Chepo,Tortí,Panamá Este,18,No,Si,Compañía Distribuidora,No,Sin Internet,6,Mixia Ramos,-78.38302632,8.88369259,2805,fa43f4fa-6c13-48d0-b192-7b7792d7dd6d,1597153106568,b_ayarza,1610239735797,b_ayarza,SN/SV,No ,No,,Si,SN/SV,SN/SV,,
4303,Escuela Cerro Casa,Veraguas,Las Palmas,Cerro De Casa,Veraguas,29,Si,Si,Panel Solar,No,Sin Internet,25,Sugeydi Martinez,-81.54662803,8.12645115,2806,e459bf00-750b-44dc-819e-dedcf57505bb,1597153106568,b_ayarza,1610239737594,b_ayarza,SN/SV,No ,No,,Si ,SN/SV,SN/SV,,
3317,Escuela San José de Cañazas,Panama,Chepo,Tortí,Panamá Este,97,Si,Si,Compañía Distribuidora,Si,Microondas,6,Guillermina Vegade Sanchez,-78.24334332,8.91699013,2807,69f28ad8-be71-4921-a625-27ffebd91ead,1597153106568,b_ayarza,1610724378052,b_ayarza,Digicel ,No ,No,,Si,1,4 Mb ,,
4305,Escuela Quebrada Grande,Veraguas,Las Palmas,Cerro De Casa,Veraguas,39,Si,Si,Panel Solar,No,Sin Internet,25,Nayrovi Jovane S.,-81.57219312,8.11508444,2808,5e44a54a-b309-4c17-aa03-707ec5c5a02e,1597153106568,b_ayarza,1610239739251,b_ayarza,SN/SV,No ,No,,Si ,SN/SV,SN/SV,,
3318,Escuela Virgen del Carmen,Panama,Chepo,Tortí,Panamá Este,7,No,Si,Compañía Distribuidora,Si,Satelital,5,Daniel Arcia,-78.34903892,8.94028593,2809,75b53914-a381-462c-a06a-c8aa0f74ab27,1597153106568,b_ayarza,1610724382786,b_ayarza,Cable Onda,No ,No,,Si,1,2.0 Mb ,,
4040,C.E.B.G. Josefina Tapia R.,Panama,San Miguelito,Belisario Porras,San Miguelito,1398,No,Si,Compañía Distribuidora,Si,Hibrido de Fibra Coaxial,4,Judett De Gonzalez,-79.49941522,9.04758083,2810,28539dde-fb2f-48d2-a37c-e76843e7592e,1597153106568,b_ayarza,1610733151004,b_ayarza,Cable Onda ,No ,No,,Si,1,6 Mb ,,
4306,Escuela Quebrada Conga,Veraguas,Las Palmas,Cerro De Casa,Veraguas,43,Si,Si,Panel Solar,No,Sin Internet,25,Gemmi Lopez,-81.55941532,8.10397338,2811,4863c204-0109-46d8-b32e-94c3337c2526,1597153106568,b_ayarza,1610239741707,b_ayarza,SN/SV,No ,No,,Si ,SN/SV,SN/SV,,
3459,Escuela El Límite,Panama Oeste,La Chorrera,Obaldía,Panamá Oeste ,186,No,Si,Compañía Distribuidora,Si,Satelital,8,Maira Villareal,-79.97580412,8.86147048,2812,58188b8b-5f69-440b-aa8c-b429219a93ef,1597153106568,b_ayarza,1609180330667,b_ayarza,Cable Onda ,No ,Si,186.0,No ,1,1.0 Mb ,,
3320,Escuela Rio Tigre Arriba,Panama,Chepo,El Llano,Panamá Este,11,Si,No,Dato por Verificar,No,Sin Internet,9,Rosa Batista,-78.83317265,9.02517986,2813,fd907d30-5a32-4a72-9f4d-33d79777835a,1597153106568,b_ayarza,1610239745553,b_ayarza,SN/SV,No ,No,,Si,SN/SV,SN/SV,,
3321,Escuela San Jose de Madrono,Panama,Chepo,Las Margaritas,Panamá Este,8,Si,No,Dato por Verificar,No,Sin Internet,2,Marixenia Murillo,-79.12802632,9.30313537,2814,0000d660-4b90-42d6-b849-5742ba42d144,1597153106568,b_ayarza,1610239747771,b_ayarza,SN/SV,No ,No,,Si,SN/SV,SN/SV,,
3323,Escuela Corpus Cristi,Panama,Chepo,Las Margaritas,Panamá Este,8,Si,Si,Panel Solar,No,Sin Internet,2,Maria Santamaria,-79.16080422,9.25563557,2815,55b54699-92f4-4edf-b1fb-6c2b82cfd32c,1597153106568,b_ayarza,1610239749553,b_ayarza,SN/SV,No ,No,,Si,SN/SV,SN/SV,,
3324,Escuela Cornelio Chávez,Panama,Chepo,Las Margaritas,Panamá Este,5,Si,No,Dato por Verificar,No,Sin Internet,2,Pedrina Guerra,-79.14608192,9.28924653,2816,8cb200b6-8631-4d91-b316-d42c9dc2b631,1597153106568,b_ayarza,1610239751179,b_ayarza,SN/SV,No ,No,,Si,SN/SV,SN/SV,,
3325,C.E.B.G. José Del C. Echevers,Panama,Chepo,Las Margaritas,Panamá Este,972,No,Si,Compañía Distribuidora,Si,Hibrido de Fibra Coaxial,13,Isaac Rodriguez,-79.08719302,9.18952475,2817,2e8ba622-20ef-4351-84c7-d77f74054a39,1597153106568,b_ayarza,1610724410432,b_ayarza,Cable Onda,No ,No,,Si,1,6 Mb ,,
3328,Escuela Charare,Panama,Chepo,Las Margaritas,Panamá Este,9,Si,Si,Panel Solar,No,Sin Internet,2,Danila Sanchez,-79.06302632,9.27007991,2818,c5df5777-70f1-4dbf-8689-5f51bbb50029,1597153106568,b_ayarza,1610239754305,b_ayarza,SN/SV,No ,No,,Si,SN/SV,SN/SV,,
3329,Escuela La Zahina ,Panama,Chepo,Las Margaritas,Panamá Este,10,Si,No,Dato por Verificar,No,Sin Internet,2,Petra V. Tello,-79.17608192,9.29369091,2819,1854abbb-fd69-4266-844b-600473a1b6c7,1597153106568,b_ayarza,1610239757117,b_ayarza,SN/SV,No ,No,,Si,SN/SV,SN/SV,,
3330,Escuela Martinambo,Panama,Chepo,Santa Cruz De Chinina,Panamá Este,8,Si,Si,Panel Solar,No,Sin Internet,1,Victorina Herrera,-79.04497082,9.03702537,2820,3e869146-6e88-434d-9068-63abf2ecc9a3,1597153106568,b_ayarza,1610239763314,b_ayarza,SN/SV,No ,No ,,Si,SN/SV,SN/SV,,
3331,Escuela Chinina Arriba,Panama,Chepo,Santa Cruz De Chinina,Panamá Este,44,Si,Si,Panel Solar,No,Sin Internet,9,Clemente Rangel,-79.026435,8.978922,2821,96c0c97c-3723-4a57-b8ef-dd652ff61f24,1597153106568,b_ayarza,1610239762468,b_ayarza,SN/SV,No ,No ,,Si,SN/SV,SN/SV,,
3333,Escuela Unión Herrerana,Panama,Chepo,Santa Cruz De Chinina,Panamá Este,17,Si,No,Dato por Verificar,No,Sin Internet,9,Jose Garcia,-78.84097519,8.9729526,2822,433e80f3-86fe-4fa3-884f-2547bce59da1,1597153106568,b_ayarza,1610239761874,b_ayarza,SN/SV,No ,No,,Si,SN/SV,SN/SV,,
3334,Escuela Chinina Abajo,Panama,Chepo,Santa Cruz De Chinina,Panamá Este,20,Si,Si,Planta Eléctrica de Empresa,No,Sin Internet,9,Carmen Rodriguez,-79.02691532,8.97841451,2823,0449e3dd-c27a-4cdf-956d-99d22408835c,1597153106568,b_ayarza,1610239765138,b_ayarza,SN/SV,No ,No,,Si,SN/SV,SN/SV,,
3335,Escuela El Jaguito,Panama ,Chepo,Santa Cruz De Chinina,Panamá Este,9,Si,Si,Panel Solar,No,Sin Internet,10,Roxana Gudino,-78.80747082,8.97313673,2824,c246c424-7d42-4e35-aea2-44d7cbb345ac,1597153106568,b_ayarza,1610239766753,b_ayarza,SN/SV,No ,No,,Si,SN/SV,SN/SV,,
3336,Escuela Ensenada Rica,Panama,Chepo,Santa Cruz De Chinina,Panamá Este,13,Si,No,Dato por Verificar,No,Sin Internet,10,Yadira Lafontiere,-78.93469302,8.93924787,2825,cba2cc72-56f6-49e3-ac52-626131b4e955,1597153106568,b_ayarza,1610239771177,b_ayarza,SN/SV,No ,No,,Si,SN/SV,SN/SV,,
3338,Escuela Tierra Prometida,Panama,Chepo,Chepo,Panamá Este,137,No,Si,Compañía Distribuidora,Si,Fibra Óptica,2,Juan Pinto,-79.20956932,9.15144572,2826,d751e693-6b71-440a-a588-73c47c849877,1597153106568,b_ayarza,1610724435086,b_ayarza,Cable Onda,No ,No,,Si,1,10 Mb ,,
3339,Escuela Rio Nazareno Anexa,Panama,Chepo,Santa Cruz De Chinina,Panamá Este,35,Si,Si,Panel Solar,No,Sin Internet,10,Alexis Arauz,-78.90691522,8.97091444,2827,9ae2bdbe-827a-4554-83ba-da1df984c4c3,1597153106568,b_ayarza,1610239772552,b_ayarza,SN/SV,No ,No,,Si,SN/SV,SN/SV,,
3340,Escuela San José de Chinina,Panama,Chepo,Santa Cruz De Chinina,Panamá Este,10,Si,No,Dato por Verificar,No,Sin Internet,9,Celix Vasquez,-78.95524862,9.02758091,2828,ab6fac73-5ca7-4ece-b8b1-a78cb68e29a5,1597153106568,b_ayarza,1610239775318,b_ayarza,SN/SV,No ,No,,Si,SN/SV,SN/SV,,
3341,Escuela Rio Lagarto,Panama,Chepo,Santa Cruz De Chinina,Panamá Este,18,Si,No,Dato por Verificar,No,Sin Internet,9,Lucia Tunay,-78.95719302,8.95063682,2829,320513f8-cfd2-4630-a42f-e46e8b0a21b6,1597153106568,b_ayarza,1610239778037,b_ayarza,SN/SV,No ,No,,Si,SN/SV,SN/SV,,
4168,Escuela El Picador,Veraguas,Cañazas,El Picador,Veraguas,34,Si,Si,Panel Solar,No,Sin Internet,21,Jackelin Rodriguez,-81.25524862,8.38008346,2830,f91630d3-c1c5-4039-80bf-bafbbe2d05ef,1597153106568,b_ayarza,1610239780710,b_ayarza,SN/SV,No ,No,,Si ,SN/SV,SN/SV,,
3342,Escuela Marchena,Panama,Chepo,Santa Cruz De Chinina,Panamá Este,2,Si,Si,Planta Eléctrica de Empresa,No,Sin Internet,9,Maria Aizrpua,-78.98358192,8.98619218,2831,a332ea59-363e-44f9-8bb1-603e08e9dc36,1597153106568,b_ayarza,1610239785085,b_ayarza,SN/SV,No ,No,,Si,SN/SV,SN/SV,,
3343,Escuela Rio Nazareno,Panama,Chepo,Santa Cruz De Chinina,Panamá Este,6,Si,Si,Panel Solar,No,Sin Internet,10,Karen Sanchez,-78.90691522,8.97063664,2832,9f04d947-b9bc-4a38-a7b4-a22baeb52628,1597153106568,b_ayarza,1610239787213,b_ayarza,SN/SV,No ,No,,Si,SN/SV,SN/SV,,
3344,Escuela Cerro Plano A. Colonia Santeña,Panama,Chepo,Tortí,Panamá Este,11,Si,Si,Planta Eléctrica de Empresa,No,Sin Internet,7,Lineth Gonzalez,-79.1029465,9.1728983,2833,e5a931f9-210e-4127-aec3-7e94a9f1340a,1597153106568,b_ayarza,1610239788995,b_ayarza,SN/SV,No ,No,,Si,SN/SV,SN/SV,,
3345,Escuela Peñas Blancas A. Charco Rico,Panama,Chepo,Tortí,Panamá Este,8,Si,No,Dato por Verificar,No,Sin Internet,7,Reina Pinzon,-79.1029465,9.1728983,2834,076ff92e-ef0f-4977-81be-be67b620b541,1597153106568,b_ayarza,1610239793316,b_ayarza,SN/SV,No ,No,,Si,SN/SV,SN/SV,,
3346,Escuela Piria,Panama,Chepo,Comarca Kuna De Madungandí,Panamá Este,214,Si,No,Dato por Verificar,No,Sin Internet,8,Emerson Rodriguez,-78.32501176,9.11990922,2835,033d5991-90e3-4a48-9249-61dc4765e8d8,1597153106568,b_ayarza,1610239795062,b_ayarza,SN/SV,No ,No,,Si,SN/SV,SN/SV,,
3347,C.E.B.G. 10 de Noviembre,Panama,Chimán,Unión Santeña,Panamá Este,84,Si,Si,Planta Eléctrica de Empresa,No,Sin Internet,11,Aracelis Campos,-78.64941522,8.8323039,2836,77b8e9b9-caaf-4799-8752-096c3d48de31,1597153106568,b_ayarza,1610239796762,b_ayarza,SN/SV,No ,No,,Si,SN/SV,SN/SV,,
3348,Escuela La Mina,Panama,Chimán,Pasiga,Panamá Este,12,Si,Si,Panel Solar,No,Sin Internet,10,Agustin Ramos,-78.90858192,8.93674798,2837,8b406473-cc57-4b95-9937-77b8a4c43199,1597153106568,b_ayarza,1610239799654,b_ayarza,SN/SV,No ,No,,Si,SN/SV,SN/SV,,
3354,Escuela El Hato,Panama,Chimán,Unión Santeña,Panamá Este,29,Si,No,Dato por Verificar,No,Sin Internet,10,Nereida Gutierrez,-78.73049022,8.80542063,2838,6f044c82-affd-4c66-9ee4-65c7396b429b,1597153106568,b_ayarza,1610239805397,b_ayarza,SN/SV,No ,No,,Si,SN/SV,SN/SV,,
3355,Escuela Rio Hondo,Panama,Chimán,Unión Santeña,Panamá Este,78,Si,Si,Panel Solar,No,Sin Internet,10,Yeindys Aji,-78.7392104,8.85359443,2839,f292a818-d3f2-42d9-b83e-f5704487a375,1597153106568,b_ayarza,1610239801975,b_ayarza,SN/SV,No ,No,,Si,SN/SV,SN/SV,,
3356,Escuela Oquendo,Panama,Chimán,Pasiga,Panamá Este,7,Si,Si,Panel Solar,No,Sin Internet,10,Mirna Espinosa,-78.87830412,8.91424807,2840,93c01b66-83a6-4db0-a5f3-d1411b895539,1597153106568,b_ayarza,1610239807131,b_ayarza,SN/SV,No ,No,,Si,SN/SV,SN/SV,,
3357,Escuela Pasiga,Panama,Chimán,Pasiga,Panamá Este,5,Si,Si,Panel Solar,No,Sin Internet,10,Leonardo Gonzalez,-78.8409,8.94848,2841,6239c69f-e4d9-491c-b8cc-b209f3af500b,1597153106568,b_ayarza,1610239808850,b_ayarza,SN/SV,No ,No,,Si,SN/SV,SN/SV,,
3358,Escuela Maje,Panama,Chimán,Chimán,Panamá Este,49,Si,Si,Panel Solar,Si,Satelital,11,Lujan Membache,-78.55605581,8.73127323,2842,fd24f0fe-cabc-4e33-9211-5c1cd06c4e0b,1597153106568,b_ayarza,1610724457453,b_ayarza,Cable Onda,No ,No,,Si,1,2.0 Mb ,,
3359,Escuela Rio Platanares,Panama,Chimán,Unión Santeña,Panamá Este,39,Si,No,Dato por Verificar,No,Sin Internet,10,Dora Rodriguez,-78.77279377,8.87241992,2843,6f902c4b-0718-4551-a854-1f5c9254b5b0,1597153106568,b_ayarza,1610239812076,b_ayarza,SN/SV,No ,No,,Si,SN/SV,SN/SV,,
4307,Escuela Cañazal ,Comarca Ngabe-Bugle,Ñürüm,Cerro Pelado,Comarca Ngäbe-Buglé,61,Si,Si,Panel Solar,No,Sin Internet,Dato por verificar,Dato por Verificar,-81.57885972,8.17175093,2844,ccaf0a37-7341-44f3-bbc3-82c27d369f70,1597153106568,b_ayarza,1610239814029,b_ayarza,SN/SV,No ,No,,Si ,SN/SV,SN/SV,,
4169,Escuela La Lima,Veraguas,Cañazas,Cañazas,Veraguas,12,No,Si,Compañía Distribuidora,No,Sin Internet,18,Lilia Mojica,-81.24802642,8.29563937,2845,27d635ac-7643-47ad-8f21-155371db9c4f,1597153106568,b_ayarza,1610239821782,b_ayarza,SN/SV,No ,No,,Si ,SN/SV,SN/SV,,
4308,Escuela Amelia A. de Machuca,Veraguas,Las Palmas,Corozal,Veraguas,47,No,Si,Compañía Distribuidora,Si,Satelital,25,Martina Morales Bordones,-81.43882726,8.07333526,2846,62a599b0-645e-48d9-9db1-ce20c76e3a97,1597153106568,b_ayarza,1610737045727,b_ayarza,Cable Onda ,No ,No,,Si ,1,2.0 Mb ,,
3461,Escuela Caimitillo Abajo,Panama Oeste,La Chorrera,Santa Rita,Panamá Oeste ,14,No,Si,Compañía Distribuidora,Si,Satelital,4,Idamariz Rodriguez,-79.93024852,8.88980367,2847,6954b10f-85bb-43b3-9684-b3a1cec87e80,1597153106568,b_ayarza,1610727350342,b_ayarza,Cable Onda ,No ,No,,Si,1,1.0 Mb ,,
4170,Escuela José de la C. Mérida,Veraguas,Cañazas,Cañazas,Veraguas,632,No,Si,Compañía Distribuidora,Si,ADSL,18,Maritza Li,-81.21524862,8.31258371,2848,4538e7f3-865c-4f8e-ae93-bcbb317f119a,1597153106568,b_ayarza,1610736370033,b_ayarza,CWP,No ,No,,Si ,1,4 Mb ,,
4041,Escuela República de Yugoslavia,Panama,San Miguelito,Belisario Porras,San Miguelito,401,No,Si,Compañía Distribuidora,Si,Fibra Óptica,2,Diana M. Cabezas,-79.50178103,9.0518795,2849,04c435dd-da7e-4d4a-826d-d05dce88c944,1597153106568,b_ayarza,1610733157373,b_ayarza,CWP ,No ,No,,Si,1,10 Mb ,,
3462,Escuela Las Lajas,Panama Oeste,La Chorrera,Obaldía,Panamá Oeste ,12,Si,Si,Compañía Distribuidora,Si,Fibra Óptica,4,Flor Maria Castillo,-79.93302642,8.91008139,2850,86875815-1aaf-4c06-9525-af0917ea2e02,1597153106568,b_ayarza,1610727405725,b_ayarza,Cable Onda ,No ,No,,No ,1,10 Mb ,,
3463,Escuela El Huesital,Panama Oeste,La Chorrera,Obaldía,Panamá Oeste ,27,No,Si,Compañía Distribuidora,Si,Fibra Óptica,4,Marta Pitti,-79.96084341,8.89939663,2851,9e52c60f-594c-4f30-90e2-940d44b1dad7,1597153106568,b_ayarza,1610727407989,b_ayarza,Cable Onda ,No ,No,,No ,1,10 Mb ,,
3464,Escuela  LLano Largo,Panama Oeste,La Chorrera,Playa Leona,Panamá Oeste ,567,No,Si,Compañía Distribuidora,Si,Fibra Óptica,2,Carolina Martinez ,-79.80163752,8.84008167,2852,68b185f9-ec09-4426-bcde-d810a5f5e91a,1597153106568,b_ayarza,1610727409003,b_ayarza,Cable Onda ,No ,No,,Si,1,10 Mb ,,
3466,Escuela Playa Leona,Panama Oeste,La Chorrera,Playa Leona,Panamá Oeste ,125,No,Si,Compañía Distribuidora,Si,Fibra Óptica,8,Sandra Sanchez,-79.7721875,8.78689804,2853,8aea91a5-c684-4919-a0ad-109c485b9de3,1597153106568,b_ayarza,1610727410988,b_ayarza,Cable Onda ,No ,No,,Si,1,10 Mb ,,
3468,Escuela Peña Blanca,Panama Oeste,La Chorrera,Playa Leona,Panamá Oeste ,60,No,Si,Compañía Distribuidora,Si,Fibra Óptica,3,Enilda Perez De Leon,-79.78894381,8.8245097,2854,87260bc9-3af0-4604-8249-049bb69ccf22,1597153106568,b_ayarza,1610727414782,b_ayarza,Cable Onda ,No ,No,,Si,1,10 Mb ,,
3469,Escuela El Progreso,Panama Oeste,La Chorrera,Puerto Caimito,Panamá Oeste ,1546,No,Si,Compañía Distribuidora,Si,Fibra Óptica,3,Vilma Virginia Herrera,-79.75154844,8.86358688,2855,a4821121-1b4a-41f6-9aa4-92668328f34a,1597153106568,b_ayarza,1610727417257,b_ayarza,Cable Onda ,No ,No,,Si,2,10 Mb ,,
3470,C.E.B.G. Victoriano Chacón,Panama Oeste,La Chorrera,Puerto Caimito,Panamá Oeste ,1010,No,Si,Compañía Distribuidora,Si,ADSL,3,Liza Mirin Diaz,-79.71423937,8.87143394,2856,0a122dfc-ee6c-4c27-a2b7-b09908f3223a,1597153106568,b_ayarza,1610727522440,b_ayarza,CWP,No ,No,,Si,1,6 Mb ,,
3474,Escuela Bajo Grande,Panama Oeste,La Chorrera,Santa Rita,Panamá Oeste ,25,No,Si,Compañía Distribuidora,Si,Fibra Óptica,Dato por verificar,Dato por Verificar,-79.89552632,8.88008151,2857,68f44477-0578-4601-bf5f-73c8a4f876d9,1597153106568,b_ayarza,1610727515008,b_ayarza,Cable Onda ,No ,No,,Si,1,6 Mb ,,
3480,Escuela Presidente Valdes,Panama,Panamá,Las Garzas De Pacora,Panamá Centro,1127,No,Si,Compañía Distribuidora,Si,Hibrido de Fibra Coaxial,11,Lisnelly A. Caballero,-79.53830412,8.95063682,2858,be9ba047-445f-4547-b36f-542dcff3c3f5,1597153106568,b_ayarza,1610727544374,b_ayarza,Cable Onda ,No ,No,,Si,1,6 Mb ,,
3483,Escuela Simón Bolívar,Panama,Panamá,San Felipe,Panamá Centro,333,No,Si,Compañía Distribuidora,Si,Hibrido de Fibra Coaxial,1,Agustina Anayansi Arnaez,-79.53385972,8.95369231,2859,6afaf0bd-1b44-4d8a-9905-69636ec61132,1597153106568,b_ayarza,1610727548986,b_ayarza,Cable Onda ,No ,No,,No ,1,6 Mb ,,
3487,Escuela Hogar de La Infancia,Panama,San Felipe,San Felipe,Panamá Centro,236,No,Si,Compañía Distribuidora,Si,Fibra Óptica,1,Elena Garcia Gomez,-79.537095,8.956897,2861,b91af235-54a7-4d7b-91f8-85f23a2ddacd,1597153106568,b_ayarza,1610727611022,b_ayarza,Cable Onda ,No ,No,,No ,1,10 Mb ,,
3491,Colegio La Santa Familia,Panama,Panamá,Bethania,Panamá Centro,363,No,Si,Compañía Distribuidora,Si,Hibrido de Fibra Coaxial,4,Maribel Urriola,-79.52509543,9.00988286,2862,89fd137c-dcfa-413d-b4a9-982c5ce876dd,1597153106568,b_ayarza,1610727617276,b_ayarza,Cable Onda ,No ,No,,No ,2,6 Mb ,,
3492,Instituto Bolivar ,Panama,Panamá,Ancón,Panamá Centro,230,No,Si,Compañía Distribuidora,Si,Hibrido de Fibra Coaxial,2,Esteban Almanza,-79.55462786,8.95085284,2863,37c7f895-61d5-4e20-a41d-ca48b485ea4c,1597153106568,b_ayarza,1610727625434,b_ayarza,Cable Onda ,No ,No,,Si,1,6 Mb ,,
3497,Escuela Estados Unidos de America,Panama,Panamá,San Felipe,Panamá Centro,472,No,Si,Compañía Distribuidora,Si,Hibrido de Fibra Coaxial,1,Esther De Campbell,-79.53824471,8.95110737,2864,32d8acef-1fe0-4a39-acbc-3b628cb7e8d1,1597153106568,b_ayarza,1610727627159,b_ayarza,Cable Onda ,No ,No,,No ,1,6 Mb ,,
3498,C.E.B.G. República de México,Panama,Panamá,San Felipe,Panamá Centro,392,No,Si,Compañía Distribuidora,Si,Hibrido de Fibra Coaxial,1,Maria Elena Rodriguez,-79.53584286,8.9535585,2865,7b7da3a5-8507-4605-9852-e0084eeaa1e2,1597153106568,b_ayarza,1610727627643,b_ayarza,Cable Onda ,No ,No,,No ,1,6 Mb ,,
3514,Escuela Manuel J. Hurtado,Panama,Panamá,El Chorrillo,Panamá Centro,495,No,Si,Compañía Distribuidora,Si,Hibrido de Fibra Coaxial,1,Jessenia Velasquez,-79.53941522,8.95258122,2866,c65fb07d-e43a-4421-b688-13baf4876df9,1597153106568,b_ayarza,1610727628580,b_ayarza,Cable Onda ,No ,No,,No ,1,6 Mb ,,
3515,Escuela República de El Salvador,Panama,Panamá,Las Mañanitas,Panamá Centro,736,No,Si,Compañía Distribuidora,Si,Hibrido de Fibra Coaxial,9,Celsa Rios De Garibaldi,-79.40759467,9.10193681,2867,58f56856-41be-4411-94e2-d69d9e6ff4ab,1597153106568,b_ayarza,1610727629330,b_ayarza,Cable Onda ,No ,No,,Si,1,6 Mb ,,
3516,Escuela Doctor Justo Arosemena,Panama,Panamá,Santa Ana,Panamá Centro,686,No,Si,Compañía Distribuidora,Si,Hibrido de Fibra Coaxial,1,Vielka Vernaza Aponte,-79.54247082,8.95508121,2868,16620cbf-542f-4691-8891-2d19106f134c,1597153106568,b_ayarza,1610727632676,b_ayarza,Cable Onda ,No ,No,,No ,1,6 Mb ,,
3521,Instituto Nacional,Panama,Panamá,Santa Ana,Panamá Centro,2259,No,Si,Compañía Distribuidora,Si,Hibrido de Fibra Coaxial/Fibra Óptica,4,Rosada Casanova,-79.54334633,8.95774652,2870,07464d25-9e0c-4177-9868-f90832964f16,1597153106568,b_ayarza,1610727708865,b_ayarza,Cable Onda ,No ,No,,No ,4,10 Mb ,,
3524,Escuela República Federativa del Brasil,Panama,Panamá,Calidonia,Panamá Centro,355,No,Si,Compañía Distribuidora,Si,Hibrido de Fibra Coaxial,2,Dalys Paz,-79.53997082,8.96869225,2871,fdf599c2-4059-48f0-b8fe-a41ed0b6618e,1597153106568,b_ayarza,1610727713706,b_ayarza,Cable Onda ,No ,No,,No ,1,6 Mb ,,
3611,Instituto Comercial Bolivar,Panama,Panamá,Calidonia,Panamá Centro,1018,No,Si,Compañía Distribuidora,Si,Hibrido de Fibra Coaxial,3,Monick Hurtado,-79.53719302,8.96369227,2872,716fd827-2ea2-48ea-a362-0de3220c47c7,1597153106568,b_ayarza,1610727715386,b_ayarza,Cable Onda ,No ,No,,No ,2,6 Mb ,,
3636,C.E.B.G. República de Venezuela,Panama,Panamá,Calidonia,Panamá Centro,673,No,Si,Compañía Distribuidora,Si,Hibrido de Fibra Coaxial,1,Iris Amaya,-79.53766178,8.96393982,2873,84c2f2f9-bfc6-4a18-b7b9-d4c2e286f6ef,1597153106568,b_ayarza,1610727716518,b_ayarza,Cable Onda ,No ,No,,No ,1,6 Mb ,,
3638,Escuela Pedro José Sosa,Panama,Panamá,Calidonia,Panamá Centro,811,No,Si,Compañía Distribuidora,Si,Hibrido de Fibra Coaxial,2,Alba Barroso,-79.53881698,8.96989951,2874,f911987e-9208-48b4-98fd-56016cd435ff,1597153106568,b_ayarza,1610727717347,b_ayarza,Cable Onda ,No ,No,,No ,1,6 Mb ,,
3639,Escuela República de Chile,Panama,Panamá,Calidonia,Panamá Centro,897,No,Si,Compañía Distribuidora,Si,Hibrido de Fibra Coaxial,1,Mireya De Fanovich,-79.53690502,8.96904981,2875,d11c5b83-8018-46d8-ad12-9218fcc1ac1f,1597153106568,b_ayarza,1610727718331,b_ayarza,Cable Onda ,No ,No,,No ,1,6 Mb ,,
3640,Escuela Fe y Alegría,Panama,Panamá,Curundú,Panamá Centro,974,No,Si,Compañía Distribuidora,Si,Hibrido de Fibra Coaxial,2,Maria Quiroz De Panay,-79.54347542,8.97115149,2876,3b16f929-b393-4184-b373-43f6a9d78a71,1597153106568,b_ayarza,1610727720360,b_ayarza,Cable Onda ,No ,No,,Si,1,6 Mb ,,
3642,Escuela de Artes y Oficios Melchor Lasso de la Vega,Panama,Panamá,Curundú,Panamá Centro,1859,No,Si,Compañía Distribuidora,Si,Hibrido de Fibra Coaxial/Fibra Óptica,13,Juvenal E. Abrego,-79.53642037,8.9875816,2878,09536aaf-9f70-4c50-a09c-f0c1d9428a20,1597153106568,b_ayarza,1610727916665,b_ayarza,Cable Onda ,No ,No,,Si,3,2-6 Mb / 10 Mb,,
3645,Escuela República de Jamaica,Panama,Panamá,Curundú,Panamá Centro,240,No,Si,Compañía Distribuidora,Si,Microondas,1,Xenia Arosemena,-79.53704227,8.98452249,2879,7502d439-046e-4051-8a68-11186b04a047,1597153106568,b_ayarza,1610727921012,b_ayarza,Cable Onda ,No ,No,,Si,1,10 Mb ,,
3649,Escuela República de Japón,Panama,Panamá,Bethania,Panamá Centro,440,No,Si,Compañía Distribuidora,Si,Hibrido de Fibra Coaxial,1,Amelia Nieto,-79.53747082,8.99369215,2880,63bd2015-dbd5-4371-b52e-6115cda7c3ee,1597153106568,b_ayarza,1610727928116,b_ayarza,Cable Onda ,No ,No,,No ,1,6 Mb ,,
3657,Instituto Fermin Naudeau,Panama,Panamá,Bethania,Panamá Centro,2427,No,Si,Compañía Distribuidora,Si,Hibrido de Fibra Coaxial,4,Eric Prescilla,-79.53691618,8.9951573,2881,a84417c5-7ba7-4853-ad47-7bc8fdfb8758,1597153106568,b_ayarza,1610727938315,b_ayarza,Cable Onda ,No ,No,,No ,7,3- 6 Mb/ 4- 10 Mb,,
3669,I.P.T. de Comercio,Panama,Panamá,Bethania,Panamá Centro,600,No,Si,Compañía Distribuidora,Si,Hibrido de Fibra Coaxial,3,Zelma B. De Espinoza,-79.51947,9.009815,2883,29a4b154-9e25-4daa-be7b-2e7d5a3cd0e4,1597153106568,b_ayarza,1610729269060,b_ayarza,Cable Onda ,No ,No,,No ,3,6 Mb ,,
3671,C.E.B.G. Octavio Mendez Pereira,Panama,Panamá,Bethania,Panamá Centro,499,No,Si,Compañía Distribuidora,Si,Hibrido de Fibra Coaxial,4,Gustavo Adolfo Macia,-79.53075236,9.01827138,2884,72418f35-1c3c-4976-88ec-7a260b8e084a,1597153106568,b_ayarza,1610729287248,b_ayarza,Cable Onda ,No ,No,,No ,1,6 Mb ,,
3672,Instituto América,Panama,Panamá,Bethania,Panamá Centro,2759,No,Si,Compañía Distribuidora,Si,Hibrido de Fibra Coaxial/Fibra Óptica,4,Luis A. Peralta L.,-79.52888163,9.02055823,2885,e9c8db48-4ee8-44ea-af61-e1d23037ae45,1597153106568,b_ayarza,1610729649565,b_ayarza,Cable Onda ,No ,No,,No ,5,3-6 Mb / 1-10Mb/ 1- 50 Mb,,
3676,Escuela José A. Arango,Panama,Panamá,Bethania,Panamá Centro,497,No,Si,Compañía Distribuidora,Si,Hibrido de Fibra Coaxial,1,Clarivel Cedeño,-79.52817589,9.00582176,2886,5d8d2532-85cc-4d0e-ba7f-ed7735d949d2,1597153106568,b_ayarza,1610729661457,b_ayarza,Cable Onda ,No ,No,,No ,1,6 Mb ,,
3678,Escuela Manuel E. Amador,Panama,Panamá,Bethania,Panamá Centro,442,No,Si,Compañía Distribuidora,Si,Hibrido de Fibra Coaxial,1,Mercedes Renteria,-79.519168,9.010479,2888,51a3640f-1068-441c-ae90-baa4504dcc39,1597153106568,b_ayarza,1610729681819,b_ayarza,Cable Onda ,No ,No,,No ,1,6 Mb ,,
4309,Escuela Seguidules,Veraguas,Las Palmas,Corozal,Veraguas,41,Si,Si,Panel Solar,No,Sin Internet,25,Adan Guerra C.,-81.40691522,8.07397349,2890,897bf82a-e461-4f56-9270-1a91872de9c3,1597153106568,b_ayarza,1610239838379,b_ayarza,SN/SV,No ,Si,,Si ,SN/SV,SN/SV,,
4042,Escuela Carlos A. Mendoza,Panama,San Miguelito,Belisario Porras,San Miguelito,1203,No,Si,Compañía Distribuidora,Si,Hibrido de Fibra Coaxial/Fibra Óptica,1,Miriam Espinosa De Delgado,-79.49913742,9.04646973,2891,9d571563-cf65-425d-8e05-07e7d658f74e,1597153106568,b_ayarza,1610733167654,b_ayarza,Cable Onda ,No ,No,,Si,2,6 Mb / 10 Mb,,
4310,Escuela La Arena,Veraguas,Las Palmas,El María,Veraguas,18,No,Si,Compañía Distribuidora,Si,Satelital,26,Bella Moreno,-81.43538967,8.01114774,2892,114c79ed-e85e-47bd-ba55-5655b62a3bbf,1597153106568,b_ayarza,1610737056031,b_ayarza,Cable Onda ,No ,No,,Si ,1,2.0 Mb ,,
4043,Escuela  Santa Librada,Panama,San Miguelito,Omar Torrijos,San Miguelito,1533,No,Si,Compañía Distribuidora,Si,Hibrido de Fibra Coaxial,8,Luis Antonio Vasquez Serrano,-79.50302642,9.07230293,2893,76418732-48fb-459c-b3e9-b1313b47e446,1597153106568,b_ayarza,1610733752824,b_ayarza,Cable Onda ,No ,No,,Si,1,6 Mb ,,
4044,Escuela Domingo Faustino Sarmiento,Panama,San Miguelito,Omar Torrijos,San Miguelito,890,No,Si,Compañía Distribuidora,Si,Fibra Óptica,8,Alvin O. Diaz B.,-79.50866831,9.06456306,2894,38c87fdd-647a-4dd1-b014-bdca71b5e20d,1597153106568,b_ayarza,1610733785139,b_ayarza,Cable Onda ,No ,No,,Si,1,10 Mb ,,
4312,Escuela El Macho,Veraguas,Las Palmas,El María,Veraguas,11,No,Si,Panel Solar,No,Sin Internet,26,Mario Barria,-81.45830412,7.9903627,2895,d01898d6-372c-449e-a76c-e9f5d69260ba,1597153106568,b_ayarza,1610239838919,b_ayarza,SN/SV,No ,Si,,Si ,SN/SV,SN/SV,,
4045,Escuela República de Francia,Panama,San Miguelito,Belisario Porras,San Miguelito,1016,No,Si,Compañía Distribuidora,Si,Fibra Óptica,1,Ildaura Illueca,-79.49469302,9.06313627,2896,2e8e9b37-8a13-4c13-aed1-fd385861c5ae,1597153106568,b_ayarza,1610733819661,b_ayarza,CWP,No ,No,,Si,2,10 Mb ,,
4313,Escuela Maria B. de Rodriguez,Veraguas,Las Palmas,El María,Veraguas,5,No,Si,Compañía Distribuidora,Si,Fibra Óptica,26,Ramon Juarez,-81.44445591,8.02931318,2897,ba0b2fa0-992a-4e19-873b-95b92cc80909,1597153106568,b_ayarza,1610737083653,b_ayarza,Cable Onda ,No ,No,,Si ,1,10 Mb ,,
4046,Escuela Torrijos Carter,Panama,San Miguelito,Belisario Frías ,San Miguelito,1841,No,Si,Compañía Distribuidora,Si,Hibrido de Fibra Coaxial,9,Dora Santa Maria,-79.49307617,9.07007687,2898,45b5d2ff-a972-44c3-979c-b48e41562a38,1597153106568,b_ayarza,1610733824377,b_ayarza,Cable Onda ,No ,No,,Si,1,6 Mb ,,
4171,Escuela Guabal Poniente,Veraguas,Cañazas,Las Cruces,Veraguas,51,Si,Si,Panel Solar,No,Sin Internet,20,Gabriela Camargo,-81.31830248,8.3145825,2899,cee771f5-4d41-4340-bd8c-6f22ead21d19,1597153106568,b_ayarza,1610239844050,b_ayarza,SN/SV,No ,No,,Si ,SN/SV,SN/SV,,
4047,Escuela María del Rosario Salazar,Panama,San Miguelito,Omar Torrijos,San Miguelito,205,No,Si,Compañía Distribuidora,Si,Hibrido de Fibra Coaxial,8,Cynthia Del Rosario,-79.50608106,9.06209263,2900,da608731-28c8-4343-9805-dcf939d554ee,1597153106568,b_ayarza,1610733826986,b_ayarza,Cable Onda ,No ,No,,Si,1,6 Mb ,,
4048,Escuela Padre Xavier Villanueva,Panama,San Miguelito,Rufina Alfaro,San Miguelito,523,No,Si,Compañía Distribuidora,Si,Hibrido de Fibra Coaxial,5,Alexenia C. De Fajardo,-79.48358192,9.07480292,2901,aee86331-fb23-49ae-99e2-2e59f17e0e78,1597153106568,b_ayarza,1610733830969,b_ayarza,Cable Onda ,No ,No,,No ,1,6 Mb ,,
4049,Escuela República  de Polonia,Panama,San Miguelito,Belisario Frías ,San Miguelito,527,No,Si,Compañía Distribuidora,Si,Hibrido de Fibra Coaxial,9,Celso Guerrero S.,-79.483112,9.073488,2902,bc89f69e-e41f-4fdb-8c1d-0928d29fd827,1597153106568,b_ayarza,1610733832316,b_ayarza,Cable Onda ,No ,No,,Si,1,6 Mb ,,
4050,Escuela Martin Luther King,Panama,San Miguelito,Arnulfo Arias,San Miguelito,1033,No,Si,Compañía Distribuidora,Si,Fibra Óptica,7,Cipriano Cedeño,-79.48969302,9.05980298,2903,65fb2c51-1148-430e-b2c1-70bcfb9cf5e2,1597153106568,b_ayarza,1610733838965,b_ayarza,Cable Onda ,No ,No,,Si,1,10 Mb ,,
4052,I.P.T. Angel Rubio,Panama,San Miguelito,José Domingo Espinar,San Miguelito,1593,No,Si,Compañía Distribuidora,Si,Hibrido de Fibra Coaxial,4,Felix Alvarado,-79.46335055,9.05253592,2904,c3142e83-4687-4e83-a5b5-8ef5e26cd1e8,1597153106568,b_ayarza,1610733846844,b_ayarza,Cable Onda ,No ,No,,Si,2,6 Mb ,,
4061,Escuela Cerro Viento Rural,Panama,San Miguelito,Rufina Alfaro,San Miguelito,174,No,Si,Compañía Distribuidora,Si,Hibrido de Fibra Coaxial,5,Matilde G. De Garrido,-79.45537131,9.05554203,2905,2f161744-7f45-4eb6-a0df-b647f453f7b8,1597153106568,b_ayarza,1610734166076,b_ayarza,Cable Onda ,No ,No,,No ,1,6 Mb ,,
4062,Escuela Gabriel Lewis Galindo,Panama,San Miguelito,Rufina Alfaro,San Miguelito,461,No,Si,Compañía Distribuidora,Si,Hibrido de Fibra Coaxial/Fibra Óptica,5,Deisy E. Velasquez,-79.471018,9.064379,2906,e297bc2f-c3cb-4bc1-90ac-1df6cb77648a,1597153106568,b_ayarza,1610734162724,b_ayarza,Cable Onda ,No ,No,,No ,2,6 Mb/ 10 Mb,,
4063,Escuela Pedro J. Ameglio,Panama,San Miguelito,Rufina Alfaro,San Miguelito,764,No,Si,Compañía Distribuidora,Si,Hibrido de Fibra Coaxial,5,Melva M. De Prado,-79.44587264,9.05976362,2907,312ce603-5be2-44b5-a57b-50b2560bf166,1597153106568,b_ayarza,1610734132757,b_ayarza,Cable Onda ,No ,No,,No ,1,6 Mb ,,
4064,Escuela Estado de Israel,Panama,San Miguelito,José Domingo Espinar,San Miguelito,1369,No,Si,Compañía Distribuidora,Si,Hibrido de Fibra Coaxial,2,Velcis Rivera,-79.49219302,9.03924756,2908,4c07480e-de02-45cc-a696-4da799b3d1b1,1597153106568,b_ayarza,1610734138562,b_ayarza,Cable Onda ,No ,No,,No ,1,6 Mb ,,
4065,Escuela José Domingo Espinar,Panama,San Miguelito,José Domingo Espinar,San Miguelito,798,No,Si,Compañía Distribuidora,Si,Hibrido de Fibra Coaxial,2,Vilma Estela Bernal,-79.47330412,9.04591414,2909,c7550306-7124-46c6-a25c-62cdc2b95b8c,1597153106568,b_ayarza,1610734143907,b_ayarza,Cable Onda ,No ,No,,No ,2,6 Mb ,,
4066,Escuela República de Colombia,Panama,San Miguelito,Mateo Iturralde,San Miguelito,905,No,Si,Compañía Distribuidora,Si,Hibrido de Fibra Coaxial,5,Hernan Ballesteros,-79.49747082,9.03535868,2910,35c05125-2b43-4e78-ac71-2012b6054398,1597153106568,b_ayarza,1610734156267,b_ayarza,Cable Onda ,No ,No,,Si,1,6 Mb ,,
4070,Instituto Doctor Alfredo Cantón,Panama,San Miguelito,Mateo Iturralde,San Miguelito,1371,No,Si,Compañía Distribuidora,Si,Hibrido de Fibra Coaxial/Fibra Óptica,6,Rodolfo Garcia Vega,-79.49496863,9.03424923,2911,a367ff61-28f1-424e-b134-48f3559e5fcf,1597153106568,b_ayarza,1610734187679,b_ayarza,Cable Onda ,No ,No,,Si,3,2-6 Mb / 10 Mb,,
4074,Instituto Rubiano,Panama,San Miguelito,Victoriano Lorenzo,San Miguelito,4064,No,Si,Compañía Distribuidora,Si,Hibrido de Fibra Coaxial,6,Elizabeth Gil,-79.50394593,9.03576248,2912,76b5f8ac-2873-43e2-96d2-2a6f477df2a8,1597153106568,b_ayarza,1610734191165,b_ayarza,Cable Onda ,No ,No,,Si,2,6 Mb ,,
4076,C.E.B.G. República de Alemania,Panama,San Miguelito,Victoriano Lorenzo,San Miguelito,870,No,Si,Compañía Distribuidora,Si,Hibrido de Fibra Coaxial,6,Natalicio Solis,-79.5031933,9.0268828,2914,b0488452-2be7-427d-910e-26540cf48e38,1597153106568,b_ayarza,1610734433651,b_ayarza,Cable Onda ,No ,No,,Si,1,6 Mb ,,
4080,Escuela Doctor Arnulfo A. Madrid,Panama,San Miguelito,Arnulfo Arias,San Miguelito,747,No,Si,Compañía Distribuidora,Si,Fibra Óptica,7,Irasema L. Rodriguez,-79.483658,9.063576,2915,453c4fbc-3514-41aa-af0c-9c5bea01ee04,1597153106568,b_ayarza,1610734439239,b_ayarza,CWP ,No ,No,,Si,2,10 Mb ,,
4081,Escuela Kuna Nega,Panama,Panamá,Ancón,Panamá Centro,1121,No,Si,Compañía Distribuidora,Si,Fibra Óptica,1,Catalino Lopez,-79.55891507,9.05984049,2916,11ce101d-7921-4364-9cfe-2b57f41882d9,1597153106568,b_ayarza,1610734440399,b_ayarza,Cable Onda ,No ,No,,Si,1,10 Mb ,,
4082,Escuela Benjamín Quintero,Panama,Taboga,Taboga,Panamá Este,88,Si,Si,Compañía Distribuidora,Si,Microondas,12,Ambar Rios,-79.55554948,8.79696838,2917,ed0896fa-e3e3-4dae-a28d-a3010e12c330,1597153106568,b_ayarza,1610734441528,b_ayarza,Cable Onda ,No ,No,,No ,1,10 Mb ,,
4085,Escuela Juana de Jiménez,Panama,Taboga,Otoque Oriente,Panamá Este,41,Si,Si,Compañía Distribuidora,Si,Satelital,12,Nora Nieto,-79.59385972,8.60174931,2918,8ea93272-0060-40f8-a21e-cbb5e23e9d39,1597153106568,b_ayarza,1610734449263,b_ayarza,Cable Onda ,No ,No,,Si ,1,2.0 Mb ,,
4086,C.E.B.G. Atalaya,Veraguas,Atalaya,Atalaya,Veraguas,706,No,Si,Compañía Distribuidora,Si,Hibrido de Fibra Coaxial,5,Rodrigo Andrade,-80.92868836,8.04647567,2919,bab14c99-58ff-421d-a759-38f6f78b8713,1597153106568,b_ayarza,1610734453486,b_ayarza,Cable Onda ,No ,No,,No ,2,6 Mb ,,
4087,Escuela El Potrero,Veraguas,Atalaya,San Antonio,Veraguas,29,No,Si,Compañía Distribuidora,Si,Fibra Óptica,4,Rubiela Moreno,-80.88165933,8.05999179,2920,582f1f70-b7a7-4ef4-8025-bce6d7ba3514,1597153106568,b_ayarza,1610734464060,b_ayarza,Cable Onda ,No ,No,,No ,1,10 Mb ,,
4088,P.C. De Atalaya,Veraguas,Atalaya,Atalaya,Veraguas,427,No,Si,Compañía Distribuidora,Si,Hibrido de Fibra Coaxial,5,Ada Cornejo,-80.92697682,8.04594811,2921,477e56d6-0880-4c43-bd87-90841a0880d4,1597153106568,b_ayarza,1610734475497,b_ayarza,Cable Onda ,No ,No,,No ,3,2-6 Mb / 10 Mb,,
4091,Escuela Nuestro Amo,Veraguas,Atalaya,La Carrillo,Veraguas,17,No,Si,Compañía Distribuidora,Si,Satelital,5,Noel Castillo,-80.91804105,8.00187747,2922,153b07da-6033-47b4-a159-bf57a434308e,1597153106568,b_ayarza,1610734483635,b_ayarza,Cable Onda ,No ,No,,No ,1,1.0 Mb ,,
4092,Escuela Balbuena,Veraguas,Atalaya,La Carrillo,Veraguas,9,No,Si,Compañía Distribuidora,Si,Satelital,5,Juan Carlos Atencio,-80.89379426,8.0080535,2923,46ea3a34-674c-40d5-a1c7-447cf8632779,1597153106568,b_ayarza,1610734486172,b_ayarza,Cable Onda ,No ,No,,No ,1,10 Mb ,,
4093,Escuela La Carrillo,Veraguas,Atalaya,La Carrillo,Veraguas,10,No,Si,Compañía Distribuidora,Si,Fibra Óptica,5,Alvaro Serrano,-80.88180733,7.96942478,2924,cab4fcd7-042d-4623-aa44-6a55f09a128e,1597153106568,b_ayarza,1610734616478,b_ayarza,Cable Onda ,No ,No,,No ,1,10 Mb ,,
4094,Escuela Llano del Nance,Veraguas,Atalaya,Atalaya,Veraguas,12,No,Si,Planta Eléctrica de Empresa,Si,Fibra Óptica,5,Angel Gonzalez,-80.89584945,8.04899794,2925,16fa5bae-69c6-47d0-872d-77c7d0b941f4,1597153106568,b_ayarza,1610734619991,b_ayarza,Cable Onda ,No ,No,,No ,1,10 Mb ,,
4095,Escuela Garnadera Grande,Veraguas,Atalaya,Atalaya,Veraguas,18,No,Si,Compañía Distribuidora,Si,Microondas,5,Noris Gomez,-80.94997082,8.03591813,2926,e147e55c-c65e-45a4-b6cf-1cd742e89baf,1597153106568,b_ayarza,1610734629460,b_ayarza,Cable Onda ,No ,No,,No ,1,4 Mb ,,
4096,Escuela Las Animas,Veraguas,Atalaya,La Carrillo,Veraguas,23,No,Si,Compañía Distribuidora,Si,Fibra Óptica,5,Leonel Hidalgo,-80.90716947,7.96908786,2927,245cfa4e-4a91-463d-8fe6-eb6723f8c4a6,1597153106568,b_ayarza,1610734638306,b_ayarza,Cable Onda ,No ,No,,No ,1,10 Mb ,,
4097,Escuela El Barrito,Veraguas,Atalaya,El Barrito,Veraguas,57,No,Si,Compañía Distribuidora,Si,Satelital,5,Daydamia De Gracia,-80.94787052,7.96034389,2928,4f018c8b-f7b5-4acb-ac3c-b9b616a29f18,1597153106568,b_ayarza,1610734640585,b_ayarza,CWP ,No ,No,,No ,1,4 Mb ,,
4314,Escuela José F. Vásquez,Veraguas,Las Palmas,El María,Veraguas,21,No,Si,Compañía Distribuidora,Si,Satelital,26,Alfonso Arauz,-81.43802642,7.96480719,2929,afa1093e-75d7-43bb-8646-1159a7867e87,1597153106568,b_ayarza,1610737075530,b_ayarza,Cable Onda ,No ,No,,Si ,1,2.0 Mb ,,
4172,I.P.T. Cesar A. Clavel Méndez,Veraguas,Cañazas,Cañazas,Veraguas,869,No,Si,Compañía Distribuidora,Si,Microondas/ADSL,18,Pastor Batista,-81.21393858,8.31218498,2930,5dec0479-93be-4bd6-a971-f52b30eb5c28,1597153106568,b_ayarza,1610736418404,b_ayarza,CWP,No ,No,,Si ,4,2 - 4 Mb / 2 -10 Mb,,
4315,Escuela Ratones,Veraguas,Las Palmas,El María,Veraguas,11,Si,Si,Panel Solar,No,Sin Internet,26,Victor Leon,-81.41524852,8.03897362,2931,3ecc4394-8547-4a22-be5a-d909502426ad,1597153106568,b_ayarza,1610239853370,b_ayarza,SN/SV,No ,No,,Si ,SN/SV,SN/SV,,
4176,Escuela Cerro Plata,Veraguas,Cañazas,Cerro Plata,Veraguas,47,No,Si,Compañía Distribuidora,Si,Satelital,20,Osiris Abrego,-81.36497082,8.28341712,2932,d9180d44-d792-4491-92b9-6aa81d8322ba,1597153106568,b_ayarza,1610736455319,b_ayarza,Cable Onda ,No ,No,,Si ,1,2.0 Mb ,,
4316,Escuela La Pita,Veraguas,Las Palmas,El María,Veraguas,3,No,Si,Compañía Distribuidora,No,Sin Internet,Dato por verificar,Dato por Verificar,-81.47040075,8.02608439,2933,3e4ffe24-81b9-4ea8-b5a6-567d65882474,1597153106568,b_ayarza,1610239856245,b_ayarza,SN/SV,No ,No,,Si ,SN/SV,SN/SV,,
4178,Escuela Mojarras,Comarca Ngabe-Bugle,Ñürüm,Agua de Salud,Comarca Ngäbe-Buglé,53,Si,Si,Panel Solar,No,Sin Internet,Dato por verificar,Dato por Verificar,-81.4564567,8.44976475,2934,1ff4849f-a9c9-4451-9db4-30a4ad5c85e3,1597153106568,b_ayarza,1610239852338,b_ayarza,SN/SV,No ,No,,Si ,SN/SV,SN/SV,,
4179,Escuela Pueblo Nuevo,Comarca Ngabe-Bugle,Ñürüm,El Bale,Comarca Ngäbe-Buglé,34,Si,Si,Panel Solar,No,Sin Internet,Dato por verificar,Dato por Verificar,-81.33814216,8.35242368,2935,7c89c34c-88fb-40da-973e-6de89ba04ee8,1597153106568,b_ayarza,1610239851707,b_ayarza,SN/SV,No ,No,,Si ,SN/SV,SN/SV,,
4180,Escuela El Higuito,Veraguas,Cañazas,Cañazas,Veraguas,17,Si,Si,Panel Solar,No,Sin Internet,21,Raul Barria,-81.183794,8.183739,2936,f9bd6e4f-4456-4091-a299-a9822f610b21,1597153106568,b_ayarza,1610239851184,b_ayarza,SN/SV,No ,No,,Si ,SN/SV,SN/SV,,
4181,Escuela Piedra de Agua,Veraguas,Cañazas,El Picador,Veraguas,35,Si,Si,Panel Solar,No,Sin Internet,21,Jose Blas Aguilar,-81.28469302,8.48174977,2937,a97a39bc-e413-4d1b-88cd-bdc0e14e8f59,1597153106568,b_ayarza,1610239858277,b_ayarza,SN/SV,No ,No,,Si ,SN/SV,SN/SV,,
4182,Escuela San Juan de Dios,Veraguas,Cañazas,Las Cruces,Veraguas,52,Si,Si,Panel Solar,No,Sin Internet,21,Victoria Santos,-81.30358192,8.33730582,2938,9443e95f-8e43-4db7-9bb1-b1466412f22c,1597153106568,b_ayarza,1610239860426,b_ayarza,SN/SV,No ,No,,Si ,SN/SV,SN/SV,,
4183,Escuela El Rosario,Veraguas,Cañazas,San José,Veraguas,49,Si,Si,Panel Solar,No,Sin Internet,27,Lucrecio Gonzalez,-81.43830412,8.41258333,2939,df2c63ff-49a4-48da-9809-7cf728667dbc,1597153106568,b_ayarza,1610239865888,b_ayarza,SN/SV,No ,No,,Si ,SN/SV,SN/SV,,
4184,Escuela Las Cruces,Veraguas,Cañazas,Las Cruces,Veraguas,23,Si,Si,Panel Solar,No,Sin Internet,20,Meliza Bosques,-81.28191532,8.29147269,2940,3e48c610-5335-4e82-9cd1-614d278024ec,1597153106568,b_ayarza,1610239867717,b_ayarza,SN/SV,No ,No,,Si ,SN/SV,SN/SV,,
4185,Escuela Tierra Cortada,Veraguas,Cañazas,El Picador,Veraguas,39,Si,Si,Panel Solar,No,Sin Internet,21,Mario Vega,-81.27948417,8.37607959,2941,d4fce4ef-3b39-48c8-b2a5-d731e3eeb8bb,1597153106568,b_ayarza,1610239870661,b_ayarza,SN/SV,No ,No,,Si ,SN/SV,SN/SV,,
4186,Escuela Rio Piedra,Veraguas,Cañazas,El Picador,Veraguas,71,Si,Si,Panel Solar,No,Sin Internet,21,Jose E. Rodriguez C.,-81.28328986,8.41631252,2942,004a585e-7f68-4460-b135-8a10f39b2610,1597153106568,b_ayarza,1610239873179,b_ayarza,SN/SV,No ,No,,Si ,SN/SV,SN/SV,,
4187,Escuela Buena Vista,Veraguas,Cañazas,El Picador,Veraguas,42,Si,Si,Panel Solar,No,Sin Internet,21,Idalis Almanza R.,-81.336241,8.413292,2943,71a3a55d-3a59-4801-b19c-534209cdc848,1597153106568,b_ayarza,1610239875802,b_ayarza,SN/SV,No ,No,,Si ,SN/SV,SN/SV,,
4188,Escuela La Purísima,Veraguas,Cañazas,El Picador,Veraguas,36,Si,Si,Panel Solar,No,Sin Internet,21,Prancini Catano,-81.26747082,8.35147246,2944,4ae02339-7508-4979-a042-b975b6072699,1597153106568,b_ayarza,1610239877691,b_ayarza,SN/SV,No ,No,,Si ,SN/SV,SN/SV,,
4189,Escuela Los Gonzalez,Veraguas,Cañazas,Las Cruces,Veraguas,15,Si,Si,Panel Solar,No,Sin Internet,18,Nuvia Canto,-81.27247082,8.30313925,2945,83a2d2c6-234e-4745-9b98-7cd57a105a2c,1597153106568,b_ayarza,1610239879472,b_ayarza,SN/SV,No ,No,,Si ,SN/SV,SN/SV,,
4190,Escuela Agua de Salud,Comarca Ngabe-Bugle,Ñürüm,Agua de Salud,Comarca Ngäbe-Buglé,73,Si,Si,Panel Solar,No,Sin Internet,Dato por verificar,Dato por Verificar,-81.46349444,8.50743046,2946,a6a3205e-2253-40a0-bf3c-81d7caeea5ad,1597153106568,b_ayarza,1610239882114,b_ayarza,SN/SV,No ,No,,Si ,SN/SV,SN/SV,,
4191,Escuela Virigua,Comarca Ngabe-Bugle,Ñürüm,Güibale,Comarca Ngäbe-Buglé,211,Si,Si,Panel Solar,No,Sin Internet,Dato por verificar,Dato por Verificar,-81.37521971,8.48455977,2947,8eaba0e0-9822-439a-a238-d00789800acd,1597153106568,b_ayarza,1610239884084,b_ayarza,SN/SV,No ,No,,Si ,SN/SV,SN/SV,,
4192,Escuela Guacamaya,Veraguas,Cañazas,El Picador,Veraguas,62,Si,Si,Panel Solar,No,Sin Internet,20,Federico Cedeño,-81.34476368,8.4913691,2948,ec451d0f-04e3-486c-88cb-36a880d16fe3,1597153106568,b_ayarza,1610239894629,b_ayarza,SN/SV,No ,No,,Si ,SN/SV,SN/SV,,
4195,Escuela Piedra Grande,Comarca Ngabe-Bugle,Ñürüm,Agua de Salud,Comarca Ngäbe-Buglé,153,Si,Si,Panel Solar,No,Sin Internet,Dato por verificar,Dato por Verificar,-81.45818944,8.52439349,2950,14f17aca-bcca-45d2-8b43-0a2ec5faacc8,1597153106568,b_ayarza,1610239899996,b_ayarza,SN/SV,No ,No,,Si ,SN/SV,SN/SV,,
4196,Escuela Palo Verde,Veraguas,Cañazas,San José,Veraguas,56,Si,Si,Panel Solar,No,Sin Internet,20,Eduvigis Pinto,-81.425523,8.439078,2951,1104642f-7815-46cd-aaa4-7a6b86f15c15,1597153106568,b_ayarza,1610239902834,b_ayarza,SN/SV,No ,No,,Si ,SN/SV,SN/SV,,
4197,Escuela El Naranjal,Comarca Ngabe-Bugle,Ñürüm,El Peñón,Comarca Ngäbe-Buglé,33,Si,Si,Panel Solar,No,Sin Internet,Dato por verificar,Dato por Verificar,-81.46798216,8.47718209,2952,2b37128e-943f-45be-9999-b2559636128d,1597153106568,b_ayarza,1610239905774,b_ayarza,SN/SV,No ,No,,Si ,SN/SV,SN/SV,,
4199,Escuela Cabecera De San Pablo No. 1,Comarca Ngabe-Bugle,Ñürüm,Agua de Salud,Comarca Ngäbe-Buglé,75,Si,Si,Panel Solar,No,Sin Internet,Dato por verificar,Dato por Verificar,-81.34548,8.52765,2953,5e20f7b2-e769-4918-b928-5ac5f575ef59,1597153106568,b_ayarza,1610239907510,b_ayarza,SN/SV,No ,No,,Si ,SN/SV,SN/SV,,
4200,Escuela El Cobrizo,Veraguas,Cañazas,San José,Veraguas,27,Si,Si,Panel Solar,No,Sin Internet,20,Vicente Garcia,-81.3898956,8.44154227,2954,59c78fcf-4271-4c72-ba91-8400aee9bee0,1597153106568,b_ayarza,1610239909781,b_ayarza,SN/SV,No ,No,,Si ,SN/SV,SN/SV,,
4201,Escuela El Peñon,Comarca Ngabe-Bugle,Ñürüm,El Peñón,Comarca Ngäbe-Buglé,263,Si,Si,Panel Solar,Si,Satelital,Dato por verificar,Dato por Verificar,-81.423019,8.452076,2955,9ca3e052-cf7f-4902-b84b-9faac65ef3eb,1597153106568,b_ayarza,1610736515666,b_ayarza,Cable Onda ,No ,No,,Si ,1,2.0 Mb ,,
4202,Escuela Batata,Comarca Ngabe-Bugle,Ñürüm,Agua de Salud,Comarca Ngäbe-Buglé,207,Si,Si,Panel Solar,No,Sin Internet,Dato por verificar,Dato por Verificar,-81.4453406,8.50810056,2956,02eb4f1c-ef48-4ec0-a966-80e5c5437426,1597153106568,b_ayarza,1610239913509,b_ayarza,SN/SV,No ,No,,Si ,SN/SV,SN/SV,,
4204,Escuela El Gavilán,Veraguas,Cañazas,San José,Veraguas,25,Si,Si,Panel Solar,No,Sin Internet,20,Marcelo Mendoza,-81.46913913,8.35163118,2957,e52c5004-00f7-4455-8305-05d4fda8a3f6,1597153106568,b_ayarza,1610239917662,b_ayarza,SN/SV,No ,No,,Si ,SN/SV,SN/SV,,
4205,Escuela Arcadio Gaitán González,Veraguas,Cañazas,San José,Veraguas,36,No,Si,Panel Solar,No,Sin Internet,20,Elisa Gonzalez,-81.4100647,8.34738808,2958,0410b7db-fa04-4cff-a399-cefef7de85b4,1597153106568,b_ayarza,1610239919746,b_ayarza,SN/SV,No ,No,,Si ,SN/SV,SN/SV,,
4206,Escuela La Misericordia,Veraguas,Cañazas,San José,Veraguas,20,No,Si,Panel Solar,No,Sin Internet,20,Maria M. Hernandez,-81.37854285,8.36935475,2959,2efb5a57-a9fa-4e30-94f2-d20f5b0d9282,1597153106568,b_ayarza,1610239923211,b_ayarza,SN/SV,No ,No,,Si ,SN/SV,SN/SV,,
4208,Escuela Pan de Azucar,Veraguas,Cañazas,El Picador,Veraguas,31,Si,Si,Panel Solar,No,Sin Internet,20,Gerardo Batista,-81.34941522,8.38869452,2960,d8348e5b-3cfe-4eac-b8a9-bd0eb81254d4,1597153106568,b_ayarza,1610239925067,b_ayarza,SN/SV,No ,No,,Si ,SN/SV,SN/SV,,
4209,Escuela El Murcielago (Anexo Nanzal),Comarca Ngabe-Bugle,Ñürüm,Alto de Jesús,Comarca Ngäbe-Buglé,80,Si,Si,Panel Solar,No,Sin Internet,Dato por verificar,Dato por Verificar,-81.44413742,8.27147276,2961,37277567-2f9f-4856-8b21-c52c86efea92,1597153106568,b_ayarza,1610239926763,b_ayarza,SN/SV,No ,No,,Si ,SN/SV,SN/SV,,
4213,Escuela El Nanzal,Veraguas,Cañazas,San José,Veraguas,14,Si,Si,Panel Solar,No,Sin Internet,20,Judith Martinez,-81.46358192,8.30925042,2962,ab4fce5d-703f-4925-8543-e504ed0a8518,1597153106568,b_ayarza,1610239928498,b_ayarza,SN/SV,No ,No,,Si ,SN/SV,SN/SV,,
4214,Escuela El Blandito,Veraguas,Cañazas,Las Cruces,Veraguas,3,Si,Si,Panel Solar,No,Sin Internet,18,Luis Orosco,-81.27524852,8.27786164,2963,0fc7029f-b929-42a2-9708-d6811ce33db5,1597153106568,b_ayarza,1610239930279,b_ayarza,SN/SV,No ,No,,Si ,SN/SV,SN/SV,,
4215,Escuela Alejandro Camaño ,Veraguas,Cañazas,San José,Veraguas,13,Si,Si,Panel Solar,No,Sin Internet,20,Moises Castillo,-81.4161118,8.37212355,2964,ac4a4987-9eb7-4d92-b24a-e3acde8eb1a3,1597153106568,b_ayarza,1610239933211,b_ayarza,SN/SV,No ,No,,Si ,SN/SV,SN/SV,,
4216,Escuela Monte Grande,Veraguas,Cañazas,Cerro Plata,Veraguas,47,Si,Si,Panel Solar,No,Sin Internet,20,Mercedes Vasquez,-81.42477417,8.30339323,2965,e852a3bb-ba3d-4a35-b876-d810b37cedee,1597153106568,b_ayarza,1610239945801,b_ayarza,SN/SV,No ,No,,Si ,SN/SV,SN/SV,,
4217,Escuela La Mata,Veraguas,Cañazas,San José,Veraguas,100,Si,Si,Panel Solar,No,Sin Internet,20,Luz Guerra,-81.39830412,8.31230591,2966,3bccfa69-d3b0-4635-808e-db7f33a84367,1597153106568,b_ayarza,1610239949369,b_ayarza,SN/SV,No ,No,,Si ,SN/SV,SN/SV,,
4218,Escuela El Conejo,Veraguas,Cañazas,San José,Veraguas,17,Si,Si,Panel Solar,No,Sin Internet,20,Clotildo Guerra,-81.44302632,8.36147243,2967,b173104f-f99c-4da7-b79b-543a5ce85033,1597153106568,b_ayarza,1610239951207,b_ayarza,SN/SV,No ,No,,Si ,SN/SV,SN/SV,,
4220,Escuela La Concepción ,Veraguas,Cañazas,Cerro Plata,Veraguas,40,Si,Si,Panel Solar,No,Sin Internet,20,Cesar Sanchez,-81.31808195,8.27735252,2968,e1d378d4-521e-4e38-9da0-d7dbe8e453df,1597153106568,b_ayarza,1610239953065,b_ayarza,SN/SV,No ,No,,Si ,SN/SV,SN/SV,,
4221,Escuela Bajos de Higui,Veraguas,Cañazas,Los Valles,Veraguas,6,Si,Si,Panel Solar,No,Sin Internet,18,Rosa E. Batista,-81.15234609,8.40431782,2969,84c0fbaf-0024-4a6b-9574-7e040557b181,1597153106568,b_ayarza,1610239956329,b_ayarza,SN/SV,No ,No,,Si ,SN/SV,SN/SV,,
4222,Escuela Los Lajones,Veraguas,Cañazas,Los Valles,Veraguas,40,Si,Si,Panel Solar,No,Sin Internet,18,Karen Gonzalez,-81.22921617,8.43606319,2970,31f21ca3-d054-4296-92be-1363c9c690b2,1597153106568,b_ayarza,1610239957970,b_ayarza,SN/SV,No ,No,,Si ,SN/SV,SN/SV,,
4224,Escuela Los Guarumos,Comarca Ngabe-Bugle,Ñürüm,El Paredón,Comarca Ngäbe-Buglé,40,Si,Si,Panel Solar,No,Sin Internet,Dato por verificar,Dato por Verificar,-81.22065517,8.45892412,2971,a8c5b0ec-42a1-4547-a97c-9ce1b5e54072,1597153106568,b_ayarza,1610239960603,b_ayarza,SN/SV,No ,No,,Si ,SN/SV,SN/SV,,
4225,P.C. Los Valles,Veraguas,Cañazas,Los Valles,Veraguas,121,Si,Si,Panel Solar,Si,Satelital,18,Francisco Fuentes,-81.19635972,8.44591651,2972,d0988943-f529-4309-ab7e-9fb400cded94,1597153106568,b_ayarza,1610736538234,b_ayarza,Cable Onda ,No ,No,,Si ,1,2.0 Mb ,,
4322,C.E.B.G. Cerro Pelado,Comarca Ngabe-Bugle,Ñürüm,Cerro Pelado,Comarca Ngäbe-Buglé,743,Si,Si,Panel Solar,Si,Satelital,Dato por verificar,Dato por Verificar,-81.54353294,8.16257733,2975,485de3c4-f38a-42d1-bcb8-3cce92813434,1597153106568,b_ayarza,1610737125303,b_ayarza,Cable Onda ,No ,No,,No ,2,2.0 Mb ,,
4325,Escuela El Piro,Veraguas,Las Palmas,San Martín De Porres,Veraguas,49,No,Si,Compañía Distribuidora,Si,Fibra Óptica,25,Juan Mendoza,-81.53413752,8.208973,2977,7fff07ab-7135-435d-89e4-863442ac38be,1597153106568,b_ayarza,1610737139240,b_ayarza,Cable Onda ,No ,No,,Si ,1,10 Mb ,,
4326,Escuela Alto de Jesús,Comarca Ngabe-Bugle,Ñürüm,Alto de Jesús,Comarca Ngäbe-Buglé,168,Si,Si,Panel Solar,Si,Satelital,Dato por verificar,Dato por Verificar,-81.48552642,8.26702838,2978,38091779-e7e7-463b-b0a4-b12e10206fb7,1597153106568,b_ayarza,1610737144166,b_ayarza,Cable Onda ,No ,No,,Si ,1,2.0 Mb ,,
4335,Escuela Luis A. Ruiz,Veraguas,Las Palmas,El Prado,Veraguas,58,No,Si,Compañía Distribuidora,Si,Fibra Óptica,27,Edilberto Adames C.,-81.50167151,8.23755741,2979,7cebb374-da5b-483c-beb2-e76f7e8c77bd,1597153106568,b_ayarza,1610737151467,b_ayarza,Cable Onda ,No ,No,,Si ,1,10 Mb ,,
4337,Escuela El Viguí,Veraguas,Las Palmas,Viguí,Veraguas,42,Si,No,Dato por Verificar,No,Sin Internet,27,Betzaida Serrano,-81.49691532,8.3406392,2980,ee9ab0a1-8856-492f-b4e1-db1af5bad3ba,1597153106568,b_ayarza,1610239968460,b_ayarza,SN/SV,No ,No,,Si ,SN/SV,SN/SV,,
4338,Escuela Tierra Blanca,Comarca Ngabe-Bugle,Ñürüm,Buenos Aires,Comarca Ngäbe-Buglé,64,Si,Si,Panel Solar,No,Sin Internet,Dato por verificar,Dato por Verificar,-81.47608192,8.47841648,2981,93a090bb-acf8-45cc-bf34-179036946471,1597153106568,b_ayarza,1610239972479,b_ayarza,SN/SV,No ,No,,Si ,SN/SV,SN/SV,,
4339,Escuela Quebrada El Jagua,Comarca Ngabe-Bugle,Ñürüm,Buenos Aires,Comarca Ngäbe-Buglé,81,Si,Si,Panel Solar,No,Sin Internet,Dato por verificar,Dato por Verificar,-81.51469302,8.4473055,2982,8cc0dfab-9578-4805-bb70-f27cec184b87,1597153106568,b_ayarza,1610239975654,b_ayarza,SN/SV,No ,No,,Si ,SN/SV,SN/SV,,
4340,Escuela El Piro No. 2,Comarca Ngabe-Bugle,Ñürüm,Buenos Aires,Comarca Ngäbe-Buglé,75,Si,Si,Panel Solar,No,Sin Internet,Dato por verificar,Dato por Verificar,-81.52413752,8.40813895,2983,59b1027c-8717-42cc-a756-fc92b867f003,1597153106568,b_ayarza,1610239977657,b_ayarza,SN/SV,No ,No,,Si ,SN/SV,SN/SV,,
4342,Escuela El Chumico,Comarca Ngabe-Bugle,Ñürüm,El Piro No. 2,Comarca Ngäbe-Buglé,88,Si,Si,Panel Solar,No,Sin Internet,Dato por verificar,Dato por Verificar,-81.50385972,8.40480566,2984,1396f0e2-a255-4d08-b5f1-0ac1ea9303b6,1597153106568,b_ayarza,1610239982378,b_ayarza,SN/SV,No ,No,,Si ,SN/SV,SN/SV,,
4343,Escuela El Barrigón,Veraguas,Las Palmas,Viguí,Veraguas,70,Si,Si,Panel Solar,No,Sin Internet,27,William E. Sanchez,-81.50691522,8.37758347,2985,f8cb02b5-a6c3-4819-b154-c698bc9e644a,1597153106568,b_ayarza,1610239985409,b_ayarza,SN/SV,No ,No,,Si ,SN/SV,SN/SV,,
4345,Escuela Cabuya,Comarca Ngabe-Bugle,Ñürüm,Buenos Aires,Comarca Ngäbe-Buglé,49,Si,Si,Panel Solar,No,Sin Internet,Dato por verificar,Dato por Verificar,-81.47552632,8.45286098,2986,e4f8beaf-43c8-43be-bbe7-9df1104367a5,1597153106568,b_ayarza,1610239986655,b_ayarza,SN/SV,No ,No,,Si ,SN/SV,SN/SV,,
4346,Escuela La Cucurucha,Veraguas,Las Palmas,Viguí,Veraguas,12,No,Si,Compañía Distribuidora,Si,Microondas,27,Roberto Camano,-81.50580412,8.28480601,2987,70fef948-499b-4142-9aeb-72af02f2f52b,1597153106568,b_ayarza,1610741712883,b_ayarza,Digicel,No ,No,,Si ,1,4 Mb ,,
4347,Escuela La Cañasilla ,Veraguas,Las Palmas,El Prado,Veraguas,5,No,Si,Compañía Distribuidora,Si,Fibra Óptica,25,Doris Santos,-81.49191522,8.20369522,2988,004fb271-b430-402f-8ca4-b0e04cc85cd2,1597153106568,b_ayarza,1610741716707,b_ayarza,Cable Onda ,No ,No,,Si ,1,10 Mb ,,
4348,Escuela Alto Galera,Comarca Ngabe-Bugle,Ñürüm,Guayabito,Comarca Ngäbe-Buglé,122,Si,Si,Panel Solar,No,Sin Internet,Dato por verificar,Dato por Verificar,-81.49355742,8.51813799,2989,0a539317-29d6-4426-ba59-a3545742f3a6,1597153106568,b_ayarza,1610239988769,b_ayarza,SN/SV,No ,No,,Si ,SN/SV,SN/SV,,
4349,Escuela Alto de Los Ruices,Veraguas,Las Palmas,El Prado,Veraguas,85,No,Si,Compañía Distribuidora,Si,Fibra Óptica,27,Luisa A. Cerrud,-81.47318785,8.20781099,2990,668132f5-9821-4373-a395-5607fd9e96c5,1597153106568,b_ayarza,1610741736407,b_ayarza,Cable Onda ,No ,No,,Si ,1,10 Mb ,,
4350,Escuela El Caimito,Veraguas,Las Palmas,El Rincón,Veraguas,23,Si,Si,Panel Solar,No,Sin Internet,27,Emilia E. Carpintero G.,-81.40052642,8.24925065,2991,5fc50da0-6db5-4891-b65b-81741bd1477c,1597153106568,b_ayarza,1610239991866,b_ayarza,SN/SV,No ,Si,,Si ,SN/SV,SN/SV,,
4351,Escuela Pino del Cobre,Veraguas,Las Palmas,El Rincón,Veraguas,50,No,Si,Compañía Distribuidora,No,Sin Internet,27,Deciret Martinez,-81.38858192,8.21980626,2992,6f91c219-ef71-4603-81e4-d807d8a599d3,1597153106568,b_ayarza,1610239997254,b_ayarza,SN/SV,No ,Si,,Si ,SN/SV,SN/SV,,
4352,C.E.B.G. El Rincón,Veraguas,Las Palmas,El Rincón,Veraguas,218,No,Si,Compañía Distribuidora,Si,Fibra Óptica,27,Daniela C. De Medina,-81.42941522,8.18730648,2993,2c051f82-1d92-48a3-bcbb-9bdbce98951c,1597153106568,b_ayarza,1610741777060,b_ayarza,Cable Onda ,No ,No,,Si ,1,10 Mb ,,
4354,I.P.T. El Rincon,Veraguas,Las Palmas,El Rincón,Veraguas,256,No,Si,Compañía Distribuidora,Si,Fibra Óptica,27,Juan J. Aviles,-81.42941522,8.18730648,2994,61989ce4-fc53-4eaf-8178-bc3a9172bf51,1597153106568,b_ayarza,1610741777851,b_ayarza,Cable Onda ,No ,No,,Si ,2,10 Mb ,,
4355,Escuela Limón Seco,Veraguas,Las Palmas,El Rincón,Veraguas,31,No,Si,Compañía Distribuidora,Si,Fibra Óptica,27,Alfredo Rodriguez,-81.44054011,8.21010092,2995,ec4988ce-1d6f-42a2-b5dd-ea311db60b96,1597153106568,b_ayarza,1610741778529,b_ayarza,Cable Onda ,No ,No,,Si ,1,10 Mb ,,
4356,Escuela Cerro Negro,Veraguas,Las Palmas,El Rincón,Veraguas,81,No,Si,Compañía Distribuidora,Si,Satelital,27,Edilma Gaitan,-81.39691522,8.18286199,2996,8571f5a7-68bc-457c-8aee-6267019a5141,1597153106568,b_ayarza,1610741779572,b_ayarza,Cable Onda ,No ,No,,Si ,1,2.0 Mb ,,
4357,Escuela Cerro Azul,Veraguas,Las Palmas,Lolá,Veraguas,27,Si,Si,Panel Solar,No,Sin Internet,25,Josafat A. Moore,-81.53355125,8.07998996,2997,e6ce1fd1-3c3f-41f1-aaf8-29a23ff83d06,1597153106568,b_ayarza,1610239999016,b_ayarza,SN/SV,No ,No,,No ,SN/SV,SN/SV,,
4359,Escuela Lola Garnadera,Veraguas,Las Palmas,Lolá,Veraguas,31,No,Si,Compañía Distribuidora,Si,Satelital,25,Omar Robles,-81.47067078,8.09722882,2998,4a0c7963-6bba-4f2a-8880-b187e5a44a98,1597153106568,b_ayarza,1610741791003,b_ayarza,Cable Onda ,No ,No,,No ,1,2.0 Mb ,,
4360,Escuela El Pajarón,Veraguas,Las Palmas,Pixvae,Veraguas,23,Si,Si,Planta Eléctrica de Empresa,No,Sin Internet,26,Dalia Diaz,-81.61705686,7.91183369,2999,0a4930e7-df15-4ec9-b862-8d00d0844982,1597153106568,b_ayarza,1610240000936,b_ayarza,SN/SV,No ,No,,Si ,SN/SV,SN/SV,,
5849,Escuela Bajo Gavilán,Bocas del Toro,Changuinola,Valle Del Risco,Bocas del Toro,33,Si,No,Dato por Verificar,No,Sin Internet,3,Emerito Camaño,-82.49814098,9.27488604,3000,0938c9ec-f4fa-4794-8b43-79b2beb0af15,1597153106568,b_ayarza,1610240002767,b_ayarza,SN/SV,No ,No,,Si ,SN/SV,SN/SV,,
5850,Escuela Alto Cedro,Bocas del Toro,Chiriquí Grande ,Punta Robalo,Bocas del Toro,87,Si,No,Dato por Verificar,No,Sin Internet,1,Anyelica Palacio,-82.270861,9.053274,3001,2fe5a5b8-8100-449d-98ab-24d32a80377d,1597153106568,b_ayarza,1610240004699,b_ayarza,SN/SV,No ,No,,Si ,SN/SV,SN/SV,,
5851,Escuela Candelilla,Comarca Ngabe-Bugle,Jirondai,Büri,Comarca Ngäbe-Buglé,31,Si,No,Dato por Verificar,No,Sin Internet,2,Noriel Binns,-82.14529401,8.815365639,3002,b3c6589f-aea5-4a86-8c45-be905564a659,1597153106568,b_ayarza,1610240007774,b_ayarza,SN/SV,No ,No,,Si ,SN/SV,SN/SV,,
5852,Escuela Guayabal,Comarca Ngabe-Bugle,Jirondai,Büri,Comarca Ngäbe-Buglé,36,Si,No,Dato por Verificar,No,Sin Internet,2,Ramiro Miranda,-82.26075182,8.845668665,3003,c7341680-fb9c-46f7-8317-e8eb39a8a2dc,1597153106568,b_ayarza,1610240009632,b_ayarza,SN/SV,No ,No,,Si ,SN/SV,SN/SV,,
5853,Escuela Las Sabanas,Comarca Ngabe-Bugle,Jirondai,Büri,Comarca Ngäbe-Buglé,71,Si,No,Dato por Verificar,No,Sin Internet,2,Keyla I. Caballero,-82.18286,8.84655,3004,5ec34525-9111-49e1-9935-cd1a28e1d805,1597153106568,b_ayarza,1610240011448,b_ayarza,SN/SV,No ,No,,Si ,SN/SV,SN/SV,,
5854,Escuela Alto Caña,Comarca Ngabe-Bugle,Jirondai,Büri,Comarca Ngäbe-Buglé,86,Si,Si,Panel Solar,No,Sin Internet,3,Lizbeth Murillo S.,-82.12336,8.52766,3005,95ed3dba-8c17-4541-b041-0f1c5176576f,1597153106568,b_ayarza,1610240013152,b_ayarza,SN/SV,No ,No,,Si ,SN/SV,SN/SV,,
5855,Escuela Nueva Esperanza,Comarca Ngabe-Bugle,Jirondai,Man Creek,Comarca Ngäbe-Buglé,72,Si,No,Dato por Verificar,No,Sin Internet,4,Besi Morales,-82.04823821,8.899929289,3006,e7a76ed1-c0d3-47c5-b487-2fe18a93e3cf,1597153106568,b_ayarza,1610240015574,b_ayarza,SN/SV,No ,No,,Si ,SN/SV,SN/SV,,
5856,Escuela Tigre,Comarca Ngabe-Bugle,Kankintú,Guariviara,Comarca Ngäbe-Buglé,57,Si,Si,Planta Eléctrica Propia,No,Sin Internet,3,Greyssi Martinez,-81.97978385,8.81563538,3007,0679dfd8-e954-49bc-8cec-6f824af55825,1597153106568,b_ayarza,1610240017402,b_ayarza,SN/SV,No ,No,,Si ,SN/SV,SN/SV,,
5857,Escuela Kuite,Comarca Ngabe-Bugle,Kankintú,Kankintú,Comarca Ngäbe-Buglé,58,Si,No,Dato por Verificar,No,Sin Internet,6,Lineth Castillo,-81.89969302,8.84535945,3008,ab0effa6-72f2-43dd-957b-4559934b0a21,1597153106568,b_ayarza,1610240020308,b_ayarza,SN/SV,No ,No,,Si ,SN/SV,SN/SV,,
5858,Escuela Pomancreeck,Comarca Ngabe-Bugle,Kankintú,Kankintú,Comarca Ngäbe-Buglé,52,Si,Si,Panel Solar,No,Sin Internet,5,Arquimedes Jaen,-81.85969302,8.86313707,3009,d90ed45f-d001-4797-9c96-a7aa1d55d47e,1597153106568,b_ayarza,1610240021995,b_ayarza,SN/SV,No ,No,,Si ,SN/SV,SN/SV,,
5859,Escuela Quebrada Nasa,Comarca Ngabe-Bugle,Kusapín,Tobobé,Comarca Ngäbe-Buglé,19,Si,No,Dato por Verificar,No,Sin Internet,10,Juan Jose Mela Marin,-81.83107371,9.130433805,3010,4eedbcfa-e033-4cc6-bce5-67dcac8756b0,1597153106568,b_ayarza,1610240023618,b_ayarza,SN/SV,No ,No,,Si ,SN/SV,SN/SV,,
5860,C.E.B.G. La Mina,Bocas del Toro,Changuinola,El Teribe,Bocas del Toro,36,Si,No,Dato por Verificar,No,Sin Internet,9,Esly Ady Sequeira,-82.48826,9.29303,3011,77408a6a-fca9-4ff7-af67-6ae23a4eff5b,1597153106568,b_ayarza,1610240025397,b_ayarza,SN/SV,No ,No,,Si ,SN/SV,SN/SV,,
5861,Escuela Playa Tigre,Comarca Ngabe-Bugle,Kusapín,Río Chiriquí,Comarca Ngäbe-Buglé,17,Si,No,Dato por Verificar,No,Sin Internet,12,Edilsa Vargas,-81.820752,9.02503,3012,3b00802d-68d1-40ac-9f59-4f3038956759,1597153106568,b_ayarza,1610240027226,b_ayarza,SN/SV,No ,No,,Si ,SN/SV,SN/SV,,
5862,Escuela Quebrada Peña,Comarca Ngabe-Bugle,Santa Catalina o Calovebo,San Pedrito (Ljuicho),Comarca Ngäbe-Buglé,53,Si,No,Dato por Verificar,No,Sin Internet,Dato por verificar,Dato por Verificar,-81.41385,8.6937,3013,eac8e2f6-e090-4fd4-801c-38e54d1ce19f,1597153106568,b_ayarza,1610240029804,b_ayarza,SN/SV,No ,No,,Si ,SN/SV,SN/SV,,
5863,Escuela Guabo Arriba,Comarca Ngabe-Bugle,Santa Catalina o Calovebo,San Pedrito (Ljuicho),Comarca Ngäbe-Buglé,76,Si,Si,Planta Eléctrica Propia,No,Sin Internet,Dato por verificar,Dato por Verificar,-81.70522,8.86557,3014,cc2c851e-ddb0-4f01-a23e-f9c7abb0cce0,1597153106568,b_ayarza,1610240032476,b_ayarza,SN/SV,No ,No,,Si ,SN/SV,SN/SV,,
5864,Escuela Siloe,Bocas del Toro,Bocas del Toro,Cauchero,Bocas del Toro,39,Si,Si,Panel Solar,No,Sin Internet,12,Leydi Y. Atencio,-82.380519,9.121448,3015,d7b42430-0870-4b93-b046-2fdafd415920,1597153106568,b_ayarza,1610240034228,b_ayarza,SN/SV,No ,No,,Si ,SN/SV,SN/SV,,
5866,Escuela Pueblo Nuevo,Comarca Ngabe-Bugle,Kusapín,Tobobe,Comarca Ngäbe-Buglé,60,Si,No,Dato por Verificar,No,Sin Internet,Dato por verificar,Dato por Verificar,-81.5238,8.1822,3016,7a2424a3-94e6-4fa0-a9a8-56e4d3ab496e,1597153106568,b_ayarza,1610240036332,b_ayarza,SN/SV,No ,No,,Si ,SN/SV,SN/SV,,
5868,Escuela Palo Seco,Bocas del Toro,Changuinola,Valle Del Risco,Bocas del Toro,41,Si,Si,Planta Eléctrica Propia,No,Sin Internet,3,Lourde Mojica,-82.413106,9.242642,3017,a344f847-3765-468f-a722-22a266fd110b,1597153106568,b_ayarza,1610240038098,b_ayarza,SN/SV,No ,No,,Si ,SN/SV,SN/SV,,
5869,Escuela Isla Venado,Bocas del Toro,Changuinola,El Empalme,Bocas del Toro,10,Si,No,Dato por Verificar,No,Sin Internet,9,Zuleika Reyes,-82.596794,9.410874,3018,59159da1-b56f-4f06-9732-1cd2f34d4bd7,1597153106568,b_ayarza,1610240041364,b_ayarza,SN/SV,No ,No,,Si ,SN/SV,SN/SV,,
5870,Escuela Finca 61,Bocas del Toro,Changuinola,Changuinola ,Bocas del Toro,85,Si,Si,Compañía Distribuidora,Si,Fibra Óptica,Dato por verificar,Dato por Verificar,-82.47609,9.45458,3019,12a00447-95e1-4a82-bced-7645f01038ba,1597153106568,b_ayarza,1610831165171,b_ayarza,Cable Onda ,No ,No,,No ,1,10 Mb ,,
5871,Escuela La Trinidad,Veraguas,Río De Jesús,Las Huacas,Veraguas,19,No,Si,Compañía Distribuidora,Si,Satelital,10,Maria Aguilar,-81.14162187,7.93412332,3020,9916f826-de56-4d61-b0f0-5e2486c1b47a,1597153106568,b_ayarza,1610831169668,b_ayarza,Cable Onda ,No ,No,,Si ,1,1.0 Mb ,,
5872,Escuela Villa Del Carmen,Cocle,Penonomé,Toabré,Coclé,7,Si,Si,Panel Solar,No,Sin Internet,14,Dato por Verificar,-80.5535,8.804903,3021,779e8c4e-85ea-4341-b04d-913c2f12f54f,1597153106568,b_ayarza,1610240044136,b_ayarza,SN/SV,No ,No,,Si ,SN/SV,SN/SV,,
5874,Escuela Alto Sori,Bocas del Toro,Changuinola,Cochigro,Bocas del Toro,12,Si,Si,Planta Eléctrica Propia,No,Sin Internet,9,Raquel Pineda,-82.55191522,9.34591299,3022,ad9f423e-6bb6-4b8e-afa5-fc8c1d7aa8fd,1597153106568,b_ayarza,1610240045886,b_ayarza,SN/SV,No ,No,,Si ,SN/SV,SN/SV,,
5876,Escuela Rio Colorado,Comarca Ngabe-Bugle,Besiko,Cerro De Patena,Comarca Ngäbe-Buglé,78,Si,Si,Panel Solar,No,Sin Internet,16,Juan Serrano,-81.94362,8.41252,3024,8fc4c910-21b2-4860-ba2f-1c85abc84c90,1597153106568,b_ayarza,1610240047622,b_ayarza,SN/SV,No ,No,,Si ,SN/SV,SN/SV,,
5878,C.E.B.G. El Guabo,Cocle,La Pintada ,Piedras Gordas,Coclé,54,Si,Si,Compañía Distribuidora,Si,Satelital,Dato por verificar,Dato por Verificar,-80.521869,8.637831,3026,fe00624d-bf4e-494f-8116-ef9178a86fe0,1597153106568,b_ayarza,1610831207512,b_ayarza,Cable Onda ,No ,No,,Si ,1,2.0 Mb ,,
5879,Escuela Alto Calabacito,Comarca Ngabe-Bugle,Besiko,Cerro Banco,Comarca Ngäbe-Buglé,153,Si,Si,Panel Solar,No,Sin Internet,Dato por verificar,Dato por Verificar,-82.032034,8.45976,3027,825c71c8-3c3b-41ac-a9cc-990636df9950,1597153106568,b_ayarza,1610240053490,b_ayarza,SN/SV,No ,No,,Si ,SN/SV,SN/SV,,
5880,Centro Educativo en Busca de un Mañana,Panama,Panamá,San Francisco,Panamá Centro,136,No,Si,Compañía Distribuidora,Si,Hibrido de Fibra Coaxial,6,Gloria Prieto De Chavez,-79.513161,8.981432,3028,5ec88b2e-98d4-41a0-bb31-7ca31174e966,1597153106568,b_ayarza,1610831224128,b_ayarza,Cable Onda ,No ,No,,No ,1,6 Mb ,,
5887,Escuela Rio La Villa,Herrera,Las Minas ,Quebrada El Ciprián,Herrera,14,Si,Si,Compañía Distribuidora,No,Sin Internet,10,Ronel Torres,-80.76331456,7.7110915,3029,b08343de-e51a-4dc2-b2aa-ea9724506eb9,1597153106568,b_ayarza,1610240055164,b_ayarza,SN/SV,No ,No,,Si ,SN/SV,SN/SV,,
5889,Escuela Parara Purú,Panama,San Miguelito,Chilibre,Panamá Norte,27,No,Si,Panel Solar,No,Sin Internet,1,Evidelia Gutierrez,-79.4744608,9.0440003,3030,664ce1b2-40e8-4c7d-827a-5b83acaeb6d2,1597153106568,b_ayarza,1610240056928,b_ayarza,SN/SV,No ,No,,Si ,SN/SV,SN/SV,,
5896,Escuela La Gloria,Panama Oeste,Capira,El Cacao,Panamá Oeste,12,Si,Si,Panel Solar,No,Sin Internet,7,Aleyda Victoria,-80.05982566,8.69506974,3033,6bcdb093-130e-4926-9c79-bf565fdb7d44,1597153106568,b_ayarza,1610240063042,b_ayarza,SN/SV,No ,Si,,Si ,SN/SV,SN/SV,,
6082,Escuela Cerro Flores,Comarca Ngabe-Bugle,Nole Duima,Hato Chamí,Comarca Ngäbe-Buglé,37,Si,No,Dato por Verificar,No,Sin Internet,24,Monica Aguila,-81.789217,8.409518,3034,7b37e7a2-9f7d-4491-8940-daee59f20dc9,1597153106568,b_ayarza,1612311333302,b_ayarza,SN/SV,No ,No,,Si ,SN/SV,SN/SV,,
6339,Escuela Brisas del Mar,Chiriqui,Barú,Puerto Amuelles,Chiriquí,16,Si,Si,Compañía Distribuidora,Si,Satelital,22,Teofila Maria Concepcion,-82.87408476,8.24215161,3035,c321efe7-f826-44ab-9a1b-b006d7705f88,1597153106568,b_ayarza,1610831242097,b_ayarza,Cable Onda ,No ,No,,No ,1,2.0 Mb ,,
6340,C.E.B.G. Brazos De U,Cocle,Penonomé,Toabré,Coclé,20,Si,Si,Panel Solar,No,Sin Internet,Dato por verificar,Dato por Verificar,-80.5535,8.804903,3036,7b59f194-c29e-4ae8-9bc8-f238d1ebde01,1597153106568,b_ayarza,1610240067233,b_ayarza,SN/SV,No ,No,,Si ,SN/SV,SN/SV,,
6342,Escuela Gregorio González,Herrera,Los Pozos,El Cedro,Herrera,31,No,Si,Compañía Distribuidora,Si,Satelital,12,David Caballero Arauz,-80.65821754,7.68695092,3038,5fd9e07a-f08f-4760-8906-fe1e6f4b63b9,1597153106568,b_ayarza,1610831262197,b_ayarza,Cable Onda ,No ,No,,Si ,1,2.0 Mb ,,
6345,Escuela Trinidad Anexa Brujas,Panama,Chimán,Brujas,Panamá Este,14,Si,No,Dato por Verificar,No,Sin Internet,11,Maria Cirex,-78.4984704,8.61976113,3039,4652bd66-9037-434d-ab46-53bbc0463785,1597153106568,b_ayarza,1610240070508,b_ayarza,SN/SV,No ,No,,Si ,SN/SV,SN/SV,,
6346,I.P.T. Rio Luis,Veraguas,Santa Fé,Río Luis,Veraguas,82,Si,Si,Planta Eléctrica Propia/Panel Solar,Si,Satelital,23,Farley Canto,-81.21999854,8.68174972,3040,511a016e-d68f-40d5-90a1-9ab206fe7a62,1597153106568,b_ayarza,1610831278080,b_ayarza,Cable Onda ,No ,No,,Si ,1,2.0 Mb ,,
6349,Escuela Quebrada Piscina,Bocas del Toro,Bocas del Toro,Punta Laurel,Bocas del Toro,28,Si,No,Dato por Verificar,No,Sin Internet,Dato por verificar,Dato por Verificar,-82.11785,9.179792,3041,edb55dfc-0d40-449a-add3-55270a24d353,1597153106568,b_ayarza,1610240072538,b_ayarza,SN/SV,No ,No,,Si ,SN/SV,SN/SV,,
6350,Escuela Bahía Roja,Bocas del Toro,Bocas del Toro,Bastimentos,Bocas del Toro,20,Si,No,Dato por Verificar,No,Sin Internet,Dato por verificar,Dato por Verificar,-82.173566,9.333993,3042,d2d0d46e-57cd-4d7e-9356-55a65778e7f9,1597153106568,b_ayarza,1610240076047,b_ayarza,SN/SV,No ,No,,Si ,SN/SV,SN/SV,,
6351,Escuela Alto Caña,Bocas del Toro,Bocas del Toro,Cauchero,Bocas del Toro,46,Si,No,Dato por Verificar,No,Sin Internet,12,Beatriz Bordones,-82.378075,9.120438,3043,0fc74c24-7500-4799-b180-47ecb119e5f2,1597153106568,b_ayarza,1610240078998,b_ayarza,SN/SV,No ,Si,,Si ,SN/SV,SN/SV,,
6352,Escuela Las Pinas,Bocas del Toro,Chiriquí Grande ,Chiriquí Grande,Bocas del Toro,37,Si,Si,Planta Eléctrica Propia,No,Sin Internet,14,Maryan Landaw,-82.143916,8.956117,3044,754a6ee4-878c-472b-bd06-de89070658be,1597153106568,b_ayarza,1610240080760,b_ayarza,SN/SV,No ,No,,Si ,SN/SV,SN/SV,,
6354,Escuela Valle de La Union,Panama,Chepo,Santa Cruz De Chinina,Panamá Este,14,Si,No,Dato por Verificar,No,Sin Internet,3,Fidedigna Abrego,-78.92969312,9.00063652,3045,a8489992-7260-4848-b4ca-b5dad96a9367,1597153106568,b_ayarza,1610240082540,b_ayarza,SN/SV,No ,No,,Si ,SN/SV,SN/SV,,
6356,C.E.B.G. El Salado,Cocle,Aguadulce,Barrios Unidos,Coclé,13,No,Si,Compañía Distribuidora,Si,Satelital,2,Isabel Rodriguez,-80.48323843,8.18292167,3046,afa9e3e4-de5e-42a6-94da-513eed8804b2,1597153106568,b_ayarza,1610831294243,b_ayarza,Cable Onda ,No ,No,,No ,1,2.0 Mb ,,
6357,C.E.B.G. El Nazareth,Colon,Donoso,San José Del General,Colón,14,Si,Si,Panel Solar,Si,Satelital,16,Daniela Becerra,-80.5792187,8.80302467,3047,620c0780-420f-40a6-bfda-5f8e7f15f9f7,1597153106568,b_ayarza,1610831293330,b_ayarza,Cable Onda ,No ,No,,Si ,1,2.0 Mb ,,
6361,C.E.B.G. Cristo Redentor,Panama,Chepo,Tortí,Panamá Este,19,Si,Si,Planta Eléctrica Propia,No,Sin Internet,7,Sallyana Del C. Garcia,-78.56580412,8.94313685,3048,3ffcb5c7-cf5c-4ff7-9f08-f002e7b0f1eb,1597153106568,b_ayarza,1610240084258,b_ayarza,SN/SV,No ,No,,Si ,SN/SV,SN/SV,,
6362,Escuela Quebrada Grande,Veraguas,Soná,Río Grande,Veraguas,23,No,Si,Compañía Distribuidora,Si,Satelital,13,Katya Villarreal,-81.36413752,7.72619694,3049,ac5d6ece-d65e-43e5-aa74-cbb669505f9a,1597153106568,b_ayarza,1610831352339,b_ayarza,Cable Onda ,No ,No,,No ,1,2.0 Mb ,,
6363,Escuela San Antonio Arriba,Chiriqui,Renacimiento,Monte Lirio,Chiriquí,41,Si,Si,Compañía Distribuidora,Si,Hibrido de Fibra Coaxial,15,Laurie Sanchez,-82.771667,8.799487,3050,acf24147-684b-4473-84b6-d4a6aa035a7f,1597153106568,b_ayarza,1610831358561,b_ayarza,CWP,No ,No,,No ,1,10 Mb ,,
6367,Centro Educativo Isidro Guainora,Comarca Embera,Cémaco,Cirilo Guaynora,Comarca Emberá,0,Si,Si,Compañía Distribuidora,Si,Satelital,1,Bernabel Chanapi,-77.653615,8.376734,3052,6dd5df0b-563f-4d65-9fd6-bb5525abdada,1597153106568,b_ayarza,1610831364887,b_ayarza,Cable Onda ,No ,No,,Si,3,2.0 Mb ,,
6370,Escuela Guayabalito,Comarca Ngabe-Bugle,Ñürüm,Agua de Salud,Comarca Ngäbe-Buglé,41,Si,Si,Planta Eléctrica Propia,No,Sin Internet,Dato por verificar,Dato por Verificar,-81.40919435,8.4931072,3053,a102fe92-9dd7-4c0b-a473-efe955474e14,1597153106568,b_ayarza,1610240087205,b_ayarza,SN/SV,No ,No,,Si ,SN/SV,SN/SV,,
6373,Escuela Salto Tres Piedras,Darien,Chepigana ,Río Congo Arriba,Darién,13,Si,Si,Panel Solar,No,Sin Internet,Dato por verificar,Dato por Verificar,-78.38966,8.75082,3054,147f50a7-21b9-40e2-8ff4-556d2ba6d2a9,1597153106568,b_ayarza,1610240092043,b_ayarza,SN/SV,No ,No,,Si ,SN/SV,SN/SV,,
6761,Escuela Nueva Lucha Petaquilla,Colon,Donoso,Coclé Del Norte,Colón,183,Si,Si,Panel Solar,No,Sin Internet,15,Doris Williams,-80.73454951,8.89957145,3056,541278c3-b02b-4992-aaca-a1841256ca57,1597153106568,b_ayarza,1610240095989,b_ayarza,SN/SV,No ,No,,Si ,SN/SV,SN/SV,,
6762,C.E.B.G. La Mina,Comarca Ngabe-Bugle,Jirondai,Tuwai,Comarca Ngäbe-Buglé,50,Si,No,Dato por Verificar,No,Sin Internet,1,David Pineda,-82.311752,9.014083,3057,e0dffd60-cbac-43ab-a15a-300ae7841d62,1597153106568,b_ayarza,1610240098584,b_ayarza,SN/SV,No ,No,,Si ,SN/SV,SN/SV,,
6764,C.E.B.G. Tres Piedras,Bocas del Toro,Changuinola,El Teribe,Bocas del Toro,22,Si,Si,Panel Solar,No,Sin Internet,8,Joan Guardado,-82.630703,9.372412,3058,361cc297-4848-45c3-97c5-9f8c8754e4d0,1597153106568,b_ayarza,1610240101620,b_ayarza,SN/SV,No ,No,,Si ,SN/SV,SN/SV,,
6765,C.E.B.G. Mi Pueblito,Darien,Pinogana ,Boca De Cupé,Darién,6,Si,No,Dato por Verificar,No,Sin Internet,5,Ricardo Bermudez,-77.581349,8.049339,3059,d9ef44f3-3a6e-44a7-9fb5-0552f9ecc6b8,1597153106568,b_ayarza,1610240103420,b_ayarza,SN/SV,No ,No,,Si ,SN/SV,SN/SV,,
6766,C.E.B.G. El Trapichito,Panama Oeste,La Chorrera,Barrio Colón ,Panamá Oeste ,437,No,Si,Compañía Distribuidora,Si,Hibrido de Fibra Coaxial,2,Meliza Mata C.,-79.78657146,8.89308956,3060,5ed7e6ad-1ae2-4334-bc41-357f2559e7db,1597153106568,b_ayarza,1610831408087,b_ayarza,Cable Onda ,No ,No,,No ,1,6 Mb ,,
6773,Centro Educativo  Veracruz,Panama Oeste,Arraijan,Veracruz,Panamá Oeste,480,No,Si,Compañía Distribuidora,No,Sin Internet,1-C,Norma Cerrud,-79.61160866,8.90097241,3061,98fe97d0-7908-419a-b573-3bfadb4b241a,1597153106568,b_ayarza,1610240105240,b_ayarza,SN/SV,No ,Si,,Si ,SN/SV,SN/SV,,
6776,Escuela Afnati,Darien,Pinogana ,Metetí,Darién,15,Si,No,Dato por Verificar,No,Sin Internet,4,Carlos Gonzalez,-77.977882,8.501948,3062,50ec8c87-df9e-43fe-afcc-2757bf604767,1597153106568,b_ayarza,1610240107703,b_ayarza,SN/SV,No ,No,,Si ,SN/SV,SN/SV,,
6777,Escuela La Peñita,Darien,Chepigana ,Río Congo,Darién,8,Si,Si,Panel Solar,No,Sin Internet,1,Rosa Peña,-78.36271006,8.56922699,3063,7a06dfb7-75b2-42c1-a047-421c1d831681,1597153106568,b_ayarza,1610240109383,b_ayarza,SN/SV,No ,No,,Si ,SN/SV,SN/SV,,
6778,Escuela Las Peñitas,Darien,Chepigana ,Jaqué,Darién,0,Si,No,Dato por Verificar,No,Sin Internet,7,Felix ortega,-78.161378,7.516427,3064,e49b639b-59d2-4b1b-b233-4d05fad3d710,1597153106568,b_ayarza,1610240111657,b_ayarza,SN/SV,No ,No,,Si ,SN/SV,SN/SV,,
6779,Escuela Pueblo Nuevo,Panama Oeste,Capira,Santa Rosa,Panamá Oeste,19,Si,No,Dato por Verificar,No,Sin Internet,6,Adriana Mendez,-79.7893448,8.8784685,3065,bfba2951-ad24-41f7-b691-8c5c04d8a577,1597153106568,b_ayarza,1610240114957,b_ayarza,SN/SV,No ,No,,Si ,SN/SV,SN/SV,,
6780,Escuela Santiago Fernandez Garcia,Veraguas,Calobre,Las Guías,Veraguas,127,No,Si,Compañía Distribuidora,Si,Fibra Óptica,16,Roman Pinzon Mendieta,-80.75887154,8.20404376,3066,c6ff5881-c2bb-40fe-bb05-20e9c2d71c1e,1597153106568,b_ayarza,1610831428796,b_ayarza,Cable Onda ,No ,No,,No ,1,10 Mb ,,
6781,Escuela El Guabo,Veraguas,Las Palmas,Las Palmas,Veraguas,27,No,Si,Panel Solar,No,Sin Internet,27,Yolanda Toribio,-81.001433,8.001433,3067,dbc716d8-6481-420a-b8f8-25ad3fabfb57,1597153106568,b_ayarza,1610240126962,b_ayarza,SN/SV,No ,No,,Si ,SN/SV,SN/SV,,
6783,Escuela Dos Canos Abajo,Bocas del Toro,Changuinola,Las Tablas,Bocas del Toro,89,Si,Si,Planta Eléctrica Propia,No,Sin Internet,7,Diana Acosta,-82.74537,9.546408,3068,c93e3a37-66a4-49c6-a002-1b69f3af087f,1597153106568,b_ayarza,1610240132141,b_ayarza,SN/SV,No ,No,,No ,SN/SV,SN/SV,,
6785,Escuela Quebrada Pita,Comarca Ngabe-Bugle,Jirondai,Tuwai,Comarca Ngäbe-Buglé,50,Si,No,Dato por Verificar,No,Sin Internet,1,Katia Concepcion,-82.38675884,8.988179647,3069,131a466c-7d22-48fe-b611-a736483d5ca6,1597153106568,b_ayarza,1610240134587,b_ayarza,SN/SV,No ,No,,Si,SN/SV,SN/SV,,
6791,Escuela Llano Banco,Comarca Ngabe-Bugle,Müna,Sitio Prado,Comarca Ngäbe-Buglé,57,Si,No,Dato por Verificar,No,Sin Internet,30,Angel Prado,-81.58325201,8.42055049,3070,218c8dd4-e6a9-404b-a1f9-fd2d14e2da6b,1597153106568,b_ayarza,1610240136128,b_ayarza,SN/SV,No ,No,,Si ,SN/SV,SN/SV,,
6793,Escuela Porvenir,Darien,Pinogana ,Yaviza,Darién,25,Si,Si,Compañía Distribuidora,No,Sin Internet,4,Luis Barsallo,-77.780435,8.249661,3072,2cc632f6-34f7-4448-a5e2-0f627415f1ab,1597153106568,b_ayarza,1610240139578,b_ayarza,SN/SV,No ,Si,,Si ,SN/SV,SN/SV,,
6794,C.E.B.G. El Hijo del Carpintero,Panama Oeste,Arraijan,Veracruz,Panamá Oeste,136,No,Si,Compañía Distribuidora,Si,Microondas,9,Elena Maria Pinzon Saldaña,-79.589669,8.939003,3073,3c1d2008-1d59-4329-aa34-d0c4e9cf0923,1597153106568,b_ayarza,1610831447837,b_ayarza,Digicel ,No ,No,,Si ,1,4 Mb ,,
6797,Escuela Day Puru,Comarca Embera,Sambú,Río Sábalo,Comarca Emberá,0,Si,Si,Planta Eléctrica de Empresa,No,Sin Internet,3,Sirilia Rosales,-78.219258,7.981496,3074,83b6edbb-1af4-4ad5-afe2-72f6756ae06c,1597153106568,b_ayarza,1610240141306,b_ayarza,SN/SV,No ,No,,Si ,SN/SV,SN/SV,,
6799,Escuela Chucurti,Darien,Chepigana ,Santa Fé,Darién,6,Si,N/D,Dato por Verificar,No,Sin Internet,4,Yolanda Jimenez,-78.151811,8.644149,3075,349301c1-5020-4b9c-9a33-6032747b539a,1597153106568,b_ayarza,1610240143979,b_ayarza,SN/SV,No ,No,,Si ,SN/SV,SN/SV,,
6801,C.E.B.G. La  Arenilla,Panama Oeste,Capira,Cirí Grande,Panamá Oeste,30,Si,No,Dato por Verificar,No,Sin Internet,7,Yamisela Romero Perez,-80.053248,8.871471,3077,b39ddfe3-3c43-42d6-8110-859d07786e00,1597153106568,b_ayarza,1610240148499,b_ayarza,SN/SV,No ,No,,Si ,SN/SV,SN/SV,,
6802,Escuela El Cope De Ñurum,Comarca Ngabe-Bugle,Ñürüm,Agua de Salud,Comarca Ngäbe-Buglé,76,Si,Si,Panel Solar,No,Sin Internet,Dato por verificar,Dato por Verificar,-81.41846358,8.48581832,3078,e0c319d9-d228-470d-8b19-b9e924b5ef77,1597153106568,b_ayarza,1610240150899,b_ayarza,SN/SV,No ,No,,Si ,SN/SV,SN/SV,,
6803,Escuela El Paredón,Comarca Ngabe-Bugle,Ñürüm,El Paredón,Comarca Ngäbe-Buglé,66,Si,Si,Panel Solar,No,Sin Internet,Dato por verificar,Dato por Verificar,-81.19382456,8.45495772,3079,9675ee9d-f049-43a9-9b03-32f73bb6d2e9,1597153106568,b_ayarza,1610240153955,b_ayarza,SN/SV,No ,No,,Si ,SN/SV,SN/SV,,
6804,C.E.B.G. Mwaguada,Comarca Ngabe-Bugle,Ñürüm,El Piro,Comarca Ngäbe-Buglé,202,Si,Si,Compañía Distribuidora,Si,Satelital,Dato por verificar,Dato por Verificar,-81.8736742,8.2775065,3080,a9b3fae4-1c38-4a88-a974-0fc79d558597,1597153106568,b_ayarza,1610831474279,b_ayarza,Cable Onda  ,No ,No,,Si ,1,2.0 Mb ,,
6808,C.E.B.G. Emberá Quera,Colon,Colón,Limón,Colón,20,Si,Si,Panel Solar,No,Sin Internet,5,Elvia Lawrence,-79.809707,9.259625,3082,b3ff1361-4328-4f30-9999-fb45b2c539cc,1597153106568,b_ayarza,1610240157832,b_ayarza,SN/SV,No ,No,,No ,SN/SV,SN/SV,,
6809,Instituto Nuestra Señora De La Merced,Panama,Panamá,El Chorrillo,Panamá Centro,417,No,Si,Compañía Distribuidora,Si,Hibrido de Fibra Coaxial,2,Javier M. Garcia,-79.548783,8.947374,3083,2e8bbc3a-c563-4b40-8235-21fdf9af229c,1597153106568,b_ayarza,1610831484057,b_ayarza,Cable Onda  ,No ,No,,No ,1,6 Mb ,,
6810,C.E.B.G. Icacal Arriba,Colon,Chagres,Salud,Colón,7,No,Si,Panel Solar,No,Sin Internet,8,Itza Magallon,-80.15068604,9.19965353,3084,473f5232-3c56-4138-a068-8cff0c1b6538,1597153106568,b_ayarza,1610240159633,b_ayarza,SN/SV,No ,No,,Si ,SN/SV,SN/SV,,
6811,Escuela Tres Brazos,Cocle,La Pintada ,El Harino,Coclé,18,Si,No,Dato por Verificar,No,Sin Internet,Dato por verificar,Dato por Verificar,-80.59842,8.68405,3085,04c90ec9-0a3d-4ecf-afe6-c7bda61cd928,1597153106568,b_ayarza,1610240161442,b_ayarza,SN/SV,No ,Si,,Si ,SN/SV,SN/SV,,
6818,C.E.B.G. Krincha Drua,Comarca Embera,Sambú,Río Sábalo,Comarca Emberá,0,Si,No,Dato por Verificar,No,Sin Internet,3,Elasio Chami,-78.219258,7.981496,3086,9c0a4433-068a-4eeb-9927-ef3c67fa58bf,1597153106568,b_ayarza,1610240164492,b_ayarza,SN/SV,No ,No,,Si ,SN/SV,SN/SV,,
6819,C.E.B.G. Batatilla,Cocle,La Pintada ,Llano Grande,Coclé,21,Si,No,Dato por Verificar,No,Sin Internet,Dato por verificar,Dato por Verificar,-80.440126,8.634937,3087,17b86354-d2e1-42b5-95e1-799dab1f53d3,1597153106568,b_ayarza,1610240166289,b_ayarza,SN/SV,No ,No,,No ,SN/SV,SN/SV,,
6820,C.E.B.G. El Marañonal,Panama Oeste,La Chorrera,Barrio Balboa ,Panamá Oeste ,61,No,Si,Planta Eléctrica de Empresa,Si,Microondas,Dato por verificar,Dato por Verificar,-79.776533,8.868209,3088,1adfc9ca-d655-47f1-af35-7f64e140618a,1597153106568,b_ayarza,1610831563915,b_ayarza,CWP,No ,No,,Si ,1,4 Mb ,,
6821,Centro Educativo República de China (Taiwan),Panama,Panamá,Las Garzas De Pacora,Panamá Centro,961,No,Si,Compañía Distribuidora,Si,Fibra Óptica,11,Nilka Franco,-79.24894838,9.12353508,3089,0168cee9-30d0-4ba7-a88f-19844f1dcc34,1597153106568,b_ayarza,1610831555138,b_ayarza,CWP,No ,No,,Si ,4,10 Mb/ 50 Mb ,,
6823,Centro Educativo Artes Diversificadas,Panama,Panamá,Ancón,Panamá Centro,176,No,Si,Compañía Distribuidora,Si,Fibra Óptica,4,Alberto Olmos,-79.571135,8.985167,3090,ccad8856-8ce2-454e-9991-663401963557,1597153106568,b_ayarza,1610831596355,b_ayarza,Cable Onda,No ,No,,Si ,1,10 Mb ,,
6824,Centro Educativo Guillermo Endara Galimany,Panama Oeste,La Chorrera,Playa Leona,Panamá Oeste ,1447,No,Si,Compañía Distribuidora,Si,Fibra Óptica,2,Heydhy Caballero De Gonzalez,-79.78405,8.861242,3091,f3958368-15e0-4871-8a28-95eec2a30975,1597153106568,b_ayarza,1610831597500,b_ayarza,Cable Onda,No ,No,,Si ,4,10 Mb ,,
6825,Centro Educativo Bilingüe Estado de Qatar,Panama,Chepo,Chepo,Panamá Este,1020,No,Si,Compañía Distribuidora,Si,Fibra Óptica,2,Tomas Madrid,-79.227883,9.134185,3092,62e5e6bd-7cc3-4e43-9f12-18294de1c1cb,1597153106568,b_ayarza,1610831601206,b_ayarza,Cable Onda,No ,No,,Si ,1,10 Mb ,,
6826,C.E.B.G. San Pedro Nolasco,Panama Oeste,Arraijan,Burunga,Panamá Oeste ,385,No,Si,Compañía Distribuidora,No,Sin Internet,1-B,Javier M. Garcia,-79.68088,8.975095,3093,cda99d6f-4a3d-41a4-aad4-69d0c3bdfb65,1597153106568,b_ayarza,1610240168738,b_ayarza,SN/SV,No ,Si,,Si ,SN/SV,SN/SV,,
6842,C.E.B.G. Los Pinos,Panama Oeste,El Cacao ,Capira,Panamá Oeste ,27,No,N/D,Dato por Verificar,No,Sin Internet,7,Dato por Verificar,-79.5546641,8.9507772,3096,d74a3155-0a21-4e18-9b35-505a55230fec,1597153106568,b_ayarza,1610240177321,b_ayarza,SN/SV,No ,No,,Si ,SN/SV,SN/SV,,
6845,Centro Educativo Santa Rita,Cocle,Antón,Santa Rita,Coclé,257,No,Si,Compañía Distribuidora,Si,Microondas/Fibra Óptica ,4,Rosa E. Tuñon,-80.20379339,8.48637327,3097,d0b3aa1b-5d8e-4b15-88e5-9458e8cfecad,1597153106568,b_ayarza,1610831621143,b_ayarza,CWP,No ,No,,No ,4,10 Mb ,,
6853,Centro Maach Pobor,Comarca Embera,Cémaco,Lajas Bancas,Comarca Emberá,0,Si,N/D,Dato por Verificar,No,Sin Internet,2,Maria De Montenegro,-77.812179,8.62262,3098,9edaf7db-0f80-405d-8c6f-b8bb55ee1ffd,1597153106568,b_ayarza,1610240181954,b_ayarza,SN/SV,No ,No,,Si ,SN/SV,SN/SV,,
6854,Centro Educativo El Porvenir,Veraguas,Río De Jesús,Utira,Comarca Ngäbe-Buglé,34,No,N/D,Dato por Verificar,No,Sin Internet,Dato por verificar,Dato por Verificar,-81.130331,7.583305,3099,25d826db-4569-4862-af6e-97b2788f6399,1597153106568,b_ayarza,1610240184710,b_ayarza,SN/SV,No ,No,,Si ,SN/SV,SN/SV,,
6856,Escuela Generino Prado Santos,Comarca Ngabe-Bugle,Müna,Cerro Puerco,Comarca Ngäbe-Buglé,103,No,N/D,Dato por Verificar,No,Sin Internet,25,Dato por Verificar,-81.77849,8.34003,3101,065be1de-d412-4baf-8717-b9e63acda5d3,1597153106568,b_ayarza,1610240192118,b_ayarza,SN/SV,No ,No,,Si ,SN/SV,SN/SV,,
6858,Centro Educativo El Chorro de Rio Bejuco,Veraguas,Santa Fé,Calovebora,Veraguas,87,No,N/D,Dato por Verificar,No,Sin Internet,24,Manuel Rodriguez,-81.209668,8.78723,3102,9d75d30e-b0d5-4b4f-8e3a-c99851a86328,1597153106568,b_ayarza,1610240195090,b_ayarza,SN/SV,No ,No,,Si ,SN/SV,SN/SV,,
6859,Centro Nueva Eden,Colon,Donoso,San José Del General,Colón,58,No,Si,Panel Solar,No,Sin Internet,15,Lourdes Caceres,-80.55742,8.80812,3103,6c02063b-7368-430b-9184-6818716ebcdb,1597153106568,b_ayarza,1610240198876,b_ayarza,SN/SV,No ,No,,Si ,SN/SV,SN/SV,,
6860,Centro Nueva Esperanza,Colon,La Encantada,Chagres,Colón,52,No,Si,Panel Solar,No,Sin Internet,16,Yolanda Guzman,-79.884989,9.334556,3104,17795a4c-2f26-49a8-b861-c8f6bbaf0a2c,1597153106568,b_ayarza,1610240200833,b_ayarza,SN/SV,No ,No,,Si ,SN/SV,SN/SV,,
7144,C.E.B.G. Higuerón,Comarca Ngabe-Bugle,Besiko,Niba,Comarca Ngäbe-Buglé,113,No,N/D,Dato por Verificar,No,Sin Internet,Dato por verificar,Dato por Verificar,-81.958107,8.519176,3106,d001632c-c925-4658-909a-187d97496068,1597153106568,b_ayarza,1610240203660,b_ayarza,SN/SV,No ,No,,Si ,SN/SV,SN/SV,,
7224,Centro Jidlaa,Comarca Ngabe-Bugle,Santa Catalina o Calovebo,Valle Bonito (Dogata),Comarca Ngäbe-Buglé,60,No,N/D,Dato por Verificar,No,Sin Internet,Dato por verificar,Jorge Vasquez,-81.22659,8.79334,3108,7e9ca6c1-4430-4e4a-8a48-488dc4fb6b24,1597153106568,b_ayarza,1610240208429,b_ayarza,SN/SV,No ,No,,Si ,SN/SV,SN/SV,,
7297,Centro De Formación Integral Bilingüe Padre Fernando Guardia Jaén P.J.,Panama,Panamá,Pacora,Panamá Centro,1414,No,Si,Compañía Distribuidora,Si,Fibra Óptica,Dato por verificar,Dato por Verificar,-79.294932,9.08584,3110,878a52ea-cc9e-4882-9c2a-935f5eef6926,1597153106568,b_ayarza,1610831666363,b_ayarza,CWP ,No ,No,,No ,1,50 Mb ,,
7298,Centro Educativo Bajo Palma,Comarca Ngabe-Bugle,Müna,Maraca,Comarca Ngäbe-Buglé,66,No,N/D,Dato por Verificar,No,Sin Internet,Dato por verificar,Dato por Verificar,-81.740297,8.354197,3111,7b5c9f4a-c766-4095-b92c-5251d422c71a,1597153106568,b_ayarza,1610240212007,b_ayarza,SN/SV,No ,No,,Si ,SN/SV,SN/SV,,
7299,C.E.B.G. Naranjo Chico,Comarca Guna Yala ,Comarca Guna Yala ,Narganá,Comarca Guna Yala ,104,No,Si,Dato por Verificar,Si,Satelital,Dato por verificar,Dato por Verificar,-78.99826,9.31942,3112,6bf55573-6e43-482f-a568-dc450a23be3a,1597153106568,b_ayarza,1610831703722,b_ayarza,CWP ,No ,No,,No ,1,2.0 Mb ,,
7303,C.E.B.G. Ciudad Esperanza,Panama Oeste,Arraijan ,Vista Alegre,Panamá Oeste,202,No,Si,Compañía Distribuidora,No,Sin Internet,Dato por verificar,Dato por Verificar,-79.70388,8.905117,3114,6a6c49db-14e6-441b-8c26-221f378f6efa,1597153106568,b_ayarza,1610240216775,b_ayarza,SN/SV,No ,Si,202.0,No ,SN/SV,SN/SV,,
7304,C.E.F.I.B. De Azuero Papa Francisco,Herrera,Chitré,Chitré,Herrera,900,No,Si,Planta Eléctrica de Empresa,No,Sin Internet,Dato por verificar,Dato por Verificar,-80.446918,7.966201,3115,51cea613-d40e-414f-a243-fd2b59284942,1597153106568,b_ayarza,1610240218560,b_ayarza,SN/SV,No ,No,,No ,SN/SV,SN/SV,,
7305,C.E.B.G. Quebrada Cogollo,Comarca Ngabe-Bugle,Besiko,Boca De Balsa,Comarca Ngäbe-Buglé,72,No,N/D,Dato por Verificar,No,Sin Internet,Dato por verificar,Dato por Verificar,-82.03411,8.59219,3116,f95112c9-3dd1-4084-a3fc-4ef7c64afadd,1597153106568,b_ayarza,1610240220889,b_ayarza,SN/SV,No ,No,,Si ,SN/SV,SN/SV,,
7306,C.E.B.G. Keaboto,Comarca Ngabe-Bugle,Besiko,Niba,Comarca Ngäbe-Buglé,33,No,N/D,Dato por Verificar,No,Sin Internet,Dato por verificar,Dato por Verificar,-81.958868,8.520009,3117,3818ea7a-4dc1-41c4-934c-76f088e0d704,1597153106568,b_ayarza,1610240223790,b_ayarza,SN/SV,No ,No,,Si ,SN/SV,SN/SV,,
7307,C.E.B.G. Alto Rey,Comarca Ngabe-Bugle,Nole Duima,Susama,Comarca Ngäbe-Buglé,55,No,N/D,Dato por Verificar,No,Sin Internet,Dato por verificar,Dato por Verificar,-81.80606,8.360833,3118,b3c57088-fbfd-4447-a916-eecc80cab583,1597153106568,b_ayarza,1610240225555,b_ayarza,SN/SV,No ,No,,Si ,SN/SV,SN/SV,,
7310,Centro Tolay,Comarca Ngabe-Bugle,Mironó,Quebrada de Loro,Comarca Ngäbe-Buglé,168,No,N/D,Dato por Verificar,No,Sin Internet,Dato por verificar,Dato por Verificar,-81.919715,8.354957,3121,0f0f5cd5-3daf-4caf-b628-d783a239b7cd,1597153106568,b_ayarza,1610240231802,b_ayarza,SN/SV,No ,No,,Si ,SN/SV,SN/SV,,
5178,Escuela Boca de Ullama,Comarca Ngabe-Bugle,Besiko,Cerro Banco,Comarca Ngäbe-Buglé,104,Si,Si,Panel Solar,No,Sin Internet,19,Oscar Moreno,-81.99080422,8.42563888,3123,41f66f5f-288e-42a7-bffc-a411e4d57c4d,1597153106568,b_ayarza,1610240233662,b_ayarza,SN/SV,No ,No,,Si,SN/SV,SN/SV,,
5179,Escuela Carlos Santiago Marccuci,Comarca Ngabe-Bugle,Besiko,Cerro Banco,Comarca Ngäbe-Buglé,636,Si,Si,Panel Solar,Si,Satelital,17,German Trotman,-82.03219302,8.45980535,3124,08372f47-f932-4180-8a2e-ed307bd34170,1597153106568,b_ayarza,1610830340160,b_ayarza,Cable Onda ,No ,No,,Si,1,2.0 Mb ,,
5181,Escuela Llano Iglesia,Comarca Ngabe-Bugle,Besiko,Cerro Banco,Comarca Ngäbe-Buglé,243,Si,Si,Panel Solar,Si,Satelital,17,Diomedes Jimenez,-81.99668756,8.45187636,3125,9a9a90f5-009d-4c3a-b5b3-5e24f0b42422,1597153106568,b_ayarza,1610830342158,b_ayarza,Cable Onda ,No ,No,,Si,1,2.0 Mb ,,
5186,Escuela Cerro Guasímo,Comarca Ngabe-Bugle,Besiko,Cerro De Patena,Comarca Ngäbe-Buglé,83,Si,Si,Panel Solar,No,Sin Internet,18,Sandra Vergara,-81.92191522,8.48702745,3126,972dcc28-3f58-4758-b768-30e1cee0bdda,1597153106568,b_ayarza,1610240235630,b_ayarza,SN/SV,No ,No,,Si,SN/SV,SN/SV,,
5187,C.E.B.G. Cerro Patena,Comarca Ngabe-Bugle,Besiko,Cerro De Patena,Comarca Ngäbe-Buglé,360,Si,Si,Panel Solar,No,Sin Internet,18,Paul Santiago,-81.93358192,8.41119444,3127,3e699cbf-6a77-4063-9d41-f043c15c656c,1597153106568,b_ayarza,1610240257743,b_ayarza,SN/SV,No ,No,,Si,SN/SV,SN/SV,,
5188,Escuela Cerro Balsa,Comarca Ngabe-Bugle,Besiko,Cerro De Patena,Comarca Ngäbe-Buglé,107,Si,Si,Panel Solar,No,Sin Internet,18,Yuli Cruz,-81.94222,8.49252,3128,b2f97a56-17b0-490a-9574-9707ff50042e,1597153106568,b_ayarza,1610240260500,b_ayarza,SN/SV,No ,No,,Si,SN/SV,SN/SV,,
5189,Escuela Cerro Madera,Comarca Ngabe-Bugle,Besiko,Cerro De Patena,Comarca Ngäbe-Buglé,53,Si,Si,Panel Solar,No,Sin Internet,18,Gilberto Hernandez,-81.92163742,8.4214722,3129,72f8a360-41cc-4d75-a059-214e391947f9,1597153106568,b_ayarza,1610240263330,b_ayarza,SN/SV,No ,No,,Si,SN/SV,SN/SV,,
5192,Escuela La Unión,Comarca Ngabe-Bugle,Besiko,Emplanada De Chorcha,Comarca Ngäbe-Buglé,51,Si,Si,Panel Solar,No,Sin Internet,15,Jose Gonzalez,-82.15641,8.63983,3130,dfb0136d-5620-4118-909f-af0290970109,1597153106568,b_ayarza,1610240265754,b_ayarza,SN/SV,No ,No,,Si,SN/SV,SN/SV,,
5193,Escuela Lajero,Comarca Ngabe-Bugle,Besiko,Nämnoni,Comarca Ngäbe-Buglé,760,Si,Si,Panel Solar,Si,Satelital,Dato por verificar,Dato por Verificar,-81.97226401,8.37342175,3131,2352501f-3ebb-473c-aa65-0c57b3ebc3d6,1597153106568,b_ayarza,1610830366434,b_ayarza,CWP,Si,No,,Si,1,10 Mb ,,
5195,Escuela Barranco,Comarca Ngabe-Bugle,Besiko,Nämnoni,Comarca Ngäbe-Buglé,63,Si,Si,Panel Solar,No,Sin Internet,19,Avilio Jimenez,-81.94165291,8.38062042,3132,5d332917-1dc0-4285-95ab-02f97c836384,1597153106568,b_ayarza,1610240267464,b_ayarza,SN/SV,No ,No,,Si,SN/SV,SN/SV,,
5197,Escuela Quebrada Cianca,Comarca Ngabe-Bugle,Mironó,Hato Pilón,Comarca Ngäbe-Buglé,158,Si,Si,Panel Solar,No,Sin Internet,21,Agapito Espinosa,-81.8410846,8.3744681,3133,b2214d26-3a82-4a66-9fe2-032d03be84aa,1597153106568,b_ayarza,1610240269184,b_ayarza,SN/SV,No ,No,,Si,SN/SV,SN/SV,,
5198,Escuela Hato Corotu,Comarca Ngabe-Bugle,Mironó,Hato Corotú,Comarca Ngäbe-Buglé,337,Si,Si,Panel Solar,Si,Satelital,20,Johan Savedra,-81.97441532,8.32536146,3134,722c19c2-41ad-4f7b-b458-a187fa83801e,1597153106568,b_ayarza,1610830385470,b_ayarza,CWP,Si,No,,Si,1,10 Mb ,,
5202,Escuela Cañazas,Comarca Ngabe-Bugle,Mironó,Quebrada De Loro,Comarca Ngäbe-Buglé,94,Si,Si,Panel Solar,No,Sin Internet,Dato por verificar,Dato por Verificar,-81.92706,8.34597,3135,1e853914-0613-44e2-8dfc-ef8c150f757f,1597153106568,b_ayarza,1610240273171,b_ayarza,SN/SV,No ,No,,Si,SN/SV,SN/SV,,
5204,Escuela Cerro Corozo,Comarca Ngabe-Bugle,Mironó,Hato Pilón,Comarca Ngäbe-Buglé,100,Si,Si,Panel Solar,No,Sin Internet,21,Arnulfo Bejerano,-81.81092,8.3732,3136,1607fb8d-3bb9-4b93-878a-70328db17ba0,1597153106568,b_ayarza,1610240274980,b_ayarza,SN/SV,No ,No,,Si,SN/SV,SN/SV,,
5208,Escuela Llano Palma,Comarca Ngabe-Bugle,Müna,Dikeri,Comarca Ngäbe-Buglé,224,Si,No,Dato por Verificar,No,Sin Internet,28,Domingo Miranda,-81.64925452,8.40200774,3137,5060c0dc-06d9-4231-b095-698a2c5a4ec9,1597153106568,b_ayarza,1610240277411,b_ayarza,SN/SV,No ,No ,,Si,SN/SV,SN/SV,,
5209,Escuela Cerro Cruz,Comarca Ngabe-Bugle,Müna,Chichica,Comarca Ngäbe-Buglé,54,Si,No,Dato por Verificar,No,Sin Internet,28,Omaira Rodriguez,-81.65897289,8.38974127,3138,c78fd5a0-1417-4a56-8f0b-78e595164c1c,1597153106568,b_ayarza,1610240279228,b_ayarza,SN/SV,No ,No,,Si,SN/SV,SN/SV,,
5213,Escuela Cerro Banco,Comarca Ngabe-Bugle,Müna,Cerro Puerco,Comarca Ngäbe-Buglé,111,Si,Si,Panel Solar,No,Sin Internet,25,Felix Montero,-81.77302642,8.38258345,3139,c32fa5df-f0e8-49e7-8d67-ec25e46d56cb,1597153106568,b_ayarza,1610240281327,b_ayarza,SN/SV,No ,No,,Si,SN/SV,SN/SV,,
5214,Escuela Cerro Ortiga,Comarca Ngabe-Bugle,Müna,Cerro Puerco,Comarca Ngäbe-Buglé,361,Si,Si,Panel Solar,No,Sin Internet,25,Arcadio Flores,-81.77524862,8.36619461,3140,9c373b33-b07b-416d-97c1-69a7a7a274a9,1597153106568,b_ayarza,1612993907337,b_ayarza,SN/SV,No ,No,,Si,SN/SV,SN/SV,Si,
5215,Escuela Hato Comun,Comarca Ngabe-Bugle,Müna,Krüa,Comarca Ngäbe-Buglé,258,Si,Si,Panel Solar,Si,Satelital,29,Noriel Salinas,-81.57302642,8.54619392,3141,917d959b-498e-4eb0-902e-bd21c17d6eb3,1597153106568,b_ayarza,1610830405363,b_ayarza,CWP,Si,No,,Si,1,10 Mb ,,
5216,Escuela Llano Camarón,Comarca Ngabe-Bugle,Müna,Krüa,Comarca Ngäbe-Buglé,72,Si,Si,Panel Solar,No,Sin Internet,Dato por verificar,Dato por Verificar,-81.52719302,8.49813861,3142,69bd40e7-57aa-4ec1-8291-5bb457531bac,1597153106568,b_ayarza,1610240286327,b_ayarza,SN/SV,Si,No,,Si,SN/SV,SN/SV,,
5219,Escuela Cerro Maiz,Comarca Ngabe-Bugle,Müna,Nibra,Comarca Ngäbe-Buglé,300,Si,Si,Compañía Distribuidora,Si,Satelital,31,Dalys Pardo,-81.58163742,8.28425052,3143,a90ec778-31b2-43ee-a82e-e64f3ea5033f,1597153106568,b_ayarza,1610830421426,b_ayarza,Cable Onda ,No ,Si,,Si,1,2.0 Mb ,,
5220,Escuela Llano Macano,Comarca Ngabe-Bugle,Müna,Nibra,Comarca Ngäbe-Buglé,135,Si,Si,Panel Solar,No,Sin Internet,31,Wilfredo Solis,-81.54830412,8.28230602,3144,d1634c2f-25ee-4db9-ab79-c510e93dce5c,1597153106568,b_ayarza,1610240289282,b_ayarza,SN/SV,No ,No,,Si,SN/SV,SN/SV,,
5221,Escuela Nuevo Paraíso,Comarca Ngabe-Bugle,Müna,Nibra,Comarca Ngäbe-Buglé,76,Si,Si,Panel Solar,No,Sin Internet,31,Orlando Navarro,-81.54782049,8.26338298,3145,89f11f8c-53ef-48e5-aa02-366b1919a0ae,1597153106568,b_ayarza,1610240291063,b_ayarza,SN/SV,No ,Si,,Si,SN/SV,SN/SV,,
5222,Escuela Guayabal De Peña Blanca,Comarca Ngabe-Bugle,Müna,Peña Blanca,Comarca Ngäbe-Buglé,378,Si,Si,Panel Solar,No,Sin Internet,26,Salomon Andrade,-81.652965,8.530771,3146,293e48a3-e7ec-497b-933f-8ffc13760308,1597153106568,b_ayarza,1610240292894,b_ayarza,SN/SV,No ,No,,Si,SN/SV,SN/SV,,
5223,Escuela Cerro Venado,Comarca Ngabe-Bugle,Müna,Peña Blanca,Comarca Ngäbe-Buglé,133,Si,Si,Panel Solar,No,Sin Internet,26,Amado Salinas,-81.65586776,8.49756433,3147,6ee6a1c5-aef5-44ca-9cf8-8f2ca643dd7a,1597153106568,b_ayarza,1610240295896,b_ayarza,SN/SV,No ,No,,Si,SN/SV,SN/SV,,
5225,Escuela Cerro Papayo,Comarca Ngabe-Bugle,Müna,Sitio Prado,Comarca Ngäbe-Buglé,149,Si,Si,Panel Solar,No,Sin Internet,29,Genaro Salina,-81.60789558,8.39318383,3148,5976c66a-e562-4479-b34e-df5e1b9b87a2,1597153106568,b_ayarza,1610240297462,b_ayarza,SN/SV,No ,No,,Si,SN/SV,SN/SV,,
5226,Escuela Cerro Teta,Comarca Ngabe-Bugle,Müna,Sitio Prado,Comarca Ngäbe-Buglé,69,Si,Si,Panel Solar,No,Sin Internet,30,Eynar Pinzon,-81.55957813,8.3667946,3149,3f78d1fd-9b1e-4e21-86ae-119a74f98dc5,1597153106568,b_ayarza,1610240299728,b_ayarza,SN/SV,No ,No,,Si,SN/SV,SN/SV,,
5229,Escuela Nueva Esperanza,Comarca Ngabe-Bugle,Müna,Sitio Prado,Comarca Ngäbe-Buglé,160,Si,Si,Panel Solar,No,Sin Internet,29,Jose Jimenez,-81.62856689,8.40362289,3150,b6adfae5-fddc-48fe-84cb-3dbbf85eb9ed,1597153106568,b_ayarza,1610240302514,b_ayarza,SN/SV,No ,No,,Si,SN/SV,SN/SV,,
5230,Escuela Alto Grillo,Comarca Ngabe-Bugle,Müna,Krüa,Comarca Ngäbe-Buglé,107,Si,Si,Panel Solar,No,Sin Internet,29,Margarita Bonilla,-81.58024862,8.48147197,3151,3a21a976-03a8-4b08-8938-dedb6f9be3c6,1597153106568,b_ayarza,1610240305817,b_ayarza,SN/SV,No ,No,,Si,SN/SV,SN/SV,,
5231,Escuela Comunidad Tugri,Comarca Ngabe-Bugle,Müna,Ümani,Comarca Ngäbe-Buglé,73,Si,Si,Panel Solar,No,Sin Internet,27,Hector Diaz,-81.71821713,8.31626481,3152,c151139d-1357-4455-8340-6624a94c9fd8,1597153106568,b_ayarza,1610240307883,b_ayarza,SN/SV,No ,No,,Si,SN/SV,SN/SV,,
5232,Escuela Palma Gira,Comarca Ngabe-Bugle,Müna,Ümani,Comarca Ngäbe-Buglé,166,Si,Si,Panel Solar,No,Sin Internet,27,Ismael Mendoza,-81.73358192,8.2875838,3153,6353c066-4339-4594-820a-51f0023abb67,1597153106568,b_ayarza,1610240309720,b_ayarza,SN/SV,No ,No,,Si,SN/SV,SN/SV,,
5233,Escuela Alto Castillo,Comarca Ngabe-Bugle,Müna,Ümani,Comarca Ngäbe-Buglé,79,Si,Si,Planta Eléctrica Propia,No,Sin Internet,27,Ana Cedeño,-81.72580422,8.28147273,3154,12e3d1d1-9eda-4102-a60e-8b43138aebac,1597153106568,b_ayarza,1610240311739,b_ayarza,SN/SV,No ,No,,Si,SN/SV,SN/SV,,
5237,Escuela Caracol,Comarca Ngabe-Bugle,Nole Duima,Hato Chamí,Comarca Ngäbe-Buglé,200,Si,Si,Panel Solar,No,Sin Internet,24,Aracelys Montero,-81.79997082,8.4211944,3155,3a97249a-7d20-47ce-8788-daa6afaf306d,1597153106568,b_ayarza,1610240313899,b_ayarza,SN/SV,No ,No,,Si,SN/SV,SN/SV,,
5240,Escuela Hato Rincon,Comarca Ngabe-Bugle,Nole Duima,Jädeberi,Comarca Ngäbe-Buglé,351,Si,Si,Panel Solar,No,Sin Internet,Dato por verificar,Dato por Verificar,-81.79191532,8.48591635,3156,f7e7dbd9-ef3a-4381-8433-4884c4d0f9c5,1597153106568,b_ayarza,1610240317002,b_ayarza,SN/SV,No ,No,,Si,SN/SV,SN/SV,,
5242,Escuela Hato Horcon,Comarca Ngabe-Bugle,Nole Duima,Lajero,Comarca Ngäbe-Buglé,71,Si,Si,Panel Solar,No,Sin Internet,23,Hernan Berroa,-81.77358192,8.31147261,3157,cfd2d890-975f-4b5a-8717-1a5ca346d8fe,1597153106568,b_ayarza,1610240318708,b_ayarza,SN/SV,No ,No,,Si,SN/SV,SN/SV,,
5243,Escuela Quebrada Honda,Comarca Ngabe-Bugle,Nole Duima,Lajero,Comarca Ngäbe-Buglé,123,Si,Si,Panel Solar,No,Sin Internet,23,Aquile Guerrero,-81.79385972,8.2889727,3158,6a4bbd4f-9ff7-472d-b9a1-d247d8907d85,1597153106568,b_ayarza,1610240320426,b_ayarza,SN/SV,No ,Si,,Si,SN/SV,SN/SV,,
5245,Escuela San Vicente,Cocle,Penonomé,Tulú,Coclé,21,Si,Si,Panel Solar,No,Sin Internet,14,Dato por Verificar,-80.40913742,8.87952601,3159,e8adf470-d97c-404e-b133-98fd0eeda5f7,1597153106568,b_ayarza,1610240323973,b_ayarza,SN/SV,No ,No,,Si,SN/SV,SN/SV,,
5266,C.E.B.G. Lucas Barcenas,Panama Oeste,Arraijan,Burunga,Panamá Oeste ,739,No,Si,Compañía Distribuidora,Si,Fibra Óptica,1-A,Damaris Chan Almanza,-79.66544713,8.96700773,3160,2ac7fd18-f377-473a-9426-0c11c097b689,1597153106568,b_ayarza,1610830445027,b_ayarza,CWP,No ,No,,Si,2,10 Mb ,,
5269,C.E.B.G. Carlos Ballesteros,Los Santos,Las Tablas,La Palma,Los Santos,205,No,Si,Compañía Distribuidora,Si,Fibra Óptica,Dato por verificar,Dato por Verificar,-80.193883,7.693143,3161,a3e1265d-a798-4571-ad53-22ff80161ce0,1597153106568,b_ayarza,1610830489841,b_ayarza,CWP,No ,No,,No ,1,10 Mb ,,
5270,Instituto Carmen Conte Lombardo,Cocle,Penonomé,Pajonal,Coclé,631,No,Si,Compañía Distribuidora,Si,Fibra Óptica,Dato por verificar,Dato por Verificar,-80.27373955,8.57632213,3162,4626b811-4b17-49c9-a1ba-3fa933dabfdb,1597153106568,b_ayarza,1610830490539,b_ayarza,Cable Onda ,No ,No,,No ,3,10 Mb ,,
5271,C.E.B.G. Zapotillo,Veraguas,Las Palmas,Zapotillo,Veraguas,155,No,Si,Compañía Distribuidora,Si,Fibra Óptica,26,Guillermo Sanjur,-81.50872063,8.00701748,3163,5ac47b64-fff6-4054-8d57-ff48988c88a9,1597153106568,b_ayarza,1610830491808,b_ayarza,Cable Onda ,No ,No,,Si ,1,10 Mb ,,
5276,I.P.T. Jesús H. Gallego,Veraguas,San Francisco,San Juan,Veraguas,306,No,Si,Compañía Distribuidora,Si,Microondas,7,Fidel Delgado,-81.01583333,8.31166667,3164,7dacbf01-ec43-427d-9b7c-670de9bcec05,1597153106568,b_ayarza,1610830492377,b_ayarza,Digicel ,No ,No,,No ,2,10 Mb ,,
5278,C.E.B.G. Manuel B. Higuero,Panama Oeste,San Carlos,San Carlos,Panamá Oeste ,415,No,Si,Compañía Distribuidora,Si,Fibra Óptica,11,Leonidas  Muñoz,-79.95302642,8.47536089,3165,321d0d9c-399e-4cdd-a650-6a354372c58d,1597153106568,b_ayarza,1610830494123,b_ayarza,CWP,No ,No,,No ,1,10 Mb ,,
5282,Escuela Playa Chiquita,Panama Oeste,La Chorrera,Puerto Caimito,Panamá Oeste ,109,No,Si,Planta Eléctrica de Empresa,Si,Microondas,9,Viodelda Caballero,-79.721,8.864,3167,8169c0ce-2f08-461f-abb5-828a99858ad5,1597153106568,b_ayarza,1612994503675,b_ayarza,Digicel,No ,No,,Si,1,4 Mb ,Si ,
5287,Escuela Cristina C. de Sánchez,Herrera,Chitré,Chitré,Herrera,194,No,Si,Compañía Distribuidora,Si,Fibra Óptica,1,Luz De Corro,-80.434444,7.9625,3168,4d65660f-39be-4f79-8592-a7cc3dc52369,1597153106568,b_ayarza,1610830553152,b_ayarza,Cable Onda ,No ,No,,No ,1,10 Mb ,,
5293,C.E.B.G. La Mitra,Panama Oeste,La Chorrera,Playa Leona,Panamá Oeste ,1086,No,Si,Compañía Distribuidora,Si,Hibrido de Fibra Coaxial,3,Luis Antonio Zamora Ramos,-79.78519847,8.8432183,3169,9ad20045-f466-4ec5-83fb-2aeac1e34b8a,1597153106568,b_ayarza,1610830557846,b_ayarza,Cable Onda ,No ,No,,Si,1,6 Mb ,,
5298,Escuela Los Andes,Panama,San Miguelito,Omar Torrijos,San Miguelito,783,No,Si,Compañía Distribuidora,Si,Hibrido de Fibra Coaxial,9,Alma M. Villa,-79.51175177,9.04990413,3170,0691c51a-06b2-466a-aef8-d33fa834a293,1597153106568,b_ayarza,1610831748496,b_ayarza,Cable Onda ,No ,No,,Si,2,6 Mb ,,
5308,Escuela Ciudad Santa Fe,Panama,Panamá,Pacora,Panamá Centro,2124,No,Si,Compañía Distribuidora,Si,Fibra Óptica,11,Argelis Delgado,-79.320435,9.118573,3171,0a4e0c25-0ede-4c19-aede-9b0f72cfd03f,1597153106568,b_ayarza,1610830566185,b_ayarza,Cable Onda ,No ,No,,No ,2,10 Mb ,,
5309,Escuela Carlos C. Arosemena,Panama,Panamá,Pacora,Panamá Centro,536,No,Si,Compañía Distribuidora,Si,Microondas,11,Cirilo Sandoval,-79.29131248,9.12510597,3172,4a587380-58db-4078-b7e3-792dd9e87c8f,1597153106568,b_ayarza,1610830569020,b_ayarza,Cable Onda ,No ,No,,Si,2,10 Mb ,,
5315,Escuela Naranjo Grande,Comarca Guna Yala ,Comarca Guna Yala ,Narganá,Comarca Guna Yala ,155,Si,Si,Panel Solar,Si,Satelital,1,Arnulio Camargo Arias,-79.02608192,9.4617458,3173,185bb8cc-ab6d-4781-8285-1181e96a97d6,1597153106568,b_ayarza,1610830575558,b_ayarza,Cable Onda ,No ,No,,Si,1,2.0 Mb ,,
5316,Escuela Punta Cuaco,Comarca Ngabe-Bugle,Kankintú,Bisira (Cabecera),Comarca Ngäbe-Buglé,26,Si,Si,Panel Solar,Si,Satelital,Dato por verificar,Dato por Verificar,-81.77348,8.98481,3174,5d614f94-48d6-4578-8058-de6145adf0ed,1597153106568,b_ayarza,1610830578688,b_ayarza,CWP ,No ,No,,Si,1,10 Mb ,,
5317,Escuela Tori Anexa Bisira,Comarca Ngabe-Bugle,Kankintú,Bisira (Cabecera),Comarca Ngäbe-Buglé,105,Si,Si,Panel Solar,No,Sin Internet,5,Reinaldo Trotman,-81.859724,8.901924,3175,dde9e132-9f28-42e0-91eb-be58b102e759,1597153106568,b_ayarza,1610240358602,b_ayarza,SN/SV,No ,No,,Si,SN/SV,SN/SV,,
5318,Escuela Valle Libre,Bocas del Toro,Changuinola,Valle Del Risco,Bocas del Toro,64,Si,Si,Panel Solar,No,Sin Internet,3,Simon Santos,-82.473286,8.97797,3176,844632f4-4255-46c0-bb8f-1c2980c7a534,1597153106568,b_ayarza,1610240362688,b_ayarza,SN/SV,No ,No,,Si,SN/SV,SN/SV,,
5319,Escuela Alto Romero,Bocas del Toro,Changuinola,Valle Del Risco,Bocas del Toro,52,Si,Si,Panel Solar,No,Sin Internet,3,Luis Lopez,-82.38369382,8.93589047,3177,3dc2fdb0-e6b5-4970-865c-3215882725ec,1597153106568,b_ayarza,1610240364751,b_ayarza,SN/SV,No ,No,,Si,SN/SV,SN/SV,,
5320,C.E.B.G. El Empalme,Bocas del Toro,Changuinola,El Empalme,Bocas del Toro,2572,Si,Si,Compañía Distribuidora,Si,Hibrido de Fibra Coaxial,4,Dato por Verificar,-82.520021,9.421169,3178,f43831ab-12a3-495a-b09d-16644c160926,1597153106568,b_ayarza,1610830604330,b_ayarza,Cable Onda ,No ,No,,No ,1,6 Mb ,,
5323,C.E.B.G. Quebrada Pastor,Bocas del Toro,Changuinola,Valle De Agua Arriba,Bocas del Toro,311,Si,Si,Panel Solar,No,Sin Internet,1,Carolina Ortega,-82.36552642,9.20813577,3179,db5f8071-019b-403b-aa91-2d672d065be7,1597153106568,b_ayarza,1610240368417,b_ayarza,SN/SV,No ,Si,,Si,SN/SV,SN/SV,,
5324,C.E.B.G. Sieyick,Bocas del Toro,Changuinola,El Teribe,Bocas del Toro,285,Si,Si,Panel Solar,No,Sin Internet,8,Isabel Maltan,-82.53479,9.37076,3180,bbf61afa-2bad-484c-8124-14cd8ddcd8c4,1597153106568,b_ayarza,1610240371065,b_ayarza,SN/SV,No ,No,,Si,SN/SV,SN/SV,,
5326,Escuela Alto Refugio,Bocas del Toro,Bocas del Toro,Cauchero,Bocas del Toro,19,Si,Si,Panel Solar,No,Sin Internet,12,Mirtha Miranda,-82.376055,9.148684,3181,768386e2-cc17-43d6-9ac0-e8ffc63b643d,1597153106568,b_ayarza,1610240373874,b_ayarza,SN/SV,No ,No,,No ,SN/SV,SN/SV,,
5327,C.E.B.G. Rio Caña Arriba,Comarca Ngabe-Bugle,Kusapín,Canaveral,Comarca Ngäbe-Buglé,353,Si,Si,Panel Solar,Si,Satelital,11,Veronica Stonestreeh,-81.70274862,8.85063723,3182,884a5e3f-5b31-48b6-b660-a637ef5e6da0,1597153106568,b_ayarza,1610830636449,b_ayarza,Cable Onda ,No ,No,,Si,1,2.0 Mb ,,
5328,C.E.B.G. Bahía Azul,Comarca Ngabe-Bugle,Kusapín,Bahía Azul,Comarca Ngäbe-Buglé,601,Si,Si,Panel Solar,Si,Satelital,9,Iginio Duncan,-81.89302632,9.13869156,3183,0eb85ce4-417f-4a4c-8a5b-85d271780e6b,1597153106568,b_ayarza,1610830638162,b_ayarza,Cable Onda ,No ,No,,Si,2,2.0 Mb ,,
5333,Escuela Playón Grande,Comarca Guna Yala ,Comarca Guna Yala ,Aligandí,Comarca Guna Yala ,27,Si,Si,Panel Solar,No,Sin Internet,2,Angel Ariaga,-78.33691522,9.34896848,3185,5203ae9f-ba56-407b-9e0b-ce33f34d68b5,1597153106568,b_ayarza,1610240375739,b_ayarza,SN/SV,No ,No,,Si ,SN/SV,SN/SV,,
5371,P.C. Divala,Chiriqui,Alanje,Divalá,Chiriquí,563,No,Si,Compañía Distribuidora,Si,Fibra Óptica,Dato por verificar,Dato por Verificar,-82.715916,8.412074,3186,c931e8cf-333a-4f07-b710-a2c9594d05cc,1597153106568,b_ayarza,1610830698116,b_ayarza,CWP,No ,No,,Si ,2,10 Mb ,,
5398,C.E.B.G. Homero Ayala,Panama,Panamá,Juan Díaz,Panamá Centro,662,No,Si,Compañía Distribuidora,Si,Hibrido de Fibra Coaxial,8,Liliana Quintero,-79.45608192,9.03896976,3188,9271cdbb-f01e-44f8-8bcb-c54cb9f0b9ea,1597153106568,b_ayarza,1610830730901,b_ayarza,Cable Onda ,No ,No,,Si ,1,6 Mb ,,
5408,C.E.B.G. Las Minas,Herrera,Las Minas ,Las Minas,Herrera,204,No,No (Por Construir Edificio Nuevo),Dato por Verificar,Si,Hibrido de Fibra Coaxial,9,Daiwy M. Peña,-80.75436268,7.80288336,3189,4122b762-63ce-4df5-bafa-ab5ac79f9389,1597153106568,b_ayarza,1610830731659,b_ayarza,Cable Onda ,No ,No ,,Si ,1,6 Mb ,,
5414,P.C. Arturo Daniel Motta,Chiriqui,Remedios,Remedios,Chiriquí,171,No,Si,Compañía Distribuidora,Si,Fibra Óptica,Dato por verificar,Dato por Verificar,-81.82629952,8.2249595,3190,4ec36975-23a4-423d-8688-43c671743d24,1597153106568,b_ayarza,1610830732190,b_ayarza,CWP,No ,No,,No ,1,10 Mb ,,
5421,Escuela Eligio Tejada O.,Veraguas,Calobre,Calobre,Veraguas,237,No,Si,Compañía Distribuidora,Si,Fibra Óptica,16,Betzaida Camaño,-80.84368578,8.31826169,3191,c218de72-06fc-4b80-b4f3-71691ba9893d,1597153106568,b_ayarza,1610830733978,b_ayarza,Cable Onda ,No ,No,,No ,1,10 Mb ,,
5428,C.E.B.G. Sardinas,Cocle,La Pintada ,Llano Grande,Coclé,89,Si,Si,Panel Solar,No,Sin Internet,21,Aurora Cordoba,-80.48552632,8.75230422,3192,99e42497-4f00-4761-97ab-d2815c743a3f,1597153106568,b_ayarza,1610240380443,b_ayarza,SN/SV,No ,Si,,Si ,SN/SV,SN/SV,,
5430,Escuela La Tosca,Panama,Chepo,Tortí,Panamá Este,43,No,Si,Planta Eléctrica Propia,No,Sin Internet,5,Deika Pinto,-78.6007745,9.03613622,3193,d002d9d5-7493-4a73-8313-2c9ce2834367,1597153106568,b_ayarza,1610240382131,b_ayarza,SN/SV,No ,No,,Si ,SN/SV,SN/SV,,
5432,Escuela Nuevo San José No. 2,Colon,Donoso,San José Del General,Colón,48,Si,Si,Panel Solar,No,Sin Internet,16,Gonzalo Gonzalez,-80.60891777,8.79309626,3194,aff7c808-ff80-4573-be81-5d68c1fbd585,1597153106568,b_ayarza,1610240385022,b_ayarza,SN/SV,No ,No,,Si ,SN/SV,SN/SV,,
5433,Escuela Caño del Rey ,Colon,Donoso,Coclé Del Norte,Colón,41,Si,Si,Panel Solar,No,Sin Internet,15,Edilda Gonzalez,-80.54580412,9.06008078,3195,a4666fcf-0a14-474f-9a5e-b839e16d1543,1597153106568,b_ayarza,1610240386644,b_ayarza,SN/SV,No ,No,,Si ,SN/SV,SN/SV,,
5442,C.E.B.G. Vista Bella,Panama Oeste,Arraijan,Arraijan,Panamá Oeste,859,No,Si,Planta Eléctrica de Empresa,Si,Hibrido de Fibra Coaxial,1-C,Nilsa De Gomez,-79.64946446,8.93150462,3196,00e0b5db-02ce-45a9-ab2b-bfe99483aa1d,1597153106568,b_ayarza,1610830763867,b_ayarza,Cable Onda ,No ,No,,Si ,1,6 Mb ,,
5448,Escuela Cabecera de San Pablo No. 2,Comarca Ngabe-Bugle,Ñürüm,Güibale,Comarca Ngäbe-Buglé,85,Si,Si,Panel Solar,No,Sin Internet,Dato por verificar,Dato por Verificar,-81.35997082,8.51452744,3198,2def49b5-4ae5-492f-b4e8-cc672df85163,1597153106568,b_ayarza,1610240388409,b_ayarza,SN/SV,No ,No,,Si ,SN/SV,SN/SV,,
5450,Escuela Rio Bejuco,Veraguas,Santa Fé,Calovebora,Veraguas,61,Si,Si,Panel Solar,Si,Satelital,24,Mabel Pineda,-81.21138889,8.78722222,3199,1eb26f47-46cc-49d2-9521-eebb8861e5b6,1597153106568,b_ayarza,1610830790189,b_ayarza,Cable Onda ,No ,No,,Si ,1,2.0 Mb ,,
5451,Escuela Santiaguito,Veraguas,Santa Fé,Calovebora,Veraguas,35,Si,Si,Panel Solar,No,Sin Internet,24,Jaime Garcia,-80.9640096,8.76268257,3200,1be9e341-dfc9-40a1-8928-255d55ab70b5,1597153106568,b_ayarza,1610240391722,b_ayarza,SN/SV,No ,No,,Si ,SN/SV,SN/SV,,
5500,C.E.B.G. Desmond Byam,Colon,Colón,San Juan,Colón,449,No,Si,Compañía Distribuidora,Si,Fibra Óptica,7,Olga Valdes,-79.62836482,9.23364027,3202,33f87b80-bca1-4f29-b436-83f4ad771615,1597153106568,b_ayarza,1610830813520,b_ayarza,Cable Onda ,No ,No,,No ,1,10 Mb ,,
5512,C.E.B.G. Tomas Martin Feuillet,Panama Oeste,La Chorrera,Barrio Balboa ,Panamá Oeste ,644,No,Si,Compañía Distribuidora,Si,Hibrido de Fibra Coaxial,3,Pilar De Herrera,-79.785487,8.871739,3203,96c5bfc1-a4b5-49ba-9f21-d7ea16e80277,1597153106568,b_ayarza,1610830815364,b_ayarza,Cable Onda ,No ,No,,Si ,1,6 Mb ,,
5515,Escuela San Antonio,Chiriqui,Barú,Rodolfo Aguilar Delgado,Chiriquí,110,No,Si,Compañía Distribuidora,Si,Fibra Óptica,20,Edgar A. Lopez S.,-82.88741197,8.3713064,3205,5c03cc81-ba0b-4fe6-a8d3-6c066718e5cb,1597153106568,b_ayarza,1610830838280,b_ayarza,CWP,No ,No,,Si ,1,6 Mb ,,
5548,Escuela  Marganao,Panama Oeste,Capira,Cirí Grande,Panamá Oeste,20,Si,Si,Compañía Distribuidora,Si,Satelital,7,Luzmelia Alvarado,-80.053276,8.871624,3207,406919b4-0075-491e-8e96-c566092d7081,1597153106568,b_ayarza,1610830858857,b_ayarza,Cable Onda ,No ,No,,Si ,1,2.0 Mb ,,
5555,Escuela Rio Colorado,Darien,Chepigana ,Chepigana,Darién,8,Si,Si,Panel Solar,No,Sin Internet,2,Ellis Sanchez V.,-78.03441228,8.14128235,3208,f656c19e-b1db-4225-af9a-d8d3c8f274a2,1597153106568,b_ayarza,1610240410507,b_ayarza,SN/SV,No ,No,,Si ,SN/SV,SN/SV,,
5561,Escuela Quebrada Limón,Bocas del Toro,Chiriquí Grande ,Chiriquí Grande,Bocas del Toro,58,Si,No,Dato por Verificar,No,Sin Internet,14,Luz Graciela Ramos,-82.142541,8.954929,3209,0042e9e0-cd83-4f5d-b7eb-776a42fac116,1597153106568,b_ayarza,1610240412502,b_ayarza,SN/SV,No ,No,,Si ,SN/SV,SN/SV,,
5563,Escuela Barriada Guaymi,Bocas del Toro,Changuinola,Almirante,Bocas del Toro,257,Si,Si,Compañía Distribuidora,Si,Fibra Óptica,1,Gladis Aguilar,-82.404437,9.290075,3210,e5b9690e-9ea8-4d63-bd07-85e032add05e,1597153106568,b_ayarza,1610830896742,b_ayarza,CWP,No ,No,,Si ,1,10 Mb ,,
5564,Escuela Finca 11,Bocas del Toro,Changuinola,Changuinola ,Bocas del Toro,339,Si,Si,Compañía Distribuidora,Si,Hibrido de Fibra Coaxial,Dato por verificar,Dato por Verificar,-82.517697,9.463231,3211,6657b329-2c6a-4beb-ae93-b3abd47bb74b,1597153106568,b_ayarza,1610830899926,b_ayarza,Cable Onda ,No ,No,,Si ,1,6 Mb ,,
5565,Escuela Llano Piedra,Comarca Ngabe-Bugle,Santa Catalina o Calovebo,Alto Bilingüe (Gdogueshia),Comarca Ngäbe-Buglé,40,Si,No,Dato por Verificar,No,Sin Internet,Dato por verificar,Dato por Verificar,-81.27596,8.60418,3212,998998c6-7c8a-4162-ab31-321ce1700141,1597153106568,b_ayarza,1610240414322,b_ayarza,SN/SV,No ,No,,Si ,SN/SV,SN/SV,,
5566,Escuela Teobroma,Bocas del Toro,Changuinola,Changuinola ,Bocas del Toro,646,Si,Si,Compañía Distribuidora,No,Sin Internet,Dato por verificar,Dato por Verificar,-82.571611,9.428552,3213,ef5398ab-9f77-4efb-90b7-691b7d5e9579,1597153106568,b_ayarza,1610240417073,b_ayarza,SN/SV,No ,Si,646.0,No ,SN/SV,SN/SV,,
5569,C.E.B.G. San Juan de Limón,Cocle,La Pintada ,El Harino,Coclé,39,Si,No,Dato por Verificar,No,Sin Internet,Dato por verificar,Dato por Verificar,-80.61191522,8.74619314,3214,30056002-9b6b-401b-aea6-aae8c5c37a4a,1597153106568,b_ayarza,1610240418969,b_ayarza,SN/SV,No ,No,,Si ,SN/SV,SN/SV,,
5570,C.E.B.G. Nuevo Sinaí,Colon,Donoso,San José Del General,Colón,51,Si,Si,Panel Solar,No,Sin Internet,16,Yessica Santos,-80.63301092,8.8934524,3215,27f9a162-7550-4fb2-88df-9b377b60820d,1597153106568,b_ayarza,1610240421579,b_ayarza,SN/SV,No ,No,,Si ,SN/SV,SN/SV,,
5573,Escuela Alto Tolica,Comarca Ngabe-Bugle,Ñürüm,Buenos Aires,Comarca Ngäbe-Buglé,61,Si,Si,Panel Solar,Si,Satelital,Dato por verificar,Dato por Verificar,-81.497833,8.478912,3216,c87eb4c6-5f14-48cb-b7f8-5d687ce9fc60,1597153106568,b_ayarza,1610830913759,b_ayarza,CWP,Si,No,,Si ,1,10 Mb ,,
5574,Escuela La Palizada,Veraguas,Santa Fé,Río Luis,Veraguas,61,Si,Si,Panel Solar,No,Sin Internet,23,Marcos Vasquez,-81.19794018,8.73863835,3217,74437869-98d0-4381-b057-506235aa8523,1597153106568,b_ayarza,1610240423344,b_ayarza,SN/SV,No ,No,,Si ,SN/SV,SN/SV,,
5576,Escuela Llano Grande,Veraguas,San Francisco,Remance,Veraguas,5,No,Si,Panel Solar,No,Sin Internet,7,Alexis Muñoz,-81.0833,8.31667,3218,383040c8-4061-4497-b7f7-145d45f87f88,1597153106568,b_ayarza,1610240425891,b_ayarza,SN/SV,No ,No,,Si ,SN/SV,SN/SV,,
5577,Escuela Peñas Blancas,Veraguas,Santa Fé,Calovebora,Veraguas,73,Si,No,Dato por Verificar,No,Sin Internet,24,Chanel Ledezma,-81.209639,8.786933,3219,bde59e15-3770-4852-9367-50c88ab29390,1597153106568,b_ayarza,1610240427564,b_ayarza,SN/SV,No ,No,,Si ,SN/SV,SN/SV,,
5612,Escuela Grecia,Panama,Panamá,Las Cumbres,Panamá Norte,1394,No,Si,Compañía Distribuidora,Si,Fibra Óptica,3,Yoira Perea,-79.56228011,9.1053624,3220,9a56169f-6ef1-4161-94d9-2176a54e3d8c,1597153106568,b_ayarza,1610830958050,b_ayarza,CWP,No ,No,,No ,1,10 Mb ,,
5637,C.E.B.G. República de Paraguay,Colon,Colón,Barrio Norte ,Colón,221,No,Si,Compañía Distribuidora,Si,Hibrido de Fibra Coaxial,2,Briselda Brenes,-79.901171,9.365376,3223,fce0cbc6-fd24-4313-9624-315840ff196c,1597153106568,b_ayarza,1610830993681,b_ayarza,Cable Onda ,No ,No,,Si ,1,6 Mb ,,
5662,C.E.B.G. Hermana María Mercedes Pérez,Comarca Ngabe-Bugle,Ñürüm,El Bale,Comarca Ngäbe-Buglé,356,Si,Si,Compañía Distribuidora,Si,Satelital,Dato por verificar,Dato por Verificar,-81.37062812,8.34615224,3224,be0d227c-279f-4a5f-9496-4aa6ed435201,1597153106568,b_ayarza,1610830999845,b_ayarza,Cable Onda ,No ,No,,Si ,2,2.0 Mb ,,
5668,Escuela Sabaneta,Herrera,Los Pozos,La Arena,Herrera,11,No,Si,Compañía Distribuidora,No,Sin Internet,12,Ercenia Jimenez,-80.61700567,7.74818185,3225,55787c29-2761-4359-9d97-95ea2a63516e,1597153106568,b_ayarza,1610240435879,b_ayarza,SN/SV,No ,Si,,Si ,SN/SV,SN/SV,,
5688,Escuela Simral Colman,Comarca Guna Yala ,Comarca Guna Yala ,Aligandí,Comarca Guna Yala ,387,Si,Si,Panel Solar,Si,Satelital,3,Iraiza Robinson,-78.02691522,9.23035788,3226,f15f63f2-16dd-450a-a7d8-e1acd675bd32,1597153106568,b_ayarza,1610831030733,b_ayarza,Cable Onda ,No ,No,,Si ,1,2.0 Mb ,,
5691,Escuela Rio Guisado Anexa Santa Clara,Chiriqui,Renacimiento,Santa Clara,Chiriquí,70,No,Si,Compañía Distribuidora,Si,Satelital,15,Neyra Edith Castillo Ch.,-82.8053852,8.8277192,3227,7b11ec1f-bf9e-49de-9cff-bc8f79e94343,1597153106568,b_ayarza,1610831032552,b_ayarza,Cable Onda ,No ,No,,No ,1,2.0 Mb ,,
5693,Escuela Pueblo Nuevo,Comarca Ngabe-Bugle,Ñurum,Cerro Pelado,Comarca Ngäbe-Buglé,152,Si,Si,Panel Solar,No,Sin Internet,Dato por verificar,Dato por Verificar,-81.52747082,8.18258419,3228,24718146-db4b-456a-b2c0-5aa23cca72e6,1597153106568,b_ayarza,1610240437239,b_ayarza,SN/SV,No ,No,,Si ,SN/SV,SN/SV,,
5702,Colegio Monsenor Francisco Beckmann,Panama,Panamá,Ernesto Córdoba Campos,Panamá Norte,4096,No,Si,Compañía Distribuidora,Si,Hibrido de Fibra Coaxial/Fibra Óptica,3,Norato Gonzalez,-79.53135972,9.09896952,3229,d63973b4-2417-4f52-912e-547c57f1b280,1597153106568,b_ayarza,1610831062679,b_ayarza,CWP,No ,No,,Si ,5,3-6 Mb/ 20 Mb/ 50 Mb,,
5735,Instituto Cacique Olodebiliginya,Comarca Guna Yala ,Comarca Guna Yala ,Aligandí,Comarca Guna Yala ,205,Si,Si,Panel Solar,No,Sin Internet,3,Abdiel Avila,-77.928165,9.133953,3230,0c1f2d15-4bed-4a71-a21d-b89f17d7ca24,1597153106568,b_ayarza,1610240440124,b_ayarza,SN/SV,No ,No,,Si ,SN/SV,SN/SV,,
5765,Escuela Playa Hermosa,Comarca Ngabe-Bugle,Kusapín,Bahía Azul,Comarca Ngäbe-Buglé,92,Si,Si,Panel Solar,No,Sin Internet,9,Rigoberto Lorenzo,-81.87364895,9.087782516,3231,2b36de85-ad2c-429f-99b1-385015bc9338,1597153106568,b_ayarza,1610240443360,b_ayarza,SN/SV,No ,No,,Si ,SN/SV,SN/SV,,
5766,Escuela Monte Virgen,Comarca Ngabe-Bugle,Kusapín,Bahía Azul,Comarca Ngäbe-Buglé,100,Si,Si,Planta Eléctrica de Empresa,No,Sin Internet,9,Enda Rodriguez,-81.80354161,9.024820808,3232,9d3fd58e-0e10-4789-8160-fa18d1fd3759,1597153106568,b_ayarza,1610240445391,b_ayarza,SN/SV,No ,No,,Si ,SN/SV,SN/SV,,
5767,Escuela Palma Bella,Comarca Ngabe-Bugle,Kusapín,Bahía Azul,Comarca Ngäbe-Buglé,28,Si,Si,Panel Solar,No,Sin Internet,9,Damaris Almanza,-81.84274265,9.04100636,3233,592cc133-3420-4b73-8425-002712248b50,1597153106568,b_ayarza,1610240447154,b_ayarza,SN/SV,No ,No,,Si ,SN/SV,SN/SV,,
5768,C.E.B.G. Pablo Alzamora Vargas ,Cocle,Penonomé,Chiguirí Arriba,Coclé,373,No,Si,Compañía Distribuidora,Si,Satelital,8,Virginia Villacres M.,-80.19007836,8.67457541,3234,7b0c44ac-279e-4c48-bfa9-cf7c0919bea5,1597153106568,b_ayarza,1610831093600,b_ayarza,Cable Onda ,No ,No,,Si ,2,2.0 Mb ,,
5775,Escuela Rio Indio,Panama,Chepo,Tortí,Panamá Este,12,Si,No,Dato por Verificar,No,Sin Internet,4,Marisol Cordoba,-79.500302,9.201778,3236,a4234415-358a-461b-bd09-83b053d4f333,1597153106568,b_ayarza,1610240458584,b_ayarza,SN/SV,No ,No,,Si ,SN/SV,SN/SV,,
5813,Escuela Quebrada Molejón,Comarca Ngabe-Bugle,Besiko,Niba,Comarca Ngäbe-Buglé,88,Si,Si,Panel Solar,No,Sin Internet,18,Juliani Amador,-81.958764,8.519675,3237,9b4bcddf-0e98-4f4e-a186-570e0fca393a,1597153106568,b_ayarza,1610240460256,b_ayarza,SN/SV,No ,No,,Si ,SN/SV,SN/SV,,
5837,Escuela Pigandi,Panama,Chepo,Tortí,Panamá Este,53,Si,No,Dato por Verificar,No,Sin Internet,7,Candida Aguilar,-78.15358192,8.99452555,3240,5d9dc3f2-cb7f-4c4b-b79e-1ddda4c1e400,1597153106568,b_ayarza,1610240468200,b_ayarza,SN/SV,No ,No ,,Si ,SN/SV,SN/SV,,
5844,Colegio Ingeniero Tomas Guardia,Panama Oeste,La Chorrera,Guadalupe,Panamá Oeste ,1577,No,Si,Compañía Distribuidora,Si,Hibrido de Fibra Coaxial,2,Luis  Alberto Arauz,-79.80503624,8.86068301,3241,191a3b20-536e-4f88-8c08-a8452d242b3c,1597153106568,b_ayarza,1610831132900,b_ayarza,Cable Onda ,No ,No,,No ,2,6 Mb ,,
5845,Escuela Camarena de Ñurum,Veraguas,Cañazas,San José,Veraguas,28,Si,Si,Panel Solar,No,Sin Internet,20,Amarelys Stanziola,-81.4100647,8.34738808,3242,a68a5f75-4098-4e33-8ca9-946e821282b3,1597153106568,b_ayarza,1610240464716,b_ayarza,SN/SV,No ,No,,Si ,SN/SV,SN/SV,,
5846,Escuela Aguacate,Veraguas,Las Palmas,Viguí,Veraguas,14,No,Si,Compañía Distribuidora,No,Sin Internet,27,Dayra Lopez,-81.213957,8.213957,3243,96be8707-0c51-421f-8146-b3308d9db7da,1597153106568,b_ayarza,1610240470013,b_ayarza,SN/SV,No ,Si,,Si ,SN/SV,SN/SV,,
5847,Escuela Llano Bonito,Comarca Ngabe-Bugle,Ñurum,Güibale,Comarca Ngäbe-Buglé,81,Si,Si,Panel Solar,No,Sin Internet,Dato por verificar,Dato por Verificar,-81.53141,8.21132,3244,f8a49663-ab84-4af0-9f9b-71abe47680ed,1597153106568,b_ayarza,1610240472834,b_ayarza,SN/SV,No ,No,,Si ,SN/SV,SN/SV,,
5848,Escuela Jobito Rojo,Bocas del Toro,Changuinola,Almirante,Bocas del Toro,22,Si,Si,Panel Solar,No,Sin Internet,1,Dato por Verificar,-82.421105,9.297867,3245,097762dc-20d4-4bed-845e-441dbe9fa319,1597153106568,b_ayarza,1610240474538,b_ayarza,SN/SV,No ,No,,Si ,SN/SV,SN/SV,,
2360,Escuela Pijiba,Darien,Chepigana,Cucunati,Darién,5,Si,No,Dato por verificar,No,Sin Internet,5,,,,3247,05ed8c5a-44c4-401d-9684-721edd7f691d,1606870998461,b_ayarza,1610240476397,b_ayarza,SN/SV,No ,No,,Si,SN/SV,SN/SV,,
7308,C.E.B.G. Quebrada Mono,Comarca Ngabe-Bugle,Kankintú,Mününi,Comarca Ngäbe-Bugle,98,No,N/D,Dato por verificar,No,Sin Internet,Dato por verificar,Dato por verificar,,,3248,4d785a9f-07d5-4b07-9214-e17bdd0ffdcd,1606968552720,b_ayarza,1610240482372,b_ayarza,SN/SV,No ,No,,Si ,SN/SV,SN/SV,,
1191,Escuela Mosquera,Colon,Chagres,Nuevo Chagres,Colón,Por definir,Si,Si,Panel Solar,No ,Sin Internet,8,Dato por Verificar,,,3250,db09b14d-f980-4808-ae98-de6b1b54fe59,1613582420982,b_ayarza,1613584330195,b_ayarza,SN/SV,No ,No ,,Si,SN/SV,SN/SV,,
1594,Escuela Bajo Grande,Chiriqui,Bugaba,Cerro Punta,Chiriquí,,No ,,,Dato por verificar,,Dato por verificar,,,,3251,7bd4fd37-3b2c-4ddf-97c7-8be6db38bc57,1613592419019,b_ayarza,1622076614234,b_ayarza,,Dato por verificar,Dato por verificar,,Dato por verificar,Dato por verificar,Dato por verificar,,
2196,Pijibazal,Darien,Pinogana,El Real de Santa María,Darién,,Dato por verificar,,,Dato por verificar,,Dato por verificar,,,,3252,3fa22019-0c94-40d1-8aa8-e281f1ccfa3f,1613592599567,b_ayarza,1622076616041,b_ayarza,,Dato por verificar,Dato por verificar,,Dato por verificar,Dato por verificar,Dato por verificar,,
2929,Escuela La Candelaria,Los Santos,Pocrí,Paraíso,Los Santos,,No,,,Dato por verificar,,Dato por verificar,,,,3253,7cd92107-10f5-4a4c-9558-618fb6996ac1,1613592803984,b_ayarza,1622076617306,b_ayarza,,Dato por verificar,Dato por verificar,,Dato por verificar,Dato por verificar,Dato por verificar,,
4671,Instituto Nacional de Agricultura,Veraguas,Santiago,La Raya de Santa María,Veraguas,,No,,,Dato por verificar,,Dato por verificar,,,,3254,548a7728-4c57-4d73-ae6c-4c69cb1fae2c,1613593184229,b_ayarza,1622076619104,b_ayarza,,Dato por verificar,Dato por verificar,,Dato por verificar,Dato por verificar,Dato por verificar,,
4879,Escuela Emberá Puru,Darien,Santa Fé,Agua Fría,Darién ,,Dato por verificar,,,Dato por verificar,,Dato por verificar,,,,3255,ffc69e2d-11ca-4d62-9dbe-8ef4f3140594,1613593385848,b_ayarza,1622076620586,b_ayarza,,Dato por verificar,Dato por verificar,,Dato por verificar,Dato por verificar,Dato por verificar,,
4918,Rio Cañazas,Veraguas,Cañazas,El Picador,Veraguas,,Dato por verificar,,,Dato por verificar,,Dato por verificar,,,,3256,2005f399-ea72-4b5a-8ba6-65b73d0442c3,1613593562948,b_ayarza,1622076624660,b_ayarza,,Dato por verificar,Dato por verificar,,Dato por verificar,Dato por verificar,Dato por verificar,,
6798,Escuela Aruza,Darien,Pinogana,Yape,Darién,,Dato por verificar,,,Dato por verificar,,Dato por verificar,,,,3257,c0e8777c-5a5a-4b2f-8bc1-9cfcc49989d5,1613594089248,b_ayarza,1622076622529,b_ayarza,,Dato por verificar,Dato por verificar,,Dato por verificar,Dato por verificar,Dato por verificar,,
7328,Instituto General Tomas Herrera,Cocle,Antón,Rio Hato,Coclé,,No,,,Dato por verificar,,Dato por verificar,,,,3258,f8d476c4-4786-49a7-acc6-a565acc1dc5b,1613594406970,b_ayarza,1622076626527,b_ayarza,,Dato por verificar,Dato por verificar,,Dato por verificar,Dato por verificar,Dato por verificar,,
7330,Academia Bilingüe Panamá para el Futuro,Panama,Panamá,Ancón,Panamá,,No,,,Dato por verificar,,Dato por verificar,,,,3259,efd5b9ca-e771-4a77-b61e-ab5ae485df2a,1613594529589,b_ayarza,1622076628368,b_ayarza,,Dato por verificar,Dato por verificar,,Dato por verificar,Dato por verificar,Dato por verificar,,
7332,C.E. Encontrando el Camino Correcto,Panama,Arraiján,Veracruz,Panamá,,No,,,Dato por verificar,,Dato por verificar,,,,3260,a4a62998-a333-49ff-bb6a-5f740e09d07d,1613594652916,b_ayarza,1622076630471,b_ayarza,,Dato por verificar,Dato por verificar,,Dato por verificar,Dato por verificar,Dato por verificar,,
