geo_id,year,water_basic,water_improved,sanitation_basic,sanitation_sex_separated,handwashing_basic,electricity,internet,internet_type,computers,library,classrooms_total
HND_011952,2011,1,1,,,,0,0,,0,,
HND_014188,2011,1,1,,,,0,0,,0,,
HND_005823,2011,1,1,,,,1,0,,1,,
HND_011946,2011,1,1,,,,1,0,,1,,
HND_008520,2011,1,0,,,,0,0,,0,,
HND_013233,2011,1,1,,,,1,0,,1,,
HND_005382,2011,1,1,,,,0,0,,0,,
HND_003418,2011,1,0,,,,1,0,,0,,
HND_012211,2011,1,1,,,,0,0,,0,,
HND_006734,2011,1,1,,,,1,0,,0,,
HND_011290,2011,1,1,,,,1,0,,0,,
HND_016127,2011,1,1,,,,1,0,,0,,
HND_002678,2011,1,1,,,,1,0,,1,,
HND_013727,2011,1,1,,,,1,0,,0,,
HND_006436,2011,1,1,,,,1,0,,0,,
HND_006434,2011,1,1,,,,0,0,,0,,
HND_003820,2011,1,1,,,,1,0,,1,,
HND_001767,2011,1,1,,,,0,0,,0,,
HND_001197,2011,,,,,,,0,,0,,
HND_015087,2011,1,1,,,,1,0,,0,,
HND_012616,2011,1,1,,,,1,0,,0,,
HND_002219,2011,1,1,,,,0,0,,0,,
HND_006092,2011,,,,,,,0,,0,,
HND_016563,2011,1,0,,,,0,0,,0,,
HND_012774,2011,,,,,,,0,,0,,
HND_015380,2011,1,1,,,,1,0,,0,,
HND_004396,2011,1,1,,,,0,0,,0,,
HND_009541,2011,1,1,,,,1,0,,1,,
HND_004840,2011,1,1,,,,1,0,,0,,
HND_014274,2011,1,0,,,,1,0,,0,,
HND_002579,2011,1,1,,,,1,0,,1,,
HND_002720,2011,,0,,,,0,0,,0,,
HND_009859,2011,1,1,,,,1,0,,1,,
HND_012013,2011,1,1,,,,1,0,,0,,
HND_003119,2011,1,1,,,,0,0,,0,,
HND_006159,2011,1,1,,,,1,0,,0,,
HND_004482,2011,1,1,,,,0,0,,0,,
HND_015869,2011,1,1,,,,1,0,,1,,
HND_016607,2011,1,0,,,,0,0,,0,,
HND_006438,2011,1,1,,,,0,0,,0,,
HND_006432,2011,1,1,,,,1,0,,0,,
HND_006454,2011,1,1,,,,1,0,,0,,
HND_006443,2011,1,1,,,,0,0,,0,,
HND_004636,2011,,,,,,,0,,0,,
HND_011303,2011,1,1,,,,1,0,,1,,
HND_003979,2011,1,1,,,,1,0,,0,,
HND_008555,2011,1,1,,,,1,0,,1,,
HND_015538,2011,1,1,,,,0,0,,0,,
HND_001047,2011,1,0,,,,0,0,,0,,
HND_001382,2011,1,1,,,,0,0,,0,,
HND_009848,2011,1,1,,,,1,0,,0,,
HND_002206,2011,1,1,,,,1,0,,0,,
HND_000131,2011,1,1,,,,1,0,,0,,
HND_010980,2011,1,1,,,,1,0,,1,,
HND_008140,2011,1,0,,,,1,0,,1,,
HND_007589,2011,1,1,,,,1,0,,0,,
HND_000849,2011,1,0,,,,1,0,,1,,
HND_001885,2011,1,1,,,,1,0,,0,,
HND_016639,2011,1,1,,,,1,0,,0,,
HND_004154,2011,1,1,,,,1,0,,0,,
HND_014675,2011,1,0,,,,1,0,,0,,
HND_011012,2011,1,1,,,,0,0,,0,,
HND_014377,2011,1,1,,,,1,0,,0,,
HND_012011,2011,1,1,,,,1,0,,0,,
HND_010374,2011,0,0,,,,1,0,,0,,
HND_003057,2011,1,1,,,,0,0,,0,,
HND_000244,2011,1,1,,,,0,0,,0,,
HND_004116,2011,1,1,,,,0,0,,0,,
HND_015275,2011,1,1,,,,0,0,,0,,
HND_001990,2011,1,1,,,,1,0,,0,,
HND_016078,2011,1,1,,,,0,0,,0,,
HND_006713,2011,1,1,,,,0,0,,0,,
HND_016867,2011,1,1,,,,1,0,,0,,
HND_006060,2011,,0,,,,1,0,,0,,
HND_013996,2011,1,1,,,,1,0,,0,,
HND_002066,2011,1,1,,,,1,0,,0,,
HND_014501,2011,1,1,,,,1,0,,0,,
HND_015207,2011,1,1,,,,1,0,,0,,
HND_014344,2011,1,1,,,,1,0,,0,,
HND_011990,2011,1,1,,,,1,0,,1,,
HND_015043,2011,1,1,,,,1,0,,0,,
HND_006442,2011,1,1,,,,1,0,,0,,
HND_006428,2011,1,1,,,,0,0,,0,,
HND_006359,2011,,0,,,,1,0,,0,,
HND_006065,2011,1,1,,,,1,0,,0,,
HND_013621,2011,0,0,,,,0,0,,0,,
HND_000622,2011,1,1,,,,0,0,,0,,
HND_013457,2011,1,1,,,,1,0,,0,,
HND_008624,2011,1,1,,,,1,0,,0,,
HND_015182,2011,,,,,,,0,,0,,
HND_010177,2011,,,,,,,0,,0,,
HND_004291,2011,,,,,,,0,,0,,
HND_001490,2011,,,,,,,0,,0,,
HND_012609,2011,,,,,,,0,,0,,
HND_012617,2011,,,,,,,0,,0,,
HND_016179,2011,,,,,,,0,,0,,
HND_013776,2011,,,,,,,0,,0,,
HND_010825,2011,,,,,,,0,,0,,
HND_000039,2011,1,1,,,,1,0,,0,,
HND_014970,2011,1,1,,,,1,0,,1,,
HND_014648,2011,1,1,,,,1,0,,0,,
HND_013251,2011,1,1,,,,1,0,,1,,
HND_014728,2011,1,1,,,,1,0,,0,,
HND_010981,2011,1,1,,,,1,0,,0,,
HND_008423,2011,1,1,,,,0,0,,0,,
HND_011950,2011,1,1,,,,1,0,,0,,
HND_011949,2011,1,1,,,,1,0,,0,,
HND_014747,2011,1,0,,,,1,0,,0,,
HND_011948,2011,1,1,,,,0,0,,0,,
HND_002894,2011,1,1,,,,0,0,,0,,
HND_004665,2011,1,1,,,,1,0,,0,,
HND_008435,2011,1,1,,,,1,0,,0,,
HND_004090,2011,1,1,,,,1,0,,0,,
HND_011627,2011,1,1,,,,1,0,,0,,
HND_002309,2011,1,1,,,,1,0,,0,,
HND_014404,2011,1,1,,,,1,0,,0,,
HND_003884,2011,1,1,,,,1,0,,0,,
HND_013583,2011,1,1,,,,1,0,,0,,
HND_014687,2011,1,1,,,,1,0,,0,,
HND_014748,2011,1,1,,,,1,0,,0,,
HND_009961,2011,1,1,,,,1,0,,0,,
HND_006198,2011,1,1,,,,1,0,,0,,
HND_009994,2011,1,1,,,,1,0,,0,,
HND_013664,2011,1,1,,,,1,0,,0,,
HND_006756,2011,1,1,,,,1,0,,0,,
HND_001174,2011,1,1,,,,0,0,,0,,
HND_012065,2011,1,1,,,,0,0,,0,,
HND_009153,2011,1,1,,,,1,0,,0,,
HND_011031,2011,1,1,,,,0,0,,0,,
HND_013384,2011,1,1,,,,1,0,,0,,
HND_012850,2011,,,,,,,0,,0,,
HND_013623,2011,1,1,,,,1,0,,0,,
HND_000579,2011,,,,,,,0,,0,,
HND_003591,2011,,0,,,,0,0,,0,,
HND_012333,2011,,,,,,,0,,0,,
HND_014609,2011,,,,,,,0,,0,,
HND_001698,2011,,,,,,,0,,0,,
HND_013698,2011,1,1,,,,1,0,,0,,
HND_000705,2011,1,1,,,,1,0,,0,,
HND_004302,2011,,,,,,,0,,0,,
HND_013551,2011,,,,,,,0,,0,,
HND_010511,2011,,,,,,,0,,0,,
HND_016822,2011,,0,,,,0,0,,0,,
HND_006050,2011,,,,,,,0,,0,,
HND_010151,2011,,,,,,,0,,0,,
HND_014071,2011,1,1,,,,1,0,,1,,
HND_002182,2011,1,0,,,,0,0,,0,,
HND_009536,2011,1,1,,,,0,0,,0,,
HND_007551,2011,1,1,,,,0,0,,0,,
HND_012493,2011,1,0,,,,0,0,,0,,
HND_006856,2011,1,1,,,,1,0,,0,,
HND_004164,2011,1,1,,,,0,0,,0,,
HND_006771,2011,1,0,,,,0,0,,0,,
HND_006473,2011,1,0,,,,0,0,,0,,
HND_006449,2011,1,1,,,,0,0,,0,,
HND_011643,2011,1,1,,,,0,0,,0,,
HND_014794,2011,1,1,,,,0,0,,0,,
HND_014632,2011,1,1,,,,0,0,,0,,
HND_013616,2011,1,1,,,,1,0,,0,,
HND_006902,2011,1,1,,,,0,0,,0,,
HND_006850,2011,1,1,,,,1,0,,0,,
HND_006573,2011,1,1,,,,0,0,,0,,
HND_012611,2011,,,,,,,0,,0,,
HND_012498,2011,,,,,,,0,,0,,
HND_001744,2011,,,,,,,0,,0,,
HND_012637,2011,,,,,,,0,,0,,
HND_002887,2011,1,1,,,,0,0,,0,,
HND_004290,2011,,,,,,,0,,0,,
HND_010069,2011,,,,,,,0,,0,,
HND_004630,2011,,,,,,,0,,0,,
HND_005779,2011,,,,,,,0,,0,,
HND_008300,2011,0,0,,,,0,0,,0,,
HND_005593,2011,,0,,,,0,0,,0,,
HND_012742,2011,1,1,,,,0,0,,0,,
HND_011598,2011,1,1,,,,0,0,,0,,
HND_009457,2011,1,0,,,,0,0,,0,,
HND_011529,2011,1,1,,,,0,0,,0,,
HND_007543,2011,1,0,,,,0,0,,0,,
HND_005576,2011,1,1,,,,1,1,,1,,
HND_013239,2011,1,1,,,,0,0,,0,,
HND_007957,2011,,0,,,,0,0,,0,,
HND_013487,2011,1,1,,,,0,0,,0,,
HND_015280,2011,1,1,,,,0,0,,0,,
HND_016580,2011,1,1,,,,1,0,,1,,
HND_011841,2011,1,1,,,,0,0,,0,,
HND_005083,2011,1,1,,,,1,0,,1,,
HND_011977,2011,1,1,,,,0,0,,0,,
HND_004483,2011,1,1,,,,0,0,,0,,
HND_009454,2011,1,1,,,,1,0,,1,,
HND_011846,2011,1,1,,,,1,0,,0,,
HND_007536,2011,1,1,,,,1,0,,0,,
HND_016613,2011,1,1,,,,0,0,,0,,
HND_010304,2011,1,1,,,,1,0,,0,,
HND_007963,2011,1,1,,,,1,0,,0,,
HND_015322,2011,1,1,,,,0,0,,0,,
HND_013122,2011,1,0,,,,0,0,,0,,
HND_005049,2011,1,0,,,,1,0,,0,,
HND_000186,2011,1,1,,,,0,0,,0,,
HND_001177,2011,1,1,,,,1,0,,1,,
HND_005592,2011,1,1,,,,0,0,,0,,
HND_009180,2011,1,1,,,,1,0,,1,,
HND_013546,2011,1,1,,,,0,0,,0,,
HND_007644,2011,1,1,,,,0,0,,0,,
HND_003579,2011,1,1,,,,0,0,,0,,
HND_008446,2011,1,1,,,,0,0,,0,,
HND_005046,2011,1,1,,,,1,0,,0,,
HND_000285,2011,1,1,,,,0,0,,0,,
HND_016073,2011,1,1,,,,0,0,,0,,
HND_000207,2011,1,0,,,,0,0,,0,,
HND_016277,2011,1,1,,,,0,0,,0,,
HND_012019,2011,1,1,,,,1,0,,1,,
HND_011951,2011,1,1,,,,0,0,,0,,
HND_016518,2011,1,1,,,,1,0,,1,,
HND_005182,2011,1,1,,,,0,0,,0,,
HND_009775,2011,0,0,,,,1,0,,0,,
HND_011204,2011,1,1,,,,0,0,,0,,
HND_009485,2011,1,0,,,,0,0,,0,,
HND_014998,2011,1,1,,,,0,0,,0,,
HND_009355,2011,1,1,,,,1,0,,0,,
HND_009510,2011,0,0,,,,0,0,,0,,
HND_014920,2011,1,1,,,,0,0,,0,,
HND_000030,2011,1,1,,,,0,0,,0,,
HND_012492,2011,1,1,,,,0,0,,0,,
HND_001028,2011,1,0,,,,0,0,,0,,
HND_003582,2011,1,1,,,,0,0,,0,,
HND_001338,2011,1,1,,,,1,0,,0,,
HND_006924,2011,1,1,,,,1,0,,0,,
HND_013667,2011,1,1,,,,1,0,,0,,
HND_006071,2011,1,1,,,,1,0,,0,,
HND_016203,2011,1,1,,,,1,0,,0,,
HND_010181,2011,1,1,,,,1,0,,0,,
HND_006045,2011,1,1,,,,1,0,,0,,
HND_002573,2011,1,1,,,,0,0,,0,,
HND_009876,2011,1,1,,,,0,0,,0,,
HND_003241,2011,1,0,,,,0,0,,0,,
HND_010142,2011,1,1,,,,0,0,,0,,
HND_004523,2011,1,1,,,,0,0,,0,,
HND_003486,2011,1,1,,,,0,0,,0,,
HND_004158,2011,1,1,,,,0,0,,0,,
HND_016756,2011,1,1,,,,0,0,,0,,
HND_012785,2011,1,1,,,,0,0,,0,,
HND_002340,2011,1,1,,,,0,0,,0,,
HND_003803,2011,1,1,,,,1,0,,0,,
HND_010933,2011,1,1,,,,0,0,,0,,
HND_012595,2011,1,1,,,,0,0,,0,,
HND_012470,2011,1,1,,,,0,0,,0,,
HND_004028,2011,1,1,,,,1,0,,0,,
HND_003902,2011,,0,,,,0,0,,0,,
HND_006437,2011,1,1,,,,0,0,,0,,
HND_014744,2011,1,1,,,,0,0,,0,,
HND_006515,2011,1,1,,,,0,0,,0,,
HND_006501,2011,,0,,,,0,0,,0,,
HND_006513,2011,1,1,,,,0,0,,0,,
HND_001974,2011,,0,,,,0,0,,0,,
HND_014509,2011,1,1,,,,0,0,,0,,
HND_016444,2011,1,1,,,,0,0,,0,,
HND_006075,2011,1,1,,,,1,0,,0,,
HND_009965,2011,1,1,,,,0,0,,0,,
HND_015437,2011,1,1,,,,0,0,,0,,
HND_004521,2011,1,1,,,,1,0,,0,,
HND_006790,2011,1,0,,,,0,0,,0,,
HND_006569,2011,1,1,,,,0,0,,0,,
HND_012315,2011,1,0,,,,0,0,,0,,
HND_001821,2011,1,1,,,,0,0,,0,,
HND_001672,2011,1,1,,,,0,0,,0,,
HND_010111,2011,,,,,,,0,,0,,
HND_010187,2011,,,,,,,0,,0,,
HND_004288,2011,1,1,,,,1,0,,0,,
HND_008987,2011,1,1,,,,0,0,,0,,
HND_008325,2011,1,1,,,,1,0,,0,,
HND_013804,2011,1,1,,,,0,0,,0,,
HND_009116,2011,1,1,,,,0,0,,0,,
HND_010231,2011,1,1,,,,0,0,,0,,
HND_010564,2011,1,1,,,,1,0,,0,,
HND_000265,2011,1,1,,,,0,0,,0,,
HND_013555,2011,1,0,,,,0,0,,0,,
HND_015778,2011,1,1,,,,0,0,,0,,
HND_012602,2011,,,,,,,0,,0,,
HND_003456,2011,,,,,,,0,,0,,
HND_014517,2011,,,,,,,0,,0,,
HND_010232,2011,,,,,,,0,,0,,
HND_010480,2011,,,,,,,0,,0,,
HND_012283,2011,,,,,,,0,,0,,
HND_004296,2011,,,,,,,0,,0,,
HND_012298,2011,,,,,,,0,,0,,
HND_006687,2011,1,1,,,,0,0,,0,,
HND_006686,2011,1,1,,,,0,0,,0,,
HND_004052,2011,1,1,,,,0,0,,0,,
HND_010184,2011,,,,,,,0,,0,,
HND_005509,2011,,,,,,,0,,0,,
HND_011628,2011,1,0,,,,0,0,,0,,
HND_008092,2011,1,0,,,,1,0,,0,,
HND_002220,2011,1,1,,,,1,0,,0,,
HND_003595,2011,0,0,,,,0,0,,0,,
HND_012203,2011,1,1,,,,1,0,,0,,
HND_003594,2011,1,1,,,,1,0,,0,,
HND_007101,2011,1,1,,,,1,0,,0,,
HND_011966,2011,1,1,,,,0,0,,0,,
HND_005063,2011,1,0,,,,0,0,,0,,
HND_004490,2011,1,1,,,,0,0,,0,,
HND_014737,2011,1,1,,,,1,0,,0,,
HND_001246,2011,1,1,,,,1,0,,0,,
HND_003044,2011,1,1,,,,0,0,,0,,
HND_013098,2011,1,1,,,,1,0,,0,,
HND_006972,2011,1,1,,,,0,0,,0,,
HND_013903,2011,1,0,,,,0,0,,0,,
HND_009813,2011,1,1,,,,0,0,,0,,
HND_016393,2011,1,1,,,,1,0,,1,,
HND_016642,2011,1,1,,,,1,0,,0,,
HND_009326,2011,1,1,,,,0,0,,0,,
HND_013425,2011,1,1,,,,0,0,,0,,
HND_016640,2011,1,1,,,,1,0,,0,,
HND_009155,2011,1,1,,,,1,0,,1,,
HND_015073,2011,1,1,,,,0,0,,0,,
HND_013439,2011,1,1,,,,0,0,,0,,
HND_009387,2011,1,1,,,,1,0,,0,,
HND_003427,2011,1,1,,,,0,0,,0,,
HND_016451,2011,1,0,,,,0,0,,0,,
HND_009501,2011,1,1,,,,0,0,,0,,
HND_013349,2011,1,1,,,,0,0,,0,,
HND_016694,2011,1,0,,,,0,0,,0,,
HND_011848,2011,,0,,,,1,0,,1,,
HND_000423,2011,1,1,,,,0,0,,0,,
HND_002565,2011,1,1,,,,1,0,,1,,
HND_012044,2011,1,1,,,,1,0,,1,,
HND_015372,2011,1,1,,,,0,0,,0,,
HND_003295,2011,1,1,,,,1,0,,0,,
HND_015099,2011,1,1,,,,0,0,,0,,
HND_004491,2011,1,1,,,,1,0,,0,,
HND_012763,2011,1,1,,,,0,0,,0,,
HND_015012,2011,1,1,,,,0,0,,0,,
HND_004170,2011,1,1,,,,0,0,,0,,
HND_010712,2011,1,1,,,,0,0,,0,,
HND_007621,2011,1,1,,,,1,0,,0,,
HND_000488,2011,1,1,,,,0,0,,0,,
HND_003578,2011,1,1,,,,0,0,,0,,
HND_005598,2011,1,1,,,,0,0,,0,,
HND_016265,2011,1,0,,,,0,0,,0,,
HND_009357,2011,0,0,,,,0,0,,0,,
HND_009244,2011,1,0,,,,0,0,,0,,
HND_003373,2011,1,1,,,,0,0,,0,,
HND_009463,2011,1,1,,,,0,0,,0,,
HND_009314,2011,1,1,,,,1,0,,0,,
HND_013976,2011,1,1,,,,1,0,,0,,
HND_006185,2011,1,1,,,,1,0,,0,,
HND_011602,2011,1,1,,,,1,0,,0,,
HND_003716,2011,1,1,,,,0,0,,0,,
HND_016848,2011,1,1,,,,0,0,,0,,
HND_011111,2011,1,1,,,,0,0,,0,,
HND_014507,2011,1,1,,,,0,0,,0,,
HND_004469,2011,1,1,,,,1,1,,1,,
HND_006461,2011,1,1,,,,1,0,,0,,
HND_009243,2011,1,1,,,,0,0,,0,,
HND_006446,2011,1,1,,,,0,0,,0,,
HND_006466,2011,1,1,,,,1,0,,0,,
HND_006480,2011,1,1,,,,1,0,,0,,
HND_012668,2011,1,1,,,,0,0,,0,,
HND_003041,2011,1,1,,,,1,0,,0,,
HND_012338,2011,1,1,,,,0,0,,0,,
HND_005533,2011,,,,,,,0,,0,,
HND_012589,2011,,,,,,,0,,0,,
HND_011313,2011,,,,,,,0,,0,,
HND_009245,2011,1,1,,,,0,0,,0,,
HND_010696,2011,1,1,,,,0,0,,0,,
HND_003252,2011,,,,,,,0,,0,,
HND_012713,2011,1,1,,,,0,0,,0,,
HND_011249,2011,1,1,,,,0,0,,0,,
HND_005850,2011,,0,,,,0,0,,0,,
HND_016497,2011,,,,,,,0,,0,,
HND_002477,2011,,,,,,,0,,0,,
HND_001742,2011,,,,,,,0,,0,,
HND_005712,2011,,,,,,,0,,0,,
HND_016198,2011,,,,,,,0,,0,,
HND_012878,2011,1,0,,,,0,0,,0,,
HND_001678,2011,1,0,,,,0,0,,0,,
HND_016189,2011,1,1,,,,0,0,,0,,
HND_016172,2011,,,,,,,0,,0,,
HND_001658,2011,1,1,,,,1,0,,0,,
HND_012623,2011,,,,,,,0,,0,,
HND_012777,2011,1,1,,,,0,0,,0,,
HND_010805,2011,1,1,,,,0,0,,0,,
HND_013772,2011,,,,,,,0,,0,,
HND_004936,2011,1,1,,,,1,0,,0,,
HND_004938,2011,1,1,,,,1,0,,1,,
HND_004939,2011,1,1,,,,1,0,,0,,
HND_009830,2011,1,1,,,,1,0,,0,,
HND_007914,2011,1,1,,,,1,0,,1,,
HND_004113,2011,1,0,,,,1,0,,0,,
HND_009840,2011,1,1,,,,1,0,,0,,
HND_014719,2011,1,1,,,,1,0,,0,,
HND_000715,2011,1,1,,,,1,0,,0,,
HND_006090,2011,1,1,,,,1,0,,0,,
HND_003740,2011,1,1,,,,1,0,,0,,
HND_005935,2011,1,1,,,,1,0,,1,,
HND_001355,2011,1,1,,,,1,0,,0,,
HND_011482,2011,1,0,,,,0,0,,0,,
HND_007925,2011,1,1,,,,0,0,,0,,
HND_015909,2011,1,1,,,,1,0,,1,,
HND_016452,2011,1,1,,,,0,0,,0,,
HND_014745,2011,1,1,,,,1,0,,0,,
HND_003436,2011,1,1,,,,1,0,,1,,
HND_011748,2011,1,1,,,,0,0,,0,,
HND_005602,2011,1,1,,,,0,0,,0,,
HND_001343,2011,1,1,,,,0,0,,0,,
HND_015371,2011,1,1,,,,1,0,,0,,
HND_010833,2011,1,1,,,,1,0,,0,,
HND_011895,2011,1,1,,,,1,0,,0,,
HND_014628,2011,1,1,,,,0,0,,0,,
HND_002515,2011,1,1,,,,0,0,,0,,
HND_008914,2011,,0,,,,0,0,,0,,
HND_016641,2011,1,1,,,,0,0,,0,,
HND_007525,2011,1,1,,,,0,0,,0,,
HND_008110,2011,0,0,,,,0,0,,0,,
HND_012209,2011,1,0,,,,0,0,,0,,
HND_001274,2011,1,1,,,,0,0,,0,,
HND_002817,2011,1,1,,,,0,0,,0,,
HND_008958,2011,1,1,,,,1,0,,0,,
HND_010145,2011,1,1,,,,0,0,,0,,
HND_010124,2011,1,1,,,,0,0,,0,,
HND_001690,2011,1,1,,,,1,0,,0,,
HND_001666,2011,1,1,,,,0,0,,0,,
HND_009614,2011,1,1,,,,0,0,,0,,
HND_001676,2011,1,1,,,,0,0,,0,,
HND_002685,2011,1,1,,,,0,0,,0,,
HND_001411,2011,1,1,,,,1,0,,0,,
HND_011449,2011,1,1,,,,0,0,,0,,
HND_005521,2011,1,1,,,,0,0,,0,,
HND_012699,2011,1,0,,,,0,0,,0,,
HND_016847,2011,1,1,,,,1,0,,0,,
HND_016133,2011,1,0,,,,0,0,,0,,
HND_016485,2011,1,1,,,,0,0,,0,,
HND_006472,2011,,0,,,,0,0,,0,,
HND_006820,2011,1,1,,,,0,0,,0,,
HND_006441,2011,1,1,,,,1,0,,0,,
HND_006470,2011,1,1,,,,0,0,,0,,
HND_014806,2011,1,1,,,,0,0,,0,,
HND_002705,2011,,,,,,,0,,0,,
HND_006184,2011,,,,,,,0,,0,,
HND_003219,2011,,,,,,,0,,0,,
HND_012675,2011,1,1,,,,0,0,,0,,
HND_001412,2011,1,0,,,,0,0,,0,,
HND_009845,2011,1,1,,,,0,0,,0,,
HND_007840,2011,1,0,,,,0,0,,0,,
HND_016489,2011,,,,,,,0,,0,,
HND_001630,2011,1,1,,,,0,0,,0,,
HND_002389,2011,1,1,,,,0,0,,0,,
HND_011250,2011,1,1,,,,0,0,,0,,
HND_004597,2011,1,1,,,,0,0,,0,,
HND_016169,2011,,,,,,,0,,0,,
HND_008258,2011,1,1,,,,0,0,,0,,
HND_016893,2011,1,0,,,,0,0,,0,,
HND_005541,2011,,,,,,,0,,0,,
HND_003074,2011,1,1,,,,1,0,,0,,
HND_004152,2011,1,1,,,,1,0,,0,,
HND_010396,2011,1,0,,,,1,0,,0,,
HND_008937,2011,1,1,,,,1,0,,0,,
HND_010738,2011,1,1,,,,0,0,,0,,
HND_009330,2011,1,0,,,,1,0,,0,,
HND_009626,2011,1,0,,,,0,0,,0,,
HND_000301,2011,1,1,,,,0,0,,0,,
HND_008147,2011,1,1,,,,1,0,,1,,
HND_000730,2011,0,0,,,,1,0,,0,,
HND_004877,2011,1,1,,,,1,0,,0,,
HND_008871,2011,1,1,,,,1,0,,0,,
HND_007734,2011,1,0,,,,1,0,,0,,
HND_008541,2011,1,1,,,,1,0,,0,,
HND_002795,2011,1,1,,,,0,0,,0,,
HND_008698,2011,1,0,,,,1,0,,0,,
HND_000172,2011,1,1,,,,1,0,,0,,
HND_007515,2011,1,1,,,,1,0,,1,,
HND_013947,2011,1,1,,,,1,0,,0,,
HND_012571,2011,1,1,,,,1,0,,0,,
HND_016584,2011,1,1,,,,1,0,,0,,
HND_012012,2011,1,1,,,,1,1,,1,,
HND_006427,2011,1,1,,,,1,0,,0,,
HND_006475,2011,1,1,,,,1,0,,0,,
HND_006445,2011,1,1,,,,0,0,,0,,
HND_010951,2011,1,0,,,,0,0,,0,,
HND_010513,2011,,,,,,,0,,0,,
HND_005534,2011,,,,,,,0,,0,,
HND_012638,2011,,,,,,,0,,0,,
HND_001641,2011,,,,,,,0,,0,,
HND_010512,2011,,,,,,,0,,0,,
HND_012708,2011,,,,,,,0,,0,,
HND_003568,2011,,,,,,,0,,0,,
HND_004292,2011,,,,,,,0,,0,,
HND_001354,2011,1,1,,,,1,0,,1,,
HND_008254,2011,1,1,,,,1,1,,1,,
HND_012631,2011,,,,,,,0,,0,,
HND_013781,2011,,,,,,,0,,0,,
HND_005854,2011,1,1,,,,1,0,,1,,
HND_002549,2011,1,1,,,,1,0,,1,,
HND_014145,2011,1,1,,,,1,0,,1,,
HND_010403,2011,1,1,,,,1,0,,1,,
HND_001346,2011,1,1,,,,1,0,,1,,
HND_004899,2011,1,1,,,,1,0,,1,,
HND_010884,2011,1,1,,,,1,0,,1,,
HND_008997,2011,1,1,,,,1,0,,1,,
HND_005857,2011,1,1,,,,1,0,,1,,
HND_003543,2011,1,1,,,,1,0,,0,,
HND_013828,2011,1,1,,,,1,0,,1,,
HND_011726,2011,1,1,,,,0,0,,0,,
HND_000038,2011,1,1,,,,1,0,,1,,
HND_014180,2011,1,1,,,,1,0,,0,,
HND_004354,2011,1,1,,,,0,0,,0,,
HND_011121,2011,1,1,,,,1,0,,0,,
HND_013372,2011,1,1,,,,1,0,,1,,
HND_003769,2011,1,1,,,,1,0,,1,,
HND_015423,2011,,0,,,,0,0,,0,,
HND_009252,2011,1,1,,,,1,0,,1,,
HND_008944,2011,1,1,,,,1,0,,1,,
HND_007576,2011,1,1,,,,1,0,,0,,
HND_014007,2011,1,1,,,,1,0,,1,,
HND_013991,2011,1,1,,,,1,0,,1,,
HND_008641,2011,1,1,,,,1,0,,1,,
HND_009456,2011,1,1,,,,1,0,,1,,
HND_014216,2011,1,0,,,,1,0,,1,,
HND_000405,2011,1,1,,,,1,0,,0,,
HND_004568,2011,1,1,,,,0,0,,0,,
HND_000115,2011,1,1,,,,1,0,,0,,
HND_010398,2011,1,1,,,,1,0,,0,,
HND_001889,2011,1,1,,,,1,0,,0,,
HND_014842,2011,,0,,,,1,0,,0,,
HND_009133,2011,1,1,,,,1,0,,1,,
HND_013257,2011,1,1,,,,0,0,,0,,
HND_008517,2011,1,1,,,,1,0,,1,,
HND_009804,2011,1,1,,,,1,0,,1,,
HND_011882,2011,1,1,,,,1,0,,1,,
HND_010977,2011,1,1,,,,1,0,,1,,
HND_014192,2011,1,1,,,,1,0,,1,,
HND_008905,2011,1,1,,,,1,0,,1,,
HND_004589,2011,,0,,,,0,0,,0,,
HND_011124,2011,1,1,,,,1,0,,0,,
HND_002317,2011,1,1,,,,1,0,,1,,
HND_005849,2011,1,1,,,,1,0,,0,,
HND_004375,2011,1,1,,,,1,0,,0,,
HND_000690,2011,1,1,,,,0,0,,0,,
HND_012502,2011,1,1,,,,1,0,,0,,
HND_007308,2011,1,1,,,,1,0,,0,,
HND_013838,2011,1,0,,,,0,0,,0,,
HND_010035,2011,1,0,,,,1,0,,0,,
HND_006942,2011,1,1,,,,1,0,,0,,
HND_011856,2011,1,1,,,,1,0,,0,,
HND_011679,2011,1,1,,,,1,0,,1,,
HND_010858,2011,1,1,,,,1,0,,1,,
HND_014957,2011,1,1,,,,1,0,,1,,
HND_002019,2011,1,1,,,,0,0,,0,,
HND_005697,2011,1,1,,,,1,0,,0,,
HND_014658,2011,1,1,,,,1,0,,0,,
HND_014659,2011,1,1,,,,1,0,,1,,
HND_002357,2011,1,1,,,,1,0,,0,,
HND_002366,2011,1,1,,,,1,0,,0,,
HND_002297,2011,1,1,,,,1,0,,0,,
HND_012518,2011,1,1,,,,1,0,,0,,
HND_016892,2011,1,1,,,,1,0,,0,,
HND_003567,2011,1,1,,,,1,0,,0,,
HND_000990,2011,1,1,,,,1,0,,0,,
HND_003047,2011,1,1,,,,1,0,,0,,
HND_012356,2011,1,1,,,,1,0,,0,,
HND_000653,2011,1,1,,,,1,0,,0,,
HND_010839,2011,1,1,,,,1,0,,0,,
HND_011324,2011,1,1,,,,1,0,,1,,
HND_008961,2011,1,1,,,,1,0,,0,,
HND_015410,2011,1,1,,,,1,0,,0,,
HND_005375,2011,1,1,,,,1,0,,0,,
HND_015662,2011,1,1,,,,1,0,,0,,
HND_005673,2011,1,1,,,,1,0,,0,,
HND_008107,2011,1,1,,,,1,0,,0,,
HND_007119,2011,,,,,,,0,,0,,
HND_011139,2011,1,1,,,,1,0,,0,,
HND_015809,2011,1,1,,,,1,0,,0,,
HND_013039,2011,,,,,,,0,,0,,
HND_001679,2011,,,,,,,0,,0,,
HND_011060,2011,1,1,,,,1,0,,1,,
HND_014156,2011,1,1,,,,1,0,,0,,
HND_011294,2011,,0,,,,1,0,,1,,
HND_011248,2011,,,,,,,0,,0,,
HND_000955,2011,,,,,,,0,,0,,
HND_004530,2011,,,,,,,0,,0,,
HND_014542,2011,,0,,,,0,0,,0,,
HND_000032,2011,1,1,,,,1,0,,0,,
HND_003032,2011,1,1,,,,1,0,,0,,
HND_011484,2011,,,,,,,0,,0,,
HND_003741,2011,,,,,,,0,,0,,
HND_004121,2011,1,1,,,,1,0,,0,,
HND_015654,2011,,,,,,,0,,0,,
HND_003269,2011,,,,,,,0,,0,,
HND_008717,2011,,,,,,,0,,0,,
HND_005352,2011,1,1,,,,1,0,,0,,
HND_003237,2011,,,,,,,0,,0,,
HND_010028,2011,1,0,,,,1,0,,0,,
HND_001854,2011,1,1,,,,1,0,,1,,
HND_001348,2011,1,1,,,,1,0,,1,,
HND_005698,2011,,,,,,,0,,0,,
HND_007971,2011,,,,,,,0,,0,,
HND_003968,2011,,0,,,,0,0,,0,,
HND_006258,2011,,,,,,,0,,0,,
HND_006277,2011,1,1,,,,1,0,,1,,
HND_003661,2011,1,1,,,,1,0,,1,,
HND_016058,2011,,,,,,,0,,0,,
HND_015244,2011,,,,,,,0,,0,,
HND_011861,2011,,,,,,,0,,0,,
HND_002288,2011,,,,,,,0,,0,,
HND_005817,2011,1,0,,,,1,0,,0,,
HND_001477,2011,,,,,,,0,,0,,
HND_005925,2011,1,1,,,,1,0,,1,,
HND_011283,2011,,,,,,,0,,0,,
HND_003403,2011,,,,,,,0,,0,,
HND_010162,2011,,,,,,,0,,0,,
HND_003907,2011,1,1,,,,1,0,,0,,
HND_012068,2011,1,1,,,,1,0,,0,,
HND_002091,2011,,,,,,,0,,0,,
HND_005529,2011,,,,,,,0,,0,,
HND_003404,2011,,,,,,,0,,0,,
HND_009369,2011,1,1,,,,1,0,,0,,
HND_010811,2011,0,0,,,,1,0,,0,,
HND_016843,2011,1,1,,,,0,0,,0,,
HND_013843,2011,1,1,,,,0,0,,0,,
HND_009308,2011,1,1,,,,1,0,,1,,
HND_005699,2011,,,,,,,0,,0,,
HND_002095,2011,,,,,,,0,,0,,
HND_001680,2011,,,,,,,0,,0,,
HND_002645,2011,,,,,,,0,,0,,
HND_016055,2011,,,,,,,0,,0,,
HND_001829,2011,,,,,,,0,,0,,
HND_010074,2011,,,,,,,0,,0,,
HND_010117,2011,,,,,,,0,,0,,
HND_005728,2011,,,,,,,0,,0,,
HND_011413,2011,,,,,,,0,,0,,
HND_010075,2011,,,,,,,0,,0,,
HND_002614,2011,,,,,,,0,,0,,
HND_000751,2011,1,1,,,,1,0,,1,,
HND_002514,2011,1,1,,,,1,0,,0,,
HND_014841,2011,1,1,,,,0,0,,0,,
HND_016459,2011,1,1,,,,1,0,,0,,
HND_007679,2011,1,1,,,,1,0,,0,,
HND_016268,2011,1,1,,,,1,0,,0,,
HND_011663,2011,1,1,,,,1,0,,0,,
HND_001195,2011,,,,,,,0,,0,,
HND_006196,2011,1,1,,,,0,0,,0,,
HND_006108,2011,1,1,,,,0,0,,0,,
HND_012687,2011,1,1,,,,1,0,,0,,
HND_004850,2011,1,1,,,,1,0,,0,,
HND_011894,2011,1,1,,,,1,0,,1,,
HND_003944,2011,1,1,,,,0,0,,0,,
HND_014361,2011,1,1,,,,0,0,,0,,
HND_004973,2011,1,1,,,,0,0,,0,,
HND_014630,2011,1,1,,,,1,0,,0,,
HND_009029,2011,1,1,,,,1,0,,1,,
HND_003294,2011,1,1,,,,1,0,,1,,
HND_009176,2011,1,1,,,,1,0,,0,,
HND_002575,2011,1,1,,,,1,0,,0,,
HND_000187,2011,1,1,,,,0,0,,0,,
HND_007518,2011,1,0,,,,1,0,,1,,
HND_002812,2011,1,1,,,,0,0,,0,,
HND_007532,2011,0,0,,,,0,0,,0,,
HND_000323,2011,1,1,,,,0,0,,0,,
HND_001619,2011,1,1,,,,0,0,,0,,
HND_012431,2011,1,0,,,,0,0,,0,,
HND_011375,2011,1,1,,,,0,0,,0,,
HND_001693,2011,1,1,,,,0,0,,0,,
HND_010462,2011,1,1,,,,0,0,,0,,
HND_014933,2011,1,1,,,,0,0,,0,,
HND_003725,2011,1,1,,,,0,0,,0,,
HND_013689,2011,1,1,,,,0,0,,0,,
HND_016095,2011,1,1,,,,1,0,,0,,
HND_016442,2011,1,1,,,,0,0,,0,,
HND_004412,2011,1,1,,,,1,0,,1,,
HND_006770,2011,1,1,,,,0,0,,0,,
HND_006447,2011,1,1,,,,0,0,,0,,
HND_006450,2011,1,1,,,,1,0,,0,,
HND_006477,2011,1,1,,,,1,0,,0,,
HND_003903,2011,1,1,,,,1,0,,0,,
HND_003904,2011,1,1,,,,1,0,,0,,
HND_001683,2011,1,1,,,,1,0,,1,,
HND_008615,2011,1,1,,,,1,0,,0,,
HND_014056,2011,1,1,,,,0,0,,0,,
HND_008233,2011,1,1,,,,0,0,,0,,
HND_003172,2011,1,1,,,,0,0,,0,,
HND_006539,2011,1,1,,,,1,0,,0,,
HND_001699,2011,1,1,,,,0,0,,0,,
HND_009223,2011,,,,,,,0,,0,,
HND_009989,2011,1,1,,,,0,0,,0,,
HND_000704,2011,1,1,,,,1,0,,0,,
HND_016533,2011,1,1,,,,0,0,,0,,
HND_010189,2011,,,,,,,0,,0,,
HND_012722,2011,,,,,,,0,,0,,
HND_008135,2011,1,1,,,,0,0,,1,,
HND_013380,2011,1,1,,,,0,0,,0,,
HND_004095,2011,1,1,,,,0,0,,0,,
HND_014174,2011,1,1,,,,0,0,,0,,
HND_002749,2011,1,0,,,,1,0,,0,,
HND_001714,2011,1,1,,,,1,0,,0,,
HND_009687,2011,1,1,,,,0,0,,0,,
HND_013523,2011,1,1,,,,1,0,,0,,
HND_012911,2011,1,0,,,,0,0,,0,,
HND_009484,2011,1,0,,,,0,0,,0,,
HND_005599,2011,0,0,,,,0,0,,0,,
HND_014906,2011,1,0,,,,1,0,,0,,
HND_008093,2011,0,0,,,,0,0,,0,,
HND_009676,2011,0,0,,,,0,0,,0,,
HND_004742,2011,1,0,,,,0,0,,0,,
HND_001691,2011,1,0,,,,0,0,,0,,
HND_001985,2011,0,0,,,,0,0,,0,,
HND_016072,2011,1,0,,,,1,0,,0,,
HND_016524,2011,1,0,,,,0,0,,0,,
HND_002195,2011,1,0,,,,0,0,,0,,
HND_011624,2011,1,1,,,,0,0,,0,,
HND_012467,2011,1,1,,,,0,0,,0,,
HND_013662,2011,1,1,,,,0,0,,0,,
HND_001243,2011,1,0,,,,0,0,,0,,
HND_002999,2011,1,1,,,,0,0,,0,,
HND_006199,2011,0,0,,,,1,0,,1,,
HND_003826,2011,1,0,,,,0,0,,0,,
HND_008691,2011,0,0,,,,1,0,,0,,
HND_010492,2011,1,0,,,,0,0,,0,,
HND_014238,2011,1,0,,,,0,0,,0,,
HND_015756,2011,1,0,,,,0,0,,0,,
HND_004002,2011,1,1,,,,0,0,,0,,
HND_004298,2011,,,,,,,0,,0,,
HND_012698,2011,,,,,,,0,,0,,
HND_016263,2011,,,,,,,0,,0,,
HND_012334,2011,,,,,,,0,,0,,
HND_009567,2011,,,,,,,0,,0,,
HND_003093,2011,,,,,,,0,,0,,
HND_003429,2011,,,,,,,0,,0,,
HND_014268,2011,1,0,,,,0,0,,0,,
HND_009415,2011,1,1,,,,1,0,,1,,
HND_005877,2011,1,1,,,,0,0,,0,,
HND_001245,2011,1,1,,,,0,0,,0,,
HND_005381,2011,1,1,,,,0,0,,0,,
HND_002616,2011,1,1,,,,1,0,,0,,
HND_013986,2011,1,1,,,,0,0,,0,,
HND_004343,2011,1,1,,,,0,0,,0,,
HND_007193,2011,1,1,,,,0,0,,0,,
HND_011611,2011,1,1,,,,1,0,,0,,
HND_005724,2011,1,1,,,,0,0,,0,,
HND_000885,2011,1,1,,,,0,0,,0,,
HND_016715,2011,1,1,,,,0,0,,0,,
HND_010186,2011,1,1,,,,0,0,,0,,
HND_012908,2011,1,1,,,,1,0,,0,,
HND_000453,2011,1,1,,,,1,0,,0,,
HND_013906,2011,1,1,,,,0,0,,0,,
HND_003828,2011,1,1,,,,0,0,,0,,
HND_012767,2011,1,1,,,,0,0,,0,,
HND_006448,2011,1,1,,,,0,0,,0,,
HND_015436,2011,1,1,,,,1,0,,0,,
HND_006286,2011,1,1,,,,1,0,,0,,
HND_013328,2011,1,1,,,,0,0,,0,,
HND_011431,2011,1,1,,,,0,0,,0,,
HND_006973,2011,1,1,,,,0,0,,0,,
HND_013320,2011,1,1,,,,0,0,,0,,
HND_001618,2011,1,1,,,,0,0,,0,,
HND_011369,2011,1,1,,,,1,0,,0,,
HND_010006,2011,,0,,,,1,0,,0,,
HND_002390,2011,1,0,,,,0,0,,0,,
HND_010214,2011,1,1,,,,1,0,,0,,
HND_006107,2011,1,1,,,,0,0,,0,,
HND_005423,2011,1,0,,,,0,0,,0,,
HND_014523,2011,1,1,,,,0,0,,0,,
HND_012607,2011,,,,,,,0,,0,,
HND_010109,2011,,,,,,,0,,0,,
HND_009988,2011,1,0,,,,0,0,,0,,
HND_003974,2011,1,0,,,,0,0,,0,,
HND_001645,2011,,,,,,,0,,0,,
HND_009201,2011,,,,,,,0,,0,,
HND_004320,2011,,,,,,,0,,0,,
HND_007889,2011,,,,,,,0,,0,,
HND_013035,2011,,,,,,,0,,0,,
HND_005708,2011,,,,,,,0,,0,,
HND_003978,2011,1,1,,,,1,0,,1,,
HND_013346,2011,1,1,,,,1,0,,1,,
HND_014223,2011,1,1,,,,1,0,,0,,
HND_005011,2011,1,1,,,,1,0,,0,,
HND_015790,2011,1,1,,,,1,0,,0,,
HND_008153,2011,1,1,,,,1,0,,0,,
HND_002147,2011,1,1,,,,1,0,,0,,
HND_007932,2011,1,0,,,,0,0,,0,,
HND_010670,2011,1,1,,,,0,0,,0,,
HND_012909,2011,1,1,,,,1,0,,1,,
HND_012970,2011,1,1,,,,1,0,,0,,
HND_000208,2011,1,0,,,,1,0,,0,,
HND_006067,2011,1,0,,,,1,0,,0,,
HND_005681,2011,1,1,,,,1,0,,0,,
HND_011281,2011,1,1,,,,0,0,,0,,
HND_012192,2011,1,1,,,,1,0,,0,,
HND_006459,2011,1,1,,,,1,0,,0,,
HND_006439,2011,1,1,,,,1,0,,0,,
HND_006478,2011,1,1,,,,1,0,,0,,
HND_016272,2011,1,1,,,,1,0,,1,,
HND_015017,2011,0,0,,,,0,0,,0,,
HND_004295,2011,,,,,,,0,,0,,
HND_012425,2011,,,,,,,0,,0,,
HND_009583,2011,,,,,,,0,,0,,
HND_015580,2011,,,,,,,0,,0,,
HND_009304,2011,1,1,,,,1,0,,1,,
HND_011844,2011,1,1,,,,1,0,,1,,
HND_015554,2011,1,1,,,,1,0,,1,,
HND_006066,2011,1,1,,,,1,0,,1,,
HND_009731,2011,1,1,,,,1,0,,1,,
HND_010664,2011,1,1,,,,1,0,,0,,
HND_009760,2011,1,1,,,,0,0,,0,,
HND_008482,2011,1,1,,,,1,0,,0,,
HND_008930,2011,1,1,,,,1,0,,1,,
HND_007631,2011,1,1,,,,0,0,,0,,
HND_005121,2011,0,0,,,,1,0,,0,,
HND_005432,2011,1,1,,,,0,0,,0,,
HND_000305,2011,1,1,,,,0,0,,0,,
HND_013322,2011,1,1,,,,0,0,,0,,
HND_006937,2011,1,1,,,,0,0,,0,,
HND_001696,2011,1,1,,,,0,0,,0,,
HND_012730,2011,1,1,,,,0,0,,0,,
HND_014627,2011,1,1,,,,0,0,,0,,
HND_011263,2011,1,1,,,,1,0,,0,,
HND_007655,2011,1,1,,,,0,0,,0,,
HND_004084,2011,1,1,,,,0,0,,0,,
HND_013070,2011,1,1,,,,0,0,,0,,
HND_013071,2011,1,1,,,,1,0,,0,,
HND_002556,2011,1,1,,,,1,0,,0,,
HND_003487,2011,1,1,,,,0,0,,0,,
HND_009358,2011,1,1,,,,0,0,,0,,
HND_015779,2011,1,1,,,,0,0,,0,,
HND_013554,2011,1,1,,,,0,0,,0,,
HND_004129,2011,1,1,,,,0,0,,0,,
HND_016517,2011,1,1,,,,1,0,,0,,
HND_000921,2011,1,1,,,,1,0,,0,,
HND_013605,2011,1,1,,,,1,0,,0,,
HND_010175,2011,1,1,,,,0,0,,0,,
HND_016257,2011,1,0,,,,1,0,,0,,
HND_009911,2011,1,1,,,,0,0,,0,,
HND_000548,2011,1,1,,,,0,0,,0,,
HND_004409,2011,1,1,,,,0,0,,0,,
HND_006266,2011,1,1,,,,1,0,,1,,
HND_004522,2011,1,0,,,,0,0,,0,,
HND_006523,2011,1,1,,,,0,0,,0,,
HND_006525,2011,1,1,,,,0,0,,0,,
HND_006467,2011,1,1,,,,0,0,,0,,
HND_006457,2011,1,1,,,,0,0,,0,,
HND_006451,2011,1,1,,,,1,0,,0,,
HND_004402,2011,1,1,,,,0,0,,0,,
HND_000041,2011,1,1,,,,0,0,,0,,
HND_009229,2011,1,1,,,,1,0,,0,,
HND_000320,2011,1,1,,,,0,0,,0,,
HND_012473,2011,1,1,,,,0,0,,0,,
HND_000084,2011,1,1,,,,0,0,,0,,
HND_013729,2011,1,1,,,,0,0,,0,,
HND_000456,2011,1,1,,,,1,0,,0,,
HND_006444,2011,1,1,,,,1,0,,0,,
HND_006440,2011,1,1,,,,0,0,,0,,
HND_006469,2011,1,1,,,,0,0,,0,,
HND_006452,2011,1,1,,,,0,0,,0,,
HND_006462,2011,1,1,,,,0,0,,0,,
HND_006464,2011,1,1,,,,0,0,,0,,
HND_003825,2011,1,1,,,,0,0,,0,,
HND_006456,2011,1,1,,,,1,0,,0,,
HND_000318,2011,1,1,,,,0,0,,0,,
HND_013622,2011,1,1,,,,0,0,,0,,
HND_016010,2011,1,1,,,,0,0,,0,,
HND_016112,2011,1,1,,,,0,0,,0,,
HND_005081,2011,1,1,,,,0,0,,0,,
HND_011299,2011,1,1,,,,0,0,,0,,
HND_001117,2011,,,,,,,0,,0,,
HND_015088,2011,1,1,,,,0,0,,0,,
HND_004524,2011,1,1,,,,0,0,,0,,
HND_010055,2011,1,1,,,,0,0,,0,,
HND_003712,2011,1,1,,,,0,0,,0,,
HND_000308,2011,1,1,,,,0,0,,0,,
HND_001793,2011,,,,,,,0,,0,,
HND_001073,2011,,,,,,,0,,0,,
HND_000811,2011,1,0,,,,1,0,,0,,
HND_014788,2011,1,1,,,,0,0,,0,,
HND_001244,2011,1,1,,,,0,0,,0,,
HND_003423,2011,1,0,,,,0,0,,0,,
HND_015262,2011,1,0,,,,0,0,,0,,
HND_005273,2011,1,1,,,,0,0,,0,,
HND_007550,2011,1,1,,,,0,0,,0,,
HND_008139,2011,1,1,,,,1,0,,0,,
HND_015098,2011,1,1,,,,0,0,,0,,
HND_011222,2011,1,1,,,,0,0,,0,,
HND_013231,2011,1,0,,,,0,0,,0,,
HND_010890,2011,1,1,,,,0,0,,0,,
HND_004746,2011,1,0,,,,0,0,,0,,
HND_009784,2011,1,1,,,,1,0,,0,,
HND_009783,2011,1,1,,,,0,0,,0,,
HND_010757,2011,1,1,,,,0,0,,0,,
HND_008787,2011,0,0,,,,1,0,,1,,
HND_004151,2011,1,1,,,,1,0,,0,,
HND_012047,2011,1,1,,,,0,0,,0,,
HND_013771,2011,1,1,,,,1,0,,0,,
HND_003781,2011,1,1,,,,1,0,,0,,
HND_015785,2011,1,0,,,,0,0,,0,,
HND_015548,2011,1,0,,,,0,0,,0,,
HND_015560,2011,,0,,,,0,0,,0,,
HND_015128,2011,1,0,,,,0,0,,0,,
HND_007844,2011,1,0,,,,0,0,,0,,
HND_000178,2011,1,1,,,,0,0,,0,,
HND_016445,2011,1,0,,,,0,0,,0,,
HND_010104,2011,,,,,,,0,,0,,
HND_012679,2011,,,,,,,0,,0,,
HND_001677,2011,,,,,,,0,,0,,
HND_003001,2011,1,0,,,,0,0,,0,,
HND_009730,2011,1,1,,,,1,0,,0,,
HND_005905,2011,1,1,,,,1,0,,0,,
HND_014852,2011,1,0,,,,0,0,,0,,
HND_009552,2011,1,0,,,,0,0,,0,,
HND_015559,2011,1,1,,,,0,0,,0,,
HND_002426,2011,,,,,,,0,,0,,
HND_009577,2011,,,,,,,0,,0,,
HND_003223,2011,,,,,,,0,,0,,
HND_003906,2011,1,0,,,,0,0,,0,,
HND_009224,2011,,,,,,,0,,0,,
HND_016772,2011,,,,,,,0,,0,,
HND_001118,2011,,,,,,,0,,0,,
HND_003468,2011,,,,,,,0,,0,,
HND_005217,2011,1,1,,,,1,0,,0,,
HND_009031,2011,1,1,,,,1,0,,1,,
HND_004520,2011,1,1,,,,1,0,,0,,
HND_001353,2011,1,1,,,,1,0,,0,,
HND_012967,2011,0,0,,,,1,0,,0,,
HND_004775,2011,1,1,,,,1,0,,1,,
HND_008806,2011,0,0,,,,1,0,,1,,
HND_015748,2011,1,1,,,,1,0,,0,,
HND_011025,2011,1,1,,,,1,0,,0,,
HND_010684,2011,1,1,,,,1,0,,0,,
HND_005458,2011,1,1,,,,1,0,,0,,
HND_012178,2011,1,1,,,,1,0,,1,,
HND_002395,2011,1,1,,,,1,0,,0,,
HND_008957,2011,1,1,,,,1,0,,0,,
HND_005574,2011,1,1,,,,1,0,,0,,
HND_004790,2011,1,1,,,,1,0,,1,,
HND_012177,2011,,,,,,,0,,0,,
HND_003667,2011,0,0,,,,1,0,,0,,
HND_006164,2011,1,1,,,,1,0,,0,,
HND_004581,2011,1,1,,,,0,0,,0,,
HND_006896,2011,1,1,,,,1,0,,0,,
HND_003518,2011,1,1,,,,1,1,,1,,
HND_007884,2011,1,1,,,,1,0,,1,,
HND_013983,2011,1,1,,,,1,1,,1,,
HND_012486,2011,1,1,,,,0,0,,0,,
HND_004112,2011,1,1,,,,1,0,,0,,
HND_015595,2011,,,,,,,0,,0,,
HND_002120,2011,1,1,,,,1,0,,1,,
HND_001242,2011,1,1,,,,1,0,,1,,
HND_016279,2011,1,1,,,,1,0,,0,,
HND_011257,2011,1,1,,,,1,0,,0,,
HND_016807,2011,,0,,,,0,0,,0,,
HND_006012,2011,1,1,,,,1,0,,0,,
HND_012271,2011,,,,,,,0,,0,,
HND_004869,2011,1,1,,,,1,0,,0,,
HND_009641,2011,1,1,,,,1,0,,1,,
HND_002406,2011,1,1,,,,1,0,,0,,
HND_015483,2011,1,1,,,,1,0,,0,,
HND_011203,2011,1,1,,,,1,0,,0,,
HND_001313,2011,1,1,,,,1,0,,0,,
HND_010841,2011,1,1,,,,0,0,,0,,
HND_015515,2011,1,1,,,,0,0,,0,,
HND_009831,2011,1,1,,,,1,0,,0,,
HND_007188,2011,1,1,,,,1,0,,0,,
HND_015860,2011,1,1,,,,0,0,,0,,
HND_013559,2011,1,1,,,,0,0,,0,,
HND_001386,2011,1,1,,,,1,0,,0,,
HND_011194,2011,1,1,,,,1,0,,0,,
HND_001911,2011,1,1,,,,1,0,,0,,
HND_014342,2011,1,1,,,,1,0,,0,,
HND_007941,2011,1,1,,,,0,0,,0,,
HND_015957,2011,1,1,,,,1,0,,1,,
HND_004880,2011,1,1,,,,1,0,,1,,
HND_005788,2011,1,1,,,,1,0,,0,,
HND_002983,2011,1,1,,,,1,0,,1,,
HND_010944,2011,1,1,,,,1,0,,0,,
HND_011837,2011,1,1,,,,0,0,,0,,
HND_000688,2011,1,1,,,,1,0,,0,,
HND_013831,2011,1,1,,,,1,0,,0,,
HND_014708,2011,1,1,,,,1,0,,0,,
HND_004229,2011,1,1,,,,1,0,,1,,
HND_007565,2011,1,1,,,,0,0,,0,,
HND_013241,2011,1,1,,,,1,0,,0,,
HND_007566,2011,1,1,,,,1,0,,1,,
HND_011869,2011,1,1,,,,1,0,,0,,
HND_008278,2011,1,1,,,,1,0,,1,,
HND_014197,2011,1,1,,,,1,0,,1,,
HND_004559,2011,1,1,,,,0,0,,0,,
HND_009867,2011,1,1,,,,1,0,,0,,
HND_016811,2011,1,1,,,,1,0,,0,,
HND_000478,2011,1,1,,,,1,0,,0,,
HND_002139,2011,1,1,,,,1,0,,0,,
HND_008280,2011,1,1,,,,0,0,,0,,
HND_008231,2011,1,1,,,,0,0,,0,,
HND_016880,2011,1,1,,,,1,0,,0,,
HND_003315,2011,1,1,,,,1,0,,0,,
HND_015731,2011,1,1,,,,1,0,,0,,
HND_002144,2011,1,1,,,,1,0,,0,,
HND_009565,2011,1,1,,,,1,0,,0,,
HND_011262,2011,1,1,,,,1,0,,0,,
HND_006703,2011,1,1,,,,1,0,,1,,
HND_003941,2011,1,1,,,,1,0,,0,,
HND_010672,2011,1,0,,,,0,0,,0,,
HND_008314,2011,1,1,,,,0,0,,0,,
HND_009551,2011,1,1,,,,0,0,,0,,
HND_001617,2011,1,1,,,,0,0,,0,,
HND_011186,2011,1,1,,,,1,0,,0,,
HND_005527,2011,1,1,,,,1,0,,0,,
HND_002620,2011,1,1,,,,1,0,,0,,
HND_003477,2011,1,1,,,,1,0,,0,,
HND_010803,2011,1,0,,,,0,0,,0,,
HND_007161,2011,1,0,,,,0,0,,0,,
HND_011386,2011,1,1,,,,1,0,,0,,
HND_009723,2011,1,0,,,,0,0,,0,,
HND_014060,2011,1,1,,,,0,0,,0,,
HND_004480,2011,1,1,,,,1,0,,0,,
HND_014874,2011,1,1,,,,1,0,,0,,
HND_007851,2011,1,1,,,,0,0,,0,,
HND_002634,2011,1,1,,,,0,0,,0,,
HND_013945,2011,1,1,,,,0,0,,0,,
HND_013830,2011,1,1,,,,0,0,,0,,
HND_013478,2011,1,1,,,,1,0,,1,,
HND_015589,2011,1,1,,,,1,0,,0,,
HND_009498,2011,1,1,,,,1,0,,0,,
HND_000163,2011,1,1,,,,1,0,,1,,
HND_016768,2011,1,1,,,,1,0,,0,,
HND_009299,2011,1,1,,,,0,0,,0,,
HND_013235,2011,1,1,,,,1,0,,1,,
HND_002492,2011,1,1,,,,1,0,,0,,
HND_014620,2011,1,1,,,,1,0,,1,,
HND_007687,2011,1,1,,,,1,0,,1,,
HND_008803,2011,1,1,,,,0,0,,0,,
HND_010936,2011,,0,,,,0,0,,0,,
HND_009781,2011,1,1,,,,1,0,,0,,
HND_010660,2011,1,1,,,,1,0,,1,,
HND_000837,2011,1,1,,,,0,0,,0,,
HND_010930,2011,1,1,,,,1,0,,0,,
HND_002955,2011,1,1,,,,1,0,,1,,
HND_002486,2011,1,1,,,,0,0,,0,,
HND_014297,2011,1,1,,,,1,0,,1,,
HND_008950,2011,1,1,,,,0,0,,0,,
HND_013860,2011,1,1,,,,1,0,,0,,
HND_016648,2011,0,0,,,,0,0,,0,,
HND_010341,2011,1,1,,,,0,0,,0,,
HND_014053,2011,,0,,,,0,0,,0,,
HND_015772,2011,1,1,,,,0,0,,0,,
HND_007943,2011,1,1,,,,0,0,,0,,
HND_011485,2011,1,1,,,,1,0,,0,,
HND_002450,2011,1,1,,,,1,0,,0,,
HND_015629,2011,1,1,,,,0,0,,0,,
HND_008288,2011,1,1,,,,1,0,,0,,
HND_000983,2011,1,1,,,,1,0,,0,,
HND_000388,2011,1,1,,,,0,0,,0,,
HND_002261,2011,1,0,,,,0,0,,0,,
HND_009770,2011,1,1,,,,1,0,,0,,
HND_008450,2011,1,1,,,,1,0,,1,,
HND_005241,2011,1,1,,,,0,0,,0,,
HND_005236,2011,1,1,,,,0,0,,0,,
HND_012261,2011,1,1,,,,0,0,,0,,
HND_012821,2011,,0,,,,1,0,,0,,
HND_007708,2011,1,1,,,,0,0,,0,,
HND_009772,2011,1,1,,,,1,0,,0,,
HND_007711,2011,,0,,,,0,0,,0,,
HND_013817,2011,1,1,,,,1,0,,0,,
HND_010263,2011,1,1,,,,1,0,,0,,
HND_014102,2011,1,1,,,,1,0,,0,,
HND_013911,2011,1,1,,,,1,0,,0,,
HND_016653,2011,1,0,,,,0,0,,0,,
HND_007822,2011,1,1,,,,0,0,,0,,
HND_009721,2011,1,0,,,,0,0,,0,,
HND_010027,2011,1,1,,,,0,0,,0,,
HND_002633,2011,1,1,,,,1,0,,0,,
HND_005072,2011,1,1,,,,0,0,,0,,
HND_000711,2011,1,1,,,,0,0,,0,,
HND_011357,2011,1,1,,,,0,0,,0,,
HND_003083,2011,1,1,,,,0,0,,0,,
HND_016691,2011,1,0,,,,1,0,,1,,
HND_010883,2011,1,1,,,,1,0,,0,,
HND_011129,2011,,0,,,,1,0,,0,,
HND_006161,2011,1,1,,,,1,0,,1,,
HND_015582,2011,1,1,,,,1,0,,0,,
HND_015431,2011,1,1,,,,0,0,,0,,
HND_016831,2011,1,1,,,,1,0,,0,,
HND_003624,2011,1,1,,,,1,0,,0,,
HND_012358,2011,1,1,,,,1,0,,0,,
HND_012786,2011,1,1,,,,1,0,,0,,
HND_006122,2011,1,1,,,,1,0,,0,,
HND_000703,2011,1,1,,,,1,0,,0,,
HND_007875,2011,1,1,,,,0,0,,0,,
HND_008759,2011,1,1,,,,1,0,,0,,
HND_010195,2011,1,1,,,,1,0,,0,,
HND_013524,2011,1,1,,,,1,0,,0,,
HND_014820,2011,1,1,,,,0,0,,0,,
HND_004603,2011,1,1,,,,0,0,,0,,
HND_016651,2011,1,1,,,,1,0,,0,,
HND_015162,2011,1,1,,,,0,0,,0,,
HND_011106,2011,1,1,,,,1,0,,0,,
HND_001932,2011,1,1,,,,0,0,,0,,
HND_007843,2011,1,0,,,,0,0,,0,,
HND_011464,2011,1,1,,,,0,0,,0,,
HND_004555,2011,1,1,,,,1,0,,0,,
HND_013141,2011,,0,,,,0,0,,0,,
HND_011433,2011,1,1,,,,0,0,,0,,
HND_011960,2011,1,1,,,,0,0,,0,,
HND_001458,2011,1,1,,,,0,0,,0,,
HND_006842,2011,1,1,,,,0,0,,0,,
HND_003597,2011,,,,,,,0,,0,,
HND_007779,2011,,,,,,,0,,0,,
HND_009556,2011,0,0,,,,0,0,,0,,
HND_010888,2011,1,1,,,,1,0,,0,,
HND_011108,2011,1,1,,,,1,0,,0,,
HND_011332,2011,1,1,,,,1,0,,0,,
HND_001840,2011,1,1,,,,0,0,,0,,
HND_011713,2011,1,1,,,,1,0,,0,,
HND_011162,2011,1,1,,,,1,0,,0,,
HND_011372,2011,1,1,,,,1,0,,0,,
HND_000881,2011,1,1,,,,1,0,,0,,
HND_010715,2011,1,1,,,,1,0,,0,,
HND_004641,2011,1,1,,,,0,0,,0,,
HND_007982,2011,1,1,,,,0,0,,0,,
HND_010748,2011,1,1,,,,0,0,,0,,
HND_003762,2011,,0,,,,0,0,,0,,
HND_005267,2011,1,1,,,,0,0,,0,,
HND_000480,2011,,,,,,,0,,0,,
HND_000898,2011,,,,,,,0,,0,,
HND_001459,2011,1,1,,,,1,0,,0,,
HND_001563,2011,,,,,,,0,,0,,
HND_005836,2011,1,1,,,,1,0,,0,,
HND_008061,2011,1,1,,,,0,0,,0,,
HND_016280,2011,1,1,,,,0,0,,0,,
HND_010077,2011,1,1,,,,1,0,,0,,
HND_012852,2011,1,1,,,,0,0,,0,,
HND_002394,2011,1,1,,,,0,0,,0,,
HND_002092,2011,,,,,,,0,,0,,
HND_011863,2011,1,1,,,,1,0,,0,,
HND_002725,2011,1,0,,,,0,0,,0,,
HND_003055,2011,1,0,,,,0,0,,0,,
HND_008039,2011,1,1,,,,0,0,,0,,
HND_015092,2011,1,1,,,,0,0,,0,,
HND_006105,2011,,,,,,,0,,0,,
HND_003007,2011,1,0,,,,1,0,,0,,
HND_002677,2011,,,,,,,0,,0,,
HND_006887,2011,1,1,,,,0,0,,0,,
HND_014305,2011,1,1,,,,1,0,,1,,
HND_011967,2011,1,1,,,,1,0,,0,,
HND_001886,2011,,0,,,,0,0,,0,,
HND_014070,2011,1,1,,,,0,0,,0,,
HND_001358,2011,1,1,,,,0,0,,0,,
HND_009739,2011,1,1,,,,1,0,,0,,
HND_013362,2011,1,1,,,,1,0,,0,,
HND_005151,2011,1,1,,,,1,0,,0,,
HND_011885,2011,1,1,,,,1,0,,1,,
HND_013242,2011,1,1,,,,1,0,,0,,
HND_008189,2011,1,1,,,,1,0,,1,,
HND_011021,2011,1,1,,,,1,0,,0,,
HND_013852,2011,1,1,,,,1,0,,0,,
HND_004529,2011,1,1,,,,0,0,,0,,
HND_011515,2011,1,1,,,,1,0,,0,,
HND_005116,2011,1,1,,,,0,0,,0,,
HND_007495,2011,1,1,,,,1,0,,0,,
HND_002934,2011,1,1,,,,1,0,,1,,
HND_008557,2011,1,1,,,,1,1,,1,,
HND_005123,2011,1,0,,,,0,0,,0,,
HND_008509,2011,,0,,,,0,0,,0,,
HND_005370,2011,1,0,,,,0,0,,0,,
HND_009317,2011,1,1,,,,1,0,,0,,
HND_005183,2011,1,1,,,,0,0,,0,,
HND_015637,2011,1,0,,,,1,0,,0,,
HND_013549,2011,1,1,,,,0,0,,0,,
HND_013534,2011,1,1,,,,0,0,,0,,
HND_013898,2011,1,1,,,,0,0,,0,,
HND_016730,2011,1,1,,,,1,0,,1,,
HND_004558,2011,1,1,,,,1,0,,1,,
HND_008962,2011,1,1,,,,0,0,,0,,
HND_008178,2011,1,1,,,,1,0,,0,,
HND_002289,2011,1,1,,,,0,0,,0,,
HND_015312,2011,1,1,,,,0,0,,0,,
HND_007004,2011,1,1,,,,0,0,,0,,
HND_013784,2011,1,1,,,,1,0,,0,,
HND_006350,2011,1,1,,,,1,0,,0,,
HND_011652,2011,1,1,,,,1,0,,0,,
HND_011591,2011,1,1,,,,1,0,,0,,
HND_000528,2011,1,1,,,,1,0,,0,,
HND_013133,2011,1,1,,,,1,0,,0,,
HND_016404,2011,1,1,,,,0,0,,0,,
HND_011071,2011,1,1,,,,0,0,,0,,
HND_007005,2011,1,1,,,,0,0,,0,,
HND_005353,2011,1,1,,,,1,0,,1,,
HND_005695,2011,1,1,,,,1,0,,1,,
HND_010852,2011,1,1,,,,1,0,,1,,
HND_013292,2011,1,1,,,,1,0,,1,,
HND_004481,2011,,,,,,,0,,0,,
HND_006169,2011,1,0,,,,0,0,,0,,
HND_007173,2011,1,1,,,,1,0,,0,,
HND_004111,2011,1,1,,,,1,0,,0,,
HND_003602,2011,1,1,,,,1,0,,0,,
HND_009910,2011,1,1,,,,0,0,,0,,
HND_014586,2011,1,1,,,,1,0,,0,,
HND_006189,2011,1,1,,,,1,0,,0,,
HND_011363,2011,1,1,,,,1,0,,0,,
HND_001553,2011,1,1,,,,1,0,,0,,
HND_001554,2011,1,1,,,,1,0,,0,,
HND_011338,2011,1,1,,,,1,0,,0,,
HND_000158,2011,,0,,,,0,0,,0,,
HND_015710,2011,1,1,,,,0,0,,0,,
HND_007873,2011,1,1,,,,1,0,,0,,
HND_012530,2011,,,,,,,0,,0,,
HND_009148,2011,1,1,,,,1,0,,0,,
HND_011368,2011,,0,,,,0,0,,0,,
HND_001918,2011,1,1,,,,0,0,,0,,
HND_003374,2011,1,1,,,,1,0,,0,,
HND_011331,2011,1,1,,,,0,0,,0,,
HND_011367,2011,1,1,,,,0,0,,0,,
HND_015336,2011,1,1,,,,0,0,,0,,
HND_012083,2011,,,,,,,0,,0,,
HND_011365,2011,1,1,,,,0,0,,0,,
HND_011366,2011,1,1,,,,0,0,,0,,
HND_003003,2011,1,1,,,,1,0,,0,,
HND_003105,2011,,,,,,,0,,0,,
HND_007277,2011,,,,,,,0,,0,,
HND_005496,2011,,0,,,,0,0,,0,,
HND_014859,2011,1,1,,,,1,0,,1,,
HND_011364,2011,,0,,,,0,0,,0,,
HND_003227,2011,,,,,,,0,,0,,
HND_009008,2011,,,,,,,0,,0,,
HND_010156,2011,,,,,,,0,,0,,
HND_007351,2011,1,1,,,,1,0,,1,,
HND_004216,2011,1,1,,,,1,0,,0,,
HND_015564,2011,1,1,,,,0,0,,0,,
HND_008631,2011,1,1,,,,1,0,,0,,
HND_000242,2011,1,1,,,,1,0,,1,,
HND_005058,2011,1,1,,,,1,0,,1,,
HND_015698,2011,1,1,,,,1,0,,1,,
HND_009903,2011,,,,,,,0,,0,,
HND_013061,2011,,,,,,,0,,0,,
HND_011176,2011,,,,,,,0,,0,,
HND_005684,2011,1,1,,,,1,0,,0,,
HND_005073,2011,1,1,,,,1,0,,1,,
HND_014366,2011,1,1,,,,1,0,,0,,
HND_005894,2011,1,1,,,,0,0,,0,,
HND_014821,2011,1,1,,,,0,0,,0,,
HND_015364,2011,1,1,,,,0,0,,0,,
HND_001153,2011,1,1,,,,1,0,,1,,
HND_013357,2011,1,1,,,,1,0,,1,,
HND_009801,2011,1,1,,,,1,1,,1,,
HND_016614,2011,1,1,,,,1,0,,1,,
HND_003123,2011,1,1,,,,1,0,,1,,
HND_010367,2011,1,1,,,,1,0,,1,,
HND_009874,2011,1,1,,,,1,0,,0,,
HND_014066,2011,1,1,,,,1,0,,0,,
HND_004210,2011,1,1,,,,1,0,,1,,
HND_011009,2011,1,1,,,,1,0,,0,,
HND_015379,2011,1,1,,,,1,0,,0,,
HND_001363,2011,1,1,,,,1,0,,0,,
HND_009091,2011,1,1,,,,1,0,,1,,
HND_010295,2011,1,1,,,,1,0,,1,,
HND_009517,2011,1,1,,,,1,0,,0,,
HND_013011,2011,1,1,,,,1,0,,0,,
HND_014703,2011,1,1,,,,1,0,,0,,
HND_002152,2011,1,1,,,,1,0,,0,,
HND_008853,2011,1,1,,,,1,0,,0,,
HND_002968,2011,1,1,,,,1,0,,0,,
HND_008367,2011,1,1,,,,0,0,,0,,
HND_011746,2011,1,1,,,,1,0,,0,,
HND_008666,2011,1,1,,,,1,0,,0,,
HND_010599,2011,1,1,,,,1,0,,1,,
HND_009430,2011,1,1,,,,0,0,,0,,
HND_000722,2011,1,1,,,,1,0,,0,,
HND_014935,2011,1,1,,,,1,0,,0,,
HND_013018,2011,1,1,,,,1,1,,1,,
HND_005231,2011,1,1,,,,1,0,,0,,
HND_000827,2011,1,0,,,,1,0,,0,,
HND_008436,2011,1,1,,,,1,0,,0,,
HND_013256,2011,1,1,,,,1,0,,0,,
HND_000249,2011,1,1,,,,1,0,,0,,
HND_012184,2011,1,1,,,,1,0,,1,,
HND_016655,2011,1,1,,,,0,0,,0,,
HND_010548,2011,1,1,,,,1,0,,1,,
HND_010791,2011,1,1,,,,0,0,,0,,
HND_013005,2011,1,1,,,,0,0,,0,,
HND_011059,2011,1,1,,,,0,0,,0,,
HND_005987,2011,,0,,,,0,0,,0,,
HND_013867,2011,1,1,,,,0,0,,0,,
HND_008532,2011,1,1,,,,1,0,,1,,
HND_007358,2011,,0,,,,0,0,,0,,
HND_010389,2011,1,1,,,,0,0,,0,,
HND_011142,2011,1,1,,,,1,0,,1,,
HND_008943,2011,1,0,,,,0,0,,0,,
HND_007272,2011,1,1,,,,0,0,,0,,
HND_004335,2011,1,1,,,,1,0,,0,,
HND_013319,2011,1,0,,,,0,0,,0,,
HND_006104,2011,1,1,,,,1,0,,0,,
HND_016045,2011,1,1,,,,1,0,,1,,
HND_005252,2011,1,1,,,,0,0,,0,,
HND_011878,2011,1,1,,,,1,0,,1,,
HND_008351,2011,1,1,,,,1,0,,0,,
HND_014967,2011,1,1,,,,1,0,,0,,
HND_011551,2011,1,0,,,,1,0,,0,,
HND_009441,2011,1,1,,,,1,0,,1,,
HND_002042,2011,1,1,,,,0,0,,0,,
HND_010223,2011,,0,,,,0,0,,0,,
HND_014109,2011,1,1,,,,1,0,,0,,
HND_008026,2011,1,1,,,,1,0,,0,,
HND_005336,2011,0,0,,,,0,0,,0,,
HND_015567,2011,0,0,,,,0,0,,0,,
HND_000596,2011,1,1,,,,0,0,,0,,
HND_012988,2011,1,1,,,,1,0,,0,,
HND_000604,2011,1,1,,,,1,0,,0,,
HND_003326,2011,1,1,,,,1,0,,0,,
HND_003054,2011,1,1,,,,1,0,,0,,
HND_003767,2011,1,1,,,,0,0,,0,,
HND_011243,2011,,0,,,,0,0,,0,,
HND_003780,2011,1,1,,,,0,0,,0,,
HND_000481,2011,1,1,,,,1,0,,1,,
HND_008683,2011,1,1,,,,0,0,,0,,
HND_001728,2011,0,0,,,,0,0,,0,,
HND_012241,2011,,0,,,,0,0,,0,,
HND_002154,2011,1,1,,,,1,0,,0,,
HND_010846,2011,1,1,,,,1,0,,0,,
HND_013542,2011,1,1,,,,0,0,,0,,
HND_011749,2011,1,1,,,,0,0,,0,,
HND_010668,2011,1,1,,,,0,0,,0,,
HND_003267,2011,,0,,,,1,0,,0,,
HND_010946,2011,1,1,,,,1,0,,0,,
HND_013238,2011,1,1,,,,0,0,,0,,
HND_004230,2011,1,1,,,,1,0,,0,,
HND_002972,2011,1,1,,,,0,0,,0,,
HND_014333,2011,1,1,,,,1,0,,0,,
HND_000795,2011,1,1,,,,0,0,,0,,
HND_000702,2011,1,1,,,,0,0,,0,,
HND_007350,2011,1,1,,,,0,0,,0,,
HND_004942,2011,1,0,,,,0,0,,0,,
HND_009500,2011,1,1,,,,0,0,,0,,
HND_000701,2011,1,1,,,,1,0,,1,,
HND_010710,2011,,,,,,,0,,0,,
HND_016766,2011,1,1,,,,1,0,,1,,
HND_007092,2011,1,1,,,,1,0,,1,,
HND_005792,2011,1,1,,,,1,0,,1,,
HND_001150,2011,1,1,,,,0,0,,0,,
HND_002544,2011,1,1,,,,0,0,,0,,
HND_010885,2011,,0,,,,1,0,,0,,
HND_007812,2011,1,1,,,,0,0,,0,,
HND_004909,2011,1,1,,,,0,0,,0,,
HND_007846,2011,1,0,,,,1,0,,0,,
HND_011140,2011,1,1,,,,1,0,,0,,
HND_000933,2011,1,1,,,,1,0,,0,,
HND_004561,2011,,0,,,,1,0,,0,,
HND_016883,2011,1,1,,,,1,0,,1,,
HND_001512,2011,1,1,,,,1,0,,1,,
HND_007263,2011,1,1,,,,1,0,,0,,
HND_004252,2011,1,0,,,,1,0,,0,,
HND_013046,2011,1,1,,,,1,0,,0,,
HND_016365,2011,1,1,,,,1,0,,0,,
HND_011166,2011,1,1,,,,1,0,,0,,
HND_015847,2011,1,1,,,,1,0,,0,,
HND_007280,2011,1,1,,,,1,0,,0,,
HND_012079,2011,1,1,,,,0,0,,0,,
HND_010568,2011,1,1,,,,1,0,,0,,
HND_007260,2011,1,1,,,,1,0,,0,,
HND_007261,2011,1,1,,,,1,0,,0,,
HND_009979,2011,1,1,,,,1,0,,0,,
HND_004026,2011,1,1,,,,1,1,,1,,
HND_002155,2011,1,1,,,,1,0,,1,,
HND_014973,2011,1,1,,,,0,0,,0,,
HND_016471,2011,1,1,,,,1,0,,1,,
HND_009108,2011,1,1,,,,1,0,,0,,
HND_006813,2011,1,1,,,,0,0,,0,,
HND_008895,2011,1,0,,,,0,0,,0,,
HND_001566,2011,1,1,,,,1,0,,1,,
HND_000684,2011,1,1,,,,1,0,,1,,
HND_009419,2011,1,1,,,,0,0,,0,,
HND_009459,2011,,,,,,,0,,0,,
HND_000952,2011,,,,,,,0,,0,,
HND_007262,2011,1,1,,,,0,0,,0,,
HND_008390,2011,1,1,,,,0,0,,0,,
HND_010314,2011,1,1,,,,0,0,,0,,
HND_012422,2011,1,1,,,,1,0,,0,,
HND_006030,2011,,,,,,,0,,0,,
HND_006106,2011,1,1,,,,0,0,,0,,
HND_015622,2011,1,1,,,,1,0,,0,,
HND_004345,2011,1,1,,,,1,0,,0,,
HND_002950,2011,1,1,,,,1,0,,0,,
HND_008007,2011,1,1,,,,1,0,,0,,
HND_006134,2011,1,1,,,,1,0,,0,,
HND_013871,2011,1,1,,,,1,0,,1,,
HND_005476,2011,1,1,,,,1,0,,0,,
HND_009915,2011,1,1,,,,1,0,,0,,
HND_003765,2011,1,1,,,,0,0,,0,,
HND_014813,2011,1,1,,,,1,0,,0,,
HND_009925,2011,1,1,,,,0,0,,0,,
HND_001247,2011,1,1,,,,0,0,,0,,
HND_002035,2011,1,1,,,,1,0,,1,,
HND_005577,2011,1,1,,,,1,0,,0,,
HND_005733,2011,1,1,,,,1,0,,1,,
HND_008897,2011,1,1,,,,1,0,,1,,
HND_000689,2011,1,1,,,,1,0,,1,,
HND_007503,2011,1,1,,,,0,0,,0,,
HND_010683,2011,1,1,,,,1,0,,1,,
HND_008525,2011,1,1,,,,1,0,,1,,
HND_008518,2011,1,1,,,,1,0,,0,,
HND_009650,2011,1,1,,,,1,0,,0,,
HND_010349,2011,1,1,,,,1,0,,1,,
HND_004830,2011,1,1,,,,1,0,,0,,
HND_005887,2011,1,1,,,,1,0,,0,,
HND_013921,2011,1,1,,,,1,0,,1,,
HND_000842,2011,1,1,,,,0,0,,0,,
HND_016423,2011,1,1,,,,1,0,,0,,
HND_005418,2011,1,1,,,,1,0,,1,,
HND_003761,2011,1,1,,,,1,0,,0,,
HND_010044,2011,1,1,,,,1,0,,0,,
HND_007165,2011,1,1,,,,1,0,,0,,
HND_007002,2011,1,1,,,,1,0,,0,,
HND_012099,2011,1,1,,,,1,0,,0,,
HND_011906,2011,1,1,,,,1,0,,0,,
HND_010253,2011,1,1,,,,1,0,,0,,
HND_016259,2011,1,1,,,,1,0,,1,,
HND_001314,2011,1,1,,,,1,0,,1,,
HND_008709,2011,1,1,,,,1,0,,1,,
HND_013912,2011,1,1,,,,1,0,,0,,
HND_001940,2011,1,1,,,,0,0,,0,,
HND_001052,2011,1,1,,,,1,0,,0,,
HND_001841,2011,1,1,,,,1,0,,0,,
HND_007158,2011,,,,,,,0,,0,,
HND_000465,2011,1,1,,,,1,0,,0,,
HND_007321,2011,1,1,,,,1,0,,0,,
HND_004332,2011,1,1,,,,1,0,,0,,
HND_003310,2011,1,1,,,,1,0,,0,,
HND_007823,2011,,,,,,,0,,0,,
HND_005368,2011,,,,,,,0,,0,,
HND_013845,2011,1,0,,,,0,0,,0,,
HND_003658,2011,1,1,,,,0,0,,0,,
HND_015413,2011,,,,,,,0,,0,,
HND_015920,2011,,,,,,,0,,0,,
HND_000994,2011,,,,,,,0,,0,,
HND_011396,2011,1,1,,,,0,0,,0,,
HND_006344,2011,1,1,,,,1,0,,0,,
HND_008725,2011,1,1,,,,1,0,,1,,
HND_011836,2011,1,1,,,,1,0,,0,,
HND_015485,2011,1,1,,,,1,0,,1,,
HND_013363,2011,1,1,,,,1,0,,0,,
HND_016421,2011,1,1,,,,1,0,,1,,
HND_000386,2011,1,1,,,,1,0,,1,,
HND_005821,2011,1,1,,,,1,0,,1,,
HND_001308,2011,1,1,,,,1,0,,1,,
HND_016434,2011,1,1,,,,1,0,,1,,
HND_000695,2011,0,0,,,,1,0,,0,,
HND_004442,2011,1,1,,,,1,0,,0,,
HND_012245,2011,1,1,,,,1,0,,0,,
HND_014350,2011,1,0,,,,1,0,,0,,
HND_013850,2011,1,1,,,,1,0,,0,,
HND_004907,2011,1,1,,,,1,0,,0,,
HND_007266,2011,1,1,,,,1,0,,0,,
HND_001279,2011,1,1,,,,1,0,,1,,
HND_008085,2011,1,0,,,,1,1,,1,,
HND_014409,2011,1,1,,,,1,0,,0,,
HND_006865,2011,1,1,,,,1,0,,0,,
HND_006509,2011,1,1,,,,1,0,,0,,
HND_006504,2011,1,1,,,,1,0,,0,,
HND_005583,2011,1,1,,,,1,0,,0,,
HND_005891,2011,,,,,,,0,,0,,
HND_005968,2011,1,1,,,,1,0,,0,,
HND_006728,2011,,,,,,,0,,0,,
HND_012782,2011,,,,,,,0,,0,,
HND_009493,2011,,,,,,,0,,0,,
HND_003015,2011,,,,,,,0,,0,,
HND_013803,2011,1,1,,,,1,0,,0,,
HND_009492,2011,,,,,,,0,,0,,
HND_010435,2011,1,1,,,,1,0,,0,,
HND_008239,2011,1,1,,,,1,0,,0,,
HND_007516,2011,1,1,,,,1,0,,1,,
HND_011984,2011,0,0,,,,1,0,,1,,
HND_004338,2011,1,1,,,,1,0,,0,,
HND_014087,2011,1,1,,,,1,0,,0,,
HND_013794,2011,1,1,,,,1,0,,0,,
HND_014467,2011,,,,,,,0,,0,,
HND_004876,2011,0,0,,,,1,0,,0,,
HND_008070,2011,1,1,,,,1,0,,1,,
HND_010286,2011,1,1,,,,1,0,,0,,
HND_013513,2011,1,1,,,,1,0,,1,,
HND_008600,2011,1,1,,,,1,0,,0,,
HND_002116,2011,1,0,,,,1,0,,1,,
HND_008669,2011,,0,,,,1,0,,0,,
HND_005448,2011,1,0,,,,1,0,,0,,
HND_013253,2011,1,1,,,,1,0,,0,,
HND_014243,2011,1,0,,,,1,0,,0,,
HND_010972,2011,1,1,,,,1,0,,1,,
HND_008860,2011,1,1,,,,1,0,,0,,
HND_004440,2011,1,0,,,,0,0,,0,,
HND_006372,2011,1,1,,,,1,0,,0,,
HND_011353,2011,1,1,,,,1,0,,0,,
HND_014074,2011,1,1,,,,1,0,,0,,
HND_004528,2011,1,1,,,,1,0,,0,,
HND_002680,2011,1,0,,,,1,1,,1,,
HND_006898,2011,1,0,,,,1,0,,0,,
HND_006818,2011,1,1,,,,1,0,,0,,
HND_015573,2011,1,0,,,,1,0,,0,,
HND_010544,2011,,,,,,,0,,0,,
HND_015447,2011,1,0,,,,1,0,,0,,
HND_006730,2011,,,,,,,0,,0,,
HND_000707,2011,,,,,,,0,,0,,
HND_012811,2011,,,,,,,0,,0,,
HND_006131,2011,,,,,,,0,,0,,
HND_002587,2011,1,0,,,,0,0,,0,,
HND_014787,2011,1,1,,,,1,0,,1,,
HND_004461,2011,1,1,,,,1,0,,0,,
HND_006235,2011,1,1,,,,1,1,,1,,
HND_014337,2011,1,1,,,,1,0,,1,,
HND_000458,2011,1,1,,,,1,0,,1,,
HND_001884,2011,1,0,,,,0,0,,0,,
HND_005369,2011,1,1,,,,1,0,,1,,
HND_002836,2011,1,1,,,,1,0,,1,,
HND_010620,2011,1,1,,,,1,0,,1,,
HND_009057,2011,1,1,,,,1,0,,0,,
HND_015950,2011,1,1,,,,1,0,,0,,
HND_009377,2011,1,1,,,,1,0,,0,,
HND_008559,2011,1,0,,,,1,0,,1,,
HND_015151,2011,1,1,,,,1,0,,0,,
HND_003506,2011,1,1,,,,0,0,,0,,
HND_013522,2011,1,1,,,,1,0,,0,,
HND_007096,2011,1,0,,,,1,0,,1,,
HND_008963,2011,1,1,,,,1,0,,0,,
HND_009013,2011,1,1,,,,1,0,,0,,
HND_005000,2011,1,1,,,,1,1,,1,,
HND_008511,2011,1,1,,,,1,0,,1,,
HND_015318,2011,1,1,,,,0,0,,0,,
HND_000247,2011,1,1,,,,1,0,,0,,
HND_008181,2011,1,1,,,,1,0,,0,,
HND_001335,2011,1,0,,,,1,0,,0,,
HND_006063,2011,1,1,,,,0,0,,0,,
HND_007287,2011,1,1,,,,0,0,,0,,
HND_010148,2011,1,1,,,,0,0,,0,,
HND_004914,2011,1,1,,,,1,0,,0,,
HND_016644,2011,1,1,,,,1,0,,0,,
HND_005595,2011,1,1,,,,0,0,,0,,
HND_010484,2011,1,1,,,,0,0,,0,,
HND_014591,2011,,,,,,,0,,0,,
HND_007755,2011,1,1,,,,0,0,,0,,
HND_004027,2011,1,1,,,,1,0,,1,,
HND_006914,2011,1,1,,,,1,0,,0,,
HND_006913,2011,,,,,,,0,,0,,
HND_004688,2011,1,1,,,,1,0,,0,,
HND_010932,2011,1,1,,,,1,0,,0,,
HND_009425,2011,1,1,,,,1,0,,0,,
HND_015225,2011,1,1,,,,1,0,,1,,
HND_000729,2011,1,1,,,,1,0,,0,,
HND_016261,2011,1,1,,,,1,0,,0,,
HND_000720,2011,1,1,,,,1,0,,0,,
HND_015658,2011,1,1,,,,1,0,,0,,
HND_013951,2011,1,0,,,,1,0,,0,,
HND_000708,2011,1,1,,,,1,0,,0,,
HND_006695,2011,1,1,,,,1,0,,0,,
HND_011471,2011,1,1,,,,1,0,,0,,
HND_011476,2011,1,1,,,,1,0,,0,,
HND_009174,2011,1,1,,,,1,0,,0,,
HND_015263,2011,1,1,,,,1,0,,0,,
HND_003143,2011,1,0,,,,1,1,,1,,
HND_003166,2011,1,0,,,,1,0,,1,,
HND_003851,2011,1,1,,,,1,0,,0,,
HND_014701,2011,1,1,,,,1,0,,0,,
HND_003859,2011,1,1,,,,1,0,,0,,
HND_014969,2011,1,1,,,,0,0,,0,,
HND_001844,2011,1,1,,,,1,0,,1,,
HND_015837,2011,1,1,,,,0,0,,0,,
HND_002202,2011,,,,,,,0,,0,,
HND_012459,2011,1,1,,,,1,0,,0,,
HND_012598,2011,1,1,,,,0,0,,0,,
HND_015579,2011,1,1,,,,1,0,,0,,
HND_009467,2011,1,1,,,,0,0,,0,,
HND_007841,2011,1,1,,,,1,0,,0,,
HND_006905,2011,1,1,,,,1,0,,0,,
HND_006228,2011,1,1,,,,1,0,,1,,
HND_010871,2011,1,1,,,,1,0,,0,,
HND_002699,2011,1,1,,,,0,0,,0,,
HND_013760,2011,1,1,,,,0,0,,0,,
HND_010323,2011,1,1,,,,0,0,,0,,
HND_004723,2011,1,1,,,,0,0,,0,,
HND_004739,2011,1,1,,,,0,0,,0,,
HND_016214,2011,1,1,,,,0,0,,0,,
HND_010446,2011,,0,,,,0,0,,0,,
HND_012221,2011,1,1,,,,0,0,,0,,
HND_005530,2011,,0,,,,0,0,,0,,
HND_009941,2011,1,1,,,,0,0,,0,,
HND_012689,2011,,,,,,,0,,0,,
HND_006455,2011,1,1,,,,1,0,,0,,
HND_009028,2011,1,1,,,,1,0,,0,,
HND_000992,2011,1,1,,,,1,0,,0,,
HND_015526,2011,1,1,,,,0,0,,0,,
HND_013335,2011,1,1,,,,0,0,,0,,
HND_012997,2011,1,1,,,,1,0,,0,,
HND_002849,2011,1,1,,,,0,0,,0,,
HND_004218,2011,1,1,,,,1,0,,0,,
HND_006072,2011,1,1,,,,0,0,,0,,
HND_015501,2011,1,1,,,,1,0,,0,,
HND_003505,2011,1,1,,,,1,0,,0,,
HND_008810,2011,1,1,,,,0,0,,0,,
HND_002491,2011,1,1,,,,0,0,,0,,
HND_009195,2011,1,1,,,,0,0,,0,,
HND_000740,2011,,0,,,,0,0,,0,,
HND_001826,2011,,0,,,,0,0,,0,,
HND_015928,2011,1,1,,,,1,0,,0,,
HND_000500,2011,1,1,,,,0,0,,0,,
HND_015462,2011,,0,,,,0,0,,0,,
HND_011081,2011,1,1,,,,0,0,,0,,
HND_010528,2011,1,1,,,,1,0,,0,,
HND_001419,2011,1,1,,,,1,0,,0,,
HND_015952,2011,1,1,,,,1,0,,0,,
HND_003864,2011,1,1,,,,1,0,,0,,
HND_008972,2011,1,1,,,,0,0,,0,,
HND_014209,2011,1,1,,,,0,0,,0,,
HND_004193,2011,,,,,,,0,,0,,
HND_014078,2011,,,,,,,0,,0,,
HND_000067,2011,1,1,,,,0,0,,0,,
HND_011800,2011,1,1,,,,1,0,,0,,
HND_001339,2011,1,1,,,,1,0,,0,,
HND_014442,2011,1,1,,,,0,0,,0,,
HND_005224,2011,1,1,,,,1,0,,0,,
HND_003128,2011,1,1,,,,1,0,,0,,
HND_008452,2011,1,1,,,,1,0,,0,,
HND_014814,2011,1,1,,,,0,0,,0,,
HND_000739,2011,0,0,,,,0,0,,0,,
HND_011799,2011,1,1,,,,1,0,,0,,
HND_003273,2011,1,1,,,,1,0,,0,,
HND_006420,2011,1,1,,,,1,0,,0,,
HND_003863,2011,1,1,,,,1,0,,0,,
HND_003051,2011,1,1,,,,1,0,,0,,
HND_010449,2011,,,,,,,0,,0,,
HND_008348,2011,1,1,,,,1,0,,0,,
HND_014608,2011,1,1,,,,1,0,,0,,
HND_004128,2011,1,1,,,,0,0,,0,,
HND_016176,2011,,,,,,,0,,0,,
HND_010777,2011,1,1,,,,1,0,,1,,
HND_013913,2011,1,1,,,,0,0,,0,,
HND_000735,2011,1,1,,,,1,0,,0,,
HND_013987,2011,1,1,,,,1,0,,1,,
HND_006430,2011,1,1,,,,0,0,,0,,
HND_005763,2011,1,1,,,,1,0,,0,,
HND_009058,2011,1,1,,,,1,0,,1,,
HND_000817,2011,1,1,,,,1,0,,0,,
HND_016703,2011,1,1,,,,1,0,,0,,
HND_003546,2011,1,1,,,,1,0,,0,,
HND_009698,2011,1,1,,,,1,0,,0,,
HND_002853,2011,1,1,,,,1,0,,0,,
HND_016036,2011,1,1,,,,0,0,,0,,
HND_000127,2011,1,1,,,,1,0,,0,,
HND_013536,2011,1,1,,,,0,0,,0,,
HND_009094,2011,1,1,,,,1,0,,0,,
HND_013560,2011,1,1,,,,1,0,,0,,
HND_016498,2011,1,1,,,,0,0,,0,,
HND_011340,2011,1,1,,,,1,0,,0,,
HND_006326,2011,1,1,,,,1,0,,0,,
HND_009060,2011,1,1,,,,1,0,,0,,
HND_003190,2011,1,1,,,,1,0,,0,,
HND_006150,2011,1,1,,,,1,0,,0,,
HND_009431,2011,1,1,,,,0,0,,0,,
HND_008336,2011,1,1,,,,0,0,,0,,
HND_006160,2011,,0,,,,0,0,,0,,
HND_012703,2011,,,,,,,0,,0,,
HND_011738,2011,1,1,,,,1,0,,0,,
HND_001126,2011,,0,,,,1,0,,0,,
HND_010418,2011,,,,,,,0,,0,,
HND_010185,2011,,,,,,,0,,0,,
HND_011240,2011,,,,,,,0,,0,,
HND_012447,2011,,,,,,,0,,0,,
HND_005663,2011,1,1,,,,1,0,,0,,
HND_013531,2011,1,1,,,,1,0,,0,,
HND_012762,2011,1,1,,,,1,0,,0,,
HND_001986,2011,1,1,,,,1,0,,0,,
HND_003108,2011,1,1,,,,1,0,,0,,
HND_004432,2011,1,0,,,,0,0,,0,,
HND_014245,2011,1,1,,,,1,1,,1,,
HND_014805,2011,1,1,,,,1,0,,0,,
HND_004189,2011,1,1,,,,1,0,,1,,
HND_016056,2011,0,0,,,,0,0,,0,,
HND_009084,2011,1,1,,,,1,0,,1,,
HND_003107,2011,,0,,,,1,0,,0,,
HND_016704,2011,,0,,,,1,0,,0,,
HND_003613,2011,1,0,,,,1,0,,0,,
HND_009197,2011,1,0,,,,1,0,,0,,
HND_005104,2011,1,1,,,,1,0,,1,,
HND_004452,2011,1,1,,,,1,0,,0,,
HND_014702,2011,1,1,,,,0,0,,0,,
HND_016751,2011,1,1,,,,0,0,,0,,
HND_014251,2011,1,1,,,,0,0,,0,,
HND_004183,2011,1,1,,,,1,0,,0,,
HND_009436,2011,1,1,,,,1,0,,1,,
HND_014273,2011,1,1,,,,1,0,,0,,
HND_012163,2011,1,1,,,,1,0,,0,,
HND_007762,2011,1,1,,,,0,0,,0,,
HND_007384,2011,1,0,,,,1,0,,0,,
HND_008593,2011,1,1,,,,1,0,,0,,
HND_011125,2011,1,1,,,,0,0,,0,,
HND_001845,2011,1,1,,,,1,0,,0,,
HND_001340,2011,1,1,,,,1,0,,0,,
HND_009672,2011,,0,,,,0,0,,0,,
HND_009673,2011,1,1,,,,1,0,,0,,
HND_002053,2011,1,0,,,,1,0,,0,,
HND_011082,2011,1,1,,,,0,0,,0,,
HND_012442,2011,,,,,,,0,,0,,
HND_011872,2011,1,0,,,,1,0,,0,,
HND_005719,2011,1,1,,,,1,0,,0,,
HND_016727,2011,,0,,,,0,0,,0,,
HND_007310,2011,1,1,,,,0,0,,0,,
HND_016737,2011,1,0,,,,1,0,,0,,
HND_002448,2011,1,1,,,,1,0,,0,,
HND_015165,2011,1,1,,,,1,0,,0,,
HND_013607,2011,1,1,,,,1,0,,0,,
HND_016240,2011,1,1,,,,1,0,,1,,
HND_003838,2011,1,1,,,,1,0,,0,,
HND_002240,2011,,,,,,,0,,0,,
HND_002232,2011,,,,,,,0,,0,,
HND_006423,2011,,,,,,,0,,0,,
HND_006397,2011,1,1,,,,1,0,,0,,
HND_006391,2011,,,,,,,0,,0,,
HND_002132,2011,1,1,,,,1,0,,1,,
HND_011154,2011,1,1,,,,1,0,,0,,
HND_016241,2011,,,,,,,0,,0,,
HND_010458,2011,,,,,,,0,,0,,
HND_012593,2011,,,,,,,0,,0,,
HND_005139,2011,,0,,,,1,0,,0,,
HND_004194,2011,1,1,,,,1,0,,0,,
HND_012635,2011,,,,,,,0,,0,,
HND_009920,2011,1,0,,,,1,0,,0,,
HND_007499,2011,1,1,,,,1,0,,0,,
HND_000271,2011,1,1,,,,1,0,,0,,
HND_005119,2011,0,0,,,,0,0,,0,,
HND_002868,2011,1,1,,,,0,0,,0,,
HND_014391,2011,1,1,,,,0,0,,0,,
HND_014028,2011,1,1,,,,0,0,,0,,
HND_000644,2011,1,1,,,,0,0,,0,,
HND_010585,2011,1,1,,,,1,0,,0,,
HND_015261,2011,,0,,,,0,0,,0,,
HND_015434,2011,1,1,,,,1,0,,0,,
HND_009976,2011,1,1,,,,1,0,,0,,
HND_003336,2011,1,0,,,,0,0,,0,,
HND_010537,2011,,,,,,,0,,0,,
HND_006479,2011,1,1,,,,1,0,,0,,
HND_006928,2011,1,1,,,,1,0,,0,,
HND_014879,2011,1,1,,,,1,0,,1,,
HND_000221,2011,1,1,,,,1,0,,0,,
HND_011001,2011,1,1,,,,1,0,,1,,
HND_013302,2011,1,1,,,,1,0,,0,,
HND_015354,2011,1,1,,,,0,0,,0,,
HND_005908,2011,1,1,,,,1,0,,0,,
HND_005945,2011,1,1,,,,1,0,,0,,
HND_005701,2011,1,1,,,,1,0,,0,,
HND_016896,2011,1,1,,,,0,0,,0,,
HND_009537,2011,1,1,,,,1,0,,0,,
HND_010826,2011,1,1,,,,1,0,,1,,
HND_009048,2011,1,1,,,,1,0,,0,,
HND_008916,2011,1,1,,,,1,0,,0,,
HND_007455,2011,1,1,,,,1,0,,1,,
HND_009655,2011,1,1,,,,1,0,,0,,
HND_005725,2011,,0,,,,1,0,,0,,
HND_007871,2011,1,1,,,,0,0,,0,,
HND_002825,2011,1,1,,,,1,0,,0,,
HND_004632,2011,1,1,,,,0,0,,0,,
HND_011971,2011,1,1,,,,1,0,,1,,
HND_005799,2011,1,1,,,,0,0,,0,,
HND_016636,2011,1,1,,,,0,0,,0,,
HND_015450,2011,1,1,,,,1,0,,0,,
HND_001003,2011,1,1,,,,1,0,,1,,
HND_006325,2011,1,0,,,,1,0,,0,,
HND_013056,2011,1,1,,,,1,0,,0,,
HND_006714,2011,1,1,,,,0,0,,0,,
HND_000463,2011,1,1,,,,1,0,,0,,
HND_004451,2011,1,1,,,,1,0,,0,,
HND_014844,2011,1,1,,,,0,0,,0,,
HND_007430,2011,1,1,,,,1,0,,0,,
HND_012046,2011,1,1,,,,1,0,,0,,
HND_009948,2011,1,1,,,,1,0,,0,,
HND_003608,2011,1,0,,,,1,0,,0,,
HND_000258,2011,,0,,,,0,0,,0,,
HND_004537,2011,1,1,,,,1,0,,0,,
HND_016100,2011,,,,,,,0,,0,,
HND_015454,2011,1,1,,,,1,0,,0,,
HND_014980,2011,1,1,,,,1,0,,0,,
HND_011315,2011,1,1,,,,1,0,,0,,
HND_000274,2011,1,1,,,,1,1,,1,,
HND_006421,2011,1,1,,,,1,0,,0,,
HND_006405,2011,1,1,,,,0,0,,0,,
HND_005760,2011,1,1,,,,1,0,,0,,
HND_006407,2011,1,1,,,,1,0,,0,,
HND_000366,2011,1,1,,,,1,0,,0,,
HND_005676,2011,1,1,,,,1,0,,1,,
HND_000403,2011,1,1,,,,1,0,,0,,
HND_008359,2011,1,1,,,,1,0,,0,,
HND_008719,2011,1,1,,,,1,0,,0,,
HND_003835,2011,1,1,,,,1,0,,0,,
HND_006413,2011,1,1,,,,1,0,,0,,
HND_002670,2011,,,,,,,0,,0,,
HND_005677,2011,1,1,,,,1,0,,1,,
HND_005810,2011,1,1,,,,1,0,,0,,
HND_002235,2011,,,,,,,0,,0,,
HND_012750,2011,1,1,,,,0,0,,0,,
HND_011316,2011,1,1,,,,1,0,,0,,
HND_004400,2011,,,,,,,0,,0,,
HND_007821,2011,1,0,,,,0,0,,0,,
HND_004684,2011,,,,,,,0,,0,,
HND_012150,2011,,,,,,,0,,0,,
HND_016758,2011,,,,,,,0,,0,,
HND_015164,2011,,,,,,,0,,0,,
HND_006042,2011,,,,,,,0,,0,,
HND_007300,2011,1,1,,,,0,0,,0,,
HND_006435,2011,1,1,,,,1,0,,0,,
HND_007508,2011,1,1,,,,1,0,,0,,
HND_005203,2011,1,0,,,,0,0,,0,,
HND_000731,2011,1,0,,,,0,0,,0,,
HND_014710,2011,1,1,,,,1,0,,0,,
HND_003438,2011,0,0,,,,0,0,,0,,
HND_015268,2011,1,0,,,,0,0,,0,,
HND_000753,2011,1,1,,,,0,0,,0,,
HND_002022,2011,1,1,,,,0,0,,0,,
HND_005176,2011,0,0,,,,0,0,,0,,
HND_000140,2011,1,1,,,,1,0,,0,,
HND_013397,2011,1,1,,,,0,0,,0,,
HND_001329,2011,,,,,,,0,,0,,
HND_011891,2011,1,1,,,,1,0,,1,,
HND_005753,2011,1,1,,,,0,0,,0,,
HND_010973,2011,1,1,,,,0,0,,0,,
HND_011296,2011,1,1,,,,1,1,,1,,
HND_016051,2011,1,1,,,,1,0,,0,,
HND_005033,2011,1,1,,,,0,0,,0,,
HND_013467,2011,1,1,,,,0,0,,0,,
HND_010634,2011,1,1,,,,0,0,,0,,
HND_009624,2011,1,1,,,,1,0,,1,,
HND_013963,2011,1,1,,,,0,0,,0,,
HND_015135,2011,1,1,,,,1,0,,1,,
HND_015138,2011,1,1,,,,0,0,,0,,
HND_003702,2011,1,0,,,,1,0,,0,,
HND_005034,2011,1,1,,,,0,0,,0,,
HND_015137,2011,1,1,,,,0,0,,0,,
HND_002596,2011,1,1,,,,0,0,,0,,
HND_010460,2011,1,1,,,,0,0,,0,,
HND_002843,2011,1,1,,,,0,0,,0,,
HND_006691,2011,1,0,,,,1,0,,0,,
HND_014864,2011,1,1,,,,1,0,,1,,
HND_009538,2011,1,1,,,,0,0,,0,,
HND_000058,2011,1,1,,,,1,0,,0,,
HND_008392,2011,1,1,,,,0,0,,0,,
HND_008926,2011,1,1,,,,1,0,,0,,
HND_013149,2011,,0,,,,0,0,,0,,
HND_013385,2011,1,1,,,,1,1,,1,,
HND_003701,2011,1,1,,,,1,0,,0,,
HND_011552,2011,1,1,,,,1,0,,0,,
HND_003024,2011,1,1,,,,1,0,,0,,
HND_003849,2011,1,0,,,,1,0,,0,,
HND_006394,2011,1,1,,,,0,0,,0,,
HND_016253,2011,1,1,,,,0,0,,0,,
HND_002305,2011,1,1,,,,0,0,,0,,
HND_010575,2011,1,1,,,,1,0,,1,,
HND_016262,2011,,,,,,,0,,0,,
HND_010497,2011,,,,,,,0,,0,,
HND_010456,2011,,,,,,,0,,0,,
HND_010457,2011,,,,,,,0,,0,,
HND_004179,2011,,,,,,,0,,0,,
HND_016135,2011,,,,,,,0,,0,,
HND_001704,2011,,,,,,,0,,0,,
HND_001480,2011,,,,,,,0,,0,,
HND_001182,2011,,,,,,,0,,0,,
HND_003450,2011,,,,,,,0,,0,,
HND_002156,2011,1,1,,,,1,0,,1,,
HND_011993,2011,1,0,,,,0,0,,0,,
HND_014739,2011,1,1,,,,0,0,,0,,
HND_010415,2011,1,0,,,,0,0,,0,,
HND_008629,2011,1,1,,,,0,0,,0,,
HND_014809,2011,1,1,,,,0,0,,0,,
HND_014193,2011,1,1,,,,0,0,,0,,
HND_014189,2011,1,0,,,,0,0,,0,,
HND_010216,2011,1,1,,,,0,0,,0,,
HND_006082,2011,1,1,,,,0,0,,0,,
HND_002899,2011,1,0,,,,0,0,,0,,
HND_012165,2011,1,1,,,,1,0,,0,,
HND_013813,2011,1,1,,,,1,0,,0,,
HND_003472,2011,1,1,,,,0,0,,0,,
HND_013259,2011,1,1,,,,1,0,,1,,
HND_006465,2011,1,1,,,,1,0,,0,,
HND_009168,2011,0,0,,,,0,0,,0,,
HND_006429,2011,1,1,,,,1,0,,0,,
HND_012349,2011,1,1,,,,0,0,,0,,
HND_001337,2011,1,1,,,,1,0,,1,,
HND_002900,2011,1,1,,,,1,1,,0,,
HND_003522,2011,1,1,,,,0,0,,0,,
HND_008545,2011,1,1,,,,0,0,,0,,
HND_013558,2011,1,1,,,,0,0,,0,,
HND_007759,2011,1,1,,,,1,0,,0,,
HND_009613,2011,1,1,,,,1,0,,0,,
HND_011083,2011,,0,,,,0,0,,0,,
HND_013920,2011,1,1,,,,1,0,,0,,
HND_003723,2011,1,1,,,,0,0,,0,,
HND_011901,2011,1,1,,,,0,0,,0,,
HND_009856,2011,1,1,,,,1,0,,1,,
HND_013561,2011,1,1,,,,1,0,,0,,
HND_001005,2011,1,1,,,,1,0,,0,,
HND_016556,2011,1,1,,,,1,0,,0,,
HND_012751,2011,,,,,,,0,,0,,
HND_003205,2011,1,1,,,,1,0,,0,,
HND_016213,2011,1,1,,,,1,0,,0,,
HND_015742,2011,1,1,,,,1,0,,0,,
HND_004159,2011,,,,,,,0,,0,,
HND_006417,2011,,,,,,,0,,0,,
HND_001006,2011,,,,,,,0,,0,,
HND_014013,2011,1,1,,,,1,0,,0,,
HND_001652,2011,1,1,,,,0,0,,0,,
HND_008369,2011,1,0,,,,1,0,,0,,
HND_015684,2011,,,,,,,0,,0,,
HND_000213,2011,,,,,,,0,,0,,
HND_007339,2011,1,1,,,,0,0,,0,,
HND_011786,2011,1,1,,,,1,0,,1,,
HND_013009,2011,1,1,,,,0,0,,0,,
HND_005057,2011,1,1,,,,0,0,,0,,
HND_010850,2011,1,0,,,,0,0,,0,,
HND_010959,2011,1,1,,,,0,0,,0,,
HND_014402,2011,1,1,,,,0,0,,0,,
HND_011657,2011,1,1,,,,1,0,,0,,
HND_002424,2011,1,1,,,,0,0,,0,,
HND_012102,2011,1,1,,,,1,0,,0,,
HND_012580,2011,,,,,,,0,,0,,
HND_013770,2011,,,,,,,0,,0,,
HND_004420,2011,,,,,,,0,,0,,
HND_014588,2011,,,,,,,0,,0,,
HND_011308,2011,1,1,,,,1,0,,1,,
HND_011785,2011,1,1,,,,1,0,,0,,
HND_000239,2011,1,1,,,,1,0,,0,,
HND_010088,2011,1,1,,,,1,0,,0,,
HND_015260,2011,1,1,,,,1,0,,0,,
HND_009559,2011,1,1,,,,0,0,,0,,
HND_003982,2011,1,1,,,,1,0,,0,,
HND_011975,2011,1,1,,,,1,0,,0,,
HND_000410,2011,1,1,,,,1,0,,0,,
HND_015788,2011,1,1,,,,1,1,,0,,
HND_009966,2011,1,1,,,,1,0,,0,,
HND_014298,2011,1,1,,,,0,0,,0,,
HND_006416,2011,1,1,,,,1,0,,0,,
HND_006406,2011,1,1,,,,1,0,,0,,
HND_004556,2011,1,1,,,,1,0,,0,,
HND_016632,2011,1,1,,,,1,0,,0,,
HND_011209,2011,1,1,,,,1,0,,0,,
HND_014512,2011,,,,,,,0,,0,,
HND_001697,2011,1,1,,,,0,0,,0,,
HND_009768,2011,,,,,,,0,,0,,
HND_016805,2011,,,,,,,0,,0,,
HND_014469,2011,,,,,,,0,,0,,
HND_002597,2011,1,1,,,,0,0,,0,,
HND_009026,2011,1,1,,,,1,0,,1,,
HND_005206,2011,1,1,,,,1,0,,0,,
HND_014289,2011,,0,,,,0,0,,0,,
HND_007376,2011,1,1,,,,0,0,,0,,
HND_009378,2011,1,1,,,,1,0,,1,,
HND_014707,2011,1,1,,,,0,0,,0,,
HND_004386,2011,1,1,,,,0,0,,0,,
HND_015143,2011,1,1,,,,0,0,,0,,
HND_016076,2011,1,1,,,,0,0,,0,,
HND_014822,2011,1,1,,,,0,0,,0,,
HND_005944,2011,1,0,,,,0,0,,0,,
HND_000361,2011,1,1,,,,0,0,,0,,
HND_016670,2011,0,0,,,,0,0,,0,,
HND_015321,2011,1,1,,,,0,0,,0,,
HND_011221,2011,1,1,,,,1,0,,0,,
HND_008132,2011,0,0,,,,0,0,,0,,
HND_002036,2011,,0,,,,0,0,,0,,
HND_011208,2011,,0,,,,0,0,,0,,
HND_002598,2011,1,1,,,,0,0,,0,,
HND_004063,2011,1,1,,,,0,0,,0,,
HND_013111,2011,1,1,,,,1,0,,0,,
HND_011597,2011,1,1,,,,1,0,,0,,
HND_009962,2011,1,1,,,,0,0,,0,,
HND_000522,2011,1,1,,,,0,0,,0,,
HND_009334,2011,1,0,,,,0,0,,0,,
HND_013573,2011,1,1,,,,0,0,,0,,
HND_003879,2011,1,1,,,,0,0,,0,,
HND_003874,2011,1,1,,,,0,0,,0,,
HND_006425,2011,1,1,,,,0,0,,0,,
HND_000082,2011,,0,,,,0,0,,0,,
HND_011499,2011,1,1,,,,0,0,,0,,
HND_011496,2011,1,1,,,,0,0,,0,,
HND_008357,2011,1,1,,,,0,0,,0,,
HND_012462,2011,1,1,,,,0,0,,0,,
HND_001738,2011,,,,,,,0,,0,,
HND_009117,2011,,,,,,,0,,0,,
HND_010464,2011,,,,,,,0,,0,,
HND_005305,2011,1,1,,,,0,0,,0,,
HND_001336,2011,,,,,,,0,,0,,
HND_004163,2011,,,,,,,0,,0,,
HND_001166,2011,,,,,,,0,,0,,
HND_008089,2011,,,,,,,0,,0,,
HND_015676,2011,,,,,,,0,,0,,
HND_007301,2011,0,0,,,,0,0,,0,,
HND_013544,2011,1,1,,,,0,0,,0,,
HND_000978,2011,,,,,,,0,,0,,
HND_007910,2011,1,1,,,,0,0,,0,,
HND_006458,2011,1,1,,,,1,0,,0,,
HND_000148,2011,1,1,,,,1,0,,1,,
HND_013190,2011,1,1,,,,0,0,,0,,
HND_013495,2011,1,1,,,,0,0,,0,,
HND_000078,2011,1,1,,,,0,0,,0,,
HND_000738,2011,1,1,,,,0,0,,0,,
HND_008483,2011,1,1,,,,1,0,,0,,
HND_008201,2011,1,1,,,,0,0,,0,,
HND_010032,2011,1,1,,,,0,0,,0,,
HND_007381,2011,0,0,,,,0,0,,0,,
HND_014889,2011,1,1,,,,0,0,,0,,
HND_013129,2011,1,1,,,,0,0,,0,,
HND_009379,2011,0,0,,,,0,0,,0,,
HND_015064,2011,0,0,,,,0,0,,0,,
HND_000159,2011,1,1,,,,0,0,,0,,
HND_009949,2011,1,1,,,,0,0,,0,,
HND_006028,2011,1,1,,,,1,0,,1,,
HND_013082,2011,1,1,,,,0,0,,0,,
HND_002196,2011,1,1,,,,0,0,,0,,
HND_009699,2011,1,1,,,,0,0,,0,,
HND_013446,2011,1,1,,,,0,0,,0,,
HND_013080,2011,1,1,,,,0,0,,0,,
HND_015292,2011,1,1,,,,0,0,,0,,
HND_005600,2011,1,1,,,,0,0,,0,,
HND_001747,2011,1,1,,,,0,0,,0,,
HND_002383,2011,1,1,,,,0,0,,0,,
HND_008040,2011,1,1,,,,0,0,,0,,
HND_003722,2011,1,1,,,,0,0,,0,,
HND_000198,2011,1,1,,,,1,0,,1,,
HND_015461,2011,1,1,,,,1,0,,0,,
HND_003892,2011,1,0,,,,0,0,,0,,
HND_003868,2011,1,1,,,,0,0,,0,,
HND_003880,2011,1,1,,,,0,0,,0,,
HND_006415,2011,1,1,,,,0,0,,0,,
HND_006424,2011,1,1,,,,1,0,,0,,
HND_006426,2011,1,1,,,,1,0,,0,,
HND_000060,2011,1,1,,,,0,0,,0,,
HND_003855,2011,1,1,,,,0,0,,0,,
HND_003251,2011,1,1,,,,1,0,,0,,
HND_000937,2011,,,,,,,0,,0,,
HND_003104,2011,1,1,,,,1,0,,1,,
HND_012653,2011,1,1,,,,0,0,,0,,
HND_006086,2011,1,1,,,,0,0,,0,,
HND_016560,2011,1,0,,,,1,0,,0,,
HND_013543,2011,1,1,,,,0,0,,0,,
HND_015966,2011,,,,,,,0,,0,,
HND_009142,2011,,,,,,,0,,0,,
HND_012663,2011,,,,,,,0,,0,,
HND_011493,2011,,,,,,,0,,0,,
HND_016266,2011,,,,,,,0,,0,,
HND_015091,2011,1,1,,,,0,0,,0,,
HND_006205,2011,1,1,,,,0,0,,0,,
HND_005737,2011,1,0,,,,0,0,,0,,
HND_004181,2011,,,,,,,0,,0,,
HND_016760,2011,,,,,,,0,,0,,
HND_015103,2011,,,,,,,0,,0,,
HND_006476,2011,1,1,,,,1,0,,0,,
HND_015152,2011,1,1,,,,1,0,,0,,
HND_000151,2011,1,1,,,,0,0,,0,,
HND_016032,2011,1,1,,,,0,0,,0,,
HND_001615,2011,1,1,,,,1,0,,1,,
HND_010691,2011,1,1,,,,1,0,,0,,
HND_010680,2011,1,1,,,,1,0,,0,,
HND_010939,2011,1,1,,,,1,0,,0,,
HND_006019,2011,1,1,,,,1,0,,1,,
HND_014942,2011,1,1,,,,1,0,,0,,
HND_007480,2011,1,1,,,,1,0,,1,,
HND_011530,2011,1,1,,,,0,0,,0,,
HND_006711,2011,1,1,,,,1,0,,0,,
HND_004485,2011,1,1,,,,0,0,,0,,
HND_005021,2011,1,1,,,,0,0,,0,,
HND_012671,2011,1,1,,,,1,0,,0,,
HND_007990,2011,1,1,,,,1,0,,0,,
HND_016448,2011,1,1,,,,1,0,,0,,
HND_012402,2011,1,1,,,,1,0,,1,,
HND_004600,2011,1,1,,,,0,0,,0,,
HND_004133,2011,1,1,,,,1,0,,0,,
HND_010240,2011,1,1,,,,0,0,,0,,
HND_013787,2011,1,1,,,,1,0,,0,,
HND_005688,2011,1,1,,,,0,0,,0,,
HND_006085,2011,1,1,,,,1,0,,0,,
HND_006697,2011,1,1,,,,0,0,,0,,
HND_011982,2011,1,1,,,,1,0,,0,,
HND_011084,2011,1,1,,,,1,0,,0,,
HND_012606,2011,1,1,,,,1,0,,0,,
HND_010108,2011,,,,,,,0,,0,,
HND_006389,2011,1,1,,,,0,0,,0,,
HND_012657,2011,,,,,,,0,,0,,
HND_015598,2011,,,,,,,0,,0,,
HND_015355,2011,1,0,,,,0,0,,0,,
HND_001634,2011,1,1,,,,1,0,,0,,
HND_007818,2011,1,1,,,,1,0,,0,,
HND_002164,2011,1,1,,,,1,0,,0,,
HND_016324,2011,1,1,,,,1,0,,0,,
HND_010434,2011,1,1,,,,1,0,,0,,
HND_012676,2011,,,,,,,0,,0,,
HND_012712,2011,,,,,,,0,,0,,
HND_013699,2011,,,,,,,0,,0,,
HND_003515,2011,,,,,,,0,,0,,
HND_004592,2011,,,,,,,0,,0,,
HND_010765,2011,1,0,,,,0,0,,0,,
HND_012604,2011,,,,,,,0,,0,,
HND_006453,2011,1,1,,,,1,0,,0,,
HND_006460,2011,1,1,,,,0,0,,0,,
HND_006431,2011,1,1,,,,1,0,,0,,
HND_006468,2011,1,1,,,,1,0,,0,,
HND_013324,2011,1,1,,,,1,1,,1,,
HND_013728,2011,1,1,,,,0,0,,0,,
HND_003929,2011,,0,,,,0,0,,0,,
HND_010609,2011,1,1,,,,1,0,,1,,
HND_003473,2011,1,1,,,,0,0,,0,,
HND_009404,2011,1,1,,,,0,0,,0,,
HND_004435,2011,1,1,,,,1,0,,0,,
HND_015516,2011,1,1,,,,1,0,,0,,
HND_009464,2011,1,1,,,,0,0,,0,,
HND_008006,2011,1,1,,,,0,0,,0,,
HND_014215,2011,1,1,,,,1,0,,0,,
HND_010935,2011,1,1,,,,1,1,,0,,
HND_011305,2011,1,1,,,,1,0,,0,,
HND_013078,2011,1,1,,,,0,0,,0,,
HND_006083,2011,1,1,,,,1,0,,0,,
HND_015075,2011,1,1,,,,1,0,,0,,
HND_016446,2011,1,1,,,,0,0,,0,,
HND_012435,2011,1,1,,,,1,0,,0,,
HND_013811,2011,1,1,,,,1,0,,0,,
HND_013988,2011,1,0,,,,0,0,,0,,
HND_009181,2011,1,1,,,,1,0,,0,,
HND_015918,2011,1,1,,,,0,0,,0,,
HND_004762,2011,1,1,,,,0,0,,0,,
HND_005689,2011,1,0,,,,0,0,,0,,
HND_004773,2011,1,1,,,,0,0,,0,,
HND_003275,2011,1,1,,,,0,0,,0,,
HND_012855,2011,1,1,,,,0,0,,0,,
HND_003754,2011,,0,,,,0,0,,0,,
HND_013176,2011,1,1,,,,0,0,,0,,
HND_013679,2011,1,1,,,,1,0,,0,,
HND_015527,2011,1,1,,,,1,0,,0,,
HND_003409,2011,1,1,,,,1,0,,0,,
HND_008750,2011,1,1,,,,0,0,,0,,
HND_011473,2011,1,1,,,,1,0,,1,,
HND_002229,2011,,,,,,,0,,0,,
HND_003869,2011,1,0,,,,0,0,,0,,
HND_012608,2011,1,1,,,,0,0,,0,,
HND_003101,2011,1,1,,,,1,0,,0,,
HND_005959,2011,,,,,,,0,,0,,
HND_016158,2011,,,,,,,0,,0,,
HND_001201,2011,,,,,,,0,,0,,
HND_003688,2011,1,1,,,,0,0,,0,,
HND_003687,2011,1,1,,,,0,0,,0,,
HND_011389,2011,,,,,,,0,,0,,
HND_014602,2011,,,,,,,0,,0,,
HND_014597,2011,1,1,,,,0,0,,0,,
HND_013396,2011,,0,,,,0,0,,0,,
HND_003402,2011,1,1,,,,0,0,,0,,
HND_012577,2011,1,1,,,,0,0,,0,,
HND_003689,2011,1,1,,,,0,0,,0,,
HND_006118,2011,1,0,,,,0,0,,0,,
HND_004933,2011,1,0,,,,0,0,,0,,
HND_005744,2011,,,,,,,0,,0,,
HND_006966,2011,,,,,,,0,,0,,
HND_010596,2011,1,1,,,,0,0,,0,,
HND_000137,2011,1,0,,,,0,0,,0,,
HND_006232,2011,1,1,,,,1,0,,0,,
HND_008818,2011,1,1,,,,1,0,,0,,
HND_013479,2011,1,1,,,,0,0,,0,,
HND_013140,2011,1,1,,,,1,0,,0,,
HND_002987,2011,1,1,,,,1,0,,0,,
HND_015539,2011,1,1,,,,1,0,,1,,
HND_005791,2011,1,1,,,,0,0,,0,,
HND_005884,2011,1,1,,,,1,0,,0,,
HND_013055,2011,1,1,,,,0,0,,0,,
HND_008378,2011,1,1,,,,1,0,,0,,
HND_006315,2011,1,0,,,,1,0,,0,,
HND_004946,2011,1,1,,,,0,0,,0,,
HND_004948,2011,1,1,,,,0,0,,0,,
HND_001135,2011,1,1,,,,0,0,,0,,
HND_001824,2011,1,1,,,,1,0,,0,,
HND_008749,2011,1,1,,,,1,0,,0,,
HND_016151,2011,1,0,,,,1,0,,0,,
HND_012110,2011,1,1,,,,0,0,,0,,
HND_006316,2011,1,1,,,,1,0,,1,,
HND_006398,2011,1,1,,,,0,0,,0,,
HND_006410,2011,1,1,,,,1,0,,0,,
HND_016725,2011,,,,,,,0,,0,,
HND_006333,2011,,,,,,,0,,0,,
HND_003060,2011,,,,,,,0,,0,,
HND_012700,2011,,,,,,,0,,0,,
HND_012029,2011,,,,,,,0,,0,,
HND_016499,2011,1,1,,,,0,0,,0,,
HND_009875,2011,1,1,,,,0,0,,0,,
HND_016374,2011,1,0,,,,0,0,,0,,
HND_012032,2011,1,1,,,,1,0,,0,,
HND_003690,2011,1,1,,,,0,0,,0,,
HND_005750,2011,1,1,,,,0,0,,0,,
HND_015843,2011,1,1,,,,0,0,,0,,
HND_010147,2011,1,1,,,,0,0,,0,,
HND_012705,2011,1,0,,,,0,0,,0,,
HND_012732,2011,,,,,,,0,,0,,
HND_005664,2011,1,1,,,,1,0,,0,,
HND_000802,2011,1,1,,,,0,0,,0,,
HND_007947,2011,1,1,,,,1,0,,0,,
HND_013486,2011,1,1,,,,1,0,,0,,
HND_009865,2011,1,1,,,,1,0,,0,,
HND_007293,2011,1,1,,,,1,0,,0,,
HND_013918,2011,1,1,,,,1,0,,0,,
HND_001035,2011,1,1,,,,1,0,,0,,
HND_008523,2011,1,1,,,,1,0,,0,,
HND_016359,2011,1,1,,,,1,0,,0,,
HND_005734,2011,1,1,,,,0,0,,0,,
HND_008556,2011,1,1,,,,1,0,,0,,
HND_015309,2011,1,1,,,,1,0,,0,,
HND_013305,2011,1,1,,,,1,0,,1,,
HND_011400,2011,1,1,,,,0,0,,0,,
HND_000477,2011,1,1,,,,0,0,,0,,
HND_005617,2011,1,1,,,,1,0,,0,,
HND_015004,2011,1,1,,,,0,0,,0,,
HND_014733,2011,,0,,,,0,0,,0,,
HND_010200,2011,1,1,,,,0,0,,0,,
HND_006952,2011,1,1,,,,1,0,,0,,
HND_014576,2011,1,1,,,,0,0,,0,,
HND_011874,2011,1,1,,,,0,0,,0,,
HND_002403,2011,1,1,,,,1,0,,0,,
HND_009663,2011,1,1,,,,1,0,,0,,
HND_009921,2011,1,1,,,,0,0,,0,,
HND_009887,2011,1,1,,,,1,0,,0,,
HND_004448,2011,1,1,,,,1,0,,0,,
HND_014063,2011,1,1,,,,1,0,,0,,
HND_014876,2011,1,1,,,,1,0,,0,,
HND_013885,2011,1,1,,,,1,0,,0,,
HND_006938,2011,1,1,,,,1,0,,0,,
HND_012979,2011,1,1,,,,1,0,,0,,
HND_011131,2011,1,1,,,,1,0,,0,,
HND_013631,2011,1,1,,,,1,0,,0,,
HND_008874,2011,1,1,,,,1,0,,1,,
HND_001881,2011,1,1,,,,0,0,,0,,
HND_009860,2011,1,1,,,,0,0,,0,,
HND_004243,2011,1,0,,,,0,0,,0,,
HND_001043,2011,1,1,,,,1,0,,0,,
HND_011675,2011,1,1,,,,1,0,,0,,
HND_003603,2011,1,1,,,,1,0,,0,,
HND_010522,2011,1,1,,,,1,0,,0,,
HND_000884,2011,1,1,,,,1,0,,0,,
HND_011542,2011,1,1,,,,1,0,,0,,
HND_015677,2011,1,1,,,,1,0,,0,,
HND_006080,2011,1,1,,,,1,0,,0,,
HND_007133,2011,1,1,,,,1,0,,0,,
HND_016212,2011,1,1,,,,1,0,,0,,
HND_010190,2011,1,1,,,,0,0,,0,,
HND_002891,2011,,0,,,,0,0,,0,,
HND_011596,2011,1,1,,,,0,0,,0,,
HND_001591,2011,1,1,,,,1,0,,0,,
HND_011337,2011,1,1,,,,1,0,,0,,
HND_012119,2011,1,1,,,,1,0,,0,,
HND_014319,2011,1,1,,,,1,0,,1,,
HND_009115,2011,1,1,,,,1,0,,0,,
HND_012627,2011,1,1,,,,1,0,,0,,
HND_000886,2011,1,1,,,,1,0,,0,,
HND_012738,2011,1,1,,,,0,0,,0,,
HND_006322,2011,1,1,,,,1,0,,0,,
HND_013959,2011,1,1,,,,0,0,,0,,
HND_007807,2011,1,1,,,,0,0,,0,,
HND_001625,2011,1,0,,,,0,0,,0,,
HND_012846,2011,1,1,,,,1,0,,0,,
HND_003878,2011,1,1,,,,1,0,,1,,
HND_004974,2011,1,1,,,,0,0,,0,,
HND_011953,2011,1,1,,,,1,0,,0,,
HND_011335,2011,1,1,,,,0,0,,0,,
HND_003363,2011,1,1,,,,1,0,,0,,
HND_011333,2011,1,1,,,,0,0,,0,,
HND_000425,2011,1,1,,,,0,0,,0,,
HND_008977,2011,1,1,,,,0,0,,0,,
HND_010525,2011,1,1,,,,1,0,,0,,
HND_013855,2011,1,1,,,,0,0,,0,,
HND_011245,2011,1,1,,,,1,0,,0,,
HND_010469,2011,1,1,,,,1,0,,0,,
HND_010780,2011,1,1,,,,0,0,,0,,
HND_007159,2011,1,1,,,,1,0,,0,,
HND_005754,2011,,,,,,,0,,0,,
HND_003561,2011,1,1,,,,1,0,,0,,
HND_010192,2011,1,1,,,,1,0,,0,,
HND_016166,2011,1,1,,,,0,0,,0,,
HND_009602,2011,1,1,,,,1,0,,0,,
HND_003790,2011,1,1,,,,0,0,,0,,
HND_008116,2011,1,1,,,,1,0,,0,,
HND_000426,2011,1,1,,,,1,0,,0,,
HND_009684,2011,,,,,,,0,,0,,
HND_004624,2011,,,,,,,0,,0,,
HND_016554,2011,,,,,,,0,,0,,
HND_012458,2011,,,,,,,0,,0,,
HND_010128,2011,,,,,,,0,,0,,
HND_005727,2011,1,1,,,,1,0,,0,,
HND_011087,2011,,0,,,,0,0,,0,,
HND_014574,2011,1,1,,,,1,0,,0,,
HND_011613,2011,1,1,,,,0,0,,0,,
HND_011085,2011,1,1,,,,0,0,,0,,
HND_013139,2011,1,1,,,,1,0,,0,,
HND_014463,2011,,,,,,,0,,0,,
HND_004849,2011,1,1,,,,1,0,,1,,
HND_001456,2011,1,1,,,,0,0,,0,,
HND_004679,2011,1,1,,,,1,0,,0,,
HND_010265,2011,1,1,,,,0,0,,0,,
HND_002299,2011,1,1,,,,1,0,,0,,
HND_013650,2011,1,1,,,,1,0,,0,,
HND_011271,2011,1,1,,,,0,0,,0,,
HND_010745,2011,1,1,,,,0,0,,0,,
HND_001654,2011,1,1,,,,0,0,,0,,
HND_015347,2011,1,1,,,,0,0,,0,,
HND_004360,2011,1,1,,,,1,0,,0,,
HND_012288,2011,1,1,,,,0,0,,0,,
HND_016083,2011,1,1,,,,1,0,,0,,
HND_011334,2011,1,1,,,,0,0,,0,,
HND_009254,2011,1,1,,,,0,0,,0,,
HND_010552,2011,1,1,,,,0,0,,0,,
HND_011907,2011,1,1,,,,0,0,,0,,
HND_010466,2011,1,1,,,,1,0,,0,,
HND_009255,2011,1,1,,,,0,0,,0,,
HND_007894,2011,1,1,,,,0,0,,0,,
HND_002738,2011,1,1,,,,0,0,,0,,
HND_003794,2011,,0,,,,0,0,,0,,
HND_001136,2011,1,1,,,,0,0,,0,,
HND_016126,2011,,,,,,,0,,0,,
HND_016318,2011,1,1,,,,0,0,,0,,
HND_013204,2011,1,1,,,,1,0,,1,,
HND_009886,2011,1,1,,,,1,0,,0,,
HND_011518,2011,1,1,,,,1,0,,0,,
HND_007497,2011,1,1,,,,1,0,,0,,
HND_009864,2011,1,1,,,,1,0,,0,,
HND_005722,2011,1,1,,,,1,0,,0,,
HND_002364,2011,1,1,,,,0,0,,0,,
HND_004531,2011,1,1,,,,0,0,,0,,
HND_008540,2011,1,1,,,,1,0,,0,,
HND_001294,2011,1,1,,,,0,0,,0,,
HND_013306,2011,1,1,,,,0,0,,0,,
HND_002708,2011,1,1,,,,1,0,,0,,
HND_008651,2011,1,1,,,,1,0,,0,,
HND_014346,2011,1,1,,,,1,0,,0,,
HND_013150,2011,1,1,,,,0,0,,0,,
HND_010847,2011,1,1,,,,1,0,,0,,
HND_007928,2011,1,1,,,,1,0,,1,,
HND_006514,2011,,0,,,,1,0,,0,,
HND_006385,2011,1,1,,,,1,0,,0,,
HND_006522,2011,1,1,,,,1,0,,0,,
HND_016115,2011,1,1,,,,1,0,,0,,
HND_007832,2011,1,1,,,,1,0,,0,,
HND_000454,2011,1,1,,,,0,0,,0,,
HND_006524,2011,1,1,,,,0,0,,0,,
HND_012641,2011,,,,,,,0,,0,,
HND_012665,2011,1,1,,,,1,0,,0,,
HND_009129,2011,1,1,,,,0,0,,0,,
HND_002006,2011,1,1,,,,0,0,,0,,
HND_013538,2011,1,1,,,,0,0,,0,,
HND_004692,2011,1,1,,,,1,0,,0,,
HND_012736,2011,1,1,,,,1,0,,0,,
HND_012634,2011,,,,,,,0,,0,,
HND_015089,2011,,,,,,,0,,0,,
HND_015409,2011,1,1,,,,0,0,,0,,
HND_010671,2011,1,1,,,,1,0,,0,,
HND_012731,2011,,,,,,,0,,0,,
HND_011158,2011,0,0,,,,0,0,,0,,
HND_010678,2011,1,1,,,,1,0,,0,,
HND_009520,2011,1,1,,,,1,0,,0,,
HND_012176,2011,1,1,,,,1,0,,0,,
HND_011824,2011,1,1,,,,0,0,,0,,
HND_013200,2011,1,1,,,,1,0,,0,,
HND_007460,2011,1,1,,,,0,0,,0,,
HND_003699,2011,1,1,,,,0,0,,0,,
HND_004904,2011,1,1,,,,1,0,,0,,
HND_001893,2011,1,1,,,,1,0,,0,,
HND_005886,2011,1,1,,,,0,0,,0,,
HND_009173,2011,1,1,,,,1,0,,0,,
HND_012594,2011,,,,,,,0,,0,,
HND_002695,2011,1,1,,,,1,0,,0,,
HND_004870,2011,1,1,,,,0,0,,0,,
HND_016068,2011,1,1,,,,0,0,,0,,
HND_011275,2011,1,1,,,,0,0,,0,,
HND_003656,2011,1,1,,,,1,0,,0,,
HND_008978,2011,1,1,,,,0,0,,0,,
HND_015327,2011,1,1,,,,0,0,,0,,
HND_007788,2011,1,1,,,,0,0,,0,,
HND_004443,2011,,0,,,,1,0,,0,,
HND_015618,2011,1,1,,,,0,0,,0,,
HND_010427,2011,1,1,,,,1,0,,0,,
HND_011210,2011,1,1,,,,0,0,,0,,
HND_002472,2011,1,1,,,,1,0,,0,,
HND_003787,2011,1,0,,,,0,0,,0,,
HND_002739,2011,1,0,,,,1,0,,0,,
HND_011833,2011,1,1,,,,0,0,,0,,
HND_004881,2011,1,1,,,,0,0,,0,,
HND_002454,2011,1,1,,,,1,0,,1,,
HND_012016,2011,1,1,,,,0,0,,1,,
HND_000150,2011,,0,,,,0,0,,0,,
HND_001042,2011,1,1,,,,0,0,,0,,
HND_013917,2011,1,1,,,,0,0,,0,,
HND_010347,2011,1,1,,,,0,0,,0,,
HND_002244,2011,1,1,,,,0,0,,0,,
HND_007104,2011,1,1,,,,1,0,,0,,
HND_004821,2011,1,1,,,,1,0,,0,,
HND_002759,2011,1,1,,,,0,0,,0,,
HND_009789,2011,1,1,,,,1,0,,1,,
HND_000171,2011,1,1,,,,1,0,,0,,
HND_000449,2011,1,1,,,,1,0,,0,,
HND_008660,2011,1,1,,,,1,0,,0,,
HND_012403,2011,1,0,,,,0,0,,0,,
HND_006387,2011,1,1,,,,1,0,,0,,
HND_002330,2011,,0,,,,0,0,,0,,
HND_008114,2011,1,1,,,,1,0,,0,,
HND_015509,2011,1,0,,,,0,0,,0,,
HND_012326,2011,1,1,,,,0,0,,0,,
HND_013568,2011,1,1,,,,1,0,,0,,
HND_004836,2011,1,1,,,,0,0,,0,,
HND_008710,2011,1,1,,,,1,0,,0,,
HND_001655,2011,1,1,,,,0,0,,0,,
HND_001451,2011,1,1,,,,1,0,,0,,
HND_008752,2011,1,0,,,,0,0,,0,,
HND_014427,2011,1,1,,,,0,0,,0,,
HND_003901,2011,1,1,,,,1,0,,0,,
HND_015246,2011,0,0,,,,0,0,,0,,
HND_008094,2011,1,1,,,,1,0,,0,,
HND_007802,2011,1,1,,,,0,0,,0,,
HND_010533,2011,1,0,,,,0,0,,0,,
HND_007206,2011,1,1,,,,0,0,,0,,
HND_001850,2011,1,1,,,,0,0,,0,,
HND_001125,2011,1,1,,,,1,0,,0,,
HND_002735,2011,1,1,,,,1,0,,0,,
HND_012613,2011,1,1,,,,0,0,,0,,
HND_013628,2011,1,1,,,,0,0,,0,,
HND_000429,2011,1,1,,,,0,0,,0,,
HND_001614,2011,1,1,,,,0,0,,0,,
HND_005741,2011,1,1,,,,0,0,,0,,
HND_002583,2011,1,1,,,,0,0,,0,,
HND_000390,2011,1,1,,,,0,0,,0,,
HND_016084,2011,1,0,,,,0,0,,0,,
HND_015508,2011,1,0,,,,0,0,,0,,
HND_007176,2011,1,0,,,,0,0,,0,,
HND_016825,2011,,0,,,,0,0,,0,,
HND_003786,2011,,0,,,,0,0,,0,,
HND_015865,2011,1,1,,,,1,0,,0,,
HND_008975,2011,0,0,,,,0,0,,0,,
HND_001575,2011,,,,,,,0,,0,,
HND_009752,2011,1,1,,,,1,0,,1,,
HND_005347,2011,1,1,,,,1,0,,1,,
HND_002290,2011,1,1,,,,1,0,,1,,
HND_009414,2011,1,1,,,,0,0,,0,,
HND_001519,2011,1,1,,,,0,0,,0,,
HND_010783,2011,1,1,,,,0,0,,0,,
HND_004421,2011,1,1,,,,1,0,,1,,
HND_009589,2011,1,1,,,,0,0,,0,,
HND_005809,2011,1,1,,,,0,0,,0,,
HND_008658,2011,1,1,,,,1,0,,0,,
HND_010242,2011,1,1,,,,0,0,,0,,
HND_014381,2011,1,1,,,,0,0,,0,,
HND_014629,2011,1,1,,,,0,0,,0,,
HND_015053,2011,1,1,,,,1,0,,0,,
HND_000413,2011,1,1,,,,1,0,,0,,
HND_016885,2011,1,1,,,,1,0,,0,,
HND_008753,2011,1,1,,,,0,0,,0,,
HND_003804,2011,1,1,,,,1,0,,0,,
HND_007258,2011,1,1,,,,0,0,,0,,
HND_003727,2011,1,1,,,,0,0,,0,,
HND_001138,2011,1,1,,,,1,0,,0,,
HND_004776,2011,1,1,,,,0,0,,0,,
HND_007831,2011,1,1,,,,0,0,,0,,
HND_004792,2011,1,1,,,,0,0,,0,,
HND_009295,2011,1,1,,,,0,0,,0,,
HND_014006,2011,1,1,,,,1,0,,0,,
HND_012149,2011,1,1,,,,0,0,,0,,
HND_012624,2011,1,1,,,,0,0,,0,,
HND_002214,2011,1,1,,,,1,0,,0,,
HND_008769,2011,1,1,,,,0,0,,0,,
HND_000431,2011,0,0,,,,0,0,,0,,
HND_016862,2011,1,1,,,,0,0,,0,,
HND_015755,2011,,,,,,,0,,0,,
HND_012601,2011,,,,,,,0,,0,,
HND_003511,2011,1,1,,,,0,0,,0,,
HND_008765,2011,,0,,,,0,0,,0,,
HND_007874,2011,1,1,,,,0,0,,0,,
HND_002348,2011,1,1,,,,0,0,,0,,
HND_011073,2011,1,0,,,,0,0,,0,,
HND_001598,2011,1,1,,,,1,0,,0,,
HND_006991,2011,1,1,,,,0,0,,0,,
HND_013148,2011,1,1,,,,0,0,,0,,
HND_014201,2011,1,1,,,,0,0,,0,,
HND_008865,2011,1,1,,,,1,0,,1,,
HND_015923,2011,1,1,,,,0,0,,0,,
HND_005341,2011,1,1,,,,1,0,,1,,
HND_003698,2011,1,1,,,,0,0,,0,,
HND_005843,2011,1,1,,,,1,0,,0,,
HND_008475,2011,1,1,,,,0,0,,0,,
HND_005914,2011,1,1,,,,0,0,,0,,
HND_010243,2011,1,0,,,,0,0,,0,,
HND_011432,2011,1,1,,,,1,0,,0,,
HND_001016,2011,1,1,,,,0,0,,0,,
HND_010595,2011,1,1,,,,1,0,,1,,
HND_007231,2011,1,1,,,,0,0,,0,,
HND_014941,2011,1,1,,,,0,0,,0,,
HND_005214,2011,,0,,,,0,0,,0,,
HND_012775,2011,1,1,,,,1,0,,0,,
HND_015795,2011,1,1,,,,0,0,,0,,
HND_007856,2011,1,1,,,,0,0,,0,,
HND_014037,2011,1,1,,,,0,0,,0,,
HND_016432,2011,1,1,,,,0,0,,0,,
HND_011200,2011,1,1,,,,1,0,,0,,
HND_004344,2011,1,1,,,,1,0,,0,,
HND_013383,2011,1,1,,,,1,0,,1,,
HND_013580,2011,1,1,,,,1,0,,0,,
HND_016124,2011,1,1,,,,0,0,,0,,
HND_014096,2011,1,1,,,,1,0,,0,,
HND_012138,2011,1,1,,,,0,0,,0,,
HND_013874,2011,1,1,,,,0,0,,0,,
HND_015939,2011,1,1,,,,0,0,,0,,
HND_009936,2011,1,1,,,,0,0,,0,,
HND_002272,2011,1,0,,,,0,0,,0,,
HND_002253,2011,1,1,,,,0,0,,0,,
HND_012454,2011,,,,,,,0,,0,,
HND_010129,2011,,,,,,,0,,0,,
HND_012614,2011,,,,,,,0,,0,,
HND_009531,2011,,,,,,,0,,0,,
HND_016545,2011,,,,,,,0,,0,,
HND_012766,2011,,,,,,,0,,0,,
HND_005317,2011,1,1,,,,1,0,,0,,
HND_011758,2011,1,1,,,,1,0,,0,,
HND_002736,2011,1,1,,,,1,0,,0,,
HND_003827,2011,1,1,,,,0,0,,0,,
HND_000543,2011,1,1,,,,0,0,,0,,
HND_016300,2011,1,1,,,,1,0,,1,,
HND_010572,2011,1,1,,,,0,0,,0,,
HND_009627,2011,1,1,,,,1,0,,0,,
HND_004655,2011,1,1,,,,1,0,,0,,
HND_001967,2011,1,1,,,,1,0,,1,,
HND_004653,2011,1,1,,,,0,0,,0,,
HND_009605,2011,1,1,,,,1,0,,0,,
HND_015777,2011,1,1,,,,1,0,,1,,
HND_011576,2011,1,1,,,,1,0,,0,,
HND_003682,2011,1,1,,,,1,0,,0,,
HND_012764,2011,1,1,,,,0,0,,0,,
HND_015187,2011,1,1,,,,0,0,,0,,
HND_002039,2011,1,1,,,,1,0,,0,,
HND_003637,2011,1,1,,,,0,0,,0,,
HND_011373,2011,1,1,,,,1,0,,0,,
HND_004654,2011,1,1,,,,0,0,,0,,
HND_006897,2011,1,1,,,,0,0,,0,,
HND_012217,2011,,0,,,,0,0,,0,,
HND_010524,2011,,,,,,,0,,0,,
HND_003485,2011,,,,,,,0,,0,,
HND_012619,2011,1,1,,,,1,0,,0,,
HND_009593,2011,,,,,,,0,,0,,
HND_002810,2011,1,1,,,,0,0,,0,,
HND_013434,2011,1,1,,,,1,0,,1,,
HND_009110,2011,1,1,,,,0,0,,0,,
HND_008287,2011,1,1,,,,1,0,,0,,
HND_008449,2011,1,1,,,,1,0,,0,,
HND_010601,2011,1,1,,,,1,0,,0,,
HND_008737,2011,1,1,,,,0,0,,0,,
HND_013350,2011,1,1,,,,0,0,,0,,
HND_002813,2011,1,1,,,,1,0,,0,,
HND_010754,2011,1,1,,,,0,0,,0,,
HND_011175,2011,1,0,,,,0,0,,0,,
HND_012573,2011,1,1,,,,0,0,,0,,
HND_001498,2011,1,1,,,,0,0,,0,,
HND_016658,2011,1,1,,,,1,0,,0,,
HND_013905,2011,1,1,,,,0,0,,0,,
HND_016621,2011,1,1,,,,1,0,,0,,
HND_011029,2011,1,1,,,,1,0,,0,,
HND_005384,2011,1,1,,,,1,0,,0,,
HND_005067,2011,1,1,,,,0,0,,0,,
HND_008953,2011,1,1,,,,1,0,,0,,
HND_001501,2011,1,1,,,,0,0,,0,,
HND_005365,2011,1,1,,,,1,0,,0,,
HND_001325,2011,1,1,,,,0,0,,0,,
HND_011088,2011,1,1,,,,1,0,,0,,
HND_007725,2011,1,0,,,,0,0,,0,,
HND_004680,2011,1,0,,,,1,0,,0,,
HND_004468,2011,1,1,,,,0,0,,0,,
HND_000681,2011,1,1,,,,0,0,,0,,
HND_010502,2011,1,1,,,,1,0,,0,,
HND_008951,2011,1,0,,,,0,0,,0,,
HND_009171,2011,1,1,,,,0,0,,0,,
HND_001151,2011,1,1,,,,1,0,,0,,
HND_006772,2011,1,1,,,,1,0,,0,,
HND_011074,2011,,,,,,,0,,0,,
HND_005013,2011,1,1,,,,0,0,,0,,
HND_012721,2011,,,,,,,0,,0,,
HND_011714,2011,,,,,,,0,,0,,
HND_016530,2011,,,,,,,0,,0,,
HND_005736,2011,1,1,,,,0,0,,0,,
HND_009584,2011,1,1,,,,0,0,,0,,
HND_000611,2011,1,1,,,,1,0,,0,,
HND_002215,2011,1,1,,,,0,0,,0,,
HND_007678,2011,1,1,,,,0,0,,0,,
HND_006172,2011,1,1,,,,0,0,,0,,
HND_011336,2011,1,1,,,,0,0,,0,,
HND_015738,2011,1,1,,,,1,0,,0,,
HND_003840,2011,1,1,,,,0,0,,0,,
HND_012578,2011,1,1,,,,0,0,,0,,
HND_000452,2011,1,1,,,,0,0,,0,,
HND_000451,2011,1,1,,,,1,0,,0,,
HND_013298,2011,,,,,,,0,,0,,
HND_012456,2011,,,,,,,0,,0,,
HND_000450,2011,1,1,,,,0,0,,0,,
HND_015914,2011,1,1,,,,0,0,,0,,
HND_008974,2011,1,1,,,,0,0,,0,,
HND_008059,2011,,0,,,,0,0,,0,,
HND_000570,2011,1,1,,,,0,0,,0,,
HND_003362,2011,,,,,,,0,,0,,
HND_013116,2011,,,,,,,0,,0,,
HND_014555,2011,,,,,,,0,,0,,
HND_001737,2011,,,,,,,0,,0,,
HND_007170,2011,1,1,,,,0,0,,0,,
HND_007236,2011,,0,,,,1,0,,0,,
HND_008115,2011,1,1,,,,0,0,,0,,
HND_001592,2011,,0,,,,0,0,,0,,
HND_001741,2011,1,1,,,,0,0,,0,,
HND_014568,2011,1,1,,,,0,0,,0,,
HND_012481,2011,,,,,,,0,,0,,
HND_012096,2011,,,,,,,0,,0,,
HND_012590,2011,,,,,,,0,,0,,
HND_008690,2011,1,1,,,,1,0,,0,,
HND_008055,2011,1,1,,,,0,0,,0,,
HND_001031,2011,1,1,,,,0,0,,0,,
HND_009267,2011,1,1,,,,1,0,,0,,
HND_002588,2011,1,1,,,,1,0,,0,,
HND_001032,2011,,,,,,,0,,0,,
HND_012097,2011,,,,,,,0,,0,,
HND_016624,2011,1,1,,,,1,0,,1,,
HND_016358,2011,1,1,,,,1,0,,0,,
HND_012903,2011,1,1,,,,1,0,,0,,
HND_000786,2011,1,1,,,,1,0,,0,,
HND_010995,2011,1,1,,,,1,0,,0,,
HND_005189,2011,1,1,,,,1,0,,0,,
HND_001476,2011,1,1,,,,0,0,,0,,
HND_015013,2011,1,1,,,,1,0,,0,,
HND_010376,2011,1,1,,,,1,0,,0,,
HND_000065,2011,1,1,,,,0,0,,0,,
HND_014585,2011,1,1,,,,0,0,,0,,
HND_005717,2011,1,1,,,,1,0,,0,,
HND_002276,2011,1,1,,,,1,0,,0,,
HND_013966,2011,1,1,,,,1,0,,0,,
HND_010695,2011,1,1,,,,1,0,,1,,
HND_006487,2011,1,1,,,,1,0,,0,,
HND_006497,2011,1,1,,,,1,0,,0,,
HND_006386,2011,1,1,,,,1,0,,0,,
HND_006158,2011,1,0,,,,0,0,,0,,
HND_004566,2011,1,0,,,,0,0,,0,,
HND_012809,2011,1,1,,,,0,0,,0,,
HND_013878,2011,1,1,,,,0,0,,0,,
HND_002731,2011,1,1,,,,1,0,,0,,
HND_002069,2011,1,1,,,,0,0,,0,,
HND_012798,2011,1,1,,,,1,0,,0,,
HND_004567,2011,1,1,,,,0,0,,0,,
HND_010857,2011,1,1,,,,0,0,,0,,
HND_004289,2011,,,,,,,0,,0,,
HND_001589,2011,1,1,,,,0,0,,0,,
HND_003620,2011,1,1,,,,0,0,,0,,
HND_001194,2011,1,1,,,,0,0,,0,,
HND_015448,2011,1,1,,,,1,0,,0,,
HND_005669,2011,,0,,,,0,0,,0,,
HND_006934,2011,1,1,,,,0,0,,0,,
HND_012131,2011,,,,,,,0,,0,,
HND_016357,2011,1,1,,,,1,0,,1,,
HND_014270,2011,1,1,,,,1,0,,0,,
HND_005994,2011,1,1,,,,0,0,,0,,
HND_010204,2011,1,1,,,,1,0,,1,,
HND_008513,2011,1,1,,,,1,0,,0,,
HND_013514,2011,1,1,,,,1,0,,0,,
HND_016562,2011,1,0,,,,1,0,,0,,
HND_010362,2011,1,1,,,,1,0,,0,,
HND_006986,2011,1,1,,,,1,0,,0,,
HND_004348,2011,,0,,,,0,0,,0,,
HND_009190,2011,1,1,,,,0,0,,0,,
HND_016081,2011,0,0,,,,1,0,,0,,
HND_010246,2011,1,1,,,,0,0,,0,,
HND_006699,2011,1,1,,,,1,0,,0,,
HND_014706,2011,1,1,,,,1,0,,0,,
HND_006918,2011,,0,,,,1,0,,0,,
HND_001445,2011,1,1,,,,1,0,,0,,
HND_015453,2011,1,1,,,,1,0,,0,,
HND_016532,2011,1,1,,,,1,1,,1,,
HND_002070,2011,1,1,,,,1,0,,0,,
HND_016482,2011,1,1,,,,0,0,,0,,
HND_006222,2011,1,1,,,,0,0,,0,,
HND_011610,2011,1,1,,,,1,0,,0,,
HND_013775,2011,1,1,,,,1,0,,0,,
HND_003117,2011,1,1,,,,0,0,,0,,
HND_015432,2011,1,0,,,,0,0,,0,,
HND_012126,2011,1,1,,,,0,0,,0,,
HND_016761,2011,,,,,,,0,,0,,
HND_001671,2011,,,,,,,0,,0,,
HND_011122,2011,1,1,,,,1,0,,0,,
HND_016131,2011,,,,,,,0,,0,,
HND_011655,2011,1,1,,,,1,0,,0,,
HND_010244,2011,1,1,,,,0,0,,0,,
HND_015646,2011,1,1,,,,0,0,,0,,
HND_000706,2011,0,0,,,,0,0,,0,,
HND_000624,2011,1,1,,,,0,0,,0,,
HND_007972,2011,0,0,,,,0,0,,0,,
HND_002656,2011,0,0,,,,1,0,,0,,
HND_004175,2011,1,1,,,,1,0,,0,,
HND_003789,2011,0,0,,,,0,0,,0,,
HND_015333,2011,0,0,,,,0,0,,0,,
HND_003503,2011,,,,,,,0,,0,,
HND_003615,2011,1,0,,,,0,0,,0,,
HND_001161,2011,1,1,,,,0,0,,0,,
HND_008877,2011,1,1,,,,0,0,,1,,
HND_009096,2011,,0,,,,0,0,,0,,
HND_007571,2011,1,1,,,,0,0,,0,,
HND_005173,2011,1,1,,,,0,0,,0,,
HND_004244,2011,1,1,,,,0,0,,0,,
HND_009076,2011,1,1,,,,1,0,,0,,
HND_011815,2011,1,1,,,,1,0,,0,,
HND_000220,2011,1,1,,,,1,0,,0,,
HND_011430,2011,1,0,,,,0,0,,0,,
HND_002786,2011,1,1,,,,1,0,,0,,
HND_003106,2011,1,1,,,,1,0,,0,,
HND_010369,2011,1,1,,,,1,0,,0,,
HND_008506,2011,1,1,,,,1,0,,1,,
HND_004413,2011,1,1,,,,1,0,,0,,
HND_001188,2011,1,0,,,,0,0,,0,,
HND_008998,2011,1,1,,,,0,0,,0,,
HND_016664,2011,1,1,,,,1,0,,0,,
HND_006178,2011,,0,,,,0,0,,0,,
HND_009516,2011,1,1,,,,1,0,,1,,
HND_013586,2011,1,1,,,,0,0,,0,,
HND_005531,2011,,0,,,,0,0,,0,,
HND_015367,2011,1,1,,,,0,0,,0,,
HND_013178,2011,1,1,,,,0,0,,0,,
HND_007803,2011,,0,,,,0,0,,0,,
HND_002686,2011,1,1,,,,1,0,,0,,
HND_011126,2011,,0,,,,0,0,,0,,
HND_000401,2011,1,1,,,,0,0,,0,,
HND_013119,2011,1,1,,,,1,0,,0,,
HND_006035,2011,1,1,,,,0,0,,0,,
HND_007948,2011,,0,,,,0,0,,0,,
HND_003704,2011,1,1,,,,1,0,,0,,
HND_000586,2011,,,,,,,0,,0,,
HND_014495,2011,,,,,,,0,,0,,
HND_012685,2011,,,,,,,0,,0,,
HND_000496,2011,1,1,,,,1,0,,0,,
HND_012658,2011,,,,,,,0,,0,,
HND_012294,2011,,,,,,,0,,0,,
HND_012300,2011,,,,,,,0,,0,,
HND_012707,2011,,,,,,,0,,0,,
HND_012729,2011,,,,,,,0,,0,,
HND_000492,2011,,,,,,,0,,0,,
HND_010604,2011,1,1,,,,1,0,,1,,
HND_006384,2011,1,1,,,,1,0,,1,,
HND_007574,2011,1,1,,,,1,0,,1,,
HND_004359,2011,1,1,,,,0,0,,0,,
HND_016038,2011,1,1,,,,1,0,,0,,
HND_009240,2011,1,1,,,,0,0,,0,,
HND_002533,2011,1,0,,,,1,0,,0,,
HND_000678,2011,1,1,,,,0,0,,0,,
HND_005315,2011,1,1,,,,1,0,,0,,
HND_008890,2011,1,1,,,,1,0,,1,,
HND_014208,2011,1,1,,,,1,0,,0,,
HND_014746,2011,1,1,,,,0,0,,0,,
HND_004570,2011,1,1,,,,1,0,,0,,
HND_013145,2011,1,0,,,,0,0,,0,,
HND_014029,2011,1,0,,,,0,0,,0,,
HND_011086,2011,1,0,,,,0,0,,0,,
HND_010880,2011,1,1,,,,0,0,,0,,
HND_007297,2011,1,1,,,,0,0,,0,,
HND_005484,2011,1,1,,,,1,0,,0,,
HND_000184,2011,1,1,,,,1,0,,0,,
HND_003551,2011,1,1,,,,1,0,,0,,
HND_006930,2011,1,1,,,,0,0,,0,,
HND_007935,2011,1,1,,,,0,0,,0,,
HND_002554,2011,1,1,,,,1,0,,0,,
HND_008438,2011,1,1,,,,1,0,,0,,
HND_011734,2011,1,1,,,,0,0,,1,,
HND_000107,2011,1,1,,,,1,0,,1,,
HND_006010,2011,1,1,,,,1,0,,0,,
HND_010874,2011,1,1,,,,1,0,,0,,
HND_011253,2011,1,1,,,,1,0,,0,,
HND_006073,2011,1,1,,,,1,0,,0,,
HND_006696,2011,1,1,,,,0,0,,0,,
HND_014797,2011,1,1,,,,1,0,,0,,
HND_008447,2011,1,1,,,,0,0,,0,,
HND_014722,2011,1,1,,,,0,0,,0,,
HND_014578,2011,1,1,,,,0,0,,0,,
HND_011033,2011,1,1,,,,0,0,,0,,
HND_008730,2011,1,1,,,,0,0,,0,,
HND_010091,2011,1,1,,,,1,0,,0,,
HND_011436,2011,1,0,,,,0,0,,0,,
HND_003419,2011,1,1,,,,0,0,,0,,
HND_012014,2011,1,1,,,,1,0,,0,,
HND_002387,2011,1,1,,,,1,0,,0,,
HND_004538,2011,1,1,,,,0,0,,0,,
HND_009433,2011,1,1,,,,0,0,,0,,
HND_003356,2011,1,1,,,,1,0,,0,,
HND_002689,2011,1,1,,,,0,0,,0,,
HND_008308,2011,1,1,,,,1,0,,0,,
HND_000093,2011,1,1,,,,1,0,,1,,
HND_011320,2011,1,1,,,,0,0,,0,,
HND_000541,2011,1,1,,,,1,0,,1,,
HND_003565,2011,1,0,,,,0,0,,0,,
HND_001324,2011,1,0,,,,1,0,,0,,
HND_006502,2011,1,1,,,,1,0,,0,,
HND_011236,2011,,,,,,,0,,0,,
HND_002059,2011,1,1,,,,1,0,,0,,
HND_009703,2011,1,1,,,,1,0,,0,,
HND_012134,2011,,,,,,,0,,0,,
HND_004127,2011,1,1,,,,1,0,,0,,
HND_012400,2011,1,1,,,,1,0,,0,,
HND_003471,2011,1,1,,,,0,0,,0,,
HND_011936,2011,1,1,,,,0,0,,0,,
HND_011920,2011,1,1,,,,0,0,,0,,
HND_010879,2011,,0,,,,0,0,,0,,
HND_000124,2011,,0,,,,0,0,,0,,
HND_001651,2011,1,1,,,,1,0,,0,,
HND_013582,2011,1,1,,,,0,0,,0,,
HND_001684,2011,1,0,,,,0,0,,0,,
HND_011095,2011,1,1,,,,1,0,,0,,
HND_000374,2011,1,1,,,,0,0,,0,,
HND_016525,2011,1,1,,,,0,0,,0,,
HND_009873,2011,0,0,,,,0,0,,0,,
HND_009711,2011,1,0,,,,0,0,,0,,
HND_014383,2011,1,1,,,,1,0,,0,,
HND_005611,2011,1,1,,,,1,0,,0,,
HND_002785,2011,1,1,,,,0,0,,0,,
HND_001580,2011,1,1,,,,0,0,,0,,
HND_016371,2011,1,1,,,,1,0,,0,,
HND_012482,2011,,,,,,,0,,0,,
HND_014550,2011,,,,,,,0,,0,,
HND_012674,2011,,,,,,,0,,0,,
HND_006001,2011,,,,,,,0,,0,,
HND_008821,2011,1,1,,,,1,0,,1,,
HND_010207,2011,,,,,,,0,,0,,
HND_002071,2011,,,,,,,0,,0,,
HND_001281,2011,1,1,,,,1,0,,0,,
HND_007979,2011,1,1,,,,1,1,,0,,
HND_000626,2011,1,1,,,,0,0,,0,,
HND_016882,2011,1,1,,,,1,0,,0,,
HND_007118,2011,1,1,,,,0,0,,0,,
HND_007981,2011,1,1,,,,0,0,,0,,
HND_006002,2011,1,1,,,,0,0,,0,,
HND_010211,2011,1,1,,,,0,0,,0,,
HND_013301,2011,,,,,,,0,,0,,
HND_012761,2011,,,,,,,0,,0,,
HND_004165,2011,,,,,,,0,,0,,
HND_001642,2011,,,,,,,0,,0,,
HND_010210,2011,1,0,,,,0,0,,0,,
HND_013300,2011,,,,,,,0,,0,,
HND_010209,2011,,,,,,,0,,0,,
HND_010208,2011,,,,,,,0,,0,,
HND_015729,2011,,,,,,,0,,0,,
HND_002604,2011,1,0,,,,0,0,,0,,
HND_003788,2011,1,1,,,,0,0,,0,,
HND_000974,2011,,,,,,,0,,0,,
HND_007986,2011,,0,,,,0,0,,0,,
HND_010653,2011,1,1,,,,1,0,,1,,
HND_002528,2011,1,1,,,,1,0,,0,,
HND_005478,2011,1,1,,,,1,0,,0,,
HND_007636,2011,1,1,,,,1,0,,0,,
HND_013131,2011,1,1,,,,0,0,,0,,
HND_003197,2011,1,1,,,,1,0,,0,,
HND_013123,2011,1,1,,,,1,0,,0,,
HND_007829,2011,1,1,,,,1,0,,0,,
HND_010823,2011,1,1,,,,1,0,,0,,
HND_011676,2011,1,1,,,,1,0,,0,,
HND_010822,2011,1,1,,,,1,0,,1,,
HND_010438,2011,1,1,,,,1,0,,0,,
HND_005998,2011,1,1,,,,0,0,,0,,
HND_003395,2011,,,,,,,0,,0,,
HND_012760,2011,,,,,,,0,,0,,
HND_014266,2011,1,1,,,,1,0,,0,,
HND_004415,2011,1,1,,,,1,0,,0,,
HND_001146,2011,1,1,,,,0,0,,0,,
HND_002245,2011,1,1,,,,1,0,,0,,
HND_012962,2011,1,1,,,,1,0,,0,,
HND_013154,2011,1,0,,,,1,0,,1,,
HND_013125,2011,1,1,,,,0,0,,0,,
HND_011890,2011,1,1,,,,0,0,,0,,
HND_004612,2011,1,1,,,,1,0,,0,,
HND_015615,2011,1,1,,,,1,0,,0,,
HND_000800,2011,1,1,,,,0,0,,0,,
HND_001235,2011,1,1,,,,0,0,,0,,
HND_013859,2011,1,1,,,,0,0,,0,,
HND_001321,2011,,0,,,,1,0,,0,,
HND_003059,2011,1,1,,,,0,0,,0,,
HND_015499,2011,1,1,,,,0,0,,0,,
HND_011201,2011,1,1,,,,1,0,,0,,
HND_006984,2011,1,1,,,,0,0,,0,,
HND_010887,2011,1,1,,,,1,0,,0,,
HND_003139,2011,1,0,,,,0,0,,0,,
HND_008494,2011,1,1,,,,1,0,,0,,
HND_002043,2011,1,1,,,,0,0,,0,,
HND_015616,2011,1,1,,,,1,1,,1,,
HND_006393,2011,1,1,,,,1,0,,0,,
HND_002455,2011,1,1,,,,1,0,,1,,
HND_010931,2011,1,1,,,,0,0,,0,,
HND_003550,2011,1,0,,,,0,0,,0,,
HND_016159,2011,1,1,,,,0,0,,0,,
HND_015899,2011,1,1,,,,1,0,,0,,
HND_004140,2011,1,1,,,,0,0,,0,,
HND_012591,2011,1,1,,,,1,0,,0,,
HND_004905,2011,1,1,,,,0,0,,0,,
HND_002464,2011,1,1,,,,1,0,,0,,
HND_007121,2011,1,1,,,,0,0,,0,,
HND_012345,2011,1,1,,,,0,0,,0,,
HND_011374,2011,1,1,,,,0,0,,0,,
HND_013156,2011,1,1,,,,1,0,,0,,
HND_007120,2011,1,0,,,,0,0,,0,,
HND_007830,2011,1,1,,,,1,0,,0,,
HND_009986,2011,1,0,,,,0,0,,0,,
HND_013155,2011,1,1,,,,0,0,,0,,
HND_016171,2011,1,0,,,,0,0,,0,,
HND_016085,2011,1,1,,,,0,0,,0,,
HND_001316,2011,1,1,,,,0,0,,0,,
HND_009570,2011,,,,,,,0,,0,,
HND_004414,2011,,,,,,,0,,0,,
HND_001532,2011,,,,,,,0,,0,,
HND_009507,2011,,,,,,,0,,0,,
HND_016190,2011,,,,,,,0,,0,,
HND_016711,2011,,,,,,,0,,0,,
HND_012089,2011,,,,,,,0,,0,,
HND_015180,2011,,,,,,,0,,0,,
HND_002572,2011,,,,,,,0,,0,,
HND_003598,2011,1,0,,,,0,0,,0,,
HND_010180,2011,,,,,,,0,,0,,
HND_016251,2011,,,,,,,0,,0,,
HND_012328,2011,,,,,,,0,,0,,
HND_012581,2011,,,,,,,0,,0,,
HND_005871,2011,1,1,,,,0,0,,0,,
HND_013169,2011,1,1,,,,1,0,,1,,
HND_009829,2011,1,1,,,,1,0,,0,,
HND_002737,2011,1,1,,,,1,0,,0,,
HND_005855,2011,1,1,,,,1,0,,0,,
HND_005591,2011,1,1,,,,0,0,,0,,
HND_008403,2011,1,1,,,,1,0,,0,,
HND_009835,2011,1,1,,,,0,0,,0,,
HND_008402,2011,,0,,,,0,0,,0,,
HND_008805,2011,1,0,,,,0,0,,0,,
HND_012170,2011,1,0,,,,0,0,,0,,
HND_014052,2011,1,1,,,,0,0,,0,,
HND_002625,2011,1,1,,,,0,0,,0,,
HND_013884,2011,1,1,,,,1,0,,0,,
HND_009821,2011,1,1,,,,0,0,,0,,
HND_006051,2011,1,1,,,,0,0,,0,,
HND_012050,2011,1,1,,,,1,0,,0,,
HND_005014,2011,1,1,,,,0,0,,0,,
HND_007064,2011,1,1,,,,0,0,,0,,
HND_012781,2011,1,1,,,,0,0,,0,,
HND_016369,2011,1,1,,,,1,0,,0,,
HND_014619,2011,1,1,,,,0,0,,0,,
HND_012075,2011,,0,,,,0,0,,0,,
HND_001612,2011,1,1,,,,0,0,,0,,
HND_009233,2011,1,1,,,,0,0,,0,,
HND_012576,2011,,0,,,,1,0,,0,,
HND_003489,2011,,,,,,,0,,0,,
HND_011239,2011,1,1,,,,0,0,,0,,
HND_011112,2011,1,0,,,,0,0,,0,,
HND_016842,2011,1,1,,,,0,0,,0,,
HND_008045,2011,1,1,,,,0,0,,0,,
HND_007160,2011,1,1,,,,0,0,,0,,
HND_004124,2011,,,,,,,0,,0,,
HND_010477,2011,,,,,,,0,,0,,
HND_014559,2011,,,,,,,0,,0,,
HND_013114,2011,,,,,,,0,,0,,
HND_002456,2011,,,,,,,0,,0,,
HND_012647,2011,,,,,,,0,,0,,
HND_001650,2011,1,1,,,,0,0,,0,,
HND_010465,2011,,,,,,,0,,0,,
HND_010557,2011,,,,,,,0,,0,,
HND_012290,2011,,,,,,,0,,0,,
HND_006305,2011,1,1,,,,1,0,,1,,
HND_016820,2011,1,1,,,,0,0,,0,,
HND_010815,2011,0,0,,,,0,0,,0,,
HND_011330,2011,1,0,,,,0,0,,0,,
HND_010508,2011,,,,,,,0,,0,,
HND_006901,2011,,,,,,,0,,0,,
HND_001815,2011,,,,,,,0,,0,,
HND_012575,2011,,,,,,,0,,0,,
HND_012423,2011,,,,,,,0,,0,,
HND_005166,2011,1,1,,,,0,0,,0,,
HND_004611,2011,1,1,,,,0,0,,1,,
HND_005777,2011,1,1,,,,0,0,,0,,
HND_014682,2011,1,1,,,,1,0,,1,,
HND_002325,2011,1,1,,,,1,0,,0,,
HND_009841,2011,1,1,,,,0,0,,0,,
HND_006702,2011,1,1,,,,1,0,,1,,
HND_006951,2011,1,1,,,,1,0,,1,,
HND_001668,2011,1,1,,,,0,0,,0,,
HND_001524,2011,1,1,,,,1,0,,0,,
HND_013858,2011,1,1,,,,0,0,,0,,
HND_000457,2011,1,1,,,,1,0,,0,,
HND_005106,2011,1,1,,,,0,0,,0,,
HND_010136,2011,1,1,,,,0,0,,0,,
HND_014579,2011,1,1,,,,1,0,,0,,
HND_003046,2011,1,1,,,,1,0,,0,,
HND_006261,2011,1,1,,,,1,1,,1,,
HND_015565,2011,1,1,,,,0,0,,0,,
HND_012398,2011,1,1,,,,1,0,,0,,
HND_006910,2011,1,1,,,,1,0,,0,,
HND_012139,2011,1,1,,,,0,0,,0,,
HND_012615,2011,1,1,,,,1,0,,0,,
HND_016589,2011,1,1,,,,1,0,,0,,
HND_007973,2011,1,1,,,,0,0,,0,,
HND_006006,2011,1,1,,,,0,0,,0,,
HND_001627,2011,1,1,,,,0,0,,0,,
HND_012720,2011,,0,,,,0,0,,0,,
HND_002065,2011,,,,,,,0,,0,,
HND_007976,2011,,0,,,,0,0,,0,,
HND_002626,2011,1,1,,,,0,0,,0,,
HND_005342,2011,1,1,,,,1,0,,0,,
HND_000237,2011,1,1,,,,1,0,,0,,
HND_004560,2011,1,1,,,,1,0,,0,,
HND_013422,2011,0,0,,,,0,0,,0,,
HND_013083,2011,1,1,,,,0,0,,0,,
HND_001422,2011,1,1,,,,1,0,,0,,
HND_011301,2011,1,1,,,,0,0,,0,,
HND_015209,2011,,0,,,,1,0,,0,,
HND_008610,2011,1,1,,,,0,0,,0,,
HND_016067,2011,1,1,,,,1,0,,0,,
HND_009097,2011,1,1,,,,1,0,,0,,
HND_016701,2011,1,1,,,,1,0,,0,,
HND_006089,2011,1,1,,,,1,0,,0,,
HND_002216,2011,1,1,,,,0,0,,0,,
HND_006907,2011,1,1,,,,1,0,,0,,
HND_010067,2011,0,0,,,,0,0,,0,,
HND_005075,2011,1,1,,,,1,0,,0,,
HND_004126,2011,1,1,,,,0,0,,0,,
HND_015669,2011,1,1,,,,0,0,,0,,
HND_000234,2011,1,1,,,,0,0,,0,,
HND_009038,2011,1,1,,,,1,0,,0,,
HND_015037,2011,1,1,,,,1,0,,0,,
HND_010487,2011,1,1,,,,0,0,,0,,
HND_011043,2011,1,1,,,,0,0,,0,,
HND_000164,2011,1,0,,,,0,0,,0,,
HND_015642,2011,1,1,,,,0,0,,0,,
HND_002145,2011,1,1,,,,0,0,,0,,
HND_007267,2011,1,1,,,,0,0,,0,,
HND_007125,2011,1,1,,,,0,0,,0,,
HND_004573,2011,1,1,,,,0,0,,0,,
HND_010266,2011,1,1,,,,0,0,,0,,
HND_014880,2011,1,1,,,,0,0,,0,,
HND_013634,2011,1,1,,,,0,0,,0,,
HND_007858,2011,1,1,,,,0,0,,0,,
HND_003604,2011,1,1,,,,1,0,,0,,
HND_014617,2011,1,1,,,,0,0,,0,,
HND_001960,2011,1,1,,,,0,0,,0,,
HND_008209,2011,1,1,,,,0,0,,0,,
HND_007561,2011,1,1,,,,0,0,,0,,
HND_003140,2011,1,1,,,,0,0,,0,,
HND_014996,2011,1,1,,,,1,0,,0,,
HND_001660,2011,1,1,,,,1,0,,0,,
HND_014650,2011,1,1,,,,0,0,,0,,
HND_009849,2011,1,1,,,,1,0,,0,,
HND_006988,2011,1,1,,,,0,0,,0,,
HND_015507,2011,1,1,,,,1,0,,0,,
HND_001542,2011,1,1,,,,0,0,,0,,
HND_007949,2011,1,1,,,,0,0,,0,,
HND_002131,2011,1,1,,,,1,0,,1,,
HND_003607,2011,1,1,,,,0,0,,0,,
HND_004182,2011,1,1,,,,0,0,,0,,
HND_000459,2011,1,1,,,,0,0,,0,,
HND_003800,2011,1,1,,,,1,0,,0,,
HND_008979,2011,1,1,,,,0,0,,0,,
HND_014504,2011,,,,,,,0,,0,,
HND_012659,2011,,,,,,,0,,0,,
HND_004908,2011,1,1,,,,0,0,,0,,
HND_003342,2011,1,1,,,,0,0,,0,,
HND_016317,2011,1,1,,,,0,0,,0,,
HND_013453,2011,1,1,,,,1,0,,0,,
HND_014519,2011,,,,,,,0,,0,,
HND_006858,2011,,,,,,,0,,0,,
HND_004187,2011,,,,,,,0,,0,,
HND_012307,2011,,,,,,,0,,0,,
HND_014506,2011,,,,,,,0,,0,,
HND_001432,2011,,,,,,,0,,0,,
HND_006003,2011,1,0,,,,0,0,,0,,
HND_005620,2011,1,1,,,,0,0,,0,,
HND_016273,2011,,,,,,,0,,0,,
HND_012728,2011,,,,,,,0,,0,,
HND_012335,2011,,,,,,,0,,0,,
HND_003791,2011,1,1,,,,0,0,,0,,
HND_010814,2011,1,1,,,,0,0,,0,,
HND_014454,2011,,,,,,,0,,0,,
HND_010070,2011,,,,,,,0,,0,,
HND_009448,2011,1,1,,,,0,0,,0,,
HND_009799,2011,1,1,,,,0,0,,0,,
HND_000540,2011,1,1,,,,1,0,,0,,
HND_005424,2011,1,1,,,,0,0,,0,,
HND_002715,2011,1,1,,,,1,0,,0,,
HND_014283,2011,1,1,,,,1,0,,0,,
HND_015310,2011,1,1,,,,1,0,,0,,
HND_004860,2011,1,1,,,,1,0,,1,,
HND_009312,2011,1,1,,,,0,0,,0,,
HND_000104,2011,1,1,,,,0,0,,0,,
HND_007440,2011,1,0,,,,0,0,,0,,
HND_012208,2011,1,1,,,,0,0,,0,,
HND_000593,2011,1,0,,,,0,0,,0,,
HND_015505,2011,1,1,,,,0,0,,0,,
HND_011608,2011,1,1,,,,1,0,,0,,
HND_014403,2011,1,1,,,,1,0,,1,,
HND_004677,2011,1,1,,,,0,0,,0,,
HND_003303,2011,1,1,,,,1,0,,0,,
HND_012596,2011,1,1,,,,0,0,,0,,
HND_008256,2011,1,1,,,,0,0,,0,,
HND_007865,2011,1,1,,,,1,0,,0,,
HND_015791,2011,1,1,,,,1,1,,1,,
HND_010488,2011,1,1,,,,1,0,,0,,
HND_009461,2011,1,1,,,,0,0,,0,,
HND_016728,2011,1,1,,,,0,0,,0,,
HND_015938,2011,1,1,,,,0,0,,0,,
HND_012171,2011,1,1,,,,1,0,,0,,
HND_003793,2011,1,1,,,,1,0,,0,,
HND_002691,2011,1,1,,,,1,0,,0,,
HND_011666,2011,,,,,,,0,,0,,
HND_014622,2011,,,,,,,0,,0,,
HND_012584,2011,,,,,,,0,,0,,
HND_001597,2011,1,0,,,,0,0,,0,,
HND_004142,2011,1,0,,,,1,0,,0,,
HND_013463,2011,,,,,,,0,,0,,
HND_012587,2011,,,,,,,0,,0,,
HND_008675,2011,1,1,,,,0,0,,0,,
HND_008973,2011,1,0,,,,0,0,,0,,
HND_001567,2011,1,1,,,,0,0,,0,,
HND_003035,2011,1,1,,,,0,0,,0,,
HND_003376,2011,,,,,,,0,,0,,
HND_011925,2011,,,,,,,0,,0,,
HND_010535,2011,,,,,,,0,,0,,
HND_012158,2011,,,,,,,0,,0,,
HND_009418,2011,,,,,,,0,,0,,
HND_011090,2011,1,1,,,,0,0,,0,,
HND_012741,2011,,,,,,,0,,0,,
HND_015368,2011,0,0,,,,0,0,,0,,
HND_009475,2011,,,,,,,0,,0,,
HND_002083,2011,,,,,,,0,,0,,
HND_005644,2011,,,,,,,0,,0,,
HND_011609,2011,,,,,,,0,,0,,
HND_007268,2011,1,1,,,,0,0,,0,,
HND_016316,2011,1,1,,,,0,0,,0,,
HND_001942,2011,1,1,,,,0,0,,0,,
HND_014962,2011,1,1,,,,0,0,,0,,
HND_001402,2011,1,1,,,,0,0,,0,,
HND_010392,2011,1,1,,,,1,0,,0,,
HND_013310,2011,1,1,,,,0,0,,0,,
HND_009445,2011,1,1,,,,0,0,,0,,
HND_011736,2011,1,1,,,,1,0,,0,,
HND_008560,2011,1,1,,,,1,0,,1,,
HND_011089,2011,1,1,,,,0,0,,0,,
HND_004418,2011,1,0,,,,0,0,,0,,
HND_014373,2011,1,1,,,,0,0,,0,,
HND_007692,2011,1,1,,,,0,0,,0,,
HND_005338,2011,1,1,,,,0,0,,0,,
HND_003191,2011,1,1,,,,0,0,,0,,
HND_001475,2011,1,1,,,,0,0,,0,,
HND_000601,2011,1,1,,,,0,0,,0,,
HND_005493,2011,1,1,,,,0,0,,0,,
HND_001045,2011,1,1,,,,0,0,,0,,
HND_008716,2011,1,1,,,,1,0,,0,,
HND_009079,2011,1,1,,,,0,0,,0,,
HND_002401,2011,1,1,,,,1,0,,0,,
HND_003894,2011,1,1,,,,0,0,,0,,
HND_007909,2011,1,1,,,,0,0,,0,,
HND_007952,2011,1,1,,,,0,0,,0,,
HND_002687,2011,,0,,,,0,0,,0,,
HND_001670,2011,,,,,,,0,,0,,
HND_016759,2011,,,,,,,0,,0,,
HND_012477,2011,,,,,,,0,,0,,
HND_014452,2011,,,,,,,0,,0,,
HND_012661,2011,,,,,,,0,,0,,
HND_012651,2011,,,,,,,0,,0,,
HND_016512,2011,1,1,,,,0,0,,0,,
HND_016504,2011,,,,,,,0,,0,,
HND_016553,2011,,,,,,,0,,0,,
HND_003792,2011,1,0,,,,0,0,,0,,
HND_016477,2011,,,,,,,0,,0,,
HND_012626,2011,,,,,,,0,,0,,
HND_013112,2011,,,,,,,0,,0,,
HND_004369,2011,1,0,,,,1,0,,0,,
HND_002890,2011,1,1,,,,0,0,,0,,
HND_007540,2011,1,1,,,,1,0,,1,,
HND_008892,2011,1,1,,,,0,0,,0,,
HND_014334,2011,1,1,,,,1,0,,0,,
HND_006057,2011,1,1,,,,1,0,,0,,
HND_005846,2011,1,1,,,,0,0,,0,,
HND_006017,2011,1,1,,,,0,0,,0,,
HND_011110,2011,1,1,,,,0,0,,0,,
HND_010065,2011,1,1,,,,0,0,,0,,
HND_011370,2011,1,1,,,,0,0,,0,,
HND_002545,2011,1,0,,,,0,0,,0,,
HND_006171,2011,1,1,,,,1,0,,0,,
HND_015126,2011,1,1,,,,0,0,,0,,
HND_011371,2011,1,1,,,,0,0,,0,,
HND_010470,2011,1,1,,,,0,0,,0,,
HND_001408,2011,1,0,,,,0,0,,0,,
HND_012746,2011,1,1,,,,0,0,,0,,
HND_001623,2011,1,1,,,,0,0,,0,,
HND_001622,2011,,,,,,,0,,0,,
HND_014510,2011,,,,,,,0,,0,,
HND_001669,2011,,,,,,,0,,0,,
HND_015988,2011,,,,,,,0,,0,,
HND_012437,2011,,,,,,,0,,0,,
HND_016082,2011,1,1,,,,0,0,,0,,
HND_003617,2011,1,1,,,,0,0,,0,,
HND_010808,2011,1,1,,,,0,0,,0,,
HND_008236,2011,,0,,,,0,0,,0,,
HND_015183,2011,,,,,,,0,,0,,
HND_011742,2011,1,1,,,,1,0,,1,,
HND_010630,2011,1,1,,,,0,0,,0,,
HND_009737,2011,1,1,,,,0,0,,1,,
HND_007579,2011,1,1,,,,1,0,,0,,
HND_007174,2011,1,1,,,,0,0,,0,,
HND_008835,2011,1,1,,,,1,0,,0,,
HND_002740,2011,1,1,,,,1,0,,0,,
HND_003357,2011,1,1,,,,0,0,,0,,
HND_011625,2011,1,1,,,,0,0,,0,,
HND_007230,2011,1,1,,,,0,0,,0,,
HND_013124,2011,1,1,,,,0,0,,0,,
HND_006981,2011,1,1,,,,0,0,,0,,
HND_003798,2011,1,1,,,,1,0,,0,,
HND_003545,2011,1,1,,,,1,0,,0,,
HND_003655,2011,1,0,,,,1,0,,0,,
HND_001835,2011,1,1,,,,1,0,,0,,
HND_011080,2011,1,1,,,,0,0,,0,,
HND_012910,2011,1,1,,,,0,0,,0,,
HND_006915,2011,1,1,,,,1,0,,0,,
HND_016702,2011,1,1,,,,1,0,,0,,
HND_015796,2011,1,1,,,,1,0,,1,,
HND_016889,2011,1,1,,,,1,0,,0,,
HND_016094,2011,1,1,,,,1,0,,0,,
HND_011573,2011,1,1,,,,1,0,,0,,
HND_011626,2011,,,,,,,0,,0,,
HND_003178,2011,0,0,,,,1,0,,0,,
HND_008627,2011,1,1,,,,0,0,,0,,
HND_011866,2011,,0,,,,0,0,,0,,
HND_011302,2011,1,1,,,,1,0,,0,,
HND_012174,2011,0,0,,,,0,0,,0,,
HND_009049,2011,0,0,,,,0,0,,0,,
HND_006969,2011,0,0,,,,1,0,,0,,
HND_010237,2011,1,1,,,,0,0,,0,,
HND_010139,2011,0,0,,,,0,0,,0,,
HND_000699,2011,0,0,,,,0,0,,0,,
HND_011932,2011,0,0,,,,0,0,,0,,
HND_012115,2011,,,,,,,0,,0,,
HND_000700,2011,1,1,,,,1,0,,0,,
HND_005776,2011,0,0,,,,0,0,,0,,
HND_013120,2011,0,0,,,,0,0,,0,,
HND_014580,2011,0,0,,,,1,0,,0,,
HND_009792,2011,0,0,,,,0,0,,0,,
HND_013475,2011,0,0,,,,1,0,,0,,
HND_013598,2011,1,1,,,,0,0,,0,,
HND_008933,2011,0,0,,,,0,0,,0,,
HND_006061,2011,0,0,,,,1,0,,0,,
HND_006025,2011,0,0,,,,0,0,,0,,
HND_007870,2011,0,0,,,,0,0,,0,,
HND_002576,2011,0,0,,,,1,0,,0,,
HND_015922,2011,0,0,,,,1,0,,0,,
HND_013645,2011,0,0,,,,0,0,,0,,
HND_009409,2011,0,0,,,,0,0,,0,,
HND_003138,2011,0,0,,,,0,0,,0,,
HND_012043,2011,0,0,,,,1,0,,0,,
HND_008945,2011,0,0,,,,1,1,,1,,
HND_011616,2011,1,1,,,,0,0,,0,,
HND_016544,2011,1,1,,,,0,0,,0,,
HND_015474,2011,0,0,,,,0,0,,0,,
HND_007225,2011,0,0,,,,1,0,,0,,
HND_012273,2011,0,0,,,,0,0,,0,,
HND_002064,2011,,,,,,,0,,0,,
HND_011640,2011,,,,,,,0,,0,,
HND_006187,2011,,,,,,,0,,0,,
HND_001802,2011,,,,,,,0,,0,,
HND_012441,2011,,,,,,,0,,0,,
HND_012666,2011,,,,,,,0,,0,,
HND_002169,2011,,,,,,,0,,0,,
HND_004550,2011,1,1,,,,1,0,,0,,
HND_007598,2011,1,1,,,,1,0,,0,,
HND_002499,2011,1,1,,,,0,0,,0,,
HND_008662,2011,,0,,,,1,0,,0,,
HND_003759,2011,1,1,,,,1,0,,0,,
HND_011508,2011,1,1,,,,1,0,,0,,
HND_009056,2011,1,0,,,,0,0,,0,,
HND_013202,2011,1,1,,,,0,0,,0,,
HND_014340,2011,1,1,,,,1,0,,0,,
HND_003833,2011,1,1,,,,0,0,,0,,
HND_010760,2011,1,1,,,,0,0,,0,,
HND_008323,2011,1,1,,,,0,0,,0,,
HND_015287,2011,1,1,,,,1,0,,0,,
HND_005455,2011,1,1,,,,0,0,,0,,
HND_011246,2011,1,0,,,,1,0,,0,,
HND_013923,2011,1,1,,,,1,0,,0,,
HND_013473,2011,1,1,,,,0,0,,0,,
HND_014587,2011,0,0,,,,0,0,,0,,
HND_002032,2011,1,1,,,,1,0,,0,,
HND_010437,2011,1,1,,,,0,0,,0,,
HND_014171,2011,1,1,,,,1,0,,0,,
HND_012337,2011,,,,,,,0,,0,,
HND_012415,2011,,,,,,,0,,0,,
HND_012779,2011,0,0,,,,0,0,,0,,
HND_005277,2011,1,1,,,,1,0,,1,,
HND_001473,2011,1,1,,,,1,0,,0,,
HND_002917,2011,1,1,,,,1,0,,1,,
HND_009324,2011,1,1,,,,1,0,,0,,
HND_007171,2011,1,1,,,,1,0,,1,,
HND_003352,2011,1,1,,,,0,0,,0,,
HND_013890,2011,1,1,,,,0,0,,0,,
HND_010503,2011,1,1,,,,1,0,,0,,
HND_010238,2011,1,1,,,,1,0,,0,,
HND_016065,2011,0,0,,,,1,0,,0,,
HND_007828,2011,0,0,,,,1,0,,0,,
HND_010191,2011,1,1,,,,1,0,,0,,
HND_005542,2011,,,,,,,0,,0,,
HND_008198,2011,1,1,,,,1,0,,0,,
HND_009236,2011,1,1,,,,0,0,,0,,
HND_001163,2011,1,1,,,,1,0,,1,,
HND_006781,2011,1,1,,,,1,0,,0,,
HND_002402,2011,1,1,,,,0,0,,0,,
HND_010127,2011,1,1,,,,1,0,,0,,
HND_015817,2011,1,1,,,,0,0,,0,,
HND_003730,2011,1,1,,,,0,0,,0,,
HND_000765,2011,1,1,,,,0,0,,0,,
HND_009733,2011,1,1,,,,1,0,,0,,
HND_016676,2011,1,1,,,,0,0,,0,,
HND_004417,2011,1,1,,,,1,0,,0,,
HND_012585,2011,,,,,,,0,,0,,
HND_013081,2011,1,1,,,,0,0,,0,,
HND_003343,2011,1,1,,,,0,0,,0,,
HND_008060,2011,1,1,,,,1,0,,0,,
HND_003344,2011,1,1,,,,0,0,,0,,
HND_003616,2011,1,1,,,,0,0,,0,,
HND_016290,2011,,,,,,,0,,0,,
HND_012664,2011,,,,,,,0,,0,,
HND_012058,2011,,,,,,,0,,0,,
HND_010526,2011,,,,,,,0,,0,,
HND_001682,2011,,,,,,,0,,0,,
HND_001611,2011,,,,,,,0,,0,,
HND_016749,2011,1,1,,,,1,0,,1,,
HND_015625,2011,1,1,,,,1,0,,1,,
HND_005795,2011,1,1,,,,1,0,,1,,
HND_015940,2011,0,0,,,,1,0,,0,,
HND_010301,2011,1,1,,,,1,0,,0,,
HND_004887,2011,1,0,,,,0,0,,0,,
HND_003159,2011,1,1,,,,1,0,,0,,
HND_002901,2011,1,1,,,,1,0,,0,,
HND_008341,2011,,0,,,,1,0,,0,,
HND_003177,2011,1,1,,,,1,0,,0,,
HND_009750,2011,1,0,,,,0,0,,0,,
HND_003350,2011,1,1,,,,1,0,,1,,
HND_000925,2011,1,1,,,,0,0,,0,,
HND_014110,2011,,0,,,,0,0,,0,,
HND_010258,2011,1,1,,,,1,0,,0,,
HND_000539,2011,1,0,,,,0,0,,0,,
HND_012942,2011,1,1,,,,1,0,,0,,
HND_001399,2011,1,1,,,,0,0,,0,,
HND_000059,2011,1,1,,,,0,0,,0,,
HND_009397,2011,,,,,,,0,,0,,
HND_012430,2011,,,,,,,0,,0,,
HND_012990,2011,,,,,,,0,,0,,
HND_007667,2011,1,1,,,,1,0,,0,,
HND_003148,2011,1,1,,,,1,0,,0,,
HND_016408,2011,,0,,,,0,0,,0,,
HND_007088,2011,1,1,,,,1,0,,0,,
HND_014371,2011,1,1,,,,1,0,,0,,
HND_004477,2011,1,1,,,,1,0,,0,,
HND_007815,2011,1,1,,,,1,0,,0,,
HND_015481,2011,1,1,,,,1,0,,0,,
HND_015440,2011,1,1,,,,1,0,,0,,
HND_009130,2011,1,1,,,,1,0,,0,,
HND_011699,2011,1,1,,,,1,1,,1,,
HND_009257,2011,1,1,,,,1,0,,1,,
HND_010169,2011,1,1,,,,1,0,,0,,
HND_006418,2011,1,0,,,,0,0,,0,,
HND_006392,2011,1,0,,,,1,0,,0,,
HND_006409,2011,1,1,,,,1,0,,0,,
HND_011698,2011,1,1,,,,0,0,,0,,
HND_001856,2011,,,,,,,0,,0,,
HND_013815,2011,1,1,,,,1,0,,0,,
HND_006408,2011,1,1,,,,1,0,,0,,
HND_012704,2011,,,,,,,0,,0,,
HND_001748,2011,,,,,,,0,,0,,
HND_007999,2011,1,1,,,,0,0,,0,,
HND_012302,2011,,,,,,,0,,0,,
HND_016509,2011,,,,,,,0,,0,,
HND_012429,2011,,,,,,,0,,0,,
HND_002425,2011,,,,,,,0,,0,,
HND_002563,2011,,,,,,,0,,0,,
HND_013472,2011,,,,,,,0,,0,,
HND_000395,2011,1,1,,,,1,0,,1,,
HND_009693,2011,1,1,,,,0,0,,0,,
HND_003131,2011,1,1,,,,1,0,,1,,
HND_007593,2011,1,1,,,,1,0,,1,,
HND_013647,2011,1,1,,,,0,0,,0,,
HND_013179,2011,1,1,,,,1,0,,0,,
HND_009700,2011,1,1,,,,0,0,,0,,
HND_004916,2011,1,1,,,,1,0,,0,,
HND_010651,2011,1,1,,,,1,0,,0,,
HND_004912,2011,1,1,,,,1,0,,0,,
HND_004339,2011,1,1,,,,1,0,,0,,
HND_010779,2011,1,1,,,,1,0,,0,,
HND_013862,2011,1,1,,,,0,0,,0,,
HND_009610,2011,1,1,,,,1,0,,0,,
HND_003164,2011,1,1,,,,1,0,,0,,
HND_016287,2011,1,1,,,,1,0,,0,,
HND_013599,2011,1,1,,,,1,0,,0,,
HND_015065,2011,1,1,,,,0,0,,0,,
HND_003784,2011,1,1,,,,0,0,,0,,
HND_001310,2011,1,1,,,,1,0,,0,,
HND_013711,2011,1,1,,,,1,0,,0,,
HND_013979,2011,1,1,,,,0,0,,0,,
HND_014651,2011,1,1,,,,1,0,,0,,
HND_006056,2011,0,0,,,,1,0,,1,,
HND_006390,2011,1,1,,,,1,0,,0,,
HND_006400,2011,1,1,,,,1,0,,0,,
HND_006414,2011,1,1,,,,0,0,,0,,
HND_003834,2011,,,,,,,0,,0,,
HND_013614,2011,,,,,,,0,,0,,
HND_011574,2011,1,1,,,,0,0,,0,,
HND_011067,2011,1,1,,,,1,0,,0,,
HND_014480,2011,,,,,,,0,,0,,
HND_016755,2011,,,,,,,0,,0,,
HND_016157,2011,,,,,,,0,,0,,
HND_003463,2011,,,,,,,0,,0,,
HND_016508,2011,,,,,,,0,,0,,
HND_004706,2011,0,0,,,,0,0,,0,,
HND_004371,2011,1,1,,,,1,0,,0,,
HND_004796,2011,1,1,,,,1,0,,0,,
HND_000759,2011,1,1,,,,1,0,,0,,
HND_014068,2011,1,1,,,,1,0,,0,,
HND_008344,2011,,0,,,,0,0,,0,,
HND_013144,2011,0,0,,,,0,0,,0,,
HND_008064,2011,1,1,,,,0,0,,0,,
HND_015875,2011,1,1,,,,0,1,,0,,
HND_003137,2011,1,1,,,,0,0,,0,,
HND_013661,2011,,0,,,,0,0,,0,,
HND_001578,2011,1,1,,,,1,0,,0,,
HND_014179,2011,1,1,,,,1,0,,0,,
HND_012378,2011,1,1,,,,1,0,,0,,
HND_006412,2011,1,1,,,,0,0,,0,,
HND_003466,2011,,,,,,,0,,0,,
HND_008650,2011,0,0,,,,0,0,,0,,
HND_004767,2011,1,0,,,,1,0,,0,,
HND_000312,2011,1,0,,,,1,0,,1,,
HND_001384,2011,0,0,,,,0,0,,0,,
HND_007198,2011,0,0,,,,0,0,,0,,
HND_000400,2011,0,0,,,,1,0,,0,,
HND_001982,2011,0,0,,,,1,0,,0,,
HND_010114,2011,0,0,,,,0,0,,0,,
HND_003569,2011,,,,,,,0,,0,,
HND_012413,2011,,0,,,,0,0,,0,,
HND_001395,2011,,,,,,,0,,0,,
HND_001805,2011,,,,,,,0,,0,,
HND_009726,2011,1,1,,,,1,0,,1,,
HND_014779,2011,0,0,,,,0,0,,0,,
HND_013497,2011,,0,,,,1,0,,0,,
HND_008046,2011,0,0,,,,0,0,,0,,
HND_007190,2011,0,0,,,,1,0,,0,,
HND_010008,2011,1,1,,,,1,0,,0,,
HND_013644,2011,1,1,,,,1,0,,0,,
HND_015480,2011,,,,,,,0,,0,,
HND_007218,2011,1,1,,,,1,0,,0,,
HND_008703,2011,1,1,,,,0,0,,0,,
HND_008625,2011,1,1,,,,1,0,,1,,
HND_005062,2011,1,1,,,,1,0,,0,,
HND_013501,2011,1,1,,,,1,0,,0,,
HND_013637,2011,1,1,,,,0,0,,0,,
HND_013002,2011,1,1,,,,1,0,,0,,
HND_008514,2011,1,1,,,,0,0,,0,,
HND_013665,2011,1,1,,,,1,0,,1,,
HND_005770,2011,1,1,,,,1,0,,0,,
HND_013633,2011,1,1,,,,1,0,,0,,
HND_013690,2011,1,1,,,,1,0,,0,,
HND_010227,2011,1,1,,,,1,0,,0,,
HND_010406,2011,1,1,,,,1,0,,0,,
HND_011456,2011,1,1,,,,1,0,,0,,
HND_008027,2011,1,1,,,,1,0,,1,,
HND_006403,2011,1,1,,,,0,0,,0,,
HND_011063,2011,1,1,,,,0,0,,0,,
HND_015807,2011,1,1,,,,1,0,,0,,
HND_011117,2011,1,1,,,,1,0,,0,,
HND_003666,2011,,0,,,,1,0,,0,,
HND_003153,2011,1,1,,,,1,0,,0,,
HND_003348,2011,1,1,,,,1,0,,1,,
HND_008970,2011,1,1,,,,0,0,,0,,
HND_002994,2011,1,1,,,,1,0,,1,,
HND_003185,2011,1,1,,,,1,0,,1,,
HND_003167,2011,1,1,,,,0,0,,0,,
HND_008566,2011,1,1,,,,1,0,,0,,
HND_008551,2011,1,1,,,,1,0,,1,,
HND_013825,2011,1,1,,,,1,0,,0,,
HND_002445,2011,1,1,,,,0,0,,0,,
HND_013597,2011,1,1,,,,0,0,,0,,
HND_001900,2011,1,1,,,,0,0,,1,,
HND_013444,2011,1,1,,,,1,0,,0,,
HND_005800,2011,1,1,,,,1,0,,0,,
HND_003732,2011,1,1,,,,1,0,,0,,
HND_003033,2011,1,1,,,,1,0,,0,,
HND_013726,2011,1,1,,,,1,0,,0,,
HND_003144,2011,1,1,,,,1,0,,1,,
HND_006395,2011,1,1,,,,1,0,,0,,
HND_006396,2011,1,1,,,,0,0,,0,,
HND_002619,2011,1,1,,,,0,0,,0,,
HND_016667,2011,1,0,,,,1,0,,0,,
HND_010423,2011,1,1,,,,0,0,,0,,
HND_015924,2011,1,1,,,,1,0,,0,,
HND_012006,2011,1,1,,,,1,0,,0,,
HND_004215,2011,1,1,,,,1,0,,1,,
HND_002193,2011,1,1,,,,0,0,,0,,
HND_001891,2011,1,1,,,,0,0,,0,,
HND_003202,2011,1,1,,,,0,0,,0,,
HND_013626,2011,1,1,,,,1,0,,0,,
HND_013610,2011,1,1,,,,1,0,,0,,
HND_006059,2011,1,1,,,,0,0,,0,,
HND_011277,2011,1,1,,,,1,0,,0,,
HND_003103,2011,1,1,,,,1,0,,0,,
HND_003311,2011,1,1,,,,1,0,,0,,
HND_014758,2011,1,1,,,,1,0,,0,,
HND_013615,2011,1,1,,,,1,0,,0,,
HND_006115,2011,1,0,,,,0,0,,0,,
HND_012788,2011,1,0,,,,0,0,,0,,
HND_005299,2011,1,1,,,,1,0,,0,,
HND_007752,2011,1,1,,,,1,0,,1,,
HND_005291,2011,1,1,,,,0,0,,0,,
HND_009170,2011,1,1,,,,1,0,,1,,
HND_000685,2011,1,1,,,,1,0,,1,,
HND_013596,2011,1,1,,,,1,0,,0,,
HND_005188,2011,1,1,,,,0,0,,1,,
HND_013646,2011,1,1,,,,0,0,,0,,
HND_001392,2011,1,1,,,,0,0,,0,,
HND_011138,2011,1,1,,,,1,0,,0,,
HND_007740,2011,1,1,,,,1,0,,1,,
HND_002316,2011,1,1,,,,1,0,,0,,
HND_003146,2011,1,1,,,,1,0,,0,,
HND_011879,2011,1,1,,,,1,0,,0,,
HND_015635,2011,0,0,,,,1,0,,0,,
HND_013941,2011,1,1,,,,1,0,,0,,
HND_008057,2011,1,1,,,,1,0,,0,,
HND_013443,2011,1,1,,,,1,0,,0,,
HND_008642,2011,1,1,,,,1,0,,0,,
HND_009107,2011,1,1,,,,1,0,,0,,
HND_006422,2011,1,1,,,,1,0,,0,,
HND_001534,2011,1,1,,,,1,0,,0,,
HND_015945,2011,,,,,,,0,,0,,
HND_004605,2011,,,,,,,0,,0,,
HND_010115,2011,,,,,,,0,,0,,
HND_013632,2011,1,1,,,,1,0,,0,,
HND_008910,2011,1,1,,,,1,0,,0,,
HND_003358,2011,1,1,,,,1,0,,0,,
HND_011898,2011,1,1,,,,1,0,,0,,
HND_008312,2011,1,1,,,,1,0,,0,,
HND_000767,2011,1,1,,,,1,0,,0,,
HND_005128,2011,1,1,,,,1,0,,0,,
HND_005107,2011,1,1,,,,1,0,,1,,
HND_008927,2011,1,1,,,,0,0,,0,,
HND_003181,2011,1,1,,,,0,0,,0,,
HND_005771,2011,1,1,,,,1,0,,0,,
HND_007749,2011,1,1,,,,1,0,,0,,
HND_004637,2011,1,1,,,,0,0,,0,,
HND_001863,2011,1,1,,,,0,0,,0,,
HND_004683,2011,1,0,,,,0,0,,0,,
HND_011219,2011,1,1,,,,1,0,,0,,
HND_015025,2011,1,1,,,,1,0,,0,,
HND_006404,2011,1,1,,,,0,0,,0,,
HND_006419,2011,1,1,,,,1,0,,0,,
HND_014606,2011,,0,,,,0,0,,0,,
HND_011164,2011,1,1,,,,1,0,,0,,
HND_015419,2011,1,1,,,,0,0,,0,,
HND_010120,2011,,,,,,,0,,0,,
HND_009261,2011,,,,,,,0,,0,,
HND_003665,2011,,,,,,,0,,0,,
HND_013012,2011,1,1,,,,0,0,,0,,
HND_013613,2011,1,1,,,,0,0,,0,,
HND_000804,2011,1,1,,,,1,0,,1,,
HND_003211,2011,1,1,,,,1,0,,1,,
HND_005983,2011,1,1,,,,0,0,,0,,
HND_003152,2011,1,1,,,,1,0,,1,,
HND_002845,2011,1,1,,,,1,0,,0,,
HND_013620,2011,1,1,,,,1,0,,0,,
HND_005778,2011,1,1,,,,0,0,,0,,
HND_013660,2011,1,1,,,,1,0,,0,,
HND_001917,2011,1,1,,,,0,0,,0,,
HND_005198,2011,1,1,,,,0,0,,0,,
HND_009928,2011,1,0,,,,1,0,,0,,
HND_009050,2011,1,1,,,,1,0,,0,,
HND_013717,2011,1,1,,,,1,0,,0,,
HND_006230,2011,1,1,,,,1,0,,1,,
HND_006401,2011,1,1,,,,1,0,,0,,
HND_006411,2011,1,1,,,,1,0,,0,,
HND_013608,2011,,,,,,,0,,0,,
HND_013777,2011,1,1,,,,0,0,,0,,
HND_006114,2011,1,1,,,,0,0,,0,,
HND_011465,2011,1,1,,,,0,0,,0,,
HND_014017,2011,1,1,,,,0,0,,0,,
HND_012805,2011,1,1,,,,0,0,,0,,
HND_016732,2011,,,,,,,0,,0,,
HND_013653,2011,1,0,,,,0,0,,0,,
HND_006113,2011,1,0,,,,0,0,,0,,
HND_005160,2011,1,1,,,,1,0,,0,,
HND_007700,2011,1,1,,,,1,0,,0,,
HND_001896,2011,1,1,,,,0,0,,0,,
HND_014112,2011,1,1,,,,1,0,,0,,
HND_008410,2011,1,1,,,,1,0,,0,,
HND_005443,2011,1,1,,,,0,0,,0,,
HND_000839,2011,1,1,,,,1,1,,0,,
HND_005773,2011,1,1,,,,0,0,,0,,
HND_013629,2011,1,1,,,,0,0,,0,,
HND_001916,2011,1,1,,,,0,0,,0,,
HND_013957,2011,1,1,,,,0,0,,0,,
HND_006204,2011,1,1,,,,0,0,,0,,
HND_012255,2011,1,1,,,,1,0,,0,,
HND_010132,2011,1,1,,,,1,0,,0,,
HND_014679,2011,1,1,,,,1,0,,0,,
HND_003651,2011,1,1,,,,0,0,,0,,
HND_016291,2011,,,,,,,0,,0,,
HND_012794,2011,1,1,,,,0,0,,0,,
HND_014182,2011,1,1,,,,1,0,,0,,
HND_001765,2011,1,1,,,,1,0,,1,,
HND_002831,2011,1,1,,,,1,0,,0,,
HND_003210,2011,1,1,,,,1,0,,0,,
HND_003132,2011,1,1,,,,1,0,,0,,
HND_008294,2011,1,1,,,,1,0,,1,,
HND_007684,2011,1,1,,,,1,0,,0,,
HND_007681,2011,1,1,,,,0,0,,0,,
HND_005030,2011,1,1,,,,1,0,,0,,
HND_013636,2011,1,1,,,,0,0,,0,,
HND_008770,2011,1,1,,,,0,0,,0,,
HND_003811,2011,1,1,,,,1,0,,0,,
HND_010576,2011,1,1,,,,1,0,,0,,
HND_016467,2011,1,1,,,,0,0,,0,,
HND_002555,2011,1,1,,,,0,0,,0,,
HND_008668,2011,1,1,,,,1,0,,0,,
HND_006989,2011,1,1,,,,1,0,,0,,
HND_010001,2011,1,1,,,,0,0,,0,,
HND_013658,2011,1,1,,,,1,0,,0,,
HND_004650,2011,1,1,,,,1,0,,0,,
HND_002723,2011,1,1,,,,0,0,,0,,
HND_016286,2011,1,1,,,,0,0,,0,,
HND_015770,2011,1,1,,,,1,0,,1,,
HND_012803,2011,1,1,,,,0,0,,0,,
HND_015205,2011,1,1,,,,0,0,,0,,
HND_003809,2011,,0,,,,0,0,,0,,
HND_006399,2011,1,1,,,,1,0,,0,,
HND_000516,2011,1,1,,,,0,0,,0,,
HND_007126,2011,1,1,,,,1,0,,0,,
HND_014535,2011,1,1,,,,1,0,,0,,
HND_015999,2011,1,1,,,,1,0,,0,,
HND_015441,2011,1,1,,,,1,0,,0,,
HND_007723,2011,1,1,,,,1,0,,0,,
HND_011213,2011,1,1,,,,0,0,,0,,
HND_015571,2011,1,1,,,,0,0,,0,,
HND_002270,2011,1,1,,,,0,0,,0,,
HND_005059,2011,1,1,,,,1,0,,0,,
HND_006700,2011,,,,,,,0,,0,,
HND_001185,2011,,,,,,,0,,0,,
HND_007824,2011,1,1,,,,1,0,,0,,
HND_007216,2011,,,,,,,0,,0,,
HND_003808,2011,,,,,,,0,,0,,
HND_009977,2011,1,1,,,,1,1,,1,,
HND_010625,2011,,0,,,,0,0,,0,,
HND_005832,2011,1,1,,,,1,0,,0,,
HND_010789,2011,1,1,,,,1,0,,0,,
HND_014780,2011,1,1,,,,1,0,,0,,
HND_008498,2011,1,1,,,,1,0,,0,,
HND_002553,2011,1,1,,,,1,0,,0,,
HND_014240,2011,1,1,,,,1,0,,0,,
HND_013566,2011,1,1,,,,0,0,,0,,
HND_003179,2011,1,1,,,,1,0,,0,,
HND_013654,2011,1,1,,,,0,0,,0,,
HND_013609,2011,1,1,,,,0,0,,0,,
HND_003500,2011,1,1,,,,0,0,,0,,
HND_003630,2011,1,1,,,,1,0,,0,,
HND_001971,2011,1,1,,,,0,0,,0,,
HND_011264,2011,1,1,,,,1,0,,0,,
HND_013445,2011,1,1,,,,1,0,,0,,
HND_015806,2011,1,1,,,,0,0,,0,,
HND_002255,2011,1,1,,,,0,0,,0,,
HND_015396,2011,1,1,,,,1,0,,0,,
HND_009005,2011,0,0,,,,0,0,,0,,
HND_003031,2011,1,1,,,,1,0,,0,,
HND_005208,2011,1,1,,,,1,0,,1,,
HND_003203,2011,1,1,,,,1,0,,0,,
HND_008479,2011,1,1,,,,1,0,,0,,
HND_008478,2011,1,1,,,,1,0,,0,,
HND_003160,2011,1,1,,,,1,0,,0,,
HND_002513,2011,1,1,,,,1,0,,1,,
HND_007930,2011,1,1,,,,1,0,,1,,
HND_000855,2011,1,1,,,,1,0,,0,,
HND_001407,2011,1,1,,,,1,0,,0,,
HND_013887,2011,1,1,,,,1,0,,0,,
HND_013635,2011,1,1,,,,0,0,,0,,
HND_009973,2011,1,1,,,,0,0,,0,,
HND_004707,2011,1,1,,,,1,0,,0,,
HND_016673,2011,1,1,,,,0,0,,0,,
HND_015555,2011,1,1,,,,0,0,,0,,
HND_010228,2011,1,1,,,,1,0,,0,,
HND_013716,2011,1,1,,,,1,0,,0,,
HND_008971,2011,1,1,,,,1,0,,0,,
HND_009608,2011,1,1,,,,1,0,,0,,
HND_016770,2011,1,1,,,,1,0,,0,,
HND_014955,2011,1,1,,,,1,0,,0,,
HND_016015,2011,1,1,,,,1,0,,0,,
HND_013720,2011,1,1,,,,0,0,,0,,
HND_002630,2011,1,1,,,,1,0,,1,,
HND_014482,2011,,,,,,,0,,0,,
HND_011061,2011,1,1,,,,0,0,,0,,
HND_001616,2011,1,0,,,,0,0,,0,,
HND_010229,2011,1,1,,,,0,0,,0,,
HND_016194,2011,,,,,,,0,,0,,
HND_015971,2011,,,,,,,0,,0,,
HND_003629,2011,1,1,,,,1,0,,1,,
HND_013184,2011,1,1,,,,1,0,,0,,
HND_003154,2011,1,1,,,,1,0,,0,,
HND_005259,2011,1,1,,,,1,0,,0,,
HND_003192,2011,1,1,,,,1,0,,1,,
HND_005261,2011,1,1,,,,1,0,,0,,
HND_008333,2011,1,1,,,,1,0,,0,,
HND_000858,2011,1,1,,,,1,0,,0,,
HND_003773,2011,,0,,,,0,0,,0,,
HND_009970,2011,1,1,,,,1,0,,0,,
HND_013638,2011,1,1,,,,0,0,,0,,
HND_004724,2011,1,1,,,,1,0,,0,,
HND_004780,2011,1,1,,,,1,0,,0,,
HND_013648,2011,1,1,,,,1,0,,0,,
HND_016074,2011,0,0,,,,0,0,,0,,
HND_003590,2011,1,1,,,,1,0,,0,,
HND_000322,2011,1,1,,,,1,0,,0,,
HND_000515,2011,1,1,,,,0,0,,0,,
HND_015041,2011,1,1,,,,1,0,,0,,
HND_000399,2011,1,1,,,,1,0,,0,,
HND_002653,2011,1,1,,,,1,0,,0,,
HND_014981,2011,1,1,,,,0,0,,0,,
HND_000564,2011,,0,,,,1,0,,0,,
HND_002728,2011,1,0,,,,0,0,,0,,
HND_008922,2011,,,,,,,0,,0,,
HND_011589,2011,,,,,,,0,,0,,
HND_004125,2011,,,,,,,0,,0,,
HND_001436,2011,,,,,,,0,,0,,
HND_012303,2011,,,,,,,0,,0,,
HND_007241,2011,1,1,,,,1,0,,1,,
HND_010613,2011,1,1,,,,1,0,,1,,
HND_011756,2011,1,0,,,,1,0,,1,,
HND_004729,2011,1,1,,,,0,0,,0,,
HND_009678,2011,1,0,,,,0,0,,0,,
HND_012822,2011,1,1,,,,1,0,,1,,
HND_005654,2011,1,1,,,,0,0,,0,,
HND_005941,2011,1,0,,,,0,0,,0,,
HND_001390,2011,1,1,,,,1,0,,0,,
HND_004785,2011,1,1,,,,1,0,,0,,
HND_004223,2011,1,1,,,,1,0,,0,,
HND_014913,2011,1,0,,,,1,0,,0,,
HND_016319,2011,1,1,,,,1,0,,0,,
HND_015599,2011,1,1,,,,1,0,,0,,
HND_000354,2011,1,1,,,,1,0,,0,,
HND_016412,2011,1,1,,,,1,0,,1,,
HND_007129,2011,1,1,,,,1,0,,0,,
HND_004639,2011,1,1,,,,1,0,,1,,
HND_015633,2011,1,1,,,,1,0,,0,,
HND_005451,2011,1,1,,,,1,0,,1,,
HND_014414,2011,1,1,,,,1,0,,1,,
HND_005452,2011,1,1,,,,0,0,,0,,
HND_005456,2011,1,1,,,,1,0,,1,,
HND_015858,2011,1,1,,,,1,0,,1,,
HND_007416,2011,1,1,,,,0,0,,0,,
HND_007065,2011,1,1,,,,1,0,,1,,
HND_013285,2011,1,0,,,,1,0,,0,,
HND_010588,2011,1,1,,,,1,0,,0,,
HND_003147,2011,1,1,,,,0,0,,0,,
HND_011506,2011,1,1,,,,1,0,,1,,
HND_015759,2011,1,0,,,,1,0,,1,,
HND_010819,2011,1,1,,,,1,0,,1,,
HND_001481,2011,1,1,,,,1,0,,1,,
HND_015385,2011,,0,,,,0,0,,0,,
HND_015027,2011,1,1,,,,1,0,,0,,
HND_015063,2011,,0,,,,0,0,,0,,
HND_007375,2011,0,0,,,,0,0,,0,,
HND_014828,2011,,0,,,,0,0,,0,,
HND_009716,2011,1,1,,,,1,0,,0,,
HND_004757,2011,1,0,,,,0,0,,0,,
HND_010726,2011,,0,,,,0,0,,0,,
HND_006701,2011,1,0,,,,1,0,,0,,
HND_004779,2011,1,1,,,,1,0,,1,,
HND_007240,2011,1,1,,,,0,0,,0,,
HND_007238,2011,1,1,,,,1,0,,1,,
HND_012164,2011,1,1,,,,1,0,,0,,
HND_007242,2011,1,1,,,,1,0,,0,,
HND_009659,2011,1,1,,,,0,0,,0,,
HND_002798,2011,,0,,,,0,0,,0,,
HND_009480,2011,1,1,,,,1,0,,1,,
HND_014768,2011,1,0,,,,0,0,,0,,
HND_016864,2011,1,1,,,,0,0,,0,,
HND_015303,2011,1,1,,,,0,0,,0,,
HND_011757,2011,1,1,,,,0,0,,0,,
HND_007934,2011,1,1,,,,0,0,,0,,
HND_015020,2011,1,0,,,,1,0,,0,,
HND_016426,2011,1,1,,,,0,0,,0,,
HND_013693,2011,1,0,,,,1,0,,1,,
HND_001157,2011,1,0,,,,0,0,,0,,
HND_005916,2011,1,1,,,,1,0,,0,,
HND_002777,2011,1,1,,,,0,0,,0,,
HND_003199,2011,1,1,,,,1,0,,1,,
HND_012227,2011,,0,,,,0,0,,0,,
HND_010705,2011,1,1,,,,0,0,,0,,
HND_013325,2011,1,1,,,,0,0,,0,,
HND_007076,2011,1,1,,,,0,0,,0,,
HND_002181,2011,1,1,,,,1,0,,0,,
HND_015835,2011,1,1,,,,1,0,,0,,
HND_008655,2011,1,0,,,,1,0,,0,,
HND_015384,2011,1,1,,,,0,0,,0,,
HND_002529,2011,1,1,,,,1,0,,1,,
HND_000051,2011,1,1,,,,0,0,,0,,
HND_002787,2011,1,1,,,,1,0,,0,,
HND_002178,2011,1,1,,,,1,0,,1,,
HND_007960,2011,1,1,,,,1,0,,0,,
HND_000185,2011,1,1,,,,0,0,,0,,
HND_004220,2011,1,1,,,,0,0,,0,,
HND_009344,2011,1,1,,,,1,0,,0,,
HND_009035,2011,1,1,,,,1,0,,0,,
HND_008182,2011,1,1,,,,1,0,,0,,
HND_000649,2011,1,1,,,,0,0,,0,,
HND_000190,2011,1,1,,,,0,0,,0,,
HND_005487,2011,1,1,,,,0,0,,0,,
HND_002788,2011,,0,,,,0,0,,0,,
HND_000359,2011,1,1,,,,1,0,,0,,
HND_002171,2011,1,1,,,,0,0,,0,,
HND_012987,2011,1,1,,,,1,0,,1,,
HND_014873,2011,1,1,,,,1,0,,0,,
HND_000192,2011,1,1,,,,1,0,,0,,
HND_009825,2011,1,1,,,,0,0,,0,,
HND_015926,2011,1,1,,,,0,0,,0,,
HND_005466,2011,1,0,,,,0,0,,0,,
HND_004987,2011,1,1,,,,0,0,,0,,
HND_014690,2011,1,1,,,,1,0,,1,,
HND_000293,2011,1,1,,,,1,0,,1,,
HND_004990,2011,1,1,,,,0,0,,0,,
HND_011304,2011,1,1,,,,0,0,,0,,
HND_001906,2011,0,0,,,,0,0,,0,,
HND_001267,2011,0,0,,,,0,0,,0,,
HND_006101,2011,1,1,,,,0,0,,0,,
HND_015446,2011,1,0,,,,1,0,,1,,
HND_000049,2011,1,1,,,,1,0,,1,,
HND_007506,2011,,0,,,,0,0,,0,,
HND_014280,2011,1,0,,,,0,0,,0,,
HND_008632,2011,,0,,,,0,0,,0,,
HND_000023,2011,1,1,,,,1,0,,1,,
HND_013655,2011,1,0,,,,0,0,,0,,
HND_001010,2011,1,0,,,,0,0,,0,,
HND_000174,2011,,0,,,,0,0,,0,,
HND_005957,2011,1,0,,,,1,0,,0,,
HND_007437,2011,1,1,,,,0,0,,0,,
HND_012426,2011,,0,,,,0,0,,0,,
HND_013323,2011,1,1,,,,0,0,,0,,
HND_001590,2011,1,1,,,,1,0,,0,,
HND_015813,2011,1,1,,,,1,0,,0,,
HND_001416,2011,1,1,,,,1,0,,0,,
HND_012080,2011,1,1,,,,1,0,,0,,
HND_013398,2011,1,1,,,,1,0,,1,,
HND_008012,2011,1,1,,,,1,0,,0,,
HND_010838,2011,1,1,,,,0,0,,0,,
HND_009566,2011,1,1,,,,1,0,,0,,
HND_004625,2011,1,1,,,,1,0,,0,,
HND_001273,2011,1,1,,,,1,0,,0,,
HND_015596,2011,1,1,,,,1,0,,0,,
HND_015449,2011,1,1,,,,1,0,,0,,
HND_000557,2011,1,0,,,,1,0,,0,,
HND_002339,2011,1,1,,,,1,0,,0,,
HND_016872,2011,1,1,,,,1,0,,0,,
HND_009221,2011,1,1,,,,1,0,,0,,
HND_001482,2011,1,1,,,,1,0,,0,,
HND_003400,2011,1,1,,,,1,0,,0,,
HND_015652,2011,1,1,,,,1,0,,0,,
HND_001198,2011,1,1,,,,1,0,,0,,
HND_011595,2011,1,1,,,,0,0,,0,,
HND_005623,2011,1,1,,,,1,0,,1,,
HND_005622,2011,1,1,,,,1,0,,0,,
HND_011712,2011,1,1,,,,1,0,,0,,
HND_001848,2011,1,1,,,,1,0,,0,,
HND_005956,2011,,0,,,,0,0,,0,,
HND_005597,2011,1,1,,,,1,0,,0,,
HND_012612,2011,1,1,,,,0,0,,0,,
HND_006099,2011,1,1,,,,0,0,,0,,
HND_006239,2011,1,0,,,,1,0,,1,,
HND_005828,2011,1,1,,,,1,0,,1,,
HND_010023,2011,,,,,,,0,,0,,
HND_015645,2011,1,0,,,,0,0,,0,,
HND_013449,2011,1,1,,,,0,0,,0,,
HND_009367,2011,0,0,,,,0,0,,0,,
HND_009363,2011,0,0,,,,0,0,,0,,
HND_014083,2011,1,1,,,,1,0,,0,,
HND_003213,2011,1,0,,,,0,0,,0,,
HND_006662,2011,1,1,,,,1,0,,0,,
HND_012370,2011,1,1,,,,0,0,,0,,
HND_016686,2011,1,1,,,,1,1,,1,,
HND_004813,2011,,0,,,,0,0,,0,,
HND_001976,2011,1,1,,,,0,0,,0,,
HND_003019,2011,1,1,,,,0,0,,0,,
HND_001202,2011,,0,,,,0,0,,0,,
HND_010174,2011,1,1,,,,0,0,,0,,
HND_010060,2011,,0,,,,0,0,,0,,
HND_007825,2011,,,,,,,0,,0,,
HND_015721,2011,1,1,,,,1,0,,1,,
HND_005952,2011,,0,,,,0,0,,0,,
HND_006572,2011,1,1,,,,1,0,,0,,
HND_006296,2011,1,1,,,,1,0,,1,,
HND_013997,2011,0,0,,,,0,0,,0,,
HND_006589,2011,1,1,,,,1,0,,0,,
HND_000803,2011,0,0,,,,0,0,,0,,
HND_007838,2011,,0,,,,0,0,,0,,
HND_004893,2011,1,1,,,,1,0,,0,,
HND_008894,2011,0,0,,,,0,0,,0,,
HND_001266,2011,1,1,,,,1,0,,1,,
HND_002733,2011,0,0,,,,0,0,,0,,
HND_008522,2011,,0,,,,0,0,,0,,
HND_007451,2011,0,0,,,,0,0,,0,,
HND_015549,2011,,0,,,,0,0,,0,,
HND_008036,2011,,0,,,,0,0,,0,,
HND_002334,2011,1,0,,,,0,0,,0,,
HND_015445,2011,1,0,,,,0,0,,0,,
HND_005955,2011,1,1,,,,1,0,,0,,
HND_002273,2011,,0,,,,0,0,,0,,
HND_012600,2011,1,1,,,,0,0,,0,,
HND_012480,2011,,,,,,,0,,0,,
HND_003020,2011,,,,,,,0,,0,,
HND_003443,2011,,,,,,,0,,0,,
HND_003220,2011,,,,,,,0,,0,,
HND_016441,2011,,,,,,,0,,0,,
HND_003657,2011,1,1,,,,0,0,,0,,
HND_004316,2011,,,,,,,0,,0,,
HND_015842,2011,,,,,,,0,,0,,
HND_012605,2011,,,,,,,0,,0,,
HND_005604,2011,,,,,,,0,,0,,
HND_003338,2011,0,0,,,,0,0,,0,,
HND_000307,2011,,0,,,,0,0,,0,,
HND_004867,2011,1,0,,,,0,0,,0,,
HND_004866,2011,0,0,,,,0,0,,0,,
HND_004865,2011,1,1,,,,0,0,,0,,
HND_009099,2011,,0,,,,0,0,,0,,
HND_008273,2011,,0,,,,0,0,,0,,
HND_000637,2011,0,0,,,,0,0,,0,,
HND_012877,2011,,0,,,,0,0,,0,,
HND_004146,2011,0,0,,,,0,0,,0,,
HND_012022,2011,1,1,,,,0,0,,0,,
HND_015819,2011,,,,,,,0,,0,,
HND_014113,2011,0,0,,,,0,0,,0,,
HND_016500,2011,,,,,,,0,,0,,
HND_012329,2011,,,,,,,0,,0,,
HND_010110,2011,,,,,,,0,,0,,
HND_000971,2011,,,,,,,0,,0,,
HND_001088,2011,,,,,,,0,,0,,
HND_002223,2011,,,,,,,0,,0,,
HND_003719,2011,,,,,,,0,,0,,
HND_009512,2011,1,1,,,,1,0,,0,,
HND_012439,2011,1,1,,,,0,0,,0,,
HND_000945,2011,,,,,,,0,,0,,
HND_013992,2011,,,,,,,0,,0,,
HND_008013,2011,,0,,,,0,0,,0,,
HND_002673,2011,1,0,,,,0,0,,0,,
HND_003308,2011,1,0,,,,0,0,,0,,
HND_002996,2011,,,,,,,0,,0,,
HND_013540,2011,1,1,,,,0,0,,0,,
HND_003412,2011,1,1,,,,1,0,,0,,
HND_003413,2011,1,1,,,,1,0,,0,,
HND_016096,2011,,,,,,,0,,0,,
HND_007970,2011,1,1,,,,0,0,,0,,
HND_009597,2011,0,0,,,,0,0,,0,,
HND_013464,2011,1,1,,,,1,0,,0,,
HND_015082,2011,,,,,,,0,,0,,
HND_015021,2011,1,1,,,,0,0,,0,,
HND_008762,2011,1,1,,,,1,0,,1,,
HND_008183,2011,1,1,,,,0,0,,0,,
HND_000636,2011,,0,,,,0,0,,0,,
HND_005426,2011,1,0,,,,0,0,,0,,
HND_002618,2011,1,1,,,,0,0,,0,,
HND_007864,2011,1,1,,,,1,0,,0,,
HND_007250,2011,1,0,,,,0,0,,0,,
HND_002874,2011,1,1,,,,1,0,,0,,
HND_004240,2011,1,1,,,,1,0,,0,,
HND_009069,2011,1,0,,,,0,0,,0,,
HND_003453,2011,1,1,,,,1,0,,1,,
HND_015958,2011,1,1,,,,0,0,,0,,
HND_010494,2011,1,1,,,,1,0,,1,,
HND_012901,2011,1,1,,,,0,0,,0,,
HND_002441,2011,1,0,,,,0,0,,0,,
HND_007062,2011,1,1,,,,1,0,,0,,
HND_008760,2011,0,0,,,,0,0,,0,,
HND_013370,2011,1,1,,,,0,0,,0,,
HND_004884,2011,0,0,,,,0,0,,0,,
HND_014310,2011,1,1,,,,1,0,,0,,
HND_011524,2011,1,1,,,,1,1,,0,,
HND_007442,2011,0,0,,,,0,0,,0,,
HND_010902,2011,1,0,,,,0,0,,0,,
HND_000621,2011,,0,,,,0,0,,0,,
HND_003149,2011,,0,,,,0,0,,0,,
HND_003795,2011,1,1,,,,0,0,,0,,
HND_013333,2011,1,1,,,,1,0,,1,,
HND_000936,2011,,0,,,,0,0,,0,,
HND_000442,2011,1,1,,,,0,0,,0,,
HND_009648,2011,,0,,,,1,0,,0,,
HND_002484,2011,1,1,,,,0,0,,0,,
HND_011227,2011,1,1,,,,1,0,,0,,
HND_011266,2011,1,1,,,,1,0,,0,,
HND_001577,2011,1,1,,,,1,0,,0,,
HND_015297,2011,1,1,,,,1,0,,0,,
HND_003098,2011,1,1,,,,1,0,,0,,
HND_016479,2011,1,1,,,,1,0,,0,,
HND_008608,2011,1,0,,,,1,0,,0,,
HND_010280,2011,1,0,,,,0,0,,0,,
HND_015912,2011,0,0,,,,0,0,,0,,
HND_001333,2011,1,1,,,,0,0,,0,,
HND_007773,2011,1,1,,,,0,0,,0,,
HND_011702,2011,1,0,,,,0,0,,0,,
HND_009205,2011,1,1,,,,0,0,,0,,
HND_000631,2011,1,0,,,,0,0,,0,,
HND_002485,2011,1,1,,,,0,0,,0,,
HND_006263,2011,1,1,,,,1,0,,1,,
HND_001306,2011,1,1,,,,0,0,,0,,
HND_003888,2011,0,0,,,,1,0,,0,,
HND_011544,2011,1,0,,,,0,0,,0,,
HND_015604,2011,1,1,,,,0,0,,0,,
HND_016342,2011,1,0,,,,1,0,,0,,
HND_012915,2011,1,0,,,,0,0,,0,,
HND_015696,2011,,,,,,,0,,0,,
HND_003364,2011,,,,,,,0,,0,,
HND_015298,2011,,,,,,,0,,0,,
HND_003260,2011,,,,,,,0,,0,,
HND_002319,2011,1,0,,,,0,0,,0,,
HND_007968,2011,1,0,,,,0,0,,0,,
HND_000441,2011,1,0,,,,0,0,,0,,
HND_002714,2011,,,,,,,0,,0,,
HND_000440,2011,,0,,,,0,0,,0,,
HND_016713,2011,,,,,,,0,,0,,
HND_003261,2011,1,1,,,,1,0,,0,,
HND_010179,2011,,,,,,,0,,0,,
HND_000900,2011,1,1,,,,0,0,,0,,
HND_008180,2011,,0,,,,1,0,,0,,
HND_000019,2011,1,1,,,,1,0,,0,,
HND_001915,2011,1,1,,,,0,0,,0,,
HND_014890,2011,1,1,,,,0,0,,0,,
HND_015402,2011,1,0,,,,1,1,,1,,
HND_010921,2011,1,1,,,,1,0,,0,,
HND_003151,2011,1,1,,,,1,0,,0,,
HND_004906,2011,1,0,,,,1,0,,0,,
HND_000760,2011,1,1,,,,1,0,,0,,
HND_010721,2011,1,1,,,,1,0,,0,,
HND_004977,2011,1,0,,,,1,0,,0,,
HND_013482,2011,1,1,,,,1,0,,1,,
HND_007484,2011,1,1,,,,1,0,,0,,
HND_004976,2011,1,1,,,,1,0,,0,,
HND_003940,2011,1,1,,,,1,0,,0,,
HND_002826,2011,0,0,,,,1,0,,0,,
HND_005556,2011,1,1,,,,1,0,,0,,
HND_016599,2011,1,1,,,,1,0,,1,,
HND_009055,2011,1,1,,,,1,0,,1,,
HND_008407,2011,1,1,,,,1,0,,0,,
HND_010627,2011,1,1,,,,0,0,,0,,
HND_004971,2011,1,1,,,,1,0,,0,,
HND_013234,2011,,0,,,,1,1,,1,,
HND_000162,2011,1,1,,,,0,0,,0,,
HND_009113,2011,1,1,,,,1,0,,1,,
HND_004968,2011,,0,,,,0,0,,0,,
HND_015466,2011,1,1,,,,1,0,,0,,
HND_014343,2011,1,1,,,,1,0,,1,,
HND_004647,2011,0,0,,,,0,0,,0,,
HND_004966,2011,1,1,,,,1,0,,1,,
HND_000275,2011,1,1,,,,1,0,,0,,
HND_009694,2011,1,1,,,,1,0,,1,,
HND_000901,2011,1,1,,,,1,0,,0,,
HND_000259,2011,1,1,,,,1,0,,0,,
HND_000662,2011,1,1,,,,1,0,,1,,
HND_003257,2011,1,1,,,,1,0,,0,,
HND_001879,2011,1,1,,,,1,0,,1,,
HND_012226,2011,1,1,,,,0,0,,0,,
HND_012225,2011,0,0,,,,0,0,,0,,
HND_002718,2011,1,1,,,,1,0,,0,,
HND_001066,2011,1,1,,,,1,0,,0,,
HND_007185,2011,,0,,,,0,0,,0,,
HND_005462,2011,1,1,,,,0,0,,0,,
HND_000538,2011,1,1,,,,1,0,,0,,
HND_013010,2011,1,1,,,,0,0,,0,,
HND_009339,2011,0,0,,,,1,0,,0,,
HND_005680,2011,,0,,,,0,0,,0,,
HND_008932,2011,1,1,,,,1,0,,0,,
HND_016392,2011,1,1,,,,0,0,,0,,
HND_007987,2011,1,1,,,,1,0,,0,,
HND_007372,2011,1,1,,,,1,0,,0,,
HND_002861,2011,0,0,,,,0,0,,0,,
HND_000718,2011,1,1,,,,0,0,,0,,
HND_015414,2011,1,1,,,,0,0,,0,,
HND_005568,2011,1,1,,,,1,0,,0,,
HND_009837,2011,1,1,,,,1,0,,0,,
HND_000160,2011,1,1,,,,1,0,,0,,
HND_000296,2011,1,1,,,,1,0,,0,,
HND_004497,2011,1,0,,,,1,1,,1,,
HND_014895,2011,1,1,,,,1,0,,0,,
HND_000298,2011,1,1,,,,1,0,,0,,
HND_007373,2011,,0,,,,0,0,,0,,
HND_008037,2011,,0,,,,0,0,,0,,
HND_005463,2011,,0,,,,0,0,,0,,
HND_000376,2011,1,1,,,,1,0,,0,,
HND_004956,2011,,0,,,,0,0,,0,,
HND_000025,2011,0,0,,,,0,0,,0,,
HND_004924,2011,1,1,,,,1,0,,0,,
HND_006953,2011,0,0,,,,1,0,,0,,
HND_003711,2011,,0,,,,0,0,,0,,
HND_009351,2011,0,0,,,,0,0,,0,,
HND_005469,2011,1,1,,,,0,0,,0,,
HND_007211,2011,0,0,,,,1,0,,0,,
HND_008989,2011,1,1,,,,1,1,,1,,
HND_008993,2011,1,1,,,,0,0,,0,,
HND_000294,2011,0,0,,,,0,0,,0,,
HND_000378,2011,1,1,,,,0,0,,0,,
HND_000047,2011,1,0,,,,0,0,,0,,
HND_014685,2011,1,1,,,,0,0,,0,,
HND_004911,2011,0,0,,,,1,0,,0,,
HND_000224,2011,1,0,,,,1,1,,1,,
HND_004954,2011,1,0,,,,0,0,,0,,
HND_000675,2011,1,1,,,,1,0,,0,,
HND_007344,2011,1,1,,,,1,0,,0,,
HND_013541,2011,1,1,,,,0,0,,0,,
HND_004952,2011,1,1,,,,0,0,,0,,
HND_004950,2011,1,1,,,,1,0,,0,,
HND_007345,2011,1,1,,,,1,0,,1,,
HND_014355,2011,1,1,,,,1,0,,0,,
HND_016042,2011,1,0,,,,0,0,,0,,
HND_007347,2011,1,1,,,,0,0,,0,,
HND_007183,2011,0,0,,,,0,0,,0,,
HND_000017,2011,1,1,,,,1,0,,0,,
HND_007184,2011,,0,,,,0,0,,0,,
HND_004940,2011,1,1,,,,1,0,,0,,
HND_002023,2011,,0,,,,1,0,,1,,
HND_010225,2011,1,1,,,,1,0,,0,,
HND_010226,2011,0,0,,,,0,0,,0,,
HND_007334,2011,1,1,,,,0,0,,0,,
HND_001564,2011,1,1,,,,1,0,,0,,
HND_009481,2011,1,1,,,,0,0,,0,,
HND_008218,2011,1,1,,,,1,0,,0,,
HND_001398,2011,,0,,,,0,0,,0,,
HND_013895,2011,0,0,,,,0,0,,0,,
HND_011710,2011,,0,,,,0,0,,0,,
HND_001730,2011,1,1,,,,0,0,,0,,
HND_001905,2011,1,1,,,,1,0,,0,,
HND_011709,2011,1,0,,,,0,0,,0,,
HND_005926,2011,1,1,,,,1,0,,1,,
HND_011851,2011,,0,,,,0,0,,0,,
HND_009810,2011,1,1,,,,0,0,,0,,
HND_008021,2011,1,1,,,,1,0,,0,,
HND_012996,2011,1,0,,,,0,0,,0,,
HND_000012,2011,1,0,,,,0,0,,0,,
HND_004728,2011,0,0,,,,0,0,,0,,
HND_005627,2011,,0,,,,0,0,,0,,
HND_001846,2011,,0,,,,0,0,,0,,
HND_013369,2011,1,1,,,,1,1,,1,,
HND_000363,2011,1,1,,,,1,0,,0,,
HND_000981,2011,1,1,,,,1,0,,0,,
HND_003080,2011,1,1,,,,1,0,,0,,
HND_009779,2011,1,1,,,,0,0,,0,,
HND_005951,2011,1,1,,,,0,0,,0,,
HND_016468,2011,1,1,,,,0,0,,0,,
HND_009846,2011,1,0,,,,0,0,,0,,
HND_000927,2011,1,1,,,,1,0,,0,,
HND_001067,2011,1,1,,,,1,0,,0,,
HND_013564,2011,1,1,,,,1,0,,0,,
HND_001804,2011,1,1,,,,1,0,,0,,
HND_013702,2011,1,1,,,,1,0,,0,,
HND_012934,2011,1,1,,,,1,0,,0,,
HND_015467,2011,1,1,,,,1,0,,0,,
HND_016821,2011,1,1,,,,1,0,,0,,
HND_002413,2011,1,1,,,,0,0,,0,,
HND_002574,2011,1,1,,,,1,0,,0,,
HND_013713,2011,1,1,,,,1,0,,0,,
HND_014910,2011,1,1,,,,1,0,,0,,
HND_011425,2011,1,1,,,,0,0,,0,,
HND_003778,2011,,0,,,,0,0,,0,,
HND_010066,2011,1,1,,,,1,0,,0,,
HND_003277,2011,1,1,,,,1,0,,0,,
HND_013964,2011,1,1,,,,1,0,,1,,
HND_003669,2011,1,1,,,,1,0,,1,,
HND_006640,2011,1,1,,,,0,0,,0,,
HND_006682,2011,1,1,,,,1,0,,0,,
HND_006546,2011,1,1,,,,0,0,,0,,
HND_006652,2011,1,1,,,,1,0,,0,,
HND_006647,2011,1,1,,,,1,0,,0,,
HND_006838,2011,1,1,,,,0,0,,0,,
HND_013738,2011,1,1,,,,0,0,,0,,
HND_005630,2011,0,0,,,,0,0,,0,,
HND_005467,2011,,0,,,,0,0,,0,,
HND_009007,2011,1,0,,,,1,0,,0,,
HND_012469,2011,1,1,,,,0,0,,0,,
HND_011976,2011,1,0,,,,0,0,,0,,
HND_014097,2011,,,,,,,0,,0,,
HND_000951,2011,1,0,,,,0,0,,0,,
HND_014836,2011,1,1,,,,0,0,,0,,
HND_007378,2011,1,1,,,,0,0,,0,,
HND_012468,2011,1,0,,,,0,0,,0,,
HND_004202,2011,1,1,,,,0,0,,0,,
HND_015545,2011,0,0,,,,0,0,,0,,
HND_016591,2011,0,0,,,,0,0,,0,,
HND_007290,2011,1,1,,,,0,0,,0,,
HND_011708,2011,,0,,,,0,0,,0,,
HND_000670,2011,1,1,,,,1,0,,0,,
HND_015524,2011,1,0,,,,0,0,,0,,
HND_004725,2011,1,1,,,,0,0,,0,,
HND_008813,2011,1,1,,,,0,0,,0,,
HND_000054,2011,1,1,,,,1,0,,0,,
HND_006971,2011,1,0,,,,0,0,,0,,
HND_015656,2011,1,1,,,,0,0,,0,,
HND_005834,2011,1,1,,,,1,0,,0,,
HND_005626,2011,0,0,,,,0,0,,0,,
HND_004239,2011,1,1,,,,1,0,,1,,
HND_002296,2011,1,0,,,,1,0,,0,,
HND_010224,2011,1,0,,,,0,0,,0,,
HND_001191,2011,1,0,,,,0,0,,0,,
HND_000368,2011,1,0,,,,0,0,,0,,
HND_010071,2011,1,0,,,,0,0,,0,,
HND_003721,2011,,0,,,,0,0,,0,,
HND_010053,2011,0,0,,,,0,0,,0,,
HND_005358,2011,,0,,,,0,0,,0,,
HND_005765,2011,1,0,,,,0,0,,0,,
HND_000180,2011,1,0,,,,0,0,,0,,
HND_001847,2011,1,0,,,,0,0,,0,,
HND_015536,2011,1,1,,,,0,0,,0,,
HND_011504,2011,,0,,,,0,0,,0,,
HND_001192,2011,1,0,,,,0,0,,0,,
HND_005407,2011,1,1,,,,0,0,,0,,
HND_002332,2011,1,1,,,,1,0,,0,,
HND_011448,2011,1,1,,,,1,0,,0,,
HND_011426,2011,1,1,,,,1,0,,0,,
HND_004737,2011,1,1,,,,1,0,,1,,
HND_011439,2011,0,0,,,,0,0,,0,,
HND_000238,2011,1,1,,,,0,0,,0,,
HND_012341,2011,,,,,,,0,,0,,
HND_007886,2011,0,0,,,,1,0,,0,,
HND_014222,2011,1,0,,,,0,0,,0,,
HND_011849,2011,1,1,,,,1,0,,1,,
HND_011772,2011,1,0,,,,0,0,,0,,
HND_005898,2011,1,0,,,,0,0,,0,,
HND_016819,2011,0,0,,,,0,0,,0,,
HND_004791,2011,1,0,,,,0,0,,0,,
HND_002337,2011,1,0,,,,0,0,,0,,
HND_012521,2011,1,1,,,,0,0,,0,,
HND_016469,2011,0,0,,,,0,0,,0,,
HND_007360,2011,1,0,,,,0,0,,0,,
HND_002304,2011,0,0,,,,0,0,,0,,
HND_012719,2011,,,,,,,0,,0,,
HND_005515,2011,,,,,,,0,,0,,
HND_012272,2011,,,,,,,0,,0,,
HND_001080,2011,,,,,,,0,,0,,
HND_012278,2011,,,,,,,0,,0,,
HND_010219,2011,,,,,,,0,,0,,
HND_012680,2011,,,,,,,0,,0,,
HND_000015,2011,,,,,,,0,,0,,
HND_002412,2011,,,,,,,0,,0,,
HND_016225,2011,,,,,,,0,,0,,
HND_016164,2011,,,,,,,0,,0,,
HND_000073,2011,1,0,,,,0,0,,0,,
HND_004553,2011,1,1,,,,0,0,,0,,
HND_007885,2011,,0,,,,0,0,,0,,
HND_012673,2011,,0,,,,0,0,,0,,
HND_016803,2011,0,0,,,,0,0,,0,,
HND_014418,2011,0,0,,,,0,0,,0,,
HND_001576,2011,0,0,,,,0,0,,0,,
HND_007229,2011,0,0,,,,0,0,,0,,
HND_006203,2011,1,0,,,,0,0,,0,,
HND_015997,2011,,,,,,,0,,0,,
HND_015693,2011,,,,,,,0,,0,,
HND_001792,2011,,,,,,,0,,0,,
HND_001089,2011,,,,,,,0,,0,,
HND_000120,2011,,,,,,,0,,0,,
HND_011214,2011,1,1,,,,1,0,,0,,
HND_013563,2011,,,,,,,0,,0,,
HND_003554,2011,,,,,,,0,,0,,
HND_013086,2011,,,,,,,0,,0,,
HND_016137,2011,,,,,,,0,,0,,
HND_005878,2011,,,,,,,0,,0,,
HND_013379,2011,1,1,,,,0,0,,0,,
HND_015663,2011,,,,,,,0,,0,,
HND_012552,2011,,,,,,,0,,0,,
HND_015695,2011,1,1,,,,1,0,,1,,
HND_003717,2011,1,1,,,,1,0,,0,,
HND_016122,2011,,,,,,,0,,0,,
HND_016195,2011,,,,,,,0,,0,,
HND_008777,2011,1,1,,,,1,0,,1,,
HND_001331,2011,1,1,,,,0,0,,0,,
HND_002902,2011,1,1,,,,1,0,,0,,
HND_014341,2011,1,1,,,,0,0,,0,,
HND_012994,2011,1,1,,,,0,0,,0,,
HND_000671,2011,1,1,,,,1,0,,0,,
HND_009766,2011,1,1,,,,0,0,,0,,
HND_007256,2011,1,1,,,,1,0,,0,,
HND_007253,2011,1,1,,,,1,0,,1,,
HND_004484,2011,1,1,,,,1,0,,0,,
HND_012219,2011,1,1,,,,1,0,,1,,
HND_008379,2011,1,1,,,,1,0,,0,,
HND_007429,2011,1,1,,,,0,0,,0,,
HND_003659,2011,1,1,,,,0,0,,0,,
HND_011416,2011,1,1,,,,1,0,,0,,
HND_005943,2011,1,1,,,,0,0,,0,,
HND_004285,2011,1,1,,,,1,0,,0,,
HND_001190,2011,,0,,,,0,0,,0,,
HND_005624,2011,1,1,,,,1,0,,0,,
HND_011419,2011,1,1,,,,0,0,,0,,
HND_006267,2011,1,1,,,,1,0,,1,,
HND_015910,2011,1,1,,,,0,0,,0,,
HND_015366,2011,1,0,,,,0,0,,0,,
HND_002224,2011,1,1,,,,1,0,,0,,
HND_008366,2011,1,1,,,,1,0,,0,,
HND_013998,2011,0,0,,,,0,0,,0,,
HND_009905,2011,,,,,,,0,,0,,
HND_010860,2011,1,1,,,,0,0,,0,,
HND_007890,2011,1,1,,,,1,0,,0,,
HND_005990,2011,1,1,,,,0,0,,0,,
HND_014236,2011,1,1,,,,1,0,,1,,
HND_009112,2011,,0,,,,0,0,,0,,
HND_007483,2011,1,0,,,,0,0,,0,,
HND_005270,2011,1,1,,,,1,0,,0,,
HND_005356,2011,1,1,,,,1,0,,0,,
HND_002876,2011,1,1,,,,0,0,,0,,
HND_011023,2011,1,1,,,,0,0,,0,,
HND_000931,2011,1,1,,,,0,0,,0,,
HND_004221,2011,1,1,,,,1,0,,0,,
HND_007252,2011,1,1,,,,0,0,,0,,
HND_000407,2011,1,1,,,,0,0,,0,,
HND_005802,2011,1,1,,,,1,0,,0,,
HND_010736,2011,1,1,,,,0,0,,0,,
HND_007072,2011,1,1,,,,0,0,,0,,
HND_015163,2011,1,1,,,,0,0,,0,,
HND_016619,2011,0,0,,,,0,0,,0,,
HND_014390,2011,1,1,,,,0,0,,0,,
HND_002190,2011,1,1,,,,1,0,,1,,
HND_007077,2011,1,1,,,,1,0,,0,,
HND_015381,2011,1,1,,,,0,0,,0,,
HND_005441,2011,1,1,,,,0,0,,0,,
HND_011773,2011,1,1,,,,0,0,,0,,
HND_008572,2011,1,1,,,,0,0,,0,,
HND_002880,2011,,0,,,,0,0,,0,,
HND_015514,2011,1,1,,,,0,0,,0,,
HND_008667,2011,1,1,,,,0,0,,0,,
HND_004593,2011,1,1,,,,0,0,,0,,
HND_009814,2011,1,1,,,,0,0,,0,,
HND_004081,2011,1,0,,,,1,0,,0,,
HND_001393,2011,1,1,,,,0,0,,0,,
HND_010784,2011,1,1,,,,1,0,,0,,
HND_000020,2011,1,1,,,,0,0,,0,,
HND_007390,2011,,0,,,,0,0,,0,,
HND_015382,2011,1,1,,,,0,0,,0,,
HND_016018,2011,,0,,,,0,0,,0,,
HND_003278,2011,1,1,,,,0,0,,0,,
HND_002333,2011,,0,,,,0,0,,0,,
HND_000530,2011,1,1,,,,0,0,,0,,
HND_011317,2011,0,0,,,,0,0,,0,,
HND_000319,2011,1,1,,,,1,0,,0,,
HND_011492,2011,1,1,,,,0,0,,0,,
HND_012932,2011,1,0,,,,0,0,,0,,
HND_001293,2011,1,1,,,,0,0,,0,,
HND_010146,2011,1,1,,,,1,0,,0,,
HND_012930,2011,1,1,,,,0,0,,0,,
HND_001849,2011,1,1,,,,1,0,,0,,
HND_012814,2011,1,1,,,,0,0,,0,,
HND_000371,2011,1,1,,,,1,0,,1,,
HND_006668,2011,1,1,,,,1,0,,0,,
HND_006628,2011,1,1,,,,0,0,,0,,
HND_006684,2011,1,1,,,,0,0,,0,,
HND_006639,2011,1,1,,,,0,0,,0,,
HND_006630,2011,1,1,,,,1,0,,0,,
HND_015206,2011,,0,,,,0,0,,0,,
HND_012866,2011,1,1,,,,0,0,,0,,
HND_001292,2011,1,0,,,,1,0,,0,,
HND_011451,2011,,0,,,,0,0,,0,,
HND_008495,2011,1,1,,,,1,0,,0,,
HND_012371,2011,0,0,,,,0,0,,0,,
HND_009164,2011,1,1,,,,0,0,,0,,
HND_014019,2011,0,0,,,,0,0,,0,,
HND_016828,2011,1,0,,,,0,0,,0,,
HND_001948,2011,,0,,,,0,0,,0,,
HND_002030,2011,0,0,,,,0,0,,0,,
HND_010056,2011,1,1,,,,0,0,,0,,
HND_005295,2011,1,1,,,,0,0,,0,,
HND_012931,2011,1,1,,,,0,0,,0,,
HND_001290,2011,1,1,,,,0,0,,0,,
HND_005329,2011,1,0,,,,0,0,,0,,
HND_003096,2011,1,1,,,,1,0,,0,,
HND_005328,2011,1,1,,,,0,0,,0,,
HND_004372,2011,1,0,,,,0,0,,0,,
HND_001291,2011,1,1,,,,0,0,,0,,
HND_001713,2011,1,1,,,,1,0,,1,,
HND_009888,2011,1,1,,,,0,0,,0,,
HND_003746,2011,1,0,,,,0,0,,0,,
HND_005805,2011,,0,,,,0,0,,0,,
HND_009160,2011,1,1,,,,0,0,,0,,
HND_010251,2011,,0,,,,0,0,,0,,
HND_015857,2011,1,0,,,,0,0,,0,,
HND_000206,2011,,0,,,,0,0,,0,,
HND_009163,2011,,0,,,,0,0,,0,,
HND_000045,2011,1,0,,,,0,0,,0,,
HND_000175,2011,,0,,,,0,0,,0,,
HND_001070,2011,,,,,,,0,,0,,
HND_013048,2011,,,,,,,0,,0,,
HND_014408,2011,1,0,,,,0,0,,0,,
HND_012929,2011,,0,,,,0,0,,0,,
HND_015405,2011,,0,,,,0,0,,0,,
HND_009161,2011,0,0,,,,0,0,,0,,
HND_016503,2011,,,,,,,0,,0,,
HND_009998,2011,,,,,,,0,,0,,
HND_016170,2011,,,,,,,0,,0,,
HND_008689,2011,,,,,,,0,,0,,
HND_003279,2011,,,,,,,0,,0,,
HND_015911,2011,,,,,,,0,,0,,
HND_004539,2011,,,,,,,0,,0,,
HND_011211,2011,1,0,,,,0,0,,0,,
HND_015194,2011,0,0,,,,0,0,,0,,
HND_015403,2011,1,1,,,,0,0,,0,,
HND_015193,2011,1,1,,,,0,0,,0,,
HND_014290,2011,1,1,,,,0,0,,0,,
HND_007863,2011,1,1,,,,1,0,,0,,
HND_012995,2011,1,1,,,,0,0,,1,,
HND_002744,2011,1,1,,,,0,0,,0,,
HND_010638,2011,1,1,,,,1,0,,1,,
HND_009675,2011,1,1,,,,0,0,,0,,
HND_008220,2011,1,0,,,,0,0,,0,,
HND_001394,2011,1,0,,,,0,0,,0,,
HND_011853,2011,1,1,,,,1,0,,0,,
HND_000290,2011,1,1,,,,0,0,,0,,
HND_006237,2011,1,1,,,,1,0,,1,,
HND_004167,2011,,,,,,,0,,0,,
HND_013749,2011,1,1,,,,0,0,,0,,
HND_015127,2011,1,1,,,,0,0,,0,,
HND_013735,2011,1,1,,,,0,0,,0,,
HND_003276,2011,,,,,,,0,,0,,
HND_011584,2011,,,,,,,0,,0,,
HND_003002,2011,,,,,,,0,,0,,
HND_000917,2011,,,,,,,0,,0,,
HND_000910,2011,,,,,,,0,,0,,
HND_012823,2011,1,1,,,,0,0,,0,,
HND_014930,2011,1,1,,,,0,0,,0,,
HND_006975,2011,,,,,,,0,,0,,
HND_011585,2011,,,,,,,0,,0,,
HND_006963,2011,,,,,,,0,,0,,
HND_003435,2011,1,1,,,,0,0,,0,,
HND_005434,2011,,,,,,,0,,0,,
HND_010166,2011,,,,,,,0,,0,,
HND_005064,2011,,,,,,,0,,0,,
HND_000909,2011,,,,,,,0,,0,,
HND_002411,2011,,,,,,,0,,0,,
HND_007340,2011,,,,,,,0,,0,,
HND_003371,2011,,,,,,,0,,0,,
HND_003316,2011,1,1,,,,0,0,,0,,
HND_006320,2011,1,1,,,,0,0,,0,,
HND_007833,2011,,,,,,,0,,0,,
HND_011224,2011,,,,,,,0,,0,,
HND_001037,2011,1,1,,,,1,0,,1,,
HND_014320,2011,1,1,,,,0,0,,1,,
HND_007371,2011,1,1,,,,1,0,,0,,
HND_010583,2011,1,1,,,,0,0,,0,,
HND_010909,2011,1,1,,,,1,0,,0,,
HND_000101,2011,1,1,,,,0,0,,0,,
HND_013822,2011,1,1,,,,0,0,,0,,
HND_005093,2011,1,1,,,,1,0,,0,,
HND_005490,2011,1,1,,,,0,0,,0,,
HND_007244,2011,1,1,,,,0,0,,0,,
HND_005090,2011,,0,,,,0,0,,0,,
HND_011077,2011,1,1,,,,0,0,,0,,
HND_006625,2011,1,1,,,,0,0,,0,,
HND_006498,2011,1,1,,,,0,0,,0,,
HND_010807,2011,0,0,,,,0,0,,0,,
HND_008384,2011,1,1,,,,0,0,,0,,
HND_002767,2011,,0,,,,0,0,,0,,
HND_008528,2011,1,1,,,,1,0,,0,,
HND_013456,2011,,0,,,,0,0,,0,,
HND_003335,2011,1,0,,,,0,0,,0,,
HND_010582,2011,1,1,,,,1,0,,0,,
HND_005890,2011,1,1,,,,0,0,,0,,
HND_007131,2011,1,0,,,,0,0,,0,,
HND_002732,2011,1,0,,,,0,0,,0,,
HND_002421,2011,1,1,,,,0,0,,0,,
HND_015566,2011,,0,,,,0,0,,0,,
HND_015133,2011,1,1,,,,0,0,,0,,
HND_011062,2011,1,1,,,,0,0,,0,,
HND_015908,2011,1,0,,,,0,0,,0,,
HND_006355,2011,1,1,,,,0,0,,0,,
HND_011523,2011,1,0,,,,0,0,,0,,
HND_015989,2011,1,1,,,,0,0,,0,,
HND_003751,2011,,,,,,,0,,0,,
HND_015576,2011,,,,,,,0,,0,,
HND_009011,2011,1,0,,,,0,0,,0,,
HND_003818,2011,,0,,,,0,0,,0,,
HND_015959,2011,1,0,,,,0,0,,0,,
HND_002031,2011,1,0,,,,0,0,,0,,
HND_005954,2011,1,1,,,,0,0,,0,,
HND_005899,2011,,,,,,,0,,0,,
HND_005023,2011,1,1,,,,1,0,,1,,
HND_005022,2011,1,0,,,,1,0,,0,,
HND_009407,2011,1,1,,,,0,0,,0,,
HND_003170,2011,1,1,,,,1,0,,1,,
HND_002543,2011,,0,,,,0,0,,0,,
HND_008087,2011,1,1,,,,1,0,,0,,
HND_010344,2011,1,1,,,,1,0,,0,,
HND_005018,2011,1,1,,,,1,0,,0,,
HND_007967,2011,1,1,,,,0,0,,0,,
HND_008948,2011,1,1,,,,1,0,,0,,
HND_014206,2011,1,1,,,,0,0,,0,,
HND_008381,2011,1,1,,,,0,0,,0,,
HND_008795,2011,1,1,,,,0,0,,0,,
HND_008458,2011,1,1,,,,1,0,,1,,
HND_008385,2011,1,1,,,,1,0,,0,,
HND_010665,2011,1,1,,,,0,0,,0,,
HND_016697,2011,1,0,,,,1,0,,0,,
HND_013016,2011,1,0,,,,0,0,,0,,
HND_003201,2011,1,1,,,,1,0,,0,,
HND_005389,2011,1,1,,,,0,0,,0,,
HND_015659,2011,1,1,,,,1,0,,0,,
HND_007245,2011,1,1,,,,0,0,,0,,
HND_013853,2011,,0,,,,0,0,,0,,
HND_009083,2011,1,0,,,,0,0,,0,,
HND_001469,2011,1,1,,,,1,0,,0,,
HND_009866,2011,1,0,,,,0,0,,0,,
HND_013797,2011,0,0,,,,1,0,,0,,
HND_000345,2011,1,1,,,,0,0,,0,,
HND_008645,2011,,0,,,,0,0,,0,,
HND_011620,2011,1,1,,,,1,0,,0,,
HND_013269,2011,1,1,,,,1,0,,0,,
HND_013134,2011,1,0,,,,0,0,,0,,
HND_013454,2011,1,0,,,,0,0,,0,,
HND_011517,2011,1,1,,,,0,0,,0,,
HND_003063,2011,1,1,,,,0,0,,0,,
HND_000607,2011,1,1,,,,1,0,,0,,
HND_013841,2011,1,1,,,,1,0,,0,,
HND_006208,2011,1,1,,,,1,0,,0,,
HND_013842,2011,1,1,,,,1,0,,0,,
HND_004511,2011,1,1,,,,1,0,,0,,
HND_005696,2011,1,1,,,,1,0,,0,,
HND_016182,2011,1,1,,,,1,0,,0,,
HND_003029,2011,1,1,,,,0,0,,0,,
HND_001486,2011,1,1,,,,0,0,,0,,
HND_003150,2011,1,1,,,,1,0,,0,,
HND_007487,2011,1,0,,,,0,0,,0,,
HND_002415,2011,1,1,,,,1,0,,0,,
HND_013840,2011,1,1,,,,0,0,,0,,
HND_015059,2011,1,0,,,,1,0,,0,,
HND_010150,2011,,0,,,,0,0,,0,,
HND_016079,2011,,0,,,,0,0,,0,,
HND_016677,2011,1,1,,,,0,0,,0,,
HND_007820,2011,0,0,,,,0,0,,0,,
HND_013045,2011,1,1,,,,1,0,,0,,
HND_002921,2011,,0,,,,0,0,,0,,
HND_002026,2011,,0,,,,1,0,,0,,
HND_008373,2011,1,1,,,,0,0,,0,,
HND_002025,2011,1,1,,,,0,0,,0,,
HND_007475,2011,,0,,,,1,0,,0,,
HND_005658,2011,1,1,,,,1,0,,0,,
HND_005172,2011,,0,,,,0,0,,0,,
HND_002024,2011,,0,,,,0,0,,0,,
HND_004676,2011,1,1,,,,1,0,,0,,
HND_009718,2011,1,0,,,,0,0,,0,,
HND_015787,2011,1,1,,,,0,0,,0,,
HND_010154,2011,1,1,,,,0,0,,0,,
HND_008368,2011,1,1,,,,0,0,,0,,
HND_011522,2011,,0,,,,0,0,,0,,
HND_008576,2011,1,1,,,,1,0,,1,,
HND_007246,2011,1,1,,,,1,0,,0,,
HND_008106,2011,,0,,,,0,0,,0,,
HND_009563,2011,,,,,,,0,,0,,
HND_012993,2011,,,,,,,0,,0,,
HND_004431,2011,,,,,,,0,,0,,
HND_012474,2011,,,,,,,0,,0,,
HND_003021,2011,,,,,,,0,,0,,
HND_002990,2011,,,,,,,0,,0,,
HND_012472,2011,,,,,,,0,,0,,
HND_009345,2011,,,,,,,0,,0,,
HND_016708,2011,,,,,,,0,,0,,
HND_005911,2011,1,1,,,,0,0,,0,,
HND_002419,2011,,0,,,,0,0,,0,,
HND_015395,2011,,0,,,,0,0,,0,,
HND_005910,2011,,0,,,,0,0,,0,,
HND_001487,2011,,,,,,,0,,0,,
HND_000169,2011,1,0,,,,0,0,,0,,
HND_011622,2011,,0,,,,0,0,,0,,
HND_005909,2011,,0,,,,0,0,,0,,
HND_005912,2011,1,1,,,,0,0,,0,,
HND_005181,2011,1,1,,,,1,0,,1,,
HND_004212,2011,1,1,,,,0,0,,0,,
HND_013248,2011,1,1,,,,1,0,,0,,
HND_007069,2011,1,1,,,,1,0,,0,,
HND_007505,2011,1,1,,,,1,0,,0,,
HND_008606,2011,1,1,,,,0,0,,0,,
HND_000640,2011,1,1,,,,1,0,,0,,
HND_015400,2011,1,1,,,,1,0,,0,,
HND_008761,2011,1,1,,,,1,0,,0,,
HND_005195,2011,1,1,,,,1,0,,0,,
HND_002820,2011,1,1,,,,0,0,,0,,
HND_002811,2011,1,1,,,,0,0,,0,,
HND_001464,2011,1,1,,,,0,0,,0,,
HND_013252,2011,1,1,,,,1,0,,0,,
HND_015916,2011,1,1,,,,0,0,,0,,
HND_010645,2011,1,1,,,,0,0,,0,,
HND_015145,2011,1,1,,,,0,0,,0,,
HND_009354,2011,1,1,,,,0,0,,0,,
HND_010083,2011,1,1,,,,0,0,,0,,
HND_007513,2011,1,1,,,,1,0,,0,,
HND_007514,2011,1,1,,,,0,0,,0,,
HND_005931,2011,1,1,,,,1,0,,0,,
HND_002702,2011,1,1,,,,1,0,,0,,
HND_012113,2011,1,1,,,,1,0,,0,,
HND_015763,2011,1,1,,,,1,0,,1,,
HND_015660,2011,1,1,,,,0,0,,0,,
HND_015144,2011,1,1,,,,0,0,,0,,
HND_016460,2011,1,1,,,,1,0,,0,,
HND_012114,2011,1,1,,,,1,0,,0,,
HND_002082,2011,,,,,,,0,,0,,
HND_012185,2011,,,,,,,0,,0,,
HND_009946,2011,,,,,,,0,,0,,
HND_005506,2011,,,,,,,0,,0,,
HND_009470,2011,1,0,,,,1,0,,0,,
HND_011312,2011,1,1,,,,0,0,,0,,
HND_012066,2011,,,,,,,0,,0,,
HND_005126,2011,1,1,,,,1,0,,0,,
HND_008355,2011,1,1,,,,0,0,,0,,
HND_003588,2011,1,1,,,,0,0,,0,,
HND_009364,2011,1,1,,,,1,0,,0,,
HND_013927,2011,1,1,,,,0,0,,0,,
HND_000121,2011,,0,,,,0,0,,0,,
HND_014638,2011,0,0,,,,1,0,,0,,
HND_011036,2011,1,1,,,,1,0,,0,,
HND_009924,2011,1,1,,,,0,0,,0,,
HND_016048,2011,,0,,,,0,0,,0,,
HND_011761,2011,1,1,,,,1,0,,0,,
HND_014389,2011,1,0,,,,1,0,,0,,
HND_000103,2011,1,1,,,,0,0,,0,,
HND_001963,2011,1,1,,,,0,0,,0,,
HND_013450,2011,,0,,,,0,0,,0,,
HND_013869,2011,,0,,,,0,0,,0,,
HND_001053,2011,1,1,,,,1,0,,0,,
HND_005345,2011,1,1,,,,1,0,,0,,
HND_013891,2011,1,1,,,,0,0,,0,,
HND_004235,2011,1,1,,,,0,0,,0,,
HND_010827,2011,0,0,,,,0,0,,0,,
HND_015293,2011,1,1,,,,0,0,,0,,
HND_007496,2011,1,1,,,,0,0,,0,,
HND_015122,2011,1,1,,,,1,0,,0,,
HND_012188,2011,,0,,,,0,0,,0,,
HND_000432,2011,,0,,,,1,0,,0,,
HND_003785,2011,1,1,,,,0,0,,0,,
HND_010235,2011,1,0,,,,1,0,,0,,
HND_005112,2011,1,1,,,,1,0,,1,,
HND_011514,2011,1,0,,,,0,0,,0,,
HND_008014,2011,1,1,,,,1,0,,0,,
HND_001867,2011,1,1,,,,1,0,,0,,
HND_011383,2011,1,0,,,,0,0,,0,,
HND_005953,2011,1,1,,,,0,0,,0,,
HND_009995,2011,1,0,,,,0,0,,0,,
HND_000692,2011,,0,,,,0,0,,0,,
HND_009902,2011,1,1,,,,0,0,,0,,
HND_007901,2011,1,0,,,,0,0,,0,,
HND_001479,2011,,,,,,,0,,0,,
HND_011394,2011,,0,,,,0,0,,0,,
HND_009776,2011,1,0,,,,0,0,,0,,
HND_001831,2011,1,1,,,,0,0,,0,,
HND_003445,2011,1,1,,,,1,0,,1,,
HND_016364,2011,1,1,,,,0,0,,0,,
HND_016557,2011,0,0,,,,1,0,,1,,
HND_002628,2011,1,1,,,,0,0,,0,,
HND_003768,2011,1,1,,,,0,0,,0,,
HND_005679,2011,,0,,,,0,0,,0,,
HND_009786,2011,1,1,,,,0,0,,0,,
HND_010967,2011,1,1,,,,0,0,,0,,
HND_007247,2011,1,1,,,,0,0,,0,,
HND_003547,2011,1,1,,,,0,0,,0,,
HND_000336,2011,1,1,,,,1,0,,1,,
HND_000657,2011,1,1,,,,0,0,,0,,
HND_014278,2011,1,1,,,,0,0,,0,,
HND_001030,2011,1,1,,,,0,0,,0,,
HND_002532,2011,1,1,,,,1,0,,0,,
HND_007966,2011,1,1,,,,0,0,,0,,
HND_005430,2011,1,1,,,,0,0,,0,,
HND_008177,2011,1,0,,,,0,0,,0,,
HND_000851,2011,1,1,,,,0,0,,0,,
HND_005628,2011,1,1,,,,0,0,,0,,
HND_011418,2011,1,1,,,,0,0,,0,,
HND_002706,2011,1,1,,,,0,0,,0,,
HND_009301,2011,1,1,,,,0,0,,0,,
HND_003496,2011,1,1,,,,0,0,,0,,
HND_009458,2011,1,1,,,,0,0,,0,,
HND_013868,2011,,0,,,,0,0,,0,,
HND_011619,2011,1,1,,,,0,0,,0,,
HND_014645,2011,1,1,,,,0,0,,0,,
HND_010495,2011,1,1,,,,0,0,,0,,
HND_005134,2011,1,1,,,,0,0,,0,,
HND_014543,2011,1,1,,,,0,0,,0,,
HND_003229,2011,1,1,,,,1,0,,0,,
HND_012260,2011,1,0,,,,0,0,,0,,
HND_015425,2011,1,1,,,,0,0,,0,,
HND_015374,2011,1,1,,,,0,0,,0,,
HND_001203,2011,1,1,,,,0,0,,0,,
HND_013095,2011,1,1,,,,0,0,,0,,
HND_011972,2011,1,1,,,,1,0,,1,,
HND_004594,2011,1,1,,,,0,0,,0,,
HND_011377,2011,1,1,,,,0,0,,0,,
HND_015149,2011,1,1,,,,0,0,,0,,
HND_000558,2011,1,1,,,,0,0,,0,,
HND_003494,2011,,,,,,,0,,0,,
HND_006206,2011,1,1,,,,1,0,,0,,
HND_002710,2011,,,,,,,0,,0,,
HND_011441,2011,1,1,,,,1,0,,0,,
HND_015426,2011,1,1,,,,1,0,,0,,
HND_013773,2011,,,,,,,0,,0,,
HND_008268,2011,,,,,,,0,,0,,
HND_002793,2011,,,,,,,0,,0,,
HND_011534,2011,1,1,,,,0,0,,0,,
HND_007073,2011,1,1,,,,1,0,,1,,
HND_009640,2011,1,1,,,,0,0,,0,,
HND_002418,2011,1,1,,,,0,0,,0,,
HND_008887,2011,1,1,,,,0,0,,0,,
HND_016454,2011,1,1,,,,0,0,,0,,
HND_002172,2011,1,1,,,,0,0,,0,,
HND_011261,2011,1,1,,,,1,0,,0,,
HND_010149,2011,,0,,,,0,0,,0,,
HND_004615,2011,,0,,,,0,0,,0,,
HND_001309,2011,1,1,,,,1,0,,0,,
HND_012982,2011,1,1,,,,0,0,,0,,
HND_007956,2011,1,1,,,,0,0,,0,,
HND_012383,2011,1,0,,,,0,0,,0,,
HND_000182,2011,,0,,,,0,0,,0,,
HND_003813,2011,1,1,,,,0,0,,0,,
HND_008276,2011,1,1,,,,0,0,,0,,
HND_001518,2011,,0,,,,0,0,,0,,
HND_000327,2011,,0,,,,0,0,,0,,
HND_011026,2011,1,1,,,,0,0,,0,,
HND_012807,2011,1,0,,,,0,0,,0,,
HND_012983,2011,1,1,,,,0,0,,0,,
HND_006007,2011,,,,,,,0,,0,,
HND_015891,2011,,,,,,,0,,0,,
HND_005283,2011,1,1,,,,1,0,,1,,
HND_014379,2011,1,1,,,,0,0,,0,,
HND_001008,2011,1,1,,,,0,0,,0,,
HND_013515,2011,1,1,,,,1,0,,0,,
HND_010782,2011,1,1,,,,0,0,,0,,
HND_002593,2011,1,1,,,,0,0,,0,,
HND_011741,2011,1,1,,,,0,0,,0,,
HND_006935,2011,1,1,,,,1,0,,0,,
HND_016260,2011,1,1,,,,1,0,,1,,
HND_000947,2011,1,1,,,,0,0,,0,,
HND_001852,2011,1,0,,,,0,0,,0,,
HND_015866,2011,1,1,,,,0,0,,0,,
HND_002338,2011,,0,,,,1,0,,0,,
HND_000608,2011,,0,,,,0,0,,0,,
HND_001949,2011,1,1,,,,1,0,,0,,
HND_007854,2011,,0,,,,0,0,,0,,
HND_010098,2011,,,,,,,0,,0,,
HND_012949,2011,1,0,,,,0,0,,0,,
HND_015960,2011,0,0,,,,0,0,,0,,
HND_015941,2011,1,1,,,,0,0,,0,,
HND_012948,2011,1,0,,,,0,0,,0,,
HND_015723,2011,,,,,,,0,,0,,
HND_003674,2011,,,,,,,0,,0,,
HND_014121,2011,1,1,,,,0,0,,0,,
HND_007895,2011,1,1,,,,0,0,,0,,
HND_006190,2011,,,,,,,0,,0,,
HND_000830,2011,1,1,,,,1,0,,0,,
HND_007965,2011,1,1,,,,1,0,,1,,
HND_010993,2011,1,1,,,,1,0,,0,,
HND_000225,2011,1,0,,,,0,0,,0,,
HND_007075,2011,1,1,,,,1,0,,0,,
HND_005435,2011,1,1,,,,1,0,,0,,
HND_005091,2011,1,1,,,,0,0,,0,,
HND_008614,2011,1,1,,,,0,0,,0,,
HND_000026,2011,1,1,,,,1,0,,0,,
HND_014232,2011,1,1,,,,1,0,,0,,
HND_009630,2011,,0,,,,0,0,,0,,
HND_000125,2011,1,0,,,,0,0,,0,,
HND_002336,2011,1,1,,,,0,0,,0,,
HND_016559,2011,1,1,,,,1,0,,0,,
HND_007435,2011,1,1,,,,0,0,,0,,
HND_001212,2011,1,1,,,,1,0,,0,,
HND_004329,2011,1,1,,,,1,0,,0,,
HND_006629,2011,1,1,,,,0,0,,0,,
HND_000014,2011,,0,,,,0,0,,0,,
HND_004274,2011,1,0,,,,0,0,,0,,
HND_011728,2011,1,1,,,,0,0,,0,,
HND_016422,2011,,0,,,,0,0,,0,,
HND_006279,2011,1,1,,,,1,0,,1,,
HND_009713,2011,1,1,,,,0,0,,0,,
HND_002047,2011,1,1,,,,0,0,,0,,
HND_000254,2011,1,0,,,,0,0,,0,,
HND_015085,2011,,,,,,,0,,0,,
HND_012409,2011,,,,,,,0,,0,,
HND_002440,2011,1,0,,,,0,0,,0,,
HND_011311,2011,,0,,,,1,0,,0,,
HND_015167,2011,1,1,,,,0,0,,0,,
HND_001488,2011,,,,,,,0,,0,,
HND_014527,2011,,,,,,,0,,0,,
HND_009900,2011,1,1,,,,1,0,,0,,
HND_001049,2011,1,1,,,,0,0,,0,,
HND_013962,2011,1,0,,,,0,0,,0,,
HND_011382,2011,0,0,,,,0,0,,0,,
HND_013243,2011,1,1,,,,1,0,,1,,
HND_008623,2011,1,1,,,,1,0,,0,,
HND_009018,2011,1,1,,,,0,0,,0,,
HND_011155,2011,1,1,,,,1,0,,0,,
HND_004661,2011,1,1,,,,0,0,,0,,
HND_007474,2011,1,1,,,,1,0,,1,,
HND_007477,2011,1,1,,,,1,0,,0,,
HND_005425,2011,1,1,,,,1,0,,0,,
HND_009042,2011,1,1,,,,1,0,,0,,
HND_010597,2011,1,1,,,,1,0,,0,,
HND_016633,2011,1,1,,,,1,0,,0,,
HND_005153,2011,1,1,,,,1,0,,0,,
HND_010368,2011,1,1,,,,0,0,,0,,
HND_014993,2011,1,1,,,,1,0,,0,,
HND_011750,2011,1,1,,,,1,0,,0,,
HND_007488,2011,1,1,,,,1,0,,0,,
HND_004662,2011,1,1,,,,0,0,,0,,
HND_008836,2011,1,1,,,,0,0,,0,,
HND_010584,2011,1,1,,,,0,0,,0,,
HND_005436,2011,1,1,,,,0,0,,0,,
HND_010742,2011,1,1,,,,0,0,,0,,
HND_008726,2011,1,1,,,,0,0,,0,,
HND_013000,2011,1,1,,,,1,0,,0,,
HND_011516,2011,1,1,,,,0,0,,0,,
HND_008190,2011,1,1,,,,1,0,,0,,
HND_000667,2011,1,1,,,,1,0,,0,,
HND_000796,2011,1,1,,,,1,0,,0,,
HND_009685,2011,1,1,,,,0,0,,0,,
HND_000448,2011,1,1,,,,0,0,,0,,
HND_000926,2011,1,1,,,,0,0,,0,,
HND_010898,2011,1,1,,,,1,0,,0,,
HND_000016,2011,1,1,,,,0,0,,0,,
HND_011519,2011,1,1,,,,1,0,,0,,
HND_005946,2011,1,1,,,,1,0,,0,,
HND_015714,2011,1,1,,,,1,0,,0,,
HND_011342,2011,1,1,,,,1,0,,0,,
HND_015870,2011,1,1,,,,1,0,,1,,
HND_006485,2011,1,1,,,,1,0,,0,,
HND_006626,2011,1,1,,,,1,0,,0,,
HND_014385,2011,1,0,,,,0,0,,0,,
HND_011350,2011,1,1,,,,0,0,,0,,
HND_001447,2011,1,1,,,,0,0,,0,,
HND_005409,2011,1,1,,,,0,0,,0,,
HND_014132,2011,1,1,,,,0,0,,0,,
HND_000906,2011,,,,,,,0,,0,,
HND_014213,2011,1,1,,,,0,0,,0,,
HND_014133,2011,1,1,,,,0,0,,0,,
HND_005639,2011,1,1,,,,1,0,,0,,
HND_012280,2011,,,,,,,0,,0,,
HND_000942,2011,,,,,,,0,,0,,
HND_014524,2011,,,,,,,0,,0,,
HND_013051,2011,,,,,,,0,,0,,
HND_011351,2011,1,1,,,,1,0,,0,,
HND_005638,2011,1,1,,,,0,0,,0,,
HND_007007,2011,1,1,,,,0,0,,0,,
HND_016162,2011,,,,,,,0,,0,,
HND_004449,2011,,,,,,,0,,0,,
HND_005637,2011,,,,,,,0,,0,,
HND_006958,2011,,,,,,,0,,0,,
HND_011384,2011,1,1,,,,0,0,,0,,
HND_005636,2011,0,0,,,,0,0,,0,,
HND_014883,2011,1,1,,,,1,0,,1,,
HND_001039,2011,1,1,,,,0,0,,0,,
HND_007391,2011,1,1,,,,0,0,,0,,
HND_004259,2011,1,1,,,,1,0,,0,,
HND_014731,2011,1,1,,,,1,0,,1,,
HND_016201,2011,1,1,,,,1,0,,0,,
HND_010955,2011,1,1,,,,0,0,,0,,
HND_005165,2011,1,1,,,,0,0,,0,,
HND_010969,2011,1,1,,,,1,0,,0,,
HND_000973,2011,1,1,,,,1,0,,0,,
HND_006224,2011,1,1,,,,0,0,,0,,
HND_001754,2011,1,1,,,,1,0,,1,,
HND_002119,2011,1,1,,,,1,0,,1,,
HND_013049,2011,1,1,,,,0,0,,0,,
HND_015342,2011,1,1,,,,0,0,,0,,
HND_005511,2011,,,,,,,0,,0,,
HND_012270,2011,,,,,,,0,,0,,
HND_000908,2011,,,,,,,0,,0,,
HND_015986,2011,,,,,,,0,,0,,
HND_016706,2011,,,,,,,0,,0,,
HND_003262,2011,,,,,,,0,,0,,
HND_000966,2011,,,,,,,0,,0,,
HND_003018,2011,,,,,,,0,,0,,
HND_001740,2011,,,,,,,0,,0,,
HND_000911,2011,,,,,,,0,,0,,
HND_015792,2011,,,,,,,0,,0,,
HND_005008,2011,1,1,,,,1,0,,1,,
HND_011747,2011,1,1,,,,0,0,,0,,
HND_002802,2011,1,1,,,,1,0,,0,,
HND_000648,2011,1,1,,,,0,0,,0,,
HND_002809,2011,1,1,,,,1,0,,0,,
HND_013872,2011,1,1,,,,0,0,,0,,
HND_000934,2011,1,1,,,,1,0,,0,,
HND_013865,2011,1,1,,,,0,0,,0,,
HND_010912,2011,1,1,,,,0,0,,0,,
HND_000136,2011,1,1,,,,1,0,,0,,
HND_000861,2011,1,1,,,,1,0,,0,,
HND_005461,2011,1,1,,,,1,0,,0,,
HND_010690,2011,1,1,,,,1,0,,0,,
HND_010407,2011,,0,,,,0,0,,0,,
HND_004272,2011,1,1,,,,1,0,,1,,
HND_004526,2011,,0,,,,0,0,,0,,
HND_004393,2011,1,1,,,,1,0,,0,,
HND_009802,2011,,0,,,,1,0,,0,,
HND_010957,2011,1,1,,,,1,0,,0,,
HND_013864,2011,,0,,,,0,0,,0,,
HND_002756,2011,1,1,,,,0,0,,0,,
HND_007255,2011,1,1,,,,0,0,,0,,
HND_007249,2011,1,1,,,,1,0,,1,,
HND_011467,2011,1,1,,,,0,0,,0,,
HND_008664,2011,1,1,,,,0,0,,0,,
HND_013334,2011,1,1,,,,1,0,,0,,
HND_000053,2011,1,1,,,,1,0,,0,,
HND_005838,2011,1,0,,,,0,0,,0,,
HND_011964,2011,1,1,,,,0,0,,0,,
HND_008408,2011,1,1,,,,1,0,,0,,
HND_014374,2011,1,1,,,,0,0,,0,,
HND_003729,2011,1,1,,,,0,0,,0,,
HND_013351,2011,1,1,,,,0,0,,0,,
HND_000024,2011,1,1,,,,0,0,,0,,
HND_007697,2011,1,1,,,,0,0,,0,,
HND_003180,2011,1,1,,,,1,0,,0,,
HND_014248,2011,1,1,,,,1,0,,0,,
HND_015502,2011,1,1,,,,0,0,,0,,
HND_007693,2011,1,1,,,,0,0,,0,,
HND_002746,2011,1,0,,,,0,0,,0,,
HND_012411,2011,1,1,,,,0,0,,0,,
HND_013786,2011,1,1,,,,0,0,,0,,
HND_009863,2011,0,0,,,,0,0,,0,,
HND_011913,2011,1,1,,,,1,0,,1,,
HND_003760,2011,1,1,,,,0,0,,0,,
HND_007109,2011,1,1,,,,1,0,,0,,
HND_004536,2011,1,1,,,,0,0,,0,,
HND_012817,2011,1,1,,,,0,0,,0,,
HND_014531,2011,1,1,,,,0,0,,0,,
HND_012372,2011,1,1,,,,0,0,,0,,
HND_012819,2011,1,1,,,,0,0,,0,,
HND_011575,2011,1,1,,,,0,0,,0,,
HND_015679,2011,1,1,,,,1,0,,1,,
HND_013296,2011,1,1,,,,1,0,,0,,
HND_002420,2011,1,1,,,,1,0,,0,,
HND_003562,2011,1,1,,,,1,0,,0,,
HND_006667,2011,1,1,,,,0,0,,0,,
HND_006636,2011,1,1,,,,0,0,,0,,
HND_006528,2011,1,1,,,,0,0,,0,,
HND_006645,2011,1,1,,,,0,0,,0,,
HND_006685,2011,1,1,,,,0,0,,0,,
HND_006650,2011,1,1,,,,1,0,,0,,
HND_007312,2011,1,1,,,,1,0,,0,,
HND_002442,2011,1,1,,,,0,0,,0,,
HND_013218,2011,1,1,,,,0,0,,0,,
HND_007682,2011,1,1,,,,0,0,,0,,
HND_002773,2011,1,1,,,,0,0,,0,,
HND_002274,2011,1,1,,,,0,0,,0,,
HND_011943,2011,1,1,,,,0,0,,0,,
HND_000697,2011,1,1,,,,0,0,,0,,
HND_010324,2011,,0,,,,0,0,,0,,
HND_014079,2011,1,0,,,,0,0,,0,,
HND_010325,2011,,,,,,,0,,0,,
HND_000372,2011,,,,,,,0,,0,,
HND_012485,2011,1,1,,,,0,0,,0,,
HND_006138,2011,,,,,,,0,,0,,
HND_001582,2011,,,,,,,0,,0,,
HND_005645,2011,,,,,,,0,,0,,
HND_002373,2011,1,1,,,,0,0,,0,,
HND_016020,2011,1,1,,,,0,0,,0,,
HND_005406,2011,,0,,,,0,0,,0,,
HND_012843,2011,1,0,,,,0,0,,0,,
HND_007891,2011,0,0,,,,0,0,,0,,
HND_014412,2011,,,,,,,0,,0,,
HND_013295,2011,,,,,,,0,,0,,
HND_013047,2011,,,,,,,0,,0,,
HND_013034,2011,,,,,,,0,,0,,
HND_003497,2011,,,,,,,0,,0,,
HND_012057,2011,,,,,,,0,,0,,
HND_012028,2011,,,,,,,0,,0,,
HND_005970,2011,,,,,,,0,,0,,
HND_003022,2011,,,,,,,0,,0,,
HND_002374,2011,,,,,,,0,,0,,
HND_001112,2011,,,,,,,0,,0,,
HND_001002,2011,,,,,,,0,,0,,
HND_012522,2011,1,1,,,,1,0,,0,,
HND_011733,2011,1,1,,,,1,0,,0,,
HND_000295,2011,,,,,,,0,,0,,
HND_008471,2011,,,,,,,0,,0,,
HND_016019,2011,,0,,,,0,0,,0,,
HND_000975,2011,,,,,,,0,,0,,
HND_002136,2011,,,,,,,0,,0,,
HND_000555,2011,,,,,,,0,,0,,
HND_000556,2011,1,1,,,,0,0,,0,,
HND_002672,2011,,,,,,,0,,0,,
HND_000554,2011,,,,,,,0,,0,,
HND_005501,2011,,,,,,,0,,0,,
HND_005244,2011,,,,,,,0,,0,,
HND_009348,2011,,,,,,,0,,0,,
HND_005245,2011,0,0,,,,0,0,,0,,
HND_001904,2011,1,1,,,,0,0,,0,,
HND_005210,2011,1,1,,,,0,0,,0,,
HND_003048,2011,1,1,,,,1,0,,1,,
HND_002770,2011,1,1,,,,1,0,,1,,
HND_010360,2011,1,1,,,,1,0,,0,,
HND_002719,2011,1,0,,,,0,0,,0,,
HND_013272,2011,1,1,,,,0,0,,0,,
HND_007702,2011,0,0,,,,0,0,,0,,
HND_007699,2011,1,1,,,,0,0,,0,,
HND_012961,2011,1,1,,,,1,0,,1,,
HND_015199,2011,1,0,,,,0,0,,0,,
HND_013273,2011,1,1,,,,1,0,,0,,
HND_012433,2011,1,1,,,,1,0,,0,,
HND_003235,2011,1,1,,,,0,0,,0,,
HND_015470,2011,1,1,,,,1,0,,0,,
HND_005485,2011,1,1,,,,1,0,,1,,
HND_002758,2011,1,1,,,,0,0,,0,,
HND_000907,2011,,,,,,,0,,0,,
HND_013680,2011,,,,,,,0,,0,,
HND_005657,2011,,,,,,,0,,0,,
HND_002745,2011,1,1,,,,1,0,,1,,
HND_007674,2011,1,1,,,,1,0,,1,,
HND_005282,2011,1,1,,,,1,0,,0,,
HND_015274,2011,,0,,,,0,0,,0,,
HND_011521,2011,1,1,,,,1,0,,0,,
HND_008463,2011,1,1,,,,0,0,,0,,
HND_004120,2011,1,1,,,,1,0,,1,,
HND_014140,2011,1,1,,,,1,0,,0,,
HND_002751,2011,1,1,,,,0,0,,0,,
HND_005249,2011,1,1,,,,0,0,,0,,
HND_010606,2011,1,1,,,,1,0,,0,,
HND_000639,2011,1,1,,,,0,0,,0,,
HND_007676,2011,1,1,,,,1,0,,0,,
HND_011037,2011,1,1,,,,1,0,,0,,
HND_000353,2011,1,1,,,,0,0,,0,,
HND_011763,2011,1,1,,,,0,0,,0,,
HND_005256,2011,1,0,,,,1,0,,0,,
HND_000333,2011,1,1,,,,1,0,,0,,
HND_005258,2011,1,1,,,,1,0,,0,,
HND_007078,2011,,0,,,,0,0,,0,,
HND_014369,2011,1,0,,,,0,0,,0,,
HND_011760,2011,,0,,,,0,0,,0,,
HND_004527,2011,1,1,,,,1,0,,0,,
HND_005265,2011,1,1,,,,0,0,,0,,
HND_009734,2011,1,1,,,,0,0,,0,,
HND_002801,2011,1,1,,,,0,0,,0,,
HND_013208,2011,1,1,,,,0,0,,0,,
HND_004087,2011,1,1,,,,0,0,,0,,
HND_015226,2011,1,1,,,,0,0,,0,,
HND_014358,2011,1,1,,,,1,0,,0,,
HND_007887,2011,1,1,,,,1,0,,0,,
HND_001168,2011,1,1,,,,0,0,,0,,
HND_006329,2011,1,1,,,,0,0,,0,,
HND_014185,2011,1,1,,,,0,0,,0,,
HND_005427,2011,1,1,,,,0,0,,0,,
HND_014540,2011,1,1,,,,0,0,,0,,
HND_000075,2011,,0,,,,0,0,,0,,
HND_000656,2011,1,1,,,,0,0,,0,,
HND_001470,2011,1,1,,,,0,0,,0,,
HND_014693,2011,1,1,,,,0,0,,0,,
HND_003062,2011,1,1,,,,1,0,,1,,
HND_013050,2011,1,1,,,,1,0,,0,,
HND_000531,2011,1,1,,,,1,0,,0,,
HND_009111,2011,1,1,,,,1,0,,0,,
HND_012362,2011,1,1,,,,1,0,,0,,
HND_005519,2011,1,1,,,,0,0,,0,,
HND_012868,2011,1,1,,,,1,0,,0,,
HND_012867,2011,1,1,,,,0,0,,0,,
HND_012891,2011,1,1,,,,0,0,,0,,
HND_013682,2011,1,1,,,,1,0,,0,,
HND_006294,2011,1,1,,,,1,0,,1,,
HND_013392,2011,1,1,,,,1,0,,1,,
HND_009152,2011,1,1,,,,1,0,,0,,
HND_012369,2011,1,1,,,,0,0,,0,,
HND_006825,2011,1,1,,,,0,0,,0,,
HND_012109,2011,1,1,,,,1,0,,0,,
HND_012146,2011,1,1,,,,0,0,,0,,
HND_013053,2011,,,,,,,0,,0,,
HND_012064,2011,,,,,,,0,,0,,
HND_001851,2011,1,1,,,,1,0,,0,,
HND_016490,2011,,,,,,,0,,0,,
HND_011223,2011,,,,,,,0,,0,,
HND_003334,2011,,,,,,,0,,0,,
HND_012717,2011,,,,,,,0,,0,,
HND_012475,2011,,,,,,,0,,0,,
HND_012391,2011,,,,,,,0,,0,,
HND_001465,2011,0,0,,,,0,0,,0,,
HND_010417,2011,1,1,,,,0,0,,0,,
HND_004326,2011,,,,,,,0,,0,,
HND_001502,2011,1,1,,,,1,0,,1,,
HND_013683,2011,1,1,,,,1,0,,0,,
HND_002446,2011,1,0,,,,1,0,,1,,
HND_012230,2011,1,0,,,,1,0,,0,,
HND_008075,2011,1,1,,,,1,0,,0,,
HND_014410,2011,1,1,,,,1,0,,1,,
HND_009780,2011,1,1,,,,1,0,,1,,
HND_002437,2011,1,1,,,,1,0,,0,,
HND_011241,2011,1,1,,,,1,0,,0,,
HND_001875,2011,1,1,,,,1,0,,0,,
HND_002067,2011,1,1,,,,1,0,,0,,
HND_012461,2011,1,1,,,,1,0,,1,,
HND_016631,2011,1,1,,,,1,0,,1,,
HND_007689,2011,1,1,,,,1,0,,1,,
HND_002663,2011,,,,,,,0,,0,,
HND_002444,2011,1,1,,,,1,0,,0,,
HND_011711,2011,1,1,,,,1,0,,0,,
HND_001029,2011,1,1,,,,1,0,,0,,
HND_011096,2011,1,1,,,,1,0,,1,,
HND_008439,2011,1,1,,,,1,0,,0,,
HND_013343,2011,1,1,,,,0,0,,0,,
HND_004800,2011,1,1,,,,1,0,,0,,
HND_008298,2011,1,1,,,,0,0,,0,,
HND_008791,2011,1,1,,,,0,0,,0,,
HND_011774,2011,1,1,,,,1,0,,0,,
HND_000642,2011,1,1,,,,0,0,,0,,
HND_009393,2011,1,1,,,,0,0,,0,,
HND_004804,2011,1,1,,,,1,0,,0,,
HND_010666,2011,1,1,,,,0,0,,0,,
HND_000798,2011,1,1,,,,1,0,,0,,
HND_014348,2011,1,1,,,,0,0,,0,,
HND_007691,2011,1,1,,,,1,0,,0,,
HND_008788,2011,1,1,,,,1,0,,0,,
HND_010818,2011,1,1,,,,0,0,,0,,
HND_003775,2011,1,1,,,,0,0,,0,,
HND_001468,2011,,0,,,,1,0,,0,,
HND_002029,2011,1,1,,,,1,0,,0,,
HND_013152,2011,1,1,,,,1,0,,0,,
HND_012800,2011,1,1,,,,0,0,,0,,
HND_013268,2011,1,1,,,,1,0,,0,,
HND_006233,2011,1,1,,,,1,0,,1,,
HND_004748,2011,1,0,,,,0,0,,0,,
HND_007698,2011,1,1,,,,1,0,,1,,
HND_008015,2011,1,1,,,,0,0,,0,,
HND_007751,2011,1,1,,,,1,0,,1,,
HND_011992,2011,0,0,,,,0,0,,0,,
HND_010350,2011,1,1,,,,0,0,,0,,
HND_002883,2011,1,1,,,,0,0,,0,,
HND_008303,2011,1,1,,,,0,0,,0,,
HND_009037,2011,1,1,,,,0,0,,0,,
HND_005465,2011,1,1,,,,1,0,,0,,
HND_015603,2011,1,1,,,,0,0,,0,,
HND_014393,2011,0,0,,,,0,0,,0,,
HND_000638,2011,1,1,,,,0,0,,0,,
HND_007251,2011,1,1,,,,0,0,,0,,
HND_004758,2011,1,1,,,,0,0,,0,,
HND_014302,2011,1,1,,,,1,0,,0,,
HND_009039,2011,1,1,,,,0,0,,0,,
HND_010945,2011,1,1,,,,0,0,,0,,
HND_000355,2011,1,1,,,,0,0,,0,,
HND_006009,2011,1,1,,,,0,0,,0,,
HND_000663,2011,1,1,,,,1,0,,0,,
HND_011216,2011,1,1,,,,0,0,,0,,
HND_008307,2011,1,1,,,,0,0,,0,,
HND_009809,2011,1,1,,,,0,0,,0,,
HND_016579,2011,1,1,,,,1,0,,0,,
HND_000660,2011,1,0,,,,0,0,,0,,
HND_001993,2011,,0,,,,0,0,,0,,
HND_002166,2011,1,1,,,,0,0,,0,,
HND_013099,2011,1,1,,,,1,0,,0,,
HND_001540,2011,1,1,,,,1,0,,0,,
HND_005625,2011,1,1,,,,1,0,,0,,
HND_001899,2011,1,1,,,,1,0,,0,,
HND_012210,2011,1,1,,,,1,0,,1,,
HND_014356,2011,,0,,,,0,0,,0,,
HND_004506,2011,1,1,,,,0,0,,0,,
HND_001968,2011,1,1,,,,0,0,,0,,
HND_004663,2011,1,1,,,,0,0,,0,,
HND_000396,2011,1,1,,,,0,0,,0,,
HND_000341,2011,1,1,,,,1,0,,0,,
HND_014292,2011,,0,,,,0,0,,0,,
HND_006955,2011,1,1,,,,1,0,,0,,
HND_005422,2011,1,1,,,,0,0,,0,,
HND_004714,2011,0,0,,,,0,0,,0,,
HND_002048,2011,1,0,,,,0,0,,0,,
HND_005659,2011,1,1,,,,0,0,,0,,
HND_001768,2011,1,1,,,,0,0,,0,,
HND_010003,2011,1,1,,,,0,0,,0,,
HND_010007,2011,1,1,,,,0,0,,0,,
HND_004658,2011,1,1,,,,0,0,,0,,
HND_004657,2011,,,,,,,0,,0,,
HND_011287,2011,,,,,,,0,,0,,
HND_004937,2011,,0,,,,0,0,,0,,
HND_008223,2011,1,1,,,,0,0,,0,,
HND_010307,2011,1,1,,,,0,0,,0,,
HND_016339,2011,,0,,,,0,0,,0,,
HND_004505,2011,0,0,,,,0,0,,0,,
HND_005685,2011,,,,,,,0,,0,,
HND_015972,2011,,,,,,,0,,0,,
HND_016117,2011,1,1,,,,0,0,,0,,
HND_016238,2011,1,1,,,,0,0,,0,,
HND_016578,2011,1,1,,,,0,0,,0,,
HND_012281,2011,1,0,,,,0,0,,0,,
HND_000571,2011,1,1,,,,0,0,,0,,
HND_003270,2011,1,1,,,,1,0,,0,,
HND_010276,2011,1,1,,,,0,0,,0,,
HND_006192,2011,1,1,,,,0,0,,0,,
HND_012128,2011,1,1,,,,0,0,,0,,
HND_006932,2011,1,1,,,,0,0,,0,,
HND_012702,2011,1,1,,,,0,0,,0,,
HND_009938,2011,,,,,,,0,,0,,
HND_012135,2011,,,,,,,0,,0,,
HND_000852,2011,1,1,,,,0,0,,0,,
HND_007756,2011,1,1,,,,1,0,,0,,
HND_010617,2011,1,1,,,,1,0,,0,,
HND_008530,2011,1,1,,,,0,0,,0,,
HND_008304,2011,1,1,,,,1,0,,1,,
HND_000036,2011,1,1,,,,0,0,,0,,
HND_013491,2011,1,1,,,,1,0,,1,,
HND_004919,2011,1,1,,,,0,0,,0,,
HND_008173,2011,1,1,,,,0,0,,0,,
HND_004922,2011,1,0,,,,0,0,,0,,
HND_007736,2011,1,1,,,,1,0,,1,,
HND_000781,2011,1,1,,,,1,0,,0,,
HND_009778,2011,1,1,,,,0,0,,0,,
HND_002905,2011,1,1,,,,0,0,,0,,
HND_004992,2011,,0,,,,0,0,,0,,
HND_009745,2011,1,1,,,,1,0,,0,,
HND_001385,2011,1,1,,,,0,0,,0,,
HND_007669,2011,1,1,,,,1,0,,1,,
HND_000135,2011,1,1,,,,0,0,,0,,
HND_009670,2011,0,0,,,,0,0,,0,,
HND_002175,2011,1,1,,,,1,0,,0,,
HND_009681,2011,1,1,,,,1,0,,0,,
HND_013537,2011,1,1,,,,1,0,,0,,
HND_005449,2011,1,1,,,,0,0,,0,,
HND_008171,2011,1,1,,,,1,0,,0,,
HND_010496,2011,1,1,,,,1,0,,0,,
HND_010996,2011,1,1,,,,1,0,,1,,
HND_007568,2011,1,1,,,,1,0,,0,,
HND_013948,2011,1,1,,,,1,0,,0,,
HND_013203,2011,1,1,,,,1,0,,0,,
HND_000010,2011,1,1,,,,0,0,,0,,
HND_004955,2011,0,0,,,,0,0,,0,,
HND_002898,2011,1,1,,,,0,0,,0,,
HND_000217,2011,,0,,,,0,0,,0,,
HND_005471,2011,,0,,,,0,0,,0,,
HND_014944,2011,,0,,,,0,0,,0,,
HND_008727,2011,0,0,,,,0,0,,0,,
HND_004839,2011,1,1,,,,0,0,,0,,
HND_000044,2011,1,1,,,,0,0,,0,,
HND_013354,2011,1,1,,,,0,0,,0,,
HND_013938,2011,1,1,,,,1,0,,1,,
HND_000209,2011,0,0,,,,0,0,,0,,
HND_000330,2011,1,1,,,,0,0,,0,,
HND_008538,2011,1,1,,,,1,0,,0,,
HND_011781,2011,1,1,,,,1,0,,1,,
HND_014335,2011,,0,,,,0,0,,0,,
HND_008543,2011,,0,,,,0,0,,0,,
HND_004848,2011,1,1,,,,1,0,,1,,
HND_009014,2011,1,1,,,,0,0,,0,,
HND_013833,2011,1,1,,,,0,0,,0,,
HND_013032,2011,1,1,,,,1,0,,0,,
HND_014315,2011,1,1,,,,1,0,,0,,
HND_006043,2011,1,1,,,,1,0,,0,,
HND_007557,2011,0,0,,,,0,0,,0,,
HND_008547,2011,1,1,,,,0,0,,0,,
HND_004517,2011,1,1,,,,0,0,,0,,
HND_011688,2011,1,0,,,,1,0,,0,,
HND_012024,2011,1,1,,,,0,0,,0,,
HND_009674,2011,0,0,,,,0,0,,0,,
HND_014088,2011,0,0,,,,0,0,,0,,
HND_012416,2011,1,1,,,,0,0,,0,,
HND_004815,2011,1,0,,,,0,0,,0,,
HND_015407,2011,0,0,,,,0,0,,0,,
HND_003614,2011,1,0,,,,0,0,,0,,
HND_015330,2011,0,0,,,,0,0,,0,,
HND_003942,2011,0,0,,,,0,0,,0,,
HND_006292,2011,1,1,,,,1,0,,1,,
HND_006278,2011,1,1,,,,1,0,,1,,
HND_007775,2011,1,0,,,,0,0,,0,,
HND_014891,2011,0,0,,,,0,0,,0,,
HND_001862,2011,0,0,,,,0,0,,0,,
HND_000347,2011,0,0,,,,0,0,,0,,
HND_000380,2011,0,0,,,,0,0,,0,,
HND_000362,2011,1,1,,,,0,0,,0,,
HND_008332,2011,,0,,,,0,0,,0,,
HND_001723,2011,1,0,,,,0,0,,0,,
HND_008981,2011,1,0,,,,0,0,,0,,
HND_002841,2011,1,0,,,,0,0,,0,,
HND_007586,2011,,0,,,,0,0,,0,,
HND_012672,2011,,,,,,,0,,0,,
HND_010420,2011,0,0,,,,0,0,,0,,
HND_015294,2011,0,0,,,,0,0,,0,,
HND_005420,2011,0,0,,,,0,0,,0,,
HND_000034,2011,,0,,,,0,0,,0,,
HND_004886,2011,1,0,,,,0,0,,0,,
HND_008537,2011,0,0,,,,0,0,,0,,
HND_007585,2011,1,0,,,,0,0,,0,,
HND_012683,2011,,,,,,,0,,0,,
HND_015969,2011,,,,,,,0,,0,,
HND_010453,2011,,,,,,,0,,0,,
HND_007102,2011,1,1,,,,0,0,,0,,
HND_001790,2011,,,,,,,0,,0,,
HND_000037,2011,1,0,,,,0,0,,0,,
HND_014500,2011,1,1,,,,0,0,,0,,
HND_008507,2011,1,1,,,,0,0,,0,,
HND_014330,2011,1,0,,,,0,0,,0,,
HND_013117,2011,,,,,,,0,,0,,
HND_010106,2011,,,,,,,0,,0,,
HND_005343,2011,1,0,,,,0,0,,0,,
HND_015970,2011,,,,,,,0,,0,,
HND_000658,2011,,0,,,,0,0,,0,,
HND_001406,2011,1,1,,,,0,0,,0,,
HND_008512,2011,0,0,,,,0,0,,0,,
HND_004882,2011,1,0,,,,0,0,,0,,
HND_015201,2011,,0,,,,0,0,,0,,
HND_011016,2011,1,1,,,,0,0,,0,,
HND_000918,2011,,,,,,,0,,0,,
HND_013944,2011,1,1,,,,0,0,,0,,
HND_012405,2011,,,,,,,0,,0,,
HND_001860,2011,,,,,,,0,,0,,
HND_014462,2011,,,,,,,0,,0,,
HND_006726,2011,,,,,,,0,,0,,
HND_005933,2011,1,1,,,,1,0,,1,,
HND_011104,2011,1,1,,,,1,0,,1,,
HND_008269,2011,1,1,,,,0,0,,0,,
HND_007583,2011,1,1,,,,1,0,,1,,
HND_009376,2011,1,1,,,,1,0,,0,,
HND_004864,2011,1,1,,,,1,0,,1,,
HND_010291,2011,1,1,,,,1,0,,1,,
HND_002342,2011,1,1,,,,0,0,,0,,
HND_007590,2011,1,1,,,,1,0,,0,,
HND_000504,2011,1,1,,,,1,0,,1,,
HND_007582,2011,1,1,,,,1,0,,0,,
HND_010751,2011,1,1,,,,1,0,,1,,
HND_008911,2011,1,1,,,,0,0,,0,,
HND_003088,2011,1,1,,,,1,0,,0,,
HND_010299,2011,1,1,,,,1,0,,0,,
HND_008909,2011,1,1,,,,1,0,,0,,
HND_004879,2011,1,1,,,,1,0,,1,,
HND_004355,2011,1,1,,,,1,0,,0,,
HND_007798,2011,1,1,,,,1,0,,0,,
HND_015896,2011,1,1,,,,0,0,,0,,
HND_002827,2011,1,1,,,,0,0,,0,,
HND_008242,2011,1,1,,,,1,0,,1,,
HND_008915,2011,1,1,,,,1,0,,0,,
HND_013288,2011,1,1,,,,1,0,,0,,
HND_008585,2011,1,1,,,,1,0,,0,,
HND_003069,2011,1,1,,,,1,0,,0,,
HND_009929,2011,1,1,,,,0,0,,0,,
HND_003574,2011,1,1,,,,1,0,,0,,
HND_004809,2011,1,1,,,,0,0,,0,,
HND_014991,2011,1,1,,,,0,0,,0,,
HND_007552,2011,1,1,,,,0,0,,0,,
HND_014589,2011,1,1,,,,1,0,,0,,
HND_014751,2011,1,1,,,,1,0,,0,,
HND_011531,2011,1,1,,,,1,0,,0,,
HND_002341,2011,1,1,,,,1,0,,0,,
HND_015219,2011,1,1,,,,1,0,,0,,
HND_006941,2011,1,1,,,,1,0,,0,,
HND_012793,2011,1,1,,,,0,0,,0,,
HND_007530,2011,1,1,,,,0,0,,0,,
HND_005567,2011,1,1,,,,1,0,,0,,
HND_009290,2011,1,1,,,,1,0,,0,,
HND_009310,2011,1,1,,,,0,0,,0,,
HND_012478,2011,1,1,,,,1,0,,0,,
HND_009218,2011,1,1,,,,1,0,,0,,
HND_011912,2011,1,1,,,,1,0,,0,,
HND_013677,2011,1,1,,,,1,0,,0,,
HND_003564,2011,1,1,,,,0,0,,0,,
HND_012388,2011,1,1,,,,1,0,,1,,
HND_004356,2011,1,1,,,,1,0,,1,,
HND_003480,2011,1,1,,,,0,0,,0,,
HND_012189,2011,1,1,,,,1,0,,0,,
HND_006240,2011,1,1,,,,1,1,,1,,
HND_003297,2011,1,1,,,,1,0,,0,,
HND_012773,2011,1,1,,,,1,0,,0,,
HND_006308,2011,1,1,,,,1,1,,1,,
HND_009222,2011,,,,,,,0,,0,,
HND_001024,2011,1,1,,,,1,0,,0,,
HND_003411,2011,1,1,,,,1,0,,0,,
HND_002704,2011,1,1,,,,1,0,,0,,
HND_000428,2011,1,1,,,,1,0,,0,,
HND_000888,2011,1,1,,,,0,0,,0,,
HND_006070,2011,1,1,,,,1,0,,0,,
HND_012871,2011,1,1,,,,1,0,,0,,
HND_010394,2011,1,1,,,,1,0,,0,,
HND_012772,2011,1,1,,,,1,0,,0,,
HND_007279,2011,1,1,,,,0,0,,0,,
HND_002298,2011,1,1,,,,1,0,,0,,
HND_009646,2011,1,0,,,,1,0,,0,,
HND_008798,2011,1,1,,,,1,0,,0,,
HND_007877,2011,1,1,,,,1,0,,0,,
HND_004357,2011,1,1,,,,0,0,,0,,
HND_010994,2011,1,0,,,,0,0,,0,,
HND_015513,2011,1,1,,,,1,0,,0,,
HND_010975,2011,1,1,,,,1,0,,1,,
HND_015736,2011,1,1,,,,0,0,,0,,
HND_005803,2011,1,1,,,,1,0,,0,,
HND_011580,2011,1,1,,,,0,0,,0,,
HND_012309,2011,1,1,,,,0,0,,0,,
HND_007278,2011,1,1,,,,1,0,,0,,
HND_012991,2011,1,1,,,,0,0,,0,,
HND_011193,2011,1,1,,,,1,0,,0,,
HND_003256,2011,1,1,,,,1,0,,0,,
HND_008991,2011,1,1,,,,0,0,,0,,
HND_013604,2011,,0,,,,0,0,,0,,
HND_003986,2011,1,1,,,,0,0,,0,,
HND_016680,2011,1,1,,,,0,0,,0,,
HND_015408,2011,1,1,,,,0,0,,0,,
HND_012136,2011,,,,,,,0,,0,,
HND_012094,2011,,,,,,,0,,0,,
HND_002676,2011,1,1,,,,0,0,,0,,
HND_016678,2011,1,1,,,,1,0,,0,,
HND_014077,2011,1,1,,,,1,1,,1,,
HND_001770,2011,1,1,,,,0,0,,0,,
HND_005360,2011,,,,,,,0,,0,,
HND_016197,2011,,,,,,,0,,0,,
HND_000581,2011,,,,,,,0,,0,,
HND_004456,2011,,,,,,,0,,0,,
HND_012556,2011,,,,,,,0,,0,,
HND_011838,2011,1,1,,,,1,0,,1,,
HND_015608,2011,1,1,,,,1,0,,0,,
HND_010303,2011,1,1,,,,1,0,,0,,
HND_014242,2011,1,1,,,,1,0,,1,,
HND_004251,2011,1,1,,,,1,0,,0,,
HND_012870,2011,1,0,,,,0,0,,0,,
HND_008809,2011,1,1,,,,0,0,,0,,
HND_008808,2011,1,1,,,,1,0,,1,,
HND_008468,2011,1,1,,,,1,0,,0,,
HND_005260,2011,1,1,,,,0,0,,0,,
HND_005251,2011,1,1,,,,1,0,,1,,
HND_009661,2011,1,1,,,,0,0,,0,,
HND_008648,2011,1,1,,,,0,0,,0,,
HND_015217,2011,1,1,,,,1,0,,0,,
HND_015946,2011,1,1,,,,1,0,,0,,
HND_011725,2011,1,1,,,,1,0,,0,,
HND_002343,2011,1,1,,,,1,0,,1,,
HND_006788,2011,1,1,,,,1,0,,0,,
HND_012755,2011,,,,,,,0,,0,,
HND_009361,2011,,,,,,,0,,0,,
HND_009291,2011,,,,,,,0,,0,,
HND_009932,2011,1,1,,,,1,0,,0,,
HND_000961,2011,,,,,,,0,,0,,
HND_016009,2011,,,,,,,0,,0,,
HND_016090,2011,,,,,,,0,,0,,
HND_000568,2011,,,,,,,0,,0,,
HND_001222,2011,,,,,,,0,,0,,
HND_010302,2011,1,1,,,,1,0,,0,,
HND_004633,2011,1,1,,,,1,0,,1,,
HND_013507,2011,1,1,,,,1,0,,0,,
HND_014204,2011,1,1,,,,1,0,,0,,
HND_013532,2011,1,1,,,,0,0,,0,,
HND_005069,2011,1,1,,,,1,0,,1,,
HND_003583,2011,1,1,,,,0,0,,0,,
HND_010351,2011,1,1,,,,1,0,,1,,
HND_014354,2011,1,1,,,,1,0,,1,,
HND_008292,2011,1,1,,,,1,0,,0,,
HND_002851,2011,1,1,,,,1,1,,1,,
HND_011845,2011,1,1,,,,1,0,,0,,
HND_005103,2011,1,1,,,,1,0,,0,,
HND_009019,2011,1,1,,,,0,0,,0,,
HND_008649,2011,1,1,,,,1,0,,0,,
HND_008819,2011,1,1,,,,1,0,,0,,
HND_015039,2011,1,0,,,,0,0,,0,,
HND_000337,2011,1,1,,,,1,0,,0,,
HND_013096,2011,,0,,,,1,0,,0,,
HND_009832,2011,1,1,,,,0,0,,0,,
HND_003549,2011,1,1,,,,1,0,,0,,
HND_002473,2011,1,1,,,,1,0,,1,,
HND_004106,2011,1,1,,,,0,0,,0,,
HND_005661,2011,,,,,,,0,,0,,
HND_012549,2011,,,,,,,0,,0,,
HND_013525,2011,1,1,,,,1,0,,0,,
HND_006881,2011,1,1,,,,1,0,,0,,
HND_006819,2011,1,1,,,,0,0,,0,,
HND_006824,2011,1,1,,,,1,0,,0,,
HND_005631,2011,1,1,,,,1,0,,0,,
HND_010733,2011,1,1,,,,0,0,,0,,
HND_007772,2011,1,1,,,,0,0,,0,,
HND_010667,2011,1,1,,,,1,0,,0,,
HND_000569,2011,,,,,,,0,,0,,
HND_000969,2011,,,,,,,0,,0,,
HND_000958,2011,,,,,,,0,,0,,
HND_012537,2011,,,,,,,0,,0,,
HND_016221,2011,1,1,,,,0,0,,0,,
HND_007003,2011,,,,,,,0,,0,,
HND_001485,2011,,,,,,,0,,0,,
HND_016855,2011,0,0,,,,0,0,,0,,
HND_015634,2011,1,1,,,,0,0,,0,,
HND_001211,2011,,,,,,,0,,0,,
HND_012495,2011,,,,,,,0,,0,,
HND_012085,2011,,,,,,,0,,0,,
HND_010152,2011,,,,,,,0,,0,,
HND_010125,2011,1,1,,,,0,0,,0,,
HND_007197,2011,1,1,,,,1,0,,0,,
HND_010103,2011,,,,,,,0,,0,,
HND_002376,2011,1,1,,,,1,0,,0,,
HND_005904,2011,,0,,,,0,0,,0,,
HND_012534,2011,,,,,,,0,,0,,
HND_003570,2011,,,,,,,0,,0,,
HND_009743,2011,1,1,,,,1,0,,1,,
HND_002027,2011,1,1,,,,0,0,,0,,
HND_002489,2011,1,1,,,,1,0,,1,,
HND_008345,2011,1,1,,,,1,0,,1,,
HND_013358,2011,0,0,,,,1,0,,0,,
HND_005111,2011,1,1,,,,1,0,,1,,
HND_008194,2011,1,1,,,,1,0,,1,,
HND_014948,2011,1,0,,,,0,0,,0,,
HND_016696,2011,1,1,,,,1,0,,0,,
HND_012792,2011,1,1,,,,1,0,,0,,
HND_013321,2011,1,1,,,,0,0,,0,,
HND_002854,2011,1,0,,,,0,0,,0,,
HND_014950,2011,1,0,,,,0,0,,0,,
HND_008899,2011,1,1,,,,1,0,,0,,
HND_003534,2011,1,1,,,,1,0,,0,,
HND_013077,2011,1,1,,,,0,0,,0,,
HND_003807,2011,1,1,,,,0,0,,0,,
HND_012243,2011,1,1,,,,0,0,,0,,
HND_003454,2011,1,1,,,,0,0,,0,,
HND_001132,2011,1,1,,,,0,0,,0,,
HND_014684,2011,1,1,,,,1,0,,1,,
HND_003520,2011,1,1,,,,0,0,,0,,
HND_014949,2011,1,1,,,,0,0,,0,,
HND_011889,2011,1,1,,,,1,0,,0,,
HND_009360,2011,1,1,,,,1,0,,0,,
HND_013590,2011,1,1,,,,1,0,,0,,
HND_002028,2011,1,1,,,,1,1,,1,,
HND_006828,2011,1,1,,,,1,0,,0,,
HND_006646,2011,1,1,,,,1,0,,0,,
HND_013856,2011,1,1,,,,1,0,,1,,
HND_001756,2011,1,0,,,,0,0,,0,,
HND_014643,2011,1,1,,,,0,0,,0,,
HND_004322,2011,,,,,,,0,,0,,
HND_016156,2011,,,,,,,0,,0,,
HND_009362,2011,,,,,,,0,,0,,
HND_009067,2011,1,1,,,,1,0,,0,,
HND_012212,2011,1,1,,,,1,0,,0,,
HND_003068,2011,1,1,,,,1,0,,1,,
HND_005250,2011,1,1,,,,1,0,,1,,
HND_004245,2011,1,1,,,,1,0,,0,,
HND_004534,2011,1,1,,,,1,0,,0,,
HND_009906,2011,1,1,,,,1,0,,1,,
HND_012984,2011,1,1,,,,1,0,,0,,
HND_012488,2011,1,1,,,,1,0,,0,,
HND_000559,2011,1,1,,,,1,0,,0,,
HND_013438,2011,1,1,,,,1,0,,0,,
HND_000493,2011,1,1,,,,1,0,,0,,
HND_016142,2011,,,,,,,0,,0,,
HND_010275,2011,1,1,,,,1,0,,0,,
HND_010781,2011,1,1,,,,1,0,,1,,
HND_007210,2011,1,1,,,,1,0,,0,,
HND_008196,2011,1,1,,,,1,0,,0,,
HND_010300,2011,1,1,,,,1,0,,1,,
HND_010656,2011,1,1,,,,1,0,,0,,
HND_002866,2011,1,1,,,,1,0,,0,,
HND_013013,2011,1,1,,,,1,0,,0,,
HND_005184,2011,1,1,,,,1,0,,1,,
HND_002075,2011,1,1,,,,0,0,,0,,
HND_005589,2011,1,1,,,,0,0,,0,,
HND_005144,2011,1,1,,,,1,0,,0,,
HND_005143,2011,1,1,,,,1,0,,1,,
HND_011941,2011,1,1,,,,1,0,,0,,
HND_015218,2011,1,1,,,,1,0,,0,,
HND_014825,2011,1,1,,,,1,0,,0,,
HND_011251,2011,1,1,,,,1,0,,0,,
HND_007177,2011,1,1,,,,1,0,,0,,
HND_013671,2011,1,1,,,,1,0,,0,,
HND_006782,2011,1,1,,,,1,0,,0,,
HND_010118,2011,,,,,,,0,,0,,
HND_011924,2011,1,1,,,,0,0,,0,,
HND_007654,2011,,0,,,,0,0,,0,,
HND_011422,2011,1,1,,,,0,0,,0,,
HND_001834,2011,1,1,,,,0,0,,0,,
HND_007113,2011,1,0,,,,0,0,,0,,
HND_002644,2011,1,0,,,,1,0,,0,,
HND_002482,2011,,,,,,,0,,0,,
HND_001497,2011,1,0,,,,0,0,,0,,
HND_013818,2011,1,1,,,,0,0,,0,,
HND_010336,2011,1,1,,,,1,0,,0,,
HND_006179,2011,0,0,,,,0,0,,0,,
HND_001175,2011,,,,,,,0,,0,,
HND_001350,2011,,,,,,,0,,0,,
HND_011692,2011,1,1,,,,1,0,,1,,
HND_001513,2011,,,,,,,0,,0,,
HND_000535,2011,,,,,,,0,,0,,
HND_014732,2011,1,0,,,,0,0,,0,,
HND_016248,2011,1,1,,,,1,0,,0,,
HND_013223,2011,1,1,,,,1,0,,1,,
HND_008480,2011,1,1,,,,1,0,,1,,
HND_008327,2011,0,0,,,,1,0,,0,,
HND_002840,2011,1,1,,,,1,0,,1,,
HND_006119,2011,1,1,,,,1,0,,1,,
HND_010929,2011,1,1,,,,1,0,,0,,
HND_014951,2011,1,1,,,,1,0,,0,,
HND_009219,2011,1,1,,,,1,0,,1,,
HND_015477,2011,1,1,,,,1,0,,0,,
HND_014992,2011,1,1,,,,1,0,,0,,
HND_003753,2011,1,1,,,,1,0,,0,,
HND_007799,2011,1,1,,,,1,0,,1,,
HND_009569,2011,1,1,,,,1,0,,0,,
HND_013651,2011,1,1,,,,1,0,,0,,
HND_015045,2011,1,1,,,,1,0,,0,,
HND_009572,2011,1,1,,,,1,0,,0,,
HND_010478,2011,,,,,,,0,,0,,
HND_010755,2011,1,1,,,,1,0,,0,,
HND_008062,2011,1,1,,,,1,0,,0,,
HND_010506,2011,1,1,,,,1,0,,0,,
HND_016453,2011,1,1,,,,1,0,,0,,
HND_011615,2011,,,,,,,0,,0,,
HND_006336,2011,1,1,,,,0,0,,0,,
HND_002461,2011,1,1,,,,1,0,,0,,
HND_003776,2011,1,1,,,,1,0,,0,,
HND_014738,2011,1,1,,,,0,0,,0,,
HND_006968,2011,1,1,,,,1,0,,1,,
HND_009061,2011,1,1,,,,0,0,,0,,
HND_003572,2011,1,1,,,,1,1,,0,,
HND_005038,2011,1,1,,,,1,0,,0,,
HND_010907,2011,1,1,,,,1,0,,0,,
HND_010895,2011,1,1,,,,1,0,,0,,
HND_005039,2011,1,1,,,,1,0,,0,,
HND_010647,2011,1,1,,,,1,0,,0,,
HND_014766,2011,1,1,,,,1,1,,1,,
HND_005041,2011,1,1,,,,1,0,,0,,
HND_008705,2011,1,1,,,,0,0,,0,,
HND_001648,2011,,,,,,,0,,0,,
HND_000965,2011,,,,,,,0,,0,,
HND_016191,2011,1,1,,,,1,0,,0,,
HND_006884,2011,1,1,,,,1,0,,0,,
HND_016237,2011,,,,,,,0,,0,,
HND_015112,2011,,,,,,,0,,0,,
HND_015111,2011,1,1,,,,0,0,,0,,
HND_011406,2011,1,1,,,,0,0,,0,,
HND_014318,2011,1,1,,,,1,0,,1,,
HND_011795,2011,1,1,,,,1,0,,1,,
HND_000847,2011,1,0,,,,1,0,,0,,
HND_008893,2011,1,1,,,,1,0,,0,,
HND_009785,2011,1,1,,,,1,0,,1,,
HND_011428,2011,1,1,,,,1,0,,0,,
HND_009341,2011,1,1,,,,1,0,,0,,
HND_009596,2011,1,1,,,,1,0,,0,,
HND_006798,2011,1,1,,,,1,0,,0,,
HND_007811,2011,1,1,,,,1,0,,0,,
HND_006849,2011,1,1,,,,1,0,,0,,
HND_006814,2011,1,1,,,,1,0,,0,,
HND_003950,2011,1,1,,,,1,0,,0,,
HND_005082,2011,1,1,,,,1,0,,1,,
HND_006231,2011,1,1,,,,1,0,,1,,
HND_012566,2011,,,,,,,0,,0,,
HND_004141,2011,,,,,,,0,,0,,
HND_003287,2011,1,1,,,,1,0,,0,,
HND_012656,2011,,,,,,,0,,0,,
HND_004682,2011,1,1,,,,0,0,,0,,
HND_003479,2011,,,,,,,0,,0,,
HND_013696,2011,1,1,,,,1,0,,0,,
HND_002085,2011,1,1,,,,1,0,,1,,
HND_016101,2011,1,1,,,,1,0,,0,,
HND_008861,2011,1,1,,,,1,0,,0,,
HND_016572,2011,1,1,,,,1,0,,1,,
HND_003045,2011,1,1,,,,1,0,,1,,
HND_002452,2011,1,1,,,,1,0,,1,,
HND_004586,2011,1,1,,,,1,0,,0,,
HND_012002,2011,1,1,,,,0,0,,0,,
HND_014868,2011,1,1,,,,1,0,,0,,
HND_010491,2011,1,1,,,,1,0,,0,,
HND_014572,2011,1,1,,,,1,0,,0,,
HND_011538,2011,1,1,,,,1,0,,0,,
HND_016757,2011,,,,,,,0,,0,,
HND_011478,2011,1,1,,,,1,0,,1,,
HND_016586,2011,1,1,,,,0,0,,0,,
HND_011178,2011,1,1,,,,1,0,,0,,
HND_002696,2011,,,,,,,0,,0,,
HND_011791,2011,1,1,,,,1,0,,1,,
HND_009736,2011,1,0,,,,0,0,,0,,
HND_009617,2011,1,1,,,,0,0,,0,,
HND_000863,2011,1,1,,,,1,0,,0,,
HND_005070,2011,1,1,,,,0,0,,0,,
HND_009082,2011,0,0,,,,0,0,,0,,
HND_010294,2011,1,1,,,,0,0,,0,,
HND_011049,2011,1,1,,,,1,0,,0,,
HND_008906,2011,1,1,,,,0,0,,0,,
HND_008672,2011,1,1,,,,0,0,,0,,
HND_007612,2011,1,1,,,,1,0,,1,,
HND_009933,2011,0,0,,,,1,0,,0,,
HND_009908,2011,1,1,,,,1,0,,0,,
HND_015478,2011,0,0,,,,0,0,,0,,
HND_014977,2011,1,1,,,,0,0,,0,,
HND_011179,2011,1,1,,,,1,0,,0,,
HND_007627,2011,1,1,,,,0,0,,0,,
HND_003538,2011,1,1,,,,1,0,,0,,
HND_010426,2011,1,1,,,,1,0,,0,,
HND_013058,2011,1,1,,,,1,0,,1,,
HND_012265,2011,1,1,,,,0,0,,0,,
HND_009590,2011,,,,,,,0,,0,,
HND_001122,2011,1,1,,,,0,0,,0,,
HND_008414,2011,,0,,,,0,0,,0,,
HND_012525,2011,,,,,,,0,,0,,
HND_000620,2011,1,1,,,,0,0,,0,,
HND_009497,2011,,,,,,,0,,0,,
HND_012526,2011,,,,,,,0,,0,,
HND_001735,2011,,,,,,,0,,0,,
HND_014567,2011,,,,,,,0,,0,,
HND_001665,2011,,,,,,,0,,0,,
HND_001181,2011,,,,,,,0,,0,,
HND_014575,2011,,,,,,,0,,0,,
HND_014485,2011,,,,,,,0,,0,,
HND_004540,2011,1,1,,,,0,0,,0,,
HND_010607,2011,1,1,,,,1,0,,0,,
HND_010292,2011,1,1,,,,1,0,,1,,
HND_007172,2011,1,1,,,,0,0,,0,,
HND_016425,2011,1,1,,,,1,0,,0,,
HND_004056,2011,1,1,,,,1,0,,0,,
HND_002885,2011,1,1,,,,1,0,,0,,
HND_011039,2011,1,1,,,,1,0,,0,,
HND_013545,2011,1,1,,,,0,0,,0,,
HND_009576,2011,1,1,,,,0,0,,0,,
HND_008663,2011,1,1,,,,1,0,,1,,
HND_010631,2011,1,1,,,,1,0,,0,,
HND_013490,2011,1,1,,,,1,0,,1,,
HND_005292,2011,1,1,,,,1,0,,1,,
HND_008597,2011,1,0,,,,1,0,,1,,
HND_003977,2011,1,1,,,,1,0,,1,,
HND_004036,2011,1,0,,,,1,0,,1,,
HND_003971,2011,1,1,,,,1,0,,0,,
HND_004057,2011,1,1,,,,1,0,,1,,
HND_014160,2011,1,1,,,,1,0,,1,,
HND_004064,2011,1,1,,,,1,0,,0,,
HND_009319,2011,1,0,,,,1,0,,1,,
HND_001775,2011,1,1,,,,1,0,,0,,
HND_000422,2011,1,1,,,,1,0,,0,,
HND_011475,2011,1,1,,,,1,0,,1,,
HND_014960,2011,1,1,,,,1,0,,0,,
HND_011273,2011,1,1,,,,1,0,,0,,
HND_005730,2011,1,1,,,,1,0,,0,,
HND_012207,2011,1,1,,,,1,0,,0,,
HND_015022,2011,0,0,,,,0,0,,0,,
HND_004168,2011,1,0,,,,1,0,,0,,
HND_004077,2011,1,1,,,,0,0,,0,,
HND_014938,2011,1,1,,,,1,0,,0,,
HND_004059,2011,1,1,,,,1,0,,0,,
HND_005687,2011,,0,,,,1,0,,0,,
HND_012042,2011,1,1,,,,1,0,,0,,
HND_006801,2011,1,1,,,,1,0,,0,,
HND_012479,2011,1,1,,,,1,0,,0,,
HND_006786,2011,1,1,,,,1,0,,0,,
HND_014654,2011,1,1,,,,1,0,,0,,
HND_006876,2011,1,1,,,,1,0,,0,,
HND_003836,2011,1,0,,,,1,0,,1,,
HND_016299,2011,1,1,,,,1,0,,0,,
HND_000892,2011,1,0,,,,1,1,,1,,
HND_000859,2011,1,1,,,,1,0,,0,,
HND_003233,2011,1,1,,,,0,0,,0,,
HND_004759,2011,1,1,,,,0,0,,0,,
HND_002760,2011,1,1,,,,1,0,,0,,
HND_014833,2011,1,1,,,,1,0,,1,,
HND_015996,2011,1,0,,,,1,0,,0,,
HND_009754,2011,1,1,,,,0,0,,0,,
HND_000546,2011,1,1,,,,1,0,,0,,
HND_010288,2011,1,1,,,,1,0,,0,,
HND_002690,2011,1,1,,,,1,0,,0,,
HND_004787,2011,1,1,,,,0,0,,0,,
HND_006815,2011,1,1,,,,1,0,,0,,
HND_012508,2011,1,1,,,,0,0,,0,,
HND_011412,2011,1,1,,,,1,0,,0,,
HND_016683,2011,1,1,,,,0,0,,0,,
HND_003100,2011,,,,,,,0,,0,,
HND_011600,2011,,,,,,,0,,0,,
HND_012310,2011,,,,,,,0,,0,,
HND_012059,2011,,,,,,,0,,0,,
HND_000964,2011,,,,,,,0,,0,,
HND_001216,2011,,,,,,,0,,0,,
HND_016827,2011,,,,,,,0,,0,,
HND_013640,2011,,,,,,,0,,0,,
HND_011634,2011,1,1,,,,0,0,,0,,
HND_004719,2011,1,1,,,,1,0,,0,,
HND_009533,2011,,,,,,,0,,0,,
HND_012124,2011,,,,,,,0,,0,,
HND_004176,2011,,,,,,,0,,0,,
HND_001076,2011,,,,,,,0,,0,,
HND_009343,2011,,,,,,,0,,0,,
HND_011118,2011,,,,,,,0,,0,,
HND_005921,2011,,,,,,,0,,0,,
HND_003292,2011,,,,,,,0,,0,,
HND_012506,2011,,,,,,,0,,0,,
HND_004507,2011,1,1,,,,1,0,,1,,
HND_000825,2011,1,1,,,,0,0,,0,,
HND_015479,2011,1,1,,,,0,0,,0,,
HND_009748,2011,1,1,,,,0,0,,0,,
HND_011008,2011,1,1,,,,0,0,,0,,
HND_014299,2011,1,1,,,,0,0,,0,,
HND_006319,2011,1,1,,,,0,0,,0,,
HND_014301,2011,1,1,,,,0,0,,0,,
HND_003347,2011,1,1,,,,0,0,,0,,
HND_012244,2011,1,1,,,,1,0,,1,,
HND_011784,2011,1,1,,,,0,0,,0,,
HND_000194,2011,1,1,,,,0,0,,0,,
HND_014657,2011,1,1,,,,0,0,,0,,
HND_004200,2011,1,1,,,,0,0,,0,,
HND_001526,2011,1,1,,,,1,0,,1,,
HND_003736,2011,1,1,,,,0,0,,0,,
HND_015139,2011,1,1,,,,0,0,,0,,
HND_003610,2011,1,1,,,,0,0,,0,,
HND_008607,2011,1,1,,,,1,0,,0,,
HND_007141,2011,1,1,,,,0,0,,0,,
HND_013589,2011,1,1,,,,1,0,,0,,
HND_013915,2011,1,1,,,,1,0,,1,,
HND_006919,2011,1,1,,,,0,0,,0,,
HND_008225,2011,1,1,,,,0,0,,0,,
HND_003542,2011,1,1,,,,0,0,,0,,
HND_013290,2011,1,1,,,,1,0,,0,,
HND_004951,2011,1,1,,,,0,0,,0,,
HND_007592,2011,1,1,,,,0,0,,0,,
HND_010999,2011,1,1,,,,0,0,,0,,
HND_001870,2011,1,1,,,,1,0,,0,,
HND_015117,2011,1,0,,,,0,0,,0,,
HND_008251,2011,0,0,,,,0,0,,0,,
HND_008966,2011,1,1,,,,0,0,,0,,
HND_016540,2011,,,,,,,0,,0,,
HND_011877,2011,,,,,,,0,,0,,
HND_005385,2011,,,,,,,0,,0,,
HND_014502,2011,1,1,,,,0,0,,0,,
HND_012669,2011,,,,,,,0,,0,,
HND_004157,2011,,,,,,,0,,0,,
HND_004994,2011,1,1,,,,0,0,,0,,
HND_001223,2011,,,,,,,0,,0,,
HND_010459,2011,,,,,,,0,,0,,
HND_016457,2011,,,,,,,0,,0,,
HND_016239,2011,,,,,,,0,,0,,
HND_016546,2011,,,,,,,0,,0,,
HND_016794,2011,1,1,,,,1,0,,1,,
HND_002808,2011,1,1,,,,1,0,,1,,
HND_011295,2011,1,1,,,,1,0,,0,,
HND_007219,2011,1,1,,,,1,0,,1,,
HND_004962,2011,1,1,,,,0,0,,0,,
HND_015216,2011,1,1,,,,0,0,,0,,
HND_004963,2011,1,1,,,,0,0,,0,,
HND_004965,2011,1,1,,,,1,0,,0,,
HND_011806,2011,1,1,,,,1,0,,0,,
HND_014678,2011,1,1,,,,1,0,,0,,
HND_014611,2011,1,1,,,,0,0,,0,,
HND_003521,2011,1,1,,,,1,0,,0,,
HND_006607,2011,1,1,,,,1,0,,0,,
HND_002717,2011,1,1,,,,1,0,,0,,
HND_016795,2011,1,1,,,,1,0,,0,,
HND_000468,2011,1,1,,,,1,0,,0,,
HND_012524,2011,,,,,,,0,,0,,
HND_007991,2011,1,0,,,,0,0,,0,,
HND_004602,2011,,,,,,,0,,0,,
HND_012519,2011,,,,,,,0,,0,,
HND_016705,2011,,,,,,,0,,0,,
HND_000573,2011,,,,,,,0,,0,,
HND_016326,2011,1,1,,,,0,0,,0,,
HND_001129,2011,1,1,,,,0,0,,0,,
HND_003038,2011,1,0,,,,0,0,,0,,
HND_012490,2011,,,,,,,0,,0,,
HND_016522,2011,,,,,,,0,,0,,
HND_016327,2011,1,1,,,,0,0,,0,,
HND_016328,2011,,,,,,,0,,0,,
HND_015418,2011,,,,,,,0,,0,,
HND_016428,2011,,,,,,,0,,0,,
HND_014407,2011,,,,,,,0,,0,,
HND_014406,2011,,,,,,,0,,0,,
HND_015962,2011,,,,,,,0,,0,,
HND_006275,2011,1,1,,,,1,0,,1,,
HND_008208,2011,1,1,,,,0,0,,0,,
HND_015993,2011,1,1,,,,1,0,,0,,
HND_011832,2011,1,1,,,,1,0,,0,,
HND_005413,2011,1,1,,,,1,0,,1,,
HND_009025,2011,1,1,,,,1,0,,0,,
HND_014210,2011,1,1,,,,1,0,,0,,
HND_002814,2011,1,1,,,,1,0,,0,,
HND_013518,2011,1,1,,,,1,0,,0,,
HND_007577,2011,1,1,,,,1,0,,0,,
HND_008274,2011,1,1,,,,1,0,,0,,
HND_015016,2011,1,0,,,,1,0,,0,,
HND_010979,2011,1,1,,,,1,0,,0,,
HND_014811,2011,1,1,,,,1,0,,0,,
HND_004668,2011,1,1,,,,1,0,,0,,
HND_011344,2011,1,1,,,,1,0,,0,,
HND_007781,2011,1,1,,,,1,0,,0,,
HND_000600,2011,1,1,,,,1,0,,0,,
HND_010774,2011,1,1,,,,1,0,,1,,
HND_002530,2011,1,1,,,,1,0,,0,,
HND_010501,2011,1,1,,,,1,0,,0,,
HND_004844,2011,1,1,,,,0,0,,0,,
HND_009919,2011,,,,,,,0,,0,,
HND_010693,2011,1,1,,,,1,0,,0,,
HND_004667,2011,1,1,,,,1,0,,0,,
HND_011945,2011,,,,,,,0,,0,,
HND_006762,2011,1,1,,,,1,0,,0,,
HND_014604,2011,1,1,,,,1,0,,0,,
HND_002056,2011,,,,,,,0,,0,,
HND_016817,2011,1,1,,,,1,0,,0,,
HND_012122,2011,1,1,,,,1,0,,0,,
HND_004616,2011,1,1,,,,0,0,,0,,
HND_016415,2011,1,1,,,,1,0,,0,,
HND_007223,2011,1,1,,,,0,0,,0,,
HND_009869,2011,1,1,,,,0,0,,0,,
HND_007685,2011,0,0,,,,1,0,,0,,
HND_010603,2011,1,1,,,,0,0,,0,,
HND_004810,2011,1,1,,,,1,0,,0,,
HND_015011,2011,1,1,,,,0,0,,0,,
HND_010622,2011,1,1,,,,0,0,,0,,
HND_000324,2011,1,1,,,,0,0,,0,,
HND_014887,2011,1,1,,,,0,0,,0,,
HND_016414,2011,1,1,,,,0,0,,0,,
HND_010643,2011,1,1,,,,0,0,,0,,
HND_013824,2011,1,1,,,,1,0,,0,,
HND_009862,2011,1,1,,,,1,0,,0,,
HND_010641,2011,1,1,,,,1,0,,0,,
HND_007671,2011,1,1,,,,0,0,,0,,
HND_005480,2011,1,1,,,,0,0,,0,,
HND_013916,2011,1,1,,,,0,0,,0,,
HND_015215,2011,1,1,,,,0,0,,0,,
HND_001921,2011,1,1,,,,0,0,,0,,
HND_001295,2011,1,1,,,,0,0,,0,,
HND_001871,2011,1,1,,,,0,0,,0,,
HND_003458,2011,1,1,,,,1,0,,0,,
HND_009370,2011,1,1,,,,0,0,,0,,
HND_011737,2011,1,1,,,,1,0,,0,,
HND_000577,2011,,,,,,,0,,0,,
HND_006777,2011,1,1,,,,1,0,,0,,
HND_016709,2011,,,,,,,0,,0,,
HND_012992,2011,,,,,,,0,,0,,
HND_000562,2011,,,,,,,0,,0,,
HND_010917,2011,1,1,,,,0,0,,0,,
HND_014272,2011,1,1,,,,0,0,,0,,
HND_007060,2011,1,1,,,,1,0,,1,,
HND_011235,2011,1,1,,,,0,0,,0,,
HND_002993,2011,1,1,,,,0,0,,0,,
HND_015727,2011,1,1,,,,1,0,,0,,
HND_008553,2011,1,0,,,,0,0,,0,,
HND_005512,2011,,,,,,,0,,0,,
HND_015116,2011,1,1,,,,1,0,,0,,
HND_012120,2011,1,1,,,,0,0,,0,,
HND_014490,2011,1,1,,,,1,0,,0,,
HND_010472,2011,,,,,,,0,,0,,
HND_012684,2011,,,,,,,0,,0,,
HND_013659,2011,1,1,,,,0,0,,0,,
HND_012460,2011,,,,,,,0,,0,,
HND_003635,2011,1,1,,,,0,0,,0,,
HND_012140,2011,,,,,,,0,,0,,
HND_016362,2011,1,1,,,,1,0,,0,,
HND_012718,2011,0,0,,,,0,0,,0,,
HND_015506,2011,1,1,,,,1,0,,0,,
HND_004666,2011,1,1,,,,1,0,,1,,
HND_008074,2011,1,1,,,,1,0,,1,,
HND_011826,2011,1,1,,,,1,0,,1,,
HND_004671,2011,1,1,,,,0,0,,0,,
HND_000732,2011,1,1,,,,0,0,,0,,
HND_013162,2011,1,1,,,,0,0,,0,,
HND_013181,2011,1,1,,,,0,0,,0,,
HND_004872,2011,1,1,,,,1,0,,0,,
HND_013550,2011,1,1,,,,1,0,,0,,
HND_006130,2011,1,1,,,,0,0,,0,,
HND_014835,2011,1,1,,,,0,0,,0,,
HND_010590,2011,1,1,,,,1,0,,0,,
HND_016659,2011,1,1,,,,0,0,,0,,
HND_013180,2011,1,1,,,,0,0,,0,,
HND_008311,2011,1,1,,,,0,0,,0,,
HND_004878,2011,1,1,,,,1,0,,0,,
HND_013821,2011,1,0,,,,1,0,,0,,
HND_010863,2011,1,1,,,,1,0,,1,,
HND_011306,2011,1,1,,,,1,0,,1,,
HND_004871,2011,1,1,,,,1,0,,0,,
HND_007706,2011,1,1,,,,1,0,,1,,
HND_001259,2011,1,1,,,,0,0,,0,,
HND_011823,2011,1,1,,,,0,0,,0,,
HND_004826,2011,1,1,,,,1,0,,0,,
HND_008263,2011,1,1,,,,0,0,,0,,
HND_007738,2011,1,1,,,,0,0,,0,,
HND_008082,2011,1,1,,,,1,0,,0,,
HND_000785,2011,1,1,,,,0,0,,0,,
HND_013182,2011,1,1,,,,0,0,,0,,
HND_006068,2011,1,1,,,,0,0,,0,,
HND_014952,2011,1,1,,,,0,0,,0,,
HND_014753,2011,1,1,,,,0,0,,0,,
HND_009495,2011,,0,,,,0,0,,0,,
HND_014765,2011,1,1,,,,1,0,,0,,
HND_015024,2011,1,1,,,,1,0,,0,,
HND_005979,2011,1,1,,,,1,0,,1,,
HND_001579,2011,1,1,,,,0,0,,0,,
HND_014681,2011,1,1,,,,0,0,,0,,
HND_014691,2011,1,1,,,,0,0,,0,,
HND_007881,2011,1,1,,,,1,0,,0,,
HND_014047,2011,1,1,,,,0,0,,0,,
HND_014671,2011,0,0,,,,0,0,,0,,
HND_006058,2011,1,1,,,,1,0,,0,,
HND_003516,2011,1,1,,,,1,0,,0,,
HND_009293,2011,1,1,,,,1,0,,0,,
HND_009534,2011,1,1,,,,1,0,,0,,
HND_011477,2011,1,1,,,,1,0,,0,,
HND_016254,2011,1,1,,,,1,1,,1,,
HND_011819,2011,1,1,,,,1,1,,1,,
HND_013967,2011,1,1,,,,1,0,,0,,
HND_006744,2011,1,1,,,,1,0,,0,,
HND_013593,2011,1,1,,,,0,0,,0,,
HND_007882,2011,1,1,,,,1,0,,0,,
HND_004242,2011,1,1,,,,1,0,,0,,
HND_008232,2011,1,1,,,,0,0,,0,,
HND_000228,2011,1,1,,,,1,0,,0,,
HND_014670,2011,1,1,,,,0,0,,0,,
HND_008630,2011,1,1,,,,0,0,,0,,
HND_008250,2011,1,1,,,,1,0,,0,,
HND_008771,2011,1,1,,,,0,0,,0,,
HND_010356,2011,1,1,,,,1,0,,0,,
HND_006736,2011,1,1,,,,1,0,,0,,
HND_003865,2011,1,0,,,,0,0,,0,,
HND_002967,2011,1,1,,,,0,0,,0,,
HND_004770,2011,1,1,,,,0,0,,0,,
HND_009189,2011,1,1,,,,1,0,,0,,
HND_012082,2011,1,1,,,,1,0,,0,,
HND_011648,2011,1,1,,,,1,0,,0,,
HND_011409,2011,,0,,,,0,0,,0,,
HND_011410,2011,,0,,,,0,0,,0,,
HND_001868,2011,1,1,,,,0,0,,0,,
HND_004353,2011,1,0,,,,0,0,,0,,
HND_012483,2011,,0,,,,0,0,,0,,
HND_001945,2011,1,1,,,,0,0,,0,,
HND_001514,2011,1,1,,,,0,0,,0,,
HND_003831,2011,1,0,,,,0,0,,0,,
HND_010499,2011,1,1,,,,1,0,,0,,
HND_015131,2011,1,1,,,,1,0,,0,,
HND_001626,2011,1,1,,,,0,0,,0,,
HND_003770,2011,1,1,,,,0,0,,0,,
HND_007993,2011,1,1,,,,1,0,,0,,
HND_010485,2011,1,1,,,,0,0,,0,,
HND_013978,2011,1,0,,,,0,0,,0,,
HND_015033,2011,1,1,,,,0,0,,0,,
HND_003563,2011,0,0,,,,0,0,,0,,
HND_012037,2011,1,1,,,,1,0,,0,,
HND_016682,2011,1,1,,,,0,0,,0,,
HND_005980,2011,1,1,,,,0,0,,0,,
HND_012838,2011,1,1,,,,1,0,,0,,
HND_001099,2011,,,,,,,0,,0,,
HND_010527,2011,,,,,,,0,,0,,
HND_012268,2011,,,,,,,0,,0,,
HND_016168,2011,,,,,,,0,,0,,
HND_006091,2011,,,,,,,0,,0,,
HND_012092,2011,,,,,,,0,,0,,
HND_011631,2011,,,,,,,0,,0,,
HND_002367,2011,,0,,,,0,0,,0,,
HND_011929,2011,,,,,,,0,,0,,
HND_005276,2011,1,1,,,,1,0,,0,,
HND_003779,2011,1,1,,,,1,0,,1,,
HND_001377,2011,1,1,,,,0,0,,0,,
HND_004562,2011,1,1,,,,0,0,,0,,
HND_009652,2011,1,1,,,,1,0,,0,,
HND_001491,2011,1,1,,,,0,0,,0,,
HND_007626,2011,1,1,,,,0,0,,0,,
HND_009179,2011,1,1,,,,0,0,,0,,
HND_015221,2011,1,1,,,,0,0,,0,,
HND_006038,2011,1,1,,,,0,0,,0,,
HND_014976,2011,1,1,,,,1,0,,0,,
HND_015703,2011,1,1,,,,1,0,,1,,
HND_008246,2011,1,1,,,,0,0,,0,,
HND_012095,2011,,,,,,,0,,0,,
HND_016132,2011,,,,,,,0,,0,,
HND_016093,2011,,,,,,,0,,0,,
HND_012216,2011,,,,,,,0,,0,,
HND_002965,2011,1,1,,,,1,0,,0,,
HND_009647,2011,1,1,,,,1,0,,0,,
HND_006893,2011,1,1,,,,1,0,,0,,
HND_006890,2011,1,1,,,,1,0,,0,,
HND_014689,2011,1,1,,,,1,0,,0,,
HND_009450,2011,,,,,,,0,,0,,
HND_003182,2011,1,1,,,,1,0,,0,,
HND_015198,2011,1,1,,,,0,0,,0,,
HND_007600,2011,,,,,,,0,,0,,
HND_013121,2011,,,,,,,0,,0,,
HND_007264,2011,,,,,,,0,,0,,
HND_007122,2011,,,,,,,0,,0,,
HND_001253,2011,,,,,,,0,,0,,
HND_011817,2011,1,1,,,,1,0,,1,,
HND_007162,2011,1,1,,,,1,1,,0,,
HND_002939,2011,1,1,,,,1,0,,0,,
HND_011058,2011,1,1,,,,1,0,,0,,
HND_005652,2011,0,0,,,,1,0,,1,,
HND_009907,2011,1,1,,,,0,0,,0,,
HND_010215,2011,1,1,,,,1,0,,1,,
HND_016604,2011,1,1,,,,1,0,,1,,
HND_000469,2011,1,1,,,,1,0,,0,,
HND_005290,2011,1,1,,,,1,0,,0,,
HND_008918,2011,1,1,,,,1,0,,1,,
HND_014439,2011,1,1,,,,1,0,,1,,
HND_015050,2011,1,1,,,,0,0,,0,,
HND_005686,2011,1,1,,,,1,0,,0,,
HND_008996,2011,1,1,,,,1,0,,0,,
HND_010206,2011,1,1,,,,1,0,,0,,
HND_010297,2011,,0,,,,1,0,,1,,
HND_007650,2011,1,1,,,,1,0,,0,,
HND_002372,2011,1,1,,,,1,0,,0,,
HND_011225,2011,1,1,,,,1,0,,1,,
HND_009607,2011,1,1,,,,1,0,,1,,
HND_010960,2011,1,1,,,,1,0,,0,,
HND_008133,2011,1,1,,,,1,0,,0,,
HND_005756,2011,1,1,,,,1,0,,0,,
HND_014680,2011,1,1,,,,1,0,,0,,
HND_014786,2011,1,1,,,,0,0,,0,,
HND_014966,2011,1,1,,,,1,0,,0,,
HND_007869,2011,1,1,,,,1,0,,0,,
HND_014626,2011,1,0,,,,1,0,,0,,
HND_004249,2011,1,1,,,,0,0,,0,,
HND_010968,2011,1,1,,,,1,0,,1,,
HND_003188,2011,1,1,,,,1,0,,0,,
HND_001659,2011,1,1,,,,1,0,,0,,
HND_016368,2011,,,,,,,0,,0,,
HND_004324,2011,,,,,,,0,,0,,
HND_012151,2011,,,,,,,0,,0,,
HND_016193,2011,,,,,,,0,,0,,
HND_003819,2011,,,,,,,0,,0,,
HND_001819,2011,,,,,,,0,,0,,
HND_015728,2011,1,1,,,,1,0,,0,,
HND_012130,2011,,,,,,,0,,0,,
HND_005508,2011,,,,,,,0,,0,,
HND_011908,2011,,,,,,,0,,0,,
HND_001745,2011,1,1,,,,1,0,,0,,
HND_015186,2011,,,,,,,0,,0,,
HND_008297,2011,1,1,,,,1,0,,0,,
HND_005323,2011,1,1,,,,0,0,,1,,
HND_011401,2011,,0,,,,1,0,,0,,
HND_013657,2011,1,1,,,,1,0,,0,,
HND_000487,2011,,,,,,,0,,0,,
HND_012129,2011,,,,,,,0,,0,,
HND_002648,2011,,,,,,,0,,0,,
HND_011942,2011,1,0,,,,0,0,,0,,
HND_011811,2011,1,1,,,,1,0,,1,,
HND_014440,2011,1,0,,,,0,0,,0,,
HND_003980,2011,1,1,,,,0,0,,0,,
HND_003920,2011,1,1,,,,1,0,,0,,
HND_008461,2011,1,1,,,,0,0,,0,,
HND_002980,2011,1,1,,,,1,0,,1,,
HND_004445,2011,1,1,,,,0,0,,0,,
HND_007534,2011,1,1,,,,1,0,,0,,
HND_004053,2011,1,1,,,,1,0,,0,,
HND_009030,2011,1,1,,,,1,0,,0,,
HND_014590,2011,1,1,,,,0,0,,0,,
HND_007522,2011,1,1,,,,1,0,,1,,
HND_003994,2011,1,1,,,,1,0,,1,,
HND_004964,2011,1,1,,,,1,0,,0,,
HND_004855,2011,1,1,,,,0,0,,0,,
HND_014614,2011,1,1,,,,0,0,,0,,
HND_003992,2011,,0,,,,0,0,,0,,
HND_004001,2011,1,1,,,,1,0,,0,,
HND_002280,2011,1,1,,,,1,0,,0,,
HND_003981,2011,1,1,,,,0,0,,0,,
HND_003987,2011,1,1,,,,0,0,,0,,
HND_014624,2011,1,1,,,,1,0,,0,,
HND_012756,2011,1,0,,,,0,0,,0,,
HND_012239,2011,1,0,,,,0,0,,0,,
HND_000634,2011,1,1,,,,0,0,,0,,
HND_000633,2011,1,1,,,,0,0,,0,,
HND_011985,2011,1,1,,,,1,0,,0,,
HND_009346,2011,1,1,,,,0,0,,0,,
HND_004068,2011,1,0,,,,0,0,,0,,
HND_003914,2011,1,1,,,,0,0,,0,,
HND_013849,2011,1,0,,,,0,0,,0,,
HND_004009,2011,1,0,,,,0,0,,0,,
HND_004067,2011,1,1,,,,0,0,,0,,
HND_012825,2011,1,1,,,,0,0,,0,,
HND_016598,2011,1,1,,,,0,0,,0,,
HND_003945,2011,1,0,,,,0,0,,0,,
HND_007584,2011,1,0,,,,1,0,,0,,
HND_004007,2011,1,0,,,,0,0,,0,,
HND_012218,2011,1,1,,,,1,0,,0,,
HND_013919,2011,1,1,,,,0,0,,0,,
HND_006835,2011,1,1,,,,1,0,,0,,
HND_006757,2011,1,1,,,,0,0,,0,,
HND_013394,2011,1,1,,,,1,1,,1,,
HND_004696,2011,1,0,,,,0,0,,0,,
HND_006823,2011,,,,,,,0,,0,,
HND_006812,2011,,,,,,,0,,0,,
HND_006778,2011,,,,,,,0,,0,,
HND_006821,2011,1,1,,,,0,0,,0,,
HND_006775,2011,1,1,,,,0,0,,0,,
HND_006805,2011,,,,,,,0,,0,,
HND_004695,2011,1,1,,,,1,0,,0,,
HND_001439,2011,,,,,,,0,,0,,
HND_011136,2011,,,,,,,0,,0,,
HND_010520,2011,,,,,,,0,,0,,
HND_012514,2011,,,,,,,0,,0,,
HND_006094,2011,,,,,,,0,,0,,
HND_013441,2011,,,,,,,0,,0,,
HND_016435,2011,,,,,,,0,,0,,
HND_010123,2011,0,0,,,,0,0,,0,,
HND_005396,2011,1,1,,,,0,0,,0,,
HND_012795,2011,1,0,,,,0,0,,0,,
HND_006175,2011,1,1,,,,0,0,,0,,
HND_006157,2011,1,1,,,,0,0,,0,,
HND_002321,2011,1,1,,,,0,0,,0,,
HND_013225,2011,1,1,,,,0,0,,0,,
HND_006064,2011,1,1,,,,1,0,,0,,
HND_003459,2011,,,,,,,0,,0,,
HND_009145,2011,,,,,,,0,,0,,
HND_014484,2011,,,,,,,0,,0,,
HND_016528,2011,1,1,,,,0,0,,0,,
HND_009359,2011,,,,,,,0,,0,,
HND_001902,2011,1,1,,,,1,0,,0,,
HND_005901,2011,1,1,,,,0,0,,0,,
HND_011645,2011,,,,,,,0,,0,,
HND_004160,2011,,,,,,,0,,0,,
HND_016681,2011,1,1,,,,0,0,,0,,
HND_004673,2011,1,0,,,,0,0,,0,,
HND_003636,2011,1,0,,,,0,0,,0,,
HND_002320,2011,1,1,,,,1,0,,0,,
HND_013332,2011,,,,,,,0,,0,,
HND_002279,2011,,,,,,,0,,0,,
HND_010078,2011,1,1,,,,1,0,,0,,
HND_009144,2011,,,,,,,0,,0,,
HND_016535,2011,,,,,,,0,,0,,
HND_016413,2011,1,1,,,,1,0,,0,,
HND_013177,2011,1,1,,,,1,0,,1,,
HND_010296,2011,1,1,,,,1,0,,1,,
HND_014854,2011,1,1,,,,0,0,,0,,
HND_002976,2011,1,1,,,,1,0,,0,,
HND_008584,2011,1,1,,,,0,0,,0,,
HND_004585,2011,1,1,,,,0,0,,0,,
HND_004093,2011,1,1,,,,1,0,,0,,
HND_009046,2011,1,1,,,,1,0,,0,,
HND_014762,2011,1,1,,,,1,0,,0,,
HND_001414,2011,1,1,,,,1,0,,0,,
HND_005483,2011,1,1,,,,1,0,,0,,
HND_003560,2011,1,1,,,,1,0,,0,,
HND_003544,2011,1,1,,,,1,0,,0,,
HND_011991,2011,1,1,,,,0,0,,0,,
HND_012869,2011,1,1,,,,0,0,,0,,
HND_003291,2011,1,1,,,,0,0,,0,,
HND_009446,2011,1,1,,,,1,0,,1,,
HND_014636,2011,1,1,,,,1,0,,0,,
HND_008309,2011,1,1,,,,1,0,,0,,
HND_015160,2011,1,1,,,,1,0,,0,,
HND_016337,2011,1,1,,,,0,0,,0,,
HND_005640,2011,1,1,,,,1,0,,0,,
HND_008416,2011,1,0,,,,0,0,,0,,
HND_003424,2011,,,,,,,0,,0,,
HND_000968,2011,,,,,,,0,,0,,
HND_013656,2011,1,1,,,,1,0,,0,,
HND_016841,2011,1,1,,,,1,0,,0,,
HND_012070,2011,,,,,,,0,,0,,
HND_011623,2011,,,,,,,0,,0,,
HND_011938,2011,,,,,,,0,,0,,
HND_015488,2011,,0,,,,0,0,,0,,
HND_004788,2011,1,0,,,,0,0,,0,,
HND_001101,2011,1,1,,,,1,0,,1,,
HND_007695,2011,1,1,,,,0,0,,0,,
HND_013307,2011,1,1,,,,1,0,,1,,
HND_008473,2011,1,0,,,,0,0,,0,,
HND_016743,2011,1,1,,,,1,0,,0,,
HND_005585,2011,1,1,,,,1,0,,1,,
HND_014384,2011,1,1,,,,1,0,,0,,
HND_004781,2011,1,1,,,,1,0,,0,,
HND_004672,2011,1,1,,,,1,0,,1,,
HND_013153,2011,1,1,,,,0,0,,0,,
HND_010997,2011,1,1,,,,0,0,,0,,
HND_008793,2011,1,1,,,,1,0,,1,,
HND_014076,2011,1,0,,,,0,0,,0,,
HND_004258,2011,1,1,,,,1,0,,0,,
HND_007988,2011,1,0,,,,0,0,,0,,
HND_014570,2011,1,0,,,,1,0,,0,,
HND_014075,2011,1,1,,,,1,0,,0,,
HND_013981,2011,1,1,,,,1,0,,1,,
HND_015782,2011,,,,,,,0,,0,,
HND_001952,2011,1,0,,,,0,0,,0,,
HND_006659,2011,1,1,,,,1,0,,0,,
HND_006678,2011,1,1,,,,1,0,,0,,
HND_006591,2011,1,1,,,,0,0,,0,,
HND_014026,2011,1,1,,,,1,0,,0,,
HND_015523,2011,1,1,,,,1,0,,0,,
HND_006033,2011,1,1,,,,1,0,,0,,
HND_012973,2011,1,0,,,,0,0,,0,,
HND_002409,2011,,,,,,,0,,0,,
HND_011300,2011,1,0,,,,0,0,,0,,
HND_002924,2011,1,0,,,,0,0,,0,,
HND_007989,2011,1,1,,,,0,0,,0,,
HND_014566,2011,,,,,,,0,,0,,
HND_011727,2011,1,1,,,,1,0,,0,,
HND_005222,2011,1,1,,,,1,0,,1,,
HND_013823,2011,1,1,,,,1,0,,1,,
HND_001609,2011,1,1,,,,1,0,,1,,
HND_007722,2011,1,1,,,,1,0,,0,,
HND_002927,2011,1,1,,,,1,0,,0,,
HND_013839,2011,1,1,,,,1,0,,0,,
HND_014448,2011,1,1,,,,1,0,,1,,
HND_009231,2011,1,1,,,,0,0,,0,,
HND_008457,2011,1,1,,,,1,0,,0,,
HND_010287,2011,1,1,,,,1,0,,1,,
HND_014265,2011,1,1,,,,1,0,,1,,
HND_015000,2011,1,1,,,,1,0,,0,,
HND_001515,2011,1,1,,,,1,0,,0,,
HND_003082,2011,1,1,,,,1,0,,0,,
HND_012213,2011,1,1,,,,1,0,,0,,
HND_011864,2011,1,1,,,,0,0,,0,,
HND_009232,2011,1,1,,,,1,0,,0,,
HND_011424,2011,1,1,,,,1,0,,0,,
HND_013832,2011,,,,,,,0,,0,,
HND_014612,2011,1,1,,,,1,0,,0,,
HND_003772,2011,1,1,,,,1,0,,0,,
HND_001610,2011,1,1,,,,1,1,,1,,
HND_001836,2011,1,1,,,,1,0,,0,,
HND_016219,2011,1,1,,,,1,0,,0,,
HND_000716,2011,,,,,,,0,,0,,
HND_000890,2011,,,,,,,0,,0,,
HND_012499,2011,1,1,,,,1,0,,0,,
HND_016367,2011,,,,,,,0,,0,,
HND_013731,2011,,,,,,,0,,0,,
HND_012528,2011,,,,,,,0,,0,,
HND_015200,2011,1,1,,,,1,0,,0,,
HND_006529,2011,1,1,,,,1,0,,0,,
HND_007166,2011,1,1,,,,0,0,,0,,
HND_007816,2011,1,1,,,,1,0,,1,,
HND_007128,2011,1,1,,,,0,0,,0,,
HND_009695,2011,1,0,,,,0,0,,0,,
HND_016301,2011,1,1,,,,1,0,,1,,
HND_016592,2011,1,1,,,,0,0,,0,,
HND_016593,2011,,,,,,,0,,0,,
HND_011463,2011,,,,,,,0,,0,,
HND_003006,2011,,,,,,,0,,0,,
HND_005312,2011,1,1,,,,1,0,,1,,
HND_009483,2011,1,1,,,,1,0,,0,,
HND_012123,2011,1,1,,,,1,0,,0,,
HND_009292,2011,1,1,,,,1,0,,0,,
HND_002594,2011,1,1,,,,1,0,,0,,
HND_011618,2011,1,1,,,,1,0,,0,,
HND_003245,2011,,,,,,,0,,0,,
HND_016114,2011,,,,,,,0,,0,,
HND_007026,2011,1,1,,,,0,0,,0,,
HND_013697,2011,1,1,,,,1,0,,0,,
HND_003877,2011,1,1,,,,1,0,,0,,
HND_004516,2011,0,0,,,,0,0,,0,,
HND_015049,2011,1,1,,,,1,0,,0,,
HND_014616,2011,1,0,,,,0,0,,0,,
HND_016377,2011,1,1,,,,1,1,,0,,
HND_002061,2011,,,,,,,0,,0,,
HND_001633,2011,,,,,,,0,,0,,
HND_009349,2011,1,1,,,,0,0,,0,,
HND_003272,2011,,,,,,,0,,0,,
HND_003552,2011,1,1,,,,0,0,,0,,
HND_010517,2011,,,,,,,0,,0,,
HND_012275,2011,,,,,,,0,,0,,
HND_006311,2011,1,1,,,,1,0,,1,,
HND_006992,2011,1,1,,,,1,0,,0,,
HND_002945,2011,1,1,,,,1,0,,0,,
HND_004705,2011,1,1,,,,1,0,,0,,
HND_013089,2011,1,1,,,,1,0,,1,,
HND_009683,2011,1,1,,,,1,0,,0,,
HND_010794,2011,1,1,,,,0,0,,0,,
HND_009518,2011,1,1,,,,1,0,,0,,
HND_007275,2011,1,1,,,,1,0,,0,,
HND_008068,2011,1,1,,,,1,0,,1,,
HND_000404,2011,1,1,,,,0,0,,0,,
HND_009519,2011,1,1,,,,1,0,,0,,
HND_003718,2011,1,1,,,,1,0,,1,,
HND_012999,2011,1,1,,,,1,0,,1,,
HND_005814,2011,1,1,,,,1,0,,1,,
HND_008186,2011,1,1,,,,1,0,,0,,
HND_014709,2011,1,1,,,,1,0,,1,,
HND_004471,2011,1,1,,,,0,0,,0,,
HND_001446,2011,1,1,,,,1,0,,0,,
HND_016440,2011,1,1,,,,0,0,,0,,
HND_013287,2011,1,1,,,,0,0,,0,,
HND_010864,2011,1,1,,,,0,0,,0,,
HND_008889,2011,1,1,,,,1,0,,0,,
HND_016886,2011,1,1,,,,1,0,,0,,
HND_011703,2011,1,1,,,,0,0,,0,,
HND_015005,2011,1,1,,,,0,0,,0,,
HND_015220,2011,1,1,,,,1,0,,0,,
HND_004704,2011,1,1,,,,1,0,,0,,
HND_005655,2011,1,1,,,,1,0,,0,,
HND_008721,2011,1,1,,,,1,0,,1,,
HND_008807,2011,1,1,,,,1,0,,1,,
HND_005963,2011,1,1,,,,1,0,,0,,
HND_012753,2011,,,,,,,0,,0,,
HND_005514,2011,,,,,,,0,,0,,
HND_011127,2011,,,,,,,0,,0,,
HND_002230,2011,,,,,,,0,,0,,
HND_015935,2011,,,,,,,0,,0,,
HND_001632,2011,1,1,,,,0,0,,0,,
HND_001647,2011,1,1,,,,1,0,,0,,
HND_001511,2011,1,1,,,,1,0,,0,,
HND_016418,2011,,,,,,,0,,0,,
HND_014922,2011,1,1,,,,1,0,,1,,
HND_009934,2011,1,1,,,,1,0,,1,,
HND_014997,2011,,0,,,,0,0,,0,,
HND_008837,2011,1,1,,,,1,0,,1,,
HND_002940,2011,1,1,,,,1,0,,1,,
HND_004564,2011,1,1,,,,0,0,,0,,
HND_004563,2011,1,1,,,,0,0,,0,,
HND_007395,2011,1,1,,,,1,0,,1,,
HND_010991,2011,1,0,,,,1,0,,0,,
HND_014725,2011,1,1,,,,1,0,,0,,
HND_009134,2011,1,1,,,,1,0,,0,,
HND_004382,2011,1,1,,,,1,0,,0,,
HND_010992,2011,1,1,,,,1,0,,0,,
HND_009135,2011,1,1,,,,1,0,,1,,
HND_016356,2011,1,1,,,,1,0,,1,,
HND_015055,2011,1,1,,,,0,0,,0,,
HND_005584,2011,1,1,,,,0,0,,0,,
HND_005376,2011,1,1,,,,1,0,,1,,
HND_011818,2011,1,1,,,,1,0,,1,,
HND_016355,2011,1,1,,,,0,0,,0,,
HND_000176,2011,1,1,,,,0,0,,0,,
HND_016401,2011,1,1,,,,1,0,,0,,
HND_016389,2011,1,1,,,,1,0,,1,,
HND_016515,2011,1,1,,,,1,0,,0,,
HND_003939,2011,1,1,,,,1,0,,0,,
HND_006853,2011,1,1,,,,1,0,,0,,
HND_007876,2011,1,1,,,,0,0,,0,,
HND_010534,2011,,,,,,,0,,0,,
HND_015181,2011,1,1,,,,0,0,,0,,
HND_001878,2011,1,0,,,,0,0,,0,,
HND_015068,2011,1,1,,,,1,0,,0,,
HND_006077,2011,1,1,,,,1,0,,0,,
HND_012555,2011,1,1,,,,1,0,,0,,
HND_010000,2011,,,,,,,0,,0,,
HND_001877,2011,,,,,,,0,,0,,
HND_000494,2011,,,,,,,0,,0,,
HND_010383,2011,1,1,,,,0,0,,0,,
HND_014750,2011,1,1,,,,0,0,,0,,
HND_005152,2011,1,1,,,,1,0,,0,,
HND_013174,2011,1,1,,,,1,0,,0,,
HND_004232,2011,1,1,,,,1,0,,1,,
HND_013480,2011,1,1,,,,1,0,,0,,
HND_008845,2011,1,1,,,,1,0,,0,,
HND_009701,2011,1,1,,,,0,0,,0,,
HND_015006,2011,1,1,,,,0,0,,0,,
HND_003577,2011,1,1,,,,0,0,,0,,
HND_006020,2011,1,1,,,,0,0,,0,,
HND_000196,2011,1,1,,,,0,0,,0,,
HND_007467,2011,1,1,,,,0,0,,0,,
HND_014767,2011,1,1,,,,0,0,,0,,
HND_014571,2011,1,1,,,,1,0,,0,,
HND_003052,2011,1,1,,,,1,0,,0,,
HND_013594,2011,1,1,,,,1,0,,0,,
HND_015010,2011,1,1,,,,0,0,,0,,
HND_006741,2011,1,1,,,,1,0,,0,,
HND_002523,2011,1,1,,,,1,0,,0,,
HND_005865,2011,1,1,,,,1,0,,0,,
HND_006306,2011,1,1,,,,1,0,,1,,
HND_006004,2011,1,1,,,,0,0,,0,,
HND_003072,2011,1,1,,,,0,0,,0,,
HND_003428,2011,1,1,,,,0,0,,0,,
HND_002217,2011,1,1,,,,1,0,,1,,
HND_008226,2011,1,1,,,,0,0,,0,,
HND_014661,2011,1,1,,,,0,0,,0,,
HND_007456,2011,1,1,,,,0,0,,0,,
HND_014855,2011,1,1,,,,0,0,,0,,
HND_006021,2011,1,1,,,,1,0,,0,,
HND_000959,2011,1,1,,,,0,0,,0,,
HND_011633,2011,1,1,,,,0,0,,0,,
HND_011897,2011,1,1,,,,0,0,,0,,
HND_008527,2011,1,1,,,,0,0,,0,,
HND_006759,2011,1,1,,,,0,0,,0,,
HND_005491,2011,1,1,,,,0,0,,0,,
HND_012404,2011,1,0,,,,0,0,,0,,
HND_006886,2011,1,1,,,,1,0,,0,,
HND_000889,2011,1,1,,,,0,0,,0,,
HND_012688,2011,1,1,,,,0,0,,0,,
HND_002989,2011,1,1,,,,0,0,,0,,
HND_002667,2011,1,1,,,,0,0,,0,,
HND_012912,2011,1,1,,,,0,0,,0,,
HND_010530,2011,,,,,,,0,,0,,
HND_016123,2011,,,,,,,0,,0,,
HND_002668,2011,,,,,,,0,,0,,
HND_003381,2011,,,,,,,0,,0,,
HND_008983,2011,,,,,,,0,,0,,
HND_005380,2011,1,1,,,,0,0,,0,,
HND_016111,2011,,,,,,,0,,0,,
HND_000914,2011,,0,,,,0,0,,0,,
HND_001811,2011,1,1,,,,1,0,,0,,
HND_003525,2011,,,,,,,0,,0,,
HND_003368,2011,,,,,,,0,,0,,
HND_010116,2011,,,,,,,0,,0,,
HND_012562,2011,,,,,,,0,,0,,
HND_016267,2011,,,,,,,0,,0,,
HND_016217,2011,,,,,,,0,,0,,
HND_012652,2011,,,,,,,0,,0,,
HND_001785,2011,,,,,,,0,,0,,
HND_002666,2011,1,1,,,,1,0,,0,,
HND_009315,2011,1,0,,,,0,0,,0,,
HND_002354,2011,1,1,,,,1,0,,1,,
HND_008264,2011,1,1,,,,1,0,,0,,
HND_007426,2011,1,1,,,,1,0,,1,,
HND_005768,2011,1,1,,,,1,0,,0,,
HND_008550,2011,0,0,,,,0,0,,0,,
HND_000408,2011,1,0,,,,0,0,,0,,
HND_005147,2011,1,0,,,,1,0,,0,,
HND_005148,2011,1,1,,,,1,0,,0,,
HND_005150,2011,1,1,,,,1,0,,0,,
HND_007431,2011,1,1,,,,1,0,,0,,
HND_005429,2011,1,0,,,,1,0,,0,,
HND_005130,2011,1,1,,,,1,0,,1,,
HND_002935,2011,1,1,,,,1,0,,1,,
HND_002074,2011,1,1,,,,1,0,,1,,
HND_013511,2011,1,1,,,,1,0,,0,,
HND_005774,2011,1,1,,,,1,0,,1,,
HND_014252,2011,1,0,,,,0,0,,0,,
HND_009075,2011,1,1,,,,1,0,,0,,
HND_005488,2011,,0,,,,0,0,,0,,
HND_008872,2011,1,0,,,,0,0,,0,,
HND_010704,2011,,0,,,,0,0,,0,,
HND_010644,2011,1,1,,,,0,0,,0,,
HND_008544,2011,1,0,,,,1,0,,0,,
HND_009328,2011,1,1,,,,1,0,,0,,
HND_001065,2011,0,0,,,,0,0,,0,,
HND_008083,2011,1,0,,,,0,0,,0,,
HND_016350,2011,1,0,,,,0,0,,0,,
HND_002522,2011,1,1,,,,1,0,,0,,
HND_008174,2011,0,0,,,,0,0,,0,,
HND_000338,2011,1,0,,,,1,0,,0,,
HND_008176,2011,1,0,,,,0,0,,0,,
HND_000068,2011,1,1,,,,1,1,,1,,
HND_009824,2011,1,1,,,,1,0,,0,,
HND_003194,2011,1,1,,,,1,0,,1,,
HND_000142,2011,1,1,,,,1,0,,0,,
HND_016571,2011,1,0,,,,0,0,,0,,
HND_002931,2011,1,1,,,,1,0,,1,,
HND_004276,2011,1,0,,,,1,0,,0,,
HND_007504,2011,1,1,,,,1,0,,0,,
HND_013196,2011,,0,,,,1,0,,0,,
HND_002148,2011,1,1,,,,1,0,,1,,
HND_005197,2011,1,1,,,,0,0,,0,,
HND_005199,2011,,0,,,,0,0,,0,,
HND_014888,2011,1,1,,,,1,0,,0,,
HND_009123,2011,0,0,,,,0,0,,0,,
HND_008824,2011,1,1,,,,1,0,,1,,
HND_009826,2011,1,0,,,,0,0,,0,,
HND_000095,2011,1,1,,,,1,0,,0,,
HND_007214,2011,1,1,,,,0,0,,0,,
HND_008370,2011,1,0,,,,0,0,,0,,
HND_002929,2011,1,0,,,,0,0,,0,,
HND_000472,2011,0,0,,,,0,0,,0,,
HND_009213,2011,1,1,,,,1,0,,1,,
HND_013373,2011,1,1,,,,1,0,,0,,
HND_009455,2011,1,1,,,,1,0,,0,,
HND_007248,2011,1,1,,,,1,0,,0,,
HND_002928,2011,1,0,,,,0,0,,0,,
HND_013201,2011,1,1,,,,0,0,,0,,
HND_003437,2011,1,1,,,,1,0,,0,,
HND_001036,2011,1,1,,,,1,0,,0,,
HND_009214,2011,0,0,,,,0,0,,0,,
HND_003174,2011,1,1,,,,1,0,,1,,
HND_007805,2011,1,1,,,,0,0,,0,,
HND_008444,2011,1,1,,,,1,0,,1,,
HND_009333,2011,1,1,,,,0,0,,0,,
HND_014041,2011,1,0,,,,0,0,,0,,
HND_003708,2011,1,1,,,,1,0,,0,,
HND_003171,2011,1,0,,,,1,0,,1,,
HND_005858,2011,1,1,,,,1,0,,0,,
HND_006995,2011,,0,,,,0,0,,0,,
HND_004700,2011,1,1,,,,0,0,,0,,
HND_012974,2011,1,1,,,,1,0,,0,,
HND_000940,2011,1,1,,,,1,0,,0,,
HND_001953,2011,1,1,,,,0,0,,0,,
HND_002923,2011,1,1,,,,1,0,,0,,
HND_005769,2011,1,1,,,,1,0,,1,,
HND_005897,2011,1,1,,,,1,0,,1,,
HND_014759,2011,1,1,,,,1,0,,0,,
HND_013345,2011,1,1,,,,1,0,,1,,
HND_002073,2011,1,1,,,,1,0,,1,,
HND_002287,2011,1,1,,,,1,0,,0,,
HND_001724,2011,1,1,,,,1,0,,0,,
HND_003612,2011,1,1,,,,1,0,,0,,
HND_009960,2011,1,1,,,,1,0,,0,,
HND_013672,2011,1,1,,,,1,0,,0,,
HND_013331,2011,1,1,,,,1,0,,0,,
HND_013675,2011,1,1,,,,1,0,,0,,
HND_008693,2011,1,1,,,,1,0,,0,,
HND_013575,2011,1,1,,,,1,0,,0,,
HND_010135,2011,1,1,,,,1,0,,0,,
HND_013925,2011,1,1,,,,1,0,,0,,
HND_013724,2011,1,1,,,,1,0,,0,,
HND_007243,2011,1,1,,,,1,0,,0,,
HND_016809,2011,1,1,,,,1,0,,0,,
HND_015197,2011,1,1,,,,1,0,,0,,
HND_007923,2011,1,0,,,,0,0,,0,,
HND_014423,2011,1,1,,,,1,0,,0,,
HND_006321,2011,1,1,,,,0,0,,0,,
HND_015299,2011,1,1,,,,0,0,,0,,
HND_013587,2011,1,1,,,,1,0,,0,,
HND_009955,2011,1,1,,,,1,0,,0,,
HND_013571,2011,1,1,,,,1,0,,0,,
HND_016344,2011,1,0,,,,1,0,,1,,
HND_003837,2011,1,0,,,,1,0,,1,,
HND_003706,2011,1,1,,,,1,0,,0,,
HND_000028,2011,1,0,,,,0,0,,0,,
HND_006754,2011,1,1,,,,1,0,,0,,
HND_009816,2011,1,1,,,,1,0,,1,,
HND_014552,2011,,,,,,,0,,0,,
HND_010581,2011,0,0,,,,0,0,,0,,
HND_012381,2011,1,0,,,,0,0,,0,,
HND_012465,2011,1,0,,,,0,0,,0,,
HND_003650,2011,1,1,,,,1,0,,0,,
HND_013796,2011,1,0,,,,1,0,,0,,
HND_004590,2011,1,1,,,,1,0,,0,,
HND_003122,2011,1,0,,,,1,0,,1,,
HND_003115,2011,1,0,,,,0,0,,0,,
HND_011434,2011,1,1,,,,1,0,,0,,
HND_001507,2011,,0,,,,0,0,,0,,
HND_012952,2011,,,,,,,0,,0,,
HND_014607,2011,,,,,,,0,,0,,
HND_002465,2011,,,,,,,0,,0,,
HND_007168,2011,1,1,,,,1,0,,0,,
HND_001759,2011,,,,,,,0,,0,,
HND_013151,2011,,,,,,,0,,0,,
HND_003960,2011,,,,,,,0,,0,,
HND_013376,2011,,,,,,,0,,0,,
HND_009878,2011,,,,,,,0,,0,,
HND_015412,2011,,,,,,,0,,0,,
HND_004385,2011,,,,,,,0,,0,,
HND_002608,2011,,0,,,,1,1,,0,,
HND_001176,2011,,,,,,,0,,0,,
HND_001289,2011,,,,,,,0,,0,,
HND_002058,2011,,,,,,,0,,0,,
HND_003392,2011,,,,,,,0,,0,,
HND_009877,2011,,,,,,,0,,0,,
HND_004685,2011,,,,,,,0,,0,,
HND_011319,2011,,,,,,,0,,0,,
HND_010173,2011,,,,,,,0,,0,,
HND_005674,2011,,,,,,,0,,0,,
HND_008866,2011,1,1,,,,1,0,,0,,
HND_013158,2011,1,1,,,,1,0,,1,,
HND_007270,2011,1,1,,,,1,0,,0,,
HND_004512,2011,1,1,,,,1,0,,0,,
HND_016347,2011,1,1,,,,1,0,,1,,
HND_007379,2011,1,0,,,,1,0,,0,,
HND_007098,2011,1,1,,,,1,0,,1,,
HND_014049,2011,1,1,,,,1,0,,1,,
HND_008583,2011,1,0,,,,1,0,,0,,
HND_005243,2011,1,1,,,,1,0,,1,,
HND_010970,2011,1,1,,,,1,0,,0,,
HND_010551,2011,1,1,,,,0,0,,0,,
HND_009452,2011,,0,,,,1,0,,0,,
HND_014647,2011,,0,,,,1,0,,0,,
HND_013185,2011,1,1,,,,1,0,,0,,
HND_003686,2011,1,1,,,,1,0,,0,,
HND_000878,2011,1,1,,,,0,0,,0,,
HND_006750,2011,1,1,,,,1,0,,0,,
HND_014923,2011,1,1,,,,1,0,,0,,
HND_001063,2011,1,1,,,,1,0,,0,,
HND_013386,2011,1,1,,,,1,0,,1,,
HND_006121,2011,1,1,,,,1,0,,0,,
HND_002463,2011,1,1,,,,1,0,,0,,
HND_007318,2011,1,1,,,,1,0,,0,,
HND_011512,2011,,,,,,,0,,0,,
HND_009278,2011,,,,,,,0,,0,,
HND_005775,2011,1,1,,,,1,0,,1,,
HND_015550,2011,1,0,,,,1,0,,0,,
HND_011896,2011,1,1,,,,1,0,,0,,
HND_015521,2011,1,1,,,,1,0,,0,,
HND_007365,2011,1,1,,,,1,0,,0,,
HND_013611,2011,1,1,,,,1,0,,0,,
HND_010845,2011,1,1,,,,1,0,,0,,
HND_009389,2011,1,1,,,,1,0,,0,,
HND_010342,2011,1,1,,,,1,0,,0,,
HND_002962,2011,1,1,,,,1,0,,1,,
HND_009036,2011,1,0,,,,1,0,,0,,
HND_015783,2011,1,1,,,,1,0,,1,,
HND_009794,2011,1,1,,,,1,0,,0,,
HND_008521,2011,1,1,,,,1,0,,0,,
HND_005479,2011,1,1,,,,1,0,,1,,
HND_005275,2011,1,1,,,,1,0,,0,,
HND_005408,2011,1,0,,,,1,0,,0,,
HND_003173,2011,1,0,,,,1,0,,0,,
HND_008782,2011,1,1,,,,1,0,,0,,
HND_006748,2011,1,1,,,,1,0,,0,,
HND_012069,2011,1,0,,,,1,0,,0,,
HND_006722,2011,1,1,,,,1,0,,0,,
HND_006109,2011,1,1,,,,1,0,,0,,
HND_003377,2011,,,,,,,0,,0,,
HND_000367,2011,1,1,,,,1,0,,0,,
HND_000348,2011,1,1,,,,1,0,,0,,
HND_010087,2011,1,1,,,,1,0,,0,,
HND_013314,2011,,,,,,,0,,0,,
HND_016016,2011,,,,,,,0,,0,,
HND_005559,2011,,,,,,,0,,0,,
HND_014004,2011,,,,,,,0,,0,,
HND_012780,2011,,,,,,,0,,0,,
HND_006954,2011,,,,,,,0,,0,,
HND_009777,2011,1,1,,,,1,0,,0,,
HND_016017,2011,,,,,,,0,,0,,
HND_009366,2011,,,,,,,0,,0,,
HND_002959,2011,1,1,,,,1,0,,1,,
HND_014749,2011,1,0,,,,1,0,,0,,
HND_008539,2011,1,1,,,,1,0,,1,,
HND_007469,2011,1,1,,,,1,0,,1,,
HND_016343,2011,1,1,,,,1,0,,0,,
HND_013339,2011,1,1,,,,1,0,,0,,
HND_010855,2011,1,1,,,,1,0,,0,,
HND_009764,2011,1,1,,,,1,0,,0,,
HND_014603,2011,1,1,,,,0,0,,0,,
HND_014054,2011,1,0,,,,1,0,,0,,
HND_013198,2011,1,1,,,,1,0,,0,,
HND_009912,2011,1,1,,,,1,0,,0,,
HND_008215,2011,,0,,,,0,0,,0,,
HND_004957,2011,1,1,,,,1,0,,0,,
HND_009086,2011,0,0,,,,0,0,,0,,
HND_010673,2011,1,0,,,,1,0,,0,,
HND_001278,2011,1,1,,,,1,0,,0,,
HND_003133,2011,1,0,,,,0,0,,0,,
HND_005868,2011,1,0,,,,1,0,,0,,
HND_003110,2011,1,1,,,,0,0,,0,,
HND_003078,2011,1,1,,,,1,0,,0,,
HND_001970,2011,1,1,,,,1,0,,0,,
HND_015222,2011,1,1,,,,1,0,,0,,
HND_001038,2011,1,1,,,,1,0,,1,,
HND_003611,2011,1,1,,,,0,0,,0,,
HND_000991,2011,1,1,,,,1,0,,0,,
HND_014839,2011,0,0,,,,1,0,,0,,
HND_011199,2011,,,,,,,0,,0,,
HND_009913,2011,,,,,,,0,,0,,
HND_013691,2011,,,,,,,0,,0,,
HND_004793,2011,1,1,,,,1,0,,1,,
HND_003053,2011,1,1,,,,0,0,,0,,
HND_008206,2011,0,0,,,,0,0,,0,,
HND_002973,2011,1,1,,,,1,0,,1,,
HND_008372,2011,1,0,,,,0,0,,0,,
HND_000875,2011,1,1,,,,1,0,,0,,
HND_010861,2011,1,1,,,,0,0,,0,,
HND_010014,2011,1,1,,,,0,0,,0,,
HND_016075,2011,,0,,,,1,0,,0,,
HND_008626,2011,0,0,,,,0,0,,0,,
HND_007413,2011,1,1,,,,1,0,,0,,
HND_001607,2011,1,1,,,,1,0,,0,,
HND_013578,2011,1,0,,,,0,0,,0,,
HND_013577,2011,1,1,,,,1,0,,0,,
HND_015172,2011,,0,,,,1,0,,0,,
HND_007288,2011,1,1,,,,1,1,,1,,
HND_012872,2011,1,1,,,,0,0,,0,,
HND_001277,2011,1,1,,,,0,0,,0,,
HND_003141,2011,,0,,,,1,0,,1,,
HND_003540,2011,1,1,,,,1,0,,0,,
HND_010947,2011,1,0,,,,1,0,,0,,
HND_000340,2011,1,0,,,,0,0,,0,,
HND_002977,2011,1,0,,,,0,0,,0,,
HND_000241,2011,1,1,,,,1,0,,1,,
HND_008371,2011,1,1,,,,1,0,,0,,
HND_009437,2011,,0,,,,1,0,,0,,
HND_012173,2011,1,1,,,,1,0,,1,,
HND_014663,2011,1,1,,,,1,0,,0,,
HND_011690,2011,1,0,,,,0,0,,0,,
HND_002498,2011,1,0,,,,0,0,,0,,
HND_013381,2011,1,0,,,,0,0,,0,,
HND_004743,2011,1,0,,,,1,0,,0,,
HND_004741,2011,1,0,,,,0,0,,0,,
HND_007380,2011,1,1,,,,1,0,,0,,
HND_003161,2011,1,1,,,,1,0,,0,,
HND_004783,2011,1,1,,,,1,0,,0,,
HND_013340,2011,1,1,,,,1,0,,1,,
HND_008443,2011,1,0,,,,1,0,,0,,
HND_008389,2011,1,1,,,,1,0,,0,,
HND_009742,2011,1,0,,,,1,0,,1,,
HND_008388,2011,1,1,,,,1,0,,0,,
HND_009854,2011,1,1,,,,1,0,,1,,
HND_007319,2011,1,0,,,,1,0,,0,,
HND_003195,2011,1,1,,,,1,0,,1,,
HND_010703,2011,1,1,,,,1,0,,0,,
HND_000106,2011,1,0,,,,1,0,,0,,
HND_001000,2011,,0,,,,1,0,,0,,
HND_000043,2011,1,1,,,,1,0,,0,,
HND_011919,2011,1,1,,,,1,0,,0,,
HND_003120,2011,1,1,,,,1,0,,0,,
HND_012111,2011,1,1,,,,1,0,,0,,
HND_000561,2011,1,1,,,,0,0,,0,,
HND_013835,2011,1,1,,,,1,0,,0,,
HND_002385,2011,1,0,,,,1,0,,0,,
HND_002068,2011,1,1,,,,1,0,,0,,
HND_013592,2011,1,1,,,,1,0,,0,,
HND_003121,2011,1,1,,,,0,0,,0,,
HND_010896,2011,1,0,,,,1,0,,1,,
HND_001007,2011,1,1,,,,1,0,,0,,
HND_011511,2011,,,,,,,0,,0,,
HND_003369,2011,,,,,,,0,,0,,
HND_009980,2011,,,,,,,0,,0,,
HND_013649,2011,,,,,,,0,,0,,
HND_002160,2011,,,,,,,0,,0,,
HND_012464,2011,1,0,,,,1,0,,0,,
HND_003196,2011,1,0,,,,0,0,,0,,
HND_009313,2011,0,0,,,,0,0,,0,,
HND_005001,2011,1,1,,,,1,0,,1,,
HND_010920,2011,1,1,,,,1,0,,0,,
HND_013956,2011,1,0,,,,0,0,,0,,
HND_004982,2011,1,0,,,,0,0,,0,,
HND_008406,2011,1,1,,,,0,0,,0,,
HND_006079,2011,1,0,,,,0,0,,0,,
HND_009668,2011,1,0,,,,0,0,,0,,
HND_002936,2011,1,1,,,,1,0,,1,,
HND_002951,2011,1,1,,,,1,0,,0,,
HND_014034,2011,0,0,,,,0,0,,0,,
HND_015771,2011,1,1,,,,0,0,,0,,
HND_008374,2011,1,1,,,,1,0,,0,,
HND_007332,2011,,0,,,,0,0,,0,,
HND_007478,2011,1,1,,,,1,0,,1,,
HND_013186,2011,0,0,,,,0,0,,0,,
HND_008841,2011,1,1,,,,1,0,,0,,
HND_008071,2011,1,0,,,,0,0,,0,,
HND_000820,2011,1,0,,,,0,0,,0,,
HND_013366,2011,1,1,,,,1,0,,0,,
HND_002956,2011,0,0,,,,0,0,,0,,
HND_009040,2011,1,0,,,,0,0,,0,,
HND_005888,2011,1,0,,,,0,0,,0,,
HND_012902,2011,1,0,,,,0,0,,0,,
HND_003524,2011,0,0,,,,0,0,,0,,
HND_009465,2011,1,0,,,,0,0,,0,,
HND_000471,2011,0,0,,,,1,0,,0,,
HND_013847,2011,,0,,,,0,0,,0,,
HND_010793,2011,1,1,,,,0,0,,0,,
HND_014386,2011,1,1,,,,0,0,,0,,
HND_013022,2011,1,1,,,,0,0,,0,,
HND_011242,2011,1,1,,,,1,0,,0,,
HND_013570,2011,1,1,,,,1,0,,0,,
HND_013581,2011,1,1,,,,1,0,,0,,
HND_001859,2011,0,0,,,,1,0,,0,,
HND_007954,2011,1,1,,,,0,0,,0,,
HND_010221,2011,1,0,,,,0,0,,0,,
HND_001442,2011,1,1,,,,0,0,,0,,
HND_013572,2011,1,1,,,,0,0,,0,,
HND_011658,2011,,0,,,,0,0,,0,,
HND_000397,2011,1,1,,,,0,0,,0,,
HND_009931,2011,1,0,,,,0,0,,0,,
HND_013579,2011,1,1,,,,0,0,,0,,
HND_014554,2011,1,0,,,,0,0,,0,,
HND_007107,2011,1,0,,,,1,1,,1,,
HND_014314,2011,1,1,,,,1,0,,1,,
HND_000090,2011,1,0,,,,0,0,,0,,
HND_000276,2011,1,0,,,,0,0,,0,,
HND_007953,2011,1,1,,,,0,0,,0,,
HND_006213,2011,,,,,,,0,,0,,
HND_012262,2011,,0,,,,1,0,,0,,
HND_008570,2011,,,,,,,0,,0,,
HND_003360,2011,,,,,,,0,,0,,
HND_003415,2011,,,,,,,0,,0,,
HND_001861,2011,,,,,,,0,,0,,
HND_006904,2011,,,,,,,0,,0,,
HND_001843,2011,,,,,,,0,,0,,
HND_000920,2011,,,,,,,0,,0,,
HND_008706,2011,0,0,,,,0,0,,0,,
HND_001842,2011,,,,,,,0,,0,,
HND_013222,2011,0,0,,,,0,0,,0,,
HND_009746,2011,1,1,,,,1,0,,0,,
HND_016252,2011,1,0,,,,1,0,,0,,
HND_016346,2011,1,1,,,,1,0,,1,,
HND_000110,2011,1,1,,,,1,0,,0,,
HND_000116,2011,1,1,,,,0,0,,0,,
HND_008536,2011,,0,,,,0,0,,0,,
HND_007462,2011,1,0,,,,1,0,,0,,
HND_004901,2011,1,0,,,,0,0,,0,,
HND_016352,2011,1,0,,,,0,0,,0,,
HND_002966,2011,1,1,,,,1,0,,0,,
HND_003354,2011,1,1,,,,0,0,,0,,
HND_003355,2011,1,1,,,,1,0,,0,,
HND_003573,2011,1,0,,,,0,0,,0,,
HND_014352,2011,1,1,,,,0,0,,0,,
HND_007806,2011,1,1,,,,1,0,,0,,
HND_007922,2011,1,0,,,,0,0,,0,,
HND_012643,2011,1,0,,,,0,0,,0,,
HND_004479,2011,1,1,,,,0,0,,0,,
HND_009453,2011,1,1,,,,1,0,,0,,
HND_013374,2011,1,1,,,,1,0,,1,,
HND_014885,2011,1,1,,,,0,0,,0,,
HND_016594,2011,1,0,,,,0,0,,0,,
HND_004499,2011,,,,,,,0,,0,,
HND_001503,2011,1,1,,,,1,0,,0,,
HND_016349,2011,,,,,,,0,,0,,
HND_011093,2011,1,1,,,,0,0,,0,,
HND_012536,2011,,,,,,,0,,0,,
HND_010442,2011,,,,,,,0,,0,,
HND_010441,2011,,,,,,,0,,0,,
HND_014015,2011,,,,,,,0,,0,,
HND_003484,2011,,,,,,,0,,0,,
HND_004500,2011,,,,,,,0,,0,,
HND_007447,2011,1,1,,,,1,1,,1,,
HND_001504,2011,1,1,,,,1,0,,1,,
HND_003189,2011,1,1,,,,0,0,,0,,
HND_016605,2011,1,1,,,,1,0,,0,,
HND_008170,2011,,0,,,,1,0,,0,,
HND_016354,2011,1,1,,,,1,0,,1,,
HND_010962,2011,1,1,,,,1,0,,1,,
HND_008227,2011,1,1,,,,0,0,,0,,
HND_016606,2011,1,1,,,,1,0,,1,,
HND_010661,2011,1,1,,,,1,0,,0,,
HND_000195,2011,1,1,,,,1,0,,1,,
HND_013946,2011,1,1,,,,1,0,,1,,
HND_015076,2011,1,1,,,,1,0,,1,,
HND_016610,2011,1,1,,,,1,0,,1,,
HND_016661,2011,1,1,,,,1,0,,1,,
HND_005615,2011,1,1,,,,1,0,,1,,
HND_010949,2011,1,1,,,,1,0,,0,,
HND_004197,2011,1,1,,,,1,0,,1,,
HND_013040,2011,1,1,,,,1,0,,1,,
HND_005357,2011,1,1,,,,1,0,,1,,
HND_009827,2011,1,1,,,,0,0,,0,,
HND_014010,2011,1,1,,,,0,0,,0,,
HND_004834,2011,1,1,,,,1,0,,1,,
HND_013110,2011,1,1,,,,1,0,,0,,
HND_002431,2011,1,1,,,,1,0,,0,,
HND_008713,2011,1,1,,,,1,0,,1,,
HND_005609,2011,1,1,,,,1,0,,0,,
HND_003744,2011,1,1,,,,1,0,,0,,
HND_012810,2011,1,1,,,,1,0,,0,,
HND_011180,2011,1,1,,,,1,0,,0,,
HND_012342,2011,1,1,,,,1,0,,0,,
HND_012112,2011,1,1,,,,1,0,,0,,
HND_000616,2011,1,1,,,,1,0,,0,,
HND_015667,2011,1,1,,,,1,0,,0,,
HND_003593,2011,1,1,,,,1,0,,0,,
HND_004514,2011,1,1,,,,1,1,,1,,
HND_013836,2011,1,1,,,,1,0,,0,,
HND_008100,2011,1,1,,,,1,0,,1,,
HND_000277,2011,1,1,,,,1,0,,0,,
HND_000050,2011,1,1,,,,1,0,,0,,
HND_011706,2011,1,1,,,,1,0,,0,,
HND_004993,2011,,,,,,,0,,0,,
HND_016109,2011,1,1,,,,1,0,,0,,
HND_002447,2011,,,,,,,0,,0,,
HND_015452,2011,1,1,,,,1,0,,1,,
HND_007512,2011,,,,,,,0,,0,,
HND_002512,2011,1,1,,,,1,0,,0,,
HND_010723,2011,1,1,,,,0,0,,0,,
HND_013519,2011,1,1,,,,0,0,,0,,
HND_000191,2011,0,0,,,,1,0,,0,,
HND_002623,2011,1,1,,,,1,0,,1,,
HND_015463,2011,1,1,,,,1,0,,0,,
HND_007490,2011,1,1,,,,1,0,,1,,
HND_008797,2011,1,1,,,,1,0,,1,,
HND_011565,2011,1,1,,,,1,0,,1,,
HND_016521,2011,1,1,,,,0,0,,0,,
HND_001420,2011,1,1,,,,0,0,,0,,
HND_009251,2011,1,1,,,,1,0,,1,,
HND_013317,2011,1,1,,,,1,0,,1,,
HND_005647,2011,1,1,,,,1,0,,1,,
HND_002991,2011,1,1,,,,1,0,,1,,
HND_014717,2011,1,1,,,,1,0,,0,,
HND_016353,2011,1,1,,,,1,0,,0,,
HND_005547,2011,1,1,,,,1,0,,0,,
HND_001060,2011,1,1,,,,1,0,,0,,
HND_011156,2011,1,1,,,,0,0,,0,,
HND_000693,2011,1,1,,,,0,0,,0,,
HND_005790,2011,0,0,,,,0,0,,0,,
HND_013164,2011,0,0,,,,1,0,,0,,
HND_015057,2011,1,1,,,,0,0,,0,,
HND_000126,2011,0,0,,,,1,0,,0,,
HND_016516,2011,1,0,,,,1,1,,0,,
HND_007074,2011,0,0,,,,0,0,,0,,
HND_000655,2011,1,1,,,,1,1,,0,,
HND_010778,2011,1,1,,,,0,0,,0,,
HND_004367,2011,1,1,,,,0,0,,0,,
HND_011829,2011,1,1,,,,0,0,,0,,
HND_009547,2011,1,1,,,,1,0,,0,,
HND_000895,2011,1,1,,,,0,0,,0,,
HND_010853,2011,1,1,,,,1,0,,0,,
HND_013420,2011,1,1,,,,1,0,,0,,
HND_005784,2011,1,1,,,,0,0,,0,,
HND_013419,2011,1,1,,,,0,0,,0,,
HND_002741,2011,1,1,,,,0,0,,0,,
HND_004248,2011,1,1,,,,0,0,,0,,
HND_006978,2011,1,1,,,,1,0,,1,,
HND_004802,2011,1,1,,,,1,0,,0,,
HND_002525,2011,1,1,,,,1,0,,1,,
HND_016382,2011,1,1,,,,0,0,,0,,
HND_012829,2011,1,1,,,,1,0,,0,,
HND_004722,2011,1,1,,,,1,0,,0,,
HND_010730,2011,1,1,,,,1,0,,0,,
HND_004267,2011,1,1,,,,0,0,,0,,
HND_004278,2011,1,1,,,,1,0,,1,,
HND_010405,2011,0,0,,,,0,0,,0,,
HND_010722,2011,1,1,,,,0,0,,0,,
HND_004768,2011,1,1,,,,0,0,,0,,
HND_011559,2011,1,1,,,,0,0,,0,,
HND_008419,2011,1,1,,,,1,0,,0,,
HND_002323,2011,1,1,,,,0,0,,0,,
HND_000022,2011,1,1,,,,0,0,,0,,
HND_016685,2011,1,1,,,,0,0,,0,,
HND_014062,2011,1,0,,,,0,0,,0,,
HND_004211,2011,1,1,,,,0,0,,0,,
HND_006704,2011,1,1,,,,0,0,,0,,
HND_014800,2011,1,1,,,,0,0,,0,,
HND_014105,2011,1,0,,,,0,0,,0,,
HND_004771,2011,0,0,,,,0,0,,0,,
HND_013829,2011,1,1,,,,0,0,,0,,
HND_003961,2011,1,1,,,,0,0,,0,,
HND_002326,2011,1,1,,,,0,0,,0,,
HND_004340,2011,1,1,,,,1,0,,0,,
HND_002611,2011,1,1,,,,0,0,,0,,
HND_012228,2011,1,1,,,,0,0,,0,,
HND_005885,2011,1,0,,,,0,0,,0,,
HND_001304,2011,1,1,,,,0,0,,0,,
HND_010900,2011,1,1,,,,0,0,,0,,
HND_012925,2011,,0,,,,0,0,,0,,
HND_008433,2011,1,1,,,,0,0,,0,,
HND_015248,2011,1,1,,,,1,0,,0,,
HND_012920,2011,1,1,,,,0,0,,0,,
HND_012862,2011,1,1,,,,0,0,,0,,
HND_010876,2011,1,1,,,,0,0,,0,,
HND_014255,2011,1,1,,,,1,1,,0,,
HND_009165,2011,1,1,,,,1,1,,0,,
HND_011217,2011,1,1,,,,1,0,,0,,
HND_010753,2011,1,1,,,,0,0,,0,,
HND_013437,2011,1,0,,,,0,0,,0,,
HND_008185,2011,1,1,,,,1,0,,0,,
HND_004072,2011,1,1,,,,0,1,,0,,
HND_000486,2011,1,1,,,,0,0,,0,,
HND_013355,2011,1,1,,,,1,0,,1,,
HND_005287,2011,1,0,,,,0,0,,0,,
HND_007690,2011,1,1,,,,1,0,,0,,
HND_010731,2011,1,1,,,,0,0,,0,,
HND_008855,2011,1,1,,,,1,0,,0,,
HND_002639,2011,1,1,,,,1,0,,1,,
HND_000605,2011,,0,,,,0,0,,0,,
HND_016333,2011,1,1,,,,1,0,,1,,
HND_013267,2011,1,1,,,,1,0,,0,,
HND_014214,2011,1,0,,,,0,0,,0,,
HND_016729,2011,1,1,,,,0,0,,0,,
HND_008489,2011,1,1,,,,1,0,,0,,
HND_003232,2011,1,1,,,,1,0,,0,,
HND_015822,2011,1,1,,,,1,1,,1,,
HND_000462,2011,1,1,,,,1,0,,0,,
HND_016335,2011,1,1,,,,1,0,,0,,
HND_000046,2011,1,0,,,,0,0,,0,,
HND_002291,2011,1,1,,,,0,0,,0,,
HND_016721,2011,1,1,,,,0,0,,0,,
HND_007043,2011,1,1,,,,1,0,,0,,
HND_007039,2011,1,1,,,,1,0,,0,,
HND_006338,2011,1,1,,,,0,0,,0,,
HND_003876,2011,1,1,,,,0,0,,0,,
HND_002127,2011,1,1,,,,1,1,,0,,
HND_012919,2011,1,1,,,,1,1,,0,,
HND_007044,2011,1,1,,,,1,0,,0,,
HND_007045,2011,1,1,,,,1,0,,0,,
HND_007042,2011,1,1,,,,1,0,,0,,
HND_010958,2011,1,1,,,,0,0,,0,,
HND_015850,2011,,,,,,,0,,0,,
HND_004134,2011,1,0,,,,0,0,,0,,
HND_005648,2011,1,1,,,,1,0,,0,,
HND_010877,2011,1,1,,,,0,0,,0,,
HND_007066,2011,1,1,,,,1,0,,0,,
HND_012858,2011,1,1,,,,1,1,,0,,
HND_007729,2011,1,1,,,,1,0,,1,,
HND_012153,2011,1,1,,,,1,0,,0,,
HND_012918,2011,1,1,,,,0,0,,0,,
HND_012917,2011,1,1,,,,0,0,,0,,
HND_015173,2011,,0,,,,1,0,,0,,
HND_008959,2011,,0,,,,0,0,,0,,
HND_001731,2011,1,1,,,,0,0,,0,,
HND_015510,2011,1,1,,,,0,0,,0,,
HND_009773,2011,1,1,,,,1,0,,1,,
HND_002483,2011,1,1,,,,0,0,,0,,
HND_000379,2011,1,1,,,,0,0,,0,,
HND_001977,2011,1,1,,,,0,0,,0,,
HND_012916,2011,1,0,,,,0,0,,0,,
HND_010399,2011,1,1,,,,0,0,,0,,
HND_010401,2011,1,1,,,,0,0,,0,,
HND_011831,2011,1,1,,,,0,0,,0,,
HND_010737,2011,1,1,,,,0,0,,0,,
HND_010729,2011,1,1,,,,1,1,,0,,
HND_005690,2011,1,1,,,,1,0,,0,,
HND_016689,2011,1,1,,,,1,0,,0,,
HND_016722,2011,1,1,,,,1,0,,0,,
HND_012893,2011,1,1,,,,0,0,,0,,
HND_008704,2011,1,1,,,,0,0,,0,,
HND_010592,2011,0,0,,,,1,0,,0,,
HND_015544,2011,1,1,,,,0,0,,0,,
HND_013166,2011,0,0,,,,1,0,,0,,
HND_008588,2011,1,1,,,,1,0,,0,,
HND_008578,2011,1,1,,,,1,0,,0,,
HND_005565,2011,1,1,,,,1,0,,0,,
HND_009715,2011,1,1,,,,1,0,,1,,
HND_005468,2011,1,1,,,,0,0,,0,,
HND_011244,2011,1,0,,,,0,0,,0,,
HND_012887,2011,0,0,,,,0,0,,0,,
HND_003253,2011,1,1,,,,0,0,,0,,
HND_012250,2011,1,1,,,,0,0,,0,,
HND_015247,2011,1,1,,,,0,0,,0,,
HND_012921,2011,1,0,,,,0,0,,0,,
HND_010739,2011,1,1,,,,0,0,,0,,
HND_007059,2011,1,1,,,,0,0,,0,,
HND_012906,2011,,0,,,,0,0,,0,,
HND_013846,2011,1,1,,,,0,0,,0,,
HND_002478,2011,1,1,,,,0,0,,0,,
HND_013588,2011,1,1,,,,0,0,,0,,
HND_011480,2011,1,0,,,,0,0,,0,,
HND_016282,2011,,0,,,,0,0,,0,,
HND_001983,2011,1,0,,,,0,0,,0,,
HND_011292,2011,1,1,,,,0,0,,0,,
HND_005650,2011,1,1,,,,0,0,,0,,
HND_016628,2011,1,1,,,,0,0,,0,,
HND_013584,2011,,0,,,,0,0,,0,,
HND_013780,2011,1,1,,,,1,0,,1,,
HND_011860,2011,1,0,,,,0,0,,0,,
HND_010928,2011,1,1,,,,0,0,,0,,
HND_005410,2011,1,0,,,,0,0,,0,,
HND_016890,2011,1,1,,,,0,0,,0,,
HND_016635,2011,1,1,,,,1,1,,0,,
HND_005548,2011,1,1,,,,0,0,,0,,
HND_013459,2011,1,1,,,,0,0,,0,,
HND_007857,2011,1,0,,,,0,0,,0,,
HND_012923,2011,1,1,,,,0,0,,0,,
HND_005156,2011,1,0,,,,0,0,,0,,
HND_011807,2011,1,1,,,,0,0,,0,,
HND_008342,2011,1,1,,,,1,1,,0,,
HND_007862,2011,1,1,,,,0,0,,0,,
HND_005668,2011,1,1,,,,1,0,,0,,
HND_007205,2011,1,1,,,,1,1,,0,,
HND_007204,2011,1,1,,,,0,0,,0,,
HND_008942,2011,1,0,,,,0,0,,0,,
HND_013595,2011,1,1,,,,0,0,,0,,
HND_008678,2011,1,0,,,,0,0,,0,,
HND_010756,2011,1,1,,,,0,0,,0,,
HND_012004,2011,1,1,,,,1,0,,1,,
HND_011479,2011,1,1,,,,0,0,,0,,
HND_009356,2011,1,1,,,,1,0,,0,,
HND_011233,2011,1,1,,,,0,0,,0,,
HND_003242,2011,1,1,,,,0,0,,0,,
HND_011488,2011,,,,,,,0,,0,,
HND_001818,2011,,,,,,,0,,0,,
HND_003230,2011,,,,,,,0,,0,,
HND_013451,2011,1,1,,,,0,0,,0,,
HND_013043,2011,1,0,,,,0,0,,0,,
HND_003247,2011,,,,,,,0,,0,,
HND_001094,2011,,,,,,,0,,0,,
HND_004368,2011,,,,,,,0,,0,,
HND_001034,2011,,,,,,,0,,0,,
HND_002278,2011,,,,,,,0,,0,,
HND_015236,2011,1,1,,,,1,0,,1,,
HND_015486,2011,1,1,,,,1,0,,0,,
HND_005797,2011,1,1,,,,0,0,,0,,
HND_015241,2011,1,0,,,,0,0,,0,,
HND_010802,2011,1,0,,,,1,0,,0,,
HND_002952,2011,1,1,,,,0,0,,0,,
HND_009969,2011,,,,,,,0,,0,,
HND_015528,2011,,,,,,,0,,0,,
HND_009250,2011,1,1,,,,0,0,,0,,
HND_011490,2011,,0,,,,1,0,,0,,
HND_015240,2011,,0,,,,0,0,,0,,
HND_015878,2011,,0,,,,0,0,,0,,
HND_005248,2011,1,1,,,,1,0,,0,,
HND_008284,2011,1,0,,,,1,0,,0,,
HND_005649,2011,1,0,,,,0,0,,0,,
HND_000972,2011,,,,,,,0,,0,,
HND_011487,2011,,0,,,,0,0,,0,,
HND_001664,2011,1,1,,,,0,0,,0,,
HND_007958,2011,1,1,,,,1,0,,0,,
HND_015855,2011,,,,,,,0,,0,,
HND_003391,2011,0,0,,,,0,0,,0,,
HND_008464,2011,,,,,,,0,,0,,
HND_005401,2011,,,,,,,0,,0,,
HND_003462,2011,,,,,,,0,,0,,
HND_001808,2011,,,,,,,0,,0,,
HND_016107,2011,,,,,,,0,,0,,
HND_003225,2011,,0,,,,1,0,,0,,
HND_002284,2011,,,,,,,0,,0,,
HND_010741,2011,,,,,,,0,,0,,
HND_001033,2011,,,,,,,0,,0,,
HND_001443,2011,,,,,,,0,,0,,
HND_000018,2011,1,0,,,,0,0,,0,,
HND_003097,2011,1,1,,,,0,0,,0,,
HND_004932,2011,1,1,,,,0,0,,0,,
HND_006727,2011,,,,,,,0,,0,,
HND_016884,2011,,,,,,,0,,0,,
HND_012517,2011,,,,,,,0,,0,,
HND_011385,2011,0,0,,,,0,0,,0,,
HND_007995,2011,1,1,,,,0,0,,0,,
HND_008784,2011,0,0,,,,0,0,,0,,
HND_016829,2011,1,1,,,,1,0,,0,,
HND_012714,2011,,,,,,,0,,0,,
HND_012513,2011,,,,,,,0,,0,,
HND_010718,2011,,,,,,,0,,0,,
HND_000912,2011,,,,,,,0,,0,,
HND_012053,2011,,,,,,,0,,0,,
HND_001492,2011,0,0,,,,0,0,,0,,
HND_001643,2011,1,0,,,,1,0,,0,,
HND_012052,2011,,,,,,,0,,0,,
HND_002252,2011,1,1,,,,1,0,,0,,
HND_016623,2011,1,1,,,,1,0,,1,,
HND_008968,2011,1,0,,,,0,0,,0,,
HND_006979,2011,1,1,,,,1,0,,1,,
HND_010172,2011,1,1,,,,1,0,,1,,
HND_013157,2011,1,1,,,,1,0,,1,,
HND_000439,2011,1,0,,,,0,0,,0,,
HND_001908,2011,1,1,,,,1,0,,0,,
HND_005561,2011,1,1,,,,1,0,,0,,
HND_006707,2011,1,1,,,,1,0,,0,,
HND_016402,2011,1,1,,,,1,0,,0,,
HND_000893,2011,1,1,,,,1,0,,1,,
HND_001602,2011,,,,,,,0,,0,,
HND_012476,2011,,,,,,,0,,0,,
HND_015224,2011,,,,,,,0,,0,,
HND_010355,2011,,,,,,,0,,0,,
HND_009136,2011,,,,,,,0,,0,,
HND_004580,2011,,,,,,,0,,0,,
HND_003040,2011,,,,,,,0,,0,,
HND_002978,2011,,,,,,,0,,0,,
HND_016700,2011,1,1,,,,1,0,,0,,
HND_004447,2011,1,1,,,,1,0,,0,,
HND_004214,2011,1,1,,,,1,0,,0,,
HND_007215,2011,1,1,,,,0,0,,0,,
HND_008492,2011,1,1,,,,1,0,,0,,
HND_008491,2011,1,1,,,,1,0,,0,,
HND_008870,2011,1,1,,,,1,0,,0,,
HND_008490,2011,1,1,,,,1,0,,0,,
HND_008501,2011,1,1,,,,1,0,,0,,
HND_014313,2011,1,1,,,,1,0,,1,,
HND_005373,2011,1,1,,,,1,0,,1,,
HND_013163,2011,1,1,,,,1,0,,0,,
HND_010734,2011,1,0,,,,0,0,,0,,
HND_009651,2011,1,1,,,,0,0,,0,,
HND_000646,2011,1,1,,,,1,0,,0,,
HND_007239,2011,1,1,,,,1,0,,0,,
HND_005486,2011,1,1,,,,1,1,,0,,
HND_005470,2011,1,1,,,,1,1,,0,,
HND_002932,2011,1,1,,,,1,0,,0,,
HND_014711,2011,1,1,,,,1,0,,0,,
HND_014625,2011,1,1,,,,0,0,,0,,
HND_007603,2011,1,1,,,,1,0,,0,,
HND_002948,2011,1,1,,,,0,0,,0,,
HND_013488,2011,1,1,,,,1,0,,0,,
HND_009087,2011,0,0,,,,0,0,,0,,
HND_013192,2011,1,1,,,,1,0,,0,,
HND_008431,2011,1,1,,,,1,0,,0,,
HND_002941,2011,1,1,,,,1,0,,0,,
HND_000793,2011,1,1,,,,1,0,,1,,
HND_002954,2011,1,1,,,,1,0,,0,,
HND_013400,2011,1,1,,,,1,0,,0,,
HND_011152,2011,1,1,,,,1,1,,1,,
HND_005190,2011,,0,,,,0,0,,0,,
HND_002537,2011,,,,,,,0,,0,,
HND_003646,2011,1,1,,,,1,0,,1,,
HND_009892,2011,1,1,,,,0,0,,0,,
HND_015542,2011,1,1,,,,1,0,,0,,
HND_006368,2011,1,1,,,,1,0,,0,,
HND_012922,2011,1,1,,,,1,0,,0,,
HND_015391,2011,1,1,,,,0,0,,0,,
HND_011562,2011,1,1,,,,1,0,,0,,
HND_013863,2011,1,1,,,,0,0,,0,,
HND_005087,2011,1,1,,,,1,0,,0,,
HND_000721,2011,1,1,,,,0,1,,0,,
HND_001362,2011,1,1,,,,1,0,,0,,
HND_005340,2011,1,1,,,,1,0,,0,,
HND_012926,2011,1,1,,,,1,0,,0,,
HND_006202,2011,1,1,,,,1,0,,0,,
HND_008237,2011,1,1,,,,1,0,,0,,
HND_005159,2011,1,1,,,,0,0,,0,,
HND_007613,2011,1,1,,,,0,0,,0,,
HND_008603,2011,1,1,,,,0,0,,0,,
HND_013336,2011,1,1,,,,0,0,,0,,
HND_008751,2011,1,1,,,,1,0,,1,,
HND_002542,2011,1,1,,,,0,0,,0,,
HND_009891,2011,1,1,,,,0,0,,0,,
HND_009206,2011,1,1,,,,1,0,,0,,
HND_010830,2011,1,1,,,,1,0,,0,,
HND_015388,2011,1,1,,,,1,0,,0,,
HND_011528,2011,1,1,,,,0,0,,0,,
HND_015724,2011,1,1,,,,0,0,,0,,
HND_013065,2011,1,1,,,,1,0,,0,,
HND_002328,2011,1,1,,,,1,0,,0,,
HND_004269,2011,1,1,,,,1,0,,0,,
HND_011182,2011,1,1,,,,1,0,,1,,
HND_007056,2011,1,1,,,,0,0,,0,,
HND_013092,2011,1,1,,,,0,0,,0,,
HND_008505,2011,1,1,,,,1,0,,0,,
HND_009974,2011,1,1,,,,1,0,,0,,
HND_003875,2011,,0,,,,0,0,,0,,
HND_013908,2011,0,0,,,,0,0,,0,,
HND_003841,2011,1,1,,,,0,0,,0,,
HND_012835,2011,,0,,,,0,0,,0,,
HND_004646,2011,1,1,,,,1,0,,0,,
HND_015239,2011,1,1,,,,0,0,,0,,
HND_016850,2011,1,1,,,,1,0,,0,,
HND_006193,2011,1,0,,,,0,0,,0,,
HND_013093,2011,1,1,,,,0,0,,0,,
HND_010048,2011,1,1,,,,0,0,,0,,
HND_015553,2011,1,1,,,,0,0,,0,,
HND_000664,2011,1,1,,,,1,0,,0,,
HND_004401,2011,1,1,,,,1,1,,0,,
HND_006688,2011,1,1,,,,0,0,,0,,
HND_003165,2011,,,,,,,0,,0,,
HND_009975,2011,,,,,,,0,,0,,
HND_010141,2011,,,,,,,0,,0,,
HND_011719,2011,1,1,,,,0,0,,0,,
HND_002165,2011,1,1,,,,0,0,,0,,
HND_012933,2011,1,1,,,,1,0,,0,,
HND_011323,2011,,,,,,,0,,0,,
HND_009579,2011,,,,,,,0,,0,,
HND_016629,2011,0,0,,,,0,0,,0,,
HND_015237,2011,1,1,,,,1,0,,1,,
HND_010934,2011,,0,,,,1,0,,1,,
HND_016798,2011,1,1,,,,1,0,,0,,
HND_007964,2011,1,1,,,,1,0,,1,,
HND_014008,2011,1,1,,,,1,0,,0,,
HND_005393,2011,0,0,,,,0,0,,0,,
HND_015157,2011,1,1,,,,1,0,,1,,
HND_010749,2011,,0,,,,1,0,,1,,
HND_011735,2011,1,1,,,,1,0,,0,,
HND_008965,2011,0,0,,,,0,0,,0,,
HND_011105,2011,1,1,,,,1,0,,0,,
HND_002552,2011,,0,,,,1,0,,0,,
HND_006358,2011,1,1,,,,1,0,,0,,
HND_010694,2011,1,0,,,,1,0,,0,,
HND_004845,2011,1,1,,,,1,0,,0,,
HND_011691,2011,1,1,,,,1,0,,0,,
HND_006997,2011,1,0,,,,0,0,,0,,
HND_010267,2011,1,1,,,,1,0,,1,,
HND_007917,2011,1,1,,,,1,1,,0,,
HND_006982,2011,1,1,,,,0,0,,0,,
HND_000733,2011,1,1,,,,1,0,,0,,
HND_013313,2011,1,1,,,,1,0,,1,,
HND_007086,2011,1,1,,,,1,0,,0,,
HND_014444,2011,,0,,,,1,0,,0,,
HND_002617,2011,1,1,,,,1,0,,0,,
HND_009411,2011,1,1,,,,1,0,,1,,
HND_005415,2011,1,1,,,,1,0,,0,,
HND_000835,2011,1,1,,,,1,0,,1,,
HND_011564,2011,1,1,,,,1,0,,0,,
HND_008867,2011,1,1,,,,1,0,,1,,
HND_013436,2011,1,1,,,,1,0,,0,,
HND_016693,2011,1,1,,,,1,0,,1,,
HND_010340,2011,,0,,,,1,0,,1,,
HND_013165,2011,1,1,,,,1,0,,1,,
HND_015228,2011,1,1,,,,1,0,,1,,
HND_010298,2011,1,1,,,,1,0,,1,,
HND_003126,2011,1,1,,,,1,0,,1,,
HND_015686,2011,1,1,,,,1,0,,1,,
HND_011916,2011,1,1,,,,1,0,,1,,
HND_007800,2011,1,0,,,,0,0,,0,,
HND_009724,2011,1,1,,,,1,0,,1,,
HND_005764,2011,1,1,,,,1,0,,1,,
HND_016765,2011,1,1,,,,1,0,,1,,
HND_005870,2011,1,1,,,,1,0,,0,,
HND_012038,2011,1,1,,,,1,0,,0,,
HND_014837,2011,1,1,,,,1,0,,1,,
HND_013318,2011,1,1,,,,1,0,,1,,
HND_003523,2011,1,1,,,,1,0,,1,,
HND_010689,2011,1,1,,,,1,0,,1,,
HND_014652,2011,1,1,,,,1,0,,1,,
HND_003109,2011,1,1,,,,1,0,,1,,
HND_003216,2011,1,1,,,,1,0,,0,,
HND_005844,2011,1,1,,,,1,0,,0,,
HND_000313,2011,1,1,,,,0,0,,1,,
HND_009092,2011,1,0,,,,1,0,,0,,
HND_006373,2011,1,0,,,,1,0,,0,,
HND_013344,2011,1,1,,,,1,0,,1,,
HND_010713,2011,0,0,,,,1,0,,0,,
HND_014005,2011,,0,,,,1,0,,1,,
HND_015734,2011,1,1,,,,1,0,,1,,
HND_010786,2011,1,1,,,,1,0,,0,,
HND_011905,2011,1,1,,,,1,0,,0,,
HND_006872,2011,1,1,,,,1,0,,0,,
HND_004287,2011,,,,,,,0,,0,,
HND_002037,2011,1,1,,,,1,0,,0,,
HND_000511,2011,1,0,,,,0,0,,0,,
HND_015154,2011,1,1,,,,1,0,,0,,
HND_015184,2011,1,1,,,,0,0,,0,,
HND_012186,2011,1,0,,,,1,0,,0,,
HND_013264,2011,1,1,,,,1,0,,1,,
HND_009857,2011,1,0,,,,1,0,,0,,
HND_015185,2011,1,1,,,,0,0,,0,,
HND_013756,2011,1,1,,,,1,0,,0,,
HND_015859,2011,1,1,,,,1,0,,0,,
HND_003017,2011,,,,,,,0,,0,,
HND_012836,2011,1,1,,,,1,0,,0,,
HND_012834,2011,1,1,,,,1,0,,0,,
HND_005498,2011,,,,,,,0,,0,,
HND_006718,2011,1,1,,,,1,0,,1,,
HND_007147,2011,1,1,,,,1,0,,0,,
HND_003645,2011,1,1,,,,1,0,,0,,
HND_015233,2011,1,1,,,,1,1,,1,,
HND_002118,2011,1,1,,,,1,0,,0,,
HND_003157,2011,1,1,,,,1,0,,1,,
HND_016747,2011,1,1,,,,1,0,,0,,
HND_003322,2011,1,1,,,,0,0,,1,,
HND_015707,2011,,,,,,,0,,0,,
HND_008105,2011,1,1,,,,1,0,,1,,
HND_002237,2011,,,,,,,0,,0,,
HND_010509,2011,,,,,,,0,,0,,
HND_002231,2011,,,,,,,0,,0,,
HND_013705,2011,1,1,,,,1,0,,0,,
HND_012509,2011,,,,,,,0,,0,,
HND_006304,2011,1,1,,,,1,0,,0,,
HND_012034,2011,,,,,,,0,,0,,
HND_007617,2011,1,1,,,,1,0,,1,,
HND_011995,2011,1,1,,,,1,0,,0,,
HND_015234,2011,1,1,,,,1,0,,0,,
HND_009587,2011,1,1,,,,1,0,,0,,
HND_004045,2011,1,1,,,,1,0,,0,,
HND_013743,2011,1,1,,,,1,0,,1,,
HND_006191,2011,1,1,,,,1,0,,0,,
HND_005550,2011,1,1,,,,1,0,,0,,
HND_015720,2011,1,1,,,,1,0,,1,,
HND_002238,2011,,,,,,,0,,0,,
HND_011260,2011,1,1,,,,1,0,,0,,
HND_005798,2011,,,,,,,0,,0,,
HND_003830,2011,1,1,,,,1,0,,0,,
HND_015750,2011,,,,,,,0,,0,,
HND_001786,2011,,,,,,,0,,0,,
HND_001204,2011,,,,,,,0,,0,,
HND_013565,2011,,,,,,,0,,0,,
HND_015845,2011,,,,,,,0,,0,,
HND_015231,2011,1,1,,,,1,0,,0,,
HND_009996,2011,1,1,,,,1,0,,0,,
HND_015815,2011,,,,,,,0,,0,,
HND_016007,2011,,,,,,,0,,0,,
HND_010560,2011,,,,,,,0,,0,,
HND_009514,2011,,,,,,,0,,0,,
HND_001572,2011,,,,,,,0,,0,,
HND_016735,2011,,,,,,,0,,0,,
HND_015773,2011,,,,,,,0,,0,,
HND_015704,2011,,,,,,,0,,0,,
HND_016561,2011,,,,,,,0,,0,,
HND_005964,2011,1,1,,,,1,0,,0,,
HND_006962,2011,,,,,,,0,,0,,
HND_002584,2011,,,,,,,0,,0,,
HND_011636,2011,,,,,,,0,,0,,
HND_001041,2011,1,1,,,,0,0,,0,,
HND_014492,2011,,,,,,,0,,0,,
HND_001600,2011,,,,,,,0,,0,,
HND_012813,2011,1,1,,,,1,0,,0,,
HND_001300,2011,1,1,,,,0,0,,0,,
HND_000619,2011,1,0,,,,1,0,,0,,
HND_000479,2011,1,1,,,,0,0,,0,,
HND_002439,2011,1,1,,,,1,0,,0,,
HND_004608,2011,,,,,,,0,,0,,
HND_015078,2011,,,,,,,0,,0,,
HND_010518,2011,,,,,,,0,,0,,
HND_004503,2011,1,1,,,,1,0,,1,,
HND_012957,2011,1,1,,,,1,0,,0,,
HND_005310,2011,1,1,,,,0,0,,0,,
HND_002925,2011,1,1,,,,0,0,,0,,
HND_005428,2011,1,1,,,,0,0,,0,,
HND_000864,2011,1,1,,,,1,0,,0,,
HND_014239,2011,1,1,,,,1,0,,0,,
HND_007620,2011,1,1,,,,0,0,,0,,
HND_010628,2011,,0,,,,0,0,,0,,
HND_008476,2011,1,1,,,,1,0,,0,,
HND_013509,2011,1,1,,,,0,0,,0,,
HND_008396,2011,1,1,,,,0,0,,0,,
HND_008066,2011,1,1,,,,0,0,,0,,
HND_010750,2011,1,1,,,,0,0,,0,,
HND_015543,2011,1,1,,,,1,1,,1,,
HND_004734,2011,1,1,,,,0,0,,0,,
HND_016587,2011,1,0,,,,0,0,,0,,
HND_005999,2011,1,1,,,,0,0,,0,,
HND_006000,2011,1,1,,,,0,0,,0,,
HND_002052,2011,1,1,,,,0,0,,0,,
HND_007814,2011,1,1,,,,1,0,,0,,
HND_001581,2011,1,1,,,,0,0,,0,,
HND_009337,2011,1,1,,,,1,0,,0,,
HND_012395,2011,1,1,,,,0,0,,0,,
HND_001012,2011,1,1,,,,1,1,,1,,
HND_006774,2011,1,1,,,,0,0,,0,,
HND_013029,2011,1,1,,,,0,0,,0,,
HND_000617,2011,,,,,,,0,,0,,
HND_013876,2011,1,1,,,,1,0,,0,,
HND_001405,2011,1,0,,,,0,0,,0,,
HND_007213,2011,1,1,,,,0,0,,0,,
HND_013520,2011,1,1,,,,1,1,,0,,
HND_014225,2011,1,1,,,,0,0,,0,,
HND_013652,2011,1,1,,,,0,0,,0,,
HND_010759,2011,1,1,,,,1,0,,0,,
HND_000632,2011,1,0,,,,0,0,,0,,
HND_015541,2011,1,1,,,,0,0,,0,,
HND_012503,2011,,,,,,,0,,0,,
HND_011588,2011,,,,,,,0,,0,,
HND_004504,2011,1,1,,,,1,1,,0,,
HND_000475,2011,1,1,,,,0,0,,0,,
HND_014564,2011,,,,,,,0,,0,,
HND_000628,2011,,,,,,,0,,0,,
HND_012436,2011,,,,,,,0,,0,,
HND_000476,2011,1,1,,,,0,0,,0,,
HND_012197,2011,,,,,,,0,,0,,
HND_007581,2011,1,1,,,,0,0,,0,,
HND_013091,2011,1,0,,,,1,0,,0,,
HND_004387,2011,1,1,,,,1,0,,0,,
HND_008964,2011,1,1,,,,0,0,,0,,
HND_010385,2011,1,1,,,,1,0,,1,,
HND_015520,2011,1,1,,,,0,0,,0,,
HND_013004,2011,1,1,,,,0,0,,0,,
HND_002605,2011,1,1,,,,0,0,,0,,
HND_009024,2011,1,1,,,,0,0,,0,,
HND_012848,2011,1,1,,,,1,0,,0,,
HND_001716,2011,1,1,,,,1,0,,1,,
HND_006156,2011,1,1,,,,0,0,,0,,
HND_007254,2011,1,1,,,,1,0,,1,,
HND_010619,2011,1,1,,,,0,0,,0,,
HND_010837,2011,1,1,,,,1,0,,0,,
HND_006983,2011,1,1,,,,0,0,,0,,
HND_010984,2011,1,1,,,,1,0,,0,,
HND_010289,2011,1,1,,,,1,0,,0,,
HND_014915,2011,1,1,,,,0,0,,0,,
HND_010976,2011,1,1,,,,0,0,,0,,
HND_009669,2011,1,1,,,,1,0,,0,,
HND_007081,2011,1,1,,,,1,1,,0,,
HND_008467,2011,1,1,,,,1,0,,0,,
HND_008317,2011,,0,,,,0,0,,0,,
HND_004262,2011,1,1,,,,1,0,,1,,
HND_014742,2011,1,1,,,,1,0,,1,,
HND_008799,2011,1,1,,,,1,0,,1,,
HND_004241,2011,,0,,,,0,0,,0,,
HND_010310,2011,1,1,,,,0,0,,0,,
HND_011893,2011,1,1,,,,1,0,,1,,
HND_011539,2011,1,0,,,,0,0,,0,,
HND_002946,2011,1,1,,,,1,0,,0,,
HND_013212,2011,1,1,,,,1,0,,1,,
HND_007531,2011,1,0,,,,1,0,,1,,
HND_003127,2011,1,1,,,,0,0,,0,,
HND_000979,2011,1,1,,,,1,0,,0,,
HND_000761,2011,1,1,,,,1,0,,0,,
HND_008653,2011,1,1,,,,0,0,,0,,
HND_004390,2011,1,1,,,,1,0,,0,,
HND_005071,2011,1,1,,,,0,0,,0,,
HND_003478,2011,1,1,,,,1,0,,1,,
HND_004334,2011,1,1,,,,1,0,,0,,
HND_000437,2011,1,1,,,,0,0,,0,,
HND_012804,2011,1,1,,,,1,0,,0,,
HND_014263,2011,1,1,,,,0,0,,0,,
HND_016878,2011,1,1,,,,0,0,,0,,
HND_015339,2011,1,1,,,,1,0,,0,,
HND_015697,2011,1,1,,,,1,0,,0,,
HND_005031,2011,1,0,,,,1,0,,1,,
HND_012179,2011,1,1,,,,0,0,,0,,
HND_009166,2011,1,1,,,,1,0,,0,,
HND_007028,2011,1,1,,,,1,0,,0,,
HND_007047,2011,1,1,,,,1,0,,0,,
HND_007560,2011,1,1,,,,1,0,,1,,
HND_002125,2011,1,1,,,,1,0,,1,,
HND_006229,2011,1,1,,,,1,0,,1,,
HND_007029,2011,1,1,,,,1,0,,0,,
HND_007030,2011,1,1,,,,1,0,,0,,
HND_007037,2011,1,1,,,,1,0,,0,,
HND_000687,2011,1,0,,,,0,0,,0,,
HND_005125,2011,1,1,,,,0,0,,0,,
HND_011794,2011,1,1,,,,0,0,,0,,
HND_004649,2011,1,1,,,,0,0,,0,,
HND_013087,2011,1,0,,,,0,0,,0,,
HND_004428,2011,1,1,,,,0,0,,0,,
HND_005335,2011,1,1,,,,1,0,,0,,
HND_003860,2011,1,1,,,,1,0,,0,,
HND_012833,2011,1,1,,,,1,0,,0,,
HND_007024,2011,1,1,,,,1,0,,0,,
HND_007019,2011,1,1,,,,1,0,,0,,
HND_007025,2011,1,1,,,,1,0,,0,,
HND_006705,2011,1,0,,,,0,0,,0,,
HND_007041,2011,1,0,,,,1,0,,0,,
HND_001570,2011,1,1,,,,1,0,,0,,
HND_005129,2011,1,1,,,,1,0,,0,,
HND_016637,2011,1,0,,,,1,0,,0,,
HND_012196,2011,1,0,,,,0,0,,0,,
HND_016088,2011,,,,,,,0,,0,,
HND_004457,2011,,,,,,,0,,0,,
HND_011327,2011,1,1,,,,1,0,,0,,
HND_012941,2011,,,,,,,0,,0,,
HND_001584,2011,,,,,,,0,,0,,
HND_001562,2011,1,0,,,,0,0,,0,,
HND_016854,2011,,0,,,,0,0,,0,,
HND_011998,2011,,,,,,,0,,0,,
HND_003726,2011,,,,,,,0,,0,,
HND_008310,2011,,,,,,,0,,0,,
HND_012359,2011,1,1,,,,0,0,,0,,
HND_004092,2011,1,1,,,,1,0,,1,,
HND_009930,2011,1,1,,,,1,0,,0,,
HND_011955,2011,1,1,,,,1,0,,0,,
HND_000414,2011,1,1,,,,1,0,,1,,
HND_014392,2011,1,1,,,,1,1,,1,,
HND_001149,2011,1,1,,,,1,0,,0,,
HND_011963,2011,1,1,,,,1,0,,1,,
HND_016348,2011,1,1,,,,1,0,,0,,
HND_010271,2011,1,1,,,,1,0,,0,,
HND_009880,2011,1,1,,,,1,0,,1,,
HND_008700,2011,1,1,,,,0,0,,0,,
HND_015717,2011,1,1,,,,1,0,,1,,
HND_007067,2011,1,1,,,,1,0,,1,,
HND_004271,2011,1,1,,,,1,0,,1,,
HND_014217,2011,1,1,,,,1,0,,0,,
HND_007694,2011,1,1,,,,1,0,,1,,
HND_008299,2011,1,1,,,,1,0,,0,,
HND_007068,2011,0,0,,,,1,0,,0,,
HND_014529,2011,1,1,,,,1,0,,1,,
HND_015460,2011,1,1,,,,1,0,,0,,
HND_005337,2011,0,0,,,,1,0,,0,,
HND_001508,2011,1,1,,,,1,0,,1,,
HND_008802,2011,1,1,,,,1,0,,1,,
HND_006223,2011,1,1,,,,1,0,,0,,
HND_011796,2011,1,1,,,,1,0,,0,,
HND_001351,2011,1,1,,,,1,0,,0,,
HND_014548,2011,1,1,,,,1,0,,0,,
HND_015397,2011,1,1,,,,1,0,,0,,
HND_013326,2011,1,1,,,,1,0,,0,,
HND_013079,2011,1,1,,,,1,0,,0,,
HND_001421,2011,1,1,,,,1,0,,0,,
HND_008104,2011,1,1,,,,1,0,,0,,
HND_002730,2011,1,1,,,,0,0,,0,,
HND_014363,2011,1,0,,,,0,0,,0,,
HND_000435,2011,1,1,,,,1,0,,0,,
HND_011797,2011,1,1,,,,1,0,,1,,
HND_014892,2011,,0,,,,1,0,,0,,
HND_001328,2011,,0,,,,0,0,,0,,
HND_014033,2011,1,0,,,,1,0,,0,,
HND_000764,2011,1,1,,,,0,0,,0,,
HND_016044,2011,1,1,,,,0,0,,0,,
HND_006976,2011,1,1,,,,0,0,,0,,
HND_005351,2011,1,1,,,,1,0,,0,,
HND_003317,2011,1,1,,,,1,0,,0,,
HND_002151,2011,1,1,,,,1,0,,0,,
HND_006998,2011,1,1,,,,0,0,,0,,
HND_011321,2011,1,1,,,,1,0,,0,,
HND_009881,2011,1,1,,,,1,0,,1,,
HND_000248,2011,1,1,,,,1,0,,1,,
HND_010371,2011,1,1,,,,1,0,,0,,
HND_011151,2011,1,1,,,,1,0,,1,,
HND_009680,2011,1,1,,,,1,0,,0,,
HND_010743,2011,1,1,,,,1,0,,0,,
HND_002541,2011,1,1,,,,1,0,,0,,
HND_001500,2011,1,1,,,,1,0,,0,,
HND_004250,2011,1,1,,,,1,0,,0,,
HND_002992,2011,1,1,,,,1,0,,1,,
HND_013902,2011,,0,,,,1,0,,0,,
HND_011099,2011,1,1,,,,1,0,,0,,
HND_007938,2011,1,1,,,,0,0,,0,,
HND_013873,2011,1,1,,,,1,0,,1,,
HND_013244,2011,1,1,,,,0,0,,0,,
HND_008349,2011,1,1,,,,1,0,,1,,
HND_002606,2011,1,1,,,,1,0,,1,,
HND_009248,2011,1,1,,,,1,0,,1,,
HND_013798,2011,,0,,,,0,0,,0,,
HND_007707,2011,1,1,,,,1,0,,0,,
HND_008969,2011,1,1,,,,0,0,,0,,
HND_000352,2011,1,1,,,,1,0,,0,,
HND_008343,2011,1,1,,,,1,0,,0,,
HND_013316,2011,1,1,,,,1,0,,0,,
HND_001303,2011,1,1,,,,0,0,,0,,
HND_014382,2011,1,1,,,,1,0,,0,,
HND_005298,2011,1,1,,,,0,0,,0,,
HND_002051,2011,1,1,,,,1,0,,0,,
HND_001909,2011,1,1,,,,0,0,,0,,
HND_011027,2011,1,1,,,,0,0,,0,,
HND_003318,2011,1,1,,,,1,0,,1,,
HND_005917,2011,1,1,,,,1,0,,0,,
HND_016657,2011,1,1,,,,1,0,,0,,
HND_002362,2011,1,1,,,,1,0,,1,,
HND_011278,2011,1,1,,,,1,0,,0,,
HND_009927,2011,1,1,,,,1,0,,0,,
HND_006165,2011,,0,,,,0,0,,0,,
HND_015433,2011,1,1,,,,0,0,,1,,
HND_008127,2011,1,1,,,,0,0,,0,,
HND_001991,2011,1,1,,,,0,0,,0,,
HND_015455,2011,1,1,,,,1,0,,0,,
HND_014048,2011,1,1,,,,1,0,,0,,
HND_006892,2011,1,1,,,,1,0,,0,,
HND_012056,2011,1,1,,,,1,0,,0,,
HND_002157,2011,1,1,,,,1,0,,0,,
HND_002729,2011,1,1,,,,1,0,,0,,
HND_000289,2011,1,1,,,,1,0,,0,,
HND_003675,2011,1,1,,,,1,0,,0,,
HND_001774,2011,1,1,,,,1,0,,0,,
HND_002267,2011,1,1,,,,1,0,,0,,
HND_013591,2011,1,1,,,,1,0,,0,,
HND_013676,2011,1,1,,,,1,0,,0,,
HND_008128,2011,1,1,,,,1,0,,0,,
HND_008324,2011,1,1,,,,1,0,,1,,
HND_006283,2011,1,1,,,,1,0,,1,,
HND_015776,2011,1,1,,,,1,1,,0,,
HND_012352,2011,1,1,,,,1,0,,1,,
HND_005845,2011,1,1,,,,1,0,,1,,
HND_007055,2011,1,1,,,,1,0,,0,,
HND_007023,2011,1,0,,,,1,0,,0,,
HND_003319,2011,,,,,,,0,,0,,
HND_009154,2011,1,1,,,,1,0,,0,,
HND_016275,2011,1,1,,,,1,0,,0,,
HND_003853,2011,1,1,,,,1,0,,0,,
HND_007050,2011,1,1,,,,1,0,,0,,
HND_007018,2011,1,1,,,,1,0,,0,,
HND_008707,2011,1,1,,,,1,0,,0,,
HND_011267,2011,1,1,,,,1,0,,0,,
HND_014149,2011,1,1,,,,1,0,,1,,
HND_014002,2011,,,,,,,0,,0,,
HND_002722,2011,1,1,,,,1,0,,0,,
HND_008992,2011,1,1,,,,1,0,,0,,
HND_012353,2011,1,1,,,,1,0,,0,,
HND_002601,2011,1,1,,,,1,0,,0,,
HND_012365,2011,1,1,,,,1,0,,1,,
HND_015406,2011,1,1,,,,1,0,,1,,
HND_011979,2011,1,1,,,,1,0,,0,,
HND_015500,2011,1,1,,,,0,0,,0,,
HND_016039,2011,1,1,,,,1,0,,0,,
HND_012366,2011,1,1,,,,1,0,,0,,
HND_016276,2011,1,0,,,,1,0,,0,,
HND_002665,2011,1,1,,,,1,0,,0,,
HND_016627,2011,1,1,,,,0,0,,0,,
HND_011732,2011,1,1,,,,0,0,,0,,
HND_009689,2011,1,1,,,,0,0,,0,,
HND_012220,2011,1,1,,,,1,0,,0,,
HND_016430,2011,1,1,,,,0,0,,0,,
HND_009918,2011,1,1,,,,1,0,,0,,
HND_001302,2011,,0,,,,0,0,,0,,
HND_002380,2011,1,1,,,,1,0,,0,,
HND_006867,2011,1,1,,,,1,0,,0,,
HND_013767,2011,1,1,,,,1,1,,0,,
HND_013630,2011,,,,,,,0,,0,,
HND_003320,2011,,,,,,,0,,0,,
HND_004273,2011,,,,,,,0,,0,,
HND_013476,2011,,,,,,,0,,0,,
HND_010036,2011,1,1,,,,0,0,,0,,
HND_002570,2011,,,,,,,0,,0,,
HND_004446,2011,,,,,,,0,,0,,
HND_005918,2011,1,1,,,,1,0,,0,,
HND_001159,2011,,,,,,,0,,0,,
HND_010073,2011,1,1,,,,1,0,,0,,
HND_003465,2011,,,,,,,0,,0,,
HND_014116,2011,1,0,,,,1,0,,0,,
HND_000542,2011,1,0,,,,0,0,,0,,
HND_008130,2011,,,,,,,0,,0,,
HND_014117,2011,,,,,,,0,,0,,
HND_010277,2011,,,,,,,0,,0,,
HND_003087,2011,,,,,,,0,,0,,
HND_015766,2011,1,1,,,,0,0,,0,,
HND_004577,2011,,,,,,,0,,0,,
HND_002306,2011,,,,,,,0,,0,,
HND_014483,2011,,,,,,,0,,0,,
HND_000963,2011,,,,,,,0,,0,,
HND_011607,2011,,,,,,,0,,0,,
HND_016583,2011,,,,,,,0,,0,,
HND_008126,2011,,,,,,,0,,0,,
HND_012808,2011,,,,,,,0,,0,,
HND_004515,2011,,,,,,,0,,0,,
HND_005919,2011,0,0,,,,0,0,,0,,
HND_016424,2011,1,1,,,,1,0,,0,,
HND_008125,2011,1,1,,,,0,0,,0,,
HND_000438,2011,1,1,,,,1,0,,0,,
HND_001555,2011,1,1,,,,0,0,,0,,
HND_001484,2011,,0,,,,0,0,,0,,
HND_013097,2011,0,0,,,,0,0,,0,,
HND_008129,2011,,0,,,,0,0,,0,,
HND_014115,2011,,0,,,,1,0,,0,,
HND_015175,2011,,,,,,,0,,0,,
HND_015188,2011,,,,,,,0,,0,,
HND_003628,2011,,,,,,,0,,0,,
HND_000714,2011,1,1,,,,1,0,,0,,
HND_002974,2011,1,1,,,,1,1,,1,,
HND_004897,2011,1,1,,,,1,0,,1,,
HND_010744,2011,1,1,,,,1,0,,1,,
HND_007446,2011,1,1,,,,1,0,,0,,
HND_014323,2011,1,1,,,,0,0,,0,,
HND_004426,2011,1,1,,,,0,0,,0,,
HND_013413,2011,1,1,,,,1,0,,1,,
HND_000226,2011,1,1,,,,0,0,,0,,
HND_009413,2011,1,1,,,,1,0,,0,,
HND_008542,2011,1,1,,,,1,0,,1,,
HND_004411,2011,1,1,,,,0,0,,0,,
HND_007085,2011,1,1,,,,1,0,,1,,
HND_010925,2011,1,1,,,,1,0,,0,,
HND_014613,2011,1,1,,,,0,0,,0,,
HND_010649,2011,1,1,,,,0,0,,0,,
HND_015169,2011,1,1,,,,1,0,,1,,
HND_015168,2011,1,1,,,,1,0,,1,,
HND_002327,2011,1,1,,,,1,0,,0,,
HND_015903,2011,1,1,,,,0,0,,0,,
HND_015841,2011,1,1,,,,1,0,,0,,
HND_003341,2011,1,1,,,,1,0,,0,,
HND_005549,2011,1,0,,,,1,0,,1,,
HND_002521,2011,1,1,,,,1,0,,1,,
HND_010050,2011,1,1,,,,0,0,,0,,
HND_003882,2011,1,1,,,,0,0,,0,,
HND_011326,2011,1,1,,,,0,0,,0,,
HND_005748,2011,1,1,,,,1,0,,0,,
HND_008362,2011,,,,,,,0,,0,,
HND_009186,2011,1,1,,,,1,0,,0,,
HND_009185,2011,1,1,,,,1,0,,0,,
HND_003372,2011,,,,,,,0,,0,,
HND_003647,2011,1,1,,,,1,0,,0,,
HND_011968,2011,1,1,,,,1,0,,0,,
HND_016538,2011,,,,,,,0,,0,,
HND_000364,2011,,,,,,,0,,0,,
HND_003541,2011,1,1,,,,0,0,,0,,
HND_012542,2011,,,,,,,0,,0,,
HND_001806,2011,,,,,,,0,,0,,
HND_000455,2011,,,,,,,0,,0,,
HND_002469,2011,1,1,,,,0,0,,0,,
HND_004998,2011,1,1,,,,1,0,,1,,
HND_007369,2011,1,1,,,,1,0,,0,,
HND_014279,2011,1,1,,,,1,0,,0,,
HND_002534,2011,1,1,,,,1,0,,1,,
HND_007374,2011,1,1,,,,1,0,,0,,
HND_013240,2011,1,1,,,,1,0,,0,,
HND_011803,2011,1,1,,,,0,0,,0,,
HND_013007,2011,1,1,,,,1,0,,0,,
HND_000694,2011,1,1,,,,1,0,,0,,
HND_007835,2011,1,1,,,,1,0,,0,,
HND_004983,2011,1,1,,,,1,0,,0,,
HND_016566,2011,1,1,,,,1,0,,0,,
HND_010727,2011,1,1,,,,1,0,,0,,
HND_000807,2011,1,1,,,,1,0,,0,,
HND_011804,2011,1,1,,,,1,0,,0,,
HND_008222,2011,1,1,,,,1,0,,0,,
HND_001359,2011,1,1,,,,0,0,,0,,
HND_010305,2011,1,1,,,,1,0,,0,,
HND_009803,2011,1,1,,,,1,0,,0,,
HND_010346,2011,1,1,,,,1,0,,0,,
HND_001830,2011,1,1,,,,1,0,,0,,
HND_016620,2011,1,1,,,,1,0,,0,,
HND_000155,2011,1,1,,,,1,0,,0,,
HND_000503,2011,,0,,,,0,0,,0,,
HND_013289,2011,1,1,,,,1,0,,0,,
HND_002958,2011,1,1,,,,1,0,,0,,
HND_007407,2011,1,1,,,,0,0,,0,,
HND_001956,2011,1,1,,,,0,0,,0,,
HND_015805,2011,1,1,,,,1,0,,0,,
HND_012048,2011,1,1,,,,0,0,,0,,
HND_010010,2011,1,1,,,,0,0,,0,,
HND_009226,2011,1,0,,,,0,0,,0,,
HND_013928,2011,1,1,,,,1,0,,0,,
HND_012888,2011,1,1,,,,1,0,,0,,
HND_004607,2011,1,1,,,,0,0,,0,,
HND_012927,2011,1,1,,,,0,0,,0,,
HND_015764,2011,1,1,,,,1,0,,0,,
HND_003743,2011,,0,,,,0,0,,0,,
HND_007057,2011,1,1,,,,1,0,,0,,
HND_009114,2011,0,0,,,,0,0,,0,,
HND_007013,2011,1,1,,,,0,0,,0,,
HND_011184,2011,,0,,,,0,0,,0,,
HND_006341,2011,1,1,,,,0,0,,0,,
HND_009149,2011,1,1,,,,1,0,,0,,
HND_004610,2011,1,1,,,,0,0,,0,,
HND_011381,2011,1,1,,,,0,0,,0,,
HND_016742,2011,1,1,,,,1,0,,0,,
HND_001965,2011,1,1,,,,1,0,,1,,
HND_012195,2011,,,,,,,0,,0,,
HND_012484,2011,,,,,,,0,,0,,
HND_001776,2011,,,,,,,0,,0,,
HND_002329,2011,,,,,,,0,,0,,
HND_016547,2011,,,,,,,0,,0,,
HND_015243,2011,1,1,,,,1,0,,0,,
HND_016180,2011,,,,,,,0,,0,,
HND_016121,2011,,,,,,,0,,0,,
HND_009191,2011,,,,,,,0,,0,,
HND_000880,2011,,0,,,,0,0,,0,,
HND_011188,2011,,,,,,,0,,0,,
HND_015229,2011,1,1,,,,0,0,,0,,
HND_015081,2011,,,,,,,0,,0,,
HND_004453,2011,,,,,,,0,,0,,
HND_009428,2011,1,1,,,,0,0,,0,,
HND_015230,2011,1,1,,,,0,0,,0,,
HND_000790,2011,1,1,,,,1,0,,1,,
HND_009872,2011,1,1,,,,0,0,,0,,
HND_013365,2011,1,1,,,,1,0,,0,,
HND_007366,2011,1,1,,,,0,0,,0,,
HND_011097,2011,1,1,,,,1,0,,0,,
HND_013429,2011,1,1,,,,0,0,,0,,
HND_007969,2011,1,1,,,,1,0,,1,,
HND_007224,2011,1,1,,,,0,0,,0,,
HND_004614,2011,1,1,,,,1,0,,1,,
HND_003066,2011,1,0,,,,0,0,,0,,
HND_008618,2011,1,1,,,,0,0,,0,,
HND_005446,2011,1,1,,,,1,0,,1,,
HND_005629,2011,1,1,,,,0,0,,0,,
HND_002504,2011,1,1,,,,0,0,,0,,
HND_016853,2011,1,1,,,,0,0,,0,,
HND_011707,2011,1,1,,,,0,0,,0,,
HND_014399,2011,1,1,,,,1,0,,0,,
HND_007944,2011,1,1,,,,0,0,,0,,
HND_000506,2011,1,1,,,,0,0,,0,,
HND_006985,2011,1,1,,,,0,0,,0,,
HND_007397,2011,1,1,,,,1,0,,0,,
HND_013261,2011,1,1,,,,1,0,,0,,
HND_000986,2011,1,1,,,,0,0,,0,,
HND_013985,2011,1,1,,,,0,0,,0,,
HND_008383,2011,1,1,,,,0,0,,0,,
HND_011047,2011,1,1,,,,0,0,,0,,
HND_010612,2011,1,1,,,,0,0,,0,,
HND_013412,2011,1,1,,,,1,0,,0,,
HND_005321,2011,1,1,,,,1,0,,0,,
HND_011040,2011,1,1,,,,0,0,,0,,
HND_009432,2011,1,1,,,,1,0,,1,,
HND_002964,2011,1,1,,,,0,0,,0,,
HND_009858,2011,1,1,,,,0,0,,0,,
HND_014106,2011,1,0,,,,0,0,,0,,
HND_014247,2011,1,1,,,,0,0,,0,,
HND_007273,2011,1,0,,,,0,0,,0,,
HND_014881,2011,1,1,,,,1,0,,1,,
HND_000029,2011,1,1,,,,0,0,,0,,
HND_014073,2011,1,1,,,,1,0,,0,,
HND_014349,2011,1,1,,,,0,0,,0,,
HND_004270,2011,1,1,,,,1,0,,0,,
HND_002970,2011,1,1,,,,1,0,,0,,
HND_003434,2011,1,1,,,,0,0,,0,,
HND_005319,2011,1,0,,,,0,0,,0,,
HND_007408,2011,1,0,,,,0,0,,0,,
HND_001934,2011,1,0,,,,0,0,,0,,
HND_015249,2011,1,1,,,,0,0,,0,,
HND_005320,2011,1,0,,,,0,0,,0,,
HND_016748,2011,1,1,,,,0,0,,0,,
HND_014072,2011,1,1,,,,0,0,,0,,
HND_010365,2011,1,1,,,,1,0,,0,,
HND_008955,2011,1,1,,,,0,0,,0,,
HND_002174,2011,1,1,,,,1,0,,0,,
HND_001954,2011,1,1,,,,0,0,,0,,
HND_007402,2011,1,0,,,,0,0,,0,,
HND_015643,2011,1,1,,,,1,0,,0,,
HND_010724,2011,1,1,,,,1,0,,0,,
HND_015232,2011,1,1,,,,0,0,,0,,
HND_015253,2011,1,1,,,,1,0,,0,,
HND_013421,2011,1,1,,,,0,0,,0,,
HND_005154,2011,1,1,,,,1,0,,0,,
HND_004703,2011,1,1,,,,0,0,,0,,
HND_015153,2011,1,1,,,,0,0,,0,,
HND_013090,2011,1,1,,,,0,0,,0,,
HND_012815,2011,1,1,,,,0,0,,0,,
HND_001995,2011,1,1,,,,0,0,,0,,
HND_011563,2011,1,1,,,,1,0,,0,,
HND_010728,2011,1,1,,,,1,0,,0,,
HND_015161,2011,1,1,,,,1,0,,0,,
HND_003774,2011,1,1,,,,1,0,,0,,
HND_007274,2011,1,1,,,,1,0,,1,,
HND_013024,2011,1,1,,,,1,0,,0,,
HND_012914,2011,1,1,,,,0,0,,0,,
HND_003887,2011,1,1,,,,0,0,,0,,
HND_004701,2011,1,1,,,,0,0,,0,,
HND_003625,2011,1,1,,,,0,0,,0,,
HND_016520,2011,1,1,,,,0,0,,0,,
HND_012532,2011,1,1,,,,0,0,,0,,
HND_006116,2011,1,1,,,,0,0,,0,,
HND_013521,2011,1,0,,,,0,0,,0,,
HND_006977,2011,1,0,,,,0,0,,0,,
HND_015540,2011,1,1,,,,0,0,,0,,
HND_006596,2011,1,1,,,,0,0,,0,,
HND_013687,2011,1,1,,,,0,0,,0,,
HND_005961,2011,1,1,,,,0,0,,0,,
HND_002292,2011,1,1,,,,0,0,,0,,
HND_000597,2011,1,1,,,,0,0,,0,,
HND_015119,2011,0,0,,,,0,0,,0,,
HND_001249,2011,1,1,,,,0,0,,0,,
HND_004554,2011,1,1,,,,0,0,,0,,
HND_003584,2011,1,0,,,,0,0,,0,,
HND_007888,2011,1,0,,,,0,0,,0,,
HND_004247,2011,1,0,,,,0,0,,0,,
HND_009043,2011,1,1,,,,0,0,,0,,
HND_006706,2011,1,0,,,,0,0,,0,,
HND_001574,2011,1,0,,,,0,0,,0,,
HND_004617,2011,1,1,,,,0,0,,0,,
HND_009187,2011,1,1,,,,0,0,,0,,
HND_013757,2011,,0,,,,0,0,,0,,
HND_009578,2011,,,,,,,0,,0,,
HND_000905,2011,0,0,,,,0,0,,0,,
HND_004301,2011,,,,,,,0,,0,,
HND_012529,2011,,0,,,,0,0,,0,,
HND_004293,2011,,,,,,,0,,0,,
HND_016144,2011,,,,,,,0,,0,,
HND_010439,2011,,,,,,,0,,0,,
HND_013262,2011,1,1,,,,1,0,,0,,
HND_004351,2011,1,1,,,,0,0,,0,,
HND_004702,2011,1,1,,,,1,0,,0,,
HND_000490,2011,1,1,,,,0,0,,0,,
HND_013064,2011,,,,,,,0,,0,,
HND_000865,2011,1,1,,,,0,0,,0,,
HND_007061,2011,,,,,,,0,,0,,
HND_003246,2011,,,,,,,0,,0,,
HND_001529,2011,,,,,,,0,,0,,
HND_008766,2011,1,0,,,,0,0,,0,,
HND_001169,2011,1,0,,,,0,0,,0,,
HND_011489,2011,,0,,,,0,0,,0,,
HND_011187,2011,1,0,,,,0,0,,0,,
HND_015949,2011,1,0,,,,0,0,,0,,
HND_014549,2011,1,1,,,,0,0,,0,,
HND_000913,2011,,,,,,,0,,0,,
HND_014111,2011,1,1,,,,1,0,,0,,
HND_010616,2011,1,1,,,,1,0,,0,,
HND_003766,2011,,,,,,,0,,0,,
HND_012559,2011,,,,,,,0,,0,,
HND_003221,2011,,,,,,,0,,0,,
HND_003777,2011,,,,,,,0,,0,,
HND_009234,2011,0,0,,,,0,0,,0,,
HND_011617,2011,,,,,,,0,,0,,
HND_016188,2011,,,,,,,0,,0,,
HND_000551,2011,,,,,,,0,,0,,
HND_003250,2011,,,,,,,0,,0,,
HND_004331,2011,1,1,,,,0,0,,0,,
HND_010161,2011,,,,,,,0,,0,,
HND_011650,2011,,,,,,,0,,0,,
HND_010380,2011,1,0,,,,0,0,,0,,
HND_006318,2011,1,1,,,,1,0,,0,,
HND_008266,2011,,0,,,,0,0,,0,,
HND_001170,2011,,0,,,,1,0,,0,,
HND_002347,2011,1,1,,,,1,0,,1,,
HND_013227,2011,1,1,,,,1,0,,0,,
HND_008921,2011,1,1,,,,1,0,,0,,
HND_004257,2011,1,1,,,,1,0,,1,,
HND_014364,2011,1,1,,,,0,0,,0,,
HND_014286,2011,1,1,,,,0,0,,0,,
HND_009728,2011,1,1,,,,0,0,,0,,
HND_010378,2011,1,1,,,,0,0,,0,,
HND_001055,2011,1,1,,,,0,0,,0,,
HND_007457,2011,1,1,,,,1,1,,0,,
HND_015375,2011,1,1,,,,0,0,,0,,
HND_002191,2011,1,1,,,,1,0,,1,,
HND_008947,2011,1,1,,,,0,0,,0,,
HND_008228,2011,1,1,,,,1,0,,0,,
HND_008611,2011,1,1,,,,0,0,,0,,
HND_010632,2011,1,0,,,,0,0,,0,,
HND_005045,2011,1,1,,,,0,0,,0,,
HND_012229,2011,1,1,,,,0,0,,0,,
HND_011149,2011,1,1,,,,0,0,,0,,
HND_001357,2011,1,1,,,,0,0,,0,,
HND_000766,2011,1,1,,,,0,0,,0,,
HND_015250,2011,1,1,,,,0,0,,0,,
HND_009759,2011,1,0,,,,0,0,,0,,
HND_003796,2011,1,1,,,,0,0,,0,,
HND_005392,2011,1,1,,,,1,0,,1,,
HND_012859,2011,1,1,,,,0,0,,0,,
HND_010758,2011,1,1,,,,1,0,,0,,
HND_002015,2011,1,1,,,,1,0,,0,,
HND_004427,2011,1,1,,,,1,0,,0,,
HND_015873,2011,1,1,,,,1,0,,0,,
HND_001727,2011,1,1,,,,1,0,,0,,
HND_005117,2011,1,1,,,,0,0,,0,,
HND_006299,2011,1,1,,,,1,0,,1,,
HND_001987,2011,,,,,,,0,,0,,
HND_011380,2011,1,1,,,,0,0,,0,,
HND_003890,2011,1,1,,,,0,0,,0,,
HND_014089,2011,1,1,,,,1,0,,0,,
HND_008320,2011,1,1,,,,0,0,,0,,
HND_013936,2011,1,1,,,,1,0,,0,,
HND_010577,2011,1,1,,,,1,0,,0,,
HND_008591,2011,1,1,,,,1,0,,0,,
HND_007152,2011,1,1,,,,1,1,,0,,
HND_003797,2011,1,1,,,,0,0,,0,,
HND_012215,2011,1,0,,,,0,0,,0,,
HND_001248,2011,1,1,,,,0,0,,0,,
HND_004373,2011,1,1,,,,0,0,,0,,
HND_004374,2011,1,1,,,,0,0,,0,,
HND_012832,2011,1,1,,,,1,0,,0,,
HND_015121,2011,1,1,,,,1,0,,0,,
HND_001975,2011,1,0,,,,0,0,,0,,
HND_015439,2011,1,1,,,,0,0,,0,,
HND_007998,2011,1,1,,,,0,0,,0,,
HND_011461,2011,1,1,,,,0,0,,0,,
HND_012496,2011,,,,,,,0,,0,,
HND_010531,2011,,,,,,,0,,0,,
HND_012727,2011,,,,,,,0,,0,,
HND_007804,2011,,0,,,,0,0,,0,,
HND_005100,2011,1,1,,,,0,0,,0,,
HND_015702,2011,1,1,,,,0,0,,0,,
HND_011486,2011,1,1,,,,0,0,,0,,
HND_010707,2011,1,1,,,,0,0,,0,,
HND_012098,2011,,,,,,,0,,0,,
HND_015417,2011,,,,,,,0,,0,,
HND_012318,2011,,,,,,,0,,0,,
HND_015235,2011,1,1,,,,1,0,,0,,
HND_012222,2011,,,,,,,0,,0,,
HND_010143,2011,,,,,,,0,,0,,
HND_001206,2011,,,,,,,0,,0,,
HND_001807,2011,,,,,,,0,,0,,
HND_014593,2011,0,0,,,,0,0,,0,,
HND_009767,2011,,,,,,,0,,0,,
HND_014558,2011,,,,,,,0,,0,,
HND_010706,2011,,,,,,,0,,0,,
HND_004464,2011,1,1,,,,1,0,,0,,
HND_004123,2011,1,1,,,,1,0,,1,,
HND_015726,2011,1,0,,,,0,0,,0,,
HND_000288,2011,1,1,,,,0,0,,0,,
HND_000736,2011,1,1,,,,1,0,,0,,
HND_014723,2011,1,0,,,,1,0,,1,,
HND_010720,2011,1,1,,,,0,0,,0,,
HND_004236,2011,1,1,,,,0,0,,0,,
HND_013067,2011,1,1,,,,1,0,,0,,
HND_007464,2011,1,1,,,,1,0,,0,,
HND_005563,2011,1,1,,,,1,0,,1,,
HND_001147,2011,1,1,,,,1,0,,0,,
HND_010848,2011,1,0,,,,0,0,,0,,
HND_000080,2011,1,1,,,,0,0,,1,,
HND_012161,2011,1,1,,,,1,0,,1,,
HND_000086,2011,1,1,,,,1,0,,1,,
HND_010788,2011,1,1,,,,1,0,,1,,
HND_003116,2011,1,1,,,,1,1,,0,,
HND_004838,2011,1,1,,,,1,0,,0,,
HND_014520,2011,1,1,,,,1,0,,0,,
HND_004225,2011,1,1,,,,1,0,,1,,
HND_015761,2011,1,1,,,,1,0,,1,,
HND_013226,2011,1,1,,,,1,0,,0,,
HND_015824,2011,1,1,,,,0,0,,0,,
HND_016080,2011,1,1,,,,1,0,,1,,
HND_010033,2011,1,1,,,,1,0,,1,,
HND_010257,2011,1,1,,,,0,0,,0,,
HND_005004,2011,1,1,,,,1,0,,0,,
HND_003527,2011,1,1,,,,1,0,,0,,
HND_000302,2011,1,1,,,,1,0,,0,,
HND_010505,2011,1,1,,,,1,0,,1,,
HND_006081,2011,1,1,,,,1,0,,0,,
HND_003405,2011,1,1,,,,1,0,,0,,
HND_009427,2011,1,1,,,,0,0,,0,,
HND_015465,2011,1,1,,,,1,0,,1,,
HND_009468,2011,1,1,,,,1,0,,1,,
HND_010490,2011,1,1,,,,1,0,,0,,
HND_001506,2011,1,1,,,,0,0,,1,,
HND_013929,2011,1,1,,,,1,0,,1,,
HND_006176,2011,1,1,,,,0,0,,0,,
HND_000317,2011,1,1,,,,1,0,,1,,
HND_005610,2011,0,0,,,,1,0,,1,,
HND_006723,2011,1,1,,,,1,0,,1,,
HND_010795,2011,,0,,,,0,0,,0,,
HND_003183,2011,1,1,,,,1,0,,1,,
HND_001943,2011,1,1,,,,0,0,,0,,
HND_000218,2011,1,1,,,,0,1,,0,,
HND_000219,2011,1,1,,,,1,0,,1,,
HND_000074,2011,1,1,,,,1,1,,1,,
HND_015874,2011,1,1,,,,1,0,,0,,
HND_000897,2011,1,1,,,,1,0,,0,,
HND_016297,2011,1,1,,,,1,0,,1,,
HND_015031,2011,1,1,,,,1,0,,0,,
HND_008763,2011,1,1,,,,1,0,,0,,
HND_003129,2011,1,1,,,,1,0,,0,,
HND_000517,2011,1,1,,,,1,0,,0,,
HND_012545,2011,1,1,,,,1,0,,0,,
HND_011270,2011,1,1,,,,1,0,,0,,
HND_000042,2011,1,1,,,,1,0,,0,,
HND_010428,2011,1,1,,,,1,0,,0,,
HND_002657,2011,1,1,,,,1,0,,0,,
HND_002049,2011,1,1,,,,1,0,,0,,
HND_016875,2011,1,1,,,,1,0,,0,,
HND_002660,2011,1,1,,,,1,0,,0,,
HND_016876,2011,1,1,,,,1,0,,0,,
HND_006360,2011,1,1,,,,1,0,,0,,
HND_002661,2011,1,1,,,,1,0,,0,,
HND_001102,2011,1,1,,,,1,0,,0,,
HND_016849,2011,1,1,,,,1,0,,0,,
HND_005612,2011,1,1,,,,0,0,,0,,
HND_003114,2011,1,1,,,,1,0,,0,,
HND_001433,2011,1,1,,,,1,0,,0,,
HND_011472,2011,1,1,,,,1,0,,1,,
HND_011973,2011,1,1,,,,1,0,,1,,
HND_004186,2011,1,1,,,,1,0,,1,,
HND_004798,2011,1,1,,,,1,0,,1,,
HND_010901,2011,1,1,,,,1,0,,0,,
HND_014541,2011,1,1,,,,1,0,,0,,
HND_000989,2011,1,1,,,,0,0,,0,,
HND_010031,2011,1,1,,,,0,0,,0,,
HND_009228,2011,1,1,,,,1,0,,0,,
HND_014131,2011,1,1,,,,1,0,,0,,
HND_015994,2011,1,1,,,,0,0,,0,,
HND_003312,2011,1,1,,,,0,0,,0,,
HND_005937,2011,1,1,,,,1,0,,0,,
HND_012939,2011,1,1,,,,1,0,,0,,
HND_000510,2011,1,1,,,,1,0,,0,,
HND_000677,2011,1,1,,,,0,0,,0,,
HND_013432,2011,1,1,,,,0,0,,0,,
HND_002307,2011,1,1,,,,1,0,,1,,
HND_002558,2011,1,1,,,,1,0,,0,,
HND_010574,2011,1,1,,,,1,0,,0,,
HND_003300,2011,1,1,,,,0,0,,0,,
HND_012348,2011,1,1,,,,1,0,,0,,
HND_009102,2011,1,1,,,,0,0,,0,,
HND_000737,2011,1,0,,,,1,0,,0,,
HND_009954,2011,1,1,,,,0,0,,0,,
HND_000344,2011,1,1,,,,0,0,,0,,
HND_000055,2011,0,0,,,,0,0,,0,,
HND_003580,2011,1,1,,,,0,0,,0,,
HND_002079,2011,1,1,,,,1,0,,1,,
HND_005405,2011,0,0,,,,0,0,,0,,
HND_012854,2011,1,1,,,,1,0,,0,,
HND_006712,2011,1,0,,,,0,0,,0,,
HND_003662,2011,1,1,,,,1,0,,1,,
HND_001739,2011,,,,,,,0,,0,,
HND_010504,2011,,,,,,,0,,0,,
HND_016143,2011,,,,,,,0,,0,,
HND_010430,2011,1,1,,,,1,0,,0,,
HND_009940,2011,,,,,,,0,,0,,
HND_015700,2011,,,,,,,0,,0,,
HND_009987,2011,,,,,,,0,,0,,
HND_013042,2011,,,,,,,0,,0,,
HND_012541,2011,,,,,,,0,,0,,
HND_009281,2011,,,,,,,0,,0,,
HND_011862,2011,,,,,,,0,,0,,
HND_009101,2011,1,1,,,,0,0,,0,,
HND_013603,2011,,0,,,,0,0,,0,,
HND_003663,2011,1,1,,,,1,0,,1,,
HND_012540,2011,,0,,,,0,0,,0,,
HND_011134,2011,1,1,,,,0,0,,0,,
HND_003307,2011,1,1,,,,0,0,,0,,
HND_011064,2011,1,1,,,,0,0,,0,,
HND_014755,2011,1,1,,,,0,0,,0,,
HND_011314,2011,1,1,,,,0,0,,0,,
HND_011391,2011,,0,,,,0,0,,0,,
HND_000343,2011,,,,,,,0,,0,,
HND_003644,2011,,,,,,,0,,0,,
HND_002077,2011,1,1,,,,0,0,,0,,
HND_011133,2011,,,,,,,0,,0,,
HND_014416,2011,,,,,,,0,,0,,
HND_012937,2011,1,1,,,,0,0,,0,,
HND_001653,2011,,,,,,,0,,0,,
HND_011721,2011,1,1,,,,0,0,,0,,
HND_012816,2011,1,0,,,,1,0,,0,,
HND_007265,2011,1,1,,,,1,0,,0,,
HND_009210,2011,1,1,,,,1,0,,1,,
HND_013329,2011,1,1,,,,1,0,,0,,
HND_012860,2011,1,1,,,,0,0,,0,,
HND_011867,2011,1,1,,,,1,0,,1,,
HND_016647,2011,1,0,,,,0,0,,0,,
HND_005497,2011,1,0,,,,0,0,,0,,
HND_008192,2011,1,1,,,,0,0,,0,,
HND_001347,2011,1,1,,,,1,0,,0,,
HND_000280,2011,1,1,,,,0,0,,0,,
HND_000321,2011,1,0,,,,0,0,,0,,
HND_002578,2011,1,1,,,,1,0,,0,,
HND_010454,2011,1,1,,,,1,0,,0,,
HND_013526,2011,1,1,,,,1,1,,1,,
HND_004574,2011,1,1,,,,0,0,,0,,
HND_008814,2011,1,1,,,,1,0,,1,,
HND_010482,2011,1,1,,,,0,0,,0,,
HND_014424,2011,0,0,,,,0,0,,0,,
HND_016202,2011,1,1,,,,0,0,,0,,
HND_005053,2011,1,1,,,,0,0,,0,,
HND_001882,2011,1,1,,,,1,0,,0,,
HND_013128,2011,1,0,,,,1,0,,0,,
HND_000303,2011,1,1,,,,0,0,,0,,
HND_013889,2011,1,1,,,,1,0,,1,,
HND_013958,2011,1,1,,,,1,0,,1,,
HND_011285,2011,1,1,,,,1,0,,0,,
HND_015346,2011,1,1,,,,0,0,,0,,
HND_008695,2011,1,1,,,,0,0,,0,,
HND_007124,2011,1,1,,,,0,0,,0,,
HND_011915,2011,,0,,,,0,0,,0,,
HND_008694,2011,1,1,,,,0,0,,0,,
HND_010553,2011,1,1,,,,1,0,,0,,
HND_005852,2011,1,1,,,,0,0,,0,,
HND_014211,2011,1,1,,,,0,0,,0,,
HND_004606,2011,1,1,,,,1,0,,0,,
HND_001409,2011,1,1,,,,1,0,,0,,
HND_015430,2011,1,1,,,,0,0,,0,,
HND_002260,2011,,0,,,,0,0,,0,,
HND_016835,2011,,,,,,,0,,0,,
HND_003553,2011,,,,,,,0,,0,,
HND_016646,2011,,,,,,,0,,0,,
HND_009182,2011,0,0,,,,0,0,,0,,
HND_012346,2011,,,,,,,0,,0,,
HND_005874,2011,,,,,,,0,,0,,
HND_010057,2011,,,,,,,0,,0,,
HND_006177,2011,,,,,,,0,,0,,
HND_002669,2011,,,,,,,0,,0,,
HND_012204,2011,,,,,,,0,,0,,
HND_005781,2011,1,0,,,,0,0,,0,,
HND_012828,2011,0,0,,,,0,0,,0,,
HND_015319,2011,1,1,,,,1,0,,0,,
HND_007153,2011,1,1,,,,1,0,,0,,
HND_000792,2011,1,1,,,,1,0,,0,,
HND_002560,2011,1,1,,,,0,0,,0,,
HND_011153,2011,1,1,,,,0,0,,0,,
HND_009444,2011,1,1,,,,1,0,,0,,
HND_005200,2011,1,1,,,,0,0,,0,,
HND_014219,2011,1,1,,,,1,0,,0,,
HND_009373,2011,1,1,,,,1,0,,0,,
HND_002033,2011,,0,,,,1,0,,0,,
HND_008904,2011,1,0,,,,1,0,,1,,
HND_011007,2011,1,1,,,,0,0,,0,,
HND_000203,2011,1,1,,,,0,0,,0,,
HND_007746,2011,1,1,,,,1,0,,0,,
HND_013468,2011,1,1,,,,1,0,,0,,
HND_008774,2011,1,0,,,,0,0,,0,,
HND_000696,2011,1,1,,,,0,0,,0,,
HND_001455,2011,1,1,,,,0,0,,0,,
HND_014428,2011,1,1,,,,0,0,,0,,
HND_010444,2011,0,0,,,,0,0,,0,,
HND_014119,2011,1,1,,,,0,0,,0,,
HND_000519,2011,,0,,,,0,0,,0,,
HND_016026,2011,,0,,,,0,0,,0,,
HND_002547,2011,1,1,,,,0,0,,0,,
HND_000381,2011,1,1,,,,1,0,,0,,
HND_004437,2011,1,0,,,,0,0,,0,,
HND_005109,2011,1,1,,,,0,0,,0,,
HND_014199,2011,1,1,,,,0,0,,0,,
HND_006345,2011,1,1,,,,0,0,,0,,
HND_002078,2011,1,1,,,,0,0,,0,,
HND_014108,2011,1,1,,,,0,0,,0,,
HND_015214,2011,1,1,,,,0,0,,0,,
HND_008048,2011,1,1,,,,0,0,,0,,
HND_012350,2011,1,1,,,,0,0,,0,,
HND_002318,2011,1,1,,,,0,0,,0,,
HND_015789,2011,1,1,,,,0,0,,0,,
HND_005371,2011,1,1,,,,0,0,,0,,
HND_016797,2011,1,1,,,,0,0,,0,,
HND_003050,2011,1,1,,,,0,0,,0,,
HND_006906,2011,1,1,,,,0,0,,0,,
HND_014741,2011,1,1,,,,0,0,,0,,
HND_012564,2011,1,1,,,,0,0,,0,,
HND_009199,2011,1,1,,,,0,0,,0,,
HND_008699,2011,1,1,,,,0,0,,0,,
HND_015348,2011,1,1,,,,0,0,,0,,
HND_010306,2011,1,1,,,,0,0,,0,,
HND_016733,2011,1,1,,,,0,0,,0,,
HND_004669,2011,1,1,,,,0,0,,0,,
HND_014257,2011,,,,,,,0,,0,,
HND_003621,2011,1,0,,,,0,0,,0,,
HND_002627,2011,,0,,,,0,0,,0,,
HND_008773,2011,1,1,,,,1,0,,0,,
HND_000251,2011,1,1,,,,1,0,,0,,
HND_016013,2011,1,1,,,,1,0,,1,,
HND_013006,2011,1,1,,,,0,0,,0,,
HND_002282,2011,1,1,,,,0,0,,0,,
HND_007578,2011,1,1,,,,1,0,,1,,
HND_000119,2011,1,1,,,,0,0,,0,,
HND_004275,2011,1,1,,,,1,0,,0,,
HND_004474,2011,1,1,,,,0,0,,0,,
HND_000385,2011,1,1,,,,1,0,,1,,
HND_001299,2011,1,1,,,,1,0,,1,,
HND_007292,2011,1,1,,,,0,0,,0,,
HND_013126,2011,1,1,,,,0,0,,0,,
HND_014036,2011,1,0,,,,0,0,,0,,
HND_013762,2011,,0,,,,1,0,,0,,
HND_007046,2011,1,1,,,,1,0,,0,,
HND_011701,2011,,0,,,,0,0,,0,,
HND_001471,2011,1,1,,,,1,0,,0,,
HND_004388,2011,,,,,,,0,,0,,
HND_011855,2011,,0,,,,1,0,,0,,
HND_004638,2011,,0,,,,0,0,,0,,
HND_016059,2011,,0,,,,0,0,,0,,
HND_016698,2011,1,0,,,,1,1,,0,,
HND_001681,2011,,,,,,,0,,0,,
HND_013102,2011,1,1,,,,0,0,,0,,
HND_005302,2011,1,0,,,,1,0,,1,,
HND_008429,2011,1,1,,,,1,0,,0,,
HND_014147,2011,1,1,,,,0,0,,0,,
HND_014905,2011,1,1,,,,1,0,,0,,
HND_015337,2011,1,1,,,,1,0,,1,,
HND_013516,2011,1,1,,,,1,0,,0,,
HND_004434,2011,1,1,,,,1,0,,0,,
HND_003912,2011,1,1,,,,1,0,,1,,
HND_013793,2011,1,1,,,,1,0,,1,,
HND_000281,2011,1,1,,,,0,0,,0,,
HND_016671,2011,1,1,,,,1,0,,1,,
HND_012938,2011,1,1,,,,1,0,,1,,
HND_007548,2011,1,1,,,,1,0,,0,,
HND_003885,2011,1,1,,,,1,0,,1,,
HND_004699,2011,1,1,,,,1,0,,1,,
HND_006512,2011,1,1,,,,0,0,,0,,
HND_011914,2011,1,0,,,,0,0,,0,,
HND_014546,2011,1,1,,,,1,0,,0,,
HND_015251,2011,0,0,,,,1,0,,0,,
HND_002488,2011,1,0,,,,1,0,,1,,
HND_014712,2011,1,0,,,,1,0,,0,,
HND_003039,2011,1,1,,,,1,0,,0,,
HND_008455,2011,1,1,,,,1,0,,0,,
HND_016723,2011,1,1,,,,0,0,,0,,
HND_013293,2011,1,0,,,,1,0,,1,,
HND_004253,2011,1,1,,,,1,0,,1,,
HND_002375,2011,1,1,,,,1,0,,0,,
HND_011265,2011,1,1,,,,1,0,,0,,
HND_014425,2011,1,1,,,,1,0,,1,,
HND_008017,2011,1,1,,,,1,0,,0,,
HND_014426,2011,1,0,,,,1,0,,1,,
HND_004591,2011,1,1,,,,0,0,,0,,
HND_001583,2011,1,1,,,,0,0,,0,,
HND_008318,2011,1,0,,,,1,0,,1,,
HND_007317,2011,1,1,,,,0,0,,0,,
HND_000365,2011,1,1,,,,1,0,,1,,
HND_012765,2011,1,1,,,,0,0,,0,,
HND_008077,2011,1,1,,,,1,0,,0,,
HND_003365,2011,,0,,,,0,0,,0,,
HND_000545,2011,1,1,,,,0,0,,0,,
HND_010425,2011,,0,,,,0,0,,0,,
HND_007196,2011,1,0,,,,1,0,,0,,
HND_003998,2011,1,1,,,,1,0,,1,,
HND_006936,2011,1,1,,,,0,0,,0,,
HND_004551,2011,,,,,,,0,,0,,
HND_012438,2011,,,,,,,0,,0,,
HND_014473,2011,,,,,,,0,,0,,
HND_010452,2011,,,,,,,0,,0,,
HND_009978,2011,,,,,,,0,,0,,
HND_004280,2011,,,,,,,0,,0,,
HND_004277,2011,,0,,,,0,0,,0,,
HND_003600,2011,,,,,,,0,,0,,
HND_011238,2011,,,,,,,0,,0,,
HND_002138,2011,,,,,,,0,,0,,
HND_006724,2011,1,1,,,,0,0,,0,,
HND_001944,2011,,0,,,,0,0,,0,,
HND_006725,2011,1,0,,,,1,0,,0,,
HND_000332,2011,1,1,,,,1,0,,0,,
HND_011553,2011,1,1,,,,1,0,,0,,
HND_010284,2011,1,1,,,,1,0,,0,,
HND_002396,2011,1,1,,,,1,0,,0,,
HND_007665,2011,1,1,,,,1,0,,0,,
HND_002038,2011,1,1,,,,1,0,,0,,
HND_008764,2011,1,1,,,,1,0,,1,,
HND_001345,2011,1,1,,,,1,0,,0,,
HND_006402,2011,1,1,,,,1,0,,0,,
HND_012501,2011,1,1,,,,0,0,,0,,
HND_002969,2011,1,1,,,,1,0,,0,,
HND_001568,2011,1,1,,,,0,0,,0,,
HND_009922,2011,1,1,,,,0,0,,0,,
HND_015358,2011,,,,,,,0,,0,,
HND_001091,2011,,,,,,,0,,0,,
HND_001109,2011,,,,,,,0,,0,,
HND_015357,2011,,,,,,,0,,0,,
HND_012297,2011,,,,,,,0,,0,,
HND_011468,2011,,,,,,,0,,0,,
HND_011533,2011,,,,,,,0,,0,,
HND_012511,2011,,,,,,,0,,0,,
HND_009923,2011,,,,,,,0,,0,,
HND_008326,2011,0,0,,,,0,0,,0,,
HND_011532,2011,1,0,,,,0,0,,0,,
HND_012639,2011,,,,,,,0,,0,,
HND_012640,2011,,,,,,,0,,0,,
HND_007605,2011,1,1,,,,1,0,,0,,
HND_003883,2011,1,0,,,,1,0,,1,,
HND_013899,2011,1,0,,,,1,0,,1,,
HND_009298,2011,1,1,,,,1,0,,1,,
HND_001064,2011,1,0,,,,1,0,,0,,
HND_006331,2011,1,0,,,,1,0,,0,,
HND_010094,2011,1,0,,,,1,0,,0,,
HND_000284,2011,1,0,,,,1,0,,0,,
HND_011678,2011,1,1,,,,1,0,,0,,
HND_015359,2011,1,0,,,,0,0,,0,,
HND_004114,2011,0,0,,,,1,0,,0,,
HND_015811,2011,,,,,,,0,,0,,
HND_011361,2011,,,,,,,0,,0,,
HND_001172,2011,1,1,,,,0,0,,0,,
HND_001460,2011,1,0,,,,1,0,,1,,
HND_000063,2011,1,1,,,,1,0,,0,,
HND_002944,2011,1,1,,,,0,0,,0,,
HND_000824,2011,1,1,,,,1,0,,1,,
HND_008804,2011,1,1,,,,1,0,,0,,
HND_013348,2011,1,0,,,,1,0,,0,,
HND_010910,2011,1,0,,,,1,0,,0,,
HND_007599,2011,1,1,,,,1,0,,1,,
HND_014253,2011,1,1,,,,1,0,,0,,
HND_013206,2011,1,1,,,,1,0,,1,,
HND_016899,2011,1,1,,,,1,0,,0,,
HND_011743,2011,1,1,,,,1,0,,1,,
HND_012861,2011,1,1,,,,1,0,,1,,
HND_012183,2011,1,1,,,,0,0,,0,,
HND_007070,2011,1,1,,,,1,0,,0,,
HND_008834,2011,1,1,,,,1,0,,0,,
HND_008686,2011,1,1,,,,1,0,,0,,
HND_014965,2011,1,0,,,,1,0,,0,,
HND_000609,2011,1,0,,,,0,0,,0,,
HND_004196,2011,1,1,,,,1,0,,0,,
HND_002527,2011,1,1,,,,1,0,,1,,
HND_003532,2011,1,1,,,,1,0,,0,,
HND_002308,2011,1,1,,,,1,0,,1,,
HND_010335,2011,1,1,,,,1,0,,1,,
HND_008816,2011,1,1,,,,1,0,,1,,
HND_010126,2011,1,1,,,,1,0,,1,,
HND_011198,2011,1,1,,,,1,0,,1,,
HND_007071,2011,1,1,,,,1,0,,1,,
HND_014963,2011,1,1,,,,1,0,,0,,
HND_001890,2011,1,1,,,,1,0,,0,,
HND_008101,2011,1,1,,,,1,0,,0,,
HND_000734,2011,1,1,,,,1,0,,0,,
HND_009508,2011,1,1,,,,1,0,,0,,
HND_000245,2011,1,0,,,,1,0,,0,,
HND_010646,2011,1,1,,,,1,0,,1,,
HND_000512,2011,1,0,,,,1,0,,0,,
HND_007306,2011,1,1,,,,0,0,,0,,
HND_000598,2011,1,1,,,,1,0,,1,,
HND_010719,2011,1,1,,,,1,0,,1,,
HND_012757,2011,1,1,,,,1,0,,1,,
HND_002322,2011,1,1,,,,1,0,,1,,
HND_015852,2011,1,0,,,,0,0,,0,,
HND_005564,2011,1,1,,,,1,0,,0,,
HND_000035,2011,1,1,,,,1,0,,0,,
HND_005835,2011,1,1,,,,1,0,,0,,
HND_003091,2011,1,1,,,,1,0,,0,,
HND_009621,2011,1,1,,,,0,0,,0,,
HND_000939,2011,1,1,,,,1,0,,0,,
HND_012842,2011,1,1,,,,1,0,,0,,
HND_001838,2011,1,1,,,,1,0,,0,,
HND_005387,2011,1,1,,,,1,0,,1,,
HND_001920,2011,1,1,,,,1,0,,1,,
HND_000252,2011,1,0,,,,1,0,,1,,
HND_002586,2011,1,1,,,,1,0,,0,,
HND_015851,2011,1,1,,,,1,0,,0,,
HND_016806,2011,1,1,,,,0,0,,0,,
HND_014422,2011,1,1,,,,1,0,,0,,
HND_012520,2011,1,1,,,,1,0,,1,,
HND_009488,2011,1,1,,,,1,0,,1,,
HND_002562,2011,1,1,,,,1,0,,0,,
HND_010119,2011,1,1,,,,1,0,,0,,
HND_014082,2011,1,1,,,,0,0,,0,,
HND_007313,2011,1,1,,,,0,0,,0,,
HND_008800,2011,1,1,,,,1,0,,0,,
HND_005101,2011,1,1,,,,0,0,,0,,
HND_011536,2011,1,1,,,,0,0,,0,,
HND_002538,2011,1,1,,,,1,0,,0,,
HND_007591,2011,1,0,,,,1,0,,0,,
HND_009847,2011,1,1,,,,1,0,,0,,
HND_015719,2011,1,1,,,,0,0,,0,,
HND_014205,2011,1,0,,,,0,0,,0,,
HND_001837,2011,1,1,,,,0,0,,0,,
HND_010422,2011,1,1,,,,1,0,,0,,
HND_002557,2011,1,1,,,,1,0,,0,,
HND_007307,2011,1,1,,,,0,0,,0,,
HND_000260,2011,1,0,,,,0,0,,0,,
HND_002044,2011,1,1,,,,1,0,,0,,
HND_009800,2011,1,1,,,,0,0,,0,,
HND_015611,2011,1,1,,,,1,0,,1,,
HND_012644,2011,1,1,,,,1,0,,1,,
HND_015227,2011,1,1,,,,0,0,,0,,
HND_001453,2011,1,1,,,,1,0,,0,,
HND_012201,2011,1,1,,,,0,0,,0,,
HND_005262,2011,1,1,,,,1,0,,0,,
HND_000491,2011,1,0,,,,0,0,,0,,
HND_015998,2011,1,1,,,,0,0,,0,,
HND_015718,2011,1,1,,,,0,0,,0,,
HND_013719,2011,1,0,,,,1,0,,0,,
HND_013685,2011,1,1,,,,0,0,,0,,
HND_011247,2011,1,1,,,,1,0,,0,,
HND_001130,2011,,,,,,,0,,0,,
HND_000460,2011,,,,,,,0,,0,,
HND_015902,2011,,,,,,,0,,0,,
HND_002726,2011,,,,,,,0,,0,,
HND_006015,2011,,,,,,,0,,0,,
HND_009451,2011,1,0,,,,0,0,,0,,
HND_012975,2011,1,1,,,,1,0,,0,,
HND_004664,2011,1,1,,,,0,0,,0,,
HND_012986,2011,1,1,,,,1,0,,0,,
HND_015242,2011,1,1,,,,1,0,,0,,
HND_009265,2011,,0,,,,0,0,,0,,
HND_003639,2011,,,,,,,0,,0,,
HND_012849,2011,,,,,,,0,,0,,
HND_011900,2011,1,1,,,,1,0,,0,,
HND_004254,2011,1,1,,,,1,0,,0,,
HND_004429,2011,1,0,,,,1,0,,0,,
HND_002194,2011,1,1,,,,1,0,,1,,
HND_005307,2011,1,1,,,,1,0,,0,,
HND_016373,2011,1,1,,,,1,0,,1,,
HND_007743,2011,1,1,,,,1,0,,0,,
HND_009798,2011,1,1,,,,1,0,,0,,
HND_014152,2011,1,1,,,,1,0,,0,,
HND_013411,2011,1,1,,,,1,0,,1,,
HND_003421,2011,1,1,,,,1,0,,0,,
HND_010445,2011,1,1,,,,1,0,,0,,
HND_009338,2011,1,1,,,,1,0,,0,,
HND_002311,2011,1,1,,,,1,0,,0,,
HND_010348,2011,1,1,,,,1,0,,1,,
HND_009209,2011,1,1,,,,1,0,,1,,
HND_009127,2011,1,1,,,,1,0,,0,,
HND_006029,2011,1,1,,,,1,0,,0,,
HND_014380,2011,1,1,,,,1,0,,0,,
HND_000079,2011,1,1,,,,1,0,,0,,
HND_004541,2011,1,1,,,,1,0,,0,,
HND_002453,2011,1,1,,,,1,0,,0,,
HND_012355,2011,1,1,,,,1,0,,0,,
HND_000210,2011,1,1,,,,1,0,,0,,
HND_015937,2011,,0,,,,0,0,,0,,
HND_014972,2011,1,1,,,,1,0,,0,,
HND_000686,2011,1,1,,,,1,0,,0,,
HND_000262,2011,1,1,,,,1,0,,0,,
HND_000283,2011,1,1,,,,0,0,,0,,
HND_015473,2011,1,0,,,,1,0,,1,,
HND_002971,2011,1,1,,,,1,0,,1,,
HND_000092,2011,,0,,,,0,0,,0,,
HND_008561,2011,1,1,,,,1,0,,0,,
HND_000122,2011,1,1,,,,1,0,,0,,
HND_002561,2011,1,1,,,,0,0,,0,,
HND_000389,2011,1,1,,,,0,0,,0,,
HND_001434,2011,1,1,,,,1,0,,0,,
HND_007115,2011,1,1,,,,0,0,,0,,
HND_008024,2011,1,0,,,,0,0,,0,,
HND_013527,2011,,,,,,,0,,0,,
HND_010799,2011,,0,,,,0,0,,0,,
HND_012951,2011,1,1,,,,0,0,,0,,
HND_004472,2011,1,1,,,,1,0,,0,,
HND_015360,2011,1,1,,,,0,0,,0,,
HND_010202,2011,1,1,,,,1,0,,0,,
HND_016372,2011,0,0,,,,1,0,,0,,
HND_004710,2011,1,1,,,,1,0,,0,,
HND_006210,2011,1,1,,,,1,0,,0,,
HND_008758,2011,1,1,,,,0,0,,0,,
HND_009188,2011,1,1,,,,1,0,,0,,
HND_001919,2011,1,1,,,,1,0,,0,,
HND_012027,2011,1,1,,,,1,0,,0,,
HND_012247,2011,1,1,,,,1,0,,0,,
HND_008692,2011,1,1,,,,1,0,,0,,
HND_001004,2011,1,1,,,,0,0,,0,,
HND_015906,2011,1,1,,,,1,0,,0,,
HND_001234,2011,1,1,,,,1,0,,0,,
HND_016894,2011,1,1,,,,1,0,,0,,
HND_016307,2011,1,1,,,,1,0,,1,,
HND_007663,2011,1,1,,,,1,0,,1,,
HND_001444,2011,1,1,,,,1,0,,0,,
HND_010011,2011,1,1,,,,1,0,,0,,
HND_016898,2011,1,1,,,,1,0,,0,,
HND_004444,2011,0,0,,,,1,0,,0,,
HND_006008,2011,1,1,,,,0,0,,0,,
HND_012251,2011,1,1,,,,1,1,,0,,
HND_011078,2011,1,1,,,,1,0,,0,,
HND_011520,2011,1,1,,,,1,0,,0,,
HND_012905,2011,1,1,,,,0,0,,0,,
HND_010170,2011,1,1,,,,1,0,,0,,
HND_014277,2011,,0,,,,0,0,,0,,
HND_012248,2011,1,1,,,,1,0,,0,,
HND_012361,2011,,,,,,,0,,0,,
HND_005988,2011,1,1,,,,0,0,,0,,
HND_013103,2011,1,1,,,,1,0,,0,,
HND_004403,2011,1,1,,,,1,0,,0,,
HND_011566,2011,1,1,,,,1,0,,0,,
HND_014058,2011,,0,,,,0,0,,0,,
HND_009818,2011,1,0,,,,0,0,,0,,
HND_000350,2011,1,1,,,,0,0,,0,,
HND_006903,2011,1,1,,,,1,0,,0,,
HND_008413,2011,1,0,,,,0,0,,0,,
HND_004433,2011,1,1,,,,1,0,,1,,
HND_013703,2011,1,0,,,,1,0,,1,,
HND_000930,2011,,0,,,,0,0,,0,,
HND_014916,2011,1,1,,,,1,0,,0,,
HND_001344,2011,1,1,,,,0,0,,0,,
HND_004430,2011,1,1,,,,1,0,,0,,
HND_012980,2011,,0,,,,0,0,,0,,
HND_005633,2011,,0,,,,0,0,,0,,
HND_014027,2011,,0,,,,0,0,,0,,
HND_010659,2011,1,1,,,,0,0,,0,,
HND_001403,2011,,0,,,,0,0,,0,,
HND_000204,2011,1,1,,,,1,0,,0,,
HND_008247,2011,1,1,,,,1,0,,1,,
HND_002651,2011,1,1,,,,1,0,,0,,
HND_011783,2011,1,1,,,,0,0,,0,,
HND_010448,2011,,0,,,,0,0,,0,,
HND_008248,2011,1,0,,,,0,0,,0,,
HND_009442,2011,,0,,,,0,0,,0,,
HND_001628,2011,1,1,,,,1,0,,0,,
HND_014142,2011,,,,,,,0,,0,,
HND_003559,2011,,,,,,,0,,0,,
HND_000261,2011,,,,,,,0,,0,,
HND_013910,2011,,,,,,,0,,0,,
HND_010451,2011,,,,,,,0,,0,,
HND_009100,2011,1,1,,,,0,0,,0,,
HND_000613,2011,1,0,,,,0,0,,0,,
HND_016839,2011,,,,,,,0,,0,,
HND_012947,2011,1,1,,,,0,0,,0,,
HND_001387,2011,1,1,,,,1,0,,1,,
HND_013931,2011,1,1,,,,1,0,,1,,
HND_000161,2011,1,1,,,,1,0,,0,,
HND_000233,2011,1,1,,,,0,0,,0,,
HND_009544,2011,1,1,,,,1,0,,0,,
HND_004346,2011,1,1,,,,1,0,,1,,
HND_004644,2011,,0,,,,0,0,,0,,
HND_000887,2011,1,1,,,,1,0,,0,,
HND_004423,2011,1,1,,,,0,0,,0,,
HND_010654,2011,1,1,,,,1,0,,0,,
HND_011065,2011,,0,,,,1,0,,1,,
HND_000673,2011,1,1,,,,0,0,,0,,
HND_014141,2011,1,1,,,,0,0,,0,,
HND_015482,2011,1,1,,,,1,0,,1,,
HND_014447,2011,1,1,,,,0,0,,0,,
HND_002960,2011,1,1,,,,0,0,,0,,
HND_009697,2011,1,0,,,,0,0,,0,,
HND_000809,2011,1,1,,,,1,0,,0,,
HND_011910,2011,1,1,,,,1,0,,0,,
HND_000623,2011,1,1,,,,1,0,,0,,
HND_012964,2011,0,0,,,,0,0,,0,,
HND_001888,2011,1,1,,,,1,0,,0,,
HND_000315,2011,,0,,,,0,0,,0,,
HND_009502,2011,1,1,,,,0,0,,0,,
HND_004697,2011,1,1,,,,0,0,,0,,
HND_000200,2011,1,1,,,,0,0,,0,,
HND_011218,2011,1,1,,,,1,0,,0,,
HND_015093,2011,1,1,,,,0,0,,0,,
HND_007100,2011,1,1,,,,1,0,,0,,
HND_013552,2011,1,1,,,,1,0,,0,,
HND_011470,2011,1,1,,,,1,0,,0,,
HND_011578,2011,1,1,,,,1,0,,0,,
HND_013708,2011,1,1,,,,0,0,,0,,
HND_015223,2011,1,1,,,,0,0,,0,,
HND_006349,2011,1,1,,,,1,0,,0,,
HND_010725,2011,1,1,,,,1,0,,1,,
HND_014646,2011,1,1,,,,0,0,,0,,
HND_008346,2011,0,0,,,,0,0,,0,,
HND_007155,2011,1,1,,,,0,0,,0,,
HND_004698,2011,0,0,,,,0,0,,0,,
HND_001872,2011,1,1,,,,0,0,,0,,
HND_011356,2011,1,0,,,,0,0,,0,,
HND_008016,2011,1,1,,,,0,0,,0,,
HND_007639,2011,0,0,,,,0,0,,0,,
HND_016437,2011,,0,,,,0,0,,0,,
HND_015995,2011,1,1,,,,0,0,,0,,
HND_015535,2011,1,1,,,,1,0,,0,,
HND_013303,2011,1,1,,,,0,0,,0,,
HND_004975,2011,,0,,,,0,0,,0,,
HND_010521,2011,,0,,,,0,0,,0,,
HND_015159,2011,1,1,,,,0,0,,0,,
HND_015118,2011,,0,,,,0,0,,0,,
HND_006123,2011,1,1,,,,1,0,,0,,
HND_010709,2011,1,1,,,,1,0,,0,,
HND_003923,2011,1,1,,,,1,0,,0,,
HND_011066,2011,1,1,,,,0,0,,0,,
HND_013739,2011,1,1,,,,0,0,,0,,
HND_006324,2011,1,1,,,,0,0,,0,,
HND_015329,2011,1,1,,,,0,0,,0,,
HND_006348,2011,1,0,,,,1,0,,0,,
HND_005614,2011,,0,,,,0,0,,0,,
HND_007538,2011,1,1,,,,0,0,,0,,
HND_013442,2011,,,,,,,0,,0,,
HND_009529,2011,,,,,,,0,,0,,
HND_016163,2011,,,,,,,0,,0,,
HND_012249,2011,1,1,,,,0,0,,0,,
HND_013600,2011,,,,,,,0,,0,,
HND_002324,2011,1,1,,,,0,0,,0,,
HND_007209,2011,1,1,,,,0,0,,0,,
HND_007156,2011,,,,,,,0,,0,,
HND_012332,2011,,,,,,,0,,0,,
HND_002652,2011,1,1,,,,0,0,,0,,
HND_000118,2011,0,0,,,,0,0,,0,,
HND_011561,2011,1,1,,,,1,0,,0,,
HND_003957,2011,1,0,,,,1,0,,1,,
HND_005813,2011,1,0,,,,1,0,,0,,
HND_014398,2011,1,1,,,,1,0,,0,,
HND_004777,2011,1,1,,,,1,0,,0,,
HND_008315,2011,1,1,,,,1,0,,1,,
HND_013834,2011,1,1,,,,0,0,,0,,
HND_002443,2011,1,1,,,,1,0,,0,,
HND_004034,2011,1,1,,,,0,0,,0,,
HND_014165,2011,1,1,,,,1,0,,1,,
HND_003156,2011,1,1,,,,1,0,,0,,
HND_005862,2011,1,1,,,,1,0,,0,,
HND_014024,2011,1,1,,,,0,0,,0,,
HND_004803,2011,1,1,,,,0,0,,0,,
HND_002210,2011,1,1,,,,1,0,,1,,
HND_005390,2011,1,1,,,,1,1,,1,,
HND_010569,2011,1,1,,,,1,0,,1,,
HND_008144,2011,1,1,,,,1,0,,1,,
HND_008742,2011,1,1,,,,1,0,,0,,
HND_012340,2011,1,1,,,,1,1,,1,,
HND_005388,2011,1,1,,,,1,0,,0,,
HND_003917,2011,1,1,,,,1,0,,0,,
HND_012238,2011,1,1,,,,1,0,,0,,
HND_005284,2011,1,1,,,,1,0,,0,,
HND_009899,2011,1,1,,,,1,0,,0,,
HND_013361,2011,1,0,,,,0,0,,0,,
HND_003976,2011,1,1,,,,0,0,,0,,
HND_000534,2011,1,1,,,,0,0,,0,,
HND_003948,2011,1,1,,,,1,0,,1,,
HND_013330,2011,1,1,,,,1,0,,0,,
HND_004576,2011,1,1,,,,0,0,,0,,
HND_008888,2011,1,1,,,,1,0,,0,,
HND_002205,2011,1,1,,,,1,0,,1,,
HND_015955,2011,,0,,,,0,0,,0,,
HND_003972,2011,1,1,,,,1,0,,1,,
HND_008149,2011,1,1,,,,1,0,,1,,
HND_006217,2011,1,1,,,,1,1,,1,,
HND_005061,2011,1,1,,,,0,0,,0,,
HND_015494,2011,1,1,,,,1,0,,1,,
HND_008740,2011,1,1,,,,1,0,,0,,
HND_003916,2011,1,1,,,,0,0,,0,,
HND_008744,2011,1,1,,,,1,0,,0,,
HND_008679,2011,1,1,,,,1,0,,1,,
HND_004097,2011,1,1,,,,1,0,,0,,
HND_014167,2011,1,1,,,,1,0,,1,,
HND_005440,2011,1,1,,,,1,0,,0,,
HND_004038,2011,1,1,,,,1,0,,0,,
HND_005837,2011,1,1,,,,1,0,,0,,
HND_009196,2011,,0,,,,1,0,,0,,
HND_014016,2011,1,1,,,,1,0,,1,,
HND_002947,2011,1,1,,,,0,0,,0,,
HND_009070,2011,1,1,,,,1,0,,0,,
HND_001025,2011,1,1,,,,1,0,,1,,
HND_005124,2011,,0,,,,1,0,,0,,
HND_010836,2011,1,1,,,,1,0,,1,,
HND_013643,2011,1,1,,,,0,0,,0,,
HND_014169,2011,1,1,,,,0,0,,0,,
HND_015547,2011,0,0,,,,0,0,,0,,
HND_014945,2011,1,1,,,,0,0,,0,,
HND_008079,2011,1,1,,,,0,0,,0,,
HND_016385,2011,1,1,,,,1,0,,0,,
HND_004037,2011,1,1,,,,0,0,,0,,
HND_012234,2011,,0,,,,1,0,,1,,
HND_004000,2011,1,1,,,,1,0,,1,,
HND_011555,2011,1,1,,,,1,0,,0,,
HND_011279,2011,1,1,,,,1,0,,1,,
HND_007754,2011,1,1,,,,0,0,,0,,
HND_003962,2011,1,1,,,,1,0,,0,,
HND_007810,2011,1,1,,,,1,0,,1,,
HND_004032,2011,0,0,,,,1,0,,0,,
HND_004070,2011,1,1,,,,0,0,,0,,
HND_002173,2011,1,1,,,,0,0,,0,,
HND_003947,2011,1,1,,,,1,0,,0,,
HND_016780,2011,,0,,,,1,0,,1,,
HND_013808,2011,1,1,,,,0,0,,0,,
HND_007189,2011,1,1,,,,0,0,,0,,
HND_003187,2011,1,1,,,,1,0,,0,,
HND_006046,2011,1,1,,,,1,0,,1,,
HND_015694,2011,1,1,,,,1,0,,0,,
HND_012446,2011,1,1,,,,0,0,,0,,
HND_013695,2011,1,1,,,,1,0,,0,,
HND_007226,2011,1,1,,,,0,0,,0,,
HND_001462,2011,1,1,,,,1,0,,0,,
HND_016625,2011,1,1,,,,0,0,,0,,
HND_004061,2011,1,1,,,,0,0,,0,,
HND_006142,2011,1,1,,,,0,0,,0,,
HND_001155,2011,1,1,,,,1,0,,0,,
HND_003964,2011,1,1,,,,1,0,,1,,
HND_009958,2011,1,0,,,,1,0,,0,,
HND_004379,2011,1,1,,,,1,0,,0,,
HND_011212,2011,1,1,,,,1,0,,0,,
HND_016752,2011,1,1,,,,1,0,,0,,
HND_006767,2011,1,1,,,,1,0,,0,,
HND_015575,2011,1,1,,,,1,0,,0,,
HND_014515,2011,1,1,,,,1,0,,0,,
HND_006760,2011,1,1,,,,1,0,,0,,
HND_013972,2011,1,1,,,,1,0,,0,,
HND_006768,2011,1,1,,,,1,0,,0,,
HND_016645,2011,1,1,,,,1,0,,0,,
HND_002335,2011,1,1,,,,1,0,,0,,
HND_006877,2011,1,1,,,,1,0,,0,,
HND_011654,2011,1,1,,,,1,0,,0,,
HND_016552,2011,1,1,,,,0,0,,0,,
HND_005560,2011,1,1,,,,1,0,,0,,
HND_005120,2011,1,1,,,,1,0,,0,,
HND_006039,2011,1,1,,,,1,0,,1,,
HND_002400,2011,1,1,,,,1,0,,0,,
HND_006793,2011,1,1,,,,1,0,,0,,
HND_011653,2011,1,1,,,,1,0,,0,,
HND_015583,2011,1,1,,,,1,0,,0,,
HND_006369,2011,1,1,,,,1,0,,1,,
HND_006836,2011,1,1,,,,1,0,,0,,
HND_001227,2011,1,1,,,,0,0,,0,,
HND_002682,2011,1,0,,,,1,1,,1,,
HND_000216,2011,1,1,,,,1,0,,1,,
HND_006852,2011,1,1,,,,1,0,,0,,
HND_011309,2011,1,1,,,,1,0,,0,,
HND_008053,2011,1,1,,,,1,0,,0,,
HND_006807,2011,1,1,,,,1,0,,0,,
HND_006765,2011,1,1,,,,1,0,,0,,
HND_001131,2011,1,1,,,,1,0,,0,,
HND_004416,2011,1,1,,,,1,0,,0,,
HND_006822,2011,1,1,,,,1,0,,0,,
HND_003924,2011,,0,,,,0,0,,0,,
HND_006811,2011,1,1,,,,0,0,,0,,
HND_005840,2011,1,1,,,,1,0,,0,,
HND_006795,2011,1,1,,,,1,0,,0,,
HND_012694,2011,1,1,,,,0,0,,0,,
HND_007683,2011,1,1,,,,0,0,,0,,
HND_011656,2011,1,1,,,,1,0,,0,,
HND_015574,2011,1,1,,,,1,0,,0,,
HND_006710,2011,1,1,,,,1,0,,0,,
HND_001930,2011,1,1,,,,1,0,,1,,
HND_003996,2011,1,1,,,,1,0,,0,,
HND_015421,2011,1,1,,,,1,0,,0,,
HND_006804,2011,1,1,,,,1,0,,0,,
HND_003236,2011,1,1,,,,1,0,,0,,
HND_003264,2011,1,1,,,,1,0,,0,,
HND_003679,2011,,,,,,,0,,0,,
HND_014413,2011,1,1,,,,1,0,,0,,
HND_003952,2011,1,0,,,,0,0,,0,,
HND_009440,2011,1,1,,,,1,0,,0,,
HND_001923,2011,1,1,,,,0,0,,0,,
HND_001924,2011,1,0,,,,0,0,,0,,
HND_015585,2011,1,1,,,,1,0,,0,,
HND_004024,2011,1,1,,,,1,0,,1,,
HND_013750,2011,1,1,,,,0,0,,0,,
HND_002468,2011,1,1,,,,0,0,,0,,
HND_005102,2011,1,1,,,,1,0,,0,,
HND_010112,2011,1,1,,,,1,0,,0,,
HND_009889,2011,1,1,,,,1,0,,0,,
HND_001925,2011,1,1,,,,1,0,,0,,
HND_005660,2011,1,1,,,,0,0,,0,,
HND_001929,2011,1,1,,,,1,0,,0,,
HND_016779,2011,1,0,,,,0,0,,0,,
HND_009765,2011,1,1,,,,0,0,,0,,
HND_015594,2011,1,1,,,,0,0,,0,,
HND_016303,2011,1,1,,,,1,0,,1,,
HND_006873,2011,0,0,,,,1,0,,0,,
HND_014176,2011,1,1,,,,1,0,,0,,
HND_003163,2011,1,1,,,,1,0,,0,,
HND_002345,2011,1,1,,,,1,0,,1,,
HND_001855,2011,1,1,,,,0,0,,0,,
HND_005431,2011,1,1,,,,0,0,,0,,
HND_000970,2011,1,0,,,,0,0,,0,,
HND_012670,2011,,,,,,,0,,0,,
HND_014761,2011,,,,,,,0,,0,,
HND_012500,2011,,,,,,,0,,0,,
HND_015178,2011,,,,,,,0,,0,,
HND_000419,2011,1,1,,,,1,1,,1,,
HND_013567,2011,,,,,,,0,,0,,
HND_001926,2011,1,0,,,,1,0,,0,,
HND_011390,2011,0,0,,,,1,0,,0,,
HND_007138,2011,,0,,,,1,0,,0,,
HND_012569,2011,1,0,,,,1,0,,0,,
HND_011255,2011,1,0,,,,0,0,,0,,
HND_001927,2011,1,1,,,,0,0,,0,,
HND_006093,2011,,,,,,,0,,0,,
HND_006274,2011,1,1,,,,1,0,,1,,
HND_007903,2011,1,1,,,,1,0,,0,,
HND_000409,2011,1,1,,,,0,0,,0,,
HND_011859,2011,1,1,,,,1,0,,0,,
HND_007686,2011,1,0,,,,1,0,,0,,
HND_003398,2011,,,,,,,0,,0,,
HND_009474,2011,,,,,,,0,,0,,
HND_003495,2011,,,,,,,0,,0,,
HND_002283,2011,,,,,,,0,,0,,
HND_004651,2011,,,,,,,0,,0,,
HND_007880,2011,,,,,,,0,,0,,
HND_012710,2011,,,,,,,0,,0,,
HND_016125,2011,,,,,,,0,,0,,
HND_003461,2011,,,,,,,0,,0,,
HND_004598,2011,,,,,,,0,,0,,
HND_001813,2011,,,,,,,0,,0,,
HND_012563,2011,,,,,,,0,,0,,
HND_001084,2011,,,,,,,0,,0,,
HND_009469,2011,1,0,,,,0,0,,0,,
HND_005264,2011,,,,,,,0,,0,,
HND_007191,2011,,,,,,,0,,0,,
HND_015597,2011,,,,,,,0,,0,,
HND_014503,2011,,,,,,,0,,0,,
HND_015067,2011,,,,,,,0,,0,,
HND_006097,2011,,,,,,,0,,0,,
HND_009600,2011,,,,,,,0,,0,,
HND_016196,2011,,,,,,,0,,0,,
HND_016511,2011,,,,,,,0,,0,,
HND_016510,2011,,,,,,,0,,0,,
HND_001743,2011,1,1,,,,1,1,,0,,
HND_007130,2011,,,,,,,0,,0,,
HND_002275,2011,,,,,,,0,,0,,
HND_012716,2011,,,,,,,0,,0,,
HND_014475,2011,,,,,,,0,,0,,
HND_014573,2011,,,,,,,0,,0,,
HND_003672,2011,0,0,,,,0,0,,0,,
HND_000953,2011,,,,,,,0,,0,,
HND_001928,2011,1,0,,,,0,0,,0,,
HND_013783,2011,1,1,,,,1,0,,0,,
HND_010615,2011,1,1,,,,1,0,,0,,
HND_014927,2011,1,1,,,,1,0,,0,,
HND_009022,2011,1,1,,,,1,0,,0,,
HND_005720,2011,0,0,,,,1,0,,0,,
HND_007850,2011,1,1,,,,1,0,,1,,
HND_007385,2011,1,1,,,,1,0,,1,,
HND_001319,2011,1,1,,,,1,0,,1,,
HND_015490,2011,1,1,,,,1,0,,0,,
HND_009790,2011,1,1,,,,1,0,,0,,
HND_009732,2011,1,1,,,,1,0,,0,,
HND_004763,2011,1,1,,,,1,0,,0,,
HND_008592,2011,1,1,,,,1,0,,0,,
HND_013417,2011,1,1,,,,1,0,,0,,
HND_006716,2011,1,1,,,,1,0,,0,,
HND_012567,2011,1,1,,,,1,0,,0,,
HND_004185,2011,1,1,,,,1,0,,0,,
HND_006816,2011,1,1,,,,1,0,,0,,
HND_005782,2011,1,1,,,,1,0,,0,,
HND_014061,2011,1,1,,,,0,0,,0,,
HND_006375,2011,1,1,,,,1,0,,1,,
HND_016576,2011,,,,,,,0,,0,,
HND_001320,2011,,,,,,,0,,0,,
HND_008840,2011,1,1,,,,1,0,,0,,
HND_010735,2011,1,1,,,,1,0,,0,,
HND_013418,2011,1,0,,,,1,0,,0,,
HND_002621,2011,1,1,,,,1,0,,0,,
HND_008032,2011,1,1,,,,1,0,,1,,
HND_014798,2011,1,1,,,,1,0,,0,,
HND_002346,2011,1,1,,,,1,0,,0,,
HND_002671,2011,1,1,,,,1,0,,0,,
HND_011828,2011,1,1,,,,1,0,,1,,
HND_007761,2011,1,1,,,,1,0,,0,,
HND_007760,2011,1,1,,,,1,0,,0,,
HND_000828,2011,1,1,,,,1,0,,0,,
HND_013861,2011,1,1,,,,1,0,,0,,
HND_008154,2011,1,1,,,,1,0,,0,,
HND_013995,2011,1,1,,,,1,0,,0,,
HND_005787,2011,1,1,,,,1,0,,0,,
HND_000183,2011,1,1,,,,0,0,,0,,
HND_007354,2011,1,1,,,,0,0,,0,,
HND_000222,2011,1,1,,,,0,0,,0,,
HND_004565,2011,1,1,,,,0,0,,0,,
HND_007080,2011,1,1,,,,0,0,,0,,
HND_016574,2011,1,1,,,,0,0,,0,,
HND_008163,2011,1,1,,,,0,0,,0,,
HND_009550,2011,1,1,,,,1,0,,0,,
HND_009628,2011,1,1,,,,1,0,,0,,
HND_001537,2011,1,0,,,,1,0,,0,,
HND_010591,2011,1,1,,,,1,0,,1,,
HND_006367,2011,1,1,,,,0,0,,0,,
HND_009682,2011,1,1,,,,0,0,,0,,
HND_003321,2011,1,1,,,,1,0,,0,,
HND_002988,2011,1,1,,,,0,0,,0,,
HND_004928,2011,1,0,,,,0,0,,0,,
HND_016573,2011,1,1,,,,0,0,,0,,
HND_004984,2011,1,1,,,,0,0,,0,,
HND_000794,2011,1,1,,,,1,0,,0,,
HND_004337,2011,1,1,,,,1,0,,0,,
HND_006098,2011,1,1,,,,1,0,,0,,
HND_014838,2011,1,1,,,,1,0,,1,,
HND_012847,2011,1,1,,,,1,0,,1,,
HND_000083,2011,1,1,,,,0,0,,0,,
HND_007492,2011,1,1,,,,0,0,,0,,
HND_000197,2011,1,1,,,,1,0,,1,,
HND_009239,2011,1,1,,,,1,0,,0,,
HND_011587,2011,1,1,,,,1,0,,0,,
HND_014639,2011,1,1,,,,1,0,,1,,
HND_011581,2011,,,,,,,0,,0,,
HND_004988,2011,1,1,,,,0,0,,0,,
HND_013409,2011,1,1,,,,0,0,,0,,
HND_013758,2011,0,0,,,,0,0,,0,,
HND_005618,2011,1,1,,,,1,0,,1,,
HND_007808,2011,1,0,,,,0,0,,0,,
HND_000427,2011,1,1,,,,1,0,,0,,
HND_011635,2011,,,,,,,0,,0,,
HND_012735,2011,,,,,,,0,,0,,
HND_012533,2011,,,,,,,0,,0,,
HND_009471,2011,,,,,,,0,,0,,
HND_014508,2011,,,,,,,0,,0,,
HND_001097,2011,,,,,,,0,,0,,
HND_001092,2011,,,,,,,0,,0,,
HND_011593,2011,,,,,,,0,,0,,
HND_011670,2011,,,,,,,0,,0,,
HND_014505,2011,,,,,,,0,,0,,
HND_011594,2011,,,,,,,0,,0,,
HND_015584,2011,,,,,,,0,,0,,
HND_003401,2011,,,,,,,0,,0,,
HND_010685,2011,1,1,,,,1,0,,1,,
HND_005786,2011,1,1,,,,1,0,,1,,
HND_014362,2011,0,0,,,,1,0,,0,,
HND_004846,2011,1,1,,,,1,0,,1,,
HND_008535,2011,1,0,,,,0,0,,0,,
HND_013492,2011,1,1,,,,1,0,,0,,
HND_007283,2011,1,1,,,,1,0,,0,,
HND_015558,2011,1,1,,,,1,0,,0,,
HND_009884,2011,1,1,,,,1,0,,0,,
HND_013435,2011,1,0,,,,1,0,,0,,
HND_003447,2011,1,1,,,,0,0,,0,,
HND_012231,2011,1,1,,,,0,0,,0,,
HND_015951,2011,1,0,,,,0,0,,0,,
HND_013547,2011,1,1,,,,1,0,,0,,
HND_013806,2011,1,0,,,,0,0,,0,,
HND_000725,2011,1,1,,,,1,0,,0,,
HND_002982,2011,0,0,,,,0,0,,0,,
HND_015498,2011,1,1,,,,0,0,,0,,
HND_006100,2011,1,1,,,,1,0,,0,,
HND_016660,2011,1,1,,,,1,0,,0,,
HND_015898,2011,1,0,,,,0,0,,0,,
HND_005180,2011,,0,,,,0,0,,0,,
HND_013747,2011,0,0,,,,0,0,,0,,
HND_004868,2011,0,0,,,,0,0,,0,,
HND_003648,2011,1,1,,,,0,0,,0,,
HND_001154,2011,0,0,,,,0,0,,0,,
HND_005895,2011,1,1,,,,1,0,,0,,
HND_015497,2011,1,1,,,,1,0,,0,,
HND_006694,2011,1,1,,,,1,0,,0,,
HND_011605,2011,1,1,,,,1,0,,0,,
HND_000602,2011,1,1,,,,1,0,,1,,
HND_003649,2011,1,1,,,,1,0,,0,,
HND_007459,2011,1,1,,,,0,0,,0,,
HND_012145,2011,1,1,,,,1,0,,0,,
HND_009957,2011,1,1,,,,1,0,,0,,
HND_003263,2011,1,1,,,,0,0,,0,,
HND_000394,2011,1,1,,,,0,0,,0,,
HND_016781,2011,1,1,,,,1,0,,0,,
HND_010138,2011,1,1,,,,0,0,,0,,
HND_001148,2011,1,1,,,,0,0,,0,,
HND_002629,2011,1,0,,,,1,0,,1,,
HND_014456,2011,,,,,,,0,,0,,
HND_006379,2011,0,0,,,,0,0,,0,,
HND_009422,2011,0,0,,,,0,0,,0,,
HND_011958,2011,,0,,,,0,0,,0,,
HND_004584,2011,1,0,,,,0,0,,0,,
HND_013746,2011,1,0,,,,0,0,,0,,
HND_011329,2011,,,,,,,0,,0,,
HND_009564,2011,,,,,,,0,,0,,
HND_001624,2011,,,,,,,0,,0,,
HND_006186,2011,1,1,,,,1,0,,0,,
HND_001809,2011,0,0,,,,0,0,,0,,
HND_000723,2011,1,1,,,,1,0,,0,,
HND_007436,2011,1,1,,,,1,0,,1,,
HND_013710,2011,1,1,,,,1,0,,0,,
HND_010519,2011,1,1,,,,0,0,,0,,
HND_002476,2011,,,,,,,0,,0,,
HND_007175,2011,0,0,,,,0,0,,0,,
HND_002040,2011,1,1,,,,1,0,,0,,
HND_009329,2011,1,1,,,,1,0,,0,,
HND_005692,2011,1,1,,,,0,0,,0,,
HND_008681,2011,1,1,,,,0,0,,0,,
HND_008757,2011,1,1,,,,1,0,,1,,
HND_013426,2011,1,1,,,,1,0,,1,,
HND_010217,2011,1,1,,,,0,0,,0,,
HND_015202,2011,1,1,,,,0,0,,0,,
HND_004818,2011,1,1,,,,1,0,,0,,
HND_008848,2011,1,1,,,,1,0,,0,,
HND_013132,2011,1,1,,,,1,0,,0,,
HND_003328,2011,,0,,,,1,0,,0,,
HND_004811,2011,1,1,,,,0,0,,0,,
HND_013188,2011,1,1,,,,0,0,,0,,
HND_009321,2011,1,1,,,,1,0,,1,,
HND_002953,2011,1,1,,,,1,0,,0,,
HND_009300,2011,1,0,,,,0,0,,0,,
HND_000170,2011,1,1,,,,0,0,,0,,
HND_005334,2011,1,1,,,,0,0,,0,,
HND_005930,2011,1,1,,,,1,0,,0,,
HND_007962,2011,1,1,,,,1,0,,0,,
HND_009408,2011,1,1,,,,0,0,,0,,
HND_012017,2011,1,1,,,,1,0,,1,,
HND_005477,2011,1,1,,,,0,0,,0,,
HND_009478,2011,1,1,,,,0,0,,0,,
HND_009323,2011,1,1,,,,1,0,,1,,
HND_007326,2011,0,0,,,,1,0,,0,,
HND_007470,2011,1,0,,,,0,0,,0,,
HND_005804,2011,1,1,,,,0,0,,0,,
HND_011462,2011,1,1,,,,1,0,,0,,
HND_014688,2011,1,1,,,,1,0,,0,,
HND_003385,2011,1,1,,,,0,0,,0,,
HND_003502,2011,1,1,,,,1,0,,0,,
HND_009460,2011,1,1,,,,1,0,,0,,
HND_015044,2011,1,0,,,,0,0,,0,,
HND_014577,2011,1,1,,,,1,0,,0,,
HND_003660,2011,1,1,,,,1,0,,1,,
HND_001225,2011,1,1,,,,1,0,,0,,
HND_001051,2011,1,1,,,,1,0,,0,,
HND_005694,2011,1,1,,,,1,0,,0,,
HND_006180,2011,1,1,,,,1,0,,0,,
HND_003228,2011,1,1,,,,1,0,,0,,
HND_016165,2011,1,1,,,,0,0,,0,,
HND_009615,2011,1,1,,,,1,0,,0,,
HND_014086,2011,1,1,,,,1,0,,1,,
HND_012444,2011,1,1,,,,1,0,,0,,
HND_010702,2011,1,1,,,,0,0,,0,,
HND_001780,2011,1,1,,,,1,0,,0,,
HND_001226,2011,1,1,,,,1,0,,0,,
HND_006871,2011,1,1,,,,1,0,,0,,
HND_013299,2011,,,,,,,0,,0,,
HND_009302,2011,,,,,,,0,,0,,
HND_001887,2011,1,1,,,,0,0,,0,,
HND_009071,2011,1,1,,,,0,0,,0,,
HND_007355,2011,0,0,,,,0,0,,0,,
HND_013025,2011,,0,,,,0,0,,0,,
HND_014345,2011,0,0,,,,0,0,,0,,
HND_006743,2011,,,,,,,0,,0,,
HND_013681,2011,,,,,,,0,,0,,
HND_001074,2011,,,,,,,0,,0,,
HND_010414,2011,1,1,,,,1,0,,0,,
HND_004169,2011,1,0,,,,1,0,,1,,
HND_007908,2011,1,1,,,,1,0,,0,,
HND_002161,2011,1,0,,,,0,0,,0,,
HND_008354,2011,,0,,,,0,0,,0,,
HND_006005,2011,1,1,,,,1,0,,0,,
HND_010408,2011,1,1,,,,1,0,,0,,
HND_005003,2011,,0,,,,1,0,,0,,
HND_001257,2011,1,1,,,,1,0,,0,,
HND_014775,2011,1,1,,,,0,0,,0,,
HND_005841,2011,1,1,,,,1,0,,0,,
HND_006282,2011,1,1,,,,1,1,,1,,
HND_013283,2011,1,1,,,,1,0,,0,,
HND_010479,2011,1,1,,,,1,0,,0,,
HND_006376,2011,1,1,,,,1,0,,0,,
HND_015090,2011,1,1,,,,0,0,,0,,
HND_001058,2011,1,1,,,,1,0,,0,,
HND_011664,2011,1,1,,,,1,0,,0,,
HND_005606,2011,1,1,,,,0,0,,0,,
HND_004930,2011,1,1,,,,1,0,,0,,
HND_006870,2011,1,1,,,,1,0,,0,,
HND_003619,2011,1,1,,,,0,0,,0,,
HND_012875,2011,,,,,,,0,,0,,
HND_008420,2011,1,1,,,,1,0,,1,,
HND_005742,2011,1,1,,,,1,0,,0,,
HND_000775,2011,1,1,,,,1,0,,0,,
HND_009398,2011,1,1,,,,0,0,,0,,
HND_012236,2011,1,1,,,,1,0,,1,,
HND_010354,2011,1,1,,,,0,0,,0,,
HND_013723,2011,,,,,,,0,,0,,
HND_014123,2011,1,1,,,,0,0,,0,,
HND_002417,2011,1,1,,,,0,0,,0,,
HND_014511,2011,,,,,,,0,,0,,
HND_004282,2011,1,1,,,,1,0,,0,,
HND_012339,2011,,,,,,,0,,0,,
HND_016310,2011,,0,,,,1,0,,1,,
HND_007809,2011,1,1,,,,1,0,,0,,
HND_008119,2011,1,0,,,,0,0,,0,,
HND_007348,2011,1,1,,,,1,0,,1,,
HND_004943,2011,1,1,,,,1,0,,0,,
HND_015489,2011,1,1,,,,1,0,,0,,
HND_009623,2011,1,1,,,,1,0,,1,,
HND_013759,2011,1,1,,,,1,0,,0,,
HND_008056,2011,1,1,,,,1,0,,0,,
HND_007791,2011,1,1,,,,1,0,,0,,
HND_004035,2011,1,1,,,,1,1,,1,,
HND_016519,2011,,0,,,,1,0,,1,,
HND_003956,2011,1,1,,,,0,0,,0,,
HND_015077,2011,1,1,,,,1,0,,0,,
HND_000227,2011,1,1,,,,1,0,,1,,
HND_003928,2011,1,1,,,,1,0,,0,,
HND_003932,2011,,0,,,,1,0,,0,,
HND_004489,2011,1,1,,,,1,0,,0,,
HND_003694,2011,1,1,,,,1,0,,0,,
HND_015493,2011,1,1,,,,0,0,,0,,
HND_003995,2011,1,0,,,,0,0,,0,,
HND_004805,2011,1,1,,,,1,0,,0,,
HND_006163,2011,1,1,,,,0,0,,0,,
HND_001538,2011,1,1,,,,1,0,,0,,
HND_007417,2011,1,1,,,,0,0,,0,,
HND_003966,2011,1,1,,,,0,0,,0,,
HND_004011,2011,1,1,,,,0,0,,0,,
HND_006084,2011,1,1,,,,1,0,,0,,
HND_003958,2011,1,1,,,,0,0,,0,,
HND_008743,2011,1,1,,,,0,0,,0,,
HND_001536,2011,1,1,,,,1,0,,0,,
HND_015100,2011,1,1,,,,1,0,,0,,
HND_015613,2011,1,1,,,,0,0,,0,,
HND_011352,2011,1,1,,,,0,0,,0,,
HND_009227,2011,1,1,,,,1,0,,0,,
HND_003973,2011,1,1,,,,0,0,,0,,
HND_001984,2011,1,1,,,,0,0,,0,,
HND_004720,2011,,0,,,,0,0,,0,,
HND_004148,2011,1,1,,,,0,0,,0,,
HND_002981,2011,1,1,,,,0,0,,0,,
HND_006337,2011,1,0,,,,0,0,,0,,
HND_001224,2011,1,1,,,,0,0,,0,,
HND_008594,2011,1,1,,,,1,0,,0,,
HND_010416,2011,1,1,,,,0,0,,0,,
HND_014282,2011,1,1,,,,0,0,,0,,
HND_004552,2011,1,1,,,,1,0,,1,,
HND_005873,2011,1,1,,,,1,1,,1,,
HND_000520,2011,1,1,,,,1,0,,0,,
HND_012745,2011,1,1,,,,1,0,,0,,
HND_011601,2011,1,1,,,,1,0,,0,,
HND_011446,2011,1,1,,,,0,0,,0,,
HND_011123,2011,1,1,,,,0,0,,0,,
HND_003064,2011,1,1,,,,1,0,,1,,
HND_012560,2011,,,,,,,0,,0,,
HND_001782,2011,,,,,,,0,,0,,
HND_012733,2011,,,,,,,0,,0,,
HND_001087,2011,,,,,,,0,,0,,
HND_011659,2011,,,,,,,0,,0,,
HND_011668,2011,,,,,,,0,,0,,
HND_001778,2011,,,,,,,0,,0,,
HND_014525,2011,,,,,,,0,,0,,
HND_002998,2011,,,,,,,0,,0,,
HND_002600,2011,,,,,,,0,,0,,
HND_012546,2011,,,,,,,0,,0,,
HND_002692,2011,,,,,,,0,,0,,
HND_011114,2011,,,,,,,0,,0,,
HND_016146,2011,,,,,,,0,,0,,
HND_008361,2011,,0,,,,0,0,,0,,
HND_015921,2011,,,,,,,0,,0,,
HND_012305,2011,,,,,,,0,,0,,
HND_009368,2011,1,1,,,,0,0,,0,,
HND_011291,2011,1,1,,,,1,0,,1,,
HND_016608,2011,1,1,,,,1,0,,0,,
HND_009795,2011,1,1,,,,0,0,,0,,
HND_010787,2011,1,1,,,,0,0,,0,,
HND_004492,2011,1,1,,,,0,0,,0,,
HND_010766,2011,1,1,,,,1,0,,0,,
HND_010026,2011,1,1,,,,1,0,,0,,
HND_001167,2011,1,1,,,,0,0,,0,,
HND_003599,2011,1,1,,,,1,0,,1,,
HND_003519,2011,1,0,,,,1,0,,0,,
HND_005263,2011,1,1,,,,0,0,,0,,
HND_013026,2011,1,1,,,,1,0,,0,,
HND_004102,2011,1,1,,,,1,0,,0,,
HND_016609,2011,1,1,,,,1,0,,0,,
HND_014107,2011,1,1,,,,0,0,,0,,
HND_007404,2011,1,1,,,,0,0,,0,,
HND_016443,2011,1,1,,,,0,0,,0,,
HND_009403,2011,,0,,,,1,0,,1,,
HND_011729,2011,1,1,,,,1,0,,0,,
HND_015496,2011,1,0,,,,0,0,,0,,
HND_014896,2011,1,1,,,,0,0,,0,,
HND_015032,2011,1,1,,,,0,0,,0,,
HND_006026,2011,1,1,,,,0,0,,0,,
HND_001327,2011,1,1,,,,0,0,,0,,
HND_007291,2011,1,1,,,,0,0,,0,,
HND_013106,2011,1,1,,,,0,0,,0,,
HND_009479,2011,1,1,,,,0,0,,0,,
HND_005495,2011,1,0,,,,0,0,,0,,
HND_011739,2011,1,1,,,,0,0,,0,,
HND_015821,2011,1,1,,,,1,0,,0,,
HND_012144,2011,1,1,,,,1,0,,0,,
HND_014530,2011,1,1,,,,1,0,,1,,
HND_012081,2011,1,1,,,,0,0,,0,,
HND_011667,2011,1,1,,,,0,0,,0,,
HND_012291,2011,1,1,,,,1,0,,0,,
HND_013280,2011,1,1,,,,1,0,,0,,
HND_009950,2011,1,1,,,,1,0,,0,,
HND_015848,2011,1,1,,,,0,0,,0,,
HND_015586,2011,1,1,,,,0,0,,0,,
HND_012147,2011,,,,,,,0,,0,,
HND_006709,2011,1,0,,,,0,0,,0,,
HND_002700,2011,,,,,,,0,,0,,
HND_016567,2011,1,0,,,,0,0,,0,,
HND_014522,2011,,,,,,,0,,0,,
HND_016222,2011,,,,,,,0,,0,,
HND_006181,2011,,,,,,,0,,0,,
HND_015101,2011,,,,,,,0,,0,,
HND_013281,2011,,,,,,,0,,0,,
HND_005412,2011,,,,,,,0,,0,,
HND_012152,2011,,,,,,,0,,0,,
HND_005414,2011,1,0,,,,0,0,,0,,
HND_016120,2011,1,0,,,,1,0,,0,,
HND_011376,2011,,0,,,,0,0,,0,,
HND_003296,2011,1,1,,,,0,0,,0,,
HND_005235,2011,1,1,,,,1,0,,1,,
HND_013108,2011,1,1,,,,1,0,,0,,
HND_011102,2011,0,0,,,,1,0,,1,,
HND_015095,2011,1,1,,,,1,0,,0,,
HND_005228,2011,,,,,,,0,,0,,
HND_002080,2011,1,1,,,,1,0,,0,,
HND_002963,2011,1,1,,,,1,0,,0,,
HND_008200,2011,1,1,,,,1,0,,0,,
HND_013284,2011,1,1,,,,1,0,,0,,
HND_005457,2011,1,0,,,,1,0,,0,,
HND_005306,2011,0,0,,,,0,0,,0,,
HND_010337,2011,1,1,,,,1,0,,0,,
HND_014276,2011,1,1,,,,0,0,,0,,
HND_009372,2011,,0,,,,1,0,,0,,
HND_014163,2011,1,1,,,,1,0,,0,,
HND_014803,2011,1,1,,,,0,0,,0,,
HND_000691,2011,1,1,,,,0,0,,0,,
HND_007420,2011,0,0,,,,0,0,,0,,
HND_009758,2011,1,1,,,,0,0,,0,,
HND_014547,2011,0,0,,,,0,0,,0,,
HND_009124,2011,1,1,,,,0,0,,0,,
HND_009246,2011,1,1,,,,0,0,,0,,
HND_009851,2011,0,0,,,,0,0,,0,,
HND_010198,2011,1,1,,,,0,0,,0,,
HND_015420,2011,1,1,,,,1,0,,0,,
HND_015606,2011,1,1,,,,0,0,,0,,
HND_012401,2011,,,,,,,0,,0,,
HND_015170,2011,,,,,,,0,,0,,
HND_001463,2011,1,1,,,,1,0,,0,,
HND_000967,2011,,,,,,,0,,0,,
HND_003254,2011,1,1,,,,1,0,,0,,
HND_010483,2011,1,1,,,,1,0,,0,,
HND_015689,2011,1,1,,,,1,0,,0,,
HND_005721,2011,1,0,,,,0,0,,0,,
HND_005331,2011,1,1,,,,0,0,,0,,
HND_006307,2011,1,1,,,,1,0,,1,,
HND_008069,2011,1,1,,,,1,0,,0,,
HND_012180,2011,1,1,,,,0,0,,0,,
HND_006141,2011,1,1,,,,1,0,,0,,
HND_006377,2011,1,1,,,,0,0,,0,,
HND_004091,2011,1,0,,,,0,0,,0,,
HND_015890,2011,1,1,,,,1,0,,0,,
HND_012084,2011,,,,,,,0,,0,,
HND_008358,2011,1,1,,,,0,0,,0,,
HND_003206,2011,,,,,,,0,,0,,
HND_002986,2011,1,1,,,,0,0,,0,,
HND_011444,2011,1,0,,,,0,0,,0,,
HND_009811,2011,1,1,,,,0,0,,0,,
HND_008477,2011,1,1,,,,1,0,,0,,
HND_006332,2011,1,1,,,,0,0,,0,,
HND_005065,2011,1,1,,,,1,0,,0,,
HND_008430,2011,1,1,,,,1,0,,0,,
HND_013414,2011,1,1,,,,1,0,,1,,
HND_009423,2011,1,1,,,,1,1,,1,,
HND_010332,2011,1,1,,,,1,0,,0,,
HND_010681,2011,1,1,,,,1,0,,0,,
HND_009421,2011,0,0,,,,1,0,,0,,
HND_016380,2011,1,1,,,,0,0,,0,,
HND_004575,2011,1,1,,,,0,0,,0,,
HND_005096,2011,1,1,,,,1,0,,0,,
HND_008684,2011,1,1,,,,0,0,,0,,
HND_009420,2011,1,1,,,,0,0,,0,,
HND_015079,2011,1,1,,,,0,0,,0,,
HND_014220,2011,1,1,,,,1,0,,0,,
HND_004213,2011,1,1,,,,0,0,,0,,
HND_014904,2011,1,1,,,,1,0,,1,,
HND_001461,2011,1,1,,,,1,0,,0,,
HND_002183,2011,1,1,,,,1,0,,1,,
HND_003692,2011,1,1,,,,0,0,,0,,
HND_003693,2011,1,0,,,,0,0,,0,,
HND_013403,2011,1,0,,,,0,0,,0,,
HND_010903,2011,1,1,,,,0,0,,0,,
HND_010213,2011,1,1,,,,1,0,,0,,
HND_008112,2011,1,1,,,,0,0,,0,,
HND_005026,2011,1,1,,,,0,0,,0,,
HND_013401,2011,1,1,,,,0,0,,0,,
HND_007363,2011,1,1,,,,0,0,,0,,
HND_012344,2011,1,1,,,,1,0,,0,,
HND_004192,2011,1,1,,,,1,0,,0,,
HND_002378,2011,1,1,,,,0,0,,0,,
HND_014909,2011,1,0,,,,0,0,,0,,
HND_005029,2011,1,1,,,,1,0,,0,,
HND_014911,2011,0,0,,,,0,0,,0,,
HND_004476,2011,1,1,,,,1,0,,0,,
HND_013309,2011,1,1,,,,1,0,,0,,
HND_001375,2011,1,1,,,,1,0,,0,,
HND_016433,2011,1,1,,,,0,0,,0,,
HND_007878,2011,1,1,,,,0,0,,0,,
HND_007357,2011,1,1,,,,0,0,,0,,
HND_005746,2011,1,1,,,,1,0,,0,,
HND_009237,2011,1,1,,,,1,0,,0,,
HND_009238,2011,1,1,,,,1,0,,0,,
HND_012787,2011,1,1,,,,1,0,,1,,
HND_008635,2011,1,1,,,,0,0,,0,,
HND_006207,2011,1,1,,,,0,0,,0,,
HND_007905,2011,,,,,,,0,,0,,
HND_010906,2011,1,1,,,,0,0,,0,,
HND_014884,2011,1,1,,,,0,0,,0,,
HND_001781,2011,1,1,,,,1,0,,0,,
HND_013279,2011,1,1,,,,1,0,,0,,
HND_001184,2011,1,1,,,,0,0,,0,,
HND_016154,2011,1,1,,,,0,0,,0,,
HND_009396,2011,1,1,,,,1,0,,0,,
HND_001483,2011,1,1,,,,0,0,,0,,
HND_003806,2011,,0,,,,0,0,,0,,
HND_016155,2011,,,,,,,0,,0,,
HND_013765,2011,1,0,,,,0,0,,0,,
HND_010133,2011,1,1,,,,1,0,,0,,
HND_002564,2011,1,0,,,,0,0,,0,,
HND_015351,2011,1,1,,,,0,0,,0,,
HND_014926,2011,1,1,,,,1,0,,1,,
HND_015353,2011,1,1,,,,1,0,,0,,
HND_003631,2011,1,1,,,,0,0,,0,,
HND_002930,2011,1,1,,,,0,0,,0,,
HND_000105,2011,1,0,,,,0,0,,0,,
HND_005372,2011,,,,,,,0,,0,,
HND_003571,2011,,,,,,,0,,0,,
HND_004398,2011,1,1,,,,1,0,,0,,
HND_000899,2011,1,0,,,,0,0,,0,,
HND_012321,2011,,,,,,,0,,0,,
HND_015074,2011,,,,,,,0,,0,,
HND_016008,2011,,,,,,,0,,0,,
HND_007790,2011,1,1,,,,0,0,,0,,
HND_016110,2011,,,,,,,0,,0,,
HND_016183,2011,,,,,,,0,,0,,
HND_004495,2011,1,0,,,,1,0,,0,,
HND_001702,2011,0,0,,,,0,0,,0,,
HND_010393,2011,1,1,,,,0,0,,0,,
HND_010594,2011,1,0,,,,0,0,,0,,
HND_012237,2011,1,1,,,,1,0,,1,,
HND_012789,2011,1,0,,,,1,0,,0,,
HND_014405,2011,1,1,,,,0,0,,0,,
HND_005745,2011,1,1,,,,1,0,,0,,
HND_004678,2011,1,1,,,,1,0,,0,,
HND_009823,2011,1,1,,,,1,0,,0,,
HND_015376,2011,1,1,,,,1,0,,0,,
HND_008175,2011,1,0,,,,0,0,,0,,
HND_008881,2011,1,0,,,,0,0,,0,,
HND_001533,2011,1,1,,,,1,0,,0,,
HND_016271,2011,1,1,,,,1,0,,1,,
HND_000420,2011,1,1,,,,1,0,,0,,
HND_012565,2011,,,,,,,0,,0,,
HND_016160,2011,1,1,,,,0,0,,0,,
HND_013751,2011,1,0,,,,0,0,,0,,
HND_007842,2011,,,,,,,0,,0,,
HND_003384,2011,1,1,,,,0,0,,0,,
HND_005110,2011,1,0,,,,0,0,,0,,
HND_006378,2011,1,1,,,,1,0,,0,,
HND_011181,2011,1,1,,,,1,0,,0,,
HND_003955,2011,1,1,,,,1,0,,0,,
HND_006495,2011,1,1,,,,0,0,,0,,
HND_004419,2011,,,,,,,0,,0,,
HND_010821,2011,,,,,,,0,,0,,
HND_005707,2011,,,,,,,0,,0,,
HND_012232,2011,1,1,,,,1,0,,0,,
HND_002264,2011,1,1,,,,1,0,,0,,
HND_015399,2011,1,1,,,,1,0,,0,,
HND_015964,2011,,,,,,,0,,0,,
HND_011923,2011,,,,,,,0,,0,,
HND_011354,2011,1,0,,,,1,0,,0,,
HND_001200,2011,,,,,,,0,,0,,
HND_005145,2011,1,1,,,,1,0,,1,,
HND_003444,2011,1,1,,,,0,0,,0,,
HND_015484,2011,1,1,,,,1,0,,0,,
HND_011056,2011,1,1,,,,1,0,,0,,
HND_008179,2011,1,1,,,,1,0,,0,,
HND_001707,2011,1,1,,,,1,0,,0,,
HND_001413,2011,0,0,,,,1,0,,0,,
HND_007235,2011,0,0,,,,0,0,,0,,
HND_005140,2011,1,1,,,,1,0,,0,,
HND_008558,2011,1,1,,,,1,0,,0,,
HND_010268,2011,1,1,,,,0,0,,0,,
HND_015954,2011,1,1,,,,0,0,,0,,
HND_008985,2011,1,1,,,,0,0,,0,,
HND_005289,2011,0,0,,,,1,0,,1,,
HND_016568,2011,1,1,,,,1,0,,0,,
HND_006291,2011,1,1,,,,1,0,,1,,
HND_011665,2011,1,1,,,,0,0,,0,,
HND_014840,2011,1,1,,,,0,0,,1,,
HND_006182,2011,1,1,,,,1,0,,0,,
HND_003439,2011,1,1,,,,1,0,,0,,
HND_014164,2011,1,0,,,,1,0,,0,,
HND_007465,2011,1,0,,,,1,0,,0,,
HND_012399,2011,1,0,,,,1,0,,1,,
HND_001233,2011,1,1,,,,1,0,,0,,
HND_001096,2011,,,,,,,0,,0,,
HND_000566,2011,,,,,,,0,,0,,
HND_003710,2011,,,,,,,0,,0,,
HND_000424,2011,0,0,,,,0,0,,0,,
HND_015588,2011,,,,,,,0,,0,,
HND_009562,2011,,,,,,,0,,0,,
HND_004132,2011,0,0,,,,1,0,,0,,
HND_004494,2011,,,,,,,0,,0,,
HND_011592,2011,,,,,,,0,,0,,
HND_005193,2011,1,1,,,,1,0,,0,,
HND_011035,2011,1,1,,,,1,0,,1,,
HND_008739,2011,0,0,,,,0,0,,0,,
HND_009416,2011,1,1,,,,1,0,,0,,
HND_008508,2011,1,1,,,,1,0,,0,,
HND_007187,2011,1,1,,,,1,0,,1,,
HND_000856,2011,1,1,,,,1,0,,0,,
HND_007458,2011,1,1,,,,1,0,,0,,
HND_007079,2011,1,1,,,,1,0,,0,,
HND_010252,2011,1,1,,,,1,0,,1,,
HND_012233,2011,1,1,,,,0,0,,0,,
HND_013897,2011,1,1,,,,1,0,,0,,
HND_013270,2011,0,0,,,,0,0,,0,,
HND_016666,2011,1,1,,,,0,0,,0,,
HND_015769,2011,1,1,,,,1,0,,0,,
HND_002693,2011,1,1,,,,1,0,,0,,
HND_010455,2011,1,1,,,,1,0,,0,,
HND_002271,2011,1,1,,,,1,0,,1,,
HND_015123,2011,1,0,,,,0,0,,0,,
HND_011603,2011,1,1,,,,1,0,,0,,
HND_004422,2011,1,1,,,,1,0,,0,,
HND_011661,2011,1,1,,,,1,0,,0,,
HND_015300,2011,1,1,,,,1,0,,0,,
HND_004407,2011,1,1,,,,1,0,,0,,
HND_013276,2011,,,,,,,0,,0,,
HND_001812,2011,,,,,,,0,,0,,
HND_008224,2011,1,1,,,,1,0,,0,,
HND_005758,2011,1,1,,,,1,0,,0,,
HND_001140,2011,1,1,,,,0,0,,0,,
HND_009426,2011,1,1,,,,0,0,,0,,
HND_011554,2011,1,1,,,,1,0,,0,,
HND_004012,2011,1,1,,,,1,0,,1,,
HND_005257,2011,1,1,,,,0,0,,0,,
HND_012090,2011,1,1,,,,1,0,,0,,
HND_015799,2011,1,1,,,,1,0,,1,,
HND_006183,2011,,,,,,,0,,0,,
HND_013673,2011,1,1,,,,0,0,,0,,
HND_009983,2011,0,0,,,,1,0,,0,,
HND_005759,2011,1,1,,,,0,0,,0,,
HND_010796,2011,1,1,,,,1,0,,0,,
HND_004078,2011,,0,,,,0,0,,0,,
HND_003285,2011,,,,,,,0,,0,,
HND_010382,2011,1,1,,,,1,1,,1,,
HND_005826,2011,1,1,,,,1,0,,1,,
HND_014584,2011,1,1,,,,1,1,,1,,
HND_004203,2011,1,1,,,,1,1,,1,,
HND_015072,2011,1,1,,,,1,1,,1,,
HND_007221,2011,1,1,,,,1,0,,0,,
HND_014799,2011,1,0,,,,1,1,,1,,
HND_010269,2011,1,1,,,,1,0,,1,,
HND_007299,2011,1,1,,,,1,0,,0,,
HND_013505,2011,1,1,,,,1,0,,1,,
HND_009399,2011,1,1,,,,1,0,,0,,
HND_003735,2011,1,1,,,,1,0,,1,,
HND_012382,2011,1,1,,,,1,0,,1,,
HND_003691,2011,1,1,,,,1,0,,0,,
HND_008768,2011,1,1,,,,1,0,,1,,
HND_015614,2011,1,1,,,,1,0,,1,,
HND_003324,2011,1,1,,,,1,0,,1,,
HND_009704,2011,1,1,,,,1,0,,0,,
HND_013315,2011,1,0,,,,1,0,,1,,
HND_011189,2011,1,1,,,,1,0,,0,,
HND_007233,2011,1,1,,,,1,0,,0,,
HND_002742,2011,1,1,,,,1,0,,1,,
HND_003802,2011,1,1,,,,1,1,,1,,
HND_013974,2011,1,1,,,,1,0,,1,,
HND_004207,2011,1,1,,,,1,0,,0,,
HND_002922,2011,1,1,,,,1,0,,0,,
HND_009707,2011,1,1,,,,1,0,,1,,
HND_007285,2011,0,0,,,,1,0,,0,,
HND_004013,2011,0,0,,,,1,0,,0,,
HND_014126,2011,1,1,,,,0,0,,0,,
HND_007370,2011,1,1,,,,1,0,,1,,
HND_010236,2011,1,1,,,,1,0,,0,,
HND_001040,2011,1,1,,,,1,0,,0,,
HND_011662,2011,1,1,,,,1,0,,0,,
HND_002640,2011,1,1,,,,1,0,,0,,
HND_015804,2011,1,1,,,,1,0,,0,,
HND_003764,2011,1,1,,,,1,0,,0,,
HND_015491,2011,1,1,,,,1,0,,0,,
HND_008283,2011,1,1,,,,1,0,,0,,
HND_012554,2011,1,1,,,,1,0,,0,,
HND_016103,2011,1,1,,,,1,0,,0,,
HND_003700,2011,1,1,,,,1,0,,0,,
HND_011190,2011,1,1,,,,1,0,,0,,
HND_015732,2011,1,1,,,,1,0,,0,,
HND_015682,2011,1,1,,,,1,0,,1,,
HND_011497,2011,1,1,,,,1,1,,1,,
HND_005590,2011,1,0,,,,1,1,,1,,
HND_016447,2011,1,1,,,,1,0,,1,,
HND_013977,2011,1,1,,,,1,0,,0,,
HND_009175,2011,1,1,,,,1,0,,1,,
HND_007472,2011,1,1,,,,0,0,,0,,
HND_007872,2011,1,1,,,,1,0,,0,,
HND_005783,2011,1,1,,,,1,0,,0,,
HND_008736,2011,1,1,,,,1,0,,1,,
HND_001228,2011,1,1,,,,1,0,,0,,
HND_015590,2011,1,1,,,,1,0,,0,,
HND_011999,2011,1,1,,,,1,0,,0,,
HND_011192,2011,1,1,,,,1,0,,0,,
HND_003416,2011,1,1,,,,1,0,,0,,
HND_005752,2011,1,1,,,,1,0,,0,,
HND_000665,2011,1,1,,,,1,0,,1,,
HND_005793,2011,1,1,,,,1,0,,0,,
HND_015956,2011,1,1,,,,1,0,,0,,
HND_000544,2011,1,1,,,,1,0,,0,,
HND_008999,2011,1,1,,,,1,0,,1,,
HND_014085,2011,1,1,,,,1,0,,0,,
HND_014637,2011,1,1,,,,1,1,,1,,
HND_014581,2011,,,,,,,0,,0,,
HND_008833,2011,1,1,,,,0,0,,0,,
HND_014173,2011,1,1,,,,1,0,,1,,
HND_000505,2011,,0,,,,0,0,,0,,
HND_013980,2011,1,1,,,,1,0,,0,,
HND_003337,2011,0,0,,,,1,0,,0,,
HND_014093,2011,1,1,,,,1,0,,0,,
HND_011495,2011,1,1,,,,1,0,,1,,
HND_008329,2011,1,1,,,,1,0,,0,,
HND_009157,2011,1,0,,,,0,0,,0,,
HND_009386,2011,1,1,,,,1,0,,0,,
HND_003169,2011,1,1,,,,1,0,,1,,
HND_009151,2011,1,1,,,,1,0,,1,,
HND_001229,2011,1,1,,,,1,0,,0,,
HND_006041,2011,,,,,,,0,,0,,
HND_009384,2011,1,1,,,,1,0,,0,,
HND_003226,2011,1,1,,,,1,0,,0,,
HND_011899,2011,1,1,,,,1,0,,0,,
HND_014668,2011,1,1,,,,1,0,,0,,
HND_012553,2011,1,1,,,,1,0,,0,,
HND_001751,2011,1,1,,,,1,0,,1,,
HND_011298,2011,1,0,,,,1,0,,0,,
HND_014958,2011,0,0,,,,1,0,,0,,
HND_001779,2011,,,,,,,0,,0,,
HND_012121,2011,,,,,,,0,,0,,
HND_010160,2011,,,,,,,0,,0,,
HND_011606,2011,,,,,,,0,,0,,
HND_001810,2011,,,,,,,0,,0,,
HND_016148,2011,,,,,,,0,,0,,
HND_001083,2011,,,,,,,0,,0,,
HND_003218,2011,,,,,,,0,,0,,
HND_012747,2011,,,,,,,0,,0,,
HND_004021,2011,0,0,,,,1,0,,0,,
HND_003306,2011,1,0,,,,0,0,,0,,
HND_003293,2011,1,1,,,,1,0,,0,,
HND_015876,2011,0,0,,,,1,0,,0,,
HND_000382,2011,,,,,,,0,,0,,
HND_001199,2011,,,,,,,0,,0,,
HND_011922,2011,,,,,,,0,,0,,
HND_013469,2011,,,,,,,0,,0,,
HND_005761,2011,1,1,,,,1,0,,0,,
HND_004450,2011,1,1,,,,1,0,,0,,
HND_000250,2011,1,1,,,,0,0,,0,,
HND_003010,2011,,,,,,,0,,0,,
HND_007777,2011,,,,,,,0,,0,,
HND_015204,2011,1,1,,,,1,0,,0,,
HND_010538,2011,,,,,,,0,,0,,
HND_001734,2011,,,,,,,0,,0,,
HND_016438,2011,,,,,,,0,,0,,
HND_002599,2011,1,1,,,,1,0,,0,,
HND_016011,2011,1,0,,,,1,0,,0,,
HND_007796,2011,,,,,,,0,,0,,
HND_007795,2011,0,0,,,,0,0,,0,,
HND_004399,2011,0,0,,,,1,0,,0,,
HND_008188,2011,1,0,,,,1,0,,0,,
HND_001231,2011,1,1,,,,1,0,,0,,
HND_000168,2011,1,1,,,,1,0,,0,,
HND_002518,2011,1,0,,,,1,0,,0,,
HND_012235,2011,1,1,,,,1,0,,1,,
HND_000502,2011,1,1,,,,1,0,,0,,
HND_007704,2011,1,1,,,,1,0,,0,,
HND_013286,2011,1,1,,,,1,0,,0,,
HND_006363,2011,1,1,,,,1,0,,0,,
HND_007710,2011,1,1,,,,1,0,,1,,
HND_011474,2011,1,1,,,,1,0,,0,,
HND_000924,2011,1,1,,,,1,0,,0,,
HND_010571,2011,1,0,,,,1,0,,0,,
HND_000836,2011,0,0,,,,1,0,,1,,
HND_008790,2011,1,1,,,,0,0,,0,,
HND_009085,2011,1,1,,,,1,0,,1,,
HND_000928,2011,1,1,,,,1,0,,1,,
HND_016407,2011,1,1,,,,1,0,,0,,
HND_012001,2011,1,1,,,,0,0,,0,,
HND_015665,2011,1,1,,,,1,0,,0,,
HND_001910,2011,1,1,,,,1,0,,0,,
HND_011921,2011,1,1,,,,1,0,,0,,
HND_006922,2011,1,1,,,,1,0,,0,,
HND_012892,2011,1,1,,,,1,0,,0,,
HND_016258,2011,1,0,,,,1,0,,1,,
HND_002933,2011,1,0,,,,1,0,,1,,
HND_015495,2011,1,1,,,,1,0,,0,,
HND_011586,2011,1,1,,,,1,0,,0,,
HND_001410,2011,,0,,,,1,0,,1,,
HND_009297,2011,1,1,,,,1,0,,0,,
HND_011567,2011,,0,,,,1,0,,1,,
HND_001230,2011,1,1,,,,1,0,,0,,
HND_016325,2011,,,,,,,0,,0,,
HND_012396,2011,1,1,,,,1,0,,0,,
HND_012392,2011,,,,,,,0,,0,,
HND_003386,2011,,,,,,,0,,0,,
HND_000891,2011,,,,,,,0,,0,,
HND_001787,2011,,,,,,,0,,0,,
HND_015856,2011,,,,,,,0,,0,,
HND_013562,2011,,,,,,,0,,0,,
HND_013416,2011,1,1,,,,1,0,,0,,
HND_003076,2011,1,1,,,,1,0,,1,,
HND_009331,2011,1,1,,,,1,0,,0,,
HND_000357,2011,1,1,,,,1,0,,0,,
HND_007186,2011,1,1,,,,1,0,,0,,
HND_014782,2011,1,1,,,,1,0,,1,,
HND_015492,2011,1,1,,,,1,0,,0,,
HND_004496,2011,1,1,,,,1,0,,0,,
HND_004487,2011,1,1,,,,1,0,,0,,
HND_007675,2011,1,1,,,,1,0,,0,,
HND_005268,2011,1,1,,,,1,0,,0,,
HND_016870,2011,1,1,,,,0,0,,0,,
HND_002349,2011,1,1,,,,1,0,,0,,
HND_003514,2011,1,1,,,,1,0,,0,,
HND_003255,2011,1,1,,,,1,0,,0,,
HND_005866,2011,1,1,,,,1,0,,0,,
HND_004545,2011,1,0,,,,0,0,,0,,
HND_009380,2011,1,1,,,,1,0,,0,,
HND_003681,2011,1,1,,,,1,0,,1,,
HND_012390,2011,1,1,,,,1,0,,1,,
HND_012374,2011,1,1,,,,0,0,,0,,
HND_007985,2011,1,1,,,,1,0,,0,,
HND_004744,2011,1,1,,,,0,0,,0,,
HND_006236,2011,1,1,,,,1,0,,1,,
HND_003238,2011,1,1,,,,1,0,,0,,
HND_006339,2011,,,,,,,0,,0,,
HND_004765,2011,1,1,,,,1,1,,0,,
HND_010761,2011,,,,,,,0,,0,,
HND_003684,2011,,,,,,,0,,0,,
HND_000509,2011,,,,,,,0,,0,,
HND_011980,2011,1,1,,,,1,0,,1,,
HND_005864,2011,1,1,,,,1,1,,1,,
HND_015636,2011,1,1,,,,1,0,,1,,
HND_004795,2011,1,1,,,,1,0,,0,,
HND_009549,2011,1,1,,,,1,0,,1,,
HND_016767,2011,1,1,,,,1,0,,0,,
HND_007961,2011,1,1,,,,1,0,,0,,
HND_011307,2011,1,1,,,,1,0,,0,,
HND_011816,2011,1,1,,,,1,0,,0,,
HND_008296,2011,1,1,,,,1,0,,0,,
HND_002207,2011,1,1,,,,1,0,,1,,
HND_007819,2011,1,1,,,,1,0,,0,,
HND_001599,2011,1,1,,,,1,0,,0,,
HND_002535,2011,1,1,,,,1,0,,0,,
HND_009706,2011,1,1,,,,0,0,,0,,
HND_013213,2011,1,1,,,,1,0,,0,,
HND_016323,2011,1,1,,,,1,0,,0,,
HND_009033,2011,1,1,,,,0,0,,0,,
HND_011005,2011,,0,,,,0,0,,0,,
HND_002979,2011,1,1,,,,1,0,,0,,
HND_014118,2011,1,1,,,,1,0,,1,,
HND_015377,2011,1,1,,,,1,0,,0,,
HND_013405,2011,1,1,,,,1,0,,0,,
HND_004094,2011,1,1,,,,1,0,,0,,
HND_001755,2011,1,1,,,,1,0,,0,,
HND_013175,2011,1,1,,,,1,0,,0,,
HND_011751,2011,1,1,,,,1,0,,0,,
HND_004542,2011,1,1,,,,1,0,,0,,
HND_000645,2011,1,1,,,,1,0,,0,,
HND_004755,2011,1,1,,,,1,0,,0,,
HND_008946,2011,1,1,,,,0,0,,0,,
HND_004750,2011,1,1,,,,1,0,,0,,
HND_014432,2011,1,1,,,,1,0,,0,,
HND_000787,2011,0,0,,,,0,0,,0,,
HND_014807,2011,1,1,,,,1,0,,0,,
HND_014186,2011,1,1,,,,1,0,,0,,
HND_005573,2011,1,1,,,,1,0,,0,,
HND_008741,2011,1,1,,,,1,0,,0,,
HND_009476,2011,1,1,,,,1,0,,0,,
HND_009945,2011,1,1,,,,1,0,,1,,
HND_014137,2011,1,1,,,,1,1,,0,,
HND_001674,2011,0,0,,,,0,0,,0,,
HND_012790,2011,1,1,,,,1,0,,0,,
HND_011546,2011,1,1,,,,1,0,,0,,
HND_003680,2011,1,1,,,,1,0,,0,,
HND_012791,2011,1,1,,,,1,0,,0,,
HND_001232,2011,1,1,,,,1,0,,0,,
HND_001013,2011,1,1,,,,1,0,,1,,
HND_013753,2011,1,1,,,,1,0,,0,,
HND_016390,2011,1,0,,,,1,0,,0,,
HND_000549,2011,0,0,,,,0,0,,0,,
HND_015681,2011,1,1,,,,1,0,,0,,
HND_002591,2011,1,1,,,,1,0,,0,,
HND_016186,2011,1,1,,,,1,0,,0,,
HND_003325,2011,1,1,,,,1,0,,0,,
HND_002592,2011,,,,,,,0,,0,,
HND_002146,2011,1,1,,,,1,0,,0,,
HND_014136,2011,1,1,,,,1,0,,0,,
HND_009309,2011,,,,,,,0,,0,,
HND_014486,2011,,,,,,,0,,0,,
HND_007150,2011,,,,,,,0,,0,,
HND_012515,2011,,,,,,,0,,0,,
HND_014532,2011,,,,,,,0,,0,,
HND_011669,2011,,,,,,,0,,0,,
HND_009619,2011,1,1,,,,1,0,,0,,
HND_009620,2011,0,0,,,,0,0,,0,,
HND_015664,2011,1,1,,,,1,0,,1,,
HND_010602,2011,1,1,,,,1,0,,1,,
HND_006929,2011,1,1,,,,1,0,,1,,
HND_001108,2011,1,1,,,,1,0,,0,,
HND_001907,2011,1,1,,,,1,0,,0,,
HND_004931,2011,1,1,,,,0,0,,0,,
HND_005344,2011,1,1,,,,1,0,,0,,
HND_008988,2011,1,1,,,,1,0,,0,,
HND_015628,2011,1,1,,,,1,0,,0,,
HND_005808,2011,1,1,,,,1,0,,0,,
HND_004918,2011,1,0,,,,0,0,,0,,
HND_004926,2011,1,1,,,,1,0,,0,,
HND_004459,2011,1,1,,,,1,0,,1,,
HND_002355,2011,0,0,,,,1,0,,0,,
HND_015867,2011,1,1,,,,1,0,,1,,
HND_006967,2011,1,1,,,,1,0,,1,,
HND_007929,2011,1,1,,,,1,0,,1,,
HND_006950,2011,1,1,,,,1,1,,1,,
HND_008941,2011,1,0,,,,1,0,,0,,
HND_003756,2011,0,0,,,,0,0,,0,,
HND_007630,2011,1,1,,,,1,0,,1,,
HND_009486,2011,1,0,,,,1,0,,0,,
HND_000057,2011,1,1,,,,0,0,,0,,
HND_011881,2011,1,1,,,,1,0,,0,,
HND_001571,2011,1,1,,,,1,0,,0,,
HND_016439,2011,1,1,,,,1,0,,0,,
HND_011569,2011,1,1,,,,1,0,,0,,
HND_002957,2011,1,0,,,,0,0,,0,,
HND_010099,2011,1,1,,,,1,0,,1,,
HND_003601,2011,1,1,,,,0,0,,0,,
HND_012246,2011,1,1,,,,1,0,,0,,
HND_016105,2011,1,0,,,,0,0,,0,,
HND_001880,2011,,,,,,,0,,0,,
HND_008731,2011,1,1,,,,0,0,,0,,
HND_007136,2011,1,1,,,,1,0,,0,,
HND_007127,2011,1,1,,,,1,0,,0,,
HND_004841,2011,1,1,,,,1,0,,0,,
HND_013990,2011,1,1,,,,0,0,,0,,
HND_012799,2011,1,1,,,,1,0,,1,,
HND_001009,2011,1,1,,,,1,0,,0,,
HND_004462,2011,1,1,,,,1,0,,0,,
HND_004817,2011,1,1,,,,1,0,,0,,
HND_013827,2011,1,1,,,,1,0,,0,,
HND_016649,2011,1,1,,,,1,0,,0,,
HND_007570,2011,1,1,,,,1,0,,0,,
HND_006550,2011,1,1,,,,1,0,,0,,
HND_012375,2011,1,1,,,,1,0,,0,,
HND_015844,2011,1,1,,,,1,0,,0,,
HND_006076,2011,1,1,,,,0,0,,0,,
HND_006052,2011,1,1,,,,1,0,,0,,
HND_014092,2011,1,1,,,,1,0,,0,,
HND_011453,2011,1,1,,,,1,0,,0,,
HND_008732,2011,1,1,,,,1,0,,0,,
HND_016775,2011,1,1,,,,1,0,,0,,
HND_006663,2011,,,,,,,0,,0,,
HND_006633,2011,1,1,,,,0,0,,0,,
HND_006520,2011,1,1,,,,1,0,,0,,
HND_006638,2011,,,,,,,0,,0,,
HND_006635,2011,1,1,,,,1,0,,0,,
HND_011072,2011,,,,,,,0,,0,,
HND_000862,2011,1,1,,,,1,1,,0,,
HND_011168,2011,1,1,,,,1,0,,0,,
HND_015730,2011,1,0,,,,1,0,,0,,
HND_007269,2011,,,,,,,0,,0,,
HND_001208,2011,,,,,,,0,,0,,
HND_000576,2011,1,1,,,,1,0,,0,,
HND_000574,2011,,,,,,,0,,0,,
HND_008924,2011,1,1,,,,1,0,,0,,
HND_008733,2011,,,,,,,0,,0,,
HND_001075,2011,,,,,,,0,,0,,
HND_008734,2011,,,,,,,0,,0,,
HND_010234,2011,1,1,,,,1,0,,0,,
HND_012784,2011,,,,,,,0,,0,,
HND_004425,2011,,,,,,,0,,0,,
HND_011274,2011,1,1,,,,1,0,,0,,
HND_011259,2011,1,1,,,,1,0,,0,,
HND_011119,2011,1,1,,,,0,0,,0,,
HND_007199,2011,1,1,,,,1,0,,0,,
HND_004895,2011,1,1,,,,1,0,,0,,
HND_000943,2011,,,,,,,0,,0,,
HND_012417,2011,,,,,,,0,,0,,
HND_006365,2011,,,,,,,0,,0,,
HND_001100,2011,,,,,,,0,,0,,
HND_013062,2011,,,,,,,0,,0,,
HND_002961,2011,1,1,,,,1,0,,1,,
HND_000299,2011,1,1,,,,1,0,,0,,
HND_009657,2011,1,1,,,,0,0,,0,,
HND_011809,2011,1,1,,,,1,0,,0,,
HND_011835,2011,1,1,,,,0,0,,0,,
HND_008891,2011,1,1,,,,0,0,,0,,
HND_004978,2011,1,1,,,,0,0,,0,,
HND_010914,2011,1,1,,,,0,0,,0,,
HND_008901,2011,1,1,,,,0,0,,0,,
HND_008846,2011,1,1,,,,0,0,,0,,
HND_010747,2011,1,1,,,,0,0,,0,,
HND_011810,2011,1,1,,,,0,0,,0,,
HND_004945,2011,1,1,,,,0,0,,0,,
HND_004941,2011,1,1,,,,1,0,,0,,
HND_014191,2011,1,1,,,,0,0,,0,,
HND_005608,2011,1,1,,,,1,0,,0,,
HND_008440,2011,1,1,,,,1,0,,0,,
HND_008331,2011,1,1,,,,1,0,,0,,
HND_007521,2011,1,1,,,,0,0,,0,,
HND_000770,2011,1,1,,,,0,0,,0,,
HND_001557,2011,1,1,,,,1,0,,0,,
HND_000754,2011,1,1,,,,0,0,,0,,
HND_008659,2011,1,1,,,,1,0,,0,,
HND_000212,2011,1,1,,,,1,0,,0,,
HND_001980,2011,1,1,,,,0,0,,0,,
HND_008776,2011,1,1,,,,0,0,,0,,
HND_010587,2011,1,1,,,,0,0,,0,,
HND_008337,2011,1,0,,,,0,0,,0,,
HND_009714,2011,1,1,,,,0,0,,0,,
HND_012759,2011,1,1,,,,0,0,,0,,
HND_009622,2011,,0,,,,0,0,,0,,
HND_005978,2011,1,1,,,,0,0,,0,,
HND_009003,2011,1,1,,,,1,0,,0,,
HND_016449,2011,1,0,,,,0,0,,0,,
HND_002184,2011,1,1,,,,0,0,,0,,
HND_008923,2011,1,1,,,,0,0,,0,,
HND_002610,2011,0,0,,,,0,0,,0,,
HND_008306,2011,1,1,,,,0,0,,0,,
HND_006062,2011,1,1,,,,0,0,,0,,
HND_013975,2011,,0,,,,0,0,,0,,
HND_009991,2011,,,,,,,0,,0,,
HND_009992,2011,,,,,,,0,,0,,
HND_009990,2011,,,,,,,0,,0,,
HND_008305,2011,1,1,,,,1,0,,0,,
HND_011393,2011,,0,,,,0,0,,0,,
HND_003653,2011,,,,,,,0,,0,,
HND_011171,2011,,,,,,,0,,0,,
HND_010565,2011,1,1,,,,0,0,,0,,
HND_000997,2011,1,1,,,,0,0,,0,,
HND_016321,2011,1,1,,,,0,0,,0,,
HND_000996,2011,,,,,,,0,,0,,
HND_000995,2011,1,1,,,,0,0,,0,,
HND_007544,2011,,,,,,,0,,0,,
HND_000998,2011,0,0,,,,0,0,,0,,
HND_010701,2011,1,1,,,,1,0,,0,,
HND_014198,2011,1,1,,,,1,0,,0,,
HND_007541,2011,1,1,,,,0,0,,0,,
HND_005099,2011,1,1,,,,1,0,,0,,
HND_005092,2011,1,1,,,,1,0,,0,,
HND_013207,2011,1,0,,,,1,0,,0,,
HND_002942,2011,1,1,,,,1,0,,1,,
HND_000152,2011,1,1,,,,0,0,,0,,
HND_010648,2011,1,1,,,,1,0,,0,,
HND_010963,2011,1,1,,,,0,0,,0,,
HND_009417,2011,1,1,,,,0,0,,0,,
HND_008291,2011,1,1,,,,0,0,,0,,
HND_000467,2011,0,0,,,,0,0,,0,,
HND_005379,2011,0,0,,,,1,0,,0,,
HND_001687,2011,1,1,,,,0,0,,0,,
HND_007645,2011,1,1,,,,1,0,,0,,
HND_006920,2011,1,1,,,,1,0,,0,,
HND_014221,2011,1,1,,,,0,0,,0,,
HND_006053,2011,,0,,,,0,0,,0,,
HND_005169,2011,,,,,,,0,,0,,
HND_012132,2011,,,,,,,0,,0,,
HND_002943,2011,,,,,,,0,,0,,
HND_007648,2011,,,,,,,0,,0,,
HND_003118,2011,0,0,,,,0,0,,0,,
HND_007649,2011,1,1,,,,0,0,,0,,
HND_012432,2011,,,,,,,0,,0,,
HND_016501,2011,,,,,,,0,,0,,
HND_012512,2011,,,,,,,0,,0,,
HND_006752,2011,,,,,,,0,,0,,
HND_010536,2011,,,,,,,0,,0,,
HND_003009,2011,,,,,,,0,,0,,
HND_015982,2011,,,,,,,0,,0,,
HND_005711,2011,,,,,,,0,,0,,
HND_011926,2011,,,,,,,0,,0,,
HND_014497,2011,,,,,,,0,,0,,
HND_007664,2011,,,,,,,0,,0,,
HND_002266,2011,,,,,,,0,,0,,
HND_007295,2011,1,1,,,,1,0,,0,,
HND_007661,2011,1,1,,,,1,0,,0,,
HND_009010,2011,1,1,,,,1,0,,1,,
HND_008339,2011,1,1,,,,0,0,,0,,
HND_001718,2011,1,1,,,,1,0,,1,,
HND_004003,2011,1,1,,,,0,0,,0,,
HND_005122,2011,1,1,,,,1,0,,0,,
HND_014267,2011,1,1,,,,0,0,,0,,
HND_013352,2011,1,1,,,,1,0,,0,,
HND_000102,2011,1,1,,,,1,0,,0,,
HND_007087,2011,1,1,,,,1,0,,0,,
HND_003935,2011,1,1,,,,1,0,,0,,
HND_011978,2011,1,1,,,,1,0,,0,,
HND_005433,2011,1,1,,,,0,0,,0,,
HND_003953,2011,1,1,,,,0,0,,0,,
HND_004010,2011,1,1,,,,0,0,,0,,
HND_008484,2011,1,1,,,,1,0,,0,,
HND_007632,2011,1,1,,,,1,0,,0,,
HND_010272,2011,1,1,,,,0,0,,0,,
HND_005185,2011,1,1,,,,1,0,,0,,
HND_008481,2011,1,1,,,,0,0,,0,,
HND_003678,2011,1,1,,,,1,0,,0,,
HND_004066,2011,1,1,,,,0,0,,0,,
HND_002250,2011,1,1,,,,0,0,,0,,
HND_001296,2011,1,1,,,,1,0,,0,,
HND_016387,2011,1,1,,,,0,0,,0,,
HND_001367,2011,1,1,,,,0,0,,0,,
HND_011070,2011,1,1,,,,1,0,,0,,
HND_004040,2011,1,0,,,,0,0,,0,,
HND_005178,2011,1,1,,,,0,0,,0,,
HND_003918,2011,1,1,,,,0,0,,0,,
HND_014249,2011,1,1,,,,0,0,,0,,
HND_015307,2011,1,1,,,,0,0,,0,,
HND_008859,2011,1,1,,,,1,0,,0,,
HND_013880,2011,1,1,,,,0,0,,0,,
HND_004100,2011,1,1,,,,0,0,,0,,
HND_005079,2011,1,1,,,,1,0,,1,,
HND_003359,2011,1,1,,,,1,0,,1,,
HND_008249,2011,1,1,,,,1,0,,0,,
HND_001761,2011,1,1,,,,1,0,,0,,
HND_003937,2011,1,1,,,,0,0,,0,,
HND_012551,2011,1,1,,,,1,0,,0,,
HND_000635,2011,1,1,,,,0,0,,0,,
HND_002405,2011,1,1,,,,0,0,,0,,
HND_003763,2011,1,1,,,,0,0,,0,,
HND_009635,2011,1,1,,,,1,0,,0,,
HND_009192,2011,1,1,,,,0,0,,0,,
HND_002926,2011,,0,,,,0,0,,0,,
HND_005017,2011,1,1,,,,0,0,,0,,
HND_014233,2011,1,1,,,,0,0,,0,,
HND_010943,2011,1,1,,,,0,0,,0,,
HND_002265,2011,1,1,,,,0,0,,0,,
HND_002150,2011,1,1,,,,0,0,,0,,
HND_004017,2011,1,1,,,,1,0,,0,,
HND_004380,2011,1,1,,,,1,0,,0,,
HND_010107,2011,1,1,,,,0,0,,0,,
HND_003037,2011,1,1,,,,0,0,,0,,
HND_001994,2011,1,1,,,,1,0,,0,,
HND_001972,2011,1,1,,,,0,0,,0,,
HND_006987,2011,1,1,,,,1,0,,1,,
HND_004083,2011,1,1,,,,1,0,,0,,
HND_010130,2011,1,1,,,,0,0,,0,,
HND_011509,2011,1,1,,,,1,0,,0,,
HND_008043,2011,1,1,,,,1,0,,0,,
HND_006817,2011,1,0,,,,1,0,,0,,
HND_016815,2011,1,1,,,,0,0,,0,,
HND_015980,2011,1,1,,,,1,0,,0,,
HND_004103,2011,1,1,,,,0,0,,0,,
HND_001764,2011,1,0,,,,0,0,,0,,
HND_010655,2011,1,1,,,,1,0,,0,,
HND_008685,2011,1,1,,,,1,0,,0,,
HND_005207,2011,1,1,,,,1,0,,0,,
HND_013489,2011,1,1,,,,0,0,,0,,
HND_007936,2011,1,1,,,,0,0,,0,,
HND_002975,2011,1,1,,,,0,0,,0,,
HND_014055,2011,1,1,,,,0,0,,0,,
HND_007624,2011,1,0,,,,0,0,,0,,
HND_008067,2011,1,0,,,,0,0,,0,,
HND_015308,2011,1,1,,,,0,0,,0,,
HND_005767,2011,1,1,,,,0,0,,0,,
HND_014128,2011,1,1,,,,0,0,,0,,
HND_007149,2011,1,1,,,,0,0,,0,,
HND_005324,2011,1,1,,,,0,0,,0,,
HND_012677,2011,1,0,,,,0,0,,0,,
HND_005327,2011,1,1,,,,1,0,,0,,
HND_014368,2011,1,1,,,,0,0,,0,,
HND_012093,2011,1,0,,,,0,0,,0,,
HND_001763,2011,,,,,,,0,,0,,
HND_016245,2011,1,0,,,,0,0,,0,,
HND_012754,2011,1,1,,,,0,0,,0,,
HND_006125,2011,,0,,,,0,0,,0,,
HND_011280,2011,1,1,,,,1,0,,0,,
HND_007618,2011,1,1,,,,0,0,,0,,
HND_010800,2011,,,,,,,0,,0,,
HND_010079,2011,,,,,,,0,,0,,
HND_005350,2011,,0,,,,0,0,,0,,
HND_011325,2011,,,,,,,0,,0,,
HND_010197,2011,,,,,,,0,,0,,
HND_003036,2011,1,0,,,,0,0,,0,,
HND_012531,2011,,0,,,,0,0,,0,,
HND_008241,2011,1,1,,,,0,0,,0,,
HND_003426,2011,,0,,,,0,0,,0,,
HND_001646,2011,1,0,,,,0,0,,0,,
HND_001120,2011,1,1,,,,0,0,,0,,
HND_010131,2011,,0,,,,0,0,,0,,
HND_014829,2011,,,,,,,0,,0,,
HND_014436,2011,,,,,,,0,,0,,
HND_016505,2011,,,,,,,0,,0,,
HND_010578,2011,,,,,,,0,,0,,
HND_009280,2011,,,,,,,0,,0,,
HND_014134,2011,,,,,,,0,,0,,
HND_001719,2011,,,,,,,0,,0,,
HND_000521,2011,,,,,,,0,,0,,
HND_012389,2011,,,,,,,0,,0,,
HND_002471,2011,,,,,,,0,,0,,
HND_011169,2011,,,,,,,0,,0,,
HND_002470,2011,,,,,,,0,,0,,
HND_001218,2011,,,,,,,0,,0,,
HND_012642,2011,,,,,,,0,,0,,
HND_000627,2011,,,,,,,0,,0,,
HND_009193,2011,,,,,,,0,,0,,
HND_002659,2011,,,,,,,0,,0,,
HND_007203,2011,,,,,,,0,,0,,
HND_010239,2011,,,,,,,0,,0,,
HND_012190,2011,,,,,,,0,,0,,
HND_001121,2011,,,,,,,0,,0,,
HND_008235,2011,,,,,,,0,,0,,
HND_005349,2011,,,,,,,0,,0,,
HND_004599,2011,,,,,,,0,,0,,
HND_000612,2011,,,,,,,0,,0,,
HND_011724,2011,,,,,,,0,,0,,
HND_007852,2011,,,,,,,0,,0,,
HND_000537,2011,0,0,,,,0,0,,0,,
HND_012457,2011,1,0,,,,1,0,,0,,
HND_010675,2011,0,0,,,,0,0,,0,,
HND_001558,2011,0,0,,,,0,0,,0,,
HND_008229,2011,1,1,,,,1,0,,0,,
HND_011934,2011,,,,,,,0,,0,,
HND_001269,2011,1,1,,,,1,0,,0,,
HND_014081,2011,1,1,,,,1,0,,0,,
HND_007520,2011,1,1,,,,1,0,,1,,
HND_012007,2011,1,1,,,,1,0,,0,,
HND_014858,2011,1,1,,,,1,0,,0,,
HND_011822,2011,1,1,,,,1,0,,0,,
HND_005718,2011,1,1,,,,1,0,,1,,
HND_006126,2011,1,1,,,,1,0,,0,,
HND_016386,2011,1,1,,,,1,0,,0,,
HND_014229,2011,1,1,,,,1,0,,0,,
HND_004969,2011,1,1,,,,1,0,,0,,
HND_004467,2011,1,1,,,,1,0,,0,,
HND_002404,2011,1,1,,,,1,0,,0,,
HND_003697,2011,1,1,,,,1,0,,0,,
HND_007167,2011,,0,,,,1,0,,0,,
HND_013816,2011,1,1,,,,0,0,,0,,
HND_003739,2011,1,1,,,,1,0,,0,,
HND_004139,2011,1,1,,,,1,0,,0,,
HND_007208,2011,1,0,,,,1,0,,0,,
HND_001903,2011,1,1,,,,1,0,,1,,
HND_001876,2011,1,0,,,,0,0,,0,,
HND_007859,2011,1,1,,,,1,0,,0,,
HND_007144,2011,1,1,,,,1,0,,0,,
HND_010831,2011,1,1,,,,1,0,,0,,
HND_004812,2011,1,1,,,,1,0,,0,,
HND_012966,2011,1,1,,,,1,0,,0,,
HND_012968,2011,1,1,,,,1,0,,0,,
HND_007142,2011,1,1,,,,1,0,,0,,
HND_007145,2011,1,1,,,,1,0,,0,,
HND_002407,2011,1,1,,,,1,0,,1,,
HND_006671,2011,1,1,,,,1,0,,0,,
HND_006670,2011,1,1,,,,1,0,,0,,
HND_006643,2011,1,1,,,,1,0,,0,,
HND_009194,2011,,0,,,,0,0,,0,,
HND_006649,2011,1,1,,,,1,0,,0,,
HND_001688,2011,,0,,,,0,0,,0,,
HND_005705,2011,,,,,,,0,,0,,
HND_000565,2011,,,,,,,0,,0,,
HND_003510,2011,1,1,,,,0,0,,0,,
HND_003301,2011,1,1,,,,0,0,,0,,
HND_011718,2011,1,1,,,,1,0,,0,,
HND_004652,2011,,,,,,,0,,0,,
HND_015808,2011,,,,,,,0,,0,,
HND_011457,2011,,,,,,,0,,0,,
HND_005587,2011,,,,,,,0,,0,,
HND_016488,2011,,,,,,,0,,0,,
HND_001689,2011,1,1,,,,1,0,,0,,
HND_001636,2011,1,0,,,,0,0,,0,,
HND_007143,2011,1,1,,,,0,0,,0,,
HND_016089,2011,,,,,,,0,,0,,
HND_010176,2011,,,,,,,0,,0,,
HND_012284,2011,,,,,,,0,,0,,
HND_004862,2011,1,1,,,,1,0,,0,,
HND_010911,2011,1,1,,,,1,0,,1,,
HND_013168,2011,1,1,,,,1,0,,1,,
HND_008549,2011,1,1,,,,1,0,,0,,
HND_007717,2011,1,1,,,,1,0,,0,,
HND_011827,2011,1,1,,,,1,0,,0,,
HND_013159,2011,1,1,,,,1,0,,0,,
HND_008552,2011,1,1,,,,1,0,,0,,
HND_002577,2011,1,1,,,,1,0,,0,,
HND_016654,2011,1,1,,,,1,0,,0,,
HND_005982,2011,1,1,,,,1,0,,0,,
HND_009429,2011,1,1,,,,1,0,,0,,
HND_014038,2011,1,1,,,,1,0,,0,,
HND_008880,2011,1,1,,,,1,0,,0,,
HND_001270,2011,1,1,,,,1,0,,0,,
HND_011875,2011,1,1,,,,1,0,,0,,
HND_004900,2011,1,1,,,,1,0,,0,,
HND_003949,2011,1,1,,,,1,0,,0,,
HND_007672,2011,1,1,,,,1,0,,0,,
HND_003596,2011,1,1,,,,1,0,,0,,
HND_012706,2011,1,1,,,,1,0,,0,,
HND_002124,2011,1,1,,,,1,0,,0,,
HND_001545,2011,1,1,,,,0,0,,0,,
HND_014791,2011,1,1,,,,1,0,,0,,
HND_007677,2011,1,0,,,,1,0,,0,,
HND_005411,2011,1,1,,,,1,0,,0,,
HND_001221,2011,,0,,,,0,0,,0,,
HND_014035,2011,1,1,,,,1,0,,0,,
HND_008682,2011,1,1,,,,1,0,,0,,
HND_013901,2011,1,1,,,,1,0,,0,,
HND_015533,2011,,0,,,,0,0,,0,,
HND_012539,2011,1,1,,,,1,0,,0,,
HND_006908,2011,1,1,,,,1,0,,0,,
HND_001548,2011,1,1,,,,1,0,,0,,
HND_001981,2011,1,1,,,,1,0,,0,,
HND_001528,2011,1,1,,,,1,0,,0,,
HND_011103,2011,1,1,,,,1,1,,1,,
HND_004099,2011,1,0,,,,0,0,,0,,
HND_006637,2011,1,1,,,,0,0,,0,,
HND_012380,2011,1,0,,,,0,0,,0,,
HND_006606,2011,1,1,,,,1,0,,0,,
HND_003899,2011,1,1,,,,1,0,,0,,
HND_006641,2011,1,1,,,,1,0,,0,,
HND_012072,2011,1,1,,,,1,0,,0,,
HND_015301,2011,,0,,,,0,0,,0,,
HND_015967,2011,,,,,,,0,,0,,
HND_015968,2011,,,,,,,0,,0,,
HND_012118,2011,,,,,,,0,,0,,
HND_012063,2011,,,,,,,0,,0,,
HND_012287,2011,,,,,,,0,,0,,
HND_012076,2011,,,,,,,0,,0,,
HND_012327,2011,,,,,,,0,,0,,
HND_001817,2011,,,,,,,0,,0,,
HND_012771,2011,,,,,,,0,,0,,
HND_012108,2011,,,,,,,0,,0,,
HND_002257,2011,1,0,,,,0,0,,0,,
HND_002211,2011,1,1,,,,1,0,,0,,
HND_015627,2011,1,1,,,,1,0,,0,,
HND_004463,2011,1,1,,,,0,0,,0,,
HND_008756,2011,1,1,,,,1,0,,0,,
HND_004460,2011,1,1,,,,0,0,,0,,
HND_002819,2011,1,1,,,,1,0,,0,,
HND_011830,2011,1,1,,,,0,0,,0,,
HND_008858,2011,1,1,,,,1,0,,1,,
HND_011019,2011,1,1,,,,0,0,,0,,
HND_001128,2011,1,1,,,,1,0,,0,,
HND_010137,2011,1,1,,,,1,0,,0,,
HND_012856,2011,1,1,,,,0,0,,0,,
HND_011167,2011,1,1,,,,1,0,,0,,
HND_008275,2011,1,1,,,,1,0,,0,,
HND_006666,2011,1,1,,,,1,0,,0,,
HND_001183,2011,,,,,,,0,,0,,
HND_012448,2011,,,,,,,0,,0,,
HND_005981,2011,1,1,,,,0,0,,0,,
HND_004297,2011,,,,,,,0,,0,,
HND_012646,2011,,,,,,,0,,0,,
HND_003557,2011,,,,,,,0,,0,,
HND_015929,2011,1,1,,,,1,0,,0,,
HND_012449,2011,,,,,,,0,,0,,
HND_012450,2011,,,,,,,0,,0,,
HND_010424,2011,,,,,,,0,,0,,
HND_010714,2011,,,,,,,0,,0,,
HND_011632,2011,,,,,,,0,,0,,
HND_007089,2011,1,1,,,,1,0,,1,,
HND_011808,2011,1,1,,,,1,0,,0,,
HND_009320,2011,1,1,,,,0,0,,0,,
HND_011684,2011,1,1,,,,1,0,,1,,
HND_014080,2011,1,1,,,,1,0,,0,,
HND_015639,2011,1,1,,,,1,0,,0,,
HND_010328,2011,1,1,,,,0,0,,0,,
HND_001938,2011,,,,,,,0,,0,,
HND_013952,2011,1,1,,,,1,0,,0,,
HND_011115,2011,1,1,,,,1,0,,1,,
HND_016175,2011,1,1,,,,1,0,,0,,
HND_011170,2011,1,1,,,,0,0,,0,,
HND_004979,2011,,,,,,,0,,0,,
HND_004981,2011,,,,,,,0,,0,,
HND_016824,2011,,,,,,,0,,0,,
HND_012274,2011,,,,,,,0,,0,,
HND_003258,2011,1,1,,,,1,0,,0,,
HND_012899,2011,,,,,,,0,,0,,
HND_002379,2011,1,1,,,,0,0,,0,,
HND_014281,2011,1,1,,,,1,0,,1,,
HND_005378,2011,1,1,,,,0,0,,0,,
HND_011876,2011,1,1,,,,1,0,,1,,
HND_004986,2011,1,1,,,,1,0,,0,,
HND_015621,2011,1,1,,,,1,0,,0,,
HND_011805,2011,1,1,,,,1,0,,0,,
HND_008519,2011,1,1,,,,1,0,,0,,
HND_008917,2011,1,1,,,,1,0,,0,,
HND_016650,2011,1,1,,,,0,0,,0,,
HND_003351,2011,0,0,,,,1,0,,0,,
HND_004925,2011,1,1,,,,1,0,,0,,
HND_008714,2011,1,1,,,,1,0,,0,,
HND_007547,2011,1,1,,,,0,0,,0,,
HND_007091,2011,1,1,,,,1,0,,0,,
HND_000661,2011,1,1,,,,1,0,,0,,
HND_008903,2011,1,1,,,,0,0,,0,,
HND_001520,2011,1,1,,,,0,0,,0,,
HND_006352,2011,1,0,,,,0,0,,0,,
HND_007933,2011,1,1,,,,0,0,,0,,
HND_004917,2011,1,1,,,,0,0,,0,,
HND_010042,2011,1,1,,,,0,0,,0,,
HND_004342,2011,1,1,,,,0,0,,0,,
HND_012737,2011,1,1,,,,0,0,,0,,
HND_007284,2011,1,1,,,,0,0,,0,,
HND_014051,2011,1,1,,,,0,0,,0,,
HND_003113,2011,1,1,,,,0,0,,0,,
HND_001440,2011,1,1,,,,1,0,,0,,
HND_014094,2011,1,1,,,,1,0,,0,,
HND_011956,2011,1,0,,,,0,0,,0,,
HND_012103,2011,0,0,,,,1,0,,0,,
HND_013054,2011,1,1,,,,1,0,,1,,
HND_006791,2011,1,1,,,,1,0,,0,,
HND_006664,2011,1,1,,,,1,0,,0,,
HND_003870,2011,,0,,,,0,0,,0,,
HND_015134,2011,1,1,,,,1,0,,0,,
HND_002800,2011,1,1,,,,0,0,,0,,
HND_001143,2011,1,1,,,,1,0,,0,,
HND_013939,2011,1,1,,,,1,0,,0,,
HND_010064,2011,,,,,,,0,,0,,
HND_015977,2011,,,,,,,0,,0,,
HND_003529,2011,,,,,,,0,,0,,
HND_006944,2011,1,0,,,,0,0,,0,,
HND_004177,2011,,,,,,,0,,0,,
HND_012325,2011,,,,,,,0,,0,,
HND_012645,2011,,,,,,,0,,0,,
HND_012061,2011,,,,,,,0,,0,,
HND_010279,2011,1,1,,,,0,0,,0,,
HND_003530,2011,,,,,,,0,,0,,
HND_001220,2011,,,,,,,0,,0,,
HND_009015,2011,1,1,,,,1,0,,1,,
HND_008120,2011,1,1,,,,1,0,,0,,
HND_008619,2011,1,1,,,,0,0,,0,,
HND_004801,2011,1,1,,,,1,0,,0,,
HND_007638,2011,1,1,,,,0,0,,0,,
HND_014300,2011,1,1,,,,1,0,,0,,
HND_012965,2011,1,1,,,,0,0,,0,,
HND_009375,2011,1,1,,,,1,0,,0,,
HND_011010,2011,1,1,,,,0,0,,0,,
HND_004362,2011,1,1,,,,1,0,,0,,
HND_002526,2011,1,1,,,,1,0,,0,,
HND_008794,2011,1,1,,,,1,0,,0,,
HND_000819,2011,1,1,,,,1,0,,0,,
HND_002539,2011,1,1,,,,1,0,,0,,
HND_008620,2011,1,1,,,,1,0,,0,,
HND_007611,2011,1,1,,,,0,0,,0,,
HND_007614,2011,1,1,,,,0,0,,0,,
HND_005839,2011,1,1,,,,0,0,,0,,
HND_010849,2011,1,1,,,,1,0,,0,,
HND_008602,2011,1,1,,,,0,0,,0,,
HND_008831,2011,1,1,,,,1,0,,0,,
HND_008571,2011,1,1,,,,1,0,,0,,
HND_008952,2011,1,1,,,,0,0,,0,,
HND_013069,2011,1,1,,,,0,0,,0,,
HND_002550,2011,1,1,,,,1,0,,0,,
HND_002762,2011,1,1,,,,1,0,,0,,
HND_011014,2011,1,1,,,,1,0,,0,,
HND_004226,2011,1,1,,,,1,0,,0,,
HND_014295,2011,1,1,,,,0,0,,0,,
HND_008573,2011,1,1,,,,0,0,,0,,
HND_006961,2011,1,1,,,,0,0,,0,,
HND_007984,2011,1,1,,,,0,0,,0,,
HND_008204,2011,1,1,,,,0,0,,0,,
HND_009553,2011,1,1,,,,1,0,,0,,
HND_016466,2011,1,1,,,,0,0,,0,,
HND_009542,2011,0,0,,,,0,0,,0,,
HND_016774,2011,1,1,,,,0,0,,0,,
HND_000193,2011,1,1,,,,0,0,,0,,
HND_014789,2011,1,1,,,,0,0,,0,,
HND_016773,2011,1,1,,,,1,0,,0,,
HND_006069,2011,1,1,,,,0,0,,0,,
HND_013068,2011,1,1,,,,0,0,,0,,
HND_002769,2011,1,1,,,,1,0,,0,,
HND_005348,2011,,,,,,,0,,0,,
HND_015861,2011,1,1,,,,1,0,,0,,
HND_007616,2011,0,0,,,,0,0,,0,,
HND_001750,2011,1,1,,,,0,0,,0,,
HND_014057,2011,1,1,,,,1,0,,0,,
HND_008076,2011,1,1,,,,0,0,,0,,
HND_003526,2011,0,0,,,,0,0,,0,,
HND_008586,2011,1,1,,,,0,0,,0,,
HND_002010,2011,1,1,,,,1,0,,1,,
HND_001823,2011,1,1,,,,1,0,,0,,
HND_015872,2011,1,1,,,,1,0,,0,,
HND_009258,2011,0,0,,,,1,0,,1,,
HND_006644,2011,1,1,,,,1,0,,0,,
HND_016581,2011,1,1,,,,1,0,,0,,
HND_010987,2011,,0,,,,0,0,,0,,
HND_003089,2011,1,1,,,,0,0,,0,,
HND_015130,2011,1,1,,,,1,0,,0,,
HND_015129,2011,1,1,,,,0,0,,0,,
HND_004178,2011,,,,,,,0,,0,,
HND_015973,2011,,,,,,,0,,0,,
HND_008590,2011,1,1,,,,1,0,,0,,
HND_001193,2011,1,1,,,,0,0,,0,,
HND_005516,2011,1,1,,,,0,0,,0,,
HND_010740,2011,1,1,,,,0,0,,0,,
HND_012276,2011,,,,,,,0,,0,,
HND_001081,2011,,,,,,,0,,0,,
HND_004312,2011,,,,,,,0,,0,,
HND_000575,2011,,,,,,,0,,0,,
HND_002422,2011,,,,,,,0,,0,,
HND_005505,2011,,,,,,,0,,0,,
HND_005285,2011,,,,,,,0,,0,,
HND_003441,2011,1,1,,,,0,0,,0,,
HND_001559,2011,1,1,,,,1,0,,0,,
HND_016830,2011,1,1,,,,0,0,,0,,
HND_002246,2011,,,,,,,0,,0,,
HND_015974,2011,,,,,,,0,,0,,
HND_015976,2011,,,,,,,0,,0,,
HND_007619,2011,1,1,,,,0,0,,0,,
HND_003758,2011,1,1,,,,0,0,,0,,
HND_005702,2011,,,,,,,0,,0,,
HND_012311,2011,,,,,,,0,,0,,
HND_015150,2011,,,,,,,0,,0,,
HND_015979,2011,,,,,,,0,,0,,
HND_012282,2011,,,,,,,0,,0,,
HND_015190,2011,,,,,,,0,,0,,
HND_005232,2011,,,,,,,0,,0,,
HND_010101,2011,,,,,,,0,,0,,
HND_011612,2011,,,,,,,0,,0,,
HND_001082,2011,,,,,,,0,,0,,
HND_005322,2011,1,1,,,,0,0,,0,,
HND_009543,2011,1,1,,,,1,0,,1,,
HND_008829,2011,1,1,,,,1,0,,0,,
HND_007137,2011,1,1,,,,1,0,,0,,
HND_008202,2011,1,1,,,,1,0,,0,,
HND_011873,2011,1,1,,,,1,0,,0,,
HND_009741,2011,1,1,,,,0,0,,0,,
HND_004587,2011,1,1,,,,1,0,,0,,
HND_006055,2011,1,1,,,,1,0,,1,,
HND_013194,2011,1,1,,,,0,0,,0,,
HND_014325,2011,1,1,,,,1,0,,0,,
HND_011994,2011,1,1,,,,1,0,,0,,
HND_013378,2011,1,1,,,,1,0,,0,,
HND_007623,2011,1,1,,,,1,0,,0,,
HND_001499,2011,1,1,,,,1,0,,0,,
HND_015189,2011,1,1,,,,1,0,,0,,
HND_015332,2011,1,1,,,,1,0,,0,,
HND_013075,2011,1,1,,,,1,0,,0,,
HND_008245,2011,1,1,,,,1,0,,0,,
HND_009256,2011,1,1,,,,1,0,,1,,
HND_003895,2011,1,1,,,,1,0,,0,,
HND_006683,2011,1,1,,,,1,0,,0,,
HND_001588,2011,1,1,,,,0,0,,0,,
HND_006620,2011,1,1,,,,0,0,,0,,
HND_006153,2011,1,1,,,,1,0,,0,,
HND_016233,2011,,,,,,,0,,0,,
HND_013060,2011,,,,,,,0,,0,,
HND_005311,2011,1,1,,,,1,0,,0,,
HND_005419,2011,1,1,,,,0,0,,0,,
HND_004137,2011,1,1,,,,0,0,,0,,
HND_014329,2011,1,1,,,,1,0,,0,,
HND_003536,2011,1,1,,,,1,0,,0,,
HND_002878,2011,1,1,,,,1,0,,1,,
HND_003433,2011,1,1,,,,0,0,,0,,
HND_008902,2011,1,1,,,,1,0,,1,,
HND_008994,2011,1,1,,,,1,1,,1,,
HND_005293,2011,1,1,,,,1,0,,1,,
HND_010897,2011,1,1,,,,1,0,,0,,
HND_001268,2011,1,1,,,,1,0,,0,,
HND_014322,2011,1,1,,,,1,0,,0,,
HND_005616,2011,1,1,,,,1,0,,0,,
HND_000316,2011,1,1,,,,0,0,,0,,
HND_000310,2011,1,1,,,,1,0,,0,,
HND_008425,2011,1,1,,,,0,0,,0,,
HND_002497,2011,1,1,,,,1,0,,0,,
HND_000466,2011,1,1,,,,1,0,,0,,
HND_013271,2011,1,1,,,,0,0,,0,,
HND_001124,2011,,0,,,,0,0,,0,,
HND_000518,2011,1,1,,,,0,0,,0,,
HND_000867,2011,1,1,,,,0,0,,0,,
HND_012820,2011,1,1,,,,1,0,,0,,
HND_014316,2011,1,1,,,,1,0,,0,,
HND_013424,2011,1,1,,,,0,0,,0,,
HND_007282,2011,1,1,,,,1,0,,0,,
HND_008661,2011,1,1,,,,1,0,,0,,
HND_014846,2011,1,1,,,,1,0,,0,,
HND_006117,2011,1,1,,,,1,0,,0,,
HND_005827,2011,1,1,,,,1,0,,0,,
HND_012253,2011,1,1,,,,0,0,,0,,
HND_007813,2011,1,1,,,,1,0,,0,,
HND_012561,2011,1,1,,,,0,0,,0,,
HND_015992,2011,1,1,,,,1,0,,0,,
HND_009749,2011,1,1,,,,1,0,,0,,
HND_006120,2011,1,1,,,,0,0,,0,,
HND_015991,2011,1,1,,,,0,0,,0,,
HND_001587,2011,,,,,,,0,,0,,
HND_001639,2011,,,,,,,0,,0,,
HND_008673,2011,,,,,,,0,,0,,
HND_004136,2011,,,,,,,0,,0,,
HND_012074,2011,,,,,,,0,,0,,
HND_012285,2011,,,,,,,0,,0,,
HND_003714,2011,,,,,,,0,,0,,
HND_016808,2011,1,1,,,,0,0,,0,,
HND_016097,2011,,,,,,,0,,0,,
HND_010436,2011,,,,,,,0,,0,,
HND_004323,2011,,,,,,,0,,0,,
HND_016897,2011,,,,,,,0,,0,,
HND_002910,2011,1,1,,,,1,0,,1,,
HND_001383,2011,1,1,,,,1,0,,1,,
HND_003821,2011,1,1,,,,1,0,,0,,
HND_013367,2011,1,1,,,,1,0,,0,,
HND_009126,2011,1,1,,,,1,0,,0,,
HND_013368,2011,1,1,,,,1,0,,1,,
HND_000128,2011,1,1,,,,1,0,,0,,
HND_015324,2011,1,1,,,,1,0,,1,,
HND_011113,2011,1,0,,,,0,0,,0,,
HND_014394,2011,1,1,,,,1,0,,1,,
HND_010899,2011,1,1,,,,1,0,,0,,
HND_000854,2011,1,1,,,,1,0,,0,,
HND_016866,2011,1,1,,,,1,0,,0,,
HND_005048,2011,1,1,,,,1,0,,1,,
HND_002493,2011,1,1,,,,1,0,,1,,
HND_007601,2011,1,1,,,,1,0,,0,,
HND_007602,2011,1,1,,,,1,0,,0,,
HND_016381,2011,1,1,,,,1,0,,0,,
HND_002613,2011,1,1,,,,1,0,,1,,
HND_013216,2011,1,1,,,,1,0,,0,,
HND_001265,2011,1,1,,,,0,0,,0,,
HND_005044,2011,1,1,,,,0,0,,0,,
HND_015105,2011,1,1,,,,1,0,,0,,
HND_015534,2011,1,1,,,,0,0,,0,,
HND_002414,2011,1,1,,,,1,0,,0,,
HND_005889,2011,1,0,,,,1,0,,0,,
HND_004381,2011,1,1,,,,1,0,,0,,
HND_008122,2011,1,1,,,,1,0,,0,,
HND_015147,2011,1,1,,,,1,0,,0,,
HND_007207,2011,1,1,,,,1,0,,0,,
HND_003783,2011,1,1,,,,1,0,,0,,
HND_010832,2011,1,1,,,,1,1,,0,,
HND_012117,2011,1,1,,,,1,0,,0,,
HND_013038,2011,1,1,,,,1,0,,0,,
HND_014288,2011,,0,,,,1,0,,0,,
HND_002870,2011,1,1,,,,1,0,,0,,
HND_015519,2011,1,1,,,,1,0,,0,,
HND_011165,2011,1,1,,,,1,0,,0,,
HND_001525,2011,1,1,,,,1,0,,1,,
HND_016184,2011,1,1,,,,1,0,,0,,
HND_006632,2011,1,1,,,,1,0,,0,,
HND_007608,2011,1,1,,,,1,0,,0,,
HND_001015,2011,1,1,,,,0,0,,0,,
HND_014459,2011,,,,,,,0,,0,,
HND_016086,2011,,,,,,,0,,0,,
HND_001059,2011,1,1,,,,1,0,,0,,
HND_005163,2011,,,,,,,0,,0,,
HND_014401,2011,1,1,,,,1,0,,0,,
HND_003654,2011,1,1,,,,0,0,,0,,
HND_009535,2011,,,,,,,0,,0,,
HND_009769,2011,,,,,,,0,,0,,
HND_002427,2011,,,,,,,0,,0,,
HND_012408,2011,,,,,,,0,,0,,
HND_016231,2011,,,,,,,0,,0,,
HND_011378,2011,,,,,,,0,,0,,
HND_001803,2011,,,,,,,0,,0,,
HND_003331,2011,,,,,,,0,,0,,
HND_016456,2011,,,,,,,0,,0,,
HND_005332,2011,,,,,,,0,,0,,
HND_005187,2011,1,1,,,,1,0,,1,,
HND_009406,2011,1,1,,,,1,0,,1,,
HND_008876,2011,1,1,,,,1,0,,1,,
HND_008399,2011,1,1,,,,1,0,,1,,
HND_012101,2011,1,1,,,,1,0,,0,,
HND_002828,2011,1,1,,,,1,0,,1,,
HND_015981,2011,,,,,,,0,,0,,
HND_005499,2011,,,,,,,0,,0,,
HND_001595,2011,,0,,,,0,0,,0,,
HND_007652,2011,1,1,,,,0,0,,0,,
HND_012527,2011,,,,,,,0,,0,,
HND_016136,2011,,,,,,,0,,0,,
HND_011548,2011,1,0,,,,0,0,,0,,
HND_008330,2011,,,,,,,0,,0,,
HND_016800,2011,,,,,,,0,,0,,
HND_006909,2011,,,,,,,0,,0,,
HND_002709,2011,,,,,,,0,,0,,
HND_011513,2011,,,,,,,0,,0,,
HND_000563,2011,,,,,,,0,,0,,
HND_008488,2011,1,0,,,,1,0,,1,,
HND_012806,2011,1,1,,,,1,0,,0,,
HND_016851,2011,0,0,,,,0,0,,0,,
HND_009147,2011,,,,,,,0,,0,,
HND_014498,2011,,,,,,,0,,0,,
HND_003638,2011,,,,,,,0,,0,,
HND_013197,2011,1,1,,,,1,0,,1,,
HND_003528,2011,1,1,,,,1,0,,0,,
HND_005149,2011,,0,,,,1,0,,1,,
HND_014069,2011,1,1,,,,1,0,,0,,
HND_007656,2011,,0,,,,0,0,,0,,
HND_011234,2011,,0,,,,0,0,,0,,
HND_005127,2011,1,1,,,,1,0,,0,,
HND_008849,2011,,0,,,,1,0,,0,,
HND_011892,2011,1,0,,,,0,0,,0,,
HND_008931,2011,,0,,,,1,0,,0,,
HND_010966,2011,1,1,,,,1,0,,0,,
HND_009546,2011,,0,,,,0,0,,0,,
HND_012743,2011,1,1,,,,0,0,,0,,
HND_008852,2011,1,1,,,,1,0,,0,,
HND_006087,2011,1,1,,,,0,0,,0,,
HND_011802,2011,1,1,,,,0,0,,0,,
HND_005066,2011,1,1,,,,1,0,,1,,
HND_008121,2011,1,1,,,,0,0,,0,,
HND_011454,2011,1,1,,,,0,0,,0,,
HND_015040,2011,1,1,,,,1,0,,0,,
HND_012692,2011,1,1,,,,1,0,,0,,
HND_015345,2011,1,1,,,,0,0,,0,,
HND_003810,2011,1,1,,,,1,0,,0,,
HND_003626,2011,1,1,,,,0,0,,0,,
HND_003858,2011,,0,,,,0,0,,0,,
HND_000443,2011,,0,,,,0,0,,0,,
HND_015125,2011,1,1,,,,1,0,,0,,
HND_015551,2011,1,1,,,,0,0,,0,,
HND_012547,2011,1,1,,,,0,0,,0,,
HND_001631,2011,0,0,,,,0,0,,0,,
HND_004303,2011,,,,,,,0,,0,,
HND_003431,2011,,,,,,,0,,0,,
HND_004305,2011,,,,,,,0,,0,,
HND_016250,2011,,,,,,,0,,0,,
HND_001736,2011,,,,,,,0,,0,,
HND_011641,2011,,,,,,,0,,0,,
HND_005703,2011,,,,,,,0,,0,,
HND_011174,2011,1,1,,,,0,0,,0,,
HND_015685,2011,,0,,,,1,1,,0,,
HND_016236,2011,,,,,,,0,,0,,
HND_009540,2011,1,1,,,,1,0,,1,,
HND_010937,2011,1,1,,,,1,0,,0,,
HND_008907,2011,1,1,,,,1,0,,1,,
HND_005137,2011,1,1,,,,1,0,,1,,
HND_000430,2011,1,1,,,,1,0,,0,,
HND_000141,2011,1,1,,,,1,0,,0,,
HND_006334,2011,1,1,,,,0,0,,0,,
HND_008195,2011,1,1,,,,1,0,,0,,
HND_002003,2011,1,1,,,,1,0,,0,,
HND_002236,2011,1,1,,,,1,0,,0,,
HND_013969,2011,1,1,,,,1,0,,0,,
HND_010776,2011,1,1,,,,1,0,,0,,
HND_008500,2011,1,1,,,,0,0,,0,,
HND_006680,2011,1,1,,,,0,0,,0,,
HND_016502,2011,,,,,,,0,,0,,
HND_016153,2011,,,,,,,0,,0,,
HND_003475,2011,,,,,,,0,,0,,
HND_012277,2011,,,,,,,0,,0,,
HND_009561,2011,,,,,,,0,,0,,
HND_006970,2011,0,0,,,,1,0,,1,,
HND_011834,2011,1,1,,,,1,0,,1,,
HND_013167,2011,1,1,,,,1,0,,0,,
HND_008442,2011,1,1,,,,1,0,,0,,
HND_011100,2011,1,1,,,,1,0,,0,,
HND_005191,2011,1,1,,,,1,0,,0,,
HND_011328,2011,1,1,,,,0,0,,0,,
HND_009434,2011,1,1,,,,0,0,,0,,
HND_000527,2011,1,1,,,,1,0,,0,,
HND_013971,2011,1,1,,,,1,0,,0,,
HND_015722,2011,1,1,,,,1,0,,1,,
HND_006619,2011,1,1,,,,1,0,,0,,
HND_005539,2011,,,,,,,0,,0,,
HND_006474,2011,1,1,,,,1,0,,0,,
HND_000235,2011,1,1,,,,1,0,,0,,
HND_000069,2011,1,1,,,,0,0,,0,,
HND_002774,2011,1,1,,,,0,0,,0,,
HND_005174,2011,0,0,,,,1,0,,0,,
HND_014582,2011,1,1,,,,1,0,,0,,
HND_009820,2011,1,1,,,,1,0,,0,,
HND_015640,2011,1,1,,,,0,0,,0,,
HND_007642,2011,1,1,,,,1,0,,1,,
HND_008680,2011,1,1,,,,1,0,,0,,
HND_015868,2011,1,1,,,,1,0,,0,,
HND_008928,2011,1,1,,,,1,0,,0,,
HND_015624,2011,1,1,,,,1,0,,0,,
HND_008347,2011,1,1,,,,1,0,,0,,
HND_014254,2011,1,0,,,,0,0,,0,,
HND_008825,2011,1,1,,,,0,0,,0,,
HND_008099,2011,1,1,,,,1,0,,0,,
HND_007839,2011,1,1,,,,0,0,,0,,
HND_010851,2011,1,1,,,,1,0,,0,,
HND_005949,2011,1,1,,,,1,0,,0,,
HND_006839,2011,1,1,,,,1,0,,0,,
HND_006654,2011,1,1,,,,0,0,,0,,
HND_012691,2011,1,1,,,,1,0,,0,,
HND_010233,2011,1,1,,,,1,0,,0,,
HND_005020,2011,1,1,,,,0,0,,0,,
HND_015632,2011,1,1,,,,1,0,,0,,
HND_005710,2011,,,,,,,0,,0,,
HND_013278,2011,,,,,,,0,,0,,
HND_005709,2011,,,,,,,0,,0,,
HND_001489,2011,,,,,,,0,,0,,
HND_012155,2011,,,,,,,0,,0,,
HND_016209,2011,,,,,,,0,,0,,
HND_004308,2011,,,,,,,0,,0,,
HND_000567,2011,,,,,,,0,,0,,
HND_004328,2011,,,,,,,0,,0,,
HND_001119,2011,,,,,,,0,,0,,
HND_010097,2011,,,,,,,0,,0,,
HND_012550,2011,,,,,,,0,,0,,
HND_001820,2011,,,,,,,0,,0,,
HND_007539,2011,,,,,,,0,,0,,
HND_001822,2011,,,,,,,0,,0,,
HND_015668,2011,,,,,,,0,,0,,
HND_016208,2011,,,,,,,0,,0,,
HND_012267,2011,,,,,,,0,,0,,
HND_010467,2011,,,,,,,0,,0,,
HND_000672,2011,0,0,,,,0,0,,0,,
HND_012005,2011,,,,,,,0,,0,,
HND_012266,2011,,,,,,,0,,0,,
HND_004631,2011,,,,,,,0,,0,,
HND_001766,2011,,,,,,,0,,0,,
HND_001241,2011,,,,,,,0,,0,,
HND_012154,2011,,,,,,,0,,0,,
HND_016226,2011,,,,,,,0,,0,,
HND_016118,2011,,,,,,,0,,0,,
HND_001114,2011,,,,,,,0,,0,,
HND_001586,2011,,,,,,,0,,0,,
HND_010785,2011,1,1,,,,1,0,,1,,
HND_008828,2011,0,0,,,,1,0,,0,,
HND_001380,2011,1,1,,,,1,0,,0,,
HND_009167,2011,1,1,,,,1,0,,0,,
HND_010867,2011,1,1,,,,1,0,,0,,
HND_008460,2011,1,1,,,,1,0,,0,,
HND_010652,2011,1,1,,,,1,0,,0,,
HND_004458,2011,1,1,,,,1,0,,0,,
HND_009204,2011,1,1,,,,0,0,,0,,
HND_004578,2011,1,1,,,,1,0,,0,,
HND_010493,2011,1,1,,,,1,0,,0,,
HND_001620,2011,1,1,,,,0,0,,0,,
HND_013371,2011,1,1,,,,1,0,,0,,
HND_000398,2011,1,1,,,,1,0,,0,,
HND_004579,2011,1,1,,,,1,0,,0,,
HND_006317,2011,1,1,,,,1,0,,1,,
HND_003288,2011,1,0,,,,1,0,,0,,
HND_006631,2011,1,1,,,,1,0,,0,,
HND_006624,2011,1,1,,,,1,0,,0,,
HND_013984,2011,,,,,,,0,,0,,
HND_016289,2011,,,,,,,0,,0,,
HND_002410,2011,,,,,,,0,,0,,
HND_016799,2011,1,1,,,,1,0,,0,,
HND_005513,2011,,,,,,,0,,0,,
HND_001799,2011,,,,,,,0,,0,,
HND_001796,2011,,,,,,,0,,0,,
HND_003824,2011,1,1,,,,1,0,,0,,
HND_004005,2011,1,1,,,,1,0,,0,,
HND_005575,2011,1,1,,,,1,0,,0,,
HND_011744,2011,1,1,,,,1,0,,1,,
HND_007549,2011,1,1,,,,1,0,,1,,
HND_002860,2011,1,1,,,,1,0,,1,,
HND_004466,2011,1,1,,,,1,0,,1,,
HND_008397,2011,1,1,,,,1,0,,0,,
HND_011032,2011,1,0,,,,1,0,,0,,
HND_003548,2011,1,1,,,,1,0,,0,,
HND_014370,2011,1,1,,,,1,0,,0,,
HND_007535,2011,1,1,,,,1,0,,0,,
HND_005007,2011,1,1,,,,1,0,,0,,
HND_003815,2011,1,1,,,,1,0,,0,,
HND_007776,2011,1,1,,,,1,0,,0,,
HND_009004,2011,1,1,,,,1,0,,0,,
HND_003816,2011,1,1,,,,1,0,,0,,
HND_001250,2011,1,1,,,,1,0,,1,,
HND_015623,2011,1,1,,,,1,0,,0,,
HND_003664,2011,1,1,,,,1,0,,0,,
HND_006669,2011,1,1,,,,0,0,,0,,
HND_003817,2011,1,1,,,,1,0,,0,,
HND_011362,2011,1,0,,,,1,0,,0,,
HND_011196,2011,1,1,,,,1,0,,0,,
HND_000572,2011,,,,,,,0,,0,,
HND_003537,2011,,,,,,,0,,0,,
HND_005713,2011,,,,,,,0,,0,,
HND_016119,2011,,,,,,,0,,0,,
HND_001215,2011,,,,,,,0,,0,,
HND_016218,2011,,,,,,,0,,0,,
HND_015572,2011,,,,,,,0,,0,,
HND_004621,2011,,,,,,,0,,0,,
HND_002864,2011,1,1,,,,1,0,,0,,
HND_016776,2011,1,1,,,,0,0,,0,,
HND_015936,2011,1,1,,,,1,0,,0,,
HND_009637,2011,1,1,,,,0,0,,0,,
HND_015304,2011,1,0,,,,1,0,,0,,
HND_007519,2011,1,1,,,,1,0,,0,,
HND_011842,2011,1,1,,,,1,0,,0,,
HND_008701,2011,1,1,,,,1,0,,0,,
HND_015626,2011,1,1,,,,0,0,,0,,
HND_009001,2011,1,1,,,,1,0,,0,,
HND_010816,2011,1,1,,,,1,0,,0,,
HND_015305,2011,1,1,,,,1,0,,0,,
HND_004786,2011,1,1,,,,1,0,,0,,
HND_004749,2011,1,1,,,,1,0,,0,,
HND_000768,2011,1,1,,,,1,0,,0,,
HND_013359,2011,1,1,,,,1,0,,0,,
HND_005421,2011,1,1,,,,1,0,,0,,
HND_010692,2011,1,1,,,,1,0,,0,,
HND_011870,2011,1,1,,,,1,0,,0,,
HND_015315,2011,1,1,,,,0,0,,0,,
HND_004219,2011,1,1,,,,1,0,,0,,
HND_008474,2011,1,1,,,,0,0,,0,,
HND_002258,2011,1,1,,,,0,0,,0,,
HND_002249,2011,1,1,,,,1,0,,0,,
HND_013848,2011,1,1,,,,0,0,,0,,
HND_016379,2011,1,1,,,,0,0,,0,,
HND_004934,2011,1,1,,,,1,0,,0,,
HND_004935,2011,1,1,,,,1,0,,0,,
HND_001356,2011,1,1,,,,0,0,,0,,
HND_009253,2011,1,1,,,,1,0,,0,,
HND_011205,2011,1,1,,,,0,0,,0,,
HND_010772,2011,1,1,,,,1,0,,0,,
HND_010767,2011,1,1,,,,0,0,,0,,
HND_014919,2011,1,1,,,,1,0,,0,,
HND_001054,2011,1,1,,,,0,0,,0,,
HND_013503,2011,1,1,,,,0,0,,0,,
HND_005936,2011,1,1,,,,0,0,,0,,
HND_012049,2011,1,1,,,,0,0,,0,,
HND_008321,2011,1,1,,,,0,0,,0,,
HND_002833,2011,1,1,,,,0,0,,0,,
HND_008005,2011,1,0,,,,0,0,,0,,
HND_004996,2011,1,1,,,,0,0,,0,,
HND_015106,2011,1,1,,,,0,0,,0,,
HND_002581,2011,1,1,,,,0,0,,0,,
HND_008633,2011,1,1,,,,0,0,,0,,
HND_007817,2011,1,1,,,,0,0,,0,,
HND_002076,2011,1,1,,,,0,0,,0,,
HND_010771,2011,1,1,,,,1,0,,0,,
HND_008108,2011,1,1,,,,1,0,,0,,
HND_009489,2011,1,1,,,,1,0,,0,,
HND_012693,2011,1,1,,,,0,0,,0,,
HND_013933,2011,1,1,,,,1,0,,0,,
HND_000514,2011,1,1,,,,1,0,,0,,
HND_002609,2011,1,1,,,,0,0,,0,,
HND_011054,2011,1,1,,,,1,0,,0,,
HND_015641,2011,1,1,,,,0,0,,0,,
HND_013556,2011,1,1,,,,0,0,,0,,
HND_010770,2011,1,1,,,,0,0,,0,,
HND_016837,2011,1,1,,,,0,0,,0,,
HND_007135,2011,,0,,,,0,0,,0,,
HND_013954,2011,1,1,,,,0,0,,0,,
HND_008634,2011,1,1,,,,0,0,,0,,
HND_007553,2011,1,1,,,,1,0,,0,,
HND_014435,2011,1,1,,,,0,0,,0,,
HND_002602,2011,1,1,,,,0,0,,0,,
HND_012889,2011,1,1,,,,0,0,,0,,
HND_015416,2011,1,1,,,,1,0,,0,,
HND_011343,2011,1,1,,,,0,0,,0,,
HND_004824,2011,1,0,,,,0,0,,0,,
HND_001762,2011,1,1,,,,0,0,,0,,
HND_007554,2011,1,1,,,,0,0,,0,,
HND_001973,2011,1,1,,,,0,0,,0,,
HND_007897,2011,,,,,,,0,,0,,
HND_010801,2011,,,,,,,0,,0,,
HND_003094,2011,,,,,,,0,,0,,
HND_004304,2011,,,,,,,0,,0,,
HND_008243,2011,1,1,,,,0,0,,0,,
HND_001705,2011,1,1,,,,1,0,,0,,
HND_013017,2011,1,1,,,,1,0,,0,,
HND_004889,2011,1,1,,,,0,0,,0,,
HND_010804,2011,1,1,,,,0,0,,0,,
HND_007899,2011,1,1,,,,1,0,,0,,
HND_002662,2011,,,,,,,0,,0,,
HND_004284,2011,,,,,,,0,,0,,
HND_013942,2011,1,1,,,,1,0,,0,,
HND_016001,2011,,,,,,,0,,0,,
HND_008775,2011,,,,,,,0,,0,,
HND_016816,2011,,,,,,,0,,0,,
HND_004858,2011,1,1,,,,1,0,,0,,
HND_004863,2011,1,0,,,,0,0,,0,,
HND_002398,2011,1,1,,,,1,0,,0,,
HND_004315,2011,,,,,,,0,,0,,
HND_015503,2011,,,,,,,0,,0,,
HND_011132,2011,,,,,,,0,,0,,
HND_016091,2011,,,,,,,0,,0,,
HND_009277,2011,,,,,,,0,,0,,
HND_010471,2011,,,,,,,0,,0,,
HND_001026,2011,,,,,,,0,,0,,
HND_000606,2011,,,,,,,0,,0,,
HND_013455,2011,,,,,,,0,,0,,
HND_010085,2011,,,,,,,0,,0,,
HND_011843,2011,1,1,,,,1,0,,0,,
HND_002566,2011,1,1,,,,1,0,,0,,
HND_004861,2011,1,1,,,,1,0,,0,,
HND_008885,2011,1,1,,,,1,0,,0,,
HND_002503,2011,1,1,,,,1,0,,0,,
HND_016663,2011,1,0,,,,0,0,,0,,
HND_001352,2011,1,1,,,,0,0,,0,,
HND_001978,2011,1,1,,,,0,0,,0,,
HND_005842,2011,1,1,,,,1,0,,0,,
HND_015830,2011,1,1,,,,1,0,,0,,
HND_009259,2011,1,1,,,,1,0,,1,,
HND_006622,2011,1,1,,,,1,0,,0,,
HND_006677,2011,1,1,,,,1,0,,0,,
HND_006665,2011,0,0,,,,0,0,,0,,
HND_005510,2011,1,1,,,,0,0,,0,,
HND_015827,2011,,0,,,,0,0,,0,,
HND_009557,2011,,,,,,,0,,0,,
HND_014631,2011,1,1,,,,1,0,,1,,
HND_009833,2011,1,1,,,,1,0,,0,,
HND_006054,2011,1,1,,,,1,0,,0,,
HND_004902,2011,1,1,,,,1,0,,0,,
HND_016777,2011,1,1,,,,1,0,,0,,
HND_006188,2011,1,1,,,,1,0,,0,,
HND_001116,2011,,,,,,,0,,0,,
HND_014633,2011,,,,,,,0,,0,,
HND_014465,2011,,,,,,,0,,0,,
HND_010046,2011,1,1,,,,1,0,,1,,
HND_003027,2011,1,1,,,,0,0,,0,,
HND_003085,2011,1,1,,,,0,0,,0,,
HND_000154,2011,1,1,,,,1,0,,1,,
HND_013430,2011,1,1,,,,1,0,,1,,
HND_003084,2011,1,1,,,,1,0,,0,,
HND_011568,2011,1,1,,,,1,0,,0,,
HND_005416,2011,1,1,,,,1,0,,1,,
HND_007194,2011,1,1,,,,1,0,,1,,
HND_013023,2011,1,1,,,,1,1,,1,,
HND_013642,2011,1,0,,,,1,0,,0,,
HND_013311,2011,1,1,,,,1,0,,1,,
HND_010404,2011,1,1,,,,1,0,,1,,
HND_010084,2011,1,1,,,,0,0,,0,,
HND_002199,2011,1,1,,,,1,0,,0,,
HND_011740,2011,1,1,,,,0,0,,0,,
HND_010539,2011,1,1,,,,1,0,,0,,
HND_009064,2011,1,1,,,,1,0,,0,,
HND_004365,2011,1,1,,,,1,0,,0,,
HND_008151,2011,1,1,,,,1,0,,1,,
HND_000614,2011,1,1,,,,1,0,,0,,
HND_007322,2011,1,1,,,,1,0,,1,,
HND_007573,2011,1,1,,,,1,0,,0,,
HND_013533,2011,1,1,,,,1,0,,1,,
HND_002589,2011,1,1,,,,1,0,,0,,
HND_014513,2011,1,1,,,,1,0,,0,,
HND_002842,2011,1,1,,,,1,0,,0,,
HND_000147,2011,1,1,,,,1,1,,1,,
HND_001839,2011,1,1,,,,1,1,,1,,
HND_007555,2011,1,1,,,,1,0,,0,,
HND_013789,2011,1,1,,,,1,0,,0,,
HND_013085,2011,1,1,,,,1,0,,1,,
HND_013499,2011,1,1,,,,0,0,,0,,
HND_013932,2011,1,1,,,,1,0,,1,,
HND_014311,2011,1,1,,,,1,0,,1,,
HND_014397,2011,1,0,,,,1,0,,0,,
HND_010773,2011,1,1,,,,1,0,,1,,
HND_005938,2011,1,1,,,,1,0,,0,,
HND_006356,2011,1,1,,,,1,0,,0,,
HND_009665,2011,1,1,,,,1,0,,0,,
HND_002869,2011,1,1,,,,1,0,,1,,
HND_013496,2011,1,1,,,,1,0,,1,,
HND_014724,2011,1,1,,,,1,0,,0,,
HND_003997,2011,1,1,,,,1,0,,1,,
HND_006047,2011,1,1,,,,1,0,,0,,
HND_014743,2011,1,1,,,,1,0,,1,,
HND_013211,2011,1,1,,,,1,0,,1,,
HND_007276,2011,1,1,,,,1,0,,0,,
HND_009890,2011,1,1,,,,1,0,,1,,
HND_011840,2011,1,1,,,,1,0,,1,,
HND_010927,2011,1,1,,,,0,0,,0,,
HND_011839,2011,1,1,,,,1,0,,0,,
HND_010188,2011,1,0,,,,1,0,,0,,
HND_015612,2011,1,1,,,,1,0,,0,,
HND_011013,2011,1,1,,,,1,0,,0,,
HND_011693,2011,,0,,,,1,0,,0,,
HND_004266,2011,1,1,,,,1,0,,1,,
HND_003214,2011,1,1,,,,1,0,,1,,
HND_004842,2011,1,1,,,,0,0,,0,,
HND_002871,2011,1,1,,,,1,0,,1,,
HND_008146,2011,1,1,,,,1,0,,0,,
HND_007286,2011,1,1,,,,1,0,,1,,
HND_013059,2011,,0,,,,0,0,,0,,
HND_007111,2011,1,1,,,,1,0,,1,,
HND_013428,2011,1,1,,,,1,0,,1,,
HND_003067,2011,1,1,,,,0,0,,0,,
HND_000240,2011,1,1,,,,1,0,,1,,
HND_012841,2011,1,1,,,,1,0,,0,,
HND_007325,2011,1,1,,,,1,0,,1,,
HND_008879,2011,1,1,,,,1,0,,0,,
HND_013484,2011,1,0,,,,1,0,,0,,
HND_009062,2011,0,0,,,,1,0,,0,,
HND_002269,2011,1,1,,,,1,0,,1,,
HND_005653,2011,1,1,,,,1,0,,0,,
HND_000309,2011,1,1,,,,1,0,,1,,
HND_002622,2011,1,1,,,,1,0,,1,,
HND_008008,2011,1,1,,,,1,0,,1,,
HND_003266,2011,1,1,,,,1,0,,0,,
HND_001946,2011,1,1,,,,1,0,,1,,
HND_009606,2011,1,1,,,,1,0,,1,,
HND_011120,2011,1,1,,,,1,0,,0,,
HND_016840,2011,1,1,,,,1,0,,1,,
HND_001708,2011,1,1,,,,1,0,,0,,
HND_012935,2011,1,1,,,,1,0,,0,,
HND_012194,2011,1,1,,,,1,0,,0,,
HND_005924,2011,1,1,,,,1,0,,1,,
HND_001162,2011,1,1,,,,1,0,,0,,
HND_005922,2011,1,1,,,,1,0,,0,,
HND_013888,2011,1,1,,,,1,0,,0,,
HND_001178,2011,1,1,,,,1,0,,1,,
HND_005743,2011,1,1,,,,1,0,,0,,
HND_006381,2011,1,1,,,,1,0,,0,,
HND_015211,2011,1,1,,,,1,0,,0,,
HND_015754,2011,1,1,,,,1,0,,0,,
HND_003077,2011,,0,,,,0,0,,0,,
HND_000674,2011,,0,,,,0,0,,0,,
HND_000763,2011,1,1,,,,1,0,,0,,
HND_016099,2011,1,1,,,,1,1,,1,,
HND_010321,2011,1,1,,,,1,0,,0,,
HND_014698,2011,1,1,,,,1,0,,0,,
HND_001156,2011,1,0,,,,0,0,,0,,
HND_001171,2011,1,1,,,,1,0,,0,,
HND_014565,2011,1,1,,,,1,0,,0,,
HND_009269,2011,1,1,,,,1,0,,0,,
HND_007847,2011,1,1,,,,1,0,,0,,
HND_015213,2011,1,1,,,,0,0,,0,,
HND_005847,2011,1,1,,,,1,0,,1,,
HND_012036,2011,1,0,,,,1,0,,0,,
HND_014011,2011,1,1,,,,1,0,,1,,
HND_012884,2011,,,,,,,0,,0,,
HND_002571,2011,1,1,,,,1,0,,0,,
HND_001152,2011,,,,,,,0,,0,,
HND_012354,2011,1,1,,,,1,0,,0,,
HND_010047,2011,1,1,,,,1,0,,0,,
HND_009819,2011,1,1,,,,1,0,,0,,
HND_016687,2011,1,1,,,,1,0,,0,,
HND_014931,2011,1,1,,,,1,0,,1,,
HND_001317,2011,1,1,,,,1,0,,0,,
HND_015468,2011,1,1,,,,1,0,,0,,
HND_005824,2011,1,1,,,,1,1,,1,,
HND_001103,2011,1,1,,,,1,0,,1,,
HND_002408,2011,1,1,,,,1,0,,0,,
HND_001661,2011,1,1,,,,1,0,,0,,
HND_016315,2011,1,1,,,,1,0,,1,,
HND_015838,2011,1,1,,,,1,0,,0,,
HND_013387,2011,1,1,,,,1,0,,0,,
HND_003585,2011,1,1,,,,1,0,,1,,
HND_013297,2011,1,1,,,,1,0,,0,,
HND_002159,2011,1,1,,,,1,0,,0,,
HND_011359,2011,1,1,,,,1,0,,0,,
HND_000993,2011,1,1,,,,1,0,,0,,
HND_012885,2011,1,1,,,,1,0,,0,,
HND_010716,2011,1,1,,,,1,0,,0,,
HND_013904,2011,1,1,,,,0,0,,0,,
HND_006648,2011,1,1,,,,1,0,,0,,
HND_006583,2011,1,1,,,,1,0,,0,,
HND_006612,2011,1,1,,,,1,0,,0,,
HND_006481,2011,1,1,,,,1,0,,0,,
HND_009893,2011,1,1,,,,1,0,,0,,
HND_014122,2011,1,1,,,,0,0,,0,,
HND_009212,2011,1,1,,,,1,0,,0,,
HND_015569,2011,1,1,,,,1,0,,0,,
HND_003482,2011,1,1,,,,1,0,,0,,
HND_009335,2011,,,,,,,0,,0,,
HND_015568,2011,1,1,,,,1,0,,0,,
HND_001438,2011,1,1,,,,1,0,,0,,
HND_006960,2011,1,1,,,,1,0,,0,,
HND_012156,2011,1,1,,,,1,0,,0,,
HND_006642,2011,1,1,,,,1,0,,0,,
HND_002133,2011,1,1,,,,1,0,,0,,
HND_006547,2011,1,1,,,,1,0,,0,,
HND_006545,2011,1,1,,,,1,0,,0,,
HND_006618,2011,1,1,,,,1,0,,0,,
HND_006556,2011,1,1,,,,1,0,,0,,
HND_002295,2011,1,1,,,,1,0,,0,,
HND_009917,2011,1,1,,,,1,0,,0,,
HND_001517,2011,1,1,,,,0,0,,0,,
HND_013669,2011,1,1,,,,1,0,,0,,
HND_003632,2011,1,1,,,,1,0,,0,,
HND_011525,2011,,,,,,,0,,0,,
HND_003897,2011,,0,,,,1,0,,0,,
HND_003999,2011,1,1,,,,1,0,,0,,
HND_003513,2011,1,1,,,,1,0,,0,,
HND_003934,2011,1,1,,,,1,0,,0,,
HND_003967,2011,1,1,,,,1,0,,1,,
HND_011987,2011,1,1,,,,1,1,,1,,
HND_003922,2011,1,1,,,,1,0,,0,,
HND_006690,2011,1,1,,,,1,0,,1,,
HND_011671,2011,,,,,,,0,,0,,
HND_014961,2011,1,1,,,,1,0,,0,,
HND_006540,2011,1,1,,,,1,0,,0,,
HND_001573,2011,1,1,,,,1,0,,0,,
HND_000085,2011,1,1,,,,1,0,,0,,
HND_014516,2011,1,1,,,,1,0,,0,,
HND_014095,2011,1,1,,,,1,0,,0,,
HND_010058,2011,1,1,,,,1,0,,0,,
HND_006931,2011,1,1,,,,1,0,,1,,
HND_012749,2011,1,1,,,,1,1,,0,,
HND_016582,2011,1,1,,,,1,0,,0,,
HND_007304,2011,1,1,,,,1,0,,0,,
HND_016292,2011,1,1,,,,1,0,,0,,
HND_001437,2011,1,1,,,,1,0,,0,,
HND_005948,2011,1,1,,,,1,0,,0,,
HND_010167,2011,1,1,,,,1,0,,0,,
HND_010282,2011,1,1,,,,1,0,,1,,
HND_002467,2011,1,1,,,,1,0,,0,,
HND_005757,2011,1,1,,,,1,0,,0,,
HND_004569,2011,1,0,,,,1,0,,0,,
HND_015762,2011,1,1,,,,1,0,,0,,
HND_014640,2011,1,1,,,,1,0,,0,,
HND_007739,2011,1,1,,,,1,0,,0,,
HND_005738,2011,1,1,,,,1,0,,0,,
HND_009871,2011,1,1,,,,1,0,,1,,
HND_014641,2011,1,1,,,,1,0,,0,,
HND_001435,2011,1,0,,,,1,0,,0,,
HND_004062,2011,1,1,,,,1,0,,0,,
HND_003965,2011,1,1,,,,1,0,,0,,
HND_004397,2011,1,1,,,,1,0,,0,,
HND_011435,2011,1,1,,,,1,0,,0,,
HND_006197,2011,1,1,,,,1,0,,1,,
HND_007921,2011,1,1,,,,1,1,,1,,
HND_014059,2011,1,1,,,,1,0,,0,,
HND_000745,2011,1,1,,,,1,0,,1,,
HND_013801,2011,1,1,,,,1,0,,1,,
HND_016336,2011,1,1,,,,1,0,,0,,
HND_006382,2011,1,1,,,,1,0,,0,,
HND_015008,2011,1,1,,,,1,0,,0,,
HND_008896,2011,1,1,,,,1,0,,1,,
HND_014696,2011,1,1,,,,1,0,,0,,
HND_011857,2011,,,,,,,0,,0,,
HND_003330,2011,1,1,,,,1,0,,0,,
HND_016550,2011,1,1,,,,1,0,,0,,
HND_015975,2011,1,1,,,,1,0,,0,,
HND_010037,2011,1,1,,,,1,0,,0,,
HND_010315,2011,1,1,,,,1,0,,0,,
HND_006717,2011,1,1,,,,1,0,,0,,
HND_008011,2011,,,,,,,0,,0,,
HND_010063,2011,,,,,,,0,,0,,
HND_000590,2011,1,1,,,,1,0,,0,,
HND_015593,2011,1,1,,,,1,0,,0,,
HND_005540,2011,,,,,,,0,,0,,
HND_013606,2011,,,,,,,0,,0,,
HND_009143,2011,,,,,,,0,,0,,
HND_011937,2011,1,1,,,,1,0,,0,,
HND_016113,2011,,,,,,,0,,0,,
HND_014050,2011,1,1,,,,1,0,,0,,
HND_003380,2011,,,,,,,0,,0,,
HND_015733,2011,,,,,,,0,,0,,
HND_006845,2011,1,1,,,,1,0,,0,,
HND_003387,2011,1,1,,,,1,0,,0,,
HND_011557,2011,1,1,,,,1,0,,0,,
HND_012393,2011,,,,,,,0,,0,,
HND_015816,2011,1,1,,,,1,0,,0,,
HND_011571,2011,,,,,,,0,,0,,
HND_016734,2011,,,,,,,0,,0,,
HND_006773,2011,1,1,,,,0,0,,0,,
HND_012953,2011,1,1,,,,1,0,,0,,
HND_011543,2011,,,,,,,0,,0,,
HND_006383,2011,1,1,,,,1,0,,0,,
HND_003970,2011,1,0,,,,1,0,,0,,
HND_016736,2011,,,,,,,0,,0,,
HND_015965,2011,,,,,,,0,,0,,
HND_006753,2011,1,1,,,,1,0,,0,,
HND_001496,2011,,,,,,,0,,0,,
HND_014964,2011,1,1,,,,1,0,,0,,
HND_001214,2011,1,1,,,,1,0,,0,,
HND_005740,2011,1,1,,,,1,0,,0,,
HND_000749,2011,1,1,,,,1,0,,0,,
HND_006885,2011,1,1,,,,1,0,,0,,
HND_003566,2011,,,,,,,0,,0,,
HND_006510,2011,1,1,,,,1,0,,0,,
HND_016293,2011,1,1,,,,1,0,,0,,
HND_015814,2011,,,,,,,0,,0,,
HND_012312,2011,,,,,,,0,,0,,
HND_015774,2011,,,,,,,0,,0,,
HND_010331,2011,,,,,,,0,,0,,
HND_004076,2011,0,0,,,,1,0,,0,,
HND_011917,2011,1,1,,,,1,0,,0,,
HND_000040,2011,1,1,,,,1,0,,0,,
HND_012696,2011,,,,,,,0,,0,,
HND_000583,2011,,,,,,,0,,0,,
HND_002984,2011,,,,,,,0,,0,,
HND_012783,2011,1,1,,,,1,0,,1,,
HND_014451,2011,,,,,,,0,,0,,
HND_013115,2011,,,,,,,0,,0,,
HND_012033,2011,,,,,,,0,,0,,
HND_007866,2011,,,,,,,0,,0,,
HND_005503,2011,,,,,,,0,,0,,
HND_011704,2011,,,,,,,0,,0,,
HND_002200,2011,,,,,,,0,,0,,
HND_016495,2011,,,,,,,0,,0,,
HND_010121,2011,1,1,,,,1,0,,0,,
HND_005892,2011,1,1,,,,1,0,,0,,
HND_011865,2011,1,1,,,,1,0,,0,,
HND_005667,2011,1,1,,,,0,0,,0,,
HND_012073,2011,1,1,,,,1,0,,0,,
HND_012167,2011,1,1,,,,1,0,,0,,
HND_012015,2011,1,1,,,,1,0,,0,,
HND_010820,2011,,,,,,,0,,0,,
HND_015963,2011,,,,,,,0,,0,,
HND_000944,2011,,,,,,,0,,0,,
HND_013021,2011,,,,,,,0,,0,,
HND_011147,2011,,,,,,,0,,0,,
HND_011558,2011,,,,,,,0,,0,,
HND_005893,2011,,,,,,,0,,0,,
HND_004313,2011,,,,,,,0,,0,,
HND_006965,2011,,,,,,,0,,0,,
HND_011232,2011,,,,,,,0,,0,,
HND_002985,2011,1,1,,,,1,0,,0,,
HND_011639,2011,,,,,,,0,,0,,
HND_013460,2011,,,,,,,0,,0,,
HND_001546,2011,,,,,,,0,,0,,
HND_001495,2011,,,,,,,0,,0,,
HND_011685,2011,1,0,,,,1,0,,0,,
HND_010384,2011,1,1,,,,0,0,,0,,
HND_001189,2011,1,0,,,,1,0,,0,,
HND_008462,2011,1,1,,,,1,0,,1,,
HND_011022,2011,1,1,,,,1,0,,0,,
HND_013072,2011,1,1,,,,1,0,,1,,
HND_005751,2011,1,1,,,,0,0,,0,,
HND_009755,2011,1,1,,,,1,0,,1,,
HND_015014,2011,1,1,,,,1,0,,0,,
HND_010893,2011,1,0,,,,1,0,,0,,
HND_011195,2011,1,1,,,,1,0,,1,,
HND_004389,2011,1,1,,,,1,0,,1,,
HND_014259,2011,1,1,,,,1,0,,1,,
HND_000331,2011,1,1,,,,1,1,,0,,
HND_000144,2011,1,1,,,,1,0,,0,,
HND_009509,2011,1,1,,,,1,0,,0,,
HND_014831,2011,1,1,,,,1,0,,0,,
HND_010623,2011,1,1,,,,0,0,,0,,
HND_005223,2011,1,1,,,,1,0,,0,,
HND_014269,2011,1,0,,,,1,0,,0,,
HND_000402,2011,1,1,,,,1,0,,1,,
HND_000230,2011,1,1,,,,1,0,,1,,
HND_010835,2011,1,1,,,,1,0,,1,,
HND_001145,2011,1,1,,,,0,0,,0,,
HND_000112,2011,1,0,,,,1,0,,0,,
HND_016750,2011,1,1,,,,1,0,,1,,
HND_012960,2011,1,1,,,,1,0,,1,,
HND_014360,2011,1,1,,,,1,0,,0,,
HND_000643,2011,1,1,,,,1,0,,0,,
HND_014359,2011,1,0,,,,1,0,,0,,
HND_008469,2011,,0,,,,0,0,,0,,
HND_014040,2011,1,1,,,,1,0,,1,,
HND_013506,2011,1,0,,,,1,0,,1,,
HND_002192,2011,1,1,,,,1,0,,1,,
HND_000231,2011,1,1,,,,1,0,,0,,
HND_000070,2011,1,1,,,,1,0,,0,,
HND_014151,2011,1,1,,,,1,0,,1,,
HND_008820,2011,1,0,,,,1,0,,1,,
HND_013504,2011,1,1,,,,1,0,,1,,
HND_002766,2011,1,1,,,,1,0,,0,,
HND_010593,2011,1,1,,,,1,0,,0,,
HND_009916,2011,1,1,,,,1,0,,0,,
HND_007718,2011,1,1,,,,1,0,,1,,
HND_007715,2011,1,1,,,,1,0,,1,,
HND_003073,2011,1,1,,,,0,0,,0,,
HND_007712,2011,,0,,,,0,0,,0,,
HND_009374,2011,1,1,,,,1,0,,0,,
HND_003414,2011,1,1,,,,1,0,,0,,
HND_001141,2011,1,1,,,,1,0,,1,,
HND_014730,2011,1,1,,,,1,0,,1,,
HND_015266,2011,1,1,,,,1,1,,1,,
HND_010792,2011,1,1,,,,0,0,,0,,
HND_002351,2011,1,1,,,,0,0,,0,,
HND_011460,2011,1,1,,,,1,0,,0,,
HND_008156,2011,1,1,,,,1,1,,1,,
HND_009202,2011,1,1,,,,1,0,,1,,
HND_007868,2011,1,1,,,,1,0,,0,,
HND_009449,2011,1,1,,,,1,0,,1,,
HND_005558,2011,1,1,,,,1,0,,0,,
HND_016378,2011,1,1,,,,1,0,,0,,
HND_005296,2011,1,1,,,,1,0,,1,,
HND_009268,2011,1,1,,,,1,0,,0,,
HND_012883,2011,1,1,,,,1,0,,1,,
HND_014956,2011,1,1,,,,1,0,,1,,
HND_004604,2011,1,0,,,,1,0,,0,,
HND_005294,2011,1,1,,,,1,0,,0,,
HND_000461,2011,1,0,,,,1,0,,1,,
HND_000743,2011,1,1,,,,1,0,,1,,
HND_016688,2011,1,1,,,,1,0,,0,,
HND_012360,2011,1,0,,,,1,1,,1,,
HND_011445,2011,1,1,,,,1,0,,0,,
HND_014929,2011,1,1,,,,1,0,,0,,
HND_009052,2011,1,0,,,,0,0,,0,,
HND_009852,2011,,0,,,,0,0,,0,,
HND_006174,2011,1,1,,,,1,0,,1,,
HND_010856,2011,1,1,,,,1,0,,0,,
HND_011076,2011,1,1,,,,1,0,,0,,
HND_015459,2011,1,1,,,,1,0,,0,,
HND_002168,2011,1,1,,,,1,0,,0,,
HND_004161,2011,1,1,,,,1,0,,1,,
HND_000076,2011,1,1,,,,1,0,,0,,
HND_002480,2011,1,1,,,,1,1,,1,,
HND_001263,2011,1,1,,,,1,0,,0,,
HND_004473,2011,1,1,,,,1,0,,0,,
HND_016396,2011,1,0,,,,1,0,,1,,
HND_006269,2011,1,1,,,,1,1,,1,,
HND_003843,2011,1,1,,,,1,0,,1,,
HND_016542,2011,1,1,,,,1,0,,0,,
HND_015104,2011,1,1,,,,1,0,,0,,
HND_009183,2011,1,1,,,,1,0,,0,,
HND_006840,2011,1,1,,,,1,0,,0,,
HND_013602,2011,1,1,,,,1,0,,0,,
HND_006866,2011,1,1,,,,1,0,,0,,
HND_002399,2011,1,1,,,,1,0,,0,,
HND_001601,2011,1,1,,,,1,0,,0,,
HND_012347,2011,1,1,,,,1,0,,1,,
HND_012023,2011,0,0,,,,0,0,,0,,
HND_001261,2011,1,1,,,,1,0,,1,,
HND_009582,2011,1,1,,,,1,0,,1,,
HND_010012,2011,1,1,,,,1,0,,0,,
HND_004406,2011,1,1,,,,1,0,,0,,
HND_015942,2011,0,0,,,,1,0,,0,,
HND_001262,2011,1,0,,,,1,0,,0,,
HND_011459,2011,1,1,,,,1,0,,0,,
HND_001360,2011,1,1,,,,1,0,,0,,
HND_012936,2011,1,1,,,,1,0,,0,,
HND_003963,2011,1,1,,,,0,0,,0,,
HND_005939,2011,,,,,,,0,,0,,
HND_013982,2011,1,1,,,,1,0,,1,,
HND_002277,2011,1,1,,,,1,0,,1,,
HND_002352,2011,1,0,,,,1,0,,0,,
HND_006022,2011,1,1,,,,1,0,,0,,
HND_003488,2011,,,,,,,0,,0,,
HND_000246,2011,1,1,,,,1,0,,0,,
HND_004336,2011,1,1,,,,1,0,,0,,
HND_006959,2011,1,1,,,,1,0,,0,,
HND_012543,2011,1,1,,,,1,0,,0,,
HND_000377,2011,1,1,,,,1,0,,0,,
HND_001935,2011,1,1,,,,1,0,,1,,
HND_014877,2011,1,1,,,,1,0,,1,,
HND_001431,2011,1,1,,,,1,0,,0,,
HND_000629,2011,1,1,,,,1,0,,0,,
HND_006926,2011,1,1,,,,1,0,,1,,
HND_015701,2011,,,,,,,0,,0,,
HND_014419,2011,1,0,,,,0,0,,0,,
HND_001561,2011,0,0,,,,1,0,,0,,
HND_015314,2011,,,,,,,0,,0,,
HND_003049,2011,,,,,,,0,,0,,
HND_002703,2011,,,,,,,0,,0,,
HND_006036,2011,,,,,,,0,,0,,
HND_010918,2011,1,1,,,,1,0,,0,,
HND_001418,2011,1,0,,,,1,0,,0,,
HND_004030,2011,,0,,,,0,0,,0,,
HND_011387,2011,0,0,,,,1,0,,0,,
HND_009914,2011,1,1,,,,1,0,,0,,
HND_001069,2011,,,,,,,0,,0,,
HND_009530,2011,,,,,,,0,,0,,
HND_013694,2011,,,,,,,0,,0,,
HND_016269,2011,,,,,,,0,,0,,
HND_002748,2011,1,0,,,,1,0,,0,,
HND_001311,2011,,,,,,,0,,0,,
HND_011395,2011,1,0,,,,1,0,,0,,
HND_009203,2011,,,,,,,0,,0,,
HND_002055,2011,,,,,,,0,,0,,
HND_010556,2011,,,,,,,0,,0,,
HND_005902,2011,,,,,,,0,,0,,
HND_002099,2011,,,,,,,0,,0,,
HND_011388,2011,,,,,,,0,,0,,
HND_015080,2011,,,,,,,0,,0,,
HND_006925,2011,,,,,,,0,,0,,
HND_010020,2011,,,,,,,0,,0,,
HND_010245,2011,1,0,,,,1,0,,0,,
HND_013452,2011,1,1,,,,1,0,,0,,
HND_005500,2011,0,0,,,,1,0,,0,,
HND_001649,2011,1,0,,,,1,0,,0,,
HND_016738,2011,,,,,,,0,,0,,
HND_000418,2011,,,,,,,0,,0,,
HND_002655,2011,,,,,,,0,,0,,
HND_012752,2011,,,,,,,0,,0,,
HND_001158,2011,,,,,,,0,,0,,
HND_011141,2011,1,1,,,,1,0,,0,,
HND_009573,2011,1,1,,,,0,0,,0,,
HND_000406,2011,1,1,,,,0,0,,0,,
HND_002775,2011,1,1,,,,1,0,,1,,
HND_011347,2011,1,1,,,,1,0,,0,,
HND_005010,2011,1,1,,,,1,0,,0,,
HND_008398,2011,1,1,,,,1,0,,0,,
HND_002805,2011,1,1,,,,1,0,,0,,
HND_005009,2011,1,1,,,,1,0,,0,,
HND_013172,2011,1,1,,,,1,0,,1,,
HND_008827,2011,1,1,,,,0,0,,0,,
HND_008929,2011,1,1,,,,1,0,,1,,
HND_007745,2011,1,1,,,,0,0,,0,,
HND_007744,2011,,0,,,,0,0,,0,,
HND_008150,2011,1,1,,,,1,0,,0,,
HND_009642,2011,1,1,,,,1,0,,0,,
HND_008643,2011,1,1,,,,1,0,,1,,
HND_007757,2011,1,1,,,,1,0,,1,,
HND_007735,2011,1,1,,,,1,0,,1,,
HND_010940,2011,1,1,,,,1,0,,0,,
HND_000778,2011,1,1,,,,1,0,,0,,
HND_004233,2011,1,1,,,,1,0,,1,,
HND_008826,2011,1,1,,,,1,0,,1,,
HND_010674,2011,1,1,,,,1,0,,0,,
HND_014777,2011,,0,,,,1,0,,1,,
HND_016207,2011,1,1,,,,0,0,,0,,
HND_014801,2011,1,1,,,,1,0,,0,,
HND_014194,2011,1,1,,,,1,0,,0,,
HND_009690,2011,1,1,,,,0,0,,0,,
HND_013076,2011,1,1,,,,0,0,,0,,
HND_000133,2011,1,1,,,,1,0,,1,,
HND_005035,2011,1,1,,,,0,0,,0,,
HND_003420,2011,0,0,,,,0,0,,0,,
HND_000335,2011,1,0,,,,0,0,,0,,
HND_015265,2011,1,1,,,,1,0,,1,,
HND_005032,2011,1,1,,,,0,0,,0,,
HND_008502,2011,1,1,,,,0,0,,0,,
HND_003905,2011,,0,,,,0,0,,0,,
HND_000373,2011,1,1,,,,1,0,,0,,
HND_008599,2011,1,1,,,,1,0,,0,,
HND_010891,2011,1,1,,,,1,0,,0,,
HND_000417,2011,1,1,,,,1,0,,0,,
HND_006674,2011,1,1,,,,0,0,,0,,
HND_006679,2011,1,1,,,,1,0,,0,,
HND_006661,2011,1,1,,,,0,0,,0,,
HND_001239,2011,1,0,,,,0,0,,0,,
HND_013734,2011,1,0,,,,0,0,,0,,
HND_006328,2011,1,1,,,,0,0,,0,,
HND_013736,2011,1,0,,,,0,0,,0,,
HND_003926,2011,1,1,,,,0,0,,0,,
HND_003900,2011,1,1,,,,0,0,,0,,
HND_003896,2011,1,1,,,,0,0,,0,,
HND_008712,2011,1,1,,,,0,0,,0,,
HND_010013,2011,,0,,,,0,0,,0,,
HND_009288,2011,1,1,,,,0,0,,0,,
HND_003909,2011,1,1,,,,0,0,,0,,
HND_004049,2011,1,0,,,,0,0,,0,,
HND_014882,2011,1,1,,,,0,0,,0,,
HND_011771,2011,0,0,,,,0,0,,0,,
HND_011700,2011,1,1,,,,0,0,,0,,
HND_014823,2011,0,0,,,,0,0,,0,,
HND_007346,2011,1,1,,,,0,0,,0,,
HND_003075,2011,1,1,,,,1,0,,1,,
HND_008286,2011,,0,,,,0,0,,0,,
HND_002664,2011,1,1,,,,0,0,,0,,
HND_015609,2011,1,0,,,,0,0,,0,,
HND_008285,2011,1,1,,,,0,0,,0,,
HND_002186,2011,1,1,,,,0,0,,0,,
HND_007955,2011,0,0,,,,0,0,,0,,
HND_003061,2011,1,1,,,,1,0,,0,,
HND_013740,2011,0,0,,,,1,0,,0,,
HND_009709,2011,,0,,,,0,0,,0,,
HND_014834,2011,1,1,,,,0,0,,0,,
HND_010019,2011,1,1,,,,1,0,,0,,
HND_015427,2011,0,0,,,,0,0,,0,,
HND_009581,2011,1,0,,,,0,0,,0,,
HND_012087,2011,,,,,,,0,,0,,
HND_001593,2011,,,,,,,0,,0,,
HND_016493,2011,,,,,,,0,,0,,
HND_014032,2011,1,1,,,,1,0,,0,,
HND_015108,2011,1,1,,,,1,0,,0,,
HND_013019,2011,1,1,,,,1,0,,1,,
HND_011680,2011,1,1,,,,1,0,,1,,
HND_007368,2011,1,1,,,,1,0,,1,,
HND_001298,2011,1,1,,,,1,0,,0,,
HND_005958,2011,1,1,,,,1,0,,1,,
HND_008001,2011,1,1,,,,1,0,,0,,
HND_010034,2011,1,1,,,,1,0,,0,,
HND_016731,2011,1,0,,,,1,0,,0,,
HND_012886,2011,1,1,,,,1,0,,1,,
HND_007202,2011,1,1,,,,1,0,,1,,
HND_000744,2011,1,1,,,,1,0,,0,,
HND_006672,2011,1,1,,,,1,0,,0,,
HND_014415,2011,1,1,,,,1,0,,0,,
HND_015651,2011,1,1,,,,1,0,,0,,
HND_006731,2011,1,1,,,,1,0,,0,,
HND_016298,2011,1,0,,,,1,0,,0,,
HND_003215,2011,1,1,,,,1,0,,0,,
HND_001539,2011,1,1,,,,1,0,,1,,
HND_003556,2011,1,0,,,,0,0,,0,,
HND_015422,2011,1,1,,,,1,0,,0,,
HND_002435,2011,,,,,,,0,,0,,
HND_003671,2011,,,,,,,0,,0,,
HND_015591,2011,,,,,,,0,,0,,
HND_011886,2011,1,1,,,,1,0,,1,,
HND_007485,2011,1,1,,,,1,0,,1,,
HND_002778,2011,1,0,,,,1,0,,0,,
HND_014195,2011,1,1,,,,0,0,,0,,
HND_002779,2011,1,0,,,,1,0,,0,,
HND_008601,2011,0,0,,,,1,0,,0,,
HND_015620,2011,1,1,,,,1,0,,1,,
HND_008158,2011,1,1,,,,1,0,,0,,
HND_011556,2011,1,1,,,,1,1,,1,,
HND_002569,2011,1,1,,,,1,1,,0,,
HND_002350,2011,1,1,,,,1,0,,1,,
HND_010894,2011,1,1,,,,1,0,,1,,
HND_012682,2011,1,1,,,,0,0,,0,,
HND_001662,2011,1,1,,,,0,0,,0,,
HND_015313,2011,1,1,,,,0,0,,0,,
HND_003643,2011,1,1,,,,1,0,,0,,
HND_007915,2011,,,,,,,0,,0,,
HND_006875,2011,1,1,,,,1,0,,0,,
HND_001505,2011,,0,,,,1,0,,0,,
HND_006864,2011,1,1,,,,1,0,,0,,
HND_012882,2011,1,1,,,,1,0,,0,,
HND_001941,2011,1,1,,,,1,0,,0,,
HND_006880,2011,1,1,,,,0,0,,0,,
HND_006034,2011,1,1,,,,1,0,,0,,
HND_013027,2011,0,0,,,,0,0,,0,,
HND_007494,2011,1,1,,,,1,0,,0,,
HND_005715,2011,,,,,,,0,,0,,
HND_011346,2011,1,0,,,,0,0,,0,,
HND_014367,2011,1,1,,,,1,0,,0,,
HND_011988,2011,1,0,,,,1,0,,0,,
HND_000346,2011,1,1,,,,1,0,,1,,
HND_014704,2011,1,1,,,,1,0,,1,,
HND_005179,2011,1,0,,,,1,0,,0,,
HND_015775,2011,1,1,,,,1,0,,1,,
HND_011002,2011,1,1,,,,1,1,,1,,
HND_010598,2011,1,1,,,,1,0,,1,,
HND_014974,2011,1,1,,,,1,0,,1,,
HND_011689,2011,1,1,,,,1,0,,1,,
HND_014365,2011,,0,,,,0,0,,0,,
HND_011768,2011,1,1,,,,1,0,,1,,
HND_005986,2011,1,1,,,,1,0,,0,,
HND_005171,2011,1,1,,,,1,1,,1,,
HND_007931,2011,1,1,,,,1,0,,0,,
HND_014234,2011,1,1,,,,1,0,,1,,
HND_014044,2011,1,1,,,,1,0,,1,,
HND_012466,2011,1,1,,,,1,0,,1,,
HND_009045,2011,1,1,,,,1,0,,1,,
HND_010366,2011,1,1,,,,1,0,,0,,
HND_002649,2011,1,1,,,,1,0,,1,,
HND_011355,2011,1,1,,,,1,0,,1,,
HND_009653,2011,1,1,,,,1,0,,1,,
HND_003633,2011,1,1,,,,1,0,,0,,
HND_008612,2011,1,1,,,,1,0,,1,,
HND_014851,2011,1,1,,,,1,0,,0,,
HND_007095,2011,1,1,,,,1,0,,0,,
HND_000358,2011,1,1,,,,1,0,,0,,
HND_015475,2011,1,1,,,,1,0,,0,,
HND_008789,2011,1,1,,,,1,0,,1,,
HND_002781,2011,1,1,,,,1,0,,1,,
HND_005439,2011,1,1,,,,1,0,,0,,
HND_008604,2011,1,0,,,,1,0,,0,,
HND_016865,2011,1,1,,,,1,0,,1,,
HND_009332,2011,1,0,,,,0,0,,0,,
HND_010388,2011,1,1,,,,1,0,,0,,
HND_014264,2011,1,0,,,,1,0,,0,,
HND_000269,2011,1,1,,,,1,0,,1,,
HND_007443,2011,1,1,,,,1,0,,0,,
HND_005266,2011,1,1,,,,1,0,,1,,
HND_005985,2011,1,1,,,,1,0,,1,,
HND_007463,2011,1,1,,,,1,0,,0,,
HND_010095,2011,1,0,,,,1,0,,0,,
HND_009710,2011,1,0,,,,1,0,,0,,
HND_001950,2011,1,1,,,,1,0,,1,,
HND_002135,2011,1,0,,,,1,0,,0,,
HND_004806,2011,1,0,,,,1,0,,0,,
HND_010270,2011,1,0,,,,0,0,,0,,
HND_012394,2011,1,1,,,,1,0,,0,,
HND_015531,2011,1,1,,,,1,0,,0,,
HND_011360,2011,1,1,,,,1,0,,0,,
HND_014528,2011,1,1,,,,1,0,,1,,
HND_000048,2011,1,1,,,,1,1,,1,,
HND_011215,2011,1,1,,,,1,0,,0,,
HND_014982,2011,1,1,,,,1,0,,0,,
HND_015711,2011,1,1,,,,1,0,,0,,
HND_012797,2011,1,1,,,,1,0,,0,,
HND_002479,2011,1,1,,,,1,0,,0,,
HND_011403,2011,1,1,,,,1,0,,0,,
HND_015476,2011,1,1,,,,1,0,,0,,
HND_006357,2011,1,1,,,,1,0,,1,,
HND_002050,2011,1,1,,,,1,0,,0,,
HND_004376,2011,1,1,,,,1,0,,0,,
HND_004153,2011,1,1,,,,1,0,,0,,
HND_007352,2011,1,1,,,,1,0,,0,,
HND_006857,2011,1,1,,,,1,0,,0,,
HND_006763,2011,1,0,,,,1,0,,0,,
HND_011137,2011,1,1,,,,1,0,,0,,
HND_015451,2011,1,0,,,,1,0,,0,,
HND_006803,2011,1,1,,,,1,0,,0,,
HND_006037,2011,1,1,,,,1,0,,0,,
HND_003627,2011,1,1,,,,1,0,,0,,
HND_006878,2011,1,1,,,,1,0,,0,,
HND_006755,2011,1,1,,,,1,0,,0,,
HND_004101,2011,1,1,,,,1,0,,0,,
HND_002134,2011,1,1,,,,1,0,,0,,
HND_007103,2011,1,1,,,,1,0,,0,,
HND_002312,2011,1,1,,,,1,0,,0,,
HND_014043,2011,1,1,,,,1,0,,0,,
HND_007200,2011,1,1,,,,1,0,,1,,
HND_000532,2011,1,1,,,,1,0,,0,,
HND_001547,2011,1,1,,,,1,0,,1,,
HND_013517,2011,1,0,,,,1,0,,0,,
HND_005052,2011,1,1,,,,1,0,,1,,
HND_015747,2011,0,0,,,,1,0,,0,,
HND_010605,2011,1,0,,,,1,0,,0,,
HND_000236,2011,1,0,,,,1,0,,1,,
HND_015854,2011,1,1,,,,1,0,,0,,
HND_009424,2011,1,0,,,,1,0,,0,,
HND_002791,2011,1,1,,,,1,0,,1,,
HND_014003,2011,1,1,,,,1,0,,0,,
HND_001323,2011,1,1,,,,1,0,,0,,
HND_015428,2011,1,1,,,,1,0,,0,,
HND_003449,2011,1,0,,,,0,0,,0,,
HND_008862,2011,1,1,,,,1,0,,0,,
HND_014327,2011,1,0,,,,1,0,,1,,
HND_007770,2011,,,,,,,0,,0,,
HND_000256,2011,1,1,,,,1,0,,0,,
HND_000267,2011,1,1,,,,1,0,,0,,
HND_013950,2011,1,1,,,,1,0,,0,,
HND_004118,2011,1,1,,,,1,0,,0,,
HND_000709,2011,1,1,,,,1,0,,0,,
HND_011398,2011,1,1,,,,1,0,,0,,
HND_008267,2011,1,1,,,,1,0,,0,,
HND_006371,2011,1,1,,,,1,0,,0,,
HND_000713,2011,,,,,,,0,,0,,
HND_003222,2011,,,,,,,0,,0,,
HND_015810,2011,,,,,,,0,,0,,
HND_003705,2011,,,,,,,0,,0,,
HND_000533,2011,1,0,,,,1,0,,1,,
HND_014553,2011,,,,,,,0,,0,,
HND_011397,2011,1,1,,,,1,0,,0,,
HND_012452,2011,,,,,,,0,,0,,
HND_009491,2011,,,,,,,0,,0,,
HND_000243,2011,1,1,,,,1,0,,1,,
HND_002180,2011,1,1,,,,0,0,,0,,
HND_008687,2011,1,1,,,,0,0,,0,,
HND_005494,2011,1,1,,,,1,0,,1,,
HND_005552,2011,1,1,,,,1,0,,0,,
HND_005551,2011,1,1,,,,0,0,,0,,
HND_016070,2011,1,1,,,,1,0,,0,,
HND_012363,2011,1,1,,,,1,0,,0,,
HND_015825,2011,1,1,,,,1,0,,0,,
HND_009318,2011,1,1,,,,0,0,,0,,
HND_002784,2011,1,0,,,,0,0,,0,,
HND_014772,2011,1,1,,,,1,0,,0,,
HND_014146,2011,1,1,,,,0,0,,0,,
HND_008883,2011,1,1,,,,1,0,,1,,
HND_009727,2011,1,1,,,,1,0,,1,,
HND_013236,2011,1,1,,,,1,0,,0,,
HND_009504,2011,1,1,,,,0,0,,0,,
HND_002783,2011,1,1,,,,1,0,,0,,
HND_016206,2011,1,1,,,,1,0,,0,,
HND_000529,2011,1,1,,,,1,0,,0,,
HND_000181,2011,1,1,,,,1,0,,0,,
HND_000728,2011,1,1,,,,1,0,,0,,
HND_005142,2011,0,0,,,,0,0,,0,,
HND_000445,2011,0,0,,,,0,0,,0,,
HND_010859,2011,1,1,,,,0,0,,0,,
HND_001933,2011,1,1,,,,0,0,,0,,
HND_014790,2011,1,0,,,,0,0,,0,,
HND_015900,2011,1,1,,,,0,0,,0,,
HND_001912,2011,1,1,,,,0,0,,0,,
HND_009198,2011,1,1,,,,0,0,,0,,
HND_010283,2011,1,1,,,,0,0,,0,,
HND_010429,2011,1,0,,,,1,0,,0,,
HND_012879,2011,1,1,,,,0,0,,0,,
HND_005553,2011,1,1,,,,1,0,,0,,
HND_008873,2011,1,1,,,,1,0,,0,,
HND_004686,2011,1,1,,,,1,0,,0,,
HND_006742,2011,1,1,,,,1,0,,0,,
HND_010220,2011,1,1,,,,0,0,,0,,
HND_011450,2011,1,1,,,,1,0,,0,,
HND_000434,2011,1,1,,,,0,0,,0,,
HND_001441,2011,,,,,,,0,,0,,
HND_006837,2011,1,1,,,,1,0,,0,,
HND_006739,2011,1,1,,,,0,0,,0,,
HND_000746,2011,1,1,,,,0,0,,0,,
HND_006863,2011,1,1,,,,1,0,,0,,
HND_014177,2011,1,1,,,,1,0,,0,,
HND_011638,2011,,,,,,,0,,0,,
HND_010500,2011,,,,,,,0,,0,,
HND_016662,2011,1,1,,,,1,0,,0,,
HND_006693,2011,1,1,,,,1,0,,0,,
HND_005355,2011,0,0,,,,0,0,,0,,
HND_013237,2011,1,1,,,,1,0,,0,,
HND_015901,2011,1,1,,,,1,0,,0,,
HND_016228,2011,,,,,,,0,,0,,
HND_001186,2011,,,,,,,0,,0,,
HND_013892,2011,1,1,,,,1,0,,1,,
HND_011766,2011,1,1,,,,1,0,,1,,
HND_000138,2011,1,1,,,,1,0,,0,,
HND_013826,2011,1,1,,,,1,0,,0,,
HND_002034,2011,1,1,,,,1,0,,0,,
HND_005114,2011,1,1,,,,1,0,,1,,
HND_007323,2011,1,1,,,,1,0,,1,,
HND_004237,2011,1,1,,,,1,0,,1,,
HND_014445,2011,1,1,,,,1,0,,1,,
HND_014001,2011,1,1,,,,0,0,,0,,
HND_009128,2011,1,1,,,,1,0,,0,,
HND_004370,2011,1,1,,,,1,0,,1,,
HND_007146,2011,1,1,,,,1,1,,1,,
HND_015673,2011,1,1,,,,1,0,,1,,
HND_012880,2011,1,1,,,,1,0,,0,,
HND_016313,2011,1,1,,,,1,1,,1,,
HND_006675,2011,1,1,,,,1,0,,0,,
HND_006653,2011,1,1,,,,1,0,,0,,
HND_006623,2011,1,1,,,,1,0,,0,,
HND_006657,2011,1,1,,,,1,0,,0,,
HND_006660,2011,1,1,,,,1,0,,0,,
HND_006658,2011,1,1,,,,1,0,,0,,
HND_015690,2011,1,1,,,,1,0,,0,,
HND_016224,2011,1,1,,,,1,0,,0,,
HND_015638,2011,1,1,,,,1,0,,0,,
HND_008652,2011,1,1,,,,1,0,,0,,
HND_009971,2011,1,1,,,,1,0,,0,,
HND_009611,2011,,,,,,,0,,0,,
HND_009088,2011,1,1,,,,0,0,,0,,
HND_001187,2011,,,,,,,0,,0,,
HND_002189,2011,1,1,,,,1,0,,1,,
HND_011888,2011,1,1,,,,1,0,,0,,
HND_007498,2011,1,1,,,,1,0,,0,,
HND_009327,2011,1,1,,,,1,0,,0,,
HND_010892,2011,1,0,,,,1,0,,0,,
HND_008510,2011,1,0,,,,1,0,,1,,
HND_001466,2011,1,1,,,,1,0,,0,,
HND_009211,2011,1,1,,,,1,0,,0,,
HND_007501,2011,1,1,,,,1,0,,0,,
HND_007201,2011,1,1,,,,1,0,,0,,
HND_001549,2011,1,1,,,,1,0,,0,,
HND_015335,2011,1,1,,,,1,0,,0,,
HND_002084,2011,1,1,,,,1,0,,0,,
HND_008047,2011,1,1,,,,1,0,,0,,
HND_001467,2011,1,1,,,,1,0,,0,,
HND_016320,2011,1,1,,,,1,1,,1,,
HND_006676,2011,1,1,,,,0,0,,0,,
HND_011408,2011,1,1,,,,1,0,,0,,
HND_000474,2011,1,1,,,,1,0,,0,,
HND_004384,2011,,,,,,,0,,0,,
HND_003268,2011,,,,,,,0,,0,,
HND_005942,2011,,,,,,,0,,0,,
HND_000156,2011,1,1,,,,1,0,,0,,
HND_013704,2011,1,1,,,,1,0,,0,,
HND_016400,2011,,,,,,,0,,0,,
HND_010561,2011,,,,,,,0,,0,,
HND_008025,2011,,,,,,,0,,0,,
HND_005934,2011,,,,,,,0,,0,,
HND_003673,2011,,,,,,,0,,0,,
HND_015166,2011,,,,,,,0,,0,,
HND_015302,2011,,,,,,,0,,0,,
HND_005394,2011,1,0,,,,0,0,,0,,
HND_011045,2011,1,1,,,,1,0,,0,,
HND_009200,2011,1,1,,,,1,0,,0,,
HND_002806,2011,1,1,,,,1,0,,0,,
HND_002185,2011,1,1,,,,0,0,,0,,
HND_009632,2011,1,1,,,,1,0,,0,,
HND_005947,2011,1,1,,,,1,0,,0,,
HND_009807,2011,1,1,,,,1,0,,0,,
HND_008136,2011,1,1,,,,1,0,,0,,
HND_011954,2011,1,1,,,,1,0,,0,,
HND_010924,2011,1,1,,,,1,0,,0,,
HND_016360,2011,1,1,,,,1,0,,0,,
HND_014793,2011,1,1,,,,0,0,,0,,
HND_006980,2011,1,0,,,,0,0,,0,,
HND_013247,2011,1,1,,,,1,0,,0,,
HND_008628,2011,1,1,,,,1,0,,0,,
HND_014968,2011,1,1,,,,1,0,,0,,
HND_013510,2011,1,1,,,,1,0,,0,,
HND_002776,2011,1,1,,,,1,0,,0,,
HND_005157,2011,1,0,,,,1,0,,0,,
HND_010650,2011,1,1,,,,1,0,,1,,
HND_005801,2011,1,0,,,,1,0,,0,,
HND_011762,2011,1,1,,,,1,0,,0,,
HND_011868,2011,1,1,,,,1,0,,0,,
HND_009316,2011,1,1,,,,1,0,,0,,
HND_005161,2011,1,1,,,,1,0,,0,,
HND_008617,2011,,0,,,,1,0,,0,,
HND_008164,2011,1,1,,,,1,0,,0,,
HND_011764,2011,1,1,,,,1,0,,0,,
HND_010637,2011,1,1,,,,1,0,,0,,
HND_008830,2011,1,1,,,,1,0,,0,,
HND_009633,2011,1,1,,,,1,0,,0,,
HND_014866,2011,1,1,,,,1,0,,0,,
HND_014218,2011,1,1,,,,1,0,,0,,
HND_005731,2011,1,1,,,,1,0,,0,,
HND_010752,2011,1,1,,,,1,0,,0,,
HND_014187,2011,1,1,,,,1,0,,0,,
HND_014014,2011,1,1,,,,1,0,,0,,
HND_010397,2011,1,1,,,,1,0,,0,,
HND_013249,2011,1,1,,,,1,0,,0,,
HND_016205,2011,1,1,,,,1,0,,0,,
HND_007324,2011,1,1,,,,1,0,,0,,
HND_006166,2011,1,1,,,,1,0,,0,,
HND_013423,2011,1,1,,,,1,0,,0,,
HND_005444,2011,1,1,,,,1,0,,0,,
HND_014705,2011,1,1,,,,1,0,,0,,
HND_013066,2011,1,1,,,,1,0,,0,,
HND_005383,2011,1,1,,,,1,0,,0,,
HND_010938,2011,1,1,,,,0,0,,0,,
HND_007476,2011,1,1,,,,1,0,,0,,
HND_005447,2011,1,1,,,,1,0,,0,,
HND_008715,2011,1,0,,,,0,0,,0,,
HND_007946,2011,1,1,,,,1,0,,0,,
HND_011358,2011,1,1,,,,1,0,,0,,
HND_000446,2011,1,1,,,,1,0,,0,,
HND_000932,2011,1,1,,,,1,0,,0,,
HND_002377,2011,1,1,,,,0,0,,0,,
HND_015370,2011,1,1,,,,1,0,,0,,
HND_011437,2011,1,1,,,,0,0,,0,,
HND_007853,2011,1,1,,,,1,0,,0,,
HND_001297,2011,1,1,,,,1,0,,1,,
HND_014653,2011,1,1,,,,1,0,,0,,
HND_015311,2011,1,1,,,,1,0,,0,,
HND_010989,2011,1,0,,,,0,0,,0,,
HND_010580,2011,1,1,,,,1,0,,0,,
HND_007222,2011,1,1,,,,0,0,,0,,
HND_007234,2011,1,1,,,,1,0,,0,,
HND_007422,2011,1,1,,,,0,0,,0,,
HND_001283,2011,1,1,,,,1,0,,0,,
HND_011716,2011,1,1,,,,0,0,,0,,
HND_001288,2011,1,1,,,,1,0,,0,,
HND_001286,2011,1,1,,,,1,0,,0,,
HND_002004,2011,1,1,,,,0,0,,0,,
HND_001969,2011,1,0,,,,0,0,,0,,
HND_012881,2011,1,1,,,,1,0,,0,,
HND_012945,2011,1,1,,,,1,0,,0,,
HND_013970,2011,1,1,,,,1,0,,0,,
HND_000149,2011,1,1,,,,1,0,,0,,
HND_010532,2011,1,1,,,,1,0,,0,,
HND_008697,2011,1,1,,,,1,0,,0,,
HND_007421,2011,1,1,,,,1,0,,0,,
HND_008472,2011,1,1,,,,1,0,,0,,
HND_010817,2011,1,1,,,,1,0,,0,,
HND_011647,2011,1,1,,,,1,0,,0,,
HND_006758,2011,1,1,,,,1,0,,0,,
HND_012505,2011,1,1,,,,1,0,,0,,
HND_012946,2011,1,1,,,,1,0,,0,,
HND_012972,2011,1,1,,,,1,0,,0,,
HND_001282,2011,1,1,,,,1,0,,0,,
HND_001516,2011,1,1,,,,1,0,,0,,
HND_008356,2011,1,1,,,,1,0,,0,,
HND_016314,2011,1,1,,,,1,1,,1,,
HND_002681,2011,1,1,,,,1,0,,0,,
HND_016845,2011,1,1,,,,1,0,,0,,
HND_015709,2011,1,1,,,,1,0,,0,,
HND_002580,2011,1,0,,,,1,0,,1,,
HND_001287,2011,1,1,,,,1,0,,0,,
HND_012678,2011,,,,,,,0,,0,,
HND_006095,2011,1,1,,,,1,0,,0,,
HND_002243,2011,,,,,,,0,,0,,
HND_002242,2011,,,,,,,0,,0,,
HND_006681,2011,1,1,,,,1,0,,0,,
HND_006634,2011,1,1,,,,0,0,,0,,
HND_006621,2011,1,1,,,,1,0,,0,,
HND_006627,2011,1,1,,,,1,0,,0,,
HND_002241,2011,,,,,,,0,,0,,
HND_011423,2011,1,1,,,,1,0,,0,,
HND_006879,2011,1,1,,,,1,0,,0,,
HND_006868,2011,1,1,,,,0,0,,0,,
HND_008376,2011,1,1,,,,1,0,,0,,
HND_012000,2011,1,1,,,,1,0,,0,,
HND_010579,2011,,,,,,,0,,0,,
HND_012943,2011,1,1,,,,1,0,,0,,
HND_001284,2011,1,1,,,,1,0,,0,,
HND_006273,2011,,0,,,,1,0,,1,,
HND_003430,2011,1,1,,,,1,0,,0,,
HND_005015,2011,1,1,,,,1,0,,0,,
HND_016887,2011,1,1,,,,0,0,,0,,
HND_008654,2011,1,1,,,,1,0,,0,,
HND_009472,2011,,,,,,,0,,0,,
HND_001673,2011,,,,,,,0,,0,,
HND_001110,2011,,,,,,,0,,0,,
HND_006096,2011,,,,,,,0,,0,,
HND_013088,2011,1,1,,,,1,0,,0,,
HND_013715,2011,1,1,,,,1,0,,0,,
HND_012954,2011,1,1,,,,1,0,,0,,
HND_004074,2011,1,1,,,,0,0,,0,,
HND_011392,2011,1,1,,,,1,0,,0,,
HND_014544,2011,,,,,,,0,,0,,
HND_014986,2011,1,1,,,,1,0,,0,,
HND_012944,2011,,,,,,,0,,0,,
HND_011414,2011,1,1,,,,1,0,,0,,
HND_015245,2011,1,1,,,,1,0,,0,,
HND_012690,2011,,,,,,,0,,0,,
HND_009306,2011,,,,,,,0,,0,,
HND_004174,2011,,,,,,,0,,0,,
HND_006173,2011,,,,,,,0,,0,,
HND_016690,2011,1,1,,,,1,0,,0,,
HND_016284,2011,1,0,,,,0,0,,0,,
HND_009868,2011,1,1,,,,1,0,,1,,
HND_010922,2011,1,0,,,,0,0,,0,,
HND_010682,2011,1,1,,,,1,1,,1,,
HND_001396,2011,1,1,,,,1,0,,1,,
HND_013073,2011,1,1,,,,1,0,,1,,
HND_008138,2011,1,1,,,,1,0,,0,,
HND_008638,2011,1,1,,,,1,0,,0,,
HND_008142,2011,1,1,,,,1,0,,1,,
HND_000145,2011,1,1,,,,0,0,,0,,
HND_013074,2011,1,1,,,,1,0,,0,,
HND_013232,2011,1,1,,,,1,0,,0,,
HND_007105,2011,1,1,,,,1,0,,0,,
HND_013312,2011,1,1,,,,1,0,,1,,
HND_005086,2011,1,0,,,,1,0,,0,,
HND_002768,2011,1,1,,,,1,0,,0,,
HND_005088,2011,1,1,,,,1,0,,1,,
HND_005569,2011,1,1,,,,1,0,,1,,
HND_005613,2011,1,0,,,,1,0,,1,,
HND_011871,2011,1,1,,,,1,0,,1,,
HND_008148,2011,1,1,,,,1,0,,0,,
HND_008534,2011,1,1,,,,1,0,,1,,
HND_008160,2011,1,1,,,,1,0,,1,,
HND_009838,2011,1,1,,,,1,0,,1,,
HND_008567,2011,1,0,,,,0,0,,0,,
HND_004058,2011,1,1,,,,1,0,,0,,
HND_016244,2011,1,0,,,,0,0,,0,,
HND_005205,2011,1,1,,,,1,0,,0,,
HND_009722,2011,1,1,,,,1,0,,1,,
HND_014388,2011,1,1,,,,1,0,,0,,
HND_001271,2011,1,1,,,,1,0,,0,,
HND_005816,2011,1,1,,,,1,0,,0,,
HND_005807,2011,1,1,,,,1,0,,0,,
HND_015653,2011,1,1,,,,1,0,,0,,
HND_014030,2011,1,1,,,,1,0,,1,,
HND_010293,2011,1,1,,,,1,0,,1,,
HND_009390,2011,1,1,,,,1,0,,1,,
HND_011429,2011,1,1,,,,1,0,,0,,
HND_016719,2011,1,1,,,,1,0,,1,,
HND_016513,2011,1,1,,,,1,0,,1,,
HND_006655,2011,1,1,,,,1,0,,0,,
HND_012269,2011,1,1,,,,1,0,,0,,
HND_013601,2011,1,1,,,,1,0,,0,,
HND_007919,2011,1,1,,,,0,0,,0,,
HND_001853,2011,1,1,,,,1,0,,0,,
HND_001342,2011,1,1,,,,1,0,,0,,
HND_007082,2011,1,1,,,,1,0,,0,,
HND_016450,2011,1,1,,,,1,0,,0,,
HND_007343,2011,1,1,,,,1,0,,1,,
HND_007827,2011,1,1,,,,1,0,,0,,
HND_003988,2011,1,0,,,,0,0,,0,,
HND_001551,2011,1,1,,,,0,0,,0,,
HND_014560,2011,1,1,,,,1,0,,0,,
HND_008574,2011,1,1,,,,1,0,,1,,
HND_016531,2011,1,0,,,,1,0,,0,,
HND_006833,2011,1,1,,,,1,0,,0,,
HND_006889,2011,1,1,,,,1,0,,0,,
HND_006740,2011,1,1,,,,1,0,,0,,
HND_000134,2011,1,1,,,,1,0,,1,,
HND_012507,2011,,,,,,,0,,0,,
HND_003025,2011,1,1,,,,1,0,,0,,
HND_009513,2011,1,1,,,,1,0,,0,,
HND_011144,2011,1,1,,,,1,0,,1,,
HND_013937,2011,1,1,,,,1,0,,0,,
HND_004470,2011,1,1,,,,1,0,,0,,
HND_010882,2011,1,1,,,,1,0,,0,,
HND_002046,2011,1,1,,,,1,0,,0,,
HND_004508,2011,,,,,,,0,,0,,
HND_000902,2011,1,1,,,,1,0,,0,,
HND_006162,2011,1,1,,,,1,0,,0,,
HND_012252,2011,1,0,,,,1,0,,0,,
HND_005068,2011,1,0,,,,1,0,,0,,
HND_016534,2011,1,1,,,,1,0,,1,,
HND_010473,2011,1,1,,,,1,0,,0,,
HND_005819,2011,1,1,,,,1,0,,0,,
HND_013837,2011,1,1,,,,1,1,,1,,
HND_007826,2011,1,1,,,,1,0,,0,,
HND_016527,2011,1,1,,,,1,0,,1,,
HND_007083,2011,1,1,,,,1,0,,1,,
HND_000560,2011,,,,,,,0,,0,,
HND_016249,2011,1,1,,,,1,0,,0,,
HND_015435,2011,1,1,,,,1,0,,1,,
HND_001258,2011,0,0,,,,1,0,,1,,
HND_008496,2011,1,1,,,,1,0,,0,,
HND_007333,2011,,0,,,,0,0,,0,,
HND_001133,2011,1,1,,,,1,0,,0,,
HND_005554,2011,1,1,,,,1,0,,0,,
HND_005077,2011,1,0,,,,1,0,,0,,
HND_016529,2011,1,1,,,,1,0,,1,,
HND_004635,2011,1,0,,,,1,0,,0,,
HND_001134,2011,1,1,,,,1,0,,0,,
HND_007001,2011,1,1,,,,1,0,,0,,
HND_016178,2011,,,,,,,0,,0,,
HND_013688,2011,,,,,,,0,,0,,
HND_015328,2011,,,,,,,0,,0,,
HND_010168,2011,1,1,,,,1,0,,0,,
HND_010004,2011,1,0,,,,1,0,,0,,
HND_006136,2011,1,1,,,,1,0,,0,,
HND_006048,2011,1,1,,,,1,0,,0,,
HND_001104,2011,1,1,,,,1,0,,0,,
HND_015797,2011,1,1,,,,1,0,,0,,
HND_009394,2011,1,1,,,,1,0,,0,,
HND_013712,2011,1,0,,,,1,0,,0,,
HND_009580,2011,1,1,,,,1,0,,0,,
HND_007920,2011,1,0,,,,1,0,,0,,
HND_006380,2011,1,1,,,,1,0,,0,,
HND_002753,2011,1,1,,,,1,0,,0,,
HND_002755,2011,1,1,,,,1,0,,0,,
HND_005806,2011,1,1,,,,1,0,,0,,
HND_003102,2011,1,1,,,,1,0,,0,,
HND_005815,2011,1,1,,,,1,0,,0,,
HND_013722,2011,,,,,,,0,,0,,
HND_012373,2011,,,,,,,0,,0,,
HND_003058,2011,,,,,,,0,,0,,
HND_001264,2011,,,,,,,0,,0,,
HND_005670,2011,,,,,,,0,,0,,
HND_016895,2011,,,,,,,0,,0,,
HND_007000,2011,1,1,,,,1,0,,0,,
HND_016278,2011,1,1,,,,1,0,,0,,
HND_015457,2011,1,1,,,,1,0,,0,,
HND_012963,2011,1,1,,,,1,0,,0,,
HND_009322,2011,1,0,,,,1,0,,0,,
HND_010611,2011,1,1,,,,1,0,,0,,
HND_015007,2011,1,1,,,,1,0,,0,,
HND_014353,2011,1,1,,,,1,0,,0,,
HND_014894,2011,1,1,,,,1,0,,0,,
HND_004227,2011,1,1,,,,1,0,,1,,
HND_005820,2011,1,0,,,,1,0,,0,,
HND_012487,2011,1,1,,,,1,0,,0,,
HND_008986,2011,1,1,,,,1,0,,0,,
HND_011918,2011,1,1,,,,1,0,,1,,
HND_010763,2011,1,1,,,,1,0,,0,,
HND_011970,2011,1,1,,,,1,0,,0,,
HND_002636,2011,1,1,,,,1,0,,0,,
HND_001552,2011,1,1,,,,1,0,,1,,
HND_009712,2011,1,1,,,,1,0,,0,,
HND_009705,2011,1,1,,,,1,0,,0,,
HND_008453,2011,1,1,,,,1,0,,0,,
HND_010762,2011,1,1,,,,1,0,,0,,
HND_003731,2011,1,1,,,,1,0,,1,,
HND_003112,2011,1,1,,,,1,0,,0,,
HND_006276,2011,1,1,,,,1,0,,1,,
HND_006310,2011,1,1,,,,1,0,,0,,
HND_009984,2011,1,1,,,,1,0,,0,,
HND_003134,2011,,,,,,,0,,0,,
HND_009981,2011,,,,,,,0,,0,,
HND_009098,2011,,,,,,,0,,0,,
HND_000954,2011,,,,,,,0,,0,,
HND_012314,2011,,,,,,,0,,0,,
HND_000599,2011,1,1,,,,1,0,,0,,
HND_012726,2011,1,1,,,,1,0,,0,,
HND_001964,2011,1,1,,,,1,0,,0,,
HND_006869,2011,1,1,,,,1,0,,0,,
HND_005566,2011,1,1,,,,1,0,,1,,
HND_003931,2011,0,0,,,,1,0,,0,,
HND_000742,2011,1,1,,,,1,0,,0,,
HND_007789,2011,1,1,,,,1,0,,1,,
HND_001801,2011,,,,,,,0,,0,,
HND_008847,2011,1,1,,,,0,0,,0,,
HND_013230,2011,1,1,,,,1,0,,0,,
HND_007418,2011,1,1,,,,1,0,,0,,
HND_010663,2011,1,0,,,,0,0,,0,,
HND_008857,2011,1,1,,,,0,0,,0,,
HND_008470,2011,1,1,,,,0,0,,0,,
HND_016802,2011,1,1,,,,1,0,,1,,
HND_015018,2011,1,0,,,,1,0,,0,,
HND_002548,2011,1,0,,,,0,0,,0,,
HND_002886,2011,0,0,,,,0,0,,0,,
HND_011769,2011,1,0,,,,1,0,,0,,
HND_007398,2011,1,1,,,,0,0,,0,,
HND_002546,2011,1,1,,,,0,0,,0,,
HND_011778,2011,1,0,,,,1,0,,0,,
HND_014902,2011,1,1,,,,0,0,,0,,
HND_008386,2011,1,1,,,,0,0,,0,,
HND_010913,2011,1,1,,,,0,0,,0,,
HND_005229,2011,1,1,,,,1,0,,0,,
HND_011028,2011,1,1,,,,0,0,,0,,
HND_005230,2011,0,0,,,,0,0,,0,,
HND_008412,2011,1,1,,,,0,0,,0,,
HND_003634,2011,1,1,,,,1,0,,0,,
HND_015758,2011,1,1,,,,1,0,,1,,
HND_008377,2011,1,1,,,,1,0,,1,,
HND_015195,2011,1,1,,,,1,0,,1,,
HND_002882,2011,1,1,,,,0,0,,0,,
HND_007383,2011,1,1,,,,1,0,,1,,
HND_005237,2011,1,1,,,,0,0,,0,,
HND_007097,2011,1,1,,,,1,0,,0,,
HND_005239,2011,1,1,,,,0,0,,0,,
HND_005240,2011,1,1,,,,1,0,,0,,
HND_015140,2011,1,1,,,,1,0,,0,,
HND_003703,2011,1,1,,,,1,0,,0,,
HND_013146,2011,1,1,,,,1,0,,0,,
HND_009836,2011,1,0,,,,0,0,,0,,
HND_015340,2011,1,1,,,,1,0,,1,,
HND_000726,2011,1,1,,,,0,0,,0,,
HND_014138,2011,0,0,,,,0,0,,0,,
HND_010041,2011,1,1,,,,1,0,,1,,
HND_016391,2011,1,0,,,,0,0,,0,,
HND_005227,2011,1,0,,,,0,0,,0,,
HND_008203,2011,1,0,,,,0,0,,0,,
HND_000841,2011,1,1,,,,1,0,,0,,
HND_007392,2011,1,0,,,,0,0,,0,,
HND_010040,2011,1,0,,,,1,0,,0,,
HND_005226,2011,1,1,,,,1,0,,1,,
HND_006370,2011,,0,,,,0,0,,0,,
HND_014224,2011,0,0,,,,0,0,,0,,
HND_010904,2011,0,0,,,,0,0,,0,,
HND_004711,2011,1,0,,,,0,0,,0,,
HND_004519,2011,1,1,,,,1,0,,1,,
HND_014256,2011,1,1,,,,0,0,,0,,
HND_011483,2011,1,1,,,,1,0,,1,,
HND_011527,2011,1,0,,,,1,0,,1,,
HND_008622,2011,1,1,,,,0,0,,0,,
HND_002511,2011,1,1,,,,0,0,,0,,
HND_005211,2011,1,1,,,,1,0,,0,,
HND_002734,2011,1,1,,,,0,0,,0,,
HND_007412,2011,1,0,,,,0,0,,0,,
HND_014928,2011,1,1,,,,1,0,,0,,
HND_008205,2011,1,1,,,,1,0,,0,,
HND_015264,2011,0,0,,,,1,0,,0,,
HND_002877,2011,1,1,,,,1,0,,1,,
HND_014178,2011,1,1,,,,1,0,,1,,
HND_005218,2011,1,1,,,,0,0,,0,,
HND_005219,2011,,0,,,,1,0,,0,,
HND_009747,2011,1,1,,,,1,0,,0,,
HND_005221,2011,1,1,,,,1,0,,0,,
HND_000791,2011,1,0,,,,1,0,,0,,
HND_010317,2011,1,1,,,,1,0,,0,,
HND_014784,2011,1,1,,,,0,0,,0,,
HND_011150,2011,1,1,,,,0,0,,0,,
HND_005225,2011,0,0,,,,0,0,,0,,
HND_013255,2011,1,1,,,,1,0,,1,,
HND_014039,2011,0,0,,,,1,0,,0,,
HND_004006,2011,1,0,,,,1,0,,0,,
HND_002494,2011,1,1,,,,0,0,,0,,
HND_015146,2011,0,0,,,,0,0,,0,,
HND_002496,2011,1,1,,,,1,0,,1,,
HND_002873,2011,1,1,,,,1,0,,0,,
HND_008755,2011,1,1,,,,1,0,,1,,
HND_013718,2011,1,1,,,,0,0,,0,,
HND_001160,2011,1,1,,,,0,0,,0,,
HND_011681,2011,1,0,,,,0,0,,0,,
HND_000869,2011,1,1,,,,0,0,,0,,
HND_000482,2011,1,1,,,,1,0,,0,,
HND_001752,2011,1,0,,,,0,0,,0,,
HND_009725,2011,,0,,,,0,0,,0,,
HND_004438,2011,1,1,,,,1,0,,0,,
HND_014120,2011,1,1,,,,1,0,,1,,
HND_007425,2011,1,0,,,,0,0,,0,,
HND_015930,2011,1,1,,,,1,1,,1,,
HND_016040,2011,1,1,,,,1,0,,0,,
HND_009735,2011,1,1,,,,1,0,,1,,
HND_013342,2011,1,0,,,,1,0,,0,,
HND_005281,2011,1,1,,,,0,0,,0,,
HND_000871,2011,1,0,,,,1,0,,1,,
HND_008091,2011,1,1,,,,1,0,,0,,
HND_007977,2011,1,1,,,,1,0,,1,,
HND_008103,2011,1,1,,,,1,0,,1,,
HND_014091,2011,1,0,,,,0,0,,0,,
HND_003823,2011,,0,,,,1,0,,0,,
HND_004051,2011,1,1,,,,1,0,,0,,
HND_000727,2011,1,1,,,,1,0,,0,,
HND_012896,2011,1,1,,,,0,0,,0,,
HND_008212,2011,0,0,,,,0,0,,0,,
HND_008213,2011,1,1,,,,1,0,,0,,
HND_008214,2011,1,1,,,,0,0,,0,,
HND_008353,2011,1,1,,,,1,0,,1,,
HND_001137,2011,1,1,,,,0,0,,0,,
HND_002474,2011,1,1,,,,1,0,,1,,
HND_012306,2011,1,1,,,,1,0,,1,,
HND_007502,2011,1,1,,,,1,0,,1,,
HND_005362,2011,1,0,,,,1,0,,1,,
HND_000087,2011,1,1,,,,1,0,,1,,
HND_013246,2011,1,1,,,,1,0,,1,,
HND_013782,2011,1,1,,,,1,0,,1,,
HND_014020,2011,1,0,,,,1,0,,1,,
HND_000229,2011,1,1,,,,1,0,,1,,
HND_016429,2011,1,0,,,,1,0,,1,,
HND_007511,2011,1,1,,,,1,0,,0,,
HND_010039,2011,1,0,,,,0,0,,0,,
HND_000870,2011,1,0,,,,0,0,,0,,
HND_002675,2011,,0,,,,0,0,,0,,
HND_012181,2011,1,1,,,,1,0,,0,,
HND_010886,2011,1,1,,,,1,1,,0,,
HND_009249,2011,1,1,,,,1,0,,0,,
HND_005969,2011,1,1,,,,1,0,,0,,
HND_004162,2011,1,1,,,,1,0,,1,,
HND_011322,2011,1,1,,,,1,0,,0,,
HND_009937,2011,1,1,,,,1,0,,0,,
HND_011570,2011,1,1,,,,1,0,,0,,
HND_000484,2011,1,1,,,,1,0,,0,,
HND_000874,2011,1,1,,,,1,0,,0,,
HND_015786,2011,1,1,,,,1,0,,0,,
HND_016283,2011,1,1,,,,1,0,,0,,
HND_010016,2011,1,0,,,,1,0,,0,,
HND_001318,2011,1,1,,,,1,0,,0,,
HND_008723,2011,1,1,,,,1,0,,0,,
HND_006195,2011,1,1,,,,1,0,,0,,
HND_002302,2011,1,1,,,,1,0,,0,,
HND_002303,2011,1,1,,,,1,0,,0,,
HND_007195,2011,1,0,,,,1,0,,0,,
HND_014090,2011,1,1,,,,0,0,,0,,
HND_011269,2011,1,1,,,,1,0,,0,,
HND_011268,2011,1,1,,,,0,0,,0,,
HND_005879,2011,1,1,,,,0,0,,0,,
HND_005869,2011,1,1,,,,1,0,,0,,
HND_002432,2011,1,1,,,,1,0,,0,,
HND_012801,2011,1,1,,,,1,0,,0,,
HND_016801,2011,1,1,,,,1,0,,0,,
HND_007461,2011,1,1,,,,1,0,,1,,
HND_012387,2011,1,1,,,,1,0,,1,,
HND_016778,2011,1,1,,,,1,0,,1,,
HND_006579,2011,,,,,,,0,,0,,
HND_006603,2011,1,1,,,,0,0,,0,,
HND_006584,2011,1,1,,,,1,0,,1,,
HND_002301,2011,0,0,,,,0,0,,0,,
HND_013548,2011,1,1,,,,1,0,,0,,
HND_009953,2011,1,1,,,,0,0,,0,,
HND_006551,2011,1,0,,,,1,0,,0,,
HND_013755,2011,1,1,,,,1,0,,0,,
HND_005402,2011,1,0,,,,0,0,,0,,
HND_006587,2011,1,1,,,,0,0,,0,,
HND_006610,2011,1,1,,,,1,0,,0,,
HND_015563,2011,1,0,,,,1,0,,0,,
HND_006957,2011,,,,,,,0,,0,,
HND_006554,2011,1,1,,,,0,0,,0,,
HND_006581,2011,1,1,,,,1,0,,0,,
HND_006575,2011,1,0,,,,1,0,,0,,
HND_006571,2011,1,0,,,,0,0,,0,,
HND_006576,2011,1,0,,,,0,0,,0,,
HND_006588,2011,1,0,,,,0,0,,0,,
HND_009558,2011,1,1,,,,1,0,,0,,
HND_006541,2011,1,1,,,,1,0,,0,,
HND_007493,2011,1,1,,,,1,0,,0,,
HND_002121,2011,1,1,,,,1,0,,1,,
HND_006598,2011,1,1,,,,1,0,,0,,
HND_006567,2011,1,1,,,,0,0,,0,,
HND_015931,2011,0,0,,,,1,0,,0,,
HND_002457,2011,1,1,,,,0,0,,0,,
HND_008754,2011,1,0,,,,1,0,,0,,
HND_009679,2011,1,0,,,,0,0,,0,,
HND_009350,2011,,,,,,,0,,0,,
HND_010515,2011,,,,,,,0,,0,,
HND_016507,2011,,,,,,,0,,0,,
HND_002507,2011,,,,,,,0,,0,,
HND_012304,2011,,,,,,,0,,0,,
HND_005785,2011,,,,,,,0,,0,,
HND_015752,2011,,,,,,,0,,0,,
HND_005766,2011,,,,,,,0,,0,,
HND_013663,2011,,,,,,,0,,0,,
HND_010196,2011,,,,,,,0,,0,,
HND_013807,2011,1,1,,,,1,0,,0,,
HND_015438,2011,1,1,,,,1,0,,0,,
HND_009184,2011,1,1,,,,1,0,,0,,
HND_015699,2011,0,0,,,,0,0,,0,,
HND_015071,2011,1,1,,,,1,0,,0,,
HND_000485,2011,1,1,,,,1,0,,0,,
HND_015649,2011,0,0,,,,0,0,,0,,
HND_005928,2011,1,0,,,,1,0,,0,,
HND_012510,2011,,,,,,,0,,0,,
HND_000916,2011,,,,,,,0,,0,,
HND_004731,2011,,,,,,,0,,0,,
HND_012143,2011,,,,,,,0,,0,,
HND_006024,2011,,,,,,,0,,0,,
HND_003323,2011,,,,,,,0,,0,,
HND_014471,2011,,,,,,,0,,0,,
HND_012419,2011,,,,,,,0,,0,,
HND_003382,2011,,,,,,,0,,0,,
HND_002201,2011,,,,,,,0,,0,,
HND_012296,2011,,,,,,,0,,0,,
HND_016167,2011,,,,,,,0,,0,,
HND_000464,2011,1,1,,,,1,0,,1,,
HND_006851,2011,,,,,,,0,,0,,
HND_007017,2011,,,,,,,0,,0,,
HND_006268,2011,1,1,,,,1,0,,1,,
HND_007393,2011,1,1,,,,0,0,,0,,
HND_011814,2011,0,0,,,,0,0,,0,,
HND_002500,2011,,0,,,,1,0,,0,,
HND_011780,2011,1,0,,,,1,0,,0,,
HND_004799,2011,,0,,,,0,0,,0,,
HND_008393,2011,1,1,,,,0,0,,0,,
HND_008577,2011,1,1,,,,1,0,,0,,
HND_015715,2011,1,1,,,,1,0,,0,,
HND_001044,2011,1,1,,,,0,0,,0,,
HND_013224,2011,1,1,,,,0,0,,0,,
HND_004766,2011,1,1,,,,1,0,,0,,
HND_008581,2011,1,1,,,,0,0,,0,,
HND_007387,2011,1,0,,,,1,0,,0,,
HND_000547,2011,1,1,,,,0,0,,0,,
HND_005830,2011,1,0,,,,0,0,,0,,
HND_003696,2011,0,0,,,,1,0,,0,,
HND_016029,2011,1,0,,,,0,0,,0,,
HND_004797,2011,1,1,,,,0,0,,0,,
HND_013107,2011,1,1,,,,0,0,,0,,
HND_007386,2011,1,1,,,,1,0,,0,,
HND_008729,2011,1,1,,,,1,0,,0,,
HND_002865,2011,1,1,,,,1,0,,0,,
HND_007382,2011,1,0,,,,0,0,,0,,
HND_007093,2011,1,1,,,,0,0,,0,,
HND_001023,2011,1,1,,,,1,0,,0,,
HND_016006,2011,1,0,,,,0,0,,0,,
HND_001275,2011,0,0,,,,0,0,,0,,
HND_002862,2011,1,1,,,,0,0,,0,,
HND_001276,2011,1,1,,,,0,0,,0,,
HND_003531,2011,1,1,,,,0,0,,0,,
HND_005907,2011,1,1,,,,1,0,,0,,
HND_009850,2011,1,1,,,,0,0,,0,,
HND_000868,2011,1,0,,,,0,0,,0,,
HND_002162,2011,1,1,,,,1,0,,0,,
HND_006785,2011,1,1,,,,0,0,,0,,
HND_004502,2011,1,1,,,,1,0,,0,,
HND_015647,2011,1,0,,,,0,0,,0,,
HND_004498,2011,1,0,,,,1,0,,0,,
HND_002060,2011,,,,,,,0,,0,,
HND_012414,2011,1,1,,,,0,0,,0,,
HND_006831,2011,1,1,,,,1,0,,0,,
HND_011777,2011,1,1,,,,1,0,,0,,
HND_004486,2011,1,0,,,,1,0,,0,,
HND_013356,2011,1,0,,,,0,0,,0,,
HND_004764,2011,1,1,,,,0,0,,0,,
HND_008657,2011,0,0,,,,0,0,,0,,
HND_009771,2011,1,1,,,,1,0,,0,,
HND_008434,2011,1,1,,,,0,0,,0,,
HND_002859,2011,1,1,,,,1,0,,0,,
HND_007396,2011,1,1,,,,1,0,,0,,
HND_013228,2011,1,1,,,,1,0,,0,,
HND_008728,2011,1,1,,,,1,0,,1,,
HND_004769,2011,1,1,,,,1,0,,1,,
HND_012898,2011,1,1,,,,0,0,,0,,
HND_016746,2011,1,1,,,,0,0,,0,,
HND_009002,2011,1,1,,,,0,0,,0,,
HND_008199,2011,1,0,,,,0,0,,0,,
HND_011767,2011,1,0,,,,0,0,,0,,
HND_004761,2011,1,0,,,,0,0,,0,,
HND_000818,2011,1,1,,,,0,0,,0,,
HND_004660,2011,1,1,,,,0,0,,0,,
HND_014869,2011,1,0,,,,0,0,,0,,
HND_000848,2011,,0,,,,0,0,,0,,
HND_008487,2011,0,0,,,,0,0,,0,,
HND_014857,2011,1,0,,,,1,0,,0,,
HND_014729,2011,1,1,,,,0,0,,0,,
HND_008193,2011,1,0,,,,0,0,,0,,
HND_014735,2011,1,1,,,,0,0,,0,,
HND_000776,2011,1,1,,,,0,0,,0,,
HND_014196,2011,1,1,,,,0,0,,0,,
HND_007415,2011,1,0,,,,1,0,,0,,
HND_010677,2011,1,1,,,,1,0,,0,,
HND_007414,2011,1,1,,,,0,0,,0,,
HND_007411,2011,,0,,,,0,0,,0,,
HND_004256,2011,0,0,,,,0,0,,0,,
HND_008197,2011,1,1,,,,0,0,,0,,
HND_010916,2011,1,0,,,,1,0,,0,,
HND_009068,2011,1,1,,,,1,0,,0,,
HND_003640,2011,1,1,,,,0,0,,0,,
HND_008102,2011,1,1,,,,0,0,,0,,
HND_000873,2011,1,1,,,,1,0,,0,,
HND_014226,2011,1,1,,,,0,0,,0,,
HND_013535,2011,0,0,,,,0,0,,0,,
HND_009260,2011,1,0,,,,0,0,,0,,
HND_015919,2011,0,0,,,,1,0,,0,,
HND_011686,2011,1,1,,,,0,0,,0,,
HND_011443,2011,1,1,,,,0,0,,0,,
HND_002995,2011,1,1,,,,1,0,,0,,
HND_015871,2011,1,1,,,,0,0,,0,,
HND_011765,2011,1,1,,,,1,0,,1,,
HND_005472,2011,1,1,,,,0,0,,0,,
HND_016384,2011,1,0,,,,0,0,,0,,
HND_005997,2011,1,0,,,,0,0,,0,,
HND_014615,2011,1,1,,,,1,0,,0,,
HND_008656,2011,1,1,,,,1,0,,0,,
HND_015338,2011,1,1,,,,0,0,,0,,
HND_011160,2011,1,1,,,,1,0,,0,,
HND_012494,2011,1,1,,,,1,0,,0,,
HND_004727,2011,1,1,,,,0,0,,0,,
HND_013854,2011,1,0,,,,1,1,,1,,
HND_006559,2011,1,1,,,,0,0,,0,,
HND_013574,2011,1,1,,,,0,0,,0,,
HND_006617,2011,1,1,,,,0,0,,0,,
HND_007178,2011,,0,,,,0,0,,0,,
HND_006544,2011,1,1,,,,0,0,,0,,
HND_006537,2011,1,1,,,,0,0,,0,,
HND_003898,2011,0,0,,,,0,0,,0,,
HND_010281,2011,1,1,,,,1,0,,0,,
HND_011293,2011,0,0,,,,0,0,,0,,
HND_007179,2011,,,,,,,0,,0,,
HND_006552,2011,1,1,,,,0,0,,0,,
HND_006590,2011,,0,,,,0,0,,0,,
HND_006555,2011,1,0,,,,0,0,,0,,
HND_010769,2011,1,1,,,,0,0,,0,,
HND_006947,2011,0,0,,,,1,0,,0,,
HND_007181,2011,,,,,,,0,,0,,
HND_007180,2011,,,,,,,0,,0,,
HND_007182,2011,,,,,,,0,,0,,
HND_013553,2011,1,1,,,,0,0,,0,,
HND_006335,2011,1,1,,,,0,0,,0,,
HND_009140,2011,,,,,,,0,,0,,
HND_003782,2011,,,,,,,0,,0,,
HND_002429,2011,0,0,,,,1,0,,0,,
HND_009266,2011,,,,,,,0,,0,,
HND_016744,2011,,,,,,,0,,0,,
HND_003111,2011,1,1,,,,0,0,,0,,
HND_013447,2011,1,0,,,,0,0,,0,,
HND_014434,2011,,0,,,,0,0,,0,,
HND_010768,2011,,,,,,,0,,0,,
HND_013485,2011,1,1,,,,1,0,,1,,
HND_000816,2011,1,1,,,,1,0,,0,,
HND_008459,2011,1,1,,,,1,0,,0,,
HND_009080,2011,0,0,,,,1,0,,0,,
HND_002855,2011,1,1,,,,1,0,,0,,
HND_013250,2011,1,0,,,,0,0,,0,,
HND_004944,2011,1,1,,,,1,0,,0,,
HND_009787,2011,1,0,,,,0,0,,0,,
HND_010828,2011,1,1,,,,1,0,,0,,
HND_011491,2011,1,1,,,,1,0,,0,,
HND_013706,2011,1,1,,,,1,0,,0,,
HND_002041,2011,1,1,,,,1,0,,0,,
HND_007212,2011,1,1,,,,1,0,,1,,
HND_012187,2011,1,1,,,,1,0,,0,,
HND_007052,2011,1,1,,,,1,0,,0,,
HND_010043,2011,1,0,,,,1,0,,0,,
HND_015035,2011,1,1,,,,1,0,,1,,
HND_004268,2011,1,0,,,,1,0,,0,,
HND_008405,2011,1,1,,,,0,0,,0,,
HND_011024,2011,1,1,,,,1,0,,0,,
HND_002852,2011,1,1,,,,0,0,,0,,
HND_004929,2011,1,0,,,,1,0,,0,,
HND_015644,2011,1,1,,,,1,0,,0,,
HND_000003,2011,1,0,,,,0,0,,0,,
HND_002889,2011,1,1,,,,1,0,,0,,
HND_008422,2011,1,1,,,,1,0,,1,,
HND_004910,2011,1,1,,,,1,0,,0,,
HND_014865,2011,0,0,,,,0,0,,0,,
HND_011048,2011,1,1,,,,1,0,,0,,
HND_011759,2011,1,1,,,,0,0,,0,,
HND_008417,2011,1,1,,,,1,0,,1,,
HND_004913,2011,1,1,,,,0,0,,0,,
HND_007342,2011,1,1,,,,1,0,,0,,
HND_010974,2011,1,1,,,,0,0,,0,,
HND_007341,2011,1,0,,,,0,0,,0,,
HND_008575,2011,,0,,,,1,0,,0,,
HND_010629,2011,1,1,,,,1,0,,0,,
HND_014262,2011,1,1,,,,1,0,,0,,
HND_007338,2011,1,0,,,,1,0,,0,,
HND_014260,2011,1,1,,,,1,0,,0,,
HND_007336,2011,1,1,,,,0,0,,0,,
HND_004921,2011,1,0,,,,0,0,,0,,
HND_009054,2011,1,1,,,,0,0,,0,,
HND_011503,2011,0,0,,,,1,0,,0,,
HND_005831,2011,1,1,,,,0,0,,0,,
HND_014979,2011,1,1,,,,0,0,,0,,
HND_011884,2011,1,1,,,,1,0,,0,,
HND_004923,2011,1,1,,,,1,0,,0,,
HND_002149,2011,1,1,,,,0,0,,0,,
HND_009939,2011,1,1,,,,0,0,,0,,
HND_007335,2011,1,0,,,,1,0,,0,,
HND_004548,2011,0,0,,,,0,0,,0,,
HND_009006,2011,1,0,,,,0,0,,0,,
HND_005989,2011,,0,,,,0,0,,0,,
HND_008565,2011,1,1,,,,1,0,,1,,
HND_010614,2011,1,0,,,,0,0,,0,,
HND_012610,2011,1,1,,,,1,0,,0,,
HND_010313,2011,1,1,,,,0,0,,0,,
HND_011237,2011,1,1,,,,1,0,,0,,
HND_010311,2011,1,1,,,,1,0,,0,,
HND_013752,2011,1,1,,,,1,0,,0,,
HND_013766,2011,1,1,,,,0,0,,0,,
HND_006103,2011,1,0,,,,0,0,,0,,
HND_013761,2011,1,1,,,,1,0,,0,,
HND_013745,2011,1,1,,,,0,0,,0,,
HND_006582,2011,1,1,,,,1,0,,0,,
HND_006615,2011,1,1,,,,1,0,,0,,
HND_016243,2011,,,,,,,0,,0,,
HND_006586,2011,1,1,,,,0,0,,0,,
HND_006949,2011,,,,,,,0,,0,,
HND_006946,2011,,,,,,,0,,0,,
HND_016597,2011,,,,,,,0,,0,,
HND_004991,2011,1,1,,,,0,0,,0,,
HND_013700,2011,,,,,,,0,,0,,
HND_009967,2011,,,,,,,0,,0,,
HND_010312,2011,,,,,,,0,,0,,
HND_004549,2011,0,0,,,,1,0,,1,,
HND_012256,2011,1,1,,,,1,0,,1,,
HND_006780,2011,,,,,,,0,,0,,
HND_009592,2011,,,,,,,0,,0,,
HND_006832,2011,1,1,,,,1,0,,0,,
HND_006830,2011,1,1,,,,1,0,,0,,
HND_008028,2011,1,1,,,,0,0,,0,,
HND_015751,2011,1,0,,,,0,0,,0,,
HND_009053,2011,1,0,,,,0,0,,0,,
HND_008738,2011,1,1,,,,0,0,,0,,
HND_012826,2011,1,0,,,,0,0,,0,,
HND_002072,2011,1,1,,,,1,0,,1,,
HND_013788,2011,0,0,,,,0,0,,0,,
HND_008884,2011,1,1,,,,0,0,,0,,
HND_013229,2011,,0,,,,1,0,,1,,
HND_001391,2011,0,0,,,,0,0,,0,,
HND_000297,2011,1,1,,,,1,0,,0,,
HND_001897,2011,0,0,,,,0,0,,0,,
HND_005863,2011,,0,,,,0,0,,0,,
HND_008616,2011,1,0,,,,1,0,,0,,
HND_004958,2011,1,1,,,,0,0,,0,,
HND_004959,2011,1,0,,,,0,0,,0,,
HND_011226,2011,1,0,,,,0,0,,0,,
HND_013461,2011,1,0,,,,1,0,,0,,
HND_011776,2011,1,1,,,,1,0,,0,,
HND_013733,2011,1,1,,,,1,0,,1,,
HND_009654,2011,1,1,,,,1,0,,0,,
HND_011775,2011,1,0,,,,0,0,,0,,
HND_003158,2011,1,0,,,,0,0,,0,,
HND_012368,2011,1,0,,,,0,0,,0,,
HND_012895,2011,1,1,,,,1,0,,0,,
HND_001139,2011,1,0,,,,0,0,,0,,
HND_013953,2011,1,0,,,,0,0,,0,,
HND_008954,2011,0,0,,,,0,0,,0,,
HND_016388,2011,1,1,,,,1,0,,1,,
HND_007359,2011,1,1,,,,1,0,,1,,
HND_010908,2011,0,0,,,,0,0,,0,,
HND_008448,2011,1,0,,,,0,0,,0,,
HND_015517,2011,1,0,,,,0,0,,0,,
HND_000872,2011,1,0,,,,0,0,,0,,
HND_011173,2011,1,1,,,,1,0,,1,,
HND_011682,2011,1,0,,,,0,0,,0,,
HND_014656,2011,1,0,,,,0,0,,0,,
HND_003464,2011,1,1,,,,0,0,,0,,
HND_013462,2011,0,0,,,,0,0,,0,,
HND_013896,2011,1,1,,,,0,0,,0,,
HND_007769,2011,1,0,,,,1,0,,0,,
HND_003162,2011,1,1,,,,0,0,,0,,
HND_011288,2011,1,1,,,,0,0,,0,,
HND_016804,2011,1,1,,,,0,0,,0,,
HND_015529,2011,0,0,,,,0,0,,0,,
HND_008748,2011,1,0,,,,0,0,,0,,
HND_015915,2011,1,0,,,,0,0,,0,,
HND_012897,2011,1,0,,,,0,0,,0,,
HND_008096,2011,0,0,,,,1,0,,0,,
HND_001998,2011,1,1,,,,0,0,,0,,
HND_012045,2011,1,0,,,,0,0,,0,,
HND_001236,2011,1,1,,,,1,0,,0,,
HND_005588,2011,1,1,,,,1,0,,0,,
HND_011550,2011,1,0,,,,0,0,,0,,
HND_008747,2011,1,1,,,,1,0,,0,,
HND_011229,2011,1,1,,,,0,0,,0,,
HND_008063,2011,1,1,,,,1,0,,0,,
HND_003581,2011,1,0,,,,1,0,,1,,
HND_006593,2011,,0,,,,0,0,,0,,
HND_006604,2011,,0,,,,1,0,,0,,
HND_003130,2011,1,1,,,,1,0,,0,,
HND_009012,2011,1,0,,,,0,0,,0,,
HND_006557,2011,1,0,,,,0,0,,0,,
HND_009118,2011,1,0,,,,1,0,,0,,
HND_006578,2011,1,0,,,,1,0,,0,,
HND_006553,2011,1,1,,,,0,0,,0,,
HND_006563,2011,1,0,,,,0,0,,0,,
HND_006611,2011,,0,,,,0,0,,0,,
HND_013569,2011,1,0,,,,0,0,,0,,
HND_006194,2011,1,0,,,,0,0,,0,,
HND_002381,2011,,,,,,,0,,0,,
HND_004691,2011,0,0,,,,0,0,,0,,
HND_009959,2011,1,1,,,,0,0,,0,,
HND_003176,2011,1,0,,,,0,0,,0,,
HND_009139,2011,,,,,,,0,,0,,
HND_012588,2011,,,,,,,0,,0,,
HND_007983,2011,,,,,,,0,,0,,
HND_002832,2011,,,,,,,0,,0,,
HND_011145,2011,,,,,,,0,,0,,
HND_010320,2011,,,,,,,0,,0,,
HND_002567,2011,,,,,,,0,,0,,
HND_000712,2011,1,0,,,,0,0,,0,,
HND_004314,2011,,,,,,,0,,0,,
HND_002363,2011,,0,,,,0,0,,0,,
HND_004279,2011,,,,,,,0,,0,,
HND_000483,2011,1,0,,,,1,0,,0,,
HND_007471,2011,,,,,,,0,,0,,
HND_006689,2011,,,,,,,0,,0,,
HND_006784,2011,1,0,,,,0,0,,0,,
HND_006810,2011,1,1,,,,1,0,,0,,
HND_004319,2011,,0,,,,1,0,,0,,
HND_006855,2011,1,1,,,,1,0,,0,,
HND_011003,2011,1,0,,,,1,0,,1,,
HND_001710,2011,1,1,,,,1,0,,1,,
HND_001712,2011,1,1,,,,1,0,,1,,
HND_013338,2011,1,1,,,,1,0,,0,,
HND_009671,2011,1,1,,,,0,0,,0,,
HND_000882,2011,1,0,,,,1,0,,0,,
HND_008724,2011,1,1,,,,1,0,,0,,
HND_007489,2011,1,1,,,,1,0,,1,,
HND_011507,2011,0,0,,,,0,0,,0,,
HND_014351,2011,1,1,,,,1,0,,0,,
HND_010061,2011,1,1,,,,0,0,,0,,
HND_011965,2011,1,0,,,,0,0,,0,,
HND_013877,2011,1,0,,,,0,0,,0,,
HND_005735,2011,1,1,,,,1,0,,1,,
HND_000089,2011,1,1,,,,1,0,,0,,
HND_005525,2011,0,0,,,,0,0,,0,,
HND_014336,2011,1,1,,,,0,0,,0,,
HND_002904,2011,1,1,,,,1,0,,0,,
HND_014810,2011,1,1,,,,1,0,,0,,
HND_010093,2011,1,1,,,,1,0,,0,,
HND_014812,2011,1,1,,,,1,0,,0,,
HND_001883,2011,1,1,,,,1,0,,0,,
HND_007507,2011,1,1,,,,1,0,,0,,
HND_002912,2011,1,0,,,,0,0,,0,,
HND_004832,2011,1,1,,,,1,0,,1,,
HND_004854,2011,0,0,,,,0,0,,0,,
HND_002913,2011,1,0,,,,1,0,,0,,
HND_004829,2011,1,1,,,,1,0,,0,,
HND_004808,2011,1,1,,,,1,0,,0,,
HND_011674,2011,1,1,,,,1,0,,1,,
HND_013015,2011,1,1,,,,1,0,,1,,
HND_016394,2011,1,0,,,,1,0,,1,,
HND_001711,2011,1,1,,,,1,0,,1,,
HND_004717,2011,1,0,,,,1,0,,1,,
HND_011989,2011,1,0,,,,0,0,,0,,
HND_005883,2011,1,1,,,,1,0,,0,,
HND_007974,2011,1,1,,,,1,0,,1,,
HND_016395,2011,1,1,,,,1,0,,1,,
HND_001062,2011,1,1,,,,1,0,,1,,
HND_014781,2011,1,0,,,,1,0,,0,,
HND_009178,2011,1,0,,,,1,0,,0,,
HND_009156,2011,1,1,,,,1,0,,0,,
HND_006927,2011,0,0,,,,1,0,,0,,
HND_013774,2011,1,1,,,,1,0,,0,,
HND_007768,2011,1,1,,,,1,0,,0,,
HND_005400,2011,1,1,,,,1,0,,0,,
HND_006806,2011,1,1,,,,1,0,,0,,
HND_005399,2011,1,1,,,,1,0,,0,,
HND_005397,2011,1,1,,,,1,0,,0,,
HND_005404,2011,1,1,,,,1,0,,0,,
HND_007837,2011,1,1,,,,1,0,,0,,
HND_015392,2011,1,1,,,,0,0,,0,,
HND_006792,2011,1,0,,,,0,0,,0,,
HND_009177,2011,1,1,,,,1,0,,0,,
HND_006597,2011,1,1,,,,0,0,,0,,
HND_006565,2011,1,1,,,,1,0,,0,,
HND_006601,2011,1,1,,,,1,0,,0,,
HND_005403,2011,1,1,,,,0,0,,0,,
HND_013737,2011,1,1,,,,1,0,,0,,
HND_006265,2011,1,1,,,,1,0,,1,,
HND_008088,2011,1,1,,,,1,0,,1,,
HND_002141,2011,,,,,,,0,,0,,
HND_003004,2011,,,,,,,0,,0,,
HND_010878,2011,,,,,,,0,,0,,
HND_004171,2011,,,,,,,0,,0,,
HND_016526,2011,0,0,,,,0,0,,0,,
HND_007975,2011,1,0,,,,1,0,,0,,
HND_008090,2011,1,1,,,,1,0,,0,,
HND_014387,2011,,,,,,,0,,0,,
HND_006137,2011,,,,,,,0,,0,,
HND_013477,2011,1,1,,,,1,0,,1,,
HND_004857,2011,,0,,,,0,0,,0,,
HND_004883,2011,1,1,,,,1,0,,0,,
HND_009815,2011,1,1,,,,1,0,,0,,
HND_016564,2011,1,0,,,,0,0,,0,,
HND_016025,2011,1,1,,,,0,0,,0,,
HND_014971,2011,1,0,,,,1,0,,0,,
HND_014328,2011,1,0,,,,0,0,,0,,
HND_009855,2011,1,1,,,,1,0,,0,,
HND_008187,2011,0,0,,,,1,0,,0,,
HND_012172,2011,1,1,,,,1,0,,0,,
HND_010679,2011,1,1,,,,1,0,,0,,
HND_014065,2011,1,0,,,,0,0,,0,,
HND_009757,2011,0,0,,,,0,0,,0,,
HND_002490,2011,0,0,,,,0,0,,0,,
HND_009738,2011,1,0,,,,0,0,,0,,
HND_012956,2011,1,1,,,,1,0,,0,,
HND_014978,2011,,0,,,,0,0,,0,,
HND_014129,2011,1,1,,,,1,0,,1,,
HND_012257,2011,1,1,,,,1,0,,0,,
HND_004283,2011,,,,,,,0,,0,,
HND_014860,2011,1,1,,,,1,0,,1,,
HND_008261,2011,1,1,,,,1,0,,0,,
HND_002888,2011,1,0,,,,1,0,,0,,
HND_002822,2011,1,1,,,,0,0,,1,,
HND_009797,2011,1,1,,,,0,0,,0,,
HND_004891,2011,1,1,,,,1,0,,0,,
HND_004892,2011,1,1,,,,1,0,,1,,
HND_000062,2011,1,1,,,,1,0,,0,,
HND_011959,2011,1,1,,,,1,0,,1,,
HND_005747,2011,1,1,,,,1,0,,0,,
HND_003388,2011,1,1,,,,1,0,,0,,
HND_007424,2011,1,0,,,,1,0,,0,,
HND_007445,2011,1,0,,,,1,0,,0,,
HND_004896,2011,1,0,,,,1,0,,0,,
HND_014067,2011,1,1,,,,0,0,,1,,
HND_000009,2011,1,1,,,,1,0,,1,,
HND_004898,2011,1,1,,,,1,0,,0,,
HND_016543,2011,1,1,,,,1,0,,0,,
HND_009870,2011,1,1,,,,1,0,,0,,
HND_016033,2011,1,1,,,,1,0,,0,,
HND_011560,2011,1,1,,,,1,0,,0,,
HND_008886,2011,1,1,,,,1,0,,1,,
HND_015060,2011,1,0,,,,1,0,,0,,
HND_004145,2011,1,1,,,,0,0,,0,,
HND_004404,2011,1,0,,,,0,0,,0,,
HND_001237,2011,1,1,,,,0,0,,0,,
HND_008123,2011,1,0,,,,0,0,,0,,
HND_002163,2011,1,0,,,,1,0,,0,,
HND_004903,2011,1,1,,,,0,0,,0,,
HND_000300,2011,1,0,,,,0,1,,0,,
HND_013805,2011,1,0,,,,1,0,,0,,
HND_002764,2011,1,1,,,,1,0,,0,,
HND_013875,2011,1,1,,,,1,0,,0,,
HND_002300,2011,1,1,,,,1,0,,0,,
HND_006110,2011,1,1,,,,1,0,,0,,
HND_016361,2011,1,1,,,,1,0,,0,,
HND_003728,2011,1,1,,,,1,0,,0,,
HND_007848,2011,1,0,,,,1,0,,0,,
HND_006354,2011,1,1,,,,1,0,,1,,
HND_006272,2011,1,1,,,,1,0,,1,,
HND_014667,2011,1,0,,,,0,0,,0,,
HND_012796,2011,1,1,,,,1,0,,0,,
HND_006542,2011,1,1,,,,1,0,,0,,
HND_006809,2011,1,1,,,,1,0,,0,,
HND_003832,2011,1,1,,,,0,0,,0,,
HND_005646,2011,,,,,,,0,,0,,
HND_011183,2011,,,,,,,0,,0,,
HND_006218,2011,,,,,,,0,,0,,
HND_015424,2011,1,1,,,,0,0,,0,,
HND_014474,2011,,,,,,,0,,0,,
HND_016106,2011,,,,,,,0,,0,,
HND_005716,2011,,,,,,,0,,0,,
HND_009473,2011,,,,,,,0,,0,,
HND_013130,2011,,,,,,,0,,0,,
HND_005532,2011,,,,,,,0,,0,,
HND_007294,2011,,,,,,,0,,0,,
HND_003695,2011,1,1,,,,1,0,,0,,
HND_016002,2011,1,1,,,,1,0,,0,,
HND_010610,2011,1,1,,,,1,0,,1,,
HND_014396,2011,1,0,,,,1,0,,0,,
HND_013353,2011,1,1,,,,1,0,,0,,
HND_003847,2011,1,1,,,,1,0,,0,,
HND_008515,2011,1,0,,,,1,0,,0,,
HND_016041,2011,0,0,,,,0,0,,0,,
HND_008516,2011,,0,,,,1,0,,0,,
HND_007454,2011,1,1,,,,1,0,,0,,
HND_007452,2011,1,1,,,,1,0,,1,,
HND_004873,2011,1,1,,,,0,0,,0,,
HND_002772,2011,1,1,,,,1,0,,0,,
HND_009812,2011,1,1,,,,1,0,,0,,
HND_004875,2011,1,1,,,,1,0,,0,,
HND_013245,2011,1,1,,,,1,0,,0,,
HND_013127,2011,1,1,,,,0,0,,0,,
HND_016005,2011,1,1,,,,1,0,,0,,
HND_011404,2011,1,1,,,,1,0,,0,,
HND_014395,2011,1,1,,,,1,0,,0,,
HND_009822,2011,1,1,,,,1,0,,0,,
HND_008042,2011,1,1,,,,1,0,,0,,
HND_014023,2011,1,1,,,,1,0,,0,,
HND_000109,2011,1,1,,,,1,0,,0,,
HND_004874,2011,1,0,,,,0,0,,0,,
HND_002765,2011,1,1,,,,1,0,,0,,
HND_007106,2011,1,1,,,,1,0,,0,,
HND_011770,2011,1,0,,,,1,0,,0,,
HND_016004,2011,1,1,,,,0,0,,0,,
HND_003867,2011,1,1,,,,0,0,,0,,
HND_001014,2011,1,0,,,,1,0,,0,,
HND_000771,2011,1,1,,,,1,0,,1,,
HND_009947,2011,1,1,,,,1,0,,1,,
HND_007110,2011,1,1,,,,0,0,,0,,
HND_016003,2011,1,1,,,,0,0,,0,,
HND_000108,2011,0,0,,,,0,0,,0,,
HND_016879,2011,1,1,,,,1,0,,0,,
HND_015691,2011,1,1,,,,1,0,,0,,
HND_015933,2011,1,1,,,,1,0,,0,,
HND_006260,2011,1,1,,,,1,0,,1,,
HND_006538,2011,1,1,,,,1,0,,0,,
HND_004405,2011,0,0,,,,0,0,,0,,
HND_006211,2011,1,1,,,,1,0,,0,,
HND_001022,2011,1,0,,,,0,0,,0,,
HND_011272,2011,1,1,,,,0,0,,0,,
HND_008253,2011,1,1,,,,1,0,,0,,
HND_008252,2011,1,1,,,,0,0,,0,,
HND_014472,2011,,,,,,,0,,0,,
HND_015961,2011,1,1,,,,0,0,,0,,
HND_014521,2011,,,,,,,0,,0,,
HND_016539,2011,,,,,,,0,,0,,
HND_005544,2011,,,,,,,0,,0,,
HND_004309,2011,,,,,,,0,,0,,
HND_011933,2011,,,,,,,0,,0,,
HND_012453,2011,1,1,,,,0,0,,0,,
HND_002804,2011,,,,,,,0,,0,,
HND_003329,2011,1,1,,,,1,0,,0,,
HND_004856,2011,1,1,,,,1,0,,0,,
HND_007448,2011,1,1,,,,0,0,,0,,
HND_004619,2011,1,1,,,,1,0,,0,,
HND_011148,2011,1,1,,,,1,0,,1,,
HND_011961,2011,1,1,,,,1,0,,0,,
HND_015798,2011,1,1,,,,1,0,,0,,
HND_004822,2011,1,1,,,,1,0,,0,,
HND_008832,2011,1,1,,,,1,0,,0,,
HND_016753,2011,1,1,,,,0,0,,0,,
HND_008569,2011,1,1,,,,1,0,,0,,
HND_010978,2011,1,1,,,,1,0,,0,,
HND_015587,2011,1,1,,,,0,0,,0,,
HND_016027,2011,1,1,,,,1,0,,0,,
HND_016023,2011,1,0,,,,0,0,,0,,
HND_003071,2011,1,1,,,,1,0,,0,,
HND_015692,2011,1,1,,,,0,0,,0,,
HND_004853,2011,1,1,,,,0,0,,0,,
HND_004852,2011,1,1,,,,1,0,,0,,
HND_009834,2011,1,1,,,,1,0,,1,,
HND_007784,2011,1,1,,,,0,0,,0,,
HND_010657,2011,1,1,,,,1,0,,1,,
HND_003070,2011,1,1,,,,0,0,,0,,
HND_009843,2011,1,1,,,,0,0,,0,,
HND_008568,2011,1,1,,,,1,0,,0,,
HND_004847,2011,1,1,,,,0,0,,0,,
HND_014984,2011,1,1,,,,0,0,,0,,
HND_015661,2011,1,0,,,,0,0,,0,,
HND_015768,2011,1,1,,,,1,0,,0,,
HND_002807,2011,1,1,,,,0,0,,0,,
HND_008609,2011,1,1,,,,1,0,,0,,
HND_004843,2011,1,1,,,,0,0,,0,,
HND_011779,2011,1,1,,,,1,0,,0,,
HND_015820,2011,1,1,,,,0,0,,0,,
HND_004620,2011,1,1,,,,1,0,,0,,
HND_016046,2011,1,1,,,,0,0,,0,,
HND_014861,2011,1,1,,,,0,0,,0,,
HND_015740,2011,1,1,,,,0,0,,0,,
HND_008785,2011,1,1,,,,0,0,,0,,
HND_000005,2011,1,1,,,,0,0,,0,,
HND_007432,2011,1,1,,,,0,0,,0,,
HND_010241,2011,1,1,,,,0,0,,0,,
HND_009385,2011,1,1,,,,0,0,,0,,
HND_010662,2011,0,0,,,,1,0,,0,,
HND_007434,2011,1,1,,,,0,0,,0,,
HND_000004,2011,1,0,,,,0,0,,0,,
HND_009763,2011,1,1,,,,0,0,,0,,
HND_005881,2011,1,1,,,,1,0,,0,,
HND_008234,2011,1,1,,,,1,0,,0,,
HND_015794,2011,1,1,,,,0,0,,0,,
HND_015735,2011,1,1,,,,1,0,,0,,
HND_004835,2011,1,1,,,,1,0,,0,,
HND_012051,2011,1,1,,,,0,0,,0,,
HND_007438,2011,1,1,,,,1,0,,0,,
HND_007439,2011,1,1,,,,0,0,,0,,
HND_011720,2011,1,1,,,,1,0,,0,,
HND_007786,2011,1,1,,,,1,0,,0,,
HND_014987,2011,1,1,,,,0,0,,0,,
HND_012025,2011,1,1,,,,1,0,,1,,
HND_005882,2011,1,1,,,,0,0,,0,,
HND_006829,2011,1,1,,,,1,0,,0,,
HND_001569,2011,1,1,,,,1,0,,0,,
HND_001757,2011,1,1,,,,1,0,,0,,
HND_001272,2011,1,1,,,,1,0,,0,,
HND_004208,2011,1,1,,,,0,0,,0,,
HND_001474,2011,1,1,,,,1,0,,0,,
HND_016312,2011,1,0,,,,1,0,,1,,
HND_013624,2011,1,1,,,,1,0,,0,,
HND_013692,2011,1,1,,,,0,0,,0,,
HND_010250,2011,1,0,,,,0,0,,0,,
HND_006834,2011,1,1,,,,0,0,,0,,
HND_003065,2011,1,0,,,,0,0,,0,,
HND_012026,2011,1,1,,,,1,0,,0,,
HND_008783,2011,1,1,,,,1,0,,0,,
HND_006802,2011,,,,,,,0,,0,,
HND_009371,2011,,,,,,,0,,0,,
HND_016900,2011,0,0,,,,1,0,,0,,
HND_010510,2011,,,,,,,0,,0,,
HND_010540,2011,1,0,,,,1,0,,0,,
HND_004985,2011,1,1,,,,0,0,,0,,
HND_010545,2011,1,1,,,,1,0,,1,,
HND_000097,2011,1,1,,,,0,0,,0,,
HND_010926,2011,1,0,,,,0,0,,0,,
HND_002790,2011,1,1,,,,0,0,,0,,
HND_000117,2011,1,1,,,,0,0,,0,,
HND_014940,2011,1,1,,,,1,0,,0,,
HND_007157,2011,1,1,,,,0,0,,0,,
HND_001018,2011,1,0,,,,0,0,,0,,
HND_005880,2011,1,1,,,,1,0,,0,,
HND_016478,2011,1,1,,,,1,0,,0,,
HND_006945,2011,1,1,,,,1,0,,0,,
HND_008621,2011,1,1,,,,1,0,,1,,
HND_010624,2011,1,0,,,,1,0,,0,,
HND_001179,2011,1,1,,,,1,0,,0,,
HND_010915,2011,1,1,,,,0,0,,0,,
HND_008811,2011,1,1,,,,1,0,,0,,
HND_016035,2011,1,1,,,,1,0,,0,,
HND_008023,2011,1,1,,,,0,0,,0,,
HND_003954,2011,0,0,,,,0,0,,0,,
HND_007481,2011,1,1,,,,1,0,,0,,
HND_003683,2011,1,1,,,,1,0,,0,,
HND_001255,2011,1,1,,,,1,0,,0,,
HND_011310,2011,1,1,,,,1,0,,0,,
HND_003854,2011,1,0,,,,0,0,,0,,
HND_001706,2011,1,1,,,,1,0,,0,,
HND_014326,2011,1,1,,,,0,0,,0,,
HND_010642,2011,1,1,,,,0,0,,0,,
HND_003993,2011,0,0,,,,0,0,,0,,
HND_014331,2011,1,0,,,,0,0,,0,,
HND_009639,2011,1,0,,,,0,0,,0,,
HND_015725,2011,1,1,,,,1,0,,0,,
HND_007361,2011,1,0,,,,1,0,,0,,
HND_002782,2011,0,0,,,,1,0,,0,,
HND_015444,2011,0,0,,,,0,0,,0,,
HND_012844,2011,1,1,,,,1,0,,0,,
HND_015443,2011,,,,,,,0,,0,,
HND_008002,2011,,,,,,,0,,0,,
HND_009208,2011,,,,,,,0,,0,,
HND_001931,2011,,,,,,,0,,0,,
HND_014203,2011,1,1,,,,1,0,,0,,
HND_015030,2011,1,1,,,,1,1,,1,,
HND_014832,2011,1,1,,,,1,0,,0,,
HND_014843,2011,1,0,,,,0,0,,0,,
HND_002797,2011,,0,,,,1,0,,1,,
HND_004732,2011,1,1,,,,0,0,,0,,
HND_016575,2011,0,0,,,,0,0,,0,,
HND_009656,2011,0,0,,,,0,0,,0,,
HND_000838,2011,,0,,,,0,0,,0,,
HND_016031,2011,1,1,,,,0,0,,0,,
HND_007337,2011,1,0,,,,1,0,,0,,
HND_002799,2011,1,0,,,,0,0,,0,,
HND_010640,2011,1,1,,,,0,0,,0,,
HND_008582,2011,1,1,,,,0,0,,0,,
HND_004736,2011,1,1,,,,1,0,,0,,
HND_016745,2011,1,1,,,,1,0,,1,,
HND_002209,2011,1,1,,,,1,0,,1,,
HND_014770,2011,1,1,,,,1,0,,1,,
HND_013254,2011,1,0,,,,0,0,,0,,
HND_009044,2011,1,1,,,,0,0,,0,,
HND_006040,2011,1,1,,,,1,0,,0,,
HND_002519,2011,1,0,,,,0,0,,0,,
HND_004753,2011,1,0,,,,0,0,,0,,
HND_002517,2011,1,1,,,,0,0,,0,,
HND_004754,2011,1,1,,,,1,0,,1,,
HND_000526,2011,1,1,,,,0,0,,0,,
HND_007349,2011,1,1,,,,0,0,,0,,
HND_004130,2011,1,1,,,,1,0,,0,,
HND_014250,2011,1,1,,,,0,0,,0,,
HND_008184,2011,1,1,,,,0,0,,0,,
HND_000006,2011,1,0,,,,1,0,,0,,
HND_000008,2011,1,1,,,,0,0,,0,,
HND_007353,2011,,0,,,,0,0,,0,,
HND_004774,2011,0,0,,,,0,0,,0,,
HND_016436,2011,1,1,,,,1,0,,0,,
HND_005812,2011,1,1,,,,0,0,,0,,
HND_015026,2011,,0,,,,0,0,,0,,
HND_006241,2011,1,1,,,,1,0,,1,,
HND_004246,2011,1,1,,,,0,0,,0,,
HND_006346,2011,1,0,,,,1,0,,0,,
HND_015631,2011,1,0,,,,0,0,,0,,
HND_012259,2011,0,0,,,,0,0,,0,,
HND_005642,2011,0,0,,,,0,0,,0,,
HND_011545,2011,1,1,,,,1,0,,0,,
HND_012357,2011,1,1,,,,1,0,,0,,
HND_006031,2011,1,1,,,,1,0,,0,,
HND_012254,2011,1,1,,,,0,0,,0,,
HND_007232,2011,1,1,,,,1,0,,0,,
HND_006789,2011,0,0,,,,1,0,,0,,
HND_003056,2011,1,1,,,,0,0,,0,,
HND_006605,2011,1,1,,,,0,0,,0,,
HND_005643,2011,1,1,,,,0,0,,0,,
HND_002221,2011,,,,,,,0,,0,,
HND_013684,2011,1,1,,,,0,0,,0,,
HND_014124,2011,1,0,,,,0,0,,0,,
HND_014347,2011,1,1,,,,0,0,,1,,
HND_010790,2011,1,1,,,,1,0,,0,,
HND_004784,2011,1,1,,,,1,0,,1,,
HND_007388,2011,1,1,,,,1,0,,0,,
HND_008596,2011,1,1,,,,1,0,,1,,
HND_000815,2011,1,1,,,,1,0,,1,,
HND_013458,2011,1,1,,,,1,0,,0,,
HND_000007,2011,1,0,,,,1,0,,0,,
HND_014599,2011,1,1,,,,1,0,,0,,
HND_001061,2011,1,1,,,,1,0,,0,,
HND_004629,2011,1,0,,,,1,0,,0,,
HND_006948,2011,1,1,,,,1,0,,0,,
HND_014563,2011,1,1,,,,1,0,,0,,
HND_006592,2011,1,0,,,,1,0,,0,,
HND_010865,2011,1,1,,,,1,0,,0,,
HND_014598,2011,1,1,,,,1,0,,0,,
HND_011540,2011,1,1,,,,1,0,,0,,
HND_010373,2011,1,1,,,,1,0,,0,,
HND_014181,2011,1,1,,,,0,0,,0,,
HND_008844,2011,1,1,,,,1,0,,1,,
HND_004261,2011,1,1,,,,0,0,,0,,
HND_008504,2011,1,1,,,,1,0,,1,,
HND_001369,2011,1,1,,,,0,0,,0,,
HND_013360,2011,1,1,,,,0,0,,0,,
HND_009104,2011,1,1,,,,0,0,,0,,
HND_012166,2011,1,1,,,,1,0,,0,,
HND_000805,2011,1,1,,,,0,0,,0,,
HND_009352,2011,1,1,,,,1,0,,1,,
HND_000214,2011,1,1,,,,0,0,,0,,
HND_014155,2011,1,1,,,,1,0,,1,,
HND_000088,2011,1,1,,,,0,0,,0,,
HND_001866,2011,1,1,,,,0,0,,0,,
HND_015282,2011,,0,,,,1,0,,0,,
HND_004740,2011,1,1,,,,0,0,,0,,
HND_014939,2011,1,1,,,,0,0,,0,,
HND_004366,2011,1,1,,,,0,0,,0,,
HND_008031,2011,1,1,,,,0,0,,0,,
HND_008920,2011,1,1,,,,0,0,,0,,
HND_003652,2011,1,1,,,,1,0,,0,,
HND_012137,2011,1,1,,,,1,0,,0,,
HND_010570,2011,1,1,,,,0,0,,0,,
HND_007747,2011,1,1,,,,1,0,,0,,
HND_016229,2011,1,1,,,,0,0,,0,,
HND_003184,2011,1,1,,,,1,0,,1,,
HND_004098,2011,1,1,,,,0,0,,0,,
HND_004107,2011,1,1,,,,0,0,,0,,
HND_012133,2011,1,1,,,,0,0,,0,,
HND_006242,2011,1,1,,,,1,0,,1,,
HND_011722,2011,1,1,,,,0,0,,0,,
HND_014537,2011,1,1,,,,0,0,,0,,
HND_004613,2011,1,1,,,,0,0,,0,,
HND_001717,2011,1,1,,,,1,0,,0,,
HND_010158,2011,1,1,,,,0,0,,0,,
HND_016220,2011,,,,,,,0,,0,,
HND_001798,2011,,,,,,,0,,0,,
HND_001450,2011,1,1,,,,1,0,,0,,
HND_012286,2011,,,,,,,0,,0,,
HND_012127,2011,,,,,,,0,,0,,
HND_014870,2011,1,1,,,,1,0,,0,,
HND_004735,2011,1,1,,,,1,0,,0,,
HND_004718,2011,1,1,,,,1,0,,0,,
HND_004222,2011,1,0,,,,0,0,,0,,
HND_002771,2011,1,1,,,,1,0,,0,,
HND_007731,2011,1,1,,,,1,0,,0,,
HND_005005,2011,1,1,,,,0,0,,0,,
HND_009702,2011,1,0,,,,0,0,,0,,
HND_000840,2011,1,1,,,,1,0,,0,,
HND_010954,2011,1,1,,,,0,0,,0,,
HND_013493,2011,0,0,,,,0,0,,0,,
HND_008919,2011,1,0,,,,1,0,,0,,
HND_010961,2011,1,0,,,,0,0,,0,,
HND_013494,2011,1,0,,,,0,0,,0,,
HND_000823,2011,1,0,,,,1,0,,0,,
HND_005255,2011,1,1,,,,0,0,,0,,
HND_007696,2011,1,0,,,,0,0,,0,,
HND_014421,2011,1,1,,,,0,0,,0,,
HND_009078,2011,1,0,,,,0,0,,0,,
HND_012978,2011,1,0,,,,0,0,,0,,
HND_010164,2011,0,0,,,,0,0,,0,,
HND_007014,2011,,,,,,,0,,0,,
HND_007048,2011,1,1,,,,1,0,,0,,
HND_007033,2011,0,0,,,,0,0,,0,,
HND_000099,2011,1,0,,,,0,0,,0,,
HND_011705,2011,1,0,,,,1,0,,0,,
HND_003507,2011,1,0,,,,0,0,,0,,
HND_010155,2011,1,0,,,,0,0,,0,,
HND_000100,2011,1,1,,,,0,0,,0,,
HND_005932,2011,1,1,,,,0,0,,0,,
HND_009066,2011,1,0,,,,0,0,,0,,
HND_001219,2011,1,1,,,,1,0,,0,,
HND_007688,2011,1,1,,,,1,0,,1,,
HND_002531,2011,1,0,,,,0,0,,0,,
HND_014104,2011,1,1,,,,1,0,,0,,
HND_009381,2011,1,1,,,,1,0,,0,,
HND_004286,2011,,,,,,,0,,0,,
HND_012636,2011,,,,,,,0,,0,,
HND_005535,2011,,,,,,,0,,0,,
HND_005971,2011,,,,,,,0,,0,,
HND_005271,2011,1,1,,,,0,0,,0,,
HND_013205,2011,1,0,,,,1,0,,0,,
HND_001379,2011,1,1,,,,0,0,,0,,
HND_008850,2011,1,1,,,,1,0,,0,,
HND_010965,2011,,0,,,,0,0,,0,,
HND_009808,2011,1,1,,,,1,0,,0,,
HND_007939,2011,1,1,,,,1,0,,0,,
HND_011904,2011,1,1,,,,1,0,,1,,
HND_005212,2011,1,1,,,,0,0,,0,,
HND_015270,2011,0,0,,,,0,0,,0,,
HND_000831,2011,1,0,,,,0,0,,0,,
HND_010333,2011,1,1,,,,0,0,,0,,
HND_008882,2011,1,1,,,,1,0,,1,,
HND_008340,2011,1,0,,,,0,0,,0,,
HND_013512,2011,1,1,,,,1,0,,0,,
HND_009073,2011,1,1,,,,0,0,,0,,
HND_009074,2011,,0,,,,1,0,,1,,
HND_005242,2011,1,1,,,,0,0,,0,,
HND_001374,2011,1,0,,,,0,0,,0,,
HND_005460,2011,1,1,,,,0,0,,0,,
HND_005238,2011,1,1,,,,1,0,,0,,
HND_008485,2011,1,1,,,,1,0,,0,,
HND_007728,2011,1,1,,,,0,0,,0,,
HND_008869,2011,1,1,,,,0,0,,0,,
HND_002821,2011,1,1,,,,0,0,,0,,
HND_007727,2011,0,0,,,,1,0,,0,,
HND_005562,2011,1,1,,,,1,0,,1,,
HND_013433,2011,1,1,,,,1,0,,0,,
HND_014634,2011,1,1,,,,1,0,,1,,
HND_009842,2011,1,1,,,,1,0,,0,,
HND_000829,2011,1,1,,,,0,0,,0,,
HND_009072,2011,1,1,,,,1,0,,0,,
HND_014900,2011,1,1,,,,0,0,,0,,
HND_005313,2011,1,1,,,,1,0,,0,,
HND_013914,2011,1,1,,,,1,0,,0,,
HND_008493,2011,1,1,,,,1,0,,0,,
HND_000843,2011,1,1,,,,1,0,,0,,
HND_014235,2011,0,0,,,,0,0,,0,,
HND_007732,2011,1,1,,,,1,0,,0,,
HND_008851,2011,1,1,,,,0,0,,0,,
HND_007705,2011,1,1,,,,0,0,,0,,
HND_014237,2011,1,1,,,,0,0,,0,,
HND_008155,2011,0,0,,,,0,0,,0,,
HND_013407,2011,1,1,,,,0,0,,0,,
HND_010386,2011,1,1,,,,0,0,,0,,
HND_002508,2011,1,1,,,,0,0,,0,,
HND_011282,2011,1,1,,,,1,1,,1,,
HND_010919,2011,1,1,,,,0,0,,0,,
HND_007709,2011,1,0,,,,0,0,,0,,
HND_008168,2011,1,1,,,,1,0,,0,,
HND_014241,2011,1,1,,,,1,0,,0,,
HND_014103,2011,1,0,,,,0,0,,0,,
HND_001381,2011,1,1,,,,1,0,,1,,
HND_007714,2011,1,1,,,,0,0,,0,,
HND_000777,2011,1,1,,,,1,0,,0,,
HND_010840,2011,1,0,,,,1,0,,0,,
HND_007716,2011,1,1,,,,0,0,,0,,
HND_002897,2011,1,1,,,,1,0,,1,,
HND_004350,2011,1,1,,,,1,0,,0,,
HND_014903,2011,1,1,,,,1,0,,0,,
HND_014127,2011,1,0,,,,0,0,,0,,
HND_000111,2011,0,0,,,,1,0,,0,,
HND_004361,2011,0,0,,,,0,0,,0,,
HND_008842,2011,1,0,,,,1,0,,0,,
HND_007719,2011,1,1,,,,1,0,,1,,
HND_015316,2011,1,1,,,,1,0,,1,,
HND_007721,2011,1,0,,,,0,0,,0,,
HND_010319,2011,1,1,,,,1,0,,1,,
HND_002915,2011,1,1,,,,0,0,,0,,
HND_002914,2011,1,1,,,,1,0,,0,,
HND_000652,2011,,0,,,,0,0,,0,,
HND_005060,2011,1,1,,,,0,0,,0,,
HND_016050,2011,1,1,,,,1,0,,0,,
HND_013879,2011,1,1,,,,0,0,,0,,
HND_013886,2011,0,0,,,,0,0,,0,,
HND_010203,2011,1,1,,,,0,0,,0,,
HND_005098,2011,1,1,,,,1,0,,1,,
HND_001865,2011,1,0,,,,1,0,,0,,
HND_011050,2011,1,0,,,,1,0,,0,,
HND_005095,2011,1,1,,,,1,0,,1,,
HND_001365,2011,1,1,,,,1,0,,0,,
HND_014776,2011,1,1,,,,1,0,,1,,
HND_010372,2011,1,1,,,,1,0,,0,,
HND_007726,2011,1,1,,,,1,0,,0,,
HND_013870,2011,1,1,,,,1,0,,1,,
HND_002005,2011,1,1,,,,1,0,,1,,
HND_011015,2011,1,1,,,,0,0,,0,,
HND_003440,2011,1,1,,,,1,0,,1,,
HND_014989,2011,1,1,,,,1,0,,1,,
HND_011017,2011,1,0,,,,0,0,,0,,
HND_015286,2011,1,1,,,,0,0,,0,,
HND_015285,2011,1,1,,,,0,0,,0,,
HND_010699,2011,,0,,,,0,0,,0,,
HND_007701,2011,1,1,,,,1,0,,0,,
HND_013431,2011,1,1,,,,1,0,,0,,
HND_016397,2011,1,1,,,,1,0,,0,,
HND_015602,2011,1,1,,,,1,0,,0,,
HND_007673,2011,1,1,,,,1,0,,0,,
HND_007257,2011,1,0,,,,1,0,,1,,
HND_005027,2011,1,1,,,,1,0,,0,,
HND_005025,2011,1,1,,,,1,0,,0,,
HND_005024,2011,1,1,,,,1,0,,0,,
HND_005019,2011,1,1,,,,1,0,,0,,
HND_010363,2011,1,1,,,,1,0,,1,,
HND_001858,2011,1,1,,,,1,0,,0,,
HND_008465,2011,1,1,,,,1,0,,1,,
HND_010361,2011,1,1,,,,1,0,,0,,
HND_000833,2011,1,1,,,,0,0,,0,,
HND_013199,2011,1,1,,,,0,0,,0,,
HND_014271,2011,1,1,,,,1,0,,1,,
HND_008466,2011,1,1,,,,1,0,,0,,
HND_013187,2011,1,1,,,,1,0,,1,,
HND_009023,2011,1,1,,,,1,0,,0,,
HND_002315,2011,1,0,,,,0,0,,0,,
HND_001364,2011,1,1,,,,1,0,,0,,
HND_008801,2011,1,1,,,,1,0,,0,,
HND_008165,2011,1,1,,,,1,0,,1,,
HND_008456,2011,1,1,,,,1,0,,1,,
HND_012701,2011,1,1,,,,1,0,,0,,
HND_000666,2011,1,1,,,,0,0,,0,,
HND_014261,2011,1,1,,,,1,0,,0,,
HND_010262,2011,1,1,,,,1,0,,0,,
HND_008441,2011,1,1,,,,1,0,,0,,
HND_010633,2011,1,1,,,,1,0,,0,,
HND_010377,2011,1,1,,,,0,0,,0,,
HND_009400,2011,1,1,,,,1,0,,0,,
HND_005043,2011,1,1,,,,1,0,,1,,
HND_014621,2011,1,1,,,,0,0,,0,,
HND_004263,2011,1,1,,,,1,0,,0,,
HND_014853,2011,1,1,,,,0,0,,0,,
HND_009883,2011,1,1,,,,0,0,,0,,
HND_002829,2011,1,1,,,,1,0,,0,,
HND_011051,2011,0,0,,,,0,0,,0,,
HND_013193,2011,1,1,,,,0,0,,0,,
HND_005036,2011,1,1,,,,1,0,,0,,
HND_005105,2011,1,1,,,,0,0,,0,,
HND_011911,2011,1,1,,,,1,0,,1,,
HND_015278,2011,1,1,,,,1,0,,0,,
HND_015277,2011,0,0,,,,0,0,,0,,
HND_010316,2011,,0,,,,0,0,,0,,
HND_015889,2011,1,1,,,,1,0,,0,,
HND_012985,2011,1,1,,,,1,0,,0,,
HND_013210,2011,1,1,,,,0,0,,0,,
HND_005442,2011,1,1,,,,0,0,,0,,
HND_015894,2011,1,1,,,,0,0,,0,,
HND_015273,2011,1,1,,,,0,0,,0,,
HND_016331,2011,0,0,,,,0,0,,0,,
HND_007140,2011,1,1,,,,1,0,,0,,
HND_014649,2011,1,1,,,,1,0,,0,,
HND_014796,2011,1,1,,,,0,0,,0,,
HND_005158,2011,1,1,,,,0,0,,0,,
HND_005678,2011,1,0,,,,0,0,,0,,
HND_011415,2011,1,1,,,,1,0,,1,,
HND_009904,2011,1,1,,,,1,0,,0,,
HND_013136,2011,1,0,,,,0,0,,0,,
HND_016852,2011,1,1,,,,1,0,,0,,
HND_015561,2011,1,0,,,,0,0,,0,,
HND_008984,2011,,0,,,,0,0,,0,,
HND_008780,2011,1,1,,,,1,0,,0,,
HND_002142,2011,1,1,,,,0,0,,0,,
HND_008131,2011,1,0,,,,0,0,,0,,
HND_015888,2011,,0,,,,0,0,,0,,
HND_007271,2011,1,0,,,,0,0,,0,,
HND_015141,2011,1,1,,,,1,0,,0,,
HND_013138,2011,1,1,,,,0,0,,0,,
HND_010700,2011,1,1,,,,1,0,,1,,
HND_005194,2011,1,1,,,,1,0,,0,,
HND_014212,2011,1,1,,,,0,0,,0,,
HND_004217,2011,1,1,,,,0,0,,0,,
HND_000232,2011,1,0,,,,0,0,,0,,
HND_007758,2011,1,1,,,,1,0,,0,,
HND_000129,2011,1,1,,,,0,0,,0,,
HND_002867,2011,1,1,,,,0,0,,0,,
HND_001894,2011,1,1,,,,1,0,,0,,
HND_009791,2011,1,1,,,,0,0,,0,,
HND_005346,2011,1,0,,,,1,0,,0,,
HND_004363,2011,1,1,,,,1,0,,0,,
HND_009047,2011,1,1,,,,0,0,,0,,
HND_000682,2011,1,0,,,,0,0,,0,,
HND_009017,2011,1,1,,,,1,0,,1,,
HND_000789,2011,1,1,,,,0,0,,0,,
HND_010834,2011,1,1,,,,0,0,,0,,
HND_008913,2011,1,1,,,,0,0,,0,,
HND_002451,2011,1,1,,,,1,0,,0,,
HND_002863,2011,1,0,,,,0,0,,0,,
HND_007733,2011,1,1,,,,1,0,,0,,
HND_001999,2011,1,1,,,,1,0,,0,,
HND_014863,2011,0,0,,,,0,0,,0,,
HND_002000,2011,1,1,,,,1,0,,0,,
HND_002002,2011,1,1,,,,0,0,,0,,
HND_010412,2011,1,1,,,,0,0,,0,,
HND_002370,2011,1,1,,,,1,0,,0,,
HND_005118,2011,1,1,,,,1,0,,0,,
HND_002143,2011,0,0,,,,0,0,,0,,
HND_016071,2011,1,1,,,,0,0,,0,,
HND_000157,2011,,0,,,,0,0,,0,,
HND_009496,2011,1,1,,,,0,0,,0,,
HND_010409,2011,1,1,,,,0,0,,0,,
HND_012969,2011,1,1,,,,0,0,,0,,
HND_010134,2011,1,1,,,,0,0,,0,,
HND_001366,2011,0,0,,,,0,0,,0,,
HND_000326,2011,,0,,,,0,0,,0,,
HND_005113,2011,1,1,,,,0,0,,0,,
HND_010343,2011,1,1,,,,0,0,,0,,
HND_009392,2011,0,0,,,,0,0,,0,,
HND_013037,2011,1,0,,,,1,0,,0,,
HND_006347,2011,1,0,,,,0,0,,0,,
HND_010329,2011,1,1,,,,0,0,,0,,
HND_001992,2011,1,1,,,,0,0,,0,,
HND_006132,2011,1,1,,,,0,0,,0,,
HND_002637,2011,0,0,,,,0,0,,0,,
HND_010201,2011,1,1,,,,0,0,,0,,
HND_014848,2011,1,1,,,,0,0,,0,,
HND_011417,2011,1,1,,,,0,0,,0,,
HND_002856,2011,1,1,,,,0,0,,0,,
HND_011157,2011,1,0,,,,0,0,,0,,
HND_006353,2011,1,1,,,,1,0,,0,,
HND_012830,2011,1,1,,,,0,0,,0,,
HND_016069,2011,1,1,,,,0,0,,0,,
HND_013769,2011,1,1,,,,0,0,,0,,
HND_013768,2011,,0,,,,0,0,,0,,
HND_014304,2011,1,1,,,,1,0,,0,,
HND_011159,2011,1,1,,,,1,0,,0,,
HND_015279,2011,1,1,,,,1,0,,0,,
HND_006996,2011,1,1,,,,1,0,,0,,
HND_003737,2011,1,1,,,,1,0,,0,,
HND_015113,2011,1,1,,,,1,0,,0,,
HND_015094,2011,1,1,,,,1,0,,0,,
HND_016710,2011,1,1,,,,1,0,,0,,
HND_005903,2011,1,0,,,,0,0,,0,,
HND_010516,2011,1,1,,,,1,0,,0,,
HND_002638,2011,1,1,,,,1,0,,0,,
HND_014802,2011,1,1,,,,0,0,,0,,
HND_001452,2011,1,1,,,,0,0,,0,,
HND_016877,2011,1,1,,,,1,0,,0,,
HND_010498,2011,1,1,,,,1,0,,0,,
HND_009560,2011,1,1,,,,0,0,,0,,
HND_016873,2011,1,1,,,,1,0,,1,,
HND_001608,2011,1,1,,,,1,0,,0,,
HND_002386,2011,1,1,,,,1,0,,0,,
HND_001550,2011,1,1,,,,1,0,,0,,
HND_010514,2011,1,1,,,,1,0,,1,,
HND_001936,2011,1,0,,,,1,0,,0,,
HND_013161,2011,1,1,,,,1,0,,1,,
HND_002679,2011,1,1,,,,1,0,,0,,
HND_006139,2011,1,1,,,,1,0,,1,,
HND_006262,2011,1,1,,,,1,0,,1,,
HND_012386,2011,1,0,,,,1,1,,1,,
HND_016717,2011,1,1,,,,1,0,,0,,
HND_007009,2011,1,1,,,,1,0,,0,,
HND_007036,2011,1,1,,,,1,0,,0,,
HND_007021,2011,1,1,,,,0,0,,0,,
HND_002707,2011,1,1,,,,1,0,,0,,
HND_000879,2011,1,1,,,,1,0,,0,,
HND_005675,2011,,0,,,,0,0,,0,,
HND_005693,2011,1,0,,,,0,0,,0,,
HND_002603,2011,1,0,,,,0,0,,0,,
HND_007058,2011,1,1,,,,1,0,,0,,
HND_015880,2011,1,1,,,,1,0,,0,,
HND_005526,2011,1,1,,,,0,0,,0,,
HND_000081,2011,1,1,,,,0,0,,0,,
HND_001979,2011,0,0,,,,0,0,,0,,
HND_003244,2011,1,1,,,,1,0,,0,,
HND_005672,2011,1,1,,,,1,0,,0,,
HND_002129,2011,1,1,,,,1,0,,0,,
HND_009662,2011,1,0,,,,0,0,,0,,
HND_002713,2011,1,1,,,,0,0,,0,,
HND_007027,2011,1,1,,,,1,0,,0,,
HND_003476,2011,,,,,,,0,,0,,
HND_003866,2011,1,1,,,,0,0,,0,,
HND_003845,2011,1,1,,,,1,0,,0,,
HND_003857,2011,1,1,,,,1,0,,0,,
HND_007035,2011,,0,,,,1,0,,0,,
HND_014673,2011,1,1,,,,1,0,,0,,
HND_009667,2011,1,1,,,,0,0,,0,,
HND_011109,2011,1,1,,,,1,0,,0,,
HND_002225,2011,1,1,,,,1,0,,1,,
HND_014125,2011,1,1,,,,1,0,,0,,
HND_002631,2011,1,1,,,,1,0,,0,,
HND_014417,2011,1,1,,,,1,0,,0,,
HND_016230,2011,1,1,,,,1,0,,0,,
HND_009462,2011,,0,,,,0,0,,0,,
HND_008065,2011,,0,,,,0,0,,0,,
HND_008781,2011,1,1,,,,1,0,,0,,
HND_008279,2011,0,0,,,,0,0,,0,,
HND_014816,2011,1,0,,,,0,0,,0,,
HND_005135,2011,1,1,,,,0,0,,0,,
HND_008934,2011,1,0,,,,0,0,,0,,
HND_005131,2011,1,1,,,,0,0,,1,,
HND_014808,2011,1,1,,,,0,0,,0,,
HND_014959,2011,0,0,,,,0,0,,0,,
HND_005762,2011,1,1,,,,1,0,,1,,
HND_008639,2011,0,0,,,,0,0,,0,,
HND_012837,2011,1,1,,,,0,0,,0,,
HND_008098,2011,0,0,,,,0,0,,0,,
HND_007305,2011,1,1,,,,0,0,,0,,
HND_013866,2011,1,1,,,,0,0,,0,,
HND_014674,2011,1,1,,,,1,0,,0,,
HND_009247,2011,1,1,,,,0,0,,0,,
HND_004513,2011,1,1,,,,1,0,,0,,
HND_006285,2011,1,0,,,,1,0,,1,,
HND_013741,2011,1,1,,,,0,0,,0,,
HND_012621,2011,1,1,,,,0,0,,0,,
HND_006939,2011,1,1,,,,0,0,,0,,
HND_000832,2011,1,1,,,,1,0,,0,,
HND_009438,2011,1,1,,,,0,0,,0,,
HND_007559,2011,1,1,,,,0,0,,0,,
HND_008779,2011,1,1,,,,1,0,,0,,
HND_007558,2011,1,1,,,,0,0,,0,,
HND_002858,2011,1,1,,,,0,0,,0,,
HND_005984,2011,1,1,,,,0,0,,0,,
HND_003492,2011,1,1,,,,1,0,,0,,
HND_001332,2011,1,1,,,,0,0,,0,,
HND_005202,2011,1,1,,,,0,0,,0,,
HND_015086,2011,1,1,,,,0,0,,0,,
HND_011455,2011,,0,,,,1,0,,0,,
HND_007556,2011,1,0,,,,1,0,,0,,
HND_008265,2011,1,1,,,,0,0,,0,,
HND_008255,2011,1,0,,,,0,0,,0,,
HND_007572,2011,1,0,,,,1,0,,0,,
HND_014479,2011,1,1,,,,0,0,,0,,
HND_016247,2011,1,1,,,,1,0,,0,,
HND_008350,2011,1,1,,,,1,0,,0,,
HND_008259,2011,1,1,,,,0,0,,0,,
HND_001996,2011,1,0,,,,1,0,,0,,
HND_015343,2011,1,1,,,,0,0,,0,,
HND_012206,2011,1,1,,,,0,0,,0,,
HND_015142,2011,,0,,,,0,0,,0,,
HND_010309,2011,,0,,,,0,0,,0,,
HND_005028,2011,,0,,,,0,0,,0,,
HND_014324,2011,1,1,,,,0,0,,0,,
HND_008718,2011,1,1,,,,0,0,,0,,
HND_003425,2011,1,1,,,,0,0,,0,,
HND_015882,2011,,0,,,,0,0,,0,,
HND_003240,2011,,,,,,,0,,0,,
HND_004294,2011,,,,,,,0,,0,,
HND_016145,2011,,,,,,,0,,0,,
HND_005517,2011,,,,,,,0,,0,,
HND_013094,2011,,,,,,,0,,0,,
HND_010400,2011,1,1,,,,0,0,,0,,
HND_014009,2011,1,1,,,,0,0,,0,,
HND_008238,2011,,,,,,,0,,0,,
HND_000850,2011,,,,,,,0,,0,,
HND_003623,2011,,,,,,,0,,0,,
HND_000587,2011,,,,,,,0,,0,,
HND_004325,2011,,,,,,,0,,0,,
HND_007237,2011,,,,,,,0,,0,,
HND_001113,2011,,,,,,,0,,0,,
HND_005543,2011,,,,,,,0,,0,,
HND_000383,2011,,,,,,,0,,0,,
HND_006340,2011,,,,,,,0,,0,,
HND_002423,2011,,,,,,,0,,0,,
HND_001493,2011,,,,,,,0,,0,,
HND_001794,2011,,,,,,,0,,0,,
HND_001721,2011,,,,,,,0,,0,,
HND_011944,2011,,,,,,,0,,0,,
HND_015987,2011,,,,,,,0,,0,,
HND_004311,2011,,,,,,,0,,0,,
HND_012715,2011,,,,,,,0,,0,,
HND_003417,2011,1,0,,,,0,0,,0,,
HND_016305,2011,0,0,,,,0,0,,0,,
HND_015983,2011,,,,,,,0,,0,,
HND_011440,2011,,,,,,,0,,0,,
HND_007767,2011,1,1,,,,0,0,,0,,
HND_014296,2011,1,1,,,,0,0,,0,,
HND_015283,2011,1,1,,,,1,0,,1,,
HND_014168,2011,,0,,,,0,0,,0,,
HND_011044,2011,1,1,,,,0,0,,0,,
HND_007529,2011,1,1,,,,0,0,,0,,
HND_003339,2011,1,1,,,,0,0,,0,,
HND_011038,2011,1,1,,,,0,0,,0,,
HND_000821,2011,1,1,,,,0,0,,0,,
HND_007527,2011,1,1,,,,0,0,,0,,
HND_011030,2011,1,0,,,,0,0,,0,,
HND_008421,2011,1,1,,,,0,0,,0,,
HND_005304,2011,1,0,,,,0,0,,0,,
HND_010402,2011,1,1,,,,0,0,,0,,
HND_011220,2011,1,1,,,,1,0,,1,,
HND_010261,2011,1,1,,,,0,0,,0,,
HND_001361,2011,1,1,,,,0,0,,0,,
HND_007951,2011,1,1,,,,0,0,,0,,
HND_014666,2011,1,1,,,,1,0,,0,,
HND_010259,2011,1,1,,,,0,0,,0,,
HND_010635,2011,1,1,,,,0,0,,0,,
HND_005274,2011,1,1,,,,1,0,,0,,
HND_005280,2011,1,1,,,,0,0,,0,,
HND_001892,2011,1,1,,,,1,0,,0,,
HND_000339,2011,1,1,,,,0,0,,0,,
HND_014897,2011,1,1,,,,0,0,,0,,
HND_000132,2011,1,1,,,,0,0,,0,,
HND_010956,2011,1,1,,,,1,0,,0,,
HND_008424,2011,1,1,,,,1,0,,0,,
HND_007524,2011,1,1,,,,0,0,,0,,
HND_007523,2011,,0,,,,1,0,,1,,
HND_000814,2011,1,1,,,,0,0,,0,,
HND_003709,2011,0,0,,,,1,0,,1,,
HND_004745,2011,1,1,,,,1,0,,0,,
HND_010092,2011,1,1,,,,0,0,,0,,
HND_016043,2011,0,0,,,,0,0,,0,,
HND_015325,2011,1,1,,,,0,0,,0,,
HND_016762,2011,1,1,,,,1,0,,1,,
HND_004231,2011,1,1,,,,0,0,,0,,
HND_016049,2011,,0,,,,0,0,,0,,
HND_011677,2011,1,0,,,,0,0,,0,,
HND_014596,2011,1,1,,,,0,0,,0,,
HND_014159,2011,,0,,,,0,0,,0,,
HND_005333,2011,1,0,,,,1,0,,1,,
HND_005691,2011,1,1,,,,0,0,,0,,
HND_008143,2011,1,0,,,,0,0,,0,,
HND_013529,2011,,0,,,,0,0,,0,,
HND_009761,2011,1,1,,,,0,0,,0,,
HND_014154,2011,,0,,,,0,0,,0,,
HND_008141,2011,1,1,,,,0,0,,0,,
HND_010411,2011,1,0,,,,0,0,,0,,
HND_010410,2011,0,0,,,,0,0,,0,,
HND_003304,2011,1,1,,,,1,0,,0,,
HND_014130,2011,1,1,,,,0,0,,0,,
HND_002397,2011,1,1,,,,1,0,,0,,
HND_006151,2011,1,1,,,,1,0,,0,,
HND_010810,2011,1,1,,,,1,0,,0,,
HND_001019,2011,1,1,,,,1,0,,0,,
HND_007792,2011,1,1,,,,0,0,,0,,
HND_012292,2011,1,1,,,,0,0,,0,,
HND_005555,2011,1,1,,,,1,0,,0,,
HND_006343,2011,1,1,,,,1,0,,1,,
HND_003889,2011,1,1,,,,1,0,,0,,
HND_007051,2011,1,1,,,,0,0,,0,,
HND_007054,2011,1,1,,,,0,0,,0,,
HND_014150,2011,,0,,,,0,0,,0,,
HND_009207,2011,,,,,,,0,,0,,
HND_009235,2011,1,1,,,,0,0,,0,,
HND_007049,2011,1,1,,,,1,0,,0,,
HND_007022,2011,1,1,,,,1,0,,0,,
HND_003886,2011,1,1,,,,1,0,,0,,
HND_002824,2011,1,0,,,,0,0,,0,,
HND_003839,2011,1,1,,,,0,0,,0,,
HND_003846,2011,1,1,,,,1,0,,0,,
HND_003873,2011,1,1,,,,1,0,,0,,
HND_015557,2011,,0,,,,1,0,,0,,
HND_007945,2011,1,0,,,,0,0,,0,,
HND_014757,2011,1,1,,,,0,0,,0,,
HND_014595,2011,1,0,,,,0,0,,0,,
HND_004022,2011,,,,,,,0,,0,,
HND_007546,2011,0,0,,,,0,0,,0,,
HND_003983,2011,,0,,,,0,0,,0,,
HND_011349,2011,1,1,,,,1,0,,0,,
HND_006302,2011,1,1,,,,1,1,,0,,
HND_002310,2011,1,1,,,,0,0,,0,,
HND_006200,2011,1,1,,,,0,0,,0,,
HND_014228,2011,1,1,,,,0,0,,0,,
HND_008313,2011,1,1,,,,0,0,,0,,
HND_002654,2011,1,1,,,,0,0,,0,,
HND_006602,2011,1,1,,,,0,0,,0,,
HND_009032,2011,1,0,,,,0,0,,0,,
HND_002204,2011,,,,,,,0,,0,,
HND_006154,2011,,,,,,,0,,0,,
HND_012317,2011,,,,,,,0,,0,,
HND_012319,2011,,,,,,,0,,0,,
HND_012976,2011,,,,,,,0,,0,,
HND_009598,2011,,,,,,,0,,0,,
HND_001816,2011,,,,,,,0,,0,,
HND_008293,2011,,,,,,,0,,0,,
HND_016177,2011,,,,,,,0,,0,,
HND_013701,2011,1,1,,,,1,0,,1,,
HND_012125,2011,,,,,,,0,,0,,
HND_012313,2011,,,,,,,0,,0,,
HND_001758,2011,1,1,,,,0,0,,0,,
HND_008720,2011,1,1,,,,0,0,,0,,
HND_016486,2011,,,,,,,0,,0,,
HND_008290,2011,,,,,,,0,,0,,
HND_014012,2011,,,,,,,0,,0,,
HND_001777,2011,,,,,,,0,,0,,
HND_004172,2011,,,,,,,0,,0,,
HND_010558,2011,,,,,,,0,,0,,
HND_001939,2011,,,,,,,0,,0,,
HND_015601,2011,,,,,,,0,,0,,
HND_016102,2011,,,,,,,0,,0,,
HND_010486,2011,,,,,,,0,,0,,
HND_011202,2011,,,,,,,0,,0,,
HND_009105,2011,1,1,,,,1,0,,1,,
HND_010971,2011,1,1,,,,1,0,,0,,
HND_000782,2011,1,1,,,,1,0,,0,,
HND_014190,2011,1,1,,,,1,0,,0,,
HND_013104,2011,1,1,,,,1,0,,0,,
HND_000384,2011,1,1,,,,1,0,,0,,
HND_000769,2011,1,1,,,,1,0,,1,,
HND_007647,2011,1,1,,,,0,0,,0,,
HND_001106,2011,1,1,,,,0,0,,0,,
HND_004995,2011,1,1,,,,0,0,,0,,
HND_009020,2011,1,1,,,,0,0,,0,,
HND_008823,2011,1,1,,,,0,0,,0,,
HND_006342,2011,1,1,,,,1,0,,0,,
HND_014569,2011,1,1,,,,0,0,,0,,
HND_005851,2011,1,1,,,,1,0,,1,,
HND_003812,2011,1,1,,,,0,0,,0,,
HND_016174,2011,1,1,,,,0,0,,0,,
HND_013961,2011,1,1,,,,1,0,,0,,
HND_001107,2011,1,1,,,,1,0,,0,,
HND_012744,2011,1,1,,,,0,0,,0,,
HND_012686,2011,,,,,,,0,,0,,
HND_004143,2011,1,0,,,,0,0,,0,,
HND_004184,2011,1,1,,,,1,0,,0,,
HND_014718,2011,1,1,,,,1,0,,1,,
HND_010941,2011,1,0,,,,1,0,,0,,
HND_009000,2011,1,1,,,,1,0,,0,,
HND_015096,2011,1,1,,,,1,0,,0,,
HND_000489,2011,1,0,,,,1,0,,1,,
HND_016234,2011,1,0,,,,1,0,,0,,
HND_016891,2011,1,1,,,,1,0,,0,,
HND_007228,2011,,0,,,,1,0,,0,,
HND_009215,2011,1,0,,,,0,0,,0,,
HND_005528,2011,1,1,,,,1,0,,0,,
HND_013508,2011,1,0,,,,0,0,,0,,
HND_014664,2011,,0,,,,0,0,,0,,
HND_007634,2011,1,1,,,,0,0,,0,,
HND_008445,2011,1,1,,,,0,0,,0,,
HND_004238,2011,1,0,,,,0,0,,0,,
HND_007633,2011,1,0,,,,0,0,,0,,
HND_008157,2011,1,1,,,,1,0,,0,,
HND_004820,2011,1,0,,,,0,0,,0,,
HND_015317,2011,,0,,,,0,0,,0,,
HND_016615,2011,1,1,,,,0,0,,0,,
HND_004115,2011,1,1,,,,0,0,,0,,
HND_000846,2011,1,1,,,,1,0,,0,,
HND_014175,2011,1,0,,,,0,0,,0,,
HND_016024,2011,,0,,,,0,0,,0,,
HND_004823,2011,1,0,,,,0,0,,0,,
HND_015895,2011,1,0,,,,0,0,,0,,
HND_003539,2011,,0,,,,0,0,,0,,
HND_014021,2011,1,1,,,,0,0,,0,,
HND_000772,2011,1,0,,,,0,0,,0,,
HND_008454,2011,1,1,,,,1,0,,0,,
HND_002920,2011,1,1,,,,1,0,,1,,
HND_016712,2011,1,1,,,,1,0,,1,,
HND_006234,2011,1,1,,,,1,0,,1,,
HND_008054,2011,1,0,,,,0,0,,0,,
HND_016548,2011,1,1,,,,0,0,,0,,
HND_012802,2011,1,0,,,,0,0,,0,,
HND_006990,2011,1,1,,,,1,0,,0,,
HND_001603,2011,1,1,,,,0,0,,0,,
HND_001093,2011,,,,,,,0,,0,,
HND_004327,2011,,,,,,,0,,0,,
HND_011935,2011,,,,,,,0,,0,,
HND_004310,2011,,,,,,,0,,0,,
HND_003305,2011,1,0,,,,1,0,,0,,
HND_012455,2011,,,,,,,0,,0,,
HND_016140,2011,,,,,,,0,,0,,
HND_012620,2011,,,,,,,0,,0,,
HND_007785,2011,,,,,,,0,,0,,
HND_001071,2011,,,,,,,0,,0,,
HND_011820,2011,1,1,,,,1,0,,1,,
HND_009487,2011,1,1,,,,1,0,,0,,
HND_015271,2011,1,1,,,,1,0,,0,,
HND_014815,2011,1,1,,,,0,0,,0,,
HND_011752,2011,1,1,,,,1,0,,1,,
HND_004859,2011,1,0,,,,1,0,,0,,
HND_004255,2011,1,0,,,,1,0,,1,,
HND_007662,2011,1,1,,,,0,0,,0,,
HND_009063,2011,1,1,,,,0,0,,0,,
HND_005006,2011,1,0,,,,1,0,,0,,
HND_014924,2011,1,0,,,,0,0,,0,,
HND_007668,2011,1,1,,,,0,0,,0,,
HND_007660,2011,1,1,,,,1,0,,1,,
HND_004888,2011,1,1,,,,1,0,,0,,
HND_011887,2011,1,1,,,,1,0,,0,,
HND_015158,2011,1,1,,,,1,0,,0,,
HND_014824,2011,1,1,,,,1,0,,0,,
HND_007950,2011,1,1,,,,0,0,,0,,
HND_014166,2011,1,1,,,,0,0,,0,,
HND_004819,2011,1,1,,,,0,0,,0,,
HND_015913,2011,1,0,,,,0,0,,0,,
HND_011723,2011,1,1,,,,0,0,,0,,
HND_001895,2011,1,1,,,,0,0,,0,,
HND_013894,2011,1,1,,,,1,0,,0,,
HND_014850,2011,,,,,,,0,,0,,
HND_009909,2011,1,0,,,,0,0,,0,,
HND_012434,2011,1,1,,,,1,0,,0,,
HND_009242,2011,1,1,,,,1,0,,0,,
HND_003249,2011,1,1,,,,1,0,,0,,
HND_009241,2011,1,1,,,,1,1,,0,,
HND_013668,2011,1,1,,,,0,0,,0,,
HND_008030,2011,,0,,,,1,0,,1,,
HND_013389,2011,1,0,,,,1,0,,1,,
HND_001962,2011,,0,,,,0,0,,0,,
HND_007031,2011,1,1,,,,0,0,,0,,
HND_007020,2011,,,,,,,0,,0,,
HND_000915,2011,1,1,,,,1,0,,0,,
HND_003234,2011,1,0,,,,0,0,,0,,
HND_009263,2011,1,0,,,,1,0,,0,,
HND_012264,2011,,,,,,,0,,0,,
HND_005860,2011,1,1,,,,1,0,,0,,
HND_005859,2011,,0,,,,0,0,,0,,
HND_005861,2011,1,1,,,,0,0,,0,,
HND_007192,2011,1,1,,,,0,0,,0,,
HND_012418,2011,,,,,,,0,,0,,
HND_015881,2011,1,0,,,,0,0,,0,,
HND_001788,2011,,,,,,,0,,0,,
HND_002436,2011,,,,,,,0,,0,,
HND_004772,2011,,0,,,,1,0,,0,,
HND_010345,2011,1,1,,,,1,0,,0,,
HND_004260,2011,1,1,,,,1,0,,0,,
HND_008169,2011,,0,,,,0,0,,0,,
HND_002908,2011,,0,,,,0,0,,0,,
HND_008875,2011,1,1,,,,0,0,,0,,
HND_002911,2011,1,1,,,,0,0,,0,,
HND_000650,2011,,0,,,,0,0,,0,,
HND_007659,2011,,0,,,,1,0,,0,,
HND_009401,2011,,0,,,,0,0,,0,,
HND_007607,2011,1,1,,,,1,0,,0,,
HND_014200,2011,,0,,,,0,0,,0,,
HND_011177,2011,,0,,,,1,0,,0,,
HND_002712,2011,1,1,,,,1,0,,0,,
HND_001180,2011,,0,,,,1,0,,0,,
HND_010829,2011,1,0,,,,0,0,,0,,
HND_005594,2011,1,0,,,,0,0,,0,,
HND_001961,2011,,0,,,,1,0,,0,,
HND_001914,2011,1,1,,,,1,0,,0,,
HND_000002,2011,,0,,,,1,0,,0,,
HND_013707,2011,1,1,,,,1,0,,0,,
HND_012874,2011,1,1,,,,1,0,,0,,
HND_010163,2011,,,,,,,0,,0,,
HND_000948,2011,,,,,,,0,,0,,
HND_015284,2011,1,1,,,,1,0,,0,,
HND_010964,2011,1,1,,,,0,0,,0,,
HND_010338,2011,1,1,,,,0,0,,0,,
HND_008152,2011,1,1,,,,1,0,,1,,
HND_008400,2011,1,1,,,,1,0,,0,,
HND_000306,2011,1,1,,,,1,0,,0,,
HND_000668,2011,1,1,,,,1,0,,0,,
HND_009410,2011,1,1,,,,1,0,,0,,
HND_005078,2011,1,1,,,,1,0,,0,,
HND_000349,2011,1,1,,,,1,0,,0,,
HND_008078,2011,1,1,,,,0,0,,0,,
HND_002896,2011,1,1,,,,0,0,,0,,
HND_007040,2011,1,1,,,,1,0,,0,,
HND_007011,2011,1,1,,,,1,0,,0,,
HND_004533,2011,1,1,,,,0,0,,0,,
HND_012633,2011,1,1,,,,1,0,,0,,
HND_015985,2011,,,,,,,0,,0,,
HND_016150,2011,,,,,,,0,,0,,
HND_004532,2011,1,0,,,,1,0,,0,,
HND_016813,2011,,,,,,,0,,0,,
HND_008159,2011,1,0,,,,0,0,,0,,
HND_007596,2011,1,0,,,,1,0,,1,,
HND_014284,2011,1,1,,,,0,0,,0,,
HND_015259,2011,1,1,,,,0,0,,0,,
HND_007595,2011,1,1,,,,0,0,,0,,
HND_013008,2011,1,1,,,,1,0,,0,,
HND_007594,2011,1,0,,,,0,0,,0,,
HND_009081,2011,1,1,,,,0,0,,0,,
HND_013732,2011,1,1,,,,0,0,,0,,
HND_012440,2011,1,1,,,,0,0,,0,,
HND_015281,2011,1,0,,,,0,0,,0,,
HND_009796,2011,1,1,,,,0,0,,0,,
HND_012376,2011,1,1,,,,0,0,,0,,
HND_004347,2011,1,1,,,,0,0,,0,,
HND_005192,2011,1,1,,,,0,0,,0,,
HND_000594,2011,1,1,,,,1,0,,0,,
HND_016232,2011,1,1,,,,1,0,,0,,
HND_012010,2011,1,1,,,,1,0,,1,,
HND_009793,2011,1,0,,,,0,0,,0,,
HND_012650,2011,1,0,,,,0,0,,0,,
HND_014291,2011,1,1,,,,0,0,,0,,
HND_001213,2011,1,1,,,,0,0,,0,,
HND_005115,2011,1,1,,,,0,0,,0,,
HND_004138,2011,1,1,,,,0,0,,0,,
HND_012857,2011,0,0,,,,0,0,,0,,
HND_004173,2011,,,,,,,0,,0,,
HND_013219,2011,1,1,,,,1,0,,1,,
HND_002881,2011,1,1,,,,0,0,,0,,
HND_005108,2011,1,0,,,,1,0,,0,,
HND_000773,2011,1,1,,,,0,0,,0,,
HND_010357,2011,1,1,,,,0,0,,0,,
HND_007622,2011,1,1,,,,0,0,,0,,
HND_007629,2011,1,1,,,,0,0,,0,,
HND_008812,2011,1,1,,,,1,0,,0,,
HND_015269,2011,,0,,,,0,0,,0,,
HND_009412,2011,1,1,,,,1,0,,0,,
HND_014431,2011,1,0,,,,0,0,,0,,
HND_016602,2011,1,1,,,,0,0,,0,,
HND_008166,2011,1,1,,,,0,0,,0,,
HND_016064,2011,,0,,,,0,0,,0,,
HND_001604,2011,1,1,,,,1,0,,1,,
HND_006796,2011,1,1,,,,0,0,,0,,
HND_008589,2011,1,1,,,,1,0,,1,,
HND_009506,2011,1,1,,,,0,0,,0,,
HND_009216,2011,1,1,,,,0,0,,0,,
HND_000166,2011,1,1,,,,1,0,,0,,
HND_016601,2011,1,0,,,,0,0,,0,,
HND_010546,2011,,0,,,,0,0,,0,,
HND_008580,2011,1,1,,,,1,0,,0,,
HND_003442,2011,1,1,,,,0,0,,0,,
HND_000941,2011,1,1,,,,0,0,,0,,
HND_005518,2011,,,,,,,0,,0,,
HND_014618,2011,,0,,,,0,0,,0,,
HND_014478,2011,,,,,,,0,,0,,
HND_014470,2011,,,,,,,0,,0,,
HND_011792,2011,1,1,,,,1,0,,1,,
HND_015029,2011,1,0,,,,1,0,,0,,
HND_004234,2011,1,0,,,,1,0,,0,,
HND_000834,2011,1,1,,,,1,0,,0,,
HND_007615,2011,1,1,,,,1,0,,0,,
HND_000806,2011,1,1,,,,1,0,,0,,
HND_005196,2011,1,0,,,,1,0,,0,,
HND_016726,2011,1,0,,,,0,0,,0,,
HND_007012,2011,1,1,,,,1,0,,0,,
HND_002137,2011,1,0,,,,0,0,,0,,
HND_015605,2011,1,0,,,,0,0,,0,,
HND_006298,2011,1,1,,,,1,0,,1,,
HND_007670,2011,1,1,,,,1,0,,0,,
HND_013183,2011,1,1,,,,1,0,,0,,
HND_014317,2011,1,1,,,,0,0,,0,,
HND_005454,2011,1,1,,,,1,0,,1,,
HND_010395,2011,1,1,,,,1,0,,0,,
HND_010636,2011,1,0,,,,0,0,,0,,
HND_000669,2011,1,0,,,,0,0,,0,,
HND_015038,2011,1,0,,,,0,0,,0,,
HND_007635,2011,1,0,,,,1,0,,0,,
HND_012009,2011,1,1,,,,1,0,,0,,
HND_010260,2011,1,1,,,,0,0,,0,,
HND_007640,2011,1,1,,,,1,0,,0,,
HND_003991,2011,1,1,,,,1,0,,0,,
HND_009405,2011,1,1,,,,0,0,,0,,
HND_005482,2011,1,1,,,,0,0,,0,,
HND_008605,2011,,0,,,,0,0,,0,,
HND_011034,2011,1,1,,,,0,0,,0,,
HND_009217,2011,1,1,,,,1,0,,0,,
HND_008786,2011,1,0,,,,0,0,,0,,
HND_015288,2011,0,0,,,,0,0,,0,,
HND_008034,2011,,0,,,,0,0,,0,,
HND_015290,2011,,0,,,,1,0,,0,,
HND_009034,2011,1,0,,,,0,0,,0,,
HND_005204,2011,1,0,,,,0,0,,0,,
HND_003707,2011,,0,,,,0,0,,0,,
HND_002551,2011,,0,,,,0,0,,0,,
HND_008145,2011,,0,,,,0,0,,0,,
HND_004501,2011,1,1,,,,1,0,,0,,
HND_015047,2011,0,0,,,,0,0,,0,,
HND_012106,2011,1,1,,,,1,0,,0,,
HND_011940,2011,1,1,,,,1,0,,0,,
HND_007328,2011,1,0,,,,0,0,,0,,
HND_009141,2011,1,0,,,,0,0,,0,,
HND_007907,2011,1,1,,,,1,0,,0,,
HND_007916,2011,1,1,,,,1,1,,1,,
HND_001951,2011,1,0,,,,1,0,,0,,
HND_007010,2011,1,0,,,,0,0,,0,,
HND_011452,2011,1,1,,,,1,0,,0,,
HND_003239,2011,1,1,,,,0,0,,0,,
HND_002711,2011,1,0,,,,0,0,,0,,
HND_014946,2011,1,0,,,,0,0,,0,,
HND_005278,2011,,0,,,,0,0,,0,,
HND_014135,2011,,0,,,,0,0,,0,,
HND_016329,2011,1,1,,,,0,0,,0,,
HND_014429,2011,1,1,,,,0,0,,0,,
HND_014430,2011,1,1,,,,0,0,,0,,
HND_013195,2011,1,1,,,,1,0,,0,,
HND_015511,2011,1,1,,,,0,0,,0,,
HND_015512,2011,0,0,,,,1,0,,0,,
HND_007563,2011,1,0,,,,0,0,,0,,
HND_014985,2011,0,0,,,,0,0,,0,,
HND_015052,2011,1,1,,,,1,0,,0,,
HND_015365,2011,1,0,,,,0,0,,0,,
HND_011046,2011,1,1,,,,0,0,,0,,
HND_010290,2011,1,1,,,,1,0,,0,,
HND_007569,2011,1,1,,,,0,0,,0,,
HND_004733,2011,1,1,,,,1,0,,1,,
HND_004721,2011,1,0,,,,0,0,,0,,
HND_016255,2011,1,1,,,,1,0,,0,,
HND_000498,2011,1,1,,,,1,0,,0,,
HND_003533,2011,1,1,,,,1,0,,1,,
HND_000808,2011,0,0,,,,0,0,,0,,
HND_015255,2011,0,0,,,,0,0,,0,,
HND_007737,2011,1,1,,,,0,0,,0,,
HND_002892,2011,1,1,,,,1,0,,0,,
HND_013502,2011,1,1,,,,1,0,,1,,
HND_008856,2011,1,1,,,,1,0,,1,,
HND_005459,2011,1,1,,,,1,0,,0,,
HND_008563,2011,1,1,,,,0,0,,0,,
HND_004756,2011,1,1,,,,1,0,,0,,
HND_004778,2011,1,1,,,,0,0,,0,,
HND_004543,2011,1,1,,,,1,0,,0,,
HND_016617,2011,1,1,,,,1,0,,0,,
HND_001828,2011,1,1,,,,0,0,,0,,
HND_002893,2011,1,1,,,,1,0,,0,,
HND_010982,2011,,0,,,,0,0,,0,,
HND_000356,2011,0,0,,,,0,0,,0,,
HND_007942,2011,1,1,,,,0,0,,0,,
HND_000096,2011,1,0,,,,0,0,,0,,
HND_014287,2011,,0,,,,0,0,,0,,
HND_004947,2011,1,1,,,,0,0,,0,,
HND_013528,2011,1,1,,,,0,0,,0,,
HND_008111,2011,1,0,,,,0,0,,0,,
HND_015257,2011,1,1,,,,0,0,,0,,
HND_013882,2011,1,0,,,,0,0,,0,,
HND_002314,2011,1,0,,,,0,0,,0,,
HND_004920,2011,1,1,,,,0,0,,0,,
HND_009090,2011,1,1,,,,0,0,,1,,
HND_002520,2011,1,1,,,,0,0,,0,,
HND_008137,2011,1,1,,,,1,0,,0,,
HND_002895,2011,1,1,,,,0,0,,0,,
HND_009753,2011,1,1,,,,0,0,,0,,
HND_004980,2011,1,1,,,,0,0,,0,,
HND_007680,2011,1,1,,,,0,0,,0,,
HND_014294,2011,0,0,,,,0,0,,0,,
HND_013220,2011,1,1,,,,1,0,,0,,
HND_000091,2011,1,1,,,,0,0,,0,,
HND_000647,2011,1,1,,,,0,0,,0,,
HND_014778,2011,0,0,,,,0,0,,0,,
HND_015258,2011,1,1,,,,1,0,,0,,
HND_001017,2011,1,0,,,,0,0,,0,,
HND_016351,2011,1,0,,,,0,0,,0,,
HND_004681,2011,1,1,,,,1,0,,0,,
HND_008167,2011,1,1,,,,1,0,,0,,
HND_000064,2011,,0,,,,0,0,,0,,
HND_014921,2011,0,0,,,,0,0,,0,,
HND_014420,2011,,0,,,,0,0,,0,,
HND_000189,2011,1,1,,,,0,0,,0,,
HND_016330,2011,1,1,,,,0,0,,0,,
HND_002449,2011,1,0,,,,0,0,,0,,
HND_000188,2011,1,1,,,,0,0,,0,,
HND_006168,2011,,0,,,,0,0,,0,,
HND_013940,2011,1,1,,,,1,0,,0,,
HND_009131,2011,1,1,,,,1,0,,0,,
HND_006749,2011,1,1,,,,1,0,,0,,
HND_000369,2011,1,1,,,,1,0,,1,,
HND_012824,2011,1,0,,,,0,0,,0,,
HND_010222,2011,,0,,,,0,0,,0,,
HND_003850,2011,1,1,,,,0,0,,0,,
HND_004831,2011,1,0,,,,0,0,,0,,
HND_001966,2011,1,1,,,,0,0,,0,,
HND_014893,2011,1,1,,,,0,0,,0,,
HND_003856,2011,1,1,,,,0,0,,0,,
HND_004046,2011,1,0,,,,0,0,,0,,
HND_004044,2011,1,0,,,,0,0,,0,,
HND_004041,2011,1,0,,,,0,0,,0,,
HND_008935,2011,1,1,,,,0,0,,0,,
HND_014878,2011,1,1,,,,0,0,,0,,
HND_003491,2011,1,1,,,,1,0,,0,,
HND_012900,2011,1,1,,,,0,0,,0,,
HND_003801,2011,1,1,,,,0,0,,0,,
HND_001947,2011,1,0,,,,0,0,,0,,
HND_011447,2011,1,1,,,,1,0,,0,,
HND_008020,2011,1,1,,,,1,0,,0,,
HND_014727,2011,1,1,,,,0,0,,0,,
HND_003030,2011,1,1,,,,0,0,,0,,
HND_002761,2011,1,0,,,,0,0,,0,,
HND_010875,2011,1,1,,,,0,0,,0,,
HND_011715,2011,,0,,,,0,0,,0,,
HND_016021,2011,1,0,,,,0,0,,0,,
HND_000501,2011,1,1,,,,0,0,,0,,
HND_010364,2011,1,1,,,,1,0,,0,,
HND_014046,2011,1,1,,,,0,0,,0,,
HND_001417,2011,1,1,,,,1,0,,0,,
HND_003467,2011,1,1,,,,0,0,,0,,
HND_005621,2011,1,1,,,,0,0,,0,,
HND_013382,2011,,0,,,,0,0,,0,,
HND_009435,2011,1,1,,,,0,0,,0,,
HND_014172,2011,1,1,,,,1,0,,0,,
HND_016588,2011,1,1,,,,0,0,,0,,
HND_014207,2011,1,1,,,,0,0,,0,,
HND_007900,2011,1,1,,,,0,0,,0,,
HND_001703,2011,1,0,,,,0,0,,0,,
HND_006732,2011,0,0,,,,0,0,,0,,
HND_003283,2011,,0,,,,0,0,,0,,
HND_009599,2011,1,0,,,,0,0,,0,,
HND_010421,2011,,,,,,,0,,0,,
HND_014934,2011,0,0,,,,0,0,,0,,
HND_010809,2011,,0,,,,0,0,,0,,
HND_016823,2011,,,,,,,0,,0,,
HND_004595,2011,,,,,,,0,,0,,
HND_012062,2011,,,,,,,0,,0,,
HND_010102,2011,,,,,,,0,,0,,
HND_009882,2011,1,0,,,,0,0,,0,,
HND_013406,2011,1,0,,,,0,0,,0,,
HND_007533,2011,1,1,,,,1,0,,0,,
HND_008912,2011,1,1,,,,0,0,,0,,
HND_005297,2011,1,0,,,,0,0,,0,,
HND_009340,2011,1,0,,,,1,0,,1,,
HND_005366,2011,1,1,,,,0,0,,0,,
HND_007526,2011,1,1,,,,0,0,,0,,
HND_008908,2011,1,1,,,,1,0,,0,,
HND_008035,2011,,0,,,,0,0,,0,,
HND_005325,2011,1,1,,,,0,0,,0,,
HND_016398,2011,1,1,,,,1,0,,1,,
HND_002763,2011,,0,,,,1,0,,0,,
HND_015254,2011,1,1,,,,1,0,,0,,
HND_009016,2011,1,0,,,,0,0,,0,,
HND_005308,2011,1,0,,,,0,0,,0,,
HND_009041,2011,1,0,,,,1,0,,1,,
HND_014446,2011,1,1,,,,1,0,,0,,
HND_001371,2011,1,0,,,,0,0,,0,,
HND_012008,2011,1,1,,,,0,0,,0,,
HND_013217,2011,1,0,,,,1,0,,0,,
HND_003535,2011,1,1,,,,0,0,,0,,
HND_002757,2011,1,1,,,,0,0,,0,,
HND_013214,2011,1,0,,,,0,0,,0,,
HND_014170,2011,1,0,,,,0,0,,0,,
HND_011163,2011,1,1,,,,0,0,,0,,
HND_011107,2011,1,0,,,,0,0,,0,,
HND_007646,2011,1,1,,,,0,0,,0,,
HND_003209,2011,1,0,,,,0,0,,0,,
HND_016376,2011,1,1,,,,1,0,,0,,
HND_007016,2011,1,1,,,,0,0,,0,,
HND_015276,2011,1,0,,,,0,0,,0,,
HND_007643,2011,1,1,,,,0,0,,0,,
HND_016246,2011,,,,,,,0,,0,,
HND_016881,2011,1,0,,,,1,0,,0,,
HND_013576,2011,1,1,,,,0,0,,0,,
HND_014557,2011,1,1,,,,0,0,,0,,
HND_000788,2011,1,1,,,,0,0,,0,,
HND_014792,2011,1,0,,,,0,0,,0,,
HND_005055,2011,1,1,,,,0,0,,0,,
HND_008956,2011,1,1,,,,0,0,,0,,
HND_001105,2011,1,0,,,,1,0,,0,,
HND_009861,2011,1,1,,,,0,0,,0,,
HND_016092,2011,1,0,,,,0,0,,0,,
HND_014464,2011,1,1,,,,0,0,,0,,
HND_012776,2011,,,,,,,0,,0,,
HND_014460,2011,,,,,,,0,,0,,
HND_011930,2011,,,,,,,0,,0,,
HND_016484,2011,,,,,,,0,,0,,
HND_016227,2011,,,,,,,0,,0,,
HND_010589,2011,1,1,,,,1,0,,1,,
HND_001733,2011,1,1,,,,1,0,,0,,
HND_016399,2011,1,1,,,,1,0,,0,,
HND_004364,2011,1,0,,,,0,0,,0,,
HND_014867,2011,1,1,,,,0,0,,0,,
HND_004264,2011,1,1,,,,0,0,,0,,
HND_003446,2011,1,1,,,,1,0,,0,,
HND_007883,2011,1,0,,,,0,0,,0,,
HND_012840,2011,1,1,,,,0,0,,0,,
HND_001256,2011,1,0,,,,0,0,,0,,
HND_008640,2011,,0,,,,0,0,,0,,
HND_008240,2011,1,0,,,,0,0,,0,,
HND_005417,2011,1,1,,,,1,0,,0,,
HND_014022,2011,1,0,,,,0,0,,0,,
HND_014161,2011,1,1,,,,0,0,,0,,
HND_010359,2011,1,0,,,,0,0,,0,,
HND_005089,2011,1,0,,,,0,0,,0,,
HND_016366,2011,,,,,,,0,,0,,
HND_012421,2011,,,,,,,0,,0,,
HND_011252,2011,,,,,,,0,,0,,
HND_004299,2011,,,,,,,0,,0,,
HND_001209,2011,,,,,,,0,,0,,
HND_003504,2011,,,,,,,0,,0,,
HND_000444,2011,1,1,,,,1,0,,1,,
HND_009325,2011,1,1,,,,1,0,,0,,
HND_013260,2011,1,1,,,,0,0,,0,,
HND_002754,2011,1,1,,,,1,0,,0,,
HND_011821,2011,1,1,,,,0,0,,0,,
HND_010247,2011,,0,,,,0,0,,0,,
HND_000680,2011,1,1,,,,1,0,,1,,
HND_008533,2011,1,1,,,,1,1,,1,,
HND_009601,2011,1,1,,,,0,0,,0,,
HND_002803,2011,1,1,,,,0,0,,0,,
HND_014153,2011,1,1,,,,0,0,,0,,
HND_010273,2011,1,1,,,,1,0,,0,,
HND_008162,2011,1,1,,,,0,0,,0,,
HND_014795,2011,,0,,,,1,0,,0,,
HND_010330,2011,,0,,,,0,0,,0,,
HND_008418,2011,0,0,,,,0,0,,0,,
HND_007628,2011,,0,,,,0,0,,0,,
HND_005475,2011,1,1,,,,0,0,,0,,
HND_005047,2011,0,0,,,,0,0,,0,,
HND_000810,2011,,0,,,,0,0,,0,,
HND_001898,2011,,0,,,,0,0,,0,,
HND_007610,2011,,0,,,,0,0,,0,,
HND_008161,2011,1,1,,,,0,0,,0,,
HND_007609,2011,,0,,,,0,0,,0,,
HND_016332,2011,1,0,,,,0,0,,0,,
HND_000780,2011,,0,,,,0,0,,0,,
HND_005050,2011,1,1,,,,0,0,,0,,
HND_005051,2011,1,0,,,,0,0,,0,,
HND_015897,2011,,0,,,,0,0,,0,,
HND_008427,2011,1,1,,,,1,0,,0,,
HND_014826,2011,1,1,,,,0,0,,0,,
HND_007597,2011,,0,,,,0,0,,0,,
HND_009805,2011,,0,,,,0,0,,0,,
HND_013399,2011,1,1,,,,0,0,,0,,
HND_008428,2011,1,1,,,,0,0,,0,,
HND_014376,2011,1,1,,,,1,0,,0,,
HND_015326,2011,,0,,,,0,0,,0,,
HND_001368,2011,1,1,,,,1,0,,0,,
HND_000813,2011,1,1,,,,0,0,,0,,
HND_002331,2011,1,1,,,,0,0,,0,,
HND_005054,2011,0,0,,,,0,0,,0,,
HND_002815,2011,1,0,,,,0,0,,0,,
HND_015737,2011,,0,,,,0,0,,0,,
HND_000412,2011,1,0,,,,0,0,,0,,
HND_014871,2011,1,1,,,,0,0,,0,,
HND_001833,2011,1,0,,,,0,0,,0,,
HND_005080,2011,,0,,,,0,0,,0,,
HND_001370,2011,1,1,,,,0,0,,0,,
HND_002007,2011,1,0,,,,0,0,,0,,
HND_007329,2011,,0,,,,0,0,,0,,
HND_010549,2011,,0,,,,0,0,,0,,
HND_000292,2011,,0,,,,0,0,,0,,
HND_008401,2011,1,1,,,,0,0,,0,,
HND_009898,2011,1,0,,,,0,0,,0,,
HND_015256,2011,1,1,,,,0,0,,0,,
HND_000860,2011,1,1,,,,1,0,,0,,
HND_000857,2011,1,1,,,,1,0,,0,,
HND_002816,2011,1,1,,,,1,0,,0,,
HND_009897,2011,1,1,,,,0,0,,0,,
HND_007604,2011,1,1,,,,0,0,,0,,
HND_002013,2011,,0,,,,0,0,,0,,
HND_007606,2011,1,0,,,,0,0,,0,,
HND_002011,2011,1,1,,,,1,0,,1,,
HND_005993,2011,0,0,,,,0,0,,0,,
HND_002818,2011,1,1,,,,1,0,,0,,
HND_010285,2011,1,1,,,,0,0,,0,,
HND_002009,2011,,0,,,,0,0,,0,,
HND_009896,2011,0,0,,,,0,0,,0,,
HND_002008,2011,,0,,,,0,0,,0,,
HND_008665,2011,1,1,,,,0,0,,0,,
HND_012191,2011,0,0,,,,0,0,,0,,
HND_010413,2011,0,0,,,,0,0,,0,,
HND_013137,2011,0,0,,,,0,0,,0,,
HND_012818,2011,,0,,,,0,0,,0,,
HND_013483,2011,0,0,,,,0,0,,0,,
HND_007331,2011,1,0,,,,0,0,,0,,
HND_012586,2011,0,0,,,,0,0,,0,,
HND_005632,2011,1,1,,,,0,0,,0,,
HND_002796,2011,,0,,,,0,0,,0,,
HND_016871,2011,1,1,,,,0,0,,0,,
HND_007653,2011,1,1,,,,1,0,,0,,
HND_002392,2011,1,1,,,,1,0,,0,,
HND_003000,2011,1,1,,,,1,0,,0,,
HND_015879,2011,1,1,,,,1,0,,0,,
HND_013960,2011,1,1,,,,1,0,,1,,
HND_013686,2011,0,0,,,,0,0,,0,,
HND_007034,2011,1,1,,,,0,0,,0,,
HND_007032,2011,1,1,,,,0,0,,0,,
HND_011092,2011,,,,,,,0,,0,,
HND_014875,2011,1,1,,,,0,0,,0,,
HND_004953,2011,0,0,,,,1,0,,0,,
HND_009629,2011,,0,,,,0,0,,0,,
HND_016066,2011,,0,,,,0,0,,0,,
HND_005603,2011,1,1,,,,0,0,,0,,
HND_003198,2011,,0,,,,0,0,,0,,
HND_015884,2011,,0,,,,0,0,,0,,
HND_012845,2011,1,0,,,,0,0,,0,,
HND_007657,2011,,0,,,,0,0,,0,,
HND_003893,2011,0,0,,,,0,0,,0,,
HND_003852,2011,1,0,,,,0,0,,0,,
HND_003848,2011,1,0,,,,0,0,,0,,
HND_001959,2011,0,0,,,,0,0,,0,,
HND_004535,2011,,0,,,,1,0,,0,,
HND_003872,2011,1,0,,,,0,0,,0,,
HND_007911,2011,1,0,,,,0,0,,0,,
HND_003844,2011,1,1,,,,0,0,,0,,
HND_014231,2011,1,1,,,,0,0,,0,,
HND_013263,2011,0,0,,,,0,0,,0,,
HND_009895,2011,1,1,,,,0,0,,0,,
HND_014917,2011,1,0,,,,0,0,,0,,
HND_005875,2011,1,1,,,,0,0,,0,,
HND_006708,2011,1,1,,,,0,0,,0,,
HND_002018,2011,,0,,,,0,0,,0,,
HND_002016,2011,,0,,,,0,0,,0,,
HND_004827,2011,0,0,,,,0,0,,0,,
HND_009402,2011,1,0,,,,0,0,,0,,
HND_004825,2011,,0,,,,0,0,,0,,
HND_003302,2011,1,1,,,,0,0,,0,,
HND_000470,2011,,0,,,,0,0,,0,,
HND_014375,2011,,0,,,,0,0,,0,,
HND_010274,2011,1,0,,,,0,0,,0,,
HND_002369,2011,1,1,,,,0,0,,0,,
HND_016784,2011,1,0,,,,0,0,,0,,
HND_015110,2011,0,0,,,,0,0,,0,,
HND_015120,2011,,0,,,,0,0,,0,,
HND_015083,2011,0,0,,,,0,0,,0,,
HND_016643,2011,1,1,,,,0,0,,0,,
HND_016786,2011,,0,,,,0,0,,0,,
HND_012989,2011,,0,,,,0,0,,0,,
HND_016787,2011,,0,,,,0,0,,0,,
HND_007637,2011,1,1,,,,0,0,,0,,
HND_007164,2011,1,0,,,,0,0,,0,,
HND_016789,2011,,0,,,,0,0,,0,,
HND_007330,2011,1,1,,,,0,0,,0,,
HND_000679,2011,1,0,,,,1,0,,1,,
HND_015272,2011,1,1,,,,0,0,,0,,
HND_009894,2011,1,1,,,,0,0,,0,,
HND_007641,2011,,0,,,,0,0,,0,,
HND_014545,2011,0,0,,,,0,0,,0,,
HND_015084,2011,1,1,,,,0,0,,0,,
HND_004833,2011,1,0,,,,0,0,,0,,
HND_014533,2011,1,0,,,,0,0,,0,,
HND_007259,2011,1,0,,,,0,0,,0,,
HND_002017,2011,0,0,,,,0,0,,0,,
HND_014534,2011,1,1,,,,0,0,,0,,
HND_000342,2011,1,0,,,,0,0,,0,,
HND_006719,2011,0,0,,,,0,0,,0,,
HND_001027,2011,1,1,,,,1,0,,0,,
HND_012182,2011,0,0,,,,0,0,,0,,
HND_004648,2011,,0,,,,0,0,,0,,
HND_004989,2011,,,,,,,0,,0,,
HND_003327,2011,,,,,,,0,,0,,
HND_015886,2011,1,0,,,,0,0,,0,,
HND_015887,2011,,0,,,,0,0,,0,,
HND_009719,2011,,,,,,,0,,0,,
HND_004915,2011,,,,,,,0,,0,,
HND_011644,2011,,,,,,,0,,0,,
HND_011939,2011,,,,,,,0,,0,,
HND_012175,2011,,,,,,,0,,0,,
HND_012078,2011,,,,,,,0,,0,,
HND_015953,2011,1,1,,,,1,0,,1,,
HND_010249,2011,1,0,,,,1,0,,1,,
HND_008637,2011,1,1,,,,1,0,,1,,
HND_004209,2011,1,1,,,,0,0,,0,,
HND_000325,2011,1,1,,,,1,0,,1,,
HND_008815,2011,1,1,,,,1,0,,1,,
HND_011481,2011,1,1,,,,1,0,,0,,
HND_011055,2011,1,1,,,,1,0,,1,,
HND_009172,2011,1,1,,,,1,0,,0,,
HND_001372,2011,1,1,,,,1,0,,0,,
HND_014908,2011,1,1,,,,0,0,,0,,
HND_015058,2011,1,1,,,,1,0,,1,,
HND_008217,2011,1,0,,,,1,0,,1,,
HND_004265,2011,1,1,,,,1,0,,1,,
HND_002123,2011,1,1,,,,1,0,,1,,
HND_000719,2011,1,1,,,,1,0,,0,,
HND_010923,2011,1,0,,,,1,0,,0,,
HND_011880,2011,1,0,,,,0,0,,0,,
HND_006940,2011,1,1,,,,1,0,,1,,
HND_013427,2011,0,0,,,,0,0,,0,,
HND_004752,2011,1,1,,,,1,0,,0,,
HND_009926,2011,1,1,,,,1,0,,1,,
HND_002126,2011,1,1,,,,1,0,,0,,
HND_000272,2011,,0,,,,1,0,,0,,
HND_011289,2011,1,1,,,,1,0,,0,,
HND_014025,2011,1,1,,,,1,0,,1,,
HND_010390,2011,1,1,,,,1,0,,0,,
HND_003145,2011,1,1,,,,1,0,,0,,
HND_006155,2011,1,1,,,,1,0,,1,,
HND_002794,2011,1,1,,,,1,0,,0,,
HND_013968,2011,1,1,,,,1,0,,1,,
HND_004150,2011,1,1,,,,1,0,,1,,
HND_014438,2011,1,1,,,,1,0,,1,,
HND_015252,2011,1,1,,,,1,1,,1,,
HND_009383,2011,1,1,,,,1,0,,1,,
HND_006826,2011,1,1,,,,1,0,,0,,
HND_003474,2011,1,1,,,,1,1,,1,,
HND_004712,2011,1,1,,,,1,1,,1,,
HND_010375,2011,1,1,,,,1,0,,0,,
HND_004195,2011,1,1,,,,1,0,,1,,
HND_011986,2011,1,1,,,,1,0,,1,,
HND_007220,2011,1,0,,,,1,0,,1,,
HND_013001,2011,1,1,,,,1,0,,1,,
HND_016383,2011,1,1,,,,1,0,,1,,
HND_012018,2011,1,1,,,,1,0,,1,,
HND_010419,2011,1,1,,,,1,0,,1,,
HND_009382,2011,1,0,,,,1,0,,0,,
HND_004760,2011,0,0,,,,0,0,,0,,
HND_000641,2011,1,1,,,,1,0,,1,,
HND_012162,2011,1,1,,,,1,0,,0,,
HND_008967,2011,1,0,,,,0,0,,0,,
HND_013377,2011,,,,,,,0,,0,,
HND_005772,2011,1,1,,,,1,0,,1,,
HND_003555,2011,1,1,,,,1,0,,0,,
HND_014754,2011,1,1,,,,1,0,,0,,
HND_005996,2011,1,1,,,,1,0,,1,,
HND_006133,2011,1,1,,,,1,0,,1,,
HND_011318,2011,1,0,,,,1,0,,0,,
HND_001315,2011,1,1,,,,1,0,,1,,
HND_006167,2011,1,1,,,,1,0,,0,,
HND_009365,2011,1,1,,,,1,0,,1,,
HND_016204,2011,1,1,,,,1,0,,1,,
HND_007311,2011,1,1,,,,1,0,,0,,
HND_015002,2011,1,1,,,,1,1,,1,,
HND_015054,2011,1,1,,,,1,0,,1,,
HND_002683,2011,1,1,,,,1,0,,1,,
HND_001585,2011,1,1,,,,1,0,,1,,
HND_002792,2011,1,0,,,,1,0,,1,,
HND_014925,2011,0,0,,,,1,0,,0,,
HND_005309,2011,1,1,,,,0,0,,0,,
HND_005303,2011,1,1,,,,1,0,,0,,
HND_016674,2011,1,1,,,,1,0,,0,,
HND_015630,2011,1,1,,,,1,0,,0,,
HND_002458,2011,1,1,,,,1,0,,1,,
HND_011683,2011,1,1,,,,1,0,,0,,
HND_016000,2011,1,1,,,,1,0,,0,,
HND_010358,2011,1,1,,,,0,0,,0,,
HND_011018,2011,1,1,,,,1,0,,0,,
HND_003915,2011,1,1,,,,1,0,,0,,
HND_004392,2011,1,1,,,,1,0,,1,,
HND_010988,2011,1,1,,,,1,0,,1,,
HND_007575,2011,1,1,,,,1,0,,0,,
HND_010600,2011,1,1,,,,1,0,,1,,
HND_016616,2011,1,1,,,,1,0,,1,,
HND_016618,2011,1,1,,,,1,0,,0,,
HND_000845,2011,1,1,,,,1,0,,0,,
HND_002789,2011,,0,,,,1,0,,0,,
HND_009885,2011,1,1,,,,1,0,,1,,
HND_000524,2011,1,1,,,,1,0,,1,,
HND_011673,2011,1,1,,,,1,0,,1,,
HND_013041,2011,1,1,,,,1,1,,1,,
HND_014158,2011,1,1,,,,1,0,,1,,
HND_007580,2011,1,1,,,,1,0,,1,,
HND_013171,2011,1,1,,,,1,0,,1,,
HND_014202,2011,1,1,,,,1,0,,0,,
HND_010639,2011,1,1,,,,1,0,,1,,
HND_002516,2011,0,0,,,,0,0,,0,,
HND_015378,2011,1,1,,,,1,0,,1,,
HND_010370,2011,1,1,,,,1,0,,0,,
HND_012724,2011,1,1,,,,1,0,,1,,
HND_016611,2011,,0,,,,1,0,,0,,
HND_008221,2011,1,1,,,,1,0,,0,,
HND_011755,2011,1,1,,,,1,0,,1,,
HND_005040,2011,1,1,,,,1,0,,0,,
HND_001400,2011,1,0,,,,1,0,,1,,
HND_002358,2011,1,1,,,,1,0,,1,,
HND_007587,2011,1,1,,,,1,0,,1,,
HND_007588,2011,1,1,,,,1,0,,0,,
HND_007913,2011,1,1,,,,1,0,,1,,
HND_015487,2011,1,0,,,,1,0,,1,,
HND_006011,2011,1,1,,,,1,0,,0,,
HND_004509,2011,1,0,,,,1,0,,1,,
HND_012242,2011,1,1,,,,1,0,,1,,
HND_013304,2011,1,1,,,,1,0,,1,,
HND_002524,2011,1,1,,,,1,0,,0,,
HND_012205,2011,,0,,,,1,0,,0,,
HND_002359,2011,1,1,,,,1,0,,1,,
HND_014999,2011,1,1,,,,1,0,,1,,
HND_014734,2011,1,1,,,,1,0,,1,,
HND_003289,2011,1,1,,,,1,0,,1,,
HND_014338,2011,1,1,,,,1,0,,1,,
HND_002179,2011,1,1,,,,1,0,,1,,
HND_010798,2011,1,1,,,,1,0,,0,,
HND_006219,2011,1,1,,,,1,0,,1,,
HND_008084,2011,1,1,,,,1,0,,1,,
HND_005168,2011,1,1,,,,1,0,,1,,
HND_005167,2011,1,1,,,,1,0,,0,,
HND_014783,2011,1,1,,,,1,0,,1,,
HND_010081,2011,1,1,,,,1,0,,1,,
HND_011000,2011,1,1,,,,1,0,,0,,
HND_011206,2011,1,1,,,,1,0,,0,,
HND_012364,2011,1,1,,,,1,0,,0,,
HND_003913,2011,1,1,,,,1,0,,1,,
HND_004204,2011,1,1,,,,1,0,,1,,
HND_003951,2011,1,1,,,,1,0,,1,,
HND_000853,2011,1,1,,,,1,0,,1,,
HND_007562,2011,1,1,,,,1,0,,1,,
HND_003034,2011,1,1,,,,1,0,,1,,
HND_007904,2011,1,1,,,,1,0,,1,,
HND_014847,2011,1,1,,,,1,0,,0,,
HND_014184,2011,1,1,,,,1,0,,0,,
HND_013221,2011,1,0,,,,1,0,,1,,
HND_009150,2011,1,1,,,,1,0,,0,,
HND_001142,2011,1,1,,,,1,0,,0,,
HND_001753,2011,1,1,,,,1,1,,1,,
HND_014988,2011,1,1,,,,1,0,,1,,
HND_003927,2011,1,1,,,,1,0,,1,,
HND_007090,2011,1,1,,,,1,0,,1,,
HND_015048,2011,1,1,,,,1,0,,1,,
HND_002612,2011,1,1,,,,1,0,,1,,
HND_011501,2011,1,1,,,,1,0,,1,,
HND_000360,2011,1,1,,,,1,0,,1,,
HND_014157,2011,1,1,,,,1,0,,1,,
HND_001725,2011,1,1,,,,1,1,,1,,
HND_002780,2011,1,1,,,,1,0,,1,,
HND_006364,2011,1,1,,,,1,0,,1,,
HND_014713,2011,1,1,,,,1,0,,0,,
HND_004117,2011,1,1,,,,1,0,,1,,
HND_014676,2011,1,1,,,,1,0,,1,,
HND_014862,2011,1,1,,,,1,1,,1,,
HND_000113,2011,1,1,,,,1,0,,1,,
HND_010586,2011,1,1,,,,1,0,,1,,
HND_004358,2011,1,1,,,,1,0,,1,,
HND_002368,2011,1,1,,,,1,0,,1,,
HND_014339,2011,1,1,,,,1,0,,0,,
HND_009548,2011,1,1,,,,1,0,,1,,
HND_015518,2011,1,1,,,,1,0,,1,,
HND_001312,2011,1,1,,,,1,0,,1,,
HND_007730,2011,1,1,,,,1,0,,0,,
HND_005822,2011,1,1,,,,1,0,,1,,
HND_013993,2011,1,0,,,,1,0,,0,,
HND_013341,2011,1,1,,,,1,0,,1,,
HND_003340,2011,,0,,,,1,0,,0,,
HND_015023,2011,1,1,,,,1,0,,1,,
HND_005973,2011,1,1,,,,1,0,,0,,
HND_007753,2011,1,1,,,,1,0,,1,,
HND_000173,2011,1,1,,,,1,0,,1,,
HND_016052,2011,1,1,,,,1,0,,1,,
HND_000052,2011,1,1,,,,1,0,,1,,
HND_007151,2011,1,1,,,,1,0,,1,,
HND_014954,2011,1,1,,,,1,0,,1,,
HND_003959,2011,1,1,,,,1,0,,1,,
HND_001715,2011,1,1,,,,1,0,,1,,
HND_015834,2011,1,1,,,,1,0,,0,,
HND_002248,2011,1,1,,,,1,0,,0,,
HND_003985,2011,1,1,,,,1,0,,1,,
HND_004015,2011,1,1,,,,1,0,,1,,
HND_008109,2011,1,1,,,,1,0,,1,,
HND_012463,2011,1,1,,,,1,0,,0,,
HND_003396,2011,,0,,,,1,0,,0,,
HND_005474,2011,1,1,,,,1,0,,1,,
HND_005523,2011,1,1,,,,1,0,,1,,
HND_012758,2011,1,1,,,,1,0,,1,,
HND_013812,2011,1,1,,,,1,0,,1,,
HND_015716,2011,1,1,,,,1,1,,1,,
HND_005132,2011,1,1,,,,1,0,,0,,
HND_004060,2011,1,1,,,,1,0,,1,,
HND_002293,2011,1,1,,,,1,0,,1,,
HND_010080,2011,1,1,,,,1,0,,1,,
HND_012890,2011,1,1,,,,1,0,,1,,
HND_000421,2011,1,1,,,,1,1,,1,,
HND_016769,2011,1,1,,,,1,0,,0,,
HND_016134,2011,1,1,,,,1,0,,1,,
HND_000257,2011,1,1,,,,1,0,,1,,
HND_007997,2011,1,1,,,,1,0,,1,,
HND_000525,2011,1,1,,,,1,0,,1,,
HND_011068,2011,1,1,,,,1,0,,1,,
HND_003733,2011,1,1,,,,1,0,,1,,
HND_000750,2011,1,1,,,,1,0,,1,,
HND_005524,2011,1,1,,,,1,0,,1,,
HND_015765,2011,1,1,,,,1,0,,0,,
HND_016796,2011,1,1,,,,1,0,,0,,
HND_000211,2011,1,1,,,,1,0,,1,,
HND_014660,2011,1,1,,,,1,0,,1,,
HND_016669,2011,1,1,,,,1,0,,1,,
HND_008003,2011,1,1,,,,1,0,,1,,
HND_010157,2011,1,1,,,,1,0,,1,,
HND_014764,2011,1,1,,,,1,0,,1,,
HND_013881,2011,1,1,,,,1,0,,1,,
HND_014714,2011,1,1,,,,1,0,,1,,
HND_007148,2011,1,1,,,,1,0,,1,,
HND_011537,2011,1,1,,,,1,1,,1,,
HND_016716,2011,1,1,,,,1,0,,1,,
HND_000263,2011,1,1,,,,1,0,,1,,
HND_016200,2011,1,0,,,,0,0,,0,,
HND_008004,2011,1,1,,,,1,0,,0,,
HND_014947,2011,1,1,,,,1,0,,1,,
HND_016754,2011,1,1,,,,1,0,,1,,
HND_005201,2011,1,1,,,,0,0,,0,,
HND_014771,2011,1,1,,,,1,0,,1,,
HND_003290,2011,1,1,,,,1,0,,1,,
HND_003042,2011,1,1,,,,1,0,,1,,
HND_002020,2011,1,1,,,,1,0,,1,,
HND_016656,2011,1,1,,,,1,0,,1,,
HND_001543,2011,1,1,,,,1,0,,1,,
HND_001544,2011,1,1,,,,1,0,,1,,
HND_000603,2011,1,1,,,,1,0,,1,,
HND_003043,2011,1,1,,,,1,0,,0,,
HND_001164,2011,1,1,,,,1,0,,1,,
HND_000553,2011,1,1,,,,1,0,,0,,
HND_004147,2011,1,1,,,,1,1,,1,,
HND_012572,2011,0,0,,,,1,0,,0,,
HND_002361,2011,1,1,,,,1,0,,1,,
HND_010812,2011,1,1,,,,1,0,,1,,
HND_003576,2011,1,1,,,,1,0,,1,,
HND_005974,2011,,0,,,,0,0,,0,,
HND_015062,2011,1,1,,,,1,0,,0,,
HND_015238,2011,1,1,,,,1,0,,0,,
HND_001326,2011,1,1,,,,1,0,,1,,
HND_014084,2011,1,1,,,,1,0,,1,,
HND_015387,2011,1,1,,,,1,0,,1,,
HND_012003,2011,0,0,,,,1,1,,1,,
HND_011197,2011,1,1,,,,1,0,,1,,
HND_005856,2011,1,1,,,,1,0,,1,,
HND_001521,2011,1,1,,,,1,0,,0,,
HND_011020,2011,1,1,,,,1,0,,0,,
HND_004131,2011,1,1,,,,0,0,,0,,
HND_006330,2011,1,1,,,,1,0,,0,,
HND_016724,2011,,0,,,,1,0,,0,,
HND_014715,2011,1,1,,,,1,0,,1,,
HND_010862,2011,1,1,,,,1,0,,1,,
HND_001913,2011,1,1,,,,1,0,,0,,
HND_008019,2011,1,1,,,,1,0,,1,,
HND_002212,2011,1,1,,,,1,0,,1,,
HND_003748,2011,1,1,,,,1,0,,1,,
HND_009132,2011,1,1,,,,1,0,,1,,
HND_016846,2011,1,1,,,,1,0,,0,,
HND_007163,2011,1,1,,,,1,0,,0,,
HND_000984,2011,1,1,,,,1,0,,0,,
HND_003501,2011,1,1,,,,1,0,,0,,
HND_002081,2011,1,1,,,,1,0,,0,,
HND_015802,2011,1,1,,,,1,0,,0,,
HND_007959,2011,1,1,,,,1,0,,0,,
HND_015469,2011,1,1,,,,1,0,,0,,
HND_015578,2011,1,1,,,,1,0,,0,,
HND_011909,2011,1,1,,,,1,0,,0,,
HND_009494,2011,1,1,,,,1,0,,0,,
HND_010843,2011,1,1,,,,1,0,,0,,
HND_002371,2011,1,1,,,,1,0,,0,,
HND_000935,2011,1,1,,,,1,0,,0,,
HND_007015,2011,1,1,,,,1,1,,1,,
HND_012159,2011,1,1,,,,1,0,,1,,
HND_014514,2011,1,1,,,,1,0,,0,,
HND_015746,2011,1,1,,,,1,0,,0,,
HND_007940,2011,1,1,,,,1,0,,0,,
HND_003757,2011,1,1,,,,1,0,,0,,
HND_002197,2011,1,1,,,,1,0,,0,,
HND_015671,2011,1,1,,,,1,0,,0,,
HND_006049,2011,1,1,,,,1,0,,0,,
HND_011284,2011,1,1,,,,1,0,,0,,
HND_003389,2011,1,1,,,,1,0,,0,,
HND_016888,2011,1,1,,,,1,0,,0,,
HND_004601,2011,1,1,,,,1,0,,0,,
HND_005755,2011,1,1,,,,1,0,,0,,
HND_015943,2011,1,1,,,,1,1,,1,,
HND_013965,2011,1,1,,,,1,0,,0,,
HND_001685,2011,1,1,,,,1,0,,0,,
HND_006327,2011,1,1,,,,1,0,,0,,
HND_001021,2011,1,1,,,,1,0,,1,,
HND_012489,2011,1,1,,,,1,0,,0,,
HND_012491,2011,1,1,,,,1,1,,1,,
HND_016431,2011,1,1,,,,1,0,,1,,
HND_015741,2011,1,1,,,,1,0,,0,,
HND_013020,2011,1,1,,,,1,0,,0,,
HND_010844,2011,1,1,,,,1,0,,0,,
HND_006843,2011,1,1,,,,1,1,,0,,
HND_015745,2011,1,1,,,,1,0,,0,,
HND_013999,2011,1,1,,,,1,0,,0,,
HND_015823,2011,1,1,,,,0,0,,0,,
HND_012160,2011,1,1,,,,1,0,,0,,
HND_006737,2011,1,1,,,,1,0,,0,,
HND_002247,2011,1,1,,,,1,0,,1,,
HND_013440,2011,1,1,,,,1,0,,0,,
HND_015744,2011,1,1,,,,1,0,,0,,
HND_006808,2011,1,1,,,,1,0,,1,,
HND_002356,2011,1,1,,,,1,0,,1,,
HND_008124,2011,1,1,,,,1,0,,0,,
HND_006800,2011,1,1,,,,1,0,,0,,
HND_006216,2011,1,1,,,,1,0,,0,,
HND_009539,2011,1,1,,,,1,0,,0,,
HND_008049,2011,1,1,,,,1,0,,0,,
HND_013989,2011,1,1,,,,1,0,,0,,
HND_012959,2011,1,1,,,,1,0,,1,,
HND_003224,2011,1,1,,,,1,0,,0,,
HND_012427,2011,1,1,,,,1,0,,0,,
HND_000904,2011,1,1,,,,1,0,,0,,
HND_007281,2011,1,1,,,,1,0,,0,,
HND_002285,2011,1,1,,,,1,0,,0,,
HND_004281,2011,1,1,,,,1,0,,0,,
HND_012377,2011,1,1,,,,1,0,,0,,
HND_006797,2011,1,1,,,,1,0,,0,,
HND_007845,2011,1,1,,,,1,0,,0,,
HND_016098,2011,1,1,,,,1,0,,0,,
HND_010122,2011,1,1,,,,1,0,,0,,
HND_011069,2011,1,1,,,,1,0,,0,,
HND_001749,2011,1,1,,,,1,0,,1,,
HND_011116,2011,1,0,,,,1,0,,0,,
HND_007703,2011,1,1,,,,1,0,,0,,
HND_008000,2011,1,1,,,,1,0,,0,,
HND_011614,2011,1,1,,,,1,0,,0,,
HND_006295,2011,1,1,,,,1,0,,1,,
HND_002360,2011,1,1,,,,1,0,,1,,
HND_002057,2011,1,1,,,,1,0,,0,,
HND_008041,2011,1,1,,,,1,0,,1,,
HND_012086,2011,1,1,,,,1,0,,0,,
HND_011256,2011,1,1,,,,1,0,,0,,
HND_001726,2011,1,1,,,,1,0,,0,,
HND_015655,2011,1,1,,,,1,0,,1,,
HND_001056,2011,1,1,,,,1,0,,0,,
HND_007724,2011,0,0,,,,1,0,,0,,
HND_006027,2011,1,1,,,,1,0,,1,,
HND_004018,2011,1,1,,,,1,0,,1,,
HND_004020,2011,1,1,,,,1,1,,1,,
HND_000391,2011,1,1,,,,1,1,,1,,
HND_016311,2011,1,1,,,,1,1,,1,,
HND_016308,2011,1,1,,,,1,1,,1,,
HND_004155,2011,1,1,,,,1,1,,1,,
HND_002170,2011,1,1,,,,1,1,,1,,
HND_016270,2011,1,1,,,,1,0,,1,,
HND_005940,2011,1,1,,,,1,0,,1,,
HND_004716,2011,1,1,,,,1,0,,1,,
HND_010025,2011,1,1,,,,1,0,,0,,
HND_006271,2011,1,1,,,,1,0,,1,,
HND_001560,2011,1,1,,,,1,0,,0,,
HND_012863,2011,1,1,,,,1,0,,1,,
HND_001958,2011,1,1,,,,1,0,,1,,
HND_015176,2011,1,1,,,,1,0,,1,,
HND_010873,2011,1,1,,,,1,0,,1,,
HND_005635,2011,1,1,,,,1,0,,1,,
HND_013926,2011,1,1,,,,1,0,,0,,
HND_013395,2011,1,1,,,,1,0,,0,,
HND_010230,2011,1,1,,,,1,0,,0,,
HND_002684,2011,1,1,,,,1,1,,1,,
HND_003367,2011,1,1,,,,1,0,,0,,
HND_006288,2011,1,1,,,,1,0,,1,,
HND_009065,2011,1,0,,,,1,0,,1,,
HND_012258,2011,1,1,,,,1,1,,1,,
HND_013388,2011,1,0,,,,1,0,,1,,
HND_008022,2011,1,1,,,,1,0,,1,,
HND_009059,2011,1,1,,,,1,0,,1,,
HND_005578,2011,1,1,,,,1,0,,1,,
HND_015784,2011,1,1,,,,1,0,,1,,
HND_006496,2011,1,1,,,,1,0,,0,,
HND_003738,2011,1,1,,,,1,0,,0,,
HND_002459,2011,,,,,,,0,,0,,
HND_007006,2011,,,,,,,0,,0,,
HND_006526,2011,1,1,,,,1,0,,1,,
HND_012039,2011,1,1,,,,1,0,,0,,
HND_006585,2011,1,1,,,,1,0,,0,,
HND_016707,2011,1,1,,,,1,0,,0,,
HND_002750,2011,1,1,,,,0,0,,0,,
HND_004642,2011,1,1,,,,1,0,,1,,
HND_014642,2011,1,1,,,,1,0,,1,,
HND_016304,2011,1,1,,,,1,0,,1,,
HND_005504,2011,,,,,,,0,,0,,
HND_004708,2011,1,1,,,,1,1,,1,,
HND_010005,2011,1,0,,,,1,0,,0,,
HND_002208,2011,1,0,,,,1,0,,1,,
HND_006766,2011,1,1,,,,1,0,,0,,
HND_006486,2011,1,1,,,,1,0,,0,,
HND_006507,2011,1,1,,,,1,0,,0,,
HND_002227,2011,,,,,,,0,,0,,
HND_006580,2011,,,,,,,0,,0,,
HND_002228,2011,,,,,,,0,,0,,
HND_016741,2011,,,,,,,0,,0,,
HND_016740,2011,,,,,,,0,,0,,
HND_006568,2011,1,1,,,,1,0,,0,,
HND_005818,2011,1,1,,,,1,0,,0,,
HND_006614,2011,1,1,,,,1,0,,0,,
HND_006535,2011,1,1,,,,1,0,,0,,
HND_006534,2011,1,1,,,,0,0,,0,,
HND_006499,2011,1,1,,,,1,0,,0,,
HND_006543,2011,,,,,,,0,,0,,
HND_011458,2011,1,1,,,,1,0,,0,,
HND_000072,2011,,,,,,,0,,0,,
HND_010082,2011,1,1,,,,1,0,,0,,
HND_003975,2011,1,1,,,,1,0,,1,,
HND_005975,2011,1,1,,,,1,0,,1,,
HND_013922,2011,1,1,,,,1,0,,1,,
HND_012725,2011,1,1,,,,1,0,,0,,
HND_012873,2011,1,1,,,,1,0,,1,,
HND_013030,2011,1,1,,,,1,0,,0,,
HND_006506,2011,1,1,,,,1,0,,0,,
HND_006483,2011,,,,,,,0,,0,,
HND_006882,2011,1,1,,,,1,0,,0,,
HND_002475,2011,1,1,,,,1,0,,0,,
HND_006883,2011,1,1,,,,1,0,,0,,
HND_006860,2011,1,1,,,,1,0,,0,,
HND_006847,2011,1,1,,,,1,0,,0,,
HND_006746,2011,1,1,,,,1,0,,0,,
HND_006859,2011,1,1,,,,1,0,,0,,
HND_006900,2011,1,1,,,,1,0,,0,,
HND_006862,2011,1,1,,,,1,0,,0,,
HND_010869,2011,1,1,,,,1,0,,0,,
HND_006745,2011,1,1,,,,1,0,,0,,
HND_003745,2011,,,,,,,0,,0,,
HND_015349,2011,1,0,,,,1,0,,0,,
HND_000123,2011,1,0,,,,0,0,,0,,
HND_010255,2011,1,1,,,,1,0,,1,,
HND_014856,2011,1,1,,,,1,0,,1,,
HND_010254,2011,1,1,,,,1,1,,1,,
HND_010686,2011,1,1,,,,1,0,,1,,
HND_012020,2011,1,1,,,,1,0,,1,,
HND_014045,2011,,,,,,,0,,0,,
HND_001415,2011,1,1,,,,1,0,,1,,
HND_009311,2011,1,0,,,,1,0,,1,,
HND_000273,2011,0,0,,,,1,0,,1,,
HND_011549,2011,1,0,,,,1,0,,1,,
HND_015115,2011,1,1,,,,1,0,,1,,
HND_006287,2011,1,1,,,,1,0,,1,,
HND_006312,2011,1,1,,,,1,0,,1,,
HND_004014,2011,1,1,,,,1,0,,0,,
HND_003028,2011,1,1,,,,1,0,,1,,
HND_006309,2011,1,1,,,,1,0,,1,,
HND_006917,2011,1,1,,,,1,0,,0,,
HND_003984,2011,1,1,,,,1,0,,0,,
HND_013390,2011,1,1,,,,1,0,,1,,
HND_002198,2011,1,1,,,,1,0,,1,,
HND_004016,2011,1,1,,,,1,0,,1,,
HND_003829,2011,1,1,,,,1,1,,1,,
HND_006794,2011,1,1,,,,1,0,,0,,
HND_012060,2011,1,1,,,,1,0,,0,,
HND_002226,2011,1,1,,,,1,1,,1,,
HND_015109,2011,1,1,,,,0,0,,0,,
HND_015753,2011,,,,,,,0,,0,,
HND_002391,2011,1,1,,,,1,0,,0,,
HND_016264,2011,1,1,,,,1,0,,0,,
HND_001746,2011,,,,,,,0,,0,,
HND_001797,2011,,,,,,,0,,0,,
HND_001205,2011,,,,,,,0,,0,,
HND_003280,2011,,,,,,,0,,0,,
HND_003217,2011,,,,,,,0,,0,,
HND_005972,2011,,,,,,,0,,0,,
HND_006388,2011,,,,,,,0,,0,,
HND_009555,2011,1,0,,,,0,0,,0,,
HND_012040,2011,1,1,,,,1,0,,0,,
HND_015800,2011,0,0,,,,0,0,,0,,
HND_001621,2011,1,1,,,,1,0,,0,,
HND_002203,2011,,,,,,,0,,0,,
HND_003990,2011,,0,,,,1,0,,0,,
HND_015780,2011,1,1,,,,1,0,,1,,
HND_003720,2011,1,1,,,,1,0,,1,,
HND_015442,2011,0,0,,,,1,0,,0,,
HND_011730,2011,1,1,,,,1,0,,1,,
HND_003175,2011,,,,,,,0,,0,,
HND_002658,2011,,,,,,,0,,0,,
HND_006613,2011,1,1,,,,1,0,,0,,
HND_001864,2011,1,0,,,,1,0,,1,,
HND_001334,2011,,,,,,,0,,0,,
HND_002646,2011,1,1,,,,1,0,,1,,
HND_013375,2011,1,1,,,,1,0,,1,,
HND_008033,2011,1,1,,,,1,0,,1,,
HND_015034,2011,1,1,,,,1,0,,1,,
HND_015124,2011,1,1,,,,1,0,,0,,
HND_003589,2011,0,0,,,,0,0,,0,,
HND_016416,2011,,,,,,,0,,0,,
HND_013028,2011,,,,,,,0,,0,,
HND_002466,2011,,,,,,,0,,0,,
HND_002233,2011,,,,,,,0,,0,,
HND_003407,2011,1,1,,,,1,0,,0,,
HND_004029,2011,1,0,,,,1,0,,1,,
HND_010218,2011,1,1,,,,1,0,,0,,
HND_012583,2011,,,,,,,0,,0,,
HND_004306,2011,,,,,,,0,,0,,
HND_011672,2011,,,,,,,0,,0,,
HND_009982,2011,,,,,,,0,,0,,
HND_010443,2011,,,,,,,0,,0,,
HND_011642,2011,0,0,,,,1,0,,0,,
HND_000595,2011,1,1,,,,1,0,,1,,
HND_011579,2011,,,,,,,0,,0,,
HND_001784,2011,,,,,,,0,,0,,
HND_006899,2011,1,1,,,,1,0,,0,,
HND_006895,2011,1,1,,,,1,1,,0,,
HND_003136,2011,1,1,,,,1,0,,1,,
HND_001068,2011,,,,,,,0,,0,,
HND_006313,2011,0,0,,,,1,0,,1,,
HND_013795,2011,,,,,,,0,,0,,
HND_009307,2011,1,1,,,,1,0,,0,,
HND_016410,2011,1,1,,,,1,0,,0,,
HND_016826,2011,1,1,,,,1,0,,0,,
HND_004851,2011,,0,,,,1,0,,0,,
HND_015066,2011,,,,,,,0,,0,,
HND_013725,2011,,,,,,,0,,0,,
HND_006964,2011,,,,,,,0,,0,,
HND_012308,2011,,,,,,,0,,0,,
HND_002251,2011,1,1,,,,1,0,,0,,
HND_003013,2011,,,,,,,0,,0,,
HND_004321,2011,,,,,,,0,,0,,
HND_016147,2011,,,,,,,0,,0,,
HND_000747,2011,0,0,,,,1,0,,0,,
HND_003014,2011,,,,,,,0,,0,,
HND_012407,2011,1,1,,,,1,0,,0,,
HND_004890,2011,1,0,,,,0,0,,0,,
HND_011161,2011,,,,,,,0,,0,,
HND_009305,2011,,,,,,,0,,0,,
HND_015179,2011,1,1,,,,1,0,,0,,
HND_003747,2011,0,0,,,,1,0,,0,,
HND_007893,2011,,0,,,,1,0,,0,,
HND_015781,2011,,,,,,,0,,0,,
HND_010113,2011,,,,,,,0,,0,,
HND_004019,2011,1,1,,,,1,1,,0,,
HND_015295,2011,,,,,,,0,,0,,
HND_003715,2011,,,,,,,0,,0,,
HND_011928,2011,,,,,,,0,,0,,
HND_015757,2011,,,,,,,0,,0,,
HND_015713,2011,,,,,,,0,,0,,
HND_011399,2011,,,,,,,0,,0,,
HND_010059,2011,,,,,,,0,,0,,
HND_005896,2011,1,1,,,,1,0,,0,,
HND_004582,2011,,,,,,,0,,0,,
HND_001254,2011,1,1,,,,1,0,,0,,
HND_001800,2011,,,,,,,0,,0,,
HND_000919,2011,,,,,,,0,,0,,
HND_010447,2011,,,,,,,0,,0,,
HND_005596,2011,,,,,,,0,,0,,
HND_010072,2011,1,1,,,,1,1,,1,,
HND_016496,2011,,,,,,,0,,0,,
HND_003509,2011,,,,,,,0,,0,,
HND_016494,2011,,,,,,,0,,0,,
HND_001449,2011,,,,,,,0,,0,,
HND_013274,2011,,,,,,,0,,0,,
HND_001207,2011,,,,,,,0,,0,,
HND_016375,2011,,,,,,,0,,0,,
HND_012412,2011,1,1,,,,1,0,,1,,
HND_015171,2011,1,1,,,,0,0,,0,,
HND_016149,2011,,,,,,,0,,0,,
HND_016638,2011,1,1,,,,1,0,,0,,
HND_016037,2011,1,0,,,,0,0,,0,,
HND_004894,2011,1,1,,,,0,0,,0,,
HND_008562,2011,1,1,,,,1,0,,1,,
HND_008940,2011,1,1,,,,0,0,,0,,
HND_008262,2011,1,1,,,,1,0,,0,,
HND_007428,2011,1,1,,,,0,0,,0,,
HND_014285,2011,1,1,,,,1,0,,1,,
HND_009751,2011,1,0,,,,0,0,,0,,
HND_013742,2011,1,1,,,,1,0,,0,,
HND_015592,2011,,,,,,,0,,0,,
HND_005398,2011,,,,,,,0,,0,,
HND_016192,2011,,,,,,,0,,0,,
HND_007433,2011,,,,,,,0,,0,,
HND_015581,2011,,,,,,,0,,0,,
HND_008257,2011,,,,,,,0,,0,,
HND_000582,2011,,,,,,,0,,0,,
HND_006303,2011,1,1,,,,1,0,,1,,
HND_006594,2011,,,,,,,0,,0,,
HND_003008,2011,,,,,,,0,,0,,
HND_002263,2011,1,1,,,,1,0,,0,,
HND_004885,2011,1,1,,,,0,0,,0,,
HND_010697,2011,1,0,,,,0,0,,0,,
HND_001694,2011,,,,,,,0,,0,,
HND_003469,2011,1,1,,,,0,0,,0,,
HND_004042,2011,1,0,,,,0,0,,0,,
HND_014455,2011,,,,,,,0,,0,,
HND_015840,2011,,,,,,,0,,0,,
HND_000826,2011,1,1,,,,1,0,,1,,
HND_007468,2011,1,0,,,,1,0,,0,,
HND_008219,2011,1,0,,,,0,0,,0,,
HND_004828,2011,1,1,,,,0,0,,0,,
HND_016022,2011,1,1,,,,1,0,,0,,
HND_006721,2011,1,1,,,,1,0,,0,,
HND_013265,2011,1,1,,,,1,0,,0,,
HND_014306,2011,1,0,,,,1,0,,0,,
HND_008677,2011,1,1,,,,1,0,,1,,
HND_014437,2011,1,1,,,,1,0,,0,,
HND_003943,2011,1,1,,,,1,0,,1,,
HND_010658,2011,1,1,,,,1,0,,1,,
HND_008360,2011,1,0,,,,1,0,,0,,
HND_002045,2011,1,1,,,,1,0,,1,,
HND_000755,2011,1,0,,,,1,0,,1,,
HND_011825,2011,1,1,,,,1,0,,1,,
HND_009691,2011,1,1,,,,1,0,,0,,
HND_013364,2011,,0,,,,1,0,,0,,
HND_008395,2011,1,1,,,,1,0,,0,,
HND_004075,2011,1,0,,,,0,0,,0,,
HND_004816,2011,1,1,,,,1,0,,0,,
HND_008529,2011,1,1,,,,1,0,,0,,
HND_016812,2011,1,0,,,,0,0,,0,,
HND_003771,2011,1,1,,,,1,0,,0,,
HND_004814,2011,1,1,,,,1,0,,1,,
HND_013135,2011,1,0,,,,1,0,,0,,
HND_000724,2011,1,1,,,,1,0,,0,,
HND_000114,2011,1,1,,,,1,0,,0,,
HND_008613,2011,1,1,,,,1,0,,0,,
HND_003989,2011,1,0,,,,0,0,,0,,
HND_000774,2011,1,1,,,,1,0,,0,,
HND_013170,2011,1,1,,,,1,0,,1,,
HND_008792,2011,1,1,,,,1,0,,0,,
HND_007509,2011,1,1,,,,1,0,,0,,
HND_007510,2011,1,1,,,,0,0,,0,,
HND_000447,2011,1,0,,,,1,0,,0,,
HND_007491,2011,1,1,,,,1,0,,1,,
HND_000205,2011,1,1,,,,1,0,,0,,
HND_005481,2011,1,1,,,,1,0,,0,,
HND_001955,2011,1,0,,,,1,0,,0,,
HND_006127,2011,1,1,,,,1,0,,0,,
HND_015793,2011,1,1,,,,0,0,,0,,
HND_000291,2011,1,1,,,,1,0,,0,,
HND_000717,2011,1,1,,,,1,0,,1,,
HND_006720,2011,1,1,,,,1,0,,1,,
HND_002001,2011,1,1,,,,1,0,,1,,
HND_013935,2011,1,1,,,,1,0,,1,,
HND_015650,2011,1,1,,,,1,0,,0,,
HND_013930,2011,1,1,,,,1,0,,0,,
HND_000741,2011,1,1,,,,0,0,,0,,
HND_005825,2011,1,1,,,,1,0,,0,,
HND_005666,2011,1,1,,,,0,0,,0,,
HND_001307,2011,1,1,,,,1,0,,0,,
HND_003248,2011,1,1,,,,1,0,,0,,
HND_012240,2011,0,0,,,,1,0,,0,,
HND_000416,2011,1,1,,,,1,0,,0,,
HND_006143,2011,1,1,,,,1,0,,0,,
HND_003676,2011,,0,,,,0,0,,0,,
HND_006147,2011,1,1,,,,1,0,,0,,
HND_014692,2011,1,0,,,,0,0,,0,,
HND_011854,2011,1,0,,,,0,0,,0,,
HND_016012,2011,,,,,,,0,,0,,
HND_012214,2011,1,1,,,,1,0,,0,,
HND_004547,2011,,,,,,,0,,0,,
HND_012740,2011,,,,,,,0,,0,,
HND_015803,2011,,,,,,,0,,0,,
HND_005361,2011,1,1,,,,0,1,,1,,
HND_009744,2011,0,0,,,,0,0,,0,,
HND_009844,2011,1,1,,,,0,0,,0,,
HND_014309,2011,1,1,,,,1,0,,1,,
HND_007423,2011,1,1,,,,0,0,,0,,
HND_008503,2011,1,1,,,,0,0,,0,,
HND_009788,2011,1,0,,,,0,0,,0,,
HND_014312,2011,1,1,,,,1,0,,0,,
HND_004970,2011,1,1,,,,0,0,,0,,
HND_000659,2011,1,1,,,,0,0,,0,,
HND_008499,2011,1,1,,,,0,0,,0,,
HND_007409,2011,1,1,,,,0,0,,0,,
HND_004670,2011,1,1,,,,0,0,,0,,
HND_007303,2011,1,1,,,,0,0,,0,,
HND_011042,2011,1,0,,,,0,0,,0,,
HND_007356,2011,1,1,,,,0,0,,0,,
HND_000762,2011,1,0,,,,0,0,,0,,
HND_008817,2011,1,1,,,,0,0,,0,,
HND_002823,2011,1,1,,,,0,0,,0,,
HND_002188,2011,,0,,,,0,0,,0,,
HND_007112,2011,1,1,,,,0,0,,0,,
HND_004055,2011,1,1,,,,0,0,,0,,
HND_008949,2011,1,1,,,,0,0,,0,,
HND_004967,2011,1,1,,,,0,0,,0,,
HND_013160,2011,1,0,,,,0,0,,0,,
HND_007362,2011,1,1,,,,0,0,,0,,
HND_010688,2011,1,0,,,,0,0,,0,,
HND_010391,2011,1,1,,,,0,0,,0,,
HND_004961,2011,1,1,,,,0,0,,0,,
HND_004960,2011,1,0,,,,0,0,,0,,
HND_000758,2011,1,0,,,,0,0,,0,,
HND_013215,2011,1,0,,,,1,0,,0,,
HND_008598,2011,1,1,,,,1,0,,0,,
HND_008364,2011,1,1,,,,0,0,,0,,
HND_014899,2011,1,1,,,,0,0,,0,,
HND_009756,2011,1,1,,,,0,0,,0,,
HND_014332,2011,1,0,,,,0,0,,0,,
HND_005002,2011,1,1,,,,0,0,,0,,
HND_007980,2011,1,1,,,,0,0,,0,,
HND_016874,2011,1,0,,,,0,0,,0,,
HND_004999,2011,1,1,,,,0,0,,0,,
HND_001997,2011,1,1,,,,0,0,,0,,
HND_001251,2011,1,1,,,,0,0,,0,,
HND_008938,2011,1,1,,,,0,0,,0,,
HND_004997,2011,1,1,,,,0,0,,0,,
HND_006846,2011,1,1,,,,0,0,,0,,
HND_004104,2011,1,1,,,,1,0,,0,,
HND_001252,2011,1,1,,,,1,0,,0,,
HND_003410,2011,,,,,,,0,,0,,
HND_001692,2011,,,,,,,0,,0,,
HND_008382,2011,1,0,,,,0,0,,0,,
HND_003204,2011,,,,,,,0,,0,,
HND_014321,2011,,,,,,,0,,0,,
HND_014539,2011,1,0,,,,0,0,,0,,
HND_011011,2011,1,0,,,,0,0,,0,,
HND_010563,2011,,,,,,,0,,0,,
HND_008936,2011,,,,,,,0,,0,,
HND_015907,2011,,,,,,,0,,0,,
HND_001657,2011,,,,,,,0,,0,,
HND_012629,2011,1,1,,,,0,0,,0,,
HND_006128,2011,1,1,,,,0,0,,0,,
HND_009603,2011,1,1,,,,0,0,,0,,
HND_016458,2011,,,,,,,0,,0,,
HND_001795,2011,,,,,,,0,,0,,
HND_011128,2011,,,,,,,0,,0,,
HND_012625,2011,,,,,,,0,,0,,
HND_001701,2011,,,,,,,0,,0,,
HND_008939,2011,,,,,,,0,,0,,
HND_014477,2011,1,0,,,,0,0,,0,,
HND_001472,2011,1,0,,,,0,0,,0,,
HND_010076,2011,,,,,,,0,,0,,
HND_003012,2011,,,,,,,0,,0,,
HND_003011,2011,,,,,,,0,,0,,
HND_016483,2011,,,,,,,0,,0,,
HND_012141,2011,,,,,,,0,,0,,
HND_006124,2011,1,1,,,,0,0,,0,,
HND_010813,2011,1,1,,,,0,0,,0,,
HND_010562,2011,,,,,,,0,,0,,
HND_016087,2011,,,,,,,0,,0,,
HND_003460,2011,,,,,,,0,,0,,
HND_014785,2011,1,1,,,,1,0,,1,,
HND_003023,2011,1,1,,,,1,0,,0,,
HND_003587,2011,1,1,,,,1,0,,0,,
HND_007327,2011,1,1,,,,1,0,,0,,
HND_000165,2011,1,1,,,,1,0,,1,,
HND_008380,2011,1,1,,,,1,0,,1,,
HND_004205,2011,1,1,,,,1,0,,1,,
HND_010985,2011,1,1,,,,1,0,,1,,
HND_000799,2011,1,1,,,,1,0,,1,,
HND_008432,2011,1,1,,,,1,0,,1,,
HND_015061,2011,1,1,,,,1,0,,0,,
HND_002884,2011,1,1,,,,1,0,,0,,
HND_014665,2011,1,1,,,,1,0,,0,,
HND_011696,2011,1,1,,,,1,0,,0,,
HND_004510,2011,1,1,,,,1,0,,0,,
HND_014695,2011,1,0,,,,1,0,,0,,
HND_004949,2011,1,1,,,,0,0,,0,,
HND_011697,2011,1,1,,,,1,0,,0,,
HND_011637,2011,1,1,,,,1,0,,0,,
HND_002430,2011,1,1,,,,1,0,,0,,
HND_016309,2011,1,1,,,,1,0,,1,,
HND_006301,2011,1,1,,,,1,0,,1,,
HND_005962,2011,1,1,,,,1,0,,0,,
HND_000929,2011,1,1,,,,1,0,,0,,
HND_006577,2011,1,1,,,,1,0,,0,,
HND_006517,2011,1,1,,,,1,0,,0,,
HND_001123,2011,1,1,,,,1,0,,0,,
HND_016523,2011,1,1,,,,1,0,,0,,
HND_004071,2011,1,0,,,,0,0,,0,,
HND_006764,2011,1,1,,,,1,0,,0,,
HND_011604,2011,0,0,,,,1,0,,0,,
HND_014983,2011,0,0,,,,0,0,,0,,
HND_014700,2011,0,0,,,,0,0,,0,,
HND_011695,2011,1,0,,,,0,0,,0,,
HND_007892,2011,1,0,,,,1,0,,0,,
HND_006916,2011,1,1,,,,1,0,,0,,
HND_006921,2011,1,1,,,,0,0,,0,,
HND_009644,2011,1,1,,,,1,0,,1,,
HND_007403,2011,1,1,,,,0,0,,0,,
HND_014914,2011,1,1,,,,0,0,,0,,
HND_007405,2011,1,1,,,,0,0,,0,,
HND_007406,2011,1,1,,,,0,0,,0,,
HND_014736,2011,,0,,,,0,0,,0,,
HND_014953,2011,1,1,,,,1,0,,0,,
HND_002540,2011,1,1,,,,1,0,,0,,
HND_012998,2011,1,1,,,,0,0,,0,,
HND_013481,2011,1,1,,,,1,0,,1,,
HND_011098,2011,1,1,,,,0,0,,0,,
HND_014937,2011,1,1,,,,1,0,,0,,
HND_010264,2011,1,1,,,,1,0,,0,,
HND_000061,2011,1,1,,,,0,0,,0,,
HND_000077,2011,1,1,,,,1,0,,0,,
HND_003125,2011,1,1,,,,1,0,,0,,
HND_014760,2011,1,0,,,,0,0,,0,,
HND_008072,2011,1,0,,,,1,0,,0,,
HND_000370,2011,1,1,,,,0,0,,0,,
HND_000202,2011,1,0,,,,0,0,,0,,
HND_000201,2011,1,0,,,,0,0,,0,,
HND_000268,2011,1,1,,,,1,0,,1,,
HND_014064,2011,1,1,,,,0,0,,0,,
HND_014601,2011,1,1,,,,1,0,,1,,
HND_004054,2011,1,1,,,,0,0,,0,,
HND_002647,2011,1,1,,,,1,1,,1,,
HND_005906,2011,,0,,,,0,0,,0,,
HND_014716,2011,1,1,,,,1,0,,0,,
HND_015036,2011,1,1,,,,0,0,,0,,
HND_013994,2011,1,1,,,,0,0,,0,,
HND_014763,2011,1,1,,,,1,0,,0,,
HND_015356,2011,1,1,,,,0,0,,0,,
HND_006733,2011,1,1,,,,1,0,,0,,
HND_000013,2011,1,1,,,,0,0,,0,,
HND_014990,2011,0,0,,,,0,0,,0,,
HND_014740,2011,1,0,,,,0,0,,0,,
HND_014139,2011,1,0,,,,0,0,,0,,
HND_007793,2011,1,1,,,,0,0,,0,,
HND_014683,2011,1,1,,,,0,0,,0,,
HND_003724,2011,,0,,,,0,0,,0,,
HND_012410,2011,1,1,,,,1,0,,0,,
HND_002218,2011,1,0,,,,1,1,,1,,
HND_003734,2011,1,1,,,,1,0,,0,,
HND_006280,2011,1,1,,,,1,0,,1,,
HND_006609,2011,1,1,,,,1,0,,0,,
HND_006492,2011,1,1,,,,0,0,,0,,
HND_011577,2011,1,1,,,,1,0,,0,,
HND_006608,2011,1,1,,,,1,0,,0,,
HND_003605,2011,1,1,,,,0,0,,0,,
HND_004794,2011,,,,,,,0,,0,,
HND_003586,2011,1,1,,,,0,0,,0,,
HND_012876,2011,1,1,,,,1,0,,1,,
HND_014697,2011,1,1,,,,1,0,,0,,
HND_006874,2011,1,1,,,,1,0,,0,,
HND_004156,2011,,,,,,,0,,0,,
HND_015019,2011,1,1,,,,0,0,,0,,
HND_014752,2011,,0,,,,0,0,,0,,
HND_003910,2011,1,0,,,,1,0,,0,,
HND_002187,2011,1,1,,,,0,0,,0,,
HND_015826,2011,1,1,,,,1,0,,0,,
HND_000748,2011,1,1,,,,0,0,,0,,
HND_006747,2011,,,,,,,0,,0,,
HND_009296,2011,,,,,,,0,,0,,
HND_012200,2011,1,1,,,,1,0,,0,,
HND_010140,2011,,,,,,,0,,0,,
HND_012471,2011,,,,,,,0,,0,,
HND_013275,2011,,,,,,,0,,0,,
HND_012445,2011,,,,,,,0,,0,,
HND_016652,2011,1,1,,,,1,0,,0,,
HND_015905,2011,,0,,,,0,0,,0,,
HND_002222,2011,1,1,,,,1,1,,1,,
HND_006250,2011,1,1,,,,1,0,,1,,
HND_006281,2011,1,1,,,,1,0,,1,,
HND_011996,2011,1,1,,,,1,0,,0,,
HND_008531,2011,1,1,,,,0,0,,0,,
HND_002879,2011,1,1,,,,0,0,,0,,
HND_008207,2011,1,1,,,,0,0,,0,,
HND_014148,2011,1,1,,,,0,0,,0,,
HND_008644,2011,1,1,,,,1,0,,0,,
HND_012367,2011,1,1,,,,0,0,,0,,
HND_014699,2011,1,0,,,,0,0,,0,,
HND_012928,2011,1,1,,,,1,0,,0,,
HND_006505,2011,1,1,,,,0,0,,0,,
HND_006491,2011,0,0,,,,0,0,,0,,
HND_004789,2011,1,1,,,,1,0,,0,,
HND_015828,2011,1,1,,,,1,0,,0,,
HND_012104,2011,,,,,,,0,,0,,
HND_009571,2011,,,,,,,0,,0,,
HND_007453,2011,1,1,,,,1,0,,0,,
HND_002875,2011,1,1,,,,1,0,,0,,
HND_013557,2011,1,1,,,,0,0,,0,,
HND_009347,2011,1,0,,,,1,0,,0,,
HND_008081,2011,1,1,,,,1,0,,0,,
HND_006215,2011,1,1,,,,0,0,,0,,
HND_009169,2011,1,1,,,,1,0,,0,,
HND_008864,2011,1,1,,,,0,0,,0,,
HND_014441,2011,1,1,,,,0,0,,0,,
HND_008745,2011,1,1,,,,1,0,,0,,
HND_009677,2011,1,1,,,,1,0,,0,,
HND_013191,2011,0,0,,,,1,0,,0,,
HND_008216,2011,1,1,,,,1,0,,0,,
HND_014258,2011,1,0,,,,1,0,,0,,
HND_008038,2011,1,0,,,,0,0,,0,,
HND_011420,2011,1,0,,,,1,0,,0,,
HND_012865,2011,1,1,,,,1,0,,0,,
HND_005656,2011,1,1,,,,1,0,,1,,
HND_011962,2011,1,1,,,,1,0,,0,,
HND_006888,2011,,,,,,,0,,0,,
HND_006595,2011,,,,,,,0,,0,,
HND_007316,2011,1,0,,,,0,0,,0,,
HND_011694,2011,,0,,,,0,0,,0,,
HND_001769,2011,1,0,,,,0,0,,0,,
HND_007855,2011,,,,,,,0,,0,,
HND_016720,2011,1,0,,,,0,0,,0,,
HND_014461,2011,1,1,,,,1,0,,0,,
HND_006264,2011,1,1,,,,1,0,,1,,
HND_010687,2011,1,1,,,,1,0,,0,,
HND_014162,2011,1,1,,,,0,0,,0,,
HND_008546,2011,1,1,,,,1,0,,0,,
HND_005438,2011,1,1,,,,1,0,,0,,
HND_001389,2011,1,1,,,,0,0,,0,,
HND_011053,2011,1,1,,,,0,0,,0,,
HND_005269,2011,1,0,,,,0,0,,0,,
HND_009089,2011,,0,,,,0,0,,0,,
HND_008854,2011,1,1,,,,1,0,,0,,
HND_009762,2011,1,1,,,,0,0,,0,,
HND_005286,2011,1,1,,,,1,0,,0,,
HND_013404,2011,1,1,,,,1,0,,1,,
HND_000167,2011,1,1,,,,1,0,,0,,
HND_014303,2011,1,1,,,,0,0,,0,,
HND_008080,2011,1,1,,,,0,0,,0,,
HND_015829,2011,1,1,,,,1,0,,0,,
HND_001388,2011,1,1,,,,0,0,,0,,
HND_016590,2011,1,1,,,,0,0,,0,,
HND_008211,2011,1,1,,,,0,0,,0,,
HND_002510,2011,1,1,,,,1,0,,0,,
HND_005279,2011,1,1,,,,0,0,,0,,
HND_013810,2011,1,1,,,,0,0,,0,,
HND_007466,2011,1,0,,,,0,0,,0,,
HND_014357,2011,,0,,,,0,0,,0,,
HND_011286,2011,1,1,,,,0,0,,0,,
HND_007309,2011,1,1,,,,0,0,,0,,
HND_014898,2011,1,1,,,,1,0,,0,,
HND_007479,2011,1,1,,,,0,0,,0,,
HND_016626,2011,,0,,,,0,0,,0,,
HND_002153,2011,1,1,,,,1,0,,0,,
HND_010868,2011,1,0,,,,0,0,,0,,
HND_015464,2011,1,0,,,,0,0,,0,,
HND_003618,2011,1,0,,,,0,0,,0,,
HND_015743,2011,0,0,,,,0,0,,0,,
HND_009503,2011,1,1,,,,0,0,,0,,
HND_013883,2011,1,1,,,,1,0,,0,,
HND_015849,2011,1,1,,,,1,0,,1,,
HND_006599,2011,1,1,,,,0,0,,0,,
HND_010990,2011,1,1,,,,0,0,,0,,
HND_006516,2011,1,1,,,,1,0,,0,,
HND_014907,2011,1,0,,,,0,0,,0,,
HND_007400,2011,1,1,,,,0,0,,0,,
HND_016551,2011,1,1,,,,1,0,,0,,
HND_005213,2011,1,1,,,,1,0,,0,,
HND_005209,2011,1,0,,,,0,0,,0,,
HND_008365,2011,1,1,,,,0,0,,0,,
HND_007419,2011,1,0,,,,0,0,,0,,
HND_008352,2011,1,1,,,,0,0,,0,,
HND_009664,2011,1,0,,,,0,0,,0,,
HND_014307,2011,1,1,,,,0,0,,0,,
HND_014912,2011,1,0,,,,0,0,,0,,
HND_015839,2011,1,1,,,,0,0,,0,,
HND_008363,2011,1,1,,,,0,0,,0,,
HND_005453,2011,1,1,,,,0,0,,0,,
HND_006284,2011,1,1,,,,0,0,,0,,
HND_007389,2011,1,1,,,,0,0,,0,,
HND_009645,2011,,0,,,,0,0,,0,,
HND_005714,2011,,,,,,,0,,0,,
HND_003742,2011,1,1,,,,0,0,,0,,
HND_009225,2011,1,0,,,,0,0,,0,,
HND_005464,2011,1,1,,,,0,0,,0,,
HND_011782,2011,1,1,,,,1,0,,0,,
HND_011421,2011,1,1,,,,1,0,,0,,
HND_005234,2011,1,1,,,,0,0,,0,,
HND_011754,2011,1,1,,,,1,0,,0,,
HND_009027,2011,1,1,,,,1,0,,1,,
HND_005233,2011,1,1,,,,0,0,,0,,
HND_008437,2011,1,0,,,,0,0,,0,,
HND_008426,2011,1,1,,,,0,0,,0,,
HND_009806,2011,1,1,,,,1,0,,1,,
HND_007377,2011,1,1,,,,0,0,,0,,
HND_009817,2011,1,1,,,,1,0,,0,,
HND_002919,2011,1,0,,,,0,0,,0,,
HND_002918,2011,0,0,,,,0,0,,0,,
HND_013143,2011,1,0,,,,0,0,,0,,
HND_004634,2011,1,1,,,,0,0,,0,,
HND_007399,2011,1,1,,,,0,0,,0,,
HND_010353,2011,1,1,,,,1,0,,0,,
HND_006351,2011,1,1,,,,0,0,,0,,
HND_013949,2011,1,0,,,,0,0,,0,,
HND_005330,2011,1,1,,,,1,0,,0,,
HND_010824,2011,1,1,,,,1,0,,1,,
HND_015760,2011,1,1,,,,1,0,,0,,
HND_000392,2011,1,1,,,,1,0,,0,,
HND_011135,2011,1,1,,,,1,0,,0,,
HND_001305,2011,1,1,,,,0,0,,0,,
HND_009106,2011,1,1,,,,0,0,,0,,
HND_014487,2011,,,,,,,0,,0,,
HND_003099,2011,,,,,,,0,,0,,
HND_015984,2011,,,,,,,0,,0,,
HND_006911,2011,1,1,,,,0,0,,0,,
HND_016763,2011,1,1,,,,1,0,,0,,
HND_007774,2011,1,1,,,,0,0,,0,,
HND_000411,2011,1,1,,,,0,0,,0,,
HND_007783,2011,1,1,,,,1,0,,0,,
HND_002909,2011,1,1,,,,0,0,,0,,
HND_009526,2011,1,1,,,,1,1,,1,,
HND_010746,2011,1,1,,,,0,0,,0,,
HND_015289,2011,1,1,,,,1,0,,0,,
HND_013337,2011,1,1,,,,0,0,,0,,
HND_005300,2011,1,1,,,,1,0,,0,,
HND_010889,2011,1,1,,,,0,0,,0,,
HND_013266,2011,1,1,,,,1,0,,0,,
HND_007410,2011,1,1,,,,0,0,,0,,
HND_008796,2011,1,1,,,,0,0,,0,,
HND_000822,2011,1,0,,,,0,0,,0,,
HND_014872,2011,,0,,,,0,0,,0,,
HND_016537,2011,1,1,,,,1,0,,0,,
HND_002907,2011,1,1,,,,0,0,,0,,
HND_005318,2011,1,0,,,,0,0,,0,,
HND_015015,2011,1,1,,,,0,0,,0,,
HND_002906,2011,1,0,,,,0,0,,0,,
HND_009782,2011,1,1,,,,0,0,,0,,
HND_015046,2011,1,1,,,,1,0,,0,,
HND_003282,2011,1,1,,,,1,0,,0,,
HND_016411,2011,1,0,,,,0,0,,0,,
HND_014443,2011,1,1,,,,1,0,,0,,
HND_008134,2011,1,0,,,,0,0,,0,,
HND_002903,2011,1,0,,,,0,0,,0,,
HND_002393,2011,1,1,,,,0,0,,0,,
HND_009122,2011,1,1,,,,0,0,,0,,
HND_009120,2011,1,1,,,,0,0,,0,,
HND_016536,2011,1,0,,,,0,0,,0,,
HND_015394,2011,1,1,,,,0,0,,0,,
HND_005966,2011,1,1,,,,0,0,,0,,
HND_005726,2011,1,1,,,,1,0,,0,,
HND_016047,2011,1,1,,,,1,0,,1,,
HND_016541,2011,1,0,,,,0,0,,0,,
HND_009121,2011,1,0,,,,0,0,,0,,
HND_010854,2011,1,0,,,,0,0,,0,,
HND_009774,2011,0,0,,,,0,0,,0,,
HND_008394,2011,1,1,,,,0,0,,0,,
HND_009119,2011,1,0,,,,0,0,,0,,
HND_001322,2011,1,1,,,,0,0,,0,,
HND_004675,2011,1,1,,,,0,0,,0,,
HND_013113,2011,,,,,,,0,,0,,
HND_000588,2011,,,,,,,0,,0,,
HND_012574,2011,,,,,,,0,,0,,
HND_001531,2011,,,,,,,0,,0,,
HND_014774,2011,1,0,,,,0,0,,0,,
HND_011745,2011,1,1,,,,1,0,,0,,
HND_010950,2011,1,1,,,,0,0,,0,,
HND_012723,2011,1,1,,,,0,0,,0,,
HND_000139,2011,1,0,,,,1,0,,0,,
HND_015196,2011,1,1,,,,1,0,,0,,
HND_007108,2011,1,1,,,,1,0,,0,,
HND_009545,2011,1,0,,,,0,0,,0,,
HND_005367,2011,1,1,,,,0,0,,0,,
HND_014830,2011,1,1,,,,1,0,,0,,
HND_003346,2011,1,0,,,,0,0,,0,,
HND_001523,2011,1,1,,,,0,0,,0,,
HND_012406,2011,1,1,,,,1,0,,0,,
HND_014592,2011,1,1,,,,1,0,,0,,
HND_012582,2011,,,,,,,0,,0,,
HND_006297,2011,1,1,,,,1,0,,1,,
HND_004033,2011,1,1,,,,1,0,,1,,
HND_016403,2011,,0,,,,1,0,,0,,
HND_009740,2011,1,1,,,,0,0,,0,,
HND_014845,2011,1,1,,,,0,0,,0,,
HND_007094,2011,1,1,,,,1,0,,0,,
HND_010547,2011,1,1,,,,0,0,,0,,
HND_008564,2011,1,1,,,,0,0,,0,,
HND_009077,2011,1,1,,,,1,0,,0,,
HND_014536,2011,1,1,,,,0,0,,0,,
HND_015556,2011,1,0,,,,0,0,,0,,
HND_015504,2011,1,0,,,,0,0,,0,,
HND_007906,2011,1,1,,,,0,0,,0,,
HND_013909,2011,1,1,,,,1,0,,0,,
HND_005097,2011,1,0,,,,0,0,,0,,
HND_013924,2011,1,1,,,,1,0,,0,,
HND_008868,2011,1,0,,,,0,0,,0,,
HND_000552,2011,1,0,,,,0,0,,0,,
HND_016340,2011,1,1,,,,1,0,,0,,
HND_006564,2011,1,1,,,,1,0,,0,,
HND_007834,2011,1,0,,,,0,0,,0,,
HND_011947,2011,1,1,,,,0,0,,0,,
HND_011379,2011,,,,,,,0,,0,,
HND_004149,2011,1,1,,,,0,0,,0,,
HND_013791,2011,1,1,,,,0,0,,0,,
HND_009093,2011,1,1,,,,0,0,,0,,
HND_009521,2011,1,1,,,,0,0,,0,,
HND_011130,2011,1,1,,,,0,0,,0,,
HND_016223,2011,,,,,,,0,,0,,
HND_014518,2011,,,,,,,0,,0,,
HND_012397,2011,,,,,,,0,,0,,
HND_002438,2011,,,,,,,0,,0,,
HND_001079,2011,,,,,,,0,,0,,
HND_000130,2011,1,1,,,,1,0,,1,,
HND_000056,2011,1,1,,,,1,0,,0,,
HND_007367,2011,1,1,,,,1,0,,1,,
HND_005056,2011,1,1,,,,1,0,,1,,
HND_000066,2011,1,1,,,,1,0,,0,,
HND_000311,2011,1,1,,,,1,0,,0,,
HND_016558,2011,1,1,,,,1,0,,0,,
HND_004201,2011,1,1,,,,0,0,,0,,
HND_011297,2011,1,1,,,,1,0,,0,,
HND_007364,2011,1,1,,,,1,0,,0,,
HND_002872,2011,1,1,,,,1,0,,0,,
HND_008375,2011,1,1,,,,1,0,,0,,
HND_015155,2011,1,1,,,,0,0,,0,,
HND_000844,2011,1,1,,,,1,0,,0,,
HND_002495,2011,1,1,,,,1,0,,0,,
HND_005016,2011,1,1,,,,0,0,,0,,
HND_000021,2011,1,1,,,,1,0,,0,,
HND_013893,2011,,0,,,,1,0,,0,,
HND_015522,2011,1,1,,,,1,0,,0,,
HND_000279,2011,1,1,,,,1,0,,0,,
HND_011903,2011,1,1,,,,0,0,,0,,
HND_013291,2011,1,1,,,,1,0,,0,,
HND_011787,2011,1,1,,,,0,0,,0,,
HND_003641,2011,1,1,,,,1,0,,0,,
HND_012864,2011,1,1,,,,1,0,,0,,
HND_014000,2011,1,1,,,,1,0,,1,,
HND_008018,2011,1,1,,,,1,0,,0,,
HND_008708,2011,1,1,,,,0,0,,0,,
HND_015537,2011,1,1,,,,1,0,,0,,
HND_006531,2011,1,1,,,,1,0,,0,,
HND_003677,2011,1,1,,,,1,0,,0,,
HND_004713,2011,1,1,,,,1,0,,0,,
HND_011230,2011,1,1,,,,0,0,,0,,
HND_002286,2011,1,1,,,,0,0,,0,,
HND_003685,2011,1,1,,,,1,0,,0,,
HND_003448,2011,1,1,,,,1,0,,0,,
HND_006078,2011,1,1,,,,1,0,,0,,
HND_012632,2011,,,,,,,0,,0,,
HND_016199,2011,,,,,,,0,,0,,
HND_004557,2011,1,1,,,,1,0,,0,,
HND_004488,2011,0,0,,,,0,0,,0,,
HND_015136,2011,1,1,,,,0,0,,0,,
HND_011646,2011,,,,,,,0,,0,,
HND_003284,2011,1,1,,,,1,0,,0,,
HND_012105,2011,,,,,,,0,,0,,
HND_011621,2011,,,,,,,0,,0,,
HND_012667,2011,,,,,,,0,,0,,
HND_012299,2011,,,,,,,0,,0,,
HND_016341,2011,1,1,,,,0,0,,0,,
HND_016139,2011,1,1,,,,1,0,,0,,
HND_003271,2011,,,,,,,0,,0,,
HND_004674,2011,1,1,,,,1,0,,1,,
HND_006471,2011,,,,,,,0,,0,,
HND_007486,2011,1,0,,,,0,0,,0,,
HND_011788,2011,0,0,,,,0,0,,0,,
HND_015132,2011,1,1,,,,0,0,,0,,
HND_007482,2011,,0,,,,0,0,,0,,
HND_000146,2011,1,0,,,,0,0,,0,,
HND_009443,2011,1,0,,,,0,0,,0,,
HND_002509,2011,1,1,,,,0,0,,0,,
HND_014244,2011,1,1,,,,0,0,,0,,
HND_015291,2011,1,0,,,,1,0,,0,,
HND_005450,2011,1,1,,,,1,0,,0,,
HND_008822,2011,1,1,,,,0,0,,0,,
HND_008191,2011,1,1,,,,1,0,,1,,
HND_000651,2011,1,0,,,,0,0,,0,,
HND_011789,2011,0,0,,,,0,0,,0,,
HND_009625,2011,1,0,,,,1,0,,0,,
HND_005175,2011,1,1,,,,0,0,,0,,
HND_002839,2011,1,1,,,,1,0,,0,,
HND_014818,2011,1,0,,,,0,0,,0,,
HND_002462,2011,1,0,,,,0,0,,0,,
HND_008839,2011,,0,,,,0,0,,0,,
HND_007473,2011,1,0,,,,0,0,,0,,
HND_005170,2011,1,0,,,,0,0,,0,,
HND_002014,2011,1,1,,,,1,0,,0,,
HND_002838,2011,,0,,,,1,0,,0,,
HND_004080,2011,1,1,,,,0,0,,0,,
HND_010608,2011,1,1,,,,0,0,,0,,
HND_003186,2011,1,1,,,,1,0,,0,,
HND_003493,2011,1,1,,,,0,0,,0,,
HND_006861,2011,,,,,,,0,,0,,
HND_002262,2011,1,1,,,,1,0,,0,,
HND_000585,2011,,,,,,,0,,0,,
HND_009568,2011,,,,,,,0,,0,,
HND_001700,2011,,,,,,,0,,0,,
HND_005502,2011,,,,,,,0,,0,,
HND_015069,2011,,,,,,,0,,0,,
HND_016129,2011,,,,,,,0,,0,,
HND_001478,2011,,,,,,,0,,0,,
HND_016514,2011,1,1,,,,0,0,,0,,
HND_009696,2011,1,0,,,,0,0,,0,,
HND_015739,2011,1,1,,,,1,0,,0,,
HND_014493,2011,,,,,,,0,,0,,
HND_000960,2011,,,,,,,0,,0,,
HND_015846,2011,,,,,,,0,,0,,
HND_009395,2011,,,,,,,0,,0,,
HND_003005,2011,,,,,,,0,,0,,
HND_013282,2011,,,,,,,0,,0,,
HND_003243,2011,,,,,,,0,,0,,
HND_016306,2011,1,1,,,,1,0,,0,,
HND_011052,2011,1,1,,,,1,0,,0,,
HND_005186,2011,1,1,,,,1,0,,1,,
HND_009720,2011,1,0,,,,1,0,,0,,
HND_000797,2011,1,1,,,,1,0,,1,,
HND_003908,2011,1,0,,,,1,0,,0,,
HND_011790,2011,1,1,,,,1,0,,0,,
HND_005155,2011,0,0,,,,1,0,,0,,
HND_008387,2011,1,1,,,,1,0,,0,,
HND_013327,2011,1,1,,,,1,0,,0,,
HND_007500,2011,1,1,,,,1,0,,0,,
HND_015570,2011,1,0,,,,1,0,,0,,
HND_013003,2011,1,1,,,,1,0,,0,,
HND_000266,2011,1,1,,,,1,0,,0,,
HND_005683,2011,1,0,,,,1,0,,1,,
HND_000094,2011,1,1,,,,1,0,,0,,
HND_013500,2011,1,1,,,,1,0,,0,,
HND_007778,2011,1,0,,,,1,0,,0,,
HND_004224,2011,1,1,,,,0,0,,0,,
HND_005570,2011,,0,,,,0,0,,0,,
HND_016634,2011,1,1,,,,1,0,,0,,
HND_002506,2011,1,1,,,,1,0,,0,,
HND_002837,2011,1,1,,,,1,0,,0,,
HND_004544,2011,1,1,,,,1,0,,1,,
HND_008554,2011,1,1,,,,1,0,,0,,
HND_008878,2011,1,1,,,,1,0,,0,,
HND_010387,2011,1,1,,,,1,0,,0,,
HND_008548,2011,1,0,,,,1,0,,0,,
HND_008702,2011,1,1,,,,1,0,,0,,
HND_011997,2011,1,1,,,,1,0,,0,,
HND_011006,2011,1,1,,,,1,0,,0,,
HND_009717,2011,0,0,,,,1,0,,0,,
HND_002835,2011,1,1,,,,0,0,,0,,
HND_015831,2011,1,0,,,,0,0,,0,,
HND_003498,2011,1,1,,,,1,0,,0,,
HND_007937,2011,1,1,,,,0,0,,0,,
HND_007780,2011,1,1,,,,1,0,,0,,
HND_002259,2011,1,1,,,,0,0,,0,,
HND_000982,2011,1,1,,,,1,0,,0,,
HND_000876,2011,,0,,,,0,0,,0,,
HND_015532,2011,1,0,,,,1,0,,0,,
HND_006482,2011,1,1,,,,1,0,,0,,
HND_002117,2011,1,0,,,,1,0,,0,,
HND_006570,2011,1,1,,,,1,0,,0,,
HND_016187,2011,,,,,,,0,,0,,
HND_014453,2011,1,1,,,,1,0,,0,,
HND_005995,2011,1,1,,,,1,0,,1,,
HND_002122,2011,1,1,,,,1,0,,0,,
HND_004086,2011,,0,,,,1,0,,0,,
HND_004228,2011,1,1,,,,1,0,,1,,
HND_015212,2011,1,1,,,,1,0,,1,,
HND_008260,2011,1,1,,,,0,0,,0,,
HND_000495,2011,1,0,,,,1,0,,0,,
HND_001404,2011,1,1,,,,1,0,,0,,
HND_013209,2011,1,1,,,,0,0,,0,,
HND_007427,2011,1,1,,,,0,0,,0,,
HND_002844,2011,1,1,,,,1,0,,1,,
HND_011793,2011,0,0,,,,1,0,,1,,
HND_005138,2011,1,1,,,,1,0,,1,,
HND_004096,2011,1,1,,,,1,0,,0,,
HND_005136,2011,0,0,,,,1,0,,0,,
HND_002834,2011,1,1,,,,1,0,,0,,
HND_006715,2011,1,1,,,,1,0,,0,,
HND_002012,2011,1,1,,,,1,0,,0,,
HND_010555,2011,1,1,,,,1,0,,1,,
HND_006493,2011,1,1,,,,1,0,,0,,
HND_012443,2011,1,0,,,,0,0,,0,,
HND_013063,2011,1,1,,,,1,0,,0,,
HND_010872,2011,1,1,,,,1,0,,0,,
HND_003946,2011,,0,,,,0,0,,0,,
HND_006293,2011,1,1,,,,1,0,,1,,
HND_000584,2011,,,,,,,0,,0,,
HND_000999,2011,1,0,,,,0,0,,0,,
HND_001020,2011,,,,,,,0,,0,,
HND_014975,2011,1,0,,,,1,0,,1,,
HND_011101,2011,0,0,,,,1,0,,0,,
HND_005042,2011,1,1,,,,1,0,,0,,
HND_008172,2011,1,1,,,,1,0,,0,,
HND_002830,2011,1,0,,,,0,0,,0,,
HND_013173,2011,1,0,,,,1,0,,0,,
HND_015674,2011,1,1,,,,1,0,,0,,
HND_006488,2011,1,0,,,,1,0,,0,,
HND_006738,2011,1,1,,,,0,0,,0,,
HND_005084,2011,1,1,,,,1,0,,0,,
HND_012630,2011,,,,,,,0,,0,,
HND_001217,2011,,,,,,,0,,0,,
HND_015706,2011,1,0,,,,1,1,,1,,
HND_016028,2011,1,1,,,,1,0,,0,,
HND_005074,2011,1,1,,,,1,0,,0,,
HND_011004,2011,1,1,,,,1,0,,1,,
HND_005076,2011,1,1,,,,1,0,,0,,
HND_009051,2011,1,1,,,,1,0,,0,,
HND_014400,2011,1,1,,,,1,0,,0,,
HND_014849,2011,1,1,,,,1,0,,0,,
HND_007449,2011,1,1,,,,1,0,,0,,
HND_002846,2011,1,1,,,,1,0,,0,,
HND_003921,2011,1,1,,,,1,0,,0,,
HND_013764,2011,1,1,,,,1,0,,0,,
HND_015705,2011,1,1,,,,1,0,,0,,
HND_006508,2011,1,1,,,,1,0,,1,,
HND_006549,2011,1,1,,,,1,0,,0,,
HND_006616,2011,1,1,,,,1,0,,0,,
HND_006844,2011,1,1,,,,1,0,,0,,
HND_005571,2011,1,1,,,,1,0,,0,,
HND_005253,2011,,0,,,,0,0,,0,,
HND_004108,2011,1,1,,,,1,0,,1,,
HND_004687,2011,1,1,,,,1,0,,1,,
HND_004008,2011,1,1,,,,0,0,,0,,
HND_009636,2011,1,1,,,,1,0,,0,,
HND_000812,2011,1,1,,,,1,0,,0,,
HND_005960,2011,1,1,,,,0,0,,0,,
HND_000784,2011,1,1,,,,1,0,,0,,
HND_001541,2011,1,1,,,,1,0,,0,,
HND_005215,2011,1,1,,,,1,0,,0,,
HND_000756,2011,1,1,,,,1,0,,0,,
HND_008230,2011,1,1,,,,1,0,,0,,
HND_013820,2011,1,1,,,,0,0,,0,,
HND_000757,2011,1,1,,,,1,0,,1,,
HND_005301,2011,1,1,,,,0,0,,0,,
HND_000497,2011,1,1,,,,1,0,,0,,
HND_002313,2011,1,1,,,,0,0,,0,,
HND_009692,2011,1,1,,,,1,0,,1,,
HND_003193,2011,1,0,,,,1,0,,0,,
HND_005012,2011,1,1,,,,1,0,,0,,
HND_011427,2011,1,1,,,,1,0,,0,,
HND_008050,2011,1,1,,,,0,0,,0,,
HND_015042,2011,1,1,,,,1,0,,0,,
HND_003397,2011,1,1,,,,1,0,,0,,
HND_006533,2011,,,,,,,0,,0,,
HND_012955,2011,1,1,,,,0,0,,0,,
HND_005354,2011,1,1,,,,1,0,,0,,
HND_003749,2011,0,0,,,,1,0,,0,,
HND_014644,2011,1,1,,,,1,0,,0,,
HND_015009,2011,1,1,,,,0,0,,0,,
HND_005133,2011,1,1,,,,0,0,,0,,
HND_006530,2011,1,1,,,,1,0,,0,,
HND_003379,2011,1,1,,,,1,0,,0,,
HND_010090,2011,1,1,,,,0,0,,0,,
HND_016585,2011,1,1,,,,0,0,,0,,
HND_009999,2011,1,1,,,,1,0,,0,,
HND_013393,2011,1,1,,,,1,0,,1,,
HND_005141,2011,1,1,,,,1,0,,1,,
HND_015836,2011,1,1,,,,1,0,,0,,
HND_001635,2011,1,1,,,,1,0,,0,,
HND_003755,2011,1,1,,,,0,0,,0,,
HND_012924,2011,,,,,,,0,,0,,
HND_002062,2011,,,,,,,0,,0,,
HND_012628,2011,1,1,,,,0,0,,0,,
HND_006783,2011,1,1,,,,1,0,,0,,
HND_004690,2011,,,,,,,0,,0,,
HND_006776,2011,1,1,,,,1,0,,0,,
HND_006209,2011,1,1,,,,1,0,,0,,
HND_006201,2011,1,1,,,,1,0,,0,,
HND_003299,2011,1,1,,,,1,0,,0,,
HND_004689,2011,1,1,,,,1,0,,0,,
HND_012971,2011,,,,,,,0,,0,,
HND_011931,2011,,,,,,,0,,0,,
HND_006226,2011,1,1,,,,1,0,,1,,
HND_010621,2011,1,1,,,,1,0,,0,,
HND_005557,2011,1,1,,,,1,0,,0,,
HND_010986,2011,1,1,,,,1,0,,0,,
HND_016345,2011,1,1,,,,1,0,,0,,
HND_014227,2011,1,1,,,,1,0,,0,,
HND_003135,2011,0,0,,,,1,0,,0,,
HND_003470,2011,1,1,,,,1,0,,0,,
HND_013973,2011,1,0,,,,0,0,,0,,
HND_004588,2011,,0,,,,0,0,,0,,
HND_011535,2011,0,0,,,,0,0,,0,,
HND_002997,2011,,,,,,,0,,0,,
HND_006433,2011,1,1,,,,1,0,,0,,
HND_001709,2011,1,1,,,,1,0,,0,,
HND_014246,2011,1,1,,,,1,0,,0,,
HND_000223,2011,1,1,,,,1,0,,1,,
HND_011798,2011,1,1,,,,1,0,,0,,
HND_013530,2011,1,0,,,,0,0,,0,,
HND_008843,2011,1,1,,,,1,0,,1,,
HND_005164,2011,1,1,,,,1,0,,0,,
HND_000654,2011,1,1,,,,0,0,,0,,
HND_003457,2011,1,1,,,,1,0,,1,,
HND_013790,2011,1,1,,,,1,0,,1,,
HND_014932,2011,1,0,,,,1,0,,0,,
HND_007394,2011,1,1,,,,1,0,,1,,
HND_009660,2011,1,1,,,,1,0,,0,,
HND_001260,2011,1,1,,,,1,0,,0,,
HND_015818,2011,1,1,,,,1,0,,1,,
HND_006489,2011,0,0,,,,1,0,,0,,
HND_006519,2011,1,1,,,,1,0,,0,,
HND_006558,2011,1,1,,,,1,0,,0,,
HND_006827,2011,1,1,,,,1,0,,0,,
HND_012100,2011,1,1,,,,1,0,,0,,
HND_004188,2011,,,,,,,0,,0,,
HND_000591,2011,,,,,,,0,,0,,
HND_003399,2011,1,1,,,,1,0,,0,,
HND_004119,2011,1,1,,,,1,0,,1,,
HND_010953,2011,1,1,,,,1,0,,0,,
HND_011057,2011,1,1,,,,0,0,,0,,
HND_002857,2011,1,1,,,,1,0,,0,,
HND_004082,2011,1,1,,,,1,0,,0,,
HND_009511,2011,1,1,,,,1,0,,0,,
HND_004546,2011,1,1,,,,1,0,,0,,
HND_000143,2011,1,1,,,,0,0,,0,,
HND_015832,2011,1,1,,,,1,0,,1,,
HND_015833,2011,1,1,,,,1,0,,0,,
HND_006561,2011,1,1,,,,1,0,,0,,
HND_006500,2011,1,1,,,,1,0,,0,,
HND_011254,2011,1,1,,,,0,0,,0,,
HND_014476,2011,,,,,,,0,,0,,
HND_008328,2011,0,0,,,,1,0,,0,,
HND_005605,2011,,,,,,,0,,0,,
HND_005872,2011,1,0,,,,0,0,,0,,
HND_003930,2011,1,1,,,,1,0,,1,,
HND_016612,2011,1,0,,,,1,0,,0,,
HND_007741,2011,1,0,,,,0,0,,0,,
HND_014827,2011,1,1,,,,1,0,,0,,
HND_005085,2011,1,1,,,,1,0,,0,,
HND_009708,2011,1,0,,,,0,0,,0,,
HND_008898,2011,1,1,,,,1,0,,1,,
HND_001378,2011,1,1,,,,0,0,,0,,
HND_001165,2011,1,1,,,,1,0,,0,,
HND_014804,2011,1,0,,,,1,0,,0,,
HND_005682,2011,1,1,,,,1,0,,0,,
HND_008409,2011,1,1,,,,1,0,,0,,
HND_006993,2011,1,1,,,,0,0,,0,,
HND_003805,2011,,0,,,,0,0,,0,,
HND_007084,2011,1,1,,,,0,0,,0,,
HND_008334,2011,,0,,,,0,0,,0,,
HND_008335,2011,1,0,,,,1,0,,0,,
HND_010381,2011,1,1,,,,1,0,,1,,
HND_008404,2011,1,0,,,,0,0,,0,,
HND_004341,2011,1,1,,,,1,0,,0,,
HND_010379,2011,1,1,,,,1,0,,0,,
HND_005094,2011,1,1,,,,1,0,,0,,
HND_004109,2011,1,1,,,,1,0,,0,,
HND_008338,2011,1,1,,,,1,0,,1,,
HND_000215,2011,1,0,,,,1,0,,0,,
HND_012168,2011,1,0,,,,1,0,,0,,
HND_002177,2011,1,1,,,,1,0,,0,,
HND_008688,2011,1,1,,,,1,0,,1,,
HND_004122,2011,1,1,,,,1,1,,1,,
HND_007302,2011,1,0,,,,1,0,,1,,
HND_001535,2011,1,1,,,,1,0,,0,,
HND_000499,2011,1,1,,,,1,0,,1,,
HND_005729,2011,0,0,,,,0,0,,0,,
HND_006521,2011,1,1,,,,1,0,,0,,
HND_006494,2011,1,1,,,,1,0,,0,,
HND_006511,2011,1,1,,,,1,0,,0,,
HND_015932,2011,,0,,,,0,0,,0,,
HND_001857,2011,1,1,,,,1,0,,0,,
HND_013014,2011,1,0,,,,0,0,,0,,
HND_006490,2011,1,1,,,,1,0,,0,,
HND_006527,2011,1,1,,,,0,0,,0,,
HND_006894,2011,1,1,,,,1,0,,0,,
HND_012202,2011,1,1,,,,0,0,,0,,
HND_006135,2011,1,1,,,,1,0,,0,,
HND_009336,2011,1,1,,,,1,0,,0,,
HND_011405,2011,1,1,,,,1,0,,0,,
HND_002595,2011,1,1,,,,1,0,,0,,
HND_003298,2011,1,1,,,,1,0,,0,,
HND_001874,2011,1,1,,,,1,0,,0,,
HND_016077,2011,1,1,,,,0,0,,0,,
HND_007099,2011,1,1,,,,1,0,,0,,
HND_006994,2011,0,0,,,,1,0,,0,,
HND_015350,2011,,0,,,,0,0,,0,,
HND_006891,2011,1,1,,,,1,0,,0,,
HND_010806,2011,1,1,,,,1,0,,1,,
HND_016302,2011,1,1,,,,1,0,,1,,
HND_001656,2011,1,1,,,,1,0,,0,,
HND_009951,2011,1,1,,,,1,0,,0,,
HND_016555,2011,,,,,,,0,,0,,
HND_004318,2011,,,,,,,0,,0,,
HND_015056,2011,,,,,,,0,,0,,
HND_008486,2011,1,1,,,,1,0,,1,,
HND_015947,2011,1,1,,,,1,0,,1,,
HND_014773,2011,1,1,,,,1,0,,1,,
HND_005314,2011,1,1,,,,1,0,,0,,
HND_008319,2011,1,1,,,,1,0,,0,,
HND_002850,2011,1,1,,,,1,0,,1,,
HND_005246,2011,1,1,,,,1,0,,1,,
HND_009634,2011,1,1,,,,1,0,,0,,
HND_010948,2011,1,1,,,,1,0,,0,,
HND_001873,2011,1,1,,,,1,0,,0,,
HND_001772,2011,1,1,,,,1,0,,0,,
HND_016296,2011,1,1,,,,1,0,,0,,
HND_007169,2011,1,1,,,,1,0,,0,,
HND_007720,2011,,0,,,,1,0,,0,,
HND_016672,2011,,0,,,,1,0,,0,,
HND_003483,2011,1,1,,,,1,0,,0,,
HND_001090,2011,,,,,,,0,,0,,
HND_010100,2011,1,1,,,,1,0,,1,,
HND_013347,2011,1,1,,,,1,0,,1,,
HND_009021,2011,1,1,,,,1,0,,1,,
HND_010942,2011,1,1,,,,1,0,,0,,
HND_010669,2011,1,1,,,,1,0,,1,,
HND_005216,2011,1,1,,,,0,0,,0,,
HND_016622,2011,1,1,,,,1,0,,0,,
HND_005220,2011,1,1,,,,1,0,,0,,
HND_014901,2011,,0,,,,1,0,,0,,
HND_009638,2011,1,1,,,,1,0,,0,,
HND_003142,2011,1,1,,,,0,0,,0,,
HND_011902,2011,1,1,,,,1,0,,0,,
HND_006362,2011,1,1,,,,1,0,,0,,
HND_001457,2011,1,1,,,,1,0,,1,,
HND_005929,2011,1,1,,,,1,0,,0,,
HND_005950,2011,1,1,,,,1,0,,1,,
HND_006562,2011,1,1,,,,1,0,,0,,
HND_016869,2011,1,1,,,,1,0,,0,,
HND_004023,2011,,,,,,,0,,0,,
HND_009342,2011,1,1,,,,0,0,,0,,
HND_009586,2011,,,,,,,0,,0,,
HND_011801,2011,1,1,,,,1,0,,1,,
HND_013415,2011,1,1,,,,1,0,,0,,
HND_009649,2011,1,1,,,,1,0,,0,,
HND_000752,2011,1,1,,,,1,0,,0,,
HND_016455,2011,1,1,,,,1,0,,0,,
HND_004478,2011,1,1,,,,1,0,,1,,
HND_015683,2011,1,1,,,,1,0,,0,,
HND_016714,2011,1,1,,,,1,0,,1,,
HND_000033,2011,1,1,,,,1,0,,0,,
HND_003422,2011,1,1,,,,0,0,,0,,
HND_006484,2011,,,,,,,0,,0,,
HND_009515,2011,1,1,,,,1,0,,0,,
HND_014466,2011,,,,,,,0,,0,,
HND_012088,2011,,,,,,,0,,0,,
HND_006170,2011,1,1,,,,1,0,,1,,
HND_000253,2011,1,1,,,,0,0,,0,,
HND_004738,2011,1,1,,,,1,0,,1,,
HND_001373,2011,1,1,,,,1,0,,0,,
HND_002848,2011,1,1,,,,1,0,,1,,
HND_008295,2011,1,1,,,,1,0,,0,,
HND_000314,2011,1,1,,,,1,0,,0,,
HND_013410,2011,1,1,,,,1,0,,0,,
HND_010732,2011,1,1,,,,1,0,,0,,
HND_000866,2011,1,1,,,,1,0,,0,,
HND_012940,2011,1,1,,,,1,0,,0,,
HND_004618,2011,1,1,,,,1,0,,0,,
HND_010559,2011,1,1,,,,1,0,,0,,
HND_000987,2011,1,1,,,,1,0,,1,,
HND_004378,2011,1,1,,,,0,0,,0,,
HND_006518,2011,1,1,,,,1,0,,0,,
HND_006536,2011,1,1,,,,1,0,,0,,
HND_014143,2011,1,1,,,,0,0,,0,,
HND_003332,2011,0,0,,,,0,0,,0,,
HND_000923,2011,1,0,,,,0,0,,0,,
HND_011969,2011,,,,,,,0,,0,,
HND_010870,2011,1,0,,,,0,0,,0,,
HND_014562,2011,1,1,,,,0,0,,0,,
HND_004330,2011,1,1,,,,0,0,,0,,
HND_002433,2011,,,,,,,0,,0,,
HND_000286,2011,1,0,,,,0,0,,0,,
HND_007123,2011,0,0,,,,0,0,,0,,
HND_002434,2011,,,,,,,0,,0,,
HND_002559,2011,1,1,,,,0,0,,0,,
HND_003079,2011,,,,,,,0,,0,,
HND_013142,2011,0,0,,,,0,0,,0,,
HND_010038,2011,,0,,,,0,0,,0,,
HND_014275,2011,1,0,,,,1,0,,1,,
HND_013907,2011,,0,,,,0,0,,0,,
HND_016565,2011,1,0,,,,1,0,,1,,
HND_010205,2011,0,0,,,,0,0,,0,,
HND_014372,2011,1,0,,,,0,0,,0,,
HND_004198,2011,,0,,,,0,0,,0,,
HND_015389,2011,1,0,,,,0,0,,0,,
HND_014918,2011,,0,,,,0,0,,0,,
HND_013402,2011,0,0,,,,0,0,,0,,
HND_007116,2011,1,0,,,,0,0,,0,,
HND_011974,2011,,0,,,,1,0,,0,,
HND_007918,2011,1,0,,,,1,0,,0,,
HND_014100,2011,0,0,,,,0,0,,0,,
HND_004206,2011,1,0,,,,1,0,,0,,
HND_006212,2011,1,0,,,,1,0,,0,,
HND_002937,2011,1,0,,,,0,0,,0,,
HND_005288,2011,,0,,,,1,0,,0,,
HND_002487,2011,1,0,,,,0,0,,0,,
HND_014936,2011,,0,,,,0,0,,0,,
HND_008289,2011,1,0,,,,0,0,,0,,
HND_000270,2011,,0,,,,1,0,,0,,
HND_008838,2011,1,0,,,,1,0,,0,,
HND_009391,2011,,0,,,,0,0,,0,,
HND_005473,2011,1,0,,,,0,0,,0,,
HND_004643,2011,1,0,,,,0,0,,0,,
HND_006238,2011,1,0,,,,1,0,,1,,
HND_011731,2011,1,0,,,,0,0,,0,,
HND_004441,2011,1,0,,,,0,0,,0,,
HND_016791,2011,1,0,,,,0,0,,0,,
HND_000098,2011,0,0,,,,0,0,,0,,
HND_012913,2011,0,0,,,,0,0,,0,,
HND_015156,2011,1,0,,,,0,0,,0,,
HND_001376,2011,0,0,,,,0,0,,0,,
HND_008636,2011,,0,,,,0,0,,0,,
HND_005915,2011,0,0,,,,0,0,,0,,
HND_002140,2011,0,0,,,,0,0,,0,,
HND_009279,2011,0,0,,,,0,0,,0,,
HND_016063,2011,1,0,,,,0,0,,0,,
HND_004571,2011,1,0,,,,1,0,,0,,
HND_010842,2011,1,0,,,,1,0,,0,,
HND_005445,2011,1,0,,,,0,0,,0,,
HND_011191,2011,0,0,,,,0,0,,0,,
HND_005374,2011,0,0,,,,0,0,,0,,
HND_010030,2011,,0,,,,0,0,,0,,
HND_008900,2011,0,0,,,,0,0,,0,,
HND_014099,2011,,0,,,,0,0,,0,,
HND_010029,2011,0,0,,,,1,0,,0,,
HND_015306,2011,,0,,,,0,0,,0,,
HND_009524,2011,0,0,,,,0,0,,0,,
HND_006751,2011,0,0,,,,0,0,,0,,
HND_013052,2011,0,0,,,,0,0,,0,,
HND_004199,2011,,0,,,,0,0,,0,,
HND_007748,2011,,0,,,,0,0,,0,,
HND_012958,2011,,0,,,,0,0,,0,,
HND_011541,2011,0,0,,,,0,0,,0,,
HND_014101,2011,1,0,,,,0,0,,0,,
HND_006023,2011,1,0,,,,0,0,,0,,
HND_009522,2011,1,0,,,,0,0,,0,,
HND_016783,2011,1,0,,,,0,0,,0,,
HND_009109,2011,1,0,,,,0,0,,0,,
HND_010433,2011,1,0,,,,1,0,,1,,
HND_005749,2011,0,0,,,,0,0,,0,,
HND_016665,2011,1,1,,,,1,0,,0,,
HND_011258,2011,1,0,,,,0,0,,0,,
HND_012379,2011,0,0,,,,1,0,,0,,
HND_004065,2011,1,0,,,,1,0,,1,,
HND_003517,2011,1,0,,,,0,0,,0,,
HND_010318,2011,1,0,,,,0,0,,0,,
HND_005900,2011,1,0,,,,0,0,,0,,
HND_004628,2011,1,0,,,,0,0,,0,,
HND_002607,2011,1,0,,,,0,0,,0,,
HND_004085,2011,1,0,,,,1,0,,0,,
HND_002063,2011,1,0,,,,1,0,,0,,
HND_002106,2011,,,,,,,0,,0,,
HND_011852,2011,,0,,,,0,0,,0,,
HND_003969,2011,1,0,,,,0,0,,0,,
HND_016860,2011,,,,,,,0,,0,,
HND_002090,2011,,,,,,,0,,0,,
HND_011572,2011,,,,,,,0,,0,,
HND_006144,2011,,,,,,,0,,0,,
HND_006146,2011,,,,,,,0,,0,,
HND_016859,2011,,,,,,,0,,0,,
HND_016834,2011,,,,,,,0,,0,,
HND_016060,2011,,,,,,,0,,0,,
HND_003606,2011,,0,,,,0,0,,0,,
HND_009286,2011,1,0,,,,0,0,,0,,
HND_016406,2011,1,0,,,,0,0,,0,,
HND_001086,2011,,,,,,,0,,0,,
HND_009612,2011,,,,,,,0,,0,,
HND_016461,2011,,,,,,,0,,0,,
HND_000508,2011,,,,,,,0,,0,,
HND_015097,2011,,,,,,,0,,0,,
HND_011981,2011,1,0,,,,0,0,,0,,
HND_009274,2011,,0,,,,0,0,,0,,
HND_016409,2011,,0,,,,0,0,,0,,
HND_016474,2011,,0,,,,0,0,,0,,
HND_009284,2011,,0,,,,0,0,,0,,
HND_016473,2011,,0,,,,0,0,,0,,
HND_004349,2011,0,0,,,,0,0,,0,,
HND_001605,2011,,,,,,,0,,0,,
HND_009282,2011,,,,,,,0,,0,,
HND_016462,2011,,,,,,,0,,0,,
HND_013057,2011,,,,,,,0,,0,,
HND_016782,2011,,,,,,,0,,0,,
HND_016476,2011,,,,,,,0,,0,,
HND_009525,2011,,,,,,,0,,0,,
HND_010432,2011,1,1,,,,1,0,,0,,
HND_016417,2011,,,,,,,0,,0,,
HND_009272,2011,,,,,,,0,,0,,
HND_016464,2011,,,,,,,0,,0,,
HND_016061,2011,,,,,,,0,,0,,
HND_016463,2011,,,,,,,0,,0,,
HND_003911,2011,0,0,,,,0,0,,0,,
HND_002938,2011,0,0,,,,0,0,,0,,
HND_015546,2011,1,0,,,,0,0,,0,,
HND_014672,2011,1,0,,,,1,0,,0,,
HND_014995,2011,0,0,,,,1,0,,0,,
HND_015051,2011,1,0,,,,1,0,,0,,
HND_014886,2011,1,1,,,,1,0,,0,,
HND_014994,2011,1,0,,,,0,0,,0,,
HND_015948,2011,0,0,,,,0,0,,0,,
HND_016472,2011,0,0,,,,0,0,,0,,
HND_002384,2011,1,0,,,,0,0,,0,,
HND_014720,2011,1,0,,,,0,0,,0,,
HND_001922,2011,1,0,,,,0,0,,0,,
HND_016030,2011,0,0,,,,1,0,,0,,
HND_002130,2011,,0,,,,0,0,,0,,
HND_014694,2011,,0,,,,0,0,,0,,
HND_015401,2011,1,0,,,,0,0,,0,,
HND_001729,2011,1,0,,,,0,0,,0,,
HND_000282,2011,0,0,,,,0,0,,0,,
HND_011498,2011,1,0,,,,0,0,,0,,
HND_016057,2011,,,,,,,0,,0,,
HND_009220,2011,,0,,,,0,0,,0,,
HND_006270,2011,1,0,,,,1,0,,1,,
HND_015208,2011,1,0,,,,0,0,,0,,
HND_010952,2011,1,1,,,,1,0,,0,,
HND_013258,2011,1,0,,,,0,0,,0,,
HND_014308,2011,1,0,,,,0,0,,0,,
HND_008009,2011,,0,,,,0,0,,0,,
HND_013105,2011,1,0,,,,0,0,,0,,
HND_007742,2011,1,0,,,,0,0,,0,,
HND_015267,2011,1,0,,,,0,0,,0,,
HND_016699,2011,1,0,,,,0,0,,0,,
HND_005977,2011,1,0,,,,0,0,,0,,
HND_006854,2011,0,0,,,,0,0,,0,,
HND_009527,2011,1,0,,,,0,0,,0,,
HND_015862,2011,1,0,,,,0,0,,0,,
HND_004518,2011,1,0,,,,0,0,,0,,
HND_006974,2011,,0,,,,1,0,,0,,
HND_005582,2011,0,0,,,,0,0,,0,,
HND_014031,2011,,0,,,,0,0,,0,,
HND_012223,2011,0,0,,,,0,0,,0,,
HND_014623,2011,,0,,,,1,0,,0,,
HND_004807,2011,0,0,,,,0,0,,0,,
HND_015552,2011,0,0,,,,0,0,,0,,
HND_002650,2011,,0,,,,0,0,,0,,
HND_004079,2011,1,0,,,,0,0,,0,,
HND_012618,2011,,,,,,,0,,0,,
HND_002104,2011,,,,,,,0,,0,,
HND_002089,2011,,,,,,,0,,0,,
HND_004089,2011,,0,,,,0,0,,0,,
