geo_id,year,enrollment_total,enrollment_male,enrollment_female,teachers_total,teachers_male,teachers_female,teachers_qualified,pupil_teacher_ratio,classrooms_total
DOM_000001,2022,1318,,,,,,,,
DOM_000001,2023,1142,,,,,,,,
DOM_000002,2022,329,,,,,,,,
DOM_000002,2023,363,,,,,,,,
DOM_000003,2022,630,,,,,,,,
DOM_000003,2023,550,,,,,,,,
DOM_000004,2022,1041,,,,,,,,
DOM_000004,2023,726,,,,,,,,
DOM_000005,2022,1836,,,,,,,,
DOM_000005,2023,1580,,,,,,,,
DOM_000006,2022,318,,,,,,,,
DOM_000006,2023,299,,,,,,,,
DOM_000007,2022,324,,,,,,,,
DOM_000007,2023,323,,,,,,,,
DOM_000008,2022,607,,,,,,,,
DOM_000008,2023,674,,,,,,,,
DOM_000009,2022,431,,,,,,,,
DOM_000009,2023,383,,,,,,,,
DOM_000010,2022,566,,,,,,,,
DOM_000010,2023,590,,,,,,,,
DOM_000011,2022,477,,,,,,,,
DOM_000011,2023,463,,,,,,,,
DOM_000012,2022,259,,,,,,,,
DOM_000012,2023,228,,,,,,,,
DOM_000013,2022,637,,,,,,,,
DOM_000013,2023,712,,,,,,,,
DOM_000014,2022,876,,,,,,,,
DOM_000014,2023,837,,,,,,,,
DOM_000015,2022,422,,,,,,,,
DOM_000015,2023,409,,,,,,,,
DOM_000016,2022,687,,,,,,,,
DOM_000016,2023,675,,,,,,,,
DOM_000017,2022,391,,,,,,,,
DOM_000017,2023,352,,,,,,,,
DOM_000018,2022,753,,,,,,,,
DOM_000018,2023,716,,,,,,,,
DOM_000019,2022,538,,,,,,,,
DOM_000019,2023,526,,,,,,,,
DOM_000020,2022,413,,,,,,,,
DOM_000020,2023,447,,,,,,,,
DOM_000021,2022,367,,,,,,,,
DOM_000021,2023,397,,,,,,,,
DOM_000022,2022,711,,,,,,,,
DOM_000022,2023,701,,,,,,,,
DOM_000023,2022,183,,,,,,,,
DOM_000023,2023,190,,,,,,,,
DOM_000024,2022,586,,,,,,,,
DOM_000024,2023,547,,,,,,,,
DOM_000025,2022,193,,,,,,,,
DOM_000025,2023,191,,,,,,,,
DOM_000026,2022,645,,,,,,,,
DOM_000026,2023,484,,,,,,,,
DOM_000027,2022,154,,,,,,,,
DOM_000027,2023,151,,,,,,,,
DOM_000028,2022,625,,,,,,,,
DOM_000028,2023,574,,,,,,,,
DOM_000029,2022,1050,,,,,,,,
DOM_000029,2023,1003,,,,,,,,
DOM_000030,2022,617,,,,,,,,
DOM_000030,2023,535,,,,,,,,
DOM_000031,2022,202,,,,,,,,
DOM_000031,2023,186,,,,,,,,
DOM_000032,2022,531,,,,,,,,
DOM_000032,2023,523,,,,,,,,
DOM_000033,2022,822,,,,,,,,
DOM_000033,2023,753,,,,,,,,
DOM_000034,2022,489,,,,,,,,
DOM_000034,2023,459,,,,,,,,
DOM_000035,2022,991,,,,,,,,
DOM_000035,2023,1019,,,,,,,,
DOM_000036,2022,534,,,,,,,,
DOM_000036,2023,460,,,,,,,,
DOM_000037,2022,786,,,,,,,,
DOM_000037,2023,760,,,,,,,,
DOM_000038,2022,1076,,,,,,,,
DOM_000038,2023,983,,,,,,,,
DOM_000039,2022,113,,,,,,,,
DOM_000039,2023,157,,,,,,,,
DOM_000040,2022,384,,,,,,,,
DOM_000040,2023,331,,,,,,,,
DOM_000041,2022,365,,,,,,,,
DOM_000041,2023,347,,,,,,,,
DOM_000042,2022,325,,,,,,,,
DOM_000042,2023,331,,,,,,,,
DOM_000043,2022,1198,,,,,,,,
DOM_000043,2023,1035,,,,,,,,
DOM_000044,2022,817,,,,,,,,
DOM_000044,2023,933,,,,,,,,
DOM_000045,2022,386,,,,,,,,
DOM_000045,2023,424,,,,,,,,
DOM_000046,2022,1035,,,,,,,,
DOM_000046,2023,1016,,,,,,,,
DOM_000047,2022,438,,,,,,,,
DOM_000047,2023,447,,,,,,,,
DOM_000048,2022,510,,,,,,,,
DOM_000048,2023,510,,,,,,,,
DOM_000049,2022,816,,,,,,,,
DOM_000049,2023,848,,,,,,,,
DOM_000050,2022,379,,,,,,,,
DOM_000050,2023,392,,,,,,,,
DOM_000051,2022,963,,,,,,,,
DOM_000051,2023,1024,,,,,,,,
DOM_000052,2022,362,,,,,,,,
DOM_000052,2023,337,,,,,,,,
DOM_000053,2022,661,,,,,,,,
DOM_000053,2023,685,,,,,,,,
DOM_000054,2022,433,,,,,,,,
DOM_000054,2023,443,,,,,,,,
DOM_000055,2022,1028,,,,,,,,
DOM_000055,2023,991,,,,,,,,
DOM_000056,2022,1420,,,,,,,,
DOM_000056,2023,1389,,,,,,,,
DOM_000057,2022,782,,,,,,,,
DOM_000057,2023,778,,,,,,,,
DOM_000058,2022,277,,,,,,,,
DOM_000058,2023,315,,,,,,,,
DOM_000059,2022,214,,,,,,,,
DOM_000059,2023,199,,,,,,,,
DOM_000060,2022,390,,,,,,,,
DOM_000060,2023,383,,,,,,,,
DOM_000061,2022,555,,,,,,,,
DOM_000061,2023,578,,,,,,,,
DOM_000062,2022,791,,,,,,,,
DOM_000062,2023,518,,,,,,,,
DOM_000063,2022,1276,,,,,,,,
DOM_000063,2023,1252,,,,,,,,
DOM_000064,2022,737,,,,,,,,
DOM_000064,2023,667,,,,,,,,
DOM_000065,2022,1397,,,,,,,,
DOM_000065,2023,1395,,,,,,,,
DOM_000066,2022,1253,,,,,,,,
DOM_000066,2023,1203,,,,,,,,
DOM_000067,2022,294,,,,,,,,
DOM_000067,2023,331,,,,,,,,
DOM_000068,2022,1516,,,,,,,,
DOM_000068,2023,1520,,,,,,,,
DOM_000069,2022,261,,,,,,,,
DOM_000069,2023,228,,,,,,,,
DOM_000070,2022,270,,,,,,,,
DOM_000070,2023,271,,,,,,,,
DOM_000071,2022,445,,,,,,,,
DOM_000071,2023,419,,,,,,,,
DOM_000072,2022,619,,,,,,,,
DOM_000072,2023,565,,,,,,,,
DOM_000073,2022,281,,,,,,,,
DOM_000073,2023,286,,,,,,,,
DOM_000074,2022,215,,,,,,,,
DOM_000074,2023,164,,,,,,,,
DOM_000075,2022,298,,,,,,,,
DOM_000075,2023,306,,,,,,,,
DOM_000076,2022,793,,,,,,,,
DOM_000076,2023,777,,,,,,,,
DOM_000077,2022,816,,,,,,,,
DOM_000077,2023,859,,,,,,,,
DOM_000078,2022,822,,,,,,,,
DOM_000078,2023,837,,,,,,,,
DOM_000079,2022,353,,,,,,,,
DOM_000079,2023,357,,,,,,,,
DOM_000080,2022,326,,,,,,,,
DOM_000080,2023,341,,,,,,,,
DOM_000081,2022,721,,,,,,,,
DOM_000081,2023,699,,,,,,,,
DOM_000082,2022,1003,,,,,,,,
DOM_000082,2023,911,,,,,,,,
DOM_000083,2022,272,,,,,,,,
DOM_000083,2023,292,,,,,,,,
DOM_000084,2022,845,,,,,,,,
DOM_000084,2023,792,,,,,,,,
DOM_000085,2022,1230,,,,,,,,
DOM_000085,2023,1072,,,,,,,,
DOM_000086,2022,823,,,,,,,,
DOM_000086,2023,874,,,,,,,,
DOM_000087,2022,834,,,,,,,,
DOM_000087,2023,772,,,,,,,,
DOM_000088,2022,1144,,,,,,,,
DOM_000088,2023,1040,,,,,,,,
DOM_000089,2022,623,,,,,,,,
DOM_000089,2023,628,,,,,,,,
DOM_000090,2022,825,,,,,,,,
DOM_000090,2023,854,,,,,,,,
DOM_000091,2022,320,,,,,,,,
DOM_000091,2023,312,,,,,,,,
DOM_000092,2022,486,,,,,,,,
DOM_000092,2023,485,,,,,,,,
DOM_000093,2022,608,,,,,,,,
DOM_000093,2023,610,,,,,,,,
DOM_000094,2022,1023,,,,,,,,
DOM_000094,2023,1042,,,,,,,,
DOM_000095,2022,327,,,,,,,,
DOM_000095,2023,328,,,,,,,,
DOM_000096,2022,453,,,,,,,,
DOM_000096,2023,475,,,,,,,,
DOM_000097,2022,983,,,,,,,,
DOM_000097,2023,953,,,,,,,,
DOM_000098,2022,498,,,,,,,,
DOM_000098,2023,529,,,,,,,,
DOM_000099,2022,646,,,,,,,,
DOM_000099,2023,579,,,,,,,,
DOM_000100,2022,268,,,,,,,,
DOM_000100,2023,255,,,,,,,,
DOM_000101,2022,715,,,,,,,,
DOM_000101,2023,686,,,,,,,,
DOM_000102,2022,1370,,,,,,,,
DOM_000102,2023,1347,,,,,,,,
DOM_000103,2022,335,,,,,,,,
DOM_000103,2023,775,,,,,,,,
DOM_000104,2022,908,,,,,,,,
DOM_000104,2023,859,,,,,,,,
DOM_000105,2022,645,,,,,,,,
DOM_000105,2023,558,,,,,,,,
DOM_000106,2022,641,,,,,,,,
DOM_000106,2023,710,,,,,,,,
DOM_000107,2022,476,,,,,,,,
DOM_000107,2023,503,,,,,,,,
DOM_000108,2022,297,,,,,,,,
DOM_000108,2023,281,,,,,,,,
DOM_000109,2022,508,,,,,,,,
DOM_000109,2023,510,,,,,,,,
DOM_000110,2022,732,,,,,,,,
DOM_000110,2023,703,,,,,,,,
DOM_000111,2022,829,,,,,,,,
DOM_000111,2023,767,,,,,,,,
DOM_000112,2022,671,,,,,,,,
DOM_000112,2023,724,,,,,,,,
DOM_000113,2022,1201,,,,,,,,
DOM_000113,2023,1071,,,,,,,,
DOM_000114,2022,405,,,,,,,,
DOM_000114,2023,419,,,,,,,,
DOM_000115,2022,404,,,,,,,,
DOM_000115,2023,356,,,,,,,,
DOM_000116,2022,309,,,,,,,,
DOM_000116,2023,292,,,,,,,,
DOM_000117,2022,273,,,,,,,,
DOM_000117,2023,339,,,,,,,,
DOM_000118,2022,1797,,,,,,,,
DOM_000118,2023,1772,,,,,,,,
DOM_000119,2022,268,,,,,,,,
DOM_000119,2023,256,,,,,,,,
DOM_000120,2022,1005,,,,,,,,
DOM_000120,2023,729,,,,,,,,
DOM_000121,2022,1872,,,,,,,,
DOM_000121,2023,1934,,,,,,,,
DOM_000122,2022,496,,,,,,,,
DOM_000122,2023,523,,,,,,,,
DOM_000123,2022,676,,,,,,,,
DOM_000123,2023,634,,,,,,,,
DOM_000124,2022,1660,,,,,,,,
DOM_000124,2023,1589,,,,,,,,
DOM_000125,2022,981,,,,,,,,
DOM_000125,2023,983,,,,,,,,
DOM_000126,2022,987,,,,,,,,
DOM_000126,2023,991,,,,,,,,
DOM_000127,2022,241,,,,,,,,
DOM_000127,2023,237,,,,,,,,
DOM_000128,2022,71,,,,,,,,
DOM_000128,2023,56,,,,,,,,
DOM_000129,2022,312,,,,,,,,
DOM_000129,2023,339,,,,,,,,
DOM_000130,2022,141,,,,,,,,
DOM_000130,2023,158,,,,,,,,
DOM_000131,2022,1107,,,,,,,,
DOM_000131,2023,1178,,,,,,,,
DOM_000132,2022,137,,,,,,,,
DOM_000132,2023,156,,,,,,,,
DOM_000133,2022,609,,,,,,,,
DOM_000133,2023,614,,,,,,,,
DOM_000134,2022,658,,,,,,,,
DOM_000134,2023,702,,,,,,,,
DOM_000135,2022,1054,,,,,,,,
DOM_000135,2023,1084,,,,,,,,
DOM_000136,2022,83,,,,,,,,
DOM_000136,2023,80,,,,,,,,
DOM_000137,2022,90,,,,,,,,
DOM_000137,2023,102,,,,,,,,
DOM_000138,2022,44,,,,,,,,
DOM_000138,2023,42,,,,,,,,
DOM_000139,2022,17,,,,,,,,
DOM_000139,2023,17,,,,,,,,
DOM_000140,2022,228,,,,,,,,
DOM_000140,2023,241,,,,,,,,
DOM_000141,2022,185,,,,,,,,
DOM_000141,2023,195,,,,,,,,
DOM_000142,2022,115,,,,,,,,
DOM_000142,2023,122,,,,,,,,
DOM_000143,2022,676,,,,,,,,
DOM_000143,2023,768,,,,,,,,
DOM_000144,2022,227,,,,,,,,
DOM_000144,2023,261,,,,,,,,
DOM_000145,2022,111,,,,,,,,
DOM_000145,2023,90,,,,,,,,
DOM_000146,2022,100,,,,,,,,
DOM_000146,2023,104,,,,,,,,
DOM_000147,2022,118,,,,,,,,
DOM_000147,2023,168,,,,,,,,
DOM_000148,2022,127,,,,,,,,
DOM_000148,2023,133,,,,,,,,
DOM_000149,2022,58,,,,,,,,
DOM_000149,2023,64,,,,,,,,
DOM_000150,2022,87,,,,,,,,
DOM_000150,2023,88,,,,,,,,
DOM_000151,2022,362,,,,,,,,
DOM_000151,2023,373,,,,,,,,
DOM_000152,2022,97,,,,,,,,
DOM_000152,2023,91,,,,,,,,
DOM_000153,2022,312,,,,,,,,
DOM_000153,2023,333,,,,,,,,
DOM_000154,2022,115,,,,,,,,
DOM_000154,2023,105,,,,,,,,
DOM_000155,2022,154,,,,,,,,
DOM_000155,2023,173,,,,,,,,
DOM_000156,2022,365,,,,,,,,
DOM_000156,2023,360,,,,,,,,
DOM_000157,2022,75,,,,,,,,
DOM_000157,2023,85,,,,,,,,
DOM_000158,2022,131,,,,,,,,
DOM_000158,2023,205,,,,,,,,
DOM_000159,2022,123,,,,,,,,
DOM_000159,2023,142,,,,,,,,
DOM_000160,2022,58,,,,,,,,
DOM_000160,2023,82,,,,,,,,
DOM_000161,2022,198,,,,,,,,
DOM_000161,2023,211,,,,,,,,
DOM_000162,2022,87,,,,,,,,
DOM_000162,2023,101,,,,,,,,
DOM_000163,2022,260,,,,,,,,
DOM_000163,2023,265,,,,,,,,
DOM_000164,2022,197,,,,,,,,
DOM_000164,2023,212,,,,,,,,
DOM_000165,2022,160,,,,,,,,
DOM_000165,2023,172,,,,,,,,
DOM_000166,2022,782,,,,,,,,
DOM_000166,2023,778,,,,,,,,
DOM_000167,2022,11,,,,,,,,
DOM_000167,2023,21,,,,,,,,
DOM_000168,2022,865,,,,,,,,
DOM_000168,2023,912,,,,,,,,
DOM_000169,2022,496,,,,,,,,
DOM_000169,2023,486,,,,,,,,
DOM_000170,2022,342,,,,,,,,
DOM_000170,2023,394,,,,,,,,
DOM_000171,2022,492,,,,,,,,
DOM_000171,2023,549,,,,,,,,
DOM_000172,2022,303,,,,,,,,
DOM_000172,2023,291,,,,,,,,
DOM_000173,2022,104,,,,,,,,
DOM_000173,2023,121,,,,,,,,
DOM_000174,2022,334,,,,,,,,
DOM_000174,2023,329,,,,,,,,
DOM_000175,2022,383,,,,,,,,
DOM_000175,2023,452,,,,,,,,
DOM_000176,2022,121,,,,,,,,
DOM_000176,2023,114,,,,,,,,
DOM_000177,2022,386,,,,,,,,
DOM_000177,2023,387,,,,,,,,
DOM_000178,2022,317,,,,,,,,
DOM_000178,2023,345,,,,,,,,
DOM_000179,2022,304,,,,,,,,
DOM_000179,2023,275,,,,,,,,
DOM_000180,2022,13,,,,,,,,
DOM_000180,2023,12,,,,,,,,
DOM_000181,2022,158,,,,,,,,
DOM_000181,2023,176,,,,,,,,
DOM_000182,2022,193,,,,,,,,
DOM_000182,2023,125,,,,,,,,
DOM_000183,2022,106,,,,,,,,
DOM_000183,2023,124,,,,,,,,
DOM_000184,2022,154,,,,,,,,
DOM_000184,2023,215,,,,,,,,
DOM_000185,2022,111,,,,,,,,
DOM_000185,2023,129,,,,,,,,
DOM_000186,2022,369,,,,,,,,
DOM_000186,2023,387,,,,,,,,
DOM_000187,2022,435,,,,,,,,
DOM_000187,2023,445,,,,,,,,
DOM_000188,2022,713,,,,,,,,
DOM_000188,2023,615,,,,,,,,
DOM_000189,2022,924,,,,,,,,
DOM_000189,2023,822,,,,,,,,
DOM_000190,2022,578,,,,,,,,
DOM_000190,2023,715,,,,,,,,
DOM_000191,2022,148,,,,,,,,
DOM_000191,2023,151,,,,,,,,
DOM_000192,2022,496,,,,,,,,
DOM_000192,2023,525,,,,,,,,
DOM_000193,2022,521,,,,,,,,
DOM_000193,2023,468,,,,,,,,
DOM_000194,2022,217,,,,,,,,
DOM_000194,2023,239,,,,,,,,
DOM_000195,2022,640,,,,,,,,
DOM_000195,2023,649,,,,,,,,
DOM_000196,2022,406,,,,,,,,
DOM_000196,2023,398,,,,,,,,
DOM_000197,2022,937,,,,,,,,
DOM_000197,2023,1009,,,,,,,,
DOM_000198,2022,665,,,,,,,,
DOM_000198,2023,653,,,,,,,,
DOM_000199,2022,423,,,,,,,,
DOM_000199,2023,390,,,,,,,,
DOM_000200,2022,367,,,,,,,,
DOM_000200,2023,415,,,,,,,,
DOM_000201,2022,498,,,,,,,,
DOM_000201,2023,381,,,,,,,,
DOM_000202,2022,996,,,,,,,,
DOM_000202,2023,889,,,,,,,,
DOM_000203,2022,831,,,,,,,,
DOM_000203,2023,863,,,,,,,,
DOM_000204,2022,850,,,,,,,,
DOM_000204,2023,862,,,,,,,,
DOM_000205,2022,636,,,,,,,,
DOM_000205,2023,587,,,,,,,,
DOM_000206,2022,334,,,,,,,,
DOM_000206,2023,308,,,,,,,,
DOM_000207,2022,318,,,,,,,,
DOM_000207,2023,298,,,,,,,,
DOM_000208,2022,1235,,,,,,,,
DOM_000208,2023,1179,,,,,,,,
DOM_000209,2022,485,,,,,,,,
DOM_000209,2023,380,,,,,,,,
DOM_000210,2022,1325,,,,,,,,
DOM_000210,2023,1349,,,,,,,,
DOM_000211,2022,635,,,,,,,,
DOM_000211,2023,506,,,,,,,,
DOM_000212,2022,534,,,,,,,,
DOM_000212,2023,442,,,,,,,,
DOM_000213,2022,577,,,,,,,,
DOM_000213,2023,552,,,,,,,,
DOM_000214,2022,989,,,,,,,,
DOM_000214,2023,1039,,,,,,,,
DOM_000215,2022,554,,,,,,,,
DOM_000215,2023,627,,,,,,,,
DOM_000216,2022,862,,,,,,,,
DOM_000216,2023,620,,,,,,,,
DOM_000217,2022,516,,,,,,,,
DOM_000217,2023,476,,,,,,,,
DOM_000218,2022,598,,,,,,,,
DOM_000218,2023,524,,,,,,,,
DOM_000219,2022,281,,,,,,,,
DOM_000219,2023,266,,,,,,,,
DOM_000220,2022,593,,,,,,,,
DOM_000220,2023,543,,,,,,,,
DOM_000221,2022,250,,,,,,,,
DOM_000221,2023,228,,,,,,,,
DOM_000222,2022,464,,,,,,,,
DOM_000222,2023,457,,,,,,,,
DOM_000223,2022,1150,,,,,,,,
DOM_000223,2023,1177,,,,,,,,
DOM_000224,2022,1718,,,,,,,,
DOM_000224,2023,1237,,,,,,,,
DOM_000225,2022,1218,,,,,,,,
DOM_000225,2023,1176,,,,,,,,
DOM_000226,2022,1688,,,,,,,,
DOM_000226,2023,1363,,,,,,,,
DOM_000227,2022,394,,,,,,,,
DOM_000227,2023,439,,,,,,,,
DOM_000228,2022,428,,,,,,,,
DOM_000228,2023,490,,,,,,,,
DOM_000229,2022,1077,,,,,,,,
DOM_000229,2023,1027,,,,,,,,
DOM_000230,2022,775,,,,,,,,
DOM_000230,2023,873,,,,,,,,
DOM_000231,2022,630,,,,,,,,
DOM_000231,2023,675,,,,,,,,
DOM_000232,2022,119,,,,,,,,
DOM_000232,2023,130,,,,,,,,
DOM_000233,2022,181,,,,,,,,
DOM_000233,2023,173,,,,,,,,
DOM_000234,2022,675,,,,,,,,
DOM_000234,2023,795,,,,,,,,
DOM_000235,2022,20,,,,,,,,
DOM_000235,2023,18,,,,,,,,
DOM_000236,2022,925,,,,,,,,
DOM_000236,2023,916,,,,,,,,
DOM_000237,2022,80,,,,,,,,
DOM_000237,2023,88,,,,,,,,
DOM_000238,2022,1029,,,,,,,,
DOM_000238,2023,1009,,,,,,,,
DOM_000239,2022,131,,,,,,,,
DOM_000239,2023,176,,,,,,,,
DOM_000240,2022,370,,,,,,,,
DOM_000240,2023,355,,,,,,,,
DOM_000241,2022,808,,,,,,,,
DOM_000241,2023,787,,,,,,,,
DOM_000242,2022,655,,,,,,,,
DOM_000242,2023,771,,,,,,,,
DOM_000243,2022,822,,,,,,,,
DOM_000243,2023,850,,,,,,,,
DOM_000244,2022,1037,,,,,,,,
DOM_000244,2023,746,,,,,,,,
DOM_000245,2022,833,,,,,,,,
DOM_000245,2023,838,,,,,,,,
DOM_000246,2022,621,,,,,,,,
DOM_000246,2023,636,,,,,,,,
DOM_000247,2022,157,,,,,,,,
DOM_000247,2023,203,,,,,,,,
DOM_000248,2022,287,,,,,,,,
DOM_000248,2023,343,,,,,,,,
DOM_000249,2022,88,,,,,,,,
DOM_000249,2023,158,,,,,,,,
DOM_000250,2022,435,,,,,,,,
DOM_000250,2023,423,,,,,,,,
DOM_000251,2022,780,,,,,,,,
DOM_000251,2023,916,,,,,,,,
DOM_000252,2022,709,,,,,,,,
DOM_000252,2023,658,,,,,,,,
DOM_000253,2022,425,,,,,,,,
DOM_000253,2023,461,,,,,,,,
DOM_000254,2022,1324,,,,,,,,
DOM_000254,2023,1044,,,,,,,,
DOM_000255,2022,377,,,,,,,,
DOM_000255,2023,453,,,,,,,,
DOM_000256,2022,685,,,,,,,,
DOM_000256,2023,641,,,,,,,,
DOM_000257,2022,554,,,,,,,,
DOM_000257,2023,539,,,,,,,,
DOM_000258,2022,1014,,,,,,,,
DOM_000258,2023,1117,,,,,,,,
DOM_000259,2022,946,,,,,,,,
DOM_000259,2023,947,,,,,,,,
DOM_000260,2022,437,,,,,,,,
DOM_000260,2023,430,,,,,,,,
DOM_000261,2022,113,,,,,,,,
DOM_000261,2023,103,,,,,,,,
DOM_000262,2022,330,,,,,,,,
DOM_000262,2023,347,,,,,,,,
DOM_000263,2022,2474,,,,,,,,
DOM_000263,2023,2454,,,,,,,,
DOM_000264,2022,258,,,,,,,,
DOM_000264,2023,254,,,,,,,,
DOM_000265,2022,24,,,,,,,,
DOM_000265,2023,28,,,,,,,,
DOM_000266,2022,328,,,,,,,,
DOM_000266,2023,335,,,,,,,,
DOM_000267,2022,359,,,,,,,,
DOM_000267,2023,331,,,,,,,,
DOM_000268,2022,375,,,,,,,,
DOM_000268,2023,325,,,,,,,,
DOM_000269,2022,501,,,,,,,,
DOM_000269,2023,502,,,,,,,,
DOM_000270,2022,1641,,,,,,,,
DOM_000270,2023,1605,,,,,,,,
DOM_000271,2022,451,,,,,,,,
DOM_000271,2023,441,,,,,,,,
DOM_000272,2022,1193,,,,,,,,
DOM_000272,2023,1199,,,,,,,,
DOM_000273,2022,555,,,,,,,,
DOM_000274,2022,640,,,,,,,,
DOM_000274,2023,629,,,,,,,,
DOM_000275,2022,935,,,,,,,,
DOM_000275,2023,935,,,,,,,,
DOM_000276,2022,649,,,,,,,,
DOM_000276,2023,620,,,,,,,,
DOM_000277,2022,42,,,,,,,,
DOM_000277,2023,39,,,,,,,,
DOM_000278,2022,450,,,,,,,,
DOM_000278,2023,302,,,,,,,,
DOM_000279,2022,336,,,,,,,,
DOM_000279,2023,359,,,,,,,,
DOM_000280,2022,869,,,,,,,,
DOM_000280,2023,871,,,,,,,,
DOM_000281,2022,499,,,,,,,,
DOM_000281,2023,476,,,,,,,,
DOM_000282,2022,439,,,,,,,,
DOM_000282,2023,414,,,,,,,,
DOM_000283,2022,738,,,,,,,,
DOM_000283,2023,733,,,,,,,,
DOM_000284,2022,1249,,,,,,,,
DOM_000284,2023,867,,,,,,,,
DOM_000285,2022,809,,,,,,,,
DOM_000285,2023,807,,,,,,,,
DOM_000286,2022,628,,,,,,,,
DOM_000286,2023,670,,,,,,,,
DOM_000287,2022,1352,,,,,,,,
DOM_000287,2023,1388,,,,,,,,
DOM_000288,2022,54,,,,,,,,
DOM_000288,2023,80,,,,,,,,
DOM_000289,2022,651,,,,,,,,
DOM_000289,2023,632,,,,,,,,
DOM_000290,2022,489,,,,,,,,
DOM_000290,2023,446,,,,,,,,
DOM_000291,2022,1307,,,,,,,,
DOM_000291,2023,1538,,,,,,,,
DOM_000292,2022,391,,,,,,,,
DOM_000292,2023,349,,,,,,,,
DOM_000293,2022,1048,,,,,,,,
DOM_000293,2023,1030,,,,,,,,
DOM_000294,2022,716,,,,,,,,
DOM_000294,2023,787,,,,,,,,
DOM_000295,2022,644,,,,,,,,
DOM_000295,2023,621,,,,,,,,
DOM_000296,2022,623,,,,,,,,
DOM_000296,2023,641,,,,,,,,
DOM_000297,2022,791,,,,,,,,
DOM_000297,2023,837,,,,,,,,
DOM_000298,2022,433,,,,,,,,
DOM_000298,2023,469,,,,,,,,
DOM_000299,2022,693,,,,,,,,
DOM_000299,2023,303,,,,,,,,
DOM_000300,2022,889,,,,,,,,
DOM_000300,2023,841,,,,,,,,
DOM_000301,2022,629,,,,,,,,
DOM_000301,2023,611,,,,,,,,
DOM_000302,2022,490,,,,,,,,
DOM_000302,2023,386,,,,,,,,
DOM_000303,2022,379,,,,,,,,
DOM_000303,2023,351,,,,,,,,
DOM_000304,2022,118,,,,,,,,
DOM_000304,2023,113,,,,,,,,
DOM_000305,2022,847,,,,,,,,
DOM_000305,2023,726,,,,,,,,
DOM_000306,2022,151,,,,,,,,
DOM_000306,2023,146,,,,,,,,
DOM_000307,2022,724,,,,,,,,
DOM_000307,2023,704,,,,,,,,
DOM_000308,2022,539,,,,,,,,
DOM_000308,2023,537,,,,,,,,
DOM_000309,2022,599,,,,,,,,
DOM_000309,2023,612,,,,,,,,
DOM_000310,2022,899,,,,,,,,
DOM_000310,2023,929,,,,,,,,
DOM_000311,2022,503,,,,,,,,
DOM_000311,2023,516,,,,,,,,
DOM_000312,2022,686,,,,,,,,
DOM_000312,2023,581,,,,,,,,
DOM_000313,2022,1167,,,,,,,,
DOM_000313,2023,1254,,,,,,,,
DOM_000314,2022,606,,,,,,,,
DOM_000314,2023,635,,,,,,,,
DOM_000315,2022,735,,,,,,,,
DOM_000315,2023,734,,,,,,,,
DOM_000316,2022,293,,,,,,,,
DOM_000316,2023,291,,,,,,,,
DOM_000317,2022,556,,,,,,,,
DOM_000317,2023,562,,,,,,,,
DOM_000318,2022,749,,,,,,,,
DOM_000318,2023,790,,,,,,,,
DOM_000319,2022,1245,,,,,,,,
DOM_000319,2023,1302,,,,,,,,
DOM_000320,2022,285,,,,,,,,
DOM_000320,2023,303,,,,,,,,
DOM_000321,2022,1025,,,,,,,,
DOM_000321,2023,1020,,,,,,,,
DOM_000322,2022,419,,,,,,,,
DOM_000322,2023,362,,,,,,,,
DOM_000323,2022,213,,,,,,,,
DOM_000323,2023,173,,,,,,,,
DOM_000324,2022,752,,,,,,,,
DOM_000324,2023,827,,,,,,,,
DOM_000325,2022,1799,,,,,,,,
DOM_000325,2023,1619,,,,,,,,
DOM_000326,2022,527,,,,,,,,
DOM_000326,2023,526,,,,,,,,
DOM_000327,2022,269,,,,,,,,
DOM_000327,2023,280,,,,,,,,
DOM_000328,2022,849,,,,,,,,
DOM_000328,2023,840,,,,,,,,
DOM_000329,2022,764,,,,,,,,
DOM_000329,2023,721,,,,,,,,
DOM_000330,2022,1028,,,,,,,,
DOM_000330,2023,964,,,,,,,,
DOM_000331,2022,1047,,,,,,,,
DOM_000331,2023,684,,,,,,,,
DOM_000332,2022,106,,,,,,,,
DOM_000332,2023,105,,,,,,,,
DOM_000333,2022,512,,,,,,,,
DOM_000333,2023,512,,,,,,,,
DOM_000334,2022,250,,,,,,,,
DOM_000334,2023,279,,,,,,,,
DOM_000335,2022,1803,,,,,,,,
DOM_000335,2023,1776,,,,,,,,
DOM_000336,2022,262,,,,,,,,
DOM_000336,2023,289,,,,,,,,
DOM_000337,2022,517,,,,,,,,
DOM_000337,2023,548,,,,,,,,
DOM_000338,2022,443,,,,,,,,
DOM_000338,2023,439,,,,,,,,
DOM_000339,2022,499,,,,,,,,
DOM_000339,2023,494,,,,,,,,
DOM_000340,2022,640,,,,,,,,
DOM_000340,2023,548,,,,,,,,
DOM_000341,2022,878,,,,,,,,
DOM_000341,2023,822,,,,,,,,
DOM_000342,2022,713,,,,,,,,
DOM_000342,2023,740,,,,,,,,
DOM_000343,2022,875,,,,,,,,
DOM_000343,2023,945,,,,,,,,
DOM_000344,2022,109,,,,,,,,
DOM_000344,2023,110,,,,,,,,
DOM_000345,2022,432,,,,,,,,
DOM_000345,2023,427,,,,,,,,
DOM_000346,2022,927,,,,,,,,
DOM_000346,2023,888,,,,,,,,
DOM_000347,2022,635,,,,,,,,
DOM_000347,2023,606,,,,,,,,
DOM_000348,2022,325,,,,,,,,
DOM_000348,2023,308,,,,,,,,
DOM_000349,2022,979,,,,,,,,
DOM_000349,2023,978,,,,,,,,
DOM_000350,2022,235,,,,,,,,
DOM_000350,2023,260,,,,,,,,
DOM_000351,2022,222,,,,,,,,
DOM_000351,2023,246,,,,,,,,
DOM_000352,2022,918,,,,,,,,
DOM_000352,2023,908,,,,,,,,
DOM_000353,2022,965,,,,,,,,
DOM_000353,2023,977,,,,,,,,
DOM_000354,2022,563,,,,,,,,
DOM_000354,2023,535,,,,,,,,
DOM_000355,2022,792,,,,,,,,
DOM_000355,2023,775,,,,,,,,
DOM_000356,2022,304,,,,,,,,
DOM_000356,2023,323,,,,,,,,
DOM_000357,2022,314,,,,,,,,
DOM_000357,2023,330,,,,,,,,
DOM_000358,2022,254,,,,,,,,
DOM_000358,2023,220,,,,,,,,
DOM_000359,2022,215,,,,,,,,
DOM_000359,2023,200,,,,,,,,
DOM_000360,2022,412,,,,,,,,
DOM_000360,2023,433,,,,,,,,
DOM_000361,2022,628,,,,,,,,
DOM_000361,2023,550,,,,,,,,
DOM_000362,2022,994,,,,,,,,
DOM_000362,2023,987,,,,,,,,
DOM_000363,2022,531,,,,,,,,
DOM_000363,2023,534,,,,,,,,
DOM_000364,2022,1137,,,,,,,,
DOM_000364,2023,1071,,,,,,,,
DOM_000365,2022,713,,,,,,,,
DOM_000365,2023,706,,,,,,,,
DOM_000366,2022,868,,,,,,,,
DOM_000366,2023,812,,,,,,,,
DOM_000367,2022,363,,,,,,,,
DOM_000367,2023,359,,,,,,,,
DOM_000368,2022,881,,,,,,,,
DOM_000368,2023,1042,,,,,,,,
DOM_000369,2022,407,,,,,,,,
DOM_000369,2023,399,,,,,,,,
DOM_000370,2022,30,,,,,,,,
DOM_000370,2023,34,,,,,,,,
DOM_000371,2022,987,,,,,,,,
DOM_000371,2023,1053,,,,,,,,
DOM_000372,2022,143,,,,,,,,
DOM_000372,2023,154,,,,,,,,
DOM_000373,2022,586,,,,,,,,
DOM_000373,2023,574,,,,,,,,
DOM_000374,2022,451,,,,,,,,
DOM_000374,2023,494,,,,,,,,
DOM_000375,2022,1000,,,,,,,,
DOM_000375,2023,926,,,,,,,,
DOM_000376,2022,425,,,,,,,,
DOM_000376,2023,450,,,,,,,,
DOM_000377,2022,615,,,,,,,,
DOM_000377,2023,704,,,,,,,,
DOM_000378,2022,383,,,,,,,,
DOM_000378,2023,377,,,,,,,,
DOM_000379,2022,665,,,,,,,,
DOM_000379,2023,683,,,,,,,,
DOM_000380,2022,773,,,,,,,,
DOM_000380,2023,765,,,,,,,,
DOM_000381,2022,348,,,,,,,,
DOM_000381,2023,334,,,,,,,,
DOM_000382,2022,578,,,,,,,,
DOM_000382,2023,609,,,,,,,,
DOM_000383,2022,402,,,,,,,,
DOM_000383,2023,432,,,,,,,,
DOM_000384,2022,596,,,,,,,,
DOM_000384,2023,495,,,,,,,,
DOM_000385,2022,339,,,,,,,,
DOM_000385,2023,330,,,,,,,,
DOM_000386,2022,307,,,,,,,,
DOM_000386,2023,307,,,,,,,,
DOM_000387,2022,357,,,,,,,,
DOM_000387,2023,353,,,,,,,,
DOM_000388,2022,102,,,,,,,,
DOM_000388,2023,99,,,,,,,,
DOM_000389,2022,291,,,,,,,,
DOM_000389,2023,292,,,,,,,,
DOM_000390,2022,282,,,,,,,,
DOM_000390,2023,287,,,,,,,,
DOM_000391,2022,22,,,,,,,,
DOM_000391,2023,25,,,,,,,,
DOM_000392,2022,15,,,,,,,,
DOM_000392,2023,20,,,,,,,,
DOM_000393,2022,287,,,,,,,,
DOM_000393,2023,292,,,,,,,,
DOM_000394,2022,199,,,,,,,,
DOM_000394,2023,205,,,,,,,,
DOM_000395,2022,29,,,,,,,,
DOM_000395,2023,30,,,,,,,,
DOM_000396,2022,428,,,,,,,,
DOM_000396,2023,416,,,,,,,,
DOM_000397,2022,24,,,,,,,,
DOM_000397,2023,23,,,,,,,,
DOM_000398,2022,50,,,,,,,,
DOM_000398,2023,53,,,,,,,,
DOM_000399,2022,196,,,,,,,,
DOM_000399,2023,213,,,,,,,,
DOM_000400,2022,377,,,,,,,,
DOM_000400,2023,405,,,,,,,,
DOM_000401,2022,101,,,,,,,,
DOM_000401,2023,102,,,,,,,,
DOM_000402,2022,84,,,,,,,,
DOM_000402,2023,92,,,,,,,,
DOM_000403,2022,478,,,,,,,,
DOM_000403,2023,456,,,,,,,,
DOM_000404,2022,112,,,,,,,,
DOM_000404,2023,106,,,,,,,,
DOM_000405,2022,120,,,,,,,,
DOM_000405,2023,125,,,,,,,,
DOM_000406,2022,417,,,,,,,,
DOM_000406,2023,415,,,,,,,,
DOM_000407,2022,62,,,,,,,,
DOM_000407,2023,63,,,,,,,,
DOM_000408,2022,46,,,,,,,,
DOM_000408,2023,42,,,,,,,,
DOM_000409,2022,11,,,,,,,,
DOM_000409,2023,19,,,,,,,,
DOM_000410,2022,446,,,,,,,,
DOM_000410,2023,461,,,,,,,,
DOM_000411,2022,43,,,,,,,,
DOM_000411,2023,37,,,,,,,,
DOM_000412,2022,395,,,,,,,,
DOM_000412,2023,404,,,,,,,,
DOM_000413,2022,145,,,,,,,,
DOM_000413,2023,128,,,,,,,,
DOM_000414,2022,505,,,,,,,,
DOM_000414,2023,530,,,,,,,,
DOM_000415,2022,101,,,,,,,,
DOM_000415,2023,115,,,,,,,,
DOM_000416,2022,215,,,,,,,,
DOM_000416,2023,232,,,,,,,,
DOM_000417,2022,3,,,,,,,,
DOM_000418,2022,135,,,,,,,,
DOM_000418,2023,134,,,,,,,,
DOM_000419,2022,136,,,,,,,,
DOM_000419,2023,147,,,,,,,,
DOM_000420,2022,116,,,,,,,,
DOM_000420,2023,113,,,,,,,,
DOM_000421,2022,113,,,,,,,,
DOM_000421,2023,120,,,,,,,,
DOM_000422,2022,192,,,,,,,,
DOM_000422,2023,189,,,,,,,,
DOM_000423,2022,143,,,,,,,,
DOM_000423,2023,146,,,,,,,,
DOM_000424,2022,227,,,,,,,,
DOM_000424,2023,239,,,,,,,,
DOM_000425,2022,463,,,,,,,,
DOM_000425,2023,490,,,,,,,,
DOM_000426,2022,212,,,,,,,,
DOM_000426,2023,222,,,,,,,,
DOM_000427,2022,29,,,,,,,,
DOM_000427,2023,26,,,,,,,,
DOM_000428,2022,73,,,,,,,,
DOM_000428,2023,86,,,,,,,,
DOM_000429,2022,78,,,,,,,,
DOM_000429,2023,87,,,,,,,,
DOM_000430,2022,29,,,,,,,,
DOM_000430,2023,21,,,,,,,,
DOM_000431,2022,73,,,,,,,,
DOM_000431,2023,72,,,,,,,,
DOM_000432,2022,55,,,,,,,,
DOM_000432,2023,56,,,,,,,,
DOM_000433,2022,89,,,,,,,,
DOM_000433,2023,72,,,,,,,,
DOM_000434,2022,62,,,,,,,,
DOM_000434,2023,56,,,,,,,,
DOM_000435,2022,69,,,,,,,,
DOM_000435,2023,73,,,,,,,,
DOM_000436,2022,56,,,,,,,,
DOM_000436,2023,50,,,,,,,,
DOM_000437,2022,150,,,,,,,,
DOM_000437,2023,165,,,,,,,,
DOM_000438,2022,21,,,,,,,,
DOM_000438,2023,20,,,,,,,,
DOM_000439,2022,8,,,,,,,,
DOM_000439,2023,7,,,,,,,,
DOM_000440,2022,42,,,,,,,,
DOM_000440,2023,43,,,,,,,,
DOM_000441,2022,53,,,,,,,,
DOM_000441,2023,46,,,,,,,,
DOM_000442,2022,139,,,,,,,,
DOM_000442,2023,151,,,,,,,,
DOM_000443,2022,142,,,,,,,,
DOM_000443,2023,152,,,,,,,,
DOM_000444,2022,41,,,,,,,,
DOM_000444,2023,49,,,,,,,,
DOM_000445,2022,284,,,,,,,,
DOM_000445,2023,304,,,,,,,,
DOM_000446,2022,541,,,,,,,,
DOM_000446,2023,615,,,,,,,,
DOM_000447,2022,266,,,,,,,,
DOM_000447,2023,262,,,,,,,,
DOM_000448,2022,71,,,,,,,,
DOM_000448,2023,73,,,,,,,,
DOM_000449,2022,148,,,,,,,,
DOM_000449,2023,135,,,,,,,,
DOM_000450,2022,260,,,,,,,,
DOM_000450,2023,312,,,,,,,,
DOM_000451,2022,266,,,,,,,,
DOM_000451,2023,292,,,,,,,,
DOM_000452,2022,261,,,,,,,,
DOM_000452,2023,247,,,,,,,,
DOM_000453,2022,64,,,,,,,,
DOM_000453,2023,72,,,,,,,,
DOM_000454,2022,2,,,,,,,,
DOM_000454,2023,2,,,,,,,,
DOM_000455,2022,465,,,,,,,,
DOM_000455,2023,497,,,,,,,,
DOM_000456,2022,177,,,,,,,,
DOM_000456,2023,173,,,,,,,,
DOM_000457,2022,2,,,,,,,,
DOM_000457,2023,3,,,,,,,,
DOM_000458,2022,50,,,,,,,,
DOM_000458,2023,52,,,,,,,,
DOM_000459,2022,538,,,,,,,,
DOM_000459,2023,574,,,,,,,,
DOM_000460,2022,312,,,,,,,,
DOM_000460,2023,298,,,,,,,,
DOM_000461,2022,342,,,,,,,,
DOM_000461,2023,366,,,,,,,,
DOM_000462,2022,306,,,,,,,,
DOM_000462,2023,288,,,,,,,,
DOM_000463,2022,251,,,,,,,,
DOM_000463,2023,250,,,,,,,,
DOM_000464,2022,205,,,,,,,,
DOM_000464,2023,180,,,,,,,,
DOM_000465,2022,359,,,,,,,,
DOM_000465,2023,368,,,,,,,,
DOM_000466,2022,12,,,,,,,,
DOM_000466,2023,14,,,,,,,,
DOM_000467,2022,12,,,,,,,,
DOM_000467,2023,11,,,,,,,,
DOM_000468,2022,10,,,,,,,,
DOM_000468,2023,8,,,,,,,,
DOM_000469,2022,973,,,,,,,,
DOM_000469,2023,1029,,,,,,,,
DOM_000470,2022,268,,,,,,,,
DOM_000470,2023,268,,,,,,,,
DOM_000471,2022,503,,,,,,,,
DOM_000471,2023,458,,,,,,,,
DOM_000472,2022,205,,,,,,,,
DOM_000472,2023,202,,,,,,,,
DOM_000473,2022,355,,,,,,,,
DOM_000473,2023,350,,,,,,,,
DOM_000474,2022,116,,,,,,,,
DOM_000474,2023,126,,,,,,,,
DOM_000475,2022,426,,,,,,,,
DOM_000475,2023,485,,,,,,,,
DOM_000476,2022,488,,,,,,,,
DOM_000476,2023,513,,,,,,,,
DOM_000477,2022,14,,,,,,,,
DOM_000477,2023,10,,,,,,,,
DOM_000478,2022,3,,,,,,,,
DOM_000478,2023,4,,,,,,,,
DOM_000479,2022,9,,,,,,,,
DOM_000479,2023,8,,,,,,,,
DOM_000480,2022,252,,,,,,,,
DOM_000480,2023,258,,,,,,,,
DOM_000481,2022,24,,,,,,,,
DOM_000481,2023,27,,,,,,,,
DOM_000482,2022,124,,,,,,,,
DOM_000482,2023,104,,,,,,,,
DOM_000483,2022,656,,,,,,,,
DOM_000483,2023,625,,,,,,,,
DOM_000484,2022,380,,,,,,,,
DOM_000484,2023,354,,,,,,,,
DOM_000485,2022,2,,,,,,,,
DOM_000485,2023,2,,,,,,,,
DOM_000486,2022,30,,,,,,,,
DOM_000486,2023,26,,,,,,,,
DOM_000487,2022,221,,,,,,,,
DOM_000487,2023,258,,,,,,,,
DOM_000488,2022,227,,,,,,,,
DOM_000488,2023,238,,,,,,,,
DOM_000489,2022,158,,,,,,,,
DOM_000489,2023,158,,,,,,,,
DOM_000490,2022,38,,,,,,,,
DOM_000490,2023,40,,,,,,,,
DOM_000491,2022,11,,,,,,,,
DOM_000491,2023,12,,,,,,,,
DOM_000492,2022,80,,,,,,,,
DOM_000492,2023,70,,,,,,,,
DOM_000493,2022,41,,,,,,,,
DOM_000493,2023,45,,,,,,,,
DOM_000494,2022,395,,,,,,,,
DOM_000494,2023,363,,,,,,,,
DOM_000495,2022,121,,,,,,,,
DOM_000495,2023,122,,,,,,,,
DOM_000496,2022,22,,,,,,,,
DOM_000496,2023,28,,,,,,,,
DOM_000497,2022,157,,,,,,,,
DOM_000497,2023,163,,,,,,,,
DOM_000498,2022,684,,,,,,,,
DOM_000498,2023,701,,,,,,,,
DOM_000499,2022,308,,,,,,,,
DOM_000499,2023,333,,,,,,,,
DOM_000500,2022,159,,,,,,,,
DOM_000500,2023,169,,,,,,,,
DOM_000501,2022,312,,,,,,,,
DOM_000501,2023,259,,,,,,,,
DOM_000502,2022,68,,,,,,,,
DOM_000502,2023,65,,,,,,,,
DOM_000503,2022,190,,,,,,,,
DOM_000503,2023,230,,,,,,,,
DOM_000504,2022,206,,,,,,,,
DOM_000504,2023,201,,,,,,,,
DOM_000505,2022,21,,,,,,,,
DOM_000505,2023,8,,,,,,,,
DOM_000506,2022,18,,,,,,,,
DOM_000506,2023,17,,,,,,,,
DOM_000507,2022,596,,,,,,,,
DOM_000507,2023,603,,,,,,,,
DOM_000508,2022,259,,,,,,,,
DOM_000508,2023,275,,,,,,,,
DOM_000509,2022,158,,,,,,,,
DOM_000509,2023,150,,,,,,,,
DOM_000510,2022,612,,,,,,,,
DOM_000510,2023,638,,,,,,,,
DOM_000511,2022,387,,,,,,,,
DOM_000511,2023,419,,,,,,,,
DOM_000512,2022,79,,,,,,,,
DOM_000512,2023,68,,,,,,,,
DOM_000513,2022,35,,,,,,,,
DOM_000513,2023,31,,,,,,,,
DOM_000514,2022,79,,,,,,,,
DOM_000514,2023,75,,,,,,,,
DOM_000515,2022,22,,,,,,,,
DOM_000515,2023,19,,,,,,,,
DOM_000516,2022,23,,,,,,,,
DOM_000516,2023,25,,,,,,,,
DOM_000517,2022,6,,,,,,,,
DOM_000517,2023,3,,,,,,,,
DOM_000518,2022,66,,,,,,,,
DOM_000518,2023,67,,,,,,,,
DOM_000519,2022,99,,,,,,,,
DOM_000519,2023,93,,,,,,,,
DOM_000520,2022,120,,,,,,,,
DOM_000520,2023,124,,,,,,,,
DOM_000521,2022,210,,,,,,,,
DOM_000521,2023,230,,,,,,,,
DOM_000522,2022,179,,,,,,,,
DOM_000522,2023,177,,,,,,,,
DOM_000523,2022,148,,,,,,,,
DOM_000523,2023,147,,,,,,,,
DOM_000524,2022,337,,,,,,,,
DOM_000524,2023,348,,,,,,,,
DOM_000525,2022,5,,,,,,,,
DOM_000525,2023,4,,,,,,,,
DOM_000526,2022,27,,,,,,,,
DOM_000526,2023,34,,,,,,,,
DOM_000527,2022,36,,,,,,,,
DOM_000527,2023,41,,,,,,,,
DOM_000528,2022,8,,,,,,,,
DOM_000528,2023,7,,,,,,,,
DOM_000529,2022,21,,,,,,,,
DOM_000529,2023,23,,,,,,,,
DOM_000530,2022,433,,,,,,,,
DOM_000530,2023,354,,,,,,,,
DOM_000531,2022,505,,,,,,,,
DOM_000531,2023,483,,,,,,,,
DOM_000532,2022,21,,,,,,,,
DOM_000532,2023,38,,,,,,,,
DOM_000533,2022,97,,,,,,,,
DOM_000533,2023,104,,,,,,,,
DOM_000534,2022,47,,,,,,,,
DOM_000534,2023,60,,,,,,,,
DOM_000535,2022,392,,,,,,,,
DOM_000535,2023,350,,,,,,,,
DOM_000536,2022,114,,,,,,,,
DOM_000536,2023,123,,,,,,,,
DOM_000537,2022,87,,,,,,,,
DOM_000537,2023,81,,,,,,,,
DOM_000538,2022,18,,,,,,,,
DOM_000538,2023,20,,,,,,,,
DOM_000539,2022,177,,,,,,,,
DOM_000539,2023,163,,,,,,,,
DOM_000540,2022,99,,,,,,,,
DOM_000540,2023,123,,,,,,,,
DOM_000541,2022,121,,,,,,,,
DOM_000541,2023,145,,,,,,,,
DOM_000542,2022,18,,,,,,,,
DOM_000542,2023,25,,,,,,,,
DOM_000543,2022,34,,,,,,,,
DOM_000543,2023,55,,,,,,,,
DOM_000544,2022,68,,,,,,,,
DOM_000544,2023,63,,,,,,,,
DOM_000545,2022,135,,,,,,,,
DOM_000545,2023,101,,,,,,,,
DOM_000546,2022,484,,,,,,,,
DOM_000546,2023,509,,,,,,,,
DOM_000547,2022,169,,,,,,,,
DOM_000547,2023,144,,,,,,,,
DOM_000548,2022,357,,,,,,,,
DOM_000548,2023,362,,,,,,,,
DOM_000549,2022,207,,,,,,,,
DOM_000549,2023,201,,,,,,,,
DOM_000550,2022,23,,,,,,,,
DOM_000550,2023,31,,,,,,,,
DOM_000551,2022,106,,,,,,,,
DOM_000551,2023,123,,,,,,,,
DOM_000552,2022,19,,,,,,,,
DOM_000552,2023,20,,,,,,,,
DOM_000553,2022,33,,,,,,,,
DOM_000553,2023,38,,,,,,,,
DOM_000554,2022,42,,,,,,,,
DOM_000554,2023,39,,,,,,,,
DOM_000555,2022,30,,,,,,,,
DOM_000555,2023,29,,,,,,,,
DOM_000556,2022,37,,,,,,,,
DOM_000556,2023,38,,,,,,,,
DOM_000557,2022,126,,,,,,,,
DOM_000557,2023,112,,,,,,,,
DOM_000558,2022,32,,,,,,,,
DOM_000558,2023,30,,,,,,,,
DOM_000559,2022,161,,,,,,,,
DOM_000559,2023,159,,,,,,,,
DOM_000560,2022,55,,,,,,,,
DOM_000560,2023,75,,,,,,,,
DOM_000561,2022,57,,,,,,,,
DOM_000561,2023,60,,,,,,,,
DOM_000562,2022,360,,,,,,,,
DOM_000562,2023,369,,,,,,,,
DOM_000563,2022,166,,,,,,,,
DOM_000563,2023,181,,,,,,,,
DOM_000564,2022,259,,,,,,,,
DOM_000564,2023,268,,,,,,,,
DOM_000565,2022,114,,,,,,,,
DOM_000565,2023,119,,,,,,,,
DOM_000566,2022,232,,,,,,,,
DOM_000566,2023,232,,,,,,,,
DOM_000567,2022,205,,,,,,,,
DOM_000567,2023,198,,,,,,,,
DOM_000568,2022,80,,,,,,,,
DOM_000568,2023,84,,,,,,,,
DOM_000569,2022,452,,,,,,,,
DOM_000569,2023,473,,,,,,,,
DOM_000570,2022,109,,,,,,,,
DOM_000570,2023,107,,,,,,,,
DOM_000571,2022,243,,,,,,,,
DOM_000571,2023,252,,,,,,,,
DOM_000572,2022,466,,,,,,,,
DOM_000572,2023,480,,,,,,,,
DOM_000573,2022,130,,,,,,,,
DOM_000573,2023,146,,,,,,,,
DOM_000574,2022,231,,,,,,,,
DOM_000574,2023,233,,,,,,,,
DOM_000575,2022,100,,,,,,,,
DOM_000575,2023,83,,,,,,,,
DOM_000576,2022,214,,,,,,,,
DOM_000576,2023,234,,,,,,,,
DOM_000577,2022,248,,,,,,,,
DOM_000577,2023,308,,,,,,,,
DOM_000578,2022,164,,,,,,,,
DOM_000578,2023,180,,,,,,,,
DOM_000579,2022,149,,,,,,,,
DOM_000579,2023,139,,,,,,,,
DOM_000580,2022,418,,,,,,,,
DOM_000580,2023,455,,,,,,,,
DOM_000581,2022,52,,,,,,,,
DOM_000581,2023,51,,,,,,,,
DOM_000582,2022,20,,,,,,,,
DOM_000582,2023,25,,,,,,,,
DOM_000583,2022,29,,,,,,,,
DOM_000583,2023,32,,,,,,,,
DOM_000584,2022,16,,,,,,,,
DOM_000584,2023,44,,,,,,,,
DOM_000585,2022,9,,,,,,,,
DOM_000585,2023,9,,,,,,,,
DOM_000586,2022,28,,,,,,,,
DOM_000586,2023,23,,,,,,,,
DOM_000587,2022,12,,,,,,,,
DOM_000587,2023,14,,,,,,,,
DOM_000588,2022,16,,,,,,,,
DOM_000588,2023,17,,,,,,,,
DOM_000589,2022,13,,,,,,,,
DOM_000589,2023,12,,,,,,,,
DOM_000590,2022,127,,,,,,,,
DOM_000590,2023,130,,,,,,,,
DOM_000591,2022,331,,,,,,,,
DOM_000591,2023,346,,,,,,,,
DOM_000592,2022,11,,,,,,,,
DOM_000592,2023,16,,,,,,,,
DOM_000593,2022,119,,,,,,,,
DOM_000593,2023,123,,,,,,,,
DOM_000594,2022,464,,,,,,,,
DOM_000594,2023,445,,,,,,,,
DOM_000595,2022,63,,,,,,,,
DOM_000595,2023,96,,,,,,,,
DOM_000596,2022,18,,,,,,,,
DOM_000596,2023,21,,,,,,,,
DOM_000597,2022,161,,,,,,,,
DOM_000597,2023,158,,,,,,,,
DOM_000598,2022,6,,,,,,,,
DOM_000598,2023,7,,,,,,,,
DOM_000599,2022,217,,,,,,,,
DOM_000599,2023,212,,,,,,,,
DOM_000600,2022,169,,,,,,,,
DOM_000600,2023,173,,,,,,,,
DOM_000601,2022,135,,,,,,,,
DOM_000601,2023,141,,,,,,,,
DOM_000602,2022,107,,,,,,,,
DOM_000602,2023,113,,,,,,,,
DOM_000603,2022,799,,,,,,,,
DOM_000603,2023,754,,,,,,,,
DOM_000604,2022,850,,,,,,,,
DOM_000604,2023,857,,,,,,,,
DOM_000605,2022,205,,,,,,,,
DOM_000605,2023,224,,,,,,,,
DOM_000606,2022,942,,,,,,,,
DOM_000606,2023,1005,,,,,,,,
DOM_000607,2022,274,,,,,,,,
DOM_000607,2023,259,,,,,,,,
DOM_000608,2022,654,,,,,,,,
DOM_000608,2023,661,,,,,,,,
DOM_000609,2022,540,,,,,,,,
DOM_000609,2023,528,,,,,,,,
DOM_000610,2022,550,,,,,,,,
DOM_000610,2023,533,,,,,,,,
DOM_000611,2022,222,,,,,,,,
DOM_000611,2023,230,,,,,,,,
DOM_000612,2022,276,,,,,,,,
DOM_000612,2023,268,,,,,,,,
DOM_000613,2022,405,,,,,,,,
DOM_000613,2023,301,,,,,,,,
DOM_000614,2022,660,,,,,,,,
DOM_000614,2023,640,,,,,,,,
DOM_000615,2022,499,,,,,,,,
DOM_000615,2023,466,,,,,,,,
DOM_000616,2022,1162,,,,,,,,
DOM_000616,2023,1118,,,,,,,,
DOM_000617,2022,385,,,,,,,,
DOM_000617,2023,341,,,,,,,,
DOM_000618,2022,493,,,,,,,,
DOM_000618,2023,537,,,,,,,,
DOM_000619,2022,466,,,,,,,,
DOM_000619,2023,472,,,,,,,,
DOM_000620,2022,231,,,,,,,,
DOM_000620,2023,217,,,,,,,,
DOM_000621,2022,80,,,,,,,,
DOM_000621,2023,90,,,,,,,,
DOM_000622,2022,55,,,,,,,,
DOM_000622,2023,55,,,,,,,,
DOM_000623,2022,273,,,,,,,,
DOM_000623,2023,292,,,,,,,,
DOM_000624,2022,523,,,,,,,,
DOM_000624,2023,490,,,,,,,,
DOM_000625,2022,681,,,,,,,,
DOM_000625,2023,748,,,,,,,,
DOM_000626,2022,394,,,,,,,,
DOM_000626,2023,425,,,,,,,,
DOM_000627,2022,179,,,,,,,,
DOM_000627,2023,201,,,,,,,,
DOM_000628,2022,29,,,,,,,,
DOM_000628,2023,43,,,,,,,,
DOM_000629,2022,238,,,,,,,,
DOM_000629,2023,235,,,,,,,,
DOM_000630,2022,463,,,,,,,,
DOM_000630,2023,491,,,,,,,,
DOM_000631,2022,502,,,,,,,,
DOM_000631,2023,381,,,,,,,,
DOM_000632,2022,101,,,,,,,,
DOM_000632,2023,137,,,,,,,,
DOM_000633,2022,197,,,,,,,,
DOM_000633,2023,213,,,,,,,,
DOM_000634,2022,137,,,,,,,,
DOM_000634,2023,148,,,,,,,,
DOM_000635,2022,124,,,,,,,,
DOM_000635,2023,162,,,,,,,,
DOM_000636,2022,16,,,,,,,,
DOM_000636,2023,17,,,,,,,,
DOM_000637,2022,3,,,,,,,,
DOM_000637,2023,2,,,,,,,,
DOM_000638,2022,16,,,,,,,,
DOM_000638,2023,11,,,,,,,,
DOM_000639,2022,20,,,,,,,,
DOM_000639,2023,22,,,,,,,,
DOM_000640,2022,32,,,,,,,,
DOM_000640,2023,31,,,,,,,,
DOM_000641,2022,39,,,,,,,,
DOM_000641,2023,42,,,,,,,,
DOM_000642,2022,302,,,,,,,,
DOM_000642,2023,305,,,,,,,,
DOM_000643,2022,337,,,,,,,,
DOM_000643,2023,360,,,,,,,,
DOM_000644,2022,66,,,,,,,,
DOM_000644,2023,71,,,,,,,,
DOM_000645,2022,111,,,,,,,,
DOM_000645,2023,133,,,,,,,,
DOM_000646,2022,55,,,,,,,,
DOM_000646,2023,64,,,,,,,,
DOM_000647,2022,19,,,,,,,,
DOM_000647,2023,25,,,,,,,,
DOM_000648,2022,145,,,,,,,,
DOM_000648,2023,140,,,,,,,,
DOM_000649,2022,37,,,,,,,,
DOM_000649,2023,29,,,,,,,,
DOM_000650,2022,455,,,,,,,,
DOM_000650,2023,490,,,,,,,,
DOM_000651,2022,104,,,,,,,,
DOM_000651,2023,122,,,,,,,,
DOM_000652,2022,108,,,,,,,,
DOM_000652,2023,141,,,,,,,,
DOM_000653,2022,15,,,,,,,,
DOM_000653,2023,12,,,,,,,,
DOM_000654,2022,59,,,,,,,,
DOM_000654,2023,61,,,,,,,,
DOM_000655,2022,21,,,,,,,,
DOM_000655,2023,20,,,,,,,,
DOM_000656,2022,136,,,,,,,,
DOM_000656,2023,155,,,,,,,,
DOM_000657,2022,24,,,,,,,,
DOM_000657,2023,23,,,,,,,,
DOM_000658,2022,84,,,,,,,,
DOM_000658,2023,96,,,,,,,,
DOM_000659,2022,23,,,,,,,,
DOM_000659,2023,20,,,,,,,,
DOM_000660,2022,29,,,,,,,,
DOM_000660,2023,36,,,,,,,,
DOM_000661,2022,33,,,,,,,,
DOM_000661,2023,32,,,,,,,,
DOM_000662,2022,70,,,,,,,,
DOM_000662,2023,52,,,,,,,,
DOM_000663,2022,70,,,,,,,,
DOM_000663,2023,91,,,,,,,,
DOM_000664,2022,265,,,,,,,,
DOM_000664,2023,282,,,,,,,,
DOM_000665,2022,24,,,,,,,,
DOM_000665,2023,32,,,,,,,,
DOM_000666,2022,125,,,,,,,,
DOM_000666,2023,192,,,,,,,,
DOM_000667,2022,230,,,,,,,,
DOM_000667,2023,253,,,,,,,,
DOM_000668,2022,51,,,,,,,,
DOM_000668,2023,48,,,,,,,,
DOM_000669,2022,17,,,,,,,,
DOM_000669,2023,19,,,,,,,,
DOM_000670,2022,135,,,,,,,,
DOM_000670,2023,154,,,,,,,,
DOM_000671,2022,93,,,,,,,,
DOM_000671,2023,96,,,,,,,,
DOM_000672,2022,16,,,,,,,,
DOM_000672,2023,15,,,,,,,,
DOM_000673,2022,100,,,,,,,,
DOM_000673,2023,98,,,,,,,,
DOM_000674,2022,13,,,,,,,,
DOM_000674,2023,14,,,,,,,,
DOM_000675,2022,70,,,,,,,,
DOM_000675,2023,75,,,,,,,,
DOM_000676,2022,9,,,,,,,,
DOM_000676,2023,12,,,,,,,,
DOM_000677,2022,230,,,,,,,,
DOM_000677,2023,258,,,,,,,,
DOM_000678,2022,939,,,,,,,,
DOM_000678,2023,970,,,,,,,,
DOM_000679,2022,507,,,,,,,,
DOM_000679,2023,539,,,,,,,,
DOM_000680,2022,316,,,,,,,,
DOM_000680,2023,336,,,,,,,,
DOM_000681,2022,81,,,,,,,,
DOM_000681,2023,69,,,,,,,,
DOM_000682,2022,462,,,,,,,,
DOM_000682,2023,485,,,,,,,,
DOM_000683,2022,197,,,,,,,,
DOM_000683,2023,235,,,,,,,,
DOM_000684,2022,114,,,,,,,,
DOM_000684,2023,131,,,,,,,,
DOM_000685,2022,151,,,,,,,,
DOM_000685,2023,214,,,,,,,,
DOM_000686,2022,367,,,,,,,,
DOM_000686,2023,376,,,,,,,,
DOM_000687,2022,522,,,,,,,,
DOM_000687,2023,525,,,,,,,,
DOM_000688,2022,155,,,,,,,,
DOM_000688,2023,176,,,,,,,,
DOM_000689,2022,220,,,,,,,,
DOM_000689,2023,247,,,,,,,,
DOM_000690,2022,82,,,,,,,,
DOM_000690,2023,83,,,,,,,,
DOM_000691,2022,432,,,,,,,,
DOM_000691,2023,441,,,,,,,,
DOM_000692,2022,610,,,,,,,,
DOM_000692,2023,618,,,,,,,,
DOM_000693,2022,325,,,,,,,,
DOM_000693,2023,301,,,,,,,,
DOM_000694,2022,378,,,,,,,,
DOM_000694,2023,373,,,,,,,,
DOM_000695,2022,33,,,,,,,,
DOM_000695,2023,30,,,,,,,,
DOM_000696,2022,34,,,,,,,,
DOM_000696,2023,41,,,,,,,,
DOM_000697,2022,31,,,,,,,,
DOM_000697,2023,32,,,,,,,,
DOM_000698,2022,20,,,,,,,,
DOM_000698,2023,12,,,,,,,,
DOM_000699,2022,77,,,,,,,,
DOM_000699,2023,83,,,,,,,,
DOM_000700,2022,116,,,,,,,,
DOM_000700,2023,134,,,,,,,,
DOM_000701,2022,318,,,,,,,,
DOM_000701,2023,318,,,,,,,,
DOM_000702,2022,251,,,,,,,,
DOM_000702,2023,283,,,,,,,,
DOM_000703,2022,26,,,,,,,,
DOM_000703,2023,25,,,,,,,,
DOM_000704,2022,14,,,,,,,,
DOM_000704,2023,10,,,,,,,,
DOM_000705,2022,10,,,,,,,,
DOM_000705,2023,16,,,,,,,,
DOM_000706,2022,249,,,,,,,,
DOM_000706,2023,245,,,,,,,,
DOM_000707,2022,12,,,,,,,,
DOM_000707,2023,12,,,,,,,,
DOM_000708,2022,97,,,,,,,,
DOM_000708,2023,104,,,,,,,,
DOM_000709,2022,34,,,,,,,,
DOM_000709,2023,37,,,,,,,,
DOM_000710,2022,4,,,,,,,,
DOM_000711,2022,597,,,,,,,,
DOM_000711,2023,639,,,,,,,,
DOM_000712,2022,341,,,,,,,,
DOM_000712,2023,373,,,,,,,,
DOM_000713,2022,11,,,,,,,,
DOM_000713,2023,7,,,,,,,,
DOM_000714,2022,47,,,,,,,,
DOM_000714,2023,52,,,,,,,,
DOM_000715,2022,181,,,,,,,,
DOM_000715,2023,215,,,,,,,,
DOM_000716,2022,328,,,,,,,,
DOM_000716,2023,337,,,,,,,,
DOM_000717,2022,92,,,,,,,,
DOM_000717,2023,86,,,,,,,,
DOM_000718,2022,141,,,,,,,,
DOM_000718,2023,142,,,,,,,,
DOM_000719,2022,213,,,,,,,,
DOM_000719,2023,216,,,,,,,,
DOM_000720,2022,28,,,,,,,,
DOM_000720,2023,25,,,,,,,,
DOM_000721,2022,206,,,,,,,,
DOM_000721,2023,184,,,,,,,,
DOM_000722,2022,330,,,,,,,,
DOM_000722,2023,330,,,,,,,,
DOM_000723,2022,510,,,,,,,,
DOM_000723,2023,621,,,,,,,,
DOM_000724,2022,339,,,,,,,,
DOM_000724,2023,346,,,,,,,,
DOM_000725,2022,208,,,,,,,,
DOM_000725,2023,186,,,,,,,,
DOM_000726,2022,33,,,,,,,,
DOM_000726,2023,52,,,,,,,,
DOM_000727,2022,14,,,,,,,,
DOM_000727,2023,14,,,,,,,,
DOM_000728,2022,77,,,,,,,,
DOM_000728,2023,79,,,,,,,,
DOM_000729,2022,340,,,,,,,,
DOM_000729,2023,342,,,,,,,,
DOM_000730,2022,518,,,,,,,,
DOM_000730,2023,522,,,,,,,,
DOM_000731,2022,171,,,,,,,,
DOM_000731,2023,170,,,,,,,,
DOM_000732,2022,339,,,,,,,,
DOM_000732,2023,305,,,,,,,,
DOM_000733,2022,132,,,,,,,,
DOM_000733,2023,150,,,,,,,,
DOM_000734,2022,52,,,,,,,,
DOM_000734,2023,88,,,,,,,,
DOM_000735,2022,153,,,,,,,,
DOM_000735,2023,202,,,,,,,,
DOM_000736,2022,29,,,,,,,,
DOM_000736,2023,20,,,,,,,,
DOM_000737,2022,8,,,,,,,,
DOM_000737,2023,7,,,,,,,,
DOM_000738,2022,46,,,,,,,,
DOM_000738,2023,54,,,,,,,,
DOM_000739,2022,112,,,,,,,,
DOM_000739,2023,114,,,,,,,,
DOM_000740,2022,74,,,,,,,,
DOM_000740,2023,69,,,,,,,,
DOM_000741,2022,127,,,,,,,,
DOM_000741,2023,137,,,,,,,,
DOM_000742,2022,55,,,,,,,,
DOM_000742,2023,48,,,,,,,,
DOM_000743,2022,152,,,,,,,,
DOM_000743,2023,137,,,,,,,,
DOM_000744,2022,192,,,,,,,,
DOM_000744,2023,176,,,,,,,,
DOM_000745,2022,53,,,,,,,,
DOM_000745,2023,43,,,,,,,,
DOM_000746,2022,29,,,,,,,,
DOM_000746,2023,25,,,,,,,,
DOM_000747,2022,162,,,,,,,,
DOM_000747,2023,168,,,,,,,,
DOM_000748,2022,20,,,,,,,,
DOM_000748,2023,18,,,,,,,,
DOM_000749,2022,7,,,,,,,,
DOM_000749,2023,13,,,,,,,,
DOM_000750,2022,84,,,,,,,,
DOM_000750,2023,96,,,,,,,,
DOM_000751,2022,300,,,,,,,,
DOM_000751,2023,321,,,,,,,,
DOM_000752,2022,14,,,,,,,,
DOM_000752,2023,14,,,,,,,,
DOM_000753,2022,23,,,,,,,,
DOM_000753,2023,23,,,,,,,,
DOM_000754,2022,82,,,,,,,,
DOM_000754,2023,77,,,,,,,,
DOM_000755,2022,19,,,,,,,,
DOM_000755,2023,14,,,,,,,,
DOM_000756,2022,22,,,,,,,,
DOM_000756,2023,18,,,,,,,,
DOM_000757,2022,59,,,,,,,,
DOM_000757,2023,43,,,,,,,,
DOM_000758,2022,128,,,,,,,,
DOM_000758,2023,111,,,,,,,,
DOM_000759,2022,215,,,,,,,,
DOM_000759,2023,209,,,,,,,,
DOM_000760,2022,50,,,,,,,,
DOM_000760,2023,55,,,,,,,,
DOM_000761,2022,279,,,,,,,,
DOM_000761,2023,296,,,,,,,,
DOM_000762,2022,336,,,,,,,,
DOM_000762,2023,332,,,,,,,,
DOM_000763,2022,81,,,,,,,,
DOM_000763,2023,71,,,,,,,,
DOM_000764,2022,24,,,,,,,,
DOM_000764,2023,24,,,,,,,,
DOM_000765,2022,30,,,,,,,,
DOM_000765,2023,32,,,,,,,,
DOM_000766,2022,19,,,,,,,,
DOM_000766,2023,19,,,,,,,,
DOM_000767,2022,30,,,,,,,,
DOM_000767,2023,39,,,,,,,,
DOM_000768,2022,86,,,,,,,,
DOM_000768,2023,71,,,,,,,,
DOM_000769,2022,700,,,,,,,,
DOM_000769,2023,754,,,,,,,,
DOM_000770,2022,123,,,,,,,,
DOM_000770,2023,123,,,,,,,,
DOM_000771,2022,13,,,,,,,,
DOM_000771,2023,12,,,,,,,,
DOM_000772,2022,29,,,,,,,,
DOM_000772,2023,29,,,,,,,,
DOM_000773,2022,112,,,,,,,,
DOM_000773,2023,112,,,,,,,,
DOM_000774,2022,18,,,,,,,,
DOM_000774,2023,14,,,,,,,,
DOM_000775,2022,107,,,,,,,,
DOM_000775,2023,111,,,,,,,,
DOM_000776,2022,32,,,,,,,,
DOM_000776,2023,36,,,,,,,,
DOM_000777,2022,17,,,,,,,,
DOM_000777,2023,16,,,,,,,,
DOM_000778,2022,34,,,,,,,,
DOM_000778,2023,41,,,,,,,,
DOM_000779,2022,26,,,,,,,,
DOM_000779,2023,24,,,,,,,,
DOM_000780,2022,33,,,,,,,,
DOM_000780,2023,26,,,,,,,,
DOM_000781,2022,32,,,,,,,,
DOM_000781,2023,29,,,,,,,,
DOM_000782,2022,11,,,,,,,,
DOM_000782,2023,14,,,,,,,,
DOM_000783,2022,98,,,,,,,,
DOM_000783,2023,95,,,,,,,,
DOM_000784,2022,165,,,,,,,,
DOM_000784,2023,163,,,,,,,,
DOM_000785,2022,38,,,,,,,,
DOM_000785,2023,49,,,,,,,,
DOM_000786,2022,20,,,,,,,,
DOM_000786,2023,18,,,,,,,,
DOM_000787,2022,15,,,,,,,,
DOM_000787,2023,19,,,,,,,,
DOM_000788,2022,16,,,,,,,,
DOM_000788,2023,12,,,,,,,,
DOM_000789,2022,362,,,,,,,,
DOM_000789,2023,415,,,,,,,,
DOM_000790,2022,18,,,,,,,,
DOM_000790,2023,10,,,,,,,,
DOM_000791,2022,4,,,,,,,,
DOM_000791,2023,5,,,,,,,,
DOM_000792,2022,23,,,,,,,,
DOM_000792,2023,33,,,,,,,,
DOM_000793,2022,30,,,,,,,,
DOM_000793,2023,26,,,,,,,,
DOM_000794,2022,86,,,,,,,,
DOM_000794,2023,108,,,,,,,,
DOM_000795,2022,22,,,,,,,,
DOM_000795,2023,21,,,,,,,,
DOM_000796,2022,110,,,,,,,,
DOM_000796,2023,69,,,,,,,,
DOM_000797,2022,254,,,,,,,,
DOM_000797,2023,272,,,,,,,,
DOM_000798,2022,57,,,,,,,,
DOM_000798,2023,53,,,,,,,,
DOM_000799,2022,468,,,,,,,,
DOM_000799,2023,494,,,,,,,,
DOM_000800,2022,195,,,,,,,,
DOM_000800,2023,203,,,,,,,,
DOM_000801,2022,892,,,,,,,,
DOM_000801,2023,533,,,,,,,,
DOM_000802,2022,684,,,,,,,,
DOM_000802,2023,521,,,,,,,,
DOM_000803,2022,292,,,,,,,,
DOM_000803,2023,305,,,,,,,,
DOM_000804,2022,59,,,,,,,,
DOM_000804,2023,37,,,,,,,,
DOM_000805,2022,659,,,,,,,,
DOM_000805,2023,519,,,,,,,,
DOM_000806,2022,487,,,,,,,,
DOM_000806,2023,474,,,,,,,,
DOM_000807,2022,263,,,,,,,,
DOM_000807,2023,221,,,,,,,,
DOM_000808,2022,724,,,,,,,,
DOM_000808,2023,735,,,,,,,,
DOM_000809,2022,505,,,,,,,,
DOM_000809,2023,474,,,,,,,,
DOM_000810,2022,488,,,,,,,,
DOM_000810,2023,490,,,,,,,,
DOM_000811,2022,1266,,,,,,,,
DOM_000811,2023,1299,,,,,,,,
DOM_000812,2022,438,,,,,,,,
DOM_000812,2023,439,,,,,,,,
DOM_000813,2022,635,,,,,,,,
DOM_000813,2023,726,,,,,,,,
DOM_000814,2022,91,,,,,,,,
DOM_000814,2023,82,,,,,,,,
DOM_000815,2022,121,,,,,,,,
DOM_000815,2023,132,,,,,,,,
DOM_000816,2022,132,,,,,,,,
DOM_000816,2023,111,,,,,,,,
DOM_000817,2022,123,,,,,,,,
DOM_000817,2023,149,,,,,,,,
DOM_000818,2022,69,,,,,,,,
DOM_000818,2023,81,,,,,,,,
DOM_000819,2022,172,,,,,,,,
DOM_000819,2023,173,,,,,,,,
DOM_000820,2022,11,,,,,,,,
DOM_000820,2023,17,,,,,,,,
DOM_000821,2022,67,,,,,,,,
DOM_000821,2023,69,,,,,,,,
DOM_000822,2022,108,,,,,,,,
DOM_000822,2023,129,,,,,,,,
DOM_000823,2022,119,,,,,,,,
DOM_000823,2023,107,,,,,,,,
DOM_000824,2022,42,,,,,,,,
DOM_000824,2023,52,,,,,,,,
DOM_000825,2022,117,,,,,,,,
DOM_000825,2023,116,,,,,,,,
DOM_000826,2022,111,,,,,,,,
DOM_000826,2023,110,,,,,,,,
DOM_000827,2022,33,,,,,,,,
DOM_000827,2023,45,,,,,,,,
DOM_000828,2022,158,,,,,,,,
DOM_000828,2023,145,,,,,,,,
DOM_000829,2022,309,,,,,,,,
DOM_000829,2023,314,,,,,,,,
DOM_000830,2022,83,,,,,,,,
DOM_000830,2023,93,,,,,,,,
DOM_000831,2022,84,,,,,,,,
DOM_000831,2023,83,,,,,,,,
DOM_000832,2022,218,,,,,,,,
DOM_000832,2023,230,,,,,,,,
DOM_000833,2022,143,,,,,,,,
DOM_000833,2023,152,,,,,,,,
DOM_000834,2022,23,,,,,,,,
DOM_000834,2023,24,,,,,,,,
DOM_000835,2022,20,,,,,,,,
DOM_000835,2023,33,,,,,,,,
DOM_000836,2022,21,,,,,,,,
DOM_000836,2023,20,,,,,,,,
DOM_000837,2022,26,,,,,,,,
DOM_000837,2023,29,,,,,,,,
DOM_000838,2022,43,,,,,,,,
DOM_000838,2023,45,,,,,,,,
DOM_000839,2022,219,,,,,,,,
DOM_000839,2023,227,,,,,,,,
DOM_000840,2022,18,,,,,,,,
DOM_000840,2023,20,,,,,,,,
DOM_000841,2022,13,,,,,,,,
DOM_000841,2023,12,,,,,,,,
DOM_000842,2022,19,,,,,,,,
DOM_000842,2023,25,,,,,,,,
DOM_000843,2022,106,,,,,,,,
DOM_000843,2023,92,,,,,,,,
DOM_000844,2022,50,,,,,,,,
DOM_000844,2023,53,,,,,,,,
DOM_000845,2022,42,,,,,,,,
DOM_000845,2023,46,,,,,,,,
DOM_000846,2022,124,,,,,,,,
DOM_000846,2023,122,,,,,,,,
DOM_000847,2022,5,,,,,,,,
DOM_000847,2023,9,,,,,,,,
DOM_000848,2022,38,,,,,,,,
DOM_000848,2023,40,,,,,,,,
DOM_000849,2022,41,,,,,,,,
DOM_000849,2023,36,,,,,,,,
DOM_000850,2022,22,,,,,,,,
DOM_000850,2023,11,,,,,,,,
DOM_000851,2022,18,,,,,,,,
DOM_000851,2023,21,,,,,,,,
DOM_000852,2022,5,,,,,,,,
DOM_000852,2023,4,,,,,,,,
DOM_000853,2022,24,,,,,,,,
DOM_000853,2023,21,,,,,,,,
DOM_000854,2022,42,,,,,,,,
DOM_000854,2023,54,,,,,,,,
DOM_000855,2022,6,,,,,,,,
DOM_000855,2023,8,,,,,,,,
DOM_000856,2022,14,,,,,,,,
DOM_000856,2023,10,,,,,,,,
DOM_000857,2022,55,,,,,,,,
DOM_000857,2023,46,,,,,,,,
DOM_000858,2022,15,,,,,,,,
DOM_000858,2023,19,,,,,,,,
DOM_000859,2022,29,,,,,,,,
DOM_000859,2023,25,,,,,,,,
DOM_000860,2022,26,,,,,,,,
DOM_000860,2023,25,,,,,,,,
DOM_000861,2022,11,,,,,,,,
DOM_000861,2023,9,,,,,,,,
DOM_000862,2022,42,,,,,,,,
DOM_000862,2023,34,,,,,,,,
DOM_000863,2022,22,,,,,,,,
DOM_000863,2023,20,,,,,,,,
DOM_000864,2022,109,,,,,,,,
DOM_000864,2023,130,,,,,,,,
DOM_000865,2022,39,,,,,,,,
DOM_000865,2023,40,,,,,,,,
DOM_000866,2022,298,,,,,,,,
DOM_000866,2023,259,,,,,,,,
DOM_000867,2022,78,,,,,,,,
DOM_000867,2023,85,,,,,,,,
DOM_000868,2022,65,,,,,,,,
DOM_000868,2023,76,,,,,,,,
DOM_000869,2022,75,,,,,,,,
DOM_000869,2023,107,,,,,,,,
DOM_000870,2022,21,,,,,,,,
DOM_000870,2023,27,,,,,,,,
DOM_000871,2022,9,,,,,,,,
DOM_000871,2023,11,,,,,,,,
DOM_000872,2022,33,,,,,,,,
DOM_000872,2023,27,,,,,,,,
DOM_000873,2022,21,,,,,,,,
DOM_000873,2023,13,,,,,,,,
DOM_000874,2022,7,,,,,,,,
DOM_000874,2023,10,,,,,,,,
DOM_000875,2022,45,,,,,,,,
DOM_000875,2023,53,,,,,,,,
DOM_000876,2022,15,,,,,,,,
DOM_000876,2023,24,,,,,,,,
DOM_000877,2022,36,,,,,,,,
DOM_000877,2023,33,,,,,,,,
DOM_000878,2022,35,,,,,,,,
DOM_000878,2023,44,,,,,,,,
DOM_000879,2022,28,,,,,,,,
DOM_000879,2023,36,,,,,,,,
DOM_000880,2022,15,,,,,,,,
DOM_000880,2023,13,,,,,,,,
DOM_000881,2022,257,,,,,,,,
DOM_000881,2023,274,,,,,,,,
DOM_000882,2022,48,,,,,,,,
DOM_000882,2023,49,,,,,,,,
DOM_000883,2022,50,,,,,,,,
DOM_000883,2023,47,,,,,,,,
DOM_000884,2022,140,,,,,,,,
DOM_000884,2023,150,,,,,,,,
DOM_000885,2022,26,,,,,,,,
DOM_000885,2023,35,,,,,,,,
DOM_000886,2022,29,,,,,,,,
DOM_000886,2023,22,,,,,,,,
DOM_000887,2022,10,,,,,,,,
DOM_000887,2023,9,,,,,,,,
DOM_000888,2022,191,,,,,,,,
DOM_000888,2023,192,,,,,,,,
DOM_000889,2022,29,,,,,,,,
DOM_000889,2023,33,,,,,,,,
DOM_000890,2022,11,,,,,,,,
DOM_000890,2023,13,,,,,,,,
DOM_000891,2022,74,,,,,,,,
DOM_000891,2023,67,,,,,,,,
DOM_000892,2022,241,,,,,,,,
DOM_000892,2023,237,,,,,,,,
DOM_000893,2022,31,,,,,,,,
DOM_000893,2023,37,,,,,,,,
DOM_000894,2022,22,,,,,,,,
DOM_000894,2023,21,,,,,,,,
DOM_000895,2022,28,,,,,,,,
DOM_000895,2023,29,,,,,,,,
DOM_000896,2022,13,,,,,,,,
DOM_000896,2023,19,,,,,,,,
DOM_000897,2022,125,,,,,,,,
DOM_000897,2023,122,,,,,,,,
DOM_000898,2022,364,,,,,,,,
DOM_000898,2023,369,,,,,,,,
DOM_000899,2022,131,,,,,,,,
DOM_000899,2023,153,,,,,,,,
DOM_000900,2022,108,,,,,,,,
DOM_000900,2023,105,,,,,,,,
DOM_000901,2022,65,,,,,,,,
DOM_000901,2023,78,,,,,,,,
DOM_000902,2022,111,,,,,,,,
DOM_000902,2023,123,,,,,,,,
DOM_000903,2022,109,,,,,,,,
DOM_000903,2023,108,,,,,,,,
DOM_000904,2022,143,,,,,,,,
DOM_000904,2023,152,,,,,,,,
DOM_000905,2022,109,,,,,,,,
DOM_000905,2023,119,,,,,,,,
DOM_000906,2022,42,,,,,,,,
DOM_000906,2023,46,,,,,,,,
DOM_000907,2022,24,,,,,,,,
DOM_000907,2023,25,,,,,,,,
DOM_000908,2022,71,,,,,,,,
DOM_000908,2023,73,,,,,,,,
DOM_000909,2022,551,,,,,,,,
DOM_000909,2023,555,,,,,,,,
DOM_000910,2022,321,,,,,,,,
DOM_000910,2023,319,,,,,,,,
DOM_000911,2022,121,,,,,,,,
DOM_000911,2023,135,,,,,,,,
DOM_000912,2022,65,,,,,,,,
DOM_000912,2023,64,,,,,,,,
DOM_000913,2022,18,,,,,,,,
DOM_000913,2023,19,,,,,,,,
DOM_000914,2022,196,,,,,,,,
DOM_000914,2023,204,,,,,,,,
DOM_000915,2022,69,,,,,,,,
DOM_000915,2023,77,,,,,,,,
DOM_000916,2022,125,,,,,,,,
DOM_000916,2023,131,,,,,,,,
DOM_000917,2022,51,,,,,,,,
DOM_000917,2023,62,,,,,,,,
DOM_000918,2022,64,,,,,,,,
DOM_000918,2023,61,,,,,,,,
DOM_000919,2022,5,,,,,,,,
DOM_000919,2023,6,,,,,,,,
DOM_000920,2022,14,,,,,,,,
DOM_000920,2023,10,,,,,,,,
DOM_000921,2022,2,,,,,,,,
DOM_000922,2022,53,,,,,,,,
DOM_000922,2023,50,,,,,,,,
DOM_000923,2022,65,,,,,,,,
DOM_000923,2023,63,,,,,,,,
DOM_000924,2022,125,,,,,,,,
DOM_000924,2023,152,,,,,,,,
DOM_000925,2022,88,,,,,,,,
DOM_000925,2023,69,,,,,,,,
DOM_000926,2022,55,,,,,,,,
DOM_000926,2023,54,,,,,,,,
DOM_000927,2022,201,,,,,,,,
DOM_000927,2023,200,,,,,,,,
DOM_000928,2022,554,,,,,,,,
DOM_000928,2023,582,,,,,,,,
DOM_000929,2022,120,,,,,,,,
DOM_000929,2023,123,,,,,,,,
DOM_000930,2022,9,,,,,,,,
DOM_000930,2023,10,,,,,,,,
DOM_000931,2022,193,,,,,,,,
DOM_000931,2023,220,,,,,,,,
DOM_000932,2022,106,,,,,,,,
DOM_000932,2023,122,,,,,,,,
DOM_000933,2022,492,,,,,,,,
DOM_000933,2023,505,,,,,,,,
DOM_000934,2022,38,,,,,,,,
DOM_000934,2023,37,,,,,,,,
DOM_000935,2022,59,,,,,,,,
DOM_000935,2023,55,,,,,,,,
DOM_000936,2022,109,,,,,,,,
DOM_000936,2023,100,,,,,,,,
DOM_000937,2022,68,,,,,,,,
DOM_000937,2023,83,,,,,,,,
DOM_000938,2022,652,,,,,,,,
DOM_000938,2023,689,,,,,,,,
DOM_000939,2022,18,,,,,,,,
DOM_000939,2023,18,,,,,,,,
DOM_000940,2022,196,,,,,,,,
DOM_000940,2023,204,,,,,,,,
DOM_000941,2022,305,,,,,,,,
DOM_000941,2023,338,,,,,,,,
DOM_000942,2022,27,,,,,,,,
DOM_000942,2023,20,,,,,,,,
DOM_000943,2022,219,,,,,,,,
DOM_000943,2023,233,,,,,,,,
DOM_000944,2022,455,,,,,,,,
DOM_000944,2023,440,,,,,,,,
DOM_000945,2022,74,,,,,,,,
DOM_000945,2023,73,,,,,,,,
DOM_000946,2022,50,,,,,,,,
DOM_000946,2023,49,,,,,,,,
DOM_000947,2022,41,,,,,,,,
DOM_000947,2023,43,,,,,,,,
DOM_000948,2022,216,,,,,,,,
DOM_000948,2023,232,,,,,,,,
DOM_000949,2022,26,,,,,,,,
DOM_000949,2023,32,,,,,,,,
DOM_000950,2022,35,,,,,,,,
DOM_000950,2023,29,,,,,,,,
DOM_000951,2022,125,,,,,,,,
DOM_000951,2023,137,,,,,,,,
DOM_000952,2022,9,,,,,,,,
DOM_000952,2023,9,,,,,,,,
DOM_000953,2022,37,,,,,,,,
DOM_000953,2023,32,,,,,,,,
DOM_000954,2022,9,,,,,,,,
DOM_000954,2023,10,,,,,,,,
DOM_000955,2022,425,,,,,,,,
DOM_000955,2023,444,,,,,,,,
DOM_000956,2022,97,,,,,,,,
DOM_000956,2023,111,,,,,,,,
DOM_000957,2022,239,,,,,,,,
DOM_000957,2023,239,,,,,,,,
DOM_000958,2022,7,,,,,,,,
DOM_000958,2023,8,,,,,,,,
DOM_000959,2022,208,,,,,,,,
DOM_000959,2023,217,,,,,,,,
DOM_000960,2022,110,,,,,,,,
DOM_000960,2023,117,,,,,,,,
DOM_000961,2022,72,,,,,,,,
DOM_000961,2023,83,,,,,,,,
DOM_000962,2022,214,,,,,,,,
DOM_000962,2023,215,,,,,,,,
DOM_000963,2022,19,,,,,,,,
DOM_000963,2023,27,,,,,,,,
DOM_000964,2022,11,,,,,,,,
DOM_000964,2023,10,,,,,,,,
DOM_000965,2022,419,,,,,,,,
DOM_000965,2023,366,,,,,,,,
DOM_000966,2022,132,,,,,,,,
DOM_000966,2023,132,,,,,,,,
DOM_000967,2022,111,,,,,,,,
DOM_000967,2023,96,,,,,,,,
DOM_000968,2022,156,,,,,,,,
DOM_000968,2023,160,,,,,,,,
DOM_000969,2022,93,,,,,,,,
DOM_000969,2023,91,,,,,,,,
DOM_000970,2022,304,,,,,,,,
DOM_000970,2023,322,,,,,,,,
DOM_000971,2022,249,,,,,,,,
DOM_000971,2023,300,,,,,,,,
DOM_000972,2022,6,,,,,,,,
DOM_000972,2023,4,,,,,,,,
DOM_000973,2022,17,,,,,,,,
DOM_000973,2023,25,,,,,,,,
DOM_000974,2022,58,,,,,,,,
DOM_000974,2023,58,,,,,,,,
DOM_000975,2022,85,,,,,,,,
DOM_000975,2023,64,,,,,,,,
DOM_000976,2022,87,,,,,,,,
DOM_000976,2023,91,,,,,,,,
DOM_000977,2022,705,,,,,,,,
DOM_000977,2023,464,,,,,,,,
DOM_000978,2022,451,,,,,,,,
DOM_000978,2023,419,,,,,,,,
DOM_000979,2022,9,,,,,,,,
DOM_000979,2023,9,,,,,,,,
DOM_000980,2022,17,,,,,,,,
DOM_000980,2023,14,,,,,,,,
DOM_000981,2022,151,,,,,,,,
DOM_000981,2023,174,,,,,,,,
DOM_000982,2022,31,,,,,,,,
DOM_000982,2023,28,,,,,,,,
DOM_000983,2022,136,,,,,,,,
DOM_000983,2023,119,,,,,,,,
DOM_000984,2022,629,,,,,,,,
DOM_000984,2023,631,,,,,,,,
DOM_000985,2022,80,,,,,,,,
DOM_000985,2023,85,,,,,,,,
DOM_000986,2022,38,,,,,,,,
DOM_000986,2023,45,,,,,,,,
DOM_000987,2022,56,,,,,,,,
DOM_000987,2023,54,,,,,,,,
DOM_000988,2022,40,,,,,,,,
DOM_000988,2023,40,,,,,,,,
DOM_000989,2022,114,,,,,,,,
DOM_000989,2023,116,,,,,,,,
DOM_000990,2022,216,,,,,,,,
DOM_000990,2023,195,,,,,,,,
DOM_000991,2022,111,,,,,,,,
DOM_000991,2023,119,,,,,,,,
DOM_000992,2022,791,,,,,,,,
DOM_000992,2023,915,,,,,,,,
DOM_000993,2022,108,,,,,,,,
DOM_000993,2023,116,,,,,,,,
DOM_000994,2022,502,,,,,,,,
DOM_000994,2023,528,,,,,,,,
DOM_000995,2022,312,,,,,,,,
DOM_000995,2023,335,,,,,,,,
DOM_000996,2022,17,,,,,,,,
DOM_000996,2023,22,,,,,,,,
DOM_000997,2022,70,,,,,,,,
DOM_000997,2023,82,,,,,,,,
DOM_000998,2022,68,,,,,,,,
DOM_000998,2023,72,,,,,,,,
DOM_000999,2022,24,,,,,,,,
DOM_000999,2023,27,,,,,,,,
DOM_001000,2022,34,,,,,,,,
DOM_001000,2023,43,,,,,,,,
DOM_001001,2022,89,,,,,,,,
DOM_001001,2023,97,,,,,,,,
DOM_001002,2022,100,,,,,,,,
DOM_001002,2023,122,,,,,,,,
DOM_001003,2022,147,,,,,,,,
DOM_001003,2023,157,,,,,,,,
DOM_001004,2022,203,,,,,,,,
DOM_001004,2023,223,,,,,,,,
DOM_001005,2022,178,,,,,,,,
DOM_001005,2023,187,,,,,,,,
DOM_001006,2022,38,,,,,,,,
DOM_001006,2023,73,,,,,,,,
DOM_001007,2022,31,,,,,,,,
DOM_001007,2023,35,,,,,,,,
DOM_001008,2022,288,,,,,,,,
DOM_001008,2023,335,,,,,,,,
DOM_001009,2022,11,,,,,,,,
DOM_001010,2022,18,,,,,,,,
DOM_001010,2023,20,,,,,,,,
DOM_001011,2022,308,,,,,,,,
DOM_001011,2023,305,,,,,,,,
DOM_001012,2022,149,,,,,,,,
DOM_001012,2023,121,,,,,,,,
DOM_001013,2022,113,,,,,,,,
DOM_001013,2023,101,,,,,,,,
DOM_001014,2022,203,,,,,,,,
DOM_001014,2023,224,,,,,,,,
DOM_001015,2022,72,,,,,,,,
DOM_001015,2023,55,,,,,,,,
DOM_001016,2022,23,,,,,,,,
DOM_001016,2023,19,,,,,,,,
DOM_001017,2022,79,,,,,,,,
DOM_001017,2023,46,,,,,,,,
DOM_001018,2022,21,,,,,,,,
DOM_001018,2023,19,,,,,,,,
DOM_001019,2022,4,,,,,,,,
DOM_001019,2023,15,,,,,,,,
DOM_001020,2022,181,,,,,,,,
DOM_001020,2023,184,,,,,,,,
DOM_001021,2022,277,,,,,,,,
DOM_001021,2023,292,,,,,,,,
DOM_001022,2022,60,,,,,,,,
DOM_001022,2023,65,,,,,,,,
DOM_001023,2022,33,,,,,,,,
DOM_001023,2023,39,,,,,,,,
DOM_001024,2022,38,,,,,,,,
DOM_001024,2023,33,,,,,,,,
DOM_001025,2022,8,,,,,,,,
DOM_001025,2023,10,,,,,,,,
DOM_001026,2022,1,,,,,,,,
DOM_001026,2023,4,,,,,,,,
DOM_001027,2022,110,,,,,,,,
DOM_001027,2023,128,,,,,,,,
DOM_001028,2022,179,,,,,,,,
DOM_001028,2023,171,,,,,,,,
DOM_001029,2022,33,,,,,,,,
DOM_001029,2023,27,,,,,,,,
DOM_001030,2022,28,,,,,,,,
DOM_001030,2023,21,,,,,,,,
DOM_001031,2022,495,,,,,,,,
DOM_001031,2023,533,,,,,,,,
DOM_001032,2022,22,,,,,,,,
DOM_001032,2023,25,,,,,,,,
DOM_001033,2022,314,,,,,,,,
DOM_001033,2023,284,,,,,,,,
DOM_001034,2022,141,,,,,,,,
DOM_001034,2023,173,,,,,,,,
DOM_001035,2022,299,,,,,,,,
DOM_001035,2023,336,,,,,,,,
DOM_001036,2022,158,,,,,,,,
DOM_001036,2023,174,,,,,,,,
DOM_001037,2022,26,,,,,,,,
DOM_001037,2023,27,,,,,,,,
DOM_001038,2022,691,,,,,,,,
DOM_001038,2023,712,,,,,,,,
DOM_001039,2022,136,,,,,,,,
DOM_001039,2023,127,,,,,,,,
DOM_001040,2022,125,,,,,,,,
DOM_001040,2023,192,,,,,,,,
DOM_001041,2022,121,,,,,,,,
DOM_001041,2023,140,,,,,,,,
DOM_001042,2022,158,,,,,,,,
DOM_001042,2023,143,,,,,,,,
DOM_001043,2022,293,,,,,,,,
DOM_001043,2023,294,,,,,,,,
DOM_001044,2022,113,,,,,,,,
DOM_001044,2023,107,,,,,,,,
DOM_001045,2022,77,,,,,,,,
DOM_001045,2023,90,,,,,,,,
DOM_001046,2022,193,,,,,,,,
DOM_001046,2023,186,,,,,,,,
DOM_001047,2022,58,,,,,,,,
DOM_001047,2023,51,,,,,,,,
DOM_001048,2022,35,,,,,,,,
DOM_001048,2023,45,,,,,,,,
DOM_001049,2022,188,,,,,,,,
DOM_001049,2023,201,,,,,,,,
DOM_001050,2022,17,,,,,,,,
DOM_001050,2023,17,,,,,,,,
DOM_001051,2022,15,,,,,,,,
DOM_001051,2023,11,,,,,,,,
DOM_001052,2022,78,,,,,,,,
DOM_001052,2023,111,,,,,,,,
DOM_001053,2022,76,,,,,,,,
DOM_001053,2023,97,,,,,,,,
DOM_001054,2022,46,,,,,,,,
DOM_001054,2023,41,,,,,,,,
DOM_001055,2022,14,,,,,,,,
DOM_001055,2023,11,,,,,,,,
DOM_001056,2022,51,,,,,,,,
DOM_001056,2023,42,,,,,,,,
DOM_001057,2022,307,,,,,,,,
DOM_001057,2023,327,,,,,,,,
DOM_001058,2022,62,,,,,,,,
DOM_001058,2023,64,,,,,,,,
DOM_001059,2022,55,,,,,,,,
DOM_001059,2023,64,,,,,,,,
DOM_001060,2022,13,,,,,,,,
DOM_001060,2023,12,,,,,,,,
DOM_001061,2022,16,,,,,,,,
DOM_001061,2023,17,,,,,,,,
DOM_001062,2022,4,,,,,,,,
DOM_001062,2023,6,,,,,,,,
DOM_001063,2022,22,,,,,,,,
DOM_001063,2023,18,,,,,,,,
DOM_001064,2022,7,,,,,,,,
DOM_001064,2023,13,,,,,,,,
DOM_001065,2022,12,,,,,,,,
DOM_001065,2023,13,,,,,,,,
DOM_001066,2022,4,,,,,,,,
DOM_001066,2023,3,,,,,,,,
DOM_001067,2022,1,,,,,,,,
DOM_001067,2023,4,,,,,,,,
DOM_001068,2022,3,,,,,,,,
DOM_001068,2023,1,,,,,,,,
DOM_001069,2022,11,,,,,,,,
DOM_001069,2023,6,,,,,,,,
DOM_001070,2022,51,,,,,,,,
DOM_001070,2023,57,,,,,,,,
DOM_001071,2022,29,,,,,,,,
DOM_001071,2023,21,,,,,,,,
DOM_001072,2022,67,,,,,,,,
DOM_001072,2023,94,,,,,,,,
DOM_001073,2022,9,,,,,,,,
DOM_001073,2023,9,,,,,,,,
DOM_001074,2022,19,,,,,,,,
DOM_001074,2023,12,,,,,,,,
DOM_001075,2022,16,,,,,,,,
DOM_001075,2023,31,,,,,,,,
DOM_001076,2022,44,,,,,,,,
DOM_001076,2023,41,,,,,,,,
DOM_001077,2022,76,,,,,,,,
DOM_001077,2023,94,,,,,,,,
DOM_001078,2022,847,,,,,,,,
DOM_001078,2023,781,,,,,,,,
DOM_001079,2022,70,,,,,,,,
DOM_001079,2023,74,,,,,,,,
DOM_001080,2022,4,,,,,,,,
DOM_001081,2022,4,,,,,,,,
DOM_001081,2023,6,,,,,,,,
DOM_001082,2022,20,,,,,,,,
DOM_001082,2023,14,,,,,,,,
DOM_001083,2022,22,,,,,,,,
DOM_001083,2023,31,,,,,,,,
DOM_001084,2022,67,,,,,,,,
DOM_001084,2023,66,,,,,,,,
DOM_001085,2022,23,,,,,,,,
DOM_001085,2023,23,,,,,,,,
DOM_001086,2022,165,,,,,,,,
DOM_001086,2023,161,,,,,,,,
DOM_001087,2022,5,,,,,,,,
DOM_001087,2023,3,,,,,,,,
DOM_001088,2022,4,,,,,,,,
DOM_001088,2023,20,,,,,,,,
DOM_001089,2022,529,,,,,,,,
DOM_001089,2023,544,,,,,,,,
DOM_001090,2022,58,,,,,,,,
DOM_001090,2023,70,,,,,,,,
DOM_001091,2022,712,,,,,,,,
DOM_001091,2023,719,,,,,,,,
DOM_001092,2022,669,,,,,,,,
DOM_001092,2023,682,,,,,,,,
DOM_001093,2022,658,,,,,,,,
DOM_001093,2023,680,,,,,,,,
DOM_001094,2022,26,,,,,,,,
DOM_001094,2023,24,,,,,,,,
DOM_001095,2022,24,,,,,,,,
DOM_001095,2023,28,,,,,,,,
DOM_001096,2022,21,,,,,,,,
DOM_001096,2023,22,,,,,,,,
DOM_001097,2022,72,,,,,,,,
DOM_001097,2023,80,,,,,,,,
DOM_001098,2022,18,,,,,,,,
DOM_001098,2023,16,,,,,,,,
DOM_001099,2022,223,,,,,,,,
DOM_001099,2023,209,,,,,,,,
DOM_001100,2022,10,,,,,,,,
DOM_001100,2023,6,,,,,,,,
DOM_001101,2022,7,,,,,,,,
DOM_001101,2023,4,,,,,,,,
DOM_001102,2022,11,,,,,,,,
DOM_001102,2023,14,,,,,,,,
DOM_001103,2022,34,,,,,,,,
DOM_001103,2023,68,,,,,,,,
DOM_001104,2022,128,,,,,,,,
DOM_001104,2023,143,,,,,,,,
DOM_001105,2022,62,,,,,,,,
DOM_001105,2023,73,,,,,,,,
DOM_001106,2022,30,,,,,,,,
DOM_001106,2023,30,,,,,,,,
DOM_001107,2022,27,,,,,,,,
DOM_001107,2023,25,,,,,,,,
DOM_001108,2022,123,,,,,,,,
DOM_001108,2023,109,,,,,,,,
DOM_001109,2022,39,,,,,,,,
DOM_001109,2023,58,,,,,,,,
DOM_001110,2022,42,,,,,,,,
DOM_001110,2023,46,,,,,,,,
DOM_001111,2022,41,,,,,,,,
DOM_001111,2023,41,,,,,,,,
DOM_001112,2022,40,,,,,,,,
DOM_001112,2023,32,,,,,,,,
DOM_001113,2022,117,,,,,,,,
DOM_001113,2023,113,,,,,,,,
DOM_001114,2022,75,,,,,,,,
DOM_001114,2023,70,,,,,,,,
DOM_001115,2022,4,,,,,,,,
DOM_001116,2022,22,,,,,,,,
DOM_001116,2023,21,,,,,,,,
DOM_001117,2022,48,,,,,,,,
DOM_001117,2023,46,,,,,,,,
DOM_001118,2022,108,,,,,,,,
DOM_001118,2023,123,,,,,,,,
DOM_001119,2022,101,,,,,,,,
DOM_001119,2023,115,,,,,,,,
DOM_001120,2022,75,,,,,,,,
DOM_001120,2023,77,,,,,,,,
DOM_001121,2022,17,,,,,,,,
DOM_001121,2023,16,,,,,,,,
DOM_001122,2022,120,,,,,,,,
DOM_001122,2023,153,,,,,,,,
DOM_001123,2022,16,,,,,,,,
DOM_001123,2023,13,,,,,,,,
DOM_001124,2022,61,,,,,,,,
DOM_001124,2023,67,,,,,,,,
DOM_001125,2022,157,,,,,,,,
DOM_001125,2023,164,,,,,,,,
DOM_001126,2022,11,,,,,,,,
DOM_001126,2023,10,,,,,,,,
DOM_001127,2022,29,,,,,,,,
DOM_001127,2023,24,,,,,,,,
DOM_001128,2022,29,,,,,,,,
DOM_001128,2023,23,,,,,,,,
DOM_001129,2022,11,,,,,,,,
DOM_001129,2023,13,,,,,,,,
DOM_001130,2022,11,,,,,,,,
DOM_001130,2023,8,,,,,,,,
DOM_001131,2022,25,,,,,,,,
DOM_001131,2023,21,,,,,,,,
DOM_001132,2022,262,,,,,,,,
DOM_001132,2023,303,,,,,,,,
DOM_001133,2022,8,,,,,,,,
DOM_001133,2023,9,,,,,,,,
DOM_001134,2022,40,,,,,,,,
DOM_001134,2023,32,,,,,,,,
DOM_001135,2022,112,,,,,,,,
DOM_001135,2023,114,,,,,,,,
DOM_001136,2022,12,,,,,,,,
DOM_001136,2023,9,,,,,,,,
DOM_001137,2022,16,,,,,,,,
DOM_001137,2023,13,,,,,,,,
DOM_001138,2022,98,,,,,,,,
DOM_001138,2023,104,,,,,,,,
DOM_001139,2022,19,,,,,,,,
DOM_001139,2023,16,,,,,,,,
DOM_001140,2022,28,,,,,,,,
DOM_001140,2023,38,,,,,,,,
DOM_001141,2022,82,,,,,,,,
DOM_001141,2023,96,,,,,,,,
DOM_001142,2022,9,,,,,,,,
DOM_001142,2023,7,,,,,,,,
DOM_001143,2022,32,,,,,,,,
DOM_001143,2023,47,,,,,,,,
DOM_001144,2022,365,,,,,,,,
DOM_001144,2023,362,,,,,,,,
DOM_001145,2022,97,,,,,,,,
DOM_001145,2023,92,,,,,,,,
DOM_001146,2022,32,,,,,,,,
DOM_001146,2023,22,,,,,,,,
DOM_001147,2022,19,,,,,,,,
DOM_001147,2023,22,,,,,,,,
DOM_001148,2022,15,,,,,,,,
DOM_001148,2023,24,,,,,,,,
DOM_001149,2022,174,,,,,,,,
DOM_001149,2023,161,,,,,,,,
DOM_001150,2022,8,,,,,,,,
DOM_001150,2023,10,,,,,,,,
DOM_001151,2022,71,,,,,,,,
DOM_001151,2023,60,,,,,,,,
DOM_001152,2022,8,,,,,,,,
DOM_001152,2023,7,,,,,,,,
DOM_001153,2022,240,,,,,,,,
DOM_001153,2023,241,,,,,,,,
DOM_001154,2022,229,,,,,,,,
DOM_001154,2023,243,,,,,,,,
DOM_001155,2022,143,,,,,,,,
DOM_001155,2023,155,,,,,,,,
DOM_001156,2022,288,,,,,,,,
DOM_001156,2023,298,,,,,,,,
DOM_001157,2022,35,,,,,,,,
DOM_001157,2023,43,,,,,,,,
DOM_001158,2022,113,,,,,,,,
DOM_001158,2023,126,,,,,,,,
DOM_001159,2022,12,,,,,,,,
DOM_001159,2023,6,,,,,,,,
DOM_001160,2022,445,,,,,,,,
DOM_001160,2023,455,,,,,,,,
DOM_001161,2022,11,,,,,,,,
DOM_001161,2023,9,,,,,,,,
DOM_001162,2022,43,,,,,,,,
DOM_001162,2023,38,,,,,,,,
DOM_001163,2022,34,,,,,,,,
DOM_001163,2023,36,,,,,,,,
DOM_001164,2022,24,,,,,,,,
DOM_001164,2023,19,,,,,,,,
DOM_001165,2022,90,,,,,,,,
DOM_001165,2023,103,,,,,,,,
DOM_001166,2022,9,,,,,,,,
DOM_001166,2023,5,,,,,,,,
DOM_001167,2022,198,,,,,,,,
DOM_001167,2023,224,,,,,,,,
DOM_001168,2022,315,,,,,,,,
DOM_001168,2023,330,,,,,,,,
DOM_001169,2022,347,,,,,,,,
DOM_001169,2023,392,,,,,,,,
DOM_001170,2022,9,,,,,,,,
DOM_001170,2023,12,,,,,,,,
DOM_001171,2022,41,,,,,,,,
DOM_001171,2023,24,,,,,,,,
DOM_001172,2022,239,,,,,,,,
DOM_001172,2023,267,,,,,,,,
DOM_001173,2022,138,,,,,,,,
DOM_001173,2023,187,,,,,,,,
DOM_001174,2022,79,,,,,,,,
DOM_001174,2023,72,,,,,,,,
DOM_001175,2022,29,,,,,,,,
DOM_001175,2023,31,,,,,,,,
DOM_001176,2022,328,,,,,,,,
DOM_001176,2023,331,,,,,,,,
DOM_001177,2022,100,,,,,,,,
DOM_001177,2023,113,,,,,,,,
DOM_001178,2022,18,,,,,,,,
DOM_001178,2023,24,,,,,,,,
DOM_001179,2022,40,,,,,,,,
DOM_001179,2023,43,,,,,,,,
DOM_001180,2022,40,,,,,,,,
DOM_001180,2023,30,,,,,,,,
DOM_001181,2022,23,,,,,,,,
DOM_001181,2023,36,,,,,,,,
DOM_001182,2022,281,,,,,,,,
DOM_001182,2023,264,,,,,,,,
DOM_001183,2022,104,,,,,,,,
DOM_001183,2023,134,,,,,,,,
DOM_001184,2022,37,,,,,,,,
DOM_001184,2023,41,,,,,,,,
DOM_001185,2022,312,,,,,,,,
DOM_001185,2023,338,,,,,,,,
DOM_001186,2022,225,,,,,,,,
DOM_001186,2023,223,,,,,,,,
DOM_001187,2022,29,,,,,,,,
DOM_001187,2023,31,,,,,,,,
DOM_001188,2022,19,,,,,,,,
DOM_001188,2023,26,,,,,,,,
DOM_001189,2022,325,,,,,,,,
DOM_001189,2023,303,,,,,,,,
DOM_001190,2022,17,,,,,,,,
DOM_001190,2023,24,,,,,,,,
DOM_001191,2022,23,,,,,,,,
DOM_001191,2023,20,,,,,,,,
DOM_001192,2022,241,,,,,,,,
DOM_001192,2023,264,,,,,,,,
DOM_001193,2022,48,,,,,,,,
DOM_001193,2023,48,,,,,,,,
DOM_001194,2022,28,,,,,,,,
DOM_001194,2023,28,,,,,,,,
DOM_001195,2022,10,,,,,,,,
DOM_001195,2023,4,,,,,,,,
DOM_001196,2022,124,,,,,,,,
DOM_001196,2023,123,,,,,,,,
DOM_001197,2022,66,,,,,,,,
DOM_001197,2023,56,,,,,,,,
DOM_001198,2022,71,,,,,,,,
DOM_001198,2023,66,,,,,,,,
DOM_001199,2022,40,,,,,,,,
DOM_001199,2023,53,,,,,,,,
DOM_001200,2022,798,,,,,,,,
DOM_001200,2023,832,,,,,,,,
DOM_001201,2022,514,,,,,,,,
DOM_001201,2023,491,,,,,,,,
DOM_001202,2022,633,,,,,,,,
DOM_001202,2023,605,,,,,,,,
DOM_001203,2022,191,,,,,,,,
DOM_001203,2023,192,,,,,,,,
DOM_001204,2022,511,,,,,,,,
DOM_001204,2023,528,,,,,,,,
DOM_001205,2022,324,,,,,,,,
DOM_001205,2023,350,,,,,,,,
DOM_001206,2022,387,,,,,,,,
DOM_001206,2023,402,,,,,,,,
DOM_001207,2022,353,,,,,,,,
DOM_001207,2023,398,,,,,,,,
DOM_001208,2022,109,,,,,,,,
DOM_001208,2023,139,,,,,,,,
DOM_001209,2022,40,,,,,,,,
DOM_001209,2023,56,,,,,,,,
DOM_001210,2022,108,,,,,,,,
DOM_001210,2023,101,,,,,,,,
DOM_001211,2022,9,,,,,,,,
DOM_001211,2023,11,,,,,,,,
DOM_001212,2022,18,,,,,,,,
DOM_001212,2023,19,,,,,,,,
DOM_001213,2022,139,,,,,,,,
DOM_001213,2023,135,,,,,,,,
DOM_001214,2022,69,,,,,,,,
DOM_001214,2023,73,,,,,,,,
DOM_001215,2022,218,,,,,,,,
DOM_001215,2023,222,,,,,,,,
DOM_001216,2022,408,,,,,,,,
DOM_001216,2023,467,,,,,,,,
DOM_001217,2022,118,,,,,,,,
DOM_001217,2023,130,,,,,,,,
DOM_001218,2022,230,,,,,,,,
DOM_001218,2023,250,,,,,,,,
DOM_001219,2022,125,,,,,,,,
DOM_001219,2023,140,,,,,,,,
DOM_001220,2022,316,,,,,,,,
DOM_001220,2023,340,,,,,,,,
DOM_001221,2022,122,,,,,,,,
DOM_001221,2023,117,,,,,,,,
DOM_001222,2022,533,,,,,,,,
DOM_001222,2023,552,,,,,,,,
DOM_001223,2022,299,,,,,,,,
DOM_001223,2023,308,,,,,,,,
DOM_001224,2022,244,,,,,,,,
DOM_001224,2023,253,,,,,,,,
DOM_001225,2022,120,,,,,,,,
DOM_001225,2023,155,,,,,,,,
DOM_001226,2022,50,,,,,,,,
DOM_001226,2023,72,,,,,,,,
DOM_001227,2022,186,,,,,,,,
DOM_001227,2023,199,,,,,,,,
DOM_001228,2022,52,,,,,,,,
DOM_001228,2023,55,,,,,,,,
DOM_001229,2022,316,,,,,,,,
DOM_001229,2023,337,,,,,,,,
DOM_001230,2022,122,,,,,,,,
DOM_001230,2023,135,,,,,,,,
DOM_001231,2022,315,,,,,,,,
DOM_001231,2023,340,,,,,,,,
DOM_001232,2022,15,,,,,,,,
DOM_001232,2023,18,,,,,,,,
DOM_001233,2022,283,,,,,,,,
DOM_001233,2023,299,,,,,,,,
DOM_001234,2022,306,,,,,,,,
DOM_001234,2023,318,,,,,,,,
DOM_001235,2022,174,,,,,,,,
DOM_001235,2023,171,,,,,,,,
DOM_001236,2022,15,,,,,,,,
DOM_001236,2023,12,,,,,,,,
DOM_001237,2022,199,,,,,,,,
DOM_001237,2023,223,,,,,,,,
DOM_001238,2022,172,,,,,,,,
DOM_001238,2023,183,,,,,,,,
DOM_001239,2022,100,,,,,,,,
DOM_001239,2023,107,,,,,,,,
DOM_001240,2022,24,,,,,,,,
DOM_001240,2023,35,,,,,,,,
DOM_001241,2022,68,,,,,,,,
DOM_001241,2023,100,,,,,,,,
DOM_001242,2022,280,,,,,,,,
DOM_001242,2023,299,,,,,,,,
DOM_001243,2022,266,,,,,,,,
DOM_001243,2023,288,,,,,,,,
DOM_001244,2022,146,,,,,,,,
DOM_001244,2023,161,,,,,,,,
DOM_001245,2022,263,,,,,,,,
DOM_001245,2023,294,,,,,,,,
DOM_001246,2022,356,,,,,,,,
DOM_001246,2023,355,,,,,,,,
DOM_001247,2022,153,,,,,,,,
DOM_001247,2023,152,,,,,,,,
DOM_001248,2022,75,,,,,,,,
DOM_001248,2023,112,,,,,,,,
DOM_001249,2022,132,,,,,,,,
DOM_001249,2023,122,,,,,,,,
DOM_001250,2022,102,,,,,,,,
DOM_001250,2023,119,,,,,,,,
DOM_001251,2022,140,,,,,,,,
DOM_001251,2023,136,,,,,,,,
DOM_001252,2022,36,,,,,,,,
DOM_001252,2023,46,,,,,,,,
DOM_001253,2022,171,,,,,,,,
DOM_001253,2023,183,,,,,,,,
DOM_001254,2022,158,,,,,,,,
DOM_001254,2023,168,,,,,,,,
DOM_001255,2022,23,,,,,,,,
DOM_001255,2023,28,,,,,,,,
DOM_001256,2022,97,,,,,,,,
DOM_001256,2023,131,,,,,,,,
DOM_001257,2022,402,,,,,,,,
DOM_001257,2023,372,,,,,,,,
DOM_001258,2022,195,,,,,,,,
DOM_001258,2023,211,,,,,,,,
DOM_001259,2022,124,,,,,,,,
DOM_001259,2023,129,,,,,,,,
DOM_001260,2022,135,,,,,,,,
DOM_001260,2023,130,,,,,,,,
DOM_001261,2022,301,,,,,,,,
DOM_001261,2023,297,,,,,,,,
DOM_001262,2022,41,,,,,,,,
DOM_001262,2023,36,,,,,,,,
DOM_001263,2022,7,,,,,,,,
DOM_001263,2023,6,,,,,,,,
DOM_001264,2022,59,,,,,,,,
DOM_001264,2023,60,,,,,,,,
DOM_001265,2022,13,,,,,,,,
DOM_001265,2023,13,,,,,,,,
DOM_001266,2022,10,,,,,,,,
DOM_001266,2023,6,,,,,,,,
DOM_001267,2022,193,,,,,,,,
DOM_001267,2023,168,,,,,,,,
DOM_001268,2022,152,,,,,,,,
DOM_001268,2023,164,,,,,,,,
DOM_001269,2022,31,,,,,,,,
DOM_001269,2023,39,,,,,,,,
DOM_001270,2022,192,,,,,,,,
DOM_001270,2023,168,,,,,,,,
DOM_001271,2022,26,,,,,,,,
DOM_001271,2023,23,,,,,,,,
DOM_001272,2022,26,,,,,,,,
DOM_001272,2023,30,,,,,,,,
DOM_001273,2022,11,,,,,,,,
DOM_001273,2023,9,,,,,,,,
DOM_001274,2022,17,,,,,,,,
DOM_001274,2023,16,,,,,,,,
DOM_001275,2022,16,,,,,,,,
DOM_001275,2023,17,,,,,,,,
DOM_001276,2022,27,,,,,,,,
DOM_001276,2023,19,,,,,,,,
DOM_001277,2022,12,,,,,,,,
DOM_001277,2023,6,,,,,,,,
DOM_001278,2022,53,,,,,,,,
DOM_001278,2023,45,,,,,,,,
DOM_001279,2022,17,,,,,,,,
DOM_001279,2023,4,,,,,,,,
DOM_001280,2022,31,,,,,,,,
DOM_001280,2023,46,,,,,,,,
DOM_001281,2022,13,,,,,,,,
DOM_001281,2023,14,,,,,,,,
DOM_001282,2022,186,,,,,,,,
DOM_001282,2023,196,,,,,,,,
DOM_001283,2022,71,,,,,,,,
DOM_001283,2023,56,,,,,,,,
DOM_001284,2022,80,,,,,,,,
DOM_001284,2023,91,,,,,,,,
DOM_001285,2022,31,,,,,,,,
DOM_001285,2023,37,,,,,,,,
DOM_001286,2022,10,,,,,,,,
DOM_001286,2023,6,,,,,,,,
DOM_001287,2022,9,,,,,,,,
DOM_001287,2023,10,,,,,,,,
DOM_001288,2022,26,,,,,,,,
DOM_001288,2023,25,,,,,,,,
DOM_001289,2022,378,,,,,,,,
DOM_001289,2023,301,,,,,,,,
DOM_001290,2022,59,,,,,,,,
DOM_001290,2023,74,,,,,,,,
DOM_001291,2022,137,,,,,,,,
DOM_001291,2023,171,,,,,,,,
DOM_001292,2022,12,,,,,,,,
DOM_001292,2023,13,,,,,,,,
DOM_001293,2022,122,,,,,,,,
DOM_001293,2023,159,,,,,,,,
DOM_001294,2022,376,,,,,,,,
DOM_001294,2023,360,,,,,,,,
DOM_001295,2022,341,,,,,,,,
DOM_001295,2023,345,,,,,,,,
DOM_001296,2022,234,,,,,,,,
DOM_001296,2023,274,,,,,,,,
DOM_001297,2022,58,,,,,,,,
DOM_001297,2023,51,,,,,,,,
DOM_001298,2022,31,,,,,,,,
DOM_001298,2023,35,,,,,,,,
DOM_001299,2022,32,,,,,,,,
DOM_001299,2023,35,,,,,,,,
DOM_001300,2022,8,,,,,,,,
DOM_001300,2023,12,,,,,,,,
DOM_001301,2022,10,,,,,,,,
DOM_001301,2023,14,,,,,,,,
DOM_001302,2022,11,,,,,,,,
DOM_001302,2023,19,,,,,,,,
DOM_001303,2022,19,,,,,,,,
DOM_001303,2023,26,,,,,,,,
DOM_001304,2022,42,,,,,,,,
DOM_001304,2023,35,,,,,,,,
DOM_001305,2022,21,,,,,,,,
DOM_001305,2023,26,,,,,,,,
DOM_001306,2022,288,,,,,,,,
DOM_001306,2023,294,,,,,,,,
DOM_001307,2022,89,,,,,,,,
DOM_001307,2023,79,,,,,,,,
DOM_001308,2022,40,,,,,,,,
DOM_001308,2023,32,,,,,,,,
DOM_001309,2022,8,,,,,,,,
DOM_001309,2023,6,,,,,,,,
DOM_001310,2022,69,,,,,,,,
DOM_001310,2023,70,,,,,,,,
DOM_001311,2022,3,,,,,,,,
DOM_001311,2023,5,,,,,,,,
DOM_001312,2022,65,,,,,,,,
DOM_001312,2023,81,,,,,,,,
DOM_001313,2022,128,,,,,,,,
DOM_001313,2023,107,,,,,,,,
DOM_001314,2022,23,,,,,,,,
DOM_001314,2023,24,,,,,,,,
DOM_001315,2022,23,,,,,,,,
DOM_001315,2023,25,,,,,,,,
DOM_001316,2022,100,,,,,,,,
DOM_001316,2023,112,,,,,,,,
DOM_001317,2022,50,,,,,,,,
DOM_001317,2023,63,,,,,,,,
DOM_001318,2022,532,,,,,,,,
DOM_001318,2023,522,,,,,,,,
DOM_001319,2022,33,,,,,,,,
DOM_001319,2023,32,,,,,,,,
DOM_001320,2022,42,,,,,,,,
DOM_001320,2023,46,,,,,,,,
DOM_001321,2022,73,,,,,,,,
DOM_001321,2023,77,,,,,,,,
DOM_001322,2022,125,,,,,,,,
DOM_001322,2023,127,,,,,,,,
DOM_001323,2022,8,,,,,,,,
DOM_001323,2023,9,,,,,,,,
DOM_001324,2022,47,,,,,,,,
DOM_001324,2023,41,,,,,,,,
DOM_001325,2022,7,,,,,,,,
DOM_001325,2023,10,,,,,,,,
DOM_001326,2022,13,,,,,,,,
DOM_001326,2023,13,,,,,,,,
DOM_001327,2022,98,,,,,,,,
DOM_001327,2023,74,,,,,,,,
DOM_001328,2022,13,,,,,,,,
DOM_001328,2023,11,,,,,,,,
DOM_001329,2022,349,,,,,,,,
DOM_001329,2023,330,,,,,,,,
DOM_001330,2022,63,,,,,,,,
DOM_001330,2023,78,,,,,,,,
DOM_001331,2022,450,,,,,,,,
DOM_001331,2023,455,,,,,,,,
DOM_001332,2022,161,,,,,,,,
DOM_001332,2023,154,,,,,,,,
DOM_001333,2022,10,,,,,,,,
DOM_001333,2023,8,,,,,,,,
DOM_001334,2022,319,,,,,,,,
DOM_001334,2023,314,,,,,,,,
DOM_001335,2022,18,,,,,,,,
DOM_001335,2023,15,,,,,,,,
DOM_001336,2022,36,,,,,,,,
DOM_001336,2023,38,,,,,,,,
DOM_001337,2022,8,,,,,,,,
DOM_001337,2023,6,,,,,,,,
DOM_001338,2022,47,,,,,,,,
DOM_001338,2023,50,,,,,,,,
DOM_001339,2022,41,,,,,,,,
DOM_001339,2023,46,,,,,,,,
DOM_001340,2022,14,,,,,,,,
DOM_001340,2023,16,,,,,,,,
DOM_001341,2022,22,,,,,,,,
DOM_001341,2023,22,,,,,,,,
DOM_001342,2022,12,,,,,,,,
DOM_001342,2023,19,,,,,,,,
DOM_001343,2022,23,,,,,,,,
DOM_001343,2023,23,,,,,,,,
DOM_001344,2022,93,,,,,,,,
DOM_001344,2023,102,,,,,,,,
DOM_001345,2022,79,,,,,,,,
DOM_001345,2023,129,,,,,,,,
DOM_001346,2022,583,,,,,,,,
DOM_001346,2023,529,,,,,,,,
DOM_001347,2022,25,,,,,,,,
DOM_001347,2023,27,,,,,,,,
DOM_001348,2022,598,,,,,,,,
DOM_001348,2023,636,,,,,,,,
DOM_001349,2022,341,,,,,,,,
DOM_001349,2023,367,,,,,,,,
DOM_001350,2022,410,,,,,,,,
DOM_001350,2023,463,,,,,,,,
DOM_001351,2022,494,,,,,,,,
DOM_001351,2023,516,,,,,,,,
DOM_001352,2022,461,,,,,,,,
DOM_001352,2023,458,,,,,,,,
DOM_001353,2022,133,,,,,,,,
DOM_001353,2023,143,,,,,,,,
DOM_001354,2022,182,,,,,,,,
DOM_001354,2023,161,,,,,,,,
DOM_001355,2022,263,,,,,,,,
DOM_001355,2023,236,,,,,,,,
DOM_001356,2022,156,,,,,,,,
DOM_001356,2023,165,,,,,,,,
DOM_001357,2022,197,,,,,,,,
DOM_001357,2023,212,,,,,,,,
DOM_001358,2022,309,,,,,,,,
DOM_001358,2023,309,,,,,,,,
DOM_001359,2022,55,,,,,,,,
DOM_001359,2023,71,,,,,,,,
DOM_001360,2022,50,,,,,,,,
DOM_001360,2023,40,,,,,,,,
DOM_001361,2022,50,,,,,,,,
DOM_001361,2023,151,,,,,,,,
DOM_001362,2022,341,,,,,,,,
DOM_001362,2023,337,,,,,,,,
DOM_001363,2022,66,,,,,,,,
DOM_001363,2023,73,,,,,,,,
DOM_001364,2022,55,,,,,,,,
DOM_001364,2023,47,,,,,,,,
DOM_001365,2022,383,,,,,,,,
DOM_001365,2023,398,,,,,,,,
DOM_001366,2022,117,,,,,,,,
DOM_001366,2023,115,,,,,,,,
DOM_001367,2022,300,,,,,,,,
DOM_001367,2023,303,,,,,,,,
DOM_001368,2022,17,,,,,,,,
DOM_001368,2023,21,,,,,,,,
DOM_001369,2022,26,,,,,,,,
DOM_001369,2023,50,,,,,,,,
DOM_001370,2022,26,,,,,,,,
DOM_001370,2023,46,,,,,,,,
DOM_001371,2022,467,,,,,,,,
DOM_001371,2023,307,,,,,,,,
DOM_001372,2022,331,,,,,,,,
DOM_001372,2023,333,,,,,,,,
DOM_001373,2022,282,,,,,,,,
DOM_001373,2023,248,,,,,,,,
DOM_001374,2022,306,,,,,,,,
DOM_001374,2023,291,,,,,,,,
DOM_001375,2022,209,,,,,,,,
DOM_001375,2023,190,,,,,,,,
DOM_001376,2022,59,,,,,,,,
DOM_001376,2023,67,,,,,,,,
DOM_001377,2022,224,,,,,,,,
DOM_001377,2023,260,,,,,,,,
DOM_001378,2022,654,,,,,,,,
DOM_001378,2023,721,,,,,,,,
DOM_001379,2022,247,,,,,,,,
DOM_001379,2023,238,,,,,,,,
DOM_001380,2022,589,,,,,,,,
DOM_001380,2023,574,,,,,,,,
DOM_001381,2022,602,,,,,,,,
DOM_001381,2023,609,,,,,,,,
DOM_001382,2022,1298,,,,,,,,
DOM_001382,2023,1345,,,,,,,,
DOM_001383,2022,638,,,,,,,,
DOM_001383,2023,603,,,,,,,,
DOM_001384,2022,1276,,,,,,,,
DOM_001384,2023,1212,,,,,,,,
DOM_001385,2022,1245,,,,,,,,
DOM_001385,2023,1356,,,,,,,,
DOM_001386,2022,773,,,,,,,,
DOM_001386,2023,767,,,,,,,,
DOM_001387,2022,784,,,,,,,,
DOM_001387,2023,748,,,,,,,,
DOM_001388,2022,15,,,,,,,,
DOM_001388,2023,23,,,,,,,,
DOM_001389,2022,231,,,,,,,,
DOM_001389,2023,252,,,,,,,,
DOM_001390,2022,135,,,,,,,,
DOM_001390,2023,142,,,,,,,,
DOM_001391,2022,213,,,,,,,,
DOM_001391,2023,221,,,,,,,,
DOM_001392,2022,82,,,,,,,,
DOM_001392,2023,96,,,,,,,,
DOM_001393,2022,14,,,,,,,,
DOM_001393,2023,15,,,,,,,,
DOM_001394,2022,100,,,,,,,,
DOM_001394,2023,100,,,,,,,,
DOM_001395,2022,12,,,,,,,,
DOM_001395,2023,14,,,,,,,,
DOM_001396,2022,33,,,,,,,,
DOM_001396,2023,31,,,,,,,,
DOM_001397,2022,59,,,,,,,,
DOM_001397,2023,75,,,,,,,,
DOM_001398,2022,782,,,,,,,,
DOM_001398,2023,817,,,,,,,,
DOM_001399,2022,180,,,,,,,,
DOM_001399,2023,219,,,,,,,,
DOM_001400,2022,243,,,,,,,,
DOM_001400,2023,246,,,,,,,,
DOM_001401,2022,220,,,,,,,,
DOM_001401,2023,303,,,,,,,,
DOM_001402,2022,242,,,,,,,,
DOM_001402,2023,277,,,,,,,,
DOM_001403,2022,14,,,,,,,,
DOM_001403,2023,11,,,,,,,,
DOM_001404,2022,683,,,,,,,,
DOM_001404,2023,738,,,,,,,,
DOM_001405,2022,285,,,,,,,,
DOM_001405,2023,318,,,,,,,,
DOM_001406,2022,476,,,,,,,,
DOM_001406,2023,550,,,,,,,,
DOM_001407,2022,35,,,,,,,,
DOM_001407,2023,38,,,,,,,,
DOM_001408,2022,14,,,,,,,,
DOM_001408,2023,17,,,,,,,,
DOM_001409,2022,81,,,,,,,,
DOM_001409,2023,86,,,,,,,,
DOM_001410,2022,76,,,,,,,,
DOM_001410,2023,66,,,,,,,,
DOM_001411,2022,7,,,,,,,,
DOM_001411,2023,18,,,,,,,,
DOM_001412,2022,524,,,,,,,,
DOM_001412,2023,476,,,,,,,,
DOM_001413,2022,304,,,,,,,,
DOM_001413,2023,353,,,,,,,,
DOM_001414,2022,402,,,,,,,,
DOM_001414,2023,422,,,,,,,,
DOM_001415,2022,17,,,,,,,,
DOM_001415,2023,28,,,,,,,,
DOM_001416,2022,32,,,,,,,,
DOM_001416,2023,30,,,,,,,,
DOM_001417,2022,66,,,,,,,,
DOM_001417,2023,75,,,,,,,,
DOM_001418,2022,90,,,,,,,,
DOM_001418,2023,86,,,,,,,,
DOM_001419,2022,18,,,,,,,,
DOM_001419,2023,19,,,,,,,,
DOM_001420,2022,90,,,,,,,,
DOM_001420,2023,103,,,,,,,,
DOM_001421,2022,81,,,,,,,,
DOM_001421,2023,78,,,,,,,,
DOM_001422,2022,62,,,,,,,,
DOM_001422,2023,68,,,,,,,,
DOM_001423,2022,55,,,,,,,,
DOM_001423,2023,83,,,,,,,,
DOM_001424,2022,84,,,,,,,,
DOM_001425,2022,27,,,,,,,,
DOM_001425,2023,58,,,,,,,,
DOM_001426,2022,175,,,,,,,,
DOM_001426,2023,161,,,,,,,,
DOM_001427,2022,386,,,,,,,,
DOM_001427,2023,393,,,,,,,,
DOM_001428,2022,105,,,,,,,,
DOM_001428,2023,124,,,,,,,,
DOM_001429,2022,46,,,,,,,,
DOM_001429,2023,43,,,,,,,,
DOM_001430,2022,15,,,,,,,,
DOM_001430,2023,19,,,,,,,,
DOM_001431,2022,654,,,,,,,,
DOM_001431,2023,599,,,,,,,,
DOM_001432,2022,18,,,,,,,,
DOM_001432,2023,22,,,,,,,,
DOM_001433,2022,88,,,,,,,,
DOM_001433,2023,105,,,,,,,,
DOM_001434,2022,17,,,,,,,,
DOM_001434,2023,19,,,,,,,,
DOM_001435,2022,211,,,,,,,,
DOM_001435,2023,242,,,,,,,,
DOM_001436,2022,50,,,,,,,,
DOM_001436,2023,39,,,,,,,,
DOM_001437,2022,1086,,,,,,,,
DOM_001437,2023,1027,,,,,,,,
DOM_001438,2022,646,,,,,,,,
DOM_001438,2023,690,,,,,,,,
DOM_001439,2022,222,,,,,,,,
DOM_001439,2023,246,,,,,,,,
DOM_001440,2022,64,,,,,,,,
DOM_001440,2023,73,,,,,,,,
DOM_001441,2022,51,,,,,,,,
DOM_001441,2023,44,,,,,,,,
DOM_001442,2022,24,,,,,,,,
DOM_001442,2023,27,,,,,,,,
DOM_001443,2022,13,,,,,,,,
DOM_001443,2023,26,,,,,,,,
DOM_001444,2022,288,,,,,,,,
DOM_001444,2023,281,,,,,,,,
DOM_001445,2022,71,,,,,,,,
DOM_001445,2023,62,,,,,,,,
DOM_001446,2022,22,,,,,,,,
DOM_001446,2023,29,,,,,,,,
DOM_001447,2022,1059,,,,,,,,
DOM_001447,2023,1111,,,,,,,,
DOM_001448,2022,177,,,,,,,,
DOM_001448,2023,237,,,,,,,,
DOM_001449,2022,71,,,,,,,,
DOM_001449,2023,30,,,,,,,,
DOM_001450,2022,124,,,,,,,,
DOM_001450,2023,165,,,,,,,,
DOM_001451,2022,76,,,,,,,,
DOM_001452,2022,35,,,,,,,,
DOM_001452,2023,35,,,,,,,,
DOM_001453,2022,474,,,,,,,,
DOM_001453,2023,544,,,,,,,,
DOM_001454,2022,189,,,,,,,,
DOM_001454,2023,225,,,,,,,,
DOM_001455,2022,80,,,,,,,,
DOM_001455,2023,129,,,,,,,,
DOM_001456,2022,707,,,,,,,,
DOM_001456,2023,718,,,,,,,,
DOM_001457,2022,249,,,,,,,,
DOM_001457,2023,268,,,,,,,,
DOM_001458,2022,172,,,,,,,,
DOM_001458,2023,250,,,,,,,,
DOM_001459,2022,7,,,,,,,,
DOM_001459,2023,6,,,,,,,,
DOM_001460,2022,87,,,,,,,,
DOM_001460,2023,91,,,,,,,,
DOM_001461,2022,25,,,,,,,,
DOM_001461,2023,28,,,,,,,,
DOM_001462,2022,95,,,,,,,,
DOM_001462,2023,98,,,,,,,,
DOM_001463,2022,135,,,,,,,,
DOM_001463,2023,151,,,,,,,,
DOM_001464,2022,66,,,,,,,,
DOM_001464,2023,53,,,,,,,,
DOM_001465,2022,31,,,,,,,,
DOM_001465,2023,25,,,,,,,,
DOM_001466,2022,792,,,,,,,,
DOM_001466,2023,786,,,,,,,,
DOM_001467,2022,755,,,,,,,,
DOM_001467,2023,760,,,,,,,,
DOM_001468,2022,365,,,,,,,,
DOM_001468,2023,377,,,,,,,,
DOM_001469,2022,29,,,,,,,,
DOM_001469,2023,9,,,,,,,,
DOM_001470,2022,38,,,,,,,,
DOM_001470,2023,64,,,,,,,,
DOM_001471,2022,13,,,,,,,,
DOM_001471,2023,11,,,,,,,,
DOM_001472,2022,1587,,,,,,,,
DOM_001472,2023,1486,,,,,,,,
DOM_001473,2022,815,,,,,,,,
DOM_001473,2023,814,,,,,,,,
DOM_001474,2022,43,,,,,,,,
DOM_001474,2023,48,,,,,,,,
DOM_001475,2022,163,,,,,,,,
DOM_001475,2023,176,,,,,,,,
DOM_001476,2022,49,,,,,,,,
DOM_001476,2023,68,,,,,,,,
DOM_001477,2022,129,,,,,,,,
DOM_001477,2023,161,,,,,,,,
DOM_001478,2022,98,,,,,,,,
DOM_001478,2023,115,,,,,,,,
DOM_001479,2022,1385,,,,,,,,
DOM_001479,2023,1314,,,,,,,,
DOM_001480,2022,176,,,,,,,,
DOM_001480,2023,189,,,,,,,,
DOM_001481,2022,311,,,,,,,,
DOM_001481,2023,309,,,,,,,,
DOM_001482,2022,1071,,,,,,,,
DOM_001482,2023,1099,,,,,,,,
DOM_001483,2022,992,,,,,,,,
DOM_001483,2023,912,,,,,,,,
DOM_001484,2022,332,,,,,,,,
DOM_001484,2023,282,,,,,,,,
DOM_001485,2022,238,,,,,,,,
DOM_001485,2023,260,,,,,,,,
DOM_001486,2022,243,,,,,,,,
DOM_001486,2023,225,,,,,,,,
DOM_001487,2022,582,,,,,,,,
DOM_001487,2023,644,,,,,,,,
DOM_001488,2022,468,,,,,,,,
DOM_001488,2023,432,,,,,,,,
DOM_001489,2022,375,,,,,,,,
DOM_001489,2023,458,,,,,,,,
DOM_001490,2022,829,,,,,,,,
DOM_001490,2023,985,,,,,,,,
DOM_001491,2022,43,,,,,,,,
DOM_001491,2023,71,,,,,,,,
DOM_001492,2022,57,,,,,,,,
DOM_001492,2023,68,,,,,,,,
DOM_001493,2022,299,,,,,,,,
DOM_001493,2023,290,,,,,,,,
DOM_001494,2022,62,,,,,,,,
DOM_001494,2023,49,,,,,,,,
DOM_001495,2022,125,,,,,,,,
DOM_001495,2023,137,,,,,,,,
DOM_001496,2022,38,,,,,,,,
DOM_001496,2023,40,,,,,,,,
DOM_001497,2022,219,,,,,,,,
DOM_001497,2023,211,,,,,,,,
DOM_001498,2022,36,,,,,,,,
DOM_001498,2023,48,,,,,,,,
DOM_001499,2022,75,,,,,,,,
DOM_001499,2023,67,,,,,,,,
DOM_001500,2022,47,,,,,,,,
DOM_001500,2023,53,,,,,,,,
DOM_001501,2022,116,,,,,,,,
DOM_001502,2022,41,,,,,,,,
DOM_001502,2023,39,,,,,,,,
DOM_001503,2022,215,,,,,,,,
DOM_001503,2023,118,,,,,,,,
DOM_001504,2022,6,,,,,,,,
DOM_001504,2023,56,,,,,,,,
DOM_001505,2022,59,,,,,,,,
DOM_001505,2023,67,,,,,,,,
DOM_001506,2022,43,,,,,,,,
DOM_001506,2023,43,,,,,,,,
DOM_001507,2022,601,,,,,,,,
DOM_001507,2023,579,,,,,,,,
DOM_001508,2022,945,,,,,,,,
DOM_001508,2023,880,,,,,,,,
DOM_001509,2022,754,,,,,,,,
DOM_001509,2023,776,,,,,,,,
DOM_001510,2022,104,,,,,,,,
DOM_001510,2023,101,,,,,,,,
DOM_001511,2022,823,,,,,,,,
DOM_001511,2023,649,,,,,,,,
DOM_001512,2022,213,,,,,,,,
DOM_001512,2023,205,,,,,,,,
DOM_001513,2022,572,,,,,,,,
DOM_001513,2023,623,,,,,,,,
DOM_001514,2022,713,,,,,,,,
DOM_001514,2023,772,,,,,,,,
DOM_001515,2022,12,,,,,,,,
DOM_001515,2023,16,,,,,,,,
DOM_001516,2022,297,,,,,,,,
DOM_001516,2023,308,,,,,,,,
DOM_001517,2022,46,,,,,,,,
DOM_001517,2023,57,,,,,,,,
DOM_001518,2022,130,,,,,,,,
DOM_001518,2023,121,,,,,,,,
DOM_001519,2022,144,,,,,,,,
DOM_001519,2023,143,,,,,,,,
DOM_001520,2022,695,,,,,,,,
DOM_001520,2023,703,,,,,,,,
DOM_001521,2022,612,,,,,,,,
DOM_001521,2023,466,,,,,,,,
DOM_001522,2022,443,,,,,,,,
DOM_001522,2023,445,,,,,,,,
DOM_001523,2022,715,,,,,,,,
DOM_001523,2023,684,,,,,,,,
DOM_001524,2022,801,,,,,,,,
DOM_001524,2023,958,,,,,,,,
DOM_001525,2022,343,,,,,,,,
DOM_001525,2023,326,,,,,,,,
DOM_001526,2022,672,,,,,,,,
DOM_001526,2023,685,,,,,,,,
DOM_001527,2022,445,,,,,,,,
DOM_001527,2023,477,,,,,,,,
DOM_001528,2022,1280,,,,,,,,
DOM_001528,2023,1374,,,,,,,,
DOM_001529,2022,292,,,,,,,,
DOM_001529,2023,315,,,,,,,,
DOM_001530,2022,161,,,,,,,,
DOM_001530,2023,194,,,,,,,,
DOM_001531,2022,137,,,,,,,,
DOM_001531,2023,159,,,,,,,,
DOM_001532,2022,136,,,,,,,,
DOM_001532,2023,156,,,,,,,,
DOM_001533,2022,341,,,,,,,,
DOM_001533,2023,293,,,,,,,,
DOM_001534,2022,136,,,,,,,,
DOM_001534,2023,161,,,,,,,,
DOM_001535,2022,257,,,,,,,,
DOM_001535,2023,255,,,,,,,,
DOM_001536,2022,35,,,,,,,,
DOM_001536,2023,34,,,,,,,,
DOM_001537,2022,129,,,,,,,,
DOM_001537,2023,131,,,,,,,,
DOM_001538,2022,37,,,,,,,,
DOM_001538,2023,34,,,,,,,,
DOM_001539,2022,344,,,,,,,,
DOM_001539,2023,367,,,,,,,,
DOM_001540,2022,289,,,,,,,,
DOM_001540,2023,292,,,,,,,,
DOM_001541,2022,98,,,,,,,,
DOM_001541,2023,99,,,,,,,,
DOM_001542,2022,208,,,,,,,,
DOM_001542,2023,208,,,,,,,,
DOM_001543,2022,336,,,,,,,,
DOM_001543,2023,365,,,,,,,,
DOM_001544,2022,46,,,,,,,,
DOM_001544,2023,43,,,,,,,,
DOM_001545,2022,214,,,,,,,,
DOM_001545,2023,213,,,,,,,,
DOM_001546,2022,140,,,,,,,,
DOM_001546,2023,132,,,,,,,,
DOM_001547,2022,301,,,,,,,,
DOM_001547,2023,326,,,,,,,,
DOM_001548,2022,151,,,,,,,,
DOM_001548,2023,157,,,,,,,,
DOM_001549,2022,246,,,,,,,,
DOM_001549,2023,200,,,,,,,,
DOM_001550,2022,113,,,,,,,,
DOM_001550,2023,112,,,,,,,,
DOM_001551,2022,314,,,,,,,,
DOM_001551,2023,326,,,,,,,,
DOM_001552,2022,415,,,,,,,,
DOM_001552,2023,330,,,,,,,,
DOM_001553,2022,94,,,,,,,,
DOM_001553,2023,112,,,,,,,,
DOM_001554,2022,305,,,,,,,,
DOM_001554,2023,301,,,,,,,,
DOM_001555,2022,36,,,,,,,,
DOM_001555,2023,40,,,,,,,,
DOM_001556,2022,268,,,,,,,,
DOM_001556,2023,275,,,,,,,,
DOM_001557,2022,494,,,,,,,,
DOM_001557,2023,477,,,,,,,,
DOM_001558,2022,198,,,,,,,,
DOM_001558,2023,216,,,,,,,,
DOM_001559,2022,163,,,,,,,,
DOM_001559,2023,167,,,,,,,,
DOM_001560,2022,57,,,,,,,,
DOM_001560,2023,80,,,,,,,,
DOM_001561,2022,6,,,,,,,,
DOM_001561,2023,4,,,,,,,,
DOM_001562,2022,14,,,,,,,,
DOM_001562,2023,12,,,,,,,,
DOM_001563,2022,7,,,,,,,,
DOM_001563,2023,8,,,,,,,,
DOM_001564,2022,15,,,,,,,,
DOM_001564,2023,12,,,,,,,,
DOM_001565,2022,18,,,,,,,,
DOM_001565,2023,16,,,,,,,,
DOM_001566,2022,104,,,,,,,,
DOM_001566,2023,109,,,,,,,,
DOM_001567,2022,13,,,,,,,,
DOM_001567,2023,21,,,,,,,,
DOM_001568,2022,9,,,,,,,,
DOM_001568,2023,12,,,,,,,,
DOM_001569,2022,17,,,,,,,,
DOM_001569,2023,11,,,,,,,,
DOM_001570,2022,198,,,,,,,,
DOM_001570,2023,179,,,,,,,,
DOM_001571,2022,147,,,,,,,,
DOM_001571,2023,136,,,,,,,,
DOM_001572,2022,39,,,,,,,,
DOM_001572,2023,47,,,,,,,,
DOM_001573,2022,34,,,,,,,,
DOM_001573,2023,27,,,,,,,,
DOM_001574,2022,16,,,,,,,,
DOM_001574,2023,27,,,,,,,,
DOM_001575,2022,51,,,,,,,,
DOM_001575,2023,51,,,,,,,,
DOM_001576,2022,7,,,,,,,,
DOM_001576,2023,5,,,,,,,,
DOM_001577,2022,37,,,,,,,,
DOM_001577,2023,43,,,,,,,,
DOM_001578,2022,49,,,,,,,,
DOM_001578,2023,61,,,,,,,,
DOM_001579,2022,217,,,,,,,,
DOM_001579,2023,259,,,,,,,,
DOM_001580,2022,201,,,,,,,,
DOM_001580,2023,183,,,,,,,,
DOM_001581,2022,268,,,,,,,,
DOM_001581,2023,257,,,,,,,,
DOM_001582,2022,156,,,,,,,,
DOM_001582,2023,147,,,,,,,,
DOM_001583,2022,178,,,,,,,,
DOM_001583,2023,158,,,,,,,,
DOM_001584,2022,57,,,,,,,,
DOM_001584,2023,71,,,,,,,,
DOM_001585,2022,179,,,,,,,,
DOM_001585,2023,166,,,,,,,,
DOM_001586,2022,184,,,,,,,,
DOM_001586,2023,169,,,,,,,,
DOM_001587,2022,304,,,,,,,,
DOM_001587,2023,306,,,,,,,,
DOM_001588,2022,184,,,,,,,,
DOM_001588,2023,194,,,,,,,,
DOM_001589,2022,132,,,,,,,,
DOM_001589,2023,135,,,,,,,,
DOM_001590,2022,149,,,,,,,,
DOM_001590,2023,150,,,,,,,,
DOM_001591,2022,323,,,,,,,,
DOM_001591,2023,356,,,,,,,,
DOM_001592,2022,175,,,,,,,,
DOM_001592,2023,192,,,,,,,,
DOM_001593,2022,78,,,,,,,,
DOM_001593,2023,68,,,,,,,,
DOM_001594,2022,154,,,,,,,,
DOM_001594,2023,164,,,,,,,,
DOM_001595,2022,179,,,,,,,,
DOM_001595,2023,204,,,,,,,,
DOM_001596,2022,125,,,,,,,,
DOM_001596,2023,127,,,,,,,,
DOM_001597,2022,165,,,,,,,,
DOM_001597,2023,155,,,,,,,,
DOM_001598,2022,333,,,,,,,,
DOM_001598,2023,303,,,,,,,,
DOM_001599,2022,127,,,,,,,,
DOM_001599,2023,169,,,,,,,,
DOM_001600,2022,82,,,,,,,,
DOM_001600,2023,70,,,,,,,,
DOM_001601,2022,79,,,,,,,,
DOM_001601,2023,87,,,,,,,,
DOM_001602,2022,94,,,,,,,,
DOM_001602,2023,83,,,,,,,,
DOM_001603,2022,131,,,,,,,,
DOM_001603,2023,119,,,,,,,,
DOM_001604,2022,522,,,,,,,,
DOM_001604,2023,536,,,,,,,,
DOM_001605,2022,329,,,,,,,,
DOM_001605,2023,330,,,,,,,,
DOM_001606,2022,94,,,,,,,,
DOM_001606,2023,92,,,,,,,,
DOM_001607,2022,228,,,,,,,,
DOM_001607,2023,257,,,,,,,,
DOM_001608,2022,202,,,,,,,,
DOM_001608,2023,210,,,,,,,,
DOM_001609,2022,268,,,,,,,,
DOM_001609,2023,312,,,,,,,,
DOM_001610,2022,85,,,,,,,,
DOM_001610,2023,82,,,,,,,,
DOM_001611,2022,100,,,,,,,,
DOM_001611,2023,115,,,,,,,,
DOM_001612,2022,70,,,,,,,,
DOM_001612,2023,84,,,,,,,,
DOM_001613,2022,139,,,,,,,,
DOM_001613,2023,140,,,,,,,,
DOM_001614,2022,109,,,,,,,,
DOM_001614,2023,136,,,,,,,,
DOM_001615,2022,527,,,,,,,,
DOM_001615,2023,500,,,,,,,,
DOM_001616,2022,70,,,,,,,,
DOM_001616,2023,72,,,,,,,,
DOM_001617,2022,121,,,,,,,,
DOM_001617,2023,133,,,,,,,,
DOM_001618,2022,59,,,,,,,,
DOM_001618,2023,59,,,,,,,,
DOM_001619,2022,67,,,,,,,,
DOM_001619,2023,67,,,,,,,,
DOM_001620,2022,213,,,,,,,,
DOM_001620,2023,195,,,,,,,,
DOM_001621,2022,64,,,,,,,,
DOM_001621,2023,70,,,,,,,,
DOM_001622,2022,75,,,,,,,,
DOM_001622,2023,59,,,,,,,,
DOM_001623,2022,202,,,,,,,,
DOM_001623,2023,212,,,,,,,,
DOM_001624,2022,121,,,,,,,,
DOM_001624,2023,115,,,,,,,,
DOM_001625,2022,338,,,,,,,,
DOM_001625,2023,333,,,,,,,,
DOM_001626,2022,128,,,,,,,,
DOM_001626,2023,129,,,,,,,,
DOM_001627,2022,116,,,,,,,,
DOM_001627,2023,112,,,,,,,,
DOM_001628,2022,842,,,,,,,,
DOM_001628,2023,841,,,,,,,,
DOM_001629,2022,41,,,,,,,,
DOM_001629,2023,42,,,,,,,,
DOM_001630,2022,5,,,,,,,,
DOM_001630,2023,2,,,,,,,,
DOM_001631,2022,19,,,,,,,,
DOM_001631,2023,17,,,,,,,,
DOM_001632,2022,19,,,,,,,,
DOM_001632,2023,18,,,,,,,,
DOM_001633,2022,40,,,,,,,,
DOM_001633,2023,45,,,,,,,,
DOM_001634,2022,22,,,,,,,,
DOM_001634,2023,23,,,,,,,,
DOM_001635,2022,105,,,,,,,,
DOM_001635,2023,114,,,,,,,,
DOM_001636,2022,35,,,,,,,,
DOM_001636,2023,31,,,,,,,,
DOM_001637,2022,67,,,,,,,,
DOM_001637,2023,60,,,,,,,,
DOM_001638,2022,104,,,,,,,,
DOM_001638,2023,106,,,,,,,,
DOM_001639,2022,471,,,,,,,,
DOM_001639,2023,489,,,,,,,,
DOM_001640,2022,507,,,,,,,,
DOM_001640,2023,498,,,,,,,,
DOM_001641,2022,86,,,,,,,,
DOM_001641,2023,122,,,,,,,,
DOM_001642,2022,26,,,,,,,,
DOM_001642,2023,24,,,,,,,,
DOM_001643,2022,38,,,,,,,,
DOM_001643,2023,50,,,,,,,,
DOM_001644,2022,82,,,,,,,,
DOM_001644,2023,76,,,,,,,,
DOM_001645,2022,42,,,,,,,,
DOM_001645,2023,44,,,,,,,,
DOM_001646,2022,151,,,,,,,,
DOM_001646,2023,150,,,,,,,,
DOM_001647,2022,62,,,,,,,,
DOM_001647,2023,88,,,,,,,,
DOM_001648,2022,118,,,,,,,,
DOM_001648,2023,119,,,,,,,,
DOM_001649,2022,32,,,,,,,,
DOM_001649,2023,29,,,,,,,,
DOM_001650,2022,197,,,,,,,,
DOM_001650,2023,197,,,,,,,,
DOM_001651,2022,400,,,,,,,,
DOM_001651,2023,378,,,,,,,,
DOM_001652,2022,152,,,,,,,,
DOM_001652,2023,157,,,,,,,,
DOM_001653,2022,348,,,,,,,,
DOM_001653,2023,360,,,,,,,,
DOM_001654,2022,16,,,,,,,,
DOM_001654,2023,17,,,,,,,,
DOM_001655,2022,7,,,,,,,,
DOM_001655,2023,10,,,,,,,,
DOM_001656,2022,27,,,,,,,,
DOM_001656,2023,26,,,,,,,,
DOM_001657,2022,500,,,,,,,,
DOM_001657,2023,521,,,,,,,,
DOM_001658,2022,75,,,,,,,,
DOM_001658,2023,58,,,,,,,,
DOM_001659,2022,433,,,,,,,,
DOM_001659,2023,443,,,,,,,,
DOM_001660,2022,26,,,,,,,,
DOM_001660,2023,21,,,,,,,,
DOM_001661,2022,153,,,,,,,,
DOM_001661,2023,138,,,,,,,,
DOM_001662,2022,97,,,,,,,,
DOM_001662,2023,108,,,,,,,,
DOM_001663,2022,332,,,,,,,,
DOM_001663,2023,374,,,,,,,,
DOM_001664,2022,109,,,,,,,,
DOM_001664,2023,111,,,,,,,,
DOM_001665,2022,99,,,,,,,,
DOM_001665,2023,91,,,,,,,,
DOM_001666,2022,61,,,,,,,,
DOM_001666,2023,71,,,,,,,,
DOM_001667,2022,266,,,,,,,,
DOM_001667,2023,253,,,,,,,,
DOM_001668,2022,93,,,,,,,,
DOM_001668,2023,139,,,,,,,,
DOM_001669,2022,91,,,,,,,,
DOM_001669,2023,92,,,,,,,,
DOM_001670,2022,230,,,,,,,,
DOM_001670,2023,223,,,,,,,,
DOM_001671,2022,194,,,,,,,,
DOM_001671,2023,213,,,,,,,,
DOM_001672,2022,81,,,,,,,,
DOM_001672,2023,95,,,,,,,,
DOM_001673,2022,132,,,,,,,,
DOM_001673,2023,152,,,,,,,,
DOM_001674,2022,247,,,,,,,,
DOM_001674,2023,241,,,,,,,,
DOM_001675,2022,193,,,,,,,,
DOM_001675,2023,206,,,,,,,,
DOM_001676,2022,432,,,,,,,,
DOM_001676,2023,466,,,,,,,,
DOM_001677,2022,165,,,,,,,,
DOM_001677,2023,151,,,,,,,,
DOM_001678,2022,8,,,,,,,,
DOM_001678,2023,9,,,,,,,,
DOM_001679,2022,3,,,,,,,,
DOM_001679,2023,4,,,,,,,,
DOM_001680,2022,1170,,,,,,,,
DOM_001680,2023,1148,,,,,,,,
DOM_001681,2022,76,,,,,,,,
DOM_001681,2023,89,,,,,,,,
DOM_001682,2022,7,,,,,,,,
DOM_001682,2023,6,,,,,,,,
DOM_001683,2022,10,,,,,,,,
DOM_001683,2023,6,,,,,,,,
DOM_001684,2022,60,,,,,,,,
DOM_001684,2023,58,,,,,,,,
DOM_001685,2022,314,,,,,,,,
DOM_001685,2023,350,,,,,,,,
DOM_001686,2022,42,,,,,,,,
DOM_001686,2023,54,,,,,,,,
DOM_001687,2022,10,,,,,,,,
DOM_001687,2023,12,,,,,,,,
DOM_001688,2022,140,,,,,,,,
DOM_001688,2023,132,,,,,,,,
DOM_001689,2022,61,,,,,,,,
DOM_001689,2023,70,,,,,,,,
DOM_001690,2022,21,,,,,,,,
DOM_001690,2023,21,,,,,,,,
DOM_001691,2022,129,,,,,,,,
DOM_001691,2023,147,,,,,,,,
DOM_001692,2022,53,,,,,,,,
DOM_001692,2023,54,,,,,,,,
DOM_001693,2022,42,,,,,,,,
DOM_001693,2023,39,,,,,,,,
DOM_001694,2022,128,,,,,,,,
DOM_001694,2023,129,,,,,,,,
DOM_001695,2022,160,,,,,,,,
DOM_001695,2023,110,,,,,,,,
DOM_001696,2022,32,,,,,,,,
DOM_001696,2023,42,,,,,,,,
DOM_001697,2022,13,,,,,,,,
DOM_001697,2023,12,,,,,,,,
DOM_001698,2022,76,,,,,,,,
DOM_001698,2023,75,,,,,,,,
DOM_001699,2022,9,,,,,,,,
DOM_001699,2023,8,,,,,,,,
DOM_001700,2022,20,,,,,,,,
DOM_001700,2023,20,,,,,,,,
DOM_001701,2022,26,,,,,,,,
DOM_001701,2023,28,,,,,,,,
DOM_001702,2022,6,,,,,,,,
DOM_001702,2023,7,,,,,,,,
DOM_001703,2022,73,,,,,,,,
DOM_001703,2023,94,,,,,,,,
DOM_001704,2022,22,,,,,,,,
DOM_001704,2023,20,,,,,,,,
DOM_001705,2022,89,,,,,,,,
DOM_001705,2023,80,,,,,,,,
DOM_001706,2022,39,,,,,,,,
DOM_001706,2023,41,,,,,,,,
DOM_001707,2022,10,,,,,,,,
DOM_001707,2023,8,,,,,,,,
DOM_001708,2022,122,,,,,,,,
DOM_001708,2023,74,,,,,,,,
DOM_001709,2022,304,,,,,,,,
DOM_001709,2023,344,,,,,,,,
DOM_001710,2022,305,,,,,,,,
DOM_001710,2023,291,,,,,,,,
DOM_001711,2022,101,,,,,,,,
DOM_001711,2023,116,,,,,,,,
DOM_001712,2022,169,,,,,,,,
DOM_001712,2023,186,,,,,,,,
DOM_001713,2022,9,,,,,,,,
DOM_001713,2023,8,,,,,,,,
DOM_001714,2022,274,,,,,,,,
DOM_001714,2023,325,,,,,,,,
DOM_001715,2022,28,,,,,,,,
DOM_001715,2023,31,,,,,,,,
DOM_001716,2022,155,,,,,,,,
DOM_001716,2023,161,,,,,,,,
DOM_001717,2022,697,,,,,,,,
DOM_001717,2023,696,,,,,,,,
DOM_001718,2022,536,,,,,,,,
DOM_001718,2023,498,,,,,,,,
DOM_001719,2022,158,,,,,,,,
DOM_001719,2023,145,,,,,,,,
DOM_001720,2022,55,,,,,,,,
DOM_001720,2023,57,,,,,,,,
DOM_001721,2022,324,,,,,,,,
DOM_001721,2023,320,,,,,,,,
DOM_001722,2022,125,,,,,,,,
DOM_001722,2023,131,,,,,,,,
DOM_001723,2022,60,,,,,,,,
DOM_001723,2023,48,,,,,,,,
DOM_001724,2022,846,,,,,,,,
DOM_001724,2023,827,,,,,,,,
DOM_001725,2022,204,,,,,,,,
DOM_001725,2023,129,,,,,,,,
DOM_001726,2022,154,,,,,,,,
DOM_001726,2023,194,,,,,,,,
DOM_001727,2022,232,,,,,,,,
DOM_001727,2023,223,,,,,,,,
DOM_001728,2022,89,,,,,,,,
DOM_001728,2023,103,,,,,,,,
DOM_001729,2022,153,,,,,,,,
DOM_001729,2023,169,,,,,,,,
DOM_001730,2022,137,,,,,,,,
DOM_001730,2023,124,,,,,,,,
DOM_001731,2022,470,,,,,,,,
DOM_001731,2023,440,,,,,,,,
DOM_001732,2022,278,,,,,,,,
DOM_001732,2023,268,,,,,,,,
DOM_001733,2022,106,,,,,,,,
DOM_001733,2023,104,,,,,,,,
DOM_001734,2022,25,,,,,,,,
DOM_001734,2023,22,,,,,,,,
DOM_001735,2022,211,,,,,,,,
DOM_001735,2023,208,,,,,,,,
DOM_001736,2022,287,,,,,,,,
DOM_001736,2023,288,,,,,,,,
DOM_001737,2022,16,,,,,,,,
DOM_001737,2023,14,,,,,,,,
DOM_001738,2022,36,,,,,,,,
DOM_001738,2023,52,,,,,,,,
DOM_001739,2022,90,,,,,,,,
DOM_001739,2023,126,,,,,,,,
DOM_001740,2022,206,,,,,,,,
DOM_001740,2023,226,,,,,,,,
DOM_001741,2022,438,,,,,,,,
DOM_001741,2023,476,,,,,,,,
DOM_001742,2022,212,,,,,,,,
DOM_001742,2023,201,,,,,,,,
DOM_001743,2022,793,,,,,,,,
DOM_001743,2023,787,,,,,,,,
DOM_001744,2022,465,,,,,,,,
DOM_001744,2023,438,,,,,,,,
DOM_001745,2022,180,,,,,,,,
DOM_001745,2023,173,,,,,,,,
DOM_001746,2022,73,,,,,,,,
DOM_001746,2023,82,,,,,,,,
DOM_001747,2022,8,,,,,,,,
DOM_001747,2023,7,,,,,,,,
DOM_001748,2022,83,,,,,,,,
DOM_001748,2023,90,,,,,,,,
DOM_001749,2022,8,,,,,,,,
DOM_001749,2023,7,,,,,,,,
DOM_001750,2022,4,,,,,,,,
DOM_001750,2023,4,,,,,,,,
DOM_001751,2022,4,,,,,,,,
DOM_001751,2023,4,,,,,,,,
DOM_001752,2022,20,,,,,,,,
DOM_001752,2023,18,,,,,,,,
DOM_001753,2022,41,,,,,,,,
DOM_001753,2023,36,,,,,,,,
DOM_001754,2022,14,,,,,,,,
DOM_001754,2023,18,,,,,,,,
DOM_001755,2022,23,,,,,,,,
DOM_001755,2023,24,,,,,,,,
DOM_001756,2022,61,,,,,,,,
DOM_001756,2023,48,,,,,,,,
DOM_001757,2022,3,,,,,,,,
DOM_001757,2023,3,,,,,,,,
DOM_001758,2022,14,,,,,,,,
DOM_001758,2023,16,,,,,,,,
DOM_001759,2022,34,,,,,,,,
DOM_001759,2023,34,,,,,,,,
DOM_001760,2022,94,,,,,,,,
DOM_001760,2023,88,,,,,,,,
DOM_001761,2022,44,,,,,,,,
DOM_001761,2023,47,,,,,,,,
DOM_001762,2022,5,,,,,,,,
DOM_001762,2023,5,,,,,,,,
DOM_001763,2022,32,,,,,,,,
DOM_001763,2023,39,,,,,,,,
DOM_001764,2022,104,,,,,,,,
DOM_001764,2023,115,,,,,,,,
DOM_001765,2022,38,,,,,,,,
DOM_001765,2023,36,,,,,,,,
DOM_001766,2022,26,,,,,,,,
DOM_001766,2023,28,,,,,,,,
DOM_001767,2022,10,,,,,,,,
DOM_001767,2023,7,,,,,,,,
DOM_001768,2022,48,,,,,,,,
DOM_001768,2023,54,,,,,,,,
DOM_001769,2022,43,,,,,,,,
DOM_001769,2023,41,,,,,,,,
DOM_001770,2022,13,,,,,,,,
DOM_001770,2023,15,,,,,,,,
DOM_001771,2022,110,,,,,,,,
DOM_001771,2023,104,,,,,,,,
DOM_001772,2022,63,,,,,,,,
DOM_001772,2023,65,,,,,,,,
DOM_001773,2022,320,,,,,,,,
DOM_001773,2023,365,,,,,,,,
DOM_001774,2022,215,,,,,,,,
DOM_001774,2023,207,,,,,,,,
DOM_001775,2022,60,,,,,,,,
DOM_001775,2023,70,,,,,,,,
DOM_001776,2022,28,,,,,,,,
DOM_001776,2023,30,,,,,,,,
DOM_001777,2022,60,,,,,,,,
DOM_001777,2023,56,,,,,,,,
DOM_001778,2022,45,,,,,,,,
DOM_001778,2023,53,,,,,,,,
DOM_001779,2022,54,,,,,,,,
DOM_001779,2023,55,,,,,,,,
DOM_001780,2022,134,,,,,,,,
DOM_001780,2023,122,,,,,,,,
DOM_001781,2022,6,,,,,,,,
DOM_001781,2023,6,,,,,,,,
DOM_001782,2022,42,,,,,,,,
DOM_001782,2023,41,,,,,,,,
DOM_001783,2022,14,,,,,,,,
DOM_001783,2023,10,,,,,,,,
DOM_001784,2022,180,,,,,,,,
DOM_001784,2023,232,,,,,,,,
DOM_001785,2022,135,,,,,,,,
DOM_001785,2023,121,,,,,,,,
DOM_001786,2022,97,,,,,,,,
DOM_001786,2023,97,,,,,,,,
DOM_001787,2022,336,,,,,,,,
DOM_001787,2023,381,,,,,,,,
DOM_001788,2022,245,,,,,,,,
DOM_001788,2023,238,,,,,,,,
DOM_001789,2022,384,,,,,,,,
DOM_001789,2023,408,,,,,,,,
DOM_001790,2022,184,,,,,,,,
DOM_001790,2023,192,,,,,,,,
DOM_001791,2022,69,,,,,,,,
DOM_001791,2023,65,,,,,,,,
DOM_001792,2022,67,,,,,,,,
DOM_001792,2023,65,,,,,,,,
DOM_001793,2022,97,,,,,,,,
DOM_001793,2023,108,,,,,,,,
DOM_001794,2022,23,,,,,,,,
DOM_001794,2023,23,,,,,,,,
DOM_001795,2022,56,,,,,,,,
DOM_001795,2023,55,,,,,,,,
DOM_001796,2022,175,,,,,,,,
DOM_001796,2023,165,,,,,,,,
DOM_001797,2022,17,,,,,,,,
DOM_001797,2023,16,,,,,,,,
DOM_001798,2022,512,,,,,,,,
DOM_001798,2023,549,,,,,,,,
DOM_001799,2022,53,,,,,,,,
DOM_001799,2023,58,,,,,,,,
DOM_001800,2022,227,,,,,,,,
DOM_001800,2023,235,,,,,,,,
DOM_001801,2022,75,,,,,,,,
DOM_001801,2023,84,,,,,,,,
DOM_001802,2022,10,,,,,,,,
DOM_001802,2023,18,,,,,,,,
DOM_001803,2022,13,,,,,,,,
DOM_001803,2023,10,,,,,,,,
DOM_001804,2022,23,,,,,,,,
DOM_001804,2023,21,,,,,,,,
DOM_001805,2022,60,,,,,,,,
DOM_001805,2023,56,,,,,,,,
DOM_001806,2022,60,,,,,,,,
DOM_001806,2023,57,,,,,,,,
DOM_001807,2022,37,,,,,,,,
DOM_001807,2023,38,,,,,,,,
DOM_001808,2022,24,,,,,,,,
DOM_001808,2023,26,,,,,,,,
DOM_001809,2022,125,,,,,,,,
DOM_001809,2023,132,,,,,,,,
DOM_001810,2022,63,,,,,,,,
DOM_001810,2023,76,,,,,,,,
DOM_001811,2022,440,,,,,,,,
DOM_001811,2023,427,,,,,,,,
DOM_001812,2022,34,,,,,,,,
DOM_001812,2023,36,,,,,,,,
DOM_001813,2022,112,,,,,,,,
DOM_001813,2023,132,,,,,,,,
DOM_001814,2022,288,,,,,,,,
DOM_001814,2023,285,,,,,,,,
DOM_001815,2022,23,,,,,,,,
DOM_001815,2023,35,,,,,,,,
DOM_001816,2022,53,,,,,,,,
DOM_001816,2023,52,,,,,,,,
DOM_001817,2022,20,,,,,,,,
DOM_001817,2023,19,,,,,,,,
DOM_001818,2022,56,,,,,,,,
DOM_001818,2023,51,,,,,,,,
DOM_001819,2022,127,,,,,,,,
DOM_001819,2023,139,,,,,,,,
DOM_001820,2022,14,,,,,,,,
DOM_001820,2023,14,,,,,,,,
DOM_001821,2022,160,,,,,,,,
DOM_001821,2023,168,,,,,,,,
DOM_001822,2022,72,,,,,,,,
DOM_001822,2023,84,,,,,,,,
DOM_001823,2022,12,,,,,,,,
DOM_001823,2023,23,,,,,,,,
DOM_001824,2022,12,,,,,,,,
DOM_001824,2023,10,,,,,,,,
DOM_001825,2022,78,,,,,,,,
DOM_001825,2023,76,,,,,,,,
DOM_001826,2022,25,,,,,,,,
DOM_001826,2023,34,,,,,,,,
DOM_001827,2022,40,,,,,,,,
DOM_001827,2023,43,,,,,,,,
DOM_001828,2022,107,,,,,,,,
DOM_001828,2023,137,,,,,,,,
DOM_001829,2022,87,,,,,,,,
DOM_001829,2023,84,,,,,,,,
DOM_001830,2022,18,,,,,,,,
DOM_001830,2023,26,,,,,,,,
DOM_001831,2022,24,,,,,,,,
DOM_001831,2023,30,,,,,,,,
DOM_001832,2022,255,,,,,,,,
DOM_001832,2023,237,,,,,,,,
DOM_001833,2022,156,,,,,,,,
DOM_001833,2023,164,,,,,,,,
DOM_001834,2022,38,,,,,,,,
DOM_001834,2023,32,,,,,,,,
DOM_001835,2022,451,,,,,,,,
DOM_001835,2023,472,,,,,,,,
DOM_001836,2022,126,,,,,,,,
DOM_001836,2023,133,,,,,,,,
DOM_001837,2022,192,,,,,,,,
DOM_001837,2023,167,,,,,,,,
DOM_001838,2022,31,,,,,,,,
DOM_001838,2023,23,,,,,,,,
DOM_001839,2022,90,,,,,,,,
DOM_001839,2023,95,,,,,,,,
DOM_001840,2022,136,,,,,,,,
DOM_001840,2023,139,,,,,,,,
DOM_001841,2022,22,,,,,,,,
DOM_001841,2023,24,,,,,,,,
DOM_001842,2022,89,,,,,,,,
DOM_001842,2023,90,,,,,,,,
DOM_001843,2022,19,,,,,,,,
DOM_001843,2023,21,,,,,,,,
DOM_001844,2022,54,,,,,,,,
DOM_001844,2023,55,,,,,,,,
DOM_001845,2022,187,,,,,,,,
DOM_001845,2023,187,,,,,,,,
DOM_001846,2022,15,,,,,,,,
DOM_001846,2023,15,,,,,,,,
DOM_001847,2022,8,,,,,,,,
DOM_001847,2023,6,,,,,,,,
DOM_001848,2022,60,,,,,,,,
DOM_001848,2023,60,,,,,,,,
DOM_001849,2022,325,,,,,,,,
DOM_001849,2023,313,,,,,,,,
DOM_001850,2022,438,,,,,,,,
DOM_001850,2023,479,,,,,,,,
DOM_001851,2022,97,,,,,,,,
DOM_001851,2023,114,,,,,,,,
DOM_001852,2022,19,,,,,,,,
DOM_001852,2023,21,,,,,,,,
DOM_001853,2022,7,,,,,,,,
DOM_001853,2023,4,,,,,,,,
DOM_001854,2022,70,,,,,,,,
DOM_001854,2023,78,,,,,,,,
DOM_001855,2022,129,,,,,,,,
DOM_001855,2023,132,,,,,,,,
DOM_001856,2022,18,,,,,,,,
DOM_001856,2023,15,,,,,,,,
DOM_001857,2022,78,,,,,,,,
DOM_001857,2023,68,,,,,,,,
DOM_001858,2022,14,,,,,,,,
DOM_001858,2023,15,,,,,,,,
DOM_001859,2022,6,,,,,,,,
DOM_001859,2023,9,,,,,,,,
DOM_001860,2022,8,,,,,,,,
DOM_001860,2023,7,,,,,,,,
DOM_001861,2022,32,,,,,,,,
DOM_001861,2023,40,,,,,,,,
DOM_001862,2022,32,,,,,,,,
DOM_001862,2023,37,,,,,,,,
DOM_001863,2022,75,,,,,,,,
DOM_001863,2023,83,,,,,,,,
DOM_001864,2022,12,,,,,,,,
DOM_001864,2023,11,,,,,,,,
DOM_001865,2022,15,,,,,,,,
DOM_001865,2023,15,,,,,,,,
DOM_001866,2022,67,,,,,,,,
DOM_001866,2023,68,,,,,,,,
DOM_001867,2022,8,,,,,,,,
DOM_001867,2023,11,,,,,,,,
DOM_001868,2022,112,,,,,,,,
DOM_001868,2023,108,,,,,,,,
DOM_001869,2022,89,,,,,,,,
DOM_001869,2023,76,,,,,,,,
DOM_001870,2022,40,,,,,,,,
DOM_001870,2023,36,,,,,,,,
DOM_001871,2022,40,,,,,,,,
DOM_001871,2023,46,,,,,,,,
DOM_001872,2022,2,,,,,,,,
DOM_001872,2023,11,,,,,,,,
DOM_001873,2022,394,,,,,,,,
DOM_001873,2023,375,,,,,,,,
DOM_001874,2022,58,,,,,,,,
DOM_001874,2023,65,,,,,,,,
DOM_001875,2022,111,,,,,,,,
DOM_001875,2023,106,,,,,,,,
DOM_001876,2022,7,,,,,,,,
DOM_001876,2023,11,,,,,,,,
DOM_001877,2022,15,,,,,,,,
DOM_001877,2023,15,,,,,,,,
DOM_001878,2022,8,,,,,,,,
DOM_001878,2023,4,,,,,,,,
DOM_001879,2022,21,,,,,,,,
DOM_001879,2023,31,,,,,,,,
DOM_001880,2022,14,,,,,,,,
DOM_001880,2023,17,,,,,,,,
DOM_001881,2022,42,,,,,,,,
DOM_001881,2023,47,,,,,,,,
DOM_001882,2022,179,,,,,,,,
DOM_001882,2023,186,,,,,,,,
DOM_001883,2022,166,,,,,,,,
DOM_001883,2023,180,,,,,,,,
DOM_001884,2022,9,,,,,,,,
DOM_001884,2023,7,,,,,,,,
DOM_001885,2022,221,,,,,,,,
DOM_001885,2023,238,,,,,,,,
DOM_001886,2022,56,,,,,,,,
DOM_001886,2023,62,,,,,,,,
DOM_001887,2022,8,,,,,,,,
DOM_001887,2023,7,,,,,,,,
DOM_001888,2022,159,,,,,,,,
DOM_001888,2023,158,,,,,,,,
DOM_001889,2022,197,,,,,,,,
DOM_001889,2023,204,,,,,,,,
DOM_001890,2022,108,,,,,,,,
DOM_001890,2023,86,,,,,,,,
DOM_001891,2022,13,,,,,,,,
DOM_001891,2023,20,,,,,,,,
DOM_001892,2022,183,,,,,,,,
DOM_001892,2023,195,,,,,,,,
DOM_001893,2022,77,,,,,,,,
DOM_001893,2023,82,,,,,,,,
DOM_001894,2022,378,,,,,,,,
DOM_001894,2023,358,,,,,,,,
DOM_001895,2022,215,,,,,,,,
DOM_001895,2023,220,,,,,,,,
DOM_001896,2022,338,,,,,,,,
DOM_001896,2023,453,,,,,,,,
DOM_001897,2022,475,,,,,,,,
DOM_001897,2023,464,,,,,,,,
DOM_001898,2022,263,,,,,,,,
DOM_001898,2023,260,,,,,,,,
DOM_001899,2022,13,,,,,,,,
DOM_001899,2023,11,,,,,,,,
DOM_001900,2022,17,,,,,,,,
DOM_001900,2023,26,,,,,,,,
DOM_001901,2022,59,,,,,,,,
DOM_001901,2023,49,,,,,,,,
DOM_001902,2022,42,,,,,,,,
DOM_001902,2023,42,,,,,,,,
DOM_001903,2022,62,,,,,,,,
DOM_001903,2023,61,,,,,,,,
DOM_001904,2022,107,,,,,,,,
DOM_001904,2023,115,,,,,,,,
DOM_001905,2022,68,,,,,,,,
DOM_001905,2023,65,,,,,,,,
DOM_001906,2022,19,,,,,,,,
DOM_001906,2023,22,,,,,,,,
DOM_001907,2022,225,,,,,,,,
DOM_001907,2023,267,,,,,,,,
DOM_001908,2022,60,,,,,,,,
DOM_001908,2023,71,,,,,,,,
DOM_001909,2022,71,,,,,,,,
DOM_001909,2023,64,,,,,,,,
DOM_001910,2022,240,,,,,,,,
DOM_001910,2023,256,,,,,,,,
DOM_001911,2022,497,,,,,,,,
DOM_001911,2023,528,,,,,,,,
DOM_001912,2022,513,,,,,,,,
DOM_001912,2023,517,,,,,,,,
DOM_001913,2022,176,,,,,,,,
DOM_001913,2023,170,,,,,,,,
DOM_001914,2022,277,,,,,,,,
DOM_001914,2023,279,,,,,,,,
DOM_001915,2022,255,,,,,,,,
DOM_001915,2023,247,,,,,,,,
DOM_001916,2022,72,,,,,,,,
DOM_001916,2023,62,,,,,,,,
DOM_001917,2022,55,,,,,,,,
DOM_001917,2023,70,,,,,,,,
DOM_001918,2022,342,,,,,,,,
DOM_001918,2023,358,,,,,,,,
DOM_001919,2022,386,,,,,,,,
DOM_001919,2023,414,,,,,,,,
DOM_001920,2022,524,,,,,,,,
DOM_001920,2023,522,,,,,,,,
DOM_001921,2022,118,,,,,,,,
DOM_001921,2023,134,,,,,,,,
DOM_001922,2022,182,,,,,,,,
DOM_001922,2023,162,,,,,,,,
DOM_001923,2022,129,,,,,,,,
DOM_001923,2023,132,,,,,,,,
DOM_001924,2022,140,,,,,,,,
DOM_001924,2023,156,,,,,,,,
DOM_001925,2022,159,,,,,,,,
DOM_001925,2023,141,,,,,,,,
DOM_001926,2022,65,,,,,,,,
DOM_001926,2023,53,,,,,,,,
DOM_001927,2022,96,,,,,,,,
DOM_001927,2023,89,,,,,,,,
DOM_001928,2022,138,,,,,,,,
DOM_001928,2023,149,,,,,,,,
DOM_001929,2022,15,,,,,,,,
DOM_001929,2023,58,,,,,,,,
DOM_001930,2022,56,,,,,,,,
DOM_001930,2023,57,,,,,,,,
DOM_001931,2022,30,,,,,,,,
DOM_001931,2023,32,,,,,,,,
DOM_001932,2022,23,,,,,,,,
DOM_001932,2023,30,,,,,,,,
DOM_001933,2022,210,,,,,,,,
DOM_001933,2023,213,,,,,,,,
DOM_001934,2022,216,,,,,,,,
DOM_001934,2023,210,,,,,,,,
DOM_001935,2022,16,,,,,,,,
DOM_001935,2023,18,,,,,,,,
DOM_001936,2022,19,,,,,,,,
DOM_001936,2023,19,,,,,,,,
DOM_001937,2022,58,,,,,,,,
DOM_001937,2023,55,,,,,,,,
DOM_001938,2022,39,,,,,,,,
DOM_001938,2023,23,,,,,,,,
DOM_001939,2022,29,,,,,,,,
DOM_001939,2023,34,,,,,,,,
DOM_001940,2022,49,,,,,,,,
DOM_001940,2023,48,,,,,,,,
DOM_001941,2022,46,,,,,,,,
DOM_001941,2023,43,,,,,,,,
DOM_001942,2022,24,,,,,,,,
DOM_001942,2023,28,,,,,,,,
DOM_001943,2022,120,,,,,,,,
DOM_001943,2023,112,,,,,,,,
DOM_001944,2022,187,,,,,,,,
DOM_001944,2023,188,,,,,,,,
DOM_001945,2022,38,,,,,,,,
DOM_001945,2023,41,,,,,,,,
DOM_001946,2022,41,,,,,,,,
DOM_001946,2023,38,,,,,,,,
DOM_001947,2022,188,,,,,,,,
DOM_001947,2023,211,,,,,,,,
DOM_001948,2022,40,,,,,,,,
DOM_001948,2023,17,,,,,,,,
DOM_001949,2022,159,,,,,,,,
DOM_001949,2023,170,,,,,,,,
DOM_001950,2022,242,,,,,,,,
DOM_001950,2023,240,,,,,,,,
DOM_001951,2022,44,,,,,,,,
DOM_001951,2023,45,,,,,,,,
DOM_001952,2022,225,,,,,,,,
DOM_001952,2023,266,,,,,,,,
DOM_001953,2022,65,,,,,,,,
DOM_001953,2023,104,,,,,,,,
DOM_001954,2022,100,,,,,,,,
DOM_001954,2023,114,,,,,,,,
DOM_001955,2022,415,,,,,,,,
DOM_001955,2023,413,,,,,,,,
DOM_001956,2022,270,,,,,,,,
DOM_001956,2023,298,,,,,,,,
DOM_001957,2022,184,,,,,,,,
DOM_001957,2023,203,,,,,,,,
DOM_001958,2022,104,,,,,,,,
DOM_001958,2023,116,,,,,,,,
DOM_001959,2022,483,,,,,,,,
DOM_001959,2023,478,,,,,,,,
DOM_001960,2022,99,,,,,,,,
DOM_001960,2023,98,,,,,,,,
DOM_001961,2022,239,,,,,,,,
DOM_001961,2023,224,,,,,,,,
DOM_001962,2022,458,,,,,,,,
DOM_001962,2023,473,,,,,,,,
DOM_001963,2022,74,,,,,,,,
DOM_001963,2023,72,,,,,,,,
DOM_001964,2022,40,,,,,,,,
DOM_001964,2023,23,,,,,,,,
DOM_001965,2022,29,,,,,,,,
DOM_001965,2023,27,,,,,,,,
DOM_001966,2022,126,,,,,,,,
DOM_001966,2023,137,,,,,,,,
DOM_001967,2022,29,,,,,,,,
DOM_001967,2023,27,,,,,,,,
DOM_001968,2022,18,,,,,,,,
DOM_001968,2023,20,,,,,,,,
DOM_001969,2022,35,,,,,,,,
DOM_001969,2023,39,,,,,,,,
DOM_001970,2022,115,,,,,,,,
DOM_001970,2023,112,,,,,,,,
DOM_001971,2022,121,,,,,,,,
DOM_001971,2023,140,,,,,,,,
DOM_001972,2022,220,,,,,,,,
DOM_001972,2023,221,,,,,,,,
DOM_001973,2022,58,,,,,,,,
DOM_001973,2023,63,,,,,,,,
DOM_001974,2022,52,,,,,,,,
DOM_001974,2023,60,,,,,,,,
DOM_001975,2022,85,,,,,,,,
DOM_001975,2023,101,,,,,,,,
DOM_001976,2022,87,,,,,,,,
DOM_001976,2023,90,,,,,,,,
DOM_001977,2022,82,,,,,,,,
DOM_001977,2023,75,,,,,,,,
DOM_001978,2022,39,,,,,,,,
DOM_001978,2023,41,,,,,,,,
DOM_001979,2022,255,,,,,,,,
DOM_001979,2023,292,,,,,,,,
DOM_001980,2022,710,,,,,,,,
DOM_001980,2023,747,,,,,,,,
DOM_001981,2022,523,,,,,,,,
DOM_001981,2023,518,,,,,,,,
DOM_001982,2022,652,,,,,,,,
DOM_001982,2023,677,,,,,,,,
DOM_001983,2022,76,,,,,,,,
DOM_001983,2023,87,,,,,,,,
DOM_001984,2022,60,,,,,,,,
DOM_001984,2023,65,,,,,,,,
DOM_001985,2022,251,,,,,,,,
DOM_001985,2023,281,,,,,,,,
DOM_001986,2022,65,,,,,,,,
DOM_001986,2023,59,,,,,,,,
DOM_001987,2022,101,,,,,,,,
DOM_001987,2023,94,,,,,,,,
DOM_001988,2022,256,,,,,,,,
DOM_001988,2023,249,,,,,,,,
DOM_001989,2022,48,,,,,,,,
DOM_001989,2023,43,,,,,,,,
DOM_001990,2022,642,,,,,,,,
DOM_001990,2023,649,,,,,,,,
DOM_001991,2022,399,,,,,,,,
DOM_001991,2023,447,,,,,,,,
DOM_001992,2022,475,,,,,,,,
DOM_001992,2023,485,,,,,,,,
DOM_001993,2022,54,,,,,,,,
DOM_001993,2023,53,,,,,,,,
DOM_001994,2022,77,,,,,,,,
DOM_001994,2023,74,,,,,,,,
DOM_001995,2022,60,,,,,,,,
DOM_001995,2023,67,,,,,,,,
DOM_001996,2022,88,,,,,,,,
DOM_001996,2023,81,,,,,,,,
DOM_001997,2022,717,,,,,,,,
DOM_001997,2023,808,,,,,,,,
DOM_001998,2022,675,,,,,,,,
DOM_001998,2023,698,,,,,,,,
DOM_001999,2022,226,,,,,,,,
DOM_001999,2023,231,,,,,,,,
DOM_002000,2022,834,,,,,,,,
DOM_002000,2023,845,,,,,,,,
DOM_002001,2022,915,,,,,,,,
DOM_002001,2023,937,,,,,,,,
DOM_002002,2022,1230,,,,,,,,
DOM_002002,2023,1191,,,,,,,,
DOM_002003,2022,136,,,,,,,,
DOM_002003,2023,167,,,,,,,,
DOM_002004,2022,433,,,,,,,,
DOM_002004,2023,436,,,,,,,,
DOM_002005,2022,443,,,,,,,,
DOM_002005,2023,489,,,,,,,,
DOM_002006,2022,32,,,,,,,,
DOM_002006,2023,35,,,,,,,,
DOM_002007,2022,235,,,,,,,,
DOM_002007,2023,219,,,,,,,,
DOM_002008,2022,13,,,,,,,,
DOM_002008,2023,14,,,,,,,,
DOM_002009,2022,42,,,,,,,,
DOM_002009,2023,36,,,,,,,,
DOM_002010,2022,21,,,,,,,,
DOM_002010,2023,21,,,,,,,,
DOM_002011,2022,13,,,,,,,,
DOM_002011,2023,13,,,,,,,,
DOM_002012,2022,28,,,,,,,,
DOM_002012,2023,24,,,,,,,,
DOM_002013,2022,12,,,,,,,,
DOM_002013,2023,27,,,,,,,,
DOM_002014,2022,130,,,,,,,,
DOM_002014,2023,141,,,,,,,,
DOM_002015,2022,70,,,,,,,,
DOM_002015,2023,73,,,,,,,,
DOM_002016,2022,42,,,,,,,,
DOM_002016,2023,49,,,,,,,,
DOM_002017,2022,117,,,,,,,,
DOM_002017,2023,155,,,,,,,,
DOM_002018,2022,121,,,,,,,,
DOM_002018,2023,113,,,,,,,,
DOM_002019,2022,187,,,,,,,,
DOM_002019,2023,197,,,,,,,,
DOM_002020,2022,415,,,,,,,,
DOM_002020,2023,417,,,,,,,,
DOM_002021,2022,171,,,,,,,,
DOM_002021,2023,191,,,,,,,,
DOM_002022,2022,40,,,,,,,,
DOM_002022,2023,48,,,,,,,,
DOM_002023,2022,295,,,,,,,,
DOM_002023,2023,305,,,,,,,,
DOM_002024,2022,104,,,,,,,,
DOM_002024,2023,107,,,,,,,,
DOM_002025,2022,627,,,,,,,,
DOM_002025,2023,626,,,,,,,,
DOM_002026,2022,89,,,,,,,,
DOM_002026,2023,76,,,,,,,,
DOM_002027,2022,288,,,,,,,,
DOM_002027,2023,331,,,,,,,,
DOM_002028,2022,32,,,,,,,,
DOM_002028,2023,44,,,,,,,,
DOM_002029,2022,250,,,,,,,,
DOM_002029,2023,255,,,,,,,,
DOM_002030,2022,297,,,,,,,,
DOM_002030,2023,298,,,,,,,,
DOM_002031,2022,69,,,,,,,,
DOM_002031,2023,76,,,,,,,,
DOM_002032,2022,382,,,,,,,,
DOM_002032,2023,370,,,,,,,,
DOM_002033,2022,171,,,,,,,,
DOM_002033,2023,157,,,,,,,,
DOM_002034,2022,22,,,,,,,,
DOM_002034,2023,17,,,,,,,,
DOM_002035,2022,213,,,,,,,,
DOM_002035,2023,188,,,,,,,,
DOM_002036,2022,492,,,,,,,,
DOM_002036,2023,546,,,,,,,,
DOM_002037,2022,698,,,,,,,,
DOM_002037,2023,675,,,,,,,,
DOM_002038,2022,403,,,,,,,,
DOM_002038,2023,446,,,,,,,,
DOM_002039,2022,516,,,,,,,,
DOM_002039,2023,514,,,,,,,,
DOM_002040,2022,475,,,,,,,,
DOM_002040,2023,505,,,,,,,,
DOM_002041,2022,525,,,,,,,,
DOM_002041,2023,553,,,,,,,,
DOM_002042,2022,402,,,,,,,,
DOM_002042,2023,406,,,,,,,,
DOM_002043,2022,286,,,,,,,,
DOM_002043,2023,275,,,,,,,,
DOM_002044,2022,309,,,,,,,,
DOM_002044,2023,293,,,,,,,,
DOM_002045,2022,431,,,,,,,,
DOM_002045,2023,474,,,,,,,,
DOM_002046,2022,70,,,,,,,,
DOM_002046,2023,62,,,,,,,,
DOM_002047,2022,188,,,,,,,,
DOM_002047,2023,197,,,,,,,,
DOM_002048,2022,372,,,,,,,,
DOM_002048,2023,384,,,,,,,,
DOM_002049,2022,568,,,,,,,,
DOM_002049,2023,533,,,,,,,,
DOM_002050,2022,111,,,,,,,,
DOM_002050,2023,133,,,,,,,,
DOM_002051,2022,11,,,,,,,,
DOM_002051,2023,10,,,,,,,,
DOM_002052,2022,10,,,,,,,,
DOM_002052,2023,12,,,,,,,,
DOM_002053,2022,62,,,,,,,,
DOM_002053,2023,70,,,,,,,,
DOM_002054,2022,22,,,,,,,,
DOM_002054,2023,19,,,,,,,,
DOM_002055,2022,13,,,,,,,,
DOM_002055,2023,18,,,,,,,,
DOM_002056,2022,11,,,,,,,,
DOM_002056,2023,9,,,,,,,,
DOM_002057,2022,84,,,,,,,,
DOM_002057,2023,80,,,,,,,,
DOM_002058,2022,8,,,,,,,,
DOM_002058,2023,11,,,,,,,,
DOM_002059,2022,10,,,,,,,,
DOM_002059,2023,13,,,,,,,,
DOM_002060,2022,27,,,,,,,,
DOM_002060,2023,26,,,,,,,,
DOM_002061,2022,17,,,,,,,,
DOM_002061,2023,21,,,,,,,,
DOM_002062,2022,272,,,,,,,,
DOM_002062,2023,346,,,,,,,,
DOM_002063,2022,15,,,,,,,,
DOM_002063,2023,25,,,,,,,,
DOM_002064,2022,93,,,,,,,,
DOM_002064,2023,89,,,,,,,,
DOM_002065,2022,99,,,,,,,,
DOM_002065,2023,89,,,,,,,,
DOM_002066,2022,7,,,,,,,,
DOM_002066,2023,6,,,,,,,,
DOM_002067,2022,128,,,,,,,,
DOM_002067,2023,113,,,,,,,,
DOM_002068,2022,4,,,,,,,,
DOM_002068,2023,3,,,,,,,,
DOM_002069,2022,12,,,,,,,,
DOM_002069,2023,8,,,,,,,,
DOM_002070,2022,8,,,,,,,,
DOM_002070,2023,8,,,,,,,,
DOM_002071,2022,3,,,,,,,,
DOM_002071,2023,3,,,,,,,,
DOM_002072,2022,7,,,,,,,,
DOM_002072,2023,6,,,,,,,,
DOM_002073,2022,152,,,,,,,,
DOM_002073,2023,141,,,,,,,,
DOM_002074,2022,24,,,,,,,,
DOM_002074,2023,22,,,,,,,,
DOM_002075,2022,39,,,,,,,,
DOM_002075,2023,40,,,,,,,,
DOM_002076,2022,37,,,,,,,,
DOM_002076,2023,42,,,,,,,,
DOM_002077,2022,44,,,,,,,,
DOM_002077,2023,43,,,,,,,,
DOM_002078,2022,72,,,,,,,,
DOM_002078,2023,88,,,,,,,,
DOM_002079,2022,84,,,,,,,,
DOM_002079,2023,102,,,,,,,,
DOM_002080,2022,44,,,,,,,,
DOM_002080,2023,52,,,,,,,,
DOM_002081,2022,3,,,,,,,,
DOM_002081,2023,10,,,,,,,,
DOM_002082,2022,5,,,,,,,,
DOM_002082,2023,6,,,,,,,,
DOM_002083,2022,51,,,,,,,,
DOM_002083,2023,50,,,,,,,,
DOM_002084,2022,476,,,,,,,,
DOM_002084,2023,514,,,,,,,,
DOM_002085,2022,430,,,,,,,,
DOM_002085,2023,404,,,,,,,,
DOM_002086,2022,5,,,,,,,,
DOM_002086,2023,4,,,,,,,,
DOM_002087,2022,30,,,,,,,,
DOM_002087,2023,27,,,,,,,,
DOM_002088,2022,21,,,,,,,,
DOM_002088,2023,30,,,,,,,,
DOM_002089,2022,8,,,,,,,,
DOM_002089,2023,9,,,,,,,,
DOM_002090,2022,13,,,,,,,,
DOM_002090,2023,17,,,,,,,,
DOM_002091,2022,14,,,,,,,,
DOM_002091,2023,14,,,,,,,,
DOM_002092,2022,317,,,,,,,,
DOM_002092,2023,334,,,,,,,,
DOM_002093,2022,35,,,,,,,,
DOM_002093,2023,31,,,,,,,,
DOM_002094,2022,5,,,,,,,,
DOM_002094,2023,7,,,,,,,,
DOM_002095,2022,56,,,,,,,,
DOM_002095,2023,73,,,,,,,,
DOM_002096,2022,230,,,,,,,,
DOM_002096,2023,238,,,,,,,,
DOM_002097,2022,301,,,,,,,,
DOM_002097,2023,302,,,,,,,,
DOM_002098,2022,146,,,,,,,,
DOM_002098,2023,168,,,,,,,,
DOM_002099,2022,19,,,,,,,,
DOM_002099,2023,36,,,,,,,,
DOM_002100,2022,18,,,,,,,,
DOM_002100,2023,22,,,,,,,,
DOM_002101,2022,67,,,,,,,,
DOM_002101,2023,83,,,,,,,,
DOM_002102,2022,34,,,,,,,,
DOM_002102,2023,30,,,,,,,,
DOM_002103,2022,264,,,,,,,,
DOM_002103,2023,291,,,,,,,,
DOM_002104,2022,35,,,,,,,,
DOM_002104,2023,30,,,,,,,,
DOM_002105,2022,480,,,,,,,,
DOM_002105,2023,513,,,,,,,,
DOM_002106,2022,133,,,,,,,,
DOM_002106,2023,147,,,,,,,,
DOM_002107,2022,316,,,,,,,,
DOM_002107,2023,323,,,,,,,,
DOM_002108,2022,299,,,,,,,,
DOM_002108,2023,313,,,,,,,,
DOM_002109,2022,298,,,,,,,,
DOM_002109,2023,301,,,,,,,,
DOM_002110,2022,191,,,,,,,,
DOM_002110,2023,173,,,,,,,,
DOM_002111,2022,340,,,,,,,,
DOM_002111,2023,347,,,,,,,,
DOM_002112,2022,227,,,,,,,,
DOM_002112,2023,274,,,,,,,,
DOM_002113,2022,216,,,,,,,,
DOM_002113,2023,223,,,,,,,,
DOM_002114,2022,16,,,,,,,,
DOM_002114,2023,19,,,,,,,,
DOM_002115,2022,9,,,,,,,,
DOM_002115,2023,4,,,,,,,,
DOM_002116,2022,22,,,,,,,,
DOM_002116,2023,16,,,,,,,,
DOM_002117,2022,572,,,,,,,,
DOM_002117,2023,580,,,,,,,,
DOM_002118,2022,803,,,,,,,,
DOM_002118,2023,773,,,,,,,,
DOM_002119,2022,401,,,,,,,,
DOM_002119,2023,507,,,,,,,,
DOM_002120,2022,88,,,,,,,,
DOM_002120,2023,82,,,,,,,,
DOM_002121,2022,171,,,,,,,,
DOM_002121,2023,158,,,,,,,,
DOM_002122,2022,11,,,,,,,,
DOM_002122,2023,10,,,,,,,,
DOM_002123,2022,434,,,,,,,,
DOM_002123,2023,476,,,,,,,,
DOM_002124,2022,29,,,,,,,,
DOM_002124,2023,26,,,,,,,,
DOM_002125,2022,9,,,,,,,,
DOM_002125,2023,13,,,,,,,,
DOM_002126,2022,56,,,,,,,,
DOM_002126,2023,62,,,,,,,,
DOM_002127,2022,235,,,,,,,,
DOM_002127,2023,221,,,,,,,,
DOM_002128,2022,37,,,,,,,,
DOM_002128,2023,32,,,,,,,,
DOM_002129,2022,125,,,,,,,,
DOM_002129,2023,116,,,,,,,,
DOM_002130,2022,359,,,,,,,,
DOM_002130,2023,431,,,,,,,,
DOM_002131,2022,906,,,,,,,,
DOM_002131,2023,863,,,,,,,,
DOM_002132,2022,111,,,,,,,,
DOM_002132,2023,107,,,,,,,,
DOM_002133,2022,282,,,,,,,,
DOM_002133,2023,271,,,,,,,,
DOM_002134,2022,634,,,,,,,,
DOM_002134,2023,666,,,,,,,,
DOM_002135,2022,1176,,,,,,,,
DOM_002135,2023,1165,,,,,,,,
DOM_002136,2022,149,,,,,,,,
DOM_002136,2023,169,,,,,,,,
DOM_002137,2022,9,,,,,,,,
DOM_002137,2023,11,,,,,,,,
DOM_002138,2022,155,,,,,,,,
DOM_002138,2023,161,,,,,,,,
DOM_002139,2022,23,,,,,,,,
DOM_002139,2023,20,,,,,,,,
DOM_002140,2022,11,,,,,,,,
DOM_002140,2023,11,,,,,,,,
DOM_002141,2022,7,,,,,,,,
DOM_002141,2023,8,,,,,,,,
DOM_002142,2022,453,,,,,,,,
DOM_002142,2023,498,,,,,,,,
DOM_002143,2022,53,,,,,,,,
DOM_002143,2023,60,,,,,,,,
DOM_002144,2022,363,,,,,,,,
DOM_002144,2023,361,,,,,,,,
DOM_002145,2022,54,,,,,,,,
DOM_002145,2023,68,,,,,,,,
DOM_002146,2022,148,,,,,,,,
DOM_002146,2023,152,,,,,,,,
DOM_002147,2022,53,,,,,,,,
DOM_002147,2023,61,,,,,,,,
DOM_002148,2022,22,,,,,,,,
DOM_002148,2023,21,,,,,,,,
DOM_002149,2022,102,,,,,,,,
DOM_002149,2023,104,,,,,,,,
DOM_002150,2022,124,,,,,,,,
DOM_002150,2023,151,,,,,,,,
DOM_002151,2022,89,,,,,,,,
DOM_002151,2023,79,,,,,,,,
DOM_002152,2022,485,,,,,,,,
DOM_002152,2023,482,,,,,,,,
DOM_002153,2022,320,,,,,,,,
DOM_002153,2023,294,,,,,,,,
DOM_002154,2022,239,,,,,,,,
DOM_002154,2023,252,,,,,,,,
DOM_002155,2022,594,,,,,,,,
DOM_002155,2023,615,,,,,,,,
DOM_002156,2022,64,,,,,,,,
DOM_002156,2023,59,,,,,,,,
DOM_002157,2022,33,,,,,,,,
DOM_002157,2023,25,,,,,,,,
DOM_002158,2022,118,,,,,,,,
DOM_002158,2023,132,,,,,,,,
DOM_002159,2022,307,,,,,,,,
DOM_002159,2023,290,,,,,,,,
DOM_002160,2022,317,,,,,,,,
DOM_002160,2023,314,,,,,,,,
DOM_002161,2022,134,,,,,,,,
DOM_002161,2023,161,,,,,,,,
DOM_002162,2022,107,,,,,,,,
DOM_002162,2023,111,,,,,,,,
DOM_002163,2022,26,,,,,,,,
DOM_002163,2023,29,,,,,,,,
DOM_002164,2022,8,,,,,,,,
DOM_002164,2023,10,,,,,,,,
DOM_002165,2022,3,,,,,,,,
DOM_002165,2023,6,,,,,,,,
DOM_002166,2022,27,,,,,,,,
DOM_002166,2023,30,,,,,,,,
DOM_002167,2022,41,,,,,,,,
DOM_002167,2023,39,,,,,,,,
DOM_002168,2022,197,,,,,,,,
DOM_002168,2023,200,,,,,,,,
DOM_002169,2022,65,,,,,,,,
DOM_002169,2023,74,,,,,,,,
DOM_002170,2022,97,,,,,,,,
DOM_002170,2023,101,,,,,,,,
DOM_002171,2022,24,,,,,,,,
DOM_002171,2023,15,,,,,,,,
DOM_002172,2022,44,,,,,,,,
DOM_002172,2023,50,,,,,,,,
DOM_002173,2022,116,,,,,,,,
DOM_002173,2023,109,,,,,,,,
DOM_002174,2022,4,,,,,,,,
DOM_002174,2023,3,,,,,,,,
DOM_002175,2022,114,,,,,,,,
DOM_002175,2023,138,,,,,,,,
DOM_002176,2022,16,,,,,,,,
DOM_002176,2023,15,,,,,,,,
DOM_002177,2022,25,,,,,,,,
DOM_002177,2023,27,,,,,,,,
DOM_002178,2022,18,,,,,,,,
DOM_002178,2023,16,,,,,,,,
DOM_002179,2022,29,,,,,,,,
DOM_002179,2023,29,,,,,,,,
DOM_002180,2022,8,,,,,,,,
DOM_002180,2023,12,,,,,,,,
DOM_002181,2022,35,,,,,,,,
DOM_002181,2023,31,,,,,,,,
DOM_002182,2022,204,,,,,,,,
DOM_002182,2023,233,,,,,,,,
DOM_002183,2022,254,,,,,,,,
DOM_002183,2023,315,,,,,,,,
DOM_002184,2022,158,,,,,,,,
DOM_002184,2023,156,,,,,,,,
DOM_002185,2022,107,,,,,,,,
DOM_002185,2023,99,,,,,,,,
DOM_002186,2022,8,,,,,,,,
DOM_002186,2023,12,,,,,,,,
DOM_002187,2022,73,,,,,,,,
DOM_002187,2023,74,,,,,,,,
DOM_002188,2022,8,,,,,,,,
DOM_002188,2023,7,,,,,,,,
DOM_002189,2022,6,,,,,,,,
DOM_002189,2023,5,,,,,,,,
DOM_002190,2022,26,,,,,,,,
DOM_002190,2023,27,,,,,,,,
DOM_002191,2022,8,,,,,,,,
DOM_002191,2023,8,,,,,,,,
DOM_002192,2022,17,,,,,,,,
DOM_002192,2023,18,,,,,,,,
DOM_002193,2022,38,,,,,,,,
DOM_002193,2023,39,,,,,,,,
DOM_002194,2022,41,,,,,,,,
DOM_002194,2023,56,,,,,,,,
DOM_002195,2022,38,,,,,,,,
DOM_002195,2023,40,,,,,,,,
DOM_002196,2022,21,,,,,,,,
DOM_002196,2023,23,,,,,,,,
DOM_002197,2022,23,,,,,,,,
DOM_002197,2023,22,,,,,,,,
DOM_002198,2022,100,,,,,,,,
DOM_002198,2023,97,,,,,,,,
DOM_002199,2022,13,,,,,,,,
DOM_002199,2023,8,,,,,,,,
DOM_002200,2022,7,,,,,,,,
DOM_002200,2023,7,,,,,,,,
DOM_002201,2022,81,,,,,,,,
DOM_002201,2023,104,,,,,,,,
DOM_002202,2022,16,,,,,,,,
DOM_002202,2023,15,,,,,,,,
DOM_002203,2022,130,,,,,,,,
DOM_002203,2023,130,,,,,,,,
DOM_002204,2022,22,,,,,,,,
DOM_002204,2023,18,,,,,,,,
DOM_002205,2022,19,,,,,,,,
DOM_002205,2023,20,,,,,,,,
DOM_002206,2022,6,,,,,,,,
DOM_002206,2023,6,,,,,,,,
DOM_002207,2022,10,,,,,,,,
DOM_002207,2023,9,,,,,,,,
DOM_002208,2022,20,,,,,,,,
DOM_002208,2023,17,,,,,,,,
DOM_002209,2022,12,,,,,,,,
DOM_002209,2023,14,,,,,,,,
DOM_002210,2022,21,,,,,,,,
DOM_002210,2023,24,,,,,,,,
DOM_002211,2022,17,,,,,,,,
DOM_002211,2023,18,,,,,,,,
DOM_002212,2022,45,,,,,,,,
DOM_002212,2023,37,,,,,,,,
DOM_002213,2022,38,,,,,,,,
DOM_002213,2023,26,,,,,,,,
DOM_002214,2022,16,,,,,,,,
DOM_002214,2023,12,,,,,,,,
DOM_002215,2022,158,,,,,,,,
DOM_002215,2023,175,,,,,,,,
DOM_002216,2022,11,,,,,,,,
DOM_002216,2023,10,,,,,,,,
DOM_002217,2022,42,,,,,,,,
DOM_002217,2023,43,,,,,,,,
DOM_002218,2022,87,,,,,,,,
DOM_002218,2023,89,,,,,,,,
DOM_002219,2022,94,,,,,,,,
DOM_002219,2023,103,,,,,,,,
DOM_002220,2022,13,,,,,,,,
DOM_002220,2023,11,,,,,,,,
DOM_002221,2022,26,,,,,,,,
DOM_002221,2023,35,,,,,,,,
DOM_002222,2022,13,,,,,,,,
DOM_002222,2023,21,,,,,,,,
DOM_002223,2022,377,,,,,,,,
DOM_002223,2023,384,,,,,,,,
DOM_002224,2022,125,,,,,,,,
DOM_002224,2023,141,,,,,,,,
DOM_002225,2022,7,,,,,,,,
DOM_002225,2023,6,,,,,,,,
DOM_002226,2022,2,,,,,,,,
DOM_002226,2023,10,,,,,,,,
DOM_002227,2022,22,,,,,,,,
DOM_002227,2023,37,,,,,,,,
DOM_002228,2022,18,,,,,,,,
DOM_002228,2023,25,,,,,,,,
DOM_002229,2022,100,,,,,,,,
DOM_002229,2023,96,,,,,,,,
DOM_002230,2022,29,,,,,,,,
DOM_002230,2023,24,,,,,,,,
DOM_002231,2022,50,,,,,,,,
DOM_002231,2023,46,,,,,,,,
DOM_002232,2022,625,,,,,,,,
DOM_002232,2023,647,,,,,,,,
DOM_002233,2022,411,,,,,,,,
DOM_002233,2023,496,,,,,,,,
DOM_002234,2022,57,,,,,,,,
DOM_002234,2023,67,,,,,,,,
DOM_002235,2022,30,,,,,,,,
DOM_002235,2023,38,,,,,,,,
DOM_002236,2022,77,,,,,,,,
DOM_002236,2023,83,,,,,,,,
DOM_002237,2022,26,,,,,,,,
DOM_002237,2023,21,,,,,,,,
DOM_002238,2022,58,,,,,,,,
DOM_002238,2023,57,,,,,,,,
DOM_002239,2022,21,,,,,,,,
DOM_002239,2023,24,,,,,,,,
DOM_002240,2022,33,,,,,,,,
DOM_002240,2023,42,,,,,,,,
DOM_002241,2022,141,,,,,,,,
DOM_002241,2023,137,,,,,,,,
DOM_002242,2022,37,,,,,,,,
DOM_002242,2023,42,,,,,,,,
DOM_002243,2022,25,,,,,,,,
DOM_002243,2023,27,,,,,,,,
DOM_002244,2022,47,,,,,,,,
DOM_002244,2023,45,,,,,,,,
DOM_002245,2022,429,,,,,,,,
DOM_002245,2023,473,,,,,,,,
DOM_002246,2022,116,,,,,,,,
DOM_002246,2023,130,,,,,,,,
DOM_002247,2022,259,,,,,,,,
DOM_002247,2023,227,,,,,,,,
DOM_002248,2022,111,,,,,,,,
DOM_002248,2023,142,,,,,,,,
DOM_002249,2022,36,,,,,,,,
DOM_002249,2023,30,,,,,,,,
DOM_002250,2022,15,,,,,,,,
DOM_002250,2023,14,,,,,,,,
DOM_002251,2022,117,,,,,,,,
DOM_002251,2023,133,,,,,,,,
DOM_002252,2022,245,,,,,,,,
DOM_002252,2023,237,,,,,,,,
DOM_002253,2022,451,,,,,,,,
DOM_002253,2023,453,,,,,,,,
DOM_002254,2022,31,,,,,,,,
DOM_002254,2023,30,,,,,,,,
DOM_002255,2022,11,,,,,,,,
DOM_002255,2023,15,,,,,,,,
DOM_002256,2022,17,,,,,,,,
DOM_002256,2023,36,,,,,,,,
DOM_002257,2022,17,,,,,,,,
DOM_002257,2023,20,,,,,,,,
DOM_002258,2022,97,,,,,,,,
DOM_002258,2023,118,,,,,,,,
DOM_002259,2022,20,,,,,,,,
DOM_002259,2023,17,,,,,,,,
DOM_002260,2022,21,,,,,,,,
DOM_002260,2023,24,,,,,,,,
DOM_002261,2022,282,,,,,,,,
DOM_002261,2023,260,,,,,,,,
DOM_002262,2022,46,,,,,,,,
DOM_002262,2023,52,,,,,,,,
DOM_002263,2022,81,,,,,,,,
DOM_002263,2023,89,,,,,,,,
DOM_002264,2022,34,,,,,,,,
DOM_002264,2023,34,,,,,,,,
DOM_002265,2022,18,,,,,,,,
DOM_002265,2023,21,,,,,,,,
DOM_002266,2022,240,,,,,,,,
DOM_002266,2023,227,,,,,,,,
DOM_002267,2022,19,,,,,,,,
DOM_002267,2023,29,,,,,,,,
DOM_002268,2022,37,,,,,,,,
DOM_002268,2023,36,,,,,,,,
DOM_002269,2022,22,,,,,,,,
DOM_002269,2023,26,,,,,,,,
DOM_002270,2022,421,,,,,,,,
DOM_002270,2023,415,,,,,,,,
DOM_002271,2022,31,,,,,,,,
DOM_002271,2023,31,,,,,,,,
DOM_002272,2022,90,,,,,,,,
DOM_002272,2023,80,,,,,,,,
DOM_002273,2022,43,,,,,,,,
DOM_002273,2023,42,,,,,,,,
DOM_002274,2022,14,,,,,,,,
DOM_002274,2023,9,,,,,,,,
DOM_002275,2022,9,,,,,,,,
DOM_002275,2023,6,,,,,,,,
DOM_002276,2022,60,,,,,,,,
DOM_002276,2023,54,,,,,,,,
DOM_002277,2022,119,,,,,,,,
DOM_002277,2023,131,,,,,,,,
DOM_002278,2022,88,,,,,,,,
DOM_002278,2023,75,,,,,,,,
DOM_002279,2022,24,,,,,,,,
DOM_002279,2023,19,,,,,,,,
DOM_002280,2022,99,,,,,,,,
DOM_002280,2023,107,,,,,,,,
DOM_002281,2022,9,,,,,,,,
DOM_002281,2023,10,,,,,,,,
DOM_002282,2022,53,,,,,,,,
DOM_002282,2023,64,,,,,,,,
DOM_002283,2022,31,,,,,,,,
DOM_002283,2023,55,,,,,,,,
DOM_002284,2022,56,,,,,,,,
DOM_002284,2023,44,,,,,,,,
DOM_002285,2022,8,,,,,,,,
DOM_002285,2023,10,,,,,,,,
DOM_002286,2022,21,,,,,,,,
DOM_002286,2023,24,,,,,,,,
DOM_002287,2022,45,,,,,,,,
DOM_002287,2023,47,,,,,,,,
DOM_002288,2022,34,,,,,,,,
DOM_002288,2023,33,,,,,,,,
DOM_002289,2022,101,,,,,,,,
DOM_002289,2023,113,,,,,,,,
DOM_002290,2022,11,,,,,,,,
DOM_002290,2023,10,,,,,,,,
DOM_002291,2022,4,,,,,,,,
DOM_002291,2023,5,,,,,,,,
DOM_002292,2022,23,,,,,,,,
DOM_002292,2023,24,,,,,,,,
DOM_002293,2022,106,,,,,,,,
DOM_002293,2023,121,,,,,,,,
DOM_002294,2022,21,,,,,,,,
DOM_002294,2023,9,,,,,,,,
DOM_002295,2022,183,,,,,,,,
DOM_002295,2023,219,,,,,,,,
DOM_002296,2022,38,,,,,,,,
DOM_002296,2023,40,,,,,,,,
DOM_002297,2022,637,,,,,,,,
DOM_002297,2023,734,,,,,,,,
DOM_002298,2022,18,,,,,,,,
DOM_002298,2023,21,,,,,,,,
DOM_002299,2022,42,,,,,,,,
DOM_002299,2023,40,,,,,,,,
DOM_002300,2022,3,,,,,,,,
DOM_002300,2023,3,,,,,,,,
DOM_002301,2022,174,,,,,,,,
DOM_002301,2023,325,,,,,,,,
DOM_002302,2022,469,,,,,,,,
DOM_002302,2023,499,,,,,,,,
DOM_002303,2022,10,,,,,,,,
DOM_002303,2023,10,,,,,,,,
DOM_002304,2022,488,,,,,,,,
DOM_002304,2023,494,,,,,,,,
DOM_002305,2022,582,,,,,,,,
DOM_002305,2023,575,,,,,,,,
DOM_002306,2022,265,,,,,,,,
DOM_002306,2023,269,,,,,,,,
DOM_002307,2022,186,,,,,,,,
DOM_002307,2023,262,,,,,,,,
DOM_002308,2022,86,,,,,,,,
DOM_002308,2023,78,,,,,,,,
DOM_002309,2022,449,,,,,,,,
DOM_002309,2023,478,,,,,,,,
DOM_002310,2022,160,,,,,,,,
DOM_002310,2023,175,,,,,,,,
DOM_002311,2022,550,,,,,,,,
DOM_002311,2023,570,,,,,,,,
DOM_002312,2022,402,,,,,,,,
DOM_002312,2023,402,,,,,,,,
DOM_002313,2022,159,,,,,,,,
DOM_002313,2023,194,,,,,,,,
DOM_002314,2022,11,,,,,,,,
DOM_002314,2023,11,,,,,,,,
DOM_002315,2022,168,,,,,,,,
DOM_002315,2023,185,,,,,,,,
DOM_002316,2022,49,,,,,,,,
DOM_002316,2023,35,,,,,,,,
DOM_002317,2022,25,,,,,,,,
DOM_002317,2023,20,,,,,,,,
DOM_002318,2022,46,,,,,,,,
DOM_002318,2023,55,,,,,,,,
DOM_002319,2022,146,,,,,,,,
DOM_002319,2023,164,,,,,,,,
DOM_002320,2022,37,,,,,,,,
DOM_002320,2023,34,,,,,,,,
DOM_002321,2022,20,,,,,,,,
DOM_002321,2023,13,,,,,,,,
DOM_002322,2022,167,,,,,,,,
DOM_002322,2023,181,,,,,,,,
DOM_002323,2022,19,,,,,,,,
DOM_002323,2023,18,,,,,,,,
DOM_002324,2022,245,,,,,,,,
DOM_002324,2023,243,,,,,,,,
DOM_002325,2022,7,,,,,,,,
DOM_002325,2023,11,,,,,,,,
DOM_002326,2022,31,,,,,,,,
DOM_002326,2023,31,,,,,,,,
DOM_002327,2022,83,,,,,,,,
DOM_002327,2023,96,,,,,,,,
DOM_002328,2022,51,,,,,,,,
DOM_002328,2023,56,,,,,,,,
DOM_002329,2022,141,,,,,,,,
DOM_002329,2023,158,,,,,,,,
DOM_002330,2022,49,,,,,,,,
DOM_002330,2023,62,,,,,,,,
DOM_002331,2022,26,,,,,,,,
DOM_002331,2023,22,,,,,,,,
DOM_002332,2022,18,,,,,,,,
DOM_002332,2023,15,,,,,,,,
DOM_002333,2022,57,,,,,,,,
DOM_002333,2023,51,,,,,,,,
DOM_002334,2022,67,,,,,,,,
DOM_002334,2023,77,,,,,,,,
DOM_002335,2022,181,,,,,,,,
DOM_002335,2023,178,,,,,,,,
DOM_002336,2022,47,,,,,,,,
DOM_002336,2023,52,,,,,,,,
DOM_002337,2022,6,,,,,,,,
DOM_002337,2023,9,,,,,,,,
DOM_002338,2022,36,,,,,,,,
DOM_002338,2023,30,,,,,,,,
DOM_002339,2022,594,,,,,,,,
DOM_002339,2023,612,,,,,,,,
DOM_002340,2022,19,,,,,,,,
DOM_002340,2023,13,,,,,,,,
DOM_002341,2022,21,,,,,,,,
DOM_002341,2023,20,,,,,,,,
DOM_002342,2022,14,,,,,,,,
DOM_002342,2023,21,,,,,,,,
DOM_002343,2022,55,,,,,,,,
DOM_002343,2023,51,,,,,,,,
DOM_002344,2022,13,,,,,,,,
DOM_002344,2023,12,,,,,,,,
DOM_002345,2022,48,,,,,,,,
DOM_002345,2023,50,,,,,,,,
DOM_002346,2022,296,,,,,,,,
DOM_002346,2023,296,,,,,,,,
DOM_002347,2022,137,,,,,,,,
DOM_002347,2023,153,,,,,,,,
DOM_002348,2022,57,,,,,,,,
DOM_002348,2023,71,,,,,,,,
DOM_002349,2022,105,,,,,,,,
DOM_002349,2023,104,,,,,,,,
DOM_002350,2022,41,,,,,,,,
DOM_002350,2023,51,,,,,,,,
DOM_002351,2022,17,,,,,,,,
DOM_002351,2023,20,,,,,,,,
DOM_002352,2022,133,,,,,,,,
DOM_002352,2023,129,,,,,,,,
DOM_002353,2022,38,,,,,,,,
DOM_002353,2023,42,,,,,,,,
DOM_002354,2022,23,,,,,,,,
DOM_002354,2023,20,,,,,,,,
DOM_002355,2022,59,,,,,,,,
DOM_002355,2023,75,,,,,,,,
DOM_002356,2022,489,,,,,,,,
DOM_002356,2023,485,,,,,,,,
DOM_002357,2022,47,,,,,,,,
DOM_002357,2023,63,,,,,,,,
DOM_002358,2022,120,,,,,,,,
DOM_002358,2023,125,,,,,,,,
DOM_002359,2022,61,,,,,,,,
DOM_002359,2023,63,,,,,,,,
DOM_002360,2022,745,,,,,,,,
DOM_002360,2023,769,,,,,,,,
DOM_002361,2022,298,,,,,,,,
DOM_002361,2023,315,,,,,,,,
DOM_002362,2022,594,,,,,,,,
DOM_002362,2023,610,,,,,,,,
DOM_002363,2022,31,,,,,,,,
DOM_002363,2023,31,,,,,,,,
DOM_002364,2022,312,,,,,,,,
DOM_002364,2023,297,,,,,,,,
DOM_002365,2022,291,,,,,,,,
DOM_002365,2023,321,,,,,,,,
DOM_002366,2022,369,,,,,,,,
DOM_002366,2023,348,,,,,,,,
DOM_002367,2022,121,,,,,,,,
DOM_002367,2023,119,,,,,,,,
DOM_002368,2022,29,,,,,,,,
DOM_002368,2023,31,,,,,,,,
DOM_002369,2022,9,,,,,,,,
DOM_002369,2023,23,,,,,,,,
DOM_002370,2022,16,,,,,,,,
DOM_002370,2023,17,,,,,,,,
DOM_002371,2022,9,,,,,,,,
DOM_002371,2023,8,,,,,,,,
DOM_002372,2022,54,,,,,,,,
DOM_002372,2023,66,,,,,,,,
DOM_002373,2022,46,,,,,,,,
DOM_002373,2023,45,,,,,,,,
DOM_002374,2022,24,,,,,,,,
DOM_002374,2023,27,,,,,,,,
DOM_002375,2022,11,,,,,,,,
DOM_002375,2023,9,,,,,,,,
DOM_002376,2022,51,,,,,,,,
DOM_002376,2023,34,,,,,,,,
DOM_002377,2022,41,,,,,,,,
DOM_002377,2023,45,,,,,,,,
DOM_002378,2022,96,,,,,,,,
DOM_002378,2023,109,,,,,,,,
DOM_002379,2022,149,,,,,,,,
DOM_002379,2023,136,,,,,,,,
DOM_002380,2022,78,,,,,,,,
DOM_002380,2023,87,,,,,,,,
DOM_002381,2022,64,,,,,,,,
DOM_002381,2023,72,,,,,,,,
DOM_002382,2022,141,,,,,,,,
DOM_002382,2023,144,,,,,,,,
DOM_002383,2022,331,,,,,,,,
DOM_002383,2023,380,,,,,,,,
DOM_002384,2022,39,,,,,,,,
DOM_002384,2023,34,,,,,,,,
DOM_002385,2022,16,,,,,,,,
DOM_002385,2023,15,,,,,,,,
DOM_002386,2022,137,,,,,,,,
DOM_002386,2023,139,,,,,,,,
DOM_002387,2022,9,,,,,,,,
DOM_002387,2023,7,,,,,,,,
DOM_002388,2022,306,,,,,,,,
DOM_002388,2023,316,,,,,,,,
DOM_002389,2022,14,,,,,,,,
DOM_002389,2023,19,,,,,,,,
DOM_002390,2022,52,,,,,,,,
DOM_002390,2023,68,,,,,,,,
DOM_002391,2022,102,,,,,,,,
DOM_002391,2023,87,,,,,,,,
DOM_002392,2022,30,,,,,,,,
DOM_002392,2023,24,,,,,,,,
DOM_002393,2022,78,,,,,,,,
DOM_002393,2023,77,,,,,,,,
DOM_002394,2022,19,,,,,,,,
DOM_002394,2023,24,,,,,,,,
DOM_002395,2022,33,,,,,,,,
DOM_002395,2023,38,,,,,,,,
DOM_002396,2022,56,,,,,,,,
DOM_002396,2023,66,,,,,,,,
DOM_002397,2022,74,,,,,,,,
DOM_002397,2023,67,,,,,,,,
DOM_002398,2022,96,,,,,,,,
DOM_002398,2023,111,,,,,,,,
DOM_002399,2022,138,,,,,,,,
DOM_002399,2023,167,,,,,,,,
DOM_002400,2022,47,,,,,,,,
DOM_002400,2023,46,,,,,,,,
DOM_002401,2022,105,,,,,,,,
DOM_002401,2023,112,,,,,,,,
DOM_002402,2022,513,,,,,,,,
DOM_002402,2023,535,,,,,,,,
DOM_002403,2022,3,,,,,,,,
DOM_002403,2023,3,,,,,,,,
DOM_002404,2022,43,,,,,,,,
DOM_002404,2023,34,,,,,,,,
DOM_002405,2022,10,,,,,,,,
DOM_002405,2023,13,,,,,,,,
DOM_002406,2022,3,,,,,,,,
DOM_002406,2023,4,,,,,,,,
DOM_002407,2022,64,,,,,,,,
DOM_002407,2023,66,,,,,,,,
DOM_002408,2022,149,,,,,,,,
DOM_002408,2023,169,,,,,,,,
DOM_002409,2022,67,,,,,,,,
DOM_002409,2023,67,,,,,,,,
DOM_002410,2022,82,,,,,,,,
DOM_002410,2023,85,,,,,,,,
DOM_002411,2022,38,,,,,,,,
DOM_002411,2023,33,,,,,,,,
DOM_002412,2022,8,,,,,,,,
DOM_002412,2023,11,,,,,,,,
DOM_002413,2022,80,,,,,,,,
DOM_002413,2023,90,,,,,,,,
DOM_002414,2022,7,,,,,,,,
DOM_002414,2023,4,,,,,,,,
DOM_002415,2022,59,,,,,,,,
DOM_002415,2023,49,,,,,,,,
DOM_002416,2022,21,,,,,,,,
DOM_002416,2023,23,,,,,,,,
DOM_002417,2022,46,,,,,,,,
DOM_002417,2023,46,,,,,,,,
DOM_002418,2022,204,,,,,,,,
DOM_002418,2023,211,,,,,,,,
DOM_002419,2022,11,,,,,,,,
DOM_002419,2023,10,,,,,,,,
DOM_002420,2022,189,,,,,,,,
DOM_002420,2023,178,,,,,,,,
DOM_002421,2022,75,,,,,,,,
DOM_002421,2023,78,,,,,,,,
DOM_002422,2022,63,,,,,,,,
DOM_002422,2023,66,,,,,,,,
DOM_002423,2022,102,,,,,,,,
DOM_002423,2023,91,,,,,,,,
DOM_002424,2022,38,,,,,,,,
DOM_002424,2023,32,,,,,,,,
DOM_002425,2022,60,,,,,,,,
DOM_002425,2023,53,,,,,,,,
DOM_002426,2022,568,,,,,,,,
DOM_002426,2023,559,,,,,,,,
DOM_002427,2022,43,,,,,,,,
DOM_002427,2023,49,,,,,,,,
DOM_002428,2022,85,,,,,,,,
DOM_002428,2023,106,,,,,,,,
DOM_002429,2022,56,,,,,,,,
DOM_002429,2023,67,,,,,,,,
DOM_002430,2022,45,,,,,,,,
DOM_002430,2023,49,,,,,,,,
DOM_002431,2022,91,,,,,,,,
DOM_002431,2023,92,,,,,,,,
DOM_002432,2022,199,,,,,,,,
DOM_002432,2023,214,,,,,,,,
DOM_002433,2022,47,,,,,,,,
DOM_002433,2023,48,,,,,,,,
DOM_002434,2022,55,,,,,,,,
DOM_002434,2023,55,,,,,,,,
DOM_002435,2022,113,,,,,,,,
DOM_002435,2023,120,,,,,,,,
DOM_002436,2022,97,,,,,,,,
DOM_002436,2023,114,,,,,,,,
DOM_002437,2022,81,,,,,,,,
DOM_002437,2023,78,,,,,,,,
DOM_002438,2022,88,,,,,,,,
DOM_002438,2023,98,,,,,,,,
DOM_002439,2022,98,,,,,,,,
DOM_002439,2023,102,,,,,,,,
DOM_002440,2022,90,,,,,,,,
DOM_002440,2023,119,,,,,,,,
DOM_002441,2022,76,,,,,,,,
DOM_002441,2023,77,,,,,,,,
DOM_002442,2022,65,,,,,,,,
DOM_002442,2023,66,,,,,,,,
DOM_002443,2022,182,,,,,,,,
DOM_002443,2023,213,,,,,,,,
DOM_002444,2022,64,,,,,,,,
DOM_002444,2023,53,,,,,,,,
DOM_002445,2022,79,,,,,,,,
DOM_002445,2023,92,,,,,,,,
DOM_002446,2022,167,,,,,,,,
DOM_002446,2023,177,,,,,,,,
DOM_002447,2022,117,,,,,,,,
DOM_002447,2023,117,,,,,,,,
DOM_002448,2022,22,,,,,,,,
DOM_002448,2023,17,,,,,,,,
DOM_002449,2022,108,,,,,,,,
DOM_002449,2023,103,,,,,,,,
DOM_002450,2022,84,,,,,,,,
DOM_002450,2023,94,,,,,,,,
DOM_002451,2022,188,,,,,,,,
DOM_002451,2023,185,,,,,,,,
DOM_002452,2022,76,,,,,,,,
DOM_002452,2023,73,,,,,,,,
DOM_002453,2022,96,,,,,,,,
DOM_002453,2023,109,,,,,,,,
DOM_002454,2022,67,,,,,,,,
DOM_002454,2023,66,,,,,,,,
DOM_002455,2022,1268,,,,,,,,
DOM_002455,2023,1179,,,,,,,,
DOM_002456,2022,651,,,,,,,,
DOM_002456,2023,668,,,,,,,,
DOM_002457,2022,10,,,,,,,,
DOM_002457,2023,17,,,,,,,,
DOM_002458,2022,16,,,,,,,,
DOM_002458,2023,20,,,,,,,,
DOM_002459,2022,16,,,,,,,,
DOM_002459,2023,18,,,,,,,,
DOM_002460,2022,92,,,,,,,,
DOM_002460,2023,108,,,,,,,,
DOM_002461,2022,324,,,,,,,,
DOM_002461,2023,317,,,,,,,,
DOM_002462,2022,84,,,,,,,,
DOM_002462,2023,90,,,,,,,,
DOM_002463,2022,297,,,,,,,,
DOM_002463,2023,293,,,,,,,,
DOM_002464,2022,13,,,,,,,,
DOM_002464,2023,18,,,,,,,,
DOM_002465,2022,227,,,,,,,,
DOM_002465,2023,228,,,,,,,,
DOM_002466,2022,258,,,,,,,,
DOM_002466,2023,264,,,,,,,,
DOM_002467,2022,111,,,,,,,,
DOM_002467,2023,109,,,,,,,,
DOM_002468,2022,140,,,,,,,,
DOM_002468,2023,159,,,,,,,,
DOM_002469,2022,85,,,,,,,,
DOM_002469,2023,89,,,,,,,,
DOM_002470,2022,62,,,,,,,,
DOM_002470,2023,60,,,,,,,,
DOM_002471,2022,110,,,,,,,,
DOM_002471,2023,112,,,,,,,,
DOM_002472,2022,475,,,,,,,,
DOM_002472,2023,506,,,,,,,,
DOM_002473,2022,42,,,,,,,,
DOM_002473,2023,34,,,,,,,,
DOM_002474,2022,82,,,,,,,,
DOM_002474,2023,73,,,,,,,,
DOM_002475,2022,19,,,,,,,,
DOM_002475,2023,25,,,,,,,,
DOM_002476,2022,5,,,,,,,,
DOM_002476,2023,7,,,,,,,,
DOM_002477,2022,363,,,,,,,,
DOM_002477,2023,362,,,,,,,,
DOM_002478,2022,116,,,,,,,,
DOM_002478,2023,125,,,,,,,,
DOM_002479,2022,47,,,,,,,,
DOM_002479,2023,48,,,,,,,,
DOM_002480,2022,40,,,,,,,,
DOM_002480,2023,50,,,,,,,,
DOM_002481,2022,11,,,,,,,,
DOM_002481,2023,12,,,,,,,,
DOM_002482,2022,395,,,,,,,,
DOM_002482,2023,421,,,,,,,,
DOM_002483,2022,106,,,,,,,,
DOM_002483,2023,118,,,,,,,,
DOM_002484,2022,25,,,,,,,,
DOM_002484,2023,26,,,,,,,,
DOM_002485,2022,116,,,,,,,,
DOM_002485,2023,140,,,,,,,,
DOM_002486,2022,78,,,,,,,,
DOM_002486,2023,93,,,,,,,,
DOM_002487,2022,31,,,,,,,,
DOM_002487,2023,23,,,,,,,,
DOM_002488,2022,126,,,,,,,,
DOM_002488,2023,139,,,,,,,,
DOM_002489,2022,107,,,,,,,,
DOM_002489,2023,107,,,,,,,,
DOM_002490,2022,99,,,,,,,,
DOM_002490,2023,108,,,,,,,,
DOM_002491,2022,37,,,,,,,,
DOM_002491,2023,36,,,,,,,,
DOM_002492,2022,120,,,,,,,,
DOM_002492,2023,124,,,,,,,,
DOM_002493,2022,74,,,,,,,,
DOM_002493,2023,102,,,,,,,,
DOM_002494,2022,74,,,,,,,,
DOM_002494,2023,78,,,,,,,,
DOM_002495,2022,150,,,,,,,,
DOM_002495,2023,161,,,,,,,,
DOM_002496,2022,51,,,,,,,,
DOM_002496,2023,76,,,,,,,,
DOM_002497,2022,223,,,,,,,,
DOM_002497,2023,213,,,,,,,,
DOM_002498,2022,63,,,,,,,,
DOM_002498,2023,49,,,,,,,,
DOM_002499,2022,713,,,,,,,,
DOM_002499,2023,365,,,,,,,,
DOM_002500,2022,27,,,,,,,,
DOM_002500,2023,31,,,,,,,,
DOM_002501,2022,18,,,,,,,,
DOM_002501,2023,19,,,,,,,,
DOM_002502,2022,123,,,,,,,,
DOM_002502,2023,121,,,,,,,,
DOM_002503,2022,89,,,,,,,,
DOM_002503,2023,107,,,,,,,,
DOM_002504,2022,848,,,,,,,,
DOM_002504,2023,742,,,,,,,,
DOM_002505,2022,134,,,,,,,,
DOM_002505,2023,145,,,,,,,,
DOM_002506,2022,44,,,,,,,,
DOM_002506,2023,54,,,,,,,,
DOM_002507,2022,125,,,,,,,,
DOM_002507,2023,129,,,,,,,,
DOM_002508,2022,236,,,,,,,,
DOM_002508,2023,245,,,,,,,,
DOM_002509,2022,84,,,,,,,,
DOM_002509,2023,92,,,,,,,,
DOM_002510,2022,48,,,,,,,,
DOM_002510,2023,58,,,,,,,,
DOM_002511,2022,229,,,,,,,,
DOM_002511,2023,247,,,,,,,,
DOM_002512,2022,54,,,,,,,,
DOM_002512,2023,54,,,,,,,,
DOM_002513,2022,51,,,,,,,,
DOM_002513,2023,73,,,,,,,,
DOM_002514,2022,218,,,,,,,,
DOM_002514,2023,211,,,,,,,,
DOM_002515,2022,185,,,,,,,,
DOM_002515,2023,185,,,,,,,,
DOM_002516,2022,6,,,,,,,,
DOM_002516,2023,3,,,,,,,,
DOM_002517,2022,336,,,,,,,,
DOM_002517,2023,358,,,,,,,,
DOM_002518,2022,833,,,,,,,,
DOM_002518,2023,802,,,,,,,,
DOM_002519,2022,321,,,,,,,,
DOM_002519,2023,326,,,,,,,,
DOM_002520,2022,86,,,,,,,,
DOM_002520,2023,111,,,,,,,,
DOM_002521,2022,27,,,,,,,,
DOM_002521,2023,26,,,,,,,,
DOM_002522,2022,80,,,,,,,,
DOM_002522,2023,90,,,,,,,,
DOM_002523,2022,236,,,,,,,,
DOM_002523,2023,252,,,,,,,,
DOM_002524,2022,79,,,,,,,,
DOM_002524,2023,95,,,,,,,,
DOM_002525,2022,145,,,,,,,,
DOM_002525,2023,139,,,,,,,,
DOM_002526,2022,203,,,,,,,,
DOM_002526,2023,227,,,,,,,,
DOM_002527,2022,74,,,,,,,,
DOM_002527,2023,74,,,,,,,,
DOM_002528,2022,25,,,,,,,,
DOM_002528,2023,26,,,,,,,,
DOM_002529,2022,13,,,,,,,,
DOM_002529,2023,26,,,,,,,,
DOM_002530,2022,112,,,,,,,,
DOM_002530,2023,111,,,,,,,,
DOM_002531,2022,233,,,,,,,,
DOM_002531,2023,237,,,,,,,,
DOM_002532,2022,32,,,,,,,,
DOM_002532,2023,32,,,,,,,,
DOM_002533,2022,151,,,,,,,,
DOM_002533,2023,162,,,,,,,,
DOM_002534,2022,145,,,,,,,,
DOM_002534,2023,153,,,,,,,,
DOM_002535,2022,61,,,,,,,,
DOM_002535,2023,58,,,,,,,,
DOM_002536,2022,969,,,,,,,,
DOM_002536,2023,959,,,,,,,,
DOM_002537,2022,307,,,,,,,,
DOM_002537,2023,287,,,,,,,,
DOM_002538,2022,779,,,,,,,,
DOM_002538,2023,760,,,,,,,,
DOM_002539,2022,228,,,,,,,,
DOM_002539,2023,238,,,,,,,,
DOM_002540,2022,458,,,,,,,,
DOM_002540,2023,470,,,,,,,,
DOM_002541,2022,868,,,,,,,,
DOM_002541,2023,882,,,,,,,,
DOM_002542,2022,1172,,,,,,,,
DOM_002542,2023,1242,,,,,,,,
DOM_002543,2022,539,,,,,,,,
DOM_002543,2023,511,,,,,,,,
DOM_002544,2022,704,,,,,,,,
DOM_002544,2023,662,,,,,,,,
DOM_002545,2022,176,,,,,,,,
DOM_002545,2023,174,,,,,,,,
DOM_002546,2022,615,,,,,,,,
DOM_002546,2023,596,,,,,,,,
DOM_002547,2022,572,,,,,,,,
DOM_002547,2023,607,,,,,,,,
DOM_002548,2022,606,,,,,,,,
DOM_002548,2023,632,,,,,,,,
DOM_002549,2022,1317,,,,,,,,
DOM_002549,2023,1332,,,,,,,,
DOM_002550,2022,168,,,,,,,,
DOM_002551,2022,170,,,,,,,,
DOM_002551,2023,234,,,,,,,,
DOM_002552,2022,215,,,,,,,,
DOM_002552,2023,227,,,,,,,,
DOM_002553,2022,258,,,,,,,,
DOM_002553,2023,246,,,,,,,,
DOM_002554,2022,44,,,,,,,,
DOM_002554,2023,42,,,,,,,,
DOM_002555,2022,360,,,,,,,,
DOM_002555,2023,352,,,,,,,,
DOM_002556,2022,27,,,,,,,,
DOM_002556,2023,31,,,,,,,,
DOM_002557,2022,146,,,,,,,,
DOM_002557,2023,132,,,,,,,,
DOM_002558,2022,397,,,,,,,,
DOM_002558,2023,440,,,,,,,,
DOM_002559,2022,252,,,,,,,,
DOM_002559,2023,246,,,,,,,,
DOM_002560,2022,437,,,,,,,,
DOM_002560,2023,442,,,,,,,,
DOM_002561,2022,142,,,,,,,,
DOM_002561,2023,139,,,,,,,,
DOM_002562,2022,104,,,,,,,,
DOM_002562,2023,107,,,,,,,,
DOM_002563,2022,16,,,,,,,,
DOM_002563,2023,9,,,,,,,,
DOM_002564,2022,29,,,,,,,,
DOM_002564,2023,28,,,,,,,,
DOM_002565,2022,129,,,,,,,,
DOM_002565,2023,129,,,,,,,,
DOM_002566,2022,153,,,,,,,,
DOM_002566,2023,164,,,,,,,,
DOM_002567,2022,542,,,,,,,,
DOM_002567,2023,518,,,,,,,,
DOM_002568,2022,396,,,,,,,,
DOM_002568,2023,372,,,,,,,,
DOM_002569,2022,276,,,,,,,,
DOM_002569,2023,271,,,,,,,,
DOM_002570,2022,389,,,,,,,,
DOM_002570,2023,400,,,,,,,,
DOM_002571,2022,378,,,,,,,,
DOM_002571,2023,386,,,,,,,,
DOM_002572,2022,305,,,,,,,,
DOM_002572,2023,291,,,,,,,,
DOM_002573,2022,756,,,,,,,,
DOM_002573,2023,544,,,,,,,,
DOM_002574,2022,375,,,,,,,,
DOM_002574,2023,277,,,,,,,,
DOM_002575,2022,329,,,,,,,,
DOM_002575,2023,317,,,,,,,,
DOM_002576,2022,120,,,,,,,,
DOM_002576,2023,126,,,,,,,,
DOM_002577,2022,267,,,,,,,,
DOM_002577,2023,255,,,,,,,,
DOM_002578,2022,207,,,,,,,,
DOM_002578,2023,194,,,,,,,,
DOM_002579,2022,82,,,,,,,,
DOM_002579,2023,75,,,,,,,,
DOM_002580,2022,297,,,,,,,,
DOM_002580,2023,313,,,,,,,,
DOM_002581,2022,81,,,,,,,,
DOM_002581,2023,74,,,,,,,,
DOM_002582,2022,65,,,,,,,,
DOM_002582,2023,63,,,,,,,,
DOM_002583,2022,9,,,,,,,,
DOM_002583,2023,6,,,,,,,,
DOM_002584,2022,203,,,,,,,,
DOM_002584,2023,198,,,,,,,,
DOM_002585,2022,263,,,,,,,,
DOM_002585,2023,291,,,,,,,,
DOM_002586,2022,227,,,,,,,,
DOM_002586,2023,231,,,,,,,,
DOM_002587,2022,429,,,,,,,,
DOM_002587,2023,420,,,,,,,,
DOM_002588,2022,680,,,,,,,,
DOM_002588,2023,687,,,,,,,,
DOM_002589,2022,713,,,,,,,,
DOM_002589,2023,686,,,,,,,,
DOM_002590,2022,421,,,,,,,,
DOM_002590,2023,431,,,,,,,,
DOM_002591,2022,41,,,,,,,,
DOM_002591,2023,48,,,,,,,,
DOM_002592,2022,367,,,,,,,,
DOM_002592,2023,386,,,,,,,,
DOM_002593,2022,516,,,,,,,,
DOM_002593,2023,494,,,,,,,,
DOM_002594,2022,265,,,,,,,,
DOM_002594,2023,262,,,,,,,,
DOM_002595,2022,435,,,,,,,,
DOM_002595,2023,432,,,,,,,,
DOM_002596,2022,176,,,,,,,,
DOM_002596,2023,174,,,,,,,,
DOM_002597,2022,107,,,,,,,,
DOM_002597,2023,116,,,,,,,,
DOM_002598,2022,94,,,,,,,,
DOM_002598,2023,90,,,,,,,,
DOM_002599,2022,496,,,,,,,,
DOM_002599,2023,632,,,,,,,,
DOM_002600,2022,762,,,,,,,,
DOM_002600,2023,702,,,,,,,,
DOM_002601,2022,323,,,,,,,,
DOM_002601,2023,271,,,,,,,,
DOM_002602,2022,1195,,,,,,,,
DOM_002602,2023,1116,,,,,,,,
DOM_002603,2022,1033,,,,,,,,
DOM_002603,2023,1043,,,,,,,,
DOM_002604,2022,1186,,,,,,,,
DOM_002604,2023,948,,,,,,,,
DOM_002605,2022,495,,,,,,,,
DOM_002605,2023,495,,,,,,,,
DOM_002606,2022,346,,,,,,,,
DOM_002606,2023,328,,,,,,,,
DOM_002607,2022,352,,,,,,,,
DOM_002607,2023,347,,,,,,,,
DOM_002608,2022,313,,,,,,,,
DOM_002608,2023,305,,,,,,,,
DOM_002609,2022,1100,,,,,,,,
DOM_002609,2023,1039,,,,,,,,
DOM_002610,2022,367,,,,,,,,
DOM_002610,2023,366,,,,,,,,
DOM_002611,2022,786,,,,,,,,
DOM_002611,2023,738,,,,,,,,
DOM_002612,2022,265,,,,,,,,
DOM_002612,2023,256,,,,,,,,
DOM_002613,2022,135,,,,,,,,
DOM_002613,2023,139,,,,,,,,
DOM_002614,2022,1284,,,,,,,,
DOM_002614,2023,1229,,,,,,,,
DOM_002615,2022,354,,,,,,,,
DOM_002615,2023,370,,,,,,,,
DOM_002616,2022,20,,,,,,,,
DOM_002616,2023,17,,,,,,,,
DOM_002617,2022,259,,,,,,,,
DOM_002617,2023,287,,,,,,,,
DOM_002618,2022,24,,,,,,,,
DOM_002618,2023,22,,,,,,,,
DOM_002619,2022,600,,,,,,,,
DOM_002619,2023,571,,,,,,,,
DOM_002620,2022,36,,,,,,,,
DOM_002620,2023,44,,,,,,,,
DOM_002621,2022,79,,,,,,,,
DOM_002621,2023,88,,,,,,,,
DOM_002622,2022,28,,,,,,,,
DOM_002622,2023,45,,,,,,,,
DOM_002623,2022,127,,,,,,,,
DOM_002623,2023,134,,,,,,,,
DOM_002624,2022,38,,,,,,,,
DOM_002624,2023,35,,,,,,,,
DOM_002625,2022,211,,,,,,,,
DOM_002625,2023,210,,,,,,,,
DOM_002626,2022,33,,,,,,,,
DOM_002626,2023,41,,,,,,,,
DOM_002627,2022,133,,,,,,,,
DOM_002627,2023,140,,,,,,,,
DOM_002628,2022,31,,,,,,,,
DOM_002628,2023,40,,,,,,,,
DOM_002629,2022,167,,,,,,,,
DOM_002629,2023,171,,,,,,,,
DOM_002630,2022,105,,,,,,,,
DOM_002630,2023,95,,,,,,,,
DOM_002631,2022,145,,,,,,,,
DOM_002631,2023,151,,,,,,,,
DOM_002632,2022,111,,,,,,,,
DOM_002632,2023,113,,,,,,,,
DOM_002633,2022,82,,,,,,,,
DOM_002633,2023,93,,,,,,,,
DOM_002634,2022,31,,,,,,,,
DOM_002634,2023,27,,,,,,,,
DOM_002635,2022,187,,,,,,,,
DOM_002635,2023,174,,,,,,,,
DOM_002636,2022,427,,,,,,,,
DOM_002636,2023,444,,,,,,,,
DOM_002637,2022,676,,,,,,,,
DOM_002637,2023,508,,,,,,,,
DOM_002638,2022,220,,,,,,,,
DOM_002638,2023,269,,,,,,,,
DOM_002639,2022,48,,,,,,,,
DOM_002639,2023,49,,,,,,,,
DOM_002640,2022,157,,,,,,,,
DOM_002640,2023,169,,,,,,,,
DOM_002641,2022,930,,,,,,,,
DOM_002641,2023,879,,,,,,,,
DOM_002642,2022,81,,,,,,,,
DOM_002642,2023,84,,,,,,,,
DOM_002643,2022,94,,,,,,,,
DOM_002643,2023,97,,,,,,,,
DOM_002644,2022,437,,,,,,,,
DOM_002644,2023,477,,,,,,,,
DOM_002645,2022,119,,,,,,,,
DOM_002645,2023,129,,,,,,,,
DOM_002646,2022,50,,,,,,,,
DOM_002646,2023,52,,,,,,,,
DOM_002647,2022,169,,,,,,,,
DOM_002647,2023,114,,,,,,,,
DOM_002648,2022,52,,,,,,,,
DOM_002648,2023,51,,,,,,,,
DOM_002649,2022,472,,,,,,,,
DOM_002649,2023,525,,,,,,,,
DOM_002650,2022,149,,,,,,,,
DOM_002650,2023,156,,,,,,,,
DOM_002651,2022,34,,,,,,,,
DOM_002651,2023,28,,,,,,,,
DOM_002652,2022,26,,,,,,,,
DOM_002652,2023,30,,,,,,,,
DOM_002653,2022,127,,,,,,,,
DOM_002653,2023,121,,,,,,,,
DOM_002654,2022,116,,,,,,,,
DOM_002654,2023,115,,,,,,,,
DOM_002655,2022,425,,,,,,,,
DOM_002655,2023,464,,,,,,,,
DOM_002656,2022,24,,,,,,,,
DOM_002656,2023,29,,,,,,,,
DOM_002657,2022,69,,,,,,,,
DOM_002657,2023,73,,,,,,,,
DOM_002658,2022,311,,,,,,,,
DOM_002658,2023,316,,,,,,,,
DOM_002659,2022,34,,,,,,,,
DOM_002659,2023,26,,,,,,,,
DOM_002660,2022,106,,,,,,,,
DOM_002660,2023,132,,,,,,,,
DOM_002661,2022,23,,,,,,,,
DOM_002661,2023,25,,,,,,,,
DOM_002662,2022,42,,,,,,,,
DOM_002662,2023,41,,,,,,,,
DOM_002663,2022,268,,,,,,,,
DOM_002663,2023,279,,,,,,,,
DOM_002664,2022,593,,,,,,,,
DOM_002664,2023,614,,,,,,,,
DOM_002665,2022,12,,,,,,,,
DOM_002665,2023,16,,,,,,,,
DOM_002666,2022,333,,,,,,,,
DOM_002666,2023,343,,,,,,,,
DOM_002667,2022,241,,,,,,,,
DOM_002667,2023,258,,,,,,,,
DOM_002668,2022,289,,,,,,,,
DOM_002668,2023,293,,,,,,,,
DOM_002669,2022,14,,,,,,,,
DOM_002669,2023,19,,,,,,,,
DOM_002670,2022,613,,,,,,,,
DOM_002670,2023,612,,,,,,,,
DOM_002671,2022,73,,,,,,,,
DOM_002671,2023,103,,,,,,,,
DOM_002672,2022,156,,,,,,,,
DOM_002672,2023,162,,,,,,,,
DOM_002673,2022,133,,,,,,,,
DOM_002673,2023,139,,,,,,,,
DOM_002674,2022,51,,,,,,,,
DOM_002674,2023,50,,,,,,,,
DOM_002675,2022,113,,,,,,,,
DOM_002675,2023,122,,,,,,,,
DOM_002676,2022,225,,,,,,,,
DOM_002676,2023,214,,,,,,,,
DOM_002677,2022,27,,,,,,,,
DOM_002677,2023,25,,,,,,,,
DOM_002678,2022,757,,,,,,,,
DOM_002678,2023,778,,,,,,,,
DOM_002679,2022,116,,,,,,,,
DOM_002679,2023,126,,,,,,,,
DOM_002680,2022,256,,,,,,,,
DOM_002680,2023,283,,,,,,,,
DOM_002681,2022,39,,,,,,,,
DOM_002681,2023,43,,,,,,,,
DOM_002682,2022,121,,,,,,,,
DOM_002682,2023,116,,,,,,,,
DOM_002683,2022,237,,,,,,,,
DOM_002683,2023,241,,,,,,,,
DOM_002684,2022,68,,,,,,,,
DOM_002684,2023,62,,,,,,,,
DOM_002685,2022,319,,,,,,,,
DOM_002685,2023,361,,,,,,,,
DOM_002686,2022,618,,,,,,,,
DOM_002686,2023,616,,,,,,,,
DOM_002687,2022,70,,,,,,,,
DOM_002687,2023,76,,,,,,,,
DOM_002688,2022,81,,,,,,,,
DOM_002688,2023,72,,,,,,,,
DOM_002689,2022,161,,,,,,,,
DOM_002689,2023,141,,,,,,,,
DOM_002690,2022,208,,,,,,,,
DOM_002690,2023,227,,,,,,,,
DOM_002691,2022,38,,,,,,,,
DOM_002691,2023,39,,,,,,,,
DOM_002692,2022,81,,,,,,,,
DOM_002692,2023,71,,,,,,,,
DOM_002693,2022,107,,,,,,,,
DOM_002693,2023,107,,,,,,,,
DOM_002694,2022,237,,,,,,,,
DOM_002694,2023,236,,,,,,,,
DOM_002695,2022,300,,,,,,,,
DOM_002695,2023,293,,,,,,,,
DOM_002696,2022,364,,,,,,,,
DOM_002696,2023,375,,,,,,,,
DOM_002697,2022,104,,,,,,,,
DOM_002697,2023,135,,,,,,,,
DOM_002698,2022,369,,,,,,,,
DOM_002698,2023,368,,,,,,,,
DOM_002699,2022,241,,,,,,,,
DOM_002699,2023,244,,,,,,,,
DOM_002700,2022,391,,,,,,,,
DOM_002700,2023,486,,,,,,,,
DOM_002701,2022,22,,,,,,,,
DOM_002701,2023,13,,,,,,,,
DOM_002702,2022,94,,,,,,,,
DOM_002702,2023,106,,,,,,,,
DOM_002703,2022,14,,,,,,,,
DOM_002703,2023,11,,,,,,,,
DOM_002704,2022,4,,,,,,,,
DOM_002704,2023,2,,,,,,,,
DOM_002705,2022,693,,,,,,,,
DOM_002705,2023,701,,,,,,,,
DOM_002706,2022,588,,,,,,,,
DOM_002706,2023,592,,,,,,,,
DOM_002707,2022,523,,,,,,,,
DOM_002707,2023,540,,,,,,,,
DOM_002708,2022,497,,,,,,,,
DOM_002708,2023,522,,,,,,,,
DOM_002709,2022,149,,,,,,,,
DOM_002709,2023,151,,,,,,,,
DOM_002710,2022,199,,,,,,,,
DOM_002710,2023,206,,,,,,,,
DOM_002711,2022,75,,,,,,,,
DOM_002711,2023,62,,,,,,,,
DOM_002712,2022,128,,,,,,,,
DOM_002712,2023,113,,,,,,,,
DOM_002713,2022,114,,,,,,,,
DOM_002713,2023,132,,,,,,,,
DOM_002714,2022,245,,,,,,,,
DOM_002714,2023,261,,,,,,,,
DOM_002715,2022,95,,,,,,,,
DOM_002715,2023,94,,,,,,,,
DOM_002716,2022,192,,,,,,,,
DOM_002716,2023,190,,,,,,,,
DOM_002717,2022,274,,,,,,,,
DOM_002717,2023,275,,,,,,,,
DOM_002718,2022,77,,,,,,,,
DOM_002718,2023,81,,,,,,,,
DOM_002719,2022,237,,,,,,,,
DOM_002719,2023,235,,,,,,,,
DOM_002720,2022,14,,,,,,,,
DOM_002720,2023,14,,,,,,,,
DOM_002721,2022,20,,,,,,,,
DOM_002721,2023,18,,,,,,,,
DOM_002722,2022,72,,,,,,,,
DOM_002722,2023,90,,,,,,,,
DOM_002723,2022,10,,,,,,,,
DOM_002723,2023,13,,,,,,,,
DOM_002724,2022,63,,,,,,,,
DOM_002724,2023,59,,,,,,,,
DOM_002725,2022,39,,,,,,,,
DOM_002725,2023,49,,,,,,,,
DOM_002726,2022,24,,,,,,,,
DOM_002726,2023,24,,,,,,,,
DOM_002727,2022,25,,,,,,,,
DOM_002727,2023,26,,,,,,,,
DOM_002728,2022,16,,,,,,,,
DOM_002728,2023,12,,,,,,,,
DOM_002729,2022,83,,,,,,,,
DOM_002729,2023,76,,,,,,,,
DOM_002730,2022,5,,,,,,,,
DOM_002730,2023,7,,,,,,,,
DOM_002731,2022,611,,,,,,,,
DOM_002731,2023,616,,,,,,,,
DOM_002732,2022,75,,,,,,,,
DOM_002732,2023,77,,,,,,,,
DOM_002733,2022,329,,,,,,,,
DOM_002733,2023,294,,,,,,,,
DOM_002734,2022,441,,,,,,,,
DOM_002734,2023,376,,,,,,,,
DOM_002735,2022,257,,,,,,,,
DOM_002735,2023,248,,,,,,,,
DOM_002736,2022,199,,,,,,,,
DOM_002736,2023,222,,,,,,,,
DOM_002737,2022,280,,,,,,,,
DOM_002737,2023,303,,,,,,,,
DOM_002738,2022,265,,,,,,,,
DOM_002738,2023,307,,,,,,,,
DOM_002739,2022,180,,,,,,,,
DOM_002739,2023,207,,,,,,,,
DOM_002740,2022,59,,,,,,,,
DOM_002740,2023,69,,,,,,,,
DOM_002741,2022,173,,,,,,,,
DOM_002741,2023,174,,,,,,,,
DOM_002742,2022,10,,,,,,,,
DOM_002742,2023,12,,,,,,,,
DOM_002743,2022,19,,,,,,,,
DOM_002743,2023,16,,,,,,,,
DOM_002744,2022,418,,,,,,,,
DOM_002744,2023,419,,,,,,,,
DOM_002745,2022,315,,,,,,,,
DOM_002745,2023,312,,,,,,,,
DOM_002746,2022,22,,,,,,,,
DOM_002746,2023,25,,,,,,,,
DOM_002747,2022,294,,,,,,,,
DOM_002747,2023,274,,,,,,,,
DOM_002748,2022,246,,,,,,,,
DOM_002748,2023,246,,,,,,,,
DOM_002749,2022,146,,,,,,,,
DOM_002749,2023,145,,,,,,,,
DOM_002750,2022,310,,,,,,,,
DOM_002750,2023,331,,,,,,,,
DOM_002751,2022,102,,,,,,,,
DOM_002751,2023,119,,,,,,,,
DOM_002752,2022,40,,,,,,,,
DOM_002752,2023,43,,,,,,,,
DOM_002753,2022,151,,,,,,,,
DOM_002753,2023,40,,,,,,,,
DOM_002754,2022,259,,,,,,,,
DOM_002754,2023,258,,,,,,,,
DOM_002755,2022,619,,,,,,,,
DOM_002755,2023,652,,,,,,,,
DOM_002756,2022,46,,,,,,,,
DOM_002756,2023,54,,,,,,,,
DOM_002757,2022,623,,,,,,,,
DOM_002757,2023,628,,,,,,,,
DOM_002758,2022,445,,,,,,,,
DOM_002758,2023,446,,,,,,,,
DOM_002759,2022,208,,,,,,,,
DOM_002759,2023,204,,,,,,,,
DOM_002760,2022,128,,,,,,,,
DOM_002760,2023,159,,,,,,,,
DOM_002761,2022,126,,,,,,,,
DOM_002761,2023,113,,,,,,,,
DOM_002762,2022,116,,,,,,,,
DOM_002762,2023,118,,,,,,,,
DOM_002763,2022,363,,,,,,,,
DOM_002763,2023,344,,,,,,,,
DOM_002764,2022,233,,,,,,,,
DOM_002764,2023,260,,,,,,,,
DOM_002765,2022,187,,,,,,,,
DOM_002765,2023,203,,,,,,,,
DOM_002766,2022,135,,,,,,,,
DOM_002766,2023,116,,,,,,,,
DOM_002767,2022,166,,,,,,,,
DOM_002767,2023,166,,,,,,,,
DOM_002768,2022,234,,,,,,,,
DOM_002768,2023,221,,,,,,,,
DOM_002769,2022,157,,,,,,,,
DOM_002769,2023,138,,,,,,,,
DOM_002770,2022,214,,,,,,,,
DOM_002770,2023,260,,,,,,,,
DOM_002771,2022,155,,,,,,,,
DOM_002771,2023,158,,,,,,,,
DOM_002772,2022,72,,,,,,,,
DOM_002772,2023,81,,,,,,,,
DOM_002773,2022,71,,,,,,,,
DOM_002773,2023,67,,,,,,,,
DOM_002774,2022,25,,,,,,,,
DOM_002774,2023,26,,,,,,,,
DOM_002775,2022,297,,,,,,,,
DOM_002775,2023,299,,,,,,,,
DOM_002776,2022,132,,,,,,,,
DOM_002776,2023,127,,,,,,,,
DOM_002777,2022,60,,,,,,,,
DOM_002777,2023,62,,,,,,,,
DOM_002778,2022,137,,,,,,,,
DOM_002778,2023,168,,,,,,,,
DOM_002779,2022,124,,,,,,,,
DOM_002779,2023,119,,,,,,,,
DOM_002780,2022,115,,,,,,,,
DOM_002780,2023,109,,,,,,,,
DOM_002781,2022,58,,,,,,,,
DOM_002781,2023,52,,,,,,,,
DOM_002782,2022,845,,,,,,,,
DOM_002782,2023,813,,,,,,,,
DOM_002783,2022,303,,,,,,,,
DOM_002783,2023,312,,,,,,,,
DOM_002784,2022,25,,,,,,,,
DOM_002784,2023,23,,,,,,,,
DOM_002785,2022,965,,,,,,,,
DOM_002785,2023,886,,,,,,,,
DOM_002786,2022,729,,,,,,,,
DOM_002786,2023,833,,,,,,,,
DOM_002787,2022,632,,,,,,,,
DOM_002787,2023,588,,,,,,,,
DOM_002788,2022,390,,,,,,,,
DOM_002788,2023,368,,,,,,,,
DOM_002789,2022,643,,,,,,,,
DOM_002789,2023,700,,,,,,,,
DOM_002790,2022,105,,,,,,,,
DOM_002790,2023,155,,,,,,,,
DOM_002791,2022,64,,,,,,,,
DOM_002791,2023,56,,,,,,,,
DOM_002792,2022,46,,,,,,,,
DOM_002792,2023,61,,,,,,,,
DOM_002793,2022,17,,,,,,,,
DOM_002793,2023,24,,,,,,,,
DOM_002794,2022,142,,,,,,,,
DOM_002794,2023,140,,,,,,,,
DOM_002795,2022,65,,,,,,,,
DOM_002795,2023,69,,,,,,,,
DOM_002796,2022,14,,,,,,,,
DOM_002796,2023,15,,,,,,,,
DOM_002797,2022,282,,,,,,,,
DOM_002797,2023,282,,,,,,,,
DOM_002798,2022,218,,,,,,,,
DOM_002798,2023,244,,,,,,,,
DOM_002799,2022,308,,,,,,,,
DOM_002799,2023,303,,,,,,,,
DOM_002800,2022,10,,,,,,,,
DOM_002800,2023,12,,,,,,,,
DOM_002801,2022,21,,,,,,,,
DOM_002801,2023,20,,,,,,,,
DOM_002802,2022,57,,,,,,,,
DOM_002802,2023,73,,,,,,,,
DOM_002803,2022,18,,,,,,,,
DOM_002803,2023,19,,,,,,,,
DOM_002804,2022,203,,,,,,,,
DOM_002804,2023,202,,,,,,,,
DOM_002805,2022,121,,,,,,,,
DOM_002805,2023,125,,,,,,,,
DOM_002806,2022,348,,,,,,,,
DOM_002806,2023,280,,,,,,,,
DOM_002807,2022,661,,,,,,,,
DOM_002807,2023,664,,,,,,,,
DOM_002808,2022,19,,,,,,,,
DOM_002808,2023,23,,,,,,,,
DOM_002809,2022,224,,,,,,,,
DOM_002809,2023,229,,,,,,,,
DOM_002810,2022,200,,,,,,,,
DOM_002810,2023,206,,,,,,,,
DOM_002811,2022,6,,,,,,,,
DOM_002811,2023,6,,,,,,,,
DOM_002812,2022,181,,,,,,,,
DOM_002812,2023,177,,,,,,,,
DOM_002813,2022,131,,,,,,,,
DOM_002813,2023,132,,,,,,,,
DOM_002814,2022,30,,,,,,,,
DOM_002814,2023,32,,,,,,,,
DOM_002815,2022,8,,,,,,,,
DOM_002815,2023,8,,,,,,,,
DOM_002816,2022,55,,,,,,,,
DOM_002816,2023,60,,,,,,,,
DOM_002817,2022,8,,,,,,,,
DOM_002817,2023,7,,,,,,,,
DOM_002818,2022,219,,,,,,,,
DOM_002818,2023,212,,,,,,,,
DOM_002819,2022,63,,,,,,,,
DOM_002819,2023,63,,,,,,,,
DOM_002820,2022,5,,,,,,,,
DOM_002820,2023,7,,,,,,,,
DOM_002821,2022,10,,,,,,,,
DOM_002821,2023,11,,,,,,,,
DOM_002822,2022,134,,,,,,,,
DOM_002822,2023,150,,,,,,,,
DOM_002823,2022,198,,,,,,,,
DOM_002823,2023,202,,,,,,,,
DOM_002824,2022,86,,,,,,,,
DOM_002824,2023,79,,,,,,,,
DOM_002825,2022,29,,,,,,,,
DOM_002825,2023,33,,,,,,,,
DOM_002826,2022,41,,,,,,,,
DOM_002826,2023,85,,,,,,,,
DOM_002827,2022,34,,,,,,,,
DOM_002827,2023,34,,,,,,,,
DOM_002828,2022,221,,,,,,,,
DOM_002828,2023,223,,,,,,,,
DOM_002829,2022,52,,,,,,,,
DOM_002829,2023,46,,,,,,,,
DOM_002830,2022,15,,,,,,,,
DOM_002830,2023,14,,,,,,,,
DOM_002831,2022,172,,,,,,,,
DOM_002831,2023,179,,,,,,,,
DOM_002832,2022,106,,,,,,,,
DOM_002832,2023,120,,,,,,,,
DOM_002833,2022,135,,,,,,,,
DOM_002833,2023,145,,,,,,,,
DOM_002834,2022,781,,,,,,,,
DOM_002834,2023,762,,,,,,,,
DOM_002835,2022,138,,,,,,,,
DOM_002835,2023,136,,,,,,,,
DOM_002836,2022,195,,,,,,,,
DOM_002836,2023,200,,,,,,,,
DOM_002837,2022,204,,,,,,,,
DOM_002837,2023,187,,,,,,,,
DOM_002838,2022,47,,,,,,,,
DOM_002838,2023,50,,,,,,,,
DOM_002839,2022,416,,,,,,,,
DOM_002839,2023,379,,,,,,,,
DOM_002840,2022,70,,,,,,,,
DOM_002840,2023,72,,,,,,,,
DOM_002841,2022,119,,,,,,,,
DOM_002841,2023,132,,,,,,,,
DOM_002842,2022,227,,,,,,,,
DOM_002842,2023,236,,,,,,,,
DOM_002843,2022,69,,,,,,,,
DOM_002843,2023,72,,,,,,,,
DOM_002844,2022,254,,,,,,,,
DOM_002844,2023,289,,,,,,,,
DOM_002845,2022,22,,,,,,,,
DOM_002845,2023,23,,,,,,,,
DOM_002846,2022,171,,,,,,,,
DOM_002846,2023,177,,,,,,,,
DOM_002847,2022,70,,,,,,,,
DOM_002847,2023,56,,,,,,,,
DOM_002848,2022,183,,,,,,,,
DOM_002848,2023,178,,,,,,,,
DOM_002849,2022,119,,,,,,,,
DOM_002849,2023,144,,,,,,,,
DOM_002850,2022,50,,,,,,,,
DOM_002850,2023,42,,,,,,,,
DOM_002851,2022,118,,,,,,,,
DOM_002851,2023,114,,,,,,,,
DOM_002852,2022,197,,,,,,,,
DOM_002852,2023,221,,,,,,,,
DOM_002853,2022,116,,,,,,,,
DOM_002853,2023,131,,,,,,,,
DOM_002854,2022,26,,,,,,,,
DOM_002854,2023,30,,,,,,,,
DOM_002855,2022,9,,,,,,,,
DOM_002855,2023,8,,,,,,,,
DOM_002856,2022,12,,,,,,,,
DOM_002856,2023,2,,,,,,,,
DOM_002857,2022,14,,,,,,,,
DOM_002857,2023,16,,,,,,,,
DOM_002858,2022,15,,,,,,,,
DOM_002858,2023,16,,,,,,,,
DOM_002859,2022,21,,,,,,,,
DOM_002859,2023,22,,,,,,,,
DOM_002860,2022,80,,,,,,,,
DOM_002860,2023,72,,,,,,,,
DOM_002861,2022,13,,,,,,,,
DOM_002861,2023,14,,,,,,,,
DOM_002862,2022,368,,,,,,,,
DOM_002862,2023,366,,,,,,,,
DOM_002863,2022,288,,,,,,,,
DOM_002863,2023,294,,,,,,,,
DOM_002864,2022,33,,,,,,,,
DOM_002864,2023,15,,,,,,,,
DOM_002865,2022,8,,,,,,,,
DOM_002865,2023,7,,,,,,,,
DOM_002866,2022,29,,,,,,,,
DOM_002866,2023,31,,,,,,,,
DOM_002867,2022,57,,,,,,,,
DOM_002867,2023,50,,,,,,,,
DOM_002868,2022,74,,,,,,,,
DOM_002868,2023,92,,,,,,,,
DOM_002869,2022,151,,,,,,,,
DOM_002869,2023,147,,,,,,,,
DOM_002870,2022,104,,,,,,,,
DOM_002870,2023,118,,,,,,,,
DOM_002871,2022,341,,,,,,,,
DOM_002871,2023,328,,,,,,,,
DOM_002872,2022,7,,,,,,,,
DOM_002872,2023,7,,,,,,,,
DOM_002873,2022,103,,,,,,,,
DOM_002873,2023,115,,,,,,,,
DOM_002874,2022,104,,,,,,,,
DOM_002874,2023,106,,,,,,,,
DOM_002875,2022,67,,,,,,,,
DOM_002875,2023,72,,,,,,,,
DOM_002876,2022,5,,,,,,,,
DOM_002876,2023,6,,,,,,,,
DOM_002877,2022,11,,,,,,,,
DOM_002877,2023,8,,,,,,,,
DOM_002878,2022,3,,,,,,,,
DOM_002878,2023,2,,,,,,,,
DOM_002879,2022,35,,,,,,,,
DOM_002879,2023,48,,,,,,,,
DOM_002880,2022,142,,,,,,,,
DOM_002880,2023,132,,,,,,,,
DOM_002881,2022,15,,,,,,,,
DOM_002881,2023,12,,,,,,,,
DOM_002882,2022,148,,,,,,,,
DOM_002882,2023,139,,,,,,,,
DOM_002883,2022,59,,,,,,,,
DOM_002883,2023,61,,,,,,,,
DOM_002884,2022,43,,,,,,,,
DOM_002884,2023,48,,,,,,,,
DOM_002885,2022,76,,,,,,,,
DOM_002885,2023,106,,,,,,,,
DOM_002886,2022,52,,,,,,,,
DOM_002886,2023,58,,,,,,,,
DOM_002887,2022,6,,,,,,,,
DOM_002887,2023,12,,,,,,,,
DOM_002888,2022,267,,,,,,,,
DOM_002888,2023,254,,,,,,,,
DOM_002889,2022,39,,,,,,,,
DOM_002889,2023,43,,,,,,,,
DOM_002890,2022,59,,,,,,,,
DOM_002890,2023,58,,,,,,,,
DOM_002891,2022,72,,,,,,,,
DOM_002891,2023,57,,,,,,,,
DOM_002892,2022,78,,,,,,,,
DOM_002892,2023,68,,,,,,,,
DOM_002893,2022,54,,,,,,,,
DOM_002893,2023,50,,,,,,,,
DOM_002894,2022,163,,,,,,,,
DOM_002894,2023,161,,,,,,,,
DOM_002895,2022,48,,,,,,,,
DOM_002895,2023,52,,,,,,,,
DOM_002896,2022,2,,,,,,,,
DOM_002896,2023,3,,,,,,,,
DOM_002897,2022,383,,,,,,,,
DOM_002897,2023,352,,,,,,,,
DOM_002898,2022,62,,,,,,,,
DOM_002898,2023,78,,,,,,,,
DOM_002899,2022,72,,,,,,,,
DOM_002899,2023,93,,,,,,,,
DOM_002900,2022,588,,,,,,,,
DOM_002900,2023,603,,,,,,,,
DOM_002901,2022,145,,,,,,,,
DOM_002901,2023,146,,,,,,,,
DOM_002902,2022,132,,,,,,,,
DOM_002902,2023,134,,,,,,,,
DOM_002903,2022,23,,,,,,,,
DOM_002903,2023,17,,,,,,,,
DOM_002904,2022,164,,,,,,,,
DOM_002904,2023,164,,,,,,,,
DOM_002905,2022,60,,,,,,,,
DOM_002905,2023,48,,,,,,,,
DOM_002906,2022,145,,,,,,,,
DOM_002906,2023,129,,,,,,,,
DOM_002907,2022,36,,,,,,,,
DOM_002907,2023,36,,,,,,,,
DOM_002908,2022,180,,,,,,,,
DOM_002908,2023,178,,,,,,,,
DOM_002909,2022,102,,,,,,,,
DOM_002909,2023,109,,,,,,,,
DOM_002910,2022,4,,,,,,,,
DOM_002910,2023,5,,,,,,,,
DOM_002911,2022,218,,,,,,,,
DOM_002911,2023,225,,,,,,,,
DOM_002912,2022,22,,,,,,,,
DOM_002912,2023,20,,,,,,,,
DOM_002913,2022,263,,,,,,,,
DOM_002913,2023,254,,,,,,,,
DOM_002914,2022,1221,,,,,,,,
DOM_002914,2023,1281,,,,,,,,
DOM_002915,2022,640,,,,,,,,
DOM_002915,2023,606,,,,,,,,
DOM_002916,2022,106,,,,,,,,
DOM_002916,2023,109,,,,,,,,
DOM_002917,2022,159,,,,,,,,
DOM_002917,2023,154,,,,,,,,
DOM_002918,2022,86,,,,,,,,
DOM_002918,2023,86,,,,,,,,
DOM_002919,2022,90,,,,,,,,
DOM_002919,2023,103,,,,,,,,
DOM_002920,2022,66,,,,,,,,
DOM_002920,2023,83,,,,,,,,
DOM_002921,2022,10,,,,,,,,
DOM_002921,2023,15,,,,,,,,
DOM_002922,2022,25,,,,,,,,
DOM_002922,2023,21,,,,,,,,
DOM_002923,2022,48,,,,,,,,
DOM_002923,2023,49,,,,,,,,
DOM_002924,2022,70,,,,,,,,
DOM_002924,2023,60,,,,,,,,
DOM_002925,2022,121,,,,,,,,
DOM_002925,2023,126,,,,,,,,
DOM_002926,2022,13,,,,,,,,
DOM_002926,2023,8,,,,,,,,
DOM_002927,2022,484,,,,,,,,
DOM_002927,2023,524,,,,,,,,
DOM_002928,2022,30,,,,,,,,
DOM_002928,2023,40,,,,,,,,
DOM_002929,2022,42,,,,,,,,
DOM_002929,2023,47,,,,,,,,
DOM_002930,2022,127,,,,,,,,
DOM_002930,2023,149,,,,,,,,
DOM_002931,2022,241,,,,,,,,
DOM_002931,2023,154,,,,,,,,
DOM_002932,2022,19,,,,,,,,
DOM_002932,2023,20,,,,,,,,
DOM_002933,2022,49,,,,,,,,
DOM_002933,2023,47,,,,,,,,
DOM_002934,2022,41,,,,,,,,
DOM_002934,2023,42,,,,,,,,
DOM_002935,2022,40,,,,,,,,
DOM_002935,2023,38,,,,,,,,
DOM_002936,2022,104,,,,,,,,
DOM_002936,2023,104,,,,,,,,
DOM_002937,2022,78,,,,,,,,
DOM_002937,2023,73,,,,,,,,
DOM_002938,2022,106,,,,,,,,
DOM_002938,2023,127,,,,,,,,
DOM_002939,2022,52,,,,,,,,
DOM_002939,2023,49,,,,,,,,
DOM_002940,2022,24,,,,,,,,
DOM_002940,2023,17,,,,,,,,
DOM_002941,2022,61,,,,,,,,
DOM_002941,2023,66,,,,,,,,
DOM_002942,2022,30,,,,,,,,
DOM_002942,2023,29,,,,,,,,
DOM_002943,2022,19,,,,,,,,
DOM_002943,2023,21,,,,,,,,
DOM_002944,2022,133,,,,,,,,
DOM_002944,2023,130,,,,,,,,
DOM_002945,2022,67,,,,,,,,
DOM_002945,2023,71,,,,,,,,
DOM_002946,2022,17,,,,,,,,
DOM_002946,2023,22,,,,,,,,
DOM_002947,2022,23,,,,,,,,
DOM_002947,2023,24,,,,,,,,
DOM_002948,2022,91,,,,,,,,
DOM_002948,2023,95,,,,,,,,
DOM_002949,2022,43,,,,,,,,
DOM_002949,2023,49,,,,,,,,
DOM_002950,2022,13,,,,,,,,
DOM_002950,2023,7,,,,,,,,
DOM_002951,2022,13,,,,,,,,
DOM_002951,2023,13,,,,,,,,
DOM_002952,2022,7,,,,,,,,
DOM_002952,2023,10,,,,,,,,
DOM_002953,2022,125,,,,,,,,
DOM_002953,2023,140,,,,,,,,
DOM_002954,2022,32,,,,,,,,
DOM_002954,2023,41,,,,,,,,
DOM_002955,2022,122,,,,,,,,
DOM_002955,2023,144,,,,,,,,
DOM_002956,2022,118,,,,,,,,
DOM_002956,2023,130,,,,,,,,
DOM_002957,2022,172,,,,,,,,
DOM_002957,2023,183,,,,,,,,
DOM_002958,2022,212,,,,,,,,
DOM_002958,2023,266,,,,,,,,
DOM_002959,2022,19,,,,,,,,
DOM_002959,2023,21,,,,,,,,
DOM_002960,2022,10,,,,,,,,
DOM_002960,2023,15,,,,,,,,
DOM_002961,2022,9,,,,,,,,
DOM_002961,2023,8,,,,,,,,
DOM_002962,2022,9,,,,,,,,
DOM_002962,2023,11,,,,,,,,
DOM_002963,2022,52,,,,,,,,
DOM_002963,2023,66,,,,,,,,
DOM_002964,2022,50,,,,,,,,
DOM_002964,2023,44,,,,,,,,
DOM_002965,2022,10,,,,,,,,
DOM_002965,2023,8,,,,,,,,
DOM_002966,2022,38,,,,,,,,
DOM_002966,2023,42,,,,,,,,
DOM_002967,2022,46,,,,,,,,
DOM_002967,2023,49,,,,,,,,
DOM_002968,2022,70,,,,,,,,
DOM_002968,2023,78,,,,,,,,
DOM_002969,2022,46,,,,,,,,
DOM_002969,2023,39,,,,,,,,
DOM_002970,2022,10,,,,,,,,
DOM_002970,2023,4,,,,,,,,
DOM_002971,2022,14,,,,,,,,
DOM_002971,2023,9,,,,,,,,
DOM_002972,2022,59,,,,,,,,
DOM_002972,2023,53,,,,,,,,
DOM_002973,2022,551,,,,,,,,
DOM_002973,2023,550,,,,,,,,
DOM_002974,2022,335,,,,,,,,
DOM_002974,2023,352,,,,,,,,
DOM_002975,2022,15,,,,,,,,
DOM_002975,2023,16,,,,,,,,
DOM_002976,2022,211,,,,,,,,
DOM_002976,2023,214,,,,,,,,
DOM_002977,2022,81,,,,,,,,
DOM_002977,2023,84,,,,,,,,
DOM_002978,2022,224,,,,,,,,
DOM_002978,2023,223,,,,,,,,
DOM_002979,2022,35,,,,,,,,
DOM_002979,2023,22,,,,,,,,
DOM_002980,2022,56,,,,,,,,
DOM_002980,2023,51,,,,,,,,
DOM_002981,2022,19,,,,,,,,
DOM_002981,2023,15,,,,,,,,
DOM_002982,2022,37,,,,,,,,
DOM_002982,2023,26,,,,,,,,
DOM_002983,2022,118,,,,,,,,
DOM_002983,2023,110,,,,,,,,
DOM_002984,2022,62,,,,,,,,
DOM_002984,2023,56,,,,,,,,
DOM_002985,2022,7,,,,,,,,
DOM_002985,2023,7,,,,,,,,
DOM_002986,2022,37,,,,,,,,
DOM_002986,2023,37,,,,,,,,
DOM_002987,2022,427,,,,,,,,
DOM_002987,2023,423,,,,,,,,
DOM_002988,2022,229,,,,,,,,
DOM_002988,2023,236,,,,,,,,
DOM_002989,2022,139,,,,,,,,
DOM_002989,2023,141,,,,,,,,
DOM_002990,2022,24,,,,,,,,
DOM_002990,2023,19,,,,,,,,
DOM_002991,2022,19,,,,,,,,
DOM_002991,2023,19,,,,,,,,
DOM_002992,2022,80,,,,,,,,
DOM_002992,2023,74,,,,,,,,
DOM_002993,2022,5,,,,,,,,
DOM_002993,2023,8,,,,,,,,
DOM_002994,2022,13,,,,,,,,
DOM_002994,2023,10,,,,,,,,
DOM_002995,2022,91,,,,,,,,
DOM_002995,2023,108,,,,,,,,
DOM_002996,2022,61,,,,,,,,
DOM_002996,2023,73,,,,,,,,
DOM_002997,2022,10,,,,,,,,
DOM_002997,2023,11,,,,,,,,
DOM_002998,2022,403,,,,,,,,
DOM_002998,2023,468,,,,,,,,
DOM_002999,2022,89,,,,,,,,
DOM_002999,2023,104,,,,,,,,
DOM_003000,2022,16,,,,,,,,
DOM_003000,2023,21,,,,,,,,
DOM_003001,2022,14,,,,,,,,
DOM_003001,2023,8,,,,,,,,
DOM_003002,2022,214,,,,,,,,
DOM_003002,2023,205,,,,,,,,
DOM_003003,2022,485,,,,,,,,
DOM_003003,2023,438,,,,,,,,
DOM_003004,2022,385,,,,,,,,
DOM_003004,2023,479,,,,,,,,
DOM_003005,2022,590,,,,,,,,
DOM_003005,2023,582,,,,,,,,
DOM_003006,2022,791,,,,,,,,
DOM_003006,2023,743,,,,,,,,
DOM_003007,2022,232,,,,,,,,
DOM_003007,2023,223,,,,,,,,
DOM_003008,2022,412,,,,,,,,
DOM_003008,2023,426,,,,,,,,
DOM_003009,2022,1062,,,,,,,,
DOM_003009,2023,1067,,,,,,,,
DOM_003010,2022,326,,,,,,,,
DOM_003010,2023,314,,,,,,,,
DOM_003011,2022,298,,,,,,,,
DOM_003011,2023,291,,,,,,,,
DOM_003012,2022,422,,,,,,,,
DOM_003012,2023,421,,,,,,,,
DOM_003013,2022,429,,,,,,,,
DOM_003013,2023,413,,,,,,,,
DOM_003014,2022,460,,,,,,,,
DOM_003014,2023,438,,,,,,,,
DOM_003015,2022,516,,,,,,,,
DOM_003015,2023,473,,,,,,,,
DOM_003016,2022,129,,,,,,,,
DOM_003016,2023,132,,,,,,,,
DOM_003017,2022,216,,,,,,,,
DOM_003017,2023,202,,,,,,,,
DOM_003018,2022,201,,,,,,,,
DOM_003018,2023,201,,,,,,,,
DOM_003019,2022,1021,,,,,,,,
DOM_003019,2023,962,,,,,,,,
DOM_003020,2022,318,,,,,,,,
DOM_003020,2023,290,,,,,,,,
DOM_003021,2022,209,,,,,,,,
DOM_003021,2023,228,,,,,,,,
DOM_003022,2022,67,,,,,,,,
DOM_003022,2023,66,,,,,,,,
DOM_003023,2022,528,,,,,,,,
DOM_003023,2023,607,,,,,,,,
DOM_003024,2022,218,,,,,,,,
DOM_003024,2023,224,,,,,,,,
DOM_003025,2022,85,,,,,,,,
DOM_003025,2023,86,,,,,,,,
DOM_003026,2022,332,,,,,,,,
DOM_003026,2023,325,,,,,,,,
DOM_003027,2022,190,,,,,,,,
DOM_003027,2023,119,,,,,,,,
DOM_003028,2022,44,,,,,,,,
DOM_003028,2023,59,,,,,,,,
DOM_003029,2022,89,,,,,,,,
DOM_003029,2023,95,,,,,,,,
DOM_003030,2022,493,,,,,,,,
DOM_003030,2023,505,,,,,,,,
DOM_003031,2022,729,,,,,,,,
DOM_003031,2023,731,,,,,,,,
DOM_003032,2022,38,,,,,,,,
DOM_003032,2023,33,,,,,,,,
DOM_003033,2022,347,,,,,,,,
DOM_003033,2023,389,,,,,,,,
DOM_003034,2022,24,,,,,,,,
DOM_003034,2023,19,,,,,,,,
DOM_003035,2022,639,,,,,,,,
DOM_003035,2023,698,,,,,,,,
DOM_003036,2022,43,,,,,,,,
DOM_003036,2023,29,,,,,,,,
DOM_003037,2022,24,,,,,,,,
DOM_003037,2023,29,,,,,,,,
DOM_003038,2022,159,,,,,,,,
DOM_003038,2023,162,,,,,,,,
DOM_003039,2022,159,,,,,,,,
DOM_003039,2023,169,,,,,,,,
DOM_003040,2022,51,,,,,,,,
DOM_003040,2023,45,,,,,,,,
DOM_003041,2022,60,,,,,,,,
DOM_003041,2023,58,,,,,,,,
DOM_003042,2022,323,,,,,,,,
DOM_003042,2023,358,,,,,,,,
DOM_003043,2022,79,,,,,,,,
DOM_003043,2023,76,,,,,,,,
DOM_003044,2022,12,,,,,,,,
DOM_003044,2023,12,,,,,,,,
DOM_003045,2022,7,,,,,,,,
DOM_003045,2023,6,,,,,,,,
DOM_003046,2022,42,,,,,,,,
DOM_003046,2023,33,,,,,,,,
DOM_003047,2022,16,,,,,,,,
DOM_003047,2023,14,,,,,,,,
DOM_003048,2022,36,,,,,,,,
DOM_003048,2023,39,,,,,,,,
DOM_003049,2022,15,,,,,,,,
DOM_003049,2023,11,,,,,,,,
DOM_003050,2022,53,,,,,,,,
DOM_003050,2023,47,,,,,,,,
DOM_003051,2022,67,,,,,,,,
DOM_003051,2023,87,,,,,,,,
DOM_003052,2022,16,,,,,,,,
DOM_003052,2023,21,,,,,,,,
DOM_003053,2022,38,,,,,,,,
DOM_003053,2023,39,,,,,,,,
DOM_003054,2022,31,,,,,,,,
DOM_003054,2023,29,,,,,,,,
DOM_003055,2022,395,,,,,,,,
DOM_003055,2023,308,,,,,,,,
DOM_003056,2022,15,,,,,,,,
DOM_003056,2023,15,,,,,,,,
DOM_003057,2022,413,,,,,,,,
DOM_003057,2023,452,,,,,,,,
DOM_003058,2022,14,,,,,,,,
DOM_003058,2023,14,,,,,,,,
DOM_003059,2022,133,,,,,,,,
DOM_003059,2023,148,,,,,,,,
DOM_003060,2022,284,,,,,,,,
DOM_003060,2023,285,,,,,,,,
DOM_003061,2022,137,,,,,,,,
DOM_003061,2023,151,,,,,,,,
DOM_003062,2022,196,,,,,,,,
DOM_003062,2023,240,,,,,,,,
DOM_003063,2022,91,,,,,,,,
DOM_003063,2023,95,,,,,,,,
DOM_003064,2022,13,,,,,,,,
DOM_003064,2023,17,,,,,,,,
DOM_003065,2022,74,,,,,,,,
DOM_003065,2023,97,,,,,,,,
DOM_003066,2022,21,,,,,,,,
DOM_003066,2023,18,,,,,,,,
DOM_003067,2022,32,,,,,,,,
DOM_003067,2023,44,,,,,,,,
DOM_003068,2022,12,,,,,,,,
DOM_003068,2023,25,,,,,,,,
DOM_003069,2022,11,,,,,,,,
DOM_003069,2023,14,,,,,,,,
DOM_003070,2022,31,,,,,,,,
DOM_003070,2023,36,,,,,,,,
DOM_003071,2022,152,,,,,,,,
DOM_003071,2023,184,,,,,,,,
DOM_003072,2022,37,,,,,,,,
DOM_003072,2023,35,,,,,,,,
DOM_003073,2022,11,,,,,,,,
DOM_003073,2023,12,,,,,,,,
DOM_003074,2022,67,,,,,,,,
DOM_003074,2023,46,,,,,,,,
DOM_003075,2022,706,,,,,,,,
DOM_003075,2023,692,,,,,,,,
DOM_003076,2022,752,,,,,,,,
DOM_003076,2023,812,,,,,,,,
DOM_003077,2022,39,,,,,,,,
DOM_003077,2023,41,,,,,,,,
DOM_003078,2022,1202,,,,,,,,
DOM_003078,2023,1208,,,,,,,,
DOM_003079,2022,55,,,,,,,,
DOM_003079,2023,65,,,,,,,,
DOM_003080,2022,107,,,,,,,,
DOM_003080,2023,107,,,,,,,,
DOM_003081,2022,63,,,,,,,,
DOM_003081,2023,57,,,,,,,,
DOM_003082,2022,181,,,,,,,,
DOM_003082,2023,177,,,,,,,,
DOM_003083,2022,265,,,,,,,,
DOM_003083,2023,256,,,,,,,,
DOM_003084,2022,55,,,,,,,,
DOM_003084,2023,55,,,,,,,,
DOM_003085,2022,161,,,,,,,,
DOM_003085,2023,144,,,,,,,,
DOM_003086,2022,69,,,,,,,,
DOM_003086,2023,70,,,,,,,,
DOM_003087,2022,663,,,,,,,,
DOM_003087,2023,559,,,,,,,,
DOM_003088,2022,533,,,,,,,,
DOM_003088,2023,483,,,,,,,,
DOM_003089,2022,1051,,,,,,,,
DOM_003089,2023,760,,,,,,,,
DOM_003090,2022,183,,,,,,,,
DOM_003090,2023,206,,,,,,,,
DOM_003091,2022,96,,,,,,,,
DOM_003091,2023,102,,,,,,,,
DOM_003092,2022,130,,,,,,,,
DOM_003092,2023,143,,,,,,,,
DOM_003093,2022,269,,,,,,,,
DOM_003093,2023,257,,,,,,,,
DOM_003094,2022,71,,,,,,,,
DOM_003094,2023,79,,,,,,,,
DOM_003095,2022,179,,,,,,,,
DOM_003095,2023,184,,,,,,,,
DOM_003096,2022,7,,,,,,,,
DOM_003096,2023,10,,,,,,,,
DOM_003097,2022,75,,,,,,,,
DOM_003097,2023,86,,,,,,,,
DOM_003098,2022,5,,,,,,,,
DOM_003098,2023,7,,,,,,,,
DOM_003099,2022,319,,,,,,,,
DOM_003099,2023,316,,,,,,,,
DOM_003100,2022,344,,,,,,,,
DOM_003100,2023,363,,,,,,,,
DOM_003101,2022,550,,,,,,,,
DOM_003101,2023,459,,,,,,,,
DOM_003102,2022,7,,,,,,,,
DOM_003102,2023,12,,,,,,,,
DOM_003103,2022,298,,,,,,,,
DOM_003103,2023,289,,,,,,,,
DOM_003104,2022,11,,,,,,,,
DOM_003104,2023,7,,,,,,,,
DOM_003105,2022,119,,,,,,,,
DOM_003105,2023,146,,,,,,,,
DOM_003106,2022,412,,,,,,,,
DOM_003106,2023,408,,,,,,,,
DOM_003107,2022,336,,,,,,,,
DOM_003107,2023,350,,,,,,,,
DOM_003108,2022,469,,,,,,,,
DOM_003108,2023,438,,,,,,,,
DOM_003109,2022,613,,,,,,,,
DOM_003109,2023,597,,,,,,,,
DOM_003110,2022,185,,,,,,,,
DOM_003110,2023,208,,,,,,,,
DOM_003111,2022,252,,,,,,,,
DOM_003111,2023,257,,,,,,,,
DOM_003112,2022,158,,,,,,,,
DOM_003112,2023,136,,,,,,,,
DOM_003113,2022,463,,,,,,,,
DOM_003113,2023,481,,,,,,,,
DOM_003114,2022,329,,,,,,,,
DOM_003114,2023,330,,,,,,,,
DOM_003115,2022,71,,,,,,,,
DOM_003115,2023,78,,,,,,,,
DOM_003116,2022,10,,,,,,,,
DOM_003116,2023,11,,,,,,,,
DOM_003117,2022,15,,,,,,,,
DOM_003117,2023,16,,,,,,,,
DOM_003118,2022,60,,,,,,,,
DOM_003118,2023,56,,,,,,,,
DOM_003119,2022,18,,,,,,,,
DOM_003119,2023,15,,,,,,,,
DOM_003120,2022,129,,,,,,,,
DOM_003120,2023,145,,,,,,,,
DOM_003121,2022,35,,,,,,,,
DOM_003121,2023,30,,,,,,,,
DOM_003122,2022,5,,,,,,,,
DOM_003122,2023,7,,,,,,,,
DOM_003123,2022,125,,,,,,,,
DOM_003123,2023,112,,,,,,,,
DOM_003124,2022,93,,,,,,,,
DOM_003124,2023,94,,,,,,,,
DOM_003125,2022,3,,,,,,,,
DOM_003125,2023,6,,,,,,,,
DOM_003126,2022,23,,,,,,,,
DOM_003126,2023,18,,,,,,,,
DOM_003127,2022,55,,,,,,,,
DOM_003127,2023,55,,,,,,,,
DOM_003128,2022,140,,,,,,,,
DOM_003128,2023,145,,,,,,,,
DOM_003129,2022,17,,,,,,,,
DOM_003129,2023,11,,,,,,,,
DOM_003130,2022,107,,,,,,,,
DOM_003130,2023,116,,,,,,,,
DOM_003131,2022,59,,,,,,,,
DOM_003131,2023,64,,,,,,,,
DOM_003132,2022,80,,,,,,,,
DOM_003132,2023,81,,,,,,,,
DOM_003133,2022,6,,,,,,,,
DOM_003133,2023,4,,,,,,,,
DOM_003134,2022,38,,,,,,,,
DOM_003134,2023,31,,,,,,,,
DOM_003135,2022,23,,,,,,,,
DOM_003135,2023,16,,,,,,,,
DOM_003136,2022,272,,,,,,,,
DOM_003136,2023,249,,,,,,,,
DOM_003137,2022,81,,,,,,,,
DOM_003137,2023,88,,,,,,,,
DOM_003138,2022,221,,,,,,,,
DOM_003138,2023,216,,,,,,,,
DOM_003139,2022,103,,,,,,,,
DOM_003139,2023,109,,,,,,,,
DOM_003140,2022,108,,,,,,,,
DOM_003140,2023,116,,,,,,,,
DOM_003141,2022,65,,,,,,,,
DOM_003141,2023,66,,,,,,,,
DOM_003142,2022,3,,,,,,,,
DOM_003142,2023,6,,,,,,,,
DOM_003143,2022,91,,,,,,,,
DOM_003143,2023,100,,,,,,,,
DOM_003144,2022,58,,,,,,,,
DOM_003144,2023,56,,,,,,,,
DOM_003145,2022,43,,,,,,,,
DOM_003145,2023,39,,,,,,,,
DOM_003146,2022,98,,,,,,,,
DOM_003146,2023,100,,,,,,,,
DOM_003147,2022,20,,,,,,,,
DOM_003147,2023,17,,,,,,,,
DOM_003148,2022,137,,,,,,,,
DOM_003148,2023,128,,,,,,,,
DOM_003149,2022,74,,,,,,,,
DOM_003149,2023,78,,,,,,,,
DOM_003150,2022,7,,,,,,,,
DOM_003150,2023,6,,,,,,,,
DOM_003151,2022,26,,,,,,,,
DOM_003151,2023,29,,,,,,,,
DOM_003152,2022,10,,,,,,,,
DOM_003152,2023,6,,,,,,,,
DOM_003153,2022,163,,,,,,,,
DOM_003153,2023,171,,,,,,,,
DOM_003154,2022,87,,,,,,,,
DOM_003154,2023,71,,,,,,,,
DOM_003155,2022,118,,,,,,,,
DOM_003155,2023,114,,,,,,,,
DOM_003156,2022,64,,,,,,,,
DOM_003156,2023,57,,,,,,,,
DOM_003157,2022,230,,,,,,,,
DOM_003157,2023,217,,,,,,,,
DOM_003158,2022,402,,,,,,,,
DOM_003158,2023,401,,,,,,,,
DOM_003159,2022,80,,,,,,,,
DOM_003159,2023,100,,,,,,,,
DOM_003160,2022,65,,,,,,,,
DOM_003160,2023,61,,,,,,,,
DOM_003161,2022,19,,,,,,,,
DOM_003161,2023,21,,,,,,,,
DOM_003162,2022,53,,,,,,,,
DOM_003162,2023,61,,,,,,,,
DOM_003163,2022,272,,,,,,,,
DOM_003163,2023,288,,,,,,,,
DOM_003164,2022,129,,,,,,,,
DOM_003164,2023,157,,,,,,,,
DOM_003165,2022,77,,,,,,,,
DOM_003165,2023,82,,,,,,,,
DOM_003166,2022,6,,,,,,,,
DOM_003166,2023,6,,,,,,,,
DOM_003167,2022,36,,,,,,,,
DOM_003167,2023,34,,,,,,,,
DOM_003168,2022,26,,,,,,,,
DOM_003168,2023,24,,,,,,,,
DOM_003169,2022,33,,,,,,,,
DOM_003169,2023,35,,,,,,,,
DOM_003170,2022,65,,,,,,,,
DOM_003170,2023,69,,,,,,,,
DOM_003171,2022,63,,,,,,,,
DOM_003171,2023,70,,,,,,,,
DOM_003172,2022,8,,,,,,,,
DOM_003172,2023,6,,,,,,,,
DOM_003173,2022,187,,,,,,,,
DOM_003173,2023,176,,,,,,,,
DOM_003174,2022,279,,,,,,,,
DOM_003174,2023,260,,,,,,,,
DOM_003175,2022,739,,,,,,,,
DOM_003175,2023,776,,,,,,,,
DOM_003176,2022,422,,,,,,,,
DOM_003176,2023,439,,,,,,,,
DOM_003177,2022,135,,,,,,,,
DOM_003177,2023,140,,,,,,,,
DOM_003178,2022,45,,,,,,,,
DOM_003178,2023,45,,,,,,,,
DOM_003179,2022,67,,,,,,,,
DOM_003179,2023,76,,,,,,,,
DOM_003180,2022,67,,,,,,,,
DOM_003180,2023,68,,,,,,,,
DOM_003181,2022,11,,,,,,,,
DOM_003181,2023,10,,,,,,,,
DOM_003182,2022,213,,,,,,,,
DOM_003182,2023,235,,,,,,,,
DOM_003183,2022,35,,,,,,,,
DOM_003183,2023,55,,,,,,,,
DOM_003184,2022,172,,,,,,,,
DOM_003184,2023,183,,,,,,,,
DOM_003185,2022,31,,,,,,,,
DOM_003185,2023,30,,,,,,,,
DOM_003186,2022,59,,,,,,,,
DOM_003186,2023,55,,,,,,,,
DOM_003187,2022,122,,,,,,,,
DOM_003187,2023,136,,,,,,,,
DOM_003188,2022,11,,,,,,,,
DOM_003188,2023,16,,,,,,,,
DOM_003189,2022,88,,,,,,,,
DOM_003189,2023,84,,,,,,,,
DOM_003190,2022,857,,,,,,,,
DOM_003190,2023,845,,,,,,,,
DOM_003191,2022,184,,,,,,,,
DOM_003191,2023,170,,,,,,,,
DOM_003192,2022,93,,,,,,,,
DOM_003192,2023,86,,,,,,,,
DOM_003193,2022,297,,,,,,,,
DOM_003193,2023,296,,,,,,,,
DOM_003194,2022,18,,,,,,,,
DOM_003194,2023,26,,,,,,,,
DOM_003195,2022,234,,,,,,,,
DOM_003195,2023,235,,,,,,,,
DOM_003196,2022,170,,,,,,,,
DOM_003196,2023,174,,,,,,,,
DOM_003197,2022,329,,,,,,,,
DOM_003197,2023,364,,,,,,,,
DOM_003198,2022,361,,,,,,,,
DOM_003198,2023,362,,,,,,,,
DOM_003199,2022,38,,,,,,,,
DOM_003199,2023,40,,,,,,,,
DOM_003200,2022,130,,,,,,,,
DOM_003200,2023,116,,,,,,,,
DOM_003201,2022,108,,,,,,,,
DOM_003201,2023,96,,,,,,,,
DOM_003202,2022,52,,,,,,,,
DOM_003202,2023,39,,,,,,,,
DOM_003203,2022,39,,,,,,,,
DOM_003203,2023,28,,,,,,,,
DOM_003204,2022,15,,,,,,,,
DOM_003204,2023,17,,,,,,,,
DOM_003205,2022,62,,,,,,,,
DOM_003205,2023,49,,,,,,,,
DOM_003206,2022,10,,,,,,,,
DOM_003206,2023,27,,,,,,,,
DOM_003207,2022,126,,,,,,,,
DOM_003207,2023,120,,,,,,,,
DOM_003208,2022,105,,,,,,,,
DOM_003208,2023,111,,,,,,,,
DOM_003209,2022,105,,,,,,,,
DOM_003209,2023,80,,,,,,,,
DOM_003210,2022,161,,,,,,,,
DOM_003210,2023,123,,,,,,,,
DOM_003211,2022,66,,,,,,,,
DOM_003211,2023,62,,,,,,,,
DOM_003212,2022,374,,,,,,,,
DOM_003212,2023,391,,,,,,,,
DOM_003213,2022,195,,,,,,,,
DOM_003213,2023,189,,,,,,,,
DOM_003214,2022,174,,,,,,,,
DOM_003214,2023,162,,,,,,,,
DOM_003215,2022,5,,,,,,,,
DOM_003216,2022,44,,,,,,,,
DOM_003216,2023,41,,,,,,,,
DOM_003217,2022,122,,,,,,,,
DOM_003217,2023,141,,,,,,,,
DOM_003218,2022,76,,,,,,,,
DOM_003218,2023,67,,,,,,,,
DOM_003219,2022,56,,,,,,,,
DOM_003219,2023,41,,,,,,,,
DOM_003220,2022,7,,,,,,,,
DOM_003220,2023,8,,,,,,,,
DOM_003221,2022,13,,,,,,,,
DOM_003221,2023,13,,,,,,,,
DOM_003222,2022,90,,,,,,,,
DOM_003222,2023,90,,,,,,,,
DOM_003223,2022,33,,,,,,,,
DOM_003223,2023,40,,,,,,,,
DOM_003224,2022,5,,,,,,,,
DOM_003224,2023,8,,,,,,,,
DOM_003225,2022,44,,,,,,,,
DOM_003225,2023,61,,,,,,,,
DOM_003226,2022,33,,,,,,,,
DOM_003226,2023,40,,,,,,,,
DOM_003227,2022,16,,,,,,,,
DOM_003227,2023,17,,,,,,,,
DOM_003228,2022,199,,,,,,,,
DOM_003228,2023,210,,,,,,,,
DOM_003229,2022,32,,,,,,,,
DOM_003229,2023,31,,,,,,,,
DOM_003230,2022,241,,,,,,,,
DOM_003230,2023,272,,,,,,,,
DOM_003231,2022,29,,,,,,,,
DOM_003231,2023,24,,,,,,,,
DOM_003232,2022,160,,,,,,,,
DOM_003232,2023,166,,,,,,,,
DOM_003233,2022,177,,,,,,,,
DOM_003233,2023,183,,,,,,,,
DOM_003234,2022,118,,,,,,,,
DOM_003234,2023,134,,,,,,,,
DOM_003235,2022,28,,,,,,,,
DOM_003235,2023,27,,,,,,,,
DOM_003236,2022,231,,,,,,,,
DOM_003236,2023,269,,,,,,,,
DOM_003237,2022,56,,,,,,,,
DOM_003237,2023,61,,,,,,,,
DOM_003238,2022,237,,,,,,,,
DOM_003238,2023,234,,,,,,,,
DOM_003239,2022,51,,,,,,,,
DOM_003239,2023,67,,,,,,,,
DOM_003240,2022,18,,,,,,,,
DOM_003240,2023,22,,,,,,,,
DOM_003241,2022,54,,,,,,,,
DOM_003241,2023,61,,,,,,,,
DOM_003242,2022,1212,,,,,,,,
DOM_003242,2023,1226,,,,,,,,
DOM_003243,2022,1240,,,,,,,,
DOM_003243,2023,851,,,,,,,,
DOM_003244,2022,1052,,,,,,,,
DOM_003244,2023,1072,,,,,,,,
DOM_003245,2022,895,,,,,,,,
DOM_003245,2023,948,,,,,,,,
DOM_003246,2022,755,,,,,,,,
DOM_003246,2023,779,,,,,,,,
DOM_003247,2022,483,,,,,,,,
DOM_003247,2023,475,,,,,,,,
DOM_003248,2022,1690,,,,,,,,
DOM_003248,2023,1709,,,,,,,,
DOM_003249,2022,706,,,,,,,,
DOM_003249,2023,690,,,,,,,,
DOM_003250,2022,1645,,,,,,,,
DOM_003250,2023,1774,,,,,,,,
DOM_003251,2022,255,,,,,,,,
DOM_003251,2023,308,,,,,,,,
DOM_003252,2022,213,,,,,,,,
DOM_003252,2023,224,,,,,,,,
DOM_003253,2022,632,,,,,,,,
DOM_003253,2023,620,,,,,,,,
DOM_003254,2022,537,,,,,,,,
DOM_003254,2023,505,,,,,,,,
DOM_003255,2022,426,,,,,,,,
DOM_003255,2023,451,,,,,,,,
DOM_003256,2022,1202,,,,,,,,
DOM_003256,2023,1117,,,,,,,,
DOM_003257,2022,451,,,,,,,,
DOM_003257,2023,465,,,,,,,,
DOM_003258,2022,740,,,,,,,,
DOM_003258,2023,742,,,,,,,,
DOM_003259,2022,1367,,,,,,,,
DOM_003259,2023,1408,,,,,,,,
DOM_003260,2022,1090,,,,,,,,
DOM_003260,2023,1081,,,,,,,,
DOM_003261,2022,387,,,,,,,,
DOM_003261,2023,429,,,,,,,,
DOM_003262,2022,525,,,,,,,,
DOM_003262,2023,519,,,,,,,,
DOM_003263,2022,508,,,,,,,,
DOM_003263,2023,519,,,,,,,,
DOM_003264,2022,380,,,,,,,,
DOM_003264,2023,387,,,,,,,,
DOM_003265,2022,676,,,,,,,,
DOM_003265,2023,724,,,,,,,,
DOM_003266,2022,153,,,,,,,,
DOM_003266,2023,146,,,,,,,,
DOM_003267,2022,906,,,,,,,,
DOM_003267,2023,784,,,,,,,,
DOM_003268,2022,70,,,,,,,,
DOM_003268,2023,62,,,,,,,,
DOM_003269,2022,545,,,,,,,,
DOM_003269,2023,527,,,,,,,,
DOM_003270,2022,764,,,,,,,,
DOM_003270,2023,730,,,,,,,,
DOM_003271,2022,448,,,,,,,,
DOM_003271,2023,432,,,,,,,,
DOM_003272,2022,25,,,,,,,,
DOM_003272,2023,20,,,,,,,,
DOM_003273,2022,107,,,,,,,,
DOM_003274,2022,510,,,,,,,,
DOM_003274,2023,429,,,,,,,,
DOM_003275,2022,85,,,,,,,,
DOM_003275,2023,93,,,,,,,,
DOM_003276,2022,543,,,,,,,,
DOM_003276,2023,568,,,,,,,,
DOM_003277,2022,222,,,,,,,,
DOM_003277,2023,264,,,,,,,,
DOM_003278,2022,1022,,,,,,,,
DOM_003278,2023,816,,,,,,,,
DOM_003279,2022,228,,,,,,,,
DOM_003279,2023,220,,,,,,,,
DOM_003280,2022,442,,,,,,,,
DOM_003280,2023,428,,,,,,,,
DOM_003281,2022,132,,,,,,,,
DOM_003281,2023,137,,,,,,,,
DOM_003282,2022,289,,,,,,,,
DOM_003282,2023,291,,,,,,,,
DOM_003283,2022,13,,,,,,,,
DOM_003283,2023,13,,,,,,,,
DOM_003284,2022,95,,,,,,,,
DOM_003285,2022,185,,,,,,,,
DOM_003285,2023,200,,,,,,,,
DOM_003286,2022,62,,,,,,,,
DOM_003286,2023,74,,,,,,,,
DOM_003287,2022,132,,,,,,,,
DOM_003287,2023,129,,,,,,,,
DOM_003288,2022,179,,,,,,,,
DOM_003288,2023,166,,,,,,,,
DOM_003289,2022,1100,,,,,,,,
DOM_003289,2023,1106,,,,,,,,
DOM_003290,2022,245,,,,,,,,
DOM_003290,2023,255,,,,,,,,
DOM_003291,2022,222,,,,,,,,
DOM_003291,2023,226,,,,,,,,
DOM_003292,2022,648,,,,,,,,
DOM_003292,2023,672,,,,,,,,
DOM_003293,2022,336,,,,,,,,
DOM_003293,2023,307,,,,,,,,
DOM_003294,2022,61,,,,,,,,
DOM_003294,2023,62,,,,,,,,
DOM_003295,2022,138,,,,,,,,
DOM_003295,2023,135,,,,,,,,
DOM_003296,2022,93,,,,,,,,
DOM_003296,2023,90,,,,,,,,
DOM_003297,2022,146,,,,,,,,
DOM_003297,2023,149,,,,,,,,
DOM_003298,2022,115,,,,,,,,
DOM_003298,2023,112,,,,,,,,
DOM_003299,2022,146,,,,,,,,
DOM_003299,2023,161,,,,,,,,
DOM_003300,2022,167,,,,,,,,
DOM_003300,2023,139,,,,,,,,
DOM_003301,2022,201,,,,,,,,
DOM_003301,2023,203,,,,,,,,
DOM_003302,2022,157,,,,,,,,
DOM_003302,2023,132,,,,,,,,
DOM_003303,2022,254,,,,,,,,
DOM_003303,2023,254,,,,,,,,
DOM_003304,2022,260,,,,,,,,
DOM_003304,2023,260,,,,,,,,
DOM_003305,2022,59,,,,,,,,
DOM_003305,2023,75,,,,,,,,
DOM_003306,2022,7,,,,,,,,
DOM_003307,2022,350,,,,,,,,
DOM_003307,2023,356,,,,,,,,
DOM_003308,2022,518,,,,,,,,
DOM_003308,2023,532,,,,,,,,
DOM_003309,2022,374,,,,,,,,
DOM_003309,2023,346,,,,,,,,
DOM_003310,2022,428,,,,,,,,
DOM_003310,2023,440,,,,,,,,
DOM_003311,2022,179,,,,,,,,
DOM_003311,2023,192,,,,,,,,
DOM_003312,2022,470,,,,,,,,
DOM_003312,2023,448,,,,,,,,
DOM_003313,2022,158,,,,,,,,
DOM_003313,2023,178,,,,,,,,
DOM_003314,2022,162,,,,,,,,
DOM_003314,2023,153,,,,,,,,
DOM_003315,2022,205,,,,,,,,
DOM_003315,2023,180,,,,,,,,
DOM_003316,2022,697,,,,,,,,
DOM_003316,2023,674,,,,,,,,
DOM_003317,2022,226,,,,,,,,
DOM_003317,2023,202,,,,,,,,
DOM_003318,2022,370,,,,,,,,
DOM_003318,2023,377,,,,,,,,
DOM_003319,2022,252,,,,,,,,
DOM_003319,2023,266,,,,,,,,
DOM_003320,2022,478,,,,,,,,
DOM_003320,2023,547,,,,,,,,
DOM_003321,2022,359,,,,,,,,
DOM_003321,2023,352,,,,,,,,
DOM_003322,2022,305,,,,,,,,
DOM_003322,2023,173,,,,,,,,
DOM_003323,2022,29,,,,,,,,
DOM_003323,2023,33,,,,,,,,
DOM_003324,2022,11,,,,,,,,
DOM_003324,2023,15,,,,,,,,
DOM_003325,2022,15,,,,,,,,
DOM_003325,2023,17,,,,,,,,
DOM_003326,2022,133,,,,,,,,
DOM_003326,2023,132,,,,,,,,
DOM_003327,2022,172,,,,,,,,
DOM_003327,2023,191,,,,,,,,
DOM_003328,2022,61,,,,,,,,
DOM_003328,2023,51,,,,,,,,
DOM_003329,2022,24,,,,,,,,
DOM_003329,2023,30,,,,,,,,
DOM_003330,2022,194,,,,,,,,
DOM_003330,2023,192,,,,,,,,
DOM_003331,2022,61,,,,,,,,
DOM_003331,2023,59,,,,,,,,
DOM_003332,2022,129,,,,,,,,
DOM_003332,2023,173,,,,,,,,
DOM_003333,2022,402,,,,,,,,
DOM_003333,2023,430,,,,,,,,
DOM_003334,2022,567,,,,,,,,
DOM_003334,2023,609,,,,,,,,
DOM_003335,2022,67,,,,,,,,
DOM_003335,2023,79,,,,,,,,
DOM_003336,2022,714,,,,,,,,
DOM_003336,2023,680,,,,,,,,
DOM_003337,2022,566,,,,,,,,
DOM_003337,2023,540,,,,,,,,
DOM_003338,2022,97,,,,,,,,
DOM_003338,2023,90,,,,,,,,
DOM_003339,2022,19,,,,,,,,
DOM_003339,2023,21,,,,,,,,
DOM_003340,2022,79,,,,,,,,
DOM_003340,2023,92,,,,,,,,
DOM_003341,2022,24,,,,,,,,
DOM_003341,2023,24,,,,,,,,
DOM_003342,2022,501,,,,,,,,
DOM_003342,2023,523,,,,,,,,
DOM_003343,2022,50,,,,,,,,
DOM_003343,2023,58,,,,,,,,
DOM_003344,2022,76,,,,,,,,
DOM_003344,2023,73,,,,,,,,
DOM_003345,2022,93,,,,,,,,
DOM_003345,2023,93,,,,,,,,
DOM_003346,2022,408,,,,,,,,
DOM_003346,2023,471,,,,,,,,
DOM_003347,2022,318,,,,,,,,
DOM_003347,2023,330,,,,,,,,
DOM_003348,2022,18,,,,,,,,
DOM_003348,2023,14,,,,,,,,
DOM_003349,2022,43,,,,,,,,
DOM_003349,2023,48,,,,,,,,
DOM_003350,2022,24,,,,,,,,
DOM_003350,2023,28,,,,,,,,
DOM_003351,2022,76,,,,,,,,
DOM_003351,2023,85,,,,,,,,
DOM_003352,2022,17,,,,,,,,
DOM_003352,2023,15,,,,,,,,
DOM_003353,2022,42,,,,,,,,
DOM_003353,2023,40,,,,,,,,
DOM_003354,2022,7,,,,,,,,
DOM_003354,2023,10,,,,,,,,
DOM_003355,2022,8,,,,,,,,
DOM_003355,2023,4,,,,,,,,
DOM_003356,2022,27,,,,,,,,
DOM_003356,2023,24,,,,,,,,
DOM_003357,2022,10,,,,,,,,
DOM_003357,2023,11,,,,,,,,
DOM_003358,2022,40,,,,,,,,
DOM_003358,2023,40,,,,,,,,
DOM_003359,2022,13,,,,,,,,
DOM_003359,2023,15,,,,,,,,
DOM_003360,2022,8,,,,,,,,
DOM_003360,2023,9,,,,,,,,
DOM_003361,2022,22,,,,,,,,
DOM_003361,2023,21,,,,,,,,
DOM_003362,2022,18,,,,,,,,
DOM_003362,2023,20,,,,,,,,
DOM_003363,2022,118,,,,,,,,
DOM_003363,2023,127,,,,,,,,
DOM_003364,2022,6,,,,,,,,
DOM_003365,2022,7,,,,,,,,
DOM_003365,2023,10,,,,,,,,
DOM_003366,2022,12,,,,,,,,
DOM_003366,2023,11,,,,,,,,
DOM_003367,2022,7,,,,,,,,
DOM_003367,2023,10,,,,,,,,
DOM_003368,2022,7,,,,,,,,
DOM_003368,2023,12,,,,,,,,
DOM_003369,2022,56,,,,,,,,
DOM_003369,2023,50,,,,,,,,
DOM_003370,2022,128,,,,,,,,
DOM_003370,2023,144,,,,,,,,
DOM_003371,2022,15,,,,,,,,
DOM_003371,2023,13,,,,,,,,
DOM_003372,2022,8,,,,,,,,
DOM_003372,2023,13,,,,,,,,
DOM_003373,2022,31,,,,,,,,
DOM_003373,2023,35,,,,,,,,
DOM_003374,2022,7,,,,,,,,
DOM_003374,2023,10,,,,,,,,
DOM_003375,2022,502,,,,,,,,
DOM_003375,2023,405,,,,,,,,
DOM_003376,2022,494,,,,,,,,
DOM_003376,2023,524,,,,,,,,
DOM_003377,2022,101,,,,,,,,
DOM_003377,2023,109,,,,,,,,
DOM_003378,2022,310,,,,,,,,
DOM_003378,2023,324,,,,,,,,
DOM_003379,2022,120,,,,,,,,
DOM_003379,2023,127,,,,,,,,
DOM_003380,2022,403,,,,,,,,
DOM_003380,2023,415,,,,,,,,
DOM_003381,2022,284,,,,,,,,
DOM_003381,2023,289,,,,,,,,
DOM_003382,2022,43,,,,,,,,
DOM_003382,2023,54,,,,,,,,
DOM_003383,2022,282,,,,,,,,
DOM_003383,2023,333,,,,,,,,
DOM_003384,2022,155,,,,,,,,
DOM_003384,2023,148,,,,,,,,
DOM_003385,2022,642,,,,,,,,
DOM_003385,2023,649,,,,,,,,
DOM_003386,2022,12,,,,,,,,
DOM_003386,2023,12,,,,,,,,
DOM_003387,2022,103,,,,,,,,
DOM_003387,2023,92,,,,,,,,
DOM_003388,2022,259,,,,,,,,
DOM_003388,2023,267,,,,,,,,
DOM_003389,2022,48,,,,,,,,
DOM_003389,2023,53,,,,,,,,
DOM_003390,2022,10,,,,,,,,
DOM_003391,2022,169,,,,,,,,
DOM_003391,2023,171,,,,,,,,
DOM_003392,2022,8,,,,,,,,
DOM_003392,2023,8,,,,,,,,
DOM_003393,2022,70,,,,,,,,
DOM_003393,2023,69,,,,,,,,
DOM_003394,2022,83,,,,,,,,
DOM_003394,2023,92,,,,,,,,
DOM_003395,2022,47,,,,,,,,
DOM_003395,2023,49,,,,,,,,
DOM_003396,2022,9,,,,,,,,
DOM_003396,2023,7,,,,,,,,
DOM_003397,2022,31,,,,,,,,
DOM_003397,2023,30,,,,,,,,
DOM_003398,2022,37,,,,,,,,
DOM_003398,2023,28,,,,,,,,
DOM_003399,2022,123,,,,,,,,
DOM_003399,2023,117,,,,,,,,
DOM_003400,2022,11,,,,,,,,
DOM_003400,2023,10,,,,,,,,
DOM_003401,2022,37,,,,,,,,
DOM_003401,2023,36,,,,,,,,
DOM_003402,2022,110,,,,,,,,
DOM_003402,2023,109,,,,,,,,
DOM_003403,2022,37,,,,,,,,
DOM_003403,2023,33,,,,,,,,
DOM_003404,2022,44,,,,,,,,
DOM_003404,2023,39,,,,,,,,
DOM_003405,2022,16,,,,,,,,
DOM_003405,2023,11,,,,,,,,
DOM_003406,2022,67,,,,,,,,
DOM_003406,2023,77,,,,,,,,
DOM_003407,2022,64,,,,,,,,
DOM_003407,2023,74,,,,,,,,
DOM_003408,2022,54,,,,,,,,
DOM_003408,2023,55,,,,,,,,
DOM_003409,2022,65,,,,,,,,
DOM_003409,2023,71,,,,,,,,
DOM_003410,2022,99,,,,,,,,
DOM_003410,2023,117,,,,,,,,
DOM_003411,2022,22,,,,,,,,
DOM_003411,2023,9,,,,,,,,
DOM_003412,2022,77,,,,,,,,
DOM_003412,2023,89,,,,,,,,
DOM_003413,2022,54,,,,,,,,
DOM_003413,2023,63,,,,,,,,
DOM_003414,2022,6,,,,,,,,
DOM_003415,2022,11,,,,,,,,
DOM_003415,2023,8,,,,,,,,
DOM_003416,2022,73,,,,,,,,
DOM_003416,2023,81,,,,,,,,
DOM_003417,2022,11,,,,,,,,
DOM_003417,2023,15,,,,,,,,
DOM_003418,2022,7,,,,,,,,
DOM_003418,2023,7,,,,,,,,
DOM_003419,2022,172,,,,,,,,
DOM_003419,2023,126,,,,,,,,
DOM_003420,2022,46,,,,,,,,
DOM_003420,2023,46,,,,,,,,
DOM_003421,2022,61,,,,,,,,
DOM_003421,2023,58,,,,,,,,
DOM_003422,2022,491,,,,,,,,
DOM_003422,2023,552,,,,,,,,
DOM_003423,2022,714,,,,,,,,
DOM_003423,2023,616,,,,,,,,
DOM_003424,2022,475,,,,,,,,
DOM_003424,2023,522,,,,,,,,
DOM_003425,2022,210,,,,,,,,
DOM_003425,2023,208,,,,,,,,
DOM_003426,2022,57,,,,,,,,
DOM_003426,2023,58,,,,,,,,
DOM_003427,2022,193,,,,,,,,
DOM_003427,2023,180,,,,,,,,
DOM_003428,2022,114,,,,,,,,
DOM_003428,2023,114,,,,,,,,
DOM_003429,2022,57,,,,,,,,
DOM_003429,2023,64,,,,,,,,
DOM_003430,2022,371,,,,,,,,
DOM_003430,2023,401,,,,,,,,
DOM_003431,2022,27,,,,,,,,
DOM_003431,2023,26,,,,,,,,
DOM_003432,2022,121,,,,,,,,
DOM_003432,2023,126,,,,,,,,
DOM_003433,2022,57,,,,,,,,
DOM_003433,2023,62,,,,,,,,
DOM_003434,2022,176,,,,,,,,
DOM_003434,2023,173,,,,,,,,
DOM_003435,2022,35,,,,,,,,
DOM_003435,2023,33,,,,,,,,
DOM_003436,2022,429,,,,,,,,
DOM_003436,2023,451,,,,,,,,
DOM_003437,2022,125,,,,,,,,
DOM_003437,2023,127,,,,,,,,
DOM_003438,2022,91,,,,,,,,
DOM_003438,2023,90,,,,,,,,
DOM_003439,2022,41,,,,,,,,
DOM_003439,2023,36,,,,,,,,
DOM_003440,2022,357,,,,,,,,
DOM_003440,2023,306,,,,,,,,
DOM_003441,2022,51,,,,,,,,
DOM_003441,2023,56,,,,,,,,
DOM_003442,2022,721,,,,,,,,
DOM_003442,2023,732,,,,,,,,
DOM_003443,2022,30,,,,,,,,
DOM_003443,2023,34,,,,,,,,
DOM_003444,2022,166,,,,,,,,
DOM_003444,2023,196,,,,,,,,
DOM_003445,2022,42,,,,,,,,
DOM_003445,2023,41,,,,,,,,
DOM_003446,2022,165,,,,,,,,
DOM_003446,2023,191,,,,,,,,
DOM_003447,2022,198,,,,,,,,
DOM_003447,2023,168,,,,,,,,
DOM_003448,2022,341,,,,,,,,
DOM_003448,2023,363,,,,,,,,
DOM_003449,2022,213,,,,,,,,
DOM_003449,2023,224,,,,,,,,
DOM_003450,2022,228,,,,,,,,
DOM_003450,2023,263,,,,,,,,
DOM_003451,2022,395,,,,,,,,
DOM_003451,2023,407,,,,,,,,
DOM_003452,2022,310,,,,,,,,
DOM_003452,2023,303,,,,,,,,
DOM_003453,2022,153,,,,,,,,
DOM_003453,2023,426,,,,,,,,
DOM_003454,2022,139,,,,,,,,
DOM_003454,2023,140,,,,,,,,
DOM_003455,2022,344,,,,,,,,
DOM_003455,2023,123,,,,,,,,
DOM_003456,2022,174,,,,,,,,
DOM_003456,2023,181,,,,,,,,
DOM_003457,2022,46,,,,,,,,
DOM_003457,2023,48,,,,,,,,
DOM_003458,2022,21,,,,,,,,
DOM_003458,2023,18,,,,,,,,
DOM_003459,2022,108,,,,,,,,
DOM_003459,2023,108,,,,,,,,
DOM_003460,2022,15,,,,,,,,
DOM_003460,2023,21,,,,,,,,
DOM_003461,2022,10,,,,,,,,
DOM_003461,2023,13,,,,,,,,
DOM_003462,2022,9,,,,,,,,
DOM_003462,2023,7,,,,,,,,
DOM_003463,2022,35,,,,,,,,
DOM_003463,2023,31,,,,,,,,
DOM_003464,2022,14,,,,,,,,
DOM_003464,2023,15,,,,,,,,
DOM_003465,2022,108,,,,,,,,
DOM_003465,2023,113,,,,,,,,
DOM_003466,2022,21,,,,,,,,
DOM_003466,2023,21,,,,,,,,
DOM_003467,2022,101,,,,,,,,
DOM_003467,2023,119,,,,,,,,
DOM_003468,2022,44,,,,,,,,
DOM_003468,2023,51,,,,,,,,
DOM_003469,2022,97,,,,,,,,
DOM_003469,2023,121,,,,,,,,
DOM_003470,2022,31,,,,,,,,
DOM_003470,2023,30,,,,,,,,
DOM_003471,2022,230,,,,,,,,
DOM_003471,2023,182,,,,,,,,
DOM_003472,2022,69,,,,,,,,
DOM_003472,2023,63,,,,,,,,
DOM_003473,2022,182,,,,,,,,
DOM_003473,2023,196,,,,,,,,
DOM_003474,2022,83,,,,,,,,
DOM_003474,2023,118,,,,,,,,
DOM_003475,2022,27,,,,,,,,
DOM_003475,2023,26,,,,,,,,
DOM_003476,2022,113,,,,,,,,
DOM_003476,2023,142,,,,,,,,
DOM_003477,2022,422,,,,,,,,
DOM_003477,2023,457,,,,,,,,
DOM_003478,2022,317,,,,,,,,
DOM_003478,2023,334,,,,,,,,
DOM_003479,2022,245,,,,,,,,
DOM_003479,2023,239,,,,,,,,
DOM_003480,2022,396,,,,,,,,
DOM_003480,2023,476,,,,,,,,
DOM_003481,2022,384,,,,,,,,
DOM_003481,2023,414,,,,,,,,
DOM_003482,2022,148,,,,,,,,
DOM_003482,2023,143,,,,,,,,
DOM_003483,2022,282,,,,,,,,
DOM_003483,2023,296,,,,,,,,
DOM_003484,2022,15,,,,,,,,
DOM_003485,2022,271,,,,,,,,
DOM_003485,2023,282,,,,,,,,
DOM_003486,2022,173,,,,,,,,
DOM_003486,2023,176,,,,,,,,
DOM_003487,2022,421,,,,,,,,
DOM_003487,2023,384,,,,,,,,
DOM_003488,2022,1300,,,,,,,,
DOM_003488,2023,1384,,,,,,,,
DOM_003489,2022,223,,,,,,,,
DOM_003489,2023,269,,,,,,,,
DOM_003490,2022,55,,,,,,,,
DOM_003490,2023,51,,,,,,,,
DOM_003491,2022,203,,,,,,,,
DOM_003491,2023,211,,,,,,,,
DOM_003492,2022,17,,,,,,,,
DOM_003492,2023,17,,,,,,,,
DOM_003493,2022,243,,,,,,,,
DOM_003493,2023,227,,,,,,,,
DOM_003494,2022,72,,,,,,,,
DOM_003494,2023,63,,,,,,,,
DOM_003495,2022,811,,,,,,,,
DOM_003495,2023,815,,,,,,,,
DOM_003496,2022,52,,,,,,,,
DOM_003496,2023,56,,,,,,,,
DOM_003497,2022,152,,,,,,,,
DOM_003497,2023,152,,,,,,,,
DOM_003498,2022,279,,,,,,,,
DOM_003498,2023,278,,,,,,,,
DOM_003499,2022,56,,,,,,,,
DOM_003499,2023,52,,,,,,,,
DOM_003500,2022,245,,,,,,,,
DOM_003500,2023,244,,,,,,,,
DOM_003501,2022,33,,,,,,,,
DOM_003501,2023,42,,,,,,,,
DOM_003502,2022,930,,,,,,,,
DOM_003502,2023,944,,,,,,,,
DOM_003503,2022,287,,,,,,,,
DOM_003503,2023,289,,,,,,,,
DOM_003504,2022,489,,,,,,,,
DOM_003504,2023,408,,,,,,,,
DOM_003505,2022,502,,,,,,,,
DOM_003505,2023,504,,,,,,,,
DOM_003506,2022,526,,,,,,,,
DOM_003506,2023,513,,,,,,,,
DOM_003507,2022,739,,,,,,,,
DOM_003507,2023,811,,,,,,,,
DOM_003508,2022,505,,,,,,,,
DOM_003508,2023,497,,,,,,,,
DOM_003509,2022,483,,,,,,,,
DOM_003509,2023,525,,,,,,,,
DOM_003510,2022,141,,,,,,,,
DOM_003510,2023,139,,,,,,,,
DOM_003511,2022,185,,,,,,,,
DOM_003511,2023,180,,,,,,,,
DOM_003512,2022,126,,,,,,,,
DOM_003512,2023,159,,,,,,,,
DOM_003513,2022,222,,,,,,,,
DOM_003513,2023,225,,,,,,,,
DOM_003514,2022,365,,,,,,,,
DOM_003514,2023,366,,,,,,,,
DOM_003515,2022,317,,,,,,,,
DOM_003515,2023,326,,,,,,,,
DOM_003516,2022,417,,,,,,,,
DOM_003516,2023,435,,,,,,,,
DOM_003517,2022,731,,,,,,,,
DOM_003517,2023,749,,,,,,,,
DOM_003518,2022,58,,,,,,,,
DOM_003518,2023,67,,,,,,,,
DOM_003519,2022,443,,,,,,,,
DOM_003519,2023,437,,,,,,,,
DOM_003520,2022,204,,,,,,,,
DOM_003520,2023,188,,,,,,,,
DOM_003521,2022,238,,,,,,,,
DOM_003521,2023,243,,,,,,,,
DOM_003522,2022,171,,,,,,,,
DOM_003522,2023,172,,,,,,,,
DOM_003523,2022,359,,,,,,,,
DOM_003523,2023,395,,,,,,,,
DOM_003524,2022,403,,,,,,,,
DOM_003524,2023,438,,,,,,,,
DOM_003525,2022,907,,,,,,,,
DOM_003525,2023,859,,,,,,,,
DOM_003526,2022,540,,,,,,,,
DOM_003526,2023,444,,,,,,,,
DOM_003527,2022,194,,,,,,,,
DOM_003527,2023,233,,,,,,,,
DOM_003528,2022,3,,,,,,,,
DOM_003529,2022,138,,,,,,,,
DOM_003529,2023,136,,,,,,,,
DOM_003530,2022,109,,,,,,,,
DOM_003530,2023,118,,,,,,,,
DOM_003531,2022,80,,,,,,,,
DOM_003531,2023,85,,,,,,,,
DOM_003532,2022,60,,,,,,,,
DOM_003532,2023,62,,,,,,,,
DOM_003533,2022,50,,,,,,,,
DOM_003533,2023,45,,,,,,,,
DOM_003534,2022,83,,,,,,,,
DOM_003534,2023,67,,,,,,,,
DOM_003535,2022,88,,,,,,,,
DOM_003535,2023,72,,,,,,,,
DOM_003536,2022,53,,,,,,,,
DOM_003536,2023,61,,,,,,,,
DOM_003537,2022,30,,,,,,,,
DOM_003537,2023,36,,,,,,,,
DOM_003538,2022,138,,,,,,,,
DOM_003538,2023,141,,,,,,,,
DOM_003539,2022,94,,,,,,,,
DOM_003539,2023,88,,,,,,,,
DOM_003540,2022,9,,,,,,,,
DOM_003540,2023,8,,,,,,,,
DOM_003541,2022,5,,,,,,,,
DOM_003541,2023,6,,,,,,,,
DOM_003542,2022,85,,,,,,,,
DOM_003542,2023,83,,,,,,,,
DOM_003543,2022,12,,,,,,,,
DOM_003543,2023,15,,,,,,,,
DOM_003544,2022,6,,,,,,,,
DOM_003545,2022,138,,,,,,,,
DOM_003545,2023,148,,,,,,,,
DOM_003546,2022,42,,,,,,,,
DOM_003546,2023,41,,,,,,,,
DOM_003547,2022,42,,,,,,,,
DOM_003547,2023,44,,,,,,,,
DOM_003548,2022,40,,,,,,,,
DOM_003548,2023,42,,,,,,,,
DOM_003549,2022,28,,,,,,,,
DOM_003549,2023,31,,,,,,,,
DOM_003550,2022,26,,,,,,,,
DOM_003550,2023,28,,,,,,,,
DOM_003551,2022,12,,,,,,,,
DOM_003551,2023,11,,,,,,,,
DOM_003552,2022,192,,,,,,,,
DOM_003552,2023,219,,,,,,,,
DOM_003553,2022,56,,,,,,,,
DOM_003553,2023,60,,,,,,,,
DOM_003554,2022,82,,,,,,,,
DOM_003554,2023,93,,,,,,,,
DOM_003555,2022,116,,,,,,,,
DOM_003555,2023,109,,,,,,,,
DOM_003556,2022,144,,,,,,,,
DOM_003556,2023,133,,,,,,,,
DOM_003557,2022,42,,,,,,,,
DOM_003557,2023,44,,,,,,,,
DOM_003558,2022,55,,,,,,,,
DOM_003558,2023,58,,,,,,,,
DOM_003559,2022,63,,,,,,,,
DOM_003559,2023,60,,,,,,,,
DOM_003560,2022,5,,,,,,,,
DOM_003561,2022,57,,,,,,,,
DOM_003561,2023,67,,,,,,,,
DOM_003562,2022,26,,,,,,,,
DOM_003562,2023,25,,,,,,,,
DOM_003563,2022,63,,,,,,,,
DOM_003563,2023,66,,,,,,,,
DOM_003564,2022,22,,,,,,,,
DOM_003564,2023,20,,,,,,,,
DOM_003565,2022,22,,,,,,,,
DOM_003565,2023,18,,,,,,,,
DOM_003566,2022,13,,,,,,,,
DOM_003566,2023,14,,,,,,,,
DOM_003567,2022,19,,,,,,,,
DOM_003567,2023,14,,,,,,,,
DOM_003568,2022,119,,,,,,,,
DOM_003568,2023,130,,,,,,,,
DOM_003569,2022,134,,,,,,,,
DOM_003569,2023,136,,,,,,,,
DOM_003570,2022,75,,,,,,,,
DOM_003570,2023,71,,,,,,,,
DOM_003571,2022,59,,,,,,,,
DOM_003571,2023,55,,,,,,,,
DOM_003572,2022,131,,,,,,,,
DOM_003572,2023,122,,,,,,,,
DOM_003573,2022,98,,,,,,,,
DOM_003573,2023,103,,,,,,,,
DOM_003574,2022,45,,,,,,,,
DOM_003574,2023,55,,,,,,,,
DOM_003575,2022,6,,,,,,,,
DOM_003575,2023,11,,,,,,,,
DOM_003576,2022,36,,,,,,,,
DOM_003576,2023,39,,,,,,,,
DOM_003577,2022,470,,,,,,,,
DOM_003577,2023,508,,,,,,,,
DOM_003578,2022,88,,,,,,,,
DOM_003578,2023,68,,,,,,,,
DOM_003579,2022,140,,,,,,,,
DOM_003579,2023,124,,,,,,,,
DOM_003580,2022,496,,,,,,,,
DOM_003580,2023,486,,,,,,,,
DOM_003581,2022,17,,,,,,,,
DOM_003581,2023,19,,,,,,,,
DOM_003582,2022,29,,,,,,,,
DOM_003582,2023,20,,,,,,,,
DOM_003583,2022,21,,,,,,,,
DOM_003583,2023,21,,,,,,,,
DOM_003584,2022,295,,,,,,,,
DOM_003584,2023,311,,,,,,,,
DOM_003585,2022,35,,,,,,,,
DOM_003585,2023,41,,,,,,,,
DOM_003586,2022,52,,,,,,,,
DOM_003587,2022,21,,,,,,,,
DOM_003587,2023,18,,,,,,,,
DOM_003588,2022,267,,,,,,,,
DOM_003588,2023,246,,,,,,,,
DOM_003589,2022,157,,,,,,,,
DOM_003589,2023,139,,,,,,,,
DOM_003590,2022,431,,,,,,,,
DOM_003590,2023,441,,,,,,,,
DOM_003591,2022,589,,,,,,,,
DOM_003591,2023,604,,,,,,,,
DOM_003592,2022,168,,,,,,,,
DOM_003592,2023,179,,,,,,,,
DOM_003593,2022,50,,,,,,,,
DOM_003594,2022,226,,,,,,,,
DOM_003594,2023,202,,,,,,,,
DOM_003595,2022,743,,,,,,,,
DOM_003595,2023,538,,,,,,,,
DOM_003596,2022,165,,,,,,,,
DOM_003596,2023,136,,,,,,,,
DOM_003597,2022,48,,,,,,,,
DOM_003597,2023,50,,,,,,,,
DOM_003598,2022,184,,,,,,,,
DOM_003598,2023,133,,,,,,,,
DOM_003599,2022,270,,,,,,,,
DOM_003599,2023,250,,,,,,,,
DOM_003600,2022,64,,,,,,,,
DOM_003600,2023,61,,,,,,,,
DOM_003601,2022,45,,,,,,,,
DOM_003601,2023,115,,,,,,,,
DOM_003602,2022,94,,,,,,,,
DOM_003602,2023,95,,,,,,,,
DOM_003603,2022,15,,,,,,,,
DOM_003603,2023,18,,,,,,,,
DOM_003604,2022,9,,,,,,,,
DOM_003604,2023,12,,,,,,,,
DOM_003605,2022,346,,,,,,,,
DOM_003605,2023,348,,,,,,,,
DOM_003606,2022,231,,,,,,,,
DOM_003606,2023,239,,,,,,,,
DOM_003607,2022,16,,,,,,,,
DOM_003607,2023,11,,,,,,,,
DOM_003608,2022,249,,,,,,,,
DOM_003608,2023,297,,,,,,,,
DOM_003609,2022,25,,,,,,,,
DOM_003609,2023,20,,,,,,,,
DOM_003610,2022,125,,,,,,,,
DOM_003610,2023,124,,,,,,,,
DOM_003611,2022,175,,,,,,,,
DOM_003611,2023,175,,,,,,,,
DOM_003612,2022,509,,,,,,,,
DOM_003612,2023,524,,,,,,,,
DOM_003613,2022,150,,,,,,,,
DOM_003613,2023,155,,,,,,,,
DOM_003614,2022,111,,,,,,,,
DOM_003614,2023,116,,,,,,,,
DOM_003615,2022,167,,,,,,,,
DOM_003615,2023,175,,,,,,,,
DOM_003616,2022,50,,,,,,,,
DOM_003616,2023,42,,,,,,,,
DOM_003617,2022,117,,,,,,,,
DOM_003617,2023,120,,,,,,,,
DOM_003618,2022,43,,,,,,,,
DOM_003618,2023,42,,,,,,,,
DOM_003619,2022,19,,,,,,,,
DOM_003619,2023,20,,,,,,,,
DOM_003620,2022,33,,,,,,,,
DOM_003620,2023,26,,,,,,,,
DOM_003621,2022,261,,,,,,,,
DOM_003621,2023,275,,,,,,,,
DOM_003622,2022,237,,,,,,,,
DOM_003622,2023,297,,,,,,,,
DOM_003623,2022,123,,,,,,,,
DOM_003623,2023,104,,,,,,,,
DOM_003624,2022,94,,,,,,,,
DOM_003624,2023,94,,,,,,,,
DOM_003625,2022,174,,,,,,,,
DOM_003625,2023,177,,,,,,,,
DOM_003626,2022,349,,,,,,,,
DOM_003626,2023,385,,,,,,,,
DOM_003627,2022,590,,,,,,,,
DOM_003627,2023,658,,,,,,,,
DOM_003628,2022,587,,,,,,,,
DOM_003628,2023,603,,,,,,,,
DOM_003629,2022,114,,,,,,,,
DOM_003629,2023,120,,,,,,,,
DOM_003630,2022,43,,,,,,,,
DOM_003630,2023,65,,,,,,,,
DOM_003631,2022,138,,,,,,,,
DOM_003631,2023,128,,,,,,,,
DOM_003632,2022,135,,,,,,,,
DOM_003632,2023,123,,,,,,,,
DOM_003633,2022,302,,,,,,,,
DOM_003633,2023,304,,,,,,,,
DOM_003634,2022,168,,,,,,,,
DOM_003634,2023,199,,,,,,,,
DOM_003635,2022,98,,,,,,,,
DOM_003635,2023,100,,,,,,,,
DOM_003636,2022,29,,,,,,,,
DOM_003637,2022,254,,,,,,,,
DOM_003637,2023,215,,,,,,,,
DOM_003638,2022,15,,,,,,,,
DOM_003638,2023,19,,,,,,,,
DOM_003639,2022,348,,,,,,,,
DOM_003639,2023,367,,,,,,,,
DOM_003640,2022,19,,,,,,,,
DOM_003640,2023,22,,,,,,,,
DOM_003641,2022,69,,,,,,,,
DOM_003641,2023,44,,,,,,,,
DOM_003642,2022,659,,,,,,,,
DOM_003642,2023,736,,,,,,,,
DOM_003643,2022,33,,,,,,,,
DOM_003643,2023,31,,,,,,,,
DOM_003644,2022,18,,,,,,,,
DOM_003644,2023,14,,,,,,,,
DOM_003645,2022,34,,,,,,,,
DOM_003645,2023,28,,,,,,,,
DOM_003646,2022,8,,,,,,,,
DOM_003646,2023,14,,,,,,,,
DOM_003647,2022,405,,,,,,,,
DOM_003647,2023,402,,,,,,,,
DOM_003648,2022,354,,,,,,,,
DOM_003648,2023,355,,,,,,,,
DOM_003649,2022,229,,,,,,,,
DOM_003649,2023,187,,,,,,,,
DOM_003650,2022,39,,,,,,,,
DOM_003650,2023,50,,,,,,,,
DOM_003651,2022,339,,,,,,,,
DOM_003651,2023,352,,,,,,,,
DOM_003652,2022,89,,,,,,,,
DOM_003652,2023,84,,,,,,,,
DOM_003653,2022,195,,,,,,,,
DOM_003653,2023,194,,,,,,,,
DOM_003654,2022,14,,,,,,,,
DOM_003654,2023,14,,,,,,,,
DOM_003655,2022,5,,,,,,,,
DOM_003655,2023,8,,,,,,,,
DOM_003656,2022,508,,,,,,,,
DOM_003656,2023,526,,,,,,,,
DOM_003657,2022,26,,,,,,,,
DOM_003657,2023,29,,,,,,,,
DOM_003658,2022,37,,,,,,,,
DOM_003658,2023,34,,,,,,,,
DOM_003659,2022,189,,,,,,,,
DOM_003659,2023,174,,,,,,,,
DOM_003660,2022,6,,,,,,,,
DOM_003660,2023,4,,,,,,,,
DOM_003661,2022,145,,,,,,,,
DOM_003661,2023,129,,,,,,,,
DOM_003662,2022,8,,,,,,,,
DOM_003662,2023,15,,,,,,,,
DOM_003663,2022,113,,,,,,,,
DOM_003663,2023,122,,,,,,,,
DOM_003664,2022,388,,,,,,,,
DOM_003664,2023,385,,,,,,,,
DOM_003665,2022,128,,,,,,,,
DOM_003665,2023,145,,,,,,,,
DOM_003666,2022,11,,,,,,,,
DOM_003666,2023,19,,,,,,,,
DOM_003667,2022,334,,,,,,,,
DOM_003667,2023,352,,,,,,,,
DOM_003668,2022,566,,,,,,,,
DOM_003668,2023,523,,,,,,,,
DOM_003669,2022,50,,,,,,,,
DOM_003669,2023,50,,,,,,,,
DOM_003670,2022,135,,,,,,,,
DOM_003670,2023,75,,,,,,,,
DOM_003671,2022,102,,,,,,,,
DOM_003671,2023,93,,,,,,,,
DOM_003672,2022,174,,,,,,,,
DOM_003672,2023,175,,,,,,,,
DOM_003673,2022,39,,,,,,,,
DOM_003673,2023,46,,,,,,,,
DOM_003674,2022,572,,,,,,,,
DOM_003674,2023,603,,,,,,,,
DOM_003675,2022,211,,,,,,,,
DOM_003675,2023,203,,,,,,,,
DOM_003676,2022,582,,,,,,,,
DOM_003676,2023,563,,,,,,,,
DOM_003677,2022,545,,,,,,,,
DOM_003677,2023,557,,,,,,,,
DOM_003678,2022,300,,,,,,,,
DOM_003678,2023,349,,,,,,,,
DOM_003679,2022,216,,,,,,,,
DOM_003679,2023,233,,,,,,,,
DOM_003680,2022,151,,,,,,,,
DOM_003680,2023,168,,,,,,,,
DOM_003681,2022,43,,,,,,,,
DOM_003681,2023,48,,,,,,,,
DOM_003682,2022,163,,,,,,,,
DOM_003682,2023,159,,,,,,,,
DOM_003683,2022,10,,,,,,,,
DOM_003683,2023,11,,,,,,,,
DOM_003684,2022,16,,,,,,,,
DOM_003684,2023,20,,,,,,,,
DOM_003685,2022,118,,,,,,,,
DOM_003685,2023,124,,,,,,,,
DOM_003686,2022,239,,,,,,,,
DOM_003686,2023,146,,,,,,,,
DOM_003687,2022,119,,,,,,,,
DOM_003687,2023,123,,,,,,,,
DOM_003688,2022,94,,,,,,,,
DOM_003688,2023,98,,,,,,,,
DOM_003689,2022,460,,,,,,,,
DOM_003689,2023,516,,,,,,,,
DOM_003690,2022,29,,,,,,,,
DOM_003690,2023,23,,,,,,,,
DOM_003691,2022,22,,,,,,,,
DOM_003691,2023,20,,,,,,,,
DOM_003692,2022,46,,,,,,,,
DOM_003692,2023,46,,,,,,,,
DOM_003693,2022,498,,,,,,,,
DOM_003693,2023,506,,,,,,,,
DOM_003694,2022,210,,,,,,,,
DOM_003694,2023,194,,,,,,,,
DOM_003695,2022,28,,,,,,,,
DOM_003695,2023,22,,,,,,,,
DOM_003696,2022,66,,,,,,,,
DOM_003696,2023,74,,,,,,,,
DOM_003697,2022,72,,,,,,,,
DOM_003697,2023,63,,,,,,,,
DOM_003698,2022,3,,,,,,,,
DOM_003698,2023,8,,,,,,,,
DOM_003699,2022,8,,,,,,,,
DOM_003699,2023,8,,,,,,,,
DOM_003700,2022,133,,,,,,,,
DOM_003700,2023,134,,,,,,,,
DOM_003701,2022,46,,,,,,,,
DOM_003701,2023,57,,,,,,,,
DOM_003702,2022,252,,,,,,,,
DOM_003702,2023,277,,,,,,,,
DOM_003703,2022,8,,,,,,,,
DOM_003703,2023,8,,,,,,,,
DOM_003704,2022,11,,,,,,,,
DOM_003704,2023,7,,,,,,,,
DOM_003705,2022,84,,,,,,,,
DOM_003705,2023,89,,,,,,,,
DOM_003706,2022,106,,,,,,,,
DOM_003706,2023,132,,,,,,,,
DOM_003707,2022,19,,,,,,,,
DOM_003707,2023,16,,,,,,,,
DOM_003708,2022,244,,,,,,,,
DOM_003708,2023,264,,,,,,,,
DOM_003709,2022,874,,,,,,,,
DOM_003709,2023,766,,,,,,,,
DOM_003710,2022,360,,,,,,,,
DOM_003710,2023,347,,,,,,,,
DOM_003711,2022,152,,,,,,,,
DOM_003711,2023,173,,,,,,,,
DOM_003712,2022,477,,,,,,,,
DOM_003712,2023,526,,,,,,,,
DOM_003713,2022,393,,,,,,,,
DOM_003713,2023,391,,,,,,,,
DOM_003714,2022,556,,,,,,,,
DOM_003714,2023,527,,,,,,,,
DOM_003715,2022,453,,,,,,,,
DOM_003715,2023,411,,,,,,,,
DOM_003716,2022,126,,,,,,,,
DOM_003716,2023,128,,,,,,,,
DOM_003717,2022,250,,,,,,,,
DOM_003717,2023,214,,,,,,,,
DOM_003718,2022,36,,,,,,,,
DOM_003718,2023,36,,,,,,,,
DOM_003719,2022,32,,,,,,,,
DOM_003719,2023,36,,,,,,,,
DOM_003720,2022,16,,,,,,,,
DOM_003720,2023,16,,,,,,,,
DOM_003721,2022,327,,,,,,,,
DOM_003721,2023,325,,,,,,,,
DOM_003722,2022,416,,,,,,,,
DOM_003722,2023,409,,,,,,,,
DOM_003723,2022,681,,,,,,,,
DOM_003723,2023,700,,,,,,,,
DOM_003724,2022,196,,,,,,,,
DOM_003724,2023,183,,,,,,,,
DOM_003725,2022,23,,,,,,,,
DOM_003725,2023,19,,,,,,,,
DOM_003726,2022,208,,,,,,,,
DOM_003726,2023,215,,,,,,,,
DOM_003727,2022,151,,,,,,,,
DOM_003727,2023,140,,,,,,,,
DOM_003728,2022,649,,,,,,,,
DOM_003728,2023,714,,,,,,,,
DOM_003729,2022,110,,,,,,,,
DOM_003729,2023,104,,,,,,,,
DOM_003730,2022,323,,,,,,,,
DOM_003730,2023,369,,,,,,,,
DOM_003731,2022,30,,,,,,,,
DOM_003731,2023,31,,,,,,,,
DOM_003732,2022,48,,,,,,,,
DOM_003732,2023,43,,,,,,,,
DOM_003733,2022,13,,,,,,,,
DOM_003733,2023,16,,,,,,,,
DOM_003734,2022,72,,,,,,,,
DOM_003734,2023,83,,,,,,,,
DOM_003735,2022,31,,,,,,,,
DOM_003735,2023,35,,,,,,,,
DOM_003736,2022,42,,,,,,,,
DOM_003736,2023,39,,,,,,,,
DOM_003737,2022,254,,,,,,,,
DOM_003737,2023,261,,,,,,,,
DOM_003738,2022,144,,,,,,,,
DOM_003738,2023,140,,,,,,,,
DOM_003739,2022,48,,,,,,,,
DOM_003739,2023,34,,,,,,,,
DOM_003740,2022,19,,,,,,,,
DOM_003740,2023,17,,,,,,,,
DOM_003741,2022,128,,,,,,,,
DOM_003741,2023,136,,,,,,,,
DOM_003742,2022,76,,,,,,,,
DOM_003742,2023,70,,,,,,,,
DOM_003743,2022,118,,,,,,,,
DOM_003743,2023,114,,,,,,,,
DOM_003744,2022,111,,,,,,,,
DOM_003744,2023,107,,,,,,,,
DOM_003745,2022,180,,,,,,,,
DOM_003745,2023,171,,,,,,,,
DOM_003746,2022,8,,,,,,,,
DOM_003746,2023,6,,,,,,,,
DOM_003747,2022,210,,,,,,,,
DOM_003747,2023,197,,,,,,,,
DOM_003748,2022,416,,,,,,,,
DOM_003748,2023,455,,,,,,,,
DOM_003749,2022,78,,,,,,,,
DOM_003749,2023,64,,,,,,,,
DOM_003750,2022,6,,,,,,,,
DOM_003750,2023,4,,,,,,,,
DOM_003751,2022,6,,,,,,,,
DOM_003751,2023,4,,,,,,,,
DOM_003752,2022,435,,,,,,,,
DOM_003752,2023,422,,,,,,,,
DOM_003753,2022,109,,,,,,,,
DOM_003753,2023,109,,,,,,,,
DOM_003754,2022,8,,,,,,,,
DOM_003754,2023,12,,,,,,,,
DOM_003755,2022,186,,,,,,,,
DOM_003755,2023,181,,,,,,,,
DOM_003756,2022,11,,,,,,,,
DOM_003756,2023,12,,,,,,,,
DOM_003757,2022,98,,,,,,,,
DOM_003757,2023,99,,,,,,,,
DOM_003758,2022,506,,,,,,,,
DOM_003758,2023,505,,,,,,,,
DOM_003759,2022,360,,,,,,,,
DOM_003759,2023,364,,,,,,,,
DOM_003760,2022,45,,,,,,,,
DOM_003760,2023,41,,,,,,,,
DOM_003761,2022,64,,,,,,,,
DOM_003761,2023,58,,,,,,,,
DOM_003762,2022,103,,,,,,,,
DOM_003762,2023,97,,,,,,,,
DOM_003763,2022,119,,,,,,,,
DOM_003763,2023,118,,,,,,,,
DOM_003764,2022,45,,,,,,,,
DOM_003764,2023,43,,,,,,,,
DOM_003765,2022,68,,,,,,,,
DOM_003765,2023,83,,,,,,,,
DOM_003766,2022,25,,,,,,,,
DOM_003766,2023,27,,,,,,,,
DOM_003767,2022,46,,,,,,,,
DOM_003767,2023,51,,,,,,,,
DOM_003768,2022,214,,,,,,,,
DOM_003768,2023,229,,,,,,,,
DOM_003769,2022,307,,,,,,,,
DOM_003769,2023,302,,,,,,,,
DOM_003770,2022,129,,,,,,,,
DOM_003770,2023,122,,,,,,,,
DOM_003771,2022,809,,,,,,,,
DOM_003771,2023,841,,,,,,,,
DOM_003772,2022,845,,,,,,,,
DOM_003772,2023,868,,,,,,,,
DOM_003773,2022,25,,,,,,,,
DOM_003773,2023,25,,,,,,,,
DOM_003774,2022,15,,,,,,,,
DOM_003774,2023,9,,,,,,,,
DOM_003775,2022,35,,,,,,,,
DOM_003775,2023,37,,,,,,,,
DOM_003776,2022,197,,,,,,,,
DOM_003776,2023,203,,,,,,,,
DOM_003777,2022,28,,,,,,,,
DOM_003777,2023,38,,,,,,,,
DOM_003778,2022,21,,,,,,,,
DOM_003778,2023,22,,,,,,,,
DOM_003779,2022,223,,,,,,,,
DOM_003779,2023,202,,,,,,,,
DOM_003780,2022,18,,,,,,,,
DOM_003780,2023,25,,,,,,,,
DOM_003781,2022,84,,,,,,,,
DOM_003781,2023,88,,,,,,,,
DOM_003782,2022,69,,,,,,,,
DOM_003782,2023,74,,,,,,,,
DOM_003783,2022,95,,,,,,,,
DOM_003783,2023,102,,,,,,,,
DOM_003784,2022,97,,,,,,,,
DOM_003784,2023,102,,,,,,,,
DOM_003785,2022,53,,,,,,,,
DOM_003785,2023,62,,,,,,,,
DOM_003786,2022,86,,,,,,,,
DOM_003786,2023,103,,,,,,,,
DOM_003787,2022,229,,,,,,,,
DOM_003787,2023,247,,,,,,,,
DOM_003788,2022,28,,,,,,,,
DOM_003788,2023,27,,,,,,,,
DOM_003789,2022,95,,,,,,,,
DOM_003789,2023,120,,,,,,,,
DOM_003790,2022,233,,,,,,,,
DOM_003790,2023,232,,,,,,,,
DOM_003791,2022,377,,,,,,,,
DOM_003791,2023,393,,,,,,,,
DOM_003792,2022,19,,,,,,,,
DOM_003792,2023,20,,,,,,,,
DOM_003793,2022,48,,,,,,,,
DOM_003793,2023,45,,,,,,,,
DOM_003794,2022,40,,,,,,,,
DOM_003794,2023,45,,,,,,,,
DOM_003795,2022,287,,,,,,,,
DOM_003795,2023,292,,,,,,,,
DOM_003796,2022,26,,,,,,,,
DOM_003796,2023,21,,,,,,,,
DOM_003797,2022,97,,,,,,,,
DOM_003797,2023,100,,,,,,,,
DOM_003798,2022,9,,,,,,,,
DOM_003798,2023,8,,,,,,,,
DOM_003799,2022,126,,,,,,,,
DOM_003799,2023,126,,,,,,,,
DOM_003800,2022,151,,,,,,,,
DOM_003800,2023,176,,,,,,,,
DOM_003801,2022,82,,,,,,,,
DOM_003801,2023,84,,,,,,,,
DOM_003802,2022,27,,,,,,,,
DOM_003802,2023,22,,,,,,,,
DOM_003803,2022,53,,,,,,,,
DOM_003803,2023,46,,,,,,,,
DOM_003804,2022,78,,,,,,,,
DOM_003804,2023,83,,,,,,,,
DOM_003805,2022,40,,,,,,,,
DOM_003805,2023,44,,,,,,,,
DOM_003806,2022,65,,,,,,,,
DOM_003806,2023,81,,,,,,,,
DOM_003807,2022,224,,,,,,,,
DOM_003807,2023,232,,,,,,,,
DOM_003808,2022,761,,,,,,,,
DOM_003808,2023,794,,,,,,,,
DOM_003809,2022,293,,,,,,,,
DOM_003809,2023,390,,,,,,,,
DOM_003810,2022,416,,,,,,,,
DOM_003810,2023,428,,,,,,,,
DOM_003811,2022,686,,,,,,,,
DOM_003811,2023,694,,,,,,,,
DOM_003812,2022,33,,,,,,,,
DOM_003812,2023,30,,,,,,,,
DOM_003813,2022,24,,,,,,,,
DOM_003813,2023,19,,,,,,,,
DOM_003814,2022,56,,,,,,,,
DOM_003814,2023,74,,,,,,,,
DOM_003815,2022,23,,,,,,,,
DOM_003815,2023,26,,,,,,,,
DOM_003816,2022,4,,,,,,,,
DOM_003816,2023,3,,,,,,,,
DOM_003817,2022,28,,,,,,,,
DOM_003817,2023,25,,,,,,,,
DOM_003818,2022,11,,,,,,,,
DOM_003818,2023,7,,,,,,,,
DOM_003819,2022,10,,,,,,,,
DOM_003819,2023,8,,,,,,,,
DOM_003820,2022,24,,,,,,,,
DOM_003820,2023,43,,,,,,,,
DOM_003821,2022,37,,,,,,,,
DOM_003821,2023,33,,,,,,,,
DOM_003822,2022,19,,,,,,,,
DOM_003822,2023,22,,,,,,,,
DOM_003823,2022,47,,,,,,,,
DOM_003823,2023,51,,,,,,,,
DOM_003824,2022,120,,,,,,,,
DOM_003824,2023,120,,,,,,,,
DOM_003825,2022,10,,,,,,,,
DOM_003825,2023,12,,,,,,,,
DOM_003826,2022,107,,,,,,,,
DOM_003826,2023,119,,,,,,,,
DOM_003827,2022,27,,,,,,,,
DOM_003827,2023,35,,,,,,,,
DOM_003828,2022,202,,,,,,,,
DOM_003828,2023,193,,,,,,,,
DOM_003829,2022,94,,,,,,,,
DOM_003829,2023,100,,,,,,,,
DOM_003830,2022,71,,,,,,,,
DOM_003830,2023,81,,,,,,,,
DOM_003831,2022,9,,,,,,,,
DOM_003831,2023,11,,,,,,,,
DOM_003832,2022,9,,,,,,,,
DOM_003832,2023,10,,,,,,,,
DOM_003833,2022,10,,,,,,,,
DOM_003833,2023,6,,,,,,,,
DOM_003834,2022,6,,,,,,,,
DOM_003834,2023,6,,,,,,,,
DOM_003835,2022,95,,,,,,,,
DOM_003835,2023,98,,,,,,,,
DOM_003836,2022,161,,,,,,,,
DOM_003836,2023,184,,,,,,,,
DOM_003837,2022,42,,,,,,,,
DOM_003837,2023,36,,,,,,,,
DOM_003838,2022,102,,,,,,,,
DOM_003838,2023,130,,,,,,,,
DOM_003839,2022,32,,,,,,,,
DOM_003839,2023,20,,,,,,,,
DOM_003840,2022,12,,,,,,,,
DOM_003840,2023,14,,,,,,,,
DOM_003841,2022,963,,,,,,,,
DOM_003841,2023,1022,,,,,,,,
DOM_003842,2022,692,,,,,,,,
DOM_003842,2023,702,,,,,,,,
DOM_003843,2022,14,,,,,,,,
DOM_003843,2023,12,,,,,,,,
DOM_003844,2022,17,,,,,,,,
DOM_003844,2023,11,,,,,,,,
DOM_003845,2022,25,,,,,,,,
DOM_003845,2023,18,,,,,,,,
DOM_003846,2022,13,,,,,,,,
DOM_003846,2023,9,,,,,,,,
DOM_003847,2022,117,,,,,,,,
DOM_003847,2023,109,,,,,,,,
DOM_003848,2022,9,,,,,,,,
DOM_003848,2023,10,,,,,,,,
DOM_003849,2022,10,,,,,,,,
DOM_003849,2023,11,,,,,,,,
DOM_003850,2022,132,,,,,,,,
DOM_003850,2023,122,,,,,,,,
DOM_003851,2022,448,,,,,,,,
DOM_003851,2023,497,,,,,,,,
DOM_003852,2022,8,,,,,,,,
DOM_003852,2023,9,,,,,,,,
DOM_003853,2022,298,,,,,,,,
DOM_003853,2023,364,,,,,,,,
DOM_003854,2022,156,,,,,,,,
DOM_003854,2023,175,,,,,,,,
DOM_003855,2022,54,,,,,,,,
DOM_003855,2023,71,,,,,,,,
DOM_003856,2022,94,,,,,,,,
DOM_003856,2023,79,,,,,,,,
DOM_003857,2022,131,,,,,,,,
DOM_003857,2023,129,,,,,,,,
DOM_003858,2022,26,,,,,,,,
DOM_003858,2023,26,,,,,,,,
DOM_003859,2022,8,,,,,,,,
DOM_003859,2023,8,,,,,,,,
DOM_003860,2022,147,,,,,,,,
DOM_003860,2023,167,,,,,,,,
DOM_003861,2022,60,,,,,,,,
DOM_003861,2023,53,,,,,,,,
DOM_003862,2022,141,,,,,,,,
DOM_003862,2023,143,,,,,,,,
DOM_003863,2022,8,,,,,,,,
DOM_003863,2023,9,,,,,,,,
DOM_003864,2022,18,,,,,,,,
DOM_003864,2023,17,,,,,,,,
DOM_003865,2022,117,,,,,,,,
DOM_003865,2023,125,,,,,,,,
DOM_003866,2022,34,,,,,,,,
DOM_003866,2023,31,,,,,,,,
DOM_003867,2022,219,,,,,,,,
DOM_003867,2023,266,,,,,,,,
DOM_003868,2022,15,,,,,,,,
DOM_003868,2023,12,,,,,,,,
DOM_003869,2022,20,,,,,,,,
DOM_003869,2023,17,,,,,,,,
DOM_003870,2022,160,,,,,,,,
DOM_003870,2023,181,,,,,,,,
DOM_003871,2022,503,,,,,,,,
DOM_003871,2023,528,,,,,,,,
DOM_003872,2022,371,,,,,,,,
DOM_003872,2023,448,,,,,,,,
DOM_003873,2022,60,,,,,,,,
DOM_003873,2023,71,,,,,,,,
DOM_003874,2022,90,,,,,,,,
DOM_003874,2023,95,,,,,,,,
DOM_003875,2022,85,,,,,,,,
DOM_003875,2023,84,,,,,,,,
DOM_003876,2022,26,,,,,,,,
DOM_003876,2023,24,,,,,,,,
DOM_003877,2022,157,,,,,,,,
DOM_003877,2023,152,,,,,,,,
DOM_003878,2022,241,,,,,,,,
DOM_003878,2023,229,,,,,,,,
DOM_003879,2022,53,,,,,,,,
DOM_003879,2023,46,,,,,,,,
DOM_003880,2022,130,,,,,,,,
DOM_003880,2023,144,,,,,,,,
DOM_003881,2022,221,,,,,,,,
DOM_003881,2023,237,,,,,,,,
DOM_003882,2022,262,,,,,,,,
DOM_003882,2023,262,,,,,,,,
DOM_003883,2022,423,,,,,,,,
DOM_003883,2023,474,,,,,,,,
DOM_003884,2022,74,,,,,,,,
DOM_003884,2023,82,,,,,,,,
DOM_003885,2022,173,,,,,,,,
DOM_003885,2023,195,,,,,,,,
DOM_003886,2022,121,,,,,,,,
DOM_003886,2023,115,,,,,,,,
DOM_003887,2022,50,,,,,,,,
DOM_003887,2023,47,,,,,,,,
DOM_003888,2022,169,,,,,,,,
DOM_003888,2023,172,,,,,,,,
DOM_003889,2022,97,,,,,,,,
DOM_003889,2023,93,,,,,,,,
DOM_003890,2022,111,,,,,,,,
DOM_003890,2023,96,,,,,,,,
DOM_003891,2022,13,,,,,,,,
DOM_003891,2023,7,,,,,,,,
DOM_003892,2022,281,,,,,,,,
DOM_003892,2023,327,,,,,,,,
DOM_003893,2022,104,,,,,,,,
DOM_003893,2023,103,,,,,,,,
DOM_003894,2022,102,,,,,,,,
DOM_003894,2023,89,,,,,,,,
DOM_003895,2022,60,,,,,,,,
DOM_003895,2023,71,,,,,,,,
DOM_003896,2022,110,,,,,,,,
DOM_003896,2023,123,,,,,,,,
DOM_003897,2022,450,,,,,,,,
DOM_003897,2023,447,,,,,,,,
DOM_003898,2022,90,,,,,,,,
DOM_003898,2023,97,,,,,,,,
DOM_003899,2022,473,,,,,,,,
DOM_003899,2023,467,,,,,,,,
DOM_003900,2022,148,,,,,,,,
DOM_003900,2023,148,,,,,,,,
DOM_003901,2022,66,,,,,,,,
DOM_003901,2023,53,,,,,,,,
DOM_003902,2022,63,,,,,,,,
DOM_003902,2023,69,,,,,,,,
DOM_003903,2022,46,,,,,,,,
DOM_003903,2023,45,,,,,,,,
DOM_003904,2022,33,,,,,,,,
DOM_003904,2023,34,,,,,,,,
DOM_003905,2022,113,,,,,,,,
DOM_003905,2023,96,,,,,,,,
DOM_003906,2022,18,,,,,,,,
DOM_003906,2023,18,,,,,,,,
DOM_003907,2022,56,,,,,,,,
DOM_003907,2023,54,,,,,,,,
DOM_003908,2022,10,,,,,,,,
DOM_003908,2023,6,,,,,,,,
DOM_003909,2022,16,,,,,,,,
DOM_003909,2023,21,,,,,,,,
DOM_003910,2022,45,,,,,,,,
DOM_003910,2023,54,,,,,,,,
DOM_003911,2022,105,,,,,,,,
DOM_003911,2023,115,,,,,,,,
DOM_003912,2022,32,,,,,,,,
DOM_003912,2023,31,,,,,,,,
DOM_003913,2022,36,,,,,,,,
DOM_003913,2023,36,,,,,,,,
DOM_003914,2022,14,,,,,,,,
DOM_003914,2023,12,,,,,,,,
DOM_003915,2022,34,,,,,,,,
DOM_003915,2023,41,,,,,,,,
DOM_003916,2022,2,,,,,,,,
DOM_003916,2023,3,,,,,,,,
DOM_003917,2022,92,,,,,,,,
DOM_003917,2023,94,,,,,,,,
DOM_003918,2022,73,,,,,,,,
DOM_003918,2023,72,,,,,,,,
DOM_003919,2022,9,,,,,,,,
DOM_003919,2023,13,,,,,,,,
DOM_003920,2022,4,,,,,,,,
DOM_003920,2023,5,,,,,,,,
DOM_003921,2022,172,,,,,,,,
DOM_003921,2023,174,,,,,,,,
DOM_003922,2022,59,,,,,,,,
DOM_003922,2023,58,,,,,,,,
DOM_003923,2022,271,,,,,,,,
DOM_003923,2023,235,,,,,,,,
DOM_003924,2022,140,,,,,,,,
DOM_003924,2023,147,,,,,,,,
DOM_003925,2022,255,,,,,,,,
DOM_003925,2023,244,,,,,,,,
DOM_003926,2022,122,,,,,,,,
DOM_003926,2023,129,,,,,,,,
DOM_003927,2022,50,,,,,,,,
DOM_003927,2023,43,,,,,,,,
DOM_003928,2022,53,,,,,,,,
DOM_003928,2023,64,,,,,,,,
DOM_003929,2022,13,,,,,,,,
DOM_003929,2023,9,,,,,,,,
DOM_003930,2022,188,,,,,,,,
DOM_003930,2023,184,,,,,,,,
DOM_003931,2022,371,,,,,,,,
DOM_003931,2023,393,,,,,,,,
DOM_003932,2022,11,,,,,,,,
DOM_003932,2023,8,,,,,,,,
DOM_003933,2022,2,,,,,,,,
DOM_003934,2022,78,,,,,,,,
DOM_003934,2023,77,,,,,,,,
DOM_003935,2022,167,,,,,,,,
DOM_003935,2023,170,,,,,,,,
DOM_003936,2022,136,,,,,,,,
DOM_003936,2023,144,,,,,,,,
DOM_003937,2022,16,,,,,,,,
DOM_003937,2023,16,,,,,,,,
DOM_003938,2022,154,,,,,,,,
DOM_003938,2023,171,,,,,,,,
DOM_003939,2022,162,,,,,,,,
DOM_003939,2023,146,,,,,,,,
DOM_003940,2022,97,,,,,,,,
DOM_003940,2023,87,,,,,,,,
DOM_003941,2022,10,,,,,,,,
DOM_003941,2023,14,,,,,,,,
DOM_003942,2022,33,,,,,,,,
DOM_003942,2023,32,,,,,,,,
DOM_003943,2022,98,,,,,,,,
DOM_003943,2023,98,,,,,,,,
DOM_003944,2022,11,,,,,,,,
DOM_003944,2023,9,,,,,,,,
DOM_003945,2022,345,,,,,,,,
DOM_003945,2023,358,,,,,,,,
DOM_003946,2022,97,,,,,,,,
DOM_003946,2023,126,,,,,,,,
DOM_003947,2022,115,,,,,,,,
DOM_003947,2023,113,,,,,,,,
DOM_003948,2022,21,,,,,,,,
DOM_003948,2023,31,,,,,,,,
DOM_003949,2022,43,,,,,,,,
DOM_003949,2023,49,,,,,,,,
DOM_003950,2022,122,,,,,,,,
DOM_003950,2023,126,,,,,,,,
DOM_003951,2022,80,,,,,,,,
DOM_003951,2023,82,,,,,,,,
DOM_003952,2022,8,,,,,,,,
DOM_003952,2023,9,,,,,,,,
DOM_003953,2022,10,,,,,,,,
DOM_003953,2023,7,,,,,,,,
DOM_003954,2022,148,,,,,,,,
DOM_003954,2023,139,,,,,,,,
DOM_003955,2022,19,,,,,,,,
DOM_003955,2023,20,,,,,,,,
DOM_003956,2022,15,,,,,,,,
DOM_003956,2023,14,,,,,,,,
DOM_003957,2022,6,,,,,,,,
DOM_003957,2023,2,,,,,,,,
DOM_003958,2022,425,,,,,,,,
DOM_003958,2023,563,,,,,,,,
DOM_003959,2022,121,,,,,,,,
DOM_003959,2023,90,,,,,,,,
DOM_003960,2022,38,,,,,,,,
DOM_003960,2023,37,,,,,,,,
DOM_003961,2022,49,,,,,,,,
DOM_003961,2023,43,,,,,,,,
DOM_003962,2022,777,,,,,,,,
DOM_003962,2023,874,,,,,,,,
DOM_003963,2022,31,,,,,,,,
DOM_003963,2023,27,,,,,,,,
DOM_003964,2022,286,,,,,,,,
DOM_003964,2023,318,,,,,,,,
DOM_003965,2022,18,,,,,,,,
DOM_003965,2023,26,,,,,,,,
DOM_003966,2022,16,,,,,,,,
DOM_003966,2023,17,,,,,,,,
DOM_003967,2022,12,,,,,,,,
DOM_003967,2023,21,,,,,,,,
DOM_003968,2022,84,,,,,,,,
DOM_003968,2023,92,,,,,,,,
DOM_003969,2022,128,,,,,,,,
DOM_003969,2023,107,,,,,,,,
DOM_003970,2022,37,,,,,,,,
DOM_003970,2023,35,,,,,,,,
DOM_003971,2022,210,,,,,,,,
DOM_003971,2023,231,,,,,,,,
DOM_003972,2022,191,,,,,,,,
DOM_003972,2023,209,,,,,,,,
DOM_003973,2022,31,,,,,,,,
DOM_003973,2023,47,,,,,,,,
DOM_003974,2022,47,,,,,,,,
DOM_003974,2023,39,,,,,,,,
DOM_003975,2022,105,,,,,,,,
DOM_003975,2023,122,,,,,,,,
DOM_003976,2022,107,,,,,,,,
DOM_003976,2023,110,,,,,,,,
DOM_003977,2022,7,,,,,,,,
DOM_003977,2023,10,,,,,,,,
DOM_003978,2022,69,,,,,,,,
DOM_003978,2023,64,,,,,,,,
DOM_003979,2022,61,,,,,,,,
DOM_003979,2023,63,,,,,,,,
DOM_003980,2022,283,,,,,,,,
DOM_003980,2023,274,,,,,,,,
DOM_003981,2022,29,,,,,,,,
DOM_003981,2023,26,,,,,,,,
DOM_003982,2022,415,,,,,,,,
DOM_003982,2023,426,,,,,,,,
DOM_003983,2022,96,,,,,,,,
DOM_003983,2023,84,,,,,,,,
DOM_003984,2022,556,,,,,,,,
DOM_003984,2023,528,,,,,,,,
DOM_003985,2022,337,,,,,,,,
DOM_003985,2023,434,,,,,,,,
DOM_003986,2022,38,,,,,,,,
DOM_003986,2023,41,,,,,,,,
DOM_003987,2022,285,,,,,,,,
DOM_003987,2023,310,,,,,,,,
DOM_003988,2022,447,,,,,,,,
DOM_003988,2023,416,,,,,,,,
DOM_003989,2022,1006,,,,,,,,
DOM_003989,2023,1050,,,,,,,,
DOM_003990,2022,632,,,,,,,,
DOM_003990,2023,755,,,,,,,,
DOM_003991,2022,115,,,,,,,,
DOM_003991,2023,108,,,,,,,,
DOM_003992,2022,109,,,,,,,,
DOM_003992,2023,106,,,,,,,,
DOM_003993,2022,88,,,,,,,,
DOM_003993,2023,96,,,,,,,,
DOM_003994,2022,6,,,,,,,,
DOM_003994,2023,4,,,,,,,,
DOM_003995,2022,54,,,,,,,,
DOM_003995,2023,42,,,,,,,,
DOM_003996,2022,13,,,,,,,,
DOM_003996,2023,10,,,,,,,,
DOM_003997,2022,194,,,,,,,,
DOM_003997,2023,207,,,,,,,,
DOM_003998,2022,82,,,,,,,,
DOM_003998,2023,98,,,,,,,,
DOM_003999,2022,7,,,,,,,,
DOM_003999,2023,13,,,,,,,,
DOM_004000,2022,10,,,,,,,,
DOM_004000,2023,4,,,,,,,,
DOM_004001,2022,11,,,,,,,,
DOM_004001,2023,7,,,,,,,,
DOM_004002,2022,17,,,,,,,,
DOM_004002,2023,19,,,,,,,,
DOM_004003,2022,22,,,,,,,,
DOM_004003,2023,11,,,,,,,,
DOM_004004,2022,7,,,,,,,,
DOM_004004,2023,5,,,,,,,,
DOM_004005,2022,155,,,,,,,,
DOM_004005,2023,173,,,,,,,,
DOM_004006,2022,28,,,,,,,,
DOM_004006,2023,33,,,,,,,,
DOM_004007,2022,5,,,,,,,,
DOM_004008,2022,462,,,,,,,,
DOM_004008,2023,404,,,,,,,,
DOM_004009,2022,123,,,,,,,,
DOM_004009,2023,135,,,,,,,,
DOM_004010,2022,216,,,,,,,,
DOM_004010,2023,237,,,,,,,,
DOM_004011,2022,358,,,,,,,,
DOM_004011,2023,332,,,,,,,,
DOM_004012,2022,15,,,,,,,,
DOM_004012,2023,13,,,,,,,,
DOM_004013,2022,40,,,,,,,,
DOM_004013,2023,44,,,,,,,,
DOM_004014,2022,11,,,,,,,,
DOM_004014,2023,6,,,,,,,,
DOM_004015,2022,14,,,,,,,,
DOM_004015,2023,16,,,,,,,,
DOM_004016,2022,138,,,,,,,,
DOM_004016,2023,148,,,,,,,,
DOM_004017,2022,8,,,,,,,,
DOM_004017,2023,11,,,,,,,,
DOM_004018,2022,75,,,,,,,,
DOM_004018,2023,81,,,,,,,,
DOM_004019,2022,12,,,,,,,,
DOM_004019,2023,7,,,,,,,,
DOM_004020,2022,20,,,,,,,,
DOM_004020,2023,18,,,,,,,,
DOM_004021,2022,149,,,,,,,,
DOM_004021,2023,145,,,,,,,,
DOM_004022,2022,66,,,,,,,,
DOM_004022,2023,66,,,,,,,,
DOM_004023,2022,72,,,,,,,,
DOM_004023,2023,75,,,,,,,,
DOM_004024,2022,83,,,,,,,,
DOM_004024,2023,89,,,,,,,,
DOM_004025,2022,146,,,,,,,,
DOM_004025,2023,146,,,,,,,,
DOM_004026,2022,83,,,,,,,,
DOM_004026,2023,78,,,,,,,,
DOM_004027,2022,161,,,,,,,,
DOM_004027,2023,144,,,,,,,,
DOM_004028,2022,91,,,,,,,,
DOM_004028,2023,97,,,,,,,,
DOM_004029,2022,1,,,,,,,,
DOM_004030,2022,6,,,,,,,,
DOM_004030,2023,6,,,,,,,,
DOM_004031,2022,169,,,,,,,,
DOM_004031,2023,165,,,,,,,,
DOM_004032,2022,207,,,,,,,,
DOM_004032,2023,204,,,,,,,,
DOM_004033,2022,307,,,,,,,,
DOM_004033,2023,309,,,,,,,,
DOM_004034,2022,541,,,,,,,,
DOM_004034,2023,589,,,,,,,,
DOM_004035,2022,88,,,,,,,,
DOM_004035,2023,94,,,,,,,,
DOM_004036,2022,131,,,,,,,,
DOM_004036,2023,150,,,,,,,,
DOM_004037,2022,170,,,,,,,,
DOM_004037,2023,169,,,,,,,,
DOM_004038,2022,111,,,,,,,,
DOM_004038,2023,110,,,,,,,,
DOM_004039,2022,44,,,,,,,,
DOM_004039,2023,50,,,,,,,,
DOM_004040,2022,21,,,,,,,,
DOM_004040,2023,24,,,,,,,,
DOM_004041,2022,163,,,,,,,,
DOM_004041,2023,179,,,,,,,,
DOM_004042,2022,38,,,,,,,,
DOM_004042,2023,36,,,,,,,,
DOM_004043,2022,4,,,,,,,,
DOM_004043,2023,5,,,,,,,,
DOM_004044,2022,26,,,,,,,,
DOM_004044,2023,39,,,,,,,,
DOM_004045,2022,199,,,,,,,,
DOM_004045,2023,216,,,,,,,,
DOM_004046,2022,173,,,,,,,,
DOM_004046,2023,177,,,,,,,,
DOM_004047,2022,31,,,,,,,,
DOM_004047,2023,31,,,,,,,,
DOM_004048,2022,108,,,,,,,,
DOM_004048,2023,123,,,,,,,,
DOM_004049,2022,154,,,,,,,,
DOM_004049,2023,169,,,,,,,,
DOM_004050,2022,38,,,,,,,,
DOM_004050,2023,39,,,,,,,,
DOM_004051,2022,2,,,,,,,,
DOM_004051,2023,2,,,,,,,,
DOM_004052,2022,4,,,,,,,,
DOM_004052,2023,3,,,,,,,,
DOM_004053,2022,12,,,,,,,,
DOM_004053,2023,11,,,,,,,,
DOM_004054,2022,89,,,,,,,,
DOM_004054,2023,104,,,,,,,,
DOM_004055,2022,24,,,,,,,,
DOM_004055,2023,32,,,,,,,,
DOM_004056,2022,16,,,,,,,,
DOM_004056,2023,19,,,,,,,,
DOM_004057,2022,85,,,,,,,,
DOM_004057,2023,78,,,,,,,,
DOM_004058,2022,317,,,,,,,,
DOM_004058,2023,322,,,,,,,,
DOM_004059,2022,210,,,,,,,,
DOM_004059,2023,217,,,,,,,,
DOM_004060,2022,3,,,,,,,,
DOM_004060,2023,4,,,,,,,,
DOM_004061,2022,26,,,,,,,,
DOM_004061,2023,27,,,,,,,,
DOM_004062,2022,569,,,,,,,,
DOM_004062,2023,569,,,,,,,,
DOM_004063,2022,152,,,,,,,,
DOM_004063,2023,141,,,,,,,,
DOM_004064,2022,5,,,,,,,,
DOM_004064,2023,11,,,,,,,,
DOM_004065,2022,639,,,,,,,,
DOM_004065,2023,625,,,,,,,,
DOM_004066,2022,103,,,,,,,,
DOM_004066,2023,102,,,,,,,,
DOM_004067,2022,238,,,,,,,,
DOM_004067,2023,219,,,,,,,,
DOM_004068,2022,987,,,,,,,,
DOM_004068,2023,747,,,,,,,,
DOM_004069,2022,685,,,,,,,,
DOM_004069,2023,686,,,,,,,,
DOM_004070,2022,371,,,,,,,,
DOM_004070,2023,413,,,,,,,,
DOM_004071,2022,706,,,,,,,,
DOM_004071,2023,842,,,,,,,,
DOM_004072,2022,781,,,,,,,,
DOM_004072,2023,817,,,,,,,,
DOM_004073,2022,385,,,,,,,,
DOM_004073,2023,389,,,,,,,,
DOM_004074,2022,1062,,,,,,,,
DOM_004074,2023,814,,,,,,,,
DOM_004075,2022,345,,,,,,,,
DOM_004075,2023,310,,,,,,,,
DOM_004076,2022,759,,,,,,,,
DOM_004076,2023,791,,,,,,,,
DOM_004077,2022,1187,,,,,,,,
DOM_004077,2023,1176,,,,,,,,
DOM_004078,2022,1312,,,,,,,,
DOM_004078,2023,1250,,,,,,,,
DOM_004079,2022,373,,,,,,,,
DOM_004079,2023,381,,,,,,,,
DOM_004080,2022,704,,,,,,,,
DOM_004080,2023,708,,,,,,,,
DOM_004081,2022,601,,,,,,,,
DOM_004081,2023,571,,,,,,,,
DOM_004082,2022,61,,,,,,,,
DOM_004082,2023,60,,,,,,,,
DOM_004083,2022,958,,,,,,,,
DOM_004083,2023,996,,,,,,,,
DOM_004084,2022,734,,,,,,,,
DOM_004084,2023,758,,,,,,,,
DOM_004085,2022,571,,,,,,,,
DOM_004085,2023,537,,,,,,,,
DOM_004086,2022,674,,,,,,,,
DOM_004086,2023,557,,,,,,,,
DOM_004087,2022,196,,,,,,,,
DOM_004087,2023,180,,,,,,,,
DOM_004088,2022,204,,,,,,,,
DOM_004088,2023,211,,,,,,,,
DOM_004089,2022,318,,,,,,,,
DOM_004089,2023,349,,,,,,,,
DOM_004090,2022,783,,,,,,,,
DOM_004090,2023,844,,,,,,,,
DOM_004091,2022,299,,,,,,,,
DOM_004091,2023,332,,,,,,,,
DOM_004092,2022,490,,,,,,,,
DOM_004092,2023,464,,,,,,,,
DOM_004093,2022,140,,,,,,,,
DOM_004093,2023,121,,,,,,,,
DOM_004094,2022,228,,,,,,,,
DOM_004094,2023,224,,,,,,,,
DOM_004095,2022,765,,,,,,,,
DOM_004095,2023,787,,,,,,,,
DOM_004096,2022,756,,,,,,,,
DOM_004096,2023,726,,,,,,,,
DOM_004097,2022,499,,,,,,,,
DOM_004097,2023,516,,,,,,,,
DOM_004098,2022,283,,,,,,,,
DOM_004098,2023,291,,,,,,,,
DOM_004099,2022,249,,,,,,,,
DOM_004099,2023,263,,,,,,,,
DOM_004100,2022,35,,,,,,,,
DOM_004100,2023,42,,,,,,,,
DOM_004101,2022,445,,,,,,,,
DOM_004101,2023,435,,,,,,,,
DOM_004102,2022,634,,,,,,,,
DOM_004102,2023,674,,,,,,,,
DOM_004103,2022,574,,,,,,,,
DOM_004103,2023,600,,,,,,,,
DOM_004104,2022,48,,,,,,,,
DOM_004104,2023,41,,,,,,,,
DOM_004105,2022,419,,,,,,,,
DOM_004105,2023,493,,,,,,,,
DOM_004106,2022,15,,,,,,,,
DOM_004106,2023,14,,,,,,,,
DOM_004107,2022,250,,,,,,,,
DOM_004107,2023,300,,,,,,,,
DOM_004108,2022,67,,,,,,,,
DOM_004108,2023,65,,,,,,,,
DOM_004109,2022,243,,,,,,,,
DOM_004109,2023,327,,,,,,,,
DOM_004110,2022,28,,,,,,,,
DOM_004110,2023,24,,,,,,,,
DOM_004111,2022,448,,,,,,,,
DOM_004111,2023,391,,,,,,,,
DOM_004112,2022,137,,,,,,,,
DOM_004112,2023,145,,,,,,,,
DOM_004113,2022,192,,,,,,,,
DOM_004113,2023,182,,,,,,,,
DOM_004114,2022,151,,,,,,,,
DOM_004114,2023,143,,,,,,,,
DOM_004115,2022,250,,,,,,,,
DOM_004115,2023,252,,,,,,,,
DOM_004116,2022,22,,,,,,,,
DOM_004117,2022,55,,,,,,,,
DOM_004117,2023,55,,,,,,,,
DOM_004118,2022,373,,,,,,,,
DOM_004118,2023,387,,,,,,,,
DOM_004119,2022,105,,,,,,,,
DOM_004119,2023,97,,,,,,,,
DOM_004120,2022,756,,,,,,,,
DOM_004120,2023,739,,,,,,,,
DOM_004121,2022,420,,,,,,,,
DOM_004121,2023,415,,,,,,,,
DOM_004122,2022,545,,,,,,,,
DOM_004122,2023,630,,,,,,,,
DOM_004123,2022,419,,,,,,,,
DOM_004123,2023,464,,,,,,,,
DOM_004124,2022,818,,,,,,,,
DOM_004124,2023,800,,,,,,,,
DOM_004125,2022,978,,,,,,,,
DOM_004125,2023,1078,,,,,,,,
DOM_004126,2022,335,,,,,,,,
DOM_004126,2023,272,,,,,,,,
DOM_004127,2022,376,,,,,,,,
DOM_004127,2023,383,,,,,,,,
DOM_004128,2022,263,,,,,,,,
DOM_004128,2023,274,,,,,,,,
DOM_004129,2022,888,,,,,,,,
DOM_004129,2023,965,,,,,,,,
DOM_004130,2022,414,,,,,,,,
DOM_004130,2023,465,,,,,,,,
DOM_004131,2022,279,,,,,,,,
DOM_004131,2023,274,,,,,,,,
DOM_004132,2022,110,,,,,,,,
DOM_004132,2023,123,,,,,,,,
DOM_004133,2022,506,,,,,,,,
DOM_004133,2023,557,,,,,,,,
DOM_004134,2022,317,,,,,,,,
DOM_004134,2023,237,,,,,,,,
DOM_004135,2022,493,,,,,,,,
DOM_004135,2023,474,,,,,,,,
DOM_004136,2022,119,,,,,,,,
DOM_004136,2023,138,,,,,,,,
DOM_004137,2022,763,,,,,,,,
DOM_004137,2023,849,,,,,,,,
DOM_004138,2022,221,,,,,,,,
DOM_004138,2023,218,,,,,,,,
DOM_004139,2022,303,,,,,,,,
DOM_004139,2023,331,,,,,,,,
DOM_004140,2022,467,,,,,,,,
DOM_004140,2023,459,,,,,,,,
DOM_004141,2022,687,,,,,,,,
DOM_004141,2023,780,,,,,,,,
DOM_004142,2022,109,,,,,,,,
DOM_004142,2023,140,,,,,,,,
DOM_004143,2022,509,,,,,,,,
DOM_004143,2023,547,,,,,,,,
DOM_004144,2022,823,,,,,,,,
DOM_004144,2023,908,,,,,,,,
DOM_004145,2022,720,,,,,,,,
DOM_004145,2023,754,,,,,,,,
DOM_004146,2022,812,,,,,,,,
DOM_004146,2023,965,,,,,,,,
DOM_004147,2022,374,,,,,,,,
DOM_004147,2023,327,,,,,,,,
DOM_004148,2022,534,,,,,,,,
DOM_004148,2023,539,,,,,,,,
DOM_004149,2022,276,,,,,,,,
DOM_004149,2023,312,,,,,,,,
DOM_004150,2022,1475,,,,,,,,
DOM_004150,2023,1607,,,,,,,,
DOM_004151,2022,312,,,,,,,,
DOM_004151,2023,320,,,,,,,,
DOM_004152,2022,464,,,,,,,,
DOM_004152,2023,483,,,,,,,,
DOM_004153,2022,623,,,,,,,,
DOM_004153,2023,628,,,,,,,,
DOM_004154,2022,690,,,,,,,,
DOM_004154,2023,428,,,,,,,,
DOM_004155,2022,106,,,,,,,,
DOM_004155,2023,93,,,,,,,,
DOM_004156,2022,408,,,,,,,,
DOM_004156,2023,430,,,,,,,,
DOM_004157,2022,400,,,,,,,,
DOM_004157,2023,359,,,,,,,,
DOM_004158,2022,657,,,,,,,,
DOM_004158,2023,643,,,,,,,,
DOM_004159,2022,103,,,,,,,,
DOM_004159,2023,98,,,,,,,,
DOM_004160,2022,486,,,,,,,,
DOM_004160,2023,547,,,,,,,,
DOM_004161,2022,181,,,,,,,,
DOM_004161,2023,137,,,,,,,,
DOM_004162,2022,250,,,,,,,,
DOM_004162,2023,250,,,,,,,,
DOM_004163,2022,399,,,,,,,,
DOM_004163,2023,392,,,,,,,,
DOM_004164,2022,333,,,,,,,,
DOM_004164,2023,376,,,,,,,,
DOM_004165,2022,824,,,,,,,,
DOM_004165,2023,860,,,,,,,,
DOM_004166,2022,982,,,,,,,,
DOM_004166,2023,885,,,,,,,,
DOM_004167,2022,64,,,,,,,,
DOM_004167,2023,23,,,,,,,,
DOM_004168,2022,400,,,,,,,,
DOM_004168,2023,407,,,,,,,,
DOM_004169,2022,513,,,,,,,,
DOM_004169,2023,513,,,,,,,,
DOM_004170,2022,481,,,,,,,,
DOM_004170,2023,511,,,,,,,,
DOM_004171,2022,402,,,,,,,,
DOM_004171,2023,431,,,,,,,,
DOM_004172,2022,686,,,,,,,,
DOM_004172,2023,649,,,,,,,,
DOM_004173,2022,183,,,,,,,,
DOM_004173,2023,202,,,,,,,,
DOM_004174,2022,878,,,,,,,,
DOM_004174,2023,887,,,,,,,,
DOM_004175,2022,460,,,,,,,,
DOM_004175,2023,538,,,,,,,,
DOM_004176,2022,209,,,,,,,,
DOM_004176,2023,267,,,,,,,,
DOM_004177,2022,296,,,,,,,,
DOM_004177,2023,325,,,,,,,,
DOM_004178,2022,937,,,,,,,,
DOM_004178,2023,917,,,,,,,,
DOM_004179,2022,417,,,,,,,,
DOM_004179,2023,436,,,,,,,,
DOM_004180,2022,541,,,,,,,,
DOM_004180,2023,538,,,,,,,,
DOM_004181,2022,543,,,,,,,,
DOM_004181,2023,634,,,,,,,,
DOM_004182,2022,86,,,,,,,,
DOM_004182,2023,117,,,,,,,,
DOM_004183,2022,170,,,,,,,,
DOM_004183,2023,139,,,,,,,,
DOM_004184,2022,539,,,,,,,,
DOM_004184,2023,559,,,,,,,,
DOM_004185,2022,240,,,,,,,,
DOM_004185,2023,242,,,,,,,,
DOM_004186,2022,323,,,,,,,,
DOM_004186,2023,309,,,,,,,,
DOM_004187,2022,157,,,,,,,,
DOM_004187,2023,143,,,,,,,,
DOM_004188,2022,320,,,,,,,,
DOM_004188,2023,258,,,,,,,,
DOM_004189,2022,493,,,,,,,,
DOM_004189,2023,532,,,,,,,,
DOM_004190,2022,612,,,,,,,,
DOM_004190,2023,620,,,,,,,,
DOM_004191,2022,769,,,,,,,,
DOM_004191,2023,745,,,,,,,,
DOM_004192,2022,577,,,,,,,,
DOM_004192,2023,846,,,,,,,,
DOM_004193,2022,344,,,,,,,,
DOM_004193,2023,360,,,,,,,,
DOM_004194,2022,796,,,,,,,,
DOM_004194,2023,767,,,,,,,,
DOM_004195,2022,970,,,,,,,,
DOM_004195,2023,945,,,,,,,,
DOM_004196,2022,117,,,,,,,,
DOM_004196,2023,78,,,,,,,,
DOM_004197,2022,451,,,,,,,,
DOM_004197,2023,463,,,,,,,,
DOM_004198,2022,995,,,,,,,,
DOM_004198,2023,1068,,,,,,,,
DOM_004199,2022,416,,,,,,,,
DOM_004199,2023,460,,,,,,,,
DOM_004200,2022,509,,,,,,,,
DOM_004200,2023,576,,,,,,,,
DOM_004201,2022,862,,,,,,,,
DOM_004201,2023,830,,,,,,,,
DOM_004202,2022,923,,,,,,,,
DOM_004202,2023,945,,,,,,,,
DOM_004203,2022,668,,,,,,,,
DOM_004203,2023,687,,,,,,,,
DOM_004204,2022,517,,,,,,,,
DOM_004204,2023,527,,,,,,,,
DOM_004205,2022,509,,,,,,,,
DOM_004205,2023,470,,,,,,,,
DOM_004206,2022,601,,,,,,,,
DOM_004206,2023,729,,,,,,,,
DOM_004207,2022,545,,,,,,,,
DOM_004207,2023,606,,,,,,,,
DOM_004208,2022,1066,,,,,,,,
DOM_004208,2023,1068,,,,,,,,
DOM_004209,2022,128,,,,,,,,
DOM_004209,2023,124,,,,,,,,
DOM_004210,2022,354,,,,,,,,
DOM_004211,2022,171,,,,,,,,
DOM_004211,2023,173,,,,,,,,
DOM_004212,2022,706,,,,,,,,
DOM_004212,2023,824,,,,,,,,
DOM_004213,2022,707,,,,,,,,
DOM_004213,2023,872,,,,,,,,
DOM_004214,2022,181,,,,,,,,
DOM_004214,2023,162,,,,,,,,
DOM_004215,2022,293,,,,,,,,
DOM_004215,2023,284,,,,,,,,
DOM_004216,2022,840,,,,,,,,
DOM_004216,2023,904,,,,,,,,
DOM_004217,2022,182,,,,,,,,
DOM_004217,2023,202,,,,,,,,
DOM_004218,2022,276,,,,,,,,
DOM_004218,2023,283,,,,,,,,
DOM_004219,2022,229,,,,,,,,
DOM_004219,2023,263,,,,,,,,
DOM_004220,2022,790,,,,,,,,
DOM_004220,2023,923,,,,,,,,
DOM_004221,2022,733,,,,,,,,
DOM_004221,2023,738,,,,,,,,
DOM_004222,2022,608,,,,,,,,
DOM_004222,2023,611,,,,,,,,
DOM_004223,2022,189,,,,,,,,
DOM_004223,2023,209,,,,,,,,
DOM_004224,2022,124,,,,,,,,
DOM_004224,2023,100,,,,,,,,
DOM_004225,2022,736,,,,,,,,
DOM_004225,2023,739,,,,,,,,
DOM_004226,2022,715,,,,,,,,
DOM_004226,2023,685,,,,,,,,
DOM_004227,2022,245,,,,,,,,
DOM_004227,2023,231,,,,,,,,
DOM_004228,2022,378,,,,,,,,
DOM_004228,2023,328,,,,,,,,
DOM_004229,2022,205,,,,,,,,
DOM_004229,2023,246,,,,,,,,
DOM_004230,2022,115,,,,,,,,
DOM_004230,2023,82,,,,,,,,
DOM_004231,2022,463,,,,,,,,
DOM_004231,2023,628,,,,,,,,
DOM_004232,2022,1998,,,,,,,,
DOM_004232,2023,1427,,,,,,,,
DOM_004233,2022,531,,,,,,,,
DOM_004233,2023,560,,,,,,,,
DOM_004234,2022,859,,,,,,,,
DOM_004234,2023,810,,,,,,,,
DOM_004235,2022,654,,,,,,,,
DOM_004235,2023,702,,,,,,,,
DOM_004236,2022,826,,,,,,,,
DOM_004236,2023,870,,,,,,,,
DOM_004237,2022,692,,,,,,,,
DOM_004237,2023,754,,,,,,,,
DOM_004238,2022,38,,,,,,,,
DOM_004239,2022,600,,,,,,,,
DOM_004239,2023,651,,,,,,,,
DOM_004240,2022,520,,,,,,,,
DOM_004240,2023,627,,,,,,,,
DOM_004241,2022,1484,,,,,,,,
DOM_004241,2023,1114,,,,,,,,
DOM_004242,2022,315,,,,,,,,
DOM_004242,2023,337,,,,,,,,
DOM_004243,2022,591,,,,,,,,
DOM_004243,2023,581,,,,,,,,
DOM_004244,2022,590,,,,,,,,
DOM_004244,2023,740,,,,,,,,
DOM_004245,2022,1048,,,,,,,,
DOM_004245,2023,1037,,,,,,,,
DOM_004246,2022,453,,,,,,,,
DOM_004246,2023,467,,,,,,,,
DOM_004247,2022,341,,,,,,,,
DOM_004247,2023,374,,,,,,,,
DOM_004248,2022,338,,,,,,,,
DOM_004248,2023,246,,,,,,,,
DOM_004249,2022,304,,,,,,,,
DOM_004249,2023,271,,,,,,,,
DOM_004250,2022,901,,,,,,,,
DOM_004250,2023,1028,,,,,,,,
DOM_004251,2022,202,,,,,,,,
DOM_004251,2023,185,,,,,,,,
DOM_004252,2022,861,,,,,,,,
DOM_004252,2023,915,,,,,,,,
DOM_004253,2022,271,,,,,,,,
DOM_004253,2023,281,,,,,,,,
DOM_004254,2022,261,,,,,,,,
DOM_004254,2023,249,,,,,,,,
DOM_004255,2022,527,,,,,,,,
DOM_004255,2023,578,,,,,,,,
DOM_004256,2022,219,,,,,,,,
DOM_004256,2023,207,,,,,,,,
DOM_004257,2022,631,,,,,,,,
DOM_004257,2023,634,,,,,,,,
DOM_004258,2022,98,,,,,,,,
DOM_004258,2023,97,,,,,,,,
DOM_004259,2022,288,,,,,,,,
DOM_004259,2023,284,,,,,,,,
DOM_004260,2022,942,,,,,,,,
DOM_004260,2023,985,,,,,,,,
DOM_004261,2022,1076,,,,,,,,
DOM_004261,2023,1437,,,,,,,,
DOM_004262,2022,252,,,,,,,,
DOM_004262,2023,277,,,,,,,,
DOM_004263,2022,252,,,,,,,,
DOM_004263,2023,269,,,,,,,,
DOM_004264,2022,258,,,,,,,,
DOM_004264,2023,304,,,,,,,,
DOM_004265,2022,658,,,,,,,,
DOM_004265,2023,681,,,,,,,,
DOM_004266,2022,633,,,,,,,,
DOM_004266,2023,641,,,,,,,,
DOM_004267,2022,723,,,,,,,,
DOM_004267,2023,734,,,,,,,,
DOM_004268,2022,431,,,,,,,,
DOM_004268,2023,558,,,,,,,,
DOM_004269,2022,465,,,,,,,,
DOM_004269,2023,686,,,,,,,,
DOM_004270,2022,190,,,,,,,,
DOM_004271,2022,184,,,,,,,,
DOM_004271,2023,102,,,,,,,,
DOM_004272,2022,147,,,,,,,,
DOM_004272,2023,166,,,,,,,,
DOM_004273,2022,370,,,,,,,,
DOM_004273,2023,339,,,,,,,,
DOM_004274,2022,340,,,,,,,,
DOM_004274,2023,396,,,,,,,,
DOM_004275,2022,307,,,,,,,,
DOM_004275,2023,296,,,,,,,,
DOM_004276,2022,978,,,,,,,,
DOM_004276,2023,1088,,,,,,,,
DOM_004277,2022,268,,,,,,,,
DOM_004277,2023,340,,,,,,,,
DOM_004278,2022,466,,,,,,,,
DOM_004278,2023,503,,,,,,,,
DOM_004279,2022,568,,,,,,,,
DOM_004279,2023,576,,,,,,,,
DOM_004280,2022,297,,,,,,,,
DOM_004280,2023,343,,,,,,,,
DOM_004281,2022,510,,,,,,,,
DOM_004281,2023,1035,,,,,,,,
DOM_004282,2022,261,,,,,,,,
DOM_004282,2023,256,,,,,,,,
DOM_004283,2022,240,,,,,,,,
DOM_004283,2023,243,,,,,,,,
DOM_004284,2022,517,,,,,,,,
DOM_004284,2023,599,,,,,,,,
DOM_004285,2022,616,,,,,,,,
DOM_004285,2023,670,,,,,,,,
DOM_004286,2022,672,,,,,,,,
DOM_004286,2023,740,,,,,,,,
DOM_004287,2022,1045,,,,,,,,
DOM_004287,2023,1037,,,,,,,,
DOM_004288,2022,1421,,,,,,,,
DOM_004288,2023,1533,,,,,,,,
DOM_004289,2022,587,,,,,,,,
DOM_004289,2023,579,,,,,,,,
DOM_004290,2022,657,,,,,,,,
DOM_004290,2023,732,,,,,,,,
DOM_004291,2022,452,,,,,,,,
DOM_004291,2023,611,,,,,,,,
DOM_004292,2022,374,,,,,,,,
DOM_004292,2023,553,,,,,,,,
DOM_004293,2022,734,,,,,,,,
DOM_004293,2023,775,,,,,,,,
DOM_004294,2022,588,,,,,,,,
DOM_004295,2022,502,,,,,,,,
DOM_004295,2023,577,,,,,,,,
DOM_004296,2022,107,,,,,,,,
DOM_004296,2023,105,,,,,,,,
DOM_004297,2022,269,,,,,,,,
DOM_004297,2023,277,,,,,,,,
DOM_004298,2022,759,,,,,,,,
DOM_004298,2023,808,,,,,,,,
DOM_004299,2022,1206,,,,,,,,
DOM_004299,2023,1104,,,,,,,,
DOM_004300,2022,721,,,,,,,,
DOM_004300,2023,661,,,,,,,,
DOM_004301,2022,467,,,,,,,,
DOM_004301,2023,541,,,,,,,,
DOM_004302,2022,399,,,,,,,,
DOM_004302,2023,423,,,,,,,,
DOM_004303,2022,272,,,,,,,,
DOM_004303,2023,286,,,,,,,,
DOM_004304,2022,963,,,,,,,,
DOM_004304,2023,1011,,,,,,,,
DOM_004305,2022,4,,,,,,,,
DOM_004305,2023,3,,,,,,,,
DOM_004306,2022,700,,,,,,,,
DOM_004306,2023,748,,,,,,,,
DOM_004307,2022,1019,,,,,,,,
DOM_004307,2023,1069,,,,,,,,
DOM_004308,2022,233,,,,,,,,
DOM_004308,2023,223,,,,,,,,
DOM_004309,2022,133,,,,,,,,
DOM_004309,2023,143,,,,,,,,
DOM_004310,2022,815,,,,,,,,
DOM_004310,2023,940,,,,,,,,
DOM_004311,2022,692,,,,,,,,
DOM_004312,2022,234,,,,,,,,
DOM_004312,2023,226,,,,,,,,
DOM_004313,2022,755,,,,,,,,
DOM_004313,2023,753,,,,,,,,
DOM_004314,2022,682,,,,,,,,
DOM_004314,2023,840,,,,,,,,
DOM_004315,2022,372,,,,,,,,
DOM_004315,2023,405,,,,,,,,
DOM_004316,2022,570,,,,,,,,
DOM_004316,2023,696,,,,,,,,
DOM_004317,2022,285,,,,,,,,
DOM_004317,2023,316,,,,,,,,
DOM_004318,2022,924,,,,,,,,
DOM_004318,2023,892,,,,,,,,
DOM_004319,2022,347,,,,,,,,
DOM_004319,2023,413,,,,,,,,
DOM_004320,2022,247,,,,,,,,
DOM_004320,2023,225,,,,,,,,
DOM_004321,2022,1069,,,,,,,,
DOM_004321,2023,1120,,,,,,,,
DOM_004322,2022,81,,,,,,,,
DOM_004322,2023,76,,,,,,,,
DOM_004323,2022,418,,,,,,,,
DOM_004323,2023,425,,,,,,,,
DOM_004324,2022,564,,,,,,,,
DOM_004324,2023,534,,,,,,,,
DOM_004325,2022,218,,,,,,,,
DOM_004325,2023,362,,,,,,,,
DOM_004326,2022,345,,,,,,,,
DOM_004326,2023,362,,,,,,,,
DOM_004327,2022,191,,,,,,,,
DOM_004327,2023,183,,,,,,,,
DOM_004328,2022,561,,,,,,,,
DOM_004328,2023,566,,,,,,,,
DOM_004329,2022,401,,,,,,,,
DOM_004329,2023,473,,,,,,,,
DOM_004330,2022,52,,,,,,,,
DOM_004330,2023,50,,,,,,,,
DOM_004331,2022,102,,,,,,,,
DOM_004331,2023,97,,,,,,,,
DOM_004332,2022,70,,,,,,,,
DOM_004332,2023,72,,,,,,,,
DOM_004333,2022,77,,,,,,,,
DOM_004333,2023,79,,,,,,,,
DOM_004334,2022,327,,,,,,,,
DOM_004334,2023,334,,,,,,,,
DOM_004335,2022,729,,,,,,,,
DOM_004335,2023,744,,,,,,,,
DOM_004336,2022,476,,,,,,,,
DOM_004336,2023,495,,,,,,,,
DOM_004337,2022,267,,,,,,,,
DOM_004337,2023,289,,,,,,,,
DOM_004338,2022,9,,,,,,,,
DOM_004338,2023,11,,,,,,,,
DOM_004339,2022,431,,,,,,,,
DOM_004339,2023,441,,,,,,,,
DOM_004340,2022,308,,,,,,,,
DOM_004340,2023,330,,,,,,,,
DOM_004341,2022,334,,,,,,,,
DOM_004341,2023,340,,,,,,,,
DOM_004342,2022,248,,,,,,,,
DOM_004342,2023,341,,,,,,,,
DOM_004343,2022,368,,,,,,,,
DOM_004343,2023,390,,,,,,,,
DOM_004344,2022,265,,,,,,,,
DOM_004344,2023,288,,,,,,,,
DOM_004345,2022,284,,,,,,,,
DOM_004345,2023,279,,,,,,,,
DOM_004346,2022,140,,,,,,,,
DOM_004346,2023,189,,,,,,,,
DOM_004347,2022,362,,,,,,,,
DOM_004347,2023,363,,,,,,,,
DOM_004348,2022,268,,,,,,,,
DOM_004348,2023,285,,,,,,,,
DOM_004349,2022,424,,,,,,,,
DOM_004349,2023,502,,,,,,,,
DOM_004350,2022,203,,,,,,,,
DOM_004350,2023,232,,,,,,,,
DOM_004351,2022,590,,,,,,,,
DOM_004351,2023,679,,,,,,,,
DOM_004352,2022,81,,,,,,,,
DOM_004352,2023,87,,,,,,,,
DOM_004353,2022,708,,,,,,,,
DOM_004353,2023,550,,,,,,,,
DOM_004354,2022,489,,,,,,,,
DOM_004354,2023,543,,,,,,,,
DOM_004355,2022,187,,,,,,,,
DOM_004355,2023,202,,,,,,,,
DOM_004356,2022,296,,,,,,,,
DOM_004356,2023,316,,,,,,,,
DOM_004357,2022,427,,,,,,,,
DOM_004357,2023,411,,,,,,,,
DOM_004358,2022,739,,,,,,,,
DOM_004358,2023,809,,,,,,,,
DOM_004359,2022,13,,,,,,,,
DOM_004359,2023,41,,,,,,,,
DOM_004360,2022,205,,,,,,,,
DOM_004360,2023,233,,,,,,,,
DOM_004361,2022,213,,,,,,,,
DOM_004361,2023,230,,,,,,,,
DOM_004362,2022,312,,,,,,,,
DOM_004362,2023,335,,,,,,,,
DOM_004363,2022,431,,,,,,,,
DOM_004363,2023,442,,,,,,,,
DOM_004364,2022,370,,,,,,,,
DOM_004364,2023,341,,,,,,,,
DOM_004365,2022,749,,,,,,,,
DOM_004365,2023,872,,,,,,,,
DOM_004366,2022,570,,,,,,,,
DOM_004366,2023,588,,,,,,,,
DOM_004367,2022,551,,,,,,,,
DOM_004367,2023,543,,,,,,,,
DOM_004368,2022,106,,,,,,,,
DOM_004368,2023,116,,,,,,,,
DOM_004369,2022,170,,,,,,,,
DOM_004369,2023,158,,,,,,,,
DOM_004370,2022,848,,,,,,,,
DOM_004370,2023,873,,,,,,,,
DOM_004371,2022,278,,,,,,,,
DOM_004371,2023,461,,,,,,,,
DOM_004372,2022,303,,,,,,,,
DOM_004372,2023,278,,,,,,,,
DOM_004373,2022,133,,,,,,,,
DOM_004373,2023,175,,,,,,,,
DOM_004374,2022,450,,,,,,,,
DOM_004374,2023,439,,,,,,,,
DOM_004375,2022,433,,,,,,,,
DOM_004375,2023,427,,,,,,,,
DOM_004376,2022,210,,,,,,,,
DOM_004376,2023,256,,,,,,,,
DOM_004377,2022,454,,,,,,,,
DOM_004377,2023,496,,,,,,,,
DOM_004378,2022,374,,,,,,,,
DOM_004378,2023,387,,,,,,,,
DOM_004379,2022,715,,,,,,,,
DOM_004379,2023,727,,,,,,,,
DOM_004380,2022,275,,,,,,,,
DOM_004380,2023,293,,,,,,,,
DOM_004381,2022,224,,,,,,,,
DOM_004381,2023,226,,,,,,,,
DOM_004382,2022,339,,,,,,,,
DOM_004382,2023,366,,,,,,,,
DOM_004383,2022,312,,,,,,,,
DOM_004383,2023,332,,,,,,,,
DOM_004384,2022,225,,,,,,,,
DOM_004384,2023,236,,,,,,,,
DOM_004385,2022,303,,,,,,,,
DOM_004385,2023,302,,,,,,,,
DOM_004386,2022,195,,,,,,,,
DOM_004386,2023,214,,,,,,,,
DOM_004387,2022,461,,,,,,,,
DOM_004387,2023,429,,,,,,,,
DOM_004388,2022,467,,,,,,,,
DOM_004388,2023,495,,,,,,,,
DOM_004389,2022,502,,,,,,,,
DOM_004389,2023,505,,,,,,,,
DOM_004390,2022,347,,,,,,,,
DOM_004390,2023,382,,,,,,,,
DOM_004391,2022,285,,,,,,,,
DOM_004391,2023,319,,,,,,,,
DOM_004392,2022,337,,,,,,,,
DOM_004392,2023,358,,,,,,,,
DOM_004393,2022,606,,,,,,,,
DOM_004393,2023,665,,,,,,,,
DOM_004394,2022,567,,,,,,,,
DOM_004394,2023,575,,,,,,,,
DOM_004395,2022,82,,,,,,,,
DOM_004395,2023,88,,,,,,,,
DOM_004396,2022,228,,,,,,,,
DOM_004396,2023,865,,,,,,,,
DOM_004397,2022,564,,,,,,,,
DOM_004398,2022,34,,,,,,,,
DOM_004398,2023,45,,,,,,,,
DOM_004399,2022,160,,,,,,,,
DOM_004399,2023,180,,,,,,,,
DOM_004400,2022,222,,,,,,,,
DOM_004400,2023,200,,,,,,,,
DOM_004401,2022,181,,,,,,,,
DOM_004401,2023,180,,,,,,,,
DOM_004402,2022,407,,,,,,,,
DOM_004402,2023,438,,,,,,,,
DOM_004403,2022,249,,,,,,,,
DOM_004403,2023,272,,,,,,,,
DOM_004404,2022,513,,,,,,,,
DOM_004404,2023,566,,,,,,,,
DOM_004405,2022,446,,,,,,,,
DOM_004405,2023,421,,,,,,,,
DOM_004406,2022,244,,,,,,,,
DOM_004406,2023,287,,,,,,,,
DOM_004407,2022,860,,,,,,,,
DOM_004407,2023,866,,,,,,,,
DOM_004408,2022,637,,,,,,,,
DOM_004408,2023,726,,,,,,,,
DOM_004409,2022,515,,,,,,,,
DOM_004409,2023,521,,,,,,,,
DOM_004410,2022,117,,,,,,,,
DOM_004410,2023,123,,,,,,,,
DOM_004411,2022,214,,,,,,,,
DOM_004411,2023,242,,,,,,,,
DOM_004412,2022,549,,,,,,,,
DOM_004412,2023,571,,,,,,,,
DOM_004413,2022,413,,,,,,,,
DOM_004413,2023,286,,,,,,,,
DOM_004414,2022,224,,,,,,,,
DOM_004414,2023,258,,,,,,,,
DOM_004415,2022,38,,,,,,,,
DOM_004415,2023,36,,,,,,,,
DOM_004416,2022,304,,,,,,,,
DOM_004416,2023,293,,,,,,,,
DOM_004417,2022,383,,,,,,,,
DOM_004417,2023,434,,,,,,,,
DOM_004418,2022,182,,,,,,,,
DOM_004418,2023,191,,,,,,,,
DOM_004419,2022,237,,,,,,,,
DOM_004419,2023,240,,,,,,,,
DOM_004420,2022,516,,,,,,,,
DOM_004420,2023,538,,,,,,,,
DOM_004421,2022,222,,,,,,,,
DOM_004421,2023,240,,,,,,,,
DOM_004422,2022,406,,,,,,,,
DOM_004422,2023,432,,,,,,,,
DOM_004423,2022,597,,,,,,,,
DOM_004423,2023,578,,,,,,,,
DOM_004424,2022,220,,,,,,,,
DOM_004424,2023,240,,,,,,,,
DOM_004425,2022,27,,,,,,,,
DOM_004425,2023,17,,,,,,,,
DOM_004426,2022,159,,,,,,,,
DOM_004426,2023,171,,,,,,,,
DOM_004427,2022,53,,,,,,,,
DOM_004427,2023,61,,,,,,,,
DOM_004428,2022,383,,,,,,,,
DOM_004428,2023,404,,,,,,,,
DOM_004429,2022,102,,,,,,,,
DOM_004429,2023,115,,,,,,,,
DOM_004430,2022,340,,,,,,,,
DOM_004430,2023,343,,,,,,,,
DOM_004431,2022,216,,,,,,,,
DOM_004431,2023,215,,,,,,,,
DOM_004432,2022,325,,,,,,,,
DOM_004432,2023,322,,,,,,,,
DOM_004433,2022,218,,,,,,,,
DOM_004433,2023,235,,,,,,,,
DOM_004434,2022,303,,,,,,,,
DOM_004434,2023,338,,,,,,,,
DOM_004435,2022,340,,,,,,,,
DOM_004435,2023,364,,,,,,,,
DOM_004436,2022,204,,,,,,,,
DOM_004436,2023,235,,,,,,,,
DOM_004437,2022,208,,,,,,,,
DOM_004437,2023,219,,,,,,,,
DOM_004438,2022,240,,,,,,,,
DOM_004438,2023,231,,,,,,,,
DOM_004439,2022,137,,,,,,,,
DOM_004439,2023,113,,,,,,,,
DOM_004440,2022,421,,,,,,,,
DOM_004441,2022,293,,,,,,,,
DOM_004441,2023,764,,,,,,,,
DOM_004442,2022,29,,,,,,,,
DOM_004442,2023,33,,,,,,,,
DOM_004443,2022,72,,,,,,,,
DOM_004443,2023,66,,,,,,,,
DOM_004444,2022,163,,,,,,,,
DOM_004444,2023,189,,,,,,,,
DOM_004445,2022,130,,,,,,,,
DOM_004445,2023,148,,,,,,,,
DOM_004446,2022,123,,,,,,,,
DOM_004446,2023,126,,,,,,,,
DOM_004447,2022,180,,,,,,,,
DOM_004447,2023,179,,,,,,,,
DOM_004448,2022,187,,,,,,,,
DOM_004448,2023,196,,,,,,,,
DOM_004449,2022,488,,,,,,,,
DOM_004449,2023,591,,,,,,,,
DOM_004450,2022,126,,,,,,,,
DOM_004450,2023,110,,,,,,,,
DOM_004451,2022,196,,,,,,,,
DOM_004451,2023,184,,,,,,,,
DOM_004452,2022,71,,,,,,,,
DOM_004452,2023,72,,,,,,,,
DOM_004453,2022,188,,,,,,,,
DOM_004453,2023,205,,,,,,,,
DOM_004454,2022,217,,,,,,,,
DOM_004454,2023,247,,,,,,,,
DOM_004455,2022,117,,,,,,,,
DOM_004455,2023,127,,,,,,,,
DOM_004456,2022,268,,,,,,,,
DOM_004456,2023,289,,,,,,,,
DOM_004457,2022,72,,,,,,,,
DOM_004457,2023,81,,,,,,,,
DOM_004458,2022,114,,,,,,,,
DOM_004458,2023,125,,,,,,,,
DOM_004459,2022,404,,,,,,,,
DOM_004459,2023,389,,,,,,,,
DOM_004460,2022,45,,,,,,,,
DOM_004460,2023,48,,,,,,,,
DOM_004461,2022,141,,,,,,,,
DOM_004461,2023,153,,,,,,,,
DOM_004462,2022,251,,,,,,,,
DOM_004462,2023,216,,,,,,,,
DOM_004463,2022,160,,,,,,,,
DOM_004463,2023,155,,,,,,,,
DOM_004464,2022,169,,,,,,,,
DOM_004464,2023,191,,,,,,,,
DOM_004465,2022,128,,,,,,,,
DOM_004465,2023,130,,,,,,,,
DOM_004466,2022,206,,,,,,,,
DOM_004466,2023,212,,,,,,,,
DOM_004467,2022,89,,,,,,,,
DOM_004467,2023,102,,,,,,,,
DOM_004468,2022,53,,,,,,,,
DOM_004468,2023,56,,,,,,,,
DOM_004469,2022,187,,,,,,,,
DOM_004469,2023,255,,,,,,,,
DOM_004470,2022,650,,,,,,,,
DOM_004470,2023,662,,,,,,,,
DOM_004471,2022,654,,,,,,,,
DOM_004471,2023,763,,,,,,,,
DOM_004472,2022,81,,,,,,,,
DOM_004472,2023,75,,,,,,,,
DOM_004473,2022,286,,,,,,,,
DOM_004473,2023,300,,,,,,,,
DOM_004474,2022,274,,,,,,,,
DOM_004474,2023,309,,,,,,,,
DOM_004475,2022,108,,,,,,,,
DOM_004475,2023,109,,,,,,,,
DOM_004476,2022,682,,,,,,,,
DOM_004476,2023,667,,,,,,,,
DOM_004477,2022,210,,,,,,,,
DOM_004477,2023,264,,,,,,,,
DOM_004478,2022,253,,,,,,,,
DOM_004478,2023,298,,,,,,,,
DOM_004479,2022,648,,,,,,,,
DOM_004479,2023,654,,,,,,,,
DOM_004480,2022,338,,,,,,,,
DOM_004480,2023,416,,,,,,,,
DOM_004481,2022,403,,,,,,,,
DOM_004481,2023,402,,,,,,,,
DOM_004482,2022,1013,,,,,,,,
DOM_004482,2023,1082,,,,,,,,
DOM_004483,2022,576,,,,,,,,
DOM_004483,2023,570,,,,,,,,
DOM_004484,2022,576,,,,,,,,
DOM_004484,2023,598,,,,,,,,
DOM_004485,2022,101,,,,,,,,
DOM_004485,2023,102,,,,,,,,
DOM_004486,2022,252,,,,,,,,
DOM_004486,2023,258,,,,,,,,
DOM_004487,2022,297,,,,,,,,
DOM_004487,2023,283,,,,,,,,
DOM_004488,2022,284,,,,,,,,
DOM_004488,2023,282,,,,,,,,
DOM_004489,2022,207,,,,,,,,
DOM_004489,2023,216,,,,,,,,
DOM_004490,2022,369,,,,,,,,
DOM_004490,2023,422,,,,,,,,
DOM_004491,2022,284,,,,,,,,
DOM_004491,2023,289,,,,,,,,
DOM_004492,2022,375,,,,,,,,
DOM_004492,2023,389,,,,,,,,
DOM_004493,2022,260,,,,,,,,
DOM_004493,2023,288,,,,,,,,
DOM_004494,2022,187,,,,,,,,
DOM_004494,2023,221,,,,,,,,
DOM_004495,2022,169,,,,,,,,
DOM_004495,2023,175,,,,,,,,
DOM_004496,2022,108,,,,,,,,
DOM_004496,2023,123,,,,,,,,
DOM_004497,2022,185,,,,,,,,
DOM_004497,2023,175,,,,,,,,
DOM_004498,2022,56,,,,,,,,
DOM_004498,2023,58,,,,,,,,
DOM_004499,2022,38,,,,,,,,
DOM_004499,2023,38,,,,,,,,
DOM_004500,2022,352,,,,,,,,
DOM_004500,2023,378,,,,,,,,
DOM_004501,2022,144,,,,,,,,
DOM_004501,2023,152,,,,,,,,
DOM_004502,2022,746,,,,,,,,
DOM_004502,2023,749,,,,,,,,
DOM_004503,2022,132,,,,,,,,
DOM_004503,2023,179,,,,,,,,
DOM_004504,2022,358,,,,,,,,
DOM_004504,2023,452,,,,,,,,
DOM_004505,2022,147,,,,,,,,
DOM_004505,2023,167,,,,,,,,
DOM_004506,2022,516,,,,,,,,
DOM_004506,2023,566,,,,,,,,
DOM_004507,2022,548,,,,,,,,
DOM_004507,2023,603,,,,,,,,
DOM_004508,2022,376,,,,,,,,
DOM_004508,2023,406,,,,,,,,
DOM_004509,2022,887,,,,,,,,
DOM_004509,2023,983,,,,,,,,
DOM_004510,2022,329,,,,,,,,
DOM_004510,2023,356,,,,,,,,
DOM_004511,2022,418,,,,,,,,
DOM_004511,2023,417,,,,,,,,
DOM_004512,2022,245,,,,,,,,
DOM_004512,2023,262,,,,,,,,
DOM_004513,2022,410,,,,,,,,
DOM_004513,2023,395,,,,,,,,
DOM_004514,2022,717,,,,,,,,
DOM_004514,2023,851,,,,,,,,
DOM_004515,2022,282,,,,,,,,
DOM_004515,2023,308,,,,,,,,
DOM_004516,2022,316,,,,,,,,
DOM_004516,2023,296,,,,,,,,
DOM_004517,2022,255,,,,,,,,
DOM_004517,2023,313,,,,,,,,
DOM_004518,2022,325,,,,,,,,
DOM_004518,2023,321,,,,,,,,
DOM_004519,2022,256,,,,,,,,
DOM_004519,2023,246,,,,,,,,
DOM_004520,2022,168,,,,,,,,
DOM_004520,2023,174,,,,,,,,
DOM_004521,2022,543,,,,,,,,
DOM_004521,2023,649,,,,,,,,
DOM_004522,2022,1113,,,,,,,,
DOM_004522,2023,1272,,,,,,,,
DOM_004523,2022,1011,,,,,,,,
DOM_004523,2023,1222,,,,,,,,
DOM_004524,2022,589,,,,,,,,
DOM_004524,2023,646,,,,,,,,
DOM_004525,2022,444,,,,,,,,
DOM_004525,2023,460,,,,,,,,
DOM_004526,2022,397,,,,,,,,
DOM_004526,2023,421,,,,,,,,
DOM_004527,2022,528,,,,,,,,
DOM_004527,2023,563,,,,,,,,
DOM_004528,2022,191,,,,,,,,
DOM_004528,2023,199,,,,,,,,
DOM_004529,2022,301,,,,,,,,
DOM_004529,2023,284,,,,,,,,
DOM_004530,2022,133,,,,,,,,
DOM_004530,2023,141,,,,,,,,
DOM_004531,2022,14,,,,,,,,
DOM_004531,2023,11,,,,,,,,
DOM_004532,2022,411,,,,,,,,
DOM_004532,2023,434,,,,,,,,
DOM_004533,2022,128,,,,,,,,
DOM_004533,2023,181,,,,,,,,
DOM_004534,2022,35,,,,,,,,
DOM_004534,2023,34,,,,,,,,
DOM_004535,2022,163,,,,,,,,
DOM_004535,2023,170,,,,,,,,
DOM_004536,2022,300,,,,,,,,
DOM_004536,2023,308,,,,,,,,
DOM_004537,2022,262,,,,,,,,
DOM_004537,2023,277,,,,,,,,
DOM_004538,2022,665,,,,,,,,
DOM_004538,2023,920,,,,,,,,
DOM_004539,2022,79,,,,,,,,
DOM_004539,2023,110,,,,,,,,
DOM_004540,2022,484,,,,,,,,
DOM_004540,2023,593,,,,,,,,
DOM_004541,2022,409,,,,,,,,
DOM_004541,2023,529,,,,,,,,
DOM_004542,2022,252,,,,,,,,
DOM_004542,2023,313,,,,,,,,
DOM_004543,2022,1164,,,,,,,,
DOM_004543,2023,1339,,,,,,,,
DOM_004544,2022,690,,,,,,,,
DOM_004544,2023,799,,,,,,,,
DOM_004545,2022,368,,,,,,,,
DOM_004545,2023,378,,,,,,,,
DOM_004546,2022,276,,,,,,,,
DOM_004546,2023,255,,,,,,,,
DOM_004547,2022,429,,,,,,,,
DOM_004547,2023,426,,,,,,,,
DOM_004548,2022,321,,,,,,,,
DOM_004548,2023,348,,,,,,,,
DOM_004549,2022,455,,,,,,,,
DOM_004549,2023,451,,,,,,,,
DOM_004550,2022,177,,,,,,,,
DOM_004550,2023,162,,,,,,,,
DOM_004551,2022,406,,,,,,,,
DOM_004551,2023,440,,,,,,,,
DOM_004552,2022,446,,,,,,,,
DOM_004552,2023,450,,,,,,,,
DOM_004553,2022,296,,,,,,,,
DOM_004553,2023,321,,,,,,,,
DOM_004554,2022,368,,,,,,,,
DOM_004554,2023,364,,,,,,,,
DOM_004555,2022,1692,,,,,,,,
DOM_004555,2023,1792,,,,,,,,
DOM_004556,2022,1395,,,,,,,,
DOM_004556,2023,1531,,,,,,,,
DOM_004557,2022,258,,,,,,,,
DOM_004557,2023,570,,,,,,,,
DOM_004558,2022,322,,,,,,,,
DOM_004558,2023,337,,,,,,,,
DOM_004559,2022,818,,,,,,,,
DOM_004559,2023,831,,,,,,,,
DOM_004560,2022,289,,,,,,,,
DOM_004560,2023,347,,,,,,,,
DOM_004561,2022,516,,,,,,,,
DOM_004561,2023,518,,,,,,,,
DOM_004562,2022,126,,,,,,,,
DOM_004562,2023,132,,,,,,,,
DOM_004563,2022,587,,,,,,,,
DOM_004563,2023,655,,,,,,,,
DOM_004564,2022,677,,,,,,,,
DOM_004564,2023,698,,,,,,,,
DOM_004565,2022,155,,,,,,,,
DOM_004565,2023,163,,,,,,,,
DOM_004566,2022,377,,,,,,,,
DOM_004566,2023,360,,,,,,,,
DOM_004567,2022,253,,,,,,,,
DOM_004567,2023,222,,,,,,,,
DOM_004568,2022,533,,,,,,,,
DOM_004568,2023,579,,,,,,,,
DOM_004569,2022,328,,,,,,,,
DOM_004569,2023,345,,,,,,,,
DOM_004570,2022,384,,,,,,,,
DOM_004570,2023,412,,,,,,,,
DOM_004571,2022,325,,,,,,,,
DOM_004571,2023,389,,,,,,,,
DOM_004572,2022,303,,,,,,,,
DOM_004572,2023,349,,,,,,,,
DOM_004573,2022,6,,,,,,,,
DOM_004573,2023,7,,,,,,,,
DOM_004574,2022,59,,,,,,,,
DOM_004574,2023,57,,,,,,,,
DOM_004575,2022,457,,,,,,,,
DOM_004575,2023,488,,,,,,,,
DOM_004576,2022,391,,,,,,,,
DOM_004576,2023,402,,,,,,,,
DOM_004577,2022,250,,,,,,,,
DOM_004577,2023,323,,,,,,,,
DOM_004578,2022,560,,,,,,,,
DOM_004578,2023,642,,,,,,,,
DOM_004579,2022,52,,,,,,,,
DOM_004579,2023,51,,,,,,,,
DOM_004580,2022,531,,,,,,,,
DOM_004580,2023,588,,,,,,,,
DOM_004581,2022,95,,,,,,,,
DOM_004581,2023,115,,,,,,,,
DOM_004582,2022,242,,,,,,,,
DOM_004582,2023,250,,,,,,,,
DOM_004583,2022,517,,,,,,,,
DOM_004583,2023,554,,,,,,,,
DOM_004584,2022,349,,,,,,,,
DOM_004584,2023,390,,,,,,,,
DOM_004585,2022,233,,,,,,,,
DOM_004585,2023,257,,,,,,,,
DOM_004586,2022,207,,,,,,,,
DOM_004586,2023,208,,,,,,,,
DOM_004587,2022,84,,,,,,,,
DOM_004587,2023,72,,,,,,,,
DOM_004588,2022,127,,,,,,,,
DOM_004588,2023,187,,,,,,,,
DOM_004589,2022,202,,,,,,,,
DOM_004589,2023,221,,,,,,,,
DOM_004590,2022,412,,,,,,,,
DOM_004590,2023,404,,,,,,,,
DOM_004591,2022,475,,,,,,,,
DOM_004591,2023,478,,,,,,,,
DOM_004592,2022,451,,,,,,,,
DOM_004592,2023,511,,,,,,,,
DOM_004593,2022,243,,,,,,,,
DOM_004593,2023,276,,,,,,,,
DOM_004594,2022,87,,,,,,,,
DOM_004594,2023,89,,,,,,,,
DOM_004595,2022,27,,,,,,,,
DOM_004595,2023,36,,,,,,,,
DOM_004596,2022,741,,,,,,,,
DOM_004596,2023,726,,,,,,,,
DOM_004597,2022,193,,,,,,,,
DOM_004597,2023,231,,,,,,,,
DOM_004598,2022,92,,,,,,,,
DOM_004598,2023,97,,,,,,,,
DOM_004599,2022,23,,,,,,,,
DOM_004599,2023,22,,,,,,,,
DOM_004600,2022,490,,,,,,,,
DOM_004600,2023,483,,,,,,,,
DOM_004601,2022,280,,,,,,,,
DOM_004601,2023,299,,,,,,,,
DOM_004602,2022,342,,,,,,,,
DOM_004602,2023,389,,,,,,,,
DOM_004603,2022,389,,,,,,,,
DOM_004603,2023,426,,,,,,,,
DOM_004604,2022,441,,,,,,,,
DOM_004604,2023,495,,,,,,,,
DOM_004605,2022,425,,,,,,,,
DOM_004605,2023,429,,,,,,,,
DOM_004606,2022,210,,,,,,,,
DOM_004606,2023,310,,,,,,,,
DOM_004607,2022,232,,,,,,,,
DOM_004607,2023,265,,,,,,,,
DOM_004608,2022,389,,,,,,,,
DOM_004608,2023,392,,,,,,,,
DOM_004609,2022,545,,,,,,,,
DOM_004609,2023,568,,,,,,,,
DOM_004610,2022,129,,,,,,,,
DOM_004610,2023,161,,,,,,,,
DOM_004611,2022,764,,,,,,,,
DOM_004611,2023,802,,,,,,,,
DOM_004612,2022,340,,,,,,,,
DOM_004612,2023,359,,,,,,,,
DOM_004613,2022,526,,,,,,,,
DOM_004613,2023,556,,,,,,,,
DOM_004614,2022,264,,,,,,,,
DOM_004614,2023,285,,,,,,,,
DOM_004615,2022,116,,,,,,,,
DOM_004615,2023,129,,,,,,,,
DOM_004616,2022,40,,,,,,,,
DOM_004616,2023,51,,,,,,,,
DOM_004617,2022,328,,,,,,,,
DOM_004617,2023,336,,,,,,,,
DOM_004618,2022,16,,,,,,,,
DOM_004618,2023,13,,,,,,,,
DOM_004619,2022,235,,,,,,,,
DOM_004619,2023,266,,,,,,,,
DOM_004620,2022,235,,,,,,,,
DOM_004620,2023,236,,,,,,,,
DOM_004621,2022,270,,,,,,,,
DOM_004621,2023,343,,,,,,,,
DOM_004622,2022,207,,,,,,,,
DOM_004622,2023,237,,,,,,,,
DOM_004623,2022,257,,,,,,,,
DOM_004623,2023,321,,,,,,,,
DOM_004624,2022,149,,,,,,,,
DOM_004624,2023,164,,,,,,,,
DOM_004625,2022,246,,,,,,,,
DOM_004625,2023,268,,,,,,,,
DOM_004626,2022,577,,,,,,,,
DOM_004626,2023,614,,,,,,,,
DOM_004627,2022,469,,,,,,,,
DOM_004627,2023,452,,,,,,,,
DOM_004628,2022,192,,,,,,,,
DOM_004628,2023,174,,,,,,,,
DOM_004629,2022,729,,,,,,,,
DOM_004629,2023,766,,,,,,,,
DOM_004630,2022,312,,,,,,,,
DOM_004630,2023,332,,,,,,,,
DOM_004631,2022,168,,,,,,,,
DOM_004631,2023,184,,,,,,,,
DOM_004632,2022,236,,,,,,,,
DOM_004632,2023,235,,,,,,,,
DOM_004633,2022,393,,,,,,,,
DOM_004633,2023,446,,,,,,,,
DOM_004634,2022,530,,,,,,,,
DOM_004634,2023,561,,,,,,,,
DOM_004635,2022,426,,,,,,,,
DOM_004635,2023,549,,,,,,,,
DOM_004636,2022,272,,,,,,,,
DOM_004636,2023,313,,,,,,,,
DOM_004637,2022,244,,,,,,,,
DOM_004637,2023,229,,,,,,,,
DOM_004638,2022,408,,,,,,,,
DOM_004638,2023,461,,,,,,,,
DOM_004639,2022,200,,,,,,,,
DOM_004639,2023,227,,,,,,,,
DOM_004640,2022,383,,,,,,,,
DOM_004640,2023,414,,,,,,,,
DOM_004641,2022,85,,,,,,,,
DOM_004641,2023,97,,,,,,,,
DOM_004642,2022,81,,,,,,,,
DOM_004642,2023,68,,,,,,,,
DOM_004643,2022,141,,,,,,,,
DOM_004643,2023,107,,,,,,,,
DOM_004644,2022,251,,,,,,,,
DOM_004644,2023,287,,,,,,,,
DOM_004645,2022,308,,,,,,,,
DOM_004645,2023,305,,,,,,,,
DOM_004646,2022,323,,,,,,,,
DOM_004646,2023,340,,,,,,,,
DOM_004647,2022,481,,,,,,,,
DOM_004647,2023,517,,,,,,,,
DOM_004648,2022,335,,,,,,,,
DOM_004648,2023,349,,,,,,,,
DOM_004649,2022,106,,,,,,,,
DOM_004649,2023,131,,,,,,,,
DOM_004650,2022,265,,,,,,,,
DOM_004650,2023,250,,,,,,,,
DOM_004651,2022,372,,,,,,,,
DOM_004651,2023,420,,,,,,,,
DOM_004652,2022,303,,,,,,,,
DOM_004652,2023,344,,,,,,,,
DOM_004653,2022,1119,,,,,,,,
DOM_004653,2023,1286,,,,,,,,
DOM_004654,2022,946,,,,,,,,
DOM_004654,2023,973,,,,,,,,
DOM_004655,2022,11,,,,,,,,
DOM_004655,2023,13,,,,,,,,
DOM_004656,2022,386,,,,,,,,
DOM_004656,2023,399,,,,,,,,
DOM_004657,2022,577,,,,,,,,
DOM_004657,2023,597,,,,,,,,
DOM_004658,2022,254,,,,,,,,
DOM_004658,2023,289,,,,,,,,
DOM_004659,2022,321,,,,,,,,
DOM_004659,2023,351,,,,,,,,
DOM_004660,2022,709,,,,,,,,
DOM_004660,2023,709,,,,,,,,
DOM_004661,2022,114,,,,,,,,
DOM_004661,2023,103,,,,,,,,
DOM_004662,2022,72,,,,,,,,
DOM_004662,2023,60,,,,,,,,
DOM_004663,2022,96,,,,,,,,
DOM_004663,2023,121,,,,,,,,
DOM_004664,2022,18,,,,,,,,
DOM_004664,2023,26,,,,,,,,
DOM_004665,2022,113,,,,,,,,
DOM_004665,2023,129,,,,,,,,
DOM_004666,2022,105,,,,,,,,
DOM_004666,2023,119,,,,,,,,
DOM_004667,2022,140,,,,,,,,
DOM_004667,2023,160,,,,,,,,
DOM_004668,2022,59,,,,,,,,
DOM_004668,2023,58,,,,,,,,
DOM_004669,2022,251,,,,,,,,
DOM_004669,2023,255,,,,,,,,
DOM_004670,2022,61,,,,,,,,
DOM_004670,2023,61,,,,,,,,
DOM_004671,2022,7,,,,,,,,
DOM_004671,2023,7,,,,,,,,
DOM_004672,2022,223,,,,,,,,
DOM_004672,2023,227,,,,,,,,
DOM_004673,2022,201,,,,,,,,
DOM_004673,2023,206,,,,,,,,
DOM_004674,2022,32,,,,,,,,
DOM_004674,2023,33,,,,,,,,
DOM_004675,2022,250,,,,,,,,
DOM_004675,2023,261,,,,,,,,
DOM_004676,2022,216,,,,,,,,
DOM_004676,2023,248,,,,,,,,
DOM_004677,2022,247,,,,,,,,
DOM_004677,2023,270,,,,,,,,
DOM_004678,2022,551,,,,,,,,
DOM_004678,2023,522,,,,,,,,
DOM_004679,2022,71,,,,,,,,
DOM_004679,2023,72,,,,,,,,
DOM_004680,2022,29,,,,,,,,
DOM_004680,2023,29,,,,,,,,
DOM_004681,2022,430,,,,,,,,
DOM_004681,2023,471,,,,,,,,
DOM_004682,2022,244,,,,,,,,
DOM_004682,2023,490,,,,,,,,
DOM_004683,2022,380,,,,,,,,
DOM_004683,2023,344,,,,,,,,
DOM_004684,2022,317,,,,,,,,
DOM_004684,2023,303,,,,,,,,
DOM_004685,2022,675,,,,,,,,
DOM_004685,2023,700,,,,,,,,
DOM_004686,2022,1508,,,,,,,,
DOM_004686,2023,1627,,,,,,,,
DOM_004687,2022,477,,,,,,,,
DOM_004687,2023,473,,,,,,,,
DOM_004688,2022,450,,,,,,,,
DOM_004688,2023,454,,,,,,,,
DOM_004689,2022,629,,,,,,,,
DOM_004689,2023,480,,,,,,,,
DOM_004690,2022,153,,,,,,,,
DOM_004690,2023,155,,,,,,,,
DOM_004691,2022,164,,,,,,,,
DOM_004691,2023,175,,,,,,,,
DOM_004692,2022,83,,,,,,,,
DOM_004692,2023,89,,,,,,,,
DOM_004693,2022,204,,,,,,,,
DOM_004693,2023,214,,,,,,,,
DOM_004694,2022,252,,,,,,,,
DOM_004694,2023,260,,,,,,,,
DOM_004695,2022,262,,,,,,,,
DOM_004695,2023,288,,,,,,,,
DOM_004696,2022,334,,,,,,,,
DOM_004696,2023,327,,,,,,,,
DOM_004697,2022,113,,,,,,,,
DOM_004697,2023,112,,,,,,,,
DOM_004698,2022,95,,,,,,,,
DOM_004698,2023,107,,,,,,,,
DOM_004699,2022,379,,,,,,,,
DOM_004699,2023,409,,,,,,,,
DOM_004700,2022,68,,,,,,,,
DOM_004700,2023,71,,,,,,,,
DOM_004701,2022,501,,,,,,,,
DOM_004701,2023,487,,,,,,,,
DOM_004702,2022,110,,,,,,,,
DOM_004702,2023,123,,,,,,,,
DOM_004703,2022,101,,,,,,,,
DOM_004703,2023,87,,,,,,,,
DOM_004704,2022,150,,,,,,,,
DOM_004704,2023,146,,,,,,,,
DOM_004705,2022,77,,,,,,,,
DOM_004705,2023,66,,,,,,,,
DOM_004706,2022,277,,,,,,,,
DOM_004706,2023,293,,,,,,,,
DOM_004707,2022,130,,,,,,,,
DOM_004707,2023,143,,,,,,,,
DOM_004708,2022,385,,,,,,,,
DOM_004708,2023,390,,,,,,,,
DOM_004709,2022,118,,,,,,,,
DOM_004709,2023,123,,,,,,,,
DOM_004710,2022,112,,,,,,,,
DOM_004710,2023,124,,,,,,,,
DOM_004711,2022,518,,,,,,,,
DOM_004711,2023,530,,,,,,,,
DOM_004712,2022,113,,,,,,,,
DOM_004712,2023,132,,,,,,,,
DOM_004713,2022,90,,,,,,,,
DOM_004713,2023,102,,,,,,,,
DOM_004714,2022,262,,,,,,,,
DOM_004714,2023,254,,,,,,,,
DOM_004715,2022,372,,,,,,,,
DOM_004715,2023,415,,,,,,,,
DOM_004716,2022,520,,,,,,,,
DOM_004716,2023,520,,,,,,,,
DOM_004717,2022,507,,,,,,,,
DOM_004717,2023,581,,,,,,,,
DOM_004718,2022,30,,,,,,,,
DOM_004718,2023,26,,,,,,,,
DOM_004719,2022,192,,,,,,,,
DOM_004719,2023,215,,,,,,,,
DOM_004720,2022,202,,,,,,,,
DOM_004720,2023,205,,,,,,,,
DOM_004721,2022,116,,,,,,,,
DOM_004721,2023,127,,,,,,,,
DOM_004722,2022,211,,,,,,,,
DOM_004722,2023,223,,,,,,,,
DOM_004723,2022,86,,,,,,,,
DOM_004723,2023,81,,,,,,,,
DOM_004724,2022,109,,,,,,,,
DOM_004724,2023,147,,,,,,,,
DOM_004725,2022,149,,,,,,,,
DOM_004725,2023,154,,,,,,,,
DOM_004726,2022,514,,,,,,,,
DOM_004726,2023,532,,,,,,,,
DOM_004727,2022,779,,,,,,,,
DOM_004727,2023,753,,,,,,,,
DOM_004728,2022,611,,,,,,,,
DOM_004728,2023,581,,,,,,,,
DOM_004729,2022,121,,,,,,,,
DOM_004729,2023,138,,,,,,,,
DOM_004730,2022,360,,,,,,,,
DOM_004730,2023,421,,,,,,,,
DOM_004731,2022,144,,,,,,,,
DOM_004731,2023,171,,,,,,,,
DOM_004732,2022,28,,,,,,,,
DOM_004732,2023,31,,,,,,,,
DOM_004733,2022,255,,,,,,,,
DOM_004733,2023,294,,,,,,,,
DOM_004734,2022,626,,,,,,,,
DOM_004734,2023,684,,,,,,,,
DOM_004735,2022,312,,,,,,,,
DOM_004735,2023,319,,,,,,,,
DOM_004736,2022,218,,,,,,,,
DOM_004736,2023,219,,,,,,,,
DOM_004737,2022,63,,,,,,,,
DOM_004737,2023,69,,,,,,,,
DOM_004738,2022,393,,,,,,,,
DOM_004738,2023,391,,,,,,,,
DOM_004739,2022,217,,,,,,,,
DOM_004739,2023,243,,,,,,,,
DOM_004740,2022,59,,,,,,,,
DOM_004740,2023,64,,,,,,,,
DOM_004741,2022,142,,,,,,,,
DOM_004741,2023,157,,,,,,,,
DOM_004742,2022,269,,,,,,,,
DOM_004742,2023,298,,,,,,,,
DOM_004743,2022,67,,,,,,,,
DOM_004743,2023,58,,,,,,,,
DOM_004744,2022,474,,,,,,,,
DOM_004744,2023,508,,,,,,,,
DOM_004745,2022,123,,,,,,,,
DOM_004745,2023,140,,,,,,,,
DOM_004746,2022,387,,,,,,,,
DOM_004746,2023,356,,,,,,,,
DOM_004747,2022,389,,,,,,,,
DOM_004747,2023,460,,,,,,,,
DOM_004748,2022,360,,,,,,,,
DOM_004748,2023,375,,,,,,,,
DOM_004749,2022,333,,,,,,,,
DOM_004749,2023,384,,,,,,,,
DOM_004750,2022,132,,,,,,,,
DOM_004750,2023,155,,,,,,,,
DOM_004751,2022,185,,,,,,,,
DOM_004751,2023,182,,,,,,,,
DOM_004752,2022,345,,,,,,,,
DOM_004752,2023,405,,,,,,,,
DOM_004753,2022,862,,,,,,,,
DOM_004753,2023,891,,,,,,,,
DOM_004754,2022,326,,,,,,,,
DOM_004754,2023,355,,,,,,,,
DOM_004755,2022,91,,,,,,,,
DOM_004755,2023,139,,,,,,,,
DOM_004756,2022,273,,,,,,,,
DOM_004756,2023,286,,,,,,,,
DOM_004757,2022,262,,,,,,,,
DOM_004757,2023,278,,,,,,,,
DOM_004758,2022,116,,,,,,,,
DOM_004758,2023,314,,,,,,,,
DOM_004759,2022,544,,,,,,,,
DOM_004759,2023,525,,,,,,,,
DOM_004760,2022,533,,,,,,,,
DOM_004760,2023,590,,,,,,,,
DOM_004761,2022,1440,,,,,,,,
DOM_004761,2023,1453,,,,,,,,
DOM_004762,2022,34,,,,,,,,
DOM_004762,2023,42,,,,,,,,
DOM_004763,2022,1396,,,,,,,,
DOM_004763,2023,1469,,,,,,,,
DOM_004764,2022,923,,,,,,,,
DOM_004764,2023,852,,,,,,,,
DOM_004765,2022,212,,,,,,,,
DOM_004765,2023,226,,,,,,,,
DOM_004766,2022,401,,,,,,,,
DOM_004766,2023,421,,,,,,,,
DOM_004767,2022,381,,,,,,,,
DOM_004767,2023,380,,,,,,,,
DOM_004768,2022,695,,,,,,,,
DOM_004768,2023,659,,,,,,,,
DOM_004769,2022,436,,,,,,,,
DOM_004769,2023,461,,,,,,,,
DOM_004770,2022,154,,,,,,,,
DOM_004770,2023,204,,,,,,,,
DOM_004771,2022,699,,,,,,,,
DOM_004771,2023,669,,,,,,,,
DOM_004772,2022,96,,,,,,,,
DOM_004772,2023,101,,,,,,,,
DOM_004773,2022,1647,,,,,,,,
DOM_004773,2023,909,,,,,,,,
DOM_004774,2022,136,,,,,,,,
DOM_004774,2023,136,,,,,,,,
DOM_004775,2022,81,,,,,,,,
DOM_004775,2023,78,,,,,,,,
DOM_004776,2022,55,,,,,,,,
DOM_004776,2023,49,,,,,,,,
DOM_004777,2022,10,,,,,,,,
DOM_004777,2023,7,,,,,,,,
DOM_004778,2022,151,,,,,,,,
DOM_004778,2023,155,,,,,,,,
DOM_004779,2022,366,,,,,,,,
DOM_004779,2023,414,,,,,,,,
DOM_004780,2022,311,,,,,,,,
DOM_004780,2023,266,,,,,,,,
DOM_004781,2022,113,,,,,,,,
DOM_004781,2023,193,,,,,,,,
DOM_004782,2022,587,,,,,,,,
DOM_004782,2023,886,,,,,,,,
DOM_004783,2022,418,,,,,,,,
DOM_004783,2023,611,,,,,,,,
DOM_004784,2022,418,,,,,,,,
DOM_004784,2023,478,,,,,,,,
DOM_004785,2022,158,,,,,,,,
DOM_004785,2023,152,,,,,,,,
DOM_004786,2022,311,,,,,,,,
DOM_004786,2023,331,,,,,,,,
DOM_004787,2022,327,,,,,,,,
DOM_004787,2023,316,,,,,,,,
DOM_004788,2022,386,,,,,,,,
DOM_004788,2023,348,,,,,,,,
DOM_004789,2022,496,,,,,,,,
DOM_004789,2023,519,,,,,,,,
DOM_004790,2022,635,,,,,,,,
DOM_004790,2023,656,,,,,,,,
DOM_004791,2022,469,,,,,,,,
DOM_004791,2023,475,,,,,,,,
DOM_004792,2022,72,,,,,,,,
DOM_004792,2023,64,,,,,,,,
DOM_004793,2022,275,,,,,,,,
DOM_004793,2023,293,,,,,,,,
DOM_004794,2022,228,,,,,,,,
DOM_004794,2023,247,,,,,,,,
DOM_004795,2022,283,,,,,,,,
DOM_004795,2023,283,,,,,,,,
DOM_004796,2022,612,,,,,,,,
DOM_004796,2023,575,,,,,,,,
DOM_004797,2022,464,,,,,,,,
DOM_004797,2023,449,,,,,,,,
DOM_004798,2022,235,,,,,,,,
DOM_004798,2023,306,,,,,,,,
DOM_004799,2022,468,,,,,,,,
DOM_004799,2023,460,,,,,,,,
DOM_004800,2022,326,,,,,,,,
DOM_004800,2023,343,,,,,,,,
DOM_004801,2022,368,,,,,,,,
DOM_004801,2023,334,,,,,,,,
DOM_004802,2022,508,,,,,,,,
DOM_004802,2023,509,,,,,,,,
DOM_004803,2022,879,,,,,,,,
DOM_004803,2023,754,,,,,,,,
DOM_004804,2022,274,,,,,,,,
DOM_004804,2023,267,,,,,,,,
DOM_004805,2022,416,,,,,,,,
DOM_004805,2023,434,,,,,,,,
DOM_004806,2022,491,,,,,,,,
DOM_004806,2023,509,,,,,,,,
DOM_004807,2022,723,,,,,,,,
DOM_004807,2023,805,,,,,,,,
DOM_004808,2022,471,,,,,,,,
DOM_004808,2023,470,,,,,,,,
DOM_004809,2022,815,,,,,,,,
DOM_004809,2023,820,,,,,,,,
DOM_004810,2022,901,,,,,,,,
DOM_004810,2023,844,,,,,,,,
DOM_004811,2022,166,,,,,,,,
DOM_004811,2023,153,,,,,,,,
DOM_004812,2022,368,,,,,,,,
DOM_004812,2023,355,,,,,,,,
DOM_004813,2022,130,,,,,,,,
DOM_004813,2023,149,,,,,,,,
DOM_004814,2022,291,,,,,,,,
DOM_004814,2023,321,,,,,,,,
DOM_004815,2022,237,,,,,,,,
DOM_004815,2023,259,,,,,,,,
DOM_004816,2022,62,,,,,,,,
DOM_004816,2023,62,,,,,,,,
DOM_004817,2022,157,,,,,,,,
DOM_004817,2023,170,,,,,,,,
DOM_004818,2022,31,,,,,,,,
DOM_004818,2023,30,,,,,,,,
DOM_004819,2022,277,,,,,,,,
DOM_004819,2023,285,,,,,,,,
DOM_004820,2022,291,,,,,,,,
DOM_004820,2023,326,,,,,,,,
DOM_004821,2022,29,,,,,,,,
DOM_004821,2023,27,,,,,,,,
DOM_004822,2022,122,,,,,,,,
DOM_004822,2023,123,,,,,,,,
DOM_004823,2022,251,,,,,,,,
DOM_004823,2023,238,,,,,,,,
DOM_004824,2022,10,,,,,,,,
DOM_004824,2023,9,,,,,,,,
DOM_004825,2022,324,,,,,,,,
DOM_004825,2023,365,,,,,,,,
DOM_004826,2022,192,,,,,,,,
DOM_004826,2023,185,,,,,,,,
DOM_004827,2022,238,,,,,,,,
DOM_004827,2023,226,,,,,,,,
DOM_004828,2022,389,,,,,,,,
DOM_004828,2023,460,,,,,,,,
DOM_004829,2022,186,,,,,,,,
DOM_004829,2023,179,,,,,,,,
DOM_004830,2022,210,,,,,,,,
DOM_004830,2023,189,,,,,,,,
DOM_004831,2022,196,,,,,,,,
DOM_004831,2023,190,,,,,,,,
DOM_004832,2022,449,,,,,,,,
DOM_004832,2023,429,,,,,,,,
DOM_004833,2022,69,,,,,,,,
DOM_004833,2023,52,,,,,,,,
DOM_004834,2022,165,,,,,,,,
DOM_004834,2023,168,,,,,,,,
DOM_004835,2022,48,,,,,,,,
DOM_004835,2023,55,,,,,,,,
DOM_004836,2022,299,,,,,,,,
DOM_004836,2023,346,,,,,,,,
DOM_004837,2022,759,,,,,,,,
DOM_004837,2023,792,,,,,,,,
DOM_004838,2022,624,,,,,,,,
DOM_004838,2023,619,,,,,,,,
DOM_004839,2022,256,,,,,,,,
DOM_004839,2023,263,,,,,,,,
DOM_004840,2022,177,,,,,,,,
DOM_004840,2023,200,,,,,,,,
DOM_004841,2022,148,,,,,,,,
DOM_004841,2023,170,,,,,,,,
DOM_004842,2022,124,,,,,,,,
DOM_004842,2023,125,,,,,,,,
DOM_004843,2022,419,,,,,,,,
DOM_004843,2023,473,,,,,,,,
DOM_004844,2022,169,,,,,,,,
DOM_004844,2023,128,,,,,,,,
DOM_004845,2022,111,,,,,,,,
DOM_004845,2023,127,,,,,,,,
DOM_004846,2022,158,,,,,,,,
DOM_004846,2023,194,,,,,,,,
DOM_004847,2022,82,,,,,,,,
DOM_004847,2023,98,,,,,,,,
DOM_004848,2022,63,,,,,,,,
DOM_004848,2023,64,,,,,,,,
DOM_004849,2022,67,,,,,,,,
DOM_004849,2023,84,,,,,,,,
DOM_004850,2022,207,,,,,,,,
DOM_004850,2023,220,,,,,,,,
DOM_004851,2022,84,,,,,,,,
DOM_004851,2023,87,,,,,,,,
DOM_004852,2022,109,,,,,,,,
DOM_004852,2023,111,,,,,,,,
DOM_004853,2022,16,,,,,,,,
DOM_004853,2023,22,,,,,,,,
DOM_004854,2022,371,,,,,,,,
DOM_004854,2023,424,,,,,,,,
DOM_004855,2022,102,,,,,,,,
DOM_004855,2023,200,,,,,,,,
DOM_004856,2022,118,,,,,,,,
DOM_004856,2023,89,,,,,,,,
DOM_004857,2022,522,,,,,,,,
DOM_004857,2023,599,,,,,,,,
DOM_004858,2022,837,,,,,,,,
DOM_004858,2023,741,,,,,,,,
DOM_004859,2022,427,,,,,,,,
DOM_004859,2023,382,,,,,,,,
DOM_004860,2022,1444,,,,,,,,
DOM_004860,2023,1484,,,,,,,,
DOM_004861,2022,1230,,,,,,,,
DOM_004861,2023,1224,,,,,,,,
DOM_004862,2022,527,,,,,,,,
DOM_004862,2023,621,,,,,,,,
DOM_004863,2022,264,,,,,,,,
DOM_004863,2023,323,,,,,,,,
DOM_004864,2022,178,,,,,,,,
DOM_004864,2023,194,,,,,,,,
DOM_004865,2022,121,,,,,,,,
DOM_004865,2023,53,,,,,,,,
DOM_004866,2022,345,,,,,,,,
DOM_004866,2023,670,,,,,,,,
DOM_004867,2022,320,,,,,,,,
DOM_004868,2022,467,,,,,,,,
DOM_004868,2023,559,,,,,,,,
DOM_004869,2022,319,,,,,,,,
DOM_004869,2023,385,,,,,,,,
DOM_004870,2022,162,,,,,,,,
DOM_004870,2023,218,,,,,,,,
DOM_004871,2022,305,,,,,,,,
DOM_004871,2023,409,,,,,,,,
DOM_004872,2022,287,,,,,,,,
DOM_004872,2023,298,,,,,,,,
DOM_004873,2022,11,,,,,,,,
DOM_004873,2023,25,,,,,,,,
DOM_004874,2022,652,,,,,,,,
DOM_004874,2023,647,,,,,,,,
DOM_004875,2022,490,,,,,,,,
DOM_004875,2023,467,,,,,,,,
DOM_004876,2022,118,,,,,,,,
DOM_004876,2023,58,,,,,,,,
DOM_004877,2022,757,,,,,,,,
DOM_004877,2023,746,,,,,,,,
DOM_004878,2022,441,,,,,,,,
DOM_004878,2023,438,,,,,,,,
DOM_004879,2022,411,,,,,,,,
DOM_004879,2023,410,,,,,,,,
DOM_004880,2022,19,,,,,,,,
DOM_004880,2023,18,,,,,,,,
DOM_004881,2022,1052,,,,,,,,
DOM_004881,2023,895,,,,,,,,
DOM_004882,2022,964,,,,,,,,
DOM_004882,2023,1276,,,,,,,,
DOM_004883,2022,149,,,,,,,,
DOM_004883,2023,163,,,,,,,,
DOM_004884,2022,119,,,,,,,,
DOM_004884,2023,137,,,,,,,,
DOM_004885,2022,390,,,,,,,,
DOM_004885,2023,430,,,,,,,,
DOM_004886,2022,100,,,,,,,,
DOM_004886,2023,106,,,,,,,,
DOM_004887,2022,678,,,,,,,,
DOM_004887,2023,549,,,,,,,,
DOM_004888,2022,70,,,,,,,,
DOM_004888,2023,73,,,,,,,,
DOM_004889,2022,82,,,,,,,,
DOM_004889,2023,85,,,,,,,,
DOM_004890,2022,293,,,,,,,,
DOM_004890,2023,313,,,,,,,,
DOM_004891,2022,811,,,,,,,,
DOM_004891,2023,767,,,,,,,,
DOM_004892,2022,636,,,,,,,,
DOM_004892,2023,661,,,,,,,,
DOM_004893,2022,249,,,,,,,,
DOM_004893,2023,254,,,,,,,,
DOM_004894,2022,455,,,,,,,,
DOM_004894,2023,449,,,,,,,,
DOM_004895,2022,149,,,,,,,,
DOM_004895,2023,160,,,,,,,,
DOM_004896,2022,313,,,,,,,,
DOM_004896,2023,344,,,,,,,,
DOM_004897,2022,111,,,,,,,,
DOM_004897,2023,177,,,,,,,,
DOM_004898,2022,157,,,,,,,,
DOM_004898,2023,141,,,,,,,,
DOM_004899,2022,28,,,,,,,,
DOM_004899,2023,25,,,,,,,,
DOM_004900,2022,578,,,,,,,,
DOM_004900,2023,1023,,,,,,,,
DOM_004901,2022,695,,,,,,,,
DOM_004901,2023,689,,,,,,,,
DOM_004902,2022,672,,,,,,,,
DOM_004902,2023,716,,,,,,,,
DOM_004903,2022,549,,,,,,,,
DOM_004903,2023,562,,,,,,,,
DOM_004904,2022,287,,,,,,,,
DOM_004904,2023,282,,,,,,,,
DOM_004905,2022,476,,,,,,,,
DOM_004905,2023,520,,,,,,,,
DOM_004906,2022,166,,,,,,,,
DOM_004906,2023,149,,,,,,,,
DOM_004907,2022,420,,,,,,,,
DOM_004907,2023,433,,,,,,,,
DOM_004908,2022,790,,,,,,,,
DOM_004908,2023,837,,,,,,,,
DOM_004909,2022,561,,,,,,,,
DOM_004909,2023,581,,,,,,,,
DOM_004910,2022,622,,,,,,,,
DOM_004910,2023,714,,,,,,,,
DOM_004911,2022,1065,,,,,,,,
DOM_004911,2023,1099,,,,,,,,
DOM_004912,2022,504,,,,,,,,
DOM_004912,2023,575,,,,,,,,
DOM_004913,2022,368,,,,,,,,
DOM_004913,2023,393,,,,,,,,
DOM_004914,2022,404,,,,,,,,
DOM_004914,2023,391,,,,,,,,
DOM_004915,2022,655,,,,,,,,
DOM_004915,2023,637,,,,,,,,
DOM_004916,2022,731,,,,,,,,
DOM_004916,2023,698,,,,,,,,
DOM_004917,2022,818,,,,,,,,
DOM_004917,2023,837,,,,,,,,
DOM_004918,2022,733,,,,,,,,
DOM_004918,2023,782,,,,,,,,
DOM_004919,2022,781,,,,,,,,
DOM_004919,2023,713,,,,,,,,
DOM_004920,2022,344,,,,,,,,
DOM_004920,2023,293,,,,,,,,
DOM_004921,2022,354,,,,,,,,
DOM_004921,2023,355,,,,,,,,
DOM_004922,2022,114,,,,,,,,
DOM_004922,2023,97,,,,,,,,
DOM_004923,2022,53,,,,,,,,
DOM_004923,2023,170,,,,,,,,
DOM_004924,2022,317,,,,,,,,
DOM_004924,2023,318,,,,,,,,
DOM_004925,2022,219,,,,,,,,
DOM_004925,2023,199,,,,,,,,
DOM_004926,2022,79,,,,,,,,
DOM_004926,2023,165,,,,,,,,
DOM_004927,2022,238,,,,,,,,
DOM_004927,2023,261,,,,,,,,
DOM_004928,2022,559,,,,,,,,
DOM_004928,2023,595,,,,,,,,
DOM_004929,2022,170,,,,,,,,
DOM_004929,2023,222,,,,,,,,
DOM_004930,2022,933,,,,,,,,
DOM_004930,2023,1002,,,,,,,,
DOM_004931,2022,169,,,,,,,,
DOM_004931,2023,193,,,,,,,,
DOM_004932,2022,71,,,,,,,,
DOM_004932,2023,79,,,,,,,,
DOM_004933,2022,847,,,,,,,,
DOM_004933,2023,825,,,,,,,,
DOM_004934,2022,396,,,,,,,,
DOM_004934,2023,441,,,,,,,,
DOM_004935,2022,130,,,,,,,,
DOM_004936,2022,230,,,,,,,,
DOM_004936,2023,270,,,,,,,,
DOM_004937,2022,370,,,,,,,,
DOM_004937,2023,362,,,,,,,,
DOM_004938,2022,803,,,,,,,,
DOM_004938,2023,864,,,,,,,,
DOM_004939,2022,93,,,,,,,,
DOM_004939,2023,53,,,,,,,,
DOM_004940,2022,107,,,,,,,,
DOM_004940,2023,110,,,,,,,,
DOM_004941,2022,62,,,,,,,,
DOM_004941,2023,62,,,,,,,,
DOM_004942,2022,243,,,,,,,,
DOM_004942,2023,249,,,,,,,,
DOM_004943,2022,43,,,,,,,,
DOM_004943,2023,53,,,,,,,,
DOM_004944,2022,31,,,,,,,,
DOM_004944,2023,29,,,,,,,,
DOM_004945,2022,32,,,,,,,,
DOM_004945,2023,37,,,,,,,,
DOM_004946,2022,42,,,,,,,,
DOM_004946,2023,42,,,,,,,,
DOM_004947,2022,18,,,,,,,,
DOM_004947,2023,17,,,,,,,,
DOM_004948,2022,129,,,,,,,,
DOM_004948,2023,152,,,,,,,,
DOM_004949,2022,97,,,,,,,,
DOM_004949,2023,109,,,,,,,,
DOM_004950,2022,38,,,,,,,,
DOM_004950,2023,30,,,,,,,,
DOM_004951,2022,719,,,,,,,,
DOM_004951,2023,717,,,,,,,,
DOM_004952,2022,205,,,,,,,,
DOM_004952,2023,214,,,,,,,,
DOM_004953,2022,204,,,,,,,,
DOM_004953,2023,216,,,,,,,,
DOM_004954,2022,31,,,,,,,,
DOM_004954,2023,35,,,,,,,,
DOM_004955,2022,248,,,,,,,,
DOM_004955,2023,271,,,,,,,,
DOM_004956,2022,124,,,,,,,,
DOM_004956,2023,135,,,,,,,,
DOM_004957,2022,36,,,,,,,,
DOM_004957,2023,37,,,,,,,,
DOM_004958,2022,75,,,,,,,,
DOM_004958,2023,87,,,,,,,,
DOM_004959,2022,68,,,,,,,,
DOM_004959,2023,89,,,,,,,,
DOM_004960,2022,193,,,,,,,,
DOM_004960,2023,210,,,,,,,,
DOM_004961,2022,212,,,,,,,,
DOM_004961,2023,212,,,,,,,,
DOM_004962,2022,53,,,,,,,,
DOM_004962,2023,58,,,,,,,,
DOM_004963,2022,683,,,,,,,,
DOM_004963,2023,716,,,,,,,,
DOM_004964,2022,671,,,,,,,,
DOM_004964,2023,745,,,,,,,,
DOM_004965,2022,108,,,,,,,,
DOM_004965,2023,94,,,,,,,,
DOM_004966,2022,133,,,,,,,,
DOM_004966,2023,143,,,,,,,,
DOM_004967,2022,335,,,,,,,,
DOM_004967,2023,352,,,,,,,,
DOM_004968,2022,833,,,,,,,,
DOM_004968,2023,707,,,,,,,,
DOM_004969,2022,70,,,,,,,,
DOM_004969,2023,100,,,,,,,,
DOM_004970,2022,575,,,,,,,,
DOM_004970,2023,611,,,,,,,,
DOM_004971,2022,253,,,,,,,,
DOM_004971,2023,276,,,,,,,,
DOM_004972,2022,232,,,,,,,,
DOM_004972,2023,262,,,,,,,,
DOM_004973,2022,49,,,,,,,,
DOM_004973,2023,45,,,,,,,,
DOM_004974,2022,34,,,,,,,,
DOM_004974,2023,36,,,,,,,,
DOM_004975,2022,309,,,,,,,,
DOM_004975,2023,308,,,,,,,,
DOM_004976,2022,102,,,,,,,,
DOM_004976,2023,88,,,,,,,,
DOM_004977,2022,208,,,,,,,,
DOM_004977,2023,227,,,,,,,,
DOM_004978,2022,247,,,,,,,,
DOM_004978,2023,275,,,,,,,,
DOM_004979,2022,155,,,,,,,,
DOM_004979,2023,146,,,,,,,,
DOM_004980,2022,209,,,,,,,,
DOM_004980,2023,213,,,,,,,,
DOM_004981,2022,116,,,,,,,,
DOM_004981,2023,128,,,,,,,,
DOM_004982,2022,628,,,,,,,,
DOM_004982,2023,645,,,,,,,,
DOM_004983,2022,126,,,,,,,,
DOM_004983,2023,159,,,,,,,,
DOM_004984,2022,595,,,,,,,,
DOM_004984,2023,648,,,,,,,,
DOM_004985,2022,938,,,,,,,,
DOM_004985,2023,995,,,,,,,,
DOM_004986,2022,520,,,,,,,,
DOM_004986,2023,523,,,,,,,,
DOM_004987,2022,622,,,,,,,,
DOM_004987,2023,652,,,,,,,,
DOM_004988,2022,628,,,,,,,,
DOM_004988,2023,661,,,,,,,,
DOM_004989,2022,271,,,,,,,,
DOM_004989,2023,278,,,,,,,,
DOM_004990,2022,926,,,,,,,,
DOM_004990,2023,936,,,,,,,,
DOM_004991,2022,824,,,,,,,,
DOM_004991,2023,806,,,,,,,,
DOM_004992,2022,166,,,,,,,,
DOM_004993,2022,930,,,,,,,,
DOM_004993,2023,943,,,,,,,,
DOM_004994,2022,652,,,,,,,,
DOM_004994,2023,719,,,,,,,,
DOM_004995,2022,676,,,,,,,,
DOM_004995,2023,715,,,,,,,,
DOM_004996,2022,295,,,,,,,,
DOM_004996,2023,337,,,,,,,,
DOM_004997,2022,71,,,,,,,,
DOM_004997,2023,86,,,,,,,,
DOM_004998,2022,463,,,,,,,,
DOM_004998,2023,596,,,,,,,,
DOM_004999,2022,119,,,,,,,,
DOM_004999,2023,146,,,,,,,,
DOM_005000,2022,30,,,,,,,,
DOM_005000,2023,40,,,,,,,,
DOM_005001,2022,154,,,,,,,,
DOM_005001,2023,174,,,,,,,,
DOM_005002,2022,1,,,,,,,,
DOM_005003,2022,100,,,,,,,,
DOM_005003,2023,100,,,,,,,,
DOM_005004,2022,70,,,,,,,,
DOM_005004,2023,89,,,,,,,,
DOM_005005,2022,314,,,,,,,,
DOM_005005,2023,335,,,,,,,,
DOM_005006,2022,473,,,,,,,,
DOM_005006,2023,472,,,,,,,,
DOM_005007,2022,20,,,,,,,,
DOM_005007,2023,27,,,,,,,,
DOM_005008,2022,72,,,,,,,,
DOM_005008,2023,80,,,,,,,,
DOM_005009,2022,35,,,,,,,,
DOM_005009,2023,25,,,,,,,,
DOM_005010,2022,504,,,,,,,,
DOM_005010,2023,473,,,,,,,,
DOM_005011,2022,401,,,,,,,,
DOM_005011,2023,543,,,,,,,,
DOM_005012,2022,424,,,,,,,,
DOM_005012,2023,595,,,,,,,,
DOM_005013,2022,445,,,,,,,,
DOM_005013,2023,472,,,,,,,,
DOM_005014,2022,970,,,,,,,,
DOM_005014,2023,989,,,,,,,,
DOM_005015,2022,808,,,,,,,,
DOM_005015,2023,882,,,,,,,,
DOM_005016,2022,149,,,,,,,,
DOM_005016,2023,176,,,,,,,,
DOM_005017,2022,133,,,,,,,,
DOM_005017,2023,247,,,,,,,,
DOM_005018,2022,59,,,,,,,,
DOM_005019,2022,232,,,,,,,,
DOM_005019,2023,232,,,,,,,,
DOM_005020,2022,345,,,,,,,,
DOM_005020,2023,392,,,,,,,,
DOM_005021,2022,42,,,,,,,,
DOM_005021,2023,34,,,,,,,,
DOM_005022,2022,344,,,,,,,,
DOM_005022,2023,242,,,,,,,,
DOM_005023,2022,680,,,,,,,,
DOM_005023,2023,594,,,,,,,,
DOM_005024,2022,714,,,,,,,,
DOM_005024,2023,787,,,,,,,,
DOM_005025,2022,219,,,,,,,,
DOM_005025,2023,238,,,,,,,,
DOM_005026,2022,165,,,,,,,,
DOM_005026,2023,176,,,,,,,,
DOM_005027,2022,8,,,,,,,,
DOM_005027,2023,52,,,,,,,,
DOM_005028,2022,214,,,,,,,,
DOM_005028,2023,239,,,,,,,,
DOM_005029,2022,453,,,,,,,,
DOM_005029,2023,483,,,,,,,,
DOM_005030,2022,266,,,,,,,,
DOM_005030,2023,291,,,,,,,,
DOM_005031,2022,57,,,,,,,,
DOM_005031,2023,52,,,,,,,,
DOM_005032,2022,411,,,,,,,,
DOM_005032,2023,419,,,,,,,,
DOM_005033,2022,280,,,,,,,,
DOM_005033,2023,299,,,,,,,,
DOM_005034,2022,483,,,,,,,,
DOM_005034,2023,519,,,,,,,,
DOM_005035,2022,100,,,,,,,,
DOM_005035,2023,105,,,,,,,,
DOM_005036,2022,281,,,,,,,,
DOM_005036,2023,313,,,,,,,,
DOM_005037,2022,523,,,,,,,,
DOM_005037,2023,543,,,,,,,,
DOM_005038,2022,771,,,,,,,,
DOM_005038,2023,806,,,,,,,,
DOM_005039,2022,422,,,,,,,,
DOM_005039,2023,524,,,,,,,,
DOM_005040,2022,60,,,,,,,,
DOM_005040,2023,62,,,,,,,,
DOM_005041,2022,108,,,,,,,,
DOM_005041,2023,121,,,,,,,,
DOM_005042,2022,205,,,,,,,,
DOM_005042,2023,242,,,,,,,,
DOM_005043,2022,343,,,,,,,,
DOM_005043,2023,421,,,,,,,,
DOM_005044,2022,490,,,,,,,,
DOM_005044,2023,560,,,,,,,,
DOM_005045,2022,518,,,,,,,,
DOM_005045,2023,549,,,,,,,,
DOM_005046,2022,563,,,,,,,,
DOM_005046,2023,625,,,,,,,,
DOM_005047,2022,338,,,,,,,,
DOM_005047,2023,356,,,,,,,,
DOM_005048,2022,252,,,,,,,,
DOM_005048,2023,256,,,,,,,,
DOM_005049,2022,196,,,,,,,,
DOM_005049,2023,199,,,,,,,,
DOM_005050,2022,151,,,,,,,,
DOM_005050,2023,156,,,,,,,,
DOM_005051,2022,50,,,,,,,,
DOM_005051,2023,43,,,,,,,,
DOM_005052,2022,336,,,,,,,,
DOM_005052,2023,343,,,,,,,,
DOM_005053,2022,204,,,,,,,,
DOM_005053,2023,204,,,,,,,,
DOM_005054,2022,197,,,,,,,,
DOM_005054,2023,229,,,,,,,,
DOM_005055,2022,348,,,,,,,,
DOM_005055,2023,387,,,,,,,,
DOM_005056,2022,211,,,,,,,,
DOM_005056,2023,226,,,,,,,,
DOM_005057,2022,187,,,,,,,,
DOM_005057,2023,213,,,,,,,,
DOM_005058,2022,266,,,,,,,,
DOM_005058,2023,266,,,,,,,,
DOM_005059,2022,126,,,,,,,,
DOM_005059,2023,109,,,,,,,,
DOM_005060,2022,81,,,,,,,,
DOM_005060,2023,75,,,,,,,,
DOM_005061,2022,583,,,,,,,,
DOM_005061,2023,642,,,,,,,,
DOM_005062,2022,80,,,,,,,,
DOM_005062,2023,65,,,,,,,,
DOM_005063,2022,84,,,,,,,,
DOM_005063,2023,103,,,,,,,,
DOM_005064,2022,89,,,,,,,,
DOM_005064,2023,102,,,,,,,,
DOM_005065,2022,655,,,,,,,,
DOM_005065,2023,684,,,,,,,,
DOM_005066,2022,308,,,,,,,,
DOM_005066,2023,337,,,,,,,,
DOM_005067,2022,134,,,,,,,,
DOM_005067,2023,209,,,,,,,,
DOM_005068,2022,94,,,,,,,,
DOM_005068,2023,112,,,,,,,,
DOM_005069,2022,346,,,,,,,,
DOM_005069,2023,381,,,,,,,,
DOM_005070,2022,105,,,,,,,,
DOM_005070,2023,113,,,,,,,,
DOM_005071,2022,116,,,,,,,,
DOM_005071,2023,117,,,,,,,,
DOM_005072,2022,160,,,,,,,,
DOM_005072,2023,156,,,,,,,,
DOM_005073,2022,510,,,,,,,,
DOM_005073,2023,936,,,,,,,,
DOM_005074,2022,709,,,,,,,,
DOM_005074,2023,769,,,,,,,,
DOM_005075,2022,81,,,,,,,,
DOM_005075,2023,95,,,,,,,,
DOM_005076,2022,650,,,,,,,,
DOM_005076,2023,661,,,,,,,,
DOM_005077,2022,162,,,,,,,,
DOM_005077,2023,164,,,,,,,,
DOM_005078,2022,43,,,,,,,,
DOM_005078,2023,45,,,,,,,,
DOM_005079,2022,119,,,,,,,,
DOM_005079,2023,118,,,,,,,,
DOM_005080,2022,340,,,,,,,,
DOM_005080,2023,326,,,,,,,,
DOM_005081,2022,115,,,,,,,,
DOM_005081,2023,133,,,,,,,,
DOM_005082,2022,179,,,,,,,,
DOM_005082,2023,234,,,,,,,,
DOM_005083,2022,353,,,,,,,,
DOM_005083,2023,358,,,,,,,,
DOM_005084,2022,116,,,,,,,,
DOM_005084,2023,115,,,,,,,,
DOM_005085,2022,600,,,,,,,,
DOM_005085,2023,576,,,,,,,,
DOM_005086,2022,488,,,,,,,,
DOM_005086,2023,470,,,,,,,,
DOM_005087,2022,211,,,,,,,,
DOM_005087,2023,202,,,,,,,,
DOM_005088,2022,202,,,,,,,,
DOM_005088,2023,230,,,,,,,,
DOM_005089,2022,169,,,,,,,,
DOM_005089,2023,186,,,,,,,,
DOM_005090,2022,183,,,,,,,,
DOM_005090,2023,167,,,,,,,,
DOM_005091,2022,103,,,,,,,,
DOM_005091,2023,104,,,,,,,,
DOM_005092,2022,150,,,,,,,,
DOM_005092,2023,148,,,,,,,,
DOM_005093,2022,379,,,,,,,,
DOM_005093,2023,415,,,,,,,,
DOM_005094,2022,170,,,,,,,,
DOM_005094,2023,178,,,,,,,,
DOM_005095,2022,548,,,,,,,,
DOM_005095,2023,584,,,,,,,,
DOM_005096,2022,938,,,,,,,,
DOM_005096,2023,879,,,,,,,,
DOM_005097,2022,473,,,,,,,,
DOM_005097,2023,533,,,,,,,,
DOM_005098,2022,375,,,,,,,,
DOM_005098,2023,383,,,,,,,,
DOM_005099,2022,238,,,,,,,,
DOM_005099,2023,217,,,,,,,,
DOM_005100,2022,262,,,,,,,,
DOM_005100,2023,301,,,,,,,,
DOM_005101,2022,249,,,,,,,,
DOM_005101,2023,266,,,,,,,,
DOM_005102,2022,235,,,,,,,,
DOM_005102,2023,267,,,,,,,,
DOM_005103,2022,336,,,,,,,,
DOM_005103,2023,347,,,,,,,,
DOM_005104,2022,119,,,,,,,,
DOM_005104,2023,135,,,,,,,,
DOM_005105,2022,468,,,,,,,,
DOM_005105,2023,547,,,,,,,,
DOM_005106,2022,393,,,,,,,,
DOM_005106,2023,396,,,,,,,,
DOM_005107,2022,361,,,,,,,,
DOM_005107,2023,334,,,,,,,,
DOM_005108,2022,181,,,,,,,,
DOM_005108,2023,177,,,,,,,,
DOM_005109,2022,1080,,,,,,,,
DOM_005109,2023,1156,,,,,,,,
DOM_005110,2022,156,,,,,,,,
DOM_005110,2023,163,,,,,,,,
DOM_005111,2022,184,,,,,,,,
DOM_005111,2023,382,,,,,,,,
DOM_005112,2022,153,,,,,,,,
DOM_005113,2022,671,,,,,,,,
DOM_005113,2023,697,,,,,,,,
DOM_005114,2022,476,,,,,,,,
DOM_005114,2023,542,,,,,,,,
DOM_005115,2022,1031,,,,,,,,
DOM_005115,2023,1041,,,,,,,,
DOM_005116,2022,280,,,,,,,,
DOM_005117,2022,632,,,,,,,,
DOM_005117,2023,672,,,,,,,,
DOM_005118,2022,353,,,,,,,,
DOM_005118,2023,324,,,,,,,,
DOM_005119,2022,226,,,,,,,,
DOM_005120,2022,479,,,,,,,,
DOM_005120,2023,465,,,,,,,,
DOM_005121,2022,451,,,,,,,,
DOM_005121,2023,457,,,,,,,,
DOM_005122,2022,251,,,,,,,,
DOM_005122,2023,295,,,,,,,,
DOM_005123,2022,291,,,,,,,,
DOM_005123,2023,290,,,,,,,,
DOM_005124,2022,226,,,,,,,,
DOM_005124,2023,258,,,,,,,,
DOM_005125,2022,175,,,,,,,,
DOM_005125,2023,186,,,,,,,,
DOM_005126,2022,262,,,,,,,,
DOM_005126,2023,257,,,,,,,,
DOM_005127,2022,411,,,,,,,,
DOM_005127,2023,441,,,,,,,,
DOM_005128,2022,679,,,,,,,,
DOM_005128,2023,773,,,,,,,,
DOM_005129,2022,800,,,,,,,,
DOM_005129,2023,882,,,,,,,,
DOM_005130,2022,295,,,,,,,,
DOM_005131,2022,117,,,,,,,,
DOM_005131,2023,251,,,,,,,,
DOM_005132,2022,246,,,,,,,,
DOM_005132,2023,303,,,,,,,,
DOM_005133,2022,579,,,,,,,,
DOM_005133,2023,620,,,,,,,,
DOM_005134,2022,371,,,,,,,,
DOM_005134,2023,477,,,,,,,,
DOM_005135,2022,209,,,,,,,,
DOM_005135,2023,206,,,,,,,,
DOM_005136,2022,720,,,,,,,,
DOM_005136,2023,780,,,,,,,,
DOM_005137,2022,195,,,,,,,,
DOM_005137,2023,220,,,,,,,,
DOM_005138,2022,182,,,,,,,,
DOM_005138,2023,132,,,,,,,,
DOM_005139,2022,412,,,,,,,,
DOM_005139,2023,426,,,,,,,,
DOM_005140,2022,40,,,,,,,,
DOM_005140,2023,34,,,,,,,,
DOM_005141,2022,188,,,,,,,,
DOM_005141,2023,220,,,,,,,,
DOM_005142,2022,259,,,,,,,,
DOM_005142,2023,278,,,,,,,,
DOM_005143,2022,634,,,,,,,,
DOM_005143,2023,650,,,,,,,,
DOM_005144,2022,159,,,,,,,,
DOM_005144,2023,161,,,,,,,,
DOM_005145,2022,436,,,,,,,,
DOM_005145,2023,447,,,,,,,,
DOM_005146,2022,79,,,,,,,,
DOM_005146,2023,99,,,,,,,,
DOM_005147,2022,521,,,,,,,,
DOM_005147,2023,679,,,,,,,,
DOM_005148,2022,669,,,,,,,,
DOM_005148,2023,711,,,,,,,,
DOM_005149,2022,527,,,,,,,,
DOM_005150,2022,562,,,,,,,,
DOM_005150,2023,541,,,,,,,,
DOM_005151,2022,160,,,,,,,,
DOM_005151,2023,289,,,,,,,,
DOM_005152,2022,439,,,,,,,,
DOM_005152,2023,554,,,,,,,,
DOM_005153,2022,43,,,,,,,,
DOM_005153,2023,48,,,,,,,,
DOM_005154,2022,79,,,,,,,,
DOM_005154,2023,77,,,,,,,,
DOM_005155,2022,204,,,,,,,,
DOM_005155,2023,211,,,,,,,,
DOM_005156,2022,750,,,,,,,,
DOM_005156,2023,791,,,,,,,,
DOM_005157,2022,353,,,,,,,,
DOM_005157,2023,443,,,,,,,,
DOM_005158,2022,253,,,,,,,,
DOM_005158,2023,245,,,,,,,,
DOM_005159,2022,377,,,,,,,,
DOM_005159,2023,378,,,,,,,,
DOM_005160,2022,357,,,,,,,,
DOM_005160,2023,364,,,,,,,,
DOM_005161,2022,62,,,,,,,,
DOM_005161,2023,63,,,,,,,,
DOM_005162,2022,555,,,,,,,,
DOM_005162,2023,545,,,,,,,,
DOM_005163,2022,413,,,,,,,,
DOM_005163,2023,483,,,,,,,,
DOM_005164,2022,298,,,,,,,,
DOM_005164,2023,336,,,,,,,,
DOM_005165,2022,119,,,,,,,,
DOM_005165,2023,152,,,,,,,,
DOM_005166,2022,205,,,,,,,,
DOM_005166,2023,210,,,,,,,,
DOM_005167,2022,219,,,,,,,,
DOM_005167,2023,185,,,,,,,,
DOM_005168,2022,60,,,,,,,,
DOM_005168,2023,65,,,,,,,,
DOM_005169,2022,218,,,,,,,,
DOM_005169,2023,221,,,,,,,,
DOM_005170,2022,152,,,,,,,,
DOM_005170,2023,143,,,,,,,,
DOM_005171,2022,423,,,,,,,,
DOM_005171,2023,460,,,,,,,,
DOM_005172,2022,590,,,,,,,,
DOM_005172,2023,580,,,,,,,,
DOM_005173,2022,151,,,,,,,,
DOM_005173,2023,188,,,,,,,,
DOM_005174,2022,374,,,,,,,,
DOM_005174,2023,368,,,,,,,,
DOM_005175,2022,106,,,,,,,,
DOM_005175,2023,157,,,,,,,,
DOM_005176,2022,143,,,,,,,,
DOM_005176,2023,157,,,,,,,,
DOM_005177,2022,497,,,,,,,,
DOM_005178,2022,727,,,,,,,,
DOM_005178,2023,794,,,,,,,,
DOM_005179,2022,604,,,,,,,,
DOM_005179,2023,640,,,,,,,,
DOM_005180,2022,1328,,,,,,,,
DOM_005180,2023,1361,,,,,,,,
DOM_005181,2022,681,,,,,,,,
DOM_005181,2023,629,,,,,,,,
DOM_005182,2022,699,,,,,,,,
DOM_005182,2023,714,,,,,,,,
DOM_005183,2022,687,,,,,,,,
DOM_005183,2023,663,,,,,,,,
DOM_005184,2022,892,,,,,,,,
DOM_005184,2023,886,,,,,,,,
DOM_005185,2022,344,,,,,,,,
DOM_005185,2023,373,,,,,,,,
DOM_005186,2022,69,,,,,,,,
DOM_005186,2023,82,,,,,,,,
DOM_005187,2022,13,,,,,,,,
DOM_005187,2023,9,,,,,,,,
DOM_005188,2022,533,,,,,,,,
DOM_005188,2023,523,,,,,,,,
DOM_005189,2022,420,,,,,,,,
DOM_005189,2023,424,,,,,,,,
DOM_005190,2022,18,,,,,,,,
DOM_005190,2023,18,,,,,,,,
DOM_005191,2022,41,,,,,,,,
DOM_005191,2023,42,,,,,,,,
DOM_005192,2022,109,,,,,,,,
DOM_005192,2023,97,,,,,,,,
DOM_005193,2022,11,,,,,,,,
DOM_005193,2023,10,,,,,,,,
DOM_005194,2022,11,,,,,,,,
DOM_005194,2023,12,,,,,,,,
DOM_005195,2022,78,,,,,,,,
DOM_005195,2023,76,,,,,,,,
DOM_005196,2022,63,,,,,,,,
DOM_005196,2023,53,,,,,,,,
DOM_005197,2022,160,,,,,,,,
DOM_005197,2023,180,,,,,,,,
DOM_005198,2022,36,,,,,,,,
DOM_005198,2023,35,,,,,,,,
DOM_005199,2022,138,,,,,,,,
DOM_005199,2023,136,,,,,,,,
DOM_005200,2022,203,,,,,,,,
DOM_005200,2023,172,,,,,,,,
DOM_005201,2022,20,,,,,,,,
DOM_005201,2023,20,,,,,,,,
DOM_005202,2022,132,,,,,,,,
DOM_005202,2023,167,,,,,,,,
DOM_005203,2022,111,,,,,,,,
DOM_005203,2023,130,,,,,,,,
DOM_005204,2022,25,,,,,,,,
DOM_005204,2023,24,,,,,,,,
DOM_005205,2022,91,,,,,,,,
DOM_005205,2023,109,,,,,,,,
DOM_005206,2022,183,,,,,,,,
DOM_005206,2023,178,,,,,,,,
DOM_005207,2022,19,,,,,,,,
DOM_005207,2023,25,,,,,,,,
DOM_005208,2022,107,,,,,,,,
DOM_005208,2023,108,,,,,,,,
DOM_005209,2022,350,,,,,,,,
DOM_005209,2023,370,,,,,,,,
DOM_005210,2022,461,,,,,,,,
DOM_005210,2023,429,,,,,,,,
DOM_005211,2022,405,,,,,,,,
DOM_005211,2023,392,,,,,,,,
DOM_005212,2022,7,,,,,,,,
DOM_005212,2023,7,,,,,,,,
DOM_005213,2022,96,,,,,,,,
DOM_005213,2023,96,,,,,,,,
DOM_005214,2022,43,,,,,,,,
DOM_005214,2023,35,,,,,,,,
DOM_005215,2022,110,,,,,,,,
DOM_005215,2023,99,,,,,,,,
DOM_005216,2022,26,,,,,,,,
DOM_005216,2023,39,,,,,,,,
DOM_005217,2022,356,,,,,,,,
DOM_005217,2023,355,,,,,,,,
DOM_005218,2022,388,,,,,,,,
DOM_005218,2023,376,,,,,,,,
DOM_005219,2022,90,,,,,,,,
DOM_005219,2023,96,,,,,,,,
DOM_005220,2022,30,,,,,,,,
DOM_005220,2023,38,,,,,,,,
DOM_005221,2022,228,,,,,,,,
DOM_005221,2023,253,,,,,,,,
DOM_005222,2022,19,,,,,,,,
DOM_005222,2023,19,,,,,,,,
DOM_005223,2022,672,,,,,,,,
DOM_005223,2023,656,,,,,,,,
DOM_005224,2022,761,,,,,,,,
DOM_005224,2023,840,,,,,,,,
DOM_005225,2022,49,,,,,,,,
DOM_005225,2023,45,,,,,,,,
DOM_005226,2022,541,,,,,,,,
DOM_005226,2023,528,,,,,,,,
DOM_005227,2022,230,,,,,,,,
DOM_005227,2023,224,,,,,,,,
DOM_005228,2022,51,,,,,,,,
DOM_005228,2023,54,,,,,,,,
DOM_005229,2022,25,,,,,,,,
DOM_005229,2023,15,,,,,,,,
DOM_005230,2022,304,,,,,,,,
DOM_005230,2023,281,,,,,,,,
DOM_005231,2022,142,,,,,,,,
DOM_005231,2023,129,,,,,,,,
DOM_005232,2022,41,,,,,,,,
DOM_005232,2023,28,,,,,,,,
DOM_005233,2022,35,,,,,,,,
DOM_005233,2023,25,,,,,,,,
DOM_005234,2022,13,,,,,,,,
DOM_005234,2023,18,,,,,,,,
DOM_005235,2022,111,,,,,,,,
DOM_005235,2023,147,,,,,,,,
DOM_005236,2022,133,,,,,,,,
DOM_005236,2023,135,,,,,,,,
DOM_005237,2022,8,,,,,,,,
DOM_005237,2023,4,,,,,,,,
DOM_005238,2022,163,,,,,,,,
DOM_005238,2023,158,,,,,,,,
DOM_005239,2022,425,,,,,,,,
DOM_005239,2023,448,,,,,,,,
DOM_005240,2022,1195,,,,,,,,
DOM_005240,2023,1358,,,,,,,,
DOM_005241,2022,1133,,,,,,,,
DOM_005241,2023,1171,,,,,,,,
DOM_005242,2022,907,,,,,,,,
DOM_005242,2023,912,,,,,,,,
DOM_005243,2022,102,,,,,,,,
DOM_005243,2023,107,,,,,,,,
DOM_005244,2022,697,,,,,,,,
DOM_005244,2023,790,,,,,,,,
DOM_005245,2022,954,,,,,,,,
DOM_005245,2023,997,,,,,,,,
DOM_005246,2022,288,,,,,,,,
DOM_005246,2023,301,,,,,,,,
DOM_005247,2022,12,,,,,,,,
DOM_005247,2023,13,,,,,,,,
DOM_005248,2022,423,,,,,,,,
DOM_005248,2023,368,,,,,,,,
DOM_005249,2022,719,,,,,,,,
DOM_005249,2023,723,,,,,,,,
DOM_005250,2022,262,,,,,,,,
DOM_005250,2023,260,,,,,,,,
DOM_005251,2022,517,,,,,,,,
DOM_005251,2023,534,,,,,,,,
DOM_005252,2022,186,,,,,,,,
DOM_005252,2023,181,,,,,,,,
DOM_005253,2022,969,,,,,,,,
DOM_005253,2023,1083,,,,,,,,
DOM_005254,2022,48,,,,,,,,
DOM_005254,2023,53,,,,,,,,
DOM_005255,2022,36,,,,,,,,
DOM_005255,2023,43,,,,,,,,
DOM_005256,2022,23,,,,,,,,
DOM_005256,2023,17,,,,,,,,
DOM_005257,2022,257,,,,,,,,
DOM_005257,2023,245,,,,,,,,
DOM_005258,2022,11,,,,,,,,
DOM_005258,2023,9,,,,,,,,
DOM_005259,2022,509,,,,,,,,
DOM_005259,2023,571,,,,,,,,
DOM_005260,2022,670,,,,,,,,
DOM_005260,2023,638,,,,,,,,
DOM_005261,2022,232,,,,,,,,
DOM_005261,2023,267,,,,,,,,
DOM_005262,2022,531,,,,,,,,
DOM_005262,2023,426,,,,,,,,
DOM_005263,2022,256,,,,,,,,
DOM_005263,2023,253,,,,,,,,
DOM_005264,2022,286,,,,,,,,
DOM_005264,2023,282,,,,,,,,
DOM_005265,2022,12,,,,,,,,
DOM_005265,2023,9,,,,,,,,
DOM_005266,2022,132,,,,,,,,
DOM_005266,2023,136,,,,,,,,
DOM_005267,2022,34,,,,,,,,
DOM_005267,2023,29,,,,,,,,
DOM_005268,2022,120,,,,,,,,
DOM_005268,2023,113,,,,,,,,
DOM_005269,2022,100,,,,,,,,
DOM_005269,2023,111,,,,,,,,
DOM_005270,2022,498,,,,,,,,
DOM_005270,2023,514,,,,,,,,
DOM_005271,2022,824,,,,,,,,
DOM_005271,2023,827,,,,,,,,
DOM_005272,2022,389,,,,,,,,
DOM_005272,2023,389,,,,,,,,
DOM_005273,2022,465,,,,,,,,
DOM_005273,2023,511,,,,,,,,
DOM_005274,2022,1285,,,,,,,,
DOM_005274,2023,1399,,,,,,,,
DOM_005275,2022,290,,,,,,,,
DOM_005276,2022,370,,,,,,,,
DOM_005276,2023,353,,,,,,,,
DOM_005277,2022,251,,,,,,,,
DOM_005277,2023,284,,,,,,,,
DOM_005278,2022,557,,,,,,,,
DOM_005278,2023,568,,,,,,,,
DOM_005279,2022,214,,,,,,,,
DOM_005279,2023,251,,,,,,,,
DOM_005280,2022,11,,,,,,,,
DOM_005280,2023,7,,,,,,,,
DOM_005281,2022,775,,,,,,,,
DOM_005281,2023,784,,,,,,,,
DOM_005282,2022,855,,,,,,,,
DOM_005282,2023,841,,,,,,,,
DOM_005283,2022,324,,,,,,,,
DOM_005283,2023,361,,,,,,,,
DOM_005284,2022,715,,,,,,,,
DOM_005284,2023,782,,,,,,,,
DOM_005285,2022,138,,,,,,,,
DOM_005285,2023,154,,,,,,,,
DOM_005286,2022,1007,,,,,,,,
DOM_005286,2023,1104,,,,,,,,
DOM_005287,2022,8,,,,,,,,
DOM_005287,2023,13,,,,,,,,
DOM_005288,2022,491,,,,,,,,
DOM_005288,2023,503,,,,,,,,
DOM_005289,2022,576,,,,,,,,
DOM_005289,2023,630,,,,,,,,
DOM_005290,2022,461,,,,,,,,
DOM_005290,2023,530,,,,,,,,
DOM_005291,2022,12,,,,,,,,
DOM_005291,2023,9,,,,,,,,
DOM_005292,2022,401,,,,,,,,
DOM_005292,2023,385,,,,,,,,
DOM_005293,2022,486,,,,,,,,
DOM_005293,2023,492,,,,,,,,
DOM_005294,2022,391,,,,,,,,
DOM_005294,2023,423,,,,,,,,
DOM_005295,2022,589,,,,,,,,
DOM_005295,2023,658,,,,,,,,
DOM_005296,2022,245,,,,,,,,
DOM_005296,2023,284,,,,,,,,
DOM_005297,2022,310,,,,,,,,
DOM_005297,2023,427,,,,,,,,
DOM_005298,2022,319,,,,,,,,
DOM_005298,2023,366,,,,,,,,
DOM_005299,2022,102,,,,,,,,
DOM_005299,2023,112,,,,,,,,
DOM_005300,2022,514,,,,,,,,
DOM_005300,2023,493,,,,,,,,
DOM_005301,2022,444,,,,,,,,
DOM_005301,2023,467,,,,,,,,
DOM_005302,2022,503,,,,,,,,
DOM_005302,2023,547,,,,,,,,
DOM_005303,2022,287,,,,,,,,
DOM_005303,2023,983,,,,,,,,
DOM_005304,2022,470,,,,,,,,
DOM_005304,2023,468,,,,,,,,
DOM_005305,2022,321,,,,,,,,
DOM_005305,2023,347,,,,,,,,
DOM_005306,2022,525,,,,,,,,
DOM_005306,2023,530,,,,,,,,
DOM_005307,2022,383,,,,,,,,
DOM_005307,2023,246,,,,,,,,
DOM_005308,2022,318,,,,,,,,
DOM_005309,2022,434,,,,,,,,
DOM_005309,2023,465,,,,,,,,
DOM_005310,2022,301,,,,,,,,
DOM_005310,2023,299,,,,,,,,
DOM_005311,2022,365,,,,,,,,
DOM_005311,2023,475,,,,,,,,
DOM_005312,2022,446,,,,,,,,
DOM_005312,2023,478,,,,,,,,
DOM_005313,2022,562,,,,,,,,
DOM_005313,2023,645,,,,,,,,
DOM_005314,2022,652,,,,,,,,
DOM_005314,2023,816,,,,,,,,
DOM_005315,2022,358,,,,,,,,
DOM_005315,2023,347,,,,,,,,
DOM_005316,2022,995,,,,,,,,
DOM_005316,2023,952,,,,,,,,
DOM_005317,2022,249,,,,,,,,
DOM_005317,2023,221,,,,,,,,
DOM_005318,2022,211,,,,,,,,
DOM_005318,2023,234,,,,,,,,
DOM_005319,2022,197,,,,,,,,
DOM_005319,2023,320,,,,,,,,
DOM_005320,2022,551,,,,,,,,
DOM_005320,2023,551,,,,,,,,
DOM_005321,2022,535,,,,,,,,
DOM_005321,2023,511,,,,,,,,
DOM_005322,2022,949,,,,,,,,
DOM_005322,2023,964,,,,,,,,
DOM_005323,2022,519,,,,,,,,
DOM_005323,2023,525,,,,,,,,
DOM_005324,2022,305,,,,,,,,
DOM_005325,2022,1056,,,,,,,,
DOM_005325,2023,1203,,,,,,,,
DOM_005326,2022,573,,,,,,,,
DOM_005326,2023,553,,,,,,,,
DOM_005327,2022,638,,,,,,,,
DOM_005327,2023,557,,,,,,,,
DOM_005328,2022,670,,,,,,,,
DOM_005328,2023,656,,,,,,,,
DOM_005329,2022,456,,,,,,,,
DOM_005329,2023,696,,,,,,,,
DOM_005330,2022,67,,,,,,,,
DOM_005330,2023,60,,,,,,,,
DOM_005331,2022,626,,,,,,,,
DOM_005331,2023,614,,,,,,,,
DOM_005332,2022,737,,,,,,,,
DOM_005332,2023,745,,,,,,,,
DOM_005333,2022,382,,,,,,,,
DOM_005333,2023,419,,,,,,,,
DOM_005334,2022,377,,,,,,,,
DOM_005334,2023,485,,,,,,,,
DOM_005335,2022,620,,,,,,,,
DOM_005335,2023,652,,,,,,,,
DOM_005336,2022,711,,,,,,,,
DOM_005336,2023,698,,,,,,,,
DOM_005337,2022,325,,,,,,,,
DOM_005337,2023,345,,,,,,,,
DOM_005338,2022,454,,,,,,,,
DOM_005338,2023,461,,,,,,,,
DOM_005339,2022,100,,,,,,,,
DOM_005339,2023,109,,,,,,,,
DOM_005340,2022,105,,,,,,,,
DOM_005340,2023,106,,,,,,,,
DOM_005341,2022,850,,,,,,,,
DOM_005341,2023,853,,,,,,,,
DOM_005342,2022,783,,,,,,,,
DOM_005342,2023,820,,,,,,,,
DOM_005343,2022,32,,,,,,,,
DOM_005343,2023,32,,,,,,,,
DOM_005344,2022,784,,,,,,,,
DOM_005344,2023,816,,,,,,,,
DOM_005345,2022,189,,,,,,,,
DOM_005345,2023,202,,,,,,,,
DOM_005346,2022,7,,,,,,,,
DOM_005346,2023,29,,,,,,,,
DOM_005347,2022,148,,,,,,,,
DOM_005347,2023,147,,,,,,,,
DOM_005348,2022,159,,,,,,,,
DOM_005348,2023,195,,,,,,,,
DOM_005349,2022,41,,,,,,,,
DOM_005349,2023,63,,,,,,,,
DOM_005350,2022,616,,,,,,,,
DOM_005350,2023,578,,,,,,,,
DOM_005351,2022,109,,,,,,,,
DOM_005351,2023,124,,,,,,,,
DOM_005352,2022,268,,,,,,,,
DOM_005352,2023,282,,,,,,,,
DOM_005353,2022,341,,,,,,,,
DOM_005353,2023,352,,,,,,,,
DOM_005354,2022,143,,,,,,,,
DOM_005354,2023,118,,,,,,,,
DOM_005355,2022,640,,,,,,,,
DOM_005355,2023,625,,,,,,,,
DOM_005356,2022,354,,,,,,,,
DOM_005356,2023,325,,,,,,,,
DOM_005357,2022,596,,,,,,,,
DOM_005357,2023,605,,,,,,,,
DOM_005358,2022,180,,,,,,,,
DOM_005358,2023,208,,,,,,,,
DOM_005359,2022,24,,,,,,,,
DOM_005359,2023,41,,,,,,,,
DOM_005360,2022,84,,,,,,,,
DOM_005360,2023,91,,,,,,,,
DOM_005361,2022,180,,,,,,,,
DOM_005361,2023,424,,,,,,,,
DOM_005362,2022,107,,,,,,,,
DOM_005362,2023,84,,,,,,,,
DOM_005363,2022,572,,,,,,,,
DOM_005363,2023,410,,,,,,,,
DOM_005364,2022,9,,,,,,,,
DOM_005364,2023,9,,,,,,,,
DOM_005365,2022,5,,,,,,,,
DOM_005365,2023,6,,,,,,,,
DOM_005366,2022,212,,,,,,,,
DOM_005366,2023,217,,,,,,,,
DOM_005367,2022,839,,,,,,,,
DOM_005367,2023,854,,,,,,,,
DOM_005368,2022,8,,,,,,,,
DOM_005368,2023,6,,,,,,,,
DOM_005369,2022,173,,,,,,,,
DOM_005369,2023,191,,,,,,,,
DOM_005370,2022,142,,,,,,,,
DOM_005370,2023,140,,,,,,,,
DOM_005371,2022,22,,,,,,,,
DOM_005371,2023,29,,,,,,,,
DOM_005372,2022,369,,,,,,,,
DOM_005372,2023,392,,,,,,,,
DOM_005373,2022,231,,,,,,,,
DOM_005373,2023,251,,,,,,,,
DOM_005374,2022,69,,,,,,,,
DOM_005374,2023,64,,,,,,,,
DOM_005375,2022,871,,,,,,,,
DOM_005375,2023,818,,,,,,,,
DOM_005376,2022,290,,,,,,,,
DOM_005376,2023,418,,,,,,,,
DOM_005377,2022,314,,,,,,,,
DOM_005377,2023,541,,,,,,,,
DOM_005378,2022,153,,,,,,,,
DOM_005378,2023,154,,,,,,,,
DOM_005379,2022,327,,,,,,,,
DOM_005379,2023,346,,,,,,,,
DOM_005380,2022,22,,,,,,,,
DOM_005380,2023,16,,,,,,,,
DOM_005381,2022,543,,,,,,,,
DOM_005381,2023,590,,,,,,,,
DOM_005382,2022,378,,,,,,,,
DOM_005382,2023,356,,,,,,,,
DOM_005383,2022,1143,,,,,,,,
DOM_005383,2023,1146,,,,,,,,
DOM_005384,2022,304,,,,,,,,
DOM_005384,2023,269,,,,,,,,
DOM_005385,2022,474,,,,,,,,
DOM_005385,2023,477,,,,,,,,
DOM_005386,2022,713,,,,,,,,
DOM_005386,2023,588,,,,,,,,
DOM_005387,2022,125,,,,,,,,
DOM_005387,2023,130,,,,,,,,
DOM_005388,2022,313,,,,,,,,
DOM_005388,2023,312,,,,,,,,
DOM_005389,2022,158,,,,,,,,
DOM_005390,2022,128,,,,,,,,
DOM_005390,2023,126,,,,,,,,
DOM_005391,2022,82,,,,,,,,
DOM_005391,2023,97,,,,,,,,
DOM_005392,2022,155,,,,,,,,
DOM_005392,2023,153,,,,,,,,
DOM_005393,2022,152,,,,,,,,
DOM_005393,2023,168,,,,,,,,
DOM_005394,2022,1058,,,,,,,,
DOM_005394,2023,1148,,,,,,,,
DOM_005395,2022,438,,,,,,,,
DOM_005395,2023,352,,,,,,,,
DOM_005396,2022,43,,,,,,,,
DOM_005396,2023,56,,,,,,,,
DOM_005397,2022,617,,,,,,,,
DOM_005397,2023,624,,,,,,,,
DOM_005398,2022,179,,,,,,,,
DOM_005398,2023,188,,,,,,,,
DOM_005399,2022,447,,,,,,,,
DOM_005399,2023,464,,,,,,,,
DOM_005400,2022,157,,,,,,,,
DOM_005400,2023,217,,,,,,,,
DOM_005401,2022,109,,,,,,,,
DOM_005401,2023,110,,,,,,,,
DOM_005402,2022,566,,,,,,,,
DOM_005402,2023,606,,,,,,,,
DOM_005403,2022,120,,,,,,,,
DOM_005403,2023,124,,,,,,,,
DOM_005404,2022,160,,,,,,,,
DOM_005404,2023,151,,,,,,,,
DOM_005405,2022,49,,,,,,,,
DOM_005405,2023,43,,,,,,,,
DOM_005406,2022,855,,,,,,,,
DOM_005406,2023,937,,,,,,,,
DOM_005407,2022,710,,,,,,,,
DOM_005407,2023,775,,,,,,,,
DOM_005408,2022,497,,,,,,,,
DOM_005408,2023,647,,,,,,,,
DOM_005409,2022,553,,,,,,,,
DOM_005409,2023,544,,,,,,,,
DOM_005410,2022,612,,,,,,,,
DOM_005410,2023,652,,,,,,,,
DOM_005411,2022,184,,,,,,,,
DOM_005411,2023,169,,,,,,,,
DOM_005412,2022,402,,,,,,,,
DOM_005412,2023,383,,,,,,,,
DOM_005413,2022,230,,,,,,,,
DOM_005413,2023,234,,,,,,,,
DOM_005414,2022,192,,,,,,,,
DOM_005414,2023,187,,,,,,,,
DOM_005415,2022,86,,,,,,,,
DOM_005415,2023,93,,,,,,,,
DOM_005416,2022,287,,,,,,,,
DOM_005416,2023,283,,,,,,,,
DOM_005417,2022,606,,,,,,,,
DOM_005417,2023,622,,,,,,,,
DOM_005418,2022,113,,,,,,,,
DOM_005418,2023,124,,,,,,,,
DOM_005419,2022,258,,,,,,,,
DOM_005419,2023,295,,,,,,,,
DOM_005420,2022,643,,,,,,,,
DOM_005420,2023,739,,,,,,,,
DOM_005421,2022,758,,,,,,,,
DOM_005421,2023,740,,,,,,,,
DOM_005422,2022,224,,,,,,,,
DOM_005422,2023,228,,,,,,,,
DOM_005423,2022,627,,,,,,,,
DOM_005423,2023,675,,,,,,,,
DOM_005424,2022,95,,,,,,,,
DOM_005424,2023,152,,,,,,,,
DOM_005425,2022,264,,,,,,,,
DOM_005425,2023,261,,,,,,,,
DOM_005426,2022,361,,,,,,,,
DOM_005426,2023,367,,,,,,,,
DOM_005427,2022,317,,,,,,,,
DOM_005427,2023,417,,,,,,,,
DOM_005428,2022,263,,,,,,,,
DOM_005428,2023,299,,,,,,,,
DOM_005429,2022,78,,,,,,,,
DOM_005429,2023,87,,,,,,,,
DOM_005430,2022,17,,,,,,,,
DOM_005430,2023,21,,,,,,,,
DOM_005431,2022,432,,,,,,,,
DOM_005431,2023,473,,,,,,,,
DOM_005432,2022,766,,,,,,,,
DOM_005432,2023,895,,,,,,,,
DOM_005433,2022,308,,,,,,,,
DOM_005433,2023,241,,,,,,,,
DOM_005434,2022,279,,,,,,,,
DOM_005434,2023,274,,,,,,,,
DOM_005435,2022,883,,,,,,,,
DOM_005435,2023,901,,,,,,,,
DOM_005436,2022,691,,,,,,,,
DOM_005436,2023,690,,,,,,,,
DOM_005437,2022,507,,,,,,,,
DOM_005437,2023,536,,,,,,,,
DOM_005438,2022,31,,,,,,,,
DOM_005438,2023,41,,,,,,,,
DOM_005439,2022,216,,,,,,,,
DOM_005439,2023,201,,,,,,,,
DOM_005440,2022,820,,,,,,,,
DOM_005440,2023,985,,,,,,,,
DOM_005441,2022,440,,,,,,,,
DOM_005441,2023,502,,,,,,,,
DOM_005442,2022,349,,,,,,,,
DOM_005442,2023,341,,,,,,,,
DOM_005443,2022,310,,,,,,,,
DOM_005443,2023,315,,,,,,,,
DOM_005444,2022,589,,,,,,,,
DOM_005444,2023,563,,,,,,,,
DOM_005445,2022,504,,,,,,,,
DOM_005445,2023,535,,,,,,,,
DOM_005446,2022,613,,,,,,,,
DOM_005446,2023,652,,,,,,,,
DOM_005447,2022,538,,,,,,,,
DOM_005447,2023,570,,,,,,,,
DOM_005448,2022,2049,,,,,,,,
DOM_005448,2023,1954,,,,,,,,
DOM_005449,2022,403,,,,,,,,
DOM_005449,2023,392,,,,,,,,
DOM_005450,2022,14,,,,,,,,
DOM_005450,2023,16,,,,,,,,
DOM_005451,2022,533,,,,,,,,
DOM_005451,2023,515,,,,,,,,
DOM_005452,2022,303,,,,,,,,
DOM_005452,2023,310,,,,,,,,
DOM_005453,2022,850,,,,,,,,
DOM_005453,2023,779,,,,,,,,
DOM_005454,2022,605,,,,,,,,
DOM_005454,2023,700,,,,,,,,
DOM_005455,2022,83,,,,,,,,
DOM_005455,2023,75,,,,,,,,
DOM_005456,2022,301,,,,,,,,
DOM_005456,2023,479,,,,,,,,
DOM_005457,2022,703,,,,,,,,
DOM_005457,2023,739,,,,,,,,
DOM_005458,2022,249,,,,,,,,
DOM_005458,2023,295,,,,,,,,
DOM_005459,2022,150,,,,,,,,
DOM_005459,2023,151,,,,,,,,
DOM_005460,2022,530,,,,,,,,
DOM_005460,2023,523,,,,,,,,
DOM_005461,2022,12,,,,,,,,
DOM_005461,2023,10,,,,,,,,
DOM_005462,2022,342,,,,,,,,
DOM_005462,2023,336,,,,,,,,
DOM_005463,2022,904,,,,,,,,
DOM_005463,2023,877,,,,,,,,
DOM_005464,2022,46,,,,,,,,
DOM_005464,2023,43,,,,,,,,
DOM_005465,2022,497,,,,,,,,
DOM_005465,2023,595,,,,,,,,
DOM_005466,2022,905,,,,,,,,
DOM_005466,2023,991,,,,,,,,
DOM_005467,2022,36,,,,,,,,
DOM_005467,2023,33,,,,,,,,
DOM_005468,2022,479,,,,,,,,
DOM_005468,2023,573,,,,,,,,
DOM_005469,2022,186,,,,,,,,
DOM_005469,2023,220,,,,,,,,
DOM_005470,2022,439,,,,,,,,
DOM_005470,2023,470,,,,,,,,
DOM_005471,2022,736,,,,,,,,
DOM_005471,2023,715,,,,,,,,
DOM_005472,2022,562,,,,,,,,
DOM_005472,2023,625,,,,,,,,
DOM_005473,2022,182,,,,,,,,
DOM_005473,2023,271,,,,,,,,
DOM_005474,2022,407,,,,,,,,
DOM_005474,2023,411,,,,,,,,
DOM_005475,2022,692,,,,,,,,
DOM_005475,2023,772,,,,,,,,
DOM_005476,2022,385,,,,,,,,
DOM_005476,2023,399,,,,,,,,
DOM_005477,2022,712,,,,,,,,
DOM_005477,2023,707,,,,,,,,
DOM_005478,2022,473,,,,,,,,
DOM_005478,2023,524,,,,,,,,
DOM_005479,2022,21,,,,,,,,
DOM_005479,2023,33,,,,,,,,
DOM_005480,2022,166,,,,,,,,
DOM_005480,2023,161,,,,,,,,
DOM_005481,2022,208,,,,,,,,
DOM_005481,2023,228,,,,,,,,
DOM_005482,2022,376,,,,,,,,
DOM_005482,2023,384,,,,,,,,
DOM_005483,2022,540,,,,,,,,
DOM_005483,2023,541,,,,,,,,
DOM_005484,2022,461,,,,,,,,
DOM_005484,2023,509,,,,,,,,
DOM_005485,2022,199,,,,,,,,
DOM_005485,2023,217,,,,,,,,
DOM_005486,2022,192,,,,,,,,
DOM_005486,2023,193,,,,,,,,
DOM_005487,2022,654,,,,,,,,
DOM_005487,2023,685,,,,,,,,
DOM_005488,2022,343,,,,,,,,
DOM_005488,2023,344,,,,,,,,
DOM_005489,2022,661,,,,,,,,
DOM_005489,2023,638,,,,,,,,
DOM_005490,2022,279,,,,,,,,
DOM_005490,2023,270,,,,,,,,
DOM_005491,2022,456,,,,,,,,
DOM_005491,2023,456,,,,,,,,
DOM_005492,2022,329,,,,,,,,
DOM_005492,2023,362,,,,,,,,
DOM_005493,2022,416,,,,,,,,
DOM_005493,2023,420,,,,,,,,
DOM_005494,2022,411,,,,,,,,
DOM_005494,2023,460,,,,,,,,
DOM_005495,2022,573,,,,,,,,
DOM_005495,2023,571,,,,,,,,
DOM_005496,2022,192,,,,,,,,
DOM_005496,2023,200,,,,,,,,
DOM_005497,2022,774,,,,,,,,
DOM_005497,2023,787,,,,,,,,
DOM_005498,2022,821,,,,,,,,
DOM_005498,2023,873,,,,,,,,
DOM_005499,2022,460,,,,,,,,
DOM_005499,2023,401,,,,,,,,
DOM_005500,2022,345,,,,,,,,
DOM_005500,2023,398,,,,,,,,
DOM_005501,2022,353,,,,,,,,
DOM_005501,2023,366,,,,,,,,
DOM_005502,2022,318,,,,,,,,
DOM_005502,2023,285,,,,,,,,
DOM_005503,2022,403,,,,,,,,
DOM_005503,2023,431,,,,,,,,
DOM_005504,2022,619,,,,,,,,
DOM_005504,2023,634,,,,,,,,
DOM_005505,2022,345,,,,,,,,
DOM_005505,2023,331,,,,,,,,
DOM_005506,2022,1024,,,,,,,,
DOM_005506,2023,1070,,,,,,,,
DOM_005507,2022,129,,,,,,,,
DOM_005507,2023,144,,,,,,,,
DOM_005508,2022,765,,,,,,,,
DOM_005508,2023,761,,,,,,,,
DOM_005509,2022,341,,,,,,,,
DOM_005509,2023,349,,,,,,,,
DOM_005510,2022,478,,,,,,,,
DOM_005510,2023,516,,,,,,,,
DOM_005511,2022,1539,,,,,,,,
DOM_005511,2023,1536,,,,,,,,
DOM_005512,2022,779,,,,,,,,
DOM_005512,2023,701,,,,,,,,
DOM_005513,2022,299,,,,,,,,
DOM_005513,2023,308,,,,,,,,
DOM_005514,2022,489,,,,,,,,
DOM_005514,2023,455,,,,,,,,
DOM_005515,2022,350,,,,,,,,
DOM_005515,2023,371,,,,,,,,
DOM_005516,2022,182,,,,,,,,
DOM_005516,2023,238,,,,,,,,
DOM_005517,2022,895,,,,,,,,
DOM_005517,2023,872,,,,,,,,
DOM_005518,2022,847,,,,,,,,
DOM_005518,2023,814,,,,,,,,
DOM_005519,2022,791,,,,,,,,
DOM_005519,2023,819,,,,,,,,
DOM_005520,2022,653,,,,,,,,
DOM_005520,2023,595,,,,,,,,
DOM_005521,2022,816,,,,,,,,
DOM_005521,2023,846,,,,,,,,
DOM_005522,2022,482,,,,,,,,
DOM_005522,2023,562,,,,,,,,
DOM_005523,2022,229,,,,,,,,
DOM_005523,2023,252,,,,,,,,
DOM_005524,2022,438,,,,,,,,
DOM_005524,2023,392,,,,,,,,
DOM_005525,2022,543,,,,,,,,
DOM_005525,2023,459,,,,,,,,
DOM_005526,2022,686,,,,,,,,
DOM_005526,2023,718,,,,,,,,
DOM_005527,2022,342,,,,,,,,
DOM_005527,2023,314,,,,,,,,
DOM_005528,2022,578,,,,,,,,
DOM_005528,2023,562,,,,,,,,
DOM_005529,2022,610,,,,,,,,
DOM_005529,2023,590,,,,,,,,
DOM_005530,2022,73,,,,,,,,
DOM_005530,2023,90,,,,,,,,
DOM_005531,2022,953,,,,,,,,
DOM_005531,2023,763,,,,,,,,
DOM_005532,2022,271,,,,,,,,
DOM_005532,2023,242,,,,,,,,
DOM_005533,2022,596,,,,,,,,
DOM_005533,2023,626,,,,,,,,
DOM_005534,2022,711,,,,,,,,
DOM_005534,2023,729,,,,,,,,
DOM_005535,2022,692,,,,,,,,
DOM_005535,2023,601,,,,,,,,
DOM_005536,2022,790,,,,,,,,
DOM_005536,2023,817,,,,,,,,
DOM_005537,2022,417,,,,,,,,
DOM_005537,2023,443,,,,,,,,
DOM_005538,2022,479,,,,,,,,
DOM_005538,2023,440,,,,,,,,
DOM_005539,2022,376,,,,,,,,
DOM_005539,2023,394,,,,,,,,
DOM_005540,2022,390,,,,,,,,
DOM_005540,2023,443,,,,,,,,
DOM_005541,2022,375,,,,,,,,
DOM_005541,2023,376,,,,,,,,
DOM_005542,2022,824,,,,,,,,
DOM_005542,2023,536,,,,,,,,
DOM_005543,2022,242,,,,,,,,
DOM_005543,2023,268,,,,,,,,
DOM_005544,2022,218,,,,,,,,
DOM_005544,2023,234,,,,,,,,
DOM_005545,2022,344,,,,,,,,
DOM_005545,2023,363,,,,,,,,
DOM_005546,2022,467,,,,,,,,
DOM_005546,2023,455,,,,,,,,
DOM_005547,2022,332,,,,,,,,
DOM_005547,2023,348,,,,,,,,
DOM_005548,2022,219,,,,,,,,
DOM_005548,2023,207,,,,,,,,
DOM_005549,2022,67,,,,,,,,
DOM_005549,2023,105,,,,,,,,
DOM_005550,2022,194,,,,,,,,
DOM_005550,2023,203,,,,,,,,
DOM_005551,2022,344,,,,,,,,
DOM_005551,2023,396,,,,,,,,
DOM_005552,2022,541,,,,,,,,
DOM_005552,2023,570,,,,,,,,
DOM_005553,2022,706,,,,,,,,
DOM_005553,2023,731,,,,,,,,
DOM_005554,2022,363,,,,,,,,
DOM_005554,2023,387,,,,,,,,
DOM_005555,2022,775,,,,,,,,
DOM_005555,2023,733,,,,,,,,
DOM_005556,2022,703,,,,,,,,
DOM_005556,2023,740,,,,,,,,
DOM_005557,2022,683,,,,,,,,
DOM_005557,2023,680,,,,,,,,
DOM_005558,2022,323,,,,,,,,
DOM_005558,2023,375,,,,,,,,
DOM_005559,2022,335,,,,,,,,
DOM_005559,2023,313,,,,,,,,
DOM_005560,2022,533,,,,,,,,
DOM_005560,2023,496,,,,,,,,
DOM_005561,2022,449,,,,,,,,
DOM_005561,2023,451,,,,,,,,
DOM_005562,2022,123,,,,,,,,
DOM_005562,2023,120,,,,,,,,
DOM_005563,2022,580,,,,,,,,
DOM_005563,2023,612,,,,,,,,
DOM_005564,2022,320,,,,,,,,
DOM_005564,2023,341,,,,,,,,
DOM_005565,2022,724,,,,,,,,
DOM_005565,2023,766,,,,,,,,
DOM_005566,2022,211,,,,,,,,
DOM_005566,2023,229,,,,,,,,
DOM_005567,2022,1060,,,,,,,,
DOM_005567,2023,836,,,,,,,,
DOM_005568,2022,735,,,,,,,,
DOM_005568,2023,683,,,,,,,,
DOM_005569,2022,420,,,,,,,,
DOM_005569,2023,485,,,,,,,,
DOM_005570,2022,526,,,,,,,,
DOM_005570,2023,519,,,,,,,,
DOM_005571,2022,509,,,,,,,,
DOM_005571,2023,521,,,,,,,,
DOM_005572,2022,507,,,,,,,,
DOM_005572,2023,539,,,,,,,,
DOM_005573,2022,641,,,,,,,,
DOM_005573,2023,629,,,,,,,,
DOM_005574,2022,413,,,,,,,,
DOM_005574,2023,400,,,,,,,,
DOM_005575,2022,419,,,,,,,,
DOM_005575,2023,413,,,,,,,,
DOM_005576,2022,187,,,,,,,,
DOM_005576,2023,196,,,,,,,,
DOM_005577,2022,290,,,,,,,,
DOM_005577,2023,270,,,,,,,,
DOM_005578,2022,256,,,,,,,,
DOM_005578,2023,269,,,,,,,,
DOM_005579,2022,218,,,,,,,,
DOM_005579,2023,224,,,,,,,,
DOM_005580,2022,560,,,,,,,,
DOM_005580,2023,572,,,,,,,,
DOM_005581,2022,391,,,,,,,,
DOM_005581,2023,368,,,,,,,,
DOM_005582,2022,192,,,,,,,,
DOM_005582,2023,224,,,,,,,,
DOM_005583,2022,299,,,,,,,,
DOM_005583,2023,348,,,,,,,,
DOM_005584,2022,499,,,,,,,,
DOM_005584,2023,581,,,,,,,,
DOM_005585,2022,490,,,,,,,,
DOM_005585,2023,503,,,,,,,,
DOM_005586,2022,664,,,,,,,,
DOM_005586,2023,700,,,,,,,,
DOM_005587,2022,498,,,,,,,,
DOM_005587,2023,505,,,,,,,,
DOM_005588,2022,112,,,,,,,,
DOM_005588,2023,127,,,,,,,,
DOM_005589,2022,895,,,,,,,,
DOM_005589,2023,997,,,,,,,,
DOM_005590,2022,456,,,,,,,,
DOM_005590,2023,458,,,,,,,,
DOM_005591,2022,126,,,,,,,,
DOM_005591,2023,147,,,,,,,,
DOM_005592,2022,232,,,,,,,,
DOM_005592,2023,241,,,,,,,,
DOM_005593,2022,9,,,,,,,,
DOM_005593,2023,11,,,,,,,,
DOM_005594,2022,127,,,,,,,,
DOM_005594,2023,138,,,,,,,,
DOM_005595,2022,376,,,,,,,,
DOM_005595,2023,366,,,,,,,,
DOM_005596,2022,415,,,,,,,,
DOM_005596,2023,432,,,,,,,,
DOM_005597,2022,495,,,,,,,,
DOM_005597,2023,522,,,,,,,,
DOM_005598,2022,432,,,,,,,,
DOM_005598,2023,425,,,,,,,,
DOM_005599,2022,588,,,,,,,,
DOM_005599,2023,591,,,,,,,,
DOM_005600,2022,126,,,,,,,,
DOM_005600,2023,136,,,,,,,,
DOM_005601,2022,414,,,,,,,,
DOM_005601,2023,439,,,,,,,,
DOM_005602,2022,765,,,,,,,,
DOM_005602,2023,810,,,,,,,,
DOM_005603,2022,735,,,,,,,,
DOM_005603,2023,775,,,,,,,,
DOM_005604,2022,501,,,,,,,,
DOM_005604,2023,489,,,,,,,,
DOM_005605,2022,633,,,,,,,,
DOM_005605,2023,707,,,,,,,,
DOM_005606,2022,471,,,,,,,,
DOM_005606,2023,509,,,,,,,,
DOM_005607,2022,614,,,,,,,,
DOM_005607,2023,667,,,,,,,,
DOM_005608,2022,314,,,,,,,,
DOM_005608,2023,353,,,,,,,,
DOM_005609,2022,724,,,,,,,,
DOM_005609,2023,725,,,,,,,,
DOM_005610,2022,436,,,,,,,,
DOM_005610,2023,446,,,,,,,,
DOM_005611,2022,459,,,,,,,,
DOM_005611,2023,551,,,,,,,,
DOM_005612,2022,428,,,,,,,,
DOM_005612,2023,436,,,,,,,,
DOM_005613,2022,392,,,,,,,,
DOM_005613,2023,416,,,,,,,,
DOM_005614,2022,817,,,,,,,,
DOM_005614,2023,651,,,,,,,,
DOM_005615,2022,575,,,,,,,,
DOM_005615,2023,568,,,,,,,,
DOM_005616,2022,451,,,,,,,,
DOM_005616,2023,525,,,,,,,,
DOM_005617,2022,312,,,,,,,,
DOM_005617,2023,239,,,,,,,,
DOM_005618,2022,543,,,,,,,,
DOM_005618,2023,551,,,,,,,,
DOM_005619,2022,617,,,,,,,,
DOM_005619,2023,628,,,,,,,,
DOM_005620,2022,481,,,,,,,,
DOM_005620,2023,461,,,,,,,,
DOM_005621,2022,605,,,,,,,,
DOM_005621,2023,581,,,,,,,,
DOM_005622,2022,524,,,,,,,,
DOM_005622,2023,507,,,,,,,,
DOM_005623,2022,500,,,,,,,,
DOM_005623,2023,448,,,,,,,,
DOM_005624,2022,549,,,,,,,,
DOM_005624,2023,588,,,,,,,,
DOM_005625,2022,268,,,,,,,,
DOM_005625,2023,314,,,,,,,,
DOM_005626,2022,548,,,,,,,,
DOM_005626,2023,585,,,,,,,,
DOM_005627,2022,330,,,,,,,,
DOM_005627,2023,345,,,,,,,,
DOM_005628,2022,562,,,,,,,,
DOM_005628,2023,639,,,,,,,,
DOM_005629,2022,309,,,,,,,,
DOM_005629,2023,323,,,,,,,,
DOM_005630,2022,261,,,,,,,,
DOM_005630,2023,243,,,,,,,,
DOM_005631,2022,302,,,,,,,,
DOM_005631,2023,302,,,,,,,,
DOM_005632,2022,563,,,,,,,,
DOM_005632,2023,640,,,,,,,,
DOM_005633,2022,301,,,,,,,,
DOM_005633,2023,325,,,,,,,,
DOM_005634,2022,264,,,,,,,,
DOM_005634,2023,278,,,,,,,,
DOM_005635,2022,354,,,,,,,,
DOM_005635,2023,356,,,,,,,,
DOM_005636,2022,138,,,,,,,,
DOM_005636,2023,156,,,,,,,,
DOM_005637,2022,372,,,,,,,,
DOM_005637,2023,389,,,,,,,,
DOM_005638,2022,371,,,,,,,,
DOM_005638,2023,389,,,,,,,,
DOM_005639,2022,301,,,,,,,,
DOM_005639,2023,301,,,,,,,,
DOM_005640,2022,385,,,,,,,,
DOM_005640,2023,331,,,,,,,,
DOM_005641,2022,632,,,,,,,,
DOM_005641,2023,666,,,,,,,,
DOM_005642,2022,571,,,,,,,,
DOM_005642,2023,595,,,,,,,,
DOM_005643,2022,384,,,,,,,,
DOM_005643,2023,384,,,,,,,,
DOM_005644,2022,508,,,,,,,,
DOM_005644,2023,573,,,,,,,,
DOM_005645,2022,582,,,,,,,,
DOM_005645,2023,607,,,,,,,,
DOM_005646,2022,672,,,,,,,,
DOM_005646,2023,746,,,,,,,,
DOM_005647,2022,337,,,,,,,,
DOM_005647,2023,330,,,,,,,,
DOM_005648,2022,529,,,,,,,,
DOM_005648,2023,531,,,,,,,,
DOM_005649,2022,785,,,,,,,,
DOM_005649,2023,798,,,,,,,,
DOM_005650,2022,549,,,,,,,,
DOM_005650,2023,593,,,,,,,,
DOM_005651,2022,178,,,,,,,,
DOM_005651,2023,168,,,,,,,,
DOM_005652,2022,24,,,,,,,,
DOM_005652,2023,22,,,,,,,,
DOM_005653,2022,817,,,,,,,,
DOM_005653,2023,818,,,,,,,,
DOM_005654,2022,79,,,,,,,,
DOM_005654,2023,85,,,,,,,,
DOM_005655,2022,24,,,,,,,,
DOM_005655,2023,23,,,,,,,,
DOM_005656,2022,498,,,,,,,,
DOM_005656,2023,499,,,,,,,,
DOM_005657,2022,766,,,,,,,,
DOM_005657,2023,823,,,,,,,,
DOM_005658,2022,431,,,,,,,,
DOM_005658,2023,391,,,,,,,,
DOM_005659,2022,558,,,,,,,,
DOM_005659,2023,570,,,,,,,,
DOM_005660,2022,384,,,,,,,,
DOM_005660,2023,490,,,,,,,,
DOM_005661,2022,260,,,,,,,,
DOM_005661,2023,281,,,,,,,,
DOM_005662,2022,745,,,,,,,,
DOM_005662,2023,776,,,,,,,,
DOM_005663,2022,826,,,,,,,,
DOM_005663,2023,802,,,,,,,,
DOM_005664,2022,168,,,,,,,,
DOM_005664,2023,161,,,,,,,,
DOM_005665,2022,550,,,,,,,,
DOM_005665,2023,572,,,,,,,,
DOM_005666,2022,295,,,,,,,,
DOM_005666,2023,289,,,,,,,,
DOM_005667,2022,716,,,,,,,,
DOM_005667,2023,718,,,,,,,,
DOM_005668,2022,835,,,,,,,,
DOM_005668,2023,828,,,,,,,,
DOM_005669,2022,518,,,,,,,,
DOM_005669,2023,534,,,,,,,,
DOM_005670,2022,365,,,,,,,,
DOM_005670,2023,481,,,,,,,,
DOM_005671,2022,764,,,,,,,,
DOM_005671,2023,730,,,,,,,,
DOM_005672,2022,876,,,,,,,,
DOM_005672,2023,973,,,,,,,,
DOM_005673,2022,158,,,,,,,,
DOM_005673,2023,196,,,,,,,,
DOM_005674,2022,379,,,,,,,,
DOM_005674,2023,434,,,,,,,,
DOM_005675,2022,152,,,,,,,,
DOM_005675,2023,225,,,,,,,,
DOM_005676,2022,599,,,,,,,,
DOM_005676,2023,587,,,,,,,,
DOM_005677,2022,421,,,,,,,,
DOM_005677,2023,511,,,,,,,,
DOM_005678,2022,125,,,,,,,,
DOM_005678,2023,134,,,,,,,,
DOM_005679,2022,171,,,,,,,,
DOM_005679,2023,232,,,,,,,,
DOM_005680,2022,354,,,,,,,,
DOM_005680,2023,358,,,,,,,,
DOM_005681,2022,80,,,,,,,,
DOM_005681,2023,107,,,,,,,,
DOM_005682,2022,822,,,,,,,,
DOM_005682,2023,829,,,,,,,,
DOM_005683,2022,386,,,,,,,,
DOM_005683,2023,382,,,,,,,,
DOM_005684,2022,886,,,,,,,,
DOM_005684,2023,832,,,,,,,,
DOM_005685,2022,67,,,,,,,,
DOM_005685,2023,73,,,,,,,,
DOM_005686,2022,825,,,,,,,,
DOM_005686,2023,913,,,,,,,,
DOM_005687,2022,890,,,,,,,,
DOM_005687,2023,893,,,,,,,,
DOM_005688,2022,751,,,,,,,,
DOM_005688,2023,798,,,,,,,,
DOM_005689,2022,754,,,,,,,,
DOM_005689,2023,716,,,,,,,,
DOM_005690,2022,282,,,,,,,,
DOM_005690,2023,324,,,,,,,,
DOM_005691,2022,705,,,,,,,,
DOM_005691,2023,765,,,,,,,,
DOM_005692,2022,847,,,,,,,,
DOM_005692,2023,852,,,,,,,,
DOM_005693,2022,572,,,,,,,,
DOM_005693,2023,769,,,,,,,,
DOM_005694,2022,859,,,,,,,,
DOM_005694,2023,995,,,,,,,,
DOM_005695,2022,892,,,,,,,,
DOM_005695,2023,902,,,,,,,,
DOM_005696,2022,562,,,,,,,,
DOM_005696,2023,522,,,,,,,,
DOM_005697,2022,823,,,,,,,,
DOM_005697,2023,800,,,,,,,,
DOM_005698,2022,341,,,,,,,,
DOM_005698,2023,299,,,,,,,,
DOM_005699,2022,243,,,,,,,,
DOM_005699,2023,275,,,,,,,,
DOM_005700,2022,883,,,,,,,,
DOM_005700,2023,778,,,,,,,,
DOM_005701,2022,251,,,,,,,,
DOM_005701,2023,270,,,,,,,,
DOM_005702,2022,464,,,,,,,,
DOM_005702,2023,471,,,,,,,,
DOM_005703,2022,671,,,,,,,,
DOM_005703,2023,668,,,,,,,,
DOM_005704,2022,214,,,,,,,,
DOM_005704,2023,217,,,,,,,,
DOM_005705,2022,185,,,,,,,,
DOM_005705,2023,212,,,,,,,,
DOM_005706,2022,579,,,,,,,,
DOM_005706,2023,592,,,,,,,,
DOM_005707,2022,783,,,,,,,,
DOM_005707,2023,746,,,,,,,,
DOM_005708,2022,776,,,,,,,,
DOM_005708,2023,802,,,,,,,,
DOM_005709,2022,641,,,,,,,,
DOM_005709,2023,645,,,,,,,,
DOM_005710,2022,552,,,,,,,,
DOM_005710,2023,620,,,,,,,,
DOM_005711,2022,644,,,,,,,,
DOM_005711,2023,657,,,,,,,,
DOM_005712,2022,446,,,,,,,,
DOM_005712,2023,482,,,,,,,,
DOM_005713,2022,482,,,,,,,,
DOM_005713,2023,371,,,,,,,,
DOM_005714,2022,576,,,,,,,,
DOM_005714,2023,604,,,,,,,,
DOM_005715,2022,1051,,,,,,,,
DOM_005715,2023,1032,,,,,,,,
DOM_005716,2022,375,,,,,,,,
DOM_005716,2023,427,,,,,,,,
DOM_005717,2022,32,,,,,,,,
DOM_005717,2023,58,,,,,,,,
DOM_005718,2022,706,,,,,,,,
DOM_005718,2023,702,,,,,,,,
DOM_005719,2022,10,,,,,,,,
DOM_005719,2023,8,,,,,,,,
DOM_005720,2022,1005,,,,,,,,
DOM_005720,2023,1011,,,,,,,,
DOM_005721,2022,903,,,,,,,,
DOM_005721,2023,823,,,,,,,,
DOM_005722,2022,314,,,,,,,,
DOM_005722,2023,478,,,,,,,,
DOM_005723,2022,278,,,,,,,,
DOM_005723,2023,267,,,,,,,,
DOM_005724,2022,152,,,,,,,,
DOM_005724,2023,190,,,,,,,,
DOM_005725,2022,435,,,,,,,,
DOM_005725,2023,455,,,,,,,,
DOM_005726,2022,490,,,,,,,,
DOM_005726,2023,462,,,,,,,,
DOM_005727,2022,580,,,,,,,,
DOM_005727,2023,622,,,,,,,,
DOM_005728,2022,89,,,,,,,,
DOM_005728,2023,99,,,,,,,,
DOM_005729,2022,622,,,,,,,,
DOM_005729,2023,596,,,,,,,,
DOM_005730,2022,530,,,,,,,,
DOM_005730,2023,510,,,,,,,,
DOM_005731,2022,798,,,,,,,,
DOM_005731,2023,893,,,,,,,,
DOM_005732,2022,424,,,,,,,,
DOM_005732,2023,468,,,,,,,,
DOM_005733,2022,112,,,,,,,,
DOM_005733,2023,93,,,,,,,,
DOM_005734,2022,601,,,,,,,,
DOM_005734,2023,654,,,,,,,,
DOM_005735,2022,73,,,,,,,,
DOM_005735,2023,88,,,,,,,,
DOM_005736,2022,480,,,,,,,,
DOM_005736,2023,508,,,,,,,,
DOM_005737,2022,277,,,,,,,,
DOM_005737,2023,268,,,,,,,,
DOM_005738,2022,203,,,,,,,,
DOM_005738,2023,207,,,,,,,,
DOM_005739,2022,268,,,,,,,,
DOM_005739,2023,302,,,,,,,,
DOM_005740,2022,499,,,,,,,,
DOM_005740,2023,521,,,,,,,,
DOM_005741,2022,723,,,,,,,,
DOM_005741,2023,773,,,,,,,,
DOM_005742,2022,695,,,,,,,,
DOM_005742,2023,829,,,,,,,,
DOM_005743,2022,683,,,,,,,,
DOM_005743,2023,640,,,,,,,,
DOM_005744,2022,633,,,,,,,,
DOM_005744,2023,611,,,,,,,,
DOM_005745,2022,96,,,,,,,,
DOM_005745,2023,94,,,,,,,,
DOM_005746,2022,58,,,,,,,,
DOM_005746,2023,72,,,,,,,,
DOM_005747,2022,413,,,,,,,,
DOM_005747,2023,415,,,,,,,,
DOM_005748,2022,246,,,,,,,,
DOM_005748,2023,248,,,,,,,,
DOM_005749,2022,277,,,,,,,,
DOM_005749,2023,292,,,,,,,,
DOM_005750,2022,619,,,,,,,,
DOM_005750,2023,254,,,,,,,,
DOM_005751,2022,543,,,,,,,,
DOM_005751,2023,571,,,,,,,,
DOM_005752,2022,213,,,,,,,,
DOM_005752,2023,241,,,,,,,,
DOM_005753,2022,174,,,,,,,,
DOM_005753,2023,189,,,,,,,,
DOM_005754,2022,376,,,,,,,,
DOM_005754,2023,383,,,,,,,,
DOM_005755,2022,221,,,,,,,,
DOM_005755,2023,234,,,,,,,,
DOM_005756,2022,120,,,,,,,,
DOM_005756,2023,152,,,,,,,,
DOM_005757,2022,176,,,,,,,,
DOM_005757,2023,192,,,,,,,,
DOM_005758,2022,225,,,,,,,,
DOM_005758,2023,306,,,,,,,,
DOM_005759,2022,540,,,,,,,,
DOM_005759,2023,551,,,,,,,,
DOM_005760,2022,532,,,,,,,,
DOM_005760,2023,582,,,,,,,,
DOM_005761,2022,190,,,,,,,,
DOM_005761,2023,205,,,,,,,,
DOM_005762,2022,595,,,,,,,,
DOM_005762,2023,618,,,,,,,,
DOM_005763,2022,107,,,,,,,,
DOM_005763,2023,108,,,,,,,,
DOM_005764,2022,201,,,,,,,,
DOM_005764,2023,203,,,,,,,,
DOM_005765,2022,139,,,,,,,,
DOM_005765,2023,167,,,,,,,,
DOM_005766,2022,898,,,,,,,,
DOM_005766,2023,1030,,,,,,,,
DOM_005767,2022,808,,,,,,,,
DOM_005767,2023,848,,,,,,,,
DOM_005768,2022,809,,,,,,,,
DOM_005768,2023,973,,,,,,,,
DOM_005769,2022,749,,,,,,,,
DOM_005769,2023,713,,,,,,,,
DOM_005770,2022,594,,,,,,,,
DOM_005770,2023,646,,,,,,,,
DOM_005771,2022,776,,,,,,,,
DOM_005771,2023,830,,,,,,,,
DOM_005772,2022,400,,,,,,,,
DOM_005772,2023,423,,,,,,,,
DOM_005773,2022,828,,,,,,,,
DOM_005773,2023,713,,,,,,,,
DOM_005774,2022,668,,,,,,,,
DOM_005774,2023,596,,,,,,,,
DOM_005775,2022,355,,,,,,,,
DOM_005775,2023,358,,,,,,,,
DOM_005776,2022,815,,,,,,,,
DOM_005776,2023,761,,,,,,,,
DOM_005777,2022,330,,,,,,,,
DOM_005777,2023,427,,,,,,,,
DOM_005778,2022,856,,,,,,,,
DOM_005778,2023,821,,,,,,,,
DOM_005779,2022,452,,,,,,,,
DOM_005779,2023,526,,,,,,,,
DOM_005780,2022,538,,,,,,,,
DOM_005780,2023,546,,,,,,,,
DOM_005781,2022,205,,,,,,,,
DOM_005781,2023,214,,,,,,,,
DOM_005782,2022,316,,,,,,,,
DOM_005782,2023,309,,,,,,,,
DOM_005783,2022,537,,,,,,,,
DOM_005783,2023,506,,,,,,,,
DOM_005784,2022,591,,,,,,,,
DOM_005784,2023,634,,,,,,,,
DOM_005785,2022,592,,,,,,,,
DOM_005785,2023,605,,,,,,,,
DOM_005786,2022,427,,,,,,,,
DOM_005786,2023,440,,,,,,,,
DOM_005787,2022,269,,,,,,,,
DOM_005787,2023,299,,,,,,,,
DOM_005788,2022,219,,,,,,,,
DOM_005788,2023,259,,,,,,,,
DOM_005789,2022,369,,,,,,,,
DOM_005789,2023,380,,,,,,,,
DOM_005790,2022,884,,,,,,,,
DOM_005790,2023,794,,,,,,,,
DOM_005791,2022,374,,,,,,,,
DOM_005791,2023,449,,,,,,,,
DOM_005792,2022,571,,,,,,,,
DOM_005792,2023,575,,,,,,,,
DOM_005793,2022,720,,,,,,,,
DOM_005793,2023,706,,,,,,,,
DOM_005794,2022,758,,,,,,,,
DOM_005794,2023,786,,,,,,,,
DOM_005795,2022,227,,,,,,,,
DOM_005795,2023,250,,,,,,,,
DOM_005796,2022,641,,,,,,,,
DOM_005796,2023,689,,,,,,,,
DOM_005797,2022,625,,,,,,,,
DOM_005797,2023,666,,,,,,,,
DOM_005798,2022,717,,,,,,,,
DOM_005798,2023,797,,,,,,,,
DOM_005799,2022,589,,,,,,,,
DOM_005799,2023,665,,,,,,,,
DOM_005800,2022,21,,,,,,,,
DOM_005800,2023,11,,,,,,,,
DOM_005801,2022,10,,,,,,,,
DOM_005801,2023,14,,,,,,,,
DOM_005802,2022,350,,,,,,,,
DOM_005802,2023,350,,,,,,,,
DOM_005803,2022,1042,,,,,,,,
DOM_005803,2023,1265,,,,,,,,
DOM_005804,2022,679,,,,,,,,
DOM_005804,2023,653,,,,,,,,
DOM_005805,2022,836,,,,,,,,
DOM_005805,2023,862,,,,,,,,
DOM_005806,2022,685,,,,,,,,
DOM_005806,2023,676,,,,,,,,
DOM_005807,2022,778,,,,,,,,
DOM_005807,2023,818,,,,,,,,
DOM_005808,2022,1010,,,,,,,,
DOM_005808,2023,1079,,,,,,,,
DOM_005809,2022,452,,,,,,,,
DOM_005809,2023,400,,,,,,,,
DOM_005810,2022,633,,,,,,,,
DOM_005811,2022,397,,,,,,,,
DOM_005811,2023,402,,,,,,,,
DOM_005812,2022,112,,,,,,,,
DOM_005812,2023,123,,,,,,,,
DOM_005813,2022,144,,,,,,,,
DOM_005813,2023,192,,,,,,,,
DOM_005814,2022,721,,,,,,,,
DOM_005814,2023,657,,,,,,,,
DOM_005815,2022,601,,,,,,,,
DOM_005815,2023,570,,,,,,,,
DOM_005816,2022,201,,,,,,,,
DOM_005816,2023,227,,,,,,,,
DOM_005817,2022,492,,,,,,,,
DOM_005817,2023,528,,,,,,,,
DOM_005818,2022,396,,,,,,,,
DOM_005818,2023,409,,,,,,,,
DOM_005819,2022,546,,,,,,,,
DOM_005819,2023,555,,,,,,,,
DOM_005820,2022,461,,,,,,,,
DOM_005820,2023,402,,,,,,,,
DOM_005821,2022,301,,,,,,,,
DOM_005821,2023,360,,,,,,,,
DOM_005822,2022,881,,,,,,,,
DOM_005822,2023,831,,,,,,,,
DOM_005823,2022,703,,,,,,,,
DOM_005823,2023,770,,,,,,,,
DOM_005824,2022,327,,,,,,,,
DOM_005824,2023,293,,,,,,,,
DOM_005825,2022,420,,,,,,,,
DOM_005825,2023,460,,,,,,,,
DOM_005826,2022,891,,,,,,,,
DOM_005826,2023,906,,,,,,,,
DOM_005827,2022,283,,,,,,,,
DOM_005827,2023,310,,,,,,,,
DOM_005828,2022,178,,,,,,,,
DOM_005828,2023,248,,,,,,,,
DOM_005829,2022,637,,,,,,,,
DOM_005829,2023,739,,,,,,,,
DOM_005830,2022,911,,,,,,,,
DOM_005830,2023,896,,,,,,,,
DOM_005831,2022,191,,,,,,,,
DOM_005831,2023,195,,,,,,,,
DOM_005832,2022,703,,,,,,,,
DOM_005832,2023,712,,,,,,,,
DOM_005833,2022,579,,,,,,,,
DOM_005833,2023,650,,,,,,,,
DOM_005834,2022,709,,,,,,,,
DOM_005834,2023,730,,,,,,,,
DOM_005835,2022,630,,,,,,,,
DOM_005835,2023,684,,,,,,,,
DOM_005836,2022,485,,,,,,,,
DOM_005836,2023,494,,,,,,,,
DOM_005837,2022,733,,,,,,,,
DOM_005837,2023,751,,,,,,,,
DOM_005838,2022,728,,,,,,,,
DOM_005838,2023,650,,,,,,,,
DOM_005839,2022,999,,,,,,,,
DOM_005839,2023,979,,,,,,,,
DOM_005840,2022,607,,,,,,,,
DOM_005840,2023,656,,,,,,,,
DOM_005841,2022,789,,,,,,,,
DOM_005841,2023,810,,,,,,,,
DOM_005842,2022,496,,,,,,,,
DOM_005842,2023,513,,,,,,,,
DOM_005843,2022,622,,,,,,,,
DOM_005843,2023,644,,,,,,,,
DOM_005844,2022,646,,,,,,,,
DOM_005844,2023,653,,,,,,,,
DOM_005845,2022,997,,,,,,,,
DOM_005845,2023,965,,,,,,,,
DOM_005846,2022,371,,,,,,,,
DOM_005846,2023,458,,,,,,,,
DOM_005847,2022,650,,,,,,,,
DOM_005847,2023,761,,,,,,,,
DOM_005848,2022,822,,,,,,,,
DOM_005848,2023,801,,,,,,,,
DOM_005849,2022,487,,,,,,,,
DOM_005849,2023,497,,,,,,,,
DOM_005850,2022,230,,,,,,,,
DOM_005850,2023,297,,,,,,,,
DOM_005851,2022,915,,,,,,,,
DOM_005851,2023,998,,,,,,,,
DOM_005852,2022,978,,,,,,,,
DOM_005852,2023,890,,,,,,,,
DOM_005853,2022,797,,,,,,,,
DOM_005853,2023,727,,,,,,,,
DOM_005854,2022,1130,,,,,,,,
DOM_005854,2023,1178,,,,,,,,
DOM_005855,2022,1103,,,,,,,,
DOM_005855,2023,1153,,,,,,,,
DOM_005856,2022,1291,,,,,,,,
DOM_005856,2023,1203,,,,,,,,
DOM_005857,2022,367,,,,,,,,
DOM_005857,2023,506,,,,,,,,
DOM_005858,2022,155,,,,,,,,
DOM_005858,2023,317,,,,,,,,
DOM_005859,2022,550,,,,,,,,
DOM_005859,2023,562,,,,,,,,
DOM_005860,2022,162,,,,,,,,
DOM_005860,2023,181,,,,,,,,
DOM_005861,2022,818,,,,,,,,
DOM_005861,2023,813,,,,,,,,
DOM_005862,2022,421,,,,,,,,
DOM_005862,2023,459,,,,,,,,
DOM_005863,2022,364,,,,,,,,
DOM_005863,2023,298,,,,,,,,
DOM_005864,2022,346,,,,,,,,
DOM_005864,2023,300,,,,,,,,
DOM_005865,2022,951,,,,,,,,
DOM_005865,2023,960,,,,,,,,
DOM_005866,2022,257,,,,,,,,
DOM_005866,2023,434,,,,,,,,
DOM_005867,2022,998,,,,,,,,
DOM_005867,2023,969,,,,,,,,
DOM_005868,2022,807,,,,,,,,
DOM_005868,2023,773,,,,,,,,
DOM_005869,2022,234,,,,,,,,
DOM_005869,2023,364,,,,,,,,
DOM_005870,2022,355,,,,,,,,
DOM_005870,2023,371,,,,,,,,
DOM_005871,2022,996,,,,,,,,
DOM_005871,2023,957,,,,,,,,
DOM_005872,2022,618,,,,,,,,
DOM_005872,2023,650,,,,,,,,
DOM_005873,2022,825,,,,,,,,
DOM_005873,2023,1022,,,,,,,,
DOM_005874,2022,779,,,,,,,,
DOM_005874,2023,828,,,,,,,,
DOM_005875,2022,555,,,,,,,,
DOM_005875,2023,565,,,,,,,,
DOM_005876,2022,805,,,,,,,,
DOM_005876,2023,911,,,,,,,,
DOM_005877,2022,707,,,,,,,,
DOM_005877,2023,678,,,,,,,,
DOM_005878,2022,621,,,,,,,,
DOM_005878,2023,637,,,,,,,,
DOM_005879,2022,494,,,,,,,,
DOM_005879,2023,593,,,,,,,,
DOM_005880,2022,863,,,,,,,,
DOM_005880,2023,942,,,,,,,,
DOM_005881,2022,921,,,,,,,,
DOM_005881,2023,979,,,,,,,,
DOM_005882,2022,548,,,,,,,,
DOM_005882,2023,551,,,,,,,,
DOM_005883,2022,924,,,,,,,,
DOM_005883,2023,864,,,,,,,,
DOM_005884,2022,242,,,,,,,,
DOM_005884,2023,221,,,,,,,,
DOM_005885,2022,755,,,,,,,,
DOM_005885,2023,878,,,,,,,,
DOM_005886,2022,957,,,,,,,,
DOM_005886,2023,872,,,,,,,,
DOM_005887,2022,522,,,,,,,,
DOM_005887,2023,547,,,,,,,,
DOM_005888,2022,204,,,,,,,,
DOM_005888,2023,219,,,,,,,,
DOM_005889,2022,461,,,,,,,,
DOM_005889,2023,466,,,,,,,,
DOM_005890,2022,269,,,,,,,,
DOM_005890,2023,283,,,,,,,,
DOM_005891,2022,895,,,,,,,,
DOM_005891,2023,912,,,,,,,,
DOM_005892,2022,1003,,,,,,,,
DOM_005892,2023,1189,,,,,,,,
DOM_005893,2022,878,,,,,,,,
DOM_005893,2023,869,,,,,,,,
DOM_005894,2022,267,,,,,,,,
DOM_005894,2023,320,,,,,,,,
DOM_005895,2022,323,,,,,,,,
DOM_005895,2023,335,,,,,,,,
DOM_005896,2022,136,,,,,,,,
DOM_005896,2023,177,,,,,,,,
DOM_005897,2022,626,,,,,,,,
DOM_005897,2023,822,,,,,,,,
DOM_005898,2022,314,,,,,,,,
DOM_005898,2023,349,,,,,,,,
DOM_005899,2022,29,,,,,,,,
DOM_005899,2023,41,,,,,,,,
DOM_005900,2022,235,,,,,,,,
DOM_005900,2023,224,,,,,,,,
DOM_005901,2022,309,,,,,,,,
DOM_005901,2023,335,,,,,,,,
DOM_005902,2022,729,,,,,,,,
DOM_005902,2023,723,,,,,,,,
DOM_005903,2022,322,,,,,,,,
DOM_005903,2023,328,,,,,,,,
DOM_005904,2022,462,,,,,,,,
DOM_005904,2023,504,,,,,,,,
DOM_005905,2022,785,,,,,,,,
DOM_005905,2023,782,,,,,,,,
DOM_005906,2022,775,,,,,,,,
DOM_005906,2023,809,,,,,,,,
DOM_005907,2022,217,,,,,,,,
DOM_005907,2023,246,,,,,,,,
DOM_005908,2022,157,,,,,,,,
DOM_005908,2023,182,,,,,,,,
DOM_005909,2022,1401,,,,,,,,
DOM_005909,2023,1376,,,,,,,,
DOM_005910,2022,951,,,,,,,,
DOM_005910,2023,720,,,,,,,,
DOM_005911,2022,565,,,,,,,,
DOM_005911,2023,586,,,,,,,,
DOM_005912,2022,637,,,,,,,,
DOM_005912,2023,627,,,,,,,,
DOM_005913,2022,1063,,,,,,,,
DOM_005913,2023,1136,,,,,,,,
DOM_005914,2022,123,,,,,,,,
DOM_005914,2023,127,,,,,,,,
DOM_005915,2022,449,,,,,,,,
DOM_005915,2023,462,,,,,,,,
DOM_005916,2022,628,,,,,,,,
DOM_005916,2023,666,,,,,,,,
DOM_005917,2022,171,,,,,,,,
DOM_005917,2023,217,,,,,,,,
DOM_005918,2022,572,,,,,,,,
DOM_005918,2023,562,,,,,,,,
DOM_005919,2022,748,,,,,,,,
DOM_005919,2023,736,,,,,,,,
DOM_005920,2022,539,,,,,,,,
DOM_005920,2023,525,,,,,,,,
DOM_005921,2022,356,,,,,,,,
DOM_005921,2023,353,,,,,,,,
DOM_005922,2022,204,,,,,,,,
DOM_005922,2023,218,,,,,,,,
DOM_005923,2022,214,,,,,,,,
DOM_005923,2023,258,,,,,,,,
DOM_005924,2022,610,,,,,,,,
DOM_005924,2023,646,,,,,,,,
DOM_005925,2022,240,,,,,,,,
DOM_005925,2023,252,,,,,,,,
DOM_005926,2022,348,,,,,,,,
DOM_005926,2023,388,,,,,,,,
DOM_005927,2022,374,,,,,,,,
DOM_005927,2023,380,,,,,,,,
DOM_005928,2022,176,,,,,,,,
DOM_005928,2023,269,,,,,,,,
DOM_005929,2022,561,,,,,,,,
DOM_005929,2023,540,,,,,,,,
DOM_005930,2022,466,,,,,,,,
DOM_005930,2023,451,,,,,,,,
DOM_005931,2022,184,,,,,,,,
DOM_005931,2023,179,,,,,,,,
DOM_005932,2022,701,,,,,,,,
DOM_005932,2023,730,,,,,,,,
DOM_005933,2022,23,,,,,,,,
DOM_005933,2023,22,,,,,,,,
DOM_005934,2022,317,,,,,,,,
DOM_005934,2023,411,,,,,,,,
DOM_005935,2022,235,,,,,,,,
DOM_005935,2023,393,,,,,,,,
DOM_005936,2022,888,,,,,,,,
DOM_005936,2023,1025,,,,,,,,
DOM_005937,2022,11,,,,,,,,
DOM_005937,2023,21,,,,,,,,
DOM_005938,2022,708,,,,,,,,
DOM_005938,2023,732,,,,,,,,
DOM_005939,2022,13,,,,,,,,
DOM_005939,2023,21,,,,,,,,
DOM_005940,2022,389,,,,,,,,
DOM_005940,2023,330,,,,,,,,
DOM_005941,2022,67,,,,,,,,
DOM_005941,2023,70,,,,,,,,
DOM_005942,2022,371,,,,,,,,
DOM_005942,2023,387,,,,,,,,
DOM_005943,2022,336,,,,,,,,
DOM_005943,2023,328,,,,,,,,
DOM_005944,2022,715,,,,,,,,
DOM_005944,2023,830,,,,,,,,
DOM_005945,2022,368,,,,,,,,
DOM_005945,2023,367,,,,,,,,
DOM_005946,2022,131,,,,,,,,
DOM_005946,2023,128,,,,,,,,
DOM_005947,2022,198,,,,,,,,
DOM_005947,2023,244,,,,,,,,
DOM_005948,2022,527,,,,,,,,
DOM_005948,2023,605,,,,,,,,
DOM_005949,2022,738,,,,,,,,
DOM_005949,2023,738,,,,,,,,
DOM_005950,2022,63,,,,,,,,
DOM_005950,2023,79,,,,,,,,
DOM_005951,2022,93,,,,,,,,
DOM_005951,2023,86,,,,,,,,
DOM_005952,2022,592,,,,,,,,
DOM_005952,2023,564,,,,,,,,
DOM_005953,2022,213,,,,,,,,
DOM_005953,2023,215,,,,,,,,
DOM_005954,2022,506,,,,,,,,
DOM_005954,2023,560,,,,,,,,
DOM_005955,2022,371,,,,,,,,
DOM_005955,2023,445,,,,,,,,
DOM_005956,2022,603,,,,,,,,
DOM_005956,2023,599,,,,,,,,
DOM_005957,2022,372,,,,,,,,
DOM_005957,2023,385,,,,,,,,
DOM_005958,2022,295,,,,,,,,
DOM_005958,2023,292,,,,,,,,
DOM_005959,2022,253,,,,,,,,
DOM_005959,2023,275,,,,,,,,
DOM_005960,2022,725,,,,,,,,
DOM_005960,2023,699,,,,,,,,
DOM_005961,2022,719,,,,,,,,
DOM_005961,2023,709,,,,,,,,
DOM_005962,2022,488,,,,,,,,
DOM_005962,2023,529,,,,,,,,
DOM_005963,2022,107,,,,,,,,
DOM_005963,2023,378,,,,,,,,
DOM_005964,2022,73,,,,,,,,
DOM_005964,2023,96,,,,,,,,
DOM_005965,2022,16,,,,,,,,
DOM_005965,2023,20,,,,,,,,
DOM_005966,2022,480,,,,,,,,
DOM_005966,2023,440,,,,,,,,
DOM_005967,2022,287,,,,,,,,
DOM_005967,2023,268,,,,,,,,
DOM_005968,2022,221,,,,,,,,
DOM_005968,2023,231,,,,,,,,
DOM_005969,2022,369,,,,,,,,
DOM_005969,2023,359,,,,,,,,
DOM_005970,2022,1039,,,,,,,,
DOM_005970,2023,828,,,,,,,,
DOM_005971,2022,889,,,,,,,,
DOM_005971,2023,812,,,,,,,,
DOM_005972,2022,494,,,,,,,,
DOM_005972,2023,476,,,,,,,,
DOM_005973,2022,409,,,,,,,,
DOM_005973,2023,581,,,,,,,,
DOM_005974,2022,226,,,,,,,,
DOM_005974,2023,282,,,,,,,,
DOM_005975,2022,190,,,,,,,,
DOM_005975,2023,202,,,,,,,,
DOM_005976,2022,515,,,,,,,,
DOM_005976,2023,514,,,,,,,,
DOM_005977,2022,250,,,,,,,,
DOM_005977,2023,269,,,,,,,,
DOM_005978,2022,663,,,,,,,,
DOM_005978,2023,720,,,,,,,,
DOM_005979,2022,478,,,,,,,,
DOM_005979,2023,478,,,,,,,,
DOM_005980,2022,277,,,,,,,,
DOM_005980,2023,325,,,,,,,,
DOM_005981,2022,403,,,,,,,,
DOM_005981,2023,452,,,,,,,,
DOM_005982,2022,135,,,,,,,,
DOM_005982,2023,159,,,,,,,,
DOM_005983,2022,689,,,,,,,,
DOM_005983,2023,700,,,,,,,,
DOM_005984,2022,378,,,,,,,,
DOM_005984,2023,369,,,,,,,,
DOM_005985,2022,441,,,,,,,,
DOM_005985,2023,497,,,,,,,,
DOM_005986,2022,55,,,,,,,,
DOM_005986,2023,48,,,,,,,,
DOM_005987,2022,359,,,,,,,,
DOM_005987,2023,336,,,,,,,,
DOM_005988,2022,167,,,,,,,,
DOM_005988,2023,192,,,,,,,,
DOM_005989,2022,16,,,,,,,,
DOM_005989,2023,25,,,,,,,,
DOM_005990,2022,720,,,,,,,,
DOM_005990,2023,651,,,,,,,,
DOM_005991,2022,504,,,,,,,,
DOM_005991,2023,538,,,,,,,,
DOM_005992,2022,566,,,,,,,,
DOM_005992,2023,627,,,,,,,,
DOM_005993,2022,786,,,,,,,,
DOM_005993,2023,888,,,,,,,,
DOM_005994,2022,496,,,,,,,,
DOM_005994,2023,733,,,,,,,,
DOM_005995,2022,76,,,,,,,,
DOM_005995,2023,79,,,,,,,,
DOM_005996,2022,252,,,,,,,,
DOM_005996,2023,320,,,,,,,,
DOM_005997,2022,1190,,,,,,,,
DOM_005997,2023,1064,,,,,,,,
DOM_005998,2022,766,,,,,,,,
DOM_005998,2023,695,,,,,,,,
DOM_005999,2022,179,,,,,,,,
DOM_005999,2023,251,,,,,,,,
DOM_006000,2022,402,,,,,,,,
DOM_006000,2023,375,,,,,,,,
DOM_006001,2022,429,,,,,,,,
DOM_006001,2023,392,,,,,,,,
DOM_006002,2022,35,,,,,,,,
DOM_006003,2022,83,,,,,,,,
DOM_006003,2023,85,,,,,,,,
DOM_006004,2022,30,,,,,,,,
DOM_006004,2023,32,,,,,,,,
DOM_006005,2022,72,,,,,,,,
DOM_006005,2023,80,,,,,,,,
DOM_006006,2022,12,,,,,,,,
DOM_006006,2023,9,,,,,,,,
DOM_006007,2022,215,,,,,,,,
DOM_006007,2023,274,,,,,,,,
DOM_006008,2022,527,,,,,,,,
DOM_006008,2023,563,,,,,,,,
DOM_006009,2022,135,,,,,,,,
DOM_006009,2023,141,,,,,,,,
DOM_006010,2022,174,,,,,,,,
DOM_006010,2023,229,,,,,,,,
DOM_006011,2022,309,,,,,,,,
DOM_006011,2023,280,,,,,,,,
DOM_006012,2022,26,,,,,,,,
DOM_006012,2023,30,,,,,,,,
DOM_006013,2022,551,,,,,,,,
DOM_006013,2023,401,,,,,,,,
DOM_006014,2022,81,,,,,,,,
DOM_006014,2023,116,,,,,,,,
DOM_006015,2022,75,,,,,,,,
DOM_006015,2023,115,,,,,,,,
DOM_006016,2022,249,,,,,,,,
DOM_006016,2023,637,,,,,,,,
DOM_006017,2022,62,,,,,,,,
DOM_006017,2023,73,,,,,,,,
DOM_006018,2022,282,,,,,,,,
DOM_006018,2023,472,,,,,,,,
DOM_006019,2022,506,,,,,,,,
DOM_006019,2023,527,,,,,,,,
DOM_006020,2022,263,,,,,,,,
DOM_006020,2023,292,,,,,,,,
DOM_006021,2022,201,,,,,,,,
DOM_006021,2023,487,,,,,,,,
